player_id,player_name,course_id,avg_finish_at_course,best_finish_at_course,times_played_at_course,total_earnings_at_course,made_cut_rate_at_course,last_year_played_at_course,years_since_played,course_experience
1098,Jay Don Blake,7,,,0,0.0,0.0,2024,2,Rookie
1139,Olin Browne,10,,,0,0.0,0.0,2025,1,Rookie
1200,Keith Clearwater,10,,,0,0.0,0.0,2021,5,Rookie
1249,John Daly,4,,,0,0.0,0.0,2021,5,Rookie
1249,John Daly,6,,,0,0.0,0.0,2021,5,Rookie
1249,John Daly,34,,,0,0.0,0.0,2024,2,Rookie
1378,David Frost,10,,,0,0.0,0.0,2025,1,Rookie
1388,Robert Gamez,2,,,0,0.0,0.0,2021,5,Rookie
1547,Reed Hughes,43,,,0,0.0,0.0,2024,2,Rookie
1553,John Huston,0,,,0,0.0,0.0,2022,4,Rookie
1553,John Huston,37,,,0,0.0,0.0,2022,4,Rookie
1569,Peter Jacobsen,4,,,0,0.0,0.0,2022,4,Rookie
1599,Steve Jones,1,,,0,0.0,0.0,2021,5,Rookie
1604,Steve Jurgensen,28,,,0,0.0,0.0,2023,3,Rookie
1677,Tom Lehman,4,,,0,0.0,0.0,2022,4,Rookie
1706,Davis Love III,1,,,0,0.0,0.0,2022,4,Rookie
1706,Davis Love III,4,,,0,0.0,0.0,2022,4,Rookie
1706,Davis Love III,38,,,0,0.0,0.0,2023,3,Rookie
1706,Davis Love III,40,,,0,0.0,0.0,2022,4,Rookie
1706,Davis Love III,41,68.0,68.0,1,15048.0,0.25,2025,1,Rookie
1706,Davis Love III,48,,,0,0.0,0.0,2021,5,Rookie
1706,Davis Love III,56,,,0,0.0,0.0,2023,3,Rookie
1706,Davis Love III,57,,,0,0.0,0.0,2022,4,Rookie
1706,Davis Love III,62,,,0,0.0,0.0,2022,4,Rookie
1810,Phil Mickelson,1,,,0,0.0,0.0,2022,4,Rookie
1810,Phil Mickelson,4,,,0,0.0,0.0,2021,5,Rookie
1810,Phil Mickelson,8,66.0,66.0,1,19475.0,1.0,2021,5,Rookie
1810,Phil Mickelson,10,,,0,0.0,0.0,2021,5,Rookie
1810,Phil Mickelson,16,53.0,53.0,1,17496.43,0.5,2022,4,Rookie
1810,Phil Mickelson,18,36.0,36.0,1,32608.33,1.0,2022,4,Rookie
1810,Phil Mickelson,22,25.0,25.0,1,54950.0,1.0,2021,5,Rookie
1810,Phil Mickelson,31,,,0,0.0,0.0,2021,5,Rookie
1810,Phil Mickelson,34,29.5,1.0,2,2193250.0,0.5,2025,1,Familiar
1810,Phil Mickelson,35,35.0,35.0,1,73125.0,1.0,2021,5,Rookie
1810,Phil Mickelson,40,74.0,74.0,1,14700.0,1.0,2021,5,Rookie
1810,Phil Mickelson,42,44.0,44.0,1,22770.0,1.0,2021,5,Rookie
1810,Phil Mickelson,45,30.0,30.0,1,108000.0,1.0,2022,4,Rookie
1810,Phil Mickelson,51,61.0,61.0,1,16206.0,1.0,2021,5,Rookie
1810,Phil Mickelson,53,,,0,0.0,0.0,2025,1,Rookie
1810,Phil Mickelson,54,,,0,0.0,0.0,2021,5,Rookie
1810,Phil Mickelson,55,,,0,0.0,0.0,2021,5,Rookie
1810,Phil Mickelson,56,,,0,0.0,0.0,2021,5,Rookie
1810,Phil Mickelson,57,,,0,0.0,0.0,2021,5,Rookie
1810,Phil Mickelson,58,,,0,0.0,0.0,2021,5,Rookie
1810,Phil Mickelson,60,69.0,69.0,1,16767.0,1.0,2021,5,Rookie
1810,Phil Mickelson,64,76.0,76.0,1,13120.0,1.0,2021,5,Rookie
1928,Corey Pavin,10,,,0,0.0,0.0,2025,1,Rookie
1978,Fran Quinn,53,,,0,0.0,0.0,2022,4,Rookie
6132,Sonny Skinner,34,,,0,0.0,0.0,2021,5,Rookie
6515,Shaun Micheel,34,,,0,0.0,0.0,2025,1,Rookie
6522,Ernie Els,38,56.0,56.0,1,46200.0,1.0,2023,3,Rookie
6527,Steve Stricker,0,,,0,0.0,0.0,2021,5,Rookie
6527,Steve Stricker,1,,,0,0.0,0.0,2021,5,Rookie
6527,Steve Stricker,2,63.0,63.0,1,20181.0,1.0,2021,5,Rookie
6527,Steve Stricker,16,60.0,60.0,1,16575.0,1.0,2021,5,Rookie
6527,Steve Stricker,22,13.0,13.0,1,125416.67,1.0,2021,5,Rookie
6527,Steve Stricker,25,41.0,41.0,1,22630.0,1.0,2021,5,Rookie
6527,Steve Stricker,34,44.0,44.0,1,31300.0,1.0,2021,5,Rookie
6527,Steve Stricker,35,,,0,0.0,0.0,2024,2,Rookie
6527,Steve Stricker,54,,,0,0.0,0.0,2021,5,Rookie
6527,Steve Stricker,59,4.0,4.0,1,307208.33,1.0,2021,5,Rookie
6567,Vijay Singh,22,,,0,0.0,0.0,2021,5,Rookie
6567,Vijay Singh,48,,,0,0.0,0.0,2021,5,Rookie
6643,Paul Goydos,0,58.0,58.0,1,16800.0,1.0,2022,4,Rookie
6643,Paul Goydos,2,,,0,0.0,0.0,2021,5,Rookie
6731,Jeff Roth,40,,,0,0.0,0.0,2021,5,Rookie
8075,Jerry Kelly,35,54.0,54.0,1,58000.0,0.5,2023,3,Rookie
8075,Jerry Kelly,48,73.0,73.0,1,13134.0,0.3333333333333333,2023,3,Rookie
8075,Jerry Kelly,59,,,0,0.0,0.0,2021,5,Rookie
8385,Omar Uresti,6,,,0,0.0,0.0,2023,3,Rookie
8385,Omar Uresti,25,67.0,67.0,1,14910.0,1.0,2022,4,Rookie
8385,Omar Uresti,33,,,0,0.0,0.0,2021,5,Rookie
8385,Omar Uresti,34,,,0,0.0,0.0,2021,5,Rookie
8385,Omar Uresti,37,,,0,0.0,0.0,2023,3,Rookie
8385,Omar Uresti,57,,,0,0.0,0.0,2022,4,Rookie
8793,Tiger Woods,19,45.0,45.0,1,59560.0,0.5,2024,2,Rookie
8793,Tiger Woods,34,,,0,0.0,0.0,2024,2,Rookie
8793,Tiger Woods,53,,,0,0.0,0.0,2024,2,Rookie
8793,Tiger Woods,54,,,0,0.0,0.0,2021,5,Rookie
8793,Tiger Woods,64,72.0,72.0,1,13600.0,1.0,2021,5,Rookie
9011,David Duval,4,,,0,0.0,0.0,2021,5,Rookie
10201,Matt Gogel,4,,,0,0.0,0.0,2021,5,Rookie
10375,Sean McCarty,25,,,0,0.0,0.0,2022,4,Rookie
10375,Sean McCarty,34,,,0,0.0,0.0,2022,4,Rookie
10381,Curtis Thompson,0,,,0,0.0,0.0,2022,4,Rookie
10381,Curtis Thompson,1,,,0,0.0,0.0,2022,4,Rookie
10381,Curtis Thompson,3,,,0,0.0,0.0,2022,4,Rookie
10381,Curtis Thompson,4,49.0,49.0,1,21088.8,1.0,2022,4,Rookie
10381,Curtis Thompson,6,,,0,0.0,0.0,2022,4,Rookie
10381,Curtis Thompson,16,67.0,67.0,1,17556.0,1.0,2022,4,Rookie
10381,Curtis Thompson,18,,,0,0.0,0.0,2022,4,Rookie
10381,Curtis Thompson,22,55.0,55.0,1,18160.0,0.5,2023,3,Rookie
10381,Curtis Thompson,25,51.0,51.0,1,16880.25,1.0,2022,4,Rookie
10381,Curtis Thompson,28,,,0,0.0,0.0,2022,4,Rookie
10381,Curtis Thompson,37,,,0,0.0,0.0,2022,4,Rookie
10381,Curtis Thompson,40,21.0,21.0,1,81750.0,0.5,2022,4,Rookie
10381,Curtis Thompson,41,75.0,75.0,1,16296.0,0.5,2023,3,Rookie
10381,Curtis Thompson,43,,,0,0.0,0.0,2022,4,Rookie
10381,Curtis Thompson,46,,,0,0.0,0.0,2022,4,Rookie
10381,Curtis Thompson,48,,,0,0.0,0.0,2022,4,Rookie
10381,Curtis Thompson,51,,,0,0.0,0.0,2022,4,Rookie
10381,Curtis Thompson,56,,,0,0.0,0.0,2022,4,Rookie
10381,Curtis Thompson,57,39.0,39.0,1,29250.0,1.0,2022,4,Rookie
10381,Curtis Thompson,60,,,0,0.0,0.0,2022,4,Rookie
10381,Curtis Thompson,62,,,0,0.0,0.0,2022,4,Rookie
10423,Mike Weir,7,,,0,0.0,0.0,2024,2,Rookie
10423,Mike Weir,36,,,0,0.0,0.0,2024,2,Rookie
10423,Mike Weir,37,52.0,52.0,1,21438.0,0.25,2025,1,Rookie
10423,Mike Weir,48,47.0,47.0,1,16903.34,1.0,2021,5,Rookie
10505,Shane Bertsch,48,,,0,0.0,0.0,2021,5,Rookie
10809,Jim Furyk,4,21.0,21.0,1,81822.0,1.0,2021,5,Rookie
10809,Jim Furyk,19,26.0,26.0,1,67890.0,1.0,2021,5,Rookie
10809,Jim Furyk,22,,,0,0.0,0.0,2021,5,Rookie
10809,Jim Furyk,38,,,0,0.0,0.0,2023,3,Rookie
10809,Jim Furyk,42,46.0,46.0,1,18282.0,1.0,2021,5,Rookie
10809,Jim Furyk,48,44.5,42.0,2,44278.33,1.0,2022,4,Familiar
10809,Jim Furyk,53,,,0,0.0,0.0,2022,4,Rookie
10809,Jim Furyk,56,,,0,0.0,0.0,2021,5,Rookie
10860,Justin Leonard,3,,,0,0.0,0.0,2022,4,Rookie
12195,Tom Johnson,4,,,0,0.0,0.0,2023,3,Rookie
12195,Tom Johnson,18,30.0,30.0,1,42532.0,1.0,2023,3,Rookie
12195,Tom Johnson,34,,,0,0.0,0.0,2025,1,Rookie
12195,Tom Johnson,36,50.0,50.0,1,14562.86,0.5,2025,1,Rookie
12309,Bob Sowards,34,,,0,0.0,0.0,2025,1,Rookie
12510,Chad Campbell,42,,,0,0.0,0.0,2021,5,Rookie
12716,Charley Hoffman,0,59.0,59.0,1,18063.0,0.5,2024,2,Rookie
12716,Charley Hoffman,1,5.0,5.0,1,339900.0,0.3333333333333333,2025,1,Rookie
12716,Charley Hoffman,2,10.0,10.0,1,195300.0,0.5,2023,3,Rookie
12716,Charley Hoffman,3,,,0,0.0,0.0,2023,3,Rookie
12716,Charley Hoffman,4,27.5,7.0,2,251751.43,0.6666666666666666,2023,3,Familiar
12716,Charley Hoffman,8,38.0,38.0,1,38000.0,1.0,2021,5,Rookie
12716,Charley Hoffman,9,,,0,0.0,0.0,2023,3,Rookie
12716,Charley Hoffman,10,39.666666666666664,3.0,3,406220.08,0.75,2025,1,Experienced
12716,Charley Hoffman,12,68.0,68.0,1,17257.5,1.0,2022,4,Rookie
12716,Charley Hoffman,13,,,0,0.0,0.0,2025,1,Rookie
12716,Charley Hoffman,15,25.0,25.0,1,73271.43,1.0,2025,1,Rookie
12716,Charley Hoffman,16,40.5,25.0,2,94407.86,0.5,2025,1,Familiar
12716,Charley Hoffman,18,22.0,22.0,1,65333.33,0.3333333333333333,2023,3,Rookie
12716,Charley Hoffman,19,57.666666666666664,50.0,3,98512.6,1.0,2024,2,Experienced
12716,Charley Hoffman,20,57.0,57.0,1,25110.0,0.5,2024,2,Rookie
12716,Charley Hoffman,22,,,0,0.0,0.0,2023,3,Rookie
12716,Charley Hoffman,25,,,0,0.0,0.0,2022,4,Rookie
12716,Charley Hoffman,26,57.0,57.0,1,21111.0,1.0,2021,5,Rookie
12716,Charley Hoffman,27,,,0,0.0,0.0,2022,4,Rookie
12716,Charley Hoffman,28,55.0,55.0,1,17787.0,0.5,2024,2,Rookie
12716,Charley Hoffman,29,,,0,0.0,0.0,2025,1,Rookie
12716,Charley Hoffman,31,21.0,21.0,1,95791.67,1.0,2021,5,Rookie
12716,Charley Hoffman,34,17.0,17.0,1,168000.0,0.5,2024,2,Rookie
12716,Charley Hoffman,35,35.5,17.0,2,279500.0,0.5,2025,1,Familiar
12716,Charley Hoffman,36,26.0,26.0,1,43800.0,1.0,2024,2,Rookie
12716,Charley Hoffman,37,51.0,35.0,2,60604.0,0.6666666666666666,2025,1,Familiar
12716,Charley Hoffman,38,18.0,18.0,1,87583.57,0.5,2022,4,Rookie
12716,Charley Hoffman,40,37.0,10.0,2,222356.0,0.6666666666666666,2024,2,Familiar
12716,Charley Hoffman,41,18.0,13.0,2,206458.57,0.6666666666666666,2023,3,Familiar
12716,Charley Hoffman,42,56.0,56.0,1,15114.0,1.0,2021,5,Rookie
12716,Charley Hoffman,43,24.333333333333332,6.0,3,281710.0,0.75,2024,2,Experienced
12716,Charley Hoffman,46,44.0,44.0,1,23450.0,0.25,2024,2,Rookie
12716,Charley Hoffman,47,,,0,0.0,0.0,2021,5,Rookie
12716,Charley Hoffman,48,38.333333333333336,14.0,3,159076.6,1.0,2025,1,Experienced
12716,Charley Hoffman,49,64.0,64.0,1,20425.0,1.0,2025,1,Rookie
12716,Charley Hoffman,51,30.0,30.0,1,45325.0,0.3333333333333333,2023,3,Rookie
12716,Charley Hoffman,53,49.0,49.0,1,49224.0,1.0,2023,3,Rookie
12716,Charley Hoffman,56,31.0,2.0,3,941226.67,0.6,2025,1,Experienced
12716,Charley Hoffman,57,18.0,18.0,1,98325.0,0.2,2025,1,Rookie
12716,Charley Hoffman,58,29.0,29.0,1,47950.0,1.0,2021,5,Rookie
12716,Charley Hoffman,59,,,0,0.0,0.0,2021,5,Rookie
12716,Charley Hoffman,60,,,0,0.0,0.0,2022,4,Rookie
12716,Charley Hoffman,61,27.666666666666668,2.0,3,1311502.0,0.75,2025,1,Experienced
12716,Charley Hoffman,62,30.666666666666668,12.0,3,329176.0,1.0,2024,2,Experienced
12716,Charley Hoffman,63,65.0,65.0,1,15725.0,1.0,2024,2,Rookie
12782,Tim Herron,2,,,0,0.0,0.0,2021,5,Rookie
12794,Tim Weinhart,41,,,0,0.0,0.0,2023,3,Rookie
19795,Kelly Mitchum,33,,,0,0.0,0.0,2021,5,Rookie
19803,Ryan Armour,0,6.0,6.0,1,208230.0,0.3333333333333333,2023,3,Rookie
19803,Ryan Armour,1,40.5,16.0,2,119295.0,1.0,2023,3,Familiar
19803,Ryan Armour,3,38.0,26.0,2,78916.43,0.6666666666666666,2023,3,Familiar
19803,Ryan Armour,4,44.333333333333336,28.0,3,101659.0,1.0,2023,3,Experienced
19803,Ryan Armour,6,10.5,5.0,2,168282.5,1.0,2023,3,Familiar
19803,Ryan Armour,9,27.0,27.0,1,56332.5,1.0,2023,3,Rookie
19803,Ryan Armour,16,,,0,0.0,0.0,2023,3,Rookie
19803,Ryan Armour,18,51.0,51.0,1,16730.0,0.3333333333333333,2023,3,Rookie
19803,Ryan Armour,19,,,0,0.0,0.0,2021,5,Rookie
19803,Ryan Armour,22,60.5,58.0,2,33768.0,0.6666666666666666,2023,3,Familiar
19803,Ryan Armour,25,,,0,0.0,0.0,2023,3,Rookie
19803,Ryan Armour,28,,,0,0.0,0.0,2023,3,Rookie
19803,Ryan Armour,33,8.0,8.0,1,220825.0,1.0,2021,5,Rookie
19803,Ryan Armour,35,55.0,55.0,1,34950.0,0.5,2023,3,Rookie
19803,Ryan Armour,37,35.0,35.0,1,39730.0,0.5,2023,3,Rookie
19803,Ryan Armour,38,,,0,0.0,0.0,2021,5,Rookie
19803,Ryan Armour,40,,,0,0.0,0.0,2023,3,Rookie
19803,Ryan Armour,41,46.0,46.0,1,21748.5,0.25,2023,3,Rookie
19803,Ryan Armour,42,,,0,0.0,0.0,2021,5,Rookie
19803,Ryan Armour,43,29.5,13.0,2,159521.96000000002,0.3333333333333333,2025,1,Familiar
19803,Ryan Armour,46,,,0,0.0,0.0,2023,3,Rookie
19803,Ryan Armour,47,,,0,0.0,0.0,2021,5,Rookie
19803,Ryan Armour,48,26.0,20.0,2,113594.53,0.6666666666666666,2023,3,Familiar
19803,Ryan Armour,51,43.0,25.0,2,78041.0,1.0,2022,4,Familiar
19803,Ryan Armour,53,,,0,0.0,0.0,2023,3,Rookie
19803,Ryan Armour,56,,,0,0.0,0.0,2023,3,Rookie
19803,Ryan Armour,57,45.0,45.0,1,21519.0,0.5,2023,3,Rookie
19803,Ryan Armour,58,,,0,0.0,0.0,2021,5,Rookie
19803,Ryan Armour,59,,,0,0.0,0.0,2021,5,Rookie
19803,Ryan Armour,60,40.5,25.0,2,115350.0,0.6666666666666666,2023,3,Familiar
19803,Ryan Armour,62,,,0,0.0,0.0,2023,3,Rookie
19846,Brian Gay,0,,,0,0.0,0.0,2023,3,Rookie
19846,Brian Gay,1,,,0,0.0,0.0,2022,4,Rookie
19846,Brian Gay,2,,,0,0.0,0.0,2021,5,Rookie
19846,Brian Gay,4,34.0,34.0,1,40638.0,0.3333333333333333,2023,3,Rookie
19846,Brian Gay,10,,,0,0.0,0.0,2021,5,Rookie
19846,Brian Gay,18,,,0,0.0,0.0,2023,3,Rookie
19846,Brian Gay,19,60.0,60.0,1,20832.0,1.0,2021,5,Rookie
19846,Brian Gay,21,,,0,0.0,0.0,2022,4,Rookie
19846,Brian Gay,22,44.0,42.0,2,46670.0,0.6666666666666666,2023,3,Familiar
19846,Brian Gay,25,64.0,64.0,1,13268.0,0.5,2022,4,Rookie
19846,Brian Gay,26,,,0,0.0,0.0,2021,5,Rookie
19846,Brian Gay,31,,,0,0.0,0.0,2021,5,Rookie
19846,Brian Gay,33,,,0,0.0,0.0,2021,5,Rookie
19846,Brian Gay,34,81.0,81.0,1,18500.0,1.0,2021,5,Rookie
19846,Brian Gay,35,,,0,0.0,0.0,2022,4,Rookie
19846,Brian Gay,37,52.0,52.0,1,21438.0,1.0,2023,3,Rookie
19846,Brian Gay,38,51.0,51.0,1,19653.33,0.3333333333333333,2023,3,Rookie
19846,Brian Gay,40,,,0,0.0,0.0,2022,4,Rookie
19846,Brian Gay,41,39.0,38.0,2,62700.0,0.6666666666666666,2023,3,Familiar
19846,Brian Gay,42,,,0,0.0,0.0,2021,5,Rookie
19846,Brian Gay,43,,,0,0.0,0.0,2023,3,Rookie
19846,Brian Gay,45,29.0,29.0,1,55000.0,1.0,2021,5,Rookie
19846,Brian Gay,46,,,0,0.0,0.0,2022,4,Rookie
19846,Brian Gay,47,,,0,0.0,0.0,2021,5,Rookie
19846,Brian Gay,48,72.0,72.0,1,13266.0,0.5,2022,4,Rookie
19846,Brian Gay,51,,,0,0.0,0.0,2023,3,Rookie
19846,Brian Gay,56,,,0,0.0,0.0,2021,5,Rookie
19846,Brian Gay,57,,,0,0.0,0.0,2022,4,Rookie
19846,Brian Gay,59,,,0,0.0,0.0,2021,5,Rookie
19846,Brian Gay,61,,,0,0.0,0.0,2023,3,Rookie
19846,Brian Gay,62,51.0,51.0,1,15584.0,0.3333333333333333,2023,3,Rookie
20094,Jonathan Kaye,37,,,0,0.0,0.0,2022,4,Rookie
20104,Ken Duke,6,,,0,0.0,0.0,2021,5,Rookie
20229,Stewart Cink,0,35.666666666666664,24.0,3,126151.70999999999,0.75,2024,2,Experienced
20229,Stewart Cink,1,41.0,41.0,1,26924.44,1.0,2023,3,Rookie
20229,Stewart Cink,2,,,0,0.0,0.0,2023,3,Rookie
20229,Stewart Cink,3,34.0,34.0,1,45441.67,1.0,2023,3,Rookie
20229,Stewart Cink,4,,,0,0.0,0.0,2022,4,Rookie
20229,Stewart Cink,8,38.0,38.0,1,38000.0,1.0,2021,5,Rookie
20229,Stewart Cink,9,57.0,57.0,1,19236.0,1.0,2023,3,Rookie
20229,Stewart Cink,10,,,0,0.0,0.0,2022,4,Rookie
20229,Stewart Cink,12,49.0,49.0,1,21723.0,1.0,2022,4,Rookie
20229,Stewart Cink,13,,,0,0.0,0.0,2024,2,Rookie
20229,Stewart Cink,16,,,0,0.0,0.0,2024,2,Rookie
20229,Stewart Cink,17,,,0,0.0,0.0,2022,4,Rookie
20229,Stewart Cink,18,,,0,0.0,0.0,2023,3,Rookie
20229,Stewart Cink,19,,,0,0.0,0.0,2023,3,Rookie
20229,Stewart Cink,20,62.0,62.0,1,22680.0,1.0,2024,2,Rookie
20229,Stewart Cink,21,,,0,0.0,0.0,2022,4,Rookie
20229,Stewart Cink,22,19.0,19.0,1,82950.0,0.5,2022,4,Rookie
20229,Stewart Cink,25,52.0,52.0,1,18924.44,1.0,2024,2,Rookie
20229,Stewart Cink,26,47.0,47.0,1,26009.0,1.0,2021,5,Rookie
20229,Stewart Cink,27,60.0,60.0,1,44800.0,0.5,2023,3,Rookie
20229,Stewart Cink,31,21.0,21.0,1,95791.67,1.0,2021,5,Rookie
20229,Stewart Cink,34,26.5,23.0,2,189517.86,1.0,2022,4,Familiar
20229,Stewart Cink,35,,,0,0.0,0.0,2023,3,Rookie
20229,Stewart Cink,36,,,0,0.0,0.0,2024,2,Rookie
20229,Stewart Cink,37,27.0,27.0,1,65800.0,1.0,2024,2,Rookie
20229,Stewart Cink,38,34.5,1.0,2,1294720.0,0.6666666666666666,2023,3,Familiar
20229,Stewart Cink,40,57.0,57.0,1,18648.0,0.5,2024,2,Rookie
20229,Stewart Cink,41,30.5,17.0,2,128928.66,0.4,2024,2,Familiar
20229,Stewart Cink,42,1.0,1.0,1,1188000.0,1.0,2021,5,Rookie
20229,Stewart Cink,43,28.5,12.0,2,152805.22,1.0,2023,3,Familiar
20229,Stewart Cink,45,26.0,21.0,2,168000.0,1.0,2022,4,Familiar
20229,Stewart Cink,46,44.0,44.0,1,23000.0,0.3333333333333333,2023,3,Rookie
20229,Stewart Cink,47,64.0,64.0,1,15120.0,1.0,2021,5,Rookie
20229,Stewart Cink,48,25.0,19.0,4,258580.0,1.0,2024,2,Experienced
20229,Stewart Cink,49,,,0,0.0,0.0,2024,2,Rookie
20229,Stewart Cink,50,26.0,26.0,1,0.0,1.0,2021,5,Rookie
20229,Stewart Cink,51,41.5,30.0,2,65328.0,0.6666666666666666,2023,3,Familiar
20229,Stewart Cink,53,,,0,0.0,0.0,2023,3,Rookie
20229,Stewart Cink,56,39.0,39.0,1,37260.0,0.5,2024,2,Rookie
20229,Stewart Cink,57,20.0,7.0,2,268340.0,0.6666666666666666,2024,2,Familiar
20229,Stewart Cink,58,,,0,0.0,0.0,2021,5,Rookie
20229,Stewart Cink,59,58.0,58.0,1,16425.0,1.0,2021,5,Rookie
20229,Stewart Cink,60,37.666666666666664,9.0,3,296495.0,1.0,2023,3,Experienced
20229,Stewart Cink,61,54.0,43.0,2,69704.67,0.6666666666666666,2024,2,Familiar
20229,Stewart Cink,62,27.0,27.0,1,47936.67,0.3333333333333333,2024,2,Rookie
20376,Stephen Gallacher,24,,,0,0.0,0.0,2024,2,Rookie
20396,Lee Westwood,2,35.0,2.0,2,1038420.0,1.0,2022,4,Familiar
20396,Lee Westwood,3,21.0,21.0,1,84969.0,0.5,2022,4,Rookie
20396,Lee Westwood,8,34.0,34.0,1,50112.5,1.0,2021,5,Rookie
20396,Lee Westwood,10,,,0,0.0,0.0,2021,5,Rookie
20396,Lee Westwood,21,,,0,0.0,0.0,2022,4,Rookie
20396,Lee Westwood,22,42.0,42.0,1,27600.0,0.5,2022,4,Rookie
20396,Lee Westwood,31,27.0,27.0,1,69350.0,1.0,2021,5,Rookie
20396,Lee Westwood,34,71.0,71.0,1,19350.0,0.5,2022,4,Rookie
20396,Lee Westwood,35,2.0,2.0,1,1635000.0,0.5,2022,4,Rookie
20396,Lee Westwood,38,63.0,63.0,1,15549.0,1.0,2021,5,Rookie
20396,Lee Westwood,41,,,0,0.0,0.0,2021,5,Rookie
20396,Lee Westwood,54,13.0,13.0,1,210757.0,1.0,2021,5,Rookie
20396,Lee Westwood,56,,,0,0.0,0.0,2022,4,Rookie
20396,Lee Westwood,58,,,0,0.0,0.0,2021,5,Rookie
20433,Mark Hensby,25,,,0,0.0,0.0,2022,4,Rookie
20433,Mark Hensby,28,,,0,0.0,0.0,2022,4,Rookie
20433,Mark Hensby,33,,,0,0.0,0.0,2021,5,Rookie
20433,Mark Hensby,37,,,0,0.0,0.0,2022,4,Rookie
20433,Mark Hensby,57,,,0,0.0,0.0,2022,4,Rookie
20472,Alex Cejka,4,,,0,0.0,0.0,2022,4,Rookie
20472,Alex Cejka,34,,,0,0.0,0.0,2022,4,Rookie
20472,Alex Cejka,42,,,0,0.0,0.0,2021,5,Rookie
20572,Rod Pampling,4,,,0,0.0,0.0,2021,5,Rookie
20593,Greg Chalmers,0,70.0,70.0,1,15300.0,0.5,2022,4,Rookie
20593,Greg Chalmers,3,70.0,70.0,1,19190.0,0.5,2023,3,Rookie
20593,Greg Chalmers,4,70.0,70.0,1,18180.0,0.3333333333333333,2023,3,Rookie
20593,Greg Chalmers,6,48.0,31.0,3,38992.67,1.0,2023,3,Experienced
20593,Greg Chalmers,18,,,0,0.0,0.0,2023,3,Rookie
20593,Greg Chalmers,22,,,0,0.0,0.0,2023,3,Rookie
20593,Greg Chalmers,25,68.0,68.0,1,12958.0,0.3333333333333333,2023,3,Rookie
20593,Greg Chalmers,28,,,0,0.0,0.0,2023,3,Rookie
20593,Greg Chalmers,33,,,0,0.0,0.0,2021,5,Rookie
20593,Greg Chalmers,37,,,0,0.0,0.0,2022,4,Rookie
20593,Greg Chalmers,41,,,0,0.0,0.0,2023,3,Rookie
20593,Greg Chalmers,43,,,0,0.0,0.0,2023,3,Rookie
20593,Greg Chalmers,58,50.0,50.0,1,16887.5,1.0,2021,5,Rookie
20645,John Senden,0,,,0,0.0,0.0,2021,5,Rookie
20645,John Senden,1,,,0,0.0,0.0,2021,5,Rookie
20645,John Senden,3,,,0,0.0,0.0,2021,5,Rookie
20645,John Senden,4,39.0,39.0,1,30030.0,0.5,2022,4,Rookie
20645,John Senden,6,,,0,0.0,0.0,2021,5,Rookie
20645,John Senden,16,,,0,0.0,0.0,2021,5,Rookie
20645,John Senden,25,62.0,62.0,1,13640.0,0.5,2022,4,Rookie
20645,John Senden,42,,,0,0.0,0.0,2021,5,Rookie
20645,John Senden,62,,,0,0.0,0.0,2021,5,Rookie
20766,Padraig Harrington,2,42.0,31.0,3,140028.0,1.0,2023,3,Experienced
20766,Padraig Harrington,3,,,0,0.0,0.0,2021,5,Rookie
20766,Padraig Harrington,15,,,0,0.0,0.0,2024,2,Rookie
20766,Padraig Harrington,19,,,0,0.0,0.0,2021,5,Rookie
20766,Padraig Harrington,20,56.5,42.0,2,55065.0,0.6666666666666666,2025,1,Familiar
20766,Padraig Harrington,22,60.0,60.0,1,18732.0,0.3333333333333333,2023,3,Rookie
20766,Padraig Harrington,26,,,0,0.0,0.0,2021,5,Rookie
20766,Padraig Harrington,28,52.0,52.0,1,19467.0,1.0,2024,2,Rookie
20766,Padraig Harrington,29,,,0,0.0,0.0,2025,1,Rookie
20766,Padraig Harrington,33,,,0,0.0,0.0,2021,5,Rookie
20766,Padraig Harrington,34,27.0,4.0,2,499875.0,0.4,2025,1,Familiar
20766,Padraig Harrington,41,,,0,0.0,0.0,2023,3,Rookie
20766,Padraig Harrington,49,,,0,0.0,0.0,2025,1,Rookie
20766,Padraig Harrington,53,27.0,27.0,1,143295.0,1.0,2023,3,Rookie
20766,Padraig Harrington,56,39.5,10.0,2,222556.0,0.5,2025,1,Familiar
20766,Padraig Harrington,58,32.0,32.0,1,39083.34,1.0,2021,5,Rookie
20766,Padraig Harrington,59,,,0,0.0,0.0,2021,5,Rookie
20766,Padraig Harrington,62,,,0,0.0,0.0,2021,5,Rookie
20771,Steven Alker,34,,,0,0.0,0.0,2023,3,Rookie
20850,Daniel Chopra,0,,,0,0.0,0.0,2022,4,Rookie
20850,Daniel Chopra,6,,,0,0.0,0.0,2023,3,Rookie
20850,Daniel Chopra,57,,,0,0.0,0.0,2021,5,Rookie
21209,Sergio Garcia,0,25.0,25.0,1,54230.0,1.0,2021,5,Rookie
21209,Sergio Garcia,2,38.0,38.0,1,53400.0,1.0,2022,4,Rookie
21209,Sergio Garcia,3,,,0,0.0,0.0,2021,5,Rookie
21209,Sergio Garcia,8,6.0,6.0,1,330125.0,1.0,2021,5,Rookie
21209,Sergio Garcia,10,20.0,20.0,1,68437.5,1.0,2021,5,Rookie
21209,Sergio Garcia,11,21.0,21.0,1,91956.43,1.0,2021,5,Rookie
21209,Sergio Garcia,12,25.0,25.0,1,70506.43,1.0,2022,4,Rookie
21209,Sergio Garcia,19,39.0,39.0,1,45000.0,0.5,2022,4,Rookie
21209,Sergio Garcia,31,,,0,0.0,0.0,2021,5,Rookie
21209,Sergio Garcia,34,67.0,67.0,1,24926.67,0.3333333333333333,2025,1,Rookie
21209,Sergio Garcia,35,17.5,9.0,2,482375.0,1.0,2022,4,Familiar
21209,Sergio Garcia,38,,,0,0.0,0.0,2021,5,Rookie
21209,Sergio Garcia,42,,,0,0.0,0.0,2021,5,Rookie
21209,Sergio Garcia,43,1.0,1.0,1,1188000.0,0.5,2022,4,Rookie
21209,Sergio Garcia,45,11.0,11.0,1,155500.0,1.0,2021,5,Rookie
21209,Sergio Garcia,47,43.0,43.0,1,21665.0,1.0,2021,5,Rookie
21209,Sergio Garcia,48,47.0,47.0,1,16903.34,1.0,2021,5,Rookie
21209,Sergio Garcia,50,14.0,14.0,1,0.0,1.0,2021,5,Rookie
21209,Sergio Garcia,53,19.5,12.0,2,552574.0,0.6666666666666666,2024,2,Familiar
21209,Sergio Garcia,54,,,0,0.0,0.0,2021,5,Rookie
21209,Sergio Garcia,58,,,0,0.0,0.0,2021,5,Rookie
21209,Sergio Garcia,60,21.0,21.0,1,98100.0,1.0,2022,4,Rookie
21350,Ryuji Imada,4,,,0,0.0,0.0,2022,4,Rookie
21350,Ryuji Imada,6,,,0,0.0,0.0,2023,3,Rookie
21350,Ryuji Imada,25,,,0,0.0,0.0,2022,4,Rookie
21407,Arjun Atwal,0,,,0,0.0,0.0,2022,4,Rookie
21407,Arjun Atwal,4,,,0,0.0,0.0,2023,3,Rookie
21407,Arjun Atwal,6,63.0,63.0,1,7955.0,0.5,2022,4,Rookie
21407,Arjun Atwal,16,,,0,0.0,0.0,2023,3,Rookie
21407,Arjun Atwal,18,,,0,0.0,0.0,2023,3,Rookie
21407,Arjun Atwal,22,,,0,0.0,0.0,2023,3,Rookie
21407,Arjun Atwal,25,,,0,0.0,0.0,2023,3,Rookie
21407,Arjun Atwal,28,,,0,0.0,0.0,2023,3,Rookie
21407,Arjun Atwal,33,,,0,0.0,0.0,2021,5,Rookie
21528,Henrik Stenson,2,,,0,0.0,0.0,2022,4,Rookie
21528,Henrik Stenson,3,,,0,0.0,0.0,2022,4,Rookie
21528,Henrik Stenson,10,,,0,0.0,0.0,2021,5,Rookie
21528,Henrik Stenson,21,,,0,0.0,0.0,2022,4,Rookie
21528,Henrik Stenson,22,,,0,0.0,0.0,2022,4,Rookie
21528,Henrik Stenson,34,64.0,64.0,1,20200.0,0.5,2022,4,Rookie
21528,Henrik Stenson,35,,,0,0.0,0.0,2022,4,Rookie
21528,Henrik Stenson,38,54.0,54.0,1,18880.0,1.0,2022,4,Rookie
21528,Henrik Stenson,41,23.0,23.0,1,55958.57,1.0,2021,5,Rookie
21528,Henrik Stenson,43,,,0,0.0,0.0,2021,5,Rookie
21528,Henrik Stenson,54,,,0,0.0,0.0,2021,5,Rookie
21528,Henrik Stenson,56,18.0,18.0,1,92606.37,0.5,2022,4,Rookie
21528,Henrik Stenson,57,60.0,57.0,2,32610.0,1.0,2022,4,Familiar
21528,Henrik Stenson,58,,,0,0.0,0.0,2021,5,Rookie
21753,Brian Davis,0,,,0,0.0,0.0,2022,4,Rookie
21753,Brian Davis,6,,,0,0.0,0.0,2023,3,Rookie
21753,Brian Davis,25,,,0,0.0,0.0,2022,4,Rookie
21753,Brian Davis,28,,,0,0.0,0.0,2023,3,Rookie
21753,Brian Davis,30,,,0,0.0,0.0,2024,2,Rookie
21753,Brian Davis,37,,,0,0.0,0.0,2022,4,Rookie
21805,Harrison Frazar,25,,,0,0.0,0.0,2021,5,Rookie
21805,Harrison Frazar,33,,,0,0.0,0.0,2021,5,Rookie
21805,Harrison Frazar,40,,,0,0.0,0.0,2021,5,Rookie
21878,Mark Wilson,1,,,0,0.0,0.0,2022,4,Rookie
21878,Mark Wilson,25,,,0,0.0,0.0,2021,5,Rookie
21959,Ted Purdy,0,,,0,0.0,0.0,2022,4,Rookie
21959,Ted Purdy,33,,,0,0.0,0.0,2021,5,Rookie
21959,Ted Purdy,37,,,0,0.0,0.0,2022,4,Rookie
21961,Charles Howell III,0,39.0,39.0,1,24116.4,1.0,2021,5,Rookie
21961,Charles Howell III,1,25.0,25.0,1,55955.0,0.5,2022,4,Rookie
21961,Charles Howell III,2,34.0,32.0,2,109381.43,1.0,2022,4,Familiar
21961,Charles Howell III,3,55.0,55.0,1,18630.0,0.5,2022,4,Rookie
21961,Charles Howell III,16,,,0,0.0,0.0,2021,5,Rookie
21961,Charles Howell III,18,,,0,0.0,0.0,2022,4,Rookie
21961,Charles Howell III,19,,,0,0.0,0.0,2021,5,Rookie
21961,Charles Howell III,22,,,0,0.0,0.0,2022,4,Rookie
21961,Charles Howell III,25,18.0,13.0,2,194531.67,1.0,2022,4,Familiar
21961,Charles Howell III,26,,,0,0.0,0.0,2021,5,Rookie
21961,Charles Howell III,27,18.0,18.0,1,142800.0,1.0,2022,4,Rookie
21961,Charles Howell III,28,33.0,33.0,1,36540.55,1.0,2022,4,Rookie
21961,Charles Howell III,35,9.0,9.0,1,339375.0,1.0,2021,5,Rookie
21961,Charles Howell III,38,18.0,18.0,1,87583.58,0.5,2022,4,Rookie
21961,Charles Howell III,40,,,0,0.0,0.0,2021,5,Rookie
21961,Charles Howell III,41,23.0,16.0,2,145752.85,1.0,2022,4,Familiar
21961,Charles Howell III,46,47.0,47.0,1,17927.77,1.0,2022,4,Rookie
21961,Charles Howell III,47,34.0,34.0,1,33483.33,1.0,2021,5,Rookie
21961,Charles Howell III,48,27.5,19.0,2,113910.0,1.0,2022,4,Familiar
21961,Charles Howell III,51,35.0,35.0,1,43243.0,1.0,2022,4,Rookie
21961,Charles Howell III,54,30.0,30.0,1,83422.0,1.0,2021,5,Rookie
21961,Charles Howell III,56,4.0,4.0,1,344000.0,0.5,2022,4,Rookie
21961,Charles Howell III,57,39.0,39.0,1,25875.0,1.0,2021,5,Rookie
21961,Charles Howell III,61,,,0,0.0,0.0,2022,4,Rookie
22046,Geoff Ogilvy,3,,,0,0.0,0.0,2023,3,Rookie
22046,Geoff Ogilvy,4,74.0,74.0,1,17730.0,1.0,2023,3,Rookie
22046,Geoff Ogilvy,6,,,0,0.0,0.0,2023,3,Rookie
22046,Geoff Ogilvy,18,,,0,0.0,0.0,2023,3,Rookie
22046,Geoff Ogilvy,22,80.0,80.0,1,15540.0,1.0,2023,3,Rookie
22046,Geoff Ogilvy,25,42.0,42.0,1,24905.11,1.0,2023,3,Rookie
22046,Geoff Ogilvy,28,39.0,39.0,1,30415.0,1.0,2023,3,Rookie
22046,Geoff Ogilvy,37,,,0,0.0,0.0,2023,3,Rookie
22046,Geoff Ogilvy,40,,,0,0.0,0.0,2022,4,Rookie
22056,Cameron Percy,0,30.0,26.0,2,90261.0,0.6666666666666666,2023,3,Familiar
22056,Cameron Percy,1,,,0,0.0,0.0,2021,5,Rookie
22056,Cameron Percy,2,,,0,0.0,0.0,2021,5,Rookie
22056,Cameron Percy,3,70.0,70.0,1,16605.0,0.3333333333333333,2023,3,Rookie
22056,Cameron Percy,4,21.0,21.0,1,81822.0,0.3333333333333333,2023,3,Rookie
22056,Cameron Percy,6,33.0,16.0,3,78275.0,1.0,2023,3,Experienced
22056,Cameron Percy,10,,,0,0.0,0.0,2021,5,Rookie
22056,Cameron Percy,16,48.0,48.0,1,19455.0,0.5,2023,3,Rookie
22056,Cameron Percy,18,44.5,25.0,2,70392.72,0.6666666666666666,2023,3,Familiar
22056,Cameron Percy,22,12.0,12.0,1,186900.0,0.5,2023,3,Rookie
22056,Cameron Percy,25,11.0,11.0,1,124664.29,0.3333333333333333,2023,3,Rookie
22056,Cameron Percy,28,60.0,60.0,1,16940.0,1.0,2023,3,Rookie
22056,Cameron Percy,33,,,0,0.0,0.0,2021,5,Rookie
22056,Cameron Percy,35,29.0,29.0,1,96125.0,1.0,2021,5,Rookie
22056,Cameron Percy,37,55.5,52.0,2,41100.0,1.0,2023,3,Familiar
22056,Cameron Percy,40,41.0,41.0,1,24115.91,0.3333333333333333,2023,3,Rookie
22056,Cameron Percy,41,77.0,77.0,1,16044.0,0.3333333333333333,2023,3,Rookie
22056,Cameron Percy,42,23.0,23.0,1,57420.0,1.0,2021,5,Rookie
22056,Cameron Percy,43,51.0,43.0,2,40163.0,1.0,2023,3,Familiar
22056,Cameron Percy,48,,,0,0.0,0.0,2022,4,Rookie
22056,Cameron Percy,51,54.0,54.0,1,17094.0,1.0,2021,5,Rookie
22056,Cameron Percy,56,,,0,0.0,0.0,2021,5,Rookie
22056,Cameron Percy,57,16.0,16.0,1,131625.0,0.3333333333333333,2023,3,Rookie
22056,Cameron Percy,60,,,0,0.0,0.0,2022,4,Rookie
22056,Cameron Percy,62,22.5,8.0,2,225485.0,0.6666666666666666,2023,3,Familiar
22371,Aaron Baddeley,0,40.0,7.0,4,298690.0,0.8,2025,1,Experienced
22371,Aaron Baddeley,1,50.0,50.0,1,19880.0,0.3333333333333333,2025,1,Rookie
22371,Aaron Baddeley,2,34.0,34.0,1,109000.0,1.0,2023,3,Rookie
22371,Aaron Baddeley,3,23.0,23.0,1,80546.42,0.5,2023,3,Rookie
22371,Aaron Baddeley,4,37.0,37.0,1,41850.0,0.3333333333333333,2023,3,Rookie
22371,Aaron Baddeley,6,41.0,41.0,1,13505.0,0.5,2022,4,Rookie
22371,Aaron Baddeley,7,,,0,0.0,0.0,2024,2,Rookie
22371,Aaron Baddeley,10,21.0,21.0,1,82323.75,1.0,2023,3,Rookie
22371,Aaron Baddeley,13,41.0,41.0,1,33725.0,0.5,2025,1,Rookie
22371,Aaron Baddeley,15,,,0,0.0,0.0,2024,2,Rookie
22371,Aaron Baddeley,16,34.5,32.0,2,92130.0,0.5,2025,1,Familiar
22371,Aaron Baddeley,18,36.0,36.0,2,69065.48000000001,0.6666666666666666,2023,3,Familiar
22371,Aaron Baddeley,20,,,0,0.0,0.0,2023,3,Rookie
22371,Aaron Baddeley,22,,,0,0.0,0.0,2023,3,Rookie
22371,Aaron Baddeley,24,59.0,59.0,1,9040.0,0.5,2025,1,Rookie
22371,Aaron Baddeley,25,41.0,31.0,2,64240.25,0.6666666666666666,2023,3,Familiar
22371,Aaron Baddeley,28,31.5,24.0,2,92110.0,0.6666666666666666,2024,2,Familiar
22371,Aaron Baddeley,29,34.0,34.0,1,35159.09,1.0,2025,1,Rookie
22371,Aaron Baddeley,30,,,0,0.0,0.0,2024,2,Rookie
22371,Aaron Baddeley,32,,,0,0.0,0.0,2025,1,Rookie
22371,Aaron Baddeley,33,44.0,44.0,1,22435.34,1.0,2021,5,Rookie
22371,Aaron Baddeley,35,72.0,72.0,1,50250.0,0.5,2024,2,Rookie
22371,Aaron Baddeley,36,50.0,50.0,1,14562.86,1.0,2024,2,Rookie
22371,Aaron Baddeley,37,,,0,0.0,0.0,2025,1,Rookie
22371,Aaron Baddeley,39,,,0,0.0,0.0,2025,1,Rookie
22371,Aaron Baddeley,40,56.5,41.0,2,42883.91,0.5,2024,2,Familiar
22371,Aaron Baddeley,41,53.333333333333336,39.0,3,65961.0,0.75,2024,2,Experienced
22371,Aaron Baddeley,42,,,0,0.0,0.0,2021,5,Rookie
22371,Aaron Baddeley,43,,,0,0.0,0.0,2024,2,Rookie
22371,Aaron Baddeley,46,,,0,0.0,0.0,2024,2,Rookie
22371,Aaron Baddeley,48,41.333333333333336,7.0,3,272746.0,1.0,2025,1,Experienced
22371,Aaron Baddeley,49,82.0,82.0,1,16471.0,0.5,2025,1,Rookie
22371,Aaron Baddeley,56,28.5,18.0,2,129866.36,0.6666666666666666,2025,1,Familiar
22371,Aaron Baddeley,57,47.5,17.0,2,120637.0,0.6666666666666666,2025,1,Familiar
22371,Aaron Baddeley,60,,,0,0.0,0.0,2022,4,Rookie
22371,Aaron Baddeley,61,28.0,28.0,1,53000.0,1.0,2024,2,Rookie
22371,Aaron Baddeley,62,72.0,72.0,1,16564.0,0.2,2025,1,Rookie
22405,Justin Rose,1,29.5,26.0,2,98082.86,1.0,2023,3,Familiar
22405,Justin Rose,2,8.0,8.0,1,600666.67,0.2,2025,1,Rookie
22405,Justin Rose,4,19.25,1.0,4,3254227.0,1.0,2025,1,Experienced
22405,Justin Rose,8,26.0,22.0,2,375000.0,1.0,2025,1,Familiar
22405,Justin Rose,9,9.0,9.0,1,196500.0,1.0,2023,3,Rookie
22405,Justin Rose,10,21.333333333333332,12.0,3,298748.5,0.75,2024,2,Experienced
22405,Justin Rose,11,52.0,52.0,1,20168.57,1.0,2021,5,Rookie
22405,Justin Rose,12,57.0,57.0,1,19597.5,1.0,2022,4,Rookie
22405,Justin Rose,15,64.0,64.0,1,19440.0,1.0,2024,2,Rookie
22405,Justin Rose,16,26.666666666666668,6.0,3,413685.0,0.75,2025,1,Experienced
22405,Justin Rose,17,14.333333333333334,1.0,3,4008500.0,0.75,2025,1,Experienced
22405,Justin Rose,19,,,0,0.0,0.0,2025,1,Rookie
22405,Justin Rose,20,6.0,6.0,1,322200.0,0.3333333333333333,2025,1,Rookie
22405,Justin Rose,27,44.0,44.0,1,62400.0,0.5,2025,1,Rookie
22405,Justin Rose,34,9.0,6.0,4,1621190.0,0.8,2025,1,Experienced
22405,Justin Rose,35,6.0,6.0,1,736607.14,0.25,2025,1,Rookie
22405,Justin Rose,37,6.0,4.0,2,672750.0,0.6666666666666666,2025,1,Familiar
22405,Justin Rose,38,37.0,25.0,3,287302.86,1.0,2025,1,Experienced
22405,Justin Rose,41,20.5,12.0,2,199507.5,0.6666666666666666,2023,3,Familiar
22405,Justin Rose,44,40.0,40.0,1,86000.0,1.0,2024,2,Rookie
22405,Justin Rose,48,57.0,57.0,1,18592.0,1.0,2024,2,Rookie
22405,Justin Rose,50,21.0,21.0,1,422500.0,1.0,2025,1,Rookie
22405,Justin Rose,51,52.0,36.0,2,69993.64,1.0,2024,2,Familiar
22405,Justin Rose,52,,,0,0.0,0.0,2025,1,Rookie
22405,Justin Rose,53,37.0,37.0,1,75916.0,0.25,2025,1,Rookie
22405,Justin Rose,54,,,0,0.0,0.0,2021,5,Rookie
22405,Justin Rose,55,,,0,0.0,0.0,2021,5,Rookie
22405,Justin Rose,56,47.0,47.0,1,26809.0,1.0,2025,1,Rookie
22405,Justin Rose,57,36.0,36.0,1,35280.0,0.5,2023,3,Rookie
22405,Justin Rose,60,52.0,52.0,1,47000.0,1.0,2024,2,Rookie
22405,Justin Rose,62,32.0,10.0,2,165663.0,0.6666666666666666,2024,2,Familiar
22405,Justin Rose,64,17.0,17.0,1,95857.78,1.0,2021,5,Rookie
22764,Michael Block,1,,,0,0.0,0.0,2023,3,Rookie
22764,Michael Block,10,,,0,0.0,0.0,2025,1,Rookie
22764,Michael Block,16,,,0,0.0,0.0,2024,2,Rookie
22764,Michael Block,34,15.0,15.0,1,288333.33,0.25,2025,1,Rookie
22764,Michael Block,37,,,0,0.0,0.0,2023,3,Rookie
22892,Jason Gore,0,,,0,0.0,0.0,2022,4,Rookie
22913,John Rollins,6,,,0,0.0,0.0,2021,5,Rookie
22913,John Rollins,33,,,0,0.0,0.0,2021,5,Rookie
22913,John Rollins,37,,,0,0.0,0.0,2022,4,Rookie
22986,Søren Kjeldsen,6,74.0,74.0,1,7215.0,0.5,2023,3,Rookie
23048,Eric Axley,6,,,0,0.0,0.0,2021,5,Rookie
23063,Scott Hend,54,,,0,0.0,0.0,2021,5,Rookie
23091,Alan Morin,22,,,0,0.0,0.0,2022,4,Rookie
23108,Matt Kuchar,0,23.0,3.0,2,502626.0,0.6666666666666666,2024,2,Familiar
23108,Matt Kuchar,1,43.0,43.0,1,27236.0,1.0,2025,1,Rookie
23108,Matt Kuchar,3,24.0,12.0,3,342965.0,1.0,2023,3,Experienced
23108,Matt Kuchar,4,39.0,39.0,1,70125.0,0.3333333333333333,2024,2,Rookie
23108,Matt Kuchar,8,35.0,35.0,1,67750.0,1.0,2022,4,Rookie
23108,Matt Kuchar,10,40.0,17.0,3,161421.66999999998,1.0,2025,1,Experienced
23108,Matt Kuchar,11,52.0,52.0,1,20168.57,1.0,2021,5,Rookie
23108,Matt Kuchar,13,56.0,56.0,1,22770.0,0.5,2025,1,Rookie
23108,Matt Kuchar,14,29.0,29.0,1,65730.0,1.0,2023,3,Rookie
23108,Matt Kuchar,15,56.0,56.0,1,21252.0,0.5,2025,1,Rookie
23108,Matt Kuchar,17,61.0,61.0,1,43400.0,0.5,2023,3,Rookie
23108,Matt Kuchar,18,18.333333333333332,7.0,3,428424.99,1.0,2023,3,Experienced
23108,Matt Kuchar,19,37.5,8.0,2,649960.0,0.5,2024,2,Familiar
23108,Matt Kuchar,22,,,0,0.0,0.0,2023,3,Rookie
23108,Matt Kuchar,25,36.0,5.0,2,294160.0,0.6666666666666666,2025,1,Familiar
23108,Matt Kuchar,26,,,0,0.0,0.0,2021,5,Rookie
23108,Matt Kuchar,27,41.25,25.0,4,347500.0,1.0,2025,1,Experienced
23108,Matt Kuchar,31,,,0,0.0,0.0,2021,5,Rookie
23108,Matt Kuchar,34,34.0,34.0,1,61607.14,0.3333333333333333,2023,3,Rookie
23108,Matt Kuchar,35,42.0,42.0,1,81687.5,0.2,2025,1,Rookie
23108,Matt Kuchar,36,13.0,13.0,2,202015.38,1.0,2025,1,Familiar
23108,Matt Kuchar,37,20.0,20.0,1,102330.0,0.5,2024,2,Rookie
23108,Matt Kuchar,38,18.0,3.0,4,764524.04,1.0,2025,1,Experienced
23108,Matt Kuchar,39,,,0,0.0,0.0,2025,1,Rookie
23108,Matt Kuchar,40,25.0,25.0,1,74980.0,0.5,2024,2,Rookie
23108,Matt Kuchar,41,48.5,37.0,4,97313.6,0.6666666666666666,2025,1,Experienced
23108,Matt Kuchar,43,18.0,18.0,1,85500.0,0.5,2025,1,Rookie
23108,Matt Kuchar,46,24.5,14.0,2,166110.0,1.0,2024,2,Familiar
23108,Matt Kuchar,47,34.0,34.0,1,33483.34,1.0,2021,5,Rookie
23108,Matt Kuchar,48,11.666666666666666,7.0,3,539765.83,0.6,2025,1,Experienced
23108,Matt Kuchar,51,,,0,0.0,0.0,2023,3,Rookie
23108,Matt Kuchar,53,50.0,50.0,1,51065.0,0.5,2024,2,Rookie
23108,Matt Kuchar,54,,,0,0.0,0.0,2021,5,Rookie
23108,Matt Kuchar,56,8.75,2.0,4,1574875.0,0.8,2025,1,Experienced
23108,Matt Kuchar,57,32.5,16.0,2,140101.2,0.6666666666666666,2025,1,Familiar
23108,Matt Kuchar,59,42.0,42.0,1,23852.75,1.0,2021,5,Rookie
23108,Matt Kuchar,60,35.333333333333336,23.0,3,314490.0,1.0,2024,2,Experienced
23108,Matt Kuchar,61,32.0,32.0,1,109285.71,0.3333333333333333,2024,2,Rookie
23108,Matt Kuchar,62,30.75,12.0,4,241469.79,1.0,2025,1,Experienced
23108,Matt Kuchar,63,37.0,37.0,1,37060.0,1.0,2024,2,Rookie
23108,Matt Kuchar,64,54.0,54.0,1,16480.0,1.0,2021,5,Rookie
23175,Tim O'Neal,40,,,0,0.0,0.0,2021,5,Rookie
23218,Joe Summerhays,34,,,0,0.0,0.0,2021,5,Rookie
23305,Frank Bensel,34,,,0,0.0,0.0,2021,5,Rookie
23320,Ryan Palmer,0,31.0,31.0,1,42910.72,0.3333333333333333,2025,1,Rookie
23320,Ryan Palmer,1,34.0,34.0,1,42093.33,1.0,2025,1,Rookie
23320,Ryan Palmer,2,53.0,53.0,1,46950.0,1.0,2023,3,Rookie
23320,Ryan Palmer,3,20.0,5.0,3,635533.75,1.0,2023,3,Experienced
23320,Ryan Palmer,4,,,0,0.0,0.0,2023,3,Rookie
23320,Ryan Palmer,5,,,0,0.0,0.0,2025,1,Rookie
23320,Ryan Palmer,8,57.0,57.0,1,21280.0,1.0,2021,5,Rookie
23320,Ryan Palmer,9,,,0,0.0,0.0,2023,3,Rookie
23320,Ryan Palmer,10,36.0,32.0,2,70785.0,0.4,2025,1,Familiar
23320,Ryan Palmer,11,17.0,17.0,1,139035.0,1.0,2021,5,Rookie
23320,Ryan Palmer,13,,,0,0.0,0.0,2025,1,Rookie
23320,Ryan Palmer,14,45.0,45.0,1,29085.0,1.0,2023,3,Rookie
23320,Ryan Palmer,15,,,0,0.0,0.0,2025,1,Rookie
23320,Ryan Palmer,16,26.666666666666668,2.0,3,607554.0,0.75,2025,1,Experienced
23320,Ryan Palmer,17,20.0,20.0,1,152812.5,1.0,2022,4,Rookie
23320,Ryan Palmer,18,,,0,0.0,0.0,2023,3,Rookie
23320,Ryan Palmer,19,,,0,0.0,0.0,2022,4,Rookie
23320,Ryan Palmer,21,26.0,26.0,1,58125.0,1.0,2022,4,Rookie
23320,Ryan Palmer,22,70.0,70.0,1,16320.0,0.5,2023,3,Rookie
23320,Ryan Palmer,24,,,0,0.0,0.0,2024,2,Rookie
23320,Ryan Palmer,25,75.0,75.0,1,15680.0,0.3333333333333333,2025,1,Rookie
23320,Ryan Palmer,27,,,0,0.0,0.0,2022,4,Rookie
23320,Ryan Palmer,28,52.0,52.0,1,19467.0,1.0,2024,2,Rookie
23320,Ryan Palmer,29,,,0,0.0,0.0,2025,1,Rookie
23320,Ryan Palmer,31,,,0,0.0,0.0,2021,5,Rookie
23320,Ryan Palmer,32,,,0,0.0,0.0,2025,1,Rookie
23320,Ryan Palmer,34,,,0,0.0,0.0,2022,4,Rookie
23320,Ryan Palmer,35,17.0,17.0,1,221250.0,0.3333333333333333,2023,3,Rookie
23320,Ryan Palmer,36,,,0,0.0,0.0,2025,1,Rookie
23320,Ryan Palmer,37,35.0,35.0,1,44851.43,0.5,2025,1,Rookie
23320,Ryan Palmer,38,,,0,0.0,0.0,2023,3,Rookie
23320,Ryan Palmer,39,,,0,0.0,0.0,2025,1,Rookie
23320,Ryan Palmer,40,33.0,33.0,1,45948.57,0.5,2023,3,Rookie
23320,Ryan Palmer,41,21.0,21.0,1,76300.0,0.5,2025,1,Rookie
23320,Ryan Palmer,43,68.0,68.0,1,16974.0,0.5,2025,1,Rookie
23320,Ryan Palmer,45,4.0,4.0,1,378000.0,1.0,2021,5,Rookie
23320,Ryan Palmer,46,,,0,0.0,0.0,2024,2,Rookie
23320,Ryan Palmer,47,34.0,34.0,1,33483.33,1.0,2021,5,Rookie
23320,Ryan Palmer,48,28.333333333333332,12.0,3,214352.22,0.6,2025,1,Experienced
23320,Ryan Palmer,49,74.0,74.0,1,17654.0,0.5,2025,1,Rookie
23320,Ryan Palmer,51,33.0,33.0,1,109000.0,0.5,2023,3,Rookie
23320,Ryan Palmer,54,,,0,0.0,0.0,2021,5,Rookie
23320,Ryan Palmer,56,32.5,17.0,2,128183.4,0.4,2025,1,Familiar
23320,Ryan Palmer,57,58.5,54.0,2,34308.0,1.0,2024,2,Familiar
23320,Ryan Palmer,59,42.0,42.0,1,23852.75,1.0,2021,5,Rookie
23320,Ryan Palmer,60,35.0,35.0,1,99600.0,1.0,2023,3,Rookie
23320,Ryan Palmer,61,59.5,42.0,2,82922.0,1.0,2025,1,Familiar
23320,Ryan Palmer,62,,,0,0.0,0.0,2025,1,Rookie
23320,Ryan Palmer,64,4.0,4.0,1,315000.0,1.0,2021,5,Rookie
23325,Vaughn Taylor,0,,,0,0.0,0.0,2022,4,Rookie
23325,Vaughn Taylor,1,60.0,60.0,1,15008.0,1.0,2021,5,Rookie
23325,Vaughn Taylor,3,73.0,73.0,1,17927.0,0.5,2022,4,Rookie
23325,Vaughn Taylor,4,24.5,21.0,2,141417.0,1.0,2022,4,Familiar
23325,Vaughn Taylor,6,42.0,42.0,1,12425.0,0.5,2022,4,Rookie
23325,Vaughn Taylor,18,58.0,58.0,1,15680.0,1.0,2022,4,Rookie
23325,Vaughn Taylor,19,,,0,0.0,0.0,2021,5,Rookie
23325,Vaughn Taylor,22,55.0,55.0,1,18160.0,0.5,2022,4,Rookie
23325,Vaughn Taylor,25,32.0,30.0,2,70037.98,1.0,2022,4,Familiar
23325,Vaughn Taylor,26,18.0,18.0,1,110670.0,1.0,2021,5,Rookie
23325,Vaughn Taylor,28,,,0,0.0,0.0,2022,4,Rookie
23325,Vaughn Taylor,33,52.0,52.0,1,17483.5,1.0,2021,5,Rookie
23325,Vaughn Taylor,35,,,0,0.0,0.0,2021,5,Rookie
23325,Vaughn Taylor,37,48.0,48.0,1,22567.8,1.0,2022,4,Rookie
23325,Vaughn Taylor,38,,,0,0.0,0.0,2021,5,Rookie
23325,Vaughn Taylor,40,,,0,0.0,0.0,2022,4,Rookie
23325,Vaughn Taylor,41,30.0,30.0,1,39552.86,0.3333333333333333,2023,3,Rookie
23325,Vaughn Taylor,43,,,0,0.0,0.0,2023,3,Rookie
23325,Vaughn Taylor,47,,,0,0.0,0.0,2021,5,Rookie
23325,Vaughn Taylor,48,33.5,25.0,2,78085.0,1.0,2022,4,Familiar
23325,Vaughn Taylor,51,,,0,0.0,0.0,2021,5,Rookie
23325,Vaughn Taylor,56,44.0,44.0,1,21852.6,1.0,2021,5,Rookie
23325,Vaughn Taylor,57,6.0,6.0,1,241500.0,0.5,2022,4,Rookie
23325,Vaughn Taylor,58,,,0,0.0,0.0,2021,5,Rookie
23325,Vaughn Taylor,59,,,0,0.0,0.0,2021,5,Rookie
23325,Vaughn Taylor,60,,,0,0.0,0.0,2022,4,Rookie
23325,Vaughn Taylor,62,36.0,36.0,1,30328.19,1.0,2022,4,Rookie
23353,J.J. Henry,0,72.0,72.0,1,14850.0,1.0,2022,4,Rookie
23353,J.J. Henry,3,,,0,0.0,0.0,2021,5,Rookie
23353,J.J. Henry,6,66.0,58.0,2,15125.0,0.6666666666666666,2023,3,Familiar
23353,J.J. Henry,10,74.0,74.0,1,14775.0,1.0,2021,5,Rookie
23353,J.J. Henry,25,,,0,0.0,0.0,2021,5,Rookie
23353,J.J. Henry,33,,,0,0.0,0.0,2021,5,Rookie
23353,J.J. Henry,37,59.0,59.0,1,19662.0,1.0,2022,4,Rookie
23353,J.J. Henry,51,,,0,0.0,0.0,2022,4,Rookie
23452,Nicolas Colsaerts,20,,,0,0.0,0.0,2023,3,Rookie
23481,Marcel Siem,4,,,0,0.0,0.0,2023,3,Rookie
23481,Marcel Siem,6,81.0,81.0,1,6697.0,1.0,2022,4,Rookie
23481,Marcel Siem,20,46.0,34.0,3,111885.0,1.0,2025,1,Experienced
23531,Tracy Vest,25,,,0,0.0,0.0,2024,2,Rookie
23541,Ben Crane,0,,,0,0.0,0.0,2022,4,Rookie
23541,Ben Crane,3,,,0,0.0,0.0,2023,3,Rookie
23541,Ben Crane,4,,,0,0.0,0.0,2023,3,Rookie
23541,Ben Crane,6,63.0,63.0,1,7955.0,0.3333333333333333,2023,3,Rookie
23541,Ben Crane,16,,,0,0.0,0.0,2023,3,Rookie
23541,Ben Crane,18,56.0,56.0,1,19236.0,1.0,2023,3,Rookie
23541,Ben Crane,22,,,0,0.0,0.0,2023,3,Rookie
23541,Ben Crane,25,,,0,0.0,0.0,2022,4,Rookie
23541,Ben Crane,28,,,0,0.0,0.0,2023,3,Rookie
23541,Ben Crane,37,63.0,63.0,1,19053.0,0.5,2023,3,Rookie
23541,Ben Crane,41,58.0,58.0,1,18816.0,0.5,2023,3,Rookie
23541,Ben Crane,43,,,0,0.0,0.0,2023,3,Rookie
23614,Rich Beem,34,,,0,0.0,0.0,2024,2,Rookie
23621,Rory Sabbatini,1,12.0,12.0,1,137350.0,0.3333333333333333,2023,3,Rookie
23621,Rory Sabbatini,2,,,0,0.0,0.0,2022,4,Rookie
23621,Rory Sabbatini,3,25.5,25.0,2,125145.0,1.0,2022,4,Familiar
23621,Rory Sabbatini,4,,,0,0.0,0.0,2023,3,Rookie
23621,Rory Sabbatini,10,59.5,52.0,2,35758.8,0.5,2024,2,Familiar
23621,Rory Sabbatini,16,40.0,10.0,2,185093.0,0.6666666666666666,2023,3,Familiar
23621,Rory Sabbatini,22,48.0,48.0,1,20285.71,0.3333333333333333,2023,3,Rookie
23621,Rory Sabbatini,25,63.0,63.0,1,15407.0,0.5,2022,4,Rookie
23621,Rory Sabbatini,33,,,0,0.0,0.0,2021,5,Rookie
23621,Rory Sabbatini,35,67.0,67.0,1,31500.0,1.0,2021,5,Rookie
23621,Rory Sabbatini,37,,,0,0.0,0.0,2022,4,Rookie
23621,Rory Sabbatini,38,51.0,51.0,1,17821.0,1.0,2021,5,Rookie
23621,Rory Sabbatini,40,49.0,49.0,1,20622.0,0.5,2022,4,Rookie
23621,Rory Sabbatini,41,12.0,12.0,1,140250.0,0.3333333333333333,2023,3,Rookie
23621,Rory Sabbatini,43,12.0,12.0,1,131010.0,0.3333333333333333,2023,3,Rookie
23621,Rory Sabbatini,46,3.0,3.0,1,371000.0,0.5,2023,3,Rookie
23621,Rory Sabbatini,47,52.0,52.0,1,16674.0,1.0,2021,5,Rookie
23621,Rory Sabbatini,48,,,0,0.0,0.0,2023,3,Rookie
23621,Rory Sabbatini,51,,,0,0.0,0.0,2022,4,Rookie
23621,Rory Sabbatini,54,59.0,59.0,1,26296.0,1.0,2021,5,Rookie
23621,Rory Sabbatini,56,30.0,30.0,1,49280.0,1.0,2021,5,Rookie
23621,Rory Sabbatini,57,16.0,16.0,1,131625.0,0.5,2023,3,Rookie
23621,Rory Sabbatini,58,,,0,0.0,0.0,2021,5,Rookie
23621,Rory Sabbatini,59,,,0,0.0,0.0,2021,5,Rookie
23621,Rory Sabbatini,60,41.0,41.0,1,33750.0,0.3333333333333333,2023,3,Rookie
23621,Rory Sabbatini,61,33.0,33.0,1,45715.0,0.5,2023,3,Rookie
23621,Rory Sabbatini,62,35.5,10.0,2,164641.0,0.6666666666666666,2023,3,Familiar
23623,Bo Van Pelt,0,38.5,28.0,2,63105.0,1.0,2022,4,Familiar
23623,Bo Van Pelt,1,,,0,0.0,0.0,2021,5,Rookie
23623,Bo Van Pelt,3,,,0,0.0,0.0,2023,3,Rookie
23623,Bo Van Pelt,4,24.0,24.0,1,74602.5,0.3333333333333333,2023,3,Rookie
23623,Bo Van Pelt,6,34.0,27.0,3,53556.28,1.0,2023,3,Experienced
23623,Bo Van Pelt,18,,,0,0.0,0.0,2022,4,Rookie
23623,Bo Van Pelt,22,,,0,0.0,0.0,2021,5,Rookie
23623,Bo Van Pelt,25,,,0,0.0,0.0,2022,4,Rookie
23623,Bo Van Pelt,28,,,0,0.0,0.0,2022,4,Rookie
23623,Bo Van Pelt,33,2.0,2.0,1,411233.33,1.0,2021,5,Rookie
23623,Bo Van Pelt,37,53.0,53.0,1,20387.0,1.0,2022,4,Rookie
23623,Bo Van Pelt,38,,,0,0.0,0.0,2021,5,Rookie
23623,Bo Van Pelt,40,69.0,67.0,2,32715.0,1.0,2022,4,Familiar
23623,Bo Van Pelt,41,,,0,0.0,0.0,2021,5,Rookie
23623,Bo Van Pelt,43,,,0,0.0,0.0,2022,4,Rookie
23623,Bo Van Pelt,47,,,0,0.0,0.0,2021,5,Rookie
23623,Bo Van Pelt,48,,,0,0.0,0.0,2022,4,Rookie
23623,Bo Van Pelt,51,,,0,0.0,0.0,2021,5,Rookie
23623,Bo Van Pelt,56,34.0,34.0,1,36036.0,1.0,2021,5,Rookie
23623,Bo Van Pelt,57,39.0,39.0,1,25875.0,1.0,2021,5,Rookie
23623,Bo Van Pelt,58,,,0,0.0,0.0,2021,5,Rookie
23623,Bo Van Pelt,59,30.0,30.0,1,44712.5,1.0,2021,5,Rookie
23623,Bo Van Pelt,60,65.0,65.0,1,17172.0,0.5,2022,4,Rookie
23623,Bo Van Pelt,62,,,0,0.0,0.0,2022,4,Rookie
23638,Brendon de Jonge,6,,,0,0.0,0.0,2021,5,Rookie
23638,Brendon de Jonge,33,,,0,0.0,0.0,2021,5,Rookie
23778,Brad Adamonis,37,,,0,0.0,0.0,2022,4,Rookie
23778,Brad Adamonis,57,,,0,0.0,0.0,2021,5,Rookie
23788,D.J. Trahan,0,,,0,0.0,0.0,2022,4,Rookie
23788,D.J. Trahan,3,71.0,71.0,1,16362.0,0.5,2023,3,Rookie
23788,D.J. Trahan,4,65.0,65.0,1,17661.0,0.5,2022,4,Rookie
23788,D.J. Trahan,6,,,0,0.0,0.0,2023,3,Rookie
23788,D.J. Trahan,18,25.0,25.0,1,65940.0,0.5,2023,3,Rookie
23788,D.J. Trahan,22,60.0,60.0,1,15540.0,1.0,2021,5,Rookie
23788,D.J. Trahan,25,58.0,58.0,1,14012.0,0.5,2022,4,Rookie
23788,D.J. Trahan,28,,,0,0.0,0.0,2023,3,Rookie
23788,D.J. Trahan,30,,,0,0.0,0.0,2024,2,Rookie
23788,D.J. Trahan,33,,,0,0.0,0.0,2021,5,Rookie
23788,D.J. Trahan,40,,,0,0.0,0.0,2021,5,Rookie
23788,D.J. Trahan,41,,,0,0.0,0.0,2022,4,Rookie
23788,D.J. Trahan,42,14.0,14.0,1,100650.0,1.0,2021,5,Rookie
23788,D.J. Trahan,43,46.0,46.0,1,17980.28,0.5,2023,3,Rookie
23788,D.J. Trahan,48,,,0,0.0,0.0,2021,5,Rookie
23788,D.J. Trahan,51,,,0,0.0,0.0,2021,5,Rookie
23788,D.J. Trahan,56,59.0,59.0,1,16940.0,1.0,2021,5,Rookie
23788,D.J. Trahan,57,,,0,0.0,0.0,2021,5,Rookie
23788,D.J. Trahan,60,76.0,76.0,1,15633.0,1.0,2021,5,Rookie
23788,D.J. Trahan,62,,,0,0.0,0.0,2021,5,Rookie
23802,Brad Kennedy,64,41.0,41.0,1,26880.0,1.0,2021,5,Rookie
23814,Edoardo Molinari,20,,,0,0.0,0.0,2023,3,Rookie
23814,Edoardo Molinari,24,,,0,0.0,0.0,2024,2,Rookie
23814,Edoardo Molinari,53,,,0,0.0,0.0,2025,1,Rookie
23814,Edoardo Molinari,55,,,0,0.0,0.0,2021,5,Rookie
23983,Luke Donald,0,16.0,16.0,1,87890.0,1.0,2021,5,Rookie
23983,Luke Donald,1,,,0,0.0,0.0,2022,4,Rookie
23983,Luke Donald,2,39.0,39.0,1,70028.57,1.0,2023,3,Rookie
23983,Luke Donald,3,13.0,13.0,1,153900.0,0.5,2022,4,Rookie
23983,Luke Donald,4,42.0,42.0,1,29194.71,0.3333333333333333,2023,3,Rookie
23983,Luke Donald,10,40.0,40.0,2,62415.0,1.0,2023,3,Familiar
23983,Luke Donald,15,,,0,0.0,0.0,2025,1,Rookie
23983,Luke Donald,19,40.0,40.0,1,79000.0,1.0,2023,3,Rookie
23983,Luke Donald,20,,,0,0.0,0.0,2025,1,Rookie
23983,Luke Donald,22,,,0,0.0,0.0,2023,3,Rookie
23983,Luke Donald,27,38.0,38.0,1,91000.0,0.5,2023,3,Rookie
23983,Luke Donald,28,,,0,0.0,0.0,2022,4,Rookie
23983,Luke Donald,33,31.0,31.0,1,44621.25,1.0,2021,5,Rookie
23983,Luke Donald,34,64.0,60.0,2,50551.79,0.6666666666666666,2025,1,Familiar
23983,Luke Donald,37,,,0,0.0,0.0,2022,4,Rookie
23983,Luke Donald,38,61.5,56.0,2,60080.0,0.6666666666666666,2023,3,Familiar
23983,Luke Donald,40,50.5,49.0,2,41698.0,0.6666666666666666,2023,3,Familiar
23983,Luke Donald,41,,,0,0.0,0.0,2022,4,Rookie
23983,Luke Donald,42,,,0,0.0,0.0,2021,5,Rookie
23983,Luke Donald,43,,,0,0.0,0.0,2021,5,Rookie
23983,Luke Donald,47,66.0,66.0,1,14910.0,1.0,2021,5,Rookie
23983,Luke Donald,48,27.0,27.0,1,49250.0,1.0,2022,4,Rookie
23983,Luke Donald,51,56.0,56.0,1,19007.0,0.5,2022,4,Rookie
23983,Luke Donald,56,52.0,46.0,2,43768.14,0.5,2024,2,Familiar
23983,Luke Donald,57,35.0,16.0,2,135165.0,0.4,2025,1,Familiar
23983,Luke Donald,58,,,0,0.0,0.0,2021,5,Rookie
23983,Luke Donald,59,,,0,0.0,0.0,2021,5,Rookie
23983,Luke Donald,60,25.0,25.0,1,69150.0,0.5,2022,4,Rookie
23983,Luke Donald,61,,,0,0.0,0.0,2024,2,Rookie
23983,Luke Donald,62,38.0,22.0,2,90203.0,0.6666666666666666,2023,3,Familiar
24024,Zach Johnson,0,53.0,53.0,1,18981.0,0.5,2025,1,Rookie
24024,Zach Johnson,1,39.0,14.0,3,161364.44,0.75,2025,1,Experienced
24024,Zach Johnson,2,53.0,42.0,3,102295.5,1.0,2023,3,Experienced
24024,Zach Johnson,9,57.0,57.0,1,19236.0,1.0,2023,3,Rookie
24024,Zach Johnson,10,33.333333333333336,23.0,3,144924.8,0.75,2024,2,Experienced
24024,Zach Johnson,13,20.0,20.0,1,112100.0,0.5,2025,1,Rookie
24024,Zach Johnson,15,31.5,21.0,2,121330.0,1.0,2025,1,Familiar
24024,Zach Johnson,16,48.0,48.0,1,25482.0,1.0,2025,1,Rookie
24024,Zach Johnson,18,,,0,0.0,0.0,2023,3,Rookie
24024,Zach Johnson,21,54.0,54.0,1,17400.0,1.0,2022,4,Rookie
24024,Zach Johnson,22,10.0,8.0,2,377650.0,0.6666666666666666,2023,3,Familiar
24024,Zach Johnson,25,39.8,26.0,5,172971.65,1.0,2025,1,Veteran
24024,Zach Johnson,27,,,0,0.0,0.0,2023,3,Rookie
24024,Zach Johnson,31,47.0,47.0,1,24330.56,1.0,2021,5,Rookie
24024,Zach Johnson,34,58.0,58.0,1,33250.0,0.3333333333333333,2023,3,Rookie
24024,Zach Johnson,35,41.0,41.0,1,53250.0,0.5,2022,4,Rookie
24024,Zach Johnson,37,,,0,0.0,0.0,2024,2,Rookie
24024,Zach Johnson,38,54.0,54.0,1,47200.0,0.3333333333333333,2023,3,Rookie
24024,Zach Johnson,39,82.0,82.0,1,17280.0,1.0,2025,1,Rookie
24024,Zach Johnson,40,60.666666666666664,49.0,3,58730.0,1.0,2024,2,Experienced
24024,Zach Johnson,41,11.0,6.0,2,321525.0,0.3333333333333333,2025,1,Familiar
24024,Zach Johnson,43,26.0,23.0,2,95103.33,0.5,2025,1,Familiar
24024,Zach Johnson,46,,,0,0.0,0.0,2022,4,Rookie
24024,Zach Johnson,47,19.0,19.0,1,86030.0,1.0,2021,5,Rookie
24024,Zach Johnson,48,52.666666666666664,21.0,3,109947.33,0.6,2025,1,Experienced
24024,Zach Johnson,49,,,0,0.0,0.0,2025,1,Rookie
24024,Zach Johnson,51,27.0,25.0,2,192090.0,0.6666666666666666,2023,3,Familiar
24024,Zach Johnson,54,8.0,8.0,1,302236.0,1.0,2021,5,Rookie
24024,Zach Johnson,56,15.5,13.0,2,271720.0,0.5,2025,1,Familiar
24024,Zach Johnson,57,29.0,29.0,1,40572.0,0.2,2025,1,Rookie
24024,Zach Johnson,58,50.0,50.0,1,16887.5,1.0,2021,5,Rookie
24024,Zach Johnson,59,42.0,42.0,1,23852.75,1.0,2021,5,Rookie
24024,Zach Johnson,60,51.0,51.0,1,19899.0,0.3333333333333333,2023,3,Rookie
24024,Zach Johnson,61,45.0,32.0,3,155438.38,1.0,2024,2,Experienced
24024,Zach Johnson,62,34.5,33.0,2,75437.19,0.4,2025,1,Familiar
24138,Ian Poulter,2,34.0,26.0,2,106749.0,1.0,2022,4,Familiar
24138,Ian Poulter,3,59.0,59.0,1,20202.0,1.0,2022,4,Rookie
24138,Ian Poulter,10,21.5,3.0,2,396753.75,1.0,2022,4,Familiar
24138,Ian Poulter,11,12.0,12.0,1,190320.0,1.0,2021,5,Rookie
24138,Ian Poulter,12,18.0,18.0,1,116331.43,1.0,2022,4,Rookie
24138,Ian Poulter,21,,,0,0.0,0.0,2022,4,Rookie
24138,Ian Poulter,22,30.0,30.0,1,43133.33,0.5,2022,4,Rookie
24138,Ian Poulter,31,31.0,31.0,1,48925.0,1.0,2021,5,Rookie
24138,Ian Poulter,33,25.0,25.0,1,56088.33,1.0,2021,5,Rookie
24138,Ian Poulter,34,30.0,30.0,1,59750.0,0.5,2022,4,Rookie
24138,Ian Poulter,35,33.0,33.0,1,100111.11,0.5,2022,4,Rookie
24138,Ian Poulter,38,45.0,42.0,2,46557.0,1.0,2022,4,Familiar
24138,Ian Poulter,41,50.0,50.0,1,16401.0,1.0,2021,5,Rookie
24138,Ian Poulter,46,,,0,0.0,0.0,2022,4,Rookie
24138,Ian Poulter,51,36.0,36.0,1,30743.63,1.0,2021,5,Rookie
24138,Ian Poulter,54,,,0,0.0,0.0,2021,5,Rookie
24138,Ian Poulter,56,,,0,0.0,0.0,2022,4,Rookie
24138,Ian Poulter,57,21.0,21.0,1,65291.25,1.0,2021,5,Rookie
24138,Ian Poulter,60,,,0,0.0,0.0,2021,5,Rookie
24140,Sean O'Hair,0,,,0,0.0,0.0,2024,2,Rookie
24140,Sean O'Hair,1,,,0,0.0,0.0,2021,5,Rookie
24140,Sean O'Hair,2,,,0,0.0,0.0,2022,4,Rookie
24140,Sean O'Hair,3,44.5,39.0,2,53401.43,1.0,2023,3,Familiar
24140,Sean O'Hair,4,40.5,16.0,2,138832.5,0.6666666666666666,2023,3,Familiar
24140,Sean O'Hair,6,8.0,8.0,1,100825.0,0.3333333333333333,2023,3,Rookie
24140,Sean O'Hair,7,,,0,0.0,0.0,2024,2,Rookie
24140,Sean O'Hair,16,,,0,0.0,0.0,2023,3,Rookie
24140,Sean O'Hair,18,58.0,58.0,1,15680.0,0.5,2023,3,Rookie
24140,Sean O'Hair,22,,,0,0.0,0.0,2023,3,Rookie
24140,Sean O'Hair,24,,,0,0.0,0.0,2025,1,Rookie
24140,Sean O'Hair,25,11.0,11.0,1,124664.29,0.25,2024,2,Rookie
24140,Sean O'Hair,28,,,0,0.0,0.0,2023,3,Rookie
24140,Sean O'Hair,30,61.0,61.0,1,8960.0,1.0,2024,2,Rookie
24140,Sean O'Hair,33,,,0,0.0,0.0,2021,5,Rookie
24140,Sean O'Hair,36,,,0,0.0,0.0,2024,2,Rookie
24140,Sean O'Hair,37,45.5,27.0,2,84331.0,0.6666666666666666,2024,2,Familiar
24140,Sean O'Hair,40,32.0,32.0,1,41875.0,0.3333333333333333,2023,3,Rookie
24140,Sean O'Hair,41,59.0,59.0,1,14784.0,0.25,2024,2,Rookie
24140,Sean O'Hair,42,,,0,0.0,0.0,2021,5,Rookie
24140,Sean O'Hair,43,,,0,0.0,0.0,2023,3,Rookie
24140,Sean O'Hair,47,,,0,0.0,0.0,2021,5,Rookie
24140,Sean O'Hair,51,,,0,0.0,0.0,2021,5,Rookie
24140,Sean O'Hair,56,,,0,0.0,0.0,2021,5,Rookie
24140,Sean O'Hair,57,19.0,19.0,1,89100.0,0.3333333333333333,2023,3,Rookie
24140,Sean O'Hair,58,66.0,66.0,1,14840.0,1.0,2021,5,Rookie
24140,Sean O'Hair,60,37.0,37.0,1,36045.0,1.0,2021,5,Rookie
24140,Sean O'Hair,62,,,0,0.0,0.0,2021,5,Rookie
24179,David Drysdale,6,,,0,0.0,0.0,2022,4,Rookie
24219,Wes Heffernan,37,,,0,0.0,0.0,2025,1,Rookie
24357,K.J. Choi,0,,,0,0.0,0.0,2022,4,Rookie
24357,K.J. Choi,3,,,0,0.0,0.0,2021,5,Rookie
24357,K.J. Choi,4,,,0,0.0,0.0,2021,5,Rookie
24357,K.J. Choi,6,75.0,75.0,1,6790.0,1.0,2021,5,Rookie
24357,K.J. Choi,16,69.0,69.0,1,15375.0,1.0,2021,5,Rookie
24357,K.J. Choi,22,,,0,0.0,0.0,2021,5,Rookie
24357,K.J. Choi,25,,,0,0.0,0.0,2022,4,Rookie
24357,K.J. Choi,26,,,0,0.0,0.0,2021,5,Rookie
24357,K.J. Choi,27,,,0,0.0,0.0,2023,3,Rookie
24357,K.J. Choi,38,,,0,0.0,0.0,2021,5,Rookie
24357,K.J. Choi,40,,,0,0.0,0.0,2021,5,Rookie
24357,K.J. Choi,41,,,0,0.0,0.0,2021,5,Rookie
24357,K.J. Choi,42,,,0,0.0,0.0,2021,5,Rookie
24357,K.J. Choi,43,,,0,0.0,0.0,2021,5,Rookie
24357,K.J. Choi,47,,,0,0.0,0.0,2021,5,Rookie
24357,K.J. Choi,48,71.0,71.0,1,13398.0,0.5,2023,3,Rookie
24357,K.J. Choi,56,30.0,30.0,1,49280.0,1.0,2021,5,Rookie
24357,K.J. Choi,57,,,0,0.0,0.0,2021,5,Rookie
24357,K.J. Choi,60,70.0,70.0,1,16524.0,1.0,2021,5,Rookie
24357,K.J. Choi,62,,,0,0.0,0.0,2021,5,Rookie
24358,Robert Garrigus,0,,,0,0.0,0.0,2022,4,Rookie
24358,Robert Garrigus,3,,,0,0.0,0.0,2023,3,Rookie
24358,Robert Garrigus,4,16.0,16.0,1,119842.5,0.5,2023,3,Rookie
24358,Robert Garrigus,6,31.0,31.0,1,20475.0,0.3333333333333333,2023,3,Rookie
24358,Robert Garrigus,15,,,0,0.0,0.0,2024,2,Rookie
24358,Robert Garrigus,16,,,0,0.0,0.0,2025,1,Rookie
24358,Robert Garrigus,25,,,0,0.0,0.0,2022,4,Rookie
24358,Robert Garrigus,28,42.0,42.0,1,23287.0,1.0,2022,4,Rookie
24358,Robert Garrigus,33,64.0,64.0,1,15768.0,1.0,2021,5,Rookie
24358,Robert Garrigus,37,,,0,0.0,0.0,2022,4,Rookie
24358,Robert Garrigus,40,,,0,0.0,0.0,2022,4,Rookie
24358,Robert Garrigus,60,,,0,0.0,0.0,2022,4,Rookie
24358,Robert Garrigus,62,,,0,0.0,0.0,2022,4,Rookie
24361,Pat Perez,0,11.0,11.0,1,141570.0,1.0,2021,5,Rookie
24361,Pat Perez,1,,,0,0.0,0.0,2022,4,Rookie
24361,Pat Perez,2,39.0,36.0,2,79845.43,1.0,2022,4,Familiar
24361,Pat Perez,3,38.5,38.0,2,68040.0,1.0,2022,4,Familiar
24361,Pat Perez,4,17.5,9.0,2,296355.0,1.0,2022,4,Familiar
24361,Pat Perez,10,28.5,12.0,2,200835.0,1.0,2022,4,Familiar
24361,Pat Perez,16,37.5,6.0,2,280395.0,1.0,2022,4,Familiar
24361,Pat Perez,18,,,0,0.0,0.0,2022,4,Rookie
24361,Pat Perez,19,39.0,39.0,1,45000.0,0.5,2022,4,Rookie
24361,Pat Perez,21,,,0,0.0,0.0,2022,4,Rookie
24361,Pat Perez,22,46.0,46.0,1,19070.0,1.0,2021,5,Rookie
24361,Pat Perez,25,,,0,0.0,0.0,2021,5,Rookie
24361,Pat Perez,27,26.0,26.0,1,89400.0,1.0,2022,4,Rookie
24361,Pat Perez,28,66.0,66.0,1,15549.0,1.0,2022,4,Rookie
24361,Pat Perez,31,16.0,16.0,1,144875.0,1.0,2021,5,Rookie
24361,Pat Perez,33,10.0,10.0,1,177025.0,1.0,2021,5,Rookie
24361,Pat Perez,35,33.0,33.0,1,100111.11,0.5,2022,4,Rookie
24361,Pat Perez,38,51.0,51.0,1,19653.34,0.5,2022,4,Rookie
24361,Pat Perez,40,14.0,14.0,1,121875.0,1.0,2021,5,Rookie
24361,Pat Perez,41,,,0,0.0,0.0,2021,5,Rookie
24361,Pat Perez,42,9.0,9.0,1,166650.0,1.0,2021,5,Rookie
24361,Pat Perez,43,,,0,0.0,0.0,2021,5,Rookie
24361,Pat Perez,46,,,0,0.0,0.0,2022,4,Rookie
24361,Pat Perez,47,,,0,0.0,0.0,2021,5,Rookie
24361,Pat Perez,48,32.0,32.0,1,34576.66,1.0,2021,5,Rookie
24361,Pat Perez,51,,,0,0.0,0.0,2021,5,Rookie
24361,Pat Perez,56,67.0,67.0,1,16170.0,0.5,2022,4,Rookie
24361,Pat Perez,57,49.5,29.0,2,56484.0,1.0,2022,4,Familiar
24361,Pat Perez,58,,,0,0.0,0.0,2021,5,Rookie
24361,Pat Perez,59,,,0,0.0,0.0,2021,5,Rookie
24361,Pat Perez,60,26.0,26.0,1,53275.91,1.0,2021,5,Rookie
24361,Pat Perez,61,,,0,0.0,0.0,2022,4,Rookie
24449,Parker McLachlin,0,,,0,0.0,0.0,2022,4,Rookie
24449,Parker McLachlin,6,,,0,0.0,0.0,2022,4,Rookie
24449,Parker McLachlin,25,,,0,0.0,0.0,2022,4,Rookie
24449,Parker McLachlin,33,,,0,0.0,0.0,2021,5,Rookie
24449,Parker McLachlin,37,,,0,0.0,0.0,2022,4,Rookie
24449,Parker McLachlin,42,,,0,0.0,0.0,2021,5,Rookie
24449,Parker McLachlin,48,,,0,0.0,0.0,2023,3,Rookie
24459,Richard Sterne,24,,,0,0.0,0.0,2025,1,Rookie
24461,Thomas Aiken,6,,,0,0.0,0.0,2023,3,Rookie
24461,Thomas Aiken,24,,,0,0.0,0.0,2025,1,Rookie
24490,George McNeill,0,58.0,58.0,1,16800.0,1.0,2022,4,Rookie
24490,George McNeill,3,,,0,0.0,0.0,2023,3,Rookie
24490,George McNeill,6,,,0,0.0,0.0,2022,4,Rookie
24490,George McNeill,24,,,0,0.0,0.0,2025,1,Rookie
24490,George McNeill,25,,,0,0.0,0.0,2021,5,Rookie
24490,George McNeill,28,,,0,0.0,0.0,2023,3,Rookie
24490,George McNeill,32,,,0,0.0,0.0,2025,1,Rookie
24490,George McNeill,33,,,0,0.0,0.0,2021,5,Rookie
24490,George McNeill,36,,,0,0.0,0.0,2025,1,Rookie
24490,George McNeill,37,,,0,0.0,0.0,2023,3,Rookie
24490,George McNeill,41,,,0,0.0,0.0,2025,1,Rookie
24490,George McNeill,42,,,0,0.0,0.0,2021,5,Rookie
24494,Erik Compton,10,41.5,20.0,2,87142.5,0.6666666666666666,2023,3,Familiar
24494,Erik Compton,22,,,0,0.0,0.0,2022,4,Rookie
24502,Adam Scott,0,53.0,53.0,1,20118.0,1.0,2025,1,Rookie
24502,Adam Scott,2,31.0,26.0,3,315350.0,0.75,2025,1,Experienced
24502,Adam Scott,3,20.0,8.0,2,328683.33,1.0,2023,3,Familiar
24502,Adam Scott,4,21.0,20.0,2,368606.07,1.0,2025,1,Familiar
24502,Adam Scott,8,3.5,2.0,2,2050833.33,1.0,2024,2,Familiar
24502,Adam Scott,10,12.0,12.0,1,180635.0,1.0,2024,2,Rookie
24502,Adam Scott,12,5.0,5.0,1,342468.75,1.0,2022,4,Rookie
24502,Adam Scott,13,30.0,30.0,1,52293.18,1.0,2024,2,Rookie
24502,Adam Scott,16,10.0,10.0,1,168125.0,1.0,2021,5,Rookie
24502,Adam Scott,17,11.5,5.0,2,750000.0,1.0,2024,2,Familiar
24502,Adam Scott,19,32.6,4.0,5,971355.0,1.0,2025,1,Veteran
24502,Adam Scott,20,9.5,2.0,2,1106010.0,0.6666666666666666,2025,1,Familiar
24502,Adam Scott,21,54.0,54.0,1,17400.0,1.0,2022,4,Rookie
24502,Adam Scott,22,13.0,13.0,1,125416.67,1.0,2021,5,Rookie
24502,Adam Scott,26,16.0,16.0,1,155775.0,1.0,2021,5,Rookie
24502,Adam Scott,27,35.666666666666664,9.0,3,685057.14,1.0,2025,1,Experienced
24502,Adam Scott,31,,,0,0.0,0.0,2021,5,Rookie
24502,Adam Scott,34,24.0,19.0,2,283578.58,0.4,2025,1,Familiar
24502,Adam Scott,35,54.666666666666664,45.0,3,158848.22,0.6,2025,1,Experienced
24502,Adam Scott,37,42.0,42.0,1,29986.0,1.0,2024,2,Rookie
24502,Adam Scott,38,40.0,31.0,2,155400.0,1.0,2025,1,Familiar
24502,Adam Scott,40,37.0,37.0,1,36540.0,1.0,2022,4,Rookie
24502,Adam Scott,41,37.0,37.0,1,34200.0,1.0,2022,4,Rookie
24502,Adam Scott,44,15.0,15.0,1,292000.0,1.0,2025,1,Rookie
24502,Adam Scott,45,25.0,21.0,2,285000.0,1.0,2023,3,Familiar
24502,Adam Scott,46,35.0,35.0,1,34860.0,1.0,2022,4,Rookie
24502,Adam Scott,48,31.0,21.0,2,101115.0,1.0,2023,3,Familiar
24502,Adam Scott,50,14.5,4.0,2,0.0,1.0,2024,2,Familiar
24502,Adam Scott,51,25.25,13.0,4,588758.33,1.0,2025,1,Experienced
24502,Adam Scott,52,34.0,34.0,1,95062.5,1.0,2025,1,Rookie
24502,Adam Scott,53,19.333333333333332,12.0,3,701937.0,0.75,2025,1,Experienced
24502,Adam Scott,54,38.0,38.0,1,52074.0,1.0,2021,5,Rookie
24502,Adam Scott,55,12.0,12.0,1,349741.0,1.0,2021,5,Rookie
24502,Adam Scott,56,14.0,14.0,1,131601.82,1.0,2024,2,Rookie
24502,Adam Scott,57,57.0,57.0,1,19749.0,1.0,2025,1,Rookie
24502,Adam Scott,58,32.0,32.0,1,39083.33,1.0,2021,5,Rookie
24502,Adam Scott,60,17.0,5.0,2,903000.0,1.0,2024,2,Familiar
24502,Adam Scott,61,23.0,8.0,2,284270.0,1.0,2024,2,Familiar
24502,Adam Scott,62,35.0,2.0,4,645622.0,1.0,2025,1,Experienced
24507,Jason Bohn,0,,,0,0.0,0.0,2022,4,Rookie
24507,Jason Bohn,6,62.0,62.0,1,7595.0,0.5,2022,4,Rookie
24507,Jason Bohn,25,,,0,0.0,0.0,2021,5,Rookie
24507,Jason Bohn,37,,,0,0.0,0.0,2022,4,Rookie
24663,Y.E. Yang,34,,,0,0.0,0.0,2024,2,Rookie
24663,Y.E. Yang,48,,,0,0.0,0.0,2021,5,Rookie
24671,David Bradshaw,7,,,0,0.0,0.0,2024,2,Rookie
24671,David Bradshaw,24,,,0,0.0,0.0,2024,2,Rookie
24671,David Bradshaw,57,,,0,0.0,0.0,2024,2,Rookie
24781,Hunter Mahan,0,,,0,0.0,0.0,2021,5,Rookie
24781,Hunter Mahan,1,,,0,0.0,0.0,2021,5,Rookie
24781,Hunter Mahan,3,,,0,0.0,0.0,2021,5,Rookie
24781,Hunter Mahan,4,,,0,0.0,0.0,2021,5,Rookie
24781,Hunter Mahan,6,,,0,0.0,0.0,2021,5,Rookie
24781,Hunter Mahan,16,,,0,0.0,0.0,2021,5,Rookie
24781,Hunter Mahan,22,,,0,0.0,0.0,2021,5,Rookie
24781,Hunter Mahan,33,,,0,0.0,0.0,2021,5,Rookie
24781,Hunter Mahan,38,,,0,0.0,0.0,2021,5,Rookie
24781,Hunter Mahan,40,,,0,0.0,0.0,2021,5,Rookie
24781,Hunter Mahan,41,,,0,0.0,0.0,2021,5,Rookie
24781,Hunter Mahan,42,,,0,0.0,0.0,2021,5,Rookie
24781,Hunter Mahan,43,,,0,0.0,0.0,2021,5,Rookie
24781,Hunter Mahan,47,58.0,58.0,1,15750.0,1.0,2021,5,Rookie
24781,Hunter Mahan,48,,,0,0.0,0.0,2021,5,Rookie
24781,Hunter Mahan,51,,,0,0.0,0.0,2021,5,Rookie
24781,Hunter Mahan,56,,,0,0.0,0.0,2021,5,Rookie
24781,Hunter Mahan,57,,,0,0.0,0.0,2021,5,Rookie
24781,Hunter Mahan,58,,,0,0.0,0.0,2021,5,Rookie
24781,Hunter Mahan,59,,,0,0.0,0.0,2021,5,Rookie
24781,Hunter Mahan,60,54.0,54.0,1,18954.0,1.0,2021,5,Rookie
24846,Ricky Barnes,0,45.0,45.0,1,22950.0,0.5,2022,4,Rookie
24846,Ricky Barnes,3,,,0,0.0,0.0,2023,3,Rookie
24846,Ricky Barnes,4,,,0,0.0,0.0,2022,4,Rookie
24846,Ricky Barnes,6,62.0,62.0,1,7595.0,0.3333333333333333,2023,3,Rookie
24846,Ricky Barnes,18,,,0,0.0,0.0,2023,3,Rookie
24846,Ricky Barnes,25,69.0,69.0,1,14697.0,0.3333333333333333,2023,3,Rookie
24846,Ricky Barnes,28,,,0,0.0,0.0,2023,3,Rookie
24846,Ricky Barnes,33,,,0,0.0,0.0,2021,5,Rookie
24846,Ricky Barnes,37,,,0,0.0,0.0,2023,3,Rookie
24846,Ricky Barnes,41,36.0,36.0,1,42630.0,1.0,2023,3,Rookie
24846,Ricky Barnes,42,23.0,23.0,1,57420.0,1.0,2021,5,Rookie
24846,Ricky Barnes,43,,,0,0.0,0.0,2023,3,Rookie
24846,Ricky Barnes,56,,,0,0.0,0.0,2023,3,Rookie
24846,Ricky Barnes,61,,,0,0.0,0.0,2023,3,Rookie
24846,Ricky Barnes,62,,,0,0.0,0.0,2022,4,Rookie
24912,Will MacKenzie,6,,,0,0.0,0.0,2021,5,Rookie
24924,Bill Haas,0,,,0,0.0,0.0,2024,2,Rookie
24924,Bill Haas,1,,,0,0.0,0.0,2025,1,Rookie
24924,Bill Haas,3,69.5,65.0,2,37817.0,0.6666666666666666,2023,3,Familiar
24924,Bill Haas,4,65.0,65.0,1,17661.0,0.3333333333333333,2023,3,Rookie
24924,Bill Haas,6,,,0,0.0,0.0,2022,4,Rookie
24924,Bill Haas,10,27.0,27.0,1,56332.5,1.0,2022,4,Rookie
24924,Bill Haas,13,,,0,0.0,0.0,2024,2,Rookie
24924,Bill Haas,16,40.5,39.0,2,59055.0,0.6666666666666666,2023,3,Familiar
24924,Bill Haas,18,,,0,0.0,0.0,2022,4,Rookie
24924,Bill Haas,21,,,0,0.0,0.0,2022,4,Rookie
24924,Bill Haas,22,48.0,25.0,2,79684.0,1.0,2023,3,Familiar
24924,Bill Haas,24,64.0,64.0,1,8680.0,0.5,2025,1,Rookie
24924,Bill Haas,25,52.0,52.0,1,18924.44,0.3333333333333333,2024,2,Rookie
24924,Bill Haas,28,64.5,59.0,2,32206.0,1.0,2023,3,Familiar
24924,Bill Haas,30,,,0,0.0,0.0,2024,2,Rookie
24924,Bill Haas,32,66.0,66.0,1,8680.0,1.0,2025,1,Rookie
24924,Bill Haas,33,25.0,25.0,1,56088.33,1.0,2021,5,Rookie
24924,Bill Haas,36,,,0,0.0,0.0,2024,2,Rookie
24924,Bill Haas,37,,,0,0.0,0.0,2023,3,Rookie
24924,Bill Haas,38,59.0,59.0,1,17680.0,0.5,2022,4,Rookie
24924,Bill Haas,40,,,0,0.0,0.0,2022,4,Rookie
24924,Bill Haas,41,47.0,47.0,1,19728.0,0.3333333333333333,2024,2,Rookie
24924,Bill Haas,42,,,0,0.0,0.0,2021,5,Rookie
24924,Bill Haas,43,45.0,35.0,2,52625.0,0.6666666666666666,2024,2,Familiar
24924,Bill Haas,46,72.0,72.0,1,14070.0,1.0,2022,4,Rookie
24924,Bill Haas,48,,,0,0.0,0.0,2022,4,Rookie
24924,Bill Haas,51,25.0,25.0,1,61835.0,1.0,2022,4,Rookie
24924,Bill Haas,56,63.0,63.0,1,18576.0,1.0,2022,4,Rookie
24924,Bill Haas,57,48.0,48.0,1,19439.33,1.0,2022,4,Rookie
24924,Bill Haas,60,,,0,0.0,0.0,2022,4,Rookie
24924,Bill Haas,61,,,0,0.0,0.0,2022,4,Rookie
24924,Bill Haas,62,,,0,0.0,0.0,2024,2,Rookie
24925,Jonathan Byrd,0,46.0,34.0,2,51186.0,0.6666666666666666,2023,3,Familiar
24925,Jonathan Byrd,1,,,0,0.0,0.0,2023,3,Rookie
24925,Jonathan Byrd,2,,,0,0.0,0.0,2022,4,Rookie
24925,Jonathan Byrd,3,43.0,43.0,1,30115.0,0.5,2023,3,Rookie
24925,Jonathan Byrd,4,9.0,9.0,1,237075.0,0.3333333333333333,2023,3,Rookie
24925,Jonathan Byrd,6,51.5,41.0,2,21100.0,0.6666666666666666,2023,3,Familiar
24925,Jonathan Byrd,16,,,0,0.0,0.0,2023,3,Rookie
24925,Jonathan Byrd,18,,,0,0.0,0.0,2023,3,Rookie
24925,Jonathan Byrd,22,,,0,0.0,0.0,2023,3,Rookie
24925,Jonathan Byrd,24,57.0,50.0,2,18986.67,1.0,2025,1,Familiar
24925,Jonathan Byrd,25,43.0,43.0,1,21974.5,0.3333333333333333,2023,3,Rookie
24925,Jonathan Byrd,28,35.0,15.0,2,121974.22,1.0,2023,3,Familiar
24925,Jonathan Byrd,29,49.0,49.0,1,18573.33,1.0,2025,1,Rookie
24925,Jonathan Byrd,30,,,0,0.0,0.0,2024,2,Rookie
24925,Jonathan Byrd,32,,,0,0.0,0.0,2025,1,Rookie
24925,Jonathan Byrd,33,57.0,57.0,1,16717.0,1.0,2021,5,Rookie
24925,Jonathan Byrd,36,19.0,19.0,1,74014.29,1.0,2025,1,Rookie
24925,Jonathan Byrd,37,12.0,12.0,1,178650.0,0.5,2023,3,Rookie
24925,Jonathan Byrd,38,70.0,70.0,1,16320.0,1.0,2022,4,Rookie
24925,Jonathan Byrd,40,,,0,0.0,0.0,2023,3,Rookie
24925,Jonathan Byrd,41,40.0,37.0,3,86730.0,0.5,2025,1,Experienced
24925,Jonathan Byrd,42,61.0,61.0,1,14520.0,1.0,2021,5,Rookie
24925,Jonathan Byrd,43,,,0,0.0,0.0,2023,3,Rookie
24925,Jonathan Byrd,48,,,0,0.0,0.0,2023,3,Rookie
24925,Jonathan Byrd,57,,,0,0.0,0.0,2023,3,Rookie
24925,Jonathan Byrd,60,,,0,0.0,0.0,2022,4,Rookie
24925,Jonathan Byrd,61,,,0,0.0,0.0,2022,4,Rookie
24925,Jonathan Byrd,62,71.0,71.0,1,14600.0,0.5,2023,3,Rookie
24964,Ryan Vermeer,34,,,0,0.0,0.0,2022,4,Rookie
24964,Ryan Vermeer,54,,,0,0.0,0.0,2021,5,Rookie
24980,Scott Gutschewski,0,31.0,31.0,1,42910.71,0.5,2024,2,Rookie
24980,Scott Gutschewski,1,,,0,0.0,0.0,2022,4,Rookie
24980,Scott Gutschewski,3,,,0,0.0,0.0,2022,4,Rookie
24980,Scott Gutschewski,4,,,0,0.0,0.0,2022,4,Rookie
24980,Scott Gutschewski,6,,,0,0.0,0.0,2022,4,Rookie
24980,Scott Gutschewski,7,,,0,0.0,0.0,2024,2,Rookie
24980,Scott Gutschewski,13,,,0,0.0,0.0,2025,1,Rookie
24980,Scott Gutschewski,16,,,0,0.0,0.0,2025,1,Rookie
24980,Scott Gutschewski,18,51.0,51.0,1,16730.0,1.0,2022,4,Rookie
24980,Scott Gutschewski,24,,,0,0.0,0.0,2024,2,Rookie
24980,Scott Gutschewski,25,61.0,61.0,1,17200.0,0.5,2024,2,Rookie
24980,Scott Gutschewski,28,,,0,0.0,0.0,2024,2,Rookie
24980,Scott Gutschewski,30,,,0,0.0,0.0,2024,2,Rookie
24980,Scott Gutschewski,32,,,0,0.0,0.0,2025,1,Rookie
24980,Scott Gutschewski,36,,,0,0.0,0.0,2024,2,Rookie
24980,Scott Gutschewski,37,,,0,0.0,0.0,2024,2,Rookie
24980,Scott Gutschewski,40,,,0,0.0,0.0,2024,2,Rookie
24980,Scott Gutschewski,41,,,0,0.0,0.0,2022,4,Rookie
24980,Scott Gutschewski,43,,,0,0.0,0.0,2024,2,Rookie
24980,Scott Gutschewski,48,,,0,0.0,0.0,2022,4,Rookie
24980,Scott Gutschewski,49,69.0,69.0,1,18655.0,1.0,2024,2,Rookie
24980,Scott Gutschewski,51,,,0,0.0,0.0,2022,4,Rookie
24980,Scott Gutschewski,56,18.0,18.0,1,92606.37,0.5,2024,2,Rookie
24980,Scott Gutschewski,57,,,0,0.0,0.0,2024,2,Rookie
24980,Scott Gutschewski,60,,,0,0.0,0.0,2022,4,Rookie
24980,Scott Gutschewski,62,,,0,0.0,0.0,2022,4,Rookie
25198,Francesco Molinari,1,7.0,6.0,2,445775.0,0.6666666666666666,2025,1,Familiar
25198,Francesco Molinari,2,14.0,14.0,1,325000.0,0.5,2023,3,Rookie
25198,Francesco Molinari,3,17.0,17.0,1,116707.5,1.0,2022,4,Rookie
25198,Francesco Molinari,4,59.0,59.0,1,17706.0,1.0,2021,5,Rookie
25198,Francesco Molinari,5,42.0,42.0,1,21300.0,1.0,2025,1,Rookie
25198,Francesco Molinari,9,47.0,47.0,1,23704.8,1.0,2023,3,Rookie
25198,Francesco Molinari,13,,,0,0.0,0.0,2025,1,Rookie
25198,Francesco Molinari,15,65.0,65.0,1,19872.0,0.5,2025,1,Rookie
25198,Francesco Molinari,16,48.333333333333336,10.0,3,204425.0,0.75,2025,1,Experienced
25198,Francesco Molinari,19,31.5,8.0,2,290325.0,0.6666666666666666,2023,3,Familiar
25198,Francesco Molinari,20,46.0,46.0,1,31369.09,0.3333333333333333,2025,1,Rookie
25198,Francesco Molinari,21,,,0,0.0,0.0,2022,4,Rookie
25198,Francesco Molinari,27,26.0,26.0,1,89400.0,0.5,2023,3,Rookie
25198,Francesco Molinari,28,24.0,24.0,1,62755.0,0.5,2024,2,Rookie
25198,Francesco Molinari,29,49.0,49.0,1,18573.33,1.0,2025,1,Rookie
25198,Francesco Molinari,32,59.0,59.0,1,9200.0,1.0,2025,1,Rookie
25198,Francesco Molinari,34,55.0,55.0,1,27925.0,0.3333333333333333,2024,2,Rookie
25198,Francesco Molinari,35,52.0,42.0,3,185750.0,0.75,2024,2,Experienced
25198,Francesco Molinari,39,,,0,0.0,0.0,2025,1,Rookie
25198,Francesco Molinari,40,,,0,0.0,0.0,2024,2,Rookie
25198,Francesco Molinari,41,,,0,0.0,0.0,2024,2,Rookie
25198,Francesco Molinari,43,,,0,0.0,0.0,2025,1,Rookie
25198,Francesco Molinari,46,63.0,59.0,2,30520.0,1.0,2024,2,Familiar
25198,Francesco Molinari,47,,,0,0.0,0.0,2021,5,Rookie
25198,Francesco Molinari,49,,,0,0.0,0.0,2025,1,Rookie
25198,Francesco Molinari,51,,,0,0.0,0.0,2023,3,Rookie
25198,Francesco Molinari,53,64.0,64.0,1,42155.0,0.3333333333333333,2024,2,Rookie
25198,Francesco Molinari,56,40.0,40.0,1,37525.0,0.5,2025,1,Rookie
25198,Francesco Molinari,57,,,0,0.0,0.0,2024,2,Rookie
25198,Francesco Molinari,58,15.0,15.0,1,113750.0,1.0,2021,5,Rookie
25198,Francesco Molinari,60,40.0,40.0,1,83000.0,0.3333333333333333,2023,3,Rookie
25198,Francesco Molinari,61,43.0,43.0,1,26704.66,0.5,2023,3,Rookie
25198,Francesco Molinari,62,,,0,0.0,0.0,2021,5,Rookie
25240,D.A. Points,0,,,0,0.0,0.0,2022,4,Rookie
25240,D.A. Points,3,,,0,0.0,0.0,2023,3,Rookie
25240,D.A. Points,4,,,0,0.0,0.0,2023,3,Rookie
25240,D.A. Points,6,,,0,0.0,0.0,2023,3,Rookie
25240,D.A. Points,10,75.0,75.0,1,14625.0,1.0,2021,5,Rookie
25240,D.A. Points,18,,,0,0.0,0.0,2023,3,Rookie
25240,D.A. Points,25,,,0,0.0,0.0,2023,3,Rookie
25240,D.A. Points,28,67.0,67.0,1,15111.0,0.5,2023,3,Rookie
25240,D.A. Points,33,,,0,0.0,0.0,2021,5,Rookie
25240,D.A. Points,37,,,0,0.0,0.0,2022,4,Rookie
25240,D.A. Points,41,,,0,0.0,0.0,2021,5,Rookie
25240,D.A. Points,42,,,0,0.0,0.0,2021,5,Rookie
25240,D.A. Points,43,,,0,0.0,0.0,2021,5,Rookie
25240,D.A. Points,47,,,0,0.0,0.0,2021,5,Rookie
25240,D.A. Points,56,,,0,0.0,0.0,2021,5,Rookie
25240,D.A. Points,57,,,0,0.0,0.0,2021,5,Rookie
25240,D.A. Points,58,,,0,0.0,0.0,2021,5,Rookie
25240,D.A. Points,60,,,0,0.0,0.0,2021,5,Rookie
25345,Carl Pettersson,6,,,0,0.0,0.0,2021,5,Rookie
25345,Carl Pettersson,33,,,0,0.0,0.0,2021,5,Rookie
25349,Tim Wilkinson,1,,,0,0.0,0.0,2021,5,Rookie
25349,Tim Wilkinson,3,,,0,0.0,0.0,2021,5,Rookie
25349,Tim Wilkinson,4,30.0,30.0,1,49920.0,1.0,2021,5,Rookie
25349,Tim Wilkinson,7,,,0,0.0,0.0,2024,2,Rookie
25349,Tim Wilkinson,16,73.0,73.0,1,14850.0,1.0,2021,5,Rookie
25349,Tim Wilkinson,36,,,0,0.0,0.0,2024,2,Rookie
25349,Tim Wilkinson,40,,,0,0.0,0.0,2024,2,Rookie
25349,Tim Wilkinson,41,,,0,0.0,0.0,2024,2,Rookie
25349,Tim Wilkinson,42,36.0,36.0,1,29411.25,1.0,2021,5,Rookie
25349,Tim Wilkinson,43,,,0,0.0,0.0,2024,2,Rookie
25349,Tim Wilkinson,48,,,0,0.0,0.0,2021,5,Rookie
25349,Tim Wilkinson,57,,,0,0.0,0.0,2021,5,Rookie
25349,Tim Wilkinson,60,58.0,58.0,1,18063.0,1.0,2021,5,Rookie
25364,Paul Casey,1,8.0,8.0,1,189275.0,1.0,2021,5,Rookie
25364,Paul Casey,2,41.0,10.0,2,219420.0,1.0,2022,4,Familiar
25364,Paul Casey,4,5.0,5.0,1,301275.0,1.0,2021,5,Rookie
25364,Paul Casey,8,38.0,38.0,1,38000.0,1.0,2021,5,Rookie
25364,Paul Casey,11,69.0,69.0,1,17257.5,1.0,2021,5,Rookie
25364,Paul Casey,12,25.0,25.0,1,70506.43,1.0,2022,4,Rookie
25364,Paul Casey,19,15.0,15.0,1,189000.0,1.0,2022,4,Rookie
25364,Paul Casey,31,64.0,64.0,1,20140.0,1.0,2021,5,Rookie
25364,Paul Casey,34,4.0,4.0,1,462250.0,1.0,2021,5,Rookie
25364,Paul Casey,35,4.0,3.0,2,1959375.0,1.0,2022,4,Familiar
25364,Paul Casey,38,,,0,0.0,0.0,2021,5,Rookie
25364,Paul Casey,46,,,0,0.0,0.0,2022,4,Rookie
25364,Paul Casey,47,,,0,0.0,0.0,2021,5,Rookie
25364,Paul Casey,51,36.0,36.0,1,30743.64,1.0,2021,5,Rookie
25364,Paul Casey,54,17.0,17.0,1,157931.0,1.0,2021,5,Rookie
25364,Paul Casey,57,21.0,21.0,1,65291.25,1.0,2021,5,Rookie
25364,Paul Casey,64,35.0,35.0,1,36680.0,1.0,2021,5,Rookie
25369,Jamie Donaldson,20,,,0,0.0,0.0,2023,3,Rookie
25396,Kevin Na,1,,,0,0.0,0.0,2021,5,Rookie
25396,Kevin Na,2,43.0,43.0,1,30287.0,0.5,2022,4,Rookie
25396,Kevin Na,8,17.0,17.0,1,133000.0,1.0,2021,5,Rookie
25396,Kevin Na,10,19.5,7.0,2,286665.0,1.0,2022,4,Familiar
25396,Kevin Na,11,45.0,45.0,1,27885.0,1.0,2021,5,Rookie
25396,Kevin Na,12,49.0,49.0,1,21723.0,1.0,2022,4,Rookie
25396,Kevin Na,18,,,0,0.0,0.0,2022,4,Rookie
25396,Kevin Na,19,38.0,38.0,1,40455.0,0.5,2022,4,Rookie
25396,Kevin Na,25,2.0,2.0,1,551800.0,1.0,2021,5,Rookie
25396,Kevin Na,28,42.0,42.0,1,23287.0,1.0,2022,4,Rookie
25396,Kevin Na,31,8.0,8.0,1,277875.0,1.0,2021,5,Rookie
25396,Kevin Na,34,23.0,23.0,1,129767.86,0.5,2022,4,Rookie
25396,Kevin Na,35,,,0,0.0,0.0,2021,5,Rookie
25396,Kevin Na,38,26.0,26.0,1,54844.44,0.5,2022,4,Rookie
25396,Kevin Na,45,25.5,13.0,2,194000.0,1.0,2022,4,Familiar
25396,Kevin Na,47,43.0,43.0,1,21665.0,1.0,2021,5,Rookie
25396,Kevin Na,48,10.5,1.0,2,1267017.85,1.0,2022,4,Familiar
25396,Kevin Na,50,3.0,3.0,1,0.0,1.0,2021,5,Rookie
25396,Kevin Na,51,47.0,47.0,1,19377.42,1.0,2021,5,Rookie
25396,Kevin Na,53,,,0,0.0,0.0,2022,4,Rookie
25396,Kevin Na,54,,,0,0.0,0.0,2021,5,Rookie
25396,Kevin Na,57,29.0,29.0,1,40572.0,1.0,2021,5,Rookie
25396,Kevin Na,62,2.0,2.0,1,389440.0,1.0,2021,5,Rookie
25396,Kevin Na,64,28.0,28.0,1,50137.14,1.0,2021,5,Rookie
25431,Rob Labritz,34,,,0,0.0,0.0,2021,5,Rookie
25444,Justin Hicks,15,,,0,0.0,0.0,2025,1,Rookie
25444,Justin Hicks,34,,,0,0.0,0.0,2025,1,Rookie
25444,Justin Hicks,53,,,0,0.0,0.0,2025,1,Rookie
25444,Justin Hicks,55,,,0,0.0,0.0,2021,5,Rookie
25446,Paul Dickinson,34,,,0,0.0,0.0,2022,4,Rookie
25493,Nick Taylor,0,,,0,0.0,0.0,2022,4,Rookie
25493,Nick Taylor,1,30.666666666666668,12.0,3,226860.19,0.75,2025,1,Experienced
25493,Nick Taylor,2,25.0,12.0,3,582666.6699999999,0.6,2025,1,Experienced
25493,Nick Taylor,3,,,0,0.0,0.0,2022,4,Rookie
25493,Nick Taylor,4,35.4,14.0,5,414980.0,1.0,2025,1,Veteran
25493,Nick Taylor,6,67.0,67.0,1,7315.0,1.0,2021,5,Rookie
25493,Nick Taylor,7,25.0,25.0,1,52912.5,1.0,2024,2,Rookie
25493,Nick Taylor,8,40.0,33.0,2,191666.66999999998,1.0,2025,1,Familiar
25493,Nick Taylor,9,,,0,0.0,0.0,2023,3,Rookie
25493,Nick Taylor,10,55.0,48.0,2,38517.0,0.6666666666666666,2023,3,Familiar
25493,Nick Taylor,11,61.0,61.0,1,18720.0,1.0,2021,5,Rookie
25493,Nick Taylor,16,30.0,30.0,1,53760.0,1.0,2022,4,Rookie
25493,Nick Taylor,17,44.333333333333336,24.0,3,264785.72,0.75,2025,1,Experienced
25493,Nick Taylor,18,35.0,6.0,2,285120.0,1.0,2023,3,Familiar
25493,Nick Taylor,19,25.25,9.0,4,844930.24,1.0,2025,1,Experienced
25493,Nick Taylor,20,32.666666666666664,19.0,3,211485.0,1.0,2025,1,Experienced
25493,Nick Taylor,21,41.0,41.0,1,28125.0,1.0,2022,4,Rookie
25493,Nick Taylor,22,16.0,16.0,1,106533.34,0.5,2022,4,Rookie
25493,Nick Taylor,25,28.0,28.0,1,41540.0,0.3333333333333333,2023,3,Rookie
25493,Nick Taylor,26,42.0,42.0,1,33015.0,1.0,2021,5,Rookie
25493,Nick Taylor,27,15.5,4.0,2,1143500.0,1.0,2025,1,Familiar
25493,Nick Taylor,28,,,0,0.0,0.0,2022,4,Rookie
25493,Nick Taylor,33,44.0,44.0,1,22435.33,1.0,2021,5,Rookie
25493,Nick Taylor,34,,,0,0.0,0.0,2025,1,Rookie
25493,Nick Taylor,35,37.0,26.0,2,224285.71,0.5,2025,1,Familiar
25493,Nick Taylor,36,,,0,0.0,0.0,2024,2,Rookie
25493,Nick Taylor,37,14.0,1.0,3,1857857.14,0.75,2025,1,Experienced
25493,Nick Taylor,38,46.333333333333336,41.0,3,168450.0,0.6,2025,1,Experienced
25493,Nick Taylor,40,52.0,52.0,1,17775.0,0.5,2022,4,Rookie
25493,Nick Taylor,41,,,0,0.0,0.0,2021,5,Rookie
25493,Nick Taylor,43,19.0,19.0,1,97091.0,0.3333333333333333,2023,3,Rookie
25493,Nick Taylor,44,50.0,48.0,2,111500.0,1.0,2025,1,Familiar
25493,Nick Taylor,45,29.0,29.0,1,55000.0,1.0,2021,5,Rookie
25493,Nick Taylor,46,38.0,13.0,3,189385.78,0.75,2024,2,Experienced
25493,Nick Taylor,47,,,0,0.0,0.0,2021,5,Rookie
25493,Nick Taylor,48,6.5,1.0,4,2212073.34,1.0,2025,1,Experienced
25493,Nick Taylor,49,,,0,0.0,0.0,2025,1,Rookie
25493,Nick Taylor,50,22.0,19.0,2,452500.0,1.0,2025,1,Familiar
25493,Nick Taylor,51,29.5,17.0,2,327562.5,0.6666666666666666,2025,1,Familiar
25493,Nick Taylor,52,17.0,17.0,1,270500.0,1.0,2025,1,Rookie
25493,Nick Taylor,53,23.0,23.0,1,161489.0,0.25,2025,1,Rookie
25493,Nick Taylor,55,23.0,23.0,1,161489.0,1.0,2021,5,Rookie
25493,Nick Taylor,56,37.0,15.0,2,152665.0,0.6666666666666666,2023,3,Familiar
25493,Nick Taylor,57,48.0,10.0,3,215547.0,0.75,2024,2,Experienced
25493,Nick Taylor,59,,,0,0.0,0.0,2021,5,Rookie
25493,Nick Taylor,60,28.0,15.0,3,263525.91000000003,1.0,2024,2,Experienced
25493,Nick Taylor,61,9.333333333333334,1.0,3,3833197.14,0.75,2025,1,Experienced
25493,Nick Taylor,62,45.5,10.0,2,162086.0,0.6666666666666666,2024,2,Familiar
25493,Nick Taylor,63,33.0,33.0,1,44922.5,1.0,2024,2,Rookie
25493,Nick Taylor,64,63.0,63.0,1,15040.0,1.0,2021,5,Rookie
25562,Andres Romero,6,,,0,0.0,0.0,2022,4,Rookie
25562,Andres Romero,25,,,0,0.0,0.0,2021,5,Rookie
25562,Andres Romero,33,,,0,0.0,0.0,2021,5,Rookie
25572,Graeme McDowell,1,40.0,40.0,1,27013.78,1.0,2022,4,Rookie
25572,Graeme McDowell,2,13.0,13.0,1,228000.0,0.5,2022,4,Rookie
25572,Graeme McDowell,10,,,0,0.0,0.0,2021,5,Rookie
25572,Graeme McDowell,21,,,0,0.0,0.0,2022,4,Rookie
25572,Graeme McDowell,22,,,0,0.0,0.0,2021,5,Rookie
25572,Graeme McDowell,28,33.0,33.0,1,36540.56,1.0,2022,4,Rookie
25572,Graeme McDowell,35,,,0,0.0,0.0,2021,5,Rookie
25572,Graeme McDowell,38,21.0,21.0,1,83920.0,0.5,2022,4,Rookie
25572,Graeme McDowell,41,59.0,59.0,1,14784.0,0.5,2022,4,Rookie
25572,Graeme McDowell,46,71.0,71.0,1,14210.0,1.0,2022,4,Rookie
25572,Graeme McDowell,48,,,0,0.0,0.0,2022,4,Rookie
25572,Graeme McDowell,54,,,0,0.0,0.0,2021,5,Rookie
25572,Graeme McDowell,56,54.0,54.0,1,17941.0,0.5,2022,4,Rookie
25572,Graeme McDowell,57,,,0,0.0,0.0,2022,4,Rookie
25572,Graeme McDowell,58,44.0,44.0,1,22750.0,1.0,2021,5,Rookie
25572,Graeme McDowell,61,,,0,0.0,0.0,2022,4,Rookie
25632,Jimmy Walker,0,11.0,11.0,1,141570.0,0.5,2023,3,Rookie
25632,Jimmy Walker,1,60.0,60.0,1,15008.0,0.3333333333333333,2023,3,Rookie
25632,Jimmy Walker,3,74.0,74.0,1,18525.0,0.5,2023,3,Rookie
25632,Jimmy Walker,4,33.0,33.0,1,43548.33,0.3333333333333333,2023,3,Rookie
25632,Jimmy Walker,9,,,0,0.0,0.0,2023,3,Rookie
25632,Jimmy Walker,10,40.0,40.0,1,31755.0,0.3333333333333333,2024,2,Rookie
25632,Jimmy Walker,13,,,0,0.0,0.0,2024,2,Rookie
25632,Jimmy Walker,16,29.5,13.0,2,182523.0,0.6666666666666666,2023,3,Familiar
25632,Jimmy Walker,18,27.5,25.0,2,97804.73000000001,1.0,2023,3,Familiar
25632,Jimmy Walker,19,,,0,0.0,0.0,2021,5,Rookie
25632,Jimmy Walker,20,,,0,0.0,0.0,2023,3,Rookie
25632,Jimmy Walker,21,,,0,0.0,0.0,2022,4,Rookie
25632,Jimmy Walker,22,53.5,49.0,2,36904.0,0.6666666666666666,2023,3,Familiar
25632,Jimmy Walker,25,42.0,42.0,1,24905.11,1.0,2023,3,Rookie
25632,Jimmy Walker,26,6.0,6.0,1,313875.0,1.0,2021,5,Rookie
25632,Jimmy Walker,28,15.0,15.0,1,132825.0,1.0,2023,3,Rookie
25632,Jimmy Walker,34,64.0,64.0,1,20200.0,0.25,2025,1,Rookie
25632,Jimmy Walker,35,55.0,55.0,1,46200.0,0.5,2022,4,Rookie
25632,Jimmy Walker,38,25.0,25.0,1,160500.0,1.0,2023,3,Rookie
25632,Jimmy Walker,40,71.0,71.0,1,15075.0,0.3333333333333333,2024,2,Rookie
25632,Jimmy Walker,41,,,0,0.0,0.0,2023,3,Rookie
25632,Jimmy Walker,43,44.666666666666664,43.0,3,64205.29,0.75,2023,3,Experienced
25632,Jimmy Walker,46,24.0,24.0,1,61950.0,0.3333333333333333,2023,3,Rookie
25632,Jimmy Walker,47,,,0,0.0,0.0,2021,5,Rookie
25632,Jimmy Walker,48,65.0,65.0,1,16275.0,0.3333333333333333,2023,3,Rookie
25632,Jimmy Walker,49,,,0,0.0,0.0,2025,1,Rookie
25632,Jimmy Walker,51,,,0,0.0,0.0,2023,3,Rookie
25632,Jimmy Walker,54,,,0,0.0,0.0,2021,5,Rookie
25632,Jimmy Walker,56,40.5,22.0,2,100006.67,0.4,2025,1,Familiar
25632,Jimmy Walker,57,29.0,29.0,1,40572.0,0.3333333333333333,2023,3,Rookie
25632,Jimmy Walker,58,,,0,0.0,0.0,2021,5,Rookie
25632,Jimmy Walker,59,,,0,0.0,0.0,2021,5,Rookie
25632,Jimmy Walker,60,43.0,14.0,2,371038.0,1.0,2023,3,Familiar
25632,Jimmy Walker,61,,,0,0.0,0.0,2023,3,Rookie
25632,Jimmy Walker,62,,,0,0.0,0.0,2023,3,Rookie
25686,Jason Dufner,0,24.0,20.0,2,126398.58,0.6666666666666666,2023,3,Familiar
25686,Jason Dufner,1,40.0,40.0,1,27013.78,0.25,2025,1,Rookie
25686,Jason Dufner,2,36.0,36.0,1,42381.43,1.0,2021,5,Rookie
25686,Jason Dufner,3,,,0,0.0,0.0,2023,3,Rookie
25686,Jason Dufner,4,26.0,26.0,1,59280.0,0.5,2023,3,Rookie
25686,Jason Dufner,6,25.666666666666668,24.0,3,80569.28,1.0,2023,3,Experienced
25686,Jason Dufner,9,,,0,0.0,0.0,2023,3,Rookie
25686,Jason Dufner,10,65.0,65.0,1,16050.0,0.5,2022,4,Rookie
25686,Jason Dufner,16,77.0,77.0,1,14250.0,0.3333333333333333,2023,3,Rookie
25686,Jason Dufner,18,30.5,19.0,2,124390.0,0.6666666666666666,2023,3,Familiar
25686,Jason Dufner,21,,,0,0.0,0.0,2022,4,Rookie
25686,Jason Dufner,22,63.5,53.0,2,32774.0,0.6666666666666666,2023,3,Familiar
25686,Jason Dufner,24,,,0,0.0,0.0,2025,1,Rookie
25686,Jason Dufner,25,24.5,18.0,2,129510.0,0.6666666666666666,2023,3,Familiar
25686,Jason Dufner,26,37.0,37.0,1,42315.0,1.0,2021,5,Rookie
25686,Jason Dufner,27,,,0,0.0,0.0,2023,3,Rookie
25686,Jason Dufner,28,,,0,0.0,0.0,2022,4,Rookie
25686,Jason Dufner,33,,,0,0.0,0.0,2021,5,Rookie
25686,Jason Dufner,34,,,0,0.0,0.0,2025,1,Rookie
25686,Jason Dufner,35,,,0,0.0,0.0,2021,5,Rookie
25686,Jason Dufner,36,30.0,30.0,1,36825.0,1.0,2025,1,Rookie
25686,Jason Dufner,37,52.0,52.0,1,21438.0,0.5,2023,3,Rookie
25686,Jason Dufner,38,,,0,0.0,0.0,2023,3,Rookie
25686,Jason Dufner,40,,,0,0.0,0.0,2024,2,Rookie
25686,Jason Dufner,41,,,0,0.0,0.0,2025,1,Rookie
25686,Jason Dufner,42,29.0,29.0,1,41391.43,1.0,2021,5,Rookie
25686,Jason Dufner,43,,,0,0.0,0.0,2025,1,Rookie
25686,Jason Dufner,46,66.0,66.0,1,17808.0,0.5,2023,3,Rookie
25686,Jason Dufner,47,,,0,0.0,0.0,2021,5,Rookie
25686,Jason Dufner,51,,,0,0.0,0.0,2023,3,Rookie
25686,Jason Dufner,56,60.0,60.0,1,19758.0,0.5,2023,3,Rookie
25686,Jason Dufner,57,46.5,36.0,2,51081.0,1.0,2023,3,Familiar
25686,Jason Dufner,58,,,0,0.0,0.0,2021,5,Rookie
25686,Jason Dufner,59,,,0,0.0,0.0,2021,5,Rookie
25686,Jason Dufner,60,43.0,43.0,1,25069.5,0.3333333333333333,2023,3,Rookie
25686,Jason Dufner,61,32.0,32.0,1,109285.72,0.5,2023,3,Rookie
25686,Jason Dufner,62,53.5,24.0,2,66434.0,0.6666666666666666,2023,3,Familiar
25720,Chad Collins,0,,,0,0.0,0.0,2023,3,Rookie
25720,Chad Collins,25,,,0,0.0,0.0,2023,3,Rookie
25720,Chad Collins,40,,,0,0.0,0.0,2023,3,Rookie
25799,Niklas Lemke,6,,,0,0.0,0.0,2022,4,Rookie
25804,Bubba Watson,0,51.0,51.0,1,15774.0,1.0,2021,5,Rookie
25804,Bubba Watson,3,,,0,0.0,0.0,2022,4,Rookie
25804,Bubba Watson,11,7.0,7.0,1,314437.5,1.0,2021,5,Rookie
25804,Bubba Watson,16,,,0,0.0,0.0,2021,5,Rookie
25804,Bubba Watson,19,,,0,0.0,0.0,2022,4,Rookie
25804,Bubba Watson,26,,,0,0.0,0.0,2021,5,Rookie
25804,Bubba Watson,31,,,0,0.0,0.0,2021,5,Rookie
25804,Bubba Watson,34,55.0,30.0,2,102350.0,1.0,2022,4,Familiar
25804,Bubba Watson,35,68.0,68.0,1,41600.0,0.5,2022,4,Rookie
25804,Bubba Watson,40,6.0,6.0,1,262500.0,1.0,2021,5,Rookie
25804,Bubba Watson,51,19.0,19.0,1,87690.0,1.0,2021,5,Rookie
25804,Bubba Watson,54,31.0,31.0,1,75649.0,1.0,2021,5,Rookie
25804,Bubba Watson,57,13.0,13.0,1,127305.0,0.5,2022,4,Rookie
25804,Bubba Watson,59,22.0,22.0,1,64422.5,1.0,2021,5,Rookie
25804,Bubba Watson,60,18.0,18.0,1,96390.0,1.0,2021,5,Rookie
25804,Bubba Watson,61,14.0,14.0,1,133250.0,1.0,2022,4,Rookie
25804,Bubba Watson,62,46.0,46.0,1,18060.8,1.0,2021,5,Rookie
25804,Bubba Watson,64,4.0,4.0,1,315000.0,1.0,2021,5,Rookie
25818,Scott Piercy,0,37.333333333333336,4.0,3,364192.0,0.75,2024,2,Experienced
25818,Scott Piercy,1,41.0,41.0,1,26924.45,0.3333333333333333,2023,3,Rookie
25818,Scott Piercy,2,,,0,0.0,0.0,2022,4,Rookie
25818,Scott Piercy,3,19.0,19.0,1,121125.0,0.3333333333333333,2023,3,Rookie
25818,Scott Piercy,4,50.0,50.0,1,19203.6,0.3333333333333333,2023,3,Rookie
25818,Scott Piercy,5,,,0,0.0,0.0,2025,1,Rookie
25818,Scott Piercy,6,,,0,0.0,0.0,2023,3,Rookie
25818,Scott Piercy,7,54.0,54.0,1,17400.0,1.0,2024,2,Rookie
25818,Scott Piercy,9,16.0,16.0,1,123900.0,1.0,2023,3,Rookie
25818,Scott Piercy,10,40.0,40.0,1,31755.0,0.3333333333333333,2023,3,Rookie
25818,Scott Piercy,13,52.0,52.0,1,22406.43,1.0,2024,2,Rookie
25818,Scott Piercy,16,53.5,31.0,2,67107.0,1.0,2023,3,Familiar
25818,Scott Piercy,17,,,0,0.0,0.0,2022,4,Rookie
25818,Scott Piercy,18,11.0,11.0,1,150150.0,0.3333333333333333,2023,3,Rookie
25818,Scott Piercy,19,58.333333333333336,50.0,3,95114.67,1.0,2023,3,Experienced
25818,Scott Piercy,21,19.0,19.0,1,85660.72,1.0,2022,4,Rookie
25818,Scott Piercy,24,14.0,14.0,1,63400.0,0.5,2025,1,Rookie
25818,Scott Piercy,25,69.0,69.0,1,12772.0,0.2,2025,1,Rookie
25818,Scott Piercy,28,36.0,33.0,2,66955.56,0.6666666666666666,2024,2,Familiar
25818,Scott Piercy,29,55.0,55.0,1,16555.0,1.0,2025,1,Rookie
25818,Scott Piercy,30,26.0,26.0,1,29800.0,1.0,2024,2,Rookie
25818,Scott Piercy,31,64.0,64.0,1,20140.0,1.0,2021,5,Rookie
25818,Scott Piercy,32,,,0,0.0,0.0,2025,1,Rookie
25818,Scott Piercy,33,19.0,19.0,1,86505.0,1.0,2021,5,Rookie
25818,Scott Piercy,35,69.0,69.0,1,30900.0,0.3333333333333333,2023,3,Rookie
25818,Scott Piercy,36,,,0,0.0,0.0,2025,1,Rookie
25818,Scott Piercy,37,39.0,21.0,2,114990.0,1.0,2023,3,Familiar
25818,Scott Piercy,38,37.0,12.0,2,156357.67,0.6666666666666666,2023,3,Familiar
25818,Scott Piercy,40,,,0,0.0,0.0,2022,4,Rookie
25818,Scott Piercy,41,42.0,18.0,3,137838.0,0.6,2025,1,Experienced
25818,Scott Piercy,42,,,0,0.0,0.0,2021,5,Rookie
25818,Scott Piercy,43,38.0,19.0,2,112271.0,0.4,2025,1,Familiar
25818,Scott Piercy,46,29.0,16.0,2,133910.0,0.5,2024,2,Familiar
25818,Scott Piercy,47,19.0,19.0,1,86030.0,1.0,2021,5,Rookie
25818,Scott Piercy,48,,,0,0.0,0.0,2023,3,Rookie
25818,Scott Piercy,51,,,0,0.0,0.0,2023,3,Rookie
25818,Scott Piercy,56,,,0,0.0,0.0,2023,3,Rookie
25818,Scott Piercy,57,,,0,0.0,0.0,2022,4,Rookie
25818,Scott Piercy,58,32.0,32.0,1,39083.34,1.0,2021,5,Rookie
25818,Scott Piercy,60,24.0,11.0,2,230175.0,0.6666666666666666,2023,3,Familiar
25818,Scott Piercy,61,,,0,0.0,0.0,2023,3,Rookie
25818,Scott Piercy,62,29.0,15.0,3,161394.89,1.0,2023,3,Experienced
25863,Rod Perry,2,,,0,0.0,0.0,2021,5,Rookie
25863,Rod Perry,57,,,0,0.0,0.0,2021,5,Rookie
25900,Lucas Glover,0,,,0,0.0,0.0,2023,3,Rookie
25900,Lucas Glover,1,33.0,33.0,1,39682.86,0.25,2025,1,Rookie
25900,Lucas Glover,2,51.5,30.0,4,263366.0,0.8,2025,1,Experienced
25900,Lucas Glover,3,79.0,79.0,1,17480.0,1.0,2023,3,Rookie
25900,Lucas Glover,4,30.5,3.0,2,1198250.0,0.5,2025,1,Familiar
25900,Lucas Glover,6,5.0,5.0,1,155800.0,1.0,2023,3,Rookie
25900,Lucas Glover,7,3.0,3.0,1,442500.0,1.0,2024,2,Rookie
25900,Lucas Glover,8,41.5,22.0,4,396200.0,1.0,2025,1,Experienced
25900,Lucas Glover,10,20.5,8.0,4,496836.67,1.0,2025,1,Experienced
25900,Lucas Glover,12,45.0,45.0,1,27007.5,1.0,2022,4,Rookie
25900,Lucas Glover,14,58.0,58.0,1,20685.0,1.0,2023,3,Rookie
25900,Lucas Glover,15,35.0,35.0,1,43875.0,0.5,2025,1,Rookie
25900,Lucas Glover,16,42.0,42.0,1,25875.0,1.0,2021,5,Rookie
25900,Lucas Glover,17,16.0,1.0,3,4549500.0,1.0,2025,1,Experienced
25900,Lucas Glover,18,66.0,66.0,1,17040.0,1.0,2023,3,Rookie
25900,Lucas Glover,19,33.0,31.0,2,232500.0,0.5,2025,1,Familiar
25900,Lucas Glover,20,,,0,0.0,0.0,2024,2,Rookie
25900,Lucas Glover,22,24.5,19.0,2,126083.34,1.0,2022,4,Familiar
25900,Lucas Glover,25,8.75,1.0,4,1695885.71,0.8,2025,1,Experienced
25900,Lucas Glover,26,37.0,37.0,1,42315.0,1.0,2021,5,Rookie
25900,Lucas Glover,27,60.0,60.0,1,26640.0,0.25,2025,1,Rookie
25900,Lucas Glover,28,,,0,0.0,0.0,2023,3,Rookie
25900,Lucas Glover,31,,,0,0.0,0.0,2021,5,Rookie
25900,Lucas Glover,33,,,0,0.0,0.0,2021,5,Rookie
25900,Lucas Glover,34,34.333333333333336,23.0,3,254159.36,1.0,2025,1,Experienced
25900,Lucas Glover,35,34.0,3.0,3,1424452.38,0.6,2025,1,Experienced
25900,Lucas Glover,36,13.0,13.0,1,86515.38,1.0,2024,2,Rookie
25900,Lucas Glover,37,20.0,20.0,1,102330.0,1.0,2023,3,Rookie
25900,Lucas Glover,38,43.75,33.0,4,206893.34,0.8,2025,1,Experienced
25900,Lucas Glover,40,22.5,4.0,2,394449.24,0.6666666666666666,2023,3,Familiar
25900,Lucas Glover,41,26.5,23.0,2,105738.57,0.6666666666666666,2024,2,Familiar
25900,Lucas Glover,42,65.0,65.0,1,14124.0,1.0,2021,5,Rookie
25900,Lucas Glover,43,30.5,3.0,2,464290.0,0.6666666666666666,2024,2,Familiar
25900,Lucas Glover,44,29.0,29.0,1,140500.0,1.0,2024,2,Rookie
25900,Lucas Glover,45,35.0,35.0,1,103500.0,1.0,2022,4,Rookie
25900,Lucas Glover,46,67.0,67.0,1,14560.0,1.0,2022,4,Rookie
25900,Lucas Glover,48,13.0,5.0,2,369775.83,0.5,2025,1,Familiar
25900,Lucas Glover,50,18.0,18.0,1,0.0,1.0,2023,3,Rookie
25900,Lucas Glover,51,41.0,9.0,3,620098.0,0.75,2025,1,Experienced
25900,Lucas Glover,52,66.0,66.0,1,39750.0,1.0,2025,1,Rookie
25900,Lucas Glover,53,,,0,0.0,0.0,2025,1,Rookie
25900,Lucas Glover,54,17.0,17.0,1,157931.0,1.0,2021,5,Rookie
25900,Lucas Glover,55,,,0,0.0,0.0,2021,5,Rookie
25900,Lucas Glover,56,23.0,4.0,4,567456.36,1.0,2024,2,Experienced
25900,Lucas Glover,57,25.75,8.0,4,510842.0,1.0,2025,1,Experienced
25900,Lucas Glover,58,,,0,0.0,0.0,2021,5,Rookie
25900,Lucas Glover,59,58.0,58.0,1,16425.0,1.0,2021,5,Rookie
25900,Lucas Glover,60,16.0,16.0,1,301000.0,0.25,2024,2,Rookie
25900,Lucas Glover,61,38.0,37.0,2,127590.0,0.6666666666666666,2025,1,Familiar
25900,Lucas Glover,62,27.5,1.0,2,1384863.0,0.4,2025,1,Familiar
25948,Richard McEvoy,6,,,0,0.0,0.0,2022,4,Rookie
26284,Steve Holmes,34,,,0,0.0,0.0,2023,3,Rookie
26289,Boo Weekley,25,,,0,0.0,0.0,2022,4,Rookie
26289,Boo Weekley,28,,,0,0.0,0.0,2023,3,Rookie
26300,Matt Jones,1,21.0,21.0,1,58625.0,1.0,2021,5,Rookie
26300,Matt Jones,2,52.0,52.0,1,28170.0,0.5,2022,4,Rookie
26300,Matt Jones,4,34.0,34.0,1,40638.0,0.5,2022,4,Rookie
26300,Matt Jones,8,38.0,38.0,1,38000.0,1.0,2021,5,Rookie
26300,Matt Jones,10,12.0,12.0,1,178500.0,0.5,2022,4,Rookie
26300,Matt Jones,12,38.0,38.0,1,37635.0,1.0,2022,4,Rookie
26300,Matt Jones,16,48.0,48.0,1,19455.0,0.5,2022,4,Rookie
26300,Matt Jones,19,11.5,8.0,2,451725.0,1.0,2022,4,Familiar
26300,Matt Jones,22,1.0,1.0,1,1260000.0,0.5,2022,4,Rookie
26300,Matt Jones,26,,,0,0.0,0.0,2021,5,Rookie
26300,Matt Jones,27,,,0,0.0,0.0,2022,4,Rookie
26300,Matt Jones,28,59.0,59.0,1,16498.0,1.0,2022,4,Rookie
26300,Matt Jones,31,,,0,0.0,0.0,2021,5,Rookie
26300,Matt Jones,34,30.0,30.0,1,59750.0,0.5,2022,4,Rookie
26300,Matt Jones,35,55.0,55.0,1,34950.0,0.5,2022,4,Rookie
26300,Matt Jones,40,52.0,52.0,1,17775.0,1.0,2021,5,Rookie
26300,Matt Jones,41,44.0,44.0,1,21450.0,0.5,2022,4,Rookie
26300,Matt Jones,43,,,0,0.0,0.0,2021,5,Rookie
26300,Matt Jones,45,3.0,3.0,1,515000.0,1.0,2022,4,Rookie
26300,Matt Jones,46,27.0,27.0,1,46943.75,1.0,2022,4,Rookie
26300,Matt Jones,47,52.0,52.0,1,16674.0,1.0,2021,5,Rookie
26300,Matt Jones,48,11.0,11.0,1,153450.0,0.5,2022,4,Rookie
26300,Matt Jones,51,36.0,36.0,1,30743.63,1.0,2021,5,Rookie
26300,Matt Jones,54,,,0,0.0,0.0,2021,5,Rookie
26300,Matt Jones,56,2.0,2.0,1,765400.0,1.0,2022,4,Rookie
26300,Matt Jones,58,63.0,63.0,1,15330.0,1.0,2021,5,Rookie
26300,Matt Jones,59,30.0,30.0,1,44712.5,1.0,2021,5,Rookie
26300,Matt Jones,60,37.0,37.0,1,36045.0,0.5,2022,4,Rookie
26300,Matt Jones,61,58.0,58.0,1,18696.0,1.0,2022,4,Rookie
26300,Matt Jones,62,70.0,70.0,1,12992.0,1.0,2021,5,Rookie
26328,Shaun Norris,3,,,0,0.0,0.0,2022,4,Rookie
26328,Shaun Norris,20,,,0,0.0,0.0,2025,1,Rookie
26328,Shaun Norris,34,71.0,71.0,1,24250.0,1.0,2022,4,Rookie
26328,Shaun Norris,53,,,0,0.0,0.0,2022,4,Rookie
26328,Shaun Norris,54,,,0,0.0,0.0,2021,5,Rookie
26328,Shaun Norris,64,28.0,28.0,1,50137.15,1.0,2021,5,Rookie
26329,Louis Oosthuizen,0,2.0,2.0,1,499400.0,1.0,2021,5,Rookie
26329,Louis Oosthuizen,8,38.0,38.0,1,38000.0,1.0,2021,5,Rookie
26329,Louis Oosthuizen,11,48.0,48.0,1,23205.0,1.0,2021,5,Rookie
26329,Louis Oosthuizen,12,38.0,38.0,1,37635.0,1.0,2022,4,Rookie
26329,Louis Oosthuizen,16,29.0,29.0,1,51375.0,1.0,2021,5,Rookie
26329,Louis Oosthuizen,22,30.0,30.0,1,43133.33,1.0,2022,4,Rookie
26329,Louis Oosthuizen,26,18.0,18.0,1,110670.0,1.0,2021,5,Rookie
26329,Louis Oosthuizen,34,31.0,2.0,2,1082125.0,1.0,2022,4,Familiar
26329,Louis Oosthuizen,35,41.5,41.0,2,126250.0,1.0,2022,4,Familiar
26329,Louis Oosthuizen,41,,,0,0.0,0.0,2022,4,Rookie
26329,Louis Oosthuizen,46,14.0,14.0,1,113750.0,1.0,2022,4,Rookie
26329,Louis Oosthuizen,47,19.0,19.0,1,86030.0,1.0,2021,5,Rookie
26329,Louis Oosthuizen,50,14.0,14.0,1,0.0,1.0,2021,5,Rookie
26329,Louis Oosthuizen,53,,,0,0.0,0.0,2022,4,Rookie
26329,Louis Oosthuizen,54,3.0,3.0,1,861457.0,1.0,2021,5,Rookie
26329,Louis Oosthuizen,57,35.0,8.0,2,218829.0,1.0,2022,4,Familiar
26329,Louis Oosthuizen,59,11.0,11.0,1,177025.0,1.0,2021,5,Rookie
26329,Louis Oosthuizen,61,14.0,14.0,1,133250.0,1.0,2022,4,Rookie
26331,Charl Schwartzel,0,2.0,2.0,1,499400.0,1.0,2021,5,Rookie
26331,Charl Schwartzel,1,54.0,54.0,1,15812.0,1.0,2021,5,Rookie
26331,Charl Schwartzel,2,,,0,0.0,0.0,2022,4,Rookie
26331,Charl Schwartzel,3,5.5,3.0,2,679756.25,1.0,2022,4,Familiar
26331,Charl Schwartzel,4,,,0,0.0,0.0,2022,4,Rookie
26331,Charl Schwartzel,6,26.0,26.0,1,26075.0,1.0,2021,5,Rookie
26331,Charl Schwartzel,8,17.0,17.0,1,133000.0,1.0,2021,5,Rookie
26331,Charl Schwartzel,12,77.0,77.0,1,15795.0,1.0,2022,4,Rookie
26331,Charl Schwartzel,16,18.0,18.0,1,80761.37,1.0,2021,5,Rookie
26331,Charl Schwartzel,19,62.0,62.0,1,20460.0,0.5,2022,4,Rookie
26331,Charl Schwartzel,22,53.0,53.0,1,16478.0,0.5,2022,4,Rookie
26331,Charl Schwartzel,26,53.0,53.0,1,21994.5,1.0,2021,5,Rookie
26331,Charl Schwartzel,31,,,0,0.0,0.0,2021,5,Rookie
26331,Charl Schwartzel,34,60.0,60.0,1,26125.0,0.5,2022,4,Rookie
26331,Charl Schwartzel,35,,,0,0.0,0.0,2022,4,Rookie
26331,Charl Schwartzel,38,54.0,54.0,1,18880.0,1.0,2022,4,Rookie
26331,Charl Schwartzel,41,,,0,0.0,0.0,2021,5,Rookie
26331,Charl Schwartzel,42,23.0,23.0,1,57420.0,1.0,2021,5,Rookie
26331,Charl Schwartzel,43,32.0,32.0,1,39380.0,1.0,2021,5,Rookie
26331,Charl Schwartzel,46,,,0,0.0,0.0,2022,4,Rookie
26331,Charl Schwartzel,47,,,0,0.0,0.0,2021,5,Rookie
26331,Charl Schwartzel,56,69.0,69.0,1,15631.0,1.0,2021,5,Rookie
26331,Charl Schwartzel,57,21.0,21.0,1,65291.25,0.5,2022,4,Rookie
26331,Charl Schwartzel,58,,,0,0.0,0.0,2021,5,Rookie
26331,Charl Schwartzel,59,,,0,0.0,0.0,2021,5,Rookie
26331,Charl Schwartzel,60,14.0,14.0,1,143775.0,0.5,2022,4,Rookie
26331,Charl Schwartzel,62,,,0,0.0,0.0,2021,5,Rookie
26420,Richard Johnson,3,,,0,0.0,0.0,2023,3,Rookie
26420,Richard Johnson,4,,,0,0.0,0.0,2022,4,Rookie
26420,Richard Johnson,6,63.0,58.0,2,15458.0,0.6666666666666666,2023,3,Familiar
26420,Richard Johnson,25,,,0,0.0,0.0,2022,4,Rookie
26420,Richard Johnson,28,,,0,0.0,0.0,2023,3,Rookie
26420,Richard Johnson,33,66.0,66.0,1,15549.0,1.0,2021,5,Rookie
26420,Richard Johnson,37,,,0,0.0,0.0,2022,4,Rookie
26476,Chez Reavie,0,30.0,11.0,2,160455.0,0.4,2025,1,Familiar
26476,Chez Reavie,1,71.0,71.0,1,17864.0,0.25,2025,1,Rookie
26476,Chez Reavie,2,63.0,49.0,2,45751.5,0.6666666666666666,2023,3,Familiar
26476,Chez Reavie,3,,,0,0.0,0.0,2022,4,Rookie
26476,Chez Reavie,4,16.0,16.0,1,118950.0,0.5,2022,4,Rookie
26476,Chez Reavie,7,54.0,54.0,1,17400.0,1.0,2024,2,Rookie
26476,Chez Reavie,8,54.0,54.0,1,34350.0,1.0,2022,4,Rookie
26476,Chez Reavie,10,33.5,27.0,2,88087.5,0.6666666666666666,2024,2,Familiar
26476,Chez Reavie,13,,,0,0.0,0.0,2025,1,Rookie
26476,Chez Reavie,14,72.0,72.0,1,17850.0,1.0,2023,3,Rookie
26476,Chez Reavie,16,70.0,70.0,1,16968.0,0.5,2024,2,Rookie
26476,Chez Reavie,17,51.0,51.0,1,36050.0,1.0,2022,4,Rookie
26476,Chez Reavie,18,47.0,28.0,2,69076.0,0.6666666666666666,2023,3,Familiar
26476,Chez Reavie,19,10.0,10.0,1,303000.0,0.3333333333333333,2023,3,Rookie
26476,Chez Reavie,21,41.0,41.0,1,28125.0,1.0,2022,4,Rookie
26476,Chez Reavie,22,,,0,0.0,0.0,2021,5,Rookie
26476,Chez Reavie,24,30.0,10.0,2,103180.0,1.0,2025,1,Familiar
26476,Chez Reavie,25,26.5,18.0,2,119097.14,0.5,2024,2,Familiar
26476,Chez Reavie,27,58.0,58.0,1,45600.0,1.0,2023,3,Rookie
26476,Chez Reavie,28,31.0,13.0,2,167023.66999999998,0.6666666666666666,2024,2,Familiar
26476,Chez Reavie,30,32.0,32.0,1,24450.0,1.0,2024,2,Rookie
26476,Chez Reavie,31,31.0,31.0,1,48925.0,1.0,2021,5,Rookie
26476,Chez Reavie,32,,,0,0.0,0.0,2025,1,Rookie
26476,Chez Reavie,33,14.0,14.0,1,125925.0,1.0,2021,5,Rookie
26476,Chez Reavie,34,40.0,40.0,1,46900.0,0.5,2023,3,Rookie
26476,Chez Reavie,35,,,0,0.0,0.0,2024,2,Rookie
26476,Chez Reavie,36,32.0,32.0,1,34260.0,0.5,2025,1,Rookie
26476,Chez Reavie,37,45.0,25.0,2,84872.0,1.0,2024,2,Familiar
26476,Chez Reavie,38,11.0,11.0,1,445000.0,0.3333333333333333,2023,3,Rookie
26476,Chez Reavie,40,29.0,29.0,1,58960.0,0.3333333333333333,2024,2,Rookie
26476,Chez Reavie,41,48.5,26.0,2,70010.0,0.5,2025,1,Familiar
26476,Chez Reavie,42,3.0,3.0,1,322162.5,1.0,2021,5,Rookie
26476,Chez Reavie,43,46.0,46.0,1,17980.28,0.2,2024,2,Rookie
26476,Chez Reavie,45,35.0,35.0,1,203500.0,1.0,2023,3,Rookie
26476,Chez Reavie,46,,,0,0.0,0.0,2024,2,Rookie
26476,Chez Reavie,47,63.0,63.0,1,15330.0,1.0,2021,5,Rookie
26476,Chez Reavie,48,54.0,41.0,2,41773.0,0.6666666666666666,2024,2,Familiar
26476,Chez Reavie,49,,,0,0.0,0.0,2024,2,Rookie
26476,Chez Reavie,51,12.333333333333334,4.0,3,1143361.6600000001,1.0,2023,3,Experienced
26476,Chez Reavie,54,,,0,0.0,0.0,2021,5,Rookie
26476,Chez Reavie,56,19.5,6.0,2,349441.67,0.6666666666666666,2024,2,Familiar
26476,Chez Reavie,57,25.5,12.0,2,195990.0,0.5,2024,2,Familiar
26476,Chez Reavie,59,,,0,0.0,0.0,2021,5,Rookie
26476,Chez Reavie,60,15.0,15.0,1,141750.0,0.3333333333333333,2023,3,Rookie
26476,Chez Reavie,61,,,0,0.0,0.0,2025,1,Rookie
26476,Chez Reavie,62,37.0,27.0,2,72315.57,0.5,2024,2,Familiar
26499,Rafa Cabrera Bello,0,58.0,58.0,1,14718.0,1.0,2021,5,Rookie
26499,Rafa Cabrera Bello,3,21.0,21.0,1,84969.0,1.0,2021,5,Rookie
26499,Rafa Cabrera Bello,4,,,0,0.0,0.0,2021,5,Rookie
26499,Rafa Cabrera Bello,10,32.0,32.0,1,40125.0,1.0,2021,5,Rookie
26499,Rafa Cabrera Bello,20,,,0,0.0,0.0,2023,3,Rookie
26499,Rafa Cabrera Bello,22,,,0,0.0,0.0,2021,5,Rookie
26499,Rafa Cabrera Bello,24,,,0,0.0,0.0,2025,1,Rookie
26499,Rafa Cabrera Bello,25,23.0,23.0,1,55490.0,1.0,2021,5,Rookie
26499,Rafa Cabrera Bello,26,37.0,37.0,1,42315.0,1.0,2021,5,Rookie
26499,Rafa Cabrera Bello,27,,,0,0.0,0.0,2022,4,Rookie
26499,Rafa Cabrera Bello,28,,,0,0.0,0.0,2022,4,Rookie
26499,Rafa Cabrera Bello,33,,,0,0.0,0.0,2021,5,Rookie
26499,Rafa Cabrera Bello,37,64.0,64.0,1,18531.0,1.0,2022,4,Rookie
26499,Rafa Cabrera Bello,40,,,0,0.0,0.0,2021,5,Rookie
26499,Rafa Cabrera Bello,41,54.0,54.0,1,15510.0,1.0,2021,5,Rookie
26499,Rafa Cabrera Bello,42,,,0,0.0,0.0,2021,5,Rookie
26499,Rafa Cabrera Bello,43,46.0,46.0,1,17980.29,1.0,2021,5,Rookie
26499,Rafa Cabrera Bello,47,,,0,0.0,0.0,2021,5,Rookie
26499,Rafa Cabrera Bello,51,,,0,0.0,0.0,2021,5,Rookie
26499,Rafa Cabrera Bello,54,23.0,23.0,1,101797.0,1.0,2021,5,Rookie
26499,Rafa Cabrera Bello,56,44.0,44.0,1,21852.6,1.0,2021,5,Rookie
26499,Rafa Cabrera Bello,57,,,0,0.0,0.0,2021,5,Rookie
26499,Rafa Cabrera Bello,60,,,0,0.0,0.0,2021,5,Rookie
26499,Rafa Cabrera Bello,62,78.0,78.0,1,13724.0,1.0,2022,4,Rookie
26500,Alejandro Cañizares,6,,,0,0.0,0.0,2022,4,Rookie
26503,Alfredo Garcia-Heredia,6,47.0,47.0,1,10347.67,1.0,2022,4,Rookie
26503,Alfredo Garcia-Heredia,24,,,0,0.0,0.0,2025,1,Rookie
26539,Robert Rock,53,,,0,0.0,0.0,2024,2,Rookie
26596,Ryan Moore,0,,,0,0.0,0.0,2024,2,Rookie
26596,Ryan Moore,1,,,0,0.0,0.0,2023,3,Rookie
26596,Ryan Moore,3,,,0,0.0,0.0,2023,3,Rookie
26596,Ryan Moore,4,25.0,7.0,3,361849.72,1.0,2023,3,Experienced
26596,Ryan Moore,6,34.0,14.0,2,79834.0,1.0,2023,3,Familiar
26596,Ryan Moore,7,,,0,0.0,0.0,2024,2,Rookie
26596,Ryan Moore,10,69.0,69.0,1,18837.0,1.0,2024,2,Rookie
26596,Ryan Moore,13,,,0,0.0,0.0,2024,2,Rookie
26596,Ryan Moore,15,,,0,0.0,0.0,2024,2,Rookie
26596,Ryan Moore,16,,,0,0.0,0.0,2024,2,Rookie
26596,Ryan Moore,18,45.0,45.0,1,23964.0,0.3333333333333333,2023,3,Rookie
26596,Ryan Moore,22,,,0,0.0,0.0,2023,3,Rookie
26596,Ryan Moore,24,21.0,21.0,1,43600.0,1.0,2024,2,Rookie
26596,Ryan Moore,25,13.0,2.0,2,609665.0,0.5,2024,2,Familiar
26596,Ryan Moore,27,70.0,70.0,1,24600.0,1.0,2022,4,Rookie
26596,Ryan Moore,28,46.5,33.0,2,59129.67,1.0,2024,2,Familiar
26596,Ryan Moore,30,,,0,0.0,0.0,2024,2,Rookie
26596,Ryan Moore,35,40.0,35.0,2,143187.5,1.0,2024,2,Familiar
26596,Ryan Moore,36,,,0,0.0,0.0,2025,1,Rookie
26596,Ryan Moore,37,40.0,25.0,3,125636.0,1.0,2024,2,Experienced
26596,Ryan Moore,38,52.0,52.0,1,17004.5,0.5,2023,3,Rookie
26596,Ryan Moore,40,54.0,44.0,2,47820.0,0.6666666666666666,2024,2,Familiar
26596,Ryan Moore,41,8.0,8.0,1,228900.0,0.5,2024,2,Rookie
26596,Ryan Moore,43,39.0,39.0,1,28350.0,0.3333333333333333,2023,3,Rookie
26596,Ryan Moore,46,25.0,13.0,3,244480.0,0.75,2024,2,Experienced
26596,Ryan Moore,48,,,0,0.0,0.0,2024,2,Rookie
26596,Ryan Moore,49,31.0,31.0,1,54418.0,1.0,2024,2,Rookie
26596,Ryan Moore,51,54.0,54.0,1,17094.0,0.5,2023,3,Rookie
26596,Ryan Moore,56,60.5,45.0,2,41633.0,0.6666666666666666,2024,2,Familiar
26596,Ryan Moore,57,22.0,5.0,2,324600.0,0.6666666666666666,2024,2,Familiar
26596,Ryan Moore,59,,,0,0.0,0.0,2021,5,Rookie
26596,Ryan Moore,60,54.0,54.0,1,18954.0,0.5,2023,3,Rookie
26596,Ryan Moore,61,49.0,49.0,1,20869.0,0.3333333333333333,2024,2,Rookie
26596,Ryan Moore,62,33.0,21.0,2,97319.62,0.5,2024,2,Familiar
26679,Kevin Stadler,0,,,0,0.0,0.0,2022,4,Rookie
26679,Kevin Stadler,1,,,0,0.0,0.0,2021,5,Rookie
26679,Kevin Stadler,3,,,0,0.0,0.0,2023,3,Rookie
26679,Kevin Stadler,4,,,0,0.0,0.0,2022,4,Rookie
26679,Kevin Stadler,6,,,0,0.0,0.0,2023,3,Rookie
26679,Kevin Stadler,16,77.0,77.0,1,14250.0,1.0,2021,5,Rookie
26679,Kevin Stadler,18,,,0,0.0,0.0,2023,3,Rookie
26679,Kevin Stadler,25,,,0,0.0,0.0,2022,4,Rookie
26679,Kevin Stadler,28,,,0,0.0,0.0,2023,3,Rookie
26679,Kevin Stadler,33,,,0,0.0,0.0,2021,5,Rookie
26679,Kevin Stadler,37,,,0,0.0,0.0,2023,3,Rookie
26679,Kevin Stadler,40,,,0,0.0,0.0,2021,5,Rookie
26679,Kevin Stadler,41,,,0,0.0,0.0,2021,5,Rookie
26679,Kevin Stadler,43,,,0,0.0,0.0,2022,4,Rookie
26679,Kevin Stadler,47,,,0,0.0,0.0,2021,5,Rookie
26679,Kevin Stadler,51,,,0,0.0,0.0,2021,5,Rookie
26679,Kevin Stadler,56,54.0,54.0,1,17941.0,1.0,2021,5,Rookie
26679,Kevin Stadler,57,,,0,0.0,0.0,2021,5,Rookie
26679,Kevin Stadler,58,,,0,0.0,0.0,2021,5,Rookie
26679,Kevin Stadler,59,,,0,0.0,0.0,2021,5,Rookie
26679,Kevin Stadler,61,,,0,0.0,0.0,2024,2,Rookie
26735,Marty Jertson,54,,,0,0.0,0.0,2021,5,Rookie
26757,Greg Sonnier,43,,,0,0.0,0.0,2023,3,Rookie
26758,David Hearn,0,58.0,58.0,1,14718.0,0.3333333333333333,2023,3,Rookie
26758,David Hearn,1,64.0,64.0,1,14338.0,1.0,2021,5,Rookie
26758,David Hearn,3,,,0,0.0,0.0,2021,5,Rookie
26758,David Hearn,4,65.0,65.0,1,17661.0,0.5,2022,4,Rookie
26758,David Hearn,6,44.0,20.0,2,45873.0,0.6666666666666666,2023,3,Familiar
26758,David Hearn,16,,,0,0.0,0.0,2021,5,Rookie
26758,David Hearn,18,,,0,0.0,0.0,2022,4,Rookie
26758,David Hearn,22,,,0,0.0,0.0,2021,5,Rookie
26758,David Hearn,25,50.0,50.0,1,15264.4,0.5,2022,4,Rookie
26758,David Hearn,28,,,0,0.0,0.0,2022,4,Rookie
26758,David Hearn,33,,,0,0.0,0.0,2021,5,Rookie
26758,David Hearn,37,69.0,69.0,1,19458.0,0.25,2025,1,Rookie
26758,David Hearn,40,,,0,0.0,0.0,2021,5,Rookie
26758,David Hearn,41,,,0,0.0,0.0,2022,4,Rookie
26758,David Hearn,42,14.0,14.0,1,100650.0,1.0,2021,5,Rookie
26758,David Hearn,43,,,0,0.0,0.0,2021,5,Rookie
26758,David Hearn,48,,,0,0.0,0.0,2021,5,Rookie
26758,David Hearn,51,73.0,73.0,1,14578.0,1.0,2021,5,Rookie
26758,David Hearn,56,,,0,0.0,0.0,2021,5,Rookie
26758,David Hearn,57,,,0,0.0,0.0,2021,5,Rookie
26758,David Hearn,58,,,0,0.0,0.0,2021,5,Rookie
26758,David Hearn,60,,,0,0.0,0.0,2021,5,Rookie
26851,Marc Leishman,2,68.0,68.0,1,24720.0,0.5,2022,4,Rookie
26851,Marc Leishman,3,36.0,21.0,2,106604.25,1.0,2022,4,Familiar
26851,Marc Leishman,8,39.5,28.0,2,127620.0,1.0,2022,4,Familiar
26851,Marc Leishman,11,52.0,52.0,1,20168.58,1.0,2021,5,Rookie
26851,Marc Leishman,12,38.0,38.0,1,37635.0,1.0,2022,4,Rookie
26851,Marc Leishman,16,17.0,16.0,2,213061.37,1.0,2022,4,Familiar
26851,Marc Leishman,17,64.0,64.0,1,32250.0,1.0,2022,4,Rookie
26851,Marc Leishman,18,4.0,4.0,1,315000.0,1.0,2022,4,Rookie
26851,Marc Leishman,19,23.5,15.0,2,240925.0,1.0,2022,4,Familiar
26851,Marc Leishman,21,19.0,19.0,1,85660.71,1.0,2022,4,Rookie
26851,Marc Leishman,26,57.0,57.0,1,21111.0,1.0,2021,5,Rookie
26851,Marc Leishman,27,,,0,0.0,0.0,2022,4,Rookie
26851,Marc Leishman,31,47.0,47.0,1,24330.55,1.0,2021,5,Rookie
26851,Marc Leishman,34,34.0,34.0,1,61607.14,0.5,2022,4,Rookie
26851,Marc Leishman,35,,,0,0.0,0.0,2022,4,Rookie
26851,Marc Leishman,45,17.0,10.0,2,251200.0,1.0,2022,4,Familiar
26851,Marc Leishman,46,3.0,3.0,1,371000.0,1.0,2022,4,Rookie
26851,Marc Leishman,48,20.0,4.0,2,313450.0,1.0,2022,4,Familiar
26851,Marc Leishman,51,3.0,3.0,1,510600.0,0.5,2022,4,Rookie
26851,Marc Leishman,53,26.0,14.0,2,331910.0,1.0,2025,1,Familiar
26851,Marc Leishman,54,,,0,0.0,0.0,2021,5,Rookie
26851,Marc Leishman,55,38.0,38.0,1,90608.0,1.0,2021,5,Rookie
26851,Marc Leishman,60,,,0,0.0,0.0,2022,4,Rookie
26851,Marc Leishman,64,70.0,70.0,1,14000.0,1.0,2021,5,Rookie
26951,Johnson Wagner,0,,,0,0.0,0.0,2021,5,Rookie
26951,Johnson Wagner,3,39.0,39.0,1,31185.0,1.0,2021,5,Rookie
26951,Johnson Wagner,4,60.0,60.0,1,19488.0,0.5,2022,4,Rookie
26951,Johnson Wagner,6,,,0,0.0,0.0,2021,5,Rookie
26951,Johnson Wagner,25,,,0,0.0,0.0,2022,4,Rookie
26951,Johnson Wagner,28,,,0,0.0,0.0,2022,4,Rookie
26951,Johnson Wagner,33,,,0,0.0,0.0,2021,5,Rookie
26951,Johnson Wagner,37,,,0,0.0,0.0,2022,4,Rookie
26951,Johnson Wagner,42,,,0,0.0,0.0,2021,5,Rookie
26951,Johnson Wagner,60,58.0,58.0,1,18063.0,0.5,2022,4,Rookie
26951,Johnson Wagner,62,55.0,55.0,1,14976.0,1.0,2021,5,Rookie
27064,Jhonattan Vegas,0,15.666666666666666,1.0,3,1982096.0,1.0,2025,1,Experienced
27064,Jhonattan Vegas,1,,,0,0.0,0.0,2025,1,Rookie
27064,Jhonattan Vegas,3,34.0,9.0,2,232827.0,1.0,2022,4,Familiar
27064,Jhonattan Vegas,4,45.0,40.0,2,85578.6,1.0,2025,1,Familiar
27064,Jhonattan Vegas,8,41.5,38.0,2,118000.0,1.0,2025,1,Familiar
27064,Jhonattan Vegas,10,69.0,69.0,1,15300.0,0.5,2025,1,Rookie
27064,Jhonattan Vegas,12,14.0,14.0,1,169065.0,1.0,2022,4,Rookie
27064,Jhonattan Vegas,13,13.0,13.0,1,200475.0,0.5,2025,1,Rookie
27064,Jhonattan Vegas,15,61.0,61.0,1,20700.0,1.0,2025,1,Rookie
27064,Jhonattan Vegas,16,35.333333333333336,25.0,3,133970.0,0.6,2025,1,Experienced
27064,Jhonattan Vegas,17,27.0,14.0,2,437000.0,0.6666666666666666,2025,1,Familiar
27064,Jhonattan Vegas,19,55.5,55.0,2,74000.0,1.0,2023,3,Familiar
27064,Jhonattan Vegas,20,50.0,50.0,1,29754.0,1.0,2025,1,Rookie
27064,Jhonattan Vegas,21,26.0,26.0,1,58125.0,1.0,2022,4,Rookie
27064,Jhonattan Vegas,22,31.0,21.0,3,161566.0,1.0,2023,3,Experienced
27064,Jhonattan Vegas,25,15.5,11.0,2,230664.28,1.0,2024,2,Familiar
27064,Jhonattan Vegas,27,40.5,37.0,2,113400.0,1.0,2025,1,Familiar
27064,Jhonattan Vegas,28,60.0,60.0,1,18063.0,1.0,2024,2,Rookie
27064,Jhonattan Vegas,31,,,0,0.0,0.0,2021,5,Rookie
27064,Jhonattan Vegas,33,2.0,2.0,1,411233.33,1.0,2021,5,Rookie
27064,Jhonattan Vegas,34,5.0,5.0,1,694700.0,0.5,2025,1,Rookie
27064,Jhonattan Vegas,35,60.5,60.0,2,89250.0,0.5,2025,1,Familiar
27064,Jhonattan Vegas,36,32.0,32.0,1,34260.0,1.0,2024,2,Rookie
27064,Jhonattan Vegas,37,40.0,27.0,2,86187.0,1.0,2024,2,Familiar
27064,Jhonattan Vegas,40,37.0,25.0,2,95602.0,1.0,2024,2,Familiar
27064,Jhonattan Vegas,41,12.0,12.0,1,147600.0,0.5,2022,4,Rookie
27064,Jhonattan Vegas,42,52.0,52.0,1,15807.0,1.0,2021,5,Rookie
27064,Jhonattan Vegas,43,23.0,23.0,1,68020.0,0.5,2024,2,Rookie
27064,Jhonattan Vegas,44,4.0,4.0,1,975000.0,1.0,2025,1,Rookie
27064,Jhonattan Vegas,46,52.0,52.0,1,17360.0,1.0,2024,2,Rookie
27064,Jhonattan Vegas,48,,,0,0.0,0.0,2024,2,Rookie
27064,Jhonattan Vegas,49,36.0,36.0,1,39635.56,0.5,2025,1,Rookie
27064,Jhonattan Vegas,51,36.0,36.0,1,90500.0,0.5,2025,1,Rookie
27064,Jhonattan Vegas,53,46.0,46.0,1,57070.0,1.0,2025,1,Rookie
27064,Jhonattan Vegas,55,46.0,46.0,1,57070.0,1.0,2021,5,Rookie
27064,Jhonattan Vegas,56,18.0,18.0,1,92606.36,0.3333333333333333,2024,2,Rookie
27064,Jhonattan Vegas,57,37.5,27.0,2,72287.0,0.4,2025,1,Familiar
27064,Jhonattan Vegas,58,44.0,44.0,1,22750.0,1.0,2021,5,Rookie
27064,Jhonattan Vegas,60,29.0,15.0,2,166819.5,1.0,2022,4,Familiar
27064,Jhonattan Vegas,61,22.5,22.0,2,256133.33000000002,1.0,2024,2,Familiar
27064,Jhonattan Vegas,62,38.0,15.0,2,109038.22,1.0,2024,2,Familiar
27064,Jhonattan Vegas,63,11.0,11.0,1,204000.0,1.0,2024,2,Rookie
27095,Nick Watney,0,34.0,34.0,1,34386.0,0.25,2024,2,Rookie
27095,Nick Watney,1,,,0,0.0,0.0,2023,3,Rookie
27095,Nick Watney,2,20.0,20.0,1,131400.0,1.0,2022,4,Rookie
27095,Nick Watney,3,,,0,0.0,0.0,2023,3,Rookie
27095,Nick Watney,4,65.0,65.0,1,17661.0,0.3333333333333333,2023,3,Rookie
27095,Nick Watney,6,37.0,37.0,1,16625.0,0.5,2023,3,Rookie
27095,Nick Watney,9,53.0,53.0,1,20118.0,1.0,2023,3,Rookie
27095,Nick Watney,10,,,0,0.0,0.0,2022,4,Rookie
27095,Nick Watney,13,,,0,0.0,0.0,2025,1,Rookie
27095,Nick Watney,16,,,0,0.0,0.0,2024,2,Rookie
27095,Nick Watney,17,,,0,0.0,0.0,2022,4,Rookie
27095,Nick Watney,18,50.0,30.0,2,59195.0,0.6666666666666666,2023,3,Familiar
27095,Nick Watney,19,55.0,55.0,1,27600.0,0.5,2023,3,Rookie
27095,Nick Watney,21,,,0,0.0,0.0,2022,4,Rookie
27095,Nick Watney,22,30.0,30.0,1,43133.33,1.0,2022,4,Rookie
27095,Nick Watney,24,,,0,0.0,0.0,2025,1,Rookie
27095,Nick Watney,25,50.0,50.0,1,15264.4,0.25,2024,2,Rookie
27095,Nick Watney,27,,,0,0.0,0.0,2022,4,Rookie
27095,Nick Watney,28,,,0,0.0,0.0,2023,3,Rookie
27095,Nick Watney,30,,,0,0.0,0.0,2024,2,Rookie
27095,Nick Watney,32,45.0,45.0,1,12005.71,1.0,2025,1,Rookie
27095,Nick Watney,33,,,0,0.0,0.0,2021,5,Rookie
27095,Nick Watney,35,66.0,66.0,1,42400.0,0.5,2023,3,Rookie
27095,Nick Watney,36,,,0,0.0,0.0,2025,1,Rookie
27095,Nick Watney,37,,,0,0.0,0.0,2023,3,Rookie
27095,Nick Watney,38,,,0,0.0,0.0,2022,4,Rookie
27095,Nick Watney,40,43.0,30.0,2,70228.0,0.6666666666666666,2023,3,Familiar
27095,Nick Watney,41,,,0,0.0,0.0,2025,1,Rookie
27095,Nick Watney,42,46.0,46.0,1,18282.0,1.0,2021,5,Rookie
27095,Nick Watney,43,37.5,2.0,2,638563.0,0.5,2023,3,Familiar
27095,Nick Watney,46,56.0,56.0,1,15820.0,0.3333333333333333,2023,3,Rookie
27095,Nick Watney,47,,,0,0.0,0.0,2021,5,Rookie
27095,Nick Watney,48,,,0,0.0,0.0,2021,5,Rookie
27095,Nick Watney,51,,,0,0.0,0.0,2023,3,Rookie
27095,Nick Watney,56,,,0,0.0,0.0,2023,3,Rookie
27095,Nick Watney,57,,,0,0.0,0.0,2021,5,Rookie
27095,Nick Watney,60,,,0,0.0,0.0,2023,3,Rookie
27095,Nick Watney,61,,,0,0.0,0.0,2023,3,Rookie
27095,Nick Watney,62,,,0,0.0,0.0,2023,3,Rookie
27114,Ben Willman,28,,,0,0.0,0.0,2022,4,Rookie
27114,Ben Willman,56,,,0,0.0,0.0,2024,2,Rookie
27114,Ben Willman,58,,,0,0.0,0.0,2021,5,Rookie
27129,Luke List,0,58.0,58.0,1,14718.0,0.3333333333333333,2025,1,Rookie
27129,Luke List,1,21.5,21.0,2,138045.0,0.5,2025,1,Familiar
27129,Luke List,2,59.5,56.0,2,66181.0,0.5,2024,2,Familiar
27129,Luke List,3,47.5,34.0,2,63261.67,0.6666666666666666,2023,3,Familiar
27129,Luke List,4,26.0,26.0,1,143800.0,1.0,2024,2,Rookie
27129,Luke List,5,,,0,0.0,0.0,2025,1,Rookie
27129,Luke List,6,5.0,5.0,1,115937.5,1.0,2021,5,Rookie
27129,Luke List,7,,,0,0.0,0.0,2024,2,Rookie
27129,Luke List,8,61.0,61.0,1,32550.0,1.0,2022,4,Rookie
27129,Luke List,9,57.0,57.0,1,19236.0,1.0,2023,3,Rookie
27129,Luke List,10,46.5,36.0,2,61996.38,0.5,2025,1,Familiar
27129,Luke List,13,30.0,30.0,1,52293.18,0.5,2025,1,Rookie
27129,Luke List,14,58.0,58.0,1,20685.0,1.0,2023,3,Rookie
27129,Luke List,15,,,0,0.0,0.0,2025,1,Rookie
27129,Luke List,16,28.4,1.0,5,1790350.0,1.0,2025,1,Veteran
27129,Luke List,17,,,0,0.0,0.0,2022,4,Rookie
27129,Luke List,18,38.0,25.0,2,82670.0,0.6666666666666666,2023,3,Familiar
27129,Luke List,19,15.5,2.0,2,1934000.0,0.5,2024,2,Familiar
27129,Luke List,20,35.0,35.0,1,52810.72,0.5,2024,2,Rookie
27129,Luke List,21,11.0,11.0,1,166875.0,1.0,2022,4,Rookie
27129,Luke List,22,,,0,0.0,0.0,2021,5,Rookie
27129,Luke List,24,8.0,8.0,1,113333.33,1.0,2025,1,Rookie
27129,Luke List,25,4.0,4.0,1,248000.0,0.3333333333333333,2025,1,Rookie
27129,Luke List,26,,,0,0.0,0.0,2021,5,Rookie
27129,Luke List,27,21.0,16.0,2,364900.0,1.0,2023,3,Familiar
27129,Luke List,28,,,0,0.0,0.0,2023,3,Rookie
27129,Luke List,29,,,0,0.0,0.0,2025,1,Rookie
27129,Luke List,31,70.0,70.0,1,19475.0,1.0,2021,5,Rookie
27129,Luke List,32,67.0,67.0,1,8560.0,1.0,2025,1,Rookie
27129,Luke List,33,,,0,0.0,0.0,2021,5,Rookie
27129,Luke List,34,41.0,41.0,1,43839.29,0.5,2024,2,Rookie
27129,Luke List,35,,,0,0.0,0.0,2025,1,Rookie
27129,Luke List,36,30.0,30.0,1,36825.0,1.0,2025,1,Rookie
27129,Luke List,37,,,0,0.0,0.0,2025,1,Rookie
27129,Luke List,38,58.0,58.0,1,16259.0,0.3333333333333333,2023,3,Rookie
27129,Luke List,39,41.0,41.0,1,36000.0,1.0,2025,1,Rookie
27129,Luke List,40,67.0,67.0,1,19412.0,0.3333333333333333,2024,2,Rookie
27129,Luke List,41,14.5,10.0,2,296100.0,0.3333333333333333,2025,1,Familiar
27129,Luke List,42,65.0,65.0,1,14124.0,1.0,2021,5,Rookie
27129,Luke List,43,32.4,1.0,5,1640499.6700000002,0.8333333333333334,2025,1,Veteran
27129,Luke List,44,22.0,22.0,1,220000.0,1.0,2024,2,Rookie
27129,Luke List,45,11.0,11.0,1,292500.0,1.0,2023,3,Rookie
27129,Luke List,46,29.5,18.0,2,139650.0,0.6666666666666666,2024,2,Familiar
27129,Luke List,47,,,0,0.0,0.0,2021,5,Rookie
27129,Luke List,48,69.0,66.0,2,34656.0,0.6666666666666666,2025,1,Familiar
27129,Luke List,49,,,0,0.0,0.0,2025,1,Rookie
27129,Luke List,51,26.0,19.0,2,215101.66999999998,1.0,2023,3,Familiar
27129,Luke List,53,,,0,0.0,0.0,2023,3,Rookie
27129,Luke List,56,36.333333333333336,17.0,3,162164.4,0.75,2025,1,Experienced
27129,Luke List,57,64.0,64.0,1,18705.0,0.3333333333333333,2025,1,Rookie
27129,Luke List,58,,,0,0.0,0.0,2021,5,Rookie
27129,Luke List,59,30.0,30.0,1,44712.5,1.0,2021,5,Rookie
27129,Luke List,60,18.5,6.0,2,328387.5,0.6666666666666666,2023,3,Familiar
27129,Luke List,61,44.5,36.0,2,60300.3,0.5,2025,1,Familiar
27129,Luke List,62,,,0,0.0,0.0,2025,1,Rookie
27129,Luke List,63,16.0,16.0,1,121210.0,1.0,2024,2,Rookie
27139,David Skinns,0,45.0,24.0,3,98565.0,1.0,2025,1,Experienced
27139,David Skinns,1,,,0,0.0,0.0,2025,1,Rookie
27139,David Skinns,3,38.0,38.0,1,36855.0,1.0,2022,4,Rookie
27139,David Skinns,4,,,0,0.0,0.0,2022,4,Rookie
27139,David Skinns,5,,,0,0.0,0.0,2025,1,Rookie
27139,David Skinns,6,68.0,68.0,1,7548.0,1.0,2022,4,Rookie
27139,David Skinns,7,,,0,0.0,0.0,2024,2,Rookie
27139,David Skinns,10,,,0,0.0,0.0,2024,2,Rookie
27139,David Skinns,13,50.0,48.0,2,48695.5,1.0,2025,1,Familiar
27139,David Skinns,15,4.0,4.0,1,344250.0,0.5,2025,1,Rookie
27139,David Skinns,16,,,0,0.0,0.0,2025,1,Rookie
27139,David Skinns,18,69.0,69.0,1,14420.0,1.0,2022,4,Rookie
27139,David Skinns,22,,,0,0.0,0.0,2022,4,Rookie
27139,David Skinns,24,4.0,4.0,1,180000.0,0.5,2025,1,Rookie
27139,David Skinns,25,,,0,0.0,0.0,2025,1,Rookie
27139,David Skinns,28,51.0,51.0,1,17355.75,0.5,2024,2,Rookie
27139,David Skinns,29,,,0,0.0,0.0,2025,1,Rookie
27139,David Skinns,30,20.0,20.0,1,43800.0,1.0,2024,2,Rookie
27139,David Skinns,32,,,0,0.0,0.0,2025,1,Rookie
27139,David Skinns,35,,,0,0.0,0.0,2025,1,Rookie
27139,David Skinns,36,48.5,44.0,2,34560.0,1.0,2025,1,Familiar
27139,David Skinns,37,31.333333333333332,9.0,3,382157.67,1.0,2025,1,Experienced
27139,David Skinns,39,67.0,67.0,1,19776.0,1.0,2025,1,Rookie
27139,David Skinns,40,17.0,17.0,1,149500.0,0.5,2024,2,Rookie
27139,David Skinns,41,29.0,29.0,1,44190.0,0.3333333333333333,2025,1,Rookie
27139,David Skinns,43,37.0,37.0,1,34580.0,0.3333333333333333,2025,1,Rookie
27139,David Skinns,46,66.0,66.0,1,15050.0,1.0,2024,2,Rookie
27139,David Skinns,48,,,0,0.0,0.0,2025,1,Rookie
27139,David Skinns,49,29.5,7.0,2,298713.75,1.0,2025,1,Familiar
27139,David Skinns,51,,,0,0.0,0.0,2022,4,Rookie
27139,David Skinns,56,48.0,48.0,1,22308.4,0.3333333333333333,2025,1,Rookie
27139,David Skinns,57,75.0,75.0,1,16212.0,0.5,2025,1,Rookie
27139,David Skinns,60,,,0,0.0,0.0,2022,4,Rookie
27139,David Skinns,61,49.0,49.0,1,22586.0,1.0,2025,1,Rookie
27139,David Skinns,62,67.5,55.0,2,32611.0,0.6666666666666666,2025,1,Familiar
27139,David Skinns,63,76.0,76.0,1,13940.0,1.0,2024,2,Rookie
27140,Justin Walters,6,63.0,63.0,1,7955.0,1.0,2022,4,Rookie
27140,Justin Walters,20,,,0,0.0,0.0,2023,3,Rookie
27141,J.B. Holmes,3,,,0,0.0,0.0,2021,5,Rookie
27141,J.B. Holmes,4,,,0,0.0,0.0,2023,3,Rookie
27141,J.B. Holmes,7,,,0,0.0,0.0,2024,2,Rookie
27141,J.B. Holmes,15,,,0,0.0,0.0,2024,2,Rookie
27141,J.B. Holmes,16,,,0,0.0,0.0,2024,2,Rookie
27141,J.B. Holmes,18,,,0,0.0,0.0,2023,3,Rookie
27141,J.B. Holmes,19,62.0,57.0,2,63297.0,1.0,2023,3,Familiar
27141,J.B. Holmes,22,58.5,46.0,2,35954.0,1.0,2023,3,Familiar
27141,J.B. Holmes,24,,,0,0.0,0.0,2025,1,Rookie
27141,J.B. Holmes,25,,,0,0.0,0.0,2021,5,Rookie
27141,J.B. Holmes,26,,,0,0.0,0.0,2021,5,Rookie
27141,J.B. Holmes,28,,,0,0.0,0.0,2024,2,Rookie
27141,J.B. Holmes,33,50.0,50.0,1,18542.0,1.0,2021,5,Rookie
27141,J.B. Holmes,36,50.0,50.0,1,14562.86,1.0,2024,2,Rookie
27141,J.B. Holmes,40,,,0,0.0,0.0,2021,5,Rookie
27141,J.B. Holmes,42,46.0,46.0,1,18282.0,1.0,2021,5,Rookie
27141,J.B. Holmes,43,65.0,65.0,1,14190.0,0.5,2024,2,Rookie
27141,J.B. Holmes,47,,,0,0.0,0.0,2021,5,Rookie
27141,J.B. Holmes,49,,,0,0.0,0.0,2024,2,Rookie
27141,J.B. Holmes,51,36.0,36.0,1,30743.64,0.5,2023,3,Rookie
27141,J.B. Holmes,56,,,0,0.0,0.0,2024,2,Rookie
27141,J.B. Holmes,57,68.0,68.0,1,14421.0,0.5,2023,3,Rookie
27141,J.B. Holmes,59,,,0,0.0,0.0,2021,5,Rookie
27141,J.B. Holmes,60,,,0,0.0,0.0,2021,5,Rookie
27141,J.B. Holmes,61,,,0,0.0,0.0,2024,2,Rookie
27141,J.B. Holmes,62,,,0,0.0,0.0,2024,2,Rookie
27171,Jay McLuen,43,63.0,63.0,1,14454.0,1.0,2021,5,Rookie
27214,Kevin Streelman,0,33.0,2.0,2,607615.0,1.0,2024,2,Familiar
27214,Kevin Streelman,1,,,0,0.0,0.0,2025,1,Rookie
27214,Kevin Streelman,2,,,0,0.0,0.0,2023,3,Rookie
27214,Kevin Streelman,4,38.0,13.0,2,185370.0,0.6666666666666666,2023,3,Familiar
27214,Kevin Streelman,5,,,0,0.0,0.0,2025,1,Rookie
27214,Kevin Streelman,6,2.0,2.0,1,403300.0,0.5,2023,3,Rookie
27214,Kevin Streelman,7,3.0,3.0,1,442500.0,1.0,2024,2,Rookie
27214,Kevin Streelman,8,52.0,52.0,1,22154.0,1.0,2021,5,Rookie
27214,Kevin Streelman,9,,,0,0.0,0.0,2023,3,Rookie
27214,Kevin Streelman,10,26.333333333333332,9.0,3,327746.83,0.75,2024,2,Experienced
27214,Kevin Streelman,11,21.0,21.0,1,91956.43,1.0,2021,5,Rookie
27214,Kevin Streelman,12,49.0,49.0,1,21723.0,1.0,2022,4,Rookie
27214,Kevin Streelman,13,,,0,0.0,0.0,2024,2,Rookie
27214,Kevin Streelman,15,,,0,0.0,0.0,2024,2,Rookie
27214,Kevin Streelman,16,37.75,15.0,4,219524.67,0.8,2025,1,Experienced
27214,Kevin Streelman,17,,,0,0.0,0.0,2022,4,Rookie
27214,Kevin Streelman,18,57.5,56.0,2,37076.0,1.0,2023,3,Familiar
27214,Kevin Streelman,19,51.0,50.0,2,71019.26999999999,1.0,2023,3,Familiar
27214,Kevin Streelman,21,50.0,50.0,1,18637.5,1.0,2022,4,Rookie
27214,Kevin Streelman,22,26.0,16.0,2,136318.33000000002,1.0,2022,4,Familiar
27214,Kevin Streelman,24,,,0,0.0,0.0,2024,2,Rookie
27214,Kevin Streelman,25,46.0,41.0,3,70115.66,0.75,2024,2,Experienced
27214,Kevin Streelman,26,13.0,13.0,1,182125.0,1.0,2021,5,Rookie
27214,Kevin Streelman,27,,,0,0.0,0.0,2023,3,Rookie
27214,Kevin Streelman,28,67.0,67.0,1,15111.0,0.5,2023,3,Rookie
27214,Kevin Streelman,30,36.0,36.0,1,20350.0,1.0,2024,2,Rookie
27214,Kevin Streelman,31,64.0,64.0,1,20140.0,1.0,2021,5,Rookie
27214,Kevin Streelman,34,24.5,8.0,2,306839.29,1.0,2022,4,Familiar
27214,Kevin Streelman,35,22.0,22.0,1,201000.0,0.25,2024,2,Rookie
27214,Kevin Streelman,36,57.0,57.0,1,13740.0,0.5,2025,1,Rookie
27214,Kevin Streelman,37,57.0,57.0,1,21526.0,1.0,2024,2,Rookie
27214,Kevin Streelman,38,42.0,33.0,2,87000.0,0.6666666666666666,2023,3,Familiar
27214,Kevin Streelman,40,53.0,49.0,2,41782.0,1.0,2024,2,Familiar
27214,Kevin Streelman,41,46.666666666666664,35.0,3,74022.75,0.5,2025,1,Experienced
27214,Kevin Streelman,42,3.0,3.0,1,322162.5,1.0,2021,5,Rookie
27214,Kevin Streelman,43,36.25,24.0,4,148606.79,0.8,2025,1,Experienced
27214,Kevin Streelman,46,33.5,20.0,2,99427.78,0.5,2024,2,Familiar
27214,Kevin Streelman,47,,,0,0.0,0.0,2021,5,Rookie
27214,Kevin Streelman,48,53.0,53.0,1,20387.0,0.3333333333333333,2025,1,Rookie
27214,Kevin Streelman,51,25.0,25.0,1,61835.0,0.3333333333333333,2023,3,Rookie
27214,Kevin Streelman,53,49.0,49.0,1,49224.0,1.0,2023,3,Rookie
27214,Kevin Streelman,54,,,0,0.0,0.0,2021,5,Rookie
27214,Kevin Streelman,56,36.333333333333336,18.0,3,143624.5,1.0,2024,2,Experienced
27214,Kevin Streelman,57,20.0,7.0,3,342180.0,0.75,2024,2,Experienced
27214,Kevin Streelman,58,,,0,0.0,0.0,2021,5,Rookie
27214,Kevin Streelman,59,22.0,22.0,1,64422.5,1.0,2021,5,Rookie
27214,Kevin Streelman,60,22.0,18.0,2,338275.91000000003,0.6666666666666666,2023,3,Familiar
27214,Kevin Streelman,61,71.0,71.0,1,18584.0,0.3333333333333333,2025,1,Rookie
27214,Kevin Streelman,62,7.0,7.0,1,201066.67,0.25,2024,2,Rookie
27214,Kevin Streelman,64,28.0,28.0,1,50137.14,1.0,2021,5,Rookie
27329,Kevin Hall,4,,,0,0.0,0.0,2021,5,Rookie
27330,Josh Teater,0,65.0,65.0,1,14124.0,0.5,2024,2,Rookie
27330,Josh Teater,1,40.0,40.0,1,25125.0,1.0,2021,5,Rookie
27330,Josh Teater,3,,,0,0.0,0.0,2021,5,Rookie
27330,Josh Teater,4,50.0,50.0,1,19203.6,1.0,2021,5,Rookie
27330,Josh Teater,6,39.0,15.0,2,66580.0,0.6666666666666666,2023,3,Familiar
27330,Josh Teater,7,,,0,0.0,0.0,2024,2,Rookie
27330,Josh Teater,13,,,0,0.0,0.0,2024,2,Rookie
27330,Josh Teater,16,,,0,0.0,0.0,2024,2,Rookie
27330,Josh Teater,24,40.0,40.0,1,16600.0,0.5,2025,1,Rookie
27330,Josh Teater,25,,,0,0.0,0.0,2024,2,Rookie
27330,Josh Teater,28,,,0,0.0,0.0,2024,2,Rookie
27330,Josh Teater,30,,,0,0.0,0.0,2024,2,Rookie
27330,Josh Teater,33,63.0,63.0,1,15987.0,1.0,2021,5,Rookie
27330,Josh Teater,36,61.0,61.0,1,13380.0,1.0,2024,2,Rookie
27330,Josh Teater,37,,,0,0.0,0.0,2024,2,Rookie
27330,Josh Teater,40,58.0,58.0,1,16575.0,0.5,2024,2,Rookie
27330,Josh Teater,41,54.0,54.0,1,15510.0,0.3333333333333333,2024,2,Rookie
27330,Josh Teater,42,,,0,0.0,0.0,2021,5,Rookie
27330,Josh Teater,43,,,0,0.0,0.0,2024,2,Rookie
27330,Josh Teater,48,,,0,0.0,0.0,2024,2,Rookie
27330,Josh Teater,49,,,0,0.0,0.0,2024,2,Rookie
27330,Josh Teater,56,58.0,58.0,1,20148.0,1.0,2024,2,Rookie
27330,Josh Teater,57,,,0,0.0,0.0,2024,2,Rookie
27330,Josh Teater,62,,,0,0.0,0.0,2024,2,Rookie
27349,Alex Noren,0,10.0,7.0,2,399564.29000000004,1.0,2025,1,Familiar
27349,Alex Noren,1,40.0,40.0,1,25125.0,0.5,2022,4,Rookie
27349,Alex Noren,2,55.0,49.0,2,67231.5,1.0,2023,3,Familiar
27349,Alex Noren,3,16.5,12.0,2,278344.0,1.0,2022,4,Familiar
27349,Alex Noren,4,26.0,26.0,1,143800.0,0.5,2024,2,Rookie
27349,Alex Noren,5,,,0,0.0,0.0,2025,1,Rookie
27349,Alex Noren,8,23.333333333333332,9.0,3,872200.0,1.0,2024,2,Experienced
27349,Alex Noren,9,4.0,4.0,1,353500.0,1.0,2023,3,Rookie
27349,Alex Noren,10,29.0,29.0,1,50104.09,1.0,2023,3,Rookie
27349,Alex Noren,11,76.0,76.0,1,15990.0,1.0,2021,5,Rookie
27349,Alex Noren,12,59.0,59.0,1,19012.5,1.0,2022,4,Rookie
27349,Alex Noren,13,3.0,3.0,1,655500.0,1.0,2024,2,Rookie
27349,Alex Noren,14,37.0,37.0,1,46830.0,1.0,2023,3,Rookie
27349,Alex Noren,15,9.0,9.0,1,210535.71,1.0,2024,2,Rookie
27349,Alex Noren,16,38.0,37.0,2,67305.0,1.0,2022,4,Familiar
27349,Alex Noren,17,30.0,30.0,1,130000.0,0.5,2024,2,Rookie
27349,Alex Noren,18,36.0,36.0,1,36457.15,0.5,2023,3,Rookie
27349,Alex Noren,19,30.0,12.0,2,228053.57,0.6666666666666666,2023,3,Familiar
27349,Alex Noren,20,10.0,10.0,1,183330.0,0.3333333333333333,2025,1,Rookie
27349,Alex Noren,22,25.5,5.0,2,328070.0,1.0,2022,4,Familiar
27349,Alex Noren,25,,,0,0.0,0.0,2021,5,Rookie
27349,Alex Noren,26,13.0,13.0,1,182125.0,1.0,2021,5,Rookie
27349,Alex Noren,27,37.666666666666664,22.0,3,330800.0,0.75,2025,1,Experienced
27349,Alex Noren,28,,,0,0.0,0.0,2023,3,Rookie
27349,Alex Noren,31,4.0,4.0,1,399791.67,1.0,2021,5,Rookie
27349,Alex Noren,33,,,0,0.0,0.0,2021,5,Rookie
27349,Alex Noren,34,28.0,12.0,3,673343.3300000001,0.6,2025,1,Experienced
27349,Alex Noren,35,22.5,19.0,2,428535.71,0.5,2024,2,Familiar
27349,Alex Noren,37,,,0,0.0,0.0,2025,1,Rookie
27349,Alex Noren,38,33.5,25.0,2,79873.75,1.0,2022,4,Familiar
27349,Alex Noren,39,,,0,0.0,0.0,2025,1,Rookie
27349,Alex Noren,40,6.5,4.0,2,559700.0,0.6666666666666666,2024,2,Familiar
27349,Alex Noren,41,20.5,18.0,2,162630.0,0.6666666666666666,2023,3,Familiar
27349,Alex Noren,43,43.0,43.0,1,25379.0,1.0,2023,3,Rookie
27349,Alex Noren,46,23.5,3.0,2,433025.0,1.0,2023,3,Familiar
27349,Alex Noren,48,42.0,42.0,1,25912.6,1.0,2024,2,Rookie
27349,Alex Noren,49,11.0,11.0,1,211575.0,1.0,2024,2,Rookie
27349,Alex Noren,51,30.0,30.0,1,125375.0,1.0,2025,1,Rookie
27349,Alex Noren,52,51.0,51.0,1,47000.0,1.0,2025,1,Rookie
27349,Alex Noren,53,,,0,0.0,0.0,2024,2,Rookie
27349,Alex Noren,54,17.0,17.0,1,157931.0,1.0,2021,5,Rookie
27349,Alex Noren,56,14.5,14.0,2,267326.82,1.0,2024,2,Familiar
27349,Alex Noren,57,16.5,12.0,2,225191.25,1.0,2022,4,Familiar
27349,Alex Noren,58,,,0,0.0,0.0,2021,5,Rookie
27349,Alex Noren,60,24.0,24.0,1,166500.0,0.5,2024,2,Rookie
27349,Alex Noren,61,29.5,6.0,2,307529.14,0.6666666666666666,2024,2,Familiar
27349,Alex Noren,62,20.5,3.0,2,515340.0,1.0,2025,1,Familiar
27349,Alex Noren,64,17.0,17.0,1,95857.78,1.0,2021,5,Rookie
27408,Martin Kaymer,22,,,0,0.0,0.0,2022,4,Rookie
27408,Martin Kaymer,34,73.0,73.0,1,22560.0,0.25,2025,1,Rookie
27408,Martin Kaymer,53,64.0,64.0,1,42155.0,0.5,2024,2,Rookie
27408,Martin Kaymer,54,,,0,0.0,0.0,2021,5,Rookie
27408,Martin Kaymer,57,48.0,48.0,1,19439.34,1.0,2022,4,Rookie
27436,Graham DeLaet,42,,,0,0.0,0.0,2021,5,Rookie
27436,Graham DeLaet,47,,,0,0.0,0.0,2021,5,Rookie
27436,Graham DeLaet,58,,,0,0.0,0.0,2021,5,Rookie
27466,Spencer Levin,16,,,0,0.0,0.0,2023,3,Rookie
27466,Spencer Levin,46,44.0,44.0,1,23000.0,1.0,2023,3,Rookie
27466,Spencer Levin,47,,,0,0.0,0.0,2021,5,Rookie
27506,Oliver Wilson,6,,,0,0.0,0.0,2022,4,Rookie
27506,Oliver Wilson,20,,,0,0.0,0.0,2024,2,Rookie
27554,Scott Harrington,0,,,0,0.0,0.0,2023,3,Rookie
27554,Scott Harrington,1,,,0,0.0,0.0,2023,3,Rookie
27554,Scott Harrington,3,50.0,50.0,1,22216.43,0.5,2023,3,Rookie
27554,Scott Harrington,4,66.0,66.0,1,16614.0,0.5,2023,3,Rookie
27554,Scott Harrington,6,48.5,44.0,2,19411.0,1.0,2023,3,Familiar
27554,Scott Harrington,9,,,0,0.0,0.0,2023,3,Rookie
27554,Scott Harrington,16,69.0,69.0,1,17835.0,0.5,2023,3,Rookie
27554,Scott Harrington,18,36.5,30.0,2,67292.0,1.0,2023,3,Familiar
27554,Scott Harrington,19,26.0,26.0,1,67890.0,1.0,2021,5,Rookie
27554,Scott Harrington,22,39.5,26.0,2,81578.0,1.0,2023,3,Familiar
27554,Scott Harrington,25,41.0,41.0,1,22630.0,0.5,2023,3,Rookie
27554,Scott Harrington,28,,,0,0.0,0.0,2023,3,Rookie
27554,Scott Harrington,33,44.0,44.0,1,22435.33,1.0,2021,5,Rookie
27554,Scott Harrington,35,61.0,61.0,1,33000.0,1.0,2021,5,Rookie
27554,Scott Harrington,37,,,0,0.0,0.0,2023,3,Rookie
27554,Scott Harrington,38,42.0,42.0,1,24495.0,1.0,2021,5,Rookie
27554,Scott Harrington,40,,,0,0.0,0.0,2023,3,Rookie
27554,Scott Harrington,41,,,0,0.0,0.0,2023,3,Rookie
27554,Scott Harrington,42,36.0,36.0,1,29411.25,1.0,2021,5,Rookie
27554,Scott Harrington,43,35.0,35.0,1,38283.75,0.3333333333333333,2023,3,Rookie
27554,Scott Harrington,46,,,0,0.0,0.0,2023,3,Rookie
27554,Scott Harrington,47,,,0,0.0,0.0,2021,5,Rookie
27554,Scott Harrington,48,,,0,0.0,0.0,2023,3,Rookie
27554,Scott Harrington,51,,,0,0.0,0.0,2021,5,Rookie
27554,Scott Harrington,56,,,0,0.0,0.0,2023,3,Rookie
27554,Scott Harrington,57,,,0,0.0,0.0,2023,3,Rookie
27554,Scott Harrington,58,66.0,66.0,1,14840.0,1.0,2021,5,Rookie
27554,Scott Harrington,59,,,0,0.0,0.0,2021,5,Rookie
27554,Scott Harrington,60,,,0,0.0,0.0,2021,5,Rookie
27554,Scott Harrington,62,,,0,0.0,0.0,2023,3,Rookie
27556,"Ted Potter, Jr.",0,,,0,0.0,0.0,2022,4,Rookie
27556,"Ted Potter, Jr.",1,,,0,0.0,0.0,2021,5,Rookie
27556,"Ted Potter, Jr.",3,68.0,68.0,1,16848.0,0.5,2023,3,Rookie
27556,"Ted Potter, Jr.",4,,,0,0.0,0.0,2023,3,Rookie
27556,"Ted Potter, Jr.",6,49.5,47.0,2,18292.66,0.6666666666666666,2023,3,Familiar
27556,"Ted Potter, Jr.",16,18.0,18.0,1,80761.36,1.0,2021,5,Rookie
27556,"Ted Potter, Jr.",18,,,0,0.0,0.0,2023,3,Rookie
27556,"Ted Potter, Jr.",22,64.0,64.0,1,15190.0,1.0,2021,5,Rookie
27556,"Ted Potter, Jr.",25,72.0,72.0,1,12462.0,0.5,2022,4,Rookie
27556,"Ted Potter, Jr.",28,,,0,0.0,0.0,2023,3,Rookie
27556,"Ted Potter, Jr.",33,,,0,0.0,0.0,2021,5,Rookie
27556,"Ted Potter, Jr.",37,25.0,25.0,1,64850.0,1.0,2023,3,Rookie
27556,"Ted Potter, Jr.",38,,,0,0.0,0.0,2021,5,Rookie
27556,"Ted Potter, Jr.",40,,,0,0.0,0.0,2021,5,Rookie
27556,"Ted Potter, Jr.",41,,,0,0.0,0.0,2021,5,Rookie
27556,"Ted Potter, Jr.",42,,,0,0.0,0.0,2021,5,Rookie
27556,"Ted Potter, Jr.",43,75.0,75.0,1,15908.0,0.5,2023,3,Rookie
27556,"Ted Potter, Jr.",47,,,0,0.0,0.0,2021,5,Rookie
27556,"Ted Potter, Jr.",48,,,0,0.0,0.0,2021,5,Rookie
27556,"Ted Potter, Jr.",51,,,0,0.0,0.0,2021,5,Rookie
27556,"Ted Potter, Jr.",56,,,0,0.0,0.0,2021,5,Rookie
27556,"Ted Potter, Jr.",57,18.0,18.0,1,98325.0,1.0,2021,5,Rookie
27556,"Ted Potter, Jr.",58,,,0,0.0,0.0,2021,5,Rookie
27556,"Ted Potter, Jr.",59,64.0,64.0,1,15841.0,1.0,2021,5,Rookie
27556,"Ted Potter, Jr.",60,72.0,72.0,1,16038.0,1.0,2021,5,Rookie
27556,"Ted Potter, Jr.",62,,,0,0.0,0.0,2021,5,Rookie
27644,Brian Harman,1,5.5,3.0,2,592075.0,0.5,2025,1,Familiar
27644,Brian Harman,2,26.0,12.0,2,467666.67,0.6666666666666666,2025,1,Familiar
27644,Brian Harman,4,52.75,39.0,4,133191.0,1.0,2025,1,Experienced
27644,Brian Harman,8,22.6,5.0,5,1389250.0,1.0,2025,1,Veteran
27644,Brian Harman,10,26.75,8.0,4,343726.05,0.8,2025,1,Experienced
27644,Brian Harman,11,28.0,28.0,1,57135.0,1.0,2021,5,Rookie
27644,Brian Harman,12,72.0,72.0,1,16575.0,1.0,2022,4,Rookie
27644,Brian Harman,14,23.0,23.0,1,88305.0,1.0,2023,3,Rookie
27644,Brian Harman,15,32.0,32.0,1,52637.14,1.0,2025,1,Rookie
27644,Brian Harman,17,26.5,3.0,4,1234416.67,1.0,2025,1,Experienced
27644,Brian Harman,19,34.666666666666664,17.0,3,361293.29,0.75,2025,1,Experienced
27644,Brian Harman,20,27.666666666666668,12.0,3,278411.14,1.0,2025,1,Experienced
27644,Brian Harman,21,54.0,54.0,1,17400.0,1.0,2022,4,Rookie
27644,Brian Harman,22,,,0,0.0,0.0,2022,4,Rookie
27644,Brian Harman,25,,,0,0.0,0.0,2021,5,Rookie
27644,Brian Harman,27,25.5,18.0,2,249300.0,0.5,2025,1,Familiar
27644,Brian Harman,31,75.0,75.0,1,18525.0,1.0,2021,5,Rookie
27644,Brian Harman,34,40.0,26.0,3,202583.65,0.6,2025,1,Experienced
27644,Brian Harman,35,28.0,2.0,4,2895102.38,0.8,2025,1,Experienced
27644,Brian Harman,38,14.0,3.0,5,2129666.4299999997,1.0,2025,1,Veteran
27644,Brian Harman,40,9.0,9.0,1,222200.0,1.0,2023,3,Rookie
27644,Brian Harman,41,33.0,2.0,4,716582.66,0.6666666666666666,2025,1,Experienced
27644,Brian Harman,43,37.0,37.0,1,28710.0,1.0,2021,5,Rookie
27644,Brian Harman,44,31.5,5.0,2,739000.0,1.0,2025,1,Familiar
27644,Brian Harman,45,16.0,16.0,1,241000.0,1.0,2023,3,Rookie
27644,Brian Harman,46,15.0,15.0,1,130000.0,0.5,2023,3,Rookie
27644,Brian Harman,47,13.0,13.0,1,125416.66,1.0,2021,5,Rookie
27644,Brian Harman,48,35.0,18.0,5,262264.51,1.0,2025,1,Veteran
27644,Brian Harman,50,19.0,13.0,3,570000.0,1.0,2025,1,Experienced
27644,Brian Harman,51,6.4,2.0,5,3417425.0,1.0,2025,1,Veteran
27644,Brian Harman,52,46.0,46.0,1,53600.0,1.0,2025,1,Rookie
27644,Brian Harman,53,41.5,21.0,4,374108.0,1.0,2025,1,Experienced
27644,Brian Harman,54,38.0,38.0,1,52074.0,1.0,2021,5,Rookie
27644,Brian Harman,55,59.0,59.0,1,44644.0,1.0,2021,5,Rookie
27644,Brian Harman,56,13.0,1.0,2,1777735.0,1.0,2025,1,Familiar
27644,Brian Harman,57,5.0,5.0,1,301275.0,0.3333333333333333,2024,2,Rookie
27644,Brian Harman,58,24.0,24.0,1,58450.0,1.0,2021,5,Rookie
27644,Brian Harman,59,36.0,36.0,1,34005.83,1.0,2021,5,Rookie
27644,Brian Harman,60,24.666666666666668,9.0,3,368060.0,0.75,2024,2,Experienced
27644,Brian Harman,61,35.25,14.0,4,287245.14,1.0,2025,1,Experienced
27644,Brian Harman,62,58.0,45.0,2,38311.29,0.6666666666666666,2024,2,Familiar
27644,Brian Harman,64,26.0,26.0,1,60880.0,1.0,2021,5,Rookie
27649,Brandt Snedeker,0,32.0,11.0,2,160017.0,0.5,2025,1,Familiar
27649,Brandt Snedeker,1,32.5,14.0,2,140732.0,0.6666666666666666,2025,1,Familiar
27649,Brandt Snedeker,2,68.0,68.0,1,19344.0,0.5,2022,4,Rookie
27649,Brandt Snedeker,3,17.0,17.0,1,119475.0,0.5,2022,4,Rookie
27649,Brandt Snedeker,4,,,0,0.0,0.0,2022,4,Rookie
27649,Brandt Snedeker,5,9.0,9.0,1,169500.0,1.0,2025,1,Rookie
27649,Brandt Snedeker,10,53.5,50.0,2,37309.0,0.5,2025,1,Familiar
27649,Brandt Snedeker,13,48.0,48.0,1,24985.0,1.0,2024,2,Rookie
27649,Brandt Snedeker,15,,,0,0.0,0.0,2025,1,Rookie
27649,Brandt Snedeker,16,47.333333333333336,32.0,3,111825.0,0.75,2025,1,Experienced
27649,Brandt Snedeker,18,59.0,59.0,1,17840.0,0.5,2023,3,Rookie
27649,Brandt Snedeker,19,,,0,0.0,0.0,2021,5,Rookie
27649,Brandt Snedeker,20,,,0,0.0,0.0,2025,1,Rookie
27649,Brandt Snedeker,21,,,0,0.0,0.0,2022,4,Rookie
27649,Brandt Snedeker,24,53.0,53.0,1,9720.0,1.0,2024,2,Rookie
27649,Brandt Snedeker,25,33.0,33.0,1,44940.0,0.25,2025,1,Rookie
27649,Brandt Snedeker,27,36.0,7.0,3,700840.0,0.75,2025,1,Experienced
27649,Brandt Snedeker,28,,,0,0.0,0.0,2024,2,Rookie
27649,Brandt Snedeker,30,,,0,0.0,0.0,2024,2,Rookie
27649,Brandt Snedeker,31,47.0,47.0,1,24330.56,1.0,2021,5,Rookie
27649,Brandt Snedeker,32,,,0,0.0,0.0,2025,1,Rookie
27649,Brandt Snedeker,33,60.0,60.0,1,16279.0,1.0,2021,5,Rookie
27649,Brandt Snedeker,35,,,0,0.0,0.0,2022,4,Rookie
27649,Brandt Snedeker,36,22.5,19.0,2,117814.29,1.0,2025,1,Familiar
27649,Brandt Snedeker,37,48.0,48.0,1,22567.8,0.25,2025,1,Rookie
27649,Brandt Snedeker,38,42.0,42.0,1,24495.0,0.5,2022,4,Rookie
27649,Brandt Snedeker,39,,,0,0.0,0.0,2025,1,Rookie
27649,Brandt Snedeker,40,38.0,38.0,1,34125.0,0.3333333333333333,2024,2,Rookie
27649,Brandt Snedeker,41,55.5,47.0,2,34778.0,0.5,2025,1,Familiar
27649,Brandt Snedeker,42,,,0,0.0,0.0,2021,5,Rookie
27649,Brandt Snedeker,43,32.666666666666664,16.0,3,216516.0,0.6,2025,1,Experienced
27649,Brandt Snedeker,46,52.0,52.0,1,20244.0,0.5,2023,3,Rookie
27649,Brandt Snedeker,47,43.0,43.0,1,21665.0,1.0,2021,5,Rookie
27649,Brandt Snedeker,48,44.5,36.0,2,56087.0,0.5,2025,1,Familiar
27649,Brandt Snedeker,49,,,0,0.0,0.0,2025,1,Rookie
27649,Brandt Snedeker,51,,,0,0.0,0.0,2022,4,Rookie
27649,Brandt Snedeker,54,,,0,0.0,0.0,2021,5,Rookie
27649,Brandt Snedeker,56,32.0,6.0,3,370881.36,1.0,2024,2,Experienced
27649,Brandt Snedeker,57,34.0,11.0,2,187074.0,0.6666666666666666,2025,1,Familiar
27649,Brandt Snedeker,58,44.0,44.0,1,22750.0,1.0,2021,5,Rookie
27649,Brandt Snedeker,61,66.0,66.0,1,19596.0,0.3333333333333333,2025,1,Rookie
27649,Brandt Snedeker,62,45.0,45.0,1,22116.0,0.25,2025,1,Rookie
27747,Hiroshi Iwata,63,70.0,70.0,1,14960.0,1.0,2024,2,Rookie
27770,Camilo Villegas,0,54.0,51.0,3,52692.0,1.0,2025,1,Experienced
27770,Camilo Villegas,1,20.0,7.0,2,306982.86,0.6666666666666666,2025,1,Familiar
27770,Camilo Villegas,2,,,0,0.0,0.0,2021,5,Rookie
27770,Camilo Villegas,4,49.0,49.0,1,21088.8,0.5,2023,3,Rookie
27770,Camilo Villegas,5,,,0,0.0,0.0,2025,1,Rookie
27770,Camilo Villegas,6,33.0,13.0,2,72592.57,1.0,2022,4,Familiar
27770,Camilo Villegas,7,,,0,0.0,0.0,2024,2,Rookie
27770,Camilo Villegas,10,69.5,69.0,2,34585.0,0.5,2025,1,Familiar
27770,Camilo Villegas,13,67.0,67.0,1,20691.0,0.5,2025,1,Rookie
27770,Camilo Villegas,15,67.0,67.0,1,18900.0,0.5,2025,1,Rookie
27770,Camilo Villegas,16,67.0,67.0,1,17556.0,0.25,2025,1,Rookie
27770,Camilo Villegas,19,,,0,0.0,0.0,2021,5,Rookie
27770,Camilo Villegas,22,8.0,8.0,1,190750.0,0.3333333333333333,2023,3,Rookie
27770,Camilo Villegas,24,,,0,0.0,0.0,2024,2,Rookie
27770,Camilo Villegas,25,37.0,33.0,2,67570.0,0.5,2025,1,Familiar
27770,Camilo Villegas,26,,,0,0.0,0.0,2021,5,Rookie
27770,Camilo Villegas,27,53.0,53.0,1,27994.29,1.0,2022,4,Rookie
27770,Camilo Villegas,28,,,0,0.0,0.0,2023,3,Rookie
27770,Camilo Villegas,32,,,0,0.0,0.0,2025,1,Rookie
27770,Camilo Villegas,33,,,0,0.0,0.0,2021,5,Rookie
27770,Camilo Villegas,34,,,0,0.0,0.0,2024,2,Rookie
27770,Camilo Villegas,35,54.0,54.0,1,58250.0,0.5,2025,1,Rookie
27770,Camilo Villegas,36,,,0,0.0,0.0,2025,1,Rookie
27770,Camilo Villegas,37,,,0,0.0,0.0,2025,1,Rookie
27770,Camilo Villegas,38,42.0,25.0,2,69953.75,1.0,2022,4,Familiar
27770,Camilo Villegas,39,67.0,67.0,1,19776.0,1.0,2025,1,Rookie
27770,Camilo Villegas,40,67.0,67.0,1,15600.0,0.3333333333333333,2024,2,Rookie
27770,Camilo Villegas,41,32.0,6.0,2,234141.0,0.3333333333333333,2025,1,Familiar
27770,Camilo Villegas,42,,,0,0.0,0.0,2021,5,Rookie
27770,Camilo Villegas,43,23.0,23.0,1,59070.0,0.2,2025,1,Rookie
27770,Camilo Villegas,44,50.0,50.0,1,57500.0,1.0,2024,2,Rookie
27770,Camilo Villegas,46,44.5,35.0,2,51338.0,1.0,2024,2,Familiar
27770,Camilo Villegas,47,,,0,0.0,0.0,2021,5,Rookie
27770,Camilo Villegas,48,,,0,0.0,0.0,2025,1,Rookie
27770,Camilo Villegas,49,,,0,0.0,0.0,2025,1,Rookie
27770,Camilo Villegas,56,36.5,17.0,2,127915.0,0.5,2025,1,Familiar
27770,Camilo Villegas,57,40.5,11.0,2,184899.0,0.6666666666666666,2025,1,Familiar
27770,Camilo Villegas,58,,,0,0.0,0.0,2021,5,Rookie
27770,Camilo Villegas,59,,,0,0.0,0.0,2021,5,Rookie
27770,Camilo Villegas,60,56.0,56.0,1,20790.0,1.0,2022,4,Rookie
27770,Camilo Villegas,61,44.0,44.0,1,29053.6,0.5,2025,1,Rookie
27770,Camilo Villegas,62,46.0,46.0,1,18060.8,0.25,2025,1,Rookie
27797,Derek Lamely,0,,,0,0.0,0.0,2022,4,Rookie
27797,Derek Lamely,3,,,0,0.0,0.0,2023,3,Rookie
27797,Derek Lamely,6,,,0,0.0,0.0,2023,3,Rookie
27797,Derek Lamely,18,,,0,0.0,0.0,2023,3,Rookie
27797,Derek Lamely,25,,,0,0.0,0.0,2023,3,Rookie
27797,Derek Lamely,28,66.0,66.0,1,16247.0,1.0,2023,3,Rookie
27797,Derek Lamely,37,,,0,0.0,0.0,2023,3,Rookie
27895,Jonas Blixt,0,72.0,72.0,1,14850.0,1.0,2022,4,Rookie
27895,Jonas Blixt,1,,,0,0.0,0.0,2022,4,Rookie
27895,Jonas Blixt,3,,,0,0.0,0.0,2023,3,Rookie
27895,Jonas Blixt,4,31.0,20.0,2,118144.72,1.0,2023,3,Familiar
27895,Jonas Blixt,6,,,0,0.0,0.0,2023,3,Rookie
27895,Jonas Blixt,16,,,0,0.0,0.0,2022,4,Rookie
27895,Jonas Blixt,18,,,0,0.0,0.0,2022,4,Rookie
27895,Jonas Blixt,22,,,0,0.0,0.0,2023,3,Rookie
27895,Jonas Blixt,25,17.0,17.0,1,112850.0,0.3333333333333333,2023,3,Rookie
27895,Jonas Blixt,28,72.0,72.0,1,15477.0,0.5,2023,3,Rookie
27895,Jonas Blixt,33,,,0,0.0,0.0,2021,5,Rookie
27895,Jonas Blixt,37,28.0,28.0,1,57047.14,1.0,2022,4,Rookie
27895,Jonas Blixt,40,58.0,58.0,1,16575.0,1.0,2021,5,Rookie
27895,Jonas Blixt,41,,,0,0.0,0.0,2023,3,Rookie
27895,Jonas Blixt,43,75.0,75.0,1,15908.0,0.5,2023,3,Rookie
27895,Jonas Blixt,46,65.0,65.0,1,14980.0,1.0,2022,4,Rookie
27895,Jonas Blixt,51,46.0,36.0,2,49750.64,1.0,2022,4,Familiar
27895,Jonas Blixt,53,,,0,0.0,0.0,2022,4,Rookie
27895,Jonas Blixt,56,,,0,0.0,0.0,2022,4,Rookie
27895,Jonas Blixt,57,,,0,0.0,0.0,2022,4,Rookie
27895,Jonas Blixt,60,65.0,65.0,1,17172.0,0.5,2022,4,Rookie
27895,Jonas Blixt,62,,,0,0.0,0.0,2022,4,Rookie
27896,Ross Fisher,20,,,0,0.0,0.0,2023,3,Rookie
27896,Ross Fisher,53,,,0,0.0,0.0,2023,3,Rookie
27909,Wil Besseling,20,,,0,0.0,0.0,2023,3,Rookie
27909,Wil Besseling,53,56.0,56.0,1,38511.0,1.0,2022,4,Rookie
27933,John Merrick,0,,,0,0.0,0.0,2022,4,Rookie
27933,John Merrick,4,,,0,0.0,0.0,2022,4,Rookie
27933,John Merrick,6,81.0,81.0,1,6697.0,0.5,2022,4,Rookie
27933,John Merrick,25,,,0,0.0,0.0,2022,4,Rookie
27933,John Merrick,37,,,0,0.0,0.0,2022,4,Rookie
27936,Martin Laird,0,2.0,2.0,1,590200.0,0.3333333333333333,2024,2,Rookie
27936,Martin Laird,1,54.5,47.0,2,35297.33,1.0,2023,3,Familiar
27936,Martin Laird,2,44.666666666666664,39.0,3,128485.57,1.0,2023,3,Experienced
27936,Martin Laird,3,47.5,34.0,2,63261.67,0.6666666666666666,2023,3,Familiar
27936,Martin Laird,5,,,0,0.0,0.0,2025,1,Rookie
27936,Martin Laird,7,,,0,0.0,0.0,2024,2,Rookie
27936,Martin Laird,9,22.0,22.0,1,84420.0,1.0,2023,3,Rookie
27936,Martin Laird,10,37.0,37.0,1,38675.0,1.0,2024,2,Rookie
27936,Martin Laird,13,48.0,48.0,1,24985.0,0.5,2025,1,Rookie
27936,Martin Laird,15,9.0,9.0,1,210535.71,1.0,2024,2,Rookie
27936,Martin Laird,16,46.0,46.0,1,22008.0,0.2,2025,1,Rookie
27936,Martin Laird,17,57.0,57.0,1,34200.0,1.0,2022,4,Rookie
27936,Martin Laird,18,19.0,19.0,1,99540.0,0.5,2023,3,Rookie
27936,Martin Laird,19,39.0,39.0,1,45000.0,0.3333333333333333,2023,3,Rookie
27936,Martin Laird,21,,,0,0.0,0.0,2022,4,Rookie
27936,Martin Laird,24,34.0,34.0,1,21333.33,1.0,2025,1,Rookie
27936,Martin Laird,25,29.0,28.0,2,80622.26999999999,0.4,2025,1,Familiar
27936,Martin Laird,26,53.0,53.0,1,21994.5,1.0,2021,5,Rookie
27936,Martin Laird,27,37.0,37.0,1,51000.0,1.0,2022,4,Rookie
27936,Martin Laird,28,,,0,0.0,0.0,2023,3,Rookie
27936,Martin Laird,30,,,0,0.0,0.0,2024,2,Rookie
27936,Martin Laird,31,,,0,0.0,0.0,2021,5,Rookie
27936,Martin Laird,33,,,0,0.0,0.0,2021,5,Rookie
27936,Martin Laird,34,23.0,23.0,1,103814.29,1.0,2021,5,Rookie
27936,Martin Laird,35,61.5,54.0,2,88400.0,0.5,2024,2,Familiar
27936,Martin Laird,36,52.0,47.0,2,30520.0,1.0,2025,1,Familiar
27936,Martin Laird,37,,,0,0.0,0.0,2024,2,Rookie
27936,Martin Laird,38,,,0,0.0,0.0,2023,3,Rookie
27936,Martin Laird,40,70.0,70.0,1,17776.0,0.3333333333333333,2024,2,Rookie
27936,Martin Laird,41,17.0,17.0,1,104690.0,0.25,2025,1,Rookie
27936,Martin Laird,42,,,0,0.0,0.0,2021,5,Rookie
27936,Martin Laird,43,44.0,28.0,3,84167.43,0.6,2024,2,Experienced
27936,Martin Laird,45,17.0,17.0,1,92000.0,1.0,2021,5,Rookie
27936,Martin Laird,46,24.0,11.0,2,199207.14,0.5,2024,2,Familiar
27936,Martin Laird,47,1.0,1.0,1,1260000.0,1.0,2021,5,Rookie
27936,Martin Laird,48,,,0,0.0,0.0,2024,2,Rookie
27936,Martin Laird,49,31.0,31.0,1,54418.0,1.0,2024,2,Rookie
27936,Martin Laird,51,13.0,13.0,1,159775.0,0.5,2023,3,Rookie
27936,Martin Laird,56,36.666666666666664,29.0,3,126379.67,0.6,2025,1,Experienced
27936,Martin Laird,57,,,0,0.0,0.0,2023,3,Rookie
27936,Martin Laird,58,,,0,0.0,0.0,2021,5,Rookie
27936,Martin Laird,59,,,0,0.0,0.0,2021,5,Rookie
27936,Martin Laird,60,61.0,61.0,1,20070.0,0.5,2023,3,Rookie
27936,Martin Laird,61,33.5,14.0,2,153779.15,0.6666666666666666,2024,2,Familiar
27936,Martin Laird,62,52.5,47.0,2,36291.57,0.5,2024,2,Familiar
27942,Rob Oppenheim,0,,,0,0.0,0.0,2021,5,Rookie
27942,Rob Oppenheim,1,47.0,47.0,1,17777.34,1.0,2021,5,Rookie
27942,Rob Oppenheim,3,26.0,26.0,1,56700.0,1.0,2021,5,Rookie
27942,Rob Oppenheim,4,39.0,39.0,1,30030.0,1.0,2021,5,Rookie
27942,Rob Oppenheim,6,70.0,70.0,1,7140.0,1.0,2021,5,Rookie
27942,Rob Oppenheim,16,,,0,0.0,0.0,2021,5,Rookie
27942,Rob Oppenheim,22,,,0,0.0,0.0,2021,5,Rookie
27942,Rob Oppenheim,25,58.0,58.0,1,14012.0,1.0,2021,5,Rookie
27942,Rob Oppenheim,33,19.0,19.0,1,86505.0,1.0,2021,5,Rookie
27942,Rob Oppenheim,40,,,0,0.0,0.0,2021,5,Rookie
27942,Rob Oppenheim,41,59.0,59.0,1,14784.0,1.0,2021,5,Rookie
27942,Rob Oppenheim,42,36.0,36.0,1,29411.25,1.0,2021,5,Rookie
27942,Rob Oppenheim,43,,,0,0.0,0.0,2021,5,Rookie
27942,Rob Oppenheim,47,27.0,27.0,1,47950.0,1.0,2021,5,Rookie
27942,Rob Oppenheim,48,,,0,0.0,0.0,2021,5,Rookie
27942,Rob Oppenheim,51,,,0,0.0,0.0,2021,5,Rookie
27942,Rob Oppenheim,56,,,0,0.0,0.0,2021,5,Rookie
27942,Rob Oppenheim,57,,,0,0.0,0.0,2021,5,Rookie
27942,Rob Oppenheim,60,,,0,0.0,0.0,2021,5,Rookie
27942,Rob Oppenheim,62,62.0,62.0,1,14016.0,1.0,2021,5,Rookie
27958,Ryan Blaum,0,,,0,0.0,0.0,2021,5,Rookie
27958,Ryan Blaum,3,,,0,0.0,0.0,2021,5,Rookie
27958,Ryan Blaum,4,,,0,0.0,0.0,2021,5,Rookie
27958,Ryan Blaum,6,,,0,0.0,0.0,2021,5,Rookie
27958,Ryan Blaum,25,,,0,0.0,0.0,2021,5,Rookie
27958,Ryan Blaum,28,29.0,29.0,1,48910.0,1.0,2022,4,Rookie
27958,Ryan Blaum,33,,,0,0.0,0.0,2021,5,Rookie
27958,Ryan Blaum,41,,,0,0.0,0.0,2025,1,Rookie
27958,Ryan Blaum,42,52.0,52.0,1,15807.0,1.0,2021,5,Rookie
27958,Ryan Blaum,51,66.0,66.0,1,42600.0,1.0,2023,3,Rookie
27958,Ryan Blaum,60,,,0,0.0,0.0,2022,4,Rookie
27963,Chris Stroud,0,,,0,0.0,0.0,2023,3,Rookie
27963,Chris Stroud,1,,,0,0.0,0.0,2022,4,Rookie
27963,Chris Stroud,3,50.0,50.0,1,22216.43,1.0,2023,3,Rookie
27963,Chris Stroud,4,49.0,49.0,1,21088.8,0.5,2023,3,Rookie
27963,Chris Stroud,6,27.0,27.0,1,21909.29,0.5,2023,3,Rookie
27963,Chris Stroud,9,,,0,0.0,0.0,2023,3,Rookie
27963,Chris Stroud,18,43.0,43.0,1,24760.0,0.3333333333333333,2023,3,Rookie
27963,Chris Stroud,21,35.0,35.0,1,36562.5,1.0,2022,4,Rookie
27963,Chris Stroud,22,,,0,0.0,0.0,2023,3,Rookie
27963,Chris Stroud,25,63.0,63.0,1,16354.0,0.5,2023,3,Rookie
27963,Chris Stroud,28,,,0,0.0,0.0,2023,3,Rookie
27963,Chris Stroud,37,,,0,0.0,0.0,2023,3,Rookie
27963,Chris Stroud,40,,,0,0.0,0.0,2023,3,Rookie
27963,Chris Stroud,41,5.0,5.0,1,277830.0,0.3333333333333333,2023,3,Rookie
27963,Chris Stroud,42,,,0,0.0,0.0,2021,5,Rookie
27963,Chris Stroud,43,69.0,67.0,2,32838.0,0.6666666666666666,2023,3,Familiar
27963,Chris Stroud,62,61.0,61.0,1,15841.0,1.0,2022,4,Rookie
27974,Sung Kang,0,70.0,70.0,1,13530.0,0.5,2022,4,Rookie
27974,Sung Kang,1,,,0,0.0,0.0,2023,3,Rookie
27974,Sung Kang,2,,,0,0.0,0.0,2021,5,Rookie
27974,Sung Kang,3,30.5,14.0,2,184833.75,0.6666666666666666,2023,3,Familiar
27974,Sung Kang,4,44.666666666666664,29.0,3,105148.70999999999,1.0,2023,3,Experienced
27974,Sung Kang,6,67.0,67.0,1,8094.0,0.5,2023,3,Rookie
27974,Sung Kang,10,62.0,62.0,1,16425.0,1.0,2021,5,Rookie
27974,Sung Kang,11,75.0,75.0,1,16185.0,1.0,2021,5,Rookie
27974,Sung Kang,12,32.0,32.0,1,51610.0,1.0,2022,4,Rookie
27974,Sung Kang,13,41.0,41.0,1,33725.0,0.5,2025,1,Rookie
27974,Sung Kang,16,,,0,0.0,0.0,2022,4,Rookie
27974,Sung Kang,18,56.0,47.0,2,37408.0,0.6666666666666666,2023,3,Familiar
27974,Sung Kang,19,67.0,67.0,1,19623.0,1.0,2021,5,Rookie
27974,Sung Kang,21,,,0,0.0,0.0,2022,4,Rookie
27974,Sung Kang,22,,,0,0.0,0.0,2023,3,Rookie
27974,Sung Kang,24,,,0,0.0,0.0,2024,2,Rookie
27974,Sung Kang,25,,,0,0.0,0.0,2023,3,Rookie
27974,Sung Kang,26,32.0,32.0,1,53103.0,1.0,2021,5,Rookie
27974,Sung Kang,28,51.0,51.0,1,17355.75,0.5,2023,3,Rookie
27974,Sung Kang,35,,,0,0.0,0.0,2021,5,Rookie
27974,Sung Kang,37,57.0,57.0,1,20160.0,0.5,2023,3,Rookie
27974,Sung Kang,38,65.0,65.0,1,15265.0,0.5,2022,4,Rookie
27974,Sung Kang,40,55.5,37.0,2,51240.0,1.0,2022,4,Familiar
27974,Sung Kang,41,63.0,63.0,1,15552.0,0.2,2024,2,Rookie
27974,Sung Kang,43,65.0,65.0,1,15120.0,0.3333333333333333,2023,3,Rookie
27974,Sung Kang,46,27.0,27.0,1,46943.75,1.0,2022,4,Rookie
27974,Sung Kang,47,43.0,43.0,1,21665.0,1.0,2021,5,Rookie
27974,Sung Kang,48,,,0,0.0,0.0,2022,4,Rookie
27974,Sung Kang,49,,,0,0.0,0.0,2024,2,Rookie
27974,Sung Kang,51,,,0,0.0,0.0,2022,4,Rookie
27974,Sung Kang,53,,,0,0.0,0.0,2024,2,Rookie
27974,Sung Kang,54,,,0,0.0,0.0,2021,5,Rookie
27974,Sung Kang,56,59.0,59.0,1,16940.0,0.5,2022,4,Rookie
27974,Sung Kang,57,,,0,0.0,0.0,2022,4,Rookie
27974,Sung Kang,58,,,0,0.0,0.0,2021,5,Rookie
27974,Sung Kang,59,,,0,0.0,0.0,2021,5,Rookie
27974,Sung Kang,60,,,0,0.0,0.0,2022,4,Rookie
27974,Sung Kang,61,26.0,26.0,1,58630.0,1.0,2022,4,Rookie
27974,Sung Kang,62,15.0,15.0,1,91342.22,0.5,2022,4,Rookie
27980,In-hoi Hur,48,,,0,0.0,0.0,2021,5,Rookie
27986,Jesse Schutte,53,,,0,0.0,0.0,2023,3,Rookie
28089,Jason Day,0,64.0,64.0,1,15975.0,1.0,2022,4,Rookie
28089,Jason Day,1,23.333333333333332,3.0,3,648149.33,1.0,2025,1,Experienced
28089,Jason Day,2,21.25,8.0,4,1229655.67,1.0,2025,1,Experienced
28089,Jason Day,3,26.0,1.0,2,1731635.25,0.6666666666666666,2023,3,Familiar
28089,Jason Day,4,12.5,6.0,4,1314532.5,1.0,2025,1,Experienced
28089,Jason Day,5,20.0,20.0,1,63214.29,1.0,2025,1,Rookie
28089,Jason Day,8,33.666666666666664,23.0,3,410666.67,1.0,2025,1,Experienced
28089,Jason Day,9,16.0,16.0,1,123900.0,1.0,2023,3,Rookie
28089,Jason Day,11,,,0,0.0,0.0,2021,5,Rookie
28089,Jason Day,12,64.0,64.0,1,18037.5,1.0,2022,4,Rookie
28089,Jason Day,13,59.0,59.0,1,21375.0,1.0,2024,2,Rookie
28089,Jason Day,14,11.0,11.0,1,252000.0,1.0,2023,3,Rookie
28089,Jason Day,16,14.0,3.0,3,780030.0,0.6,2025,1,Experienced
28089,Jason Day,17,43.333333333333336,22.0,3,267700.0,0.75,2025,1,Experienced
28089,Jason Day,18,,,0,0.0,0.0,2023,3,Rookie
28089,Jason Day,19,22.666666666666668,9.0,3,1196500.0,1.0,2025,1,Experienced
28089,Jason Day,21,54.0,54.0,1,17400.0,1.0,2022,4,Rookie
28089,Jason Day,25,23.0,23.0,1,83600.0,0.5,2025,1,Rookie
28089,Jason Day,27,32.0,31.0,2,185100.0,0.6666666666666666,2024,2,Familiar
28089,Jason Day,31,,,0,0.0,0.0,2021,5,Rookie
28089,Jason Day,34,47.333333333333336,43.0,3,108194.0,0.6,2025,1,Experienced
28089,Jason Day,35,29.666666666666668,19.0,3,467410.71,0.75,2024,2,Experienced
28089,Jason Day,38,33.5,18.0,2,268100.0,1.0,2025,1,Familiar
28089,Jason Day,40,15.5,14.0,2,249975.0,1.0,2022,4,Familiar
28089,Jason Day,41,12.0,12.0,1,140250.0,0.3333333333333333,2023,3,Rookie
28089,Jason Day,44,25.0,10.0,2,611000.0,1.0,2025,1,Familiar
28089,Jason Day,46,8.0,8.0,1,242000.0,1.0,2023,3,Rookie
28089,Jason Day,47,,,0,0.0,0.0,2021,5,Rookie
28089,Jason Day,49,27.0,27.0,1,67925.0,0.5,2025,1,Rookie
28089,Jason Day,50,28.0,28.0,1,0.0,1.0,2023,3,Rookie
28089,Jason Day,51,25.75,4.0,4,1191050.0,0.8,2025,1,Experienced
28089,Jason Day,53,23.0,23.0,1,161489.0,0.3333333333333333,2025,1,Rookie
28089,Jason Day,54,38.0,38.0,1,52074.0,1.0,2021,5,Rookie
28089,Jason Day,55,23.0,23.0,1,161489.0,1.0,2021,5,Rookie
28089,Jason Day,56,,,0,0.0,0.0,2022,4,Rookie
28089,Jason Day,57,,,0,0.0,0.0,2022,4,Rookie
28089,Jason Day,58,7.0,7.0,1,212625.0,1.0,2021,5,Rookie
28089,Jason Day,59,,,0,0.0,0.0,2021,5,Rookie
28089,Jason Day,60,9.5,4.0,2,1021750.0,0.5,2024,2,Familiar
28089,Jason Day,61,5.0,5.0,1,820000.0,1.0,2023,3,Rookie
28089,Jason Day,62,,,0,0.0,0.0,2022,4,Rookie
28089,Jason Day,64,60.0,60.0,1,15520.0,1.0,2021,5,Rookie
28100,Kevin Carll,48,,,0,0.0,0.0,2022,4,Rookie
28103,Stuart Smith,34,,,0,0.0,0.0,2021,5,Rookie
28114,Dawie van der Walt,0,38.0,38.0,1,31125.0,1.0,2022,4,Rookie
28114,Dawie van der Walt,1,,,0,0.0,0.0,2022,4,Rookie
28114,Dawie van der Walt,3,81.0,81.0,1,16562.0,1.0,2022,4,Rookie
28114,Dawie van der Walt,4,,,0,0.0,0.0,2022,4,Rookie
28114,Dawie van der Walt,6,74.0,74.0,1,7215.0,1.0,2022,4,Rookie
28114,Dawie van der Walt,16,,,0,0.0,0.0,2022,4,Rookie
28114,Dawie van der Walt,18,22.0,22.0,1,65333.33,1.0,2022,4,Rookie
28114,Dawie van der Walt,21,,,0,0.0,0.0,2022,4,Rookie
28114,Dawie van der Walt,22,,,0,0.0,0.0,2022,4,Rookie
28114,Dawie van der Walt,25,,,0,0.0,0.0,2022,4,Rookie
28114,Dawie van der Walt,28,,,0,0.0,0.0,2022,4,Rookie
28114,Dawie van der Walt,37,70.0,70.0,1,17835.0,1.0,2022,4,Rookie
28114,Dawie van der Walt,40,,,0,0.0,0.0,2022,4,Rookie
28114,Dawie van der Walt,41,,,0,0.0,0.0,2022,4,Rookie
28114,Dawie van der Walt,43,,,0,0.0,0.0,2022,4,Rookie
28114,Dawie van der Walt,48,,,0,0.0,0.0,2022,4,Rookie
28114,Dawie van der Walt,49,,,0,0.0,0.0,2024,2,Rookie
28114,Dawie van der Walt,51,,,0,0.0,0.0,2022,4,Rookie
28114,Dawie van der Walt,56,,,0,0.0,0.0,2022,4,Rookie
28114,Dawie van der Walt,58,20.0,20.0,1,82600.0,1.0,2021,5,Rookie
28114,Dawie van der Walt,60,41.0,41.0,1,33750.0,1.0,2022,4,Rookie
28114,Dawie van der Walt,62,,,0,0.0,0.0,2022,4,Rookie
28125,Josh Geary,6,50.0,50.0,1,9194.5,1.0,2022,4,Rookie
28166,Pedro Figueiredo,6,,,0,0.0,0.0,2023,3,Rookie
28237,Rory McIlroy,2,12.2,2.0,5,2777050.0,1.0,2025,1,Veteran
28237,Rory McIlroy,4,33.5,1.0,2,3635312.5,1.0,2025,1,Familiar
28237,Rory McIlroy,8,7.8,4.0,5,2807000.0,1.0,2025,1,Veteran
28237,Rory McIlroy,11,21.0,21.0,1,91956.42,1.0,2021,5,Rookie
28237,Rory McIlroy,12,1.0,1.0,1,1755000.0,1.0,2022,4,Rookie
28237,Rory McIlroy,14,1.0,1.0,1,1890000.0,1.0,2023,3,Rookie
28237,Rory McIlroy,15,21.0,21.0,1,87750.0,1.0,2024,2,Rookie
28237,Rory McIlroy,16,16.0,16.0,1,125625.0,1.0,2021,5,Rookie
28237,Rory McIlroy,17,35.5,3.0,2,1200600.0,0.6666666666666666,2024,2,Familiar
28237,Rory McIlroy,19,20.0,10.0,4,872571.4299999999,0.8,2025,1,Experienced
28237,Rory McIlroy,20,2.3333333333333335,1.0,3,2681700.0,1.0,2025,1,Experienced
28237,Rory McIlroy,26,18.0,18.0,1,110670.0,1.0,2021,5,Rookie
28237,Rory McIlroy,27,13.333333333333334,7.0,3,1121800.0,1.0,2024,2,Experienced
28237,Rory McIlroy,31,43.0,43.0,1,32775.0,1.0,2021,5,Rookie
28237,Rory McIlroy,34,24.6,7.0,5,1425683.33,1.0,2025,1,Veteran
28237,Rory McIlroy,35,17.666666666666668,1.0,3,4885646.82,0.6,2025,1,Experienced
28237,Rory McIlroy,37,4.666666666666667,1.0,3,2234250.0,0.75,2025,1,Experienced
28237,Rory McIlroy,38,33.0,33.0,1,106166.67,1.0,2024,2,Rookie
28237,Rory McIlroy,49,5.0,5.0,1,337843.75,1.0,2025,1,Rookie
28237,Rory McIlroy,50,10.2,1.0,5,395000.0,1.0,2025,1,Veteran
28237,Rory McIlroy,51,10.666666666666666,6.0,3,1451101.67,1.0,2025,1,Experienced
28237,Rory McIlroy,52,7.0,7.0,1,602500.0,1.0,2025,1,Rookie
28237,Rory McIlroy,53,7.0,2.0,4,5400023.0,1.0,2025,1,Experienced
28237,Rory McIlroy,54,8.0,8.0,1,302236.0,1.0,2021,5,Rookie
28237,Rory McIlroy,55,19.0,19.0,1,243070.0,1.0,2021,5,Rookie
28237,Rory McIlroy,56,3.0,3.0,1,634800.0,0.5,2024,2,Rookie
28237,Rory McIlroy,59,13.0,13.0,1,138700.0,1.0,2021,5,Rookie
28237,Rory McIlroy,60,13.5,1.0,4,5478222.22,1.0,2024,2,Experienced
28237,Rory McIlroy,61,32.0,32.0,1,109285.71,1.0,2023,3,Rookie
28237,Rory McIlroy,64,17.0,17.0,1,95857.78,1.0,2021,5,Rookie
28252,Seamus Power,0,32.5,28.0,2,85825.91,1.0,2025,1,Familiar
28252,Seamus Power,1,14.0,14.0,1,119700.0,1.0,2022,4,Rookie
28252,Seamus Power,2,46.5,21.0,2,265350.0,0.6666666666666666,2024,2,Familiar
28252,Seamus Power,3,15.0,9.0,3,450457.5,1.0,2023,3,Experienced
28252,Seamus Power,4,18.0,9.0,4,761950.0,0.8,2025,1,Experienced
28252,Seamus Power,5,59.0,59.0,1,13620.0,1.0,2025,1,Rookie
28252,Seamus Power,6,1.0,1.0,1,630000.0,1.0,2021,5,Rookie
28252,Seamus Power,7,11.0,11.0,1,137625.0,1.0,2024,2,Rookie
28252,Seamus Power,8,56.5,48.0,2,101500.0,1.0,2023,3,Familiar
28252,Seamus Power,10,59.0,59.0,1,20995.0,1.0,2025,1,Rookie
28252,Seamus Power,13,,,0,0.0,0.0,2025,1,Rookie
28252,Seamus Power,14,49.0,49.0,1,24010.0,1.0,2023,3,Rookie
28252,Seamus Power,15,,,0,0.0,0.0,2025,1,Rookie
28252,Seamus Power,16,,,0,0.0,0.0,2024,2,Rookie
28252,Seamus Power,17,38.0,10.0,2,560800.0,0.6666666666666666,2024,2,Familiar
28252,Seamus Power,19,23.0,14.0,3,642857.14,0.75,2025,1,Experienced
28252,Seamus Power,20,65.0,65.0,1,20700.0,0.5,2024,2,Rookie
28252,Seamus Power,21,,,0,0.0,0.0,2022,4,Rookie
28252,Seamus Power,24,,,0,0.0,0.0,2025,1,Rookie
28252,Seamus Power,25,20.5,8.0,4,484914.8,1.0,2025,1,Experienced
28252,Seamus Power,27,34.0,27.0,2,214500.0,0.6666666666666666,2024,2,Familiar
28252,Seamus Power,31,31.0,31.0,1,48925.0,1.0,2021,5,Rookie
28252,Seamus Power,32,34.0,34.0,1,21800.0,1.0,2025,1,Rookie
28252,Seamus Power,33,19.0,19.0,1,86505.0,1.0,2021,5,Rookie
28252,Seamus Power,34,9.0,9.0,1,357812.5,0.3333333333333333,2025,1,Rookie
28252,Seamus Power,35,48.5,33.0,2,153611.11,0.5,2025,1,Familiar
28252,Seamus Power,36,47.0,47.0,1,16620.0,1.0,2025,1,Rookie
28252,Seamus Power,37,,,0,0.0,0.0,2025,1,Rookie
28252,Seamus Power,38,12.0,12.0,1,393000.0,0.5,2024,2,Rookie
28252,Seamus Power,39,,,0,0.0,0.0,2025,1,Rookie
28252,Seamus Power,40,8.0,8.0,1,211875.0,1.0,2021,5,Rookie
28252,Seamus Power,41,5.333333333333333,4.0,3,732716.36,0.75,2025,1,Experienced
28252,Seamus Power,42,,,0,0.0,0.0,2021,5,Rookie
28252,Seamus Power,43,29.666666666666668,11.0,3,223571.51,0.75,2025,1,Experienced
28252,Seamus Power,44,50.0,50.0,1,57500.0,1.0,2024,2,Rookie
28252,Seamus Power,45,20.0,15.0,2,345833.33999999997,1.0,2023,3,Familiar
28252,Seamus Power,46,21.0,21.0,1,79216.67,0.3333333333333333,2024,2,Rookie
28252,Seamus Power,48,38.5,3.0,2,458519.0,0.5,2025,1,Familiar
28252,Seamus Power,49,,,0,0.0,0.0,2025,1,Rookie
28252,Seamus Power,51,21.333333333333332,19.0,3,390858.32999999996,0.75,2024,2,Experienced
28252,Seamus Power,53,12.0,12.0,1,347058.0,0.3333333333333333,2024,2,Rookie
28252,Seamus Power,56,,,0,0.0,0.0,2025,1,Rookie
28252,Seamus Power,57,17.0,8.0,2,305835.0,1.0,2025,1,Familiar
28252,Seamus Power,60,29.333333333333332,16.0,3,604954.0,0.75,2024,2,Experienced
28252,Seamus Power,61,40.666666666666664,20.0,3,304389.5,0.75,2025,1,Experienced
28252,Seamus Power,62,44.0,28.0,3,94772.45,1.0,2025,1,Experienced
28252,Seamus Power,63,13.0,13.0,1,163880.0,1.0,2024,2,Rookie
28259,Sangmoon Bae,0,,,0,0.0,0.0,2021,5,Rookie
28259,Sangmoon Bae,3,43.0,43.0,1,30115.0,1.0,2023,3,Rookie
28259,Sangmoon Bae,4,,,0,0.0,0.0,2022,4,Rookie
28259,Sangmoon Bae,6,,,0,0.0,0.0,2023,3,Rookie
28259,Sangmoon Bae,18,52.0,52.0,1,20118.0,1.0,2023,3,Rookie
28259,Sangmoon Bae,21,,,0,0.0,0.0,2022,4,Rookie
28259,Sangmoon Bae,25,,,0,0.0,0.0,2021,5,Rookie
28259,Sangmoon Bae,28,,,0,0.0,0.0,2022,4,Rookie
28259,Sangmoon Bae,36,37.0,37.0,1,26100.0,1.0,2024,2,Rookie
28259,Sangmoon Bae,37,,,0,0.0,0.0,2023,3,Rookie
28259,Sangmoon Bae,41,,,0,0.0,0.0,2024,2,Rookie
28259,Sangmoon Bae,42,,,0,0.0,0.0,2021,5,Rookie
28300,Joost Luiten,20,54.0,54.0,1,26190.0,0.5,2024,2,Rookie
28307,Matt Every,0,,,0,0.0,0.0,2022,4,Rookie
28307,Matt Every,1,,,0,0.0,0.0,2021,5,Rookie
28307,Matt Every,2,,,0,0.0,0.0,2021,5,Rookie
28307,Matt Every,3,,,0,0.0,0.0,2021,5,Rookie
28307,Matt Every,4,,,0,0.0,0.0,2021,5,Rookie
28307,Matt Every,6,,,0,0.0,0.0,2023,3,Rookie
28307,Matt Every,16,,,0,0.0,0.0,2021,5,Rookie
28307,Matt Every,25,,,0,0.0,0.0,2022,4,Rookie
28307,Matt Every,28,,,0,0.0,0.0,2022,4,Rookie
28307,Matt Every,33,,,0,0.0,0.0,2021,5,Rookie
28307,Matt Every,37,,,0,0.0,0.0,2022,4,Rookie
28307,Matt Every,40,,,0,0.0,0.0,2021,5,Rookie
28307,Matt Every,41,,,0,0.0,0.0,2021,5,Rookie
28307,Matt Every,42,,,0,0.0,0.0,2021,5,Rookie
28307,Matt Every,43,,,0,0.0,0.0,2021,5,Rookie
28307,Matt Every,48,,,0,0.0,0.0,2021,5,Rookie
28307,Matt Every,62,,,0,0.0,0.0,2021,5,Rookie
28340,Julien Guerrier,6,,,0,0.0,0.0,2023,3,Rookie
28340,Julien Guerrier,20,70.0,70.0,1,18900.0,0.5,2025,1,Rookie
28420,Ryan Brehm,0,41.0,31.0,2,58684.71,0.4,2025,1,Familiar
28420,Ryan Brehm,1,,,0,0.0,0.0,2023,3,Rookie
28420,Ryan Brehm,2,,,0,0.0,0.0,2023,3,Rookie
28420,Ryan Brehm,3,64.0,64.0,1,20425.0,0.3333333333333333,2023,3,Rookie
28420,Ryan Brehm,4,,,0,0.0,0.0,2023,3,Rookie
28420,Ryan Brehm,6,52.666666666666664,24.0,3,47521.0,1.0,2023,3,Experienced
28420,Ryan Brehm,7,,,0,0.0,0.0,2024,2,Rookie
28420,Ryan Brehm,9,,,0,0.0,0.0,2023,3,Rookie
28420,Ryan Brehm,10,,,0,0.0,0.0,2022,4,Rookie
28420,Ryan Brehm,13,,,0,0.0,0.0,2024,2,Rookie
28420,Ryan Brehm,15,,,0,0.0,0.0,2024,2,Rookie
28420,Ryan Brehm,16,20.0,20.0,1,102330.0,0.3333333333333333,2024,2,Rookie
28420,Ryan Brehm,17,,,0,0.0,0.0,2022,4,Rookie
28420,Ryan Brehm,18,,,0,0.0,0.0,2023,3,Rookie
28420,Ryan Brehm,19,,,0,0.0,0.0,2023,3,Rookie
28420,Ryan Brehm,22,14.0,14.0,1,136500.0,1.0,2023,3,Rookie
28420,Ryan Brehm,24,,,0,0.0,0.0,2025,1,Rookie
28420,Ryan Brehm,25,,,0,0.0,0.0,2024,2,Rookie
28420,Ryan Brehm,27,,,0,0.0,0.0,2022,4,Rookie
28420,Ryan Brehm,28,,,0,0.0,0.0,2024,2,Rookie
28420,Ryan Brehm,30,,,0,0.0,0.0,2024,2,Rookie
28420,Ryan Brehm,33,,,0,0.0,0.0,2021,5,Rookie
28420,Ryan Brehm,34,,,0,0.0,0.0,2022,4,Rookie
28420,Ryan Brehm,35,,,0,0.0,0.0,2023,3,Rookie
28420,Ryan Brehm,36,,,0,0.0,0.0,2024,2,Rookie
28420,Ryan Brehm,37,,,0,0.0,0.0,2024,2,Rookie
28420,Ryan Brehm,38,,,0,0.0,0.0,2023,3,Rookie
28420,Ryan Brehm,39,,,0,0.0,0.0,2025,1,Rookie
28420,Ryan Brehm,40,68.33333333333333,57.0,3,50264.0,0.75,2024,2,Experienced
28420,Ryan Brehm,41,63.0,63.0,1,14388.0,0.25,2024,2,Rookie
28420,Ryan Brehm,42,,,0,0.0,0.0,2021,5,Rookie
28420,Ryan Brehm,43,,,0,0.0,0.0,2024,2,Rookie
28420,Ryan Brehm,45,35.0,35.0,1,203500.0,1.0,2023,3,Rookie
28420,Ryan Brehm,46,,,0,0.0,0.0,2024,2,Rookie
28420,Ryan Brehm,48,41.0,41.0,1,28045.0,0.5,2024,2,Rookie
28420,Ryan Brehm,49,53.0,53.0,1,21521.5,1.0,2024,2,Rookie
28420,Ryan Brehm,51,,,0,0.0,0.0,2023,3,Rookie
28420,Ryan Brehm,56,,,0,0.0,0.0,2024,2,Rookie
28420,Ryan Brehm,57,67.66666666666667,65.0,3,50586.0,0.75,2024,2,Experienced
28420,Ryan Brehm,60,,,0,0.0,0.0,2021,5,Rookie
28420,Ryan Brehm,61,,,0,0.0,0.0,2024,2,Rookie
28420,Ryan Brehm,62,22.0,22.0,1,73340.0,0.25,2024,2,Rookie
28475,Jeff Overton,0,,,0,0.0,0.0,2022,4,Rookie
28475,Jeff Overton,6,,,0,0.0,0.0,2023,3,Rookie
28475,Jeff Overton,15,,,0,0.0,0.0,2024,2,Rookie
28475,Jeff Overton,24,,,0,0.0,0.0,2025,1,Rookie
28521,Ryutaro Nagano,53,20.0,20.0,1,200152.0,1.0,2023,3,Rookie
28593,Jesse Mueller,6,,,0,0.0,0.0,2023,3,Rookie
28593,Jesse Mueller,34,,,0,0.0,0.0,2024,2,Rookie
28593,Jesse Mueller,46,,,0,0.0,0.0,2023,3,Rookie
28593,Jesse Mueller,48,,,0,0.0,0.0,2023,3,Rookie
28593,Jesse Mueller,53,,,0,0.0,0.0,2022,4,Rookie
28593,Jesse Mueller,56,,,0,0.0,0.0,2023,3,Rookie
28593,Jesse Mueller,59,,,0,0.0,0.0,2021,5,Rookie
28593,Jesse Mueller,61,66.0,66.0,1,18392.0,0.5,2025,1,Rookie
28679,Fabián Gómez,0,,,0,0.0,0.0,2021,5,Rookie
28679,Fabián Gómez,1,,,0,0.0,0.0,2021,5,Rookie
28679,Fabián Gómez,3,77.0,77.0,1,18050.0,0.5,2023,3,Rookie
28679,Fabián Gómez,4,65.0,65.0,1,18990.0,0.5,2023,3,Rookie
28679,Fabián Gómez,6,,,0,0.0,0.0,2022,4,Rookie
28679,Fabián Gómez,16,,,0,0.0,0.0,2021,5,Rookie
28679,Fabián Gómez,22,,,0,0.0,0.0,2023,3,Rookie
28679,Fabián Gómez,24,,,0,0.0,0.0,2025,1,Rookie
28679,Fabián Gómez,25,43.0,43.0,1,21974.5,0.5,2022,4,Rookie
28679,Fabián Gómez,28,,,0,0.0,0.0,2023,3,Rookie
28679,Fabián Gómez,33,,,0,0.0,0.0,2021,5,Rookie
28679,Fabián Gómez,40,14.0,14.0,1,121875.0,1.0,2021,5,Rookie
28679,Fabián Gómez,41,,,0,0.0,0.0,2023,3,Rookie
28679,Fabián Gómez,42,,,0,0.0,0.0,2021,5,Rookie
28679,Fabián Gómez,43,,,0,0.0,0.0,2021,5,Rookie
28679,Fabián Gómez,47,,,0,0.0,0.0,2021,5,Rookie
28679,Fabián Gómez,48,,,0,0.0,0.0,2021,5,Rookie
28679,Fabián Gómez,58,32.0,32.0,1,39083.33,1.0,2021,5,Rookie
28679,Fabián Gómez,62,,,0,0.0,0.0,2021,5,Rookie
28723,John Parry,6,,,0,0.0,0.0,2023,3,Rookie
28723,John Parry,20,55.0,55.0,1,25920.0,1.0,2025,1,Rookie
28723,John Parry,34,,,0,0.0,0.0,2025,1,Rookie
28775,Nate Lashley,0,42.5,28.0,2,68296.91,0.4,2025,1,Familiar
28775,Nate Lashley,1,,,0,0.0,0.0,2025,1,Rookie
28775,Nate Lashley,3,20.0,17.0,2,197253.93,0.6666666666666666,2023,3,Familiar
28775,Nate Lashley,4,16.5,5.0,2,360870.0,0.6666666666666666,2023,3,Familiar
28775,Nate Lashley,7,61.0,61.0,1,16650.0,1.0,2024,2,Rookie
28775,Nate Lashley,10,32.0,32.0,1,40125.0,0.2,2025,1,Rookie
28775,Nate Lashley,13,39.0,39.0,1,40095.0,0.5,2025,1,Rookie
28775,Nate Lashley,15,,,0,0.0,0.0,2025,1,Rookie
28775,Nate Lashley,16,3.0,3.0,1,477000.0,0.5,2025,1,Rookie
28775,Nate Lashley,18,33.666666666666664,16.0,3,164342.0,1.0,2023,3,Experienced
28775,Nate Lashley,19,38.5,20.0,2,218963.66,1.0,2023,3,Familiar
28775,Nate Lashley,21,,,0,0.0,0.0,2022,4,Rookie
28775,Nate Lashley,22,36.0,36.0,1,29785.0,0.5,2022,4,Rookie
28775,Nate Lashley,25,24.0,21.0,2,147978.0,0.5,2025,1,Familiar
28775,Nate Lashley,27,,,0,0.0,0.0,2022,4,Rookie
28775,Nate Lashley,28,25.0,11.0,2,207440.0,0.6666666666666666,2024,2,Familiar
28775,Nate Lashley,29,,,0,0.0,0.0,2025,1,Rookie
28775,Nate Lashley,35,48.0,13.0,3,575283.3300000001,0.75,2025,1,Experienced
28775,Nate Lashley,36,,,0,0.0,0.0,2024,2,Rookie
28775,Nate Lashley,37,35.333333333333336,17.0,3,202637.2,1.0,2025,1,Experienced
28775,Nate Lashley,38,31.0,31.0,1,107400.0,0.5,2023,3,Rookie
28775,Nate Lashley,39,,,0,0.0,0.0,2025,1,Rookie
28775,Nate Lashley,40,46.0,25.0,3,113516.0,0.75,2024,2,Experienced
28775,Nate Lashley,41,44.0,37.0,2,46014.0,0.4,2024,2,Familiar
28775,Nate Lashley,42,,,0,0.0,0.0,2021,5,Rookie
28775,Nate Lashley,43,44.333333333333336,17.0,3,121385.33,0.6,2024,2,Experienced
28775,Nate Lashley,46,35.333333333333336,29.0,3,113470.0,0.75,2024,2,Experienced
28775,Nate Lashley,47,52.0,52.0,1,16674.0,1.0,2021,5,Rookie
28775,Nate Lashley,48,22.0,7.0,2,268840.0,0.4,2025,1,Familiar
28775,Nate Lashley,49,24.0,21.0,2,156650.0,1.0,2025,1,Familiar
28775,Nate Lashley,51,50.5,25.0,2,75969.0,0.6666666666666666,2023,3,Familiar
28775,Nate Lashley,56,23.0,12.0,3,312741.37,0.6,2025,1,Experienced
28775,Nate Lashley,57,45.5,27.0,2,73305.0,0.6666666666666666,2025,1,Familiar
28775,Nate Lashley,58,38.0,38.0,1,29750.0,1.0,2021,5,Rookie
28775,Nate Lashley,59,17.0,17.0,1,104025.0,1.0,2021,5,Rookie
28775,Nate Lashley,60,27.0,27.0,1,134125.0,0.3333333333333333,2023,3,Rookie
28775,Nate Lashley,61,61.0,61.0,1,44400.0,0.25,2025,1,Rookie
28775,Nate Lashley,62,61.0,51.0,3,48912.0,0.75,2025,1,Experienced
28775,Nate Lashley,63,16.0,16.0,1,121210.0,1.0,2024,2,Rookie
28780,Nicholas Thompson,60,,,0,0.0,0.0,2022,4,Rookie
28937,George Coetzee,6,,,0,0.0,0.0,2022,4,Rookie
28937,George Coetzee,34,,,0,0.0,0.0,2021,5,Rookie
28938,Justin Harding,34,71.0,71.0,1,24250.0,1.0,2022,4,Rookie
28938,Justin Harding,54,,,0,0.0,0.0,2021,5,Rookie
28938,Justin Harding,58,38.0,38.0,1,29750.0,1.0,2021,5,Rookie
29221,Webb Simpson,0,,,0,0.0,0.0,2025,1,Rookie
29221,Webb Simpson,2,27.0,24.0,2,286500.0,1.0,2024,2,Familiar
29221,Webb Simpson,4,39.0,39.0,1,70125.0,0.5,2024,2,Rookie
29221,Webb Simpson,8,12.0,12.0,1,199500.0,1.0,2021,5,Rookie
29221,Webb Simpson,10,33.0,22.0,3,167233.5,1.0,2025,1,Experienced
29221,Webb Simpson,12,14.0,14.0,1,169065.0,1.0,2022,4,Rookie
29221,Webb Simpson,13,49.0,49.0,1,25509.0,1.0,2025,1,Rookie
29221,Webb Simpson,14,52.0,52.0,1,21840.0,1.0,2023,3,Rookie
29221,Webb Simpson,17,,,0,0.0,0.0,2022,4,Rookie
29221,Webb Simpson,18,30.0,30.0,1,42875.0,0.3333333333333333,2023,3,Rookie
29221,Webb Simpson,22,74.0,74.0,1,16296.0,1.0,2023,3,Rookie
29221,Webb Simpson,25,,,0,0.0,0.0,2022,4,Rookie
29221,Webb Simpson,31,47.0,47.0,1,24330.55,1.0,2021,5,Rookie
29221,Webb Simpson,34,25.0,20.0,2,251000.0,0.6666666666666666,2023,3,Familiar
29221,Webb Simpson,35,,,0,0.0,0.0,2024,2,Rookie
29221,Webb Simpson,36,32.0,32.0,1,34260.0,0.5,2025,1,Rookie
29221,Webb Simpson,38,36.666666666666664,9.0,3,280555.0,0.75,2024,2,Experienced
29221,Webb Simpson,39,51.0,51.0,1,22709.33,1.0,2025,1,Rookie
29221,Webb Simpson,40,69.0,69.0,1,17136.0,0.25,2024,2,Rookie
29221,Webb Simpson,41,23.333333333333332,8.0,3,296948.89,0.5,2025,1,Experienced
29221,Webb Simpson,45,17.0,17.0,1,92000.0,1.0,2021,5,Rookie
29221,Webb Simpson,46,46.0,46.0,1,23268.0,0.3333333333333333,2024,2,Rookie
29221,Webb Simpson,47,13.0,13.0,1,125416.67,1.0,2021,5,Rookie
29221,Webb Simpson,48,36.75,4.0,4,444655.0,0.8,2025,1,Experienced
29221,Webb Simpson,51,37.666666666666664,13.0,3,256960.71,1.0,2024,2,Experienced
29221,Webb Simpson,53,,,0,0.0,0.0,2024,2,Rookie
29221,Webb Simpson,54,8.0,8.0,1,302236.0,1.0,2021,5,Rookie
29221,Webb Simpson,56,45.0,45.0,1,26772.0,0.5,2025,1,Rookie
29221,Webb Simpson,57,36.333333333333336,7.0,3,293318.33999999997,0.75,2025,1,Experienced
29221,Webb Simpson,59,42.0,42.0,1,23852.75,1.0,2021,5,Rookie
29221,Webb Simpson,60,44.0,24.0,2,209500.0,0.6666666666666666,2024,2,Familiar
29221,Webb Simpson,61,57.0,57.0,1,45600.0,0.5,2025,1,Rookie
29221,Webb Simpson,62,13.0,5.0,3,556936.67,0.6,2025,1,Experienced
29221,Webb Simpson,64,17.0,17.0,1,95857.77,1.0,2021,5,Rookie
29223,Sam Saunders,43,,,0,0.0,0.0,2022,4,Rookie
29256,James Morrison,6,,,0,0.0,0.0,2023,3,Rookie
29256,James Morrison,24,,,0,0.0,0.0,2024,2,Rookie
29268,Bronson Burgoon,0,,,0,0.0,0.0,2021,5,Rookie
29268,Bronson Burgoon,1,43.0,37.0,2,50774.33,0.6666666666666666,2025,1,Familiar
29268,Bronson Burgoon,3,13.0,13.0,1,153900.0,1.0,2021,5,Rookie
29268,Bronson Burgoon,4,47.0,47.0,1,21814.0,0.5,2022,4,Rookie
29268,Bronson Burgoon,6,53.0,53.0,1,8239.0,1.0,2021,5,Rookie
29268,Bronson Burgoon,13,,,0,0.0,0.0,2024,2,Rookie
29268,Bronson Burgoon,16,55.333333333333336,42.0,3,64329.0,1.0,2024,2,Experienced
29268,Bronson Burgoon,18,16.0,16.0,1,103250.0,1.0,2022,4,Rookie
29268,Bronson Burgoon,21,35.0,35.0,1,36562.5,1.0,2022,4,Rookie
29268,Bronson Burgoon,22,66.5,66.0,2,31500.0,1.0,2022,4,Familiar
29268,Bronson Burgoon,24,,,0,0.0,0.0,2025,1,Rookie
29268,Bronson Burgoon,25,44.0,44.0,1,24964.8,0.5,2025,1,Rookie
29268,Bronson Burgoon,28,,,0,0.0,0.0,2024,2,Rookie
29268,Bronson Burgoon,33,,,0,0.0,0.0,2021,5,Rookie
29268,Bronson Burgoon,40,,,0,0.0,0.0,2021,5,Rookie
29268,Bronson Burgoon,41,15.0,15.0,1,113850.0,0.5,2022,4,Rookie
29268,Bronson Burgoon,43,,,0,0.0,0.0,2022,4,Rookie
29268,Bronson Burgoon,46,,,0,0.0,0.0,2022,4,Rookie
29268,Bronson Burgoon,47,58.0,58.0,1,15750.0,1.0,2021,5,Rookie
29268,Bronson Burgoon,48,,,0,0.0,0.0,2021,5,Rookie
29268,Bronson Burgoon,49,,,0,0.0,0.0,2025,1,Rookie
29268,Bronson Burgoon,51,,,0,0.0,0.0,2021,5,Rookie
29268,Bronson Burgoon,56,58.0,58.0,1,20148.0,0.25,2025,1,Rookie
29268,Bronson Burgoon,57,44.0,13.0,2,143517.0,0.6666666666666666,2024,2,Familiar
29268,Bronson Burgoon,58,,,0,0.0,0.0,2021,5,Rookie
29268,Bronson Burgoon,60,,,0,0.0,0.0,2021,5,Rookie
29268,Bronson Burgoon,62,60.0,60.0,1,14336.0,1.0,2021,5,Rookie
29289,S.Y. Noh,0,53.5,38.0,2,47271.0,0.6666666666666666,2024,2,Familiar
29289,S.Y. Noh,1,67.0,67.0,1,15884.0,0.3333333333333333,2023,3,Rookie
29289,S.Y. Noh,3,74.0,74.0,1,18525.0,0.5,2023,3,Rookie
29289,S.Y. Noh,4,53.5,42.0,2,48184.71,0.6666666666666666,2023,3,Familiar
29289,S.Y. Noh,6,41.0,41.0,1,13505.0,0.5,2023,3,Rookie
29289,S.Y. Noh,7,,,0,0.0,0.0,2024,2,Rookie
29289,S.Y. Noh,9,64.0,64.0,1,18312.0,1.0,2023,3,Rookie
29289,S.Y. Noh,13,59.0,59.0,1,21375.0,1.0,2024,2,Rookie
29289,S.Y. Noh,16,59.0,44.0,2,42042.0,0.6666666666666666,2023,3,Familiar
29289,S.Y. Noh,18,,,0,0.0,0.0,2023,3,Rookie
29289,S.Y. Noh,22,,,0,0.0,0.0,2023,3,Rookie
29289,S.Y. Noh,24,6.0,6.0,1,130500.0,0.5,2025,1,Rookie
29289,S.Y. Noh,25,53.0,43.0,2,38328.5,0.6666666666666666,2024,2,Familiar
29289,S.Y. Noh,28,46.0,46.0,1,22817.67,0.5,2023,3,Rookie
29289,S.Y. Noh,30,32.0,32.0,1,24450.0,1.0,2024,2,Rookie
29289,S.Y. Noh,37,36.5,35.0,2,78880.0,1.0,2023,3,Familiar
29289,S.Y. Noh,40,70.0,70.0,1,17776.0,0.5,2023,3,Rookie
29289,S.Y. Noh,41,22.5,15.0,2,177355.0,0.6666666666666666,2024,2,Familiar
29289,S.Y. Noh,43,,,0,0.0,0.0,2023,3,Rookie
29289,S.Y. Noh,46,,,0,0.0,0.0,2022,4,Rookie
29289,S.Y. Noh,56,58.5,54.0,2,36517.0,1.0,2022,4,Familiar
29289,S.Y. Noh,57,39.0,39.0,1,29250.0,1.0,2022,4,Rookie
29289,S.Y. Noh,60,,,0,0.0,0.0,2021,5,Rookie
29289,S.Y. Noh,61,,,0,0.0,0.0,2022,4,Rookie
29420,Billy Horschel,0,13.0,13.0,1,135664.28,1.0,2023,3,Rookie
29420,Billy Horschel,1,21.0,21.0,1,83270.0,1.0,2025,1,Rookie
29420,Billy Horschel,2,2.0,2.0,1,908000.0,0.25,2025,1,Rookie
29420,Billy Horschel,4,9.0,9.0,1,535000.0,1.0,2025,1,Rookie
29420,Billy Horschel,5,11.0,11.0,1,133500.0,1.0,2025,1,Rookie
29420,Billy Horschel,8,36.333333333333336,22.0,3,318904.0,1.0,2024,2,Experienced
29420,Billy Horschel,10,34.666666666666664,24.0,3,132246.25,0.75,2024,2,Experienced
29420,Billy Horschel,11,28.0,28.0,1,57135.0,1.0,2021,5,Rookie
29420,Billy Horschel,14,7.0,7.0,1,316312.5,1.0,2023,3,Rookie
29420,Billy Horschel,15,17.0,9.0,2,283807.14,1.0,2025,1,Familiar
29420,Billy Horschel,16,11.0,11.0,1,180180.0,0.3333333333333333,2024,2,Rookie
29420,Billy Horschel,17,10.0,10.0,1,520000.0,0.5,2024,2,Rookie
29420,Billy Horschel,19,,,0,0.0,0.0,2025,1,Rookie
29420,Billy Horschel,20,65.0,65.0,1,20340.0,0.5,2024,2,Rookie
29420,Billy Horschel,22,29.0,16.0,2,134721.33000000002,1.0,2023,3,Familiar
29420,Billy Horschel,26,67.0,67.0,1,19623.0,1.0,2021,5,Rookie
29420,Billy Horschel,27,8.0,1.0,2,2489000.0,0.6666666666666666,2024,2,Familiar
29420,Billy Horschel,31,31.0,31.0,1,48925.0,1.0,2021,5,Rookie
29420,Billy Horschel,34,33.0,8.0,3,650231.78,0.75,2024,2,Experienced
29420,Billy Horschel,35,50.0,42.0,2,115737.5,0.4,2025,1,Familiar
29420,Billy Horschel,38,24.333333333333332,21.0,3,276393.75,0.75,2025,1,Experienced
29420,Billy Horschel,41,,,0,0.0,0.0,2023,3,Rookie
29420,Billy Horschel,44,51.0,51.0,1,54000.0,1.0,2025,1,Rookie
29420,Billy Horschel,45,25.666666666666668,23.0,3,387200.0,1.0,2023,3,Experienced
29420,Billy Horschel,48,20.333333333333332,7.0,3,342276.67,0.6,2025,1,Experienced
29420,Billy Horschel,49,7.0,7.0,1,276412.5,1.0,2024,2,Rookie
29420,Billy Horschel,50,17.666666666666668,9.0,3,0.0,1.0,2024,2,Experienced
29420,Billy Horschel,51,55.0,55.0,1,44750.0,0.5,2024,2,Rookie
29420,Billy Horschel,53,42.0,41.0,2,138830.0,0.6666666666666666,2024,2,Familiar
29420,Billy Horschel,54,38.0,38.0,1,52074.0,1.0,2021,5,Rookie
29420,Billy Horschel,56,,,0,0.0,0.0,2024,2,Rookie
29420,Billy Horschel,57,8.0,4.0,2,532865.0,1.0,2025,1,Familiar
29420,Billy Horschel,59,53.0,53.0,1,17264.5,1.0,2021,5,Rookie
29420,Billy Horschel,60,52.0,52.0,1,47000.0,1.0,2024,2,Rookie
29420,Billy Horschel,61,26.333333333333332,6.0,3,426689.72,0.75,2025,1,Experienced
29420,Billy Horschel,62,12.666666666666666,4.0,3,669581.6699999999,1.0,2024,2,Experienced
29420,Billy Horschel,64,69.0,69.0,1,14240.0,1.0,2021,5,Rookie
29425,Andrew Svoboda,34,,,0,0.0,0.0,2024,2,Rookie
29425,Andrew Svoboda,51,62.5,61.0,2,59406.0,1.0,2023,3,Familiar
29425,Andrew Svoboda,53,,,0,0.0,0.0,2024,2,Rookie
29454,Bernd Wiesberger,2,31.0,31.0,1,55614.0,1.0,2021,5,Rookie
29454,Bernd Wiesberger,20,,,0,0.0,0.0,2025,1,Rookie
29454,Bernd Wiesberger,34,30.0,30.0,1,83750.0,0.5,2022,4,Rookie
29454,Bernd Wiesberger,35,,,0,0.0,0.0,2021,5,Rookie
29454,Bernd Wiesberger,41,4.0,4.0,1,297000.0,1.0,2021,5,Rookie
29454,Bernd Wiesberger,54,43.0,43.0,1,39275.0,1.0,2021,5,Rookie
29454,Bernd Wiesberger,56,,,0,0.0,0.0,2021,5,Rookie
29454,Bernd Wiesberger,57,33.0,33.0,1,41600.0,1.0,2022,4,Rookie
29461,Jamie Lovemark,1,40.0,40.0,1,25125.0,1.0,2021,5,Rookie
29461,Jamie Lovemark,3,,,0,0.0,0.0,2021,5,Rookie
29461,Jamie Lovemark,16,,,0,0.0,0.0,2021,5,Rookie
29461,Jamie Lovemark,18,,,0,0.0,0.0,2022,4,Rookie
29461,Jamie Lovemark,22,,,0,0.0,0.0,2021,5,Rookie
29461,Jamie Lovemark,26,,,0,0.0,0.0,2021,5,Rookie
29461,Jamie Lovemark,41,,,0,0.0,0.0,2021,5,Rookie
29461,Jamie Lovemark,42,56.0,56.0,1,15114.0,1.0,2021,5,Rookie
29461,Jamie Lovemark,43,,,0,0.0,0.0,2021,5,Rookie
29461,Jamie Lovemark,47,,,0,0.0,0.0,2021,5,Rookie
29461,Jamie Lovemark,48,67.0,67.0,1,13728.0,1.0,2021,5,Rookie
29461,Jamie Lovemark,57,,,0,0.0,0.0,2021,5,Rookie
29461,Jamie Lovemark,58,64.0,64.0,1,15120.0,1.0,2021,5,Rookie
29461,Jamie Lovemark,59,,,0,0.0,0.0,2021,5,Rookie
29461,Jamie Lovemark,60,,,0,0.0,0.0,2021,5,Rookie
29476,Kyle Reifers,24,,,0,0.0,0.0,2024,2,Rookie
29476,Kyle Reifers,28,,,0,0.0,0.0,2023,3,Rookie
29476,Kyle Reifers,40,52.0,52.0,1,21076.0,1.0,2023,3,Rookie
29476,Kyle Reifers,43,35.0,35.0,1,35612.5,1.0,2022,4,Rookie
29476,Kyle Reifers,51,38.0,38.0,1,83000.0,1.0,2023,3,Rookie
29476,Kyle Reifers,62,,,0,0.0,0.0,2023,3,Rookie
29478,Kevin Kisner,0,30.5,28.0,2,95748.41,1.0,2025,1,Familiar
29478,Kevin Kisner,1,,,0,0.0,0.0,2025,1,Rookie
29478,Kevin Kisner,2,36.0,36.0,1,42381.43,0.3333333333333333,2023,3,Rookie
29478,Kevin Kisner,3,,,0,0.0,0.0,2022,4,Rookie
29478,Kevin Kisner,4,34.0,34.0,1,49050.0,0.5,2023,3,Rookie
29478,Kevin Kisner,7,,,0,0.0,0.0,2024,2,Rookie
29478,Kevin Kisner,8,57.0,48.0,2,58175.0,1.0,2022,4,Familiar
29478,Kevin Kisner,10,52.5,40.0,2,48917.0,0.4,2025,1,Familiar
29478,Kevin Kisner,11,45.0,45.0,1,27885.0,1.0,2021,5,Rookie
29478,Kevin Kisner,12,54.0,54.0,1,20085.0,1.0,2022,4,Rookie
29478,Kevin Kisner,13,,,0,0.0,0.0,2025,1,Rookie
29478,Kevin Kisner,14,72.0,72.0,1,17850.0,1.0,2023,3,Rookie
29478,Kevin Kisner,15,,,0,0.0,0.0,2025,1,Rookie
29478,Kevin Kisner,17,20.0,20.0,1,152812.5,1.0,2022,4,Rookie
29478,Kevin Kisner,18,62.0,62.0,1,18648.0,1.0,2023,3,Rookie
29478,Kevin Kisner,19,,,0,0.0,0.0,2023,3,Rookie
29478,Kevin Kisner,24,36.0,8.0,2,122013.33,1.0,2025,1,Familiar
29478,Kevin Kisner,25,,,0,0.0,0.0,2025,1,Rookie
29478,Kevin Kisner,27,,,0,0.0,0.0,2023,3,Rookie
29478,Kevin Kisner,30,,,0,0.0,0.0,2024,2,Rookie
29478,Kevin Kisner,31,,,0,0.0,0.0,2021,5,Rookie
29478,Kevin Kisner,32,,,0,0.0,0.0,2025,1,Rookie
29478,Kevin Kisner,33,,,0,0.0,0.0,2021,5,Rookie
29478,Kevin Kisner,34,,,0,0.0,0.0,2023,3,Rookie
29478,Kevin Kisner,35,39.5,4.0,2,1028750.0,0.6666666666666666,2023,3,Familiar
29478,Kevin Kisner,36,,,0,0.0,0.0,2024,2,Rookie
29478,Kevin Kisner,37,,,0,0.0,0.0,2025,1,Rookie
29478,Kevin Kisner,38,68.0,68.0,1,41400.0,0.25,2024,2,Rookie
29478,Kevin Kisner,39,,,0,0.0,0.0,2025,1,Rookie
29478,Kevin Kisner,40,8.0,8.0,1,211875.0,0.3333333333333333,2024,2,Rookie
29478,Kevin Kisner,41,36.333333333333336,2.0,3,787183.5,0.5,2025,1,Experienced
29478,Kevin Kisner,43,51.0,51.0,1,19827.6,1.0,2023,3,Rookie
29478,Kevin Kisner,45,16.0,8.0,2,280700.0,1.0,2022,4,Familiar
29478,Kevin Kisner,46,,,0,0.0,0.0,2024,2,Rookie
29478,Kevin Kisner,48,17.5,3.0,2,477076.67,0.6666666666666666,2024,2,Familiar
29478,Kevin Kisner,49,,,0,0.0,0.0,2024,2,Rookie
29478,Kevin Kisner,51,5.5,5.0,2,574407.5,0.6666666666666666,2023,3,Familiar
29478,Kevin Kisner,53,,,0,0.0,0.0,2022,4,Rookie
29478,Kevin Kisner,54,,,0,0.0,0.0,2021,5,Rookie
29478,Kevin Kisner,56,72.0,72.0,1,18400.0,0.5,2025,1,Rookie
29478,Kevin Kisner,57,51.5,33.0,2,59174.0,0.4,2025,1,Familiar
29478,Kevin Kisner,61,38.0,38.0,1,35670.0,0.3333333333333333,2025,1,Rookie
29478,Kevin Kisner,62,1.0,1.0,1,1152000.0,0.25,2025,1,Rookie
29478,Kevin Kisner,64,14.0,14.0,1,142933.34,1.0,2021,5,Rookie
29479,Scott Brown,0,43.5,16.0,2,116644.5,1.0,2022,4,Familiar
29479,Scott Brown,1,,,0,0.0,0.0,2021,5,Rookie
29479,Scott Brown,3,34.0,34.0,1,42201.0,0.5,2023,3,Rookie
29479,Scott Brown,4,30.0,30.0,1,49920.0,0.3333333333333333,2023,3,Rookie
29479,Scott Brown,6,54.0,54.0,1,8584.0,0.3333333333333333,2023,3,Rookie
29479,Scott Brown,10,,,0,0.0,0.0,2021,5,Rookie
29479,Scott Brown,16,72.0,72.0,1,17487.0,0.5,2023,3,Rookie
29479,Scott Brown,18,,,0,0.0,0.0,2023,3,Rookie
29479,Scott Brown,22,,,0,0.0,0.0,2023,3,Rookie
29479,Scott Brown,25,4.0,4.0,1,248000.0,0.3333333333333333,2023,3,Rookie
29479,Scott Brown,28,51.0,51.0,1,17355.75,0.5,2023,3,Rookie
29479,Scott Brown,33,,,0,0.0,0.0,2021,5,Rookie
29479,Scott Brown,35,61.0,61.0,1,33000.0,1.0,2021,5,Rookie
29479,Scott Brown,37,65.0,65.0,1,19170.0,0.5,2023,3,Rookie
29479,Scott Brown,38,,,0,0.0,0.0,2022,4,Rookie
29479,Scott Brown,40,52.0,52.0,1,17775.0,1.0,2021,5,Rookie
29479,Scott Brown,41,,,0,0.0,0.0,2023,3,Rookie
29479,Scott Brown,42,,,0,0.0,0.0,2021,5,Rookie
29479,Scott Brown,43,,,0,0.0,0.0,2023,3,Rookie
29479,Scott Brown,47,,,0,0.0,0.0,2021,5,Rookie
29479,Scott Brown,48,47.0,47.0,1,16903.33,1.0,2021,5,Rookie
29479,Scott Brown,51,,,0,0.0,0.0,2021,5,Rookie
29479,Scott Brown,56,,,0,0.0,0.0,2021,5,Rookie
29479,Scott Brown,57,39.0,39.0,1,25875.0,1.0,2021,5,Rookie
29479,Scott Brown,58,24.0,24.0,1,58450.0,1.0,2021,5,Rookie
29479,Scott Brown,59,,,0,0.0,0.0,2021,5,Rookie
29479,Scott Brown,60,,,0,0.0,0.0,2021,5,Rookie
29479,Scott Brown,62,36.0,36.0,1,30328.18,0.5,2022,4,Rookie
29484,Peter Uihlein,1,,,0,0.0,0.0,2022,4,Rookie
29484,Peter Uihlein,3,65.0,65.0,1,19292.0,0.5,2022,4,Rookie
29484,Peter Uihlein,4,60.0,60.0,1,17394.0,0.5,2022,4,Rookie
29484,Peter Uihlein,10,,,0,0.0,0.0,2021,5,Rookie
29484,Peter Uihlein,16,,,0,0.0,0.0,2022,4,Rookie
29484,Peter Uihlein,18,47.0,47.0,1,19180.0,1.0,2022,4,Rookie
29484,Peter Uihlein,21,,,0,0.0,0.0,2022,4,Rookie
29484,Peter Uihlein,22,55.0,55.0,1,18160.0,1.0,2022,4,Rookie
29484,Peter Uihlein,28,,,0,0.0,0.0,2022,4,Rookie
29484,Peter Uihlein,33,44.0,44.0,1,22435.34,1.0,2021,5,Rookie
29484,Peter Uihlein,40,,,0,0.0,0.0,2021,5,Rookie
29484,Peter Uihlein,41,,,0,0.0,0.0,2022,4,Rookie
29484,Peter Uihlein,42,,,0,0.0,0.0,2021,5,Rookie
29484,Peter Uihlein,56,69.0,69.0,1,17716.0,1.0,2022,4,Rookie
29484,Peter Uihlein,57,57.0,57.0,1,15801.0,1.0,2021,5,Rookie
29484,Peter Uihlein,60,,,0,0.0,0.0,2022,4,Rookie
29485,Brett Stegmaier,40,29.0,29.0,1,58960.0,1.0,2023,3,Rookie
29485,Brett Stegmaier,51,56.0,56.0,1,46000.0,1.0,2023,3,Rookie
29518,Brendan Steele,0,,,0,0.0,0.0,2022,4,Rookie
29518,Brendan Steele,1,26.5,21.0,2,105325.0,0.6666666666666666,2023,3,Familiar
29518,Brendan Steele,2,22.0,18.0,2,220125.0,1.0,2022,4,Familiar
29518,Brendan Steele,4,34.0,34.0,1,40638.0,1.0,2021,5,Rookie
29518,Brendan Steele,8,32.0,32.0,1,88750.0,1.0,2022,4,Rookie
29518,Brendan Steele,9,,,0,0.0,0.0,2023,3,Rookie
29518,Brendan Steele,11,65.0,65.0,1,17842.5,1.0,2021,5,Rookie
29518,Brendan Steele,14,18.0,18.0,1,144480.0,1.0,2023,3,Rookie
29518,Brendan Steele,16,20.0,20.0,1,98919.0,1.0,2023,3,Rookie
29518,Brendan Steele,17,,,0,0.0,0.0,2022,4,Rookie
29518,Brendan Steele,18,42.0,42.0,1,24850.0,0.5,2023,3,Rookie
29518,Brendan Steele,19,43.0,43.0,1,28179.0,0.5,2022,4,Rookie
29518,Brendan Steele,22,3.0,3.0,1,320600.0,0.5,2022,4,Rookie
29518,Brendan Steele,26,37.0,37.0,1,42315.0,1.0,2021,5,Rookie
29518,Brendan Steele,27,10.0,10.0,1,303000.0,1.0,2022,4,Rookie
29518,Brendan Steele,31,,,0,0.0,0.0,2021,5,Rookie
29518,Brendan Steele,34,43.0,9.0,2,376712.5,0.6666666666666666,2023,3,Familiar
29518,Brendan Steele,35,27.0,13.0,2,380472.22,1.0,2022,4,Familiar
29518,Brendan Steele,40,30.0,30.0,1,50340.0,1.0,2022,4,Rookie
29518,Brendan Steele,41,51.0,51.0,1,17304.0,0.5,2022,4,Rookie
29518,Brendan Steele,42,29.0,29.0,1,41391.43,1.0,2021,5,Rookie
29518,Brendan Steele,43,17.0,17.0,1,86683.34,0.5,2023,3,Rookie
29518,Brendan Steele,46,,,0,0.0,0.0,2022,4,Rookie
29518,Brendan Steele,47,,,0,0.0,0.0,2021,5,Rookie
29518,Brendan Steele,48,26.0,4.0,2,298000.33,0.6666666666666666,2023,3,Familiar
29518,Brendan Steele,51,25.0,25.0,1,61835.0,0.5,2022,4,Rookie
29518,Brendan Steele,56,62.5,48.0,2,37015.4,1.0,2022,4,Familiar
29518,Brendan Steele,59,30.0,30.0,1,44712.5,1.0,2021,5,Rookie
29518,Brendan Steele,60,60.5,51.0,2,38286.0,1.0,2022,4,Familiar
29518,Brendan Steele,61,,,0,0.0,0.0,2023,3,Rookie
29518,Brendan Steele,64,70.0,70.0,1,14000.0,1.0,2021,5,Rookie
29531,Richie Ramsay,20,42.0,42.0,1,36255.0,0.3333333333333333,2025,1,Rookie
29535,Brice Garnett,0,38.0,16.0,5,213725.21,1.0,2025,1,Veteran
29535,Brice Garnett,1,52.0,34.0,2,57673.33,0.5,2025,1,Familiar
29535,Brice Garnett,3,46.333333333333336,15.0,3,200533.75,1.0,2023,3,Experienced
29535,Brice Garnett,4,,,0,0.0,0.0,2023,3,Rookie
29535,Brice Garnett,5,,,0,0.0,0.0,2025,1,Rookie
29535,Brice Garnett,6,52.5,33.0,2,26841.43,0.6666666666666666,2023,3,Familiar
29535,Brice Garnett,7,,,0,0.0,0.0,2024,2,Rookie
29535,Brice Garnett,10,46.0,36.0,2,59659.38,1.0,2025,1,Familiar
29535,Brice Garnett,13,,,0,0.0,0.0,2025,1,Rookie
29535,Brice Garnett,15,11.0,11.0,1,184985.71,1.0,2025,1,Rookie
29535,Brice Garnett,16,,,0,0.0,0.0,2023,3,Rookie
29535,Brice Garnett,18,47.5,43.0,2,44878.0,0.6666666666666666,2023,3,Familiar
29535,Brice Garnett,20,,,0,0.0,0.0,2024,2,Rookie
29535,Brice Garnett,21,50.0,50.0,1,18637.5,1.0,2022,4,Rookie
29535,Brice Garnett,22,40.0,25.0,2,74354.0,0.6666666666666666,2023,3,Familiar
29535,Brice Garnett,24,,,0,0.0,0.0,2025,1,Rookie
29535,Brice Garnett,25,34.0,34.0,1,39200.0,0.2,2025,1,Rookie
29535,Brice Garnett,28,33.0,33.0,2,77607.23,1.0,2023,3,Familiar
29535,Brice Garnett,31,,,0,0.0,0.0,2021,5,Rookie
29535,Brice Garnett,32,31.0,31.0,1,25000.0,1.0,2025,1,Rookie
29535,Brice Garnett,33,,,0,0.0,0.0,2021,5,Rookie
29535,Brice Garnett,34,35.0,35.0,1,79182.5,1.0,2024,2,Rookie
29535,Brice Garnett,35,42.5,35.0,2,169485.71000000002,0.5,2025,1,Familiar
29535,Brice Garnett,36,,,0,0.0,0.0,2025,1,Rookie
29535,Brice Garnett,37,68.0,68.0,1,18540.0,0.25,2025,1,Rookie
29535,Brice Garnett,38,35.0,18.0,2,237104.5,0.6666666666666666,2024,2,Familiar
29535,Brice Garnett,39,,,0,0.0,0.0,2025,1,Rookie
29535,Brice Garnett,40,47.0,47.0,1,23707.2,0.25,2024,2,Rookie
29535,Brice Garnett,41,43.5,41.0,2,47298.5,0.3333333333333333,2025,1,Familiar
29535,Brice Garnett,42,67.0,67.0,1,13728.0,1.0,2021,5,Rookie
29535,Brice Garnett,43,48.5,21.0,4,107744.0,0.6666666666666666,2025,1,Experienced
29535,Brice Garnett,44,48.0,48.0,1,57000.0,1.0,2025,1,Rookie
29535,Brice Garnett,46,,,0,0.0,0.0,2024,2,Rookie
29535,Brice Garnett,47,51.0,51.0,1,17570.0,1.0,2021,5,Rookie
29535,Brice Garnett,48,27.666666666666668,21.0,3,163739.53,1.0,2025,1,Experienced
29535,Brice Garnett,51,5.0,5.0,1,253820.0,0.5,2022,4,Rookie
29535,Brice Garnett,56,60.0,60.0,2,41228.0,0.5,2025,1,Familiar
29535,Brice Garnett,57,27.0,27.0,1,54600.0,0.25,2025,1,Rookie
29535,Brice Garnett,58,50.0,50.0,1,16887.5,1.0,2021,5,Rookie
29535,Brice Garnett,59,,,0,0.0,0.0,2021,5,Rookie
29535,Brice Garnett,60,,,0,0.0,0.0,2022,4,Rookie
29535,Brice Garnett,61,60.0,53.0,2,38622.8,1.0,2025,1,Familiar
29535,Brice Garnett,62,46.0,41.0,2,47579.0,0.4,2025,1,Familiar
29655,Björn Åkesson,24,,,0,0.0,0.0,2025,1,Rookie
29670,Pablo Larrazabal,20,,,0,0.0,0.0,2025,1,Rookie
29670,Pablo Larrazabal,34,65.0,65.0,1,29750.0,0.5,2023,3,Rookie
29670,Pablo Larrazabal,53,,,0,0.0,0.0,2023,3,Rookie
29675,Dan McCarthy,46,64.0,64.0,1,15330.0,1.0,2024,2,Rookie
29675,Dan McCarthy,54,,,0,0.0,0.0,2021,5,Rookie
29720,Andres Gonzales,16,,,0,0.0,0.0,2021,5,Rookie
29720,Andres Gonzales,48,,,0,0.0,0.0,2021,5,Rookie
29725,Tony Finau,0,12.0,1.0,4,1790566.43,0.8,2025,1,Experienced
29725,Tony Finau,1,20.0,4.0,3,489313.78,0.75,2025,1,Experienced
29725,Tony Finau,2,30.0,24.0,2,259750.0,1.0,2025,1,Familiar
29725,Tony Finau,4,30.0,13.0,2,417357.14,1.0,2025,1,Familiar
29725,Tony Finau,8,23.25,13.0,4,722611.11,1.0,2024,2,Experienced
29725,Tony Finau,9,1.0,1.0,1,1512000.0,1.0,2023,3,Rookie
29725,Tony Finau,10,13.666666666666666,4.0,3,542772.5,0.75,2024,2,Experienced
29725,Tony Finau,12,45.0,45.0,1,27007.5,1.0,2022,4,Rookie
29725,Tony Finau,16,5.666666666666667,2.0,3,1005900.0,0.6,2025,1,Experienced
29725,Tony Finau,17,37.25,5.0,4,895000.0,1.0,2025,1,Experienced
29725,Tony Finau,19,15.8,2.0,5,2263266.67,1.0,2025,1,Veteran
29725,Tony Finau,21,,,0,0.0,0.0,2022,4,Rookie
29725,Tony Finau,26,32.0,32.0,1,53103.0,1.0,2021,5,Rookie
29725,Tony Finau,27,19.5,8.0,2,693857.14,1.0,2025,1,Familiar
29725,Tony Finau,28,5.333333333333333,1.0,3,2083491.67,1.0,2024,2,Experienced
29725,Tony Finau,31,1.0,1.0,1,1710000.0,1.0,2021,5,Rookie
29725,Tony Finau,34,29.4,8.0,5,797456.22,1.0,2025,1,Veteran
29725,Tony Finau,35,32.0,19.0,2,345062.5,0.4,2025,1,Familiar
29725,Tony Finau,37,2.0,2.0,1,948300.0,1.0,2022,4,Rookie
29725,Tony Finau,38,27.0,12.0,3,586650.0,1.0,2025,1,Experienced
29725,Tony Finau,40,1.0,1.0,1,1512000.0,0.5,2023,3,Rookie
29725,Tony Finau,44,26.5,15.0,2,388000.0,1.0,2025,1,Familiar
29725,Tony Finau,45,19.0,7.0,3,540750.0,1.0,2023,3,Experienced
29725,Tony Finau,49,17.0,2.0,2,605645.71,1.0,2025,1,Familiar
29725,Tony Finau,50,15.75,9.0,4,0.0,1.0,2024,2,Experienced
29725,Tony Finau,51,32.25,5.0,4,963225.0,0.8,2025,1,Experienced
29725,Tony Finau,52,15.0,15.0,1,350000.0,1.0,2025,1,Rookie
29725,Tony Finau,53,24.333333333333332,3.0,3,1427660.0,0.75,2025,1,Experienced
29725,Tony Finau,54,8.0,8.0,1,302236.0,1.0,2021,5,Rookie
29725,Tony Finau,55,38.0,38.0,1,90608.0,1.0,2021,5,Rookie
29725,Tony Finau,56,42.5,29.0,2,77151.67,0.6666666666666666,2025,1,Familiar
29725,Tony Finau,57,,,0,0.0,0.0,2024,2,Rookie
29725,Tony Finau,58,24.0,24.0,1,58450.0,1.0,2021,5,Rookie
29725,Tony Finau,60,38.666666666666664,23.0,3,265750.0,0.75,2024,2,Experienced
29725,Tony Finau,61,14.0,14.0,1,335000.0,0.5,2023,3,Rookie
29725,Tony Finau,62,44.0,44.0,1,23951.45,1.0,2025,1,Rookie
29725,Tony Finau,64,11.0,11.0,1,184000.0,1.0,2021,5,Rookie
29772,Mike Lorenzo-Vera,6,,,0,0.0,0.0,2022,4,Rookie
29772,Mike Lorenzo-Vera,54,,,0,0.0,0.0,2021,5,Rookie
29908,C.T. Pan,0,50.5,31.0,2,58900.72,1.0,2023,3,Familiar
29908,C.T. Pan,1,,,0,0.0,0.0,2022,4,Rookie
29908,C.T. Pan,2,51.0,51.0,1,51000.0,0.5,2024,2,Rookie
29908,C.T. Pan,3,4.0,4.0,1,465500.0,1.0,2023,3,Rookie
29908,C.T. Pan,4,65.0,65.0,1,16770.0,1.0,2021,5,Rookie
29908,C.T. Pan,7,,,0,0.0,0.0,2024,2,Rookie
29908,C.T. Pan,10,40.333333333333336,32.0,3,98808.8,1.0,2024,2,Experienced
29908,C.T. Pan,13,,,0,0.0,0.0,2024,2,Rookie
29908,C.T. Pan,15,28.0,28.0,1,59014.29,0.5,2025,1,Rookie
29908,C.T. Pan,16,78.0,78.0,1,15876.0,1.0,2022,4,Rookie
29908,C.T. Pan,17,,,0,0.0,0.0,2022,4,Rookie
29908,C.T. Pan,18,39.0,6.0,2,236850.0,0.6666666666666666,2023,3,Familiar
29908,C.T. Pan,19,14.5,9.0,2,452835.0,1.0,2022,4,Familiar
29908,C.T. Pan,20,,,0,0.0,0.0,2023,3,Rookie
29908,C.T. Pan,21,,,0,0.0,0.0,2022,4,Rookie
29908,C.T. Pan,22,9.5,3.0,2,427133.33999999997,1.0,2022,4,Familiar
29908,C.T. Pan,25,13.0,2.0,2,769865.0,0.6666666666666666,2024,2,Familiar
29908,C.T. Pan,26,57.0,57.0,1,21111.0,1.0,2021,5,Rookie
29908,C.T. Pan,27,53.0,53.0,1,27994.29,1.0,2022,4,Rookie
29908,C.T. Pan,28,16.0,3.0,2,478210.0,1.0,2024,2,Familiar
29908,C.T. Pan,29,68.0,68.0,1,14700.0,1.0,2025,1,Rookie
29908,C.T. Pan,30,,,0,0.0,0.0,2024,2,Rookie
29908,C.T. Pan,31,,,0,0.0,0.0,2021,5,Rookie
29908,C.T. Pan,33,31.0,31.0,1,44621.25,1.0,2021,5,Rookie
29908,C.T. Pan,34,,,0,0.0,0.0,2024,2,Rookie
29908,C.T. Pan,35,55.5,42.0,2,145250.0,0.5,2025,1,Familiar
29908,C.T. Pan,36,,,0,0.0,0.0,2024,2,Rookie
29908,C.T. Pan,37,19.0,3.0,2,521851.43,1.0,2024,2,Familiar
29908,C.T. Pan,38,42.0,42.0,1,27600.0,0.3333333333333333,2023,3,Rookie
29908,C.T. Pan,40,,,0,0.0,0.0,2024,2,Rookie
29908,C.T. Pan,41,,,0,0.0,0.0,2023,3,Rookie
29908,C.T. Pan,42,61.0,61.0,1,14520.0,1.0,2021,5,Rookie
29908,C.T. Pan,43,24.75,9.0,4,533484.0,0.8,2024,2,Experienced
29908,C.T. Pan,46,23.0,23.0,1,65333.33,0.5,2024,2,Rookie
29908,C.T. Pan,47,52.0,52.0,1,16674.0,1.0,2021,5,Rookie
29908,C.T. Pan,48,21.0,21.0,1,80088.33,0.3333333333333333,2025,1,Rookie
29908,C.T. Pan,49,,,0,0.0,0.0,2025,1,Rookie
29908,C.T. Pan,51,,,0,0.0,0.0,2023,3,Rookie
29908,C.T. Pan,56,46.0,41.0,2,52518.0,1.0,2024,2,Familiar
29908,C.T. Pan,57,52.5,48.0,2,39188.33,1.0,2025,1,Familiar
29908,C.T. Pan,58,58.0,58.0,1,15890.0,1.0,2021,5,Rookie
29908,C.T. Pan,59,,,0,0.0,0.0,2021,5,Rookie
29908,C.T. Pan,60,16.5,15.0,2,238140.0,0.6666666666666666,2023,3,Familiar
29908,C.T. Pan,61,57.0,57.0,1,20792.0,0.3333333333333333,2025,1,Rookie
29908,C.T. Pan,62,46.5,29.0,2,57353.33,0.5,2024,2,Familiar
29908,C.T. Pan,63,6.0,6.0,1,266050.0,1.0,2024,2,Rookie
29926,Danny Lee,1,16.0,16.0,1,134000.0,0.3333333333333333,2023,3,Rookie
29926,Danny Lee,2,55.0,49.0,2,48871.5,1.0,2022,4,Familiar
29926,Danny Lee,3,,,0,0.0,0.0,2021,5,Rookie
29926,Danny Lee,9,,,0,0.0,0.0,2023,3,Rookie
29926,Danny Lee,10,31.5,23.0,2,107325.0,1.0,2022,4,Familiar
29926,Danny Lee,11,21.0,21.0,1,91956.43,1.0,2021,5,Rookie
29926,Danny Lee,16,65.0,65.0,1,15900.0,0.3333333333333333,2023,3,Rookie
29926,Danny Lee,17,,,0,0.0,0.0,2022,4,Rookie
29926,Danny Lee,18,,,0,0.0,0.0,2023,3,Rookie
29926,Danny Lee,19,36.5,21.0,2,148032.6,0.6666666666666666,2023,3,Familiar
29926,Danny Lee,25,,,0,0.0,0.0,2021,5,Rookie
29926,Danny Lee,26,,,0,0.0,0.0,2021,5,Rookie
29926,Danny Lee,27,,,0,0.0,0.0,2022,4,Rookie
29926,Danny Lee,28,,,0,0.0,0.0,2022,4,Rookie
29926,Danny Lee,33,19.0,19.0,1,86505.0,1.0,2021,5,Rookie
29926,Danny Lee,35,,,0,0.0,0.0,2022,4,Rookie
29926,Danny Lee,37,10.0,10.0,1,219675.0,1.0,2022,4,Rookie
29926,Danny Lee,38,,,0,0.0,0.0,2022,4,Rookie
29926,Danny Lee,40,,,0,0.0,0.0,2021,5,Rookie
29926,Danny Lee,41,21.0,21.0,1,76646.25,0.5,2023,3,Rookie
29926,Danny Lee,46,,,0,0.0,0.0,2023,3,Rookie
29926,Danny Lee,47,,,0,0.0,0.0,2021,5,Rookie
29926,Danny Lee,48,48.0,48.0,1,20250.34,0.5,2023,3,Rookie
29926,Danny Lee,51,,,0,0.0,0.0,2022,4,Rookie
29926,Danny Lee,53,,,0,0.0,0.0,2022,4,Rookie
29926,Danny Lee,54,,,0,0.0,0.0,2021,5,Rookie
29926,Danny Lee,56,,,0,0.0,0.0,2022,4,Rookie
29926,Danny Lee,57,34.5,21.0,2,84730.58,1.0,2022,4,Familiar
29926,Danny Lee,58,,,0,0.0,0.0,2021,5,Rookie
29926,Danny Lee,59,,,0,0.0,0.0,2021,5,Rookie
29926,Danny Lee,60,,,0,0.0,0.0,2022,4,Rookie
29926,Danny Lee,61,57.0,57.0,1,45600.0,0.5,2023,3,Rookie
29926,Danny Lee,64,72.0,72.0,1,13600.0,1.0,2021,5,Rookie
29936,Ryan Fox,0,,,0,0.0,0.0,2023,3,Rookie
29936,Ryan Fox,2,14.0,14.0,1,325000.0,1.0,2023,3,Rookie
29936,Ryan Fox,7,46.0,46.0,1,20137.5,1.0,2024,2,Rookie
29936,Ryan Fox,8,43.0,43.0,1,88000.0,1.0,2025,1,Rookie
29936,Ryan Fox,10,26.5,21.0,2,134284.75,1.0,2024,2,Familiar
29936,Ryan Fox,13,60.0,60.0,1,21978.0,0.5,2025,1,Rookie
29936,Ryan Fox,15,35.0,35.0,1,43875.0,0.5,2025,1,Rookie
29936,Ryan Fox,16,,,0,0.0,0.0,2024,2,Rookie
29936,Ryan Fox,17,50.0,50.0,1,49300.0,1.0,2025,1,Rookie
29936,Ryan Fox,20,44.666666666666664,12.0,3,195917.14,1.0,2025,1,Experienced
29936,Ryan Fox,27,25.0,20.0,2,367916.67000000004,1.0,2025,1,Familiar
29936,Ryan Fox,28,,,0,0.0,0.0,2024,2,Rookie
29936,Ryan Fox,29,,,0,0.0,0.0,2025,1,Rookie
29936,Ryan Fox,30,4.0,4.0,1,147000.0,1.0,2024,2,Rookie
29936,Ryan Fox,32,1.0,1.0,1,720000.0,1.0,2025,1,Rookie
29936,Ryan Fox,34,45.0,23.0,4,332420.0,1.0,2025,1,Experienced
29936,Ryan Fox,35,23.5,20.0,2,407906.25,0.6666666666666666,2025,1,Familiar
29936,Ryan Fox,37,4.0,1.0,2,2059316.67,1.0,2025,1,Familiar
29936,Ryan Fox,38,,,0,0.0,0.0,2023,3,Rookie
29936,Ryan Fox,40,67.0,67.0,1,19412.0,1.0,2024,2,Rookie
29936,Ryan Fox,43,11.0,11.0,1,163020.0,1.0,2024,2,Rookie
29936,Ryan Fox,46,34.0,34.0,1,38150.0,1.0,2024,2,Rookie
29936,Ryan Fox,49,46.5,15.0,2,180892.0,1.0,2025,1,Familiar
29936,Ryan Fox,51,17.0,17.0,1,252562.5,1.0,2025,1,Rookie
29936,Ryan Fox,53,39.333333333333336,19.0,3,354141.0,0.75,2025,1,Experienced
29936,Ryan Fox,54,,,0,0.0,0.0,2021,5,Rookie
29936,Ryan Fox,55,19.0,19.0,1,243070.0,1.0,2021,5,Rookie
29936,Ryan Fox,56,,,0,0.0,0.0,2025,1,Rookie
29936,Ryan Fox,57,47.0,47.0,1,23701.29,0.5,2025,1,Rookie
29936,Ryan Fox,61,52.0,41.0,2,50368.0,1.0,2025,1,Familiar
29936,Ryan Fox,62,,,0,0.0,0.0,2025,1,Rookie
29936,Ryan Fox,63,65.0,65.0,1,15725.0,1.0,2024,2,Rookie
29939,Fabrizio Zanotti,20,,,0,0.0,0.0,2023,3,Rookie
29939,Fabrizio Zanotti,24,37.0,37.0,1,17400.0,0.5,2025,1,Rookie
29970,Dylan Frittelli,0,,,0,0.0,0.0,2024,2,Rookie
29970,Dylan Frittelli,1,,,0,0.0,0.0,2023,3,Rookie
29970,Dylan Frittelli,2,42.0,42.0,1,37464.0,0.5,2022,4,Rookie
29970,Dylan Frittelli,3,69.0,69.0,1,18564.0,0.5,2023,3,Rookie
29970,Dylan Frittelli,4,24.0,24.0,1,74602.5,0.5,2023,3,Rookie
29970,Dylan Frittelli,9,,,0,0.0,0.0,2023,3,Rookie
29970,Dylan Frittelli,10,35.0,35.0,1,41832.0,0.3333333333333333,2023,3,Rookie
29970,Dylan Frittelli,11,69.0,69.0,1,17257.5,1.0,2021,5,Rookie
29970,Dylan Frittelli,16,45.0,37.0,2,55341.43,0.6666666666666666,2023,3,Familiar
29970,Dylan Frittelli,17,20.0,20.0,1,152812.5,1.0,2022,4,Rookie
29970,Dylan Frittelli,18,,,0,0.0,0.0,2023,3,Rookie
29970,Dylan Frittelli,19,26.0,26.0,1,85800.0,0.3333333333333333,2023,3,Rookie
29970,Dylan Frittelli,20,,,0,0.0,0.0,2025,1,Rookie
29970,Dylan Frittelli,21,19.0,19.0,1,85660.72,1.0,2022,4,Rookie
29970,Dylan Frittelli,22,22.5,16.0,2,152959.49,0.6666666666666666,2023,3,Familiar
29970,Dylan Frittelli,25,41.0,30.0,2,58006.70999999999,0.4,2025,1,Familiar
29970,Dylan Frittelli,26,,,0,0.0,0.0,2021,5,Rookie
29970,Dylan Frittelli,27,,,0,0.0,0.0,2023,3,Rookie
29970,Dylan Frittelli,28,,,0,0.0,0.0,2023,3,Rookie
29970,Dylan Frittelli,31,56.0,56.0,1,21470.0,1.0,2021,5,Rookie
29970,Dylan Frittelli,34,,,0,0.0,0.0,2021,5,Rookie
29970,Dylan Frittelli,35,36.0,22.0,2,186164.29,0.6666666666666666,2023,3,Familiar
29970,Dylan Frittelli,37,61.0,61.0,1,19314.0,1.0,2022,4,Rookie
29970,Dylan Frittelli,38,61.0,56.0,2,33432.0,0.6666666666666666,2023,3,Familiar
29970,Dylan Frittelli,40,,,0,0.0,0.0,2023,3,Rookie
29970,Dylan Frittelli,41,,,0,0.0,0.0,2025,1,Rookie
29970,Dylan Frittelli,43,36.0,13.0,3,188587.67,0.75,2023,3,Experienced
29970,Dylan Frittelli,46,,,0,0.0,0.0,2023,3,Rookie
29970,Dylan Frittelli,47,34.0,34.0,1,33483.33,1.0,2021,5,Rookie
29970,Dylan Frittelli,51,,,0,0.0,0.0,2022,4,Rookie
29970,Dylan Frittelli,56,8.0,8.0,1,234350.0,0.5,2023,3,Rookie
29970,Dylan Frittelli,57,,,0,0.0,0.0,2023,3,Rookie
29970,Dylan Frittelli,58,,,0,0.0,0.0,2021,5,Rookie
29970,Dylan Frittelli,59,,,0,0.0,0.0,2021,5,Rookie
29970,Dylan Frittelli,60,46.0,46.0,1,26670.0,0.5,2023,3,Rookie
29970,Dylan Frittelli,61,14.0,14.0,1,335000.0,0.5,2023,3,Rookie
29970,Dylan Frittelli,62,,,0,0.0,0.0,2023,3,Rookie
29970,Dylan Frittelli,64,11.0,11.0,1,184000.0,1.0,2021,5,Rookie
29974,Branden Grace,2,26.0,26.0,1,69285.0,0.5,2022,4,Rookie
29974,Branden Grace,3,38.0,38.0,1,36855.0,1.0,2022,4,Rookie
29974,Branden Grace,4,34.0,34.0,1,40638.0,1.0,2021,5,Rookie
29974,Branden Grace,8,52.0,52.0,1,22154.0,1.0,2021,5,Rookie
29974,Branden Grace,10,,,0,0.0,0.0,2021,5,Rookie
29974,Branden Grace,12,68.0,68.0,1,17257.5,1.0,2022,4,Rookie
29974,Branden Grace,19,20.0,20.0,1,101835.0,0.5,2022,4,Rookie
29974,Branden Grace,21,,,0,0.0,0.0,2022,4,Rookie
29974,Branden Grace,26,4.0,4.0,1,455700.0,1.0,2021,5,Rookie
29974,Branden Grace,31,,,0,0.0,0.0,2021,5,Rookie
29974,Branden Grace,34,38.0,38.0,1,42000.0,0.5,2022,4,Rookie
29974,Branden Grace,35,53.0,53.0,1,47800.0,0.5,2022,4,Rookie
29974,Branden Grace,38,38.5,35.0,2,62666.43,1.0,2022,4,Familiar
29974,Branden Grace,41,30.0,30.0,1,39552.85,0.5,2022,4,Rookie
29974,Branden Grace,42,29.0,29.0,1,41391.43,1.0,2021,5,Rookie
29974,Branden Grace,43,,,0,0.0,0.0,2021,5,Rookie
29974,Branden Grace,45,33.0,33.0,1,105500.0,1.0,2022,4,Rookie
29974,Branden Grace,48,,,0,0.0,0.0,2022,4,Rookie
29974,Branden Grace,53,,,0,0.0,0.0,2022,4,Rookie
29974,Branden Grace,54,,,0,0.0,0.0,2021,5,Rookie
29974,Branden Grace,56,23.0,23.0,1,65285.0,0.5,2022,4,Rookie
29974,Branden Grace,57,54.0,54.0,1,16215.0,0.5,2022,4,Rookie
29974,Branden Grace,58,,,0,0.0,0.0,2021,5,Rookie
29974,Branden Grace,60,,,0,0.0,0.0,2022,4,Rookie
29974,Branden Grace,61,49.0,49.0,1,20869.0,1.0,2022,4,Rookie
29974,Branden Grace,62,2.0,2.0,1,389440.0,1.0,2021,5,Rookie
30050,Sean Jacklin,9,,,0,0.0,0.0,2023,3,Rookie
30050,Sean Jacklin,53,,,0,0.0,0.0,2022,4,Rookie
30110,Kyle Stanley,0,,,0,0.0,0.0,2021,5,Rookie
30110,Kyle Stanley,1,32.0,32.0,1,38257.0,1.0,2021,5,Rookie
30110,Kyle Stanley,2,,,0,0.0,0.0,2021,5,Rookie
30110,Kyle Stanley,3,,,0,0.0,0.0,2023,3,Rookie
30110,Kyle Stanley,4,39.0,39.0,1,30030.0,0.3333333333333333,2023,3,Rookie
30110,Kyle Stanley,6,,,0,0.0,0.0,2023,3,Rookie
30110,Kyle Stanley,10,8.0,8.0,1,196875.0,1.0,2021,5,Rookie
30110,Kyle Stanley,16,18.0,18.0,1,80761.36,0.3333333333333333,2023,3,Rookie
30110,Kyle Stanley,18,,,0,0.0,0.0,2023,3,Rookie
30110,Kyle Stanley,19,32.0,32.0,1,51925.0,0.5,2022,4,Rookie
30110,Kyle Stanley,21,,,0,0.0,0.0,2022,4,Rookie
30110,Kyle Stanley,22,60.0,60.0,1,18732.0,0.5,2023,3,Rookie
30110,Kyle Stanley,25,41.0,41.0,1,22630.0,0.3333333333333333,2025,1,Rookie
30110,Kyle Stanley,26,42.0,42.0,1,33015.0,1.0,2021,5,Rookie
30110,Kyle Stanley,28,,,0,0.0,0.0,2023,3,Rookie
30110,Kyle Stanley,31,,,0,0.0,0.0,2021,5,Rookie
30110,Kyle Stanley,35,,,0,0.0,0.0,2022,4,Rookie
30110,Kyle Stanley,37,,,0,0.0,0.0,2023,3,Rookie
30110,Kyle Stanley,38,,,0,0.0,0.0,2021,5,Rookie
30110,Kyle Stanley,40,41.0,41.0,1,24115.9,0.5,2023,3,Rookie
30110,Kyle Stanley,41,37.5,6.0,2,230229.0,1.0,2022,4,Familiar
30110,Kyle Stanley,42,46.0,46.0,1,18282.0,1.0,2021,5,Rookie
30110,Kyle Stanley,43,,,0,0.0,0.0,2021,5,Rookie
30110,Kyle Stanley,46,,,0,0.0,0.0,2023,3,Rookie
30110,Kyle Stanley,47,,,0,0.0,0.0,2021,5,Rookie
30110,Kyle Stanley,48,27.0,27.0,1,49250.0,0.3333333333333333,2023,3,Rookie
30110,Kyle Stanley,51,54.0,54.0,1,17094.0,1.0,2021,5,Rookie
30110,Kyle Stanley,56,42.5,14.0,2,158592.0,0.6666666666666666,2023,3,Familiar
30110,Kyle Stanley,57,39.0,39.0,1,25875.0,0.3333333333333333,2023,3,Rookie
30110,Kyle Stanley,59,36.0,36.0,1,34005.83,1.0,2021,5,Rookie
30110,Kyle Stanley,60,26.0,26.0,1,53275.9,1.0,2021,5,Rookie
30110,Kyle Stanley,61,,,0,0.0,0.0,2022,4,Rookie
30110,Kyle Stanley,62,,,0,0.0,0.0,2021,5,Rookie
30163,Henrik Norlander,0,47.0,12.0,3,185970.43,0.75,2025,1,Experienced
30163,Henrik Norlander,1,37.5,12.0,2,153842.0,0.6666666666666666,2025,1,Familiar
30163,Henrik Norlander,2,71.0,71.0,1,18879.0,0.5,2022,4,Rookie
30163,Henrik Norlander,3,34.0,34.0,1,45441.66,0.5,2023,3,Rookie
30163,Henrik Norlander,4,26.0,26.0,1,59280.0,0.5,2023,3,Rookie
30163,Henrik Norlander,5,,,0,0.0,0.0,2025,1,Rookie
30163,Henrik Norlander,6,16.5,5.0,2,143677.5,0.6666666666666666,2023,3,Familiar
30163,Henrik Norlander,7,8.0,8.0,1,219375.0,1.0,2024,2,Rookie
30163,Henrik Norlander,9,,,0,0.0,0.0,2023,3,Rookie
30163,Henrik Norlander,10,54.5,50.0,2,39320.0,0.6666666666666666,2025,1,Familiar
30163,Henrik Norlander,13,54.5,45.0,2,51800.0,1.0,2025,1,Familiar
30163,Henrik Norlander,15,,,0,0.0,0.0,2025,1,Rookie
30163,Henrik Norlander,16,2.0,2.0,1,456375.0,0.25,2025,1,Rookie
30163,Henrik Norlander,18,,,0,0.0,0.0,2023,3,Rookie
30163,Henrik Norlander,19,,,0,0.0,0.0,2022,4,Rookie
30163,Henrik Norlander,20,78.0,78.0,1,17640.0,1.0,2025,1,Rookie
30163,Henrik Norlander,21,67.0,67.0,1,15825.0,1.0,2022,4,Rookie
30163,Henrik Norlander,22,,,0,0.0,0.0,2023,3,Rookie
30163,Henrik Norlander,24,25.0,25.0,1,30733.33,1.0,2024,2,Rookie
30163,Henrik Norlander,25,48.666666666666664,28.0,3,78144.0,0.6,2025,1,Experienced
30163,Henrik Norlander,26,,,0,0.0,0.0,2021,5,Rookie
30163,Henrik Norlander,28,13.0,13.0,1,145125.0,0.5,2024,2,Rookie
30163,Henrik Norlander,29,13.0,13.0,1,137083.33,1.0,2025,1,Rookie
30163,Henrik Norlander,30,20.0,20.0,1,43800.0,1.0,2024,2,Rookie
30163,Henrik Norlander,31,,,0,0.0,0.0,2021,5,Rookie
30163,Henrik Norlander,32,,,0,0.0,0.0,2025,1,Rookie
30163,Henrik Norlander,33,25.0,25.0,1,56088.34,1.0,2021,5,Rookie
30163,Henrik Norlander,35,,,0,0.0,0.0,2025,1,Rookie
30163,Henrik Norlander,36,61.0,61.0,1,13380.0,0.5,2025,1,Rookie
30163,Henrik Norlander,37,62.0,52.0,2,41024.0,0.5,2025,1,Familiar
30163,Henrik Norlander,38,,,0,0.0,0.0,2022,4,Rookie
30163,Henrik Norlander,39,51.0,51.0,1,22709.33,1.0,2025,1,Rookie
30163,Henrik Norlander,40,49.666666666666664,30.0,3,100481.0,0.75,2024,2,Experienced
30163,Henrik Norlander,41,27.0,17.0,3,187933.89,0.6,2025,1,Experienced
30163,Henrik Norlander,42,,,0,0.0,0.0,2021,5,Rookie
30163,Henrik Norlander,43,12.4,2.0,5,1242845.0,0.8333333333333334,2025,1,Veteran
30163,Henrik Norlander,46,50.0,35.0,2,55060.0,0.5,2024,2,Familiar
30163,Henrik Norlander,47,58.0,58.0,1,15750.0,1.0,2021,5,Rookie
30163,Henrik Norlander,48,46.0,37.0,2,54375.0,0.6666666666666666,2025,1,Familiar
30163,Henrik Norlander,49,,,0,0.0,0.0,2025,1,Rookie
30163,Henrik Norlander,51,61.0,61.0,1,16206.0,0.5,2022,4,Rookie
30163,Henrik Norlander,56,41.666666666666664,12.0,3,222877.4,0.75,2025,1,Experienced
30163,Henrik Norlander,57,36.333333333333336,16.0,3,167531.0,0.75,2025,1,Experienced
30163,Henrik Norlander,58,,,0,0.0,0.0,2021,5,Rookie
30163,Henrik Norlander,59,22.0,22.0,1,64422.5,1.0,2021,5,Rookie
30163,Henrik Norlander,60,53.0,47.0,2,71562.23000000001,0.6666666666666666,2023,3,Familiar
30163,Henrik Norlander,61,,,0,0.0,0.0,2025,1,Rookie
30163,Henrik Norlander,62,54.5,47.0,2,37073.57,0.5,2025,1,Familiar
30683,Cory Schneider,60,,,0,0.0,0.0,2021,5,Rookie
30692,Scott Stallings,0,39.0,39.0,1,24116.4,1.0,2021,5,Rookie
30692,Scott Stallings,1,,,0,0.0,0.0,2022,4,Rookie
30692,Scott Stallings,2,,,0,0.0,0.0,2023,3,Rookie
30692,Scott Stallings,3,14.0,3.0,2,463826.25,0.6666666666666666,2023,3,Familiar
30692,Scott Stallings,4,22.5,15.0,2,196170.0,0.6666666666666666,2023,3,Familiar
30692,Scott Stallings,8,2.0,2.0,1,1620000.0,1.0,2022,4,Rookie
30692,Scott Stallings,10,35.5,4.0,2,369250.0,0.6666666666666666,2023,3,Familiar
30692,Scott Stallings,14,58.0,58.0,1,20685.0,1.0,2023,3,Rookie
30692,Scott Stallings,15,,,0,0.0,0.0,2024,2,Rookie
30692,Scott Stallings,16,35.5,25.0,2,88270.5,0.5,2024,2,Familiar
30692,Scott Stallings,17,,,0,0.0,0.0,2022,4,Rookie
30692,Scott Stallings,18,31.0,6.0,2,240086.0,1.0,2023,3,Familiar
30692,Scott Stallings,19,,,0,0.0,0.0,2023,3,Rookie
30692,Scott Stallings,20,,,0,0.0,0.0,2023,3,Rookie
30692,Scott Stallings,21,61.0,61.0,1,16575.0,1.0,2022,4,Rookie
30692,Scott Stallings,22,,,0,0.0,0.0,2021,5,Rookie
30692,Scott Stallings,25,29.5,4.0,2,333946.0,1.0,2022,4,Familiar
30692,Scott Stallings,27,,,0,0.0,0.0,2023,3,Rookie
30692,Scott Stallings,28,,,0,0.0,0.0,2024,2,Rookie
30692,Scott Stallings,31,,,0,0.0,0.0,2021,5,Rookie
30692,Scott Stallings,33,,,0,0.0,0.0,2021,5,Rookie
30692,Scott Stallings,34,,,0,0.0,0.0,2023,3,Rookie
30692,Scott Stallings,35,55.5,42.0,2,124500.0,0.5,2024,2,Familiar
30692,Scott Stallings,38,56.0,56.0,1,46200.0,0.3333333333333333,2023,3,Rookie
30692,Scott Stallings,40,30.333333333333332,10.0,3,279998.70999999996,1.0,2023,3,Experienced
30692,Scott Stallings,41,48.666666666666664,29.0,3,77208.0,0.75,2023,3,Experienced
30692,Scott Stallings,42,,,0,0.0,0.0,2021,5,Rookie
30692,Scott Stallings,43,7.0,2.0,3,892241.66,0.75,2023,3,Experienced
30692,Scott Stallings,45,25.0,25.0,1,213333.33,1.0,2023,3,Rookie
30692,Scott Stallings,46,,,0,0.0,0.0,2023,3,Rookie
30692,Scott Stallings,47,,,0,0.0,0.0,2021,5,Rookie
30692,Scott Stallings,48,42.0,42.0,1,25912.6,1.0,2024,2,Rookie
30692,Scott Stallings,49,,,0,0.0,0.0,2024,2,Rookie
30692,Scott Stallings,50,29.0,29.0,1,0.0,1.0,2022,4,Rookie
30692,Scott Stallings,51,8.0,8.0,1,243605.0,0.3333333333333333,2023,3,Rookie
30692,Scott Stallings,53,,,0,0.0,0.0,2023,3,Rookie
30692,Scott Stallings,56,36.0,13.0,2,175610.0,1.0,2022,4,Familiar
30692,Scott Stallings,57,19.0,12.0,3,326262.0,1.0,2024,2,Experienced
30692,Scott Stallings,58,,,0,0.0,0.0,2021,5,Rookie
30692,Scott Stallings,59,36.0,36.0,1,34005.84,1.0,2021,5,Rookie
30692,Scott Stallings,60,43.0,43.0,1,25069.5,1.0,2021,5,Rookie
30692,Scott Stallings,61,22.0,21.0,2,270350.0,0.6666666666666666,2024,2,Familiar
30692,Scott Stallings,62,37.5,13.0,2,139907.5,0.6666666666666666,2023,3,Familiar
30738,Manuel Inman,28,,,0,0.0,0.0,2022,4,Rookie
30750,Tommy Gainey,0,,,0,0.0,0.0,2022,4,Rookie
30750,Tommy Gainey,3,34.0,34.0,1,45441.67,1.0,2023,3,Rookie
30750,Tommy Gainey,4,,,0,0.0,0.0,2023,3,Rookie
30750,Tommy Gainey,6,16.0,16.0,1,52345.0,0.3333333333333333,2023,3,Rookie
30750,Tommy Gainey,18,,,0,0.0,0.0,2023,3,Rookie
30750,Tommy Gainey,24,61.0,61.0,1,8920.0,0.5,2025,1,Rookie
30750,Tommy Gainey,25,51.0,51.0,1,16880.25,0.5,2023,3,Rookie
30750,Tommy Gainey,28,51.0,51.0,1,17355.75,0.5,2023,3,Rookie
30750,Tommy Gainey,30,,,0,0.0,0.0,2024,2,Rookie
30750,Tommy Gainey,36,,,0,0.0,0.0,2025,1,Rookie
30750,Tommy Gainey,37,,,0,0.0,0.0,2023,3,Rookie
30750,Tommy Gainey,40,,,0,0.0,0.0,2022,4,Rookie
30750,Tommy Gainey,41,53.0,53.0,1,19773.6,0.3333333333333333,2025,1,Rookie
30750,Tommy Gainey,43,51.0,51.0,1,19827.6,1.0,2023,3,Rookie
30750,Tommy Gainey,46,,,0,0.0,0.0,2023,3,Rookie
30750,Tommy Gainey,57,,,0,0.0,0.0,2022,4,Rookie
30750,Tommy Gainey,60,,,0,0.0,0.0,2022,4,Rookie
30750,Tommy Gainey,62,,,0,0.0,0.0,2023,3,Rookie
30756,Andrea Pavan,24,31.0,31.0,1,23400.0,0.5,2025,1,Rookie
30756,Andrea Pavan,53,,,0,0.0,0.0,2025,1,Rookie
30756,Andrea Pavan,55,,,0,0.0,0.0,2021,5,Rookie
30812,Benjamin Hebert,6,,,0,0.0,0.0,2022,4,Rookie
30852,Ryo Ishikawa,22,,,0,0.0,0.0,2021,5,Rookie
30852,Ryo Ishikawa,48,,,0,0.0,0.0,2021,5,Rookie
30852,Ryo Ishikawa,53,63.0,63.0,1,42080.0,0.5,2024,2,Rookie
30852,Ryo Ishikawa,54,51.0,51.0,1,28563.0,1.0,2021,5,Rookie
30852,Ryo Ishikawa,63,56.0,56.0,1,16830.0,1.0,2024,2,Rookie
30852,Ryo Ishikawa,64,63.0,63.0,1,15040.0,1.0,2021,5,Rookie
30909,David Horsey,53,,,0,0.0,0.0,2023,3,Rookie
30911,Tommy Fleetwood,2,25.5,10.0,4,822350.0,0.8,2025,1,Experienced
30911,Tommy Fleetwood,3,59.0,59.0,1,20202.0,1.0,2022,4,Rookie
30911,Tommy Fleetwood,4,26.5,22.0,2,264897.73,1.0,2025,1,Familiar
30911,Tommy Fleetwood,8,11.333333333333334,4.0,3,1818500.0,1.0,2025,1,Experienced
30911,Tommy Fleetwood,10,19.5,4.0,2,469332.0,0.6666666666666666,2025,1,Familiar
30911,Tommy Fleetwood,11,59.0,59.0,1,19207.5,1.0,2021,5,Rookie
30911,Tommy Fleetwood,12,38.0,38.0,1,37635.0,1.0,2022,4,Rookie
30911,Tommy Fleetwood,14,4.0,4.0,1,462000.0,1.0,2023,3,Rookie
30911,Tommy Fleetwood,17,9.333333333333334,3.0,3,2495500.0,1.0,2025,1,Experienced
30911,Tommy Fleetwood,19,11.666666666666666,5.0,3,1389166.67,1.0,2025,1,Experienced
30911,Tommy Fleetwood,20,24.666666666666668,6.0,3,371730.0,1.0,2025,1,Experienced
30911,Tommy Fleetwood,22,,,0,0.0,0.0,2022,4,Rookie
30911,Tommy Fleetwood,27,18.0,16.0,2,578500.0,1.0,2025,1,Familiar
30911,Tommy Fleetwood,33,35.0,35.0,1,33336.67,1.0,2021,5,Rookie
30911,Tommy Fleetwood,34,22.5,5.0,4,919455.56,0.8,2025,1,Experienced
30911,Tommy Fleetwood,35,24.5,14.0,4,906691.96,0.8,2025,1,Experienced
30911,Tommy Fleetwood,37,11.5,2.0,2,1087376.67,1.0,2024,2,Familiar
30911,Tommy Fleetwood,38,20.25,7.0,4,1264450.0,0.8,2025,1,Experienced
30911,Tommy Fleetwood,41,37.0,37.0,1,28710.0,1.0,2021,5,Rookie
30911,Tommy Fleetwood,44,47.0,47.0,1,62000.0,1.0,2024,2,Rookie
30911,Tommy Fleetwood,50,9.0,1.0,3,10000000.0,1.0,2025,1,Experienced
30911,Tommy Fleetwood,51,21.0,2.0,3,2143678.71,0.75,2025,1,Experienced
30911,Tommy Fleetwood,52,4.0,4.0,1,826666.67,1.0,2025,1,Rookie
30911,Tommy Fleetwood,53,10.5,5.0,2,1038152.0,0.5,2025,1,Familiar
30911,Tommy Fleetwood,54,,,0,0.0,0.0,2021,5,Rookie
30911,Tommy Fleetwood,55,,,0,0.0,0.0,2021,5,Rookie
30911,Tommy Fleetwood,56,34.5,7.0,2,310123.33,1.0,2025,1,Familiar
30911,Tommy Fleetwood,57,11.666666666666666,3.0,3,725175.0,1.0,2025,1,Experienced
30911,Tommy Fleetwood,60,10.666666666666666,5.0,3,1303941.67,1.0,2024,2,Experienced
30911,Tommy Fleetwood,61,,,0,0.0,0.0,2023,3,Rookie
30911,Tommy Fleetwood,62,65.0,65.0,1,13504.0,1.0,2021,5,Rookie
30911,Tommy Fleetwood,64,57.0,57.0,1,16000.0,1.0,2021,5,Rookie
30925,Dustin Johnson,0,,,0,0.0,0.0,2021,5,Rookie
30925,Dustin Johnson,3,59.0,59.0,1,20202.0,1.0,2022,4,Rookie
30925,Dustin Johnson,8,6.0,6.0,1,330125.0,1.0,2021,5,Rookie
30925,Dustin Johnson,12,45.0,45.0,1,27007.5,1.0,2022,4,Rookie
30925,Dustin Johnson,16,25.0,25.0,1,65940.0,1.0,2022,4,Rookie
30925,Dustin Johnson,19,8.0,8.0,1,262725.0,0.5,2022,4,Rookie
30925,Dustin Johnson,31,,,0,0.0,0.0,2021,5,Rookie
30925,Dustin Johnson,33,10.0,10.0,1,177025.0,1.0,2021,5,Rookie
30925,Dustin Johnson,34,49.0,43.0,2,83969.0,0.4,2025,1,Familiar
30925,Dustin Johnson,35,28.5,9.0,2,563035.72,1.0,2022,4,Familiar
30925,Dustin Johnson,38,13.0,13.0,1,130995.0,0.5,2022,4,Rookie
30925,Dustin Johnson,45,11.0,11.0,1,155500.0,1.0,2021,5,Rookie
30925,Dustin Johnson,50,8.0,8.0,1,0.0,1.0,2021,5,Rookie
30925,Dustin Johnson,51,25.0,25.0,1,58090.0,1.0,2021,5,Rookie
30925,Dustin Johnson,53,17.0,10.0,2,585867.0,0.5,2025,1,Familiar
30925,Dustin Johnson,54,6.0,6.0,1,424040.0,1.0,2021,5,Rookie
30925,Dustin Johnson,55,,,0,0.0,0.0,2021,5,Rookie
30925,Dustin Johnson,57,43.5,39.0,2,46937.0,1.0,2022,4,Familiar
30925,Dustin Johnson,58,2.0,2.0,1,623000.0,1.0,2021,5,Rookie
30926,Chris Kirk,0,14.0,14.0,1,140700.0,0.5,2025,1,Rookie
30926,Chris Kirk,1,17.666666666666668,3.0,3,616268.33,0.75,2025,1,Experienced
30926,Chris Kirk,2,23.6,5.0,5,1056964.68,1.0,2025,1,Veteran
30926,Chris Kirk,4,34.666666666666664,16.0,3,300500.0,0.75,2025,1,Experienced
30926,Chris Kirk,7,35.0,35.0,1,37350.0,1.0,2024,2,Rookie
30926,Chris Kirk,8,36.75,9.0,4,795080.0,1.0,2024,2,Experienced
30926,Chris Kirk,10,42.0,15.0,2,147600.0,0.4,2025,1,Familiar
30926,Chris Kirk,12,14.0,14.0,1,169065.0,1.0,2022,4,Rookie
30926,Chris Kirk,14,52.0,52.0,1,21840.0,1.0,2023,3,Rookie
30926,Chris Kirk,15,42.0,28.0,2,80266.29000000001,1.0,2025,1,Familiar
30926,Chris Kirk,17,25.0,9.0,3,858250.0,0.75,2025,1,Experienced
30926,Chris Kirk,18,43.0,43.0,1,24760.0,1.0,2023,3,Rookie
30926,Chris Kirk,19,,,0,0.0,0.0,2024,2,Rookie
30926,Chris Kirk,22,11.0,1.0,3,1826950.0,1.0,2023,3,Experienced
30926,Chris Kirk,25,42.5,21.0,2,102534.0,1.0,2025,1,Familiar
30926,Chris Kirk,26,26.0,26.0,1,67890.0,1.0,2021,5,Rookie
30926,Chris Kirk,27,53.0,53.0,1,27994.29,0.25,2025,1,Rookie
30926,Chris Kirk,28,,,0,0.0,0.0,2022,4,Rookie
30926,Chris Kirk,31,56.0,56.0,1,21470.0,1.0,2021,5,Rookie
30926,Chris Kirk,34,29.666666666666668,5.0,3,652691.03,0.6,2025,1,Experienced
30926,Chris Kirk,35,38.666666666666664,26.0,3,305973.20999999996,0.6,2025,1,Experienced
30926,Chris Kirk,37,7.0,7.0,1,273325.0,1.0,2022,4,Rookie
30926,Chris Kirk,38,19.0,7.0,4,1048805.56,0.8,2025,1,Experienced
30926,Chris Kirk,39,2.0,2.0,1,854400.0,1.0,2025,1,Rookie
30926,Chris Kirk,40,21.75,12.0,4,484739.0,1.0,2024,2,Experienced
30926,Chris Kirk,41,29.0,18.0,3,166917.5,0.5,2025,1,Experienced
30926,Chris Kirk,43,39.333333333333336,30.0,3,96558.72,1.0,2023,3,Experienced
30926,Chris Kirk,44,22.5,1.0,2,3669000.0,1.0,2025,1,Familiar
30926,Chris Kirk,46,,,0,0.0,0.0,2023,3,Rookie
30926,Chris Kirk,48,12.5,2.0,4,1287851.66,0.8,2025,1,Experienced
30926,Chris Kirk,50,27.0,27.0,1,0.0,1.0,2024,2,Rookie
30926,Chris Kirk,51,63.0,63.0,1,41500.0,0.5,2024,2,Rookie
30926,Chris Kirk,52,42.0,42.0,1,70000.0,1.0,2025,1,Rookie
30926,Chris Kirk,53,19.0,12.0,2,503022.0,0.6666666666666666,2025,1,Familiar
30926,Chris Kirk,55,12.0,12.0,1,349741.0,1.0,2021,5,Rookie
30926,Chris Kirk,56,17.0,6.0,3,508725.0,0.75,2025,1,Experienced
30926,Chris Kirk,57,,,0,0.0,0.0,2021,5,Rookie
30926,Chris Kirk,58,44.0,44.0,1,22750.0,1.0,2021,5,Rookie
30926,Chris Kirk,59,,,0,0.0,0.0,2021,5,Rookie
30926,Chris Kirk,60,49.5,43.0,2,114700.0,1.0,2024,2,Familiar
30926,Chris Kirk,61,14.0,14.0,1,133250.0,0.3333333333333333,2025,1,Rookie
30926,Chris Kirk,62,17.0,5.0,2,357738.33,0.6666666666666666,2025,1,Familiar
30927,Brendon Todd,0,64.0,64.0,1,15975.0,0.5,2022,4,Rookie
30927,Brendon Todd,1,,,0,0.0,0.0,2025,1,Rookie
30927,Brendon Todd,2,40.5,6.0,4,848046.58,1.0,2024,2,Experienced
30927,Brendon Todd,3,,,0,0.0,0.0,2022,4,Rookie
30927,Brendon Todd,4,38.5,2.0,4,991592.5,1.0,2025,1,Experienced
30927,Brendon Todd,8,41.0,41.0,1,94000.0,1.0,2023,3,Rookie
30927,Brendon Todd,10,29.5,3.0,4,818371.33,1.0,2024,2,Experienced
30927,Brendon Todd,11,52.0,52.0,1,20168.57,1.0,2021,5,Rookie
30927,Brendon Todd,14,7.0,7.0,1,316312.5,1.0,2023,3,Rookie
30927,Brendon Todd,15,,,0,0.0,0.0,2025,1,Rookie
30927,Brendon Todd,17,44.0,22.0,3,271283.33,1.0,2024,2,Experienced
30927,Brendon Todd,18,12.333333333333334,6.0,3,587833.34,1.0,2023,3,Experienced
30927,Brendon Todd,19,31.0,31.0,1,123000.0,0.3333333333333333,2024,2,Rookie
30927,Brendon Todd,20,46.0,46.0,1,31369.09,1.0,2024,2,Rookie
30927,Brendon Todd,22,48.0,48.0,1,20285.72,1.0,2022,4,Rookie
30927,Brendon Todd,25,19.0,2.0,3,852174.5,1.0,2024,2,Experienced
30927,Brendon Todd,26,53.0,53.0,1,21994.5,1.0,2021,5,Rookie
30927,Brendon Todd,27,,,0,0.0,0.0,2024,2,Rookie
30927,Brendon Todd,28,64.0,64.0,1,15768.0,1.0,2022,4,Rookie
30927,Brendon Todd,31,,,0,0.0,0.0,2021,5,Rookie
30927,Brendon Todd,34,78.0,78.0,1,22100.0,0.3333333333333333,2024,2,Rookie
30927,Brendon Todd,35,31.0,27.0,2,240781.25,0.5,2024,2,Familiar
30927,Brendon Todd,36,44.0,44.0,1,20100.0,1.0,2024,2,Rookie
30927,Brendon Todd,37,23.5,13.0,2,208440.0,1.0,2023,3,Familiar
30927,Brendon Todd,38,43.5,26.0,4,179662.77000000002,1.0,2024,2,Experienced
30927,Brendon Todd,40,56.0,56.0,1,19888.0,0.3333333333333333,2024,2,Rookie
30927,Brendon Todd,41,32.5,28.0,2,82627.5,0.3333333333333333,2025,1,Familiar
30927,Brendon Todd,43,,,0,0.0,0.0,2023,3,Rookie
30927,Brendon Todd,44,33.0,33.0,1,113000.0,1.0,2024,2,Rookie
30927,Brendon Todd,45,13.0,13.0,1,125250.0,1.0,2021,5,Rookie
30927,Brendon Todd,46,28.0,28.0,1,51350.0,0.5,2024,2,Rookie
30927,Brendon Todd,48,35.0,21.0,4,165505.12,0.8,2025,1,Experienced
30927,Brendon Todd,51,33.0,30.0,2,142658.33000000002,0.5,2024,2,Familiar
30927,Brendon Todd,53,67.0,67.0,1,41069.0,1.0,2024,2,Rookie
30927,Brendon Todd,54,23.0,23.0,1,101797.0,1.0,2021,5,Rookie
30927,Brendon Todd,56,22.0,5.0,3,610852.3300000001,1.0,2024,2,Experienced
30927,Brendon Todd,57,33.0,33.0,1,39410.0,0.5,2024,2,Rookie
30927,Brendon Todd,59,22.0,22.0,1,64422.5,1.0,2021,5,Rookie
30927,Brendon Todd,60,34.0,8.0,2,569200.0,1.0,2024,2,Familiar
30927,Brendon Todd,61,24.0,22.0,2,140763.34,0.5,2025,1,Familiar
30927,Brendon Todd,62,16.25,7.0,4,547153.1799999999,1.0,2024,2,Experienced
30927,Brendon Todd,63,75.0,75.0,1,14110.0,1.0,2024,2,Rookie
30927,Brendon Todd,64,47.0,47.0,1,20053.34,1.0,2021,5,Rookie
30933,Jeff Sorenson,0,,,0,0.0,0.0,2024,2,Rookie
30944,Jason Kokrak,2,17.0,8.0,2,368925.0,1.0,2022,4,Familiar
30944,Jason Kokrak,3,17.0,17.0,1,116707.5,1.0,2022,4,Rookie
30944,Jason Kokrak,8,15.0,15.0,1,166250.0,1.0,2021,5,Rookie
30944,Jason Kokrak,10,34.0,1.0,2,1367724.0,1.0,2022,4,Familiar
30944,Jason Kokrak,11,1.0,1.0,1,1755000.0,1.0,2021,5,Rookie
30944,Jason Kokrak,12,54.0,54.0,1,20085.0,1.0,2022,4,Rookie
30944,Jason Kokrak,16,29.0,29.0,1,51375.0,1.0,2021,5,Rookie
30944,Jason Kokrak,19,29.0,26.0,2,137725.0,1.0,2022,4,Familiar
30944,Jason Kokrak,21,1.0,1.0,1,1350000.0,1.0,2022,4,Rookie
30944,Jason Kokrak,31,,,0,0.0,0.0,2021,5,Rookie
30944,Jason Kokrak,34,54.5,49.0,2,51075.0,1.0,2022,4,Familiar
30944,Jason Kokrak,35,31.0,9.0,2,387175.0,1.0,2022,4,Familiar
30944,Jason Kokrak,38,35.0,35.0,1,38171.43,1.0,2022,4,Rookie
30944,Jason Kokrak,40,12.0,12.0,1,166875.0,1.0,2021,5,Rookie
30944,Jason Kokrak,41,,,0,0.0,0.0,2021,5,Rookie
30944,Jason Kokrak,45,36.5,35.0,2,144000.0,1.0,2022,4,Familiar
30944,Jason Kokrak,46,,,0,0.0,0.0,2022,4,Rookie
30944,Jason Kokrak,47,,,0,0.0,0.0,2021,5,Rookie
30944,Jason Kokrak,48,36.5,17.0,2,129423.0,1.0,2022,4,Familiar
30944,Jason Kokrak,50,11.0,11.0,1,0.0,1.0,2021,5,Rookie
30944,Jason Kokrak,51,,,0,0.0,0.0,2022,4,Rookie
30944,Jason Kokrak,53,,,0,0.0,0.0,2022,4,Rookie
30944,Jason Kokrak,54,17.0,17.0,1,157931.0,1.0,2021,5,Rookie
30944,Jason Kokrak,57,13.0,13.0,1,127305.0,0.5,2022,4,Rookie
30944,Jason Kokrak,62,,,0,0.0,0.0,2021,5,Rookie
30944,Jason Kokrak,64,17.0,17.0,1,95857.78,1.0,2021,5,Rookie
30957,Max Kieffer,20,31.5,21.0,2,133905.0,1.0,2024,2,Familiar
30957,Max Kieffer,24,54.0,54.0,1,9460.0,1.0,2025,1,Rookie
30959,Alexander Knappe,6,,,0,0.0,0.0,2023,3,Rookie
30959,Alexander Knappe,24,,,0,0.0,0.0,2025,1,Rookie
30978,Kiradech Aphibarnrat,0,39.0,39.0,1,24116.4,0.5,2022,4,Rookie
30978,Kiradech Aphibarnrat,3,76.0,76.0,1,17381.0,0.5,2022,4,Rookie
30978,Kiradech Aphibarnrat,4,,,0,0.0,0.0,2022,4,Rookie
30978,Kiradech Aphibarnrat,6,,,0,0.0,0.0,2023,3,Rookie
30978,Kiradech Aphibarnrat,18,,,0,0.0,0.0,2022,4,Rookie
30978,Kiradech Aphibarnrat,20,,,0,0.0,0.0,2024,2,Rookie
30978,Kiradech Aphibarnrat,22,67.0,67.0,1,14700.0,0.5,2022,4,Rookie
30978,Kiradech Aphibarnrat,24,,,0,0.0,0.0,2025,1,Rookie
30978,Kiradech Aphibarnrat,28,61.0,61.0,1,16133.0,1.0,2022,4,Rookie
30978,Kiradech Aphibarnrat,33,,,0,0.0,0.0,2021,5,Rookie
30978,Kiradech Aphibarnrat,40,49.0,49.0,1,20622.0,1.0,2022,4,Rookie
30978,Kiradech Aphibarnrat,41,70.0,70.0,1,14688.0,1.0,2022,4,Rookie
30978,Kiradech Aphibarnrat,42,,,0,0.0,0.0,2021,5,Rookie
30978,Kiradech Aphibarnrat,43,,,0,0.0,0.0,2022,4,Rookie
30978,Kiradech Aphibarnrat,51,,,0,0.0,0.0,2022,4,Rookie
30978,Kiradech Aphibarnrat,56,,,0,0.0,0.0,2021,5,Rookie
30978,Kiradech Aphibarnrat,57,39.0,39.0,1,29250.0,0.5,2022,4,Rookie
30978,Kiradech Aphibarnrat,60,,,0,0.0,0.0,2022,4,Rookie
30978,Kiradech Aphibarnrat,62,25.0,13.0,2,149747.5,1.0,2022,4,Familiar
30996,Mark Baldwin,4,49.0,49.0,1,21088.8,1.0,2022,4,Rookie
31109,Richard Lee,37,36.0,36.0,1,44660.0,0.5,2025,1,Rookie
31113,Paul Waring,13,,,0,0.0,0.0,2025,1,Rookie
31113,Paul Waring,15,,,0,0.0,0.0,2025,1,Rookie
31113,Paul Waring,20,,,0,0.0,0.0,2025,1,Rookie
31113,Paul Waring,24,,,0,0.0,0.0,2024,2,Rookie
31113,Paul Waring,25,,,0,0.0,0.0,2025,1,Rookie
31113,Paul Waring,29,,,0,0.0,0.0,2025,1,Rookie
31113,Paul Waring,32,,,0,0.0,0.0,2025,1,Rookie
31113,Paul Waring,37,47.0,47.0,1,26401.2,1.0,2025,1,Rookie
31113,Paul Waring,39,,,0,0.0,0.0,2025,1,Rookie
31113,Paul Waring,49,,,0,0.0,0.0,2025,1,Rookie
31113,Paul Waring,54,,,0,0.0,0.0,2021,5,Rookie
31113,Paul Waring,56,,,0,0.0,0.0,2025,1,Rookie
31113,Paul Waring,61,,,0,0.0,0.0,2025,1,Rookie
31121,Berry Henson,53,,,0,0.0,0.0,2023,3,Rookie
31138,Scott Jamieson,6,54.0,54.0,1,8584.0,1.0,2022,4,Rookie
31138,Scott Jamieson,20,,,0,0.0,0.0,2024,2,Rookie
31138,Scott Jamieson,24,,,0,0.0,0.0,2025,1,Rookie
31202,William McGirt,0,,,0,0.0,0.0,2024,2,Rookie
31202,William McGirt,3,64.0,64.0,1,20425.0,1.0,2023,3,Rookie
31202,William McGirt,4,,,0,0.0,0.0,2023,3,Rookie
31202,William McGirt,6,40.0,30.0,2,34084.5,1.0,2023,3,Familiar
31202,William McGirt,16,,,0,0.0,0.0,2023,3,Rookie
31202,William McGirt,18,64.0,64.0,1,18396.0,0.5,2023,3,Rookie
31202,William McGirt,22,51.666666666666664,29.0,3,78766.15,1.0,2023,3,Experienced
31202,William McGirt,24,25.0,25.0,1,30733.33,0.5,2025,1,Rookie
31202,William McGirt,25,,,0,0.0,0.0,2023,3,Rookie
31202,William McGirt,26,,,0,0.0,0.0,2021,5,Rookie
31202,William McGirt,27,,,0,0.0,0.0,2023,3,Rookie
31202,William McGirt,28,,,0,0.0,0.0,2023,3,Rookie
31202,William McGirt,30,63.0,63.0,1,8760.0,1.0,2024,2,Rookie
31202,William McGirt,33,,,0,0.0,0.0,2021,5,Rookie
31202,William McGirt,36,,,0,0.0,0.0,2024,2,Rookie
31202,William McGirt,37,,,0,0.0,0.0,2023,3,Rookie
31202,William McGirt,38,,,0,0.0,0.0,2022,4,Rookie
31202,William McGirt,40,75.0,75.0,1,16380.0,0.5,2022,4,Rookie
31202,William McGirt,41,46.333333333333336,28.0,3,88245.5,1.0,2024,2,Experienced
31202,William McGirt,42,67.0,67.0,1,13728.0,1.0,2021,5,Rookie
31202,William McGirt,43,37.333333333333336,17.0,3,167632.34,0.75,2023,3,Experienced
31202,William McGirt,46,,,0,0.0,0.0,2022,4,Rookie
31202,William McGirt,48,,,0,0.0,0.0,2022,4,Rookie
31202,William McGirt,51,39.0,8.0,2,258627.0,1.0,2022,4,Familiar
31202,William McGirt,56,48.0,48.0,1,22308.4,1.0,2022,4,Rookie
31202,William McGirt,57,,,0,0.0,0.0,2022,4,Rookie
31202,William McGirt,59,,,0,0.0,0.0,2021,5,Rookie
31202,William McGirt,60,,,0,0.0,0.0,2022,4,Rookie
31202,William McGirt,61,,,0,0.0,0.0,2022,4,Rookie
31202,William McGirt,62,,,0,0.0,0.0,2022,4,Rookie
31225,Joel Sjöholm,6,,,0,0.0,0.0,2022,4,Rookie
31242,Marcel Schneider,6,,,0,0.0,0.0,2022,4,Rookie
31242,Marcel Schneider,20,25.0,25.0,1,73597.5,0.5,2025,1,Rookie
31242,Marcel Schneider,24,,,0,0.0,0.0,2024,2,Rookie
31242,Marcel Schneider,53,,,0,0.0,0.0,2022,4,Rookie
31273,Gavin Green,6,,,0,0.0,0.0,2022,4,Rookie
31273,Gavin Green,20,68.0,68.0,1,19170.0,1.0,2023,3,Rookie
31273,Gavin Green,24,,,0,0.0,0.0,2025,1,Rookie
31323,Gary Woodland,0,22.666666666666668,11.0,3,272313.0,0.75,2025,1,Experienced
31323,Gary Woodland,1,16.0,16.0,1,102175.0,0.5,2022,4,Rookie
31323,Gary Woodland,2,5.0,5.0,1,463500.0,0.5,2023,3,Rookie
31323,Gary Woodland,4,22.0,22.0,1,158272.73,1.0,2025,1,Rookie
31323,Gary Woodland,9,9.0,9.0,1,196500.0,1.0,2023,3,Rookie
31323,Gary Woodland,10,23.333333333333332,11.0,3,356499.8,0.75,2025,1,Experienced
31323,Gary Woodland,11,72.0,72.0,1,16770.0,1.0,2021,5,Rookie
31323,Gary Woodland,12,9.0,9.0,1,243750.0,1.0,2022,4,Rookie
31323,Gary Woodland,14,67.0,67.0,1,18795.0,1.0,2023,3,Rookie
31323,Gary Woodland,15,,,0,0.0,0.0,2025,1,Rookie
31323,Gary Woodland,16,49.666666666666664,39.0,3,71514.0,0.75,2024,2,Experienced
31323,Gary Woodland,17,51.0,51.0,1,36050.0,1.0,2022,4,Rookie
31323,Gary Woodland,18,64.0,64.0,1,17280.0,1.0,2023,3,Rookie
31323,Gary Woodland,19,24.0,9.0,2,627000.0,0.5,2025,1,Familiar
31323,Gary Woodland,20,50.666666666666664,25.0,3,116257.5,1.0,2025,1,Experienced
31323,Gary Woodland,21,,,0,0.0,0.0,2022,4,Rookie
31323,Gary Woodland,22,5.0,5.0,1,309000.0,1.0,2022,4,Rookie
31323,Gary Woodland,26,,,0,0.0,0.0,2021,5,Rookie
31323,Gary Woodland,27,24.0,24.0,1,163000.0,0.5,2023,3,Rookie
31323,Gary Woodland,28,31.5,24.0,2,91370.0,1.0,2023,3,Familiar
31323,Gary Woodland,31,74.0,74.0,1,18715.0,1.0,2021,5,Rookie
31323,Gary Woodland,34,44.0,34.0,3,130623.81,0.6,2025,1,Experienced
31323,Gary Woodland,35,63.0,54.0,2,108250.0,0.4,2025,1,Familiar
31323,Gary Woodland,36,19.0,19.0,1,74014.29,0.5,2025,1,Rookie
31323,Gary Woodland,37,51.0,51.0,1,22591.33,0.5,2025,1,Rookie
31323,Gary Woodland,38,52.0,31.0,3,191500.0,1.0,2025,1,Experienced
31323,Gary Woodland,39,46.0,46.0,1,27091.2,1.0,2025,1,Rookie
31323,Gary Woodland,40,,,0,0.0,0.0,2024,2,Rookie
31323,Gary Woodland,41,,,0,0.0,0.0,2024,2,Rookie
31323,Gary Woodland,43,16.0,16.0,1,108300.0,0.3333333333333333,2024,2,Rookie
31323,Gary Woodland,46,9.0,9.0,1,176750.0,0.5,2024,2,Rookie
31323,Gary Woodland,48,16.0,16.0,1,132675.0,0.3333333333333333,2025,1,Rookie
31323,Gary Woodland,49,11.5,2.0,2,934225.0,1.0,2025,1,Familiar
31323,Gary Woodland,51,34.5,33.0,2,199500.0,1.0,2025,1,Familiar
31323,Gary Woodland,52,34.0,34.0,1,95062.5,1.0,2025,1,Rookie
31323,Gary Woodland,53,29.5,10.0,2,456444.0,0.5,2025,1,Familiar
31323,Gary Woodland,54,,,0,0.0,0.0,2021,5,Rookie
31323,Gary Woodland,55,,,0,0.0,0.0,2021,5,Rookie
31323,Gary Woodland,56,18.0,6.0,3,531750.0,1.0,2025,1,Experienced
31323,Gary Woodland,57,37.666666666666664,21.0,3,130240.29000000001,0.6,2025,1,Experienced
31323,Gary Woodland,59,,,0,0.0,0.0,2021,5,Rookie
31323,Gary Woodland,60,19.0,5.0,3,775600.0,0.75,2024,2,Experienced
31323,Gary Woodland,61,31.5,21.0,2,165630.0,0.5,2025,1,Familiar
31323,Gary Woodland,62,26.0,23.0,3,192095.0,0.75,2025,1,Experienced
31323,Gary Woodland,63,33.0,33.0,1,44922.5,1.0,2024,2,Rookie
31323,Gary Woodland,64,,,0,0.0,0.0,2021,5,Rookie
31400,Daan Huizing,6,,,0,0.0,0.0,2023,3,Rookie
31400,Daan Huizing,24,,,0,0.0,0.0,2024,2,Rookie
31420,Anirban Lahiri,1,66.0,66.0,1,16188.0,0.5,2022,4,Rookie
31420,Anirban Lahiri,2,74.0,74.0,1,23400.0,0.5,2022,4,Rookie
31420,Anirban Lahiri,3,,,0,0.0,0.0,2021,5,Rookie
31420,Anirban Lahiri,6,3.0,3.0,1,206500.0,1.0,2021,5,Rookie
31420,Anirban Lahiri,10,,,0,0.0,0.0,2021,5,Rookie
31420,Anirban Lahiri,16,46.0,46.0,1,22008.0,0.5,2022,4,Rookie
31420,Anirban Lahiri,17,,,0,0.0,0.0,2022,4,Rookie
31420,Anirban Lahiri,19,,,0,0.0,0.0,2022,4,Rookie
31420,Anirban Lahiri,21,,,0,0.0,0.0,2022,4,Rookie
31420,Anirban Lahiri,22,,,0,0.0,0.0,2022,4,Rookie
31420,Anirban Lahiri,25,51.0,51.0,1,16880.25,0.5,2022,4,Rookie
31420,Anirban Lahiri,27,,,0,0.0,0.0,2022,4,Rookie
31420,Anirban Lahiri,28,15.0,15.0,1,104187.23,1.0,2022,4,Rookie
31420,Anirban Lahiri,31,56.0,56.0,1,21470.0,1.0,2021,5,Rookie
31420,Anirban Lahiri,33,25.0,25.0,1,56088.34,1.0,2021,5,Rookie
31420,Anirban Lahiri,34,,,0,0.0,0.0,2023,3,Rookie
31420,Anirban Lahiri,35,2.0,2.0,1,2180000.0,0.5,2022,4,Rookie
31420,Anirban Lahiri,38,66.0,66.0,1,16960.0,0.5,2022,4,Rookie
31420,Anirban Lahiri,40,52.0,52.0,1,17775.0,1.0,2021,5,Rookie
31420,Anirban Lahiri,41,,,0,0.0,0.0,2022,4,Rookie
31420,Anirban Lahiri,42,36.0,36.0,1,29411.25,1.0,2021,5,Rookie
31420,Anirban Lahiri,43,37.0,37.0,1,28710.0,0.5,2022,4,Rookie
31420,Anirban Lahiri,46,64.0,64.0,1,15190.0,1.0,2022,4,Rookie
31420,Anirban Lahiri,48,62.0,62.0,1,14454.0,1.0,2021,5,Rookie
31420,Anirban Lahiri,51,,,0,0.0,0.0,2022,4,Rookie
31420,Anirban Lahiri,56,9.0,5.0,2,474370.0,1.0,2022,4,Familiar
31420,Anirban Lahiri,60,6.0,6.0,1,303750.0,1.0,2022,4,Rookie
31420,Anirban Lahiri,61,,,0,0.0,0.0,2022,4,Rookie
31420,Anirban Lahiri,62,27.0,8.0,2,216985.8,1.0,2022,4,Familiar
31557,Jim Herman,0,72.0,72.0,1,15600.0,1.0,2023,3,Rookie
31557,Jim Herman,1,,,0,0.0,0.0,2022,4,Rookie
31557,Jim Herman,2,,,0,0.0,0.0,2021,5,Rookie
31557,Jim Herman,3,70.0,70.0,1,19190.0,0.5,2023,3,Rookie
31557,Jim Herman,4,,,0,0.0,0.0,2021,5,Rookie
31557,Jim Herman,6,49.0,20.0,2,45244.0,0.6666666666666666,2023,3,Familiar
31557,Jim Herman,9,,,0,0.0,0.0,2023,3,Rookie
31557,Jim Herman,11,65.0,65.0,1,17842.5,1.0,2021,5,Rookie
31557,Jim Herman,16,,,0,0.0,0.0,2023,3,Rookie
31557,Jim Herman,18,42.0,42.0,1,24850.0,0.3333333333333333,2023,3,Rookie
31557,Jim Herman,19,,,0,0.0,0.0,2021,5,Rookie
31557,Jim Herman,21,54.0,54.0,1,17400.0,1.0,2022,4,Rookie
31557,Jim Herman,22,33.5,14.0,2,152978.0,0.6666666666666666,2023,3,Familiar
31557,Jim Herman,24,,,0,0.0,0.0,2025,1,Rookie
31557,Jim Herman,25,45.5,28.0,2,57894.0,1.0,2023,3,Familiar
31557,Jim Herman,26,26.0,26.0,1,67890.0,1.0,2021,5,Rookie
31557,Jim Herman,34,,,0,0.0,0.0,2021,5,Rookie
31557,Jim Herman,35,,,0,0.0,0.0,2021,5,Rookie
31557,Jim Herman,37,,,0,0.0,0.0,2023,3,Rookie
31557,Jim Herman,38,61.5,56.0,2,60080.0,0.6666666666666666,2023,3,Familiar
31557,Jim Herman,41,41.0,30.0,3,81029.36,0.75,2023,3,Experienced
31557,Jim Herman,43,77.0,77.0,1,15580.0,0.3333333333333333,2023,3,Rookie
31557,Jim Herman,46,44.0,44.0,1,23000.0,0.3333333333333333,2023,3,Rookie
31557,Jim Herman,48,32.0,32.0,1,34576.67,0.3333333333333333,2023,3,Rookie
31557,Jim Herman,51,25.0,25.0,1,58090.0,0.3333333333333333,2023,3,Rookie
31557,Jim Herman,53,,,0,0.0,0.0,2024,2,Rookie
31557,Jim Herman,54,,,0,0.0,0.0,2021,5,Rookie
31557,Jim Herman,56,71.0,71.0,1,17372.0,0.5,2023,3,Rookie
31557,Jim Herman,57,,,0,0.0,0.0,2023,3,Rookie
31557,Jim Herman,60,,,0,0.0,0.0,2023,3,Rookie
31557,Jim Herman,61,66.0,66.0,1,42600.0,1.0,2023,3,Rookie
31557,Jim Herman,62,71.0,71.0,1,15352.0,0.2,2025,1,Rookie
31557,Jim Herman,64,50.0,50.0,1,17560.0,1.0,2021,5,Rookie
31558,J.J. Killeen,3,,,0,0.0,0.0,2023,3,Rookie
31558,J.J. Killeen,34,,,0,0.0,0.0,2023,3,Rookie
31558,J.J. Killeen,56,,,0,0.0,0.0,2021,5,Rookie
31560,Brian Stuard,0,6.0,6.0,1,208230.0,0.3333333333333333,2023,3,Rookie
31560,Brian Stuard,1,47.0,47.0,1,17777.33,0.3333333333333333,2023,3,Rookie
31560,Brian Stuard,2,,,0,0.0,0.0,2021,5,Rookie
31560,Brian Stuard,3,39.0,39.0,1,31185.0,0.3333333333333333,2023,3,Rookie
31560,Brian Stuard,4,48.666666666666664,16.0,3,156618.0,1.0,2023,3,Experienced
31560,Brian Stuard,6,24.0,15.0,2,78466.43,0.6666666666666666,2023,3,Familiar
31560,Brian Stuard,10,56.0,56.0,1,17325.0,0.5,2022,4,Rookie
31560,Brian Stuard,16,,,0,0.0,0.0,2023,3,Rookie
31560,Brian Stuard,18,12.0,12.0,1,140666.67,0.3333333333333333,2023,3,Rookie
31560,Brian Stuard,19,61.0,61.0,1,26160.0,0.5,2022,4,Rookie
31560,Brian Stuard,21,66.0,66.0,1,15975.0,1.0,2022,4,Rookie
31560,Brian Stuard,22,9.0,9.0,1,194000.0,0.3333333333333333,2023,3,Rookie
31560,Brian Stuard,24,,,0,0.0,0.0,2025,1,Rookie
31560,Brian Stuard,25,29.5,8.0,2,199430.66999999998,0.6666666666666666,2023,3,Familiar
31560,Brian Stuard,28,42.0,42.0,1,23287.0,0.5,2023,3,Rookie
31560,Brian Stuard,31,,,0,0.0,0.0,2021,5,Rookie
31560,Brian Stuard,33,,,0,0.0,0.0,2021,5,Rookie
31560,Brian Stuard,35,58.0,58.0,1,34050.0,0.5,2022,4,Rookie
31560,Brian Stuard,37,,,0,0.0,0.0,2023,3,Rookie
31560,Brian Stuard,38,43.5,18.0,2,104143.57,1.0,2022,4,Familiar
31560,Brian Stuard,40,,,0,0.0,0.0,2023,3,Rookie
31560,Brian Stuard,41,50.0,50.0,1,16401.0,0.25,2023,3,Rookie
31560,Brian Stuard,42,3.0,3.0,1,322162.5,1.0,2021,5,Rookie
31560,Brian Stuard,43,61.0,61.0,1,17222.0,0.25,2023,3,Rookie
31560,Brian Stuard,46,,,0,0.0,0.0,2023,3,Rookie
31560,Brian Stuard,47,,,0,0.0,0.0,2021,5,Rookie
31560,Brian Stuard,48,56.0,47.0,2,33809.33,0.6666666666666666,2023,3,Familiar
31560,Brian Stuard,51,30.0,30.0,1,45325.0,0.5,2022,4,Rookie
31560,Brian Stuard,53,,,0,0.0,0.0,2022,4,Rookie
31560,Brian Stuard,56,,,0,0.0,0.0,2023,3,Rookie
31560,Brian Stuard,57,16.0,16.0,1,118950.0,0.3333333333333333,2023,3,Rookie
31560,Brian Stuard,58,50.0,50.0,1,16887.5,1.0,2021,5,Rookie
31560,Brian Stuard,59,58.0,58.0,1,16425.0,1.0,2021,5,Rookie
31560,Brian Stuard,60,37.0,37.0,1,36045.0,0.5,2022,4,Rookie
31560,Brian Stuard,61,58.0,58.0,1,18696.0,1.0,2022,4,Rookie
31560,Brian Stuard,62,21.0,15.0,2,139278.89,0.6666666666666666,2023,3,Familiar
31569,Jason Scrivener,6,40.0,40.0,1,15390.0,1.0,2023,3,Rookie
31569,Jason Scrivener,20,,,0,0.0,0.0,2024,2,Rookie
31569,Jason Scrivener,24,,,0,0.0,0.0,2025,1,Rookie
31569,Jason Scrivener,34,23.0,23.0,1,103814.29,1.0,2021,5,Rookie
31569,Jason Scrivener,53,,,0,0.0,0.0,2024,2,Rookie
31577,Tano Goya,0,,,0,0.0,0.0,2023,3,Rookie
31577,Tano Goya,1,26.0,26.0,1,58400.0,1.0,2023,3,Rookie
31577,Tano Goya,3,50.0,50.0,1,22216.43,1.0,2023,3,Rookie
31577,Tano Goya,4,55.0,55.0,1,20970.0,1.0,2023,3,Rookie
31577,Tano Goya,6,40.0,40.0,1,15390.0,1.0,2023,3,Rookie
31577,Tano Goya,9,,,0,0.0,0.0,2023,3,Rookie
31577,Tano Goya,16,53.0,53.0,1,20295.86,1.0,2023,3,Rookie
31577,Tano Goya,18,,,0,0.0,0.0,2023,3,Rookie
31577,Tano Goya,22,55.0,55.0,1,19404.0,1.0,2023,3,Rookie
31577,Tano Goya,25,26.0,26.0,1,58090.0,1.0,2023,3,Rookie
31577,Tano Goya,28,60.0,60.0,1,16940.0,1.0,2023,3,Rookie
31577,Tano Goya,40,,,0,0.0,0.0,2023,3,Rookie
31577,Tano Goya,41,19.0,19.0,1,107100.0,0.5,2023,3,Rookie
31577,Tano Goya,43,78.0,78.0,1,14931.0,0.5,2023,3,Rookie
31577,Tano Goya,46,58.5,56.0,2,37208.0,1.0,2023,3,Familiar
31577,Tano Goya,48,,,0,0.0,0.0,2023,3,Rookie
31577,Tano Goya,56,46.0,46.0,1,24246.14,1.0,2023,3,Rookie
31577,Tano Goya,57,,,0,0.0,0.0,2023,3,Rookie
31577,Tano Goya,62,,,0,0.0,0.0,2023,3,Rookie
31646,Emiliano Grillo,0,14.0,2.0,4,1021653.0,0.8,2025,1,Experienced
31646,Emiliano Grillo,1,50.0,37.0,2,48317.0,0.5,2025,1,Familiar
31646,Emiliano Grillo,2,22.666666666666668,8.0,3,746585.5700000001,1.0,2024,2,Experienced
31646,Emiliano Grillo,3,46.0,46.0,1,25680.2,1.0,2022,4,Rookie
31646,Emiliano Grillo,4,14.0,14.0,1,322500.0,1.0,2024,2,Rookie
31646,Emiliano Grillo,5,,,0,0.0,0.0,2025,1,Rookie
31646,Emiliano Grillo,8,32.0,19.0,3,355750.0,1.0,2023,3,Experienced
31646,Emiliano Grillo,10,30.4,1.0,5,1940975.0,1.0,2025,1,Veteran
31646,Emiliano Grillo,12,18.0,18.0,1,116331.43,1.0,2022,4,Rookie
31646,Emiliano Grillo,13,,,0,0.0,0.0,2025,1,Rookie
31646,Emiliano Grillo,14,45.0,45.0,1,29085.0,1.0,2023,3,Rookie
31646,Emiliano Grillo,15,,,0,0.0,0.0,2025,1,Rookie
31646,Emiliano Grillo,16,32.0,20.0,2,127908.0,0.4,2025,1,Familiar
31646,Emiliano Grillo,17,33.5,20.0,4,464614.93,1.0,2025,1,Experienced
31646,Emiliano Grillo,18,25.0,25.0,1,55272.73,0.5,2023,3,Rookie
31646,Emiliano Grillo,19,44.0,21.0,3,230280.0,0.75,2024,2,Experienced
31646,Emiliano Grillo,20,,,0,0.0,0.0,2024,2,Rookie
31646,Emiliano Grillo,24,40.0,40.0,1,16600.0,1.0,2025,1,Rookie
31646,Emiliano Grillo,25,2.0,2.0,2,1547500.0,0.6666666666666666,2025,1,Familiar
31646,Emiliano Grillo,26,,,0,0.0,0.0,2021,5,Rookie
31646,Emiliano Grillo,27,35.666666666666664,27.0,3,264620.0,1.0,2024,2,Experienced
31646,Emiliano Grillo,28,23.666666666666668,5.0,3,365585.56,1.0,2024,2,Experienced
31646,Emiliano Grillo,29,65.0,65.0,1,15190.0,1.0,2025,1,Rookie
31646,Emiliano Grillo,31,,,0,0.0,0.0,2021,5,Rookie
31646,Emiliano Grillo,32,20.0,20.0,1,45480.0,1.0,2025,1,Rookie
31646,Emiliano Grillo,34,38.0,38.0,1,42000.0,0.3333333333333333,2024,2,Rookie
31646,Emiliano Grillo,35,60.5,54.0,2,110250.0,0.4,2025,1,Familiar
31646,Emiliano Grillo,36,4.0,4.0,1,294000.0,1.0,2025,1,Rookie
31646,Emiliano Grillo,37,26.0,24.0,2,143777.15,1.0,2025,1,Familiar
31646,Emiliano Grillo,38,24.333333333333332,2.0,3,1282000.0,0.75,2024,2,Experienced
31646,Emiliano Grillo,39,73.0,73.0,1,18720.0,1.0,2025,1,Rookie
31646,Emiliano Grillo,40,,,0,0.0,0.0,2021,5,Rookie
31646,Emiliano Grillo,41,18.0,18.0,1,87450.0,0.5,2022,4,Rookie
31646,Emiliano Grillo,42,29.0,29.0,1,41391.42,1.0,2021,5,Rookie
31646,Emiliano Grillo,43,22.5,5.0,4,507458.75,0.6666666666666666,2025,1,Experienced
31646,Emiliano Grillo,44,43.0,43.0,1,76000.0,1.0,2024,2,Rookie
31646,Emiliano Grillo,46,60.0,47.0,2,33927.78,0.6666666666666666,2023,3,Familiar
31646,Emiliano Grillo,47,34.0,34.0,1,33483.34,1.0,2021,5,Rookie
31646,Emiliano Grillo,48,27.0,7.0,2,277661.66000000003,0.4,2025,1,Familiar
31646,Emiliano Grillo,49,47.0,47.0,1,25593.0,1.0,2025,1,Rookie
31646,Emiliano Grillo,50,29.0,29.0,1,0.0,1.0,2023,3,Rookie
31646,Emiliano Grillo,51,35.0,15.0,2,379750.0,0.5,2024,2,Familiar
31646,Emiliano Grillo,53,30.0,19.0,2,315375.0,0.6666666666666666,2025,1,Familiar
31646,Emiliano Grillo,55,19.0,19.0,1,243070.0,1.0,2021,5,Rookie
31646,Emiliano Grillo,56,35.5,18.0,2,134202.33000000002,1.0,2025,1,Familiar
31646,Emiliano Grillo,57,22.0,22.0,1,81200.0,0.3333333333333333,2025,1,Rookie
31646,Emiliano Grillo,58,,,0,0.0,0.0,2021,5,Rookie
31646,Emiliano Grillo,59,22.0,22.0,1,64422.5,1.0,2021,5,Rookie
31646,Emiliano Grillo,60,33.666666666666664,14.0,3,371575.0,1.0,2024,2,Experienced
31646,Emiliano Grillo,61,49.0,22.0,2,99889.33,0.5,2025,1,Familiar
31646,Emiliano Grillo,62,51.5,44.0,2,41963.45,1.0,2025,1,Familiar
31678,Oliver Bekker,20,,,0,0.0,0.0,2023,3,Rookie
31678,Oliver Bekker,34,,,0,0.0,0.0,2022,4,Rookie
31681,Louis de Jager,6,16.0,16.0,1,52345.0,1.0,2023,3,Rookie
31681,Louis de Jager,20,,,0,0.0,0.0,2024,2,Rookie
31997,Steve Lewton,43,59.0,59.0,1,14784.0,1.0,2021,5,Rookie
32058,José de Jesús Rodríguez,28,,,0,0.0,0.0,2023,3,Rookie
32070,Rafael Campos,0,,,0,0.0,0.0,2025,1,Rookie
32070,Rafael Campos,1,,,0,0.0,0.0,2025,1,Rookie
32070,Rafael Campos,2,,,0,0.0,0.0,2025,1,Rookie
32070,Rafael Campos,3,,,0,0.0,0.0,2021,5,Rookie
32070,Rafael Campos,4,,,0,0.0,0.0,2021,5,Rookie
32070,Rafael Campos,5,,,0,0.0,0.0,2025,1,Rookie
32070,Rafael Campos,6,20.0,20.0,1,38325.0,1.0,2021,5,Rookie
32070,Rafael Campos,7,,,0,0.0,0.0,2024,2,Rookie
32070,Rafael Campos,10,,,0,0.0,0.0,2025,1,Rookie
32070,Rafael Campos,13,38.0,9.0,2,270066.0,1.0,2025,1,Familiar
32070,Rafael Campos,15,,,0,0.0,0.0,2025,1,Rookie
32070,Rafael Campos,16,20.0,20.0,1,102330.0,0.3333333333333333,2025,1,Rookie
32070,Rafael Campos,22,,,0,0.0,0.0,2021,5,Rookie
32070,Rafael Campos,24,50.0,50.0,1,10180.0,0.5,2025,1,Rookie
32070,Rafael Campos,25,,,0,0.0,0.0,2025,1,Rookie
32070,Rafael Campos,28,38.0,38.0,1,32805.0,1.0,2024,2,Rookie
32070,Rafael Campos,29,34.0,34.0,1,35159.09,1.0,2025,1,Rookie
32070,Rafael Campos,30,,,0,0.0,0.0,2024,2,Rookie
32070,Rafael Campos,32,45.0,45.0,1,12005.71,1.0,2025,1,Rookie
32070,Rafael Campos,33,56.0,56.0,1,17009.0,1.0,2021,5,Rookie
32070,Rafael Campos,34,55.0,55.0,1,32138.0,1.0,2025,1,Rookie
32070,Rafael Campos,35,,,0,0.0,0.0,2025,1,Rookie
32070,Rafael Campos,36,13.0,13.0,1,86515.38,0.5,2025,1,Rookie
32070,Rafael Campos,37,,,0,0.0,0.0,2025,1,Rookie
32070,Rafael Campos,38,,,0,0.0,0.0,2021,5,Rookie
32070,Rafael Campos,39,,,0,0.0,0.0,2025,1,Rookie
32070,Rafael Campos,40,,,0,0.0,0.0,2024,2,Rookie
32070,Rafael Campos,41,,,0,0.0,0.0,2025,1,Rookie
32070,Rafael Campos,42,,,0,0.0,0.0,2021,5,Rookie
32070,Rafael Campos,43,62.0,62.0,1,13200.0,0.5,2025,1,Rookie
32070,Rafael Campos,44,57.0,57.0,1,49000.0,1.0,2025,1,Rookie
32070,Rafael Campos,46,,,0,0.0,0.0,2024,2,Rookie
32070,Rafael Campos,48,,,0,0.0,0.0,2025,1,Rookie
32070,Rafael Campos,49,,,0,0.0,0.0,2025,1,Rookie
32070,Rafael Campos,51,,,0,0.0,0.0,2021,5,Rookie
32070,Rafael Campos,56,40.5,34.0,2,62845.0,0.6666666666666666,2025,1,Familiar
32070,Rafael Campos,57,70.0,70.0,1,17574.0,0.3333333333333333,2025,1,Rookie
32070,Rafael Campos,60,,,0,0.0,0.0,2021,5,Rookie
32070,Rafael Campos,61,,,0,0.0,0.0,2025,1,Rookie
32070,Rafael Campos,62,74.0,74.0,1,12608.0,0.3333333333333333,2025,1,Rookie
32102,Rickie Fowler,0,33.333333333333336,28.0,3,116101.91,1.0,2025,1,Experienced
32102,Rickie Fowler,1,32.0,21.0,3,160295.0,0.75,2025,1,Experienced
32102,Rickie Fowler,2,47.75,31.0,4,266238.0,1.0,2024,2,Experienced
32102,Rickie Fowler,3,,,0,0.0,0.0,2021,5,Rookie
32102,Rickie Fowler,4,50.0,47.0,2,91857.14,0.6666666666666666,2025,1,Familiar
32102,Rickie Fowler,8,16.0,7.0,2,824750.0,1.0,2025,1,Familiar
32102,Rickie Fowler,10,29.0,6.0,4,491409.0,1.0,2025,1,Experienced
32102,Rickie Fowler,11,28.0,28.0,1,57135.0,1.0,2021,5,Rookie
32102,Rickie Fowler,12,3.0,3.0,1,565500.0,1.0,2022,4,Rookie
32102,Rickie Fowler,14,34.0,34.0,1,54180.0,1.0,2023,3,Rookie
32102,Rickie Fowler,15,29.5,18.0,2,150456.66999999998,1.0,2025,1,Familiar
32102,Rickie Fowler,16,32.0,11.0,2,228471.43,0.6666666666666666,2023,3,Familiar
32102,Rickie Fowler,17,42.666666666666664,6.0,3,746983.33,1.0,2025,1,Experienced
32102,Rickie Fowler,18,6.0,6.0,1,270000.0,1.0,2023,3,Rookie
32102,Rickie Fowler,19,33.8,20.0,5,515601.66000000003,1.0,2025,1,Veteran
32102,Rickie Fowler,20,42.0,42.0,1,36255.0,0.5,2024,2,Rookie
32102,Rickie Fowler,22,53.5,42.0,2,42580.0,1.0,2022,4,Familiar
32102,Rickie Fowler,25,18.0,18.0,1,128100.0,1.0,2025,1,Rookie
32102,Rickie Fowler,26,11.0,11.0,1,225525.0,1.0,2021,5,Rookie
32102,Rickie Fowler,27,26.666666666666668,7.0,3,1174000.0,0.75,2025,1,Experienced
32102,Rickie Fowler,34,31.333333333333332,8.0,3,417969.86,0.6,2025,1,Experienced
32102,Rickie Fowler,35,50.666666666666664,13.0,3,550166.6699999999,0.75,2025,1,Experienced
32102,Rickie Fowler,38,33.666666666666664,15.0,3,594100.0,0.75,2025,1,Experienced
32102,Rickie Fowler,39,,,0,0.0,0.0,2025,1,Rookie
32102,Rickie Fowler,40,21.333333333333332,1.0,3,1674458.08,0.75,2024,2,Experienced
32102,Rickie Fowler,43,16.0,16.0,1,108300.0,1.0,2024,2,Rookie
32102,Rickie Fowler,44,56.0,56.0,1,52000.0,1.0,2024,2,Rookie
32102,Rickie Fowler,46,23.0,23.0,1,65333.33,0.3333333333333333,2024,2,Rookie
32102,Rickie Fowler,47,,,0,0.0,0.0,2021,5,Rookie
32102,Rickie Fowler,49,52.0,52.0,1,22301.25,1.0,2025,1,Rookie
32102,Rickie Fowler,50,16.0,16.0,1,0.0,1.0,2023,3,Rookie
32102,Rickie Fowler,51,23.0,13.0,3,736833.33,0.6,2025,1,Experienced
32102,Rickie Fowler,52,15.0,15.0,1,350000.0,1.0,2025,1,Rookie
32102,Rickie Fowler,53,5.0,5.0,1,738934.0,0.5,2024,2,Rookie
32102,Rickie Fowler,54,49.0,49.0,1,30312.0,1.0,2021,5,Rookie
32102,Rickie Fowler,56,19.0,10.0,3,375025.0,0.6,2025,1,Experienced
32102,Rickie Fowler,59,,,0,0.0,0.0,2021,5,Rookie
32102,Rickie Fowler,60,26.0,14.0,3,521600.0,0.75,2024,2,Experienced
32102,Rickie Fowler,61,10.0,10.0,1,485000.0,0.25,2025,1,Rookie
32102,Rickie Fowler,62,44.0,44.0,1,23951.45,0.3333333333333333,2025,1,Rookie
32102,Rickie Fowler,63,4.0,4.0,1,408000.0,1.0,2024,2,Rookie
32102,Rickie Fowler,64,57.0,57.0,1,16000.0,1.0,2021,5,Rookie
32139,Danny Willett,0,7.0,7.0,1,235625.0,0.5,2025,1,Rookie
32139,Danny Willett,1,,,0,0.0,0.0,2025,1,Rookie
32139,Danny Willett,2,39.0,31.0,3,192784.0,1.0,2023,3,Experienced
32139,Danny Willett,3,,,0,0.0,0.0,2022,4,Rookie
32139,Danny Willett,4,41.0,41.0,1,31950.0,1.0,2023,3,Rookie
32139,Danny Willett,9,,,0,0.0,0.0,2023,3,Rookie
32139,Danny Willett,10,,,0,0.0,0.0,2025,1,Rookie
32139,Danny Willett,14,40.0,40.0,1,38430.0,1.0,2023,3,Rookie
32139,Danny Willett,15,,,0,0.0,0.0,2025,1,Rookie
32139,Danny Willett,16,9.0,9.0,1,225525.0,1.0,2025,1,Rookie
32139,Danny Willett,18,2.0,2.0,1,872000.0,0.5,2023,3,Rookie
32139,Danny Willett,19,18.0,18.0,1,295000.0,1.0,2023,3,Rookie
32139,Danny Willett,20,,,0,0.0,0.0,2025,1,Rookie
32139,Danny Willett,21,,,0,0.0,0.0,2022,4,Rookie
32139,Danny Willett,22,38.5,29.0,2,66711.87,1.0,2023,3,Familiar
32139,Danny Willett,25,,,0,0.0,0.0,2025,1,Rookie
32139,Danny Willett,26,26.0,26.0,1,67890.0,1.0,2021,5,Rookie
32139,Danny Willett,27,54.0,54.0,1,47200.0,0.5,2023,3,Rookie
32139,Danny Willett,34,64.0,64.0,1,20200.0,0.5,2023,3,Rookie
32139,Danny Willett,35,27.0,27.0,1,167656.25,1.0,2023,3,Rookie
32139,Danny Willett,36,,,0,0.0,0.0,2024,2,Rookie
32139,Danny Willett,37,20.5,13.0,2,237857.14,1.0,2025,1,Familiar
32139,Danny Willett,38,41.666666666666664,18.0,3,153436.90000000002,1.0,2023,3,Experienced
32139,Danny Willett,39,,,0,0.0,0.0,2025,1,Rookie
32139,Danny Willett,40,69.33333333333333,67.0,3,50312.0,1.0,2023,3,Experienced
32139,Danny Willett,41,,,0,0.0,0.0,2023,3,Rookie
32139,Danny Willett,46,21.0,21.0,1,79216.66,0.5,2024,2,Rookie
32139,Danny Willett,49,,,0,0.0,0.0,2025,1,Rookie
32139,Danny Willett,51,,,0,0.0,0.0,2023,3,Rookie
32139,Danny Willett,54,,,0,0.0,0.0,2021,5,Rookie
32139,Danny Willett,56,,,0,0.0,0.0,2021,5,Rookie
32139,Danny Willett,57,47.0,47.0,1,23701.29,0.3333333333333333,2025,1,Rookie
32139,Danny Willett,58,,,0,0.0,0.0,2021,5,Rookie
32139,Danny Willett,60,,,0,0.0,0.0,2023,3,Rookie
32139,Danny Willett,62,,,0,0.0,0.0,2023,3,Rookie
32150,Michael Thompson,0,32.5,26.0,2,79991.4,1.0,2022,4,Familiar
32150,Michael Thompson,1,5.0,5.0,1,247900.0,0.3333333333333333,2023,3,Rookie
32150,Michael Thompson,2,,,0,0.0,0.0,2022,4,Rookie
32150,Michael Thompson,3,25.0,25.0,1,68445.0,1.0,2022,4,Rookie
32150,Michael Thompson,4,34.0,34.0,1,40638.0,0.5,2022,4,Rookie
32150,Michael Thompson,6,,,0,0.0,0.0,2022,4,Rookie
32150,Michael Thompson,10,40.0,40.0,1,30660.0,0.5,2022,4,Rookie
32150,Michael Thompson,11,65.0,65.0,1,17842.5,1.0,2021,5,Rookie
32150,Michael Thompson,16,24.0,11.0,2,218025.0,1.0,2023,3,Familiar
32150,Michael Thompson,17,31.0,31.0,1,78886.36,1.0,2022,4,Rookie
32150,Michael Thompson,18,69.5,69.0,2,30740.0,1.0,2023,3,Familiar
32150,Michael Thompson,19,45.0,45.0,1,59560.0,0.5,2023,3,Rookie
32150,Michael Thompson,22,19.0,19.0,1,82950.0,0.5,2022,4,Rookie
32150,Michael Thompson,25,50.0,41.0,2,38747.0,1.0,2022,4,Familiar
32150,Michael Thompson,26,64.0,64.0,1,20181.0,1.0,2021,5,Rookie
32150,Michael Thompson,28,,,0,0.0,0.0,2022,4,Rookie
32150,Michael Thompson,35,54.0,48.0,2,82635.72,0.6666666666666666,2023,3,Familiar
32150,Michael Thompson,38,35.5,29.0,2,164495.0,0.6666666666666666,2023,3,Familiar
32150,Michael Thompson,40,24.0,24.0,1,68460.0,0.5,2022,4,Rookie
32150,Michael Thompson,41,57.0,57.0,1,16416.0,0.5,2023,3,Rookie
32150,Michael Thompson,43,51.0,51.0,1,17234.0,0.5,2023,3,Rookie
32150,Michael Thompson,45,21.0,21.0,1,75000.0,1.0,2021,5,Rookie
32150,Michael Thompson,46,56.0,56.0,2,34380.0,1.0,2023,3,Familiar
32150,Michael Thompson,48,20.666666666666668,5.0,3,381784.73,1.0,2023,3,Experienced
32150,Michael Thompson,51,,,0,0.0,0.0,2021,5,Rookie
32150,Michael Thompson,54,48.0,48.0,1,32254.0,1.0,2021,5,Rookie
32150,Michael Thompson,56,39.0,39.0,1,36045.0,1.0,2023,3,Rookie
32150,Michael Thompson,57,38.0,19.0,2,106806.0,1.0,2023,3,Familiar
32150,Michael Thompson,58,15.0,15.0,1,113750.0,1.0,2021,5,Rookie
32150,Michael Thompson,59,,,0,0.0,0.0,2021,5,Rookie
32150,Michael Thompson,60,64.0,64.0,1,19440.0,0.3333333333333333,2023,3,Rookie
32150,Michael Thompson,61,,,0,0.0,0.0,2023,3,Rookie
32150,Michael Thompson,62,,,0,0.0,0.0,2022,4,Rookie
32150,Michael Thompson,64,77.0,77.0,1,12960.0,1.0,2021,5,Rookie
32199,Matthew Borchert,34,,,0,0.0,0.0,2022,4,Rookie
32200,Roberto Castro,3,,,0,0.0,0.0,2021,5,Rookie
32200,Roberto Castro,4,,,0,0.0,0.0,2021,5,Rookie
32200,Roberto Castro,33,,,0,0.0,0.0,2021,5,Rookie
32200,Roberto Castro,42,,,0,0.0,0.0,2021,5,Rookie
32254,Xinjun Zhang,1,,,0,0.0,0.0,2021,5,Rookie
32254,Xinjun Zhang,3,,,0,0.0,0.0,2021,5,Rookie
32254,Xinjun Zhang,4,,,0,0.0,0.0,2021,5,Rookie
32254,Xinjun Zhang,10,73.0,73.0,1,14925.0,1.0,2021,5,Rookie
32254,Xinjun Zhang,16,60.0,60.0,1,16575.0,1.0,2021,5,Rookie
32254,Xinjun Zhang,19,,,0,0.0,0.0,2021,5,Rookie
32254,Xinjun Zhang,22,,,0,0.0,0.0,2021,5,Rookie
32254,Xinjun Zhang,26,26.0,26.0,1,67890.0,1.0,2021,5,Rookie
32254,Xinjun Zhang,33,,,0,0.0,0.0,2021,5,Rookie
32254,Xinjun Zhang,35,,,0,0.0,0.0,2021,5,Rookie
32254,Xinjun Zhang,38,,,0,0.0,0.0,2021,5,Rookie
32254,Xinjun Zhang,41,,,0,0.0,0.0,2021,5,Rookie
32254,Xinjun Zhang,42,14.0,14.0,1,100650.0,1.0,2021,5,Rookie
32254,Xinjun Zhang,43,,,0,0.0,0.0,2021,5,Rookie
32254,Xinjun Zhang,47,,,0,0.0,0.0,2021,5,Rookie
32254,Xinjun Zhang,48,,,0,0.0,0.0,2021,5,Rookie
32254,Xinjun Zhang,56,,,0,0.0,0.0,2021,5,Rookie
32254,Xinjun Zhang,57,,,0,0.0,0.0,2021,5,Rookie
32254,Xinjun Zhang,58,,,0,0.0,0.0,2021,5,Rookie
32254,Xinjun Zhang,59,65.0,65.0,1,15695.0,1.0,2021,5,Rookie
32254,Xinjun Zhang,60,,,0,0.0,0.0,2021,5,Rookie
32254,Xinjun Zhang,62,,,0,0.0,0.0,2021,5,Rookie
32333,Kevin Tway,0,,,0,0.0,0.0,2024,2,Rookie
32333,Kevin Tway,1,54.0,54.0,1,18400.0,0.3333333333333333,2023,3,Rookie
32333,Kevin Tway,2,,,0,0.0,0.0,2022,4,Rookie
32333,Kevin Tway,3,11.0,11.0,1,220875.0,0.3333333333333333,2023,3,Rookie
32333,Kevin Tway,4,,,0,0.0,0.0,2023,3,Rookie
32333,Kevin Tway,6,40.0,26.0,3,46441.5,1.0,2023,3,Experienced
32333,Kevin Tway,7,35.0,35.0,1,37350.0,1.0,2024,2,Rookie
32333,Kevin Tway,9,43.0,43.0,1,30660.0,1.0,2023,3,Rookie
32333,Kevin Tway,10,24.0,24.0,1,70866.25,0.3333333333333333,2024,2,Rookie
32333,Kevin Tway,13,9.0,9.0,1,249375.0,0.5,2025,1,Rookie
32333,Kevin Tway,16,38.666666666666664,18.0,3,172978.5,0.75,2025,1,Experienced
32333,Kevin Tway,17,,,0,0.0,0.0,2022,4,Rookie
32333,Kevin Tway,18,30.0,30.0,1,42875.0,0.3333333333333333,2023,3,Rookie
32333,Kevin Tway,19,44.0,40.0,2,109428.57,1.0,2023,3,Familiar
32333,Kevin Tway,21,2.0,2.0,1,667500.0,1.0,2022,4,Rookie
32333,Kevin Tway,22,63.0,63.0,1,17808.0,0.5,2023,3,Rookie
32333,Kevin Tway,24,45.0,45.0,1,12632.0,1.0,2024,2,Rookie
32333,Kevin Tway,25,23.0,23.0,1,55490.0,0.25,2024,2,Rookie
32333,Kevin Tway,28,,,0,0.0,0.0,2023,3,Rookie
32333,Kevin Tway,32,,,0,0.0,0.0,2025,1,Rookie
32333,Kevin Tway,33,,,0,0.0,0.0,2021,5,Rookie
32333,Kevin Tway,35,,,0,0.0,0.0,2023,3,Rookie
32333,Kevin Tway,36,13.0,13.0,1,86515.38,1.0,2024,2,Rookie
32333,Kevin Tway,37,68.0,68.0,1,19646.0,0.5,2024,2,Rookie
32333,Kevin Tway,38,48.0,48.0,1,18957.0,0.3333333333333333,2023,3,Rookie
32333,Kevin Tway,40,30.5,14.0,2,145582.2,0.5,2024,2,Familiar
32333,Kevin Tway,41,32.5,23.0,2,102160.0,0.4,2024,2,Familiar
32333,Kevin Tway,42,,,0,0.0,0.0,2021,5,Rookie
32333,Kevin Tway,43,,,0,0.0,0.0,2024,2,Rookie
32333,Kevin Tway,46,,,0,0.0,0.0,2023,3,Rookie
32333,Kevin Tway,47,,,0,0.0,0.0,2021,5,Rookie
32333,Kevin Tway,48,57.5,54.0,2,35049.0,0.6666666666666666,2023,3,Familiar
32333,Kevin Tway,51,61.666666666666664,52.0,3,81119.0,1.0,2023,3,Experienced
32333,Kevin Tway,56,,,0,0.0,0.0,2023,3,Rookie
32333,Kevin Tway,57,,,0,0.0,0.0,2025,1,Rookie
32333,Kevin Tway,58,,,0,0.0,0.0,2021,5,Rookie
32333,Kevin Tway,59,,,0,0.0,0.0,2021,5,Rookie
32333,Kevin Tway,60,57.5,43.0,2,84538.0,0.5,2024,2,Familiar
32333,Kevin Tway,61,42.5,32.0,2,128588.51000000001,1.0,2023,3,Familiar
32333,Kevin Tway,62,41.666666666666664,27.0,3,84878.47,0.75,2024,2,Experienced
32334,Charlie Beljan,3,,,0,0.0,0.0,2021,5,Rookie
32334,Charlie Beljan,6,,,0,0.0,0.0,2021,5,Rookie
32334,Charlie Beljan,33,,,0,0.0,0.0,2021,5,Rookie
32335,Brian Bergstol,34,,,0,0.0,0.0,2025,1,Rookie
32344,Lukas Nemecz,6,41.0,41.0,1,13505.0,1.0,2022,4,Rookie
32344,Lukas Nemecz,24,45.0,45.0,1,12632.0,1.0,2024,2,Rookie
32366,Kevin Chappell,0,66.66666666666667,64.0,3,48987.0,1.0,2024,2,Experienced
32366,Kevin Chappell,1,55.0,55.0,1,17632.0,0.5,2023,3,Rookie
32366,Kevin Chappell,3,,,0,0.0,0.0,2023,3,Rookie
32366,Kevin Chappell,4,,,0,0.0,0.0,2023,3,Rookie
32366,Kevin Chappell,6,21.0,21.0,1,37308.33,0.5,2023,3,Rookie
32366,Kevin Chappell,7,,,0,0.0,0.0,2024,2,Rookie
32366,Kevin Chappell,13,30.0,30.0,1,52293.18,1.0,2024,2,Rookie
32366,Kevin Chappell,16,46.0,46.0,1,22008.0,1.0,2022,4,Rookie
32366,Kevin Chappell,18,,,0,0.0,0.0,2023,3,Rookie
32366,Kevin Chappell,22,21.0,13.0,2,171842.83000000002,1.0,2023,3,Familiar
32366,Kevin Chappell,24,25.0,25.0,1,30733.33,0.5,2025,1,Rookie
32366,Kevin Chappell,25,61.0,61.0,1,17200.0,0.3333333333333333,2024,2,Rookie
32366,Kevin Chappell,28,24.0,24.0,1,62755.0,0.5,2024,2,Rookie
32366,Kevin Chappell,30,,,0,0.0,0.0,2024,2,Rookie
32366,Kevin Chappell,33,44.0,44.0,1,22435.33,1.0,2021,5,Rookie
32366,Kevin Chappell,36,26.0,26.0,1,43800.0,1.0,2024,2,Rookie
32366,Kevin Chappell,37,,,0,0.0,0.0,2024,2,Rookie
32366,Kevin Chappell,40,,,0,0.0,0.0,2022,4,Rookie
32366,Kevin Chappell,41,59.0,53.0,2,32115.14,0.5,2024,2,Familiar
32366,Kevin Chappell,42,56.0,56.0,1,15114.0,1.0,2021,5,Rookie
32366,Kevin Chappell,43,25.5,23.0,2,112838.57,0.6666666666666666,2023,3,Familiar
32366,Kevin Chappell,46,,,0,0.0,0.0,2022,4,Rookie
32366,Kevin Chappell,47,,,0,0.0,0.0,2021,5,Rookie
32366,Kevin Chappell,48,55.0,55.0,1,17400.0,1.0,2022,4,Rookie
32366,Kevin Chappell,49,,,0,0.0,0.0,2024,2,Rookie
32366,Kevin Chappell,51,36.0,36.0,1,30743.64,1.0,2021,5,Rookie
32366,Kevin Chappell,53,,,0,0.0,0.0,2022,4,Rookie
32366,Kevin Chappell,56,30.0,18.0,3,177718.03,0.75,2024,2,Experienced
32366,Kevin Chappell,58,61.0,61.0,1,15540.0,1.0,2021,5,Rookie
32366,Kevin Chappell,60,62.0,62.0,1,19800.0,1.0,2022,4,Rookie
32366,Kevin Chappell,61,46.0,43.0,2,49100.67,1.0,2024,2,Familiar
32366,Kevin Chappell,62,,,0,0.0,0.0,2022,4,Rookie
32367,Jorge Campillo,10,,,0,0.0,0.0,2024,2,Rookie
32367,Jorge Campillo,13,24.0,24.0,1,77425.0,1.0,2024,2,Rookie
32367,Jorge Campillo,15,53.0,53.0,1,21390.0,1.0,2024,2,Rookie
32367,Jorge Campillo,20,30.0,22.0,3,190230.0,1.0,2025,1,Experienced
32367,Jorge Campillo,25,,,0,0.0,0.0,2024,2,Rookie
32367,Jorge Campillo,28,19.0,19.0,1,99549.0,1.0,2024,2,Rookie
32367,Jorge Campillo,30,4.0,4.0,1,147000.0,1.0,2024,2,Rookie
32367,Jorge Campillo,37,62.0,62.0,1,20586.0,1.0,2024,2,Rookie
32367,Jorge Campillo,40,,,0,0.0,0.0,2024,2,Rookie
32367,Jorge Campillo,49,,,0,0.0,0.0,2024,2,Rookie
32367,Jorge Campillo,56,,,0,0.0,0.0,2024,2,Rookie
32367,Jorge Campillo,57,49.0,49.0,1,21151.2,1.0,2024,2,Rookie
32367,Jorge Campillo,62,52.0,52.0,1,18881.0,1.0,2024,2,Rookie
32369,Sihwan Kim,34,62.0,62.0,1,31500.0,1.0,2023,3,Rookie
32394,Tapio Pulkkanen,20,35.0,35.0,1,52810.71,1.0,2023,3,Rookie
32448,James Hahn,0,33.0,4.0,2,332785.0,0.5,2024,2,Familiar
32448,James Hahn,1,32.0,32.0,1,38257.0,0.3333333333333333,2023,3,Rookie
32448,James Hahn,3,29.5,9.0,2,270191.43,0.6666666666666666,2023,3,Familiar
32448,James Hahn,4,,,0,0.0,0.0,2023,3,Rookie
32448,James Hahn,5,,,0,0.0,0.0,2025,1,Rookie
32448,James Hahn,6,16.0,5.0,2,137846.78,0.6666666666666666,2023,3,Familiar
32448,James Hahn,9,27.0,27.0,1,56332.5,1.0,2023,3,Rookie
32448,James Hahn,10,,,0,0.0,0.0,2022,4,Rookie
32448,James Hahn,13,,,0,0.0,0.0,2025,1,Rookie
32448,James Hahn,16,,,0,0.0,0.0,2023,3,Rookie
32448,James Hahn,17,61.0,61.0,1,33150.0,1.0,2022,4,Rookie
32448,James Hahn,18,48.0,45.0,2,43444.0,0.6666666666666666,2023,3,Familiar
32448,James Hahn,19,38.0,15.0,2,177285.0,0.6666666666666666,2023,3,Familiar
32448,James Hahn,21,,,0,0.0,0.0,2022,4,Rookie
32448,James Hahn,22,,,0,0.0,0.0,2021,5,Rookie
32448,James Hahn,24,56.5,49.0,2,19840.0,1.0,2025,1,Familiar
32448,James Hahn,25,54.25,35.0,4,89345.58,1.0,2025,1,Experienced
32448,James Hahn,26,,,0,0.0,0.0,2021,5,Rookie
32448,James Hahn,28,41.0,33.0,2,63343.67,0.6666666666666666,2024,2,Familiar
32448,James Hahn,30,,,0,0.0,0.0,2024,2,Rookie
32448,James Hahn,31,71.0,71.0,1,19190.0,1.0,2021,5,Rookie
32448,James Hahn,32,,,0,0.0,0.0,2025,1,Rookie
32448,James Hahn,33,,,0,0.0,0.0,2021,5,Rookie
32448,James Hahn,35,41.0,41.0,1,53250.0,0.3333333333333333,2023,3,Rookie
32448,James Hahn,36,,,0,0.0,0.0,2025,1,Rookie
32448,James Hahn,37,57.0,57.0,1,20160.0,1.0,2023,3,Rookie
32448,James Hahn,38,41.0,41.0,1,71000.0,0.5,2023,3,Rookie
32448,James Hahn,40,,,0,0.0,0.0,2023,3,Rookie
32448,James Hahn,41,72.0,72.0,1,14000.0,0.3333333333333333,2025,1,Rookie
32448,James Hahn,42,9.0,9.0,1,166650.0,1.0,2021,5,Rookie
32448,James Hahn,46,68.0,68.0,1,17556.0,0.3333333333333333,2023,3,Rookie
32448,James Hahn,47,5.0,5.0,1,259000.0,1.0,2021,5,Rookie
32448,James Hahn,48,39.0,37.0,2,61065.0,1.0,2025,1,Familiar
32448,James Hahn,49,72.0,72.0,1,18200.0,1.0,2024,2,Rookie
32448,James Hahn,51,,,0,0.0,0.0,2023,3,Rookie
32448,James Hahn,53,,,0,0.0,0.0,2025,1,Rookie
32448,James Hahn,55,,,0,0.0,0.0,2021,5,Rookie
32448,James Hahn,56,69.0,69.0,1,17716.0,0.5,2023,3,Rookie
32448,James Hahn,57,71.0,71.0,1,16686.0,0.3333333333333333,2023,3,Rookie
32448,James Hahn,58,50.0,50.0,1,16887.5,1.0,2021,5,Rookie
32448,James Hahn,59,10.0,10.0,1,198925.0,1.0,2021,5,Rookie
32448,James Hahn,60,9.0,9.0,1,218250.0,0.3333333333333333,2023,3,Rookie
32448,James Hahn,61,32.0,32.0,1,109285.72,0.5,2023,3,Rookie
32448,James Hahn,62,54.5,47.0,2,33131.57,0.6666666666666666,2023,3,Familiar
32508,Chad Proehl,25,,,0,0.0,0.0,2021,5,Rookie
32582,Eric Dugas,48,,,0,0.0,0.0,2021,5,Rookie
32618,Rhein Gibson,0,,,0,0.0,0.0,2021,5,Rookie
32618,Rhein Gibson,1,40.0,40.0,1,25125.0,1.0,2021,5,Rookie
32618,Rhein Gibson,3,,,0,0.0,0.0,2021,5,Rookie
32618,Rhein Gibson,4,,,0,0.0,0.0,2021,5,Rookie
32618,Rhein Gibson,6,,,0,0.0,0.0,2021,5,Rookie
32618,Rhein Gibson,16,53.0,53.0,1,17496.43,1.0,2021,5,Rookie
32618,Rhein Gibson,22,,,0,0.0,0.0,2021,5,Rookie
32618,Rhein Gibson,25,34.0,34.0,1,30955.71,1.0,2021,5,Rookie
32618,Rhein Gibson,33,25.0,25.0,1,56088.33,1.0,2021,5,Rookie
32618,Rhein Gibson,40,,,0,0.0,0.0,2021,5,Rookie
32618,Rhein Gibson,41,,,0,0.0,0.0,2021,5,Rookie
32618,Rhein Gibson,42,73.0,73.0,1,13134.0,1.0,2021,5,Rookie
32618,Rhein Gibson,48,,,0,0.0,0.0,2021,5,Rookie
32618,Rhein Gibson,49,,,0,0.0,0.0,2024,2,Rookie
32618,Rhein Gibson,56,,,0,0.0,0.0,2021,5,Rookie
32618,Rhein Gibson,57,,,0,0.0,0.0,2021,5,Rookie
32618,Rhein Gibson,62,,,0,0.0,0.0,2021,5,Rookie
32622,Matthew Baldwin,20,,,0,0.0,0.0,2024,2,Rookie
32622,Matthew Baldwin,24,,,0,0.0,0.0,2025,1,Rookie
32627,Espen Kofstad,6,13.0,13.0,1,64353.58,1.0,2022,4,Rookie
32627,Espen Kofstad,24,,,0,0.0,0.0,2024,2,Rookie
32640,Troy Merritt,0,44.0,39.0,3,67697.4,0.6,2025,1,Experienced
32640,Troy Merritt,1,,,0,0.0,0.0,2023,3,Rookie
32640,Troy Merritt,2,74.0,74.0,1,23400.0,0.5,2023,3,Rookie
32640,Troy Merritt,3,7.0,7.0,1,263250.0,0.5,2023,3,Rookie
32640,Troy Merritt,4,10.0,4.0,2,510450.0,0.6666666666666666,2023,3,Familiar
32640,Troy Merritt,7,,,0,0.0,0.0,2024,2,Rookie
32640,Troy Merritt,8,58.0,58.0,1,33300.0,1.0,2022,4,Rookie
32640,Troy Merritt,10,36.333333333333336,7.0,3,299208.8,0.75,2024,2,Experienced
32640,Troy Merritt,13,9.0,9.0,1,249375.0,1.0,2024,2,Rookie
32640,Troy Merritt,14,67.0,67.0,1,18795.0,1.0,2023,3,Rookie
32640,Troy Merritt,15,47.0,47.0,1,23880.0,1.0,2024,2,Rookie
32640,Troy Merritt,16,72.0,72.0,1,15075.0,0.3333333333333333,2025,1,Rookie
32640,Troy Merritt,17,28.0,28.0,1,107250.0,1.0,2022,4,Rookie
32640,Troy Merritt,18,27.333333333333332,7.0,3,376240.0,1.0,2023,3,Experienced
32640,Troy Merritt,19,,,0,0.0,0.0,2023,3,Rookie
32640,Troy Merritt,20,,,0,0.0,0.0,2023,3,Rookie
32640,Troy Merritt,22,,,0,0.0,0.0,2021,5,Rookie
32640,Troy Merritt,24,56.5,54.0,2,18500.0,1.0,2025,1,Familiar
32640,Troy Merritt,25,17.0,17.0,1,112850.0,0.3333333333333333,2024,2,Rookie
32640,Troy Merritt,26,50.0,50.0,1,23343.0,1.0,2021,5,Rookie
32640,Troy Merritt,27,53.0,53.0,1,27994.28,0.5,2023,3,Rookie
32640,Troy Merritt,28,58.0,58.0,1,18630.0,1.0,2024,2,Rookie
32640,Troy Merritt,30,40.0,40.0,1,16200.0,1.0,2024,2,Rookie
32640,Troy Merritt,31,,,0,0.0,0.0,2021,5,Rookie
32640,Troy Merritt,32,,,0,0.0,0.0,2025,1,Rookie
32640,Troy Merritt,34,41.0,41.0,1,43839.29,1.0,2022,4,Rookie
32640,Troy Merritt,35,46.0,46.0,1,57700.0,0.25,2024,2,Rookie
32640,Troy Merritt,36,53.0,53.0,1,14460.0,0.5,2025,1,Rookie
32640,Troy Merritt,37,,,0,0.0,0.0,2024,2,Rookie
32640,Troy Merritt,38,12.0,12.0,1,140666.67,0.3333333333333333,2023,3,Rookie
32640,Troy Merritt,40,12.5,2.0,4,1100100.0,1.0,2024,2,Experienced
32640,Troy Merritt,41,36.5,22.0,2,88759.09,0.3333333333333333,2025,1,Familiar
32640,Troy Merritt,42,,,0,0.0,0.0,2021,5,Rookie
32640,Troy Merritt,43,9.0,9.0,1,223450.0,0.3333333333333333,2024,2,Rookie
32640,Troy Merritt,46,64.0,64.0,1,18144.0,0.25,2024,2,Rookie
32640,Troy Merritt,47,43.0,43.0,1,21665.0,1.0,2021,5,Rookie
32640,Troy Merritt,48,48.333333333333336,24.0,3,99599.0,1.0,2024,2,Experienced
32640,Troy Merritt,51,36.0,36.0,1,30743.63,0.3333333333333333,2023,3,Rookie
32640,Troy Merritt,53,,,0,0.0,0.0,2022,4,Rookie
32640,Troy Merritt,54,58.0,58.0,1,26684.0,1.0,2021,5,Rookie
32640,Troy Merritt,56,19.0,4.0,2,380036.0,0.5,2024,2,Familiar
32640,Troy Merritt,57,17.5,8.0,2,256425.0,0.5,2024,2,Familiar
32640,Troy Merritt,58,32.0,32.0,1,39083.33,1.0,2021,5,Rookie
32640,Troy Merritt,59,,,0,0.0,0.0,2021,5,Rookie
32640,Troy Merritt,60,35.0,35.0,1,47925.0,0.3333333333333333,2023,3,Rookie
32640,Troy Merritt,61,38.0,38.0,1,35670.0,0.3333333333333333,2024,2,Rookie
32640,Troy Merritt,62,58.0,58.0,1,17176.0,0.5,2024,2,Rookie
32659,Darius Van Driel,6,,,0,0.0,0.0,2023,3,Rookie
32659,Darius Van Driel,20,,,0,0.0,0.0,2025,1,Rookie
32662,Michael Gligic,0,32.5,16.0,2,120538.5,0.6666666666666666,2023,3,Familiar
32662,Michael Gligic,1,55.0,55.0,1,17632.0,0.3333333333333333,2023,3,Rookie
32662,Michael Gligic,3,60.0,47.0,2,38885.75,0.6666666666666666,2023,3,Familiar
32662,Michael Gligic,4,,,0,0.0,0.0,2023,3,Rookie
32662,Michael Gligic,6,34.0,19.0,3,95543.33,1.0,2023,3,Experienced
32662,Michael Gligic,9,,,0,0.0,0.0,2023,3,Rookie
32662,Michael Gligic,10,,,0,0.0,0.0,2021,5,Rookie
32662,Michael Gligic,15,,,0,0.0,0.0,2024,2,Rookie
32662,Michael Gligic,16,77.0,77.0,1,16044.0,0.3333333333333333,2023,3,Rookie
32662,Michael Gligic,18,66.0,66.0,1,14770.0,0.3333333333333333,2023,3,Rookie
32662,Michael Gligic,22,,,0,0.0,0.0,2023,3,Rookie
32662,Michael Gligic,25,10.0,10.0,1,179275.0,0.3333333333333333,2023,3,Rookie
32662,Michael Gligic,28,31.5,24.0,2,91370.0,1.0,2023,3,Familiar
32662,Michael Gligic,33,,,0,0.0,0.0,2021,5,Rookie
32662,Michael Gligic,37,,,0,0.0,0.0,2024,2,Rookie
32662,Michael Gligic,38,,,0,0.0,0.0,2022,4,Rookie
32662,Michael Gligic,40,41.0,41.0,1,24115.91,0.3333333333333333,2023,3,Rookie
32662,Michael Gligic,41,29.0,29.0,1,44190.0,0.25,2023,3,Rookie
32662,Michael Gligic,42,14.0,14.0,1,100650.0,1.0,2021,5,Rookie
32662,Michael Gligic,43,48.0,37.0,3,68463.23,0.75,2023,3,Experienced
32662,Michael Gligic,46,,,0,0.0,0.0,2023,3,Rookie
32662,Michael Gligic,47,27.0,27.0,1,47950.0,1.0,2021,5,Rookie
32662,Michael Gligic,48,,,0,0.0,0.0,2023,3,Rookie
32662,Michael Gligic,51,40.0,40.0,1,36105.0,0.5,2022,4,Rookie
32662,Michael Gligic,56,,,0,0.0,0.0,2023,3,Rookie
32662,Michael Gligic,57,29.0,29.0,1,40572.0,0.5,2023,3,Rookie
32662,Michael Gligic,60,47.5,37.0,2,59913.0,1.0,2022,4,Familiar
32662,Michael Gligic,62,64.33333333333333,61.0,3,45229.0,1.0,2023,3,Experienced
32686,Takahiro Hataji,63,71.0,71.0,1,14705.0,1.0,2024,2,Rookie
32698,Bobby Gates,34,,,0,0.0,0.0,2025,1,Rookie
32757,Patton Kizzire,0,38.5,38.0,2,55241.4,0.4,2025,1,Familiar
32757,Patton Kizzire,1,28.666666666666668,11.0,3,267167.0,0.75,2025,1,Experienced
32757,Patton Kizzire,2,44.5,32.0,2,88018.0,0.6666666666666666,2023,3,Familiar
32757,Patton Kizzire,3,38.666666666666664,3.0,3,472379.25,1.0,2023,3,Experienced
32757,Patton Kizzire,4,39.0,39.0,1,30030.0,1.0,2021,5,Rookie
32757,Patton Kizzire,5,33.0,33.0,1,33450.0,1.0,2025,1,Rookie
32757,Patton Kizzire,6,62.0,62.0,1,8360.0,0.5,2023,3,Rookie
32757,Patton Kizzire,7,43.0,43.0,1,26625.0,1.0,2024,2,Rookie
32757,Patton Kizzire,8,34.0,34.0,1,50112.5,1.0,2021,5,Rookie
32757,Patton Kizzire,10,25.5,3.0,2,388974.75,0.5,2025,1,Familiar
32757,Patton Kizzire,12,64.0,64.0,1,18037.5,1.0,2022,4,Rookie
32757,Patton Kizzire,13,36.5,24.0,2,102934.0,1.0,2025,1,Familiar
32757,Patton Kizzire,15,,,0,0.0,0.0,2025,1,Rookie
32757,Patton Kizzire,16,,,0,0.0,0.0,2023,3,Rookie
32757,Patton Kizzire,17,,,0,0.0,0.0,2022,4,Rookie
32757,Patton Kizzire,18,42.0,28.0,2,70336.0,0.6666666666666666,2023,3,Familiar
32757,Patton Kizzire,19,61.0,61.0,1,26160.0,0.5,2023,3,Rookie
32757,Patton Kizzire,22,,,0,0.0,0.0,2021,5,Rookie
32757,Patton Kizzire,24,50.0,50.0,1,10306.67,0.5,2025,1,Rookie
32757,Patton Kizzire,25,27.0,11.0,3,242430.78999999998,0.6,2025,1,Experienced
32757,Patton Kizzire,26,,,0,0.0,0.0,2021,5,Rookie
32757,Patton Kizzire,27,,,0,0.0,0.0,2022,4,Rookie
32757,Patton Kizzire,28,,,0,0.0,0.0,2024,2,Rookie
32757,Patton Kizzire,29,,,0,0.0,0.0,2025,1,Rookie
32757,Patton Kizzire,30,10.0,10.0,1,101000.0,1.0,2024,2,Rookie
32757,Patton Kizzire,31,56.0,56.0,1,21470.0,1.0,2021,5,Rookie
32757,Patton Kizzire,32,20.0,20.0,1,45480.0,1.0,2025,1,Rookie
32757,Patton Kizzire,33,,,0,0.0,0.0,2021,5,Rookie
32757,Patton Kizzire,34,75.0,75.0,1,23950.0,0.5,2025,1,Rookie
32757,Patton Kizzire,35,40.666666666666664,22.0,3,327375.0,0.75,2025,1,Experienced
32757,Patton Kizzire,36,1.0,1.0,1,1080000.0,0.5,2025,1,Rookie
32757,Patton Kizzire,37,38.0,38.0,1,39150.0,0.5,2024,2,Rookie
32757,Patton Kizzire,38,28.5,26.0,2,162244.45,0.6666666666666666,2023,3,Familiar
32757,Patton Kizzire,39,,,0,0.0,0.0,2025,1,Rookie
32757,Patton Kizzire,40,39.666666666666664,20.0,3,186026.72,0.75,2024,2,Experienced
32757,Patton Kizzire,41,37.8,10.0,5,289911.42,0.8333333333333334,2025,1,Veteran
32757,Patton Kizzire,42,,,0,0.0,0.0,2021,5,Rookie
32757,Patton Kizzire,43,35.0,11.0,2,177804.0,0.3333333333333333,2025,1,Familiar
32757,Patton Kizzire,44,40.0,40.0,1,81000.0,1.0,2025,1,Rookie
32757,Patton Kizzire,46,60.5,46.0,2,38948.0,0.5,2024,2,Familiar
32757,Patton Kizzire,47,24.0,24.0,1,61950.0,1.0,2021,5,Rookie
32757,Patton Kizzire,48,34.5,7.0,4,396232.0,0.8,2025,1,Experienced
32757,Patton Kizzire,49,,,0,0.0,0.0,2025,1,Rookie
32757,Patton Kizzire,51,64.0,64.0,1,18011.0,0.3333333333333333,2023,3,Rookie
32757,Patton Kizzire,53,,,0,0.0,0.0,2022,4,Rookie
32757,Patton Kizzire,56,46.0,9.0,3,249213.0,0.75,2025,1,Experienced
32757,Patton Kizzire,57,34.333333333333336,10.0,3,238562.0,0.75,2025,1,Experienced
32757,Patton Kizzire,58,11.0,11.0,1,155750.0,1.0,2021,5,Rookie
32757,Patton Kizzire,59,50.0,50.0,1,18323.0,1.0,2021,5,Rookie
32757,Patton Kizzire,60,58.0,58.0,1,18063.0,0.5,2023,3,Rookie
32757,Patton Kizzire,61,10.0,10.0,1,198850.0,0.25,2025,1,Rookie
32757,Patton Kizzire,62,44.0,44.0,1,23951.45,0.2,2025,1,Rookie
32775,Shugo Imahira,54,61.0,61.0,1,25901.0,1.0,2021,5,Rookie
32775,Shugo Imahira,63,56.0,56.0,1,16830.0,1.0,2024,2,Rookie
32775,Shugo Imahira,64,66.0,66.0,1,14560.0,1.0,2021,5,Rookie
32776,Yeongsu Kim,14,77.0,77.0,1,16905.0,1.0,2023,3,Rookie
32776,Yeongsu Kim,19,,,0,0.0,0.0,2023,3,Rookie
32776,Yeongsu Kim,20,,,0,0.0,0.0,2023,3,Rookie
32791,K.H. Lee,0,7.5,6.0,2,428955.0,0.6666666666666666,2024,2,Familiar
32791,K.H. Lee,1,47.5,32.0,2,54749.0,0.5,2025,1,Familiar
32791,K.H. Lee,2,47.5,42.0,2,84414.0,0.6666666666666666,2023,3,Familiar
32791,K.H. Lee,3,17.333333333333332,1.0,3,3118216.43,1.0,2023,3,Experienced
32791,K.H. Lee,7,46.0,46.0,1,20137.5,1.0,2024,2,Rookie
32791,K.H. Lee,8,8.5,5.0,2,747000.0,1.0,2022,4,Familiar
32791,K.H. Lee,10,44.5,32.0,2,71623.0,0.6666666666666666,2024,2,Familiar
32791,K.H. Lee,11,52.0,52.0,1,20168.57,1.0,2021,5,Rookie
32791,K.H. Lee,12,25.0,25.0,1,70506.43,1.0,2022,4,Rookie
32791,K.H. Lee,13,59.0,59.0,1,21375.0,1.0,2024,2,Rookie
32791,K.H. Lee,14,3.0,3.0,1,714000.0,1.0,2023,3,Rookie
32791,K.H. Lee,15,4.0,4.0,1,344250.0,0.5,2025,1,Rookie
32791,K.H. Lee,16,9.0,9.0,1,225525.0,0.3333333333333333,2025,1,Rookie
32791,K.H. Lee,17,20.0,20.0,1,152812.5,1.0,2022,4,Rookie
32791,K.H. Lee,18,14.0,14.0,1,153300.0,1.0,2023,3,Rookie
32791,K.H. Lee,19,46.0,26.0,2,105609.0,0.6666666666666666,2023,3,Familiar
32791,K.H. Lee,20,72.0,72.0,1,18720.0,0.5,2024,2,Rookie
32791,K.H. Lee,22,48.0,48.0,1,20285.71,0.5,2022,4,Rookie
32791,K.H. Lee,25,,,0,0.0,0.0,2024,2,Rookie
32791,K.H. Lee,26,65.0,65.0,1,19902.0,1.0,2021,5,Rookie
32791,K.H. Lee,27,53.0,53.0,1,27994.28,0.5,2023,3,Rookie
32791,K.H. Lee,28,,,0,0.0,0.0,2024,2,Rookie
32791,K.H. Lee,29,,,0,0.0,0.0,2025,1,Rookie
32791,K.H. Lee,31,47.0,47.0,1,24330.56,1.0,2021,5,Rookie
32791,K.H. Lee,34,35.0,29.0,2,133975.65000000002,0.5,2024,2,Familiar
32791,K.H. Lee,35,48.0,41.0,2,99450.0,0.4,2025,1,Familiar
32791,K.H. Lee,36,,,0,0.0,0.0,2024,2,Rookie
32791,K.H. Lee,37,,,0,0.0,0.0,2024,2,Rookie
32791,K.H. Lee,38,48.5,41.0,2,87472.0,0.6666666666666666,2023,3,Familiar
32791,K.H. Lee,40,,,0,0.0,0.0,2024,2,Rookie
32791,K.H. Lee,41,58.0,58.0,1,18816.0,0.3333333333333333,2024,2,Rookie
32791,K.H. Lee,42,,,0,0.0,0.0,2021,5,Rookie
32791,K.H. Lee,43,34.5,23.0,2,86000.28,0.5,2024,2,Familiar
32791,K.H. Lee,45,20.0,7.0,2,474250.0,1.0,2023,3,Familiar
32791,K.H. Lee,46,15.75,5.0,4,647207.14,1.0,2024,2,Experienced
32791,K.H. Lee,47,,,0,0.0,0.0,2021,5,Rookie
32791,K.H. Lee,48,31.25,19.0,4,197900.12,0.8,2025,1,Experienced
32791,K.H. Lee,49,31.0,31.0,1,54418.0,0.5,2025,1,Rookie
32791,K.H. Lee,50,27.0,27.0,1,0.0,1.0,2022,4,Rookie
32791,K.H. Lee,51,46.0,19.0,2,120679.66,0.6666666666666666,2023,3,Familiar
32791,K.H. Lee,53,37.0,37.0,1,75916.0,0.5,2023,3,Rookie
32791,K.H. Lee,56,23.0,23.0,1,65285.0,0.3333333333333333,2024,2,Rookie
32791,K.H. Lee,57,19.0,9.0,3,366972.0,0.75,2025,1,Experienced
32791,K.H. Lee,58,,,0,0.0,0.0,2021,5,Rookie
32791,K.H. Lee,59,2.0,2.0,1,649700.0,1.0,2021,5,Rookie
32791,K.H. Lee,60,30.333333333333332,8.0,3,612213.0,1.0,2023,3,Experienced
32791,K.H. Lee,61,49.0,38.0,3,120340.0,0.75,2025,1,Experienced
32791,K.H. Lee,62,42.0,24.0,3,101276.0,0.75,2024,2,Experienced
32791,K.H. Lee,63,63.0,63.0,1,16150.0,1.0,2024,2,Rookie
32797,Sanghyun Park,14,49.0,49.0,1,24010.0,1.0,2023,3,Rookie
32797,Sanghyun Park,20,,,0,0.0,0.0,2024,2,Rookie
32815,Masahiro Kawamura,6,9.0,9.0,1,95950.0,1.0,2023,3,Rookie
32815,Masahiro Kawamura,20,,,0,0.0,0.0,2024,2,Rookie
32816,Satoshi Kodaira,0,64.0,64.0,1,15975.0,0.3333333333333333,2023,3,Rookie
32816,Satoshi Kodaira,1,,,0,0.0,0.0,2023,3,Rookie
32816,Satoshi Kodaira,3,28.0,13.0,2,184015.0,0.6666666666666666,2023,3,Familiar
32816,Satoshi Kodaira,4,31.0,29.0,2,102498.33,0.6666666666666666,2023,3,Familiar
32816,Satoshi Kodaira,6,23.5,20.0,2,60234.29,0.6666666666666666,2023,3,Familiar
32816,Satoshi Kodaira,16,53.0,53.0,1,20295.86,0.5,2023,3,Rookie
32816,Satoshi Kodaira,18,30.0,30.0,1,42532.0,1.0,2023,3,Rookie
32816,Satoshi Kodaira,22,36.0,36.0,1,29785.0,0.3333333333333333,2023,3,Rookie
32816,Satoshi Kodaira,25,43.5,30.0,2,56176.27,0.6666666666666666,2023,3,Familiar
32816,Satoshi Kodaira,28,32.0,15.0,2,123385.89,1.0,2023,3,Familiar
32816,Satoshi Kodaira,33,19.0,19.0,1,86505.0,1.0,2021,5,Rookie
32816,Satoshi Kodaira,37,,,0,0.0,0.0,2022,4,Rookie
32816,Satoshi Kodaira,38,,,0,0.0,0.0,2023,3,Rookie
32816,Satoshi Kodaira,40,40.0,40.0,1,33000.0,0.3333333333333333,2023,3,Rookie
32816,Satoshi Kodaira,41,75.0,75.0,1,16296.0,0.5,2023,3,Rookie
32816,Satoshi Kodaira,43,,,0,0.0,0.0,2023,3,Rookie
32816,Satoshi Kodaira,47,,,0,0.0,0.0,2021,5,Rookie
32816,Satoshi Kodaira,48,34.0,12.0,2,163923.0,1.0,2022,4,Familiar
32816,Satoshi Kodaira,51,36.0,36.0,1,30743.63,0.5,2022,4,Rookie
32816,Satoshi Kodaira,53,,,0,0.0,0.0,2022,4,Rookie
32816,Satoshi Kodaira,56,64.0,64.0,1,18868.0,0.5,2023,3,Rookie
32816,Satoshi Kodaira,57,,,0,0.0,0.0,2021,5,Rookie
32816,Satoshi Kodaira,58,38.0,38.0,1,29750.0,1.0,2021,5,Rookie
32816,Satoshi Kodaira,59,63.0,63.0,1,15987.0,1.0,2021,5,Rookie
32816,Satoshi Kodaira,60,11.0,11.0,1,188325.0,0.5,2022,4,Rookie
32816,Satoshi Kodaira,62,36.0,36.0,1,30328.18,0.5,2022,4,Rookie
32816,Satoshi Kodaira,63,64.0,64.0,1,15980.0,1.0,2024,2,Rookie
32816,Satoshi Kodaira,64,35.0,35.0,1,36680.0,1.0,2021,5,Rookie
32839,Hideki Matsuyama,0,30.0,30.0,1,46744.29,0.5,2023,3,Rookie
32839,Hideki Matsuyama,2,18.0,12.0,4,831702.78,0.8,2025,1,Experienced
32839,Hideki Matsuyama,3,21.666666666666668,3.0,3,648631.4299999999,1.0,2023,3,Experienced
32839,Hideki Matsuyama,4,59.5,48.0,2,82475.0,1.0,2025,1,Familiar
32839,Hideki Matsuyama,8,35.666666666666664,26.0,3,273750.0,0.6,2025,1,Experienced
32839,Hideki Matsuyama,9,,,0,0.0,0.0,2023,3,Rookie
32839,Hideki Matsuyama,10,36.0,36.0,1,42334.38,1.0,2025,1,Rookie
32839,Hideki Matsuyama,11,21.0,21.0,1,91956.43,1.0,2021,5,Rookie
32839,Hideki Matsuyama,12,59.0,59.0,1,19012.5,1.0,2022,4,Rookie
32839,Hideki Matsuyama,14,34.0,34.0,1,54180.0,1.0,2023,3,Rookie
32839,Hideki Matsuyama,16,27.4,9.0,5,525647.15,1.0,2025,1,Veteran
32839,Hideki Matsuyama,17,11.333333333333334,1.0,3,4191000.0,1.0,2025,1,Experienced
32839,Hideki Matsuyama,18,15.5,6.0,2,276122.72,1.0,2023,3,Familiar
32839,Hideki Matsuyama,19,17.666666666666668,1.0,3,4429250.0,0.6,2025,1,Experienced
32839,Hideki Matsuyama,20,,,0,0.0,0.0,2024,2,Rookie
32839,Hideki Matsuyama,26,62.0,62.0,1,20460.0,1.0,2021,5,Rookie
32839,Hideki Matsuyama,27,20.666666666666668,8.0,3,948500.0,0.75,2025,1,Experienced
32839,Hideki Matsuyama,31,43.0,43.0,1,32775.0,1.0,2021,5,Rookie
32839,Hideki Matsuyama,34,36.75,23.0,4,299258.15,0.8,2025,1,Experienced
32839,Hideki Matsuyama,35,5.5,5.0,2,1900000.0,0.5,2025,1,Familiar
32839,Hideki Matsuyama,39,13.0,13.0,1,172000.0,1.0,2025,1,Rookie
32839,Hideki Matsuyama,40,,,0,0.0,0.0,2023,3,Rookie
32839,Hideki Matsuyama,44,29.5,1.0,2,3650500.0,1.0,2025,1,Familiar
32839,Hideki Matsuyama,45,25.0,13.0,3,411500.0,1.0,2023,3,Experienced
32839,Hideki Matsuyama,46,67.0,67.0,1,14560.0,1.0,2022,4,Rookie
32839,Hideki Matsuyama,47,,,0,0.0,0.0,2021,5,Rookie
32839,Hideki Matsuyama,48,22.8,1.0,5,1625886.16,1.0,2025,1,Veteran
32839,Hideki Matsuyama,50,18.75,9.0,4,360000.0,1.0,2025,1,Experienced
32839,Hideki Matsuyama,51,22.0,13.0,3,713875.0,1.0,2025,1,Experienced
32839,Hideki Matsuyama,52,17.0,17.0,1,270500.0,1.0,2025,1,Rookie
32839,Hideki Matsuyama,53,21.0,4.0,4,1788201.0,1.0,2025,1,Experienced
32839,Hideki Matsuyama,54,17.0,17.0,1,157931.0,1.0,2021,5,Rookie
32839,Hideki Matsuyama,55,42.0,42.0,1,73014.0,1.0,2021,5,Rookie
32839,Hideki Matsuyama,56,17.333333333333332,7.0,3,474038.33,0.6,2025,1,Experienced
32839,Hideki Matsuyama,58,2.0,2.0,1,623000.0,1.0,2021,5,Rookie
32839,Hideki Matsuyama,59,42.0,42.0,1,23852.75,1.0,2021,5,Rookie
32839,Hideki Matsuyama,61,21.0,8.0,4,536380.48,1.0,2025,1,Experienced
32839,Hideki Matsuyama,62,19.0,19.0,1,112750.0,0.3333333333333333,2025,1,Rookie
32839,Hideki Matsuyama,63,46.0,46.0,1,20357.5,1.0,2024,2,Rookie
32839,Hideki Matsuyama,64,28.0,28.0,1,50137.14,1.0,2021,5,Rookie
32878,Yeon Jin Jeong,46,,,0,0.0,0.0,2022,4,Rookie
32881,Hugo León,6,27.0,27.0,1,21909.29,1.0,2022,4,Rookie
32982,Vince Covello,5,,,0,0.0,0.0,2025,1,Rookie
32982,Vince Covello,13,,,0,0.0,0.0,2025,1,Rookie
32982,Vince Covello,29,,,0,0.0,0.0,2025,1,Rookie
32982,Vince Covello,36,57.0,57.0,1,13740.0,1.0,2025,1,Rookie
32982,Vince Covello,37,,,0,0.0,0.0,2025,1,Rookie
32982,Vince Covello,39,,,0,0.0,0.0,2025,1,Rookie
32982,Vince Covello,41,,,0,0.0,0.0,2025,1,Rookie
32982,Vince Covello,43,55.0,55.0,1,13860.0,1.0,2025,1,Rookie
32982,Vince Covello,49,,,0,0.0,0.0,2025,1,Rookie
32982,Vince Covello,56,,,0,0.0,0.0,2025,1,Rookie
33023,Ockie Strydom,20,,,0,0.0,0.0,2025,1,Rookie
33023,Ockie Strydom,34,,,0,0.0,0.0,2023,3,Rookie
33117,Dale Whitnell,6,,,0,0.0,0.0,2022,4,Rookie
33117,Dale Whitnell,20,62.5,60.0,2,43020.0,0.6666666666666666,2025,1,Familiar
33120,Mark Anderson,0,,,0,0.0,0.0,2021,5,Rookie
33120,Mark Anderson,1,,,0,0.0,0.0,2021,5,Rookie
33120,Mark Anderson,3,61.0,61.0,1,17820.0,1.0,2021,5,Rookie
33120,Mark Anderson,4,,,0,0.0,0.0,2021,5,Rookie
33120,Mark Anderson,6,26.0,26.0,1,26075.0,1.0,2021,5,Rookie
33120,Mark Anderson,16,,,0,0.0,0.0,2021,5,Rookie
33120,Mark Anderson,25,,,0,0.0,0.0,2021,5,Rookie
33120,Mark Anderson,33,,,0,0.0,0.0,2021,5,Rookie
33120,Mark Anderson,40,8.0,8.0,1,211875.0,1.0,2021,5,Rookie
33120,Mark Anderson,41,,,0,0.0,0.0,2021,5,Rookie
33120,Mark Anderson,42,36.0,36.0,1,29411.25,1.0,2021,5,Rookie
33120,Mark Anderson,43,,,0,0.0,0.0,2021,5,Rookie
33120,Mark Anderson,48,,,0,0.0,0.0,2021,5,Rookie
33120,Mark Anderson,62,57.0,57.0,1,14656.0,1.0,2021,5,Rookie
33122,Russell Knox,0,53.0,53.0,1,18447.0,0.3333333333333333,2024,2,Rookie
33122,Russell Knox,1,35.0,16.0,2,120575.0,0.6666666666666666,2023,3,Familiar
33122,Russell Knox,2,70.0,70.0,1,19065.0,1.0,2021,5,Rookie
33122,Russell Knox,3,39.0,39.0,1,31185.0,0.5,2023,3,Rookie
33122,Russell Knox,4,27.0,7.0,3,304428.33999999997,1.0,2023,3,Experienced
33122,Russell Knox,6,33.0,33.0,1,19841.43,0.5,2023,3,Rookie
33122,Russell Knox,9,27.0,27.0,1,56332.5,1.0,2023,3,Rookie
33122,Russell Knox,10,43.5,15.0,2,149787.0,0.6666666666666666,2023,3,Familiar
33122,Russell Knox,16,,,0,0.0,0.0,2021,5,Rookie
33122,Russell Knox,17,,,0,0.0,0.0,2022,4,Rookie
33122,Russell Knox,18,37.666666666666664,25.0,3,113484.73000000001,1.0,2023,3,Experienced
33122,Russell Knox,19,33.0,33.0,1,64000.0,0.3333333333333333,2023,3,Rookie
33122,Russell Knox,21,,,0,0.0,0.0,2022,4,Rookie
33122,Russell Knox,22,55.0,55.0,1,18160.0,0.3333333333333333,2023,3,Rookie
33122,Russell Knox,24,37.0,37.0,1,17400.0,1.0,2024,2,Rookie
33122,Russell Knox,25,57.0,57.0,1,17094.0,0.5,2024,2,Rookie
33122,Russell Knox,26,57.0,57.0,1,21111.0,1.0,2021,5,Rookie
33122,Russell Knox,27,,,0,0.0,0.0,2022,4,Rookie
33122,Russell Knox,28,,,0,0.0,0.0,2022,4,Rookie
33122,Russell Knox,30,,,0,0.0,0.0,2024,2,Rookie
33122,Russell Knox,31,,,0,0.0,0.0,2021,5,Rookie
33122,Russell Knox,33,35.0,35.0,1,33336.67,1.0,2021,5,Rookie
33122,Russell Knox,34,,,0,0.0,0.0,2022,4,Rookie
33122,Russell Knox,35,36.5,6.0,2,706500.0,0.6666666666666666,2023,3,Familiar
33122,Russell Knox,36,,,0,0.0,0.0,2024,2,Rookie
33122,Russell Knox,37,,,0,0.0,0.0,2023,3,Rookie
33122,Russell Knox,38,,,0,0.0,0.0,2023,3,Rookie
33122,Russell Knox,40,41.666666666666664,37.0,3,84363.11,1.0,2023,3,Experienced
33122,Russell Knox,41,41.25,21.0,4,144908.91999999998,0.8,2024,2,Experienced
33122,Russell Knox,42,9.0,9.0,1,166650.0,1.0,2021,5,Rookie
33122,Russell Knox,43,27.0,24.0,3,167153.57,0.75,2023,3,Experienced
33122,Russell Knox,46,,,0,0.0,0.0,2023,3,Rookie
33122,Russell Knox,47,,,0,0.0,0.0,2021,5,Rookie
33122,Russell Knox,48,37.0,7.0,2,244165.5,0.6666666666666666,2023,3,Familiar
33122,Russell Knox,51,49.0,49.0,1,51533.34,0.3333333333333333,2023,3,Rookie
33122,Russell Knox,56,61.0,61.0,1,19092.0,0.3333333333333333,2023,3,Rookie
33122,Russell Knox,57,39.0,21.0,2,82997.25,0.6666666666666666,2023,3,Familiar
33122,Russell Knox,58,15.0,15.0,1,113750.0,1.0,2021,5,Rookie
33122,Russell Knox,59,53.0,53.0,1,17264.5,1.0,2021,5,Rookie
33122,Russell Knox,60,26.5,18.0,2,144315.0,0.6666666666666666,2023,3,Familiar
33122,Russell Knox,61,33.0,33.0,1,45715.0,0.5,2023,3,Rookie
33122,Russell Knox,62,22.5,21.0,2,127048.33,0.6666666666666666,2023,3,Familiar
33141,Keegan Bradley,0,42.5,39.0,2,46183.11,1.0,2024,2,Familiar
33141,Keegan Bradley,1,,,0,0.0,0.0,2021,5,Rookie
33141,Keegan Bradley,2,14.4,5.0,5,1859675.0,1.0,2025,1,Veteran
33141,Keegan Bradley,4,38.0,11.0,2,491000.0,1.0,2025,1,Familiar
33141,Keegan Bradley,8,33.0,1.0,5,4142510.0,1.0,2025,1,Veteran
33141,Keegan Bradley,10,2.0,2.0,1,809900.0,1.0,2024,2,Rookie
33141,Keegan Bradley,11,42.0,42.0,1,33735.0,1.0,2021,5,Rookie
33141,Keegan Bradley,12,32.0,32.0,1,51610.0,1.0,2022,4,Rookie
33141,Keegan Bradley,14,21.0,21.0,1,119280.0,1.0,2023,3,Rookie
33141,Keegan Bradley,16,31.25,2.0,4,1127537.67,1.0,2025,1,Experienced
33141,Keegan Bradley,17,48.666666666666664,43.0,3,172833.33000000002,0.75,2025,1,Experienced
33141,Keegan Bradley,19,47.333333333333336,34.0,3,160260.58000000002,0.6,2025,1,Experienced
33141,Keegan Bradley,22,30.0,30.0,1,45850.0,1.0,2021,5,Rookie
33141,Keegan Bradley,26,,,0,0.0,0.0,2021,5,Rookie
33141,Keegan Bradley,27,29.25,7.0,4,843450.0,1.0,2025,1,Experienced
33141,Keegan Bradley,31,11.0,11.0,1,203775.0,1.0,2021,5,Rookie
33141,Keegan Bradley,34,24.0,8.0,5,975827.3,1.0,2025,1,Veteran
33141,Keegan Bradley,35,18.0,5.0,3,1156375.0,0.6,2025,1,Experienced
33141,Keegan Bradley,38,40.333333333333336,18.0,3,325655.56,1.0,2025,1,Experienced
33141,Keegan Bradley,39,41.0,41.0,1,36000.0,1.0,2025,1,Rookie
33141,Keegan Bradley,40,26.333333333333332,14.0,3,247988.87,1.0,2023,3,Experienced
33141,Keegan Bradley,41,15.0,15.0,1,113850.0,0.5,2022,4,Rookie
33141,Keegan Bradley,42,,,0,0.0,0.0,2021,5,Rookie
33141,Keegan Bradley,43,4.5,4.0,2,577943.75,0.6666666666666666,2023,3,Familiar
33141,Keegan Bradley,44,30.0,15.0,2,360000.0,1.0,2025,1,Familiar
33141,Keegan Bradley,45,34.0,34.0,1,205000.0,1.0,2023,3,Rookie
33141,Keegan Bradley,47,,,0,0.0,0.0,2021,5,Rookie
33141,Keegan Bradley,48,6.666666666666667,2.0,3,1171412.5,0.6,2025,1,Experienced
33141,Keegan Bradley,50,12.333333333333334,7.0,3,1121666.67,1.0,2025,1,Experienced
33141,Keegan Bradley,51,15.0,1.0,4,7391101.67,0.8,2025,1,Experienced
33141,Keegan Bradley,52,30.0,30.0,1,125375.0,1.0,2025,1,Rookie
33141,Keegan Bradley,53,24.0,7.0,3,740583.0,0.75,2025,1,Experienced
33141,Keegan Bradley,54,,,0,0.0,0.0,2021,5,Rookie
33141,Keegan Bradley,55,33.0,33.0,1,113755.0,1.0,2021,5,Rookie
33141,Keegan Bradley,56,26.0,8.0,3,326444.0,1.0,2025,1,Experienced
33141,Keegan Bradley,57,2.0,2.0,1,752100.0,0.3333333333333333,2024,2,Rookie
33141,Keegan Bradley,58,,,0,0.0,0.0,2021,5,Rookie
33141,Keegan Bradley,59,22.0,22.0,1,64422.5,1.0,2021,5,Rookie
33141,Keegan Bradley,60,19.0,2.0,4,1101656.67,1.0,2024,2,Experienced
33141,Keegan Bradley,61,23.0,20.0,2,303630.0,1.0,2023,3,Familiar
33141,Keegan Bradley,62,22.0,22.0,1,79658.33,0.5,2025,1,Rookie
33196,Carlos Pigem,6,54.0,54.0,1,8584.0,1.0,2022,4,Rookie
33199,Matteo Manassero,1,43.0,43.0,1,27236.0,1.0,2025,1,Rookie
33199,Matteo Manassero,5,,,0,0.0,0.0,2025,1,Rookie
33199,Matteo Manassero,13,45.0,45.0,1,31185.0,1.0,2025,1,Rookie
33199,Matteo Manassero,15,,,0,0.0,0.0,2025,1,Rookie
33199,Matteo Manassero,16,25.0,25.0,1,74067.86,1.0,2025,1,Rookie
33199,Matteo Manassero,20,15.0,15.0,1,130800.0,0.5,2025,1,Rookie
33199,Matteo Manassero,29,68.0,68.0,1,14700.0,1.0,2025,1,Rookie
33199,Matteo Manassero,32,61.0,61.0,1,9000.0,1.0,2025,1,Rookie
33199,Matteo Manassero,37,6.0,6.0,1,330750.0,1.0,2025,1,Rookie
33199,Matteo Manassero,43,,,0,0.0,0.0,2025,1,Rookie
33199,Matteo Manassero,49,39.0,39.0,1,36575.0,1.0,2025,1,Rookie
33199,Matteo Manassero,53,,,0,0.0,0.0,2024,2,Rookie
33199,Matteo Manassero,56,,,0,0.0,0.0,2025,1,Rookie
33199,Matteo Manassero,57,,,0,0.0,0.0,2025,1,Rookie
33199,Matteo Manassero,62,,,0,0.0,0.0,2025,1,Rookie
33204,Shane Lowry,2,25.666666666666668,3.0,3,2142600.0,0.75,2025,1,Experienced
33204,Shane Lowry,4,2.0,2.0,1,2160000.0,1.0,2025,1,Rookie
33204,Shane Lowry,8,18.5,12.0,4,945261.11,1.0,2025,1,Experienced
33204,Shane Lowry,11,28.0,28.0,1,57135.0,1.0,2021,5,Rookie
33204,Shane Lowry,12,54.0,54.0,1,20085.0,1.0,2022,4,Rookie
33204,Shane Lowry,14,23.0,23.0,1,88305.0,1.0,2023,3,Rookie
33204,Shane Lowry,15,7.5,4.0,2,529235.71,1.0,2025,1,Familiar
33204,Shane Lowry,16,25.0,25.0,1,66262.5,0.5,2025,1,Rookie
33204,Shane Lowry,17,51.666666666666664,46.0,3,134180.0,1.0,2025,1,Experienced
33204,Shane Lowry,19,26.5,14.0,2,437000.0,1.0,2025,1,Familiar
33204,Shane Lowry,20,12.0,12.0,1,151007.14,1.0,2023,3,Rookie
33204,Shane Lowry,21,,,0,0.0,0.0,2022,4,Rookie
33204,Shane Lowry,22,14.333333333333334,2.0,3,1189905.0,1.0,2023,3,Experienced
33204,Shane Lowry,26,6.0,6.0,1,313875.0,1.0,2021,5,Rookie
33204,Shane Lowry,27,30.0,16.0,4,606020.0,1.0,2025,1,Experienced
33204,Shane Lowry,31,11.0,11.0,1,203775.0,1.0,2021,5,Rookie
33204,Shane Lowry,34,11.25,4.0,4,1596457.8599999999,0.8,2025,1,Experienced
33204,Shane Lowry,35,19.0,8.0,5,1435924.6,1.0,2025,1,Veteran
33204,Shane Lowry,37,24.75,10.0,4,483770.0,1.0,2025,1,Experienced
33204,Shane Lowry,38,32.2,3.0,5,827487.7,1.0,2025,1,Veteran
33204,Shane Lowry,41,50.0,50.0,1,16401.0,1.0,2021,5,Rookie
33204,Shane Lowry,42,,,0,0.0,0.0,2021,5,Rookie
33204,Shane Lowry,50,11.0,9.0,2,570000.0,1.0,2025,1,Familiar
33204,Shane Lowry,51,24.333333333333332,9.0,3,820085.71,1.0,2025,1,Experienced
33204,Shane Lowry,52,2.0,2.0,1,1760000.0,1.0,2025,1,Rookie
33204,Shane Lowry,53,19.5,19.0,2,455911.0,0.5,2025,1,Familiar
33204,Shane Lowry,54,43.0,43.0,1,39275.0,1.0,2021,5,Rookie
33204,Shane Lowry,55,,,0,0.0,0.0,2021,5,Rookie
33204,Shane Lowry,57,10.0,8.0,2,405675.0,1.0,2025,1,Familiar
33204,Shane Lowry,58,11.0,11.0,1,155750.0,1.0,2021,5,Rookie
33204,Shane Lowry,60,56.0,47.0,2,70592.0,0.6666666666666666,2024,2,Familiar
33204,Shane Lowry,61,60.0,60.0,1,19448.0,0.5,2024,2,Rookie
33204,Shane Lowry,62,67.0,51.0,2,31158.0,0.6666666666666666,2024,2,Familiar
33293,Thomas Pieters,2,32.0,32.0,1,67000.0,1.0,2022,4,Rookie
33293,Thomas Pieters,3,,,0,0.0,0.0,2021,5,Rookie
33293,Thomas Pieters,19,,,0,0.0,0.0,2022,4,Rookie
33293,Thomas Pieters,34,55.5,40.0,2,71150.0,0.6666666666666666,2023,3,Familiar
33293,Thomas Pieters,35,,,0,0.0,0.0,2022,4,Rookie
33293,Thomas Pieters,53,27.0,27.0,1,127002.0,0.5,2023,3,Rookie
33293,Thomas Pieters,54,23.0,23.0,1,101797.0,1.0,2021,5,Rookie
33399,Adam Hadwin,0,29.333333333333332,6.0,3,264051.0,0.6,2025,1,Experienced
33399,Adam Hadwin,1,25.0,18.0,3,204212.0,0.75,2025,1,Experienced
33399,Adam Hadwin,2,48.5,45.0,2,111000.0,0.5,2025,1,Familiar
33399,Adam Hadwin,3,34.0,34.0,1,45441.67,0.5,2023,3,Rookie
33399,Adam Hadwin,4,40.0,16.0,3,225967.5,1.0,2025,1,Experienced
33399,Adam Hadwin,5,,,0,0.0,0.0,2025,1,Rookie
33399,Adam Hadwin,8,43.0,41.0,3,226000.0,1.0,2024,2,Experienced
33399,Adam Hadwin,9,7.0,7.0,1,273000.0,1.0,2023,3,Rookie
33399,Adam Hadwin,10,8.0,8.0,1,196875.0,1.0,2021,5,Rookie
33399,Adam Hadwin,11,28.0,28.0,1,57135.0,1.0,2021,5,Rookie
33399,Adam Hadwin,14,49.0,49.0,1,24010.0,1.0,2023,3,Rookie
33399,Adam Hadwin,16,31.0,18.0,2,106339.36,0.6666666666666666,2023,3,Familiar
33399,Adam Hadwin,17,45.0,16.0,3,388300.0,1.0,2024,2,Experienced
33399,Adam Hadwin,18,,,0,0.0,0.0,2022,4,Rookie
33399,Adam Hadwin,19,32.0,4.0,3,977156.67,0.6,2025,1,Experienced
33399,Adam Hadwin,20,34.0,34.0,1,56790.0,1.0,2024,2,Rookie
33399,Adam Hadwin,22,8.0,8.0,1,190750.0,1.0,2021,5,Rookie
33399,Adam Hadwin,24,,,0,0.0,0.0,2025,1,Rookie
33399,Adam Hadwin,25,,,0,0.0,0.0,2025,1,Rookie
33399,Adam Hadwin,26,,,0,0.0,0.0,2021,5,Rookie
33399,Adam Hadwin,27,24.0,3.0,3,1592300.0,0.75,2025,1,Experienced
33399,Adam Hadwin,31,,,0,0.0,0.0,2021,5,Rookie
33399,Adam Hadwin,34,58.75,40.0,4,118366.67,0.8,2025,1,Experienced
33399,Adam Hadwin,35,17.0,9.0,3,1069041.67,0.6,2025,1,Experienced
33399,Adam Hadwin,36,,,0,0.0,0.0,2025,1,Rookie
33399,Adam Hadwin,37,24.666666666666668,12.0,3,282733.33,0.75,2025,1,Experienced
33399,Adam Hadwin,38,43.0,26.0,3,172844.45,0.6,2025,1,Experienced
33399,Adam Hadwin,39,78.0,78.0,1,17856.0,1.0,2025,1,Rookie
33399,Adam Hadwin,40,19.5,2.0,2,819740.0,0.6666666666666666,2023,3,Familiar
33399,Adam Hadwin,41,58.0,51.0,3,49579.14,0.75,2025,1,Experienced
33399,Adam Hadwin,43,45.0,45.0,2,42641.22,0.6666666666666666,2025,1,Familiar
33399,Adam Hadwin,44,21.5,14.0,2,468250.0,1.0,2025,1,Familiar
33399,Adam Hadwin,46,6.0,2.0,3,1370600.0,0.75,2024,2,Experienced
33399,Adam Hadwin,47,34.0,34.0,1,33483.33,1.0,2021,5,Rookie
33399,Adam Hadwin,48,59.0,59.0,1,19314.0,0.5,2025,1,Rookie
33399,Adam Hadwin,49,39.0,39.0,1,36575.0,1.0,2025,1,Rookie
33399,Adam Hadwin,51,42.0,27.0,2,187750.0,0.6666666666666666,2025,1,Familiar
33399,Adam Hadwin,52,60.0,60.0,1,42500.0,1.0,2025,1,Rookie
33399,Adam Hadwin,53,33.0,7.0,2,559292.0,0.6666666666666666,2024,2,Familiar
33399,Adam Hadwin,54,54.0,54.0,1,27720.0,1.0,2021,5,Rookie
33399,Adam Hadwin,56,13.5,4.0,2,409285.0,1.0,2022,4,Familiar
33399,Adam Hadwin,57,6.0,5.0,2,527655.0,0.4,2025,1,Familiar
33399,Adam Hadwin,59,50.0,50.0,1,18323.0,1.0,2021,5,Rookie
33399,Adam Hadwin,60,52.0,52.0,1,47000.0,0.3333333333333333,2024,2,Rookie
33399,Adam Hadwin,61,15.0,9.0,3,794330.0,0.75,2025,1,Experienced
33399,Adam Hadwin,62,19.0,10.0,2,205285.0,0.5,2025,1,Familiar
33399,Adam Hadwin,64,63.0,63.0,1,15040.0,1.0,2021,5,Rookie
33404,Chris Baker,0,51.0,51.0,1,15774.0,1.0,2021,5,Rookie
33404,Chris Baker,1,,,0,0.0,0.0,2021,5,Rookie
33404,Chris Baker,3,,,0,0.0,0.0,2021,5,Rookie
33404,Chris Baker,4,,,0,0.0,0.0,2021,5,Rookie
33404,Chris Baker,6,,,0,0.0,0.0,2021,5,Rookie
33404,Chris Baker,16,,,0,0.0,0.0,2021,5,Rookie
33404,Chris Baker,25,,,0,0.0,0.0,2021,5,Rookie
33404,Chris Baker,33,60.0,60.0,1,16279.0,1.0,2021,5,Rookie
33404,Chris Baker,40,58.0,58.0,1,16575.0,1.0,2021,5,Rookie
33404,Chris Baker,41,,,0,0.0,0.0,2021,5,Rookie
33404,Chris Baker,42,,,0,0.0,0.0,2021,5,Rookie
33404,Chris Baker,43,56.0,56.0,1,18696.0,0.5,2023,3,Rookie
33404,Chris Baker,48,56.0,56.0,1,15048.0,1.0,2021,5,Rookie
33404,Chris Baker,62,70.0,70.0,1,12992.0,1.0,2021,5,Rookie
33408,Tyson Alexander,0,20.0,20.0,1,82178.57,0.5,2024,2,Rookie
33408,Tyson Alexander,1,,,0,0.0,0.0,2023,3,Rookie
33408,Tyson Alexander,2,,,0,0.0,0.0,2023,3,Rookie
33408,Tyson Alexander,3,,,0,0.0,0.0,2023,3,Rookie
33408,Tyson Alexander,4,48.0,48.0,1,22821.43,1.0,2023,3,Rookie
33408,Tyson Alexander,6,33.0,33.0,1,19841.42,1.0,2023,3,Rookie
33408,Tyson Alexander,7,54.0,54.0,1,17400.0,1.0,2024,2,Rookie
33408,Tyson Alexander,9,2.0,2.0,1,915600.0,1.0,2023,3,Rookie
33408,Tyson Alexander,10,,,0,0.0,0.0,2024,2,Rookie
33408,Tyson Alexander,13,52.0,52.0,1,22406.43,1.0,2024,2,Rookie
33408,Tyson Alexander,15,16.0,16.0,1,137250.0,1.0,2024,2,Rookie
33408,Tyson Alexander,16,56.0,56.0,1,20340.0,0.5,2024,2,Rookie
33408,Tyson Alexander,18,30.0,30.0,1,42532.0,0.5,2023,3,Rookie
33408,Tyson Alexander,22,78.0,78.0,1,15876.0,1.0,2023,3,Rookie
33408,Tyson Alexander,24,,,0,0.0,0.0,2024,2,Rookie
33408,Tyson Alexander,25,,,0,0.0,0.0,2024,2,Rookie
33408,Tyson Alexander,28,,,0,0.0,0.0,2024,2,Rookie
33408,Tyson Alexander,30,,,0,0.0,0.0,2024,2,Rookie
33408,Tyson Alexander,35,,,0,0.0,0.0,2024,2,Rookie
33408,Tyson Alexander,36,,,0,0.0,0.0,2024,2,Rookie
33408,Tyson Alexander,37,,,0,0.0,0.0,2024,2,Rookie
33408,Tyson Alexander,40,,,0,0.0,0.0,2024,2,Rookie
33408,Tyson Alexander,41,64.0,62.0,2,34084.0,0.6666666666666666,2024,2,Familiar
33408,Tyson Alexander,43,,,0,0.0,0.0,2024,2,Rookie
33408,Tyson Alexander,46,64.0,64.0,1,17200.0,0.3333333333333333,2024,2,Rookie
33408,Tyson Alexander,48,32.0,32.0,1,41387.22,0.5,2024,2,Rookie
33408,Tyson Alexander,49,64.0,64.0,1,19383.0,1.0,2024,2,Rookie
33408,Tyson Alexander,51,,,0,0.0,0.0,2023,3,Rookie
33408,Tyson Alexander,56,14.0,14.0,1,131601.82,1.0,2024,2,Rookie
33408,Tyson Alexander,57,65.0,65.0,1,17334.0,0.5,2024,2,Rookie
33408,Tyson Alexander,60,,,0,0.0,0.0,2023,3,Rookie
33408,Tyson Alexander,61,53.0,53.0,1,20529.14,1.0,2024,2,Rookie
33408,Tyson Alexander,62,,,0,0.0,0.0,2024,2,Rookie
33410,Andrew Landry,0,,,0,0.0,0.0,2023,3,Rookie
33410,Andrew Landry,1,66.0,64.0,2,31058.0,0.6666666666666666,2023,3,Familiar
33410,Andrew Landry,3,,,0,0.0,0.0,2023,3,Rookie
33410,Andrew Landry,4,,,0,0.0,0.0,2023,3,Rookie
33410,Andrew Landry,6,,,0,0.0,0.0,2023,3,Rookie
33410,Andrew Landry,10,62.0,62.0,1,16425.0,1.0,2021,5,Rookie
33410,Andrew Landry,11,61.0,61.0,1,18720.0,1.0,2021,5,Rookie
33410,Andrew Landry,18,50.0,45.0,2,42524.0,0.6666666666666666,2023,3,Familiar
33410,Andrew Landry,19,26.0,26.0,1,67890.0,0.5,2022,4,Rookie
33410,Andrew Landry,21,,,0,0.0,0.0,2022,4,Rookie
33410,Andrew Landry,22,,,0,0.0,0.0,2023,3,Rookie
33410,Andrew Landry,25,62.5,61.0,2,29992.0,0.5,2024,2,Familiar
33410,Andrew Landry,35,,,0,0.0,0.0,2021,5,Rookie
33410,Andrew Landry,37,57.0,57.0,1,20160.0,1.0,2023,3,Rookie
33410,Andrew Landry,38,33.0,33.0,1,37866.67,0.5,2023,3,Rookie
33410,Andrew Landry,40,64.0,64.0,1,18656.0,0.3333333333333333,2023,3,Rookie
33410,Andrew Landry,41,35.5,4.0,2,314010.0,0.5,2023,3,Familiar
33410,Andrew Landry,43,30.0,4.0,2,298696.0,0.6666666666666666,2023,3,Familiar
33410,Andrew Landry,45,38.0,38.0,1,39000.0,1.0,2021,5,Rookie
33410,Andrew Landry,46,73.0,73.0,1,16000.0,0.3333333333333333,2023,3,Rookie
33410,Andrew Landry,47,27.0,27.0,1,47950.0,1.0,2021,5,Rookie
33410,Andrew Landry,48,,,0,0.0,0.0,2021,5,Rookie
33410,Andrew Landry,51,67.0,67.0,1,42200.0,0.5,2023,3,Rookie
33410,Andrew Landry,56,,,0,0.0,0.0,2024,2,Rookie
33410,Andrew Landry,57,45.0,45.0,1,21519.0,0.3333333333333333,2023,3,Rookie
33410,Andrew Landry,58,,,0,0.0,0.0,2021,5,Rookie
33410,Andrew Landry,60,,,0,0.0,0.0,2023,3,Rookie
33410,Andrew Landry,61,,,0,0.0,0.0,2023,3,Rookie
33410,Andrew Landry,62,51.0,51.0,1,15584.0,0.3333333333333333,2023,3,Rookie
33410,Andrew Landry,64,50.0,50.0,1,17560.0,1.0,2021,5,Rookie
33413,Ben Martin,0,,,0,0.0,0.0,2025,1,Rookie
33413,Ben Martin,1,56.0,56.0,1,15410.0,0.3333333333333333,2025,1,Rookie
33413,Ben Martin,3,26.0,26.0,1,56700.0,1.0,2021,5,Rookie
33413,Ben Martin,4,13.0,13.0,1,182250.0,0.5,2023,3,Rookie
33413,Ben Martin,5,,,0,0.0,0.0,2025,1,Rookie
33413,Ben Martin,6,58.0,58.0,1,7910.0,0.5,2022,4,Rookie
33413,Ben Martin,9,,,0,0.0,0.0,2023,3,Rookie
33413,Ben Martin,10,47.0,37.0,2,58337.0,1.0,2024,2,Familiar
33413,Ben Martin,13,40.5,33.0,2,77785.0,1.0,2025,1,Familiar
33413,Ben Martin,15,,,0,0.0,0.0,2025,1,Rookie
33413,Ben Martin,16,37.0,37.0,1,40050.0,0.5,2024,2,Rookie
33413,Ben Martin,18,67.0,67.0,1,16720.0,0.3333333333333333,2023,3,Rookie
33413,Ben Martin,20,42.0,42.0,1,36255.0,1.0,2023,3,Rookie
33413,Ben Martin,22,5.0,5.0,1,288120.0,1.0,2023,3,Rookie
33413,Ben Martin,24,34.0,34.0,1,21333.33,1.0,2025,1,Rookie
33413,Ben Martin,25,,,0,0.0,0.0,2025,1,Rookie
33413,Ben Martin,28,46.0,46.0,1,22817.67,0.5,2023,3,Rookie
33413,Ben Martin,29,45.0,45.0,1,24150.0,1.0,2025,1,Rookie
33413,Ben Martin,30,,,0,0.0,0.0,2024,2,Rookie
33413,Ben Martin,33,,,0,0.0,0.0,2021,5,Rookie
33413,Ben Martin,35,42.5,31.0,2,210812.5,1.0,2024,2,Familiar
33413,Ben Martin,36,,,0,0.0,0.0,2025,1,Rookie
33413,Ben Martin,37,53.0,53.0,1,20387.0,0.3333333333333333,2024,2,Rookie
33413,Ben Martin,38,50.0,41.0,2,88680.0,0.6666666666666666,2023,3,Familiar
33413,Ben Martin,39,,,0,0.0,0.0,2025,1,Rookie
33413,Ben Martin,40,24.0,24.0,1,68460.0,0.3333333333333333,2023,3,Rookie
33413,Ben Martin,41,21.0,21.0,2,152946.25,0.6666666666666666,2025,1,Familiar
33413,Ben Martin,43,16.0,16.0,1,109196.67,0.3333333333333333,2025,1,Rookie
33413,Ben Martin,46,64.0,64.0,1,17200.0,0.5,2023,3,Rookie
33413,Ben Martin,48,45.5,32.0,2,60701.23,0.6666666666666666,2025,1,Familiar
33413,Ben Martin,49,,,0,0.0,0.0,2025,1,Rookie
33413,Ben Martin,51,63.0,63.0,1,43800.0,1.0,2023,3,Rookie
33413,Ben Martin,56,33.2,7.0,5,573702.8300000001,1.0,2025,1,Veteran
33413,Ben Martin,57,56.0,45.0,2,38907.0,0.6666666666666666,2025,1,Familiar
33413,Ben Martin,60,31.0,11.0,2,210087.0,0.6666666666666666,2023,3,Familiar
33413,Ben Martin,61,,,0,0.0,0.0,2025,1,Rookie
33413,Ben Martin,62,70.0,70.0,1,12992.0,0.3333333333333333,2023,3,Rookie
33418,Shawn Stefani,0,,,0,0.0,0.0,2021,5,Rookie
33418,Shawn Stefani,3,,,0,0.0,0.0,2021,5,Rookie
33418,Shawn Stefani,4,,,0,0.0,0.0,2021,5,Rookie
33418,Shawn Stefani,6,62.0,62.0,1,7595.0,1.0,2021,5,Rookie
33418,Shawn Stefani,21,,,0,0.0,0.0,2022,4,Rookie
33418,Shawn Stefani,25,62.0,62.0,1,13640.0,0.5,2022,4,Rookie
33418,Shawn Stefani,33,,,0,0.0,0.0,2021,5,Rookie
33418,Shawn Stefani,42,,,0,0.0,0.0,2021,5,Rookie
33418,Shawn Stefani,56,,,0,0.0,0.0,2022,4,Rookie
33419,Cameron Tringale,0,16.0,16.0,1,87890.0,0.5,2022,4,Rookie
33419,Cameron Tringale,1,56.0,56.0,1,15410.0,0.5,2022,4,Rookie
33419,Cameron Tringale,2,31.0,31.0,1,55614.0,0.5,2022,4,Rookie
33419,Cameron Tringale,4,7.0,7.0,1,228930.0,0.5,2022,4,Rookie
33419,Cameron Tringale,8,57.5,52.0,2,54254.0,1.0,2022,4,Familiar
33419,Cameron Tringale,10,32.0,32.0,1,40125.0,0.5,2022,4,Rookie
33419,Cameron Tringale,12,59.0,59.0,1,19012.5,1.0,2022,4,Rookie
33419,Cameron Tringale,16,10.5,3.0,2,525961.36,1.0,2022,4,Familiar
33419,Cameron Tringale,17,,,0,0.0,0.0,2022,4,Rookie
33419,Cameron Tringale,18,22.0,22.0,1,65333.33,1.0,2022,4,Rookie
33419,Cameron Tringale,19,19.5,13.0,2,310890.0,1.0,2022,4,Familiar
33419,Cameron Tringale,21,7.0,7.0,1,227812.5,1.0,2022,4,Rookie
33419,Cameron Tringale,22,13.0,13.0,1,125416.66,1.0,2021,5,Rookie
33419,Cameron Tringale,26,26.0,26.0,1,67890.0,1.0,2021,5,Rookie
33419,Cameron Tringale,27,48.0,48.0,1,32040.0,1.0,2022,4,Rookie
33419,Cameron Tringale,28,33.0,33.0,1,36540.55,1.0,2022,4,Rookie
33419,Cameron Tringale,31,21.0,21.0,1,95791.66,1.0,2021,5,Rookie
33419,Cameron Tringale,34,41.0,41.0,1,43839.29,0.5,2022,4,Rookie
33419,Cameron Tringale,35,,,0,0.0,0.0,2022,4,Rookie
33419,Cameron Tringale,38,12.0,12.0,1,140666.67,1.0,2022,4,Rookie
33419,Cameron Tringale,40,35.5,14.0,2,140523.0,1.0,2022,4,Familiar
33419,Cameron Tringale,41,3.0,3.0,1,455400.0,1.0,2021,5,Rookie
33419,Cameron Tringale,42,,,0,0.0,0.0,2021,5,Rookie
33419,Cameron Tringale,43,24.0,11.0,2,191460.0,1.0,2022,4,Familiar
33419,Cameron Tringale,46,56.0,56.0,1,15820.0,1.0,2022,4,Rookie
33419,Cameron Tringale,47,19.0,19.0,1,86030.0,1.0,2021,5,Rookie
33419,Cameron Tringale,51,,,0,0.0,0.0,2022,4,Rookie
33419,Cameron Tringale,53,14.0,14.0,1,241302.0,1.0,2022,4,Rookie
33419,Cameron Tringale,56,9.0,9.0,1,209825.0,1.0,2021,5,Rookie
33419,Cameron Tringale,57,32.5,3.0,2,424104.0,1.0,2022,4,Familiar
33419,Cameron Tringale,58,29.0,29.0,1,47950.0,1.0,2021,5,Rookie
33419,Cameron Tringale,59,17.0,17.0,1,104025.0,1.0,2021,5,Rookie
33419,Cameron Tringale,60,,,0,0.0,0.0,2021,5,Rookie
33448,Justin Thomas,0,,,0,0.0,0.0,2023,3,Rookie
33448,Justin Thomas,1,2.0,2.0,1,959200.0,1.0,2025,1,Rookie
33448,Justin Thomas,2,23.0,12.0,3,712750.0,1.0,2025,1,Experienced
33448,Justin Thomas,3,5.0,5.0,1,336700.0,1.0,2022,4,Rookie
33448,Justin Thomas,4,27.0,6.0,2,691100.0,1.0,2025,1,Familiar
33448,Justin Thomas,8,36.5,22.0,4,352366.67,1.0,2025,1,Experienced
33448,Justin Thomas,10,40.0,40.0,1,29625.0,0.5,2022,4,Rookie
33448,Justin Thomas,11,12.0,12.0,1,190320.0,1.0,2021,5,Rookie
33448,Justin Thomas,12,18.0,18.0,1,116331.43,1.0,2022,4,Rookie
33448,Justin Thomas,14,40.0,40.0,1,38430.0,1.0,2023,3,Rookie
33448,Justin Thomas,16,22.5,20.0,2,162353.0,1.0,2023,3,Familiar
33448,Justin Thomas,17,23.666666666666668,13.0,3,530392.86,1.0,2025,1,Experienced
33448,Justin Thomas,18,5.0,5.0,1,344400.0,1.0,2023,3,Rookie
33448,Justin Thomas,19,11.666666666666666,6.0,3,1189333.34,0.6,2025,1,Experienced
33448,Justin Thomas,20,48.0,22.0,3,126525.0,1.0,2025,1,Experienced
33448,Justin Thomas,26,42.0,42.0,1,33015.0,1.0,2021,5,Rookie
33448,Justin Thomas,27,32.0,31.0,2,221357.14,0.6666666666666666,2025,1,Familiar
33448,Justin Thomas,31,4.0,4.0,1,399791.66,1.0,2021,5,Rookie
33448,Justin Thomas,34,24.666666666666668,1.0,3,3251167.5,0.6,2025,1,Experienced
33448,Justin Thomas,35,31.75,1.0,4,2991611.11,0.8,2025,1,Experienced
33448,Justin Thomas,36,69.0,69.0,1,12660.0,1.0,2025,1,Rookie
33448,Justin Thomas,37,3.0,3.0,1,600300.0,1.0,2022,4,Rookie
33448,Justin Thomas,38,16.5,1.0,4,4501421.43,1.0,2025,1,Experienced
33448,Justin Thomas,40,,,0,0.0,0.0,2023,3,Rookie
33448,Justin Thomas,44,26.0,26.0,1,163333.33,1.0,2025,1,Rookie
33448,Justin Thomas,45,11.0,3.0,3,989333.33,1.0,2023,3,Experienced
33448,Justin Thomas,50,7.5,4.0,4,1121666.67,1.0,2025,1,Experienced
33448,Justin Thomas,51,7.666666666666667,5.0,3,1767500.0,1.0,2025,1,Experienced
33448,Justin Thomas,52,2.0,2.0,1,1760000.0,1.0,2025,1,Rookie
33448,Justin Thomas,53,37.0,37.0,1,75916.0,0.25,2025,1,Rookie
33448,Justin Thomas,54,8.0,8.0,1,302236.0,1.0,2021,5,Rookie
33448,Justin Thomas,55,,,0,0.0,0.0,2021,5,Rookie
33448,Justin Thomas,57,18.4,2.0,5,1735440.0,1.0,2025,1,Veteran
33448,Justin Thomas,59,13.0,13.0,1,138700.0,1.0,2021,5,Rookie
33448,Justin Thomas,60,20.333333333333332,14.0,3,632942.5800000001,1.0,2024,2,Experienced
33448,Justin Thomas,61,7.5,4.0,4,1725550.0,1.0,2025,1,Experienced
33448,Justin Thomas,62,12.0,12.0,1,169100.0,1.0,2023,3,Rookie
33448,Justin Thomas,63,2.0,2.0,1,748000.0,1.0,2024,2,Rookie
33448,Justin Thomas,64,2.0,2.0,1,704000.0,1.0,2021,5,Rookie
33449,Zack Sucher,0,,,0,0.0,0.0,2021,5,Rookie
33449,Zack Sucher,3,,,0,0.0,0.0,2021,5,Rookie
33449,Zack Sucher,4,60.0,60.0,1,17394.0,1.0,2021,5,Rookie
33449,Zack Sucher,6,70.0,70.0,1,7140.0,1.0,2021,5,Rookie
33449,Zack Sucher,25,,,0,0.0,0.0,2021,5,Rookie
33449,Zack Sucher,33,,,0,0.0,0.0,2021,5,Rookie
33449,Zack Sucher,42,,,0,0.0,0.0,2021,5,Rookie
33459,Jens Dantorp,6,,,0,0.0,0.0,2023,3,Rookie
33459,Jens Dantorp,20,67.0,67.0,1,19440.0,1.0,2024,2,Rookie
33459,Jens Dantorp,24,,,0,0.0,0.0,2025,1,Rookie
33459,Jens Dantorp,53,,,0,0.0,0.0,2023,3,Rookie
33461,Morgan Hoffmann,25,51.0,51.0,1,16880.25,1.0,2022,4,Rookie
33461,Morgan Hoffmann,38,,,0,0.0,0.0,2022,4,Rookie
33461,Morgan Hoffmann,40,,,0,0.0,0.0,2022,4,Rookie
33461,Morgan Hoffmann,46,,,0,0.0,0.0,2024,2,Rookie
33461,Morgan Hoffmann,51,68.0,68.0,1,17513.0,1.0,2022,4,Rookie
33461,Morgan Hoffmann,60,,,0,0.0,0.0,2022,4,Rookie
33486,Roger Sloan,0,27.0,16.0,2,119015.0,0.6666666666666666,2024,2,Familiar
33486,Roger Sloan,1,27.0,14.0,2,144825.0,1.0,2022,4,Familiar
33486,Roger Sloan,3,56.5,34.0,2,59681.0,0.6666666666666666,2023,3,Familiar
33486,Roger Sloan,4,,,0,0.0,0.0,2021,5,Rookie
33486,Roger Sloan,6,31.0,31.0,1,20475.0,0.5,2022,4,Rookie
33486,Roger Sloan,7,61.0,61.0,1,16650.0,1.0,2024,2,Rookie
33486,Roger Sloan,13,,,0,0.0,0.0,2024,2,Rookie
33486,Roger Sloan,16,53.0,53.0,1,17496.42,0.5,2024,2,Rookie
33486,Roger Sloan,18,,,0,0.0,0.0,2022,4,Rookie
33486,Roger Sloan,19,,,0,0.0,0.0,2022,4,Rookie
33486,Roger Sloan,21,,,0,0.0,0.0,2022,4,Rookie
33486,Roger Sloan,22,40.0,25.0,2,73110.0,1.0,2022,4,Familiar
33486,Roger Sloan,24,53.0,53.0,1,9720.0,1.0,2024,2,Rookie
33486,Roger Sloan,25,66.0,61.0,2,29786.0,0.6666666666666666,2024,2,Familiar
33486,Roger Sloan,28,,,0,0.0,0.0,2024,2,Rookie
33486,Roger Sloan,30,40.0,40.0,1,16200.0,1.0,2024,2,Rookie
33486,Roger Sloan,31,,,0,0.0,0.0,2021,5,Rookie
33486,Roger Sloan,33,52.0,52.0,1,17483.5,1.0,2021,5,Rookie
33486,Roger Sloan,35,,,0,0.0,0.0,2022,4,Rookie
33486,Roger Sloan,36,37.0,37.0,1,26100.0,1.0,2024,2,Rookie
33486,Roger Sloan,37,34.0,34.0,1,47925.0,0.25,2025,1,Rookie
33486,Roger Sloan,38,59.0,59.0,1,17680.0,1.0,2022,4,Rookie
33486,Roger Sloan,40,33.666666666666664,21.0,3,150955.08000000002,1.0,2024,2,Experienced
33486,Roger Sloan,41,42.0,23.0,2,71942.57,0.6666666666666666,2024,2,Familiar
33486,Roger Sloan,42,,,0,0.0,0.0,2021,5,Rookie
33486,Roger Sloan,43,35.666666666666664,14.0,3,184002.0,1.0,2024,2,Experienced
33486,Roger Sloan,46,,,0,0.0,0.0,2024,2,Rookie
33486,Roger Sloan,48,,,0,0.0,0.0,2022,4,Rookie
33486,Roger Sloan,49,45.0,45.0,1,25502.75,1.0,2024,2,Rookie
33486,Roger Sloan,51,,,0,0.0,0.0,2022,4,Rookie
33486,Roger Sloan,53,,,0,0.0,0.0,2023,3,Rookie
33486,Roger Sloan,56,53.0,53.0,1,20244.4,0.3333333333333333,2024,2,Rookie
33486,Roger Sloan,57,49.0,49.0,1,21151.2,0.3333333333333333,2024,2,Rookie
33486,Roger Sloan,60,58.0,58.0,1,18063.0,0.5,2022,4,Rookie
33486,Roger Sloan,61,,,0,0.0,0.0,2022,4,Rookie
33486,Roger Sloan,62,7.0,2.0,2,534405.0,0.6666666666666666,2024,2,Familiar
33490,Bo Hoag,0,30.5,16.0,2,110840.0,1.0,2022,4,Familiar
33490,Bo Hoag,1,16.0,16.0,1,102175.0,1.0,2021,5,Rookie
33490,Bo Hoag,2,26.0,26.0,1,69285.0,1.0,2021,5,Rookie
33490,Bo Hoag,3,66.0,66.0,1,17253.0,0.5,2022,4,Rookie
33490,Bo Hoag,4,,,0,0.0,0.0,2022,4,Rookie
33490,Bo Hoag,6,25.5,11.0,2,93265.0,0.6666666666666666,2023,3,Familiar
33490,Bo Hoag,15,,,0,0.0,0.0,2025,1,Rookie
33490,Bo Hoag,16,18.0,18.0,1,80761.36,1.0,2021,5,Rookie
33490,Bo Hoag,18,,,0,0.0,0.0,2022,4,Rookie
33490,Bo Hoag,19,32.0,32.0,1,51925.0,1.0,2021,5,Rookie
33490,Bo Hoag,22,,,0,0.0,0.0,2021,5,Rookie
33490,Bo Hoag,25,31.5,16.0,2,115141.84,1.0,2022,4,Familiar
33490,Bo Hoag,26,13.0,13.0,1,182125.0,1.0,2021,5,Rookie
33490,Bo Hoag,27,,,0,0.0,0.0,2023,3,Rookie
33490,Bo Hoag,28,,,0,0.0,0.0,2022,4,Rookie
33490,Bo Hoag,33,,,0,0.0,0.0,2021,5,Rookie
33490,Bo Hoag,35,,,0,0.0,0.0,2021,5,Rookie
33490,Bo Hoag,37,,,0,0.0,0.0,2022,4,Rookie
33490,Bo Hoag,38,,,0,0.0,0.0,2021,5,Rookie
33490,Bo Hoag,40,31.0,30.0,2,92215.0,1.0,2022,4,Familiar
33490,Bo Hoag,41,30.0,30.0,1,39552.86,1.0,2021,5,Rookie
33490,Bo Hoag,42,29.0,29.0,1,41391.43,1.0,2021,5,Rookie
33490,Bo Hoag,43,,,0,0.0,0.0,2021,5,Rookie
33490,Bo Hoag,47,,,0,0.0,0.0,2021,5,Rookie
33490,Bo Hoag,48,,,0,0.0,0.0,2022,4,Rookie
33490,Bo Hoag,51,,,0,0.0,0.0,2022,4,Rookie
33490,Bo Hoag,53,,,0,0.0,0.0,2022,4,Rookie
33490,Bo Hoag,56,,,0,0.0,0.0,2021,5,Rookie
33490,Bo Hoag,57,,,0,0.0,0.0,2021,5,Rookie
33490,Bo Hoag,58,,,0,0.0,0.0,2021,5,Rookie
33490,Bo Hoag,59,36.0,36.0,1,34005.83,1.0,2021,5,Rookie
33490,Bo Hoag,60,,,0,0.0,0.0,2022,4,Rookie
33490,Bo Hoag,62,47.0,47.0,1,19115.57,0.5,2022,4,Rookie
33568,Kalle Samooja,20,,,0,0.0,0.0,2023,3,Rookie
33568,Kalle Samooja,34,,,0,0.0,0.0,2021,5,Rookie
33568,Kalle Samooja,53,,,0,0.0,0.0,2022,4,Rookie
33597,Harry Higgs,0,25.0,25.0,1,69020.0,0.25,2025,1,Rookie
33597,Harry Higgs,1,30.666666666666668,18.0,3,179107.1,1.0,2025,1,Experienced
33597,Harry Higgs,3,,,0,0.0,0.0,2023,3,Rookie
33597,Harry Higgs,4,48.0,48.0,1,22821.43,0.5,2023,3,Rookie
33597,Harry Higgs,5,67.0,67.0,1,12660.0,1.0,2025,1,Rookie
33597,Harry Higgs,6,,,0,0.0,0.0,2023,3,Rookie
33597,Harry Higgs,8,38.0,38.0,1,38000.0,1.0,2021,5,Rookie
33597,Harry Higgs,10,64.0,59.0,2,38383.0,0.5,2025,1,Familiar
33597,Harry Higgs,11,21.0,21.0,1,91956.43,1.0,2021,5,Rookie
33597,Harry Higgs,12,9.0,9.0,1,243750.0,1.0,2022,4,Rookie
33597,Harry Higgs,13,,,0,0.0,0.0,2025,1,Rookie
33597,Harry Higgs,15,,,0,0.0,0.0,2025,1,Rookie
33597,Harry Higgs,16,57.333333333333336,44.0,3,62031.0,0.75,2025,1,Experienced
33597,Harry Higgs,18,,,0,0.0,0.0,2023,3,Rookie
33597,Harry Higgs,19,55.0,55.0,1,27600.0,0.5,2022,4,Rookie
33597,Harry Higgs,21,50.0,50.0,1,18637.5,1.0,2022,4,Rookie
33597,Harry Higgs,22,19.0,19.0,1,82950.0,0.3333333333333333,2023,3,Rookie
33597,Harry Higgs,24,28.0,28.0,1,28000.0,1.0,2025,1,Rookie
33597,Harry Higgs,25,57.0,57.0,1,17094.0,0.2,2025,1,Rookie
33597,Harry Higgs,26,68.0,68.0,1,19437.0,1.0,2021,5,Rookie
33597,Harry Higgs,27,51.0,51.0,1,49500.0,1.0,2025,1,Rookie
33597,Harry Higgs,28,,,0,0.0,0.0,2023,3,Rookie
33597,Harry Higgs,29,74.0,74.0,1,14070.0,1.0,2025,1,Rookie
33597,Harry Higgs,30,50.0,50.0,1,10180.0,1.0,2024,2,Rookie
33597,Harry Higgs,31,16.0,16.0,1,144875.0,1.0,2021,5,Rookie
33597,Harry Higgs,32,2.0,2.0,1,356000.0,1.0,2025,1,Rookie
33597,Harry Higgs,34,4.0,4.0,1,462250.0,0.5,2022,4,Rookie
33597,Harry Higgs,35,29.0,29.0,1,96125.0,0.5,2022,4,Rookie
33597,Harry Higgs,36,,,0,0.0,0.0,2025,1,Rookie
33597,Harry Higgs,37,12.0,12.0,1,178650.0,0.3333333333333333,2025,1,Rookie
33597,Harry Higgs,38,59.0,59.0,1,15975.0,0.5,2022,4,Rookie
33597,Harry Higgs,39,24.0,24.0,1,88800.0,1.0,2025,1,Rookie
33597,Harry Higgs,40,52.0,52.0,1,21076.0,0.3333333333333333,2023,3,Rookie
33597,Harry Higgs,41,44.5,21.0,2,94034.25,0.4,2025,1,Familiar
33597,Harry Higgs,42,2.0,2.0,1,719400.0,1.0,2021,5,Rookie
33597,Harry Higgs,43,61.5,55.0,2,30834.0,0.6666666666666666,2025,1,Familiar
33597,Harry Higgs,46,27.0,27.0,1,46943.75,0.5,2023,3,Rookie
33597,Harry Higgs,47,,,0,0.0,0.0,2021,5,Rookie
33597,Harry Higgs,48,32.0,32.0,1,34576.66,0.25,2025,1,Rookie
33597,Harry Higgs,49,,,0,0.0,0.0,2025,1,Rookie
33597,Harry Higgs,51,70.0,70.0,1,17098.0,0.5,2022,4,Rookie
33597,Harry Higgs,53,,,0,0.0,0.0,2024,2,Rookie
33597,Harry Higgs,56,29.0,28.0,2,118146.66,0.5,2025,1,Familiar
33597,Harry Higgs,57,39.0,39.0,1,29250.0,0.3333333333333333,2025,1,Rookie
33597,Harry Higgs,59,,,0,0.0,0.0,2021,5,Rookie
33597,Harry Higgs,60,,,0,0.0,0.0,2022,4,Rookie
33597,Harry Higgs,61,49.0,49.0,1,20869.0,1.0,2022,4,Rookie
33597,Harry Higgs,62,26.0,15.0,3,183990.4,0.75,2025,1,Experienced
33597,Harry Higgs,64,54.0,54.0,1,16480.0,1.0,2021,5,Rookie
33605,Gunn Charoenkul,53,,,0,0.0,0.0,2023,3,Rookie
33605,Gunn Charoenkul,64,54.0,54.0,1,16480.0,1.0,2021,5,Rookie
33624,Shawn Warren,34,,,0,0.0,0.0,2022,4,Rookie
33653,Thomas Detry,1,26.0,26.0,1,58400.0,1.0,2023,3,Rookie
33653,Thomas Detry,2,24.0,24.0,1,163000.0,0.5,2025,1,Rookie
33653,Thomas Detry,4,29.666666666666668,4.0,3,967950.0,1.0,2025,1,Experienced
33653,Thomas Detry,8,38.5,31.0,2,218500.0,1.0,2025,1,Familiar
33653,Thomas Detry,10,38.5,21.0,2,103162.75,1.0,2024,2,Familiar
33653,Thomas Detry,13,,,0,0.0,0.0,2024,2,Rookie
33653,Thomas Detry,15,,,0,0.0,0.0,2024,2,Rookie
33653,Thomas Detry,16,24.0,15.0,3,272906.67000000004,1.0,2025,1,Experienced
33653,Thomas Detry,17,48.333333333333336,38.0,3,184600.0,1.0,2025,1,Experienced
33653,Thomas Detry,18,12.0,12.0,1,140666.67,1.0,2023,3,Rookie
33653,Thomas Detry,19,43.0,33.0,2,153428.57,1.0,2025,1,Familiar
33653,Thomas Detry,20,46.333333333333336,26.0,3,128415.0,1.0,2025,1,Experienced
33653,Thomas Detry,22,,,0,0.0,0.0,2023,3,Rookie
33653,Thomas Detry,27,42.666666666666664,39.0,3,214600.0,1.0,2025,1,Experienced
33653,Thomas Detry,28,,,0,0.0,0.0,2024,2,Rookie
33653,Thomas Detry,34,22.0,4.0,2,860900.0,0.5,2025,1,Familiar
33653,Thomas Detry,35,62.0,62.0,1,55000.0,0.3333333333333333,2025,1,Rookie
33653,Thomas Detry,37,18.0,18.0,1,125276.67,1.0,2025,1,Rookie
33653,Thomas Detry,38,30.0,28.0,2,245583.33000000002,0.6666666666666666,2025,1,Familiar
33653,Thomas Detry,40,,,0,0.0,0.0,2023,3,Rookie
33653,Thomas Detry,41,28.0,28.0,1,53917.5,1.0,2023,3,Rookie
33653,Thomas Detry,43,9.0,9.0,1,207375.0,1.0,2023,3,Rookie
33653,Thomas Detry,44,5.0,5.0,1,744166.67,1.0,2025,1,Rookie
33653,Thomas Detry,46,69.0,69.0,1,16560.0,1.0,2023,3,Rookie
33653,Thomas Detry,48,53.0,53.0,1,20387.0,1.0,2025,1,Rookie
33653,Thomas Detry,49,24.5,2.0,2,579328.0,1.0,2025,1,Familiar
33653,Thomas Detry,51,59.0,55.0,2,86000.0,0.6666666666666666,2025,1,Familiar
33653,Thomas Detry,52,30.0,30.0,1,125375.0,1.0,2025,1,Rookie
33653,Thomas Detry,53,18.5,14.0,2,512859.0,1.0,2025,1,Familiar
33653,Thomas Detry,54,49.0,49.0,1,30312.0,1.0,2021,5,Rookie
33653,Thomas Detry,55,23.0,23.0,1,161489.0,1.0,2021,5,Rookie
33653,Thomas Detry,56,64.0,64.0,1,18868.0,1.0,2023,3,Rookie
33653,Thomas Detry,57,19.5,17.0,2,185220.0,1.0,2025,1,Familiar
33653,Thomas Detry,61,14.5,1.0,2,1709000.0,1.0,2025,1,Familiar
33653,Thomas Detry,62,21.0,21.0,1,93100.0,0.3333333333333333,2025,1,Rookie
33667,Carlos Ortiz,1,,,0,0.0,0.0,2022,4,Rookie
33667,Carlos Ortiz,2,,,0,0.0,0.0,2022,4,Rookie
33667,Carlos Ortiz,3,29.5,21.0,2,121824.0,1.0,2022,4,Familiar
33667,Carlos Ortiz,8,66.0,66.0,1,19475.0,1.0,2021,5,Rookie
33667,Carlos Ortiz,10,40.0,40.0,1,29625.0,0.5,2022,4,Rookie
33667,Carlos Ortiz,11,48.0,48.0,1,23205.0,1.0,2021,5,Rookie
33667,Carlos Ortiz,12,25.0,25.0,1,70506.43,1.0,2022,4,Rookie
33667,Carlos Ortiz,16,49.5,29.0,2,68343.0,1.0,2022,4,Familiar
33667,Carlos Ortiz,19,39.0,39.0,1,45000.0,0.5,2022,4,Rookie
33667,Carlos Ortiz,26,16.0,16.0,1,155775.0,1.0,2021,5,Rookie
33667,Carlos Ortiz,27,64.0,64.0,1,25800.0,1.0,2022,4,Rookie
33667,Carlos Ortiz,28,51.0,51.0,1,17355.75,1.0,2022,4,Rookie
33667,Carlos Ortiz,31,47.0,47.0,1,24330.56,1.0,2021,5,Rookie
33667,Carlos Ortiz,34,55.0,55.0,1,22475.0,0.5,2022,4,Rookie
33667,Carlos Ortiz,35,,,0,0.0,0.0,2022,4,Rookie
33667,Carlos Ortiz,37,46.0,46.0,1,26535.0,1.0,2022,4,Rookie
33667,Carlos Ortiz,38,,,0,0.0,0.0,2022,4,Rookie
33667,Carlos Ortiz,42,46.0,46.0,1,18282.0,1.0,2021,5,Rookie
33667,Carlos Ortiz,43,,,0,0.0,0.0,2022,4,Rookie
33667,Carlos Ortiz,45,37.0,37.0,1,41000.0,1.0,2021,5,Rookie
33667,Carlos Ortiz,46,47.0,47.0,1,17927.78,1.0,2022,4,Rookie
33667,Carlos Ortiz,47,,,0,0.0,0.0,2021,5,Rookie
33667,Carlos Ortiz,48,14.0,14.0,1,113850.0,1.0,2021,5,Rookie
33667,Carlos Ortiz,51,47.0,47.0,1,19377.43,0.5,2022,4,Rookie
33667,Carlos Ortiz,53,4.0,4.0,1,878815.0,0.5,2025,1,Rookie
33667,Carlos Ortiz,55,4.0,4.0,1,878815.0,1.0,2021,5,Rookie
33667,Carlos Ortiz,57,,,0,0.0,0.0,2022,4,Rookie
33667,Carlos Ortiz,58,1.0,1.0,1,1260000.0,1.0,2021,5,Rookie
33667,Carlos Ortiz,59,4.0,4.0,1,307208.34,1.0,2021,5,Rookie
33667,Carlos Ortiz,60,65.0,65.0,1,17172.0,1.0,2021,5,Rookie
33667,Carlos Ortiz,61,33.0,33.0,1,45715.0,1.0,2022,4,Rookie
33667,Carlos Ortiz,64,35.0,35.0,1,36680.0,1.0,2021,5,Rookie
33674,Adrian Meronk,2,,,0,0.0,0.0,2023,3,Rookie
33674,Adrian Meronk,19,45.0,45.0,1,59560.0,1.0,2023,3,Rookie
33674,Adrian Meronk,20,,,0,0.0,0.0,2023,3,Rookie
33674,Adrian Meronk,22,14.0,14.0,1,136500.0,1.0,2023,3,Rookie
33674,Adrian Meronk,34,40.0,40.0,1,46900.0,0.5,2024,2,Rookie
33674,Adrian Meronk,37,,,0,0.0,0.0,2023,3,Rookie
33674,Adrian Meronk,53,,,0,0.0,0.0,2024,2,Rookie
33689,Jinichiro Kozuma,34,,,0,0.0,0.0,2022,4,Rookie
33689,Jinichiro Kozuma,48,,,0,0.0,0.0,2021,5,Rookie
33689,Jinichiro Kozuma,53,,,0,0.0,0.0,2025,1,Rookie
33689,Jinichiro Kozuma,55,,,0,0.0,0.0,2021,5,Rookie
33735,Gabe Reynolds,13,,,0,0.0,0.0,2025,1,Rookie
33735,Gabe Reynolds,34,,,0,0.0,0.0,2023,3,Rookie
33803,Lucas Bjerregaard,6,27.0,27.0,1,21909.29,1.0,2022,4,Rookie
33803,Lucas Bjerregaard,33,,,0,0.0,0.0,2021,5,Rookie
33870,Ashun Wu,20,65.0,65.0,2,41040.0,0.6666666666666666,2025,1,Familiar
33936,Gunner Wiebe,1,,,0,0.0,0.0,2023,3,Rookie
33936,Gunner Wiebe,6,47.0,47.0,1,10347.66,1.0,2022,4,Rookie
33936,Gunner Wiebe,24,,,0,0.0,0.0,2024,2,Rookie
33936,Gunner Wiebe,36,,,0,0.0,0.0,2025,1,Rookie
33948,Byeong Hun An,0,,,0,0.0,0.0,2025,1,Rookie
33948,Byeong Hun An,1,24.5,8.0,2,216199.45,1.0,2023,3,Familiar
33948,Byeong Hun An,2,19.666666666666668,8.0,3,1209953.67,0.75,2025,1,Experienced
33948,Byeong Hun An,3,14.0,14.0,1,163875.0,1.0,2023,3,Rookie
33948,Byeong Hun An,4,30.0,22.0,3,306747.73,1.0,2025,1,Experienced
33948,Byeong Hun An,8,28.0,13.0,2,432111.11,1.0,2024,2,Familiar
33948,Byeong Hun An,9,53.0,53.0,1,20118.0,1.0,2023,3,Rookie
33948,Byeong Hun An,10,35.5,21.0,2,100648.75,1.0,2023,3,Familiar
33948,Byeong Hun An,11,42.0,42.0,1,33735.0,1.0,2021,5,Rookie
33948,Byeong Hun An,12,59.0,59.0,1,19012.5,1.0,2022,4,Rookie
33948,Byeong Hun An,13,32.0,4.0,2,401978.0,1.0,2025,1,Familiar
33948,Byeong Hun An,14,62.0,62.0,1,20055.0,1.0,2023,3,Rookie
33948,Byeong Hun An,15,21.0,21.0,1,87750.0,0.5,2025,1,Rookie
33948,Byeong Hun An,16,68.5,62.0,2,33429.0,1.0,2023,3,Familiar
33948,Byeong Hun An,17,35.0,33.0,2,191428.57,1.0,2024,2,Familiar
33948,Byeong Hun An,18,4.0,4.0,1,360000.0,1.0,2023,3,Rookie
33948,Byeong Hun An,19,16.0,16.0,1,329000.0,0.5,2025,1,Rookie
33948,Byeong Hun An,20,41.0,3.0,2,485910.0,0.6666666666666666,2025,1,Familiar
33948,Byeong Hun An,22,21.0,21.0,1,88116.0,0.5,2023,3,Rookie
33948,Byeong Hun An,25,51.0,51.0,1,18080.67,0.5,2023,3,Rookie
33948,Byeong Hun An,26,,,0,0.0,0.0,2021,5,Rookie
33948,Byeong Hun An,27,23.0,22.0,2,363200.0,0.6666666666666666,2025,1,Familiar
33948,Byeong Hun An,28,33.0,33.0,1,41066.66,1.0,2023,3,Rookie
33948,Byeong Hun An,33,52.0,52.0,1,17483.5,1.0,2021,5,Rookie
33948,Byeong Hun An,34,55.333333333333336,43.0,3,97339.0,1.0,2025,1,Experienced
33948,Byeong Hun An,35,43.5,35.0,2,174916.66999999998,0.5,2025,1,Familiar
33948,Byeong Hun An,36,57.0,57.0,1,13740.0,1.0,2025,1,Rookie
33948,Byeong Hun An,37,6.0,6.0,1,330750.0,1.0,2025,1,Rookie
33948,Byeong Hun An,38,52.5,38.0,2,128050.0,0.6666666666666666,2025,1,Familiar
33948,Byeong Hun An,39,60.0,60.0,1,21024.0,1.0,2025,1,Rookie
33948,Byeong Hun An,40,76.0,76.0,1,14475.0,0.5,2023,3,Rookie
33948,Byeong Hun An,41,25.0,25.0,1,50438.89,0.5,2025,1,Rookie
33948,Byeong Hun An,43,29.0,29.0,1,36033.33,0.3333333333333333,2025,1,Rookie
33948,Byeong Hun An,44,18.0,4.0,2,1093000.0,1.0,2025,1,Familiar
33948,Byeong Hun An,46,44.0,44.0,1,23000.0,1.0,2023,3,Rookie
33948,Byeong Hun An,47,,,0,0.0,0.0,2021,5,Rookie
33948,Byeong Hun An,48,7.0,2.0,2,877608.33,0.6666666666666666,2025,1,Familiar
33948,Byeong Hun An,50,21.0,21.0,1,0.0,1.0,2024,2,Rookie
33948,Byeong Hun An,51,14.0,14.0,1,360000.0,0.25,2025,1,Rookie
33948,Byeong Hun An,52,34.0,34.0,1,95062.5,1.0,2025,1,Rookie
33948,Byeong Hun An,53,,,0,0.0,0.0,2025,1,Rookie
33948,Byeong Hun An,54,,,0,0.0,0.0,2021,5,Rookie
33948,Byeong Hun An,55,,,0,0.0,0.0,2021,5,Rookie
33948,Byeong Hun An,56,6.0,6.0,1,300375.0,0.3333333333333333,2024,2,Rookie
33948,Byeong Hun An,57,42.666666666666664,16.0,3,164403.0,1.0,2025,1,Experienced
33948,Byeong Hun An,59,53.0,53.0,1,17264.5,1.0,2021,5,Rookie
33948,Byeong Hun An,60,3.0,3.0,1,1360000.0,0.3333333333333333,2024,2,Rookie
33948,Byeong Hun An,61,69.5,66.0,2,36700.0,1.0,2025,1,Familiar
33948,Byeong Hun An,62,18.5,2.0,2,710480.0,0.6666666666666666,2025,1,Familiar
33948,Byeong Hun An,64,35.0,35.0,1,36680.0,1.0,2021,5,Rookie
33968,Thorbjørn Olesen,0,14.0,14.0,1,140700.0,1.0,2025,1,Rookie
33968,Thorbjørn Olesen,5,3.0,3.0,1,260250.0,1.0,2025,1,Rookie
33968,Thorbjørn Olesen,10,46.0,46.0,1,25880.71,1.0,2025,1,Rookie
33968,Thorbjørn Olesen,13,29.0,29.0,1,66330.0,0.5,2025,1,Rookie
33968,Thorbjørn Olesen,15,,,0,0.0,0.0,2025,1,Rookie
33968,Thorbjørn Olesen,20,41.333333333333336,25.0,3,142267.5,1.0,2025,1,Experienced
33968,Thorbjørn Olesen,25,61.0,61.0,1,17200.0,0.5,2025,1,Rookie
33968,Thorbjørn Olesen,28,46.0,46.0,1,25515.0,1.0,2024,2,Rookie
33968,Thorbjørn Olesen,29,49.0,49.0,1,18573.33,1.0,2025,1,Rookie
33968,Thorbjørn Olesen,30,16.0,16.0,1,63000.0,1.0,2024,2,Rookie
33968,Thorbjørn Olesen,32,7.0,7.0,1,113333.33,1.0,2025,1,Rookie
33968,Thorbjørn Olesen,34,43.0,33.0,2,121779.64,0.6666666666666666,2025,1,Familiar
33968,Thorbjørn Olesen,36,,,0,0.0,0.0,2025,1,Rookie
33968,Thorbjørn Olesen,37,31.5,27.0,2,110460.0,1.0,2025,1,Familiar
33968,Thorbjørn Olesen,39,41.0,41.0,1,36000.0,1.0,2025,1,Rookie
33968,Thorbjørn Olesen,40,,,0,0.0,0.0,2024,2,Rookie
33968,Thorbjørn Olesen,41,,,0,0.0,0.0,2025,1,Rookie
33968,Thorbjørn Olesen,43,14.0,14.0,1,106500.0,1.0,2025,1,Rookie
33968,Thorbjørn Olesen,49,,,0,0.0,0.0,2025,1,Rookie
33968,Thorbjørn Olesen,53,,,0,0.0,0.0,2025,1,Rookie
33968,Thorbjørn Olesen,55,,,0,0.0,0.0,2021,5,Rookie
33968,Thorbjørn Olesen,56,9.5,5.0,2,435601.82,1.0,2025,1,Familiar
33968,Thorbjørn Olesen,57,36.0,36.0,1,40527.5,0.5,2025,1,Rookie
33968,Thorbjørn Olesen,62,62.0,62.0,1,17958.0,0.5,2025,1,Rookie
33974,Dean Burmester,1,54.0,54.0,1,18400.0,1.0,2023,3,Rookie
33974,Dean Burmester,4,41.0,41.0,1,31950.0,0.5,2023,3,Rookie
33974,Dean Burmester,9,,,0,0.0,0.0,2023,3,Rookie
33974,Dean Burmester,16,37.0,37.0,1,37845.0,1.0,2023,3,Rookie
33974,Dean Burmester,34,41.666666666666664,12.0,3,417343.33,0.6,2025,1,Experienced
33974,Dean Burmester,37,,,0,0.0,0.0,2022,4,Rookie
33974,Dean Burmester,41,54.0,54.0,1,18630.0,1.0,2023,3,Rookie
33974,Dean Burmester,43,4.0,4.0,1,387100.0,1.0,2023,3,Rookie
33974,Dean Burmester,46,37.0,37.0,1,36457.14,1.0,2023,3,Rookie
33974,Dean Burmester,53,69.0,69.0,1,40417.0,1.0,2024,2,Rookie
34021,Bud Cauley,0,,,0,0.0,0.0,2024,2,Rookie
34021,Bud Cauley,7,,,0,0.0,0.0,2024,2,Rookie
34021,Bud Cauley,8,33.0,33.0,1,119666.67,1.0,2025,1,Rookie
34021,Bud Cauley,10,3.0,3.0,1,655500.0,1.0,2025,1,Rookie
34021,Bud Cauley,13,,,0,0.0,0.0,2024,2,Rookie
34021,Bud Cauley,15,38.5,21.0,2,109002.0,1.0,2025,1,Familiar
34021,Bud Cauley,17,14.0,14.0,1,361000.0,1.0,2025,1,Rookie
34021,Bud Cauley,20,55.0,55.0,1,25920.0,1.0,2025,1,Rookie
34021,Bud Cauley,25,47.0,33.0,2,62140.0,1.0,2025,1,Familiar
34021,Bud Cauley,27,39.0,39.0,1,82000.0,1.0,2025,1,Rookie
34021,Bud Cauley,34,72.0,72.0,1,23655.0,1.0,2025,1,Rookie
34021,Bud Cauley,35,6.0,6.0,1,843750.0,1.0,2025,1,Rookie
34021,Bud Cauley,36,32.0,32.0,1,34260.0,1.0,2024,2,Rookie
34021,Bud Cauley,37,,,0,0.0,0.0,2024,2,Rookie
34021,Bud Cauley,38,32.0,32.0,1,109083.33,1.0,2025,1,Rookie
34021,Bud Cauley,40,52.0,52.0,1,22650.4,1.0,2024,2,Rookie
34021,Bud Cauley,41,25.0,25.0,1,63460.0,0.5,2025,1,Rookie
34021,Bud Cauley,42,14.0,14.0,1,100650.0,1.0,2021,5,Rookie
34021,Bud Cauley,43,5.0,5.0,1,293550.0,1.0,2024,2,Rookie
34021,Bud Cauley,46,34.0,34.0,1,38150.0,1.0,2024,2,Rookie
34021,Bud Cauley,48,30.0,30.0,1,52137.86,1.0,2025,1,Rookie
34021,Bud Cauley,49,45.0,45.0,1,25502.75,1.0,2024,2,Rookie
34021,Bud Cauley,51,25.0,25.0,1,154500.0,1.0,2025,1,Rookie
34021,Bud Cauley,53,,,0,0.0,0.0,2025,1,Rookie
34021,Bud Cauley,55,,,0,0.0,0.0,2021,5,Rookie
34021,Bud Cauley,56,22.0,5.0,2,341260.0,1.0,2025,1,Familiar
34021,Bud Cauley,57,4.0,4.0,1,366125.0,0.5,2025,1,Rookie
34021,Bud Cauley,61,43.0,21.0,2,119200.0,1.0,2025,1,Familiar
34021,Bud Cauley,62,,,0,0.0,0.0,2025,1,Rookie
34046,Jordan Spieth,2,12.666666666666666,4.0,3,1314875.0,1.0,2024,2,Experienced
34046,Jordan Spieth,3,5.5,2.0,2,1204525.0,1.0,2022,4,Familiar
34046,Jordan Spieth,4,35.2,2.0,5,1532745.0,1.0,2025,1,Veteran
34046,Jordan Spieth,8,29.0,19.0,3,360362.5,1.0,2023,3,Experienced
34046,Jordan Spieth,10,20.5,2.0,4,1145049.38,0.8,2025,1,Experienced
34046,Jordan Spieth,11,38.0,38.0,1,40560.0,1.0,2021,5,Rookie
34046,Jordan Spieth,12,18.0,18.0,1,116331.43,1.0,2022,4,Rookie
34046,Jordan Spieth,13,4.0,4.0,1,485100.0,0.5,2025,1,Rookie
34046,Jordan Spieth,14,52.0,52.0,1,21840.0,1.0,2023,3,Rookie
34046,Jordan Spieth,15,9.0,9.0,1,259900.0,1.0,2025,1,Rookie
34046,Jordan Spieth,16,,,0,0.0,0.0,2022,4,Rookie
34046,Jordan Spieth,17,37.333333333333336,6.0,3,709385.71,0.75,2025,1,Experienced
34046,Jordan Spieth,19,20.5,15.0,2,236925.0,0.4,2025,1,Familiar
34046,Jordan Spieth,20,,,0,0.0,0.0,2024,2,Rookie
34046,Jordan Spieth,25,26.0,26.0,1,64200.0,1.0,2024,2,Rookie
34046,Jordan Spieth,26,18.0,18.0,1,110670.0,1.0,2021,5,Rookie
34046,Jordan Spieth,27,10.0,5.0,3,1518500.0,0.75,2025,1,Experienced
34046,Jordan Spieth,31,73.0,73.0,1,18905.0,1.0,2021,5,Rookie
34046,Jordan Spieth,34,34.0,29.0,4,260462.5,0.8,2025,1,Experienced
34046,Jordan Spieth,35,42.0,19.0,3,369785.71,0.6,2025,1,Experienced
34046,Jordan Spieth,38,15.0,1.0,4,3932555.56,1.0,2025,1,Experienced
34046,Jordan Spieth,42,,,0,0.0,0.0,2021,5,Rookie
34046,Jordan Spieth,44,3.0,3.0,1,1360000.0,1.0,2024,2,Rookie
34046,Jordan Spieth,45,17.0,13.0,2,384000.0,1.0,2023,3,Familiar
34046,Jordan Spieth,48,,,0,0.0,0.0,2023,3,Rookie
34046,Jordan Spieth,50,20.0,13.0,3,0.0,1.0,2023,3,Experienced
34046,Jordan Spieth,51,63.0,63.0,1,41500.0,0.3333333333333333,2025,1,Rookie
34046,Jordan Spieth,52,34.0,34.0,1,95062.5,1.0,2025,1,Rookie
34046,Jordan Spieth,53,33.666666666666664,23.0,3,309710.0,0.75,2025,1,Experienced
34046,Jordan Spieth,54,,,0,0.0,0.0,2021,5,Rookie
34046,Jordan Spieth,55,23.0,23.0,1,161489.0,1.0,2021,5,Rookie
34046,Jordan Spieth,56,14.5,1.0,4,1833900.0,1.0,2025,1,Experienced
34046,Jordan Spieth,57,15.5,3.0,2,533743.13,0.6666666666666666,2025,1,Familiar
34046,Jordan Spieth,58,,,0,0.0,0.0,2021,5,Rookie
34046,Jordan Spieth,59,4.0,4.0,1,307208.33,1.0,2021,5,Rookie
34046,Jordan Spieth,60,29.0,29.0,1,130500.0,0.5,2024,2,Rookie
34046,Jordan Spieth,61,19.0,4.0,4,1392868.0,1.0,2025,1,Experienced
34046,Jordan Spieth,62,31.0,31.0,1,53710.0,0.5,2025,1,Rookie
34046,Jordan Spieth,64,41.0,41.0,1,26880.0,1.0,2021,5,Rookie
34076,Joel Dahmen,0,53.0,39.0,2,48654.0,0.5,2025,1,Familiar
34076,Joel Dahmen,1,,,0,0.0,0.0,2025,1,Rookie
34076,Joel Dahmen,2,,,0,0.0,0.0,2023,3,Rookie
34076,Joel Dahmen,4,35.666666666666664,6.0,3,342969.0,1.0,2023,3,Experienced
34076,Joel Dahmen,5,,,0,0.0,0.0,2025,1,Rookie
34076,Joel Dahmen,7,40.0,40.0,1,31125.0,1.0,2024,2,Rookie
34076,Joel Dahmen,9,9.0,9.0,1,196500.0,1.0,2023,3,Rookie
34076,Joel Dahmen,10,62.333333333333336,56.0,3,57163.0,0.6,2025,1,Experienced
34076,Joel Dahmen,11,38.0,38.0,1,40560.0,1.0,2021,5,Rookie
34076,Joel Dahmen,13,62.0,62.0,1,20900.0,0.5,2025,1,Rookie
34076,Joel Dahmen,15,32.0,32.0,1,52637.14,0.5,2025,1,Rookie
34076,Joel Dahmen,16,9.0,9.0,1,225525.0,0.25,2025,1,Rookie
34076,Joel Dahmen,17,,,0,0.0,0.0,2022,4,Rookie
34076,Joel Dahmen,18,,,0,0.0,0.0,2023,3,Rookie
34076,Joel Dahmen,19,74.0,74.0,1,23640.0,0.3333333333333333,2023,3,Rookie
34076,Joel Dahmen,20,,,0,0.0,0.0,2025,1,Rookie
34076,Joel Dahmen,21,5.0,5.0,1,289687.5,1.0,2022,4,Rookie
34076,Joel Dahmen,24,,,0,0.0,0.0,2024,2,Rookie
34076,Joel Dahmen,25,51.5,46.0,2,42684.0,0.6666666666666666,2025,1,Familiar
34076,Joel Dahmen,26,32.0,32.0,1,53103.0,1.0,2021,5,Rookie
34076,Joel Dahmen,27,32.0,32.0,1,68520.0,0.5,2023,3,Rookie
34076,Joel Dahmen,29,6.0,6.0,1,245000.0,1.0,2025,1,Rookie
34076,Joel Dahmen,30,59.0,59.0,1,9120.0,1.0,2024,2,Rookie
34076,Joel Dahmen,31,31.0,31.0,1,48925.0,1.0,2021,5,Rookie
34076,Joel Dahmen,32,,,0,0.0,0.0,2025,1,Rookie
34076,Joel Dahmen,34,62.0,55.0,2,50475.0,0.6666666666666666,2023,3,Familiar
34076,Joel Dahmen,35,39.5,11.0,4,819861.11,0.8,2025,1,Experienced
34076,Joel Dahmen,36,50.0,50.0,1,14562.86,0.5,2025,1,Rookie
34076,Joel Dahmen,37,10.0,10.0,1,227950.0,0.5,2025,1,Rookie
34076,Joel Dahmen,38,12.0,12.0,1,140666.66,0.5,2023,3,Rookie
34076,Joel Dahmen,39,,,0,0.0,0.0,2025,1,Rookie
34076,Joel Dahmen,40,23.0,21.0,2,156730.0,0.5,2024,2,Familiar
34076,Joel Dahmen,41,29.75,5.0,4,376366.71,0.8,2025,1,Experienced
34076,Joel Dahmen,42,52.0,52.0,1,15807.0,1.0,2021,5,Rookie
34076,Joel Dahmen,43,25.666666666666668,13.0,3,319359.0,0.6,2025,1,Experienced
34076,Joel Dahmen,45,28.0,28.0,1,110500.0,1.0,2022,4,Rookie
34076,Joel Dahmen,46,22.666666666666668,7.0,3,336407.15,0.75,2024,2,Experienced
34076,Joel Dahmen,47,58.0,58.0,1,15750.0,1.0,2021,5,Rookie
34076,Joel Dahmen,48,72.0,72.0,1,16600.0,0.3333333333333333,2025,1,Rookie
34076,Joel Dahmen,49,18.0,18.0,1,108986.11,0.5,2025,1,Rookie
34076,Joel Dahmen,51,69.0,69.0,1,17347.0,0.5,2023,3,Rookie
34076,Joel Dahmen,53,10.0,10.0,1,407220.0,0.5,2023,3,Rookie
34076,Joel Dahmen,54,,,0,0.0,0.0,2021,5,Rookie
34076,Joel Dahmen,56,74.0,74.0,1,15169.0,0.3333333333333333,2025,1,Rookie
34076,Joel Dahmen,57,49.666666666666664,39.0,3,68464.2,0.75,2025,1,Experienced
34076,Joel Dahmen,59,,,0,0.0,0.0,2021,5,Rookie
34076,Joel Dahmen,60,34.5,18.0,2,118152.0,0.6666666666666666,2023,3,Familiar
34076,Joel Dahmen,61,51.0,41.0,3,96986.86,0.75,2025,1,Experienced
34076,Joel Dahmen,62,56.0,15.0,4,192398.0,0.8,2025,1,Experienced
34076,Joel Dahmen,63,41.0,41.0,1,29410.0,1.0,2024,2,Rookie
34076,Joel Dahmen,64,8.0,8.0,1,232000.0,1.0,2021,5,Rookie
34087,Carlos Sainz Jr,49,,,0,0.0,0.0,2025,1,Rookie
34087,Carlos Sainz Jr,56,,,0,0.0,0.0,2021,5,Rookie
34098,Russell Henley,1,14.0,14.0,1,119700.0,0.5,2022,4,Rookie
34098,Russell Henley,2,17.75,1.0,4,5194950.0,1.0,2025,1,Experienced
34098,Russell Henley,4,31.5,5.0,2,793250.0,1.0,2025,1,Familiar
34098,Russell Henley,8,28.0,8.0,5,1309460.0,1.0,2025,1,Veteran
34098,Russell Henley,9,,,0,0.0,0.0,2023,3,Rookie
34098,Russell Henley,10,16.0,16.0,1,132675.0,1.0,2023,3,Rookie
34098,Russell Henley,11,3.0,3.0,1,565500.0,1.0,2021,5,Rookie
34098,Russell Henley,12,25.0,25.0,1,70506.43,1.0,2022,4,Rookie
34098,Russell Henley,14,45.0,45.0,1,29085.0,1.0,2023,3,Rookie
34098,Russell Henley,15,23.5,6.0,2,343350.0,1.0,2025,1,Familiar
34098,Russell Henley,17,17.666666666666668,6.0,3,995285.71,0.75,2025,1,Experienced
34098,Russell Henley,19,33.5,24.0,4,351312.14,0.8,2025,1,Experienced
34098,Russell Henley,21,7.0,7.0,1,227812.5,1.0,2022,4,Rookie
34098,Russell Henley,22,3.0,3.0,1,320600.0,1.0,2021,5,Rookie
34098,Russell Henley,25,23.0,11.0,2,161611.43,1.0,2023,3,Familiar
34098,Russell Henley,26,,,0,0.0,0.0,2021,5,Rookie
34098,Russell Henley,27,16.0,5.0,3,1219000.0,1.0,2025,1,Experienced
34098,Russell Henley,31,56.0,56.0,1,21470.0,1.0,2021,5,Rookie
34098,Russell Henley,34,51.333333333333336,23.0,3,215611.67,0.6,2025,1,Experienced
34098,Russell Henley,35,20.666666666666668,13.0,3,765972.23,0.6,2025,1,Experienced
34098,Russell Henley,36,19.0,19.0,1,74014.29,1.0,2025,1,Rookie
34098,Russell Henley,38,12.0,8.0,4,1396375.0,0.8,2025,1,Experienced
34098,Russell Henley,40,10.0,10.0,1,203700.0,1.0,2022,4,Rookie
34098,Russell Henley,41,21.666666666666668,13.0,3,262412.86,1.0,2023,3,Experienced
34098,Russell Henley,43,,,0,0.0,0.0,2023,3,Rookie
34098,Russell Henley,44,41.0,30.0,2,192000.0,1.0,2025,1,Familiar
34098,Russell Henley,45,30.0,30.0,1,208500.0,1.0,2023,3,Rookie
34098,Russell Henley,46,21.0,21.0,1,79216.67,1.0,2022,4,Rookie
34098,Russell Henley,47,27.0,27.0,1,47950.0,1.0,2021,5,Rookie
34098,Russell Henley,48,11.8,2.0,5,1580862.22,1.0,2025,1,Veteran
34098,Russell Henley,50,6.666666666666667,2.0,3,4352500.0,1.0,2025,1,Experienced
34098,Russell Henley,51,22.0,2.0,4,2142775.71,1.0,2025,1,Experienced
34098,Russell Henley,52,46.0,46.0,1,53600.0,1.0,2025,1,Rookie
34098,Russell Henley,53,10.333333333333334,7.0,3,1457663.0,0.75,2025,1,Experienced
34098,Russell Henley,55,10.0,10.0,1,486031.0,1.0,2021,5,Rookie
34098,Russell Henley,56,4.0,4.0,1,450800.0,1.0,2024,2,Rookie
34098,Russell Henley,57,,,0,0.0,0.0,2021,5,Rookie
34098,Russell Henley,58,29.0,29.0,1,47950.0,1.0,2021,5,Rookie
34098,Russell Henley,59,30.0,30.0,1,44712.5,1.0,2021,5,Rookie
34098,Russell Henley,60,41.0,10.0,3,550788.0,1.0,2024,2,Experienced
34098,Russell Henley,61,33.0,33.0,1,45715.0,0.5,2023,3,Rookie
34098,Russell Henley,62,4.666666666666667,2.0,3,1147566.6600000001,1.0,2023,3,Experienced
34098,Russell Henley,64,4.0,4.0,1,315000.0,1.0,2021,5,Rookie
34099,Harris English,1,43.0,43.0,1,27236.0,0.5,2025,1,Rookie
34099,Harris English,2,16.333333333333332,2.0,3,2074035.0,0.75,2025,1,Experienced
34099,Harris English,3,13.0,13.0,1,153900.0,1.0,2021,5,Rookie
34099,Harris English,4,74.5,73.0,2,66375.0,1.0,2025,1,Familiar
34099,Harris English,7,6.0,6.0,1,262500.0,1.0,2024,2,Rookie
34099,Harris English,8,16.0,10.0,3,994750.0,1.0,2025,1,Experienced
34099,Harris English,9,39.0,39.0,1,36540.0,1.0,2023,3,Rookie
34099,Harris English,10,32.5,12.0,2,200611.66999999998,0.6666666666666666,2025,1,Familiar
34099,Harris English,11,10.0,10.0,1,263250.0,1.0,2021,5,Rookie
34099,Harris English,12,,,0,0.0,0.0,2022,4,Rookie
34099,Harris English,14,40.0,40.0,1,38430.0,1.0,2023,3,Rookie
34099,Harris English,16,32.5,1.0,2,1693080.0,0.5,2025,1,Familiar
34099,Harris English,17,53.666666666666664,48.0,3,143300.0,1.0,2025,1,Experienced
34099,Harris English,18,9.0,9.0,1,218000.0,1.0,2023,3,Rookie
34099,Harris English,19,14.333333333333334,7.0,3,1309857.1400000001,1.0,2025,1,Experienced
34099,Harris English,20,28.0,22.0,2,137415.0,1.0,2025,1,Familiar
34099,Harris English,22,,,0,0.0,0.0,2023,3,Rookie
34099,Harris English,27,32.0,12.0,2,463600.0,0.5,2025,1,Familiar
34099,Harris English,31,31.0,31.0,1,48925.0,1.0,2021,5,Rookie
34099,Harris English,33,14.0,14.0,1,125925.0,1.0,2021,5,Rookie
34099,Harris English,34,28.0,2.0,3,1669630.67,0.75,2025,1,Experienced
34099,Harris English,35,24.5,19.0,2,449285.71,0.6666666666666666,2025,1,Familiar
34099,Harris English,36,43.0,43.0,1,21900.0,0.5,2025,1,Rookie
34099,Harris English,38,52.333333333333336,28.0,3,219450.0,0.75,2025,1,Experienced
34099,Harris English,40,,,0,0.0,0.0,2022,4,Rookie
34099,Harris English,41,34.0,6.0,5,357354.0,0.8333333333333334,2025,1,Veteran
34099,Harris English,43,,,0,0.0,0.0,2024,2,Rookie
34099,Harris English,44,14.0,14.0,1,320250.0,1.0,2024,2,Rookie
34099,Harris English,45,15.5,1.0,2,1448000.0,1.0,2022,4,Familiar
34099,Harris English,46,18.5,9.0,2,228100.0,0.6666666666666666,2024,2,Familiar
34099,Harris English,47,,,0,0.0,0.0,2021,5,Rookie
34099,Harris English,48,42.5,10.0,4,277193.67,0.8,2025,1,Experienced
34099,Harris English,49,18.0,18.0,1,108986.11,1.0,2025,1,Rookie
34099,Harris English,50,15.5,13.0,2,570000.0,1.0,2025,1,Familiar
34099,Harris English,51,29.4,1.0,5,2404201.66,1.0,2025,1,Veteran
34099,Harris English,52,11.0,11.0,1,440000.0,1.0,2025,1,Rookie
34099,Harris English,53,42.25,8.0,4,716979.0,1.0,2025,1,Experienced
34099,Harris English,54,4.0,4.0,1,603903.0,1.0,2021,5,Rookie
34099,Harris English,55,59.0,59.0,1,44644.0,1.0,2021,5,Rookie
34099,Harris English,56,,,0,0.0,0.0,2024,2,Rookie
34099,Harris English,59,,,0,0.0,0.0,2021,5,Rookie
34099,Harris English,60,26.666666666666668,3.0,3,1311069.5,1.0,2024,2,Experienced
34099,Harris English,61,17.0,17.0,1,125400.0,0.5,2024,2,Rookie
34099,Harris English,62,33.0,33.0,1,41420.0,0.5,2023,3,Rookie
34099,Harris English,64,28.0,28.0,1,50137.14,1.0,2021,5,Rookie
34126,Scott Vincent,53,,,0,0.0,0.0,2025,1,Rookie
34126,Scott Vincent,55,,,0,0.0,0.0,2021,5,Rookie
34136,Armando Favela,28,,,0,0.0,0.0,2022,4,Rookie
34174,John Huh,0,,,0,0.0,0.0,2022,4,Rookie
34174,John Huh,1,21.0,21.0,1,58625.0,0.5,2022,4,Rookie
34174,John Huh,2,63.0,63.0,1,20181.0,1.0,2021,5,Rookie
34174,John Huh,3,,,0,0.0,0.0,2022,4,Rookie
34174,John Huh,6,,,0,0.0,0.0,2022,4,Rookie
34174,John Huh,9,,,0,0.0,0.0,2023,3,Rookie
34174,John Huh,10,12.0,12.0,1,178500.0,1.0,2022,4,Rookie
34174,John Huh,14,65.0,65.0,1,19425.0,1.0,2023,3,Rookie
34174,John Huh,16,65.0,65.0,1,15900.0,1.0,2021,5,Rookie
34174,John Huh,17,,,0,0.0,0.0,2022,4,Rookie
34174,John Huh,18,,,0,0.0,0.0,2023,3,Rookie
34174,John Huh,21,,,0,0.0,0.0,2022,4,Rookie
34174,John Huh,22,14.0,9.0,2,276950.0,1.0,2022,4,Familiar
34174,John Huh,25,50.0,50.0,1,15264.4,0.5,2022,4,Rookie
34174,John Huh,28,42.0,42.0,1,23287.0,1.0,2022,4,Rookie
34174,John Huh,33,,,0,0.0,0.0,2021,5,Rookie
34174,John Huh,37,25.0,25.0,1,71485.0,1.0,2022,4,Rookie
34174,John Huh,40,57.0,57.0,1,18648.0,1.0,2022,4,Rookie
34174,John Huh,41,12.0,12.0,2,287850.0,0.6666666666666666,2023,3,Familiar
34174,John Huh,43,68.0,63.0,2,30963.0,1.0,2023,3,Familiar
34174,John Huh,46,,,0,0.0,0.0,2023,3,Rookie
34174,John Huh,47,19.0,19.0,1,86030.0,1.0,2021,5,Rookie
34174,John Huh,48,,,0,0.0,0.0,2022,4,Rookie
34174,John Huh,51,13.0,13.0,1,159775.0,1.0,2022,4,Rookie
34174,John Huh,56,55.0,41.0,2,46161.0,1.0,2022,4,Familiar
34174,John Huh,57,66.0,66.0,1,16536.0,0.5,2022,4,Rookie
34174,John Huh,58,48.0,48.0,1,19040.0,1.0,2021,5,Rookie
34174,John Huh,59,,,0,0.0,0.0,2021,5,Rookie
34174,John Huh,60,,,0,0.0,0.0,2022,4,Rookie
34174,John Huh,62,2.0,2.0,1,649700.0,0.5,2022,4,Rookie
34213,Grayson Murray,0,60.5,57.0,2,33681.0,0.6666666666666666,2023,3,Familiar
34213,Grayson Murray,1,,,0,0.0,0.0,2021,5,Rookie
34213,Grayson Murray,2,25.0,25.0,1,162800.0,1.0,2024,2,Rookie
34213,Grayson Murray,3,,,0,0.0,0.0,2023,3,Rookie
34213,Grayson Murray,4,65.5,65.0,2,52973.5,0.5,2024,2,Familiar
34213,Grayson Murray,6,7.0,7.0,1,123500.0,0.3333333333333333,2023,3,Rookie
34213,Grayson Murray,10,,,0,0.0,0.0,2024,2,Rookie
34213,Grayson Murray,16,79.0,79.0,1,14025.0,1.0,2021,5,Rookie
34213,Grayson Murray,19,,,0,0.0,0.0,2024,2,Rookie
34213,Grayson Murray,22,,,0,0.0,0.0,2023,3,Rookie
34213,Grayson Murray,25,6.0,6.0,1,218035.72,0.3333333333333333,2023,3,Rookie
34213,Grayson Murray,28,13.0,13.0,1,147825.0,0.5,2023,3,Rookie
34213,Grayson Murray,33,,,0,0.0,0.0,2021,5,Rookie
34213,Grayson Murray,34,43.0,43.0,1,48969.0,1.0,2024,2,Rookie
34213,Grayson Murray,35,42.0,42.0,1,93750.0,1.0,2024,2,Rookie
34213,Grayson Murray,37,,,0,0.0,0.0,2023,3,Rookie
34213,Grayson Murray,38,39.0,39.0,1,86500.0,1.0,2024,2,Rookie
34213,Grayson Murray,40,,,0,0.0,0.0,2022,4,Rookie
34213,Grayson Murray,41,,,0,0.0,0.0,2023,3,Rookie
34213,Grayson Murray,42,,,0,0.0,0.0,2021,5,Rookie
34213,Grayson Murray,43,53.0,53.0,1,15609.0,1.0,2021,5,Rookie
34213,Grayson Murray,48,1.0,1.0,1,1494000.0,0.5,2024,2,Rookie
34213,Grayson Murray,51,,,0,0.0,0.0,2021,5,Rookie
34213,Grayson Murray,53,63.0,63.0,1,36843.0,1.0,2022,4,Rookie
34213,Grayson Murray,56,,,0,0.0,0.0,2024,2,Rookie
34213,Grayson Murray,57,,,0,0.0,0.0,2021,5,Rookie
34213,Grayson Murray,58,,,0,0.0,0.0,2021,5,Rookie
34213,Grayson Murray,59,42.0,42.0,1,23852.75,1.0,2021,5,Rookie
34213,Grayson Murray,60,10.0,10.0,1,501000.0,0.5,2024,2,Rookie
34213,Grayson Murray,61,,,0,0.0,0.0,2024,2,Rookie
34213,Grayson Murray,62,,,0,0.0,0.0,2022,4,Rookie
34242,Andrew Johnston,24,,,0,0.0,0.0,2024,2,Rookie
34255,Joseph Bramlett,0,48.666666666666664,37.0,3,74055.0,0.75,2025,1,Experienced
34255,Joseph Bramlett,1,43.5,33.0,2,58082.86,0.6666666666666666,2023,3,Familiar
34255,Joseph Bramlett,2,,,0,0.0,0.0,2023,3,Rookie
34255,Joseph Bramlett,3,25.666666666666668,7.0,3,406010.25,1.0,2023,3,Experienced
34255,Joseph Bramlett,4,35.0,7.0,2,290379.0,0.6666666666666666,2023,3,Familiar
34255,Joseph Bramlett,5,,,0,0.0,0.0,2025,1,Rookie
34255,Joseph Bramlett,6,11.0,11.0,1,77875.0,1.0,2021,5,Rookie
34255,Joseph Bramlett,7,21.0,21.0,1,81750.0,1.0,2024,2,Rookie
34255,Joseph Bramlett,9,9.0,9.0,1,196500.0,1.0,2023,3,Rookie
34255,Joseph Bramlett,10,37.0,37.0,1,38675.0,0.25,2025,1,Rookie
34255,Joseph Bramlett,13,39.0,39.0,1,40095.0,0.5,2025,1,Rookie
34255,Joseph Bramlett,15,41.0,41.0,1,32850.0,1.0,2024,2,Rookie
34255,Joseph Bramlett,16,30.75,13.0,4,325094.87,0.8,2025,1,Experienced
34255,Joseph Bramlett,18,27.0,12.0,2,165516.67,1.0,2023,3,Familiar
34255,Joseph Bramlett,20,,,0,0.0,0.0,2023,3,Rookie
34255,Joseph Bramlett,21,,,0,0.0,0.0,2022,4,Rookie
34255,Joseph Bramlett,22,55.0,55.0,1,19404.0,0.5,2023,3,Rookie
34255,Joseph Bramlett,24,,,0,0.0,0.0,2025,1,Rookie
34255,Joseph Bramlett,25,,,0,0.0,0.0,2025,1,Rookie
34255,Joseph Bramlett,27,16.0,16.0,1,275500.0,1.0,2023,3,Rookie
34255,Joseph Bramlett,28,24.0,10.0,2,211830.0,0.6666666666666666,2024,2,Familiar
34255,Joseph Bramlett,30,26.0,26.0,1,29800.0,1.0,2024,2,Rookie
34255,Joseph Bramlett,32,13.0,13.0,1,69571.43,1.0,2025,1,Rookie
34255,Joseph Bramlett,33,25.0,25.0,1,56088.33,1.0,2021,5,Rookie
34255,Joseph Bramlett,35,,,0,0.0,0.0,2024,2,Rookie
34255,Joseph Bramlett,36,26.0,26.0,1,48150.0,0.5,2025,1,Rookie
34255,Joseph Bramlett,37,51.0,51.0,1,22591.33,0.3333333333333333,2025,1,Rookie
34255,Joseph Bramlett,38,48.0,48.0,1,21360.0,1.0,2022,4,Rookie
34255,Joseph Bramlett,39,,,0,0.0,0.0,2025,1,Rookie
34255,Joseph Bramlett,40,,,0,0.0,0.0,2024,2,Rookie
34255,Joseph Bramlett,41,49.5,35.0,2,55441.71,0.4,2025,1,Familiar
34255,Joseph Bramlett,42,,,0,0.0,0.0,2021,5,Rookie
34255,Joseph Bramlett,43,52.5,44.0,4,76795.22,0.8,2025,1,Experienced
34255,Joseph Bramlett,46,52.0,52.0,1,17360.0,0.3333333333333333,2024,2,Rookie
34255,Joseph Bramlett,47,43.0,43.0,1,21665.0,1.0,2021,5,Rookie
34255,Joseph Bramlett,48,42.0,20.0,3,117037.45999999999,1.0,2024,2,Experienced
34255,Joseph Bramlett,49,36.0,36.0,1,39635.56,1.0,2024,2,Rookie
34255,Joseph Bramlett,51,56.0,56.0,1,19007.0,0.3333333333333333,2023,3,Rookie
34255,Joseph Bramlett,53,37.0,37.0,1,75916.0,1.0,2022,4,Rookie
34255,Joseph Bramlett,56,34.0,34.0,1,36036.0,0.25,2024,2,Rookie
34255,Joseph Bramlett,57,41.0,17.0,4,173643.33000000002,0.8,2025,1,Experienced
34255,Joseph Bramlett,60,40.0,40.0,1,83000.0,0.3333333333333333,2023,3,Rookie
34255,Joseph Bramlett,61,53.0,53.0,1,19302.8,0.5,2024,2,Rookie
34255,Joseph Bramlett,62,68.0,68.0,1,15111.0,0.3333333333333333,2024,2,Rookie
34256,Andrew Putnam,0,15.0,11.0,2,260424.0,0.5,2025,1,Familiar
34256,Andrew Putnam,1,23.666666666666668,14.0,3,216405.0,0.75,2025,1,Experienced
34256,Andrew Putnam,2,15.333333333333334,4.0,3,1079375.0,0.75,2024,2,Experienced
34256,Andrew Putnam,3,,,0,0.0,0.0,2022,4,Rookie
34256,Andrew Putnam,4,33.333333333333336,6.0,3,381846.0,0.75,2024,2,Experienced
34256,Andrew Putnam,5,,,0,0.0,0.0,2025,1,Rookie
34256,Andrew Putnam,8,16.5,10.0,2,614100.0,1.0,2023,3,Familiar
34256,Andrew Putnam,9,35.0,35.0,1,42735.0,1.0,2023,3,Rookie
34256,Andrew Putnam,10,29.333333333333332,15.0,3,215179.09,0.6,2025,1,Experienced
34256,Andrew Putnam,13,15.0,15.0,1,136719.0,1.0,2025,1,Rookie
34256,Andrew Putnam,14,29.0,29.0,1,65730.0,1.0,2023,3,Rookie
34256,Andrew Putnam,15,11.0,11.0,1,184985.71,1.0,2025,1,Rookie
34256,Andrew Putnam,16,32.0,32.0,1,52080.0,1.0,2025,1,Rookie
34256,Andrew Putnam,17,14.5,5.0,2,638285.72,1.0,2023,3,Familiar
34256,Andrew Putnam,18,36.5,30.0,2,67635.0,0.6666666666666666,2023,3,Familiar
34256,Andrew Putnam,19,41.333333333333336,32.0,3,144753.57,0.75,2024,2,Experienced
34256,Andrew Putnam,20,42.0,42.0,1,36255.0,0.3333333333333333,2025,1,Rookie
34256,Andrew Putnam,21,41.0,41.0,1,28125.0,1.0,2022,4,Rookie
34256,Andrew Putnam,25,41.0,41.0,1,28755.0,0.25,2025,1,Rookie
34256,Andrew Putnam,27,25.0,5.0,2,833000.0,0.6666666666666666,2024,2,Familiar
34256,Andrew Putnam,28,24.0,24.0,1,62755.0,0.5,2023,3,Rookie
34256,Andrew Putnam,29,49.0,49.0,1,18573.33,1.0,2025,1,Rookie
34256,Andrew Putnam,31,56.0,56.0,1,21470.0,1.0,2021,5,Rookie
34256,Andrew Putnam,32,61.0,61.0,1,9000.0,1.0,2025,1,Rookie
34256,Andrew Putnam,33,67.0,67.0,1,15403.0,1.0,2021,5,Rookie
34256,Andrew Putnam,34,53.0,53.0,1,32587.14,0.5,2024,2,Rookie
34256,Andrew Putnam,35,53.0,53.0,1,60250.0,0.2,2025,1,Rookie
34256,Andrew Putnam,36,44.0,44.0,1,20100.0,0.5,2025,1,Rookie
34256,Andrew Putnam,37,6.0,6.0,1,330750.0,1.0,2025,1,Rookie
34256,Andrew Putnam,38,38.5,18.0,2,264900.0,0.5,2024,2,Familiar
34256,Andrew Putnam,39,8.0,8.0,1,261600.0,1.0,2025,1,Rookie
34256,Andrew Putnam,40,,,0,0.0,0.0,2021,5,Rookie
34256,Andrew Putnam,41,27.666666666666668,21.0,3,155795.14,0.6,2025,1,Experienced
34256,Andrew Putnam,42,36.0,36.0,1,29411.25,1.0,2021,5,Rookie
34256,Andrew Putnam,43,41.5,30.0,2,60946.22,0.5,2025,1,Familiar
34256,Andrew Putnam,44,40.0,40.0,1,86000.0,1.0,2024,2,Rookie
34256,Andrew Putnam,46,13.0,11.0,3,436000.0,0.75,2024,2,Experienced
34256,Andrew Putnam,47,58.0,58.0,1,15750.0,1.0,2021,5,Rookie
34256,Andrew Putnam,48,17.75,4.0,4,643421.2000000001,0.8,2025,1,Experienced
34256,Andrew Putnam,51,37.0,13.0,4,280462.05,1.0,2024,2,Experienced
34256,Andrew Putnam,53,37.0,31.0,2,166856.0,1.0,2023,3,Familiar
34256,Andrew Putnam,54,,,0,0.0,0.0,2021,5,Rookie
34256,Andrew Putnam,56,27.666666666666668,14.0,3,218053.48,0.6,2025,1,Experienced
34256,Andrew Putnam,57,,,0,0.0,0.0,2025,1,Rookie
34256,Andrew Putnam,58,,,0,0.0,0.0,2021,5,Rookie
34256,Andrew Putnam,59,7.0,7.0,1,229341.67,1.0,2021,5,Rookie
34256,Andrew Putnam,60,36.0,29.0,2,155569.5,0.5,2024,2,Familiar
34256,Andrew Putnam,61,25.0,25.0,1,69197.14,0.25,2025,1,Rookie
34256,Andrew Putnam,62,27.0,27.0,2,101136.66,0.4,2025,1,Familiar
34256,Andrew Putnam,63,27.0,27.0,1,57035.0,1.0,2024,2,Rookie
34264,Hudson Swafford,1,1.0,1.0,1,1368000.0,0.5,2022,4,Rookie
34264,Hudson Swafford,2,,,0,0.0,0.0,2022,4,Rookie
34264,Hudson Swafford,3,,,0,0.0,0.0,2022,4,Rookie
34264,Hudson Swafford,6,,,0,0.0,0.0,2021,5,Rookie
34264,Hudson Swafford,8,17.0,17.0,1,133000.0,1.0,2021,5,Rookie
34264,Hudson Swafford,10,45.0,45.0,1,22335.0,1.0,2021,5,Rookie
34264,Hudson Swafford,12,32.0,32.0,1,51610.0,1.0,2022,4,Rookie
34264,Hudson Swafford,16,,,0,0.0,0.0,2022,4,Rookie
34264,Hudson Swafford,18,,,0,0.0,0.0,2022,4,Rookie
34264,Hudson Swafford,21,35.0,35.0,1,36562.5,1.0,2022,4,Rookie
34264,Hudson Swafford,22,,,0,0.0,0.0,2022,4,Rookie
34264,Hudson Swafford,25,,,0,0.0,0.0,2021,5,Rookie
34264,Hudson Swafford,26,62.0,62.0,1,20460.0,1.0,2021,5,Rookie
34264,Hudson Swafford,27,,,0,0.0,0.0,2022,4,Rookie
34264,Hudson Swafford,31,11.0,11.0,1,203775.0,1.0,2021,5,Rookie
34264,Hudson Swafford,33,2.0,2.0,1,411233.34,1.0,2021,5,Rookie
34264,Hudson Swafford,34,,,0,0.0,0.0,2022,4,Rookie
34264,Hudson Swafford,35,,,0,0.0,0.0,2022,4,Rookie
34264,Hudson Swafford,38,35.0,35.0,1,38171.42,0.5,2022,4,Rookie
34264,Hudson Swafford,41,,,0,0.0,0.0,2022,4,Rookie
34264,Hudson Swafford,42,56.0,56.0,1,15114.0,1.0,2021,5,Rookie
34264,Hudson Swafford,43,,,0,0.0,0.0,2022,4,Rookie
34264,Hudson Swafford,45,35.0,35.0,1,43000.0,1.0,2021,5,Rookie
34264,Hudson Swafford,46,56.0,56.0,1,15820.0,1.0,2022,4,Rookie
34264,Hudson Swafford,47,,,0,0.0,0.0,2021,5,Rookie
34264,Hudson Swafford,48,36.5,25.0,2,70349.29000000001,1.0,2022,4,Familiar
34264,Hudson Swafford,51,,,0,0.0,0.0,2021,5,Rookie
34264,Hudson Swafford,56,58.0,58.0,1,19522.0,1.0,2022,4,Rookie
34264,Hudson Swafford,57,,,0,0.0,0.0,2021,5,Rookie
34264,Hudson Swafford,58,,,0,0.0,0.0,2021,5,Rookie
34264,Hudson Swafford,59,,,0,0.0,0.0,2021,5,Rookie
34264,Hudson Swafford,61,60.0,60.0,1,18368.0,1.0,2022,4,Rookie
34264,Hudson Swafford,62,37.0,37.0,1,26560.0,1.0,2021,5,Rookie
34296,Wes Homan,6,,,0,0.0,0.0,2023,3,Rookie
34300,Daijiro Izumida,53,,,0,0.0,0.0,2022,4,Rookie
34306,John Chin,53,,,0,0.0,0.0,2024,2,Rookie
34308,Brandon Crick,41,,,0,0.0,0.0,2021,5,Rookie
34310,Alexander Björk,7,68.0,68.0,1,15675.0,1.0,2024,2,Rookie
34310,Alexander Björk,13,,,0,0.0,0.0,2024,2,Rookie
34310,Alexander Björk,15,47.0,47.0,1,23880.0,1.0,2024,2,Rookie
34310,Alexander Björk,16,70.0,70.0,1,18270.0,1.0,2024,2,Rookie
34310,Alexander Björk,20,35.0,35.0,1,52810.72,0.5,2024,2,Rookie
34310,Alexander Björk,28,,,0,0.0,0.0,2024,2,Rookie
34310,Alexander Björk,30,54.0,54.0,1,9416.0,1.0,2024,2,Rookie
34310,Alexander Björk,34,39.0,39.0,1,66847.5,1.0,2024,2,Rookie
34310,Alexander Björk,46,,,0,0.0,0.0,2024,2,Rookie
34310,Alexander Björk,48,,,0,0.0,0.0,2024,2,Rookie
34310,Alexander Björk,49,,,0,0.0,0.0,2024,2,Rookie
34310,Alexander Björk,56,33.0,33.0,1,49066.67,1.0,2024,2,Rookie
34310,Alexander Björk,57,54.0,54.0,1,19404.0,1.0,2024,2,Rookie
34310,Alexander Björk,61,,,0,0.0,0.0,2024,2,Rookie
34314,Sebastian Cappelen,0,,,0,0.0,0.0,2021,5,Rookie
34314,Sebastian Cappelen,1,64.0,64.0,1,14338.0,1.0,2021,5,Rookie
34314,Sebastian Cappelen,3,,,0,0.0,0.0,2021,5,Rookie
34314,Sebastian Cappelen,4,55.0,55.0,1,18096.0,1.0,2021,5,Rookie
34314,Sebastian Cappelen,16,,,0,0.0,0.0,2021,5,Rookie
34314,Sebastian Cappelen,22,,,0,0.0,0.0,2021,5,Rookie
34314,Sebastian Cappelen,25,,,0,0.0,0.0,2021,5,Rookie
34314,Sebastian Cappelen,33,,,0,0.0,0.0,2021,5,Rookie
34314,Sebastian Cappelen,40,,,0,0.0,0.0,2021,5,Rookie
34314,Sebastian Cappelen,41,57.0,57.0,1,15180.0,1.0,2021,5,Rookie
34314,Sebastian Cappelen,42,,,0,0.0,0.0,2021,5,Rookie
34314,Sebastian Cappelen,43,,,0,0.0,0.0,2021,5,Rookie
34314,Sebastian Cappelen,51,,,0,0.0,0.0,2021,5,Rookie
34314,Sebastian Cappelen,56,59.0,59.0,1,16940.0,1.0,2021,5,Rookie
34314,Sebastian Cappelen,57,,,0,0.0,0.0,2021,5,Rookie
34314,Sebastian Cappelen,60,,,0,0.0,0.0,2021,5,Rookie
34314,Sebastian Cappelen,62,,,0,0.0,0.0,2021,5,Rookie
34317,Joakim Lagergren,20,54.0,54.0,1,26190.0,1.0,2023,3,Rookie
34317,Joakim Lagergren,53,,,0,0.0,0.0,2025,1,Rookie
34317,Joakim Lagergren,55,,,0,0.0,0.0,2021,5,Rookie
34360,Patrick Reed,0,34.0,34.0,1,34386.0,1.0,2021,5,Rookie
34360,Patrick Reed,1,55.0,55.0,1,17632.0,0.5,2022,4,Rookie
34360,Patrick Reed,2,,,0,0.0,0.0,2022,4,Rookie
34360,Patrick Reed,10,7.0,7.0,1,246540.0,0.5,2022,4,Rookie
34360,Patrick Reed,12,68.0,68.0,1,17257.5,1.0,2022,4,Rookie
34360,Patrick Reed,16,23.5,1.0,2,1372008.0,1.0,2022,4,Familiar
34360,Patrick Reed,19,,,0,0.0,0.0,2022,4,Rookie
34360,Patrick Reed,21,61.0,61.0,1,16575.0,1.0,2022,4,Rookie
34360,Patrick Reed,22,,,0,0.0,0.0,2022,4,Rookie
34360,Patrick Reed,26,5.0,5.0,1,381300.0,1.0,2021,5,Rookie
34360,Patrick Reed,27,53.0,53.0,1,27994.28,1.0,2022,4,Rookie
34360,Patrick Reed,28,42.0,42.0,1,23287.0,1.0,2022,4,Rookie
34360,Patrick Reed,34,30.5,17.0,4,476594.28,0.8,2025,1,Experienced
34360,Patrick Reed,35,24.0,22.0,2,278964.29000000004,1.0,2022,4,Familiar
34360,Patrick Reed,40,32.0,32.0,1,41875.0,1.0,2021,5,Rookie
34360,Patrick Reed,45,18.0,15.0,2,207500.0,1.0,2022,4,Familiar
34360,Patrick Reed,46,,,0,0.0,0.0,2022,4,Rookie
34360,Patrick Reed,50,25.0,25.0,1,0.0,1.0,2021,5,Rookie
34360,Patrick Reed,51,25.0,25.0,1,58090.0,1.0,2021,5,Rookie
34360,Patrick Reed,53,42.666666666666664,23.0,3,249948.0,1.0,2025,1,Experienced
34360,Patrick Reed,54,13.0,13.0,1,210757.0,1.0,2021,5,Rookie
34360,Patrick Reed,55,23.0,23.0,1,161489.0,1.0,2021,5,Rookie
34360,Patrick Reed,57,,,0,0.0,0.0,2021,5,Rookie
34360,Patrick Reed,60,6.0,6.0,1,273375.0,0.5,2022,4,Rookie
34360,Patrick Reed,64,14.0,14.0,1,142933.33,1.0,2021,5,Rookie
34362,Laurie Canter,20,34.0,34.0,1,52950.0,0.5,2025,1,Rookie
34362,Laurie Canter,34,48.0,48.0,1,32145.83,0.5,2025,1,Rookie
34362,Laurie Canter,35,,,0,0.0,0.0,2025,1,Rookie
34362,Laurie Canter,53,55.0,55.0,1,46183.0,1.0,2025,1,Rookie
34362,Laurie Canter,55,55.0,55.0,1,46183.0,1.0,2021,5,Rookie
34363,Tyrrell Hatton,2,9.0,2.0,3,1805557.0,1.0,2023,3,Experienced
34363,Tyrrell Hatton,3,5.0,5.0,1,351500.0,1.0,2023,3,Rookie
34363,Tyrrell Hatton,8,28.5,23.0,2,255500.0,1.0,2023,3,Familiar
34363,Tyrrell Hatton,11,3.0,3.0,1,565500.0,1.0,2021,5,Rookie
34363,Tyrrell Hatton,12,18.0,18.0,1,116331.42,1.0,2022,4,Rookie
34363,Tyrrell Hatton,14,13.0,13.0,1,189756.0,1.0,2023,3,Rookie
34363,Tyrrell Hatton,17,37.0,31.0,2,143019.69,1.0,2023,3,Familiar
34363,Tyrrell Hatton,19,40.0,40.0,1,79000.0,1.0,2023,3,Rookie
34363,Tyrrell Hatton,20,6.0,6.0,1,261990.0,1.0,2023,3,Rookie
34363,Tyrrell Hatton,21,,,0,0.0,0.0,2022,4,Rookie
34363,Tyrrell Hatton,27,12.0,12.0,1,410000.0,1.0,2023,3,Rookie
34363,Tyrrell Hatton,31,,,0,0.0,0.0,2021,5,Rookie
34363,Tyrrell Hatton,33,2.0,2.0,1,411233.33,1.0,2021,5,Rookie
34363,Tyrrell Hatton,34,37.8,13.0,5,636299.62,1.0,2025,1,Veteran
34363,Tyrrell Hatton,35,7.5,2.0,2,3052222.2199999997,0.6666666666666666,2023,3,Familiar
34363,Tyrrell Hatton,37,3.0,3.0,1,477000.0,0.5,2023,3,Rookie
34363,Tyrrell Hatton,38,28.0,19.0,3,322729.45,1.0,2023,3,Experienced
34363,Tyrrell Hatton,41,23.0,23.0,1,55958.57,1.0,2021,5,Rookie
34363,Tyrrell Hatton,44,14.0,14.0,1,320250.0,1.0,2024,2,Rookie
34363,Tyrrell Hatton,48,13.0,13.0,1,153135.0,1.0,2024,2,Rookie
34363,Tyrrell Hatton,50,16.0,16.0,1,0.0,1.0,2023,3,Rookie
34363,Tyrrell Hatton,53,28.25,4.0,4,1213902.0,1.0,2025,1,Experienced
34363,Tyrrell Hatton,54,,,0,0.0,0.0,2021,5,Rookie
34363,Tyrrell Hatton,55,4.0,4.0,1,878815.0,1.0,2021,5,Rookie
34363,Tyrrell Hatton,56,,,0,0.0,0.0,2023,3,Rookie
34363,Tyrrell Hatton,57,21.0,21.0,1,85020.0,1.0,2022,4,Rookie
34363,Tyrrell Hatton,58,7.0,7.0,1,212625.0,1.0,2021,5,Rookie
34363,Tyrrell Hatton,60,20.0,3.0,2,1221850.0,1.0,2023,3,Familiar
34363,Tyrrell Hatton,61,6.0,6.0,1,652500.0,1.0,2023,3,Rookie
34363,Tyrrell Hatton,62,8.0,8.0,1,198925.0,1.0,2022,4,Rookie
34363,Tyrrell Hatton,64,28.0,28.0,1,50137.14,1.0,2021,5,Rookie
34364,David Law,20,,,0,0.0,0.0,2024,2,Rookie
34371,Adrien Saddier,6,3.0,3.0,1,224200.0,1.0,2023,3,Rookie
34371,Adrien Saddier,20,,,0,0.0,0.0,2025,1,Rookie
34371,Adrien Saddier,24,16.0,16.0,1,61000.0,1.0,2024,2,Rookie
34374,Erik Barnes,0,,,0,0.0,0.0,2024,2,Rookie
34374,Erik Barnes,1,,,0,0.0,0.0,2023,3,Rookie
34374,Erik Barnes,4,,,0,0.0,0.0,2023,3,Rookie
34374,Erik Barnes,7,60.0,60.0,1,16875.0,1.0,2024,2,Rookie
34374,Erik Barnes,9,43.0,43.0,1,30660.0,1.0,2023,3,Rookie
34374,Erik Barnes,10,,,0,0.0,0.0,2024,2,Rookie
34374,Erik Barnes,13,,,0,0.0,0.0,2024,2,Rookie
34374,Erik Barnes,16,28.0,13.0,2,189045.0,1.0,2024,2,Familiar
34374,Erik Barnes,18,,,0,0.0,0.0,2023,3,Rookie
34374,Erik Barnes,22,49.0,49.0,1,20944.0,1.0,2023,3,Rookie
34374,Erik Barnes,24,,,0,0.0,0.0,2025,1,Rookie
34374,Erik Barnes,25,,,0,0.0,0.0,2024,2,Rookie
34374,Erik Barnes,28,58.0,58.0,1,18630.0,1.0,2024,2,Rookie
34374,Erik Barnes,30,,,0,0.0,0.0,2024,2,Rookie
34374,Erik Barnes,35,,,0,0.0,0.0,2023,3,Rookie
34374,Erik Barnes,36,,,0,0.0,0.0,2024,2,Rookie
34374,Erik Barnes,37,65.0,65.0,1,20022.0,1.0,2024,2,Rookie
34374,Erik Barnes,38,58.0,58.0,1,44800.0,1.0,2024,2,Rookie
34374,Erik Barnes,40,,,0,0.0,0.0,2024,2,Rookie
34374,Erik Barnes,41,10.0,10.0,1,188325.0,0.5,2024,2,Rookie
34374,Erik Barnes,43,45.0,45.0,1,21795.22,0.5,2024,2,Rookie
34374,Erik Barnes,46,,,0,0.0,0.0,2023,3,Rookie
34374,Erik Barnes,48,,,0,0.0,0.0,2023,3,Rookie
34374,Erik Barnes,49,17.0,17.0,1,134225.0,1.0,2024,2,Rookie
34374,Erik Barnes,53,,,0,0.0,0.0,2022,4,Rookie
34374,Erik Barnes,56,,,0,0.0,0.0,2024,2,Rookie
34374,Erik Barnes,57,,,0,0.0,0.0,2024,2,Rookie
34374,Erik Barnes,58,38.0,38.0,1,29750.0,1.0,2021,5,Rookie
34387,Daniel Balin,34,,,0,0.0,0.0,2021,5,Rookie
34387,Daniel Balin,54,,,0,0.0,0.0,2021,5,Rookie
34409,David Lingmerth,0,49.0,28.0,2,59520.0,1.0,2022,4,Familiar
34409,David Lingmerth,1,,,0,0.0,0.0,2023,3,Rookie
34409,David Lingmerth,2,70.0,70.0,1,41200.0,1.0,2023,3,Rookie
34409,David Lingmerth,3,,,0,0.0,0.0,2021,5,Rookie
34409,David Lingmerth,4,58.0,58.0,1,20250.0,1.0,2023,3,Rookie
34409,David Lingmerth,6,11.0,11.0,1,77875.0,0.5,2022,4,Rookie
34409,David Lingmerth,9,,,0,0.0,0.0,2023,3,Rookie
34409,David Lingmerth,10,,,0,0.0,0.0,2023,3,Rookie
34409,David Lingmerth,16,,,0,0.0,0.0,2023,3,Rookie
34409,David Lingmerth,18,,,0,0.0,0.0,2023,3,Rookie
34409,David Lingmerth,20,3.0,3.0,1,468450.0,1.0,2023,3,Rookie
34409,David Lingmerth,22,10.0,10.0,1,220500.0,1.0,2023,3,Rookie
34409,David Lingmerth,25,,,0,0.0,0.0,2023,3,Rookie
34409,David Lingmerth,26,,,0,0.0,0.0,2021,5,Rookie
34409,David Lingmerth,27,48.0,48.0,1,32040.0,0.5,2023,3,Rookie
34409,David Lingmerth,28,,,0,0.0,0.0,2022,4,Rookie
34409,David Lingmerth,33,,,0,0.0,0.0,2021,5,Rookie
34409,David Lingmerth,34,,,0,0.0,0.0,2023,3,Rookie
34409,David Lingmerth,35,6.0,6.0,1,736607.14,1.0,2023,3,Rookie
34409,David Lingmerth,37,,,0,0.0,0.0,2023,3,Rookie
34409,David Lingmerth,40,57.0,57.0,1,18648.0,0.5,2023,3,Rookie
34409,David Lingmerth,41,10.0,10.0,1,188325.0,0.5,2023,3,Rookie
34409,David Lingmerth,43,,,0,0.0,0.0,2023,3,Rookie
34409,David Lingmerth,46,,,0,0.0,0.0,2023,3,Rookie
34409,David Lingmerth,48,,,0,0.0,0.0,2024,2,Rookie
34409,David Lingmerth,51,,,0,0.0,0.0,2023,3,Rookie
34409,David Lingmerth,53,49.0,49.0,1,44038.0,1.0,2022,4,Rookie
34409,David Lingmerth,56,,,0,0.0,0.0,2023,3,Rookie
34409,David Lingmerth,57,27.0,27.0,1,53190.0,1.0,2023,3,Rookie
34409,David Lingmerth,60,46.5,46.0,2,77892.22,1.0,2023,3,Familiar
34409,David Lingmerth,62,37.0,37.0,1,26560.0,0.3333333333333333,2023,3,Rookie
34414,Chris Paisley,6,,,0,0.0,0.0,2022,4,Rookie
34431,Robert Streb,0,28.5,11.0,2,182941.71,0.5,2024,2,Familiar
34431,Robert Streb,1,,,0,0.0,0.0,2023,3,Rookie
34431,Robert Streb,2,,,0,0.0,0.0,2021,5,Rookie
34431,Robert Streb,3,67.0,67.0,1,19855.0,0.5,2023,3,Rookie
34431,Robert Streb,6,,,0,0.0,0.0,2023,3,Rookie
34431,Robert Streb,8,60.0,60.0,1,20710.0,1.0,2021,5,Rookie
34431,Robert Streb,9,,,0,0.0,0.0,2023,3,Rookie
34431,Robert Streb,10,45.0,45.0,1,22335.0,0.5,2022,4,Rookie
34431,Robert Streb,12,9.0,9.0,1,243750.0,1.0,2022,4,Rookie
34431,Robert Streb,16,56.0,56.0,1,19152.0,0.3333333333333333,2023,3,Rookie
34431,Robert Streb,17,51.0,51.0,1,36050.0,1.0,2022,4,Rookie
34431,Robert Streb,18,,,0,0.0,0.0,2023,3,Rookie
34431,Robert Streb,19,,,0,0.0,0.0,2023,3,Rookie
34431,Robert Streb,21,7.0,7.0,1,227812.5,1.0,2022,4,Rookie
34431,Robert Streb,22,42.5,13.0,2,141416.66999999998,0.6666666666666666,2023,3,Familiar
34431,Robert Streb,25,42.0,42.0,1,24905.11,0.3333333333333333,2023,3,Rookie
34431,Robert Streb,26,,,0,0.0,0.0,2021,5,Rookie
34431,Robert Streb,27,,,0,0.0,0.0,2022,4,Rookie
34431,Robert Streb,28,,,0,0.0,0.0,2022,4,Rookie
34431,Robert Streb,31,16.0,16.0,1,144875.0,1.0,2021,5,Rookie
34431,Robert Streb,34,59.0,59.0,1,21400.0,1.0,2021,5,Rookie
34431,Robert Streb,35,,,0,0.0,0.0,2023,3,Rookie
34431,Robert Streb,37,53.0,53.0,1,20387.0,0.5,2023,3,Rookie
34431,Robert Streb,38,47.0,42.0,2,44604.5,0.6666666666666666,2023,3,Familiar
34431,Robert Streb,40,47.0,38.0,2,54013.0,0.6666666666666666,2023,3,Familiar
34431,Robert Streb,41,32.5,1.0,2,1205976.0,0.3333333333333333,2025,1,Familiar
34431,Robert Streb,42,,,0,0.0,0.0,2021,5,Rookie
34431,Robert Streb,43,35.0,35.0,1,38283.75,0.25,2023,3,Rookie
34431,Robert Streb,45,38.0,38.0,1,39000.0,1.0,2021,5,Rookie
34431,Robert Streb,46,27.0,27.0,1,46943.75,0.3333333333333333,2023,3,Rookie
34431,Robert Streb,48,67.0,67.0,1,13728.0,0.25,2024,2,Rookie
34431,Robert Streb,51,27.0,19.0,2,130933.0,0.6666666666666666,2023,3,Familiar
34431,Robert Streb,56,,,0,0.0,0.0,2022,4,Rookie
34431,Robert Streb,57,7.0,7.0,1,228930.0,0.5,2023,3,Rookie
34431,Robert Streb,59,,,0,0.0,0.0,2021,5,Rookie
34431,Robert Streb,60,,,0,0.0,0.0,2023,3,Rookie
34431,Robert Streb,61,,,0,0.0,0.0,2023,3,Rookie
34431,Robert Streb,62,25.0,14.0,2,153828.18,0.6666666666666666,2023,3,Familiar
34466,Peter Malnati,0,11.0,11.0,1,160875.0,0.2,2025,1,Rookie
34466,Peter Malnati,1,,,0,0.0,0.0,2025,1,Rookie
34466,Peter Malnati,2,,,0,0.0,0.0,2023,3,Rookie
34466,Peter Malnati,3,9.0,9.0,1,247975.0,1.0,2022,4,Rookie
34466,Peter Malnati,4,20.0,4.0,3,730444.72,0.75,2024,2,Experienced
34466,Peter Malnati,6,52.0,52.0,1,9006.0,1.0,2023,3,Rookie
34466,Peter Malnati,7,,,0,0.0,0.0,2024,2,Rookie
34466,Peter Malnati,9,,,0,0.0,0.0,2023,3,Rookie
34466,Peter Malnati,10,44.0,29.0,3,108729.09,0.6,2025,1,Experienced
34466,Peter Malnati,13,,,0,0.0,0.0,2025,1,Rookie
34466,Peter Malnati,15,9.0,9.0,1,210535.71,0.5,2025,1,Rookie
34466,Peter Malnati,16,18.333333333333332,10.0,3,332984.0,0.6,2025,1,Experienced
34466,Peter Malnati,17,59.0,59.0,1,44200.0,0.5,2024,2,Rookie
34466,Peter Malnati,18,16.5,11.0,2,260633.34,0.6666666666666666,2023,3,Familiar
34466,Peter Malnati,19,23.0,20.0,2,283466.66000000003,0.6666666666666666,2023,3,Familiar
34466,Peter Malnati,21,,,0,0.0,0.0,2022,4,Rookie
34466,Peter Malnati,22,,,0,0.0,0.0,2023,3,Rookie
34466,Peter Malnati,24,14.0,14.0,1,63400.0,1.0,2025,1,Rookie
34466,Peter Malnati,25,44.0,30.0,2,53094.27,0.4,2025,1,Familiar
34466,Peter Malnati,26,,,0,0.0,0.0,2021,5,Rookie
34466,Peter Malnati,27,33.0,33.0,1,106500.0,0.3333333333333333,2024,2,Rookie
34466,Peter Malnati,28,15.0,15.0,1,104187.22,0.5,2023,3,Rookie
34466,Peter Malnati,29,68.0,68.0,1,14700.0,1.0,2025,1,Rookie
34466,Peter Malnati,31,47.0,47.0,1,24330.55,1.0,2021,5,Rookie
34466,Peter Malnati,32,,,0,0.0,0.0,2025,1,Rookie
34466,Peter Malnati,34,,,0,0.0,0.0,2024,2,Rookie
34466,Peter Malnati,35,57.0,46.0,2,109200.0,0.4,2025,1,Familiar
34466,Peter Malnati,36,57.0,57.0,1,13740.0,1.0,2025,1,Rookie
34466,Peter Malnati,37,51.0,43.0,2,50384.0,0.6666666666666666,2025,1,Familiar
34466,Peter Malnati,38,45.5,42.0,2,77050.0,0.5,2024,2,Familiar
34466,Peter Malnati,39,41.0,41.0,1,36000.0,1.0,2025,1,Rookie
34466,Peter Malnati,40,52.0,9.0,3,257408.0,0.75,2024,2,Experienced
34466,Peter Malnati,41,44.0,40.0,2,44952.0,0.4,2024,2,Familiar
34466,Peter Malnati,42,,,0,0.0,0.0,2021,5,Rookie
34466,Peter Malnati,43,37.25,2.0,4,778256.82,0.8,2024,2,Experienced
34466,Peter Malnati,44,53.0,53.0,1,51500.0,1.0,2025,1,Rookie
34466,Peter Malnati,46,,,0,0.0,0.0,2024,2,Rookie
34466,Peter Malnati,47,5.0,5.0,1,259000.0,1.0,2021,5,Rookie
34466,Peter Malnati,48,14.0,14.0,1,113850.0,0.2,2025,1,Rookie
34466,Peter Malnati,49,36.0,36.0,1,39635.56,0.5,2025,1,Rookie
34466,Peter Malnati,51,62.666666666666664,54.0,3,73605.0,0.75,2024,2,Experienced
34466,Peter Malnati,53,,,0,0.0,0.0,2024,2,Rookie
34466,Peter Malnati,56,42.333333333333336,22.0,3,134401.66,0.75,2025,1,Experienced
34466,Peter Malnati,57,1.0,1.0,1,1512000.0,0.2,2025,1,Rookie
34466,Peter Malnati,60,53.333333333333336,43.0,3,89031.5,0.75,2024,2,Experienced
34466,Peter Malnati,61,57.0,49.0,2,40216.0,0.5,2025,1,Familiar
34466,Peter Malnati,62,44.5,27.0,2,65894.67,0.4,2025,1,Familiar
34500,Ryosuke Kinoshita,34,,,0,0.0,0.0,2022,4,Rookie
34500,Ryosuke Kinoshita,48,67.0,67.0,1,13728.0,1.0,2021,5,Rookie
34500,Ryosuke Kinoshita,63,27.0,27.0,1,57035.0,1.0,2024,2,Rookie
34563,Chesson Hadley,0,31.666666666666668,10.0,3,277203.0,0.6,2025,1,Experienced
34563,Chesson Hadley,1,,,0,0.0,0.0,2025,1,Rookie
34563,Chesson Hadley,3,69.0,69.0,1,18564.0,0.3333333333333333,2023,3,Rookie
34563,Chesson Hadley,4,,,0,0.0,0.0,2023,3,Rookie
34563,Chesson Hadley,5,,,0,0.0,0.0,2025,1,Rookie
34563,Chesson Hadley,6,68.0,68.0,1,7548.0,0.5,2022,4,Rookie
34563,Chesson Hadley,7,64.0,64.0,1,16200.0,1.0,2024,2,Rookie
34563,Chesson Hadley,9,,,0,0.0,0.0,2023,3,Rookie
34563,Chesson Hadley,10,,,0,0.0,0.0,2024,2,Rookie
34563,Chesson Hadley,13,,,0,0.0,0.0,2025,1,Rookie
34563,Chesson Hadley,15,35.0,35.0,1,43875.0,1.0,2024,2,Rookie
34563,Chesson Hadley,16,25.0,25.0,1,66262.5,0.3333333333333333,2024,2,Rookie
34563,Chesson Hadley,17,,,0,0.0,0.0,2022,4,Rookie
34563,Chesson Hadley,18,62.0,62.0,1,18648.0,0.3333333333333333,2023,3,Rookie
34563,Chesson Hadley,19,,,0,0.0,0.0,2023,3,Rookie
34563,Chesson Hadley,21,,,0,0.0,0.0,2022,4,Rookie
34563,Chesson Hadley,22,29.0,29.0,1,46426.15,0.5,2023,3,Rookie
34563,Chesson Hadley,24,,,0,0.0,0.0,2024,2,Rookie
34563,Chesson Hadley,25,25.333333333333332,10.0,3,261430.71,0.6,2025,1,Experienced
34563,Chesson Hadley,28,24.0,24.0,1,61695.0,1.0,2024,2,Rookie
34563,Chesson Hadley,30,10.0,10.0,1,101000.0,1.0,2024,2,Rookie
34563,Chesson Hadley,31,,,0,0.0,0.0,2021,5,Rookie
34563,Chesson Hadley,32,20.0,20.0,1,45480.0,1.0,2025,1,Rookie
34563,Chesson Hadley,33,2.0,2.0,1,411233.33,1.0,2021,5,Rookie
34563,Chesson Hadley,35,53.5,44.0,2,118435.72,0.6666666666666666,2024,2,Familiar
34563,Chesson Hadley,36,50.0,50.0,1,14562.86,0.5,2025,1,Rookie
34563,Chesson Hadley,37,47.0,43.0,2,51121.33,1.0,2024,2,Familiar
34563,Chesson Hadley,38,,,0,0.0,0.0,2023,3,Rookie
34563,Chesson Hadley,40,42.5,33.0,2,63723.57,0.5,2024,2,Familiar
34563,Chesson Hadley,41,30.5,23.0,2,91658.57,0.4,2025,1,Familiar
34563,Chesson Hadley,42,14.0,14.0,1,100650.0,1.0,2021,5,Rookie
34563,Chesson Hadley,43,45.0,35.0,3,76609.75,0.6,2024,2,Experienced
34563,Chesson Hadley,46,23.666666666666668,7.0,3,321400.9,0.75,2024,2,Experienced
34563,Chesson Hadley,47,,,0,0.0,0.0,2021,5,Rookie
34563,Chesson Hadley,48,,,0,0.0,0.0,2023,3,Rookie
34563,Chesson Hadley,49,,,0,0.0,0.0,2024,2,Rookie
34563,Chesson Hadley,51,14.5,5.0,2,573700.0,0.6666666666666666,2023,3,Familiar
34563,Chesson Hadley,53,,,0,0.0,0.0,2024,2,Rookie
34563,Chesson Hadley,54,51.0,51.0,1,28563.0,1.0,2021,5,Rookie
34563,Chesson Hadley,56,45.333333333333336,23.0,3,105287.4,0.75,2024,2,Experienced
34563,Chesson Hadley,57,,,0,0.0,0.0,2024,2,Rookie
34563,Chesson Hadley,60,,,0,0.0,0.0,2023,3,Rookie
34563,Chesson Hadley,61,23.0,23.0,1,174000.0,0.3333333333333333,2024,2,Rookie
34563,Chesson Hadley,62,23.5,8.0,4,368177.22,0.8,2025,1,Experienced
34575,Adrian Otaegui,20,,,0,0.0,0.0,2025,1,Rookie
34575,Adrian Otaegui,34,,,0,0.0,0.0,2024,2,Rookie
34575,Adrian Otaegui,54,,,0,0.0,0.0,2021,5,Rookie
34579,Alexander Levy,6,9.0,9.0,1,95950.0,1.0,2023,3,Rookie
34579,Alexander Levy,24,24.0,24.0,1,37000.0,1.0,2025,1,Rookie
34587,Chan Kim,0,,,0,0.0,0.0,2025,1,Rookie
34587,Chan Kim,1,,,0,0.0,0.0,2025,1,Rookie
34587,Chan Kim,4,65.0,65.0,1,17661.0,1.0,2022,4,Rookie
34587,Chan Kim,5,,,0,0.0,0.0,2025,1,Rookie
34587,Chan Kim,7,46.0,46.0,1,20137.5,1.0,2024,2,Rookie
34587,Chan Kim,10,,,0,0.0,0.0,2025,1,Rookie
34587,Chan Kim,13,,,0,0.0,0.0,2025,1,Rookie
34587,Chan Kim,15,30.0,28.0,2,111651.43,1.0,2025,1,Familiar
34587,Chan Kim,16,42.0,42.0,1,33945.0,0.5,2025,1,Rookie
34587,Chan Kim,24,12.0,10.0,2,156400.0,1.0,2025,1,Familiar
34587,Chan Kim,25,12.0,12.0,1,171600.0,0.5,2025,1,Rookie
34587,Chan Kim,27,67.0,67.0,1,25200.0,1.0,2022,4,Rookie
34587,Chan Kim,28,8.0,8.0,1,220725.0,1.0,2024,2,Rookie
34587,Chan Kim,29,17.0,17.0,1,99750.0,1.0,2025,1,Rookie
34587,Chan Kim,30,40.0,40.0,1,16200.0,1.0,2024,2,Rookie
34587,Chan Kim,32,,,0,0.0,0.0,2025,1,Rookie
34587,Chan Kim,34,23.0,23.0,1,103814.29,0.5,2022,4,Rookie
34587,Chan Kim,35,68.0,68.0,1,51500.0,0.5,2025,1,Rookie
34587,Chan Kim,36,26.0,26.0,1,43800.0,0.5,2025,1,Rookie
34587,Chan Kim,37,,,0,0.0,0.0,2025,1,Rookie
34587,Chan Kim,39,19.0,19.0,1,117984.0,1.0,2025,1,Rookie
34587,Chan Kim,40,,,0,0.0,0.0,2024,2,Rookie
34587,Chan Kim,41,41.0,41.0,1,25550.0,1.0,2025,1,Rookie
34587,Chan Kim,43,46.5,33.0,2,55810.0,1.0,2025,1,Familiar
34587,Chan Kim,46,,,0,0.0,0.0,2024,2,Rookie
34587,Chan Kim,48,53.0,53.0,1,20387.0,0.3333333333333333,2025,1,Rookie
34587,Chan Kim,49,46.0,39.0,2,58096.5,1.0,2025,1,Familiar
34587,Chan Kim,53,,,0,0.0,0.0,2022,4,Rookie
34587,Chan Kim,54,,,0,0.0,0.0,2021,5,Rookie
34587,Chan Kim,56,9.5,5.0,2,435601.82,1.0,2025,1,Familiar
34587,Chan Kim,57,67.0,67.0,1,17388.0,0.5,2025,1,Rookie
34587,Chan Kim,61,,,0,0.0,0.0,2025,1,Rookie
34587,Chan Kim,62,12.0,12.0,1,144965.0,0.5,2025,1,Rookie
34587,Chan Kim,63,54.0,54.0,1,17595.0,1.0,2024,2,Rookie
34587,Chan Kim,64,60.0,60.0,1,15520.0,1.0,2021,5,Rookie
34607,Francesco Laporta,20,50.0,50.0,1,29754.0,1.0,2025,1,Rookie
34607,Francesco Laporta,24,50.0,50.0,1,10306.67,1.0,2024,2,Rookie
34610,Matthias Schwab,0,68.0,64.0,2,31464.0,1.0,2023,3,Familiar
34610,Matthias Schwab,1,26.0,26.0,1,58400.0,1.0,2023,3,Rookie
34610,Matthias Schwab,3,59.0,59.0,1,20202.0,0.5,2023,3,Rookie
34610,Matthias Schwab,4,49.0,49.0,1,21088.8,0.5,2023,3,Rookie
34610,Matthias Schwab,6,,,0,0.0,0.0,2023,3,Rookie
34610,Matthias Schwab,9,64.0,64.0,1,18312.0,1.0,2023,3,Rookie
34610,Matthias Schwab,10,63.5,57.0,2,36732.0,1.0,2023,3,Familiar
34610,Matthias Schwab,17,,,0,0.0,0.0,2022,4,Rookie
34610,Matthias Schwab,18,31.0,11.0,2,214780.0,1.0,2023,3,Familiar
34610,Matthias Schwab,19,50.0,50.0,1,48866.66,1.0,2023,3,Rookie
34610,Matthias Schwab,21,35.0,35.0,1,36562.5,1.0,2022,4,Rookie
34610,Matthias Schwab,22,33.5,7.0,2,278732.0,1.0,2023,3,Familiar
34610,Matthias Schwab,24,,,0,0.0,0.0,2025,1,Rookie
34610,Matthias Schwab,25,16.0,16.0,1,97802.5,0.5,2023,3,Rookie
34610,Matthias Schwab,28,,,0,0.0,0.0,2023,3,Rookie
34610,Matthias Schwab,35,54.0,54.0,1,58000.0,1.0,2023,3,Rookie
34610,Matthias Schwab,37,,,0,0.0,0.0,2023,3,Rookie
34610,Matthias Schwab,38,59.0,59.0,1,17680.0,0.5,2023,3,Rookie
34610,Matthias Schwab,40,83.0,83.0,1,15664.0,0.5,2023,3,Rookie
34610,Matthias Schwab,41,42.0,22.0,2,90180.0,0.6666666666666666,2023,3,Familiar
34610,Matthias Schwab,43,,,0,0.0,0.0,2023,3,Rookie
34610,Matthias Schwab,46,69.0,63.0,2,34076.0,1.0,2023,3,Familiar
34610,Matthias Schwab,48,,,0,0.0,0.0,2023,3,Rookie
34610,Matthias Schwab,51,53.0,53.0,1,20003.0,0.5,2023,3,Rookie
34610,Matthias Schwab,54,,,0,0.0,0.0,2021,5,Rookie
34610,Matthias Schwab,56,8.0,8.0,1,234350.0,0.5,2023,3,Rookie
34610,Matthias Schwab,57,,,0,0.0,0.0,2023,3,Rookie
34610,Matthias Schwab,60,,,0,0.0,0.0,2023,3,Rookie
34610,Matthias Schwab,61,,,0,0.0,0.0,2023,3,Rookie
34610,Matthias Schwab,62,,,0,0.0,0.0,2023,3,Rookie
34656,Mikumu Horikawa,64,66.0,66.0,1,14560.0,1.0,2021,5,Rookie
34697,Yi Cao,0,,,0,0.0,0.0,2025,1,Rookie
34697,Yi Cao,5,,,0,0.0,0.0,2025,1,Rookie
34697,Yi Cao,37,,,0,0.0,0.0,2025,1,Rookie
34708,Jack Senior,24,40.0,40.0,1,16600.0,1.0,2025,1,Rookie
34709,Eddie Pepperell,20,,,0,0.0,0.0,2023,3,Rookie
34709,Eddie Pepperell,54,,,0,0.0,0.0,2021,5,Rookie
35087,Bio Kim,14,37.0,37.0,1,46830.0,1.0,2023,3,Rookie
35087,Bio Kim,20,,,0,0.0,0.0,2023,3,Rookie
35087,Bio Kim,34,,,0,0.0,0.0,2022,4,Rookie
35104,Tom Lewis,0,67.0,67.0,1,13794.0,1.0,2021,5,Rookie
35104,Tom Lewis,3,,,0,0.0,0.0,2021,5,Rookie
35104,Tom Lewis,4,14.0,14.0,1,146250.0,1.0,2021,5,Rookie
35104,Tom Lewis,6,45.0,40.0,2,24069.5,1.0,2022,4,Familiar
35104,Tom Lewis,10,,,0,0.0,0.0,2021,5,Rookie
35104,Tom Lewis,16,42.0,42.0,1,25875.0,1.0,2021,5,Rookie
35104,Tom Lewis,22,36.0,36.0,1,29785.0,1.0,2021,5,Rookie
35104,Tom Lewis,25,55.0,55.0,1,14446.0,1.0,2021,5,Rookie
35104,Tom Lewis,33,,,0,0.0,0.0,2021,5,Rookie
35104,Tom Lewis,34,71.0,71.0,1,19350.0,1.0,2021,5,Rookie
35104,Tom Lewis,35,,,0,0.0,0.0,2021,5,Rookie
35104,Tom Lewis,38,25.0,25.0,1,52273.75,1.0,2021,5,Rookie
35104,Tom Lewis,40,25.0,25.0,1,56410.71,1.0,2021,5,Rookie
35104,Tom Lewis,43,,,0,0.0,0.0,2021,5,Rookie
35104,Tom Lewis,47,43.0,43.0,1,21665.0,1.0,2021,5,Rookie
35104,Tom Lewis,51,47.0,47.0,1,19377.43,1.0,2021,5,Rookie
35104,Tom Lewis,54,,,0,0.0,0.0,2021,5,Rookie
35104,Tom Lewis,56,54.0,54.0,1,17941.0,1.0,2021,5,Rookie
35104,Tom Lewis,57,48.0,48.0,1,17687.0,1.0,2021,5,Rookie
35104,Tom Lewis,58,,,0,0.0,0.0,2021,5,Rookie
35104,Tom Lewis,59,,,0,0.0,0.0,2021,5,Rookie
35104,Tom Lewis,60,,,0,0.0,0.0,2021,5,Rookie
35104,Tom Lewis,62,,,0,0.0,0.0,2021,5,Rookie
35110,Brett Drewitt,0,,,0,0.0,0.0,2022,4,Rookie
35110,Brett Drewitt,1,,,0,0.0,0.0,2022,4,Rookie
35110,Brett Drewitt,3,,,0,0.0,0.0,2022,4,Rookie
35110,Brett Drewitt,4,,,0,0.0,0.0,2022,4,Rookie
35110,Brett Drewitt,6,,,0,0.0,0.0,2022,4,Rookie
35110,Brett Drewitt,16,,,0,0.0,0.0,2022,4,Rookie
35110,Brett Drewitt,18,,,0,0.0,0.0,2022,4,Rookie
35110,Brett Drewitt,22,42.0,29.0,2,64586.16,1.0,2023,3,Familiar
35110,Brett Drewitt,25,,,0,0.0,0.0,2022,4,Rookie
35110,Brett Drewitt,28,73.0,73.0,1,14527.0,1.0,2022,4,Rookie
35110,Brett Drewitt,37,53.0,53.0,1,20387.0,1.0,2022,4,Rookie
35110,Brett Drewitt,40,,,0,0.0,0.0,2022,4,Rookie
35110,Brett Drewitt,41,,,0,0.0,0.0,2023,3,Rookie
35110,Brett Drewitt,43,,,0,0.0,0.0,2025,1,Rookie
35110,Brett Drewitt,48,55.0,55.0,1,17400.0,1.0,2022,4,Rookie
35110,Brett Drewitt,51,,,0,0.0,0.0,2022,4,Rookie
35110,Brett Drewitt,60,,,0,0.0,0.0,2022,4,Rookie
35110,Brett Drewitt,62,61.0,61.0,1,15841.0,1.0,2022,4,Rookie
35133,Bryce Easton,6,,,0,0.0,0.0,2023,3,Rookie
35174,Matthew Southgate,20,,,0,0.0,0.0,2024,2,Rookie
35181,Daniel van Tonder,34,44.0,44.0,1,31300.0,0.3333333333333333,2025,1,Rookie
35225,Brandon Stone,0,,,0,0.0,0.0,2021,5,Rookie
35225,Brandon Stone,20,,,0,0.0,0.0,2025,1,Rookie
35225,Brandon Stone,34,,,0,0.0,0.0,2021,5,Rookie
35230,Nelson Ledesma,0,,,0,0.0,0.0,2021,5,Rookie
35230,Nelson Ledesma,1,68.0,68.0,1,14003.0,1.0,2021,5,Rookie
35230,Nelson Ledesma,3,47.0,47.0,1,20958.75,1.0,2021,5,Rookie
35230,Nelson Ledesma,4,,,0,0.0,0.0,2021,5,Rookie
35230,Nelson Ledesma,6,,,0,0.0,0.0,2021,5,Rookie
35230,Nelson Ledesma,13,,,0,0.0,0.0,2025,1,Rookie
35230,Nelson Ledesma,16,,,0,0.0,0.0,2021,5,Rookie
35230,Nelson Ledesma,25,,,0,0.0,0.0,2021,5,Rookie
35230,Nelson Ledesma,33,,,0,0.0,0.0,2021,5,Rookie
35230,Nelson Ledesma,40,41.0,41.0,1,24115.91,1.0,2021,5,Rookie
35230,Nelson Ledesma,42,23.0,23.0,1,57420.0,1.0,2021,5,Rookie
35230,Nelson Ledesma,48,47.0,47.0,1,16903.33,1.0,2021,5,Rookie
35230,Nelson Ledesma,57,,,0,0.0,0.0,2021,5,Rookie
35230,Nelson Ledesma,62,62.0,62.0,1,14016.0,1.0,2021,5,Rookie
35261,Miguel Tabuena,6,,,0,0.0,0.0,2022,4,Rookie
35296,Haotong Li,0,,,0,0.0,0.0,2025,1,Rookie
35296,Haotong Li,20,21.0,21.0,1,97650.0,0.3333333333333333,2025,1,Rookie
35296,Haotong Li,26,,,0,0.0,0.0,2021,5,Rookie
35296,Haotong Li,48,12.0,12.0,1,148875.0,1.0,2022,4,Rookie
35300,Andrew Loupe,3,,,0,0.0,0.0,2022,4,Rookie
35300,Andrew Loupe,6,74.0,74.0,1,6895.0,1.0,2021,5,Rookie
35310,Lanto Griffin,0,44.0,44.0,1,27945.0,0.25,2025,1,Rookie
35310,Lanto Griffin,1,18.5,3.0,2,444893.33,0.6666666666666666,2025,1,Familiar
35310,Lanto Griffin,2,36.5,21.0,2,125727.0,1.0,2022,4,Familiar
35310,Lanto Griffin,3,51.0,51.0,1,21635.25,1.0,2022,4,Rookie
35310,Lanto Griffin,4,37.0,16.0,2,140092.5,1.0,2023,3,Familiar
35310,Lanto Griffin,5,,,0,0.0,0.0,2025,1,Rookie
35310,Lanto Griffin,7,54.0,54.0,1,17400.0,1.0,2024,2,Rookie
35310,Lanto Griffin,10,,,0,0.0,0.0,2025,1,Rookie
35310,Lanto Griffin,11,7.0,7.0,1,314437.5,1.0,2021,5,Rookie
35310,Lanto Griffin,13,,,0,0.0,0.0,2025,1,Rookie
35310,Lanto Griffin,16,29.4,7.0,5,571835.0,1.0,2025,1,Veteran
35310,Lanto Griffin,18,66.0,66.0,1,14770.0,0.5,2023,3,Rookie
35310,Lanto Griffin,19,32.5,26.0,2,112890.0,0.6666666666666666,2023,3,Familiar
35310,Lanto Griffin,21,64.0,64.0,1,16200.0,1.0,2022,4,Rookie
35310,Lanto Griffin,24,35.5,10.0,2,101920.0,1.0,2025,1,Familiar
35310,Lanto Griffin,25,51.0,51.0,1,18080.66,0.25,2025,1,Rookie
35310,Lanto Griffin,26,,,0,0.0,0.0,2021,5,Rookie
35310,Lanto Griffin,27,57.5,51.0,2,73160.0,1.0,2023,3,Familiar
35310,Lanto Griffin,28,43.0,15.0,3,142628.22999999998,1.0,2024,2,Experienced
35310,Lanto Griffin,29,25.0,25.0,1,59350.0,1.0,2025,1,Rookie
35310,Lanto Griffin,30,66.0,66.0,1,8560.0,1.0,2024,2,Rookie
35310,Lanto Griffin,31,64.0,64.0,1,20140.0,1.0,2021,5,Rookie
35310,Lanto Griffin,32,,,0,0.0,0.0,2025,1,Rookie
35310,Lanto Griffin,34,60.0,60.0,1,26125.0,0.5,2022,4,Rookie
35310,Lanto Griffin,35,35.0,35.0,1,73125.0,0.3333333333333333,2025,1,Rookie
35310,Lanto Griffin,36,32.0,3.0,2,427380.0,1.0,2025,1,Familiar
35310,Lanto Griffin,37,39.0,27.0,2,86944.66,0.6666666666666666,2025,1,Familiar
35310,Lanto Griffin,38,,,0,0.0,0.0,2023,3,Rookie
35310,Lanto Griffin,39,51.0,51.0,1,22709.33,1.0,2025,1,Rookie
35310,Lanto Griffin,40,25.0,25.0,1,56410.71,0.3333333333333333,2024,2,Rookie
35310,Lanto Griffin,41,54.0,40.0,2,42960.0,0.5,2025,1,Familiar
35310,Lanto Griffin,43,28.0,28.0,1,53768.57,0.3333333333333333,2025,1,Rookie
35310,Lanto Griffin,45,13.0,13.0,1,125250.0,1.0,2021,5,Rookie
35310,Lanto Griffin,46,16.0,6.0,3,447930.0,1.0,2024,2,Experienced
35310,Lanto Griffin,47,,,0,0.0,0.0,2021,5,Rookie
35310,Lanto Griffin,48,56.5,41.0,2,40690.0,0.6666666666666666,2025,1,Familiar
35310,Lanto Griffin,49,57.0,57.0,1,20475.0,0.5,2025,1,Rookie
35310,Lanto Griffin,51,70.0,70.0,1,15022.0,0.3333333333333333,2023,3,Rookie
35310,Lanto Griffin,53,,,0,0.0,0.0,2025,1,Rookie
35310,Lanto Griffin,54,43.0,43.0,1,39275.0,1.0,2021,5,Rookie
35310,Lanto Griffin,55,,,0,0.0,0.0,2021,5,Rookie
35310,Lanto Griffin,56,38.6,15.0,5,251518.4,1.0,2025,1,Veteran
35310,Lanto Griffin,57,,,0,0.0,0.0,2025,1,Rookie
35310,Lanto Griffin,58,58.0,58.0,1,15890.0,1.0,2021,5,Rookie
35310,Lanto Griffin,60,16.0,6.0,2,357025.91000000003,0.6666666666666666,2023,3,Familiar
35310,Lanto Griffin,61,,,0,0.0,0.0,2025,1,Rookie
35310,Lanto Griffin,62,23.0,23.0,1,82410.0,0.5,2025,1,Rookie
35310,Lanto Griffin,64,11.0,11.0,1,184000.0,1.0,2021,5,Rookie
35314,Andy Sullivan,6,,,0,0.0,0.0,2023,3,Rookie
35314,Andy Sullivan,20,17.0,17.0,1,120510.0,1.0,2025,1,Rookie
35314,Andy Sullivan,24,16.0,16.0,1,61000.0,1.0,2024,2,Rookie
35314,Andy Sullivan,34,,,0,0.0,0.0,2021,5,Rookie
35314,Andy Sullivan,41,,,0,0.0,0.0,2021,5,Rookie
35314,Andy Sullivan,54,,,0,0.0,0.0,2021,5,Rookie
35376,Roberto Díaz,28,,,0,0.0,0.0,2024,2,Rookie
35376,Roberto Díaz,53,,,0,0.0,0.0,2025,1,Rookie
35376,Roberto Díaz,55,,,0,0.0,0.0,2021,5,Rookie
35376,Roberto Díaz,56,37.0,37.0,1,43165.0,1.0,2023,3,Rookie
35409,Craig Hocknull,46,,,0,0.0,0.0,2023,3,Rookie
35409,Craig Hocknull,47,,,0,0.0,0.0,2021,5,Rookie
35409,Craig Hocknull,61,,,0,0.0,0.0,2022,4,Rookie
35413,Kevin Stinson,37,,,0,0.0,0.0,2024,2,Rookie
35421,Brandon Harkins,4,,,0,0.0,0.0,2022,4,Rookie
35437,Carter Jenkins,53,,,0,0.0,0.0,2024,2,Rookie
35449,Adam Long,0,26.0,16.0,3,192252.5,0.75,2024,2,Experienced
35449,Adam Long,1,69.0,69.0,1,13869.0,0.3333333333333333,2023,3,Rookie
35449,Adam Long,2,32.0,32.0,1,67000.0,0.5,2022,4,Rookie
35449,Adam Long,3,50.0,50.0,1,22216.43,1.0,2023,3,Rookie
35449,Adam Long,4,48.0,48.0,1,22821.43,0.5,2023,3,Rookie
35449,Adam Long,6,16.0,16.0,1,52345.0,1.0,2023,3,Rookie
35449,Adam Long,9,,,0,0.0,0.0,2023,3,Rookie
35449,Adam Long,10,27.5,20.0,2,110269.5,0.6666666666666666,2023,3,Familiar
35449,Adam Long,11,74.0,74.0,1,16380.0,1.0,2021,5,Rookie
35449,Adam Long,16,69.0,65.0,2,35289.0,0.6666666666666666,2024,2,Familiar
35449,Adam Long,17,,,0,0.0,0.0,2022,4,Rookie
35449,Adam Long,18,,,0,0.0,0.0,2023,3,Rookie
35449,Adam Long,19,62.5,50.0,2,72266.67,0.6666666666666666,2023,3,Familiar
35449,Adam Long,21,11.0,11.0,1,166875.0,1.0,2022,4,Rookie
35449,Adam Long,22,,,0,0.0,0.0,2023,3,Rookie
35449,Adam Long,24,,,0,0.0,0.0,2024,2,Rookie
35449,Adam Long,25,18.0,13.0,2,194531.67,0.5,2024,2,Familiar
35449,Adam Long,26,26.0,26.0,1,67890.0,1.0,2021,5,Rookie
35449,Adam Long,27,,,0,0.0,0.0,2023,3,Rookie
35449,Adam Long,28,16.5,15.0,2,202618.89,1.0,2023,3,Familiar
35449,Adam Long,30,,,0,0.0,0.0,2024,2,Rookie
35449,Adam Long,31,,,0,0.0,0.0,2021,5,Rookie
35449,Adam Long,34,,,0,0.0,0.0,2021,5,Rookie
35449,Adam Long,35,34.0,22.0,2,193664.28,0.6666666666666666,2023,3,Familiar
35449,Adam Long,37,39.0,21.0,2,114990.0,0.6666666666666666,2024,2,Familiar
35449,Adam Long,38,35.5,12.0,2,185466.67,0.6666666666666666,2023,3,Familiar
35449,Adam Long,40,,,0,0.0,0.0,2023,3,Rookie
35449,Adam Long,41,23.0,16.0,2,145752.86,0.4,2024,2,Familiar
35449,Adam Long,43,31.333333333333332,29.0,3,132620.97,0.75,2023,3,Experienced
35449,Adam Long,46,35.0,35.0,1,40080.0,0.5,2023,3,Rookie
35449,Adam Long,48,48.0,48.0,1,20250.33,0.5,2023,3,Rookie
35449,Adam Long,49,64.0,64.0,1,19383.0,1.0,2024,2,Rookie
35449,Adam Long,51,25.0,25.0,1,61835.0,0.3333333333333333,2023,3,Rookie
35449,Adam Long,54,13.0,13.0,1,210757.0,1.0,2021,5,Rookie
35449,Adam Long,56,35.0,35.0,1,41925.0,0.25,2024,2,Rookie
35449,Adam Long,57,19.0,19.0,1,89100.0,0.3333333333333333,2023,3,Rookie
35449,Adam Long,58,11.0,11.0,1,155750.0,1.0,2021,5,Rookie
35449,Adam Long,59,,,0,0.0,0.0,2021,5,Rookie
35449,Adam Long,60,,,0,0.0,0.0,2023,3,Rookie
35449,Adam Long,61,42.0,42.0,1,65350.0,0.5,2023,3,Rookie
35449,Adam Long,62,,,0,0.0,0.0,2023,3,Rookie
35449,Adam Long,64,66.0,66.0,1,14560.0,1.0,2021,5,Rookie
35450,Patrick Cantlay,1,10.5,2.0,4,1350900.0,1.0,2025,1,Experienced
35450,Patrick Cantlay,2,23.666666666666668,4.0,3,1014375.0,1.0,2025,1,Experienced
35450,Patrick Cantlay,4,12.75,3.0,4,1405700.0,1.0,2025,1,Experienced
35450,Patrick Cantlay,8,12.0,1.0,5,5232111.11,1.0,2025,1,Veteran
35450,Patrick Cantlay,11,38.0,38.0,1,40560.0,1.0,2021,5,Rookie
35450,Patrick Cantlay,16,56.0,56.0,1,20340.0,1.0,2024,2,Rookie
35450,Patrick Cantlay,17,20.0,2.0,4,3100200.0,1.0,2025,1,Experienced
35450,Patrick Cantlay,19,12.0,3.0,5,3198291.67,1.0,2025,1,Veteran
35450,Patrick Cantlay,20,,,0,0.0,0.0,2023,3,Rookie
35450,Patrick Cantlay,26,1.0,1.0,1,1674000.0,1.0,2021,5,Rookie
35450,Patrick Cantlay,27,15.0,3.0,3,1240250.0,0.75,2025,1,Experienced
35450,Patrick Cantlay,31,11.0,11.0,1,203775.0,1.0,2021,5,Rookie
35450,Patrick Cantlay,34,28.333333333333332,9.0,3,601401.42,0.6,2025,1,Experienced
35450,Patrick Cantlay,35,33.0,12.0,3,882750.0,0.6,2025,1,Experienced
35450,Patrick Cantlay,36,30.0,30.0,1,36825.0,1.0,2025,1,Rookie
35450,Patrick Cantlay,38,5.25,2.0,4,3776000.0,0.8,2025,1,Experienced
35450,Patrick Cantlay,39,32.0,32.0,1,58560.0,1.0,2025,1,Rookie
35450,Patrick Cantlay,40,2.0,2.0,1,635600.0,1.0,2022,4,Rookie
35450,Patrick Cantlay,44,13.5,12.0,2,742000.0,1.0,2025,1,Familiar
35450,Patrick Cantlay,45,11.0,4.0,3,766250.0,1.0,2023,3,Experienced
35450,Patrick Cantlay,46,2.0,2.0,1,712000.0,1.0,2023,3,Rookie
35450,Patrick Cantlay,47,8.0,8.0,1,190750.0,1.0,2021,5,Rookie
35450,Patrick Cantlay,50,6.4,1.0,5,4352500.0,1.0,2025,1,Veteran
35450,Patrick Cantlay,51,9.4,4.0,5,2276525.0,1.0,2025,1,Veteran
35450,Patrick Cantlay,52,4.0,4.0,1,826666.67,1.0,2025,1,Rookie
35450,Patrick Cantlay,53,10.333333333333334,3.0,3,1802696.0,0.75,2025,1,Experienced
35450,Patrick Cantlay,54,43.0,43.0,1,39275.0,1.0,2021,5,Rookie
35450,Patrick Cantlay,55,,,0,0.0,0.0,2021,5,Rookie
35450,Patrick Cantlay,56,33.0,33.0,1,50666.67,1.0,2025,1,Rookie
35450,Patrick Cantlay,60,25.0,21.0,2,365500.0,0.6666666666666666,2024,2,Familiar
35450,Patrick Cantlay,61,2.0,2.0,1,893800.0,0.5,2023,3,Rookie
35450,Patrick Cantlay,64,1.0,1.0,1,1440000.0,1.0,2021,5,Rookie
35461,Beau Hossler,0,31.0,13.0,2,152890.29,0.4,2025,1,Familiar
35461,Beau Hossler,1,31.0,12.0,2,189280.0,0.6666666666666666,2025,1,Familiar
35461,Beau Hossler,2,20.0,20.0,1,131400.0,0.5,2023,3,Rookie
35461,Beau Hossler,3,17.0,17.0,1,116707.5,0.5,2022,4,Rookie
35461,Beau Hossler,4,28.8,3.0,5,1197364.0,1.0,2025,1,Veteran
35461,Beau Hossler,5,,,0,0.0,0.0,2025,1,Rookie
35461,Beau Hossler,6,15.0,15.0,1,58625.0,1.0,2021,5,Rookie
35461,Beau Hossler,7,11.0,11.0,1,137625.0,1.0,2024,2,Rookie
35461,Beau Hossler,9,,,0,0.0,0.0,2023,3,Rookie
35461,Beau Hossler,10,50.0,21.0,3,137443.0,0.75,2025,1,Experienced
35461,Beau Hossler,13,58.5,52.0,2,43592.43,1.0,2025,1,Familiar
35461,Beau Hossler,15,30.0,28.0,2,111651.43,1.0,2025,1,Familiar
35461,Beau Hossler,16,10.5,6.0,2,436481.67000000004,0.4,2025,1,Familiar
35461,Beau Hossler,17,38.5,20.0,2,267200.0,1.0,2023,3,Familiar
35461,Beau Hossler,18,23.666666666666668,16.0,3,201054.73,1.0,2023,3,Experienced
35461,Beau Hossler,19,36.0,24.0,2,195285.71000000002,0.6666666666666666,2024,2,Familiar
35461,Beau Hossler,22,38.0,16.0,2,122073.33,1.0,2022,4,Familiar
35461,Beau Hossler,24,14.0,14.0,1,63400.0,1.0,2025,1,Rookie
35461,Beau Hossler,25,32.666666666666664,11.0,3,249590.0,0.75,2025,1,Experienced
35461,Beau Hossler,27,28.0,24.0,2,231520.0,1.0,2023,3,Familiar
35461,Beau Hossler,28,10.0,10.0,1,179025.0,1.0,2023,3,Rookie
35461,Beau Hossler,29,,,0,0.0,0.0,2025,1,Rookie
35461,Beau Hossler,30,4.0,4.0,1,147000.0,1.0,2024,2,Rookie
35461,Beau Hossler,32,,,0,0.0,0.0,2025,1,Rookie
35461,Beau Hossler,33,19.0,19.0,1,86505.0,1.0,2021,5,Rookie
35461,Beau Hossler,34,42.666666666666664,19.0,3,264967.22,0.75,2025,1,Experienced
35461,Beau Hossler,35,50.0,50.0,1,63500.0,0.2,2025,1,Rookie
35461,Beau Hossler,36,47.0,47.0,1,16620.0,0.5,2025,1,Rookie
35461,Beau Hossler,37,33.0,14.0,2,175864.0,1.0,2025,1,Familiar
35461,Beau Hossler,38,31.0,31.0,1,107400.0,0.3333333333333333,2023,3,Rookie
35461,Beau Hossler,39,60.0,60.0,1,21024.0,1.0,2025,1,Rookie
35461,Beau Hossler,40,41.666666666666664,25.0,3,122129.8,0.75,2024,2,Experienced
35461,Beau Hossler,41,42.5,21.0,2,91696.25,0.6666666666666666,2025,1,Familiar
35461,Beau Hossler,42,23.0,23.0,1,57420.0,1.0,2021,5,Rookie
35461,Beau Hossler,43,29.0,2.0,3,897348.5700000001,0.75,2025,1,Experienced
35461,Beau Hossler,46,31.333333333333332,7.0,3,320533.33,1.0,2024,2,Experienced
35461,Beau Hossler,47,34.0,34.0,1,33483.34,1.0,2021,5,Rookie
35461,Beau Hossler,48,,,0,0.0,0.0,2022,4,Rookie
35461,Beau Hossler,49,57.0,57.0,1,20475.0,0.5,2025,1,Rookie
35461,Beau Hossler,51,10.0,10.0,1,186850.0,0.3333333333333333,2023,3,Rookie
35461,Beau Hossler,53,53.0,53.0,1,40630.0,0.5,2024,2,Rookie
35461,Beau Hossler,56,51.4,4.0,5,422551.14,1.0,2025,1,Veteran
35461,Beau Hossler,57,54.5,39.0,2,43449.0,0.5,2025,1,Familiar
35461,Beau Hossler,58,,,0,0.0,0.0,2021,5,Rookie
35461,Beau Hossler,59,,,0,0.0,0.0,2021,5,Rookie
35461,Beau Hossler,60,62.0,47.0,2,66693.22,0.6666666666666666,2023,3,Familiar
35461,Beau Hossler,61,29.0,14.0,3,419109.0,0.75,2025,1,Experienced
35461,Beau Hossler,62,30.666666666666668,12.0,3,304019.0,0.75,2025,1,Experienced
35461,Beau Hossler,63,56.0,56.0,1,16830.0,1.0,2024,2,Rookie
35469,Sebastián Vázquez,28,55.0,55.0,1,17787.0,0.5,2024,2,Rookie
35490,Wil Bateman,37,65.0,62.0,2,39126.0,1.0,2024,2,Familiar
35506,Mackenzie Hughes,0,34.0,19.0,3,166411.28,1.0,2025,1,Experienced
35506,Mackenzie Hughes,1,58.0,58.0,1,19712.0,1.0,2025,1,Rookie
35506,Mackenzie Hughes,2,37.666666666666664,22.0,3,346011.11,1.0,2025,1,Experienced
35506,Mackenzie Hughes,3,14.0,14.0,1,163875.0,0.5,2023,3,Rookie
35506,Mackenzie Hughes,4,42.333333333333336,16.0,3,220092.5,1.0,2025,1,Experienced
35506,Mackenzie Hughes,8,55.0,52.0,2,55454.0,1.0,2022,4,Familiar
35506,Mackenzie Hughes,9,16.0,16.0,1,123900.0,1.0,2023,3,Rookie
35506,Mackenzie Hughes,10,,,0,0.0,0.0,2025,1,Rookie
35506,Mackenzie Hughes,11,65.0,65.0,1,17842.5,1.0,2021,5,Rookie
35506,Mackenzie Hughes,12,25.0,25.0,1,70506.43,1.0,2022,4,Rookie
35506,Mackenzie Hughes,13,41.0,41.0,1,33725.0,0.5,2025,1,Rookie
35506,Mackenzie Hughes,15,,,0,0.0,0.0,2025,1,Rookie
35506,Mackenzie Hughes,16,64.0,64.0,1,19080.0,0.3333333333333333,2024,2,Rookie
35506,Mackenzie Hughes,17,54.5,46.0,4,177330.0,1.0,2025,1,Experienced
35506,Mackenzie Hughes,18,38.5,25.0,2,75390.73000000001,1.0,2023,3,Familiar
35506,Mackenzie Hughes,19,41.25,31.0,4,273791.66000000003,0.8,2025,1,Experienced
35506,Mackenzie Hughes,20,46.0,46.0,1,31369.09,0.3333333333333333,2025,1,Rookie
35506,Mackenzie Hughes,21,29.0,29.0,1,48062.5,1.0,2022,4,Rookie
35506,Mackenzie Hughes,22,42.0,36.0,2,50070.71,1.0,2022,4,Familiar
35506,Mackenzie Hughes,26,,,0,0.0,0.0,2021,5,Rookie
35506,Mackenzie Hughes,27,38.0,37.0,2,133000.0,0.5,2025,1,Familiar
35506,Mackenzie Hughes,28,,,0,0.0,0.0,2024,2,Rookie
35506,Mackenzie Hughes,31,27.0,27.0,1,69350.0,1.0,2021,5,Rookie
35506,Mackenzie Hughes,32,2.0,2.0,1,356000.0,1.0,2025,1,Rookie
35506,Mackenzie Hughes,34,,,0,0.0,0.0,2025,1,Rookie
35506,Mackenzie Hughes,35,26.0,26.0,1,186250.0,0.2,2025,1,Rookie
35506,Mackenzie Hughes,36,5.5,4.0,2,462500.0,1.0,2025,1,Familiar
35506,Mackenzie Hughes,37,20.666666666666668,7.0,3,416717.15,0.75,2025,1,Experienced
35506,Mackenzie Hughes,38,31.333333333333332,3.0,3,1063504.5,0.6,2025,1,Experienced
35506,Mackenzie Hughes,40,14.0,14.0,1,121875.0,0.5,2022,4,Rookie
35506,Mackenzie Hughes,41,15.0,2.0,4,2036632.42,0.6666666666666666,2025,1,Experienced
35506,Mackenzie Hughes,43,14.666666666666666,1.0,3,1679912.5,0.6,2025,1,Experienced
35506,Mackenzie Hughes,44,25.0,25.0,1,170750.0,1.0,2024,2,Rookie
35506,Mackenzie Hughes,45,31.0,21.0,2,256500.0,1.0,2023,3,Familiar
35506,Mackenzie Hughes,48,19.0,19.0,1,78210.0,0.3333333333333333,2025,1,Rookie
35506,Mackenzie Hughes,49,12.0,10.0,2,424950.0,1.0,2025,1,Familiar
35506,Mackenzie Hughes,51,50.5,25.0,4,213802.33000000002,0.8,2025,1,Experienced
35506,Mackenzie Hughes,53,41.0,24.0,3,248280.0,0.75,2025,1,Experienced
35506,Mackenzie Hughes,54,,,0,0.0,0.0,2021,5,Rookie
35506,Mackenzie Hughes,55,50.0,50.0,1,48207.0,1.0,2021,5,Rookie
35506,Mackenzie Hughes,57,19.5,3.0,2,536127.5,0.5,2025,1,Familiar
35506,Mackenzie Hughes,58,7.0,7.0,1,212625.0,1.0,2021,5,Rookie
35506,Mackenzie Hughes,60,7.5,6.0,2,913250.0,0.5,2024,2,Familiar
35506,Mackenzie Hughes,61,36.0,36.0,1,40997.5,0.5,2025,1,Rookie
35506,Mackenzie Hughes,62,32.5,28.0,2,83045.0,0.5,2024,2,Familiar
35506,Mackenzie Hughes,64,41.0,41.0,1,26880.0,1.0,2021,5,Rookie
35532,Tom Hoge,0,12.0,4.0,2,397803.57,0.4,2025,1,Familiar
35532,Tom Hoge,1,21.0,2.0,3,932740.0,0.75,2025,1,Experienced
35532,Tom Hoge,2,28.0,12.0,3,534666.6699999999,0.6,2025,1,Experienced
35532,Tom Hoge,3,30.0,17.0,2,146822.5,0.6666666666666666,2023,3,Familiar
35532,Tom Hoge,4,16.8,1.0,5,2684671.42,1.0,2025,1,Veteran
35532,Tom Hoge,5,42.0,42.0,1,21300.0,1.0,2025,1,Rookie
35532,Tom Hoge,8,32.8,13.0,5,788797.78,1.0,2025,1,Veteran
35532,Tom Hoge,10,34.5,17.0,2,141671.5,0.4,2025,1,Familiar
35532,Tom Hoge,11,38.0,38.0,1,40560.0,1.0,2021,5,Rookie
35532,Tom Hoge,12,32.0,32.0,1,51610.0,1.0,2022,4,Rookie
35532,Tom Hoge,13,41.0,41.0,1,33725.0,1.0,2024,2,Rookie
35532,Tom Hoge,14,13.0,13.0,1,189756.0,1.0,2023,3,Rookie
35532,Tom Hoge,15,47.5,28.0,2,78610.29000000001,1.0,2025,1,Familiar
35532,Tom Hoge,16,56.0,56.0,1,20340.0,0.3333333333333333,2024,2,Rookie
35532,Tom Hoge,17,51.0,43.0,3,163433.34,0.75,2025,1,Experienced
35532,Tom Hoge,18,24.0,12.0,2,173275.0,1.0,2023,3,Familiar
35532,Tom Hoge,19,32.0,8.0,4,1071152.6,0.8,2025,1,Experienced
35532,Tom Hoge,20,19.0,19.0,1,105750.0,0.3333333333333333,2025,1,Rookie
35532,Tom Hoge,21,46.0,46.0,1,21637.5,1.0,2022,4,Rookie
35532,Tom Hoge,22,,,0,0.0,0.0,2021,5,Rookie
35532,Tom Hoge,26,,,0,0.0,0.0,2021,5,Rookie
35532,Tom Hoge,27,39.0,7.0,3,706700.0,0.75,2025,1,Experienced
35532,Tom Hoge,31,4.0,4.0,1,399791.67,1.0,2021,5,Rookie
35532,Tom Hoge,34,38.5,9.0,4,581399.17,0.8,2025,1,Experienced
35532,Tom Hoge,35,23.0,3.0,5,3093575.39,1.0,2025,1,Veteran
35532,Tom Hoge,36,7.0,7.0,1,176100.0,0.5,2025,1,Rookie
35532,Tom Hoge,38,20.333333333333332,18.0,3,498429.31,0.6,2025,1,Experienced
35532,Tom Hoge,40,,,0,0.0,0.0,2023,3,Rookie
35532,Tom Hoge,41,4.0,4.0,1,288000.0,0.25,2025,1,Rookie
35532,Tom Hoge,42,29.0,29.0,1,41391.43,1.0,2021,5,Rookie
35532,Tom Hoge,43,20.5,13.0,2,206783.33,0.5,2025,1,Familiar
35532,Tom Hoge,44,23.0,8.0,2,646000.0,1.0,2025,1,Familiar
35532,Tom Hoge,45,3.0,3.0,1,840000.0,1.0,2023,3,Rookie
35532,Tom Hoge,46,9.0,4.0,2,450416.67,0.5,2024,2,Familiar
35532,Tom Hoge,47,24.0,24.0,1,61950.0,1.0,2021,5,Rookie
35532,Tom Hoge,48,43.0,41.0,2,52426.75,0.4,2025,1,Familiar
35532,Tom Hoge,49,14.0,14.0,1,166075.0,1.0,2024,2,Rookie
35532,Tom Hoge,50,19.5,10.0,2,0.0,1.0,2024,2,Familiar
35532,Tom Hoge,51,43.5,3.0,4,1274425.71,0.8,2025,1,Experienced
35532,Tom Hoge,52,63.0,63.0,1,41250.0,1.0,2025,1,Rookie
35532,Tom Hoge,53,,,0,0.0,0.0,2025,1,Rookie
35532,Tom Hoge,55,,,0,0.0,0.0,2021,5,Rookie
35532,Tom Hoge,56,8.5,5.0,2,475325.0,1.0,2025,1,Familiar
35532,Tom Hoge,57,,,0,0.0,0.0,2021,5,Rookie
35532,Tom Hoge,58,,,0,0.0,0.0,2021,5,Rookie
35532,Tom Hoge,59,,,0,0.0,0.0,2021,5,Rookie
35532,Tom Hoge,60,38.0,38.0,1,88500.0,0.5,2024,2,Rookie
35532,Tom Hoge,61,15.5,14.0,2,258650.0,0.5,2025,1,Familiar
35532,Tom Hoge,62,,,0,0.0,0.0,2021,5,Rookie
35532,Tom Hoge,63,56.0,56.0,1,16830.0,1.0,2024,2,Rookie
35532,Tom Hoge,64,47.0,47.0,1,20053.33,1.0,2021,5,Rookie
35539,Luke Guthrie,40,,,0,0.0,0.0,2022,4,Rookie
35539,Luke Guthrie,57,,,0,0.0,0.0,2022,4,Rookie
35540,Albin Choi,37,,,0,0.0,0.0,2022,4,Rookie
35557,Aaron Cockerill,6,59.0,58.0,2,16877.0,1.0,2023,3,Familiar
35557,Aaron Cockerill,20,,,0,0.0,0.0,2025,1,Rookie
35557,Aaron Cockerill,37,48.0,48.0,1,22567.8,0.3333333333333333,2024,2,Rookie
35564,Joel Girrbach,24,54.0,54.0,1,9460.0,0.5,2025,1,Rookie
35617,Martin Trainer,0,58.0,58.0,1,14718.0,0.25,2024,2,Rookie
35617,Martin Trainer,1,55.0,55.0,1,17632.0,0.3333333333333333,2023,3,Rookie
35617,Martin Trainer,3,76.0,76.0,1,17381.0,0.3333333333333333,2023,3,Rookie
35617,Martin Trainer,4,20.0,20.0,1,88950.0,0.3333333333333333,2023,3,Rookie
35617,Martin Trainer,6,62.0,62.0,1,8360.0,0.3333333333333333,2023,3,Rookie
35617,Martin Trainer,7,,,0,0.0,0.0,2024,2,Rookie
35617,Martin Trainer,10,52.0,52.0,1,20008.8,0.5,2024,2,Rookie
35617,Martin Trainer,13,,,0,0.0,0.0,2024,2,Rookie
35617,Martin Trainer,16,,,0,0.0,0.0,2023,3,Rookie
35617,Martin Trainer,18,30.0,30.0,1,42532.0,0.5,2023,3,Rookie
35617,Martin Trainer,21,5.0,5.0,1,289687.5,1.0,2022,4,Rookie
35617,Martin Trainer,22,48.0,48.0,1,20285.71,0.3333333333333333,2023,3,Rookie
35617,Martin Trainer,24,,,0,0.0,0.0,2025,1,Rookie
35617,Martin Trainer,25,63.0,63.0,1,15407.0,0.25,2024,2,Rookie
35617,Martin Trainer,28,15.0,11.0,2,276574.0,0.6666666666666666,2024,2,Familiar
35617,Martin Trainer,30,61.0,61.0,1,8960.0,1.0,2024,2,Rookie
35617,Martin Trainer,33,,,0,0.0,0.0,2021,5,Rookie
35617,Martin Trainer,36,,,0,0.0,0.0,2024,2,Rookie
35617,Martin Trainer,37,72.0,72.0,1,17910.0,0.3333333333333333,2024,2,Rookie
35617,Martin Trainer,38,,,0,0.0,0.0,2022,4,Rookie
35617,Martin Trainer,40,,,0,0.0,0.0,2024,2,Rookie
35617,Martin Trainer,41,53.0,52.0,2,37706.0,0.4,2024,2,Familiar
35617,Martin Trainer,42,,,0,0.0,0.0,2021,5,Rookie
35617,Martin Trainer,43,,,0,0.0,0.0,2024,2,Rookie
35617,Martin Trainer,46,,,0,0.0,0.0,2022,4,Rookie
35617,Martin Trainer,47,,,0,0.0,0.0,2021,5,Rookie
35617,Martin Trainer,48,60.5,47.0,2,32922.33,0.6666666666666666,2024,2,Familiar
35617,Martin Trainer,49,,,0,0.0,0.0,2024,2,Rookie
35617,Martin Trainer,51,,,0,0.0,0.0,2022,4,Rookie
35617,Martin Trainer,56,44.0,44.0,1,21852.6,0.5,2022,4,Rookie
35617,Martin Trainer,57,,,0,0.0,0.0,2023,3,Rookie
35617,Martin Trainer,58,,,0,0.0,0.0,2021,5,Rookie
35617,Martin Trainer,59,,,0,0.0,0.0,2021,5,Rookie
35617,Martin Trainer,60,,,0,0.0,0.0,2022,4,Rookie
35617,Martin Trainer,61,43.0,43.0,1,26704.67,1.0,2022,4,Rookie
35617,Martin Trainer,62,56.5,45.0,2,38822.29,0.6666666666666666,2024,2,Familiar
35658,Kris Ventura,0,,,0,0.0,0.0,2025,1,Rookie
35658,Kris Ventura,1,58.0,58.0,1,19712.0,0.5,2025,1,Rookie
35658,Kris Ventura,2,36.0,36.0,1,42381.43,1.0,2021,5,Rookie
35658,Kris Ventura,3,,,0,0.0,0.0,2021,5,Rookie
35658,Kris Ventura,4,,,0,0.0,0.0,2021,5,Rookie
35658,Kris Ventura,5,11.0,11.0,1,133500.0,1.0,2025,1,Rookie
35658,Kris Ventura,6,,,0,0.0,0.0,2021,5,Rookie
35658,Kris Ventura,10,16.0,16.0,1,140125.0,1.0,2025,1,Rookie
35658,Kris Ventura,13,,,0,0.0,0.0,2025,1,Rookie
35658,Kris Ventura,15,56.0,56.0,1,21252.0,1.0,2025,1,Rookie
35658,Kris Ventura,16,4.0,4.0,1,418500.0,0.5,2025,1,Rookie
35658,Kris Ventura,18,,,0,0.0,0.0,2022,4,Rookie
35658,Kris Ventura,22,,,0,0.0,0.0,2021,5,Rookie
35658,Kris Ventura,24,45.0,45.0,1,13000.0,1.0,2025,1,Rookie
35658,Kris Ventura,25,27.0,27.0,1,63840.0,0.5,2025,1,Rookie
35658,Kris Ventura,29,25.0,25.0,1,59350.0,1.0,2025,1,Rookie
35658,Kris Ventura,32,,,0,0.0,0.0,2025,1,Rookie
35658,Kris Ventura,33,,,0,0.0,0.0,2021,5,Rookie
35658,Kris Ventura,35,,,0,0.0,0.0,2025,1,Rookie
35658,Kris Ventura,36,,,0,0.0,0.0,2025,1,Rookie
35658,Kris Ventura,37,,,0,0.0,0.0,2025,1,Rookie
35658,Kris Ventura,39,34.0,34.0,1,47931.43,1.0,2025,1,Rookie
35658,Kris Ventura,40,,,0,0.0,0.0,2021,5,Rookie
35658,Kris Ventura,41,34.0,34.0,1,34950.0,0.5,2025,1,Rookie
35658,Kris Ventura,42,7.0,7.0,1,214500.0,1.0,2021,5,Rookie
35658,Kris Ventura,43,13.5,6.0,2,258075.0,1.0,2025,1,Familiar
35658,Kris Ventura,47,,,0,0.0,0.0,2021,5,Rookie
35658,Kris Ventura,48,,,0,0.0,0.0,2025,1,Rookie
35658,Kris Ventura,49,,,0,0.0,0.0,2025,1,Rookie
35658,Kris Ventura,51,70.0,70.0,1,15022.0,1.0,2021,5,Rookie
35658,Kris Ventura,56,75.0,75.0,1,15015.0,0.5,2025,1,Rookie
35658,Kris Ventura,57,77.0,77.0,1,16791.0,0.5,2025,1,Rookie
35658,Kris Ventura,58,64.0,64.0,1,15120.0,1.0,2021,5,Rookie
35658,Kris Ventura,60,,,0,0.0,0.0,2021,5,Rookie
35658,Kris Ventura,61,49.0,49.0,1,22586.0,1.0,2025,1,Rookie
35658,Kris Ventura,62,,,0,0.0,0.0,2025,1,Rookie
35706,Niklas Norgaard,0,68.0,68.0,1,17472.0,1.0,2025,1,Rookie
35706,Niklas Norgaard,6,27.0,27.0,1,21909.29,1.0,2022,4,Rookie
35706,Niklas Norgaard,13,33.0,33.0,1,52800.0,1.0,2025,1,Rookie
35706,Niklas Norgaard,15,25.0,25.0,1,73271.43,1.0,2025,1,Rookie
35706,Niklas Norgaard,16,,,0,0.0,0.0,2025,1,Rookie
35706,Niklas Norgaard,20,15.0,15.0,1,130800.0,0.5,2025,1,Rookie
35706,Niklas Norgaard,29,34.0,34.0,1,35159.09,1.0,2025,1,Rookie
35706,Niklas Norgaard,32,5.0,5.0,1,154500.0,1.0,2025,1,Rookie
35706,Niklas Norgaard,34,,,0,0.0,0.0,2025,1,Rookie
35706,Niklas Norgaard,37,,,0,0.0,0.0,2025,1,Rookie
35706,Niklas Norgaard,41,41.0,41.0,1,25550.0,1.0,2025,1,Rookie
35706,Niklas Norgaard,43,,,0,0.0,0.0,2025,1,Rookie
35706,Niklas Norgaard,49,,,0,0.0,0.0,2025,1,Rookie
35706,Niklas Norgaard,53,46.0,46.0,1,57070.0,1.0,2025,1,Rookie
35706,Niklas Norgaard,55,46.0,46.0,1,57070.0,1.0,2021,5,Rookie
35706,Niklas Norgaard,56,,,0,0.0,0.0,2025,1,Rookie
35706,Niklas Norgaard,57,,,0,0.0,0.0,2025,1,Rookie
35706,Niklas Norgaard,62,,,0,0.0,0.0,2025,1,Rookie
35709,Jeff Winther,20,,,0,0.0,0.0,2024,2,Rookie
35725,Sebastian Szirmak,37,,,0,0.0,0.0,2023,3,Rookie
35732,Wes Roach,0,,,0,0.0,0.0,2021,5,Rookie
35732,Wes Roach,3,61.0,61.0,1,17820.0,1.0,2021,5,Rookie
35732,Wes Roach,4,67.0,67.0,1,16458.0,1.0,2021,5,Rookie
35732,Wes Roach,6,47.0,47.0,1,9286.67,1.0,2021,5,Rookie
35732,Wes Roach,25,50.0,50.0,1,15264.4,1.0,2021,5,Rookie
35732,Wes Roach,33,44.0,44.0,1,22435.33,1.0,2021,5,Rookie
35732,Wes Roach,42,,,0,0.0,0.0,2021,5,Rookie
35732,Wes Roach,62,,,0,0.0,0.0,2021,5,Rookie
35778,Kazuki Higa,27,,,0,0.0,0.0,2023,3,Rookie
35778,Kazuki Higa,34,76.0,76.0,1,25000.0,1.0,2023,3,Rookie
35778,Kazuki Higa,48,72.0,72.0,1,15879.0,1.0,2023,3,Rookie
35778,Kazuki Higa,56,,,0,0.0,0.0,2023,3,Rookie
35807,José Toledo,28,,,0,0.0,0.0,2023,3,Rookie
35820,Erik Flores,40,,,0,0.0,0.0,2022,4,Rookie
35879,Kelly Kraft,0,22.0,11.0,2,206032.5,0.6666666666666666,2024,2,Familiar
35879,Kelly Kraft,1,,,0,0.0,0.0,2022,4,Rookie
35879,Kelly Kraft,3,79.0,79.0,1,17480.0,0.3333333333333333,2023,3,Rookie
35879,Kelly Kraft,4,28.0,28.0,1,59595.0,0.3333333333333333,2023,3,Rookie
35879,Kelly Kraft,6,40.0,40.0,1,15390.0,0.5,2023,3,Rookie
35879,Kelly Kraft,7,,,0,0.0,0.0,2024,2,Rookie
35879,Kelly Kraft,9,,,0,0.0,0.0,2023,3,Rookie
35879,Kelly Kraft,13,13.0,13.0,1,165232.14,1.0,2024,2,Rookie
35879,Kelly Kraft,16,60.0,60.0,1,16575.0,0.5,2023,3,Rookie
35879,Kelly Kraft,18,25.0,25.0,1,65940.0,0.3333333333333333,2023,3,Rookie
35879,Kelly Kraft,19,,,0,0.0,0.0,2023,3,Rookie
35879,Kelly Kraft,21,29.0,29.0,1,48062.5,1.0,2022,4,Rookie
35879,Kelly Kraft,22,55.0,55.0,1,19404.0,0.3333333333333333,2023,3,Rookie
35879,Kelly Kraft,24,,,0,0.0,0.0,2024,2,Rookie
35879,Kelly Kraft,25,24.0,24.0,1,57865.0,0.3333333333333333,2024,2,Rookie
35879,Kelly Kraft,28,15.0,15.0,1,104187.22,0.5,2023,3,Rookie
35879,Kelly Kraft,30,,,0,0.0,0.0,2024,2,Rookie
35879,Kelly Kraft,35,,,0,0.0,0.0,2023,3,Rookie
35879,Kelly Kraft,36,,,0,0.0,0.0,2024,2,Rookie
35879,Kelly Kraft,37,27.5,13.0,2,190501.0,0.6666666666666666,2024,2,Familiar
35879,Kelly Kraft,38,,,0,0.0,0.0,2023,3,Rookie
35879,Kelly Kraft,40,40.0,40.0,1,33000.0,0.3333333333333333,2024,2,Rookie
35879,Kelly Kraft,41,24.5,19.0,2,156880.0,0.5,2024,2,Familiar
35879,Kelly Kraft,42,,,0,0.0,0.0,2021,5,Rookie
35879,Kelly Kraft,43,31.0,16.0,2,127176.95999999999,0.6666666666666666,2023,3,Familiar
35879,Kelly Kraft,46,23.0,23.0,1,81060.0,0.5,2023,3,Rookie
35879,Kelly Kraft,48,61.0,61.0,1,17380.0,0.5,2023,3,Rookie
35879,Kelly Kraft,51,47.0,38.0,2,102007.0,1.0,2023,3,Familiar
35879,Kelly Kraft,56,44.0,44.0,1,21852.6,0.3333333333333333,2023,3,Rookie
35879,Kelly Kraft,57,,,0,0.0,0.0,2023,3,Rookie
35879,Kelly Kraft,58,,,0,0.0,0.0,2021,5,Rookie
35879,Kelly Kraft,59,,,0,0.0,0.0,2021,5,Rookie
35879,Kelly Kraft,60,49.0,49.0,1,23490.0,0.3333333333333333,2023,3,Rookie
35879,Kelly Kraft,61,63.0,63.0,1,43800.0,0.5,2023,3,Rookie
35879,Kelly Kraft,62,43.5,33.0,2,58283.0,1.0,2023,3,Familiar
35891,Cameron Smith,8,34.0,34.0,1,50112.5,1.0,2021,5,Rookie
35891,Cameron Smith,11,11.0,11.0,1,243750.0,1.0,2021,5,Rookie
35891,Cameron Smith,12,9.0,9.0,1,243750.0,1.0,2022,4,Rookie
35891,Cameron Smith,16,,,0,0.0,0.0,2021,5,Rookie
35891,Cameron Smith,17,13.0,13.0,1,260892.85,1.0,2022,4,Rookie
35891,Cameron Smith,19,18.5,4.0,2,519700.0,1.0,2022,4,Familiar
35891,Cameron Smith,21,15.0,15.0,1,125625.0,1.0,2022,4,Rookie
35891,Cameron Smith,26,,,0,0.0,0.0,2021,5,Rookie
35891,Cameron Smith,27,13.0,13.0,1,221400.0,1.0,2022,4,Rookie
35891,Cameron Smith,31,2.0,2.0,1,1035500.0,1.0,2021,5,Rookie
35891,Cameron Smith,34,36.0,9.0,4,765352.0,0.8,2025,1,Experienced
35891,Cameron Smith,35,9.0,1.0,2,3821250.0,1.0,2022,4,Familiar
35891,Cameron Smith,37,48.0,48.0,1,22567.8,1.0,2022,4,Rookie
35891,Cameron Smith,38,9.0,9.0,1,186375.0,0.5,2022,4,Rookie
35891,Cameron Smith,41,4.0,4.0,1,288000.0,1.0,2022,4,Rookie
35891,Cameron Smith,45,12.5,1.0,2,1539200.0,1.0,2022,4,Familiar
35891,Cameron Smith,47,24.0,24.0,1,61950.0,1.0,2021,5,Rookie
35891,Cameron Smith,48,62.0,62.0,1,14454.0,0.5,2022,4,Rookie
35891,Cameron Smith,50,17.0,14.0,2,0.0,1.0,2022,4,Familiar
35891,Cameron Smith,51,30.0,30.0,1,45325.0,1.0,2021,5,Rookie
35891,Cameron Smith,53,18.0,4.0,2,1101761.0,0.5,2025,1,Familiar
35891,Cameron Smith,54,38.0,38.0,1,52074.0,1.0,2021,5,Rookie
35891,Cameron Smith,55,,,0,0.0,0.0,2021,5,Rookie
35891,Cameron Smith,64,4.0,4.0,1,315000.0,1.0,2021,5,Rookie
35901,Paul Haley II,0,43.0,43.0,1,24726.0,1.0,2023,3,Rookie
35901,Paul Haley II,1,69.0,69.0,1,16560.0,1.0,2023,3,Rookie
35901,Paul Haley II,3,,,0,0.0,0.0,2023,3,Rookie
35901,Paul Haley II,4,58.0,58.0,1,20250.0,1.0,2023,3,Rookie
35901,Paul Haley II,6,,,0,0.0,0.0,2023,3,Rookie
35901,Paul Haley II,9,62.0,62.0,1,18648.0,1.0,2023,3,Rookie
35901,Paul Haley II,10,5.0,5.0,1,356700.0,0.5,2024,2,Rookie
35901,Paul Haley II,16,62.0,62.0,1,18879.0,1.0,2023,3,Rookie
35901,Paul Haley II,18,12.0,12.0,1,140666.66,0.5,2023,3,Rookie
35901,Paul Haley II,22,,,0,0.0,0.0,2023,3,Rookie
35901,Paul Haley II,25,,,0,0.0,0.0,2023,3,Rookie
35901,Paul Haley II,28,,,0,0.0,0.0,2023,3,Rookie
35901,Paul Haley II,37,,,0,0.0,0.0,2023,3,Rookie
35901,Paul Haley II,40,83.0,83.0,1,15664.0,1.0,2023,3,Rookie
35901,Paul Haley II,41,29.0,29.0,1,51907.5,0.5,2023,3,Rookie
35901,Paul Haley II,43,54.0,54.0,1,18249.0,0.5,2023,3,Rookie
35901,Paul Haley II,46,,,0,0.0,0.0,2023,3,Rookie
35901,Paul Haley II,48,,,0,0.0,0.0,2023,3,Rookie
35901,Paul Haley II,51,,,0,0.0,0.0,2023,3,Rookie
35901,Paul Haley II,53,,,0,0.0,0.0,2023,3,Rookie
35901,Paul Haley II,56,,,0,0.0,0.0,2023,3,Rookie
35901,Paul Haley II,57,,,0,0.0,0.0,2023,3,Rookie
35901,Paul Haley II,60,,,0,0.0,0.0,2023,3,Rookie
35901,Paul Haley II,62,,,0,0.0,0.0,2023,3,Rookie
35912,Haydn Porteous,6,,,0,0.0,0.0,2022,4,Rookie
35986,Todd Sinnott,53,31.0,31.0,1,100331.0,1.0,2022,4,Rookie
36326,David Lipsky,0,23.0,3.0,2,434751.0,0.6666666666666666,2025,1,Familiar
36326,David Lipsky,1,14.0,14.0,1,119700.0,0.3333333333333333,2025,1,Rookie
36326,David Lipsky,2,45.5,26.0,2,130800.0,1.0,2023,3,Familiar
36326,David Lipsky,3,25.0,25.0,1,68445.0,0.5,2023,3,Rookie
36326,David Lipsky,4,24.0,24.0,1,74602.5,0.5,2023,3,Rookie
36326,David Lipsky,5,33.0,33.0,1,33450.0,1.0,2025,1,Rookie
36326,David Lipsky,7,,,0,0.0,0.0,2024,2,Rookie
36326,David Lipsky,9,22.0,22.0,1,84420.0,1.0,2023,3,Rookie
36326,David Lipsky,10,24.333333333333332,9.0,3,402742.0,0.75,2025,1,Experienced
36326,David Lipsky,13,,,0,0.0,0.0,2025,1,Rookie
36326,David Lipsky,15,41.0,41.0,1,32850.0,0.5,2025,1,Rookie
36326,David Lipsky,16,56.0,56.0,1,19152.0,0.3333333333333333,2025,1,Rookie
36326,David Lipsky,17,46.0,46.0,1,42330.0,1.0,2022,4,Rookie
36326,David Lipsky,18,26.0,22.0,2,107865.33,0.6666666666666666,2023,3,Familiar
36326,David Lipsky,19,62.0,62.0,1,43800.0,0.5,2023,3,Rookie
36326,David Lipsky,21,,,0,0.0,0.0,2022,4,Rookie
36326,David Lipsky,22,55.0,55.0,1,18160.0,1.0,2022,4,Rookie
36326,David Lipsky,24,32.5,28.0,2,45400.0,1.0,2025,1,Familiar
36326,David Lipsky,25,29.333333333333332,3.0,3,570665.0,0.75,2025,1,Experienced
36326,David Lipsky,27,24.5,12.0,2,461000.0,1.0,2023,3,Familiar
36326,David Lipsky,28,33.0,6.0,2,255102.5,0.6666666666666666,2024,2,Familiar
36326,David Lipsky,29,76.0,76.0,1,13720.0,1.0,2025,1,Rookie
36326,David Lipsky,30,,,0,0.0,0.0,2024,2,Rookie
36326,David Lipsky,32,,,0,0.0,0.0,2025,1,Rookie
36326,David Lipsky,33,8.0,8.0,1,220825.0,1.0,2021,5,Rookie
36326,David Lipsky,35,42.0,42.0,1,93750.0,0.3333333333333333,2025,1,Rookie
36326,David Lipsky,36,2.0,2.0,1,654000.0,0.5,2025,1,Rookie
36326,David Lipsky,37,,,0,0.0,0.0,2025,1,Rookie
36326,David Lipsky,38,,,0,0.0,0.0,2023,3,Rookie
36326,David Lipsky,39,,,0,0.0,0.0,2025,1,Rookie
36326,David Lipsky,40,37.0,37.0,1,36540.0,0.3333333333333333,2024,2,Rookie
36326,David Lipsky,41,,,0,0.0,0.0,2025,1,Rookie
36326,David Lipsky,43,49.5,48.0,2,35041.89,0.4,2025,1,Familiar
36326,David Lipsky,46,42.5,41.0,2,51350.0,0.6666666666666666,2024,2,Familiar
36326,David Lipsky,48,24.5,4.0,2,356840.08,0.5,2025,1,Familiar
36326,David Lipsky,49,,,0,0.0,0.0,2025,1,Rookie
36326,David Lipsky,51,56.0,56.0,1,46000.0,0.3333333333333333,2023,3,Rookie
36326,David Lipsky,56,58.0,58.0,1,20148.0,0.3333333333333333,2025,1,Rookie
36326,David Lipsky,57,53.666666666666664,36.0,3,71253.0,0.75,2025,1,Experienced
36326,David Lipsky,60,,,0,0.0,0.0,2023,3,Rookie
36326,David Lipsky,61,,,0,0.0,0.0,2025,1,Rookie
36326,David Lipsky,62,38.666666666666664,27.0,3,94004.12,0.75,2025,1,Experienced
36327,Justin Quiban,0,,,0,0.0,0.0,2021,5,Rookie
36514,Yuki Inamori,34,,,0,0.0,0.0,2022,4,Rookie
36632,Connor Arendell,21,,,0,0.0,0.0,2022,4,Rookie
36632,Connor Arendell,40,,,0,0.0,0.0,2021,5,Rookie
36632,Connor Arendell,62,,,0,0.0,0.0,2021,5,Rookie
36689,Brooks Koepka,1,,,0,0.0,0.0,2021,5,Rookie
36689,Brooks Koepka,3,,,0,0.0,0.0,2021,5,Rookie
36689,Brooks Koepka,8,22.0,22.0,1,95000.0,1.0,2021,5,Rookie
36689,Brooks Koepka,11,28.0,28.0,1,57135.0,1.0,2021,5,Rookie
36689,Brooks Koepka,12,38.0,38.0,1,37635.0,1.0,2022,4,Rookie
36689,Brooks Koepka,16,,,0,0.0,0.0,2022,4,Rookie
36689,Brooks Koepka,19,38.0,38.0,1,40455.0,0.5,2022,4,Rookie
36689,Brooks Koepka,21,,,0,0.0,0.0,2022,4,Rookie
36689,Brooks Koepka,22,16.0,16.0,1,106533.33,1.0,2022,4,Rookie
36689,Brooks Koepka,31,31.0,31.0,1,48925.0,1.0,2021,5,Rookie
36689,Brooks Koepka,33,,,0,0.0,0.0,2021,5,Rookie
36689,Brooks Koepka,34,21.0,1.0,4,4347887.22,0.8,2025,1,Experienced
36689,Brooks Koepka,35,,,0,0.0,0.0,2022,4,Rookie
36689,Brooks Koepka,45,28.0,28.0,1,110500.0,1.0,2022,4,Rookie
36689,Brooks Koepka,46,67.0,67.0,1,14560.0,1.0,2022,4,Rookie
36689,Brooks Koepka,50,,,0,0.0,0.0,2021,5,Rookie
36689,Brooks Koepka,51,5.0,5.0,1,253820.0,1.0,2021,5,Rookie
36689,Brooks Koepka,53,27.5,12.0,4,826621.0,1.0,2025,1,Experienced
36689,Brooks Koepka,55,12.0,12.0,1,349741.0,1.0,2021,5,Rookie
36689,Brooks Koepka,57,12.0,12.0,1,159900.0,1.0,2022,4,Rookie
36689,Brooks Koepka,58,5.0,5.0,1,270375.0,1.0,2021,5,Rookie
36689,Brooks Koepka,59,1.0,1.0,1,1314000.0,1.0,2021,5,Rookie
36689,Brooks Koepka,61,3.0,3.0,1,434600.0,1.0,2022,4,Rookie
36698,Andy Zhang,42,71.0,71.0,1,13398.0,1.0,2021,5,Rookie
36699,Patrick Rodgers,0,37.666666666666664,37.0,3,94061.4,0.75,2025,1,Experienced
36699,Patrick Rodgers,1,55.0,40.0,2,45053.78,0.5,2025,1,Familiar
36699,Patrick Rodgers,2,35.5,22.0,4,415329.11,0.8,2025,1,Experienced
36699,Patrick Rodgers,3,39.5,32.0,2,71767.09,1.0,2022,4,Familiar
36699,Patrick Rodgers,4,50.5,22.0,2,190522.73,0.5,2025,1,Familiar
36699,Patrick Rodgers,5,27.0,27.0,1,42000.0,1.0,2025,1,Rookie
36699,Patrick Rodgers,6,5.0,5.0,1,115937.5,1.0,2021,5,Rookie
36699,Patrick Rodgers,7,11.0,11.0,1,137625.0,1.0,2024,2,Rookie
36699,Patrick Rodgers,8,37.0,37.0,1,108000.0,1.0,2023,3,Rookie
36699,Patrick Rodgers,9,16.0,16.0,1,123900.0,1.0,2023,3,Rookie
36699,Patrick Rodgers,10,41.25,28.0,4,149571.93,0.8,2025,1,Experienced
36699,Patrick Rodgers,13,15.0,15.0,1,136719.0,1.0,2025,1,Rookie
36699,Patrick Rodgers,15,18.0,18.0,1,117606.67,1.0,2025,1,Rookie
36699,Patrick Rodgers,16,42.333333333333336,9.0,3,276120.0,0.6,2025,1,Experienced
36699,Patrick Rodgers,17,41.0,33.0,3,234328.57,0.75,2025,1,Experienced
36699,Patrick Rodgers,18,6.0,6.0,1,220850.0,0.5,2023,3,Rookie
36699,Patrick Rodgers,19,7.5,3.0,2,1397625.0,0.4,2025,1,Familiar
36699,Patrick Rodgers,20,,,0,0.0,0.0,2025,1,Rookie
36699,Patrick Rodgers,22,64.0,64.0,1,17280.0,0.5,2022,4,Rookie
36699,Patrick Rodgers,25,29.0,23.0,3,133772.27,0.6,2025,1,Experienced
36699,Patrick Rodgers,26,,,0,0.0,0.0,2021,5,Rookie
36699,Patrick Rodgers,27,30.0,30.0,1,117250.0,0.3333333333333333,2024,2,Rookie
36699,Patrick Rodgers,28,8.666666666666666,6.0,3,661450.0,1.0,2024,2,Experienced
36699,Patrick Rodgers,29,25.0,25.0,1,59350.0,1.0,2025,1,Rookie
36699,Patrick Rodgers,33,50.0,50.0,1,18542.0,1.0,2021,5,Rookie
36699,Patrick Rodgers,34,29.0,29.0,1,90136.36,0.3333333333333333,2025,1,Rookie
36699,Patrick Rodgers,35,65.0,65.0,1,32100.0,0.2,2025,1,Rookie
36699,Patrick Rodgers,36,37.0,37.0,1,26100.0,1.0,2024,2,Rookie
36699,Patrick Rodgers,37,18.0,18.0,1,123975.0,0.5,2025,1,Rookie
36699,Patrick Rodgers,38,22.0,5.0,3,1003892.86,0.75,2025,1,Experienced
36699,Patrick Rodgers,39,,,0,0.0,0.0,2025,1,Rookie
36699,Patrick Rodgers,40,38.666666666666664,31.0,3,99226.19,1.0,2024,2,Experienced
36699,Patrick Rodgers,41,22.75,7.0,4,476317.36,0.8,2025,1,Experienced
36699,Patrick Rodgers,42,46.0,46.0,1,18282.0,1.0,2021,5,Rookie
36699,Patrick Rodgers,43,54.0,54.0,1,18249.0,0.2,2025,1,Rookie
36699,Patrick Rodgers,44,14.0,14.0,1,320250.0,1.0,2024,2,Rookie
36699,Patrick Rodgers,46,28.0,28.0,1,51350.0,0.5,2023,3,Rookie
36699,Patrick Rodgers,47,,,0,0.0,0.0,2021,5,Rookie
36699,Patrick Rodgers,48,24.0,24.0,1,67645.0,0.5,2025,1,Rookie
36699,Patrick Rodgers,49,63.0,52.0,2,39955.25,1.0,2025,1,Familiar
36699,Patrick Rodgers,51,46.0,16.0,2,324134.0,0.6666666666666666,2024,2,Familiar
36699,Patrick Rodgers,52,42.0,42.0,1,70000.0,1.0,2025,1,Rookie
36699,Patrick Rodgers,53,31.5,31.0,2,208332.0,1.0,2023,3,Familiar
36699,Patrick Rodgers,56,39.666666666666664,5.0,3,406462.0,0.6,2025,1,Experienced
36699,Patrick Rodgers,57,36.0,36.0,1,35280.0,0.3333333333333333,2024,2,Rookie
36699,Patrick Rodgers,58,,,0,0.0,0.0,2021,5,Rookie
36699,Patrick Rodgers,59,,,0,0.0,0.0,2021,5,Rookie
36699,Patrick Rodgers,60,33.0,29.0,2,166545.0,0.6666666666666666,2024,2,Familiar
36699,Patrick Rodgers,61,14.0,14.0,1,335000.0,0.3333333333333333,2025,1,Rookie
36699,Patrick Rodgers,62,28.0,15.0,3,220987.18,0.6,2025,1,Experienced
36699,Patrick Rodgers,63,67.0,67.0,1,15300.0,1.0,2024,2,Rookie
36724,Augusto Núñez,0,72.0,72.0,1,15600.0,1.0,2023,3,Rookie
36724,Augusto Núñez,1,,,0,0.0,0.0,2023,3,Rookie
36724,Augusto Núñez,3,34.0,34.0,1,45441.67,1.0,2023,3,Rookie
36724,Augusto Núñez,4,48.0,48.0,1,22821.43,1.0,2023,3,Rookie
36724,Augusto Núñez,6,,,0,0.0,0.0,2023,3,Rookie
36724,Augusto Núñez,9,,,0,0.0,0.0,2023,3,Rookie
36724,Augusto Núñez,16,31.0,31.0,1,50895.0,1.0,2023,3,Rookie
36724,Augusto Núñez,18,,,0,0.0,0.0,2023,3,Rookie
36724,Augusto Núñez,22,71.0,71.0,1,16884.0,1.0,2023,3,Rookie
36724,Augusto Núñez,25,,,0,0.0,0.0,2023,3,Rookie
36724,Augusto Núñez,28,69.0,69.0,1,15939.0,1.0,2023,3,Rookie
36724,Augusto Núñez,37,,,0,0.0,0.0,2023,3,Rookie
36724,Augusto Núñez,40,,,0,0.0,0.0,2023,3,Rookie
36724,Augusto Núñez,41,,,0,0.0,0.0,2023,3,Rookie
36724,Augusto Núñez,43,,,0,0.0,0.0,2023,3,Rookie
36724,Augusto Núñez,46,,,0,0.0,0.0,2023,3,Rookie
36724,Augusto Núñez,48,41.0,41.0,1,28045.0,1.0,2023,3,Rookie
36724,Augusto Núñez,56,37.0,37.0,1,43165.0,1.0,2023,3,Rookie
36724,Augusto Núñez,57,,,0,0.0,0.0,2023,3,Rookie
36724,Augusto Núñez,62,,,0,0.0,0.0,2023,3,Rookie
36754,Andre Metzger,0,,,0,0.0,0.0,2022,4,Rookie
36754,Andre Metzger,61,,,0,0.0,0.0,2023,3,Rookie
36799,Stephan Jaeger,0,30.0,30.0,1,46744.29,0.5,2023,3,Rookie
36799,Stephan Jaeger,1,36.0,36.0,1,38080.0,1.0,2023,3,Rookie
36799,Stephan Jaeger,2,48.0,44.0,2,92170.0,0.6666666666666666,2025,1,Familiar
36799,Stephan Jaeger,3,24.5,11.0,2,257730.0,1.0,2023,3,Familiar
36799,Stephan Jaeger,4,55.5,40.0,2,100250.0,0.6666666666666666,2025,1,Familiar
36799,Stephan Jaeger,5,11.0,11.0,1,133500.0,1.0,2025,1,Rookie
36799,Stephan Jaeger,6,,,0,0.0,0.0,2021,5,Rookie
36799,Stephan Jaeger,7,2.0,2.0,1,817500.0,1.0,2024,2,Rookie
36799,Stephan Jaeger,8,39.0,39.0,1,102000.0,1.0,2024,2,Rookie
36799,Stephan Jaeger,9,9.0,9.0,1,196500.0,1.0,2023,3,Rookie
36799,Stephan Jaeger,10,68.0,68.0,1,18096.0,0.5,2023,3,Rookie
36799,Stephan Jaeger,13,38.0,20.0,2,134870.0,1.0,2025,1,Familiar
36799,Stephan Jaeger,15,,,0,0.0,0.0,2024,2,Rookie
36799,Stephan Jaeger,16,28.0,3.0,2,497295.85,0.5,2025,1,Familiar
36799,Stephan Jaeger,17,38.5,20.0,4,405230.0,1.0,2025,1,Experienced
36799,Stephan Jaeger,18,44.0,43.0,2,48724.0,0.6666666666666666,2023,3,Familiar
36799,Stephan Jaeger,19,42.0,40.0,2,143000.0,1.0,2025,1,Familiar
36799,Stephan Jaeger,21,35.0,35.0,1,36562.5,1.0,2022,4,Rookie
36799,Stephan Jaeger,22,31.0,14.0,2,156785.72,1.0,2023,3,Familiar
36799,Stephan Jaeger,25,21.5,13.0,2,179682.28,0.6666666666666666,2025,1,Familiar
36799,Stephan Jaeger,27,31.5,24.0,2,245000.0,0.6666666666666666,2025,1,Familiar
36799,Stephan Jaeger,28,12.0,3.0,3,631918.89,1.0,2024,2,Experienced
36799,Stephan Jaeger,29,6.0,6.0,1,245000.0,1.0,2025,1,Rookie
36799,Stephan Jaeger,34,65.33333333333333,50.0,3,84095.0,1.0,2025,1,Experienced
36799,Stephan Jaeger,35,32.0,20.0,2,315285.72,0.5,2025,1,Familiar
36799,Stephan Jaeger,37,,,0,0.0,0.0,2022,4,Rookie
36799,Stephan Jaeger,38,25.0,18.0,2,329183.33,0.5,2025,1,Familiar
36799,Stephan Jaeger,39,,,0,0.0,0.0,2025,1,Rookie
36799,Stephan Jaeger,40,7.0,5.0,2,566600.0,0.6666666666666666,2024,2,Familiar
36799,Stephan Jaeger,41,37.0,28.0,2,75666.0,0.5,2025,1,Familiar
36799,Stephan Jaeger,43,29.6,23.0,5,254483.89,1.0,2025,1,Veteran
36799,Stephan Jaeger,44,36.0,36.0,1,97750.0,1.0,2025,1,Rookie
36799,Stephan Jaeger,46,44.0,44.0,1,23000.0,0.3333333333333333,2024,2,Rookie
36799,Stephan Jaeger,48,16.333333333333332,3.0,3,674701.6699999999,0.75,2025,1,Experienced
36799,Stephan Jaeger,49,6.0,1.0,2,1849375.0,1.0,2025,1,Familiar
36799,Stephan Jaeger,51,43.0,31.0,3,269550.0,0.75,2025,1,Experienced
36799,Stephan Jaeger,52,7.0,7.0,1,602500.0,1.0,2025,1,Rookie
36799,Stephan Jaeger,53,21.0,21.0,1,203607.0,0.5,2025,1,Rookie
36799,Stephan Jaeger,54,34.0,34.0,1,64024.0,1.0,2021,5,Rookie
36799,Stephan Jaeger,55,,,0,0.0,0.0,2021,5,Rookie
36799,Stephan Jaeger,56,,,0,0.0,0.0,2022,4,Rookie
36799,Stephan Jaeger,57,31.5,27.0,2,93717.5,0.6666666666666666,2025,1,Familiar
36799,Stephan Jaeger,60,18.0,6.0,3,662541.67,1.0,2024,2,Experienced
36799,Stephan Jaeger,61,62.0,62.0,1,18040.0,0.5,2023,3,Rookie
36799,Stephan Jaeger,62,13.5,13.0,2,246687.5,0.5,2025,1,Familiar
36801,Mark Hubbard,0,38.5,16.0,2,106286.0,0.6666666666666666,2025,1,Familiar
36801,Mark Hubbard,1,12.0,12.0,1,169400.0,0.3333333333333333,2025,1,Rookie
36801,Mark Hubbard,2,43.0,43.0,1,30287.0,1.0,2021,5,Rookie
36801,Mark Hubbard,3,33.0,32.0,2,93009.34,1.0,2022,4,Familiar
36801,Mark Hubbard,4,37.0,4.0,5,1061469.3399999999,1.0,2025,1,Veteran
36801,Mark Hubbard,5,,,0,0.0,0.0,2025,1,Rookie
36801,Mark Hubbard,6,11.5,3.0,2,293625.0,1.0,2022,4,Familiar
36801,Mark Hubbard,7,,,0,0.0,0.0,2024,2,Rookie
36801,Mark Hubbard,9,,,0,0.0,0.0,2023,3,Rookie
36801,Mark Hubbard,10,44.6,9.0,5,352653.93,1.0,2025,1,Veteran
36801,Mark Hubbard,11,17.0,17.0,1,139035.0,1.0,2021,5,Rookie
36801,Mark Hubbard,13,28.5,5.0,2,328378.31,1.0,2025,1,Familiar
36801,Mark Hubbard,15,64.0,64.0,1,19440.0,0.5,2025,1,Rookie
36801,Mark Hubbard,16,44.0,20.0,2,122046.0,0.6666666666666666,2025,1,Familiar
36801,Mark Hubbard,17,63.5,61.0,2,83800.0,0.6666666666666666,2024,2,Familiar
36801,Mark Hubbard,18,18.0,16.0,3,322750.0,1.0,2023,3,Experienced
36801,Mark Hubbard,19,,,0,0.0,0.0,2025,1,Rookie
36801,Mark Hubbard,20,,,0,0.0,0.0,2024,2,Rookie
36801,Mark Hubbard,22,34.333333333333336,15.0,3,193258.0,1.0,2023,3,Experienced
36801,Mark Hubbard,24,67.0,67.0,1,8480.0,1.0,2025,1,Rookie
36801,Mark Hubbard,25,25.0,6.0,5,475847.37,1.0,2025,1,Veteran
36801,Mark Hubbard,26,42.0,42.0,1,33015.0,1.0,2021,5,Rookie
36801,Mark Hubbard,27,30.0,30.0,1,117250.0,1.0,2023,3,Rookie
36801,Mark Hubbard,28,39.0,18.0,3,137981.41999999998,1.0,2024,2,Experienced
36801,Mark Hubbard,32,7.0,7.0,1,113333.33,1.0,2025,1,Rookie
36801,Mark Hubbard,33,57.0,57.0,1,16717.0,1.0,2021,5,Rookie
36801,Mark Hubbard,34,50.5,26.0,2,139462.22,1.0,2024,2,Familiar
36801,Mark Hubbard,35,33.0,31.0,2,266979.17,0.5,2025,1,Familiar
36801,Mark Hubbard,36,38.0,38.0,1,27300.0,0.5,2025,1,Rookie
36801,Mark Hubbard,37,34.75,6.0,4,401402.2,1.0,2025,1,Experienced
36801,Mark Hubbard,38,11.0,11.0,1,445000.0,0.5,2023,3,Rookie
36801,Mark Hubbard,39,13.0,13.0,1,172000.0,1.0,2025,1,Rookie
36801,Mark Hubbard,40,52.0,52.0,1,22650.4,0.25,2024,2,Rookie
36801,Mark Hubbard,41,34.5,34.0,2,72895.70999999999,0.5,2025,1,Familiar
36801,Mark Hubbard,42,,,0,0.0,0.0,2021,5,Rookie
36801,Mark Hubbard,43,28.0,5.0,4,599533.75,0.8,2025,1,Experienced
36801,Mark Hubbard,46,28.666666666666668,14.0,3,206050.0,0.75,2024,2,Experienced
36801,Mark Hubbard,47,,,0,0.0,0.0,2021,5,Rookie
36801,Mark Hubbard,48,36.666666666666664,21.0,3,133257.0,0.6,2025,1,Experienced
36801,Mark Hubbard,49,31.0,31.0,1,54418.0,0.5,2025,1,Rookie
36801,Mark Hubbard,51,29.5,13.0,2,156262.03999999998,0.6666666666666666,2023,3,Familiar
36801,Mark Hubbard,53,50.0,50.0,1,51065.0,0.5,2025,1,Rookie
36801,Mark Hubbard,54,,,0,0.0,0.0,2021,5,Rookie
36801,Mark Hubbard,55,,,0,0.0,0.0,2021,5,Rookie
36801,Mark Hubbard,56,25.0,25.0,1,67735.0,0.3333333333333333,2025,1,Rookie
36801,Mark Hubbard,57,47.0,47.0,1,23701.29,0.3333333333333333,2025,1,Rookie
36801,Mark Hubbard,58,50.0,50.0,1,16887.5,1.0,2021,5,Rookie
36801,Mark Hubbard,59,30.0,30.0,1,44712.5,1.0,2021,5,Rookie
36801,Mark Hubbard,60,27.0,27.0,1,134125.0,0.3333333333333333,2023,3,Rookie
36801,Mark Hubbard,61,53.0,53.0,1,20529.14,0.3333333333333333,2025,1,Rookie
36801,Mark Hubbard,62,38.333333333333336,3.0,3,515225.0,0.6,2025,1,Experienced
36801,Mark Hubbard,63,41.0,41.0,1,29410.0,1.0,2024,2,Rookie
36801,Mark Hubbard,64,41.0,41.0,1,26880.0,1.0,2021,5,Rookie
36802,Mark Hoffman,37,,,0,0.0,0.0,2025,1,Rookie
36824,Paul Peterson,0,,,0,0.0,0.0,2025,1,Rookie
36824,Paul Peterson,1,,,0,0.0,0.0,2025,1,Rookie
36824,Paul Peterson,5,51.0,51.0,1,14508.0,1.0,2025,1,Rookie
36824,Paul Peterson,13,,,0,0.0,0.0,2025,1,Rookie
36824,Paul Peterson,15,,,0,0.0,0.0,2025,1,Rookie
36824,Paul Peterson,16,,,0,0.0,0.0,2025,1,Rookie
36824,Paul Peterson,24,2.0,2.0,1,436000.0,1.0,2025,1,Rookie
36824,Paul Peterson,25,,,0,0.0,0.0,2025,1,Rookie
36824,Paul Peterson,29,,,0,0.0,0.0,2025,1,Rookie
36824,Paul Peterson,32,,,0,0.0,0.0,2025,1,Rookie
36824,Paul Peterson,36,,,0,0.0,0.0,2025,1,Rookie
36824,Paul Peterson,37,52.0,52.0,1,23114.0,1.0,2025,1,Rookie
36824,Paul Peterson,39,60.0,60.0,1,21024.0,1.0,2025,1,Rookie
36824,Paul Peterson,41,25.0,25.0,1,63460.0,0.5,2025,1,Rookie
36824,Paul Peterson,43,,,0,0.0,0.0,2025,1,Rookie
36824,Paul Peterson,48,10.0,10.0,1,195025.0,1.0,2025,1,Rookie
36824,Paul Peterson,49,,,0,0.0,0.0,2025,1,Rookie
36824,Paul Peterson,56,,,0,0.0,0.0,2025,1,Rookie
36824,Paul Peterson,57,,,0,0.0,0.0,2025,1,Rookie
36824,Paul Peterson,62,55.0,55.0,1,19106.0,1.0,2025,1,Rookie
36835,Dustin Volk,7,,,0,0.0,0.0,2024,2,Rookie
36837,Julien Brun,6,27.0,27.0,1,21909.28,1.0,2022,4,Rookie
36837,Julien Brun,20,54.0,54.0,1,26190.0,1.0,2023,3,Rookie
36837,Julien Brun,24,,,0,0.0,0.0,2025,1,Rookie
36852,Jim Knous,0,64.0,64.0,1,15975.0,1.0,2022,4,Rookie
36852,Jim Knous,3,,,0,0.0,0.0,2022,4,Rookie
36852,Jim Knous,4,,,0,0.0,0.0,2022,4,Rookie
36852,Jim Knous,6,77.0,77.0,1,7067.0,1.0,2022,4,Rookie
36852,Jim Knous,16,,,0,0.0,0.0,2025,1,Rookie
36852,Jim Knous,18,11.0,11.0,1,150150.0,1.0,2022,4,Rookie
36852,Jim Knous,22,,,0,0.0,0.0,2022,4,Rookie
36852,Jim Knous,25,,,0,0.0,0.0,2022,4,Rookie
36852,Jim Knous,28,,,0,0.0,0.0,2022,4,Rookie
36852,Jim Knous,33,,,0,0.0,0.0,2021,5,Rookie
36852,Jim Knous,36,70.0,70.0,1,12480.0,1.0,2025,1,Rookie
36852,Jim Knous,37,25.0,25.0,1,71485.0,1.0,2022,4,Rookie
36852,Jim Knous,40,,,0,0.0,0.0,2022,4,Rookie
36852,Jim Knous,42,,,0,0.0,0.0,2021,5,Rookie
36852,Jim Knous,48,55.0,55.0,1,17400.0,1.0,2022,4,Rookie
36852,Jim Knous,60,,,0,0.0,0.0,2022,4,Rookie
36852,Jim Knous,61,28.0,28.0,1,53000.0,1.0,2024,2,Rookie
36852,Jim Knous,62,,,0,0.0,0.0,2022,4,Rookie
36871,Matt NeSmith,0,40.5,9.0,2,235575.0,0.5,2024,2,Familiar
36871,Matt NeSmith,3,40.5,30.0,2,82435.25,1.0,2023,3,Familiar
36871,Matt NeSmith,5,,,0,0.0,0.0,2025,1,Rookie
36871,Matt NeSmith,7,,,0,0.0,0.0,2024,2,Rookie
36871,Matt NeSmith,9,53.0,53.0,1,20118.0,1.0,2023,3,Rookie
36871,Matt NeSmith,10,43.0,24.0,3,112731.25,0.75,2024,2,Experienced
36871,Matt NeSmith,13,,,0,0.0,0.0,2025,1,Rookie
36871,Matt NeSmith,17,58.0,58.0,1,44400.0,0.5,2023,3,Rookie
36871,Matt NeSmith,18,51.0,51.0,1,16730.0,0.5,2023,3,Rookie
36871,Matt NeSmith,21,46.0,46.0,1,21637.5,1.0,2022,4,Rookie
36871,Matt NeSmith,24,13.0,2.0,2,305000.0,1.0,2025,1,Familiar
36871,Matt NeSmith,25,53.333333333333336,35.0,3,67891.55,0.75,2025,1,Experienced
36871,Matt NeSmith,26,,,0,0.0,0.0,2021,5,Rookie
36871,Matt NeSmith,27,37.0,37.0,1,51000.0,0.5,2023,3,Rookie
36871,Matt NeSmith,30,54.0,54.0,1,9416.0,1.0,2024,2,Rookie
36871,Matt NeSmith,31,,,0,0.0,0.0,2021,5,Rookie
36871,Matt NeSmith,32,,,0,0.0,0.0,2025,1,Rookie
36871,Matt NeSmith,34,23.0,23.0,1,165000.0,1.0,2023,3,Rookie
36871,Matt NeSmith,35,26.0,26.0,1,186250.0,0.25,2024,2,Rookie
36871,Matt NeSmith,36,,,0,0.0,0.0,2025,1,Rookie
36871,Matt NeSmith,37,,,0,0.0,0.0,2024,2,Rookie
36871,Matt NeSmith,38,39.666666666666664,12.0,3,204423.67,1.0,2023,3,Experienced
36871,Matt NeSmith,40,58.0,58.0,1,16575.0,0.3333333333333333,2024,2,Rookie
36871,Matt NeSmith,41,22.0,15.0,2,158040.0,0.4,2025,1,Familiar
36871,Matt NeSmith,42,,,0,0.0,0.0,2021,5,Rookie
36871,Matt NeSmith,43,24.0,9.0,5,441548.1,0.8333333333333334,2025,1,Veteran
36871,Matt NeSmith,49,,,0,0.0,0.0,2024,2,Rookie
36871,Matt NeSmith,51,19.0,19.0,1,106101.67,0.3333333333333333,2023,3,Rookie
36871,Matt NeSmith,53,37.0,37.0,1,75916.0,1.0,2022,4,Rookie
36871,Matt NeSmith,56,34.0,34.0,1,36036.0,0.25,2024,2,Rookie
36871,Matt NeSmith,57,12.0,3.0,2,525491.25,0.6666666666666666,2024,2,Familiar
36871,Matt NeSmith,58,,,0,0.0,0.0,2021,5,Rookie
36871,Matt NeSmith,60,41.333333333333336,31.0,3,172675.5,1.0,2023,3,Experienced
36871,Matt NeSmith,62,49.0,36.0,2,47048.18,0.5,2024,2,Familiar
36871,Matthew NeSmith,1,,,0,0.0,0.0,2023,3,Rookie
36871,Matthew NeSmith,2,39.0,39.0,1,70028.57,0.5,2023,3,Rookie
36871,Matthew NeSmith,4,45.333333333333336,16.0,3,157581.0,1.0,2023,3,Experienced
36871,Matthew NeSmith,15,,,0,0.0,0.0,2024,2,Rookie
36871,Matthew NeSmith,16,41.0,34.0,2,63219.0,0.4,2025,1,Familiar
36871,Matthew NeSmith,18,,,0,0.0,0.0,2023,3,Rookie
36871,Matthew NeSmith,19,37.5,20.0,2,129435.0,0.6666666666666666,2023,3,Familiar
36871,Matthew NeSmith,22,30.5,25.0,2,92585.0,1.0,2022,4,Familiar
36871,Matthew NeSmith,28,,,0,0.0,0.0,2024,2,Rookie
36871,Matthew NeSmith,33,35.0,35.0,1,33336.67,1.0,2021,5,Rookie
36871,Matthew NeSmith,41,28.0,28.0,1,53917.5,1.0,2023,3,Rookie
36871,Matthew NeSmith,46,19.333333333333332,2.0,3,856410.0,0.75,2024,2,Experienced
36871,Matthew NeSmith,47,8.0,8.0,1,190750.0,1.0,2021,5,Rookie
36871,Matthew NeSmith,48,80.0,80.0,1,15272.0,0.5,2024,2,Rookie
36871,Matthew NeSmith,59,7.0,7.0,1,229341.67,1.0,2021,5,Rookie
36871,Matthew NeSmith,61,71.0,71.0,1,17776.0,0.3333333333333333,2024,2,Rookie
36884,Ben Kohles,0,22.0,20.0,2,157203.0,0.6666666666666666,2025,1,Familiar
36884,Ben Kohles,1,21.0,21.0,1,83270.0,0.5,2025,1,Rookie
36884,Ben Kohles,3,,,0,0.0,0.0,2022,4,Rookie
36884,Ben Kohles,4,63.0,63.0,1,19053.0,1.0,2022,4,Rookie
36884,Ben Kohles,5,20.0,20.0,1,63214.29,1.0,2025,1,Rookie
36884,Ben Kohles,6,13.0,13.0,1,64353.57,1.0,2022,4,Rookie
36884,Ben Kohles,7,46.0,46.0,1,20137.5,1.0,2024,2,Rookie
36884,Ben Kohles,10,,,0,0.0,0.0,2025,1,Rookie
36884,Ben Kohles,13,27.0,2.0,2,1059210.5,1.0,2025,1,Familiar
36884,Ben Kohles,15,,,0,0.0,0.0,2025,1,Rookie
36884,Ben Kohles,16,,,0,0.0,0.0,2024,2,Rookie
36884,Ben Kohles,18,,,0,0.0,0.0,2022,4,Rookie
36884,Ben Kohles,20,46.0,46.0,1,31369.09,1.0,2024,2,Rookie
36884,Ben Kohles,22,,,0,0.0,0.0,2022,4,Rookie
36884,Ben Kohles,24,8.0,8.0,1,113333.33,1.0,2025,1,Rookie
36884,Ben Kohles,25,48.0,44.0,2,43889.24,0.6666666666666666,2025,1,Familiar
36884,Ben Kohles,28,42.0,42.0,1,23287.0,0.5,2024,2,Rookie
36884,Ben Kohles,29,25.0,25.0,1,59350.0,1.0,2025,1,Rookie
36884,Ben Kohles,32,37.0,37.0,1,17400.0,1.0,2025,1,Rookie
36884,Ben Kohles,34,26.0,26.0,1,113962.22,1.0,2024,2,Rookie
36884,Ben Kohles,35,,,0,0.0,0.0,2025,1,Rookie
36884,Ben Kohles,36,45.0,26.0,2,61230.0,1.0,2025,1,Familiar
36884,Ben Kohles,37,,,0,0.0,0.0,2025,1,Rookie
36884,Ben Kohles,39,78.0,78.0,1,17856.0,1.0,2025,1,Rookie
36884,Ben Kohles,40,20.0,20.0,1,113068.0,0.5,2024,2,Rookie
36884,Ben Kohles,41,19.5,5.0,2,345750.0,0.5,2025,1,Familiar
36884,Ben Kohles,43,16.0,16.0,1,108300.0,0.3333333333333333,2025,1,Rookie
36884,Ben Kohles,46,,,0,0.0,0.0,2024,2,Rookie
36884,Ben Kohles,48,44.0,27.0,3,89407.6,1.0,2025,1,Experienced
36884,Ben Kohles,49,,,0,0.0,0.0,2025,1,Rookie
36884,Ben Kohles,51,,,0,0.0,0.0,2022,4,Rookie
36884,Ben Kohles,53,56.0,56.0,1,44546.0,1.0,2024,2,Rookie
36884,Ben Kohles,56,78.0,78.0,1,17204.0,0.3333333333333333,2025,1,Rookie
36884,Ben Kohles,57,,,0,0.0,0.0,2025,1,Rookie
36884,Ben Kohles,60,58.5,58.0,2,65540.0,1.0,2024,2,Familiar
36884,Ben Kohles,61,,,0,0.0,0.0,2025,1,Rookie
36884,Ben Kohles,62,54.0,54.0,1,16863.0,0.3333333333333333,2025,1,Rookie
36884,Ben Kohles,63,56.0,56.0,1,16830.0,1.0,2024,2,Rookie
36892,"Olin Browne, Jr.",53,,,0,0.0,0.0,2023,3,Rookie
36964,Francisco Bidé,41,,,0,0.0,0.0,2024,2,Rookie
36976,Garrick Porteous,6,,,0,0.0,0.0,2022,4,Rookie
36983,Matt Dobyns,34,,,0,0.0,0.0,2024,2,Rookie
37033,Koichiro Ishika,48,,,0,0.0,0.0,2022,4,Rookie
37052,Martin Simonsen,6,,,0,0.0,0.0,2023,3,Rookie
37066,Grant Forrest,20,24.0,11.0,3,323175.0,1.0,2025,1,Experienced
37066,Grant Forrest,53,,,0,0.0,0.0,2024,2,Rookie
37076,Marcelo Rozo,22,,,0,0.0,0.0,2021,5,Rookie
37094,Joe Dean,20,,,0,0.0,0.0,2025,1,Rookie
37124,Roberto Lebrija,28,,,0,0.0,0.0,2023,3,Rookie
37157,Renato Paratore,6,,,0,0.0,0.0,2022,4,Rookie
37157,Renato Paratore,24,,,0,0.0,0.0,2024,2,Rookie
37157,Renato Paratore,54,31.0,31.0,1,75649.0,1.0,2021,5,Rookie
37187,Tain Lee,16,69.0,69.0,1,15375.0,1.0,2021,5,Rookie
37187,Tain Lee,33,14.0,14.0,1,125925.0,1.0,2021,5,Rookie
37187,Tain Lee,40,,,0,0.0,0.0,2021,5,Rookie
37187,Tain Lee,56,59.0,59.0,1,16940.0,1.0,2021,5,Rookie
37187,Tain Lee,62,,,0,0.0,0.0,2025,1,Rookie
37189,Harold Varner III,1,22.0,22.0,1,79420.0,1.0,2022,4,Rookie
37189,Harold Varner III,2,21.0,21.0,1,97557.0,1.0,2021,5,Rookie
37189,Harold Varner III,4,,,0,0.0,0.0,2021,5,Rookie
37189,Harold Varner III,8,30.0,12.0,2,238200.0,1.0,2022,4,Familiar
37189,Harold Varner III,10,29.5,27.0,2,96457.5,1.0,2022,4,Familiar
37189,Harold Varner III,12,32.0,32.0,1,51610.0,1.0,2022,4,Rookie
37189,Harold Varner III,16,,,0,0.0,0.0,2021,5,Rookie
37189,Harold Varner III,17,,,0,0.0,0.0,2022,4,Rookie
37189,Harold Varner III,18,16.0,16.0,1,103250.0,1.0,2022,4,Rookie
37189,Harold Varner III,19,62.0,62.0,1,20460.0,0.5,2022,4,Rookie
37189,Harold Varner III,21,,,0,0.0,0.0,2022,4,Rookie
37189,Harold Varner III,22,19.0,19.0,1,82950.0,1.0,2021,5,Rookie
37189,Harold Varner III,25,11.0,11.0,1,124664.29,1.0,2021,5,Rookie
37189,Harold Varner III,26,47.0,47.0,1,26009.0,1.0,2021,5,Rookie
37189,Harold Varner III,31,11.0,11.0,1,203775.0,1.0,2021,5,Rookie
37189,Harold Varner III,33,,,0,0.0,0.0,2021,5,Rookie
37189,Harold Varner III,34,42.0,29.0,3,147232.19,1.0,2023,3,Experienced
37189,Harold Varner III,35,33.5,6.0,2,708000.0,1.0,2022,4,Familiar
37189,Harold Varner III,37,13.0,13.0,1,160515.0,1.0,2022,4,Rookie
37189,Harold Varner III,38,2.5,2.0,2,962757.14,1.0,2022,4,Familiar
37189,Harold Varner III,40,,,0,0.0,0.0,2021,5,Rookie
37189,Harold Varner III,41,,,0,0.0,0.0,2021,5,Rookie
37189,Harold Varner III,42,29.0,29.0,1,41391.43,1.0,2021,5,Rookie
37189,Harold Varner III,43,11.0,11.0,1,162750.0,1.0,2022,4,Rookie
37189,Harold Varner III,47,13.0,13.0,1,125416.67,1.0,2021,5,Rookie
37189,Harold Varner III,51,45.0,43.0,2,50502.43,1.0,2022,4,Familiar
37189,Harold Varner III,53,,,0,0.0,0.0,2022,4,Rookie
37189,Harold Varner III,56,,,0,0.0,0.0,2021,5,Rookie
37189,Harold Varner III,57,57.0,57.0,1,17706.0,1.0,2022,4,Rookie
37189,Harold Varner III,58,15.0,15.0,1,113750.0,1.0,2021,5,Rookie
37189,Harold Varner III,59,13.0,13.0,1,138700.0,1.0,2021,5,Rookie
37189,Harold Varner III,60,,,0,0.0,0.0,2021,5,Rookie
37189,Harold Varner III,61,,,0,0.0,0.0,2022,4,Rookie
37189,Harold Varner III,62,57.0,57.0,1,14656.0,0.5,2022,4,Rookie
37212,Paul Barjon,0,31.0,31.0,1,42910.71,0.5,2024,2,Rookie
37212,Paul Barjon,1,10.0,10.0,1,207100.0,1.0,2022,4,Rookie
37212,Paul Barjon,2,,,0,0.0,0.0,2022,4,Rookie
37212,Paul Barjon,3,65.0,65.0,1,19292.0,1.0,2022,4,Rookie
37212,Paul Barjon,4,,,0,0.0,0.0,2022,4,Rookie
37212,Paul Barjon,6,48.0,42.0,2,21009.0,1.0,2022,4,Familiar
37212,Paul Barjon,7,,,0,0.0,0.0,2024,2,Rookie
37212,Paul Barjon,10,,,0,0.0,0.0,2022,4,Rookie
37212,Paul Barjon,13,,,0,0.0,0.0,2024,2,Rookie
37212,Paul Barjon,15,,,0,0.0,0.0,2024,2,Rookie
37212,Paul Barjon,16,,,0,0.0,0.0,2024,2,Rookie
37212,Paul Barjon,18,42.0,42.0,1,24850.0,1.0,2022,4,Rookie
37212,Paul Barjon,21,,,0,0.0,0.0,2022,4,Rookie
37212,Paul Barjon,22,,,0,0.0,0.0,2022,4,Rookie
37212,Paul Barjon,24,67.0,67.0,1,8520.0,1.0,2024,2,Rookie
37212,Paul Barjon,25,,,0,0.0,0.0,2024,2,Rookie
37212,Paul Barjon,28,,,0,0.0,0.0,2024,2,Rookie
37212,Paul Barjon,30,54.0,54.0,1,9416.0,1.0,2024,2,Rookie
37212,Paul Barjon,36,,,0,0.0,0.0,2024,2,Rookie
37212,Paul Barjon,37,46.0,46.0,1,26535.0,0.5,2024,2,Rookie
37212,Paul Barjon,40,,,0,0.0,0.0,2024,2,Rookie
37212,Paul Barjon,41,,,0,0.0,0.0,2024,2,Rookie
37212,Paul Barjon,43,36.0,33.0,2,70720.0,1.0,2024,2,Familiar
37212,Paul Barjon,46,,,0,0.0,0.0,2024,2,Rookie
37212,Paul Barjon,48,48.0,48.0,1,19639.29,0.5,2024,2,Rookie
37212,Paul Barjon,49,,,0,0.0,0.0,2024,2,Rookie
37212,Paul Barjon,51,53.0,53.0,1,20003.0,1.0,2022,4,Rookie
37212,Paul Barjon,53,,,0,0.0,0.0,2023,3,Rookie
37212,Paul Barjon,54,,,0,0.0,0.0,2021,5,Rookie
37212,Paul Barjon,56,,,0,0.0,0.0,2024,2,Rookie
37212,Paul Barjon,57,57.0,57.0,1,17706.0,0.5,2024,2,Rookie
37212,Paul Barjon,60,51.0,51.0,1,21762.0,1.0,2022,4,Rookie
37212,Paul Barjon,62,,,0,0.0,0.0,2024,2,Rookie
37250,Romain Langasque,20,27.666666666666668,3.0,3,690367.5,1.0,2025,1,Experienced
37250,Romain Langasque,53,54.0,54.0,1,45271.0,1.0,2023,3,Rookie
37250,Romain Langasque,54,34.0,34.0,1,64024.0,1.0,2021,5,Rookie
37273,Derek Ernst,0,,,0,0.0,0.0,2022,4,Rookie
37273,Derek Ernst,3,,,0,0.0,0.0,2023,3,Rookie
37273,Derek Ernst,6,37.0,37.0,1,16625.0,0.3333333333333333,2023,3,Rookie
37273,Derek Ernst,18,,,0,0.0,0.0,2023,3,Rookie
37273,Derek Ernst,25,51.0,51.0,1,16880.25,0.5,2023,3,Rookie
37273,Derek Ernst,28,60.0,60.0,1,16940.0,0.5,2023,3,Rookie
37273,Derek Ernst,33,,,0,0.0,0.0,2021,5,Rookie
37273,Derek Ernst,37,,,0,0.0,0.0,2023,3,Rookie
37275,Sam Ryder,0,33.333333333333336,7.0,3,316752.0,0.6,2025,1,Experienced
37275,Sam Ryder,1,46.333333333333336,43.0,3,63962.67,0.75,2025,1,Experienced
37275,Sam Ryder,2,61.0,61.0,1,26040.0,0.5,2023,3,Rookie
37275,Sam Ryder,3,,,0,0.0,0.0,2022,4,Rookie
37275,Sam Ryder,4,31.0,31.0,1,106625.0,0.5,2024,2,Rookie
37275,Sam Ryder,5,51.0,51.0,1,14508.0,1.0,2025,1,Rookie
37275,Sam Ryder,6,3.0,3.0,1,206500.0,0.5,2022,4,Rookie
37275,Sam Ryder,7,40.0,40.0,1,31125.0,1.0,2024,2,Rookie
37275,Sam Ryder,10,53.0,53.0,1,22261.67,0.2,2025,1,Rookie
37275,Sam Ryder,13,,,0,0.0,0.0,2025,1,Rookie
37275,Sam Ryder,15,34.5,21.0,2,111555.0,1.0,2025,1,Familiar
37275,Sam Ryder,16,13.0,4.0,3,608317.86,0.6,2025,1,Experienced
37275,Sam Ryder,17,41.0,31.0,2,152050.0,1.0,2023,3,Familiar
37275,Sam Ryder,18,36.0,14.0,2,168980.0,0.6666666666666666,2023,3,Familiar
37275,Sam Ryder,19,23.0,20.0,2,283466.67000000004,0.6666666666666666,2024,2,Familiar
37275,Sam Ryder,20,,,0,0.0,0.0,2023,3,Rookie
37275,Sam Ryder,21,,,0,0.0,0.0,2022,4,Rookie
37275,Sam Ryder,22,8.5,8.0,2,384750.0,1.0,2022,4,Familiar
37275,Sam Ryder,24,25.0,25.0,1,30733.33,0.5,2025,1,Rookie
37275,Sam Ryder,25,50.666666666666664,34.0,3,69116.0,0.6,2025,1,Experienced
37275,Sam Ryder,27,56.0,56.0,1,46400.0,0.5,2023,3,Rookie
37275,Sam Ryder,29,59.0,59.0,1,15960.0,1.0,2025,1,Rookie
37275,Sam Ryder,30,26.0,26.0,1,29800.0,1.0,2024,2,Rookie
37275,Sam Ryder,31,,,0,0.0,0.0,2021,5,Rookie
37275,Sam Ryder,32,13.0,13.0,1,69571.43,1.0,2025,1,Rookie
37275,Sam Ryder,33,52.0,52.0,1,17483.5,1.0,2021,5,Rookie
37275,Sam Ryder,34,,,0,0.0,0.0,2023,3,Rookie
37275,Sam Ryder,35,33.5,14.0,4,944635.72,0.8,2025,1,Experienced
37275,Sam Ryder,36,,,0,0.0,0.0,2025,1,Rookie
37275,Sam Ryder,37,,,0,0.0,0.0,2025,1,Rookie
37275,Sam Ryder,38,,,0,0.0,0.0,2023,3,Rookie
37275,Sam Ryder,39,,,0,0.0,0.0,2025,1,Rookie
37275,Sam Ryder,40,32.0,24.0,2,101460.0,0.5,2024,2,Familiar
37275,Sam Ryder,41,30.0,13.0,2,169680.0,0.3333333333333333,2025,1,Familiar
37275,Sam Ryder,42,,,0,0.0,0.0,2021,5,Rookie
37275,Sam Ryder,43,44.0,29.0,4,94890.15,0.6666666666666666,2025,1,Experienced
37275,Sam Ryder,46,28.0,28.0,2,106430.0,0.5,2024,2,Familiar
37275,Sam Ryder,47,,,0,0.0,0.0,2021,5,Rookie
37275,Sam Ryder,48,42.0,21.0,2,96663.33,0.5,2025,1,Familiar
37275,Sam Ryder,49,62.5,61.0,2,40378.0,1.0,2025,1,Familiar
37275,Sam Ryder,51,44.5,35.0,2,60337.0,0.6666666666666666,2023,3,Familiar
37275,Sam Ryder,56,21.5,3.0,2,562625.0,0.4,2025,1,Familiar
37275,Sam Ryder,57,22.666666666666668,16.0,3,256835.0,0.6,2025,1,Experienced
37275,Sam Ryder,58,,,0,0.0,0.0,2021,5,Rookie
37275,Sam Ryder,59,57.0,57.0,1,16863.0,1.0,2021,5,Rookie
37275,Sam Ryder,60,,,0,0.0,0.0,2023,3,Rookie
37275,Sam Ryder,61,26.333333333333332,20.0,3,365127.5,0.75,2025,1,Experienced
37275,Sam Ryder,62,38.25,19.0,4,194211.0,0.8,2025,1,Experienced
37278,Nicholas Lindheim,0,,,0,0.0,0.0,2024,2,Rookie
37278,Nicholas Lindheim,7,,,0,0.0,0.0,2024,2,Rookie
37278,Nicholas Lindheim,13,,,0,0.0,0.0,2024,2,Rookie
37278,Nicholas Lindheim,15,,,0,0.0,0.0,2024,2,Rookie
37278,Nicholas Lindheim,16,,,0,0.0,0.0,2024,2,Rookie
37278,Nicholas Lindheim,25,,,0,0.0,0.0,2025,1,Rookie
37278,Nicholas Lindheim,30,,,0,0.0,0.0,2024,2,Rookie
37278,Nicholas Lindheim,36,,,0,0.0,0.0,2024,2,Rookie
37278,Nicholas Lindheim,40,31.0,31.0,1,48583.08,1.0,2024,2,Rookie
37278,Nicholas Lindheim,41,28.0,28.0,1,53917.5,1.0,2023,3,Rookie
37278,Nicholas Lindheim,43,45.5,43.0,2,44650.43,0.6666666666666666,2024,2,Familiar
37278,Nicholas Lindheim,46,28.0,28.0,1,55080.0,0.5,2023,3,Rookie
37278,Nicholas Lindheim,49,,,0,0.0,0.0,2024,2,Rookie
37278,Nicholas Lindheim,56,,,0,0.0,0.0,2024,2,Rookie
37278,Nicholas Lindheim,57,,,0,0.0,0.0,2024,2,Rookie
37278,Nicholas Lindheim,62,27.0,27.0,1,53200.0,1.0,2023,3,Rookie
37338,Zecheng Dou,0,,,0,0.0,0.0,2023,3,Rookie
37338,Zecheng Dou,1,62.0,62.0,1,17520.0,1.0,2023,3,Rookie
37338,Zecheng Dou,3,5.0,5.0,1,351500.0,1.0,2023,3,Rookie
37338,Zecheng Dou,4,,,0,0.0,0.0,2023,3,Rookie
37338,Zecheng Dou,6,44.0,44.0,1,11172.0,1.0,2023,3,Rookie
37338,Zecheng Dou,9,68.0,68.0,1,17724.0,1.0,2023,3,Rookie
37338,Zecheng Dou,10,63.0,63.0,1,18705.0,1.0,2023,3,Rookie
37338,Zecheng Dou,13,,,0,0.0,0.0,2024,2,Rookie
37338,Zecheng Dou,16,62.0,62.0,1,18879.0,1.0,2023,3,Rookie
37338,Zecheng Dou,18,21.0,21.0,1,87200.0,0.5,2023,3,Rookie
37338,Zecheng Dou,22,,,0,0.0,0.0,2023,3,Rookie
37338,Zecheng Dou,24,,,0,0.0,0.0,2024,2,Rookie
37338,Zecheng Dou,25,,,0,0.0,0.0,2024,2,Rookie
37338,Zecheng Dou,28,49.0,49.0,1,19198.66,0.5,2024,2,Rookie
37338,Zecheng Dou,30,46.0,46.0,1,12240.0,1.0,2024,2,Rookie
37338,Zecheng Dou,37,,,0,0.0,0.0,2023,3,Rookie
37338,Zecheng Dou,40,17.0,17.0,1,129800.0,1.0,2023,3,Rookie
37338,Zecheng Dou,41,67.0,67.0,1,17010.0,0.3333333333333333,2024,2,Rookie
37338,Zecheng Dou,43,33.0,12.0,2,208899.0,1.0,2023,3,Familiar
37338,Zecheng Dou,46,,,0,0.0,0.0,2023,3,Rookie
37338,Zecheng Dou,48,,,0,0.0,0.0,2023,3,Rookie
37338,Zecheng Dou,51,52.0,52.0,1,47900.0,1.0,2023,3,Rookie
37338,Zecheng Dou,56,,,0,0.0,0.0,2023,3,Rookie
37338,Zecheng Dou,57,69.0,69.0,1,16929.0,1.0,2023,3,Rookie
37338,Zecheng Dou,62,51.0,51.0,1,18164.0,1.0,2023,3,Rookie
37378,Min Woo Lee,2,44.0,44.0,1,64000.0,0.25,2025,1,Rookie
37378,Min Woo Lee,3,,,0,0.0,0.0,2023,3,Rookie
37378,Min Woo Lee,4,17.0,17.0,1,272000.0,0.3333333333333333,2025,1,Rookie
37378,Min Woo Lee,10,32.0,24.0,2,102621.25,0.6666666666666666,2024,2,Familiar
37378,Min Woo Lee,13,24.0,24.0,1,77425.0,1.0,2024,2,Rookie
37378,Min Woo Lee,15,6.5,2.0,2,985985.71,1.0,2025,1,Familiar
37378,Min Woo Lee,16,43.0,43.0,1,28530.0,1.0,2024,2,Rookie
37378,Min Woo Lee,17,45.0,22.0,2,216700.0,1.0,2025,1,Familiar
37378,Min Woo Lee,19,48.0,48.0,1,56000.0,0.5,2025,1,Rookie
37378,Min Woo Lee,20,54.0,35.0,2,71350.70999999999,1.0,2024,2,Familiar
37378,Min Woo Lee,22,26.0,26.0,1,65100.0,1.0,2023,3,Rookie
37378,Min Woo Lee,27,49.0,49.0,1,53000.0,0.5,2025,1,Rookie
37378,Min Woo Lee,34,22.0,18.0,2,328362.22,0.5,2025,1,Familiar
37378,Min Woo Lee,35,26.666666666666668,6.0,3,1034357.14,1.0,2025,1,Experienced
37378,Min Woo Lee,36,32.0,32.0,1,34260.0,1.0,2024,2,Rookie
37378,Min Woo Lee,38,61.0,61.0,1,41500.0,0.5,2025,1,Rookie
37378,Min Woo Lee,39,13.0,13.0,1,172000.0,1.0,2025,1,Rookie
37378,Min Woo Lee,40,2.0,2.0,1,616400.0,1.0,2024,2,Rookie
37378,Min Woo Lee,43,,,0,0.0,0.0,2025,1,Rookie
37378,Min Woo Lee,49,1.0,1.0,1,1710000.0,1.0,2025,1,Rookie
37378,Min Woo Lee,51,36.0,9.0,2,566250.0,1.0,2025,1,Familiar
37378,Min Woo Lee,52,51.0,51.0,1,47000.0,1.0,2025,1,Rookie
37378,Min Woo Lee,53,17.666666666666668,5.0,3,1069543.0,0.75,2025,1,Experienced
37378,Min Woo Lee,55,,,0,0.0,0.0,2021,5,Rookie
37378,Min Woo Lee,56,,,0,0.0,0.0,2022,4,Rookie
37378,Min Woo Lee,57,,,0,0.0,0.0,2024,2,Rookie
37378,Min Woo Lee,61,41.5,12.0,2,213276.0,1.0,2025,1,Familiar
37378,Min Woo Lee,62,,,0,0.0,0.0,2024,2,Rookie
37378,Min Woo Lee,63,27.0,27.0,1,57035.0,1.0,2024,2,Rookie
37380,Curtis Luck,27,,,0,0.0,0.0,2022,4,Rookie
37380,Curtis Luck,54,,,0,0.0,0.0,2021,5,Rookie
37428,Evan Harmeling,30,,,0,0.0,0.0,2024,2,Rookie
37428,Evan Harmeling,32,,,0,0.0,0.0,2025,1,Rookie
37428,Evan Harmeling,57,,,0,0.0,0.0,2024,2,Rookie
37446,Jacques Kruyswijk,20,65.0,65.0,1,19800.0,1.0,2025,1,Rookie
37446,Jacques Kruyswijk,24,31.0,31.0,1,23400.0,1.0,2024,2,Rookie
37446,Jacques Kruyswijk,53,,,0,0.0,0.0,2025,1,Rookie
37446,Jacques Kruyswijk,55,,,0,0.0,0.0,2021,5,Rookie
37447,Zander Lombard,20,,,0,0.0,0.0,2023,3,Rookie
37455,Si Woo Kim,0,,,0,0.0,0.0,2025,1,Rookie
37455,Si Woo Kim,1,21.25,1.0,4,1491732.0,1.0,2025,1,Experienced
37455,Si Woo Kim,2,28.5,19.0,4,550461.91,0.8,2025,1,Experienced
37455,Si Woo Kim,3,28.5,2.0,2,864130.0,0.6666666666666666,2023,3,Familiar
37455,Si Woo Kim,4,13.0,12.0,2,777500.0,0.6666666666666666,2025,1,Familiar
37455,Si Woo Kim,8,30.2,5.0,5,1233150.0,1.0,2025,1,Veteran
37455,Si Woo Kim,9,35.0,35.0,1,42735.0,1.0,2023,3,Rookie
37455,Si Woo Kim,10,37.666666666666664,28.0,3,131921.22,0.75,2025,1,Experienced
37455,Si Woo Kim,11,17.0,17.0,1,139035.0,1.0,2021,5,Rookie
37455,Si Woo Kim,12,76.0,76.0,1,15990.0,1.0,2022,4,Rookie
37455,Si Woo Kim,13,14.0,13.0,2,301951.14,1.0,2025,1,Familiar
37455,Si Woo Kim,14,52.0,52.0,1,21840.0,1.0,2023,3,Rookie
37455,Si Woo Kim,16,18.0,11.0,2,247025.0,0.5,2025,1,Familiar
37455,Si Woo Kim,17,30.5,14.0,4,773000.0,1.0,2025,1,Experienced
37455,Si Woo Kim,18,11.0,11.0,1,150150.0,1.0,2022,4,Rookie
37455,Si Woo Kim,19,47.0,24.0,3,251137.14,0.6,2025,1,Experienced
37455,Si Woo Kim,20,30.0,26.0,2,126300.0,1.0,2025,1,Familiar
37455,Si Woo Kim,25,11.0,11.0,1,174300.0,0.5,2025,1,Rookie
37455,Si Woo Kim,26,9.0,9.0,1,262725.0,1.0,2021,5,Rookie
37455,Si Woo Kim,27,15.75,4.0,4,1645257.14,1.0,2025,1,Experienced
37455,Si Woo Kim,31,,,0,0.0,0.0,2021,5,Rookie
37455,Si Woo Kim,34,34.0,8.0,2,480906.11,0.4,2025,1,Familiar
37455,Si Woo Kim,35,20.0,6.0,4,1493281.25,0.8,2025,1,Experienced
37455,Si Woo Kim,38,25.25,8.0,4,865566.6699999999,0.8,2025,1,Experienced
37455,Si Woo Kim,39,84.0,84.0,1,16992.0,1.0,2025,1,Rookie
37455,Si Woo Kim,40,36.0,14.0,2,169875.0,1.0,2022,4,Familiar
37455,Si Woo Kim,41,37.5,4.0,2,311551.33,0.6666666666666666,2025,1,Familiar
37455,Si Woo Kim,42,44.0,44.0,1,22770.0,1.0,2021,5,Rookie
37455,Si Woo Kim,43,22.5,8.0,2,233460.0,1.0,2022,4,Familiar
37455,Si Woo Kim,44,28.5,25.0,2,288750.0,1.0,2025,1,Familiar
37455,Si Woo Kim,45,23.0,23.0,1,115500.0,1.0,2022,4,Rookie
37455,Si Woo Kim,46,8.0,8.0,1,242000.0,0.3333333333333333,2023,3,Rookie
37455,Si Woo Kim,47,8.0,8.0,1,190750.0,1.0,2021,5,Rookie
37455,Si Woo Kim,48,30.75,1.0,4,1516022.6,0.8,2025,1,Experienced
37455,Si Woo Kim,49,17.0,17.0,1,134225.0,0.5,2025,1,Rookie
37455,Si Woo Kim,50,20.0,20.0,1,0.0,1.0,2023,3,Rookie
37455,Si Woo Kim,51,31.0,31.0,1,117600.0,0.2,2025,1,Rookie
37455,Si Woo Kim,52,17.0,17.0,1,270500.0,1.0,2025,1,Rookie
37455,Si Woo Kim,53,37.666666666666664,32.0,3,269349.0,0.75,2025,1,Experienced
37455,Si Woo Kim,54,,,0,0.0,0.0,2021,5,Rookie
37455,Si Woo Kim,55,42.0,42.0,1,73014.0,1.0,2021,5,Rookie
37455,Si Woo Kim,56,25.0,13.0,3,260000.0,0.75,2025,1,Experienced
37455,Si Woo Kim,58,,,0,0.0,0.0,2021,5,Rookie
37455,Si Woo Kim,59,50.0,50.0,1,18323.0,1.0,2021,5,Rookie
37455,Si Woo Kim,60,32.0,16.0,3,411850.0,1.0,2024,2,Experienced
37455,Si Woo Kim,61,20.5,12.0,4,519910.0,1.0,2025,1,Experienced
37455,Si Woo Kim,62,17.5,2.0,2,430860.0,0.4,2025,1,Familiar
37455,Si Woo Kim,63,6.0,6.0,1,266050.0,1.0,2024,2,Rookie
38991,Alejandro Tosti,0,,,0,0.0,0.0,2024,2,Rookie
38991,Alejandro Tosti,1,58.0,58.0,1,19712.0,1.0,2025,1,Rookie
38991,Alejandro Tosti,7,43.0,43.0,1,26625.0,1.0,2024,2,Rookie
38991,Alejandro Tosti,10,17.0,17.0,1,120835.0,0.5,2025,1,Rookie
38991,Alejandro Tosti,13,67.0,67.0,1,20691.0,0.5,2025,1,Rookie
38991,Alejandro Tosti,15,68.0,68.0,1,19412.0,0.5,2025,1,Rookie
38991,Alejandro Tosti,16,43.0,43.0,1,28530.0,0.5,2025,1,Rookie
38991,Alejandro Tosti,20,,,0,0.0,0.0,2025,1,Rookie
38991,Alejandro Tosti,24,,,0,0.0,0.0,2024,2,Rookie
38991,Alejandro Tosti,25,,,0,0.0,0.0,2025,1,Rookie
38991,Alejandro Tosti,28,10.0,10.0,1,179025.0,0.5,2024,2,Rookie
38991,Alejandro Tosti,29,10.0,10.0,1,176750.0,1.0,2025,1,Rookie
38991,Alejandro Tosti,30,63.0,63.0,1,8760.0,1.0,2024,2,Rookie
38991,Alejandro Tosti,32,54.0,54.0,1,9460.0,1.0,2025,1,Rookie
38991,Alejandro Tosti,34,73.0,73.0,1,22560.0,1.0,2024,2,Rookie
38991,Alejandro Tosti,35,,,0,0.0,0.0,2025,1,Rookie
38991,Alejandro Tosti,36,,,0,0.0,0.0,2024,2,Rookie
38991,Alejandro Tosti,37,,,0,0.0,0.0,2025,1,Rookie
38991,Alejandro Tosti,38,33.0,33.0,1,106166.67,1.0,2024,2,Rookie
38991,Alejandro Tosti,39,,,0,0.0,0.0,2025,1,Rookie
38991,Alejandro Tosti,40,,,0,0.0,0.0,2024,2,Rookie
38991,Alejandro Tosti,41,,,0,0.0,0.0,2024,2,Rookie
38991,Alejandro Tosti,43,39.0,39.0,1,31995.0,0.5,2024,2,Rookie
38991,Alejandro Tosti,46,9.0,9.0,1,176750.0,1.0,2024,2,Rookie
38991,Alejandro Tosti,48,70.0,70.0,1,16932.0,0.5,2025,1,Rookie
38991,Alejandro Tosti,49,3.5,2.0,2,891578.75,1.0,2025,1,Familiar
38991,Alejandro Tosti,56,12.0,12.0,1,182875.0,0.5,2025,1,Rookie
38991,Alejandro Tosti,57,75.0,75.0,1,16212.0,0.5,2025,1,Rookie
38991,Alejandro Tosti,60,47.0,47.0,1,51222.22,1.0,2023,3,Rookie
38991,Alejandro Tosti,62,,,0,0.0,0.0,2024,2,Rookie
39048,Rodrigo Lee,25,,,0,0.0,0.0,2021,5,Rookie
39058,Lucas Herbert,0,,,0,0.0,0.0,2021,5,Rookie
39058,Lucas Herbert,2,7.0,7.0,1,390000.0,0.5,2023,3,Rookie
39058,Lucas Herbert,8,15.0,15.0,1,247500.0,1.0,2022,4,Rookie
39058,Lucas Herbert,10,48.0,48.0,1,22092.0,0.5,2023,3,Rookie
39058,Lucas Herbert,17,,,0,0.0,0.0,2022,4,Rookie
39058,Lucas Herbert,18,30.0,30.0,1,42532.0,0.5,2023,3,Rookie
39058,Lucas Herbert,19,58.0,58.0,1,45400.0,1.0,2023,3,Rookie
39058,Lucas Herbert,20,60.0,60.0,1,23220.0,1.0,2023,3,Rookie
39058,Lucas Herbert,22,46.0,46.0,1,19070.0,0.5,2022,4,Rookie
39058,Lucas Herbert,26,18.0,18.0,1,110670.0,1.0,2021,5,Rookie
39058,Lucas Herbert,27,48.0,48.0,1,32040.0,0.5,2023,3,Rookie
39058,Lucas Herbert,34,41.75,13.0,4,368969.0,1.0,2024,2,Experienced
39058,Lucas Herbert,35,68.0,68.0,1,41600.0,0.5,2023,3,Rookie
39058,Lucas Herbert,38,63.0,63.0,1,43200.0,1.0,2023,3,Rookie
39058,Lucas Herbert,43,28.0,28.0,1,53768.58,0.5,2023,3,Rookie
39058,Lucas Herbert,45,37.0,37.0,1,102000.0,1.0,2022,4,Rookie
39058,Lucas Herbert,46,20.0,20.0,1,81500.0,0.5,2023,3,Rookie
39058,Lucas Herbert,51,17.0,15.0,2,422690.0,1.0,2023,3,Familiar
39058,Lucas Herbert,53,,,0,0.0,0.0,2023,3,Rookie
39058,Lucas Herbert,54,31.0,31.0,1,75649.0,1.0,2021,5,Rookie
39058,Lucas Herbert,60,,,0,0.0,0.0,2021,5,Rookie
39058,Lucas Herbert,61,50.0,50.0,1,48542.86,0.5,2023,3,Rookie
39067,MJ Daffue,0,46.666666666666664,43.0,3,62566.71,1.0,2024,2,Experienced
39067,MJ Daffue,1,,,0,0.0,0.0,2023,3,Rookie
39067,MJ Daffue,3,,,0,0.0,0.0,2023,3,Rookie
39067,MJ Daffue,4,48.0,48.0,1,22821.43,1.0,2023,3,Rookie
39067,MJ Daffue,6,39.0,16.0,2,59940.0,1.0,2023,3,Familiar
39067,MJ Daffue,9,,,0,0.0,0.0,2023,3,Rookie
39067,MJ Daffue,10,,,0,0.0,0.0,2023,3,Rookie
39067,MJ Daffue,16,,,0,0.0,0.0,2023,3,Rookie
39067,MJ Daffue,18,,,0,0.0,0.0,2023,3,Rookie
39067,MJ Daffue,21,64.0,64.0,1,16200.0,1.0,2022,4,Rookie
39067,MJ Daffue,22,21.0,21.0,1,88116.0,1.0,2023,3,Rookie
39067,MJ Daffue,24,51.5,45.0,2,21792.0,1.0,2025,1,Familiar
39067,MJ Daffue,25,35.0,35.0,1,36947.14,1.0,2023,3,Rookie
39067,MJ Daffue,27,,,0,0.0,0.0,2023,3,Rookie
39067,MJ Daffue,28,65.0,65.0,1,17577.0,0.5,2024,2,Rookie
39067,MJ Daffue,37,38.0,38.0,1,39150.0,1.0,2023,3,Rookie
39067,MJ Daffue,40,24.0,24.0,1,73480.0,1.0,2023,3,Rookie
39067,MJ Daffue,41,69.0,69.0,1,16767.0,0.3333333333333333,2024,2,Rookie
39067,MJ Daffue,42,72.0,72.0,1,13266.0,1.0,2021,5,Rookie
39067,MJ Daffue,43,36.5,12.0,2,148232.0,0.6666666666666666,2023,3,Familiar
39067,MJ Daffue,46,,,0,0.0,0.0,2023,3,Rookie
39067,MJ Daffue,47,,,0,0.0,0.0,2021,5,Rookie
39067,MJ Daffue,48,54.0,54.0,1,18249.0,0.5,2023,3,Rookie
39067,MJ Daffue,53,31.0,31.0,1,100331.0,1.0,2022,4,Rookie
39067,MJ Daffue,56,15.0,15.0,1,135725.0,1.0,2023,3,Rookie
39067,MJ Daffue,57,19.0,19.0,1,89100.0,1.0,2023,3,Rookie
39067,MJ Daffue,60,47.0,47.0,1,51222.22,1.0,2023,3,Rookie
39067,MJ Daffue,62,,,0,0.0,0.0,2023,3,Rookie
39113,Shubhankar Sharma,20,39.0,39.0,1,45450.0,0.5,2024,2,Rookie
39113,Shubhankar Sharma,24,,,0,0.0,0.0,2025,1,Rookie
39201,Nacho Elvira,20,,,0,0.0,0.0,2025,1,Rookie
39251,Ryan Ruffels,46,,,0,0.0,0.0,2023,3,Rookie
39262,Alvaro Ortiz,28,27.5,13.0,2,168412.0,0.6666666666666666,2024,2,Familiar
39262,Alvaro Ortiz,29,,,0,0.0,0.0,2025,1,Rookie
39262,Alvaro Ortiz,53,,,0,0.0,0.0,2025,1,Rookie
39262,Alvaro Ortiz,55,,,0,0.0,0.0,2021,5,Rookie
39324,J.J. Spaun,0,23.0,9.0,2,255435.0,0.6666666666666666,2024,2,Familiar
39324,J.J. Spaun,1,27.0,25.0,2,113595.0,0.6666666666666666,2025,1,Familiar
39324,J.J. Spaun,2,41.5,31.0,2,154170.0,0.6666666666666666,2025,1,Familiar
39324,J.J. Spaun,3,42.5,38.0,2,57813.75,1.0,2022,4,Familiar
39324,J.J. Spaun,4,34.333333333333336,16.0,3,261342.5,0.75,2025,1,Experienced
39324,J.J. Spaun,6,47.0,47.0,1,9286.67,1.0,2021,5,Rookie
39324,J.J. Spaun,7,25.0,25.0,1,52912.5,1.0,2024,2,Rookie
39324,J.J. Spaun,8,23.0,23.0,2,346500.0,1.0,2025,1,Familiar
39324,J.J. Spaun,10,34.5,6.0,2,318430.0,0.5,2025,1,Familiar
39324,J.J. Spaun,13,,,0,0.0,0.0,2024,2,Rookie
39324,J.J. Spaun,14,58.0,58.0,1,20685.0,1.0,2023,3,Rookie
39324,J.J. Spaun,15,2.0,2.0,1,818800.0,1.0,2025,1,Rookie
39324,J.J. Spaun,16,24.5,15.0,2,176495.67,0.4,2025,1,Familiar
39324,J.J. Spaun,17,22.666666666666668,2.0,3,2373035.72,1.0,2025,1,Experienced
39324,J.J. Spaun,18,35.0,11.0,2,213140.0,0.6666666666666666,2023,3,Familiar
39324,J.J. Spaun,19,33.5,33.0,2,213428.57,0.5,2025,1,Familiar
39324,J.J. Spaun,20,,,0,0.0,0.0,2025,1,Rookie
39324,J.J. Spaun,21,46.0,46.0,1,21637.5,1.0,2022,4,Rookie
39324,J.J. Spaun,22,30.0,30.0,1,43133.34,0.5,2022,4,Rookie
39324,J.J. Spaun,24,45.0,45.0,1,12632.0,1.0,2024,2,Rookie
39324,J.J. Spaun,25,43.5,23.0,2,96868.0,1.0,2024,2,Familiar
39324,J.J. Spaun,27,30.0,30.0,1,117250.0,0.5,2025,1,Rookie
39324,J.J. Spaun,28,,,0,0.0,0.0,2024,2,Rookie
39324,J.J. Spaun,30,26.0,26.0,1,29800.0,1.0,2024,2,Rookie
39324,J.J. Spaun,33,,,0,0.0,0.0,2021,5,Rookie
39324,J.J. Spaun,34,37.0,37.0,1,75422.5,0.3333333333333333,2025,1,Rookie
39324,J.J. Spaun,35,33.0,2.0,2,2778500.0,0.5,2025,1,Familiar
39324,J.J. Spaun,36,16.0,6.0,2,289800.0,1.0,2025,1,Familiar
39324,J.J. Spaun,37,,,0,0.0,0.0,2024,2,Rookie
39324,J.J. Spaun,38,42.0,42.0,1,64142.86,0.3333333333333333,2025,1,Rookie
39324,J.J. Spaun,40,20.75,8.0,4,548156.9,1.0,2024,2,Experienced
39324,J.J. Spaun,41,25.75,13.0,4,399059.0,0.8,2024,2,Experienced
39324,J.J. Spaun,42,9.0,9.0,1,166650.0,1.0,2021,5,Rookie
39324,J.J. Spaun,43,68.0,68.0,1,14770.0,0.3333333333333333,2024,2,Rookie
39324,J.J. Spaun,45,5.0,5.0,1,555000.0,1.0,2023,3,Rookie
39324,J.J. Spaun,46,32.5,15.0,4,226278.0,1.0,2024,2,Experienced
39324,J.J. Spaun,48,7.5,3.0,2,652208.33,0.4,2025,1,Familiar
39324,J.J. Spaun,49,36.0,36.0,1,39635.56,0.5,2025,1,Rookie
39324,J.J. Spaun,50,25.0,25.0,1,377500.0,1.0,2025,1,Rookie
39324,J.J. Spaun,51,30.5,14.0,2,379377.43,0.5,2025,1,Familiar
39324,J.J. Spaun,52,17.0,17.0,1,270500.0,1.0,2025,1,Rookie
39324,J.J. Spaun,53,1.0,1.0,1,4300000.0,1.0,2025,1,Rookie
39324,J.J. Spaun,55,1.0,1.0,1,4300000.0,1.0,2021,5,Rookie
39324,J.J. Spaun,56,24.666666666666668,1.0,3,1653054.67,0.75,2024,2,Experienced
39324,J.J. Spaun,57,27.0,27.0,1,54600.0,0.3333333333333333,2024,2,Rookie
39324,J.J. Spaun,60,22.5,18.0,2,230515.0,1.0,2023,3,Familiar
39324,J.J. Spaun,61,,,0,0.0,0.0,2025,1,Rookie
39324,J.J. Spaun,62,20.5,3.0,2,497640.0,0.5,2024,2,Familiar
39324,J.J. Spaun,63,6.0,6.0,1,266050.0,1.0,2024,2,Rookie
39327,Ben Silverman,0,57.0,53.0,2,37377.0,1.0,2025,1,Familiar
39327,Ben Silverman,1,,,0,0.0,0.0,2025,1,Rookie
39327,Ben Silverman,4,,,0,0.0,0.0,2023,3,Rookie
39327,Ben Silverman,5,3.0,3.0,1,260250.0,1.0,2025,1,Rookie
39327,Ben Silverman,10,51.0,32.0,2,71246.0,1.0,2025,1,Familiar
39327,Ben Silverman,13,,,0,0.0,0.0,2025,1,Rookie
39327,Ben Silverman,15,16.0,16.0,1,137250.0,0.5,2025,1,Rookie
39327,Ben Silverman,16,56.0,56.0,1,20340.0,0.5,2025,1,Rookie
39327,Ben Silverman,21,,,0,0.0,0.0,2022,4,Rookie
39327,Ben Silverman,22,,,0,0.0,0.0,2023,3,Rookie
39327,Ben Silverman,24,29.5,28.0,2,51400.0,1.0,2025,1,Familiar
39327,Ben Silverman,25,18.0,18.0,1,126000.0,0.5,2025,1,Rookie
39327,Ben Silverman,28,13.0,13.0,1,145125.0,1.0,2024,2,Rookie
39327,Ben Silverman,29,,,0,0.0,0.0,2025,1,Rookie
39327,Ben Silverman,30,16.0,16.0,1,63000.0,1.0,2024,2,Rookie
39327,Ben Silverman,32,20.0,20.0,1,45480.0,1.0,2025,1,Rookie
39327,Ben Silverman,35,,,0,0.0,0.0,2025,1,Rookie
39327,Ben Silverman,36,4.0,4.0,1,252500.0,0.5,2025,1,Rookie
39327,Ben Silverman,37,35.5,35.0,2,89511.43,0.6666666666666666,2025,1,Familiar
39327,Ben Silverman,39,67.0,67.0,1,19776.0,1.0,2025,1,Rookie
39327,Ben Silverman,40,17.0,17.0,1,149500.0,1.0,2024,2,Rookie
39327,Ben Silverman,41,47.0,47.0,1,19180.0,1.0,2025,1,Rookie
39327,Ben Silverman,43,,,0,0.0,0.0,2025,1,Rookie
39327,Ben Silverman,46,59.0,59.0,1,15960.0,1.0,2024,2,Rookie
39327,Ben Silverman,48,43.5,18.0,2,124110.66,1.0,2025,1,Familiar
39327,Ben Silverman,49,36.0,36.0,1,39635.56,0.5,2025,1,Rookie
39327,Ben Silverman,51,46.0,46.0,1,23678.72,1.0,2022,4,Rookie
39327,Ben Silverman,53,,,0,0.0,0.0,2022,4,Rookie
39327,Ben Silverman,56,81.0,81.0,1,16836.0,0.5,2025,1,Rookie
39327,Ben Silverman,57,,,0,0.0,0.0,2025,1,Rookie
39327,Ben Silverman,61,16.0,16.0,1,140300.0,0.5,2025,1,Rookie
39327,Ben Silverman,62,,,0,0.0,0.0,2025,1,Rookie
39327,Ben Silverman,63,46.0,46.0,1,20357.5,1.0,2024,2,Rookie
39328,Conrad Shindler,3,38.0,38.0,1,36855.0,1.0,2022,4,Rookie
39328,Conrad Shindler,6,60.0,60.0,1,8251.0,1.0,2022,4,Rookie
39328,Conrad Shindler,51,43.0,43.0,1,31125.0,1.0,2022,4,Rookie
39335,Kevin Roy,0,28.0,28.0,1,50590.91,0.5,2025,1,Rookie
39335,Kevin Roy,1,18.0,18.0,1,125400.0,0.5,2025,1,Rookie
39335,Kevin Roy,3,,,0,0.0,0.0,2023,3,Rookie
39335,Kevin Roy,4,,,0,0.0,0.0,2023,3,Rookie
39335,Kevin Roy,5,60.0,60.0,1,13500.0,1.0,2025,1,Rookie
39335,Kevin Roy,6,,,0,0.0,0.0,2023,3,Rookie
39335,Kevin Roy,9,,,0,0.0,0.0,2023,3,Rookie
39335,Kevin Roy,10,46.0,46.0,1,25880.71,1.0,2025,1,Rookie
39335,Kevin Roy,13,15.0,15.0,1,136719.0,1.0,2025,1,Rookie
39335,Kevin Roy,15,,,0,0.0,0.0,2025,1,Rookie
39335,Kevin Roy,16,,,0,0.0,0.0,2025,1,Rookie
39335,Kevin Roy,18,,,0,0.0,0.0,2023,3,Rookie
39335,Kevin Roy,22,29.0,29.0,1,46426.15,1.0,2023,3,Rookie
39335,Kevin Roy,24,,,0,0.0,0.0,2025,1,Rookie
39335,Kevin Roy,25,17.0,3.0,2,542960.0,1.0,2025,1,Familiar
39335,Kevin Roy,28,18.0,18.0,1,98431.66,1.0,2023,3,Rookie
39335,Kevin Roy,29,17.0,17.0,1,99750.0,1.0,2025,1,Rookie
39335,Kevin Roy,32,54.0,54.0,1,9460.0,1.0,2025,1,Rookie
39335,Kevin Roy,35,,,0,0.0,0.0,2025,1,Rookie
39335,Kevin Roy,36,,,0,0.0,0.0,2025,1,Rookie
39335,Kevin Roy,37,18.0,18.0,1,125276.67,0.5,2025,1,Rookie
39335,Kevin Roy,39,8.0,8.0,1,261600.0,1.0,2025,1,Rookie
39335,Kevin Roy,40,,,0,0.0,0.0,2023,3,Rookie
39335,Kevin Roy,41,46.0,46.0,1,21748.5,0.3333333333333333,2025,1,Rookie
39335,Kevin Roy,43,47.0,18.0,2,100747.0,0.6666666666666666,2025,1,Familiar
39335,Kevin Roy,46,,,0,0.0,0.0,2023,3,Rookie
39335,Kevin Roy,48,45.0,45.0,1,24381.75,0.5,2025,1,Rookie
39335,Kevin Roy,49,,,0,0.0,0.0,2025,1,Rookie
39335,Kevin Roy,56,40.0,40.0,1,37525.0,0.5,2025,1,Rookie
39335,Kevin Roy,57,12.0,12.0,1,166740.0,0.3333333333333333,2025,1,Rookie
39335,Kevin Roy,62,,,0,0.0,0.0,2025,1,Rookie
39393,Brad Hopfinger,13,,,0,0.0,0.0,2024,2,Rookie
39412,Zack Fischer,9,47.0,47.0,1,23704.8,1.0,2023,3,Rookie
39412,Zack Fischer,25,,,0,0.0,0.0,2025,1,Rookie
39412,Zack Fischer,43,,,0,0.0,0.0,2023,3,Rookie
39436,Joshua Creel,0,,,0,0.0,0.0,2022,4,Rookie
39436,Joshua Creel,1,,,0,0.0,0.0,2022,4,Rookie
39436,Joshua Creel,3,,,0,0.0,0.0,2022,4,Rookie
39436,Joshua Creel,4,,,0,0.0,0.0,2022,4,Rookie
39436,Joshua Creel,6,,,0,0.0,0.0,2022,4,Rookie
39436,Joshua Creel,16,,,0,0.0,0.0,2022,4,Rookie
39436,Joshua Creel,18,,,0,0.0,0.0,2022,4,Rookie
39436,Joshua Creel,22,70.0,70.0,1,16320.0,1.0,2022,4,Rookie
39436,Joshua Creel,25,34.0,34.0,1,39200.0,0.5,2024,2,Rookie
39436,Joshua Creel,28,74.0,74.0,1,14381.0,1.0,2022,4,Rookie
39436,Joshua Creel,37,,,0,0.0,0.0,2022,4,Rookie
39436,Joshua Creel,40,,,0,0.0,0.0,2022,4,Rookie
39436,Joshua Creel,41,40.0,40.0,1,27000.0,1.0,2022,4,Rookie
39436,Joshua Creel,43,,,0,0.0,0.0,2022,4,Rookie
39436,Joshua Creel,48,,,0,0.0,0.0,2022,4,Rookie
39436,Joshua Creel,51,,,0,0.0,0.0,2022,4,Rookie
39436,Joshua Creel,60,,,0,0.0,0.0,2022,4,Rookie
39436,Joshua Creel,62,,,0,0.0,0.0,2022,4,Rookie
39460,Cyril Bouniol,18,,,0,0.0,0.0,2023,3,Rookie
39480,T.J. Vogel,1,,,0,0.0,0.0,2022,4,Rookie
39489,Bobby Massa,3,,,0,0.0,0.0,2023,3,Rookie
39489,Bobby Massa,13,,,0,0.0,0.0,2025,1,Rookie
39524,Sean Crocker,20,19.0,19.0,1,105750.0,0.3333333333333333,2025,1,Rookie
39524,Sean Crocker,53,,,0,0.0,0.0,2022,4,Rookie
39537,Chris Naegel,0,,,0,0.0,0.0,2022,4,Rookie
39537,Chris Naegel,16,,,0,0.0,0.0,2024,2,Rookie
39537,Chris Naegel,25,16.0,16.0,1,97802.5,1.0,2022,4,Rookie
39537,Chris Naegel,40,69.0,69.0,1,17136.0,1.0,2022,4,Rookie
39537,Chris Naegel,53,56.0,56.0,1,38511.0,0.5,2024,2,Rookie
39546,Keith Mitchell,0,18.666666666666668,5.0,3,593941.71,0.75,2025,1,Experienced
39546,Keith Mitchell,1,21.5,21.0,2,163670.0,1.0,2025,1,Familiar
39546,Keith Mitchell,2,42.666666666666664,24.0,3,219327.0,1.0,2023,3,Experienced
39546,Keith Mitchell,3,51.0,26.0,2,74081.0,1.0,2022,4,Familiar
39546,Keith Mitchell,4,25.75,4.0,4,713825.0,0.8,2025,1,Experienced
39546,Keith Mitchell,7,,,0,0.0,0.0,2024,2,Rookie
39546,Keith Mitchell,8,44.5,32.0,2,110030.0,1.0,2022,4,Familiar
39546,Keith Mitchell,9,9.0,9.0,1,196500.0,1.0,2023,3,Rookie
39546,Keith Mitchell,10,36.5,36.0,2,81009.38,0.6666666666666666,2025,1,Familiar
39546,Keith Mitchell,12,3.0,3.0,1,565500.0,1.0,2022,4,Rookie
39546,Keith Mitchell,13,20.0,20.0,1,112100.0,1.0,2024,2,Rookie
39546,Keith Mitchell,14,40.0,40.0,1,38430.0,1.0,2023,3,Rookie
39546,Keith Mitchell,15,25.5,9.0,2,244115.71,1.0,2025,1,Familiar
39546,Keith Mitchell,16,,,0,0.0,0.0,2024,2,Rookie
39546,Keith Mitchell,17,37.0,31.0,2,143019.7,1.0,2023,3,Familiar
39546,Keith Mitchell,19,5.0,5.0,1,820000.0,1.0,2023,3,Rookie
39546,Keith Mitchell,20,50.0,50.0,1,29754.0,0.3333333333333333,2025,1,Rookie
39546,Keith Mitchell,21,41.0,41.0,1,28125.0,1.0,2022,4,Rookie
39546,Keith Mitchell,22,31.0,9.0,2,210478.0,1.0,2022,4,Familiar
39546,Keith Mitchell,25,34.666666666666664,18.0,3,175869.91,0.75,2025,1,Experienced
39546,Keith Mitchell,27,33.0,18.0,2,195400.0,1.0,2023,3,Familiar
39546,Keith Mitchell,28,19.0,19.0,1,99549.0,1.0,2024,2,Rookie
39546,Keith Mitchell,31,8.0,8.0,1,277875.0,1.0,2021,5,Rookie
39546,Keith Mitchell,33,,,0,0.0,0.0,2021,5,Rookie
39546,Keith Mitchell,34,46.0,34.0,2,94857.14,0.5,2025,1,Familiar
39546,Keith Mitchell,35,40.333333333333336,13.0,3,491138.88999999996,0.6,2025,1,Experienced
39546,Keith Mitchell,36,32.5,12.0,2,153960.0,1.0,2025,1,Familiar
39546,Keith Mitchell,37,14.666666666666666,7.0,3,565628.33,0.75,2025,1,Experienced
39546,Keith Mitchell,38,,,0,0.0,0.0,2023,3,Rookie
39546,Keith Mitchell,39,,,0,0.0,0.0,2025,1,Rookie
39546,Keith Mitchell,40,,,0,0.0,0.0,2024,2,Rookie
39546,Keith Mitchell,41,28.25,12.0,4,301605.0,0.6666666666666666,2025,1,Experienced
39546,Keith Mitchell,43,3.0,3.0,1,448400.0,0.2,2025,1,Rookie
39546,Keith Mitchell,46,60.0,60.0,1,17920.0,0.3333333333333333,2024,2,Rookie
39546,Keith Mitchell,47,,,0,0.0,0.0,2021,5,Rookie
39546,Keith Mitchell,48,20.25,7.0,4,438551.2,0.8,2025,1,Experienced
39546,Keith Mitchell,49,18.0,18.0,1,108986.11,0.5,2025,1,Rookie
39546,Keith Mitchell,51,6.0,6.0,1,320587.5,0.5,2022,4,Rookie
39546,Keith Mitchell,52,7.0,7.0,1,602500.0,1.0,2025,1,Rookie
39546,Keith Mitchell,53,20.0,20.0,1,200152.0,1.0,2023,3,Rookie
39546,Keith Mitchell,56,14.333333333333334,12.0,3,420351.82,1.0,2025,1,Experienced
39546,Keith Mitchell,57,46.666666666666664,17.0,3,138980.0,1.0,2025,1,Experienced
39546,Keith Mitchell,58,,,0,0.0,0.0,2021,5,Rookie
39546,Keith Mitchell,59,,,0,0.0,0.0,2021,5,Rookie
39546,Keith Mitchell,60,31.0,3.0,2,522500.0,0.6666666666666666,2023,3,Familiar
39546,Keith Mitchell,61,23.5,10.0,4,458797.14,1.0,2025,1,Experienced
39546,Keith Mitchell,62,40.333333333333336,12.0,3,176804.0,0.75,2025,1,Experienced
39830,Xuewen Luo,46,,,0,0.0,0.0,2023,3,Rookie
39831,Bobby Bai,6,42.0,42.0,1,12425.0,1.0,2021,5,Rookie
39834,Guido Migliozzi,20,54.0,54.0,1,26190.0,0.3333333333333333,2025,1,Rookie
39834,Guido Migliozzi,51,13.0,13.0,1,132583.34,1.0,2021,5,Rookie
39834,Guido Migliozzi,53,14.0,14.0,1,241302.0,0.5,2025,1,Rookie
39834,Guido Migliozzi,55,,,0,0.0,0.0,2021,5,Rookie
39834,Guido Migliozzi,56,,,0,0.0,0.0,2022,4,Rookie
39859,Cristobal Del Solar,0,61.0,61.0,1,18396.0,1.0,2025,1,Rookie
39859,Cristobal Del Solar,1,,,0,0.0,0.0,2025,1,Rookie
39859,Cristobal Del Solar,5,,,0,0.0,0.0,2025,1,Rookie
39859,Cristobal Del Solar,13,,,0,0.0,0.0,2025,1,Rookie
39859,Cristobal Del Solar,15,,,0,0.0,0.0,2025,1,Rookie
39859,Cristobal Del Solar,16,66.0,66.0,1,20088.0,1.0,2025,1,Rookie
39859,Cristobal Del Solar,24,58.0,58.0,1,9160.0,1.0,2025,1,Rookie
39859,Cristobal Del Solar,25,54.0,54.0,1,19964.0,1.0,2025,1,Rookie
39859,Cristobal Del Solar,28,48.0,48.0,1,22194.0,0.5,2024,2,Rookie
39859,Cristobal Del Solar,29,,,0,0.0,0.0,2025,1,Rookie
39859,Cristobal Del Solar,32,31.0,31.0,1,25000.0,1.0,2025,1,Rookie
39859,Cristobal Del Solar,36,,,0,0.0,0.0,2025,1,Rookie
39859,Cristobal Del Solar,37,36.0,36.0,1,44660.0,1.0,2025,1,Rookie
39859,Cristobal Del Solar,39,86.0,86.0,1,16608.0,1.0,2025,1,Rookie
39859,Cristobal Del Solar,41,,,0,0.0,0.0,2025,1,Rookie
39859,Cristobal Del Solar,43,,,0,0.0,0.0,2025,1,Rookie
39859,Cristobal Del Solar,48,70.0,70.0,1,17748.0,1.0,2025,1,Rookie
39859,Cristobal Del Solar,49,,,0,0.0,0.0,2025,1,Rookie
39859,Cristobal Del Solar,56,,,0,0.0,0.0,2025,1,Rookie
39859,Cristobal Del Solar,57,,,0,0.0,0.0,2025,1,Rookie
39859,Cristobal Del Solar,62,,,0,0.0,0.0,2025,1,Rookie
39953,Chase Seiffert,0,51.5,45.0,2,37668.0,1.0,2022,4,Familiar
39953,Chase Seiffert,1,12.0,12.0,1,137350.0,1.0,2021,5,Rookie
39953,Chase Seiffert,3,,,0,0.0,0.0,2022,4,Rookie
39953,Chase Seiffert,4,,,0,0.0,0.0,2022,4,Rookie
39953,Chase Seiffert,6,,,0,0.0,0.0,2022,4,Rookie
39953,Chase Seiffert,10,,,0,0.0,0.0,2021,5,Rookie
39953,Chase Seiffert,16,60.0,60.0,1,16575.0,1.0,2021,5,Rookie
39953,Chase Seiffert,18,51.0,51.0,1,16730.0,1.0,2022,4,Rookie
39953,Chase Seiffert,22,14.0,3.0,2,383400.0,1.0,2022,4,Familiar
39953,Chase Seiffert,25,28.0,28.0,1,41540.0,0.5,2022,4,Rookie
39953,Chase Seiffert,28,,,0,0.0,0.0,2022,4,Rookie
39953,Chase Seiffert,33,35.0,35.0,1,33336.67,1.0,2021,5,Rookie
39953,Chase Seiffert,37,28.0,28.0,1,57047.14,1.0,2022,4,Rookie
39953,Chase Seiffert,38,42.0,42.0,1,24495.0,1.0,2021,5,Rookie
39953,Chase Seiffert,40,,,0,0.0,0.0,2022,4,Rookie
39953,Chase Seiffert,41,,,0,0.0,0.0,2021,5,Rookie
39953,Chase Seiffert,42,,,0,0.0,0.0,2021,5,Rookie
39953,Chase Seiffert,43,17.0,17.0,1,90750.0,1.0,2021,5,Rookie
39953,Chase Seiffert,47,,,0,0.0,0.0,2021,5,Rookie
39953,Chase Seiffert,48,,,0,0.0,0.0,2022,4,Rookie
39953,Chase Seiffert,51,,,0,0.0,0.0,2021,5,Rookie
39953,Chase Seiffert,53,,,0,0.0,0.0,2022,4,Rookie
39953,Chase Seiffert,56,44.0,44.0,1,21852.6,1.0,2021,5,Rookie
39953,Chase Seiffert,57,,,0,0.0,0.0,2021,5,Rookie
39953,Chase Seiffert,60,46.0,46.0,1,26670.0,0.5,2022,4,Rookie
39953,Chase Seiffert,62,,,0,0.0,0.0,2022,4,Rookie
39954,Cody Gribble,0,73.0,73.0,1,16038.0,0.3333333333333333,2024,2,Rookie
39954,Cody Gribble,3,,,0,0.0,0.0,2023,3,Rookie
39954,Cody Gribble,4,70.0,70.0,1,18180.0,1.0,2023,3,Rookie
39954,Cody Gribble,6,52.0,52.0,1,9006.0,1.0,2023,3,Rookie
39954,Cody Gribble,7,,,0,0.0,0.0,2024,2,Rookie
39954,Cody Gribble,10,63.0,63.0,1,18705.0,1.0,2023,3,Rookie
39954,Cody Gribble,13,,,0,0.0,0.0,2024,2,Rookie
39954,Cody Gribble,16,,,0,0.0,0.0,2023,3,Rookie
39954,Cody Gribble,18,,,0,0.0,0.0,2023,3,Rookie
39954,Cody Gribble,22,79.0,79.0,1,15708.0,1.0,2023,3,Rookie
39954,Cody Gribble,24,21.0,21.0,1,43600.0,0.5,2025,1,Rookie
39954,Cody Gribble,25,42.0,42.0,1,24905.11,0.5,2024,2,Rookie
39954,Cody Gribble,28,55.0,55.0,1,17787.0,1.0,2023,3,Rookie
39954,Cody Gribble,30,,,0,0.0,0.0,2024,2,Rookie
39954,Cody Gribble,36,,,0,0.0,0.0,2024,2,Rookie
39954,Cody Gribble,37,34.0,34.0,1,47925.0,1.0,2023,3,Rookie
39954,Cody Gribble,40,,,0,0.0,0.0,2023,3,Rookie
39954,Cody Gribble,41,53.0,53.0,1,19773.6,0.5,2024,2,Rookie
39954,Cody Gribble,43,36.5,30.0,2,70716.22,0.5,2024,2,Familiar
39954,Cody Gribble,49,,,0,0.0,0.0,2024,2,Rookie
39954,Cody Gribble,57,7.0,7.0,1,254475.0,1.0,2023,3,Rookie
39971,Sungjae Im,0,2.0,2.0,1,667500.0,0.3333333333333333,2025,1,Rookie
39971,Sungjae Im,1,13.666666666666666,11.0,3,431650.0,0.75,2025,1,Experienced
39971,Sungjae Im,2,19.8,18.0,5,1013623.6699999999,1.0,2025,1,Veteran
39971,Sungjae Im,4,49.5,33.0,2,134312.5,1.0,2025,1,Familiar
39971,Sungjae Im,8,15.2,3.0,5,2186500.0,1.0,2025,1,Veteran
39971,Sungjae Im,10,12.0,9.0,2,380275.0,0.5,2024,2,Familiar
39971,Sungjae Im,11,45.0,45.0,1,27885.0,1.0,2021,5,Rookie
39971,Sungjae Im,12,9.0,9.0,1,243750.0,1.0,2022,4,Rookie
39971,Sungjae Im,13,33.0,33.0,1,52800.0,1.0,2025,1,Rookie
39971,Sungjae Im,14,34.0,34.0,1,54180.0,1.0,2023,3,Rookie
39971,Sungjae Im,15,,,0,0.0,0.0,2025,1,Rookie
39971,Sungjae Im,16,11.5,4.0,4,1092470.0,0.8,2025,1,Experienced
39971,Sungjae Im,17,18.75,6.0,4,1290035.71,1.0,2025,1,Experienced
39971,Sungjae Im,19,44.333333333333336,33.0,3,172800.0,0.75,2025,1,Experienced
39971,Sungjae Im,20,4.0,4.0,1,318525.0,0.3333333333333333,2025,1,Rookie
39971,Sungjae Im,21,19.0,19.0,1,85660.71,1.0,2022,4,Rookie
39971,Sungjae Im,22,25.0,8.0,2,218938.0,0.6666666666666666,2023,3,Familiar
39971,Sungjae Im,25,29.5,12.0,2,188939.33000000002,0.6666666666666666,2025,1,Familiar
39971,Sungjae Im,26,,,0,0.0,0.0,2021,5,Rookie
39971,Sungjae Im,27,18.75,8.0,4,1272000.0,1.0,2025,1,Experienced
39971,Sungjae Im,31,16.0,16.0,1,144875.0,1.0,2021,5,Rookie
39971,Sungjae Im,33,35.0,35.0,1,33336.67,1.0,2021,5,Rookie
39971,Sungjae Im,34,17.0,17.0,1,168000.0,0.25,2025,1,Rookie
39971,Sungjae Im,35,34.0,6.0,5,1211369.6400000001,1.0,2025,1,Veteran
39971,Sungjae Im,37,,,0,0.0,0.0,2025,1,Rookie
39971,Sungjae Im,38,12.8,7.0,5,1695415.0,1.0,2025,1,Veteran
39971,Sungjae Im,40,16.0,8.0,2,285355.0,1.0,2023,3,Familiar
39971,Sungjae Im,41,,,0,0.0,0.0,2021,5,Rookie
39971,Sungjae Im,43,29.5,28.0,2,88987.5,1.0,2022,4,Familiar
39971,Sungjae Im,44,4.0,3.0,2,2050500.0,1.0,2025,1,Familiar
39971,Sungjae Im,45,8.666666666666666,5.0,3,763000.0,1.0,2023,3,Experienced
39971,Sungjae Im,46,4.0,1.0,2,1530000.0,1.0,2023,3,Familiar
39971,Sungjae Im,47,13.0,13.0,1,125416.67,1.0,2021,5,Rookie
39971,Sungjae Im,48,56.0,56.0,1,15048.0,0.3333333333333333,2023,3,Rookie
39971,Sungjae Im,49,60.0,60.0,1,21375.0,1.0,2025,1,Rookie
39971,Sungjae Im,50,16.0,2.0,5,367500.0,1.0,2025,1,Veteran
39971,Sungjae Im,51,31.0,3.0,3,1336250.0,1.0,2025,1,Experienced
39971,Sungjae Im,52,23.0,23.0,1,167142.86,1.0,2025,1,Rookie
39971,Sungjae Im,53,57.0,57.0,1,45524.0,0.25,2025,1,Rookie
39971,Sungjae Im,54,22.0,22.0,1,129407.0,1.0,2021,5,Rookie
39971,Sungjae Im,55,57.0,57.0,1,45524.0,1.0,2021,5,Rookie
39971,Sungjae Im,57,29.0,29.0,1,40572.0,0.5,2024,2,Rookie
39971,Sungjae Im,58,50.0,50.0,1,16887.5,1.0,2021,5,Rookie
39971,Sungjae Im,59,17.0,17.0,1,104025.0,1.0,2021,5,Rookie
39971,Sungjae Im,60,6.0,4.0,2,1405000.0,0.6666666666666666,2024,2,Familiar
39971,Sungjae Im,61,43.0,6.0,3,691684.0,1.0,2025,1,Experienced
39971,Sungjae Im,62,21.6,2.0,5,920955.0,1.0,2025,1,Veteran
39971,Sungjae Im,63,13.0,13.0,1,163880.0,1.0,2024,2,Rookie
39971,Sungjae Im,64,41.0,41.0,1,26880.0,1.0,2021,5,Rookie
39975,Michael Kim,0,39.0,39.0,1,24116.4,0.3333333333333333,2024,2,Rookie
39975,Michael Kim,1,43.0,43.0,1,27236.0,0.3333333333333333,2025,1,Rookie
39975,Michael Kim,2,4.0,4.0,1,1000000.0,1.0,2025,1,Rookie
39975,Michael Kim,3,67.0,67.0,1,17091.0,0.5,2023,3,Rookie
39975,Michael Kim,4,11.0,11.0,1,218250.0,0.5,2023,3,Rookie
39975,Michael Kim,6,39.5,7.0,2,131875.0,1.0,2022,4,Familiar
39975,Michael Kim,7,,,0,0.0,0.0,2024,2,Rookie
39975,Michael Kim,8,10.0,10.0,1,560000.0,1.0,2025,1,Rookie
39975,Michael Kim,9,47.0,47.0,1,23704.8,1.0,2023,3,Rookie
39975,Michael Kim,10,11.0,6.0,2,433750.0,0.6666666666666666,2025,1,Familiar
39975,Michael Kim,13,,,0,0.0,0.0,2024,2,Rookie
39975,Michael Kim,15,6.0,6.0,1,310500.0,0.5,2025,1,Rookie
39975,Michael Kim,16,44.666666666666664,37.0,3,83124.43,0.75,2025,1,Experienced
39975,Michael Kim,17,59.0,59.0,1,44600.0,1.0,2025,1,Rookie
39975,Michael Kim,18,,,0,0.0,0.0,2023,3,Rookie
39975,Michael Kim,19,13.0,13.0,1,384250.0,1.0,2025,1,Rookie
39975,Michael Kim,20,34.0,34.0,1,52950.0,0.5,2025,1,Rookie
39975,Michael Kim,22,,,0,0.0,0.0,2023,3,Rookie
39975,Michael Kim,24,,,0,0.0,0.0,2024,2,Rookie
39975,Michael Kim,25,,,0,0.0,0.0,2025,1,Rookie
39975,Michael Kim,27,44.0,44.0,1,62400.0,1.0,2025,1,Rookie
39975,Michael Kim,28,30.0,30.0,1,50435.0,0.5,2024,2,Rookie
39975,Michael Kim,29,13.0,13.0,1,137083.33,1.0,2025,1,Rookie
39975,Michael Kim,30,20.0,20.0,1,43800.0,1.0,2024,2,Rookie
39975,Michael Kim,33,,,0,0.0,0.0,2021,5,Rookie
39975,Michael Kim,34,55.0,55.0,1,32138.0,1.0,2025,1,Rookie
39975,Michael Kim,35,,,0,0.0,0.0,2025,1,Rookie
39975,Michael Kim,36,,,0,0.0,0.0,2024,2,Rookie
39975,Michael Kim,37,28.5,14.0,2,181280.0,1.0,2024,2,Familiar
39975,Michael Kim,38,54.0,54.0,1,44500.0,0.5,2025,1,Rookie
39975,Michael Kim,39,26.0,26.0,1,70080.0,1.0,2025,1,Rookie
39975,Michael Kim,40,52.0,52.0,1,22650.4,0.5,2024,2,Rookie
39975,Michael Kim,41,23.0,11.0,2,225508.75,0.6666666666666666,2024,2,Familiar
39975,Michael Kim,42,,,0,0.0,0.0,2021,5,Rookie
39975,Michael Kim,43,,,0,0.0,0.0,2024,2,Rookie
39975,Michael Kim,46,11.5,5.0,2,370300.0,0.6666666666666666,2024,2,Familiar
39975,Michael Kim,47,,,0,0.0,0.0,2021,5,Rookie
39975,Michael Kim,48,53.5,42.0,2,40036.6,0.5,2025,1,Familiar
39975,Michael Kim,49,48.0,32.0,2,71293.70999999999,1.0,2025,1,Familiar
39975,Michael Kim,51,40.0,38.0,2,155000.0,0.6666666666666666,2025,1,Familiar
39975,Michael Kim,52,,,0,0.0,0.0,2025,1,Rookie
39975,Michael Kim,53,50.0,50.0,1,48207.0,0.5,2025,1,Rookie
39975,Michael Kim,55,50.0,50.0,1,48207.0,1.0,2021,5,Rookie
39975,Michael Kim,56,46.0,46.0,1,24246.15,0.3333333333333333,2024,2,Rookie
39975,Michael Kim,57,35.333333333333336,28.0,3,116772.13,0.75,2025,1,Experienced
39975,Michael Kim,58,,,0,0.0,0.0,2021,5,Rookie
39975,Michael Kim,59,58.0,58.0,1,16425.0,1.0,2021,5,Rookie
39975,Michael Kim,60,7.0,7.0,1,675000.0,0.5,2023,3,Rookie
39975,Michael Kim,61,2.0,2.0,1,818800.0,0.5,2025,1,Rookie
39975,Michael Kim,62,44.0,5.0,3,325012.0,0.75,2025,1,Experienced
39977,Max Homa,0,39.0,39.0,1,34860.0,1.0,2025,1,Rookie
39977,Max Homa,1,21.0,21.0,1,58625.0,1.0,2021,5,Rookie
39977,Max Homa,2,12.25,8.0,4,1282300.0,0.8,2025,1,Experienced
39977,Max Homa,4,42.0,7.0,3,307242.5,1.0,2025,1,Experienced
39977,Max Homa,5,9.0,9.0,1,169500.0,1.0,2025,1,Rookie
39977,Max Homa,8,31.0,5.0,4,1063306.67,1.0,2024,2,Experienced
39977,Max Homa,10,16.0,9.0,2,314775.0,0.6666666666666666,2024,2,Familiar
39977,Max Homa,12,72.0,72.0,1,16575.0,1.0,2022,4,Rookie
39977,Max Homa,14,23.0,23.0,1,88305.0,1.0,2023,3,Rookie
39977,Max Homa,16,10.666666666666666,1.0,3,1803297.08,0.6,2025,1,Experienced
39977,Max Homa,17,39.333333333333336,6.0,3,679035.71,1.0,2024,2,Experienced
39977,Max Homa,18,3.0,1.0,3,2955150.0,1.0,2023,3,Experienced
39977,Max Homa,19,7.25,1.0,4,4486000.0,0.8,2025,1,Experienced
39977,Max Homa,20,41.0,12.0,2,169907.14,1.0,2024,2,Familiar
39977,Max Homa,21,35.0,35.0,1,36562.5,1.0,2022,4,Rookie
39977,Max Homa,25,5.0,5.0,1,278250.0,1.0,2025,1,Rookie
39977,Max Homa,26,6.0,6.0,1,313875.0,1.0,2021,5,Rookie
39977,Max Homa,27,26.0,5.0,3,661300.0,1.0,2025,1,Experienced
39977,Max Homa,31,47.0,47.0,1,24330.55,1.0,2021,5,Rookie
39977,Max Homa,34,40.75,13.0,4,394946.79,0.8,2025,1,Experienced
39977,Max Homa,35,27.666666666666668,6.0,3,1117329.37,0.6,2025,1,Experienced
39977,Max Homa,36,19.0,19.0,1,74014.29,0.5,2025,1,Rookie
39977,Max Homa,37,,,0,0.0,0.0,2025,1,Rookie
39977,Max Homa,38,62.5,55.0,2,83700.0,0.6666666666666666,2025,1,Familiar
39977,Max Homa,39,,,0,0.0,0.0,2025,1,Rookie
39977,Max Homa,40,23.333333333333332,21.0,3,224457.39,1.0,2023,3,Experienced
39977,Max Homa,41,,,0,0.0,0.0,2022,4,Rookie
39977,Max Homa,43,18.0,18.0,1,85500.0,1.0,2025,1,Rookie
39977,Max Homa,44,20.0,14.0,2,483583.32999999996,1.0,2025,1,Familiar
39977,Max Homa,45,9.0,3.0,2,972500.0,1.0,2023,3,Familiar
39977,Max Homa,46,20.0,20.0,1,81500.0,1.0,2023,3,Rookie
39977,Max Homa,47,,,0,0.0,0.0,2021,5,Rookie
39977,Max Homa,50,7.0,5.0,2,0.0,1.0,2023,3,Familiar
39977,Max Homa,51,57.5,54.0,2,88250.0,0.5,2025,1,Familiar
39977,Max Homa,52,30.0,30.0,1,125375.0,1.0,2025,1,Rookie
39977,Max Homa,53,47.0,47.0,1,50672.0,0.3333333333333333,2024,2,Rookie
39977,Max Homa,54,,,0,0.0,0.0,2021,5,Rookie
39977,Max Homa,56,25.0,25.0,1,67735.0,0.5,2025,1,Rookie
39977,Max Homa,57,6.0,6.0,1,241500.0,1.0,2021,5,Rookie
39977,Max Homa,58,48.0,48.0,1,19040.0,1.0,2021,5,Rookie
39977,Max Homa,59,42.0,42.0,1,23852.75,1.0,2021,5,Rookie
39977,Max Homa,60,5.666666666666667,1.0,3,2746000.0,0.75,2024,2,Experienced
39977,Max Homa,61,26.5,14.0,2,220250.0,0.5,2025,1,Familiar
39977,Max Homa,62,,,0,0.0,0.0,2025,1,Rookie
39977,Max Homa,63,27.0,27.0,1,57035.0,1.0,2024,2,Rookie
39992,Jeff Kellen,34,,,0,0.0,0.0,2024,2,Rookie
39997,Corey Conners,1,,,0,0.0,0.0,2022,4,Rookie
39997,Corey Conners,2,11.2,3.0,5,2848033.33,1.0,2025,1,Veteran
39997,Corey Conners,4,48.0,31.0,2,142625.0,1.0,2025,1,Familiar
39997,Corey Conners,8,19.6,5.0,5,1456100.0,1.0,2025,1,Veteran
39997,Corey Conners,10,20.0,20.0,1,68437.5,1.0,2021,5,Rookie
39997,Corey Conners,11,61.0,61.0,1,18720.0,1.0,2021,5,Rookie
39997,Corey Conners,14,23.0,23.0,1,88305.0,1.0,2023,3,Rookie
39997,Corey Conners,15,41.0,41.0,1,32850.0,1.0,2024,2,Rookie
39997,Corey Conners,16,37.0,37.0,1,34125.0,0.5,2022,4,Rookie
39997,Corey Conners,17,33.5,6.0,4,788085.72,1.0,2025,1,Experienced
39997,Corey Conners,18,,,0,0.0,0.0,2023,3,Rookie
39997,Corey Conners,19,36.333333333333336,24.0,3,374314.28,0.6,2025,1,Experienced
39997,Corey Conners,20,25.333333333333332,10.0,3,323940.0,1.0,2025,1,Experienced
39997,Corey Conners,26,53.0,53.0,1,21994.5,1.0,2021,5,Rookie
39997,Corey Conners,27,19.333333333333332,13.0,3,639900.0,0.75,2025,1,Experienced
39997,Corey Conners,31,8.0,8.0,1,277875.0,1.0,2021,5,Rookie
39997,Corey Conners,34,18.5,12.0,4,840404.44,0.8,2025,1,Experienced
39997,Corey Conners,35,13.0,6.0,4,1982583.33,0.8,2025,1,Experienced
39997,Corey Conners,36,7.0,7.0,1,176100.0,1.0,2024,2,Rookie
39997,Corey Conners,37,14.75,6.0,4,822808.33,1.0,2025,1,Experienced
39997,Corey Conners,38,28.0,4.0,5,657518.33,1.0,2025,1,Veteran
39997,Corey Conners,41,25.333333333333332,10.0,3,269848.67,1.0,2023,3,Experienced
39997,Corey Conners,43,17.0,17.0,2,177433.33000000002,1.0,2022,4,Familiar
39997,Corey Conners,44,19.0,5.0,2,857166.67,1.0,2025,1,Familiar
39997,Corey Conners,45,18.0,18.0,1,229000.0,1.0,2023,3,Rookie
39997,Corey Conners,46,40.0,40.0,1,28350.0,1.0,2022,4,Rookie
39997,Corey Conners,48,26.666666666666668,11.0,3,346875.33999999997,0.75,2025,1,Experienced
39997,Corey Conners,50,19.5,4.0,4,2616666.67,1.0,2025,1,Experienced
39997,Corey Conners,51,18.0,9.0,2,669000.0,1.0,2024,2,Familiar
39997,Corey Conners,52,11.0,11.0,1,440000.0,1.0,2025,1,Rookie
39997,Corey Conners,53,9.0,9.0,1,502391.0,0.25,2025,1,Rookie
39997,Corey Conners,54,,,0,0.0,0.0,2021,5,Rookie
39997,Corey Conners,55,,,0,0.0,0.0,2021,5,Rookie
39997,Corey Conners,56,18.6,1.0,5,1965235.0,1.0,2025,1,Veteran
39997,Corey Conners,57,14.5,8.0,2,311066.25,1.0,2025,1,Familiar
39997,Corey Conners,58,24.0,24.0,1,58450.0,1.0,2021,5,Rookie
39997,Corey Conners,59,17.0,17.0,1,104025.0,1.0,2021,5,Rookie
39997,Corey Conners,60,21.25,8.0,4,1035836.1699999999,1.0,2024,2,Experienced
39997,Corey Conners,61,47.5,28.0,4,155244.86,1.0,2025,1,Experienced
39997,Corey Conners,62,21.0,21.0,1,73608.34,1.0,2022,4,Rookie
39997,Corey Conners,64,8.0,8.0,1,232000.0,1.0,2021,5,Rookie
40006,Erik van Rooyen,0,58.0,58.0,1,14718.0,0.25,2025,1,Rookie
40006,Erik van Rooyen,1,31.0,6.0,2,267810.0,0.6666666666666666,2025,1,Familiar
40006,Erik van Rooyen,2,41.0,25.0,2,183818.0,0.6666666666666666,2024,2,Familiar
40006,Erik van Rooyen,3,,,0,0.0,0.0,2023,3,Rookie
40006,Erik van Rooyen,4,30.0,20.0,2,276708.32999999996,0.6666666666666666,2025,1,Familiar
40006,Erik van Rooyen,7,43.0,43.0,1,26625.0,1.0,2024,2,Rookie
40006,Erik van Rooyen,8,5.0,5.0,1,380000.0,1.0,2021,5,Rookie
40006,Erik van Rooyen,9,,,0,0.0,0.0,2023,3,Rookie
40006,Erik van Rooyen,10,36.0,36.0,1,42334.38,0.3333333333333333,2025,1,Rookie
40006,Erik van Rooyen,12,25.0,25.0,1,70506.42,1.0,2022,4,Rookie
40006,Erik van Rooyen,13,2.0,2.0,1,1079100.0,1.0,2025,1,Rookie
40006,Erik van Rooyen,15,5.5,2.0,2,1060900.0,1.0,2025,1,Familiar
40006,Erik van Rooyen,16,,,0,0.0,0.0,2025,1,Rookie
40006,Erik van Rooyen,17,47.5,33.0,2,147028.57,1.0,2025,1,Familiar
40006,Erik van Rooyen,18,30.0,30.0,1,42532.0,1.0,2023,3,Rookie
40006,Erik van Rooyen,19,39.0,39.0,1,45000.0,1.0,2022,4,Rookie
40006,Erik van Rooyen,20,53.5,39.0,2,64620.0,0.6666666666666666,2025,1,Familiar
40006,Erik van Rooyen,21,54.0,54.0,1,17400.0,1.0,2022,4,Rookie
40006,Erik van Rooyen,22,60.0,60.0,1,15540.0,0.5,2023,3,Rookie
40006,Erik van Rooyen,25,,,0,0.0,0.0,2023,3,Rookie
40006,Erik van Rooyen,27,,,0,0.0,0.0,2022,4,Rookie
40006,Erik van Rooyen,28,20.5,8.0,2,261791.66,1.0,2024,2,Familiar
40006,Erik van Rooyen,29,59.0,59.0,1,15960.0,1.0,2025,1,Rookie
40006,Erik van Rooyen,30,4.0,4.0,1,147000.0,1.0,2024,2,Rookie
40006,Erik van Rooyen,31,7.0,7.0,1,320625.0,1.0,2021,5,Rookie
40006,Erik van Rooyen,33,10.0,10.0,1,177025.0,1.0,2021,5,Rookie
40006,Erik van Rooyen,34,53.0,53.0,1,32587.14,0.25,2025,1,Rookie
40006,Erik van Rooyen,35,13.0,13.0,1,327222.22,0.3333333333333333,2025,1,Rookie
40006,Erik van Rooyen,37,42.0,42.0,1,29986.0,0.3333333333333333,2025,1,Rookie
40006,Erik van Rooyen,38,21.5,10.0,2,316166.67,0.6666666666666666,2024,2,Familiar
40006,Erik van Rooyen,39,78.0,78.0,1,17856.0,1.0,2025,1,Rookie
40006,Erik van Rooyen,40,6.0,6.0,1,300150.0,0.5,2024,2,Rookie
40006,Erik van Rooyen,42,,,0,0.0,0.0,2021,5,Rookie
40006,Erik van Rooyen,43,41.0,16.0,2,121976.66,1.0,2025,1,Familiar
40006,Erik van Rooyen,44,22.0,22.0,1,220000.0,1.0,2024,2,Rookie
40006,Erik van Rooyen,45,25.0,25.0,1,113000.0,1.0,2022,4,Rookie
40006,Erik van Rooyen,46,34.5,23.0,2,101906.0,0.6666666666666666,2024,2,Familiar
40006,Erik van Rooyen,48,34.0,20.0,3,150926.32,0.75,2025,1,Experienced
40006,Erik van Rooyen,50,22.0,22.0,1,0.0,1.0,2021,5,Rookie
40006,Erik van Rooyen,51,,,0,0.0,0.0,2023,3,Rookie
40006,Erik van Rooyen,52,34.0,34.0,1,95062.5,1.0,2025,1,Rookie
40006,Erik van Rooyen,53,,,0,0.0,0.0,2025,1,Rookie
40006,Erik van Rooyen,54,23.0,23.0,1,101797.0,1.0,2021,5,Rookie
40006,Erik van Rooyen,55,,,0,0.0,0.0,2021,5,Rookie
40006,Erik van Rooyen,56,38.0,14.0,2,161615.0,0.5,2025,1,Familiar
40006,Erik van Rooyen,57,10.0,10.0,1,181575.0,0.5,2023,3,Rookie
40006,Erik van Rooyen,58,20.0,20.0,1,82600.0,1.0,2021,5,Rookie
40006,Erik van Rooyen,59,,,0,0.0,0.0,2021,5,Rookie
40006,Erik van Rooyen,60,,,0,0.0,0.0,2023,3,Rookie
40006,Erik van Rooyen,61,50.0,50.0,1,48542.85,0.3333333333333333,2025,1,Rookie
40006,Erik van Rooyen,62,37.0,37.0,1,26560.0,0.25,2025,1,Rookie
40009,Dominic Bozzelli,0,,,0,0.0,0.0,2021,5,Rookie
40009,Dominic Bozzelli,3,,,0,0.0,0.0,2021,5,Rookie
40009,Dominic Bozzelli,4,,,0,0.0,0.0,2021,5,Rookie
40009,Dominic Bozzelli,6,40.0,40.0,1,14875.0,1.0,2021,5,Rookie
40009,Dominic Bozzelli,25,,,0,0.0,0.0,2021,5,Rookie
40009,Dominic Bozzelli,33,,,0,0.0,0.0,2021,5,Rookie
40009,Dominic Bozzelli,42,,,0,0.0,0.0,2021,5,Rookie
40026,Daniel Berger,0,,,0,0.0,0.0,2024,2,Rookie
40026,Daniel Berger,1,21.0,21.0,1,83270.0,1.0,2025,1,Rookie
40026,Daniel Berger,2,15.0,15.0,1,349000.0,1.0,2025,1,Rookie
40026,Daniel Berger,3,3.0,3.0,1,395381.25,1.0,2021,5,Rookie
40026,Daniel Berger,4,1.0,1.0,1,1404000.0,1.0,2021,5,Rookie
40026,Daniel Berger,7,35.0,35.0,1,37350.0,1.0,2024,2,Rookie
40026,Daniel Berger,8,26.0,26.0,1,73150.0,0.5,2025,1,Rookie
40026,Daniel Berger,10,29.333333333333332,20.0,3,173237.3,0.75,2025,1,Experienced
40026,Daniel Berger,11,28.0,28.0,1,57135.0,1.0,2021,5,Rookie
40026,Daniel Berger,13,13.0,13.0,1,165232.14,1.0,2024,2,Rookie
40026,Daniel Berger,15,25.0,25.0,1,73271.43,0.5,2025,1,Rookie
40026,Daniel Berger,16,20.0,20.0,1,95508.0,0.3333333333333333,2025,1,Rookie
40026,Daniel Berger,17,68.0,68.0,1,41200.0,1.0,2025,1,Rookie
40026,Daniel Berger,19,12.0,12.0,1,472000.0,1.0,2025,1,Rookie
40026,Daniel Berger,20,55.0,55.0,1,25920.0,1.0,2025,1,Rookie
40026,Daniel Berger,22,4.0,4.0,1,392000.0,1.0,2022,4,Rookie
40026,Daniel Berger,24,,,0,0.0,0.0,2024,2,Rookie
40026,Daniel Berger,25,34.0,34.0,1,30955.72,0.5,2024,2,Rookie
40026,Daniel Berger,27,5.0,5.0,1,411600.0,0.5,2025,1,Rookie
40026,Daniel Berger,30,36.0,36.0,1,20350.0,1.0,2024,2,Rookie
40026,Daniel Berger,31,56.0,56.0,1,21470.0,1.0,2021,5,Rookie
40026,Daniel Berger,34,54.0,33.0,2,108242.5,0.6666666666666666,2025,1,Familiar
40026,Daniel Berger,35,14.0,9.0,3,906847.22,1.0,2025,1,Experienced
40026,Daniel Berger,36,,,0,0.0,0.0,2024,2,Rookie
40026,Daniel Berger,37,,,0,0.0,0.0,2024,2,Rookie
40026,Daniel Berger,38,12.333333333333334,3.0,3,1174915.0,1.0,2025,1,Experienced
40026,Daniel Berger,40,,,0,0.0,0.0,2024,2,Rookie
40026,Daniel Berger,41,26.5,2.0,2,692799.09,1.0,2025,1,Familiar
40026,Daniel Berger,43,7.0,7.0,1,256500.0,1.0,2024,2,Rookie
40026,Daniel Berger,45,7.5,5.0,2,458000.0,1.0,2022,4,Familiar
40026,Daniel Berger,46,39.0,39.0,1,32550.0,1.0,2024,2,Rookie
40026,Daniel Berger,48,7.0,7.0,1,200475.0,0.5,2025,1,Rookie
40026,Daniel Berger,49,45.0,45.0,1,25502.75,1.0,2024,2,Rookie
40026,Daniel Berger,50,11.0,11.0,1,0.0,1.0,2021,5,Rookie
40026,Daniel Berger,51,42.0,42.0,1,72000.0,1.0,2025,1,Rookie
40026,Daniel Berger,52,11.0,11.0,1,440000.0,1.0,2025,1,Rookie
40026,Daniel Berger,53,33.5,21.0,2,260677.0,0.6666666666666666,2025,1,Familiar
40026,Daniel Berger,54,34.0,34.0,1,64024.0,1.0,2021,5,Rookie
40026,Daniel Berger,55,46.0,46.0,1,57070.0,1.0,2021,5,Rookie
40026,Daniel Berger,56,30.0,30.0,1,62225.0,1.0,2025,1,Rookie
40026,Daniel Berger,57,,,0,0.0,0.0,2024,2,Rookie
40026,Daniel Berger,59,,,0,0.0,0.0,2021,5,Rookie
40026,Daniel Berger,61,15.0,2.0,2,871800.0,0.6666666666666666,2025,1,Familiar
40026,Daniel Berger,62,45.0,45.0,1,23711.29,1.0,2024,2,Rookie
40026,Daniel Berger,64,17.0,17.0,1,95857.78,1.0,2021,5,Rookie
40027,Lexi Thompson,46,,,0,0.0,0.0,2023,3,Rookie
40042,Tyler McCumber,0,,,0,0.0,0.0,2021,5,Rookie
40042,Tyler McCumber,1,40.0,40.0,1,25125.0,0.5,2022,4,Rookie
40042,Tyler McCumber,2,,,0,0.0,0.0,2021,5,Rookie
40042,Tyler McCumber,4,,,0,0.0,0.0,2022,4,Rookie
40042,Tyler McCumber,10,50.0,50.0,1,18325.0,1.0,2021,5,Rookie
40042,Tyler McCumber,16,75.0,75.0,1,14550.0,0.5,2022,4,Rookie
40042,Tyler McCumber,18,,,0,0.0,0.0,2022,4,Rookie
40042,Tyler McCumber,19,52.0,52.0,1,22152.6,1.0,2021,5,Rookie
40042,Tyler McCumber,21,,,0,0.0,0.0,2022,4,Rookie
40042,Tyler McCumber,22,33.0,33.0,1,39900.0,0.5,2022,4,Rookie
40042,Tyler McCumber,26,,,0,0.0,0.0,2021,5,Rookie
40042,Tyler McCumber,29,,,0,0.0,0.0,2025,1,Rookie
40042,Tyler McCumber,31,,,0,0.0,0.0,2021,5,Rookie
40042,Tyler McCumber,33,,,0,0.0,0.0,2021,5,Rookie
40042,Tyler McCumber,35,22.0,22.0,1,135964.29,1.0,2021,5,Rookie
40042,Tyler McCumber,40,,,0,0.0,0.0,2021,5,Rookie
40042,Tyler McCumber,41,4.0,4.0,1,288000.0,0.5,2022,4,Rookie
40042,Tyler McCumber,42,,,0,0.0,0.0,2021,5,Rookie
40042,Tyler McCumber,43,6.0,6.0,1,201300.0,0.5,2022,4,Rookie
40042,Tyler McCumber,46,,,0,0.0,0.0,2022,4,Rookie
40042,Tyler McCumber,47,,,0,0.0,0.0,2021,5,Rookie
40042,Tyler McCumber,48,,,0,0.0,0.0,2024,2,Rookie
40042,Tyler McCumber,51,,,0,0.0,0.0,2021,5,Rookie
40042,Tyler McCumber,60,,,0,0.0,0.0,2021,5,Rookie
40042,Tyler McCumber,61,,,0,0.0,0.0,2022,4,Rookie
40042,Tyler McCumber,62,15.0,15.0,1,91342.22,1.0,2021,5,Rookie
40058,Zac Blair,0,28.5,13.0,2,160360.29,0.6666666666666666,2025,1,Familiar
40058,Zac Blair,1,,,0,0.0,0.0,2025,1,Rookie
40058,Zac Blair,4,,,0,0.0,0.0,2023,3,Rookie
40058,Zac Blair,5,20.0,20.0,1,63214.29,1.0,2025,1,Rookie
40058,Zac Blair,7,66.0,66.0,1,15975.0,1.0,2024,2,Rookie
40058,Zac Blair,9,,,0,0.0,0.0,2023,3,Rookie
40058,Zac Blair,10,,,0,0.0,0.0,2025,1,Rookie
40058,Zac Blair,13,,,0,0.0,0.0,2025,1,Rookie
40058,Zac Blair,15,,,0,0.0,0.0,2024,2,Rookie
40058,Zac Blair,16,52.5,32.0,2,69900.0,0.6666666666666666,2025,1,Familiar
40058,Zac Blair,18,32.0,12.0,2,160784.67,1.0,2023,3,Familiar
40058,Zac Blair,20,,,0,0.0,0.0,2023,3,Rookie
40058,Zac Blair,22,49.0,49.0,1,20944.0,1.0,2023,3,Rookie
40058,Zac Blair,24,15.0,2.0,2,296000.0,1.0,2025,1,Familiar
40058,Zac Blair,25,39.5,33.0,2,68220.0,0.6666666666666666,2025,1,Familiar
40058,Zac Blair,32,,,0,0.0,0.0,2025,1,Rookie
40058,Zac Blair,34,53.0,53.0,1,32587.14,1.0,2024,2,Rookie
40058,Zac Blair,35,54.0,54.0,1,57500.0,1.0,2024,2,Rookie
40058,Zac Blair,36,30.0,13.0,2,103135.38,1.0,2025,1,Familiar
40058,Zac Blair,37,38.0,24.0,2,106304.0,1.0,2025,1,Familiar
40058,Zac Blair,40,,,0,0.0,0.0,2024,2,Rookie
40058,Zac Blair,41,18.0,7.0,2,218793.86,0.5,2025,1,Familiar
40058,Zac Blair,42,,,0,0.0,0.0,2021,5,Rookie
40058,Zac Blair,43,,,0,0.0,0.0,2025,1,Rookie
40058,Zac Blair,46,51.5,42.0,2,46340.0,0.6666666666666666,2024,2,Familiar
40058,Zac Blair,47,,,0,0.0,0.0,2021,5,Rookie
40058,Zac Blair,48,39.0,30.0,2,65001.17,1.0,2024,2,Familiar
40058,Zac Blair,49,,,0,0.0,0.0,2024,2,Rookie
40058,Zac Blair,51,2.0,2.0,1,1780000.0,1.0,2023,3,Rookie
40058,Zac Blair,53,26.0,26.0,1,153281.0,0.5,2025,1,Rookie
40058,Zac Blair,55,,,0,0.0,0.0,2021,5,Rookie
40058,Zac Blair,56,,,0,0.0,0.0,2024,2,Rookie
40058,Zac Blair,57,10.0,10.0,1,181575.0,0.5,2024,2,Rookie
40058,Zac Blair,60,47.0,47.0,1,51222.23,1.0,2023,3,Rookie
40058,Zac Blair,61,49.0,49.0,1,22396.0,1.0,2024,2,Rookie
40058,Zac Blair,62,45.0,45.0,1,23711.29,0.3333333333333333,2025,1,Rookie
40058,Zac Blair,63,46.0,46.0,1,20357.5,1.0,2024,2,Rookie
40098,Matt Fitzpatrick,2,13.75,9.0,4,1037411.11,0.8,2025,1,Experienced
40098,Matt Fitzpatrick,3,,,0,0.0,0.0,2021,5,Rookie
40098,Matt Fitzpatrick,4,37.333333333333336,6.0,3,380475.0,0.75,2025,1,Experienced
40098,Matt Fitzpatrick,8,23.75,2.0,4,2290700.0,1.0,2025,1,Experienced
40098,Matt Fitzpatrick,11,12.0,12.0,1,190320.0,1.0,2021,5,Rookie
40098,Matt Fitzpatrick,14,13.0,13.0,1,189756.0,1.0,2023,3,Rookie
40098,Matt Fitzpatrick,15,21.0,21.0,1,87750.0,1.0,2024,2,Rookie
40098,Matt Fitzpatrick,17,30.25,5.0,4,901966.67,1.0,2025,1,Experienced
40098,Matt Fitzpatrick,19,27.0,5.0,2,398100.0,0.5,2025,1,Familiar
40098,Matt Fitzpatrick,20,21.5,4.0,2,452700.0,0.6666666666666666,2025,1,Familiar
40098,Matt Fitzpatrick,26,,,0,0.0,0.0,2021,5,Rookie
40098,Matt Fitzpatrick,27,15.0,5.0,3,1426523.81,0.75,2025,1,Experienced
40098,Matt Fitzpatrick,31,,,0,0.0,0.0,2021,5,Rookie
40098,Matt Fitzpatrick,33,10.0,10.0,1,177025.0,1.0,2021,5,Rookie
40098,Matt Fitzpatrick,34,12.0,5.0,3,1089012.06,0.6,2025,1,Experienced
40098,Matt Fitzpatrick,35,7.0,5.0,2,1364375.0,0.4,2025,1,Familiar
40098,Matt Fitzpatrick,37,15.0,10.0,2,322005.0,1.0,2023,3,Familiar
40098,Matt Fitzpatrick,38,17.75,1.0,4,4121541.66,0.8,2025,1,Experienced
40098,Matt Fitzpatrick,39,8.0,8.0,1,261600.0,1.0,2025,1,Rookie
40098,Matt Fitzpatrick,41,,,0,0.0,0.0,2021,5,Rookie
40098,Matt Fitzpatrick,44,19.0,14.0,2,516250.0,1.0,2025,1,Familiar
40098,Matt Fitzpatrick,45,7.0,7.0,1,368750.0,1.0,2023,3,Rookie
40098,Matt Fitzpatrick,48,,,0,0.0,0.0,2024,2,Rookie
40098,Matt Fitzpatrick,50,12.0,9.0,2,0.0,1.0,2023,3,Familiar
40098,Matt Fitzpatrick,51,34.0,17.0,3,401429.16000000003,1.0,2025,1,Experienced
40098,Matt Fitzpatrick,52,23.0,23.0,1,167142.86,1.0,2025,1,Rookie
40098,Matt Fitzpatrick,53,30.0,1.0,4,3566930.0,1.0,2025,1,Experienced
40098,Matt Fitzpatrick,54,,,0,0.0,0.0,2021,5,Rookie
40098,Matt Fitzpatrick,55,38.0,38.0,1,90608.0,1.0,2021,5,Rookie
40098,Matt Fitzpatrick,56,10.0,10.0,1,223100.0,0.5,2025,1,Rookie
40098,Matt Fitzpatrick,57,5.0,5.0,1,301275.0,0.5,2023,3,Rookie
40098,Matt Fitzpatrick,60,29.666666666666668,2.0,3,827600.0,1.0,2024,2,Experienced
40098,Matt Fitzpatrick,61,18.0,10.0,3,492050.0,0.75,2025,1,Experienced
40098,Matt Fitzpatrick,62,8.0,8.0,1,257616.67,1.0,2025,1,Rookie
40098,Matt Fitzpatrick,64,26.0,26.0,1,60880.0,1.0,2021,5,Rookie
40104,Joel Stalter,6,,,0,0.0,0.0,2022,4,Rookie
40115,Adam Svensson,0,29.333333333333332,14.0,3,210645.0,0.75,2025,1,Experienced
40115,Adam Svensson,1,49.0,49.0,1,18949.33,0.5,2025,1,Rookie
40115,Adam Svensson,2,24.0,24.0,1,163000.0,0.3333333333333333,2024,2,Rookie
40115,Adam Svensson,3,69.0,69.0,1,18564.0,1.0,2022,4,Rookie
40115,Adam Svensson,4,48.0,47.0,2,69945.95,1.0,2024,2,Familiar
40115,Adam Svensson,5,56.0,56.0,1,13860.0,1.0,2025,1,Rookie
40115,Adam Svensson,6,6.0,6.0,1,134125.0,1.0,2022,4,Rookie
40115,Adam Svensson,7,25.0,25.0,1,52912.5,1.0,2024,2,Rookie
40115,Adam Svensson,8,15.0,15.0,1,332000.0,1.0,2023,3,Rookie
40115,Adam Svensson,9,39.0,39.0,1,36540.0,1.0,2023,3,Rookie
40115,Adam Svensson,10,36.666666666666664,24.0,3,127406.95999999999,1.0,2025,1,Experienced
40115,Adam Svensson,13,,,0,0.0,0.0,2025,1,Rookie
40115,Adam Svensson,15,,,0,0.0,0.0,2025,1,Rookie
40115,Adam Svensson,16,79.0,79.0,1,15708.0,0.25,2025,1,Rookie
40115,Adam Svensson,17,44.0,37.0,2,124050.0,1.0,2023,3,Familiar
40115,Adam Svensson,18,31.5,12.0,2,157396.67,1.0,2023,3,Familiar
40115,Adam Svensson,19,9.5,9.0,2,1000000.0,1.0,2024,2,Familiar
40115,Adam Svensson,21,,,0,0.0,0.0,2022,4,Rookie
40115,Adam Svensson,22,29.0,9.0,2,214944.0,1.0,2023,3,Familiar
40115,Adam Svensson,24,,,0,0.0,0.0,2025,1,Rookie
40115,Adam Svensson,25,30.75,21.0,4,206167.8,1.0,2025,1,Experienced
40115,Adam Svensson,27,36.0,27.0,2,181300.0,0.6666666666666666,2024,2,Familiar
40115,Adam Svensson,28,,,0,0.0,0.0,2022,4,Rookie
40115,Adam Svensson,29,59.0,59.0,1,15960.0,1.0,2025,1,Rookie
40115,Adam Svensson,32,59.0,59.0,1,9200.0,1.0,2025,1,Rookie
40115,Adam Svensson,34,41.5,40.0,2,95869.0,1.0,2024,2,Familiar
40115,Adam Svensson,35,13.0,13.0,1,447916.67,0.3333333333333333,2025,1,Rookie
40115,Adam Svensson,36,13.0,13.0,1,86515.38,0.5,2025,1,Rookie
40115,Adam Svensson,37,36.0,21.0,2,117421.33,0.5,2025,1,Familiar
40115,Adam Svensson,38,37.0,26.0,3,188504.44,1.0,2024,2,Experienced
40115,Adam Svensson,39,,,0,0.0,0.0,2025,1,Rookie
40115,Adam Svensson,40,32.0,24.0,2,101460.0,0.6666666666666666,2024,2,Familiar
40115,Adam Svensson,41,19.666666666666668,1.0,3,1786725.14,0.6,2025,1,Experienced
40115,Adam Svensson,43,35.0,16.0,2,127445.66,0.4,2025,1,Familiar
40115,Adam Svensson,44,33.0,33.0,1,113000.0,1.0,2024,2,Rookie
40115,Adam Svensson,45,37.0,37.0,1,202000.0,1.0,2023,3,Rookie
40115,Adam Svensson,46,43.5,18.0,2,127860.0,0.5,2024,2,Familiar
40115,Adam Svensson,48,27.0,7.0,4,352746.19,1.0,2025,1,Experienced
40115,Adam Svensson,49,62.0,57.0,2,40425.0,1.0,2025,1,Familiar
40115,Adam Svensson,51,20.5,16.0,2,371835.0,0.6666666666666666,2024,2,Familiar
40115,Adam Svensson,53,58.0,56.0,2,87267.0,1.0,2024,2,Familiar
40115,Adam Svensson,56,49.0,47.0,2,48797.0,0.6666666666666666,2025,1,Familiar
40115,Adam Svensson,57,44.0,39.0,2,50401.2,0.6666666666666666,2025,1,Familiar
40115,Adam Svensson,60,37.0,27.0,2,187545.0,0.6666666666666666,2024,2,Familiar
40115,Adam Svensson,61,36.0,36.0,1,40997.5,0.3333333333333333,2025,1,Rookie
40115,Adam Svensson,62,30.666666666666668,7.0,3,486029.0,0.75,2025,1,Experienced
40115,Adam Svensson,63,46.0,46.0,1,20357.5,1.0,2024,2,Rookie
40162,Justin Lower,0,38.0,33.0,2,69883.5,0.5,2025,1,Familiar
40162,Justin Lower,1,22.0,3.0,2,546124.44,0.6666666666666666,2025,1,Familiar
40162,Justin Lower,2,36.0,36.0,1,88375.0,0.5,2024,2,Rookie
40162,Justin Lower,3,44.5,43.0,2,55795.2,1.0,2023,3,Familiar
40162,Justin Lower,4,62.0,62.0,1,37750.0,0.3333333333333333,2025,1,Rookie
40162,Justin Lower,5,3.0,3.0,1,260250.0,1.0,2025,1,Rookie
40162,Justin Lower,6,26.0,8.0,2,111997.0,1.0,2023,3,Familiar
40162,Justin Lower,7,,,0,0.0,0.0,2024,2,Rookie
40162,Justin Lower,9,,,0,0.0,0.0,2023,3,Rookie
40162,Justin Lower,10,57.0,57.0,1,19662.0,0.3333333333333333,2025,1,Rookie
40162,Justin Lower,13,24.0,24.0,1,77425.0,0.5,2025,1,Rookie
40162,Justin Lower,15,,,0,0.0,0.0,2025,1,Rookie
40162,Justin Lower,16,43.0,43.0,1,28530.0,0.25,2025,1,Rookie
40162,Justin Lower,18,24.5,4.0,2,383964.0,0.6666666666666666,2023,3,Familiar
40162,Justin Lower,19,,,0,0.0,0.0,2023,3,Rookie
40162,Justin Lower,20,67.0,67.0,1,19440.0,1.0,2024,2,Rookie
40162,Justin Lower,22,64.0,64.0,1,17280.0,1.0,2022,4,Rookie
40162,Justin Lower,24,,,0,0.0,0.0,2025,1,Rookie
40162,Justin Lower,25,56.0,44.0,3,57845.05,1.0,2025,1,Experienced
40162,Justin Lower,27,,,0,0.0,0.0,2023,3,Rookie
40162,Justin Lower,28,33.5,3.0,2,445068.0,1.0,2024,2,Familiar
40162,Justin Lower,29,,,0,0.0,0.0,2025,1,Rookie
40162,Justin Lower,30,,,0,0.0,0.0,2024,2,Rookie
40162,Justin Lower,32,,,0,0.0,0.0,2025,1,Rookie
40162,Justin Lower,34,60.0,60.0,1,27014.29,1.0,2025,1,Rookie
40162,Justin Lower,35,38.0,38.0,1,111250.0,0.3333333333333333,2025,1,Rookie
40162,Justin Lower,36,7.0,7.0,1,176100.0,0.5,2025,1,Rookie
40162,Justin Lower,37,42.666666666666664,25.0,3,125258.0,0.75,2025,1,Experienced
40162,Justin Lower,38,71.0,71.0,1,40600.0,1.0,2023,3,Rookie
40162,Justin Lower,39,46.0,46.0,1,27091.2,1.0,2025,1,Rookie
40162,Justin Lower,40,21.0,8.0,3,400320.0,1.0,2024,2,Experienced
40162,Justin Lower,41,,,0,0.0,0.0,2025,1,Rookie
40162,Justin Lower,43,36.5,28.0,2,73855.23,0.5,2025,1,Familiar
40162,Justin Lower,46,20.0,20.0,1,81500.0,0.3333333333333333,2024,2,Rookie
40162,Justin Lower,48,58.333333333333336,37.0,3,69419.0,1.0,2025,1,Experienced
40162,Justin Lower,49,28.0,28.0,1,65065.0,0.5,2025,1,Rookie
40162,Justin Lower,51,,,0,0.0,0.0,2023,3,Rookie
40162,Justin Lower,53,50.0,50.0,1,51065.0,0.5,2025,1,Rookie
40162,Justin Lower,55,,,0,0.0,0.0,2021,5,Rookie
40162,Justin Lower,56,47.5,25.0,2,85980.0,0.5,2025,1,Familiar
40162,Justin Lower,57,,,0,0.0,0.0,2025,1,Rookie
40162,Justin Lower,60,31.0,31.0,1,55012.5,0.5,2023,3,Rookie
40162,Justin Lower,61,51.5,50.0,2,69072.0,1.0,2024,2,Familiar
40162,Justin Lower,62,37.666666666666664,33.0,3,99388.63,0.75,2025,1,Experienced
40162,Justin Lower,63,56.0,56.0,1,16830.0,1.0,2024,2,Rookie
40181,Clément Sordet,6,52.0,52.0,1,9006.0,1.0,2023,3,Rookie
40181,Clément Sordet,24,,,0,0.0,0.0,2024,2,Rookie
40226,Andreas Halvorsen,24,,,0,0.0,0.0,2025,1,Rookie
40250,Taylor Pendrith,0,36.5,5.0,2,349572.0,0.6666666666666666,2025,1,Familiar
40250,Taylor Pendrith,1,,,0,0.0,0.0,2023,3,Rookie
40250,Taylor Pendrith,2,42.0,42.0,1,37464.0,0.3333333333333333,2025,1,Rookie
40250,Taylor Pendrith,4,21.666666666666668,7.0,3,829463.8,1.0,2025,1,Experienced
40250,Taylor Pendrith,6,10.0,6.0,3,279978.57,1.0,2023,3,Experienced
40250,Taylor Pendrith,8,12.0,8.0,3,1136111.1099999999,1.0,2025,1,Experienced
40250,Taylor Pendrith,9,66.0,66.0,1,18060.0,1.0,2023,3,Rookie
40250,Taylor Pendrith,13,1.0,1.0,1,1710000.0,0.5,2025,1,Rookie
40250,Taylor Pendrith,15,,,0,0.0,0.0,2025,1,Rookie
40250,Taylor Pendrith,16,23.0,7.0,4,690288.0,1.0,2025,1,Experienced
40250,Taylor Pendrith,17,39.333333333333336,22.0,3,346350.0,1.0,2025,1,Experienced
40250,Taylor Pendrith,18,51.5,36.0,2,49328.34,0.6666666666666666,2023,3,Familiar
40250,Taylor Pendrith,19,50.0,50.0,1,51500.0,0.5,2025,1,Rookie
40250,Taylor Pendrith,20,13.0,13.0,1,153450.0,1.0,2025,1,Rookie
40250,Taylor Pendrith,21,,,0,0.0,0.0,2022,4,Rookie
40250,Taylor Pendrith,22,33.5,25.0,2,90988.0,1.0,2023,3,Familiar
40250,Taylor Pendrith,27,35.0,12.0,3,566300.0,1.0,2025,1,Experienced
40250,Taylor Pendrith,28,30.0,30.0,1,50435.0,0.5,2024,2,Rookie
40250,Taylor Pendrith,34,17.0,5.0,2,784836.36,0.6666666666666666,2025,1,Familiar
40250,Taylor Pendrith,35,40.0,13.0,3,489972.23,0.75,2025,1,Experienced
40250,Taylor Pendrith,37,37.666666666666664,21.0,3,189900.0,1.0,2025,1,Experienced
40250,Taylor Pendrith,38,42.0,42.0,1,64142.86,0.5,2025,1,Rookie
40250,Taylor Pendrith,40,29.333333333333332,2.0,3,814968.0,1.0,2024,2,Experienced
40250,Taylor Pendrith,41,20.5,15.0,2,183375.0,0.6666666666666666,2023,3,Familiar
40250,Taylor Pendrith,43,39.0,39.0,1,28350.0,1.0,2022,4,Rookie
40250,Taylor Pendrith,44,13.0,13.0,1,410000.0,1.0,2025,1,Rookie
40250,Taylor Pendrith,46,25.5,3.0,4,669702.78,1.0,2024,2,Experienced
40250,Taylor Pendrith,48,27.5,10.0,2,233956.75,0.6666666666666666,2025,1,Familiar
40250,Taylor Pendrith,49,20.5,5.0,2,377479.31,1.0,2025,1,Familiar
40250,Taylor Pendrith,50,14.0,14.0,1,0.0,1.0,2024,2,Rookie
40250,Taylor Pendrith,51,24.0,23.0,2,338000.0,0.6666666666666666,2025,1,Familiar
40250,Taylor Pendrith,52,65.0,65.0,1,40500.0,1.0,2025,1,Rookie
40250,Taylor Pendrith,53,27.0,16.0,2,389826.0,0.6666666666666666,2025,1,Familiar
40250,Taylor Pendrith,54,23.0,23.0,1,101797.0,1.0,2021,5,Rookie
40250,Taylor Pendrith,55,38.0,38.0,1,90608.0,1.0,2021,5,Rookie
40250,Taylor Pendrith,56,,,0,0.0,0.0,2024,2,Rookie
40250,Taylor Pendrith,57,,,0,0.0,0.0,2024,2,Rookie
40250,Taylor Pendrith,60,10.0,10.0,1,501000.0,0.5,2024,2,Rookie
40250,Taylor Pendrith,61,57.0,57.0,1,45600.0,1.0,2023,3,Rookie
40250,Taylor Pendrith,62,13.0,13.0,1,123187.5,0.5,2023,3,Rookie
45157,Cam Davis,0,18.25,10.0,4,444031.5,0.8,2025,1,Experienced
45157,Cam Davis,1,10.5,3.0,2,587700.0,0.6666666666666666,2025,1,Familiar
45157,Cam Davis,2,18.0,18.0,1,289000.0,0.2,2025,1,Rookie
45157,Cam Davis,4,13.0,5.0,3,1111583.33,1.0,2025,1,Experienced
45157,Cam Davis,8,27.25,5.0,4,958250.0,1.0,2024,2,Experienced
45157,Cam Davis,10,36.0,7.0,3,289714.0,0.6,2025,1,Experienced
45157,Cam Davis,12,64.0,64.0,1,18037.5,1.0,2022,4,Rookie
45157,Cam Davis,13,60.0,60.0,1,21978.0,1.0,2025,1,Rookie
45157,Cam Davis,14,13.0,13.0,1,189756.0,1.0,2023,3,Rookie
45157,Cam Davis,16,44.0,32.0,2,61977.0,0.6666666666666666,2023,3,Familiar
45157,Cam Davis,17,27.25,6.0,4,970478.58,1.0,2025,1,Experienced
45157,Cam Davis,18,3.0,3.0,1,579600.0,0.5,2023,3,Rookie
45157,Cam Davis,19,46.666666666666664,43.0,3,112607.57,0.6,2025,1,Experienced
45157,Cam Davis,20,26.0,26.0,1,73350.0,0.5,2024,2,Rookie
45157,Cam Davis,21,,,0,0.0,0.0,2022,4,Rookie
45157,Cam Davis,22,33.0,33.0,1,39900.0,0.5,2023,3,Rookie
45157,Cam Davis,25,31.5,8.0,2,229221.0,1.0,2022,4,Familiar
45157,Cam Davis,26,,,0,0.0,0.0,2021,5,Rookie
45157,Cam Davis,27,51.5,50.0,2,79494.29000000001,0.5,2025,1,Familiar
45157,Cam Davis,31,31.0,31.0,1,48925.0,1.0,2021,5,Rookie
45157,Cam Davis,34,32.5,4.0,4,966988.0499999999,0.8,2025,1,Experienced
45157,Cam Davis,35,6.0,6.0,1,736607.14,0.2,2025,1,Rookie
45157,Cam Davis,38,19.4,3.0,5,1404080.9,1.0,2025,1,Veteran
45157,Cam Davis,39,,,0,0.0,0.0,2025,1,Rookie
45157,Cam Davis,40,8.25,1.0,4,3289100.0,1.0,2024,2,Experienced
45157,Cam Davis,41,,,0,0.0,0.0,2022,4,Rookie
45157,Cam Davis,42,36.0,36.0,1,29411.25,1.0,2021,5,Rookie
45157,Cam Davis,43,6.0,6.0,1,201300.0,0.5,2022,4,Rookie
45157,Cam Davis,44,32.5,13.0,2,464500.0,1.0,2025,1,Familiar
45157,Cam Davis,45,10.0,10.0,1,188000.0,1.0,2022,4,Rookie
45157,Cam Davis,46,23.666666666666668,7.0,3,321400.89,0.75,2024,2,Experienced
45157,Cam Davis,47,52.0,52.0,1,16674.0,1.0,2021,5,Rookie
45157,Cam Davis,48,30.0,27.0,4,178618.05,0.8,2025,1,Experienced
45157,Cam Davis,49,21.0,21.0,1,88725.0,1.0,2024,2,Rookie
45157,Cam Davis,51,48.5,33.0,4,221042.71,1.0,2025,1,Experienced
45157,Cam Davis,52,54.0,54.0,1,44750.0,1.0,2025,1,Rookie
45157,Cam Davis,53,64.0,64.0,1,42445.0,0.3333333333333333,2025,1,Rookie
45157,Cam Davis,55,64.0,64.0,1,42445.0,1.0,2021,5,Rookie
45157,Cam Davis,56,69.0,69.0,1,15631.0,0.5,2023,3,Rookie
45157,Cam Davis,57,,,0,0.0,0.0,2025,1,Rookie
45157,Cam Davis,58,68.0,68.0,1,14630.0,1.0,2021,5,Rookie
45157,Cam Davis,60,41.0,26.0,3,186375.91,0.75,2024,2,Experienced
45157,Cam Davis,61,,,0,0.0,0.0,2022,4,Rookie
45157,Cam Davis,62,25.5,7.0,2,247011.45,0.6666666666666666,2025,1,Familiar
45194,Marcus Armitage,20,,,0,0.0,0.0,2024,2,Rookie
45194,Marcus Armitage,24,40.0,40.0,1,16600.0,1.0,2025,1,Rookie
45242,Kevin Yu,0,55.0,37.0,2,50748.0,0.6666666666666666,2025,1,Familiar
45242,Kevin Yu,1,,,0,0.0,0.0,2025,1,Rookie
45242,Kevin Yu,4,43.0,7.0,3,348625.0,1.0,2025,1,Experienced
45242,Kevin Yu,5,15.0,15.0,1,97500.0,1.0,2025,1,Rookie
45242,Kevin Yu,10,61.0,61.0,1,20111.0,0.5,2025,1,Rookie
45242,Kevin Yu,13,29.0,29.0,1,66330.0,0.5,2025,1,Rookie
45242,Kevin Yu,15,9.0,9.0,1,210535.71,1.0,2024,2,Rookie
45242,Kevin Yu,16,25.0,6.0,2,329328.0,0.5,2025,1,Familiar
45242,Kevin Yu,17,32.0,32.0,1,111166.67,1.0,2025,1,Rookie
45242,Kevin Yu,18,,,0,0.0,0.0,2023,3,Rookie
45242,Kevin Yu,19,17.0,17.0,1,270714.29,0.5,2025,1,Rookie
45242,Kevin Yu,20,34.0,34.0,1,52950.0,0.3333333333333333,2025,1,Rookie
45242,Kevin Yu,25,15.666666666666666,6.0,3,416015.72,1.0,2025,1,Experienced
45242,Kevin Yu,29,45.0,45.0,1,24150.0,1.0,2025,1,Rookie
45242,Kevin Yu,30,4.0,4.0,1,147000.0,1.0,2024,2,Rookie
45242,Kevin Yu,32,4.0,4.0,1,196000.0,1.0,2025,1,Rookie
45242,Kevin Yu,34,50.0,50.0,1,40674.0,1.0,2025,1,Rookie
45242,Kevin Yu,35,,,0,0.0,0.0,2025,1,Rookie
45242,Kevin Yu,37,22.5,3.0,2,706186.0,1.0,2025,1,Familiar
45242,Kevin Yu,40,31.0,31.0,1,48583.08,0.5,2024,2,Rookie
45242,Kevin Yu,41,32.5,11.0,2,202930.0,0.5,2024,2,Familiar
45242,Kevin Yu,43,10.333333333333334,1.0,3,1604591.0,0.75,2025,1,Experienced
45242,Kevin Yu,44,44.0,44.0,1,69000.0,1.0,2025,1,Rookie
45242,Kevin Yu,46,32.0,27.0,2,83400.89,0.5,2024,2,Familiar
45242,Kevin Yu,48,21.0,21.0,1,77025.0,0.5,2024,2,Rookie
45242,Kevin Yu,49,18.0,18.0,1,108986.11,1.0,2025,1,Rookie
45242,Kevin Yu,51,37.0,25.0,2,206033.33000000002,1.0,2025,1,Familiar
45242,Kevin Yu,54,,,0,0.0,0.0,2021,5,Rookie
45242,Kevin Yu,56,39.0,39.0,1,37260.0,1.0,2024,2,Rookie
45242,Kevin Yu,57,12.0,12.0,1,178350.0,0.3333333333333333,2025,1,Rookie
45242,Kevin Yu,61,16.0,16.0,1,140300.0,0.5,2025,1,Rookie
45242,Kevin Yu,62,,,0,0.0,0.0,2025,1,Rookie
45242,Kevin Yu,63,16.0,16.0,1,121210.0,1.0,2024,2,Rookie
45396,Tomoyasu Sugiyama,53,,,0,0.0,0.0,2022,4,Rookie
45426,Nathan Kimsey,6,2.0,2.0,1,414200.0,1.0,2023,3,Rookie
45477,Manu Gandas,6,,,0,0.0,0.0,2023,3,Rookie
45478,Julian Suri,6,,,0,0.0,0.0,2022,4,Rookie
45486,Joaquin Niemann,3,25.0,25.0,1,68445.0,1.0,2022,4,Rookie
45486,Joaquin Niemann,8,18.5,8.0,2,481750.0,1.0,2022,4,Familiar
45486,Joaquin Niemann,10,50.0,50.0,1,18325.0,1.0,2021,5,Rookie
45486,Joaquin Niemann,11,6.0,6.0,1,351000.0,1.0,2021,5,Rookie
45486,Joaquin Niemann,12,45.0,45.0,1,27007.5,1.0,2022,4,Rookie
45486,Joaquin Niemann,16,6.0,6.0,1,265020.0,1.0,2022,4,Rookie
45486,Joaquin Niemann,17,13.0,13.0,1,260892.85,1.0,2022,4,Rookie
45486,Joaquin Niemann,19,22.0,1.0,2,2188179.0,1.0,2022,4,Familiar
45486,Joaquin Niemann,21,,,0,0.0,0.0,2022,4,Rookie
45486,Joaquin Niemann,22,25.0,25.0,1,54950.0,0.5,2022,4,Rookie
45486,Joaquin Niemann,26,,,0,0.0,0.0,2021,5,Rookie
45486,Joaquin Niemann,27,3.0,3.0,1,708000.0,1.0,2022,4,Rookie
45486,Joaquin Niemann,31,47.0,47.0,1,24330.56,1.0,2021,5,Rookie
45486,Joaquin Niemann,34,25.0,8.0,4,711146.47,0.8,2025,1,Experienced
45486,Joaquin Niemann,35,25.5,22.0,2,297125.0,1.0,2022,4,Familiar
45486,Joaquin Niemann,38,12.0,12.0,1,140666.66,1.0,2022,4,Rookie
45486,Joaquin Niemann,40,2.0,2.0,1,667500.0,1.0,2021,5,Rookie
45486,Joaquin Niemann,41,44.0,44.0,1,21450.0,0.5,2022,4,Rookie
45486,Joaquin Niemann,45,2.0,2.0,1,782000.0,1.0,2021,5,Rookie
45486,Joaquin Niemann,46,40.0,40.0,1,28350.0,1.0,2022,4,Rookie
45486,Joaquin Niemann,47,13.0,13.0,1,125416.67,1.0,2021,5,Rookie
45486,Joaquin Niemann,48,2.0,2.0,1,587400.0,1.0,2021,5,Rookie
45486,Joaquin Niemann,50,20.0,11.0,2,0.0,1.0,2022,4,Familiar
45486,Joaquin Niemann,51,36.0,36.0,1,30743.64,0.5,2022,4,Rookie
45486,Joaquin Niemann,53,39.5,32.0,2,158673.0,0.6666666666666666,2025,1,Familiar
45486,Joaquin Niemann,54,23.0,23.0,1,101797.0,1.0,2021,5,Rookie
45486,Joaquin Niemann,55,,,0,0.0,0.0,2021,5,Rookie
45486,Joaquin Niemann,57,8.0,8.0,1,201825.0,1.0,2021,5,Rookie
45486,Joaquin Niemann,60,18.0,18.0,1,96390.0,1.0,2021,5,Rookie
45486,Joaquin Niemann,64,17.0,17.0,1,95857.78,1.0,2021,5,Rookie
45522,Christiaan Bezuidenhout,0,20.0,20.0,1,95508.0,0.5,2025,1,Rookie
45522,Christiaan Bezuidenhout,1,25.5,11.0,2,198613.78,0.6666666666666666,2025,1,Familiar
45522,Christiaan Bezuidenhout,2,22.5,7.0,4,778608.3300000001,0.8,2025,1,Experienced
45522,Christiaan Bezuidenhout,3,17.5,12.0,2,273921.43,1.0,2023,3,Familiar
45522,Christiaan Bezuidenhout,4,24.666666666666668,14.0,3,439833.33999999997,1.0,2025,1,Experienced
45522,Christiaan Bezuidenhout,5,42.0,42.0,1,21300.0,1.0,2025,1,Rookie
45522,Christiaan Bezuidenhout,8,22.5,12.0,2,434666.67,1.0,2024,2,Familiar
45522,Christiaan Bezuidenhout,10,17.25,15.0,4,475583.75,1.0,2025,1,Experienced
45522,Christiaan Bezuidenhout,14,65.0,65.0,1,19425.0,1.0,2023,3,Rookie
45522,Christiaan Bezuidenhout,15,42.0,42.0,1,33580.0,0.5,2025,1,Rookie
45522,Christiaan Bezuidenhout,16,46.0,46.0,1,22008.0,0.5,2024,2,Rookie
45522,Christiaan Bezuidenhout,17,43.0,22.0,2,207750.0,1.0,2024,2,Familiar
45522,Christiaan Bezuidenhout,18,,,0,0.0,0.0,2023,3,Rookie
45522,Christiaan Bezuidenhout,19,40.333333333333336,24.0,3,292257.14,0.75,2025,1,Experienced
45522,Christiaan Bezuidenhout,20,13.0,13.0,1,153450.0,0.3333333333333333,2025,1,Rookie
45522,Christiaan Bezuidenhout,21,,,0,0.0,0.0,2022,4,Rookie
45522,Christiaan Bezuidenhout,22,33.5,25.0,2,90988.0,1.0,2023,3,Familiar
45522,Christiaan Bezuidenhout,25,2.0,2.0,1,631900.0,0.3333333333333333,2025,1,Rookie
45522,Christiaan Bezuidenhout,26,37.0,37.0,1,42315.0,1.0,2021,5,Rookie
45522,Christiaan Bezuidenhout,27,21.0,4.0,2,1091000.0,0.6666666666666666,2025,1,Familiar
45522,Christiaan Bezuidenhout,34,40.0,30.0,2,100424.0,0.4,2025,1,Familiar
45522,Christiaan Bezuidenhout,35,22.333333333333332,13.0,3,990749.99,0.75,2025,1,Experienced
45522,Christiaan Bezuidenhout,38,30.5,19.0,4,475509.52,1.0,2025,1,Experienced
45522,Christiaan Bezuidenhout,40,56.0,56.0,1,19888.0,1.0,2023,3,Rookie
45522,Christiaan Bezuidenhout,43,17.0,6.0,3,511245.0,1.0,2025,1,Experienced
45522,Christiaan Bezuidenhout,44,40.0,40.0,1,81000.0,1.0,2025,1,Rookie
45522,Christiaan Bezuidenhout,46,38.0,20.0,2,100736.0,1.0,2023,3,Familiar
45522,Christiaan Bezuidenhout,48,17.0,17.0,1,114375.0,0.5,2023,3,Rookie
45522,Christiaan Bezuidenhout,50,29.0,29.0,1,0.0,1.0,2024,2,Rookie
45522,Christiaan Bezuidenhout,51,34.0,23.0,2,237785.71,0.5,2025,1,Familiar
45522,Christiaan Bezuidenhout,52,42.0,42.0,1,70000.0,1.0,2025,1,Rookie
45522,Christiaan Bezuidenhout,53,22.0,12.0,2,460635.0,1.0,2025,1,Familiar
45522,Christiaan Bezuidenhout,54,55.0,55.0,1,27461.0,1.0,2021,5,Rookie
45522,Christiaan Bezuidenhout,55,12.0,12.0,1,349741.0,1.0,2021,5,Rookie
45522,Christiaan Bezuidenhout,56,26.5,25.0,2,123656.67,1.0,2024,2,Familiar
45522,Christiaan Bezuidenhout,57,35.5,9.0,2,254304.0,0.6666666666666666,2025,1,Familiar
45522,Christiaan Bezuidenhout,60,16.0,16.0,1,301000.0,1.0,2024,2,Rookie
45522,Christiaan Bezuidenhout,61,16.0,4.0,2,467000.0,0.6666666666666666,2025,1,Familiar
45522,Christiaan Bezuidenhout,62,45.5,22.0,4,134895.90000000002,1.0,2025,1,Experienced
45523,Thriston Lawrence,0,,,0,0.0,0.0,2025,1,Rookie
45523,Thriston Lawrence,2,,,0,0.0,0.0,2023,3,Rookie
45523,Thriston Lawrence,15,,,0,0.0,0.0,2025,1,Rookie
45523,Thriston Lawrence,16,,,0,0.0,0.0,2025,1,Rookie
45523,Thriston Lawrence,20,,,0,0.0,0.0,2025,1,Rookie
45523,Thriston Lawrence,25,44.0,44.0,1,24964.8,1.0,2025,1,Rookie
45523,Thriston Lawrence,27,,,0,0.0,0.0,2023,3,Rookie
45523,Thriston Lawrence,29,59.0,59.0,1,15960.0,1.0,2025,1,Rookie
45523,Thriston Lawrence,30,36.0,36.0,1,20350.0,1.0,2024,2,Rookie
45523,Thriston Lawrence,32,,,0,0.0,0.0,2025,1,Rookie
45523,Thriston Lawrence,34,62.0,62.0,1,31500.0,0.3333333333333333,2025,1,Rookie
45523,Thriston Lawrence,39,8.0,8.0,1,261600.0,1.0,2025,1,Rookie
45523,Thriston Lawrence,43,48.0,48.0,1,15214.29,1.0,2025,1,Rookie
45523,Thriston Lawrence,49,,,0,0.0,0.0,2025,1,Rookie
45523,Thriston Lawrence,53,12.0,12.0,1,349741.0,0.5,2025,1,Rookie
45523,Thriston Lawrence,55,12.0,12.0,1,349741.0,1.0,2021,5,Rookie
45523,Thriston Lawrence,56,,,0,0.0,0.0,2025,1,Rookie
45523,Thriston Lawrence,57,,,0,0.0,0.0,2025,1,Rookie
45523,Thriston Lawrence,61,,,0,0.0,0.0,2025,1,Rookie
45523,Thriston Lawrence,62,,,0,0.0,0.0,2025,1,Rookie
45526,Abraham Ancer,1,22.5,5.0,2,274913.78,1.0,2022,4,Familiar
45526,Abraham Ancer,8,9.0,9.0,1,256500.0,1.0,2021,5,Rookie
45526,Abraham Ancer,10,14.0,14.0,1,125625.0,0.5,2022,4,Rookie
45526,Abraham Ancer,11,28.0,28.0,1,57135.0,1.0,2021,5,Rookie
45526,Abraham Ancer,12,14.0,14.0,1,169065.0,1.0,2022,4,Rookie
45526,Abraham Ancer,19,39.0,39.0,1,45000.0,0.5,2022,4,Rookie
45526,Abraham Ancer,27,32.0,32.0,1,68520.0,1.0,2022,4,Rookie
45526,Abraham Ancer,28,42.0,42.0,1,23287.0,1.0,2022,4,Rookie
45526,Abraham Ancer,31,64.0,64.0,1,20140.0,1.0,2021,5,Rookie
45526,Abraham Ancer,34,8.5,8.0,2,620812.5,0.6666666666666666,2023,3,Familiar
45526,Abraham Ancer,35,27.5,22.0,2,236075.4,1.0,2022,4,Familiar
45526,Abraham Ancer,38,18.0,18.0,1,87583.57,1.0,2021,5,Rookie
45526,Abraham Ancer,45,26.0,17.0,2,195500.0,1.0,2022,4,Familiar
45526,Abraham Ancer,46,,,0,0.0,0.0,2022,4,Rookie
45526,Abraham Ancer,47,4.0,4.0,1,343000.0,1.0,2021,5,Rookie
45526,Abraham Ancer,48,,,0,0.0,0.0,2022,4,Rookie
45526,Abraham Ancer,50,9.0,9.0,1,0.0,1.0,2021,5,Rookie
45526,Abraham Ancer,51,4.0,4.0,1,362600.0,1.0,2021,5,Rookie
45526,Abraham Ancer,53,54.0,54.0,1,45271.0,1.0,2023,3,Rookie
45526,Abraham Ancer,54,56.0,56.0,1,27073.0,1.0,2021,5,Rookie
45526,Abraham Ancer,56,23.0,23.0,1,65285.0,1.0,2021,5,Rookie
45526,Abraham Ancer,57,5.0,5.0,1,282900.0,0.5,2022,4,Rookie
45526,Abraham Ancer,60,29.0,2.0,2,903690.0,1.0,2022,4,Familiar
45526,Abraham Ancer,61,43.0,43.0,1,26704.66,1.0,2022,4,Rookie
45526,Abraham Ancer,64,35.0,35.0,1,36680.0,1.0,2021,5,Rookie
45527,Kevin Aylwin,57,,,0,0.0,0.0,2024,2,Rookie
45535,Michael Hebert,41,,,0,0.0,0.0,2021,5,Rookie
45540,Jared Wolfe,0,54.0,54.0,1,17550.0,1.0,2022,4,Rookie
45540,Jared Wolfe,1,33.0,33.0,1,39682.86,1.0,2022,4,Rookie
45540,Jared Wolfe,3,51.0,51.0,1,21635.25,1.0,2022,4,Rookie
45540,Jared Wolfe,4,,,0,0.0,0.0,2022,4,Rookie
45540,Jared Wolfe,6,,,0,0.0,0.0,2022,4,Rookie
45540,Jared Wolfe,16,,,0,0.0,0.0,2022,4,Rookie
45540,Jared Wolfe,18,,,0,0.0,0.0,2022,4,Rookie
45540,Jared Wolfe,21,,,0,0.0,0.0,2022,4,Rookie
45540,Jared Wolfe,22,,,0,0.0,0.0,2022,4,Rookie
45540,Jared Wolfe,25,,,0,0.0,0.0,2022,4,Rookie
45540,Jared Wolfe,28,,,0,0.0,0.0,2022,4,Rookie
45540,Jared Wolfe,40,,,0,0.0,0.0,2022,4,Rookie
45540,Jared Wolfe,41,63.0,63.0,1,15552.0,1.0,2022,4,Rookie
45540,Jared Wolfe,43,,,0,0.0,0.0,2022,4,Rookie
45540,Jared Wolfe,46,,,0,0.0,0.0,2022,4,Rookie
45540,Jared Wolfe,48,,,0,0.0,0.0,2022,4,Rookie
45540,Jared Wolfe,51,,,0,0.0,0.0,2022,4,Rookie
45540,Jared Wolfe,56,29.0,29.0,1,55111.67,1.0,2022,4,Rookie
45540,Jared Wolfe,60,,,0,0.0,0.0,2022,4,Rookie
45540,Jared Wolfe,62,75.0,75.0,1,14235.0,1.0,2022,4,Rookie
45582,Jared Sawada,46,,,0,0.0,0.0,2023,3,Rookie
45582,Jared Sawada,48,,,0,0.0,0.0,2022,4,Rookie
45609,Tyler Duncan,0,39.333333333333336,20.0,3,124109.57,0.75,2024,2,Experienced
45609,Tyler Duncan,1,48.5,41.0,2,42334.45,0.6666666666666666,2023,3,Familiar
45609,Tyler Duncan,2,57.0,57.0,1,21018.0,1.0,2021,5,Rookie
45609,Tyler Duncan,3,59.0,59.0,1,20202.0,0.3333333333333333,2023,3,Rookie
45609,Tyler Duncan,4,49.0,49.0,1,21088.8,0.5,2022,4,Rookie
45609,Tyler Duncan,6,13.0,13.0,1,64353.57,0.3333333333333333,2023,3,Rookie
45609,Tyler Duncan,7,25.0,25.0,1,52912.5,1.0,2024,2,Rookie
45609,Tyler Duncan,9,,,0,0.0,0.0,2023,3,Rookie
45609,Tyler Duncan,10,35.5,15.0,2,153139.0,0.6666666666666666,2024,2,Familiar
45609,Tyler Duncan,11,28.0,28.0,1,57135.0,1.0,2021,5,Rookie
45609,Tyler Duncan,15,,,0,0.0,0.0,2024,2,Rookie
45609,Tyler Duncan,16,,,0,0.0,0.0,2024,2,Rookie
45609,Tyler Duncan,17,31.0,31.0,1,78886.36,1.0,2022,4,Rookie
45609,Tyler Duncan,18,,,0,0.0,0.0,2023,3,Rookie
45609,Tyler Duncan,19,35.5,33.0,2,144883.58000000002,1.0,2023,3,Familiar
45609,Tyler Duncan,21,29.0,29.0,1,48062.5,1.0,2022,4,Rookie
45609,Tyler Duncan,22,3.0,3.0,1,579600.0,0.5,2023,3,Rookie
45609,Tyler Duncan,24,,,0,0.0,0.0,2025,1,Rookie
45609,Tyler Duncan,25,61.0,61.0,1,16724.0,0.25,2024,2,Rookie
45609,Tyler Duncan,26,,,0,0.0,0.0,2021,5,Rookie
45609,Tyler Duncan,28,,,0,0.0,0.0,2024,2,Rookie
45609,Tyler Duncan,32,,,0,0.0,0.0,2025,1,Rookie
45609,Tyler Duncan,33,60.0,60.0,1,16279.0,1.0,2021,5,Rookie
45609,Tyler Duncan,35,59.0,54.0,2,111500.0,0.6666666666666666,2024,2,Familiar
45609,Tyler Duncan,36,,,0,0.0,0.0,2024,2,Rookie
45609,Tyler Duncan,37,24.0,24.0,1,83190.0,0.3333333333333333,2024,2,Rookie
45609,Tyler Duncan,38,12.0,12.0,1,140666.67,0.3333333333333333,2023,3,Rookie
45609,Tyler Duncan,40,47.666666666666664,44.0,3,68009.4,0.75,2024,2,Experienced
45609,Tyler Duncan,41,3.0,3.0,1,495600.0,0.16666666666666666,2025,1,Rookie
45609,Tyler Duncan,42,,,0,0.0,0.0,2021,5,Rookie
45609,Tyler Duncan,43,15.0,14.0,2,236946.66999999998,0.5,2024,2,Familiar
45609,Tyler Duncan,46,50.333333333333336,18.0,3,143220.0,1.0,2024,2,Experienced
45609,Tyler Duncan,47,,,0,0.0,0.0,2021,5,Rookie
45609,Tyler Duncan,48,65.0,65.0,1,17845.0,0.3333333333333333,2024,2,Rookie
45609,Tyler Duncan,51,50.0,46.0,2,40772.72,0.6666666666666666,2023,3,Familiar
45609,Tyler Duncan,54,34.0,34.0,1,64024.0,1.0,2021,5,Rookie
45609,Tyler Duncan,56,51.0,44.0,3,64132.6,0.75,2024,2,Experienced
45609,Tyler Duncan,57,32.0,25.0,2,91785.0,0.5,2024,2,Familiar
45609,Tyler Duncan,58,,,0,0.0,0.0,2021,5,Rookie
45609,Tyler Duncan,59,,,0,0.0,0.0,2021,5,Rookie
45609,Tyler Duncan,60,,,0,0.0,0.0,2023,3,Rookie
45609,Tyler Duncan,61,53.0,53.0,1,20529.15,0.3333333333333333,2024,2,Rookie
45609,Tyler Duncan,62,47.5,38.0,2,46196.0,0.5,2024,2,Familiar
45609,Tyler Duncan,64,28.0,28.0,1,50137.15,1.0,2021,5,Rookie
45618,Evan Beck,53,,,0,0.0,0.0,2025,1,Rookie
45618,Evan Beck,55,,,0,0.0,0.0,2021,5,Rookie
45702,Rodolfo Cazaubon,21,,,0,0.0,0.0,2022,4,Rookie
45702,Rodolfo Cazaubon,28,,,0,0.0,0.0,2024,2,Rookie
45729,Drew Nesbitt,37,,,0,0.0,0.0,2023,3,Rookie
45729,Drew Nesbitt,60,,,0,0.0,0.0,2022,4,Rookie
45733,Austen Truslow,48,,,0,0.0,0.0,2023,3,Rookie
45733,Austen Truslow,53,,,0,0.0,0.0,2025,1,Rookie
45733,Austen Truslow,55,,,0,0.0,0.0,2021,5,Rookie
45733,Austen Truslow,56,,,0,0.0,0.0,2023,3,Rookie
45734,John Catlin,3,,,0,0.0,0.0,2021,5,Rookie
45734,John Catlin,6,,,0,0.0,0.0,2023,3,Rookie
45734,John Catlin,34,,,0,0.0,0.0,2025,1,Rookie
45779,Brett Webster,37,,,0,0.0,0.0,2025,1,Rookie
45836,Richard Bland,10,,,0,0.0,0.0,2022,4,Rookie
45836,Richard Bland,34,37.0,37.0,1,75422.5,0.5,2025,1,Rookie
45836,Richard Bland,53,43.0,43.0,1,59332.0,0.5,2025,1,Rookie
45836,Richard Bland,55,,,0,0.0,0.0,2021,5,Rookie
45836,Richard Bland,56,29.0,29.0,1,55111.66,1.0,2022,4,Rookie
45847,JC Ritchie,6,24.0,24.0,1,32585.0,1.0,2023,3,Rookie
45847,JC Ritchie,54,,,0,0.0,0.0,2021,5,Rookie
45860,Case Cochran,6,,,0,0.0,0.0,2021,5,Rookie
45924,Brant Peaper,33,,,0,0.0,0.0,2021,5,Rookie
46033,Daniel Gavins,20,,,0,0.0,0.0,2024,2,Rookie
46035,Callum Shinkwin,20,,,0,0.0,0.0,2024,2,Rookie
46035,Callum Shinkwin,24,64.0,64.0,1,8680.0,1.0,2025,1,Rookie
46035,Callum Shinkwin,34,,,0,0.0,0.0,2023,3,Rookie
46046,Scottie Scheffler,1,18.0,11.0,2,227555.0,0.6666666666666666,2023,3,Familiar
46046,Scottie Scheffler,2,4.25,1.0,4,7411250.0,1.0,2025,1,Experienced
46046,Scottie Scheffler,3,22.333333333333332,5.0,3,533983.75,1.0,2023,3,Experienced
46046,Scottie Scheffler,4,7.5,6.0,2,1177500.0,1.0,2025,1,Familiar
46046,Scottie Scheffler,8,12.2,1.0,5,6444666.67,1.0,2025,1,Veteran
46046,Scottie Scheffler,9,9.0,9.0,1,196500.0,1.0,2023,3,Rookie
46046,Scottie Scheffler,10,2.75,2.0,4,2666300.0,0.8,2025,1,Experienced
46046,Scottie Scheffler,11,52.0,52.0,1,20168.57,1.0,2021,5,Rookie
46046,Scottie Scheffler,12,38.0,38.0,1,37635.0,1.0,2022,4,Rookie
46046,Scottie Scheffler,13,1.0,1.0,1,1782000.0,1.0,2025,1,Rookie
46046,Scottie Scheffler,14,45.0,45.0,1,29085.0,1.0,2023,3,Rookie
46046,Scottie Scheffler,16,20.0,20.0,1,95508.0,0.5,2022,4,Rookie
46046,Scottie Scheffler,17,12.666666666666666,3.0,3,2236000.0,0.75,2025,1,Experienced
46046,Scottie Scheffler,19,10.4,3.0,5,2591835.0,1.0,2025,1,Veteran
46046,Scottie Scheffler,20,5.5,3.0,2,701850.0,1.0,2025,1,Familiar
46046,Scottie Scheffler,21,2.0,2.0,1,667500.0,1.0,2022,4,Rookie
46046,Scottie Scheffler,26,3.0,3.0,1,641700.0,1.0,2021,5,Rookie
46046,Scottie Scheffler,27,1.6666666666666667,1.0,3,9380000.0,1.0,2025,1,Experienced
46046,Scottie Scheffler,31,43.0,43.0,1,32775.0,1.0,2021,5,Rookie
46046,Scottie Scheffler,34,4.75,1.0,4,5744417.5,0.8,2025,1,Experienced
46046,Scottie Scheffler,35,19.25,1.0,4,9286450.0,0.8,2025,1,Experienced
46046,Scottie Scheffler,36,1.0,1.0,1,1080000.0,1.0,2025,1,Rookie
46046,Scottie Scheffler,37,18.0,18.0,1,123975.0,1.0,2022,4,Rookie
46046,Scottie Scheffler,38,6.666666666666667,1.0,3,4625000.0,1.0,2025,1,Experienced
46046,Scottie Scheffler,41,57.0,57.0,1,16416.0,1.0,2022,4,Rookie
46046,Scottie Scheffler,43,37.0,37.0,1,28710.0,1.0,2021,5,Rookie
46046,Scottie Scheffler,44,5.0,5.0,1,690500.0,1.0,2024,2,Rookie
46046,Scottie Scheffler,45,10.0,7.0,2,494000.0,1.0,2023,3,Familiar
46046,Scottie Scheffler,46,,,0,0.0,0.0,2022,4,Rookie
46046,Scottie Scheffler,47,,,0,0.0,0.0,2021,5,Rookie
46046,Scottie Scheffler,49,2.0,2.0,2,1399235.0,1.0,2025,1,Familiar
46046,Scottie Scheffler,50,7.0,1.0,5,2616666.67,1.0,2025,1,Veteran
46046,Scottie Scheffler,51,14.2,1.0,5,5315819.1,1.0,2025,1,Veteran
46046,Scottie Scheffler,53,13.25,2.0,4,3659208.0,1.0,2025,1,Experienced
46046,Scottie Scheffler,55,7.0,7.0,1,615786.0,1.0,2021,5,Rookie
46046,Scottie Scheffler,56,54.0,54.0,1,17941.0,1.0,2021,5,Rookie
46046,Scottie Scheffler,57,29.0,29.0,1,40572.0,1.0,2021,5,Rookie
46046,Scottie Scheffler,58,32.0,32.0,1,39083.33,1.0,2021,5,Rookie
46046,Scottie Scheffler,59,7.0,7.0,1,229341.66,1.0,2021,5,Rookie
46046,Scottie Scheffler,61,7.5,1.0,4,5664397.14,1.0,2025,1,Experienced
46046,Scottie Scheffler,64,17.0,17.0,1,95857.77,1.0,2021,5,Rookie
46103,Daniel Kim,37,,,0,0.0,0.0,2023,3,Rookie
46113,Ryan McCormick,0,,,0,0.0,0.0,2024,2,Rookie
46113,Ryan McCormick,7,,,0,0.0,0.0,2024,2,Rookie
46113,Ryan McCormick,13,41.0,41.0,1,33725.0,1.0,2024,2,Rookie
46113,Ryan McCormick,16,,,0,0.0,0.0,2024,2,Rookie
46113,Ryan McCormick,24,31.0,31.0,1,23400.0,1.0,2024,2,Rookie
46113,Ryan McCormick,25,,,0,0.0,0.0,2024,2,Rookie
46113,Ryan McCormick,28,38.0,38.0,1,32805.0,1.0,2024,2,Rookie
46113,Ryan McCormick,30,4.0,4.0,1,147000.0,1.0,2024,2,Rookie
46113,Ryan McCormick,36,,,0,0.0,0.0,2024,2,Rookie
46113,Ryan McCormick,37,,,0,0.0,0.0,2024,2,Rookie
46113,Ryan McCormick,40,31.0,31.0,1,48583.08,1.0,2024,2,Rookie
46113,Ryan McCormick,41,,,0,0.0,0.0,2024,2,Rookie
46113,Ryan McCormick,43,,,0,0.0,0.0,2024,2,Rookie
46113,Ryan McCormick,46,16.0,16.0,1,103250.0,1.0,2024,2,Rookie
46113,Ryan McCormick,49,,,0,0.0,0.0,2024,2,Rookie
46113,Ryan McCormick,53,50.0,50.0,1,48207.0,1.0,2025,1,Rookie
46113,Ryan McCormick,55,50.0,50.0,1,48207.0,1.0,2021,5,Rookie
46113,Ryan McCormick,56,82.0,82.0,1,16652.0,1.0,2024,2,Rookie
46113,Ryan McCormick,57,,,0,0.0,0.0,2024,2,Rookie
46113,Ryan McCormick,62,,,0,0.0,0.0,2024,2,Rookie
46125,Eric Steger,34,,,0,0.0,0.0,2025,1,Rookie
46238,Thomas Campbell,0,,,0,0.0,0.0,2025,1,Rookie
46270,Takashi Ogiso,63,74.0,74.0,1,14280.0,1.0,2024,2,Rookie
46340,Alex Smalley,0,28.0,12.0,2,175992.43,1.0,2025,1,Familiar
46340,Alex Smalley,1,19.333333333333332,11.0,3,358555.0,1.0,2025,1,Experienced
46340,Alex Smalley,2,38.0,38.0,1,53400.0,0.5,2023,3,Rookie
46340,Alex Smalley,4,70.0,65.0,2,52240.0,0.6666666666666666,2024,2,Familiar
46340,Alex Smalley,5,,,0,0.0,0.0,2025,1,Rookie
46340,Alex Smalley,7,25.0,25.0,1,52912.5,1.0,2024,2,Rookie
46340,Alex Smalley,8,44.0,44.0,1,48000.0,1.0,2022,4,Rookie
46340,Alex Smalley,9,4.0,4.0,1,353500.0,1.0,2023,3,Rookie
46340,Alex Smalley,10,33.5,27.0,2,88087.5,0.5,2025,1,Familiar
46340,Alex Smalley,13,26.0,13.0,2,205327.14,1.0,2025,1,Familiar
46340,Alex Smalley,14,52.0,52.0,1,21840.0,1.0,2023,3,Rookie
46340,Alex Smalley,15,18.0,18.0,1,117606.67,0.5,2025,1,Rookie
46340,Alex Smalley,16,46.5,37.0,2,56997.0,0.5,2025,1,Familiar
46340,Alex Smalley,17,65.0,65.0,1,42000.0,0.5,2023,3,Rookie
46340,Alex Smalley,18,43.0,43.0,1,24760.0,0.5,2023,3,Rookie
46340,Alex Smalley,19,72.0,72.0,1,24120.0,0.3333333333333333,2024,2,Rookie
46340,Alex Smalley,20,34.0,34.0,1,52950.0,0.5,2025,1,Rookie
46340,Alex Smalley,21,15.0,15.0,1,125625.0,1.0,2022,4,Rookie
46340,Alex Smalley,22,55.0,55.0,1,18160.0,1.0,2022,4,Rookie
46340,Alex Smalley,24,37.0,37.0,1,17400.0,1.0,2024,2,Rookie
46340,Alex Smalley,25,21.666666666666668,2.0,3,773741.83,0.6,2025,1,Experienced
46340,Alex Smalley,27,,,0,0.0,0.0,2023,3,Rookie
46340,Alex Smalley,28,6.0,6.0,1,238162.5,0.3333333333333333,2024,2,Rookie
46340,Alex Smalley,29,10.0,10.0,1,176750.0,1.0,2025,1,Rookie
46340,Alex Smalley,30,20.0,20.0,1,43800.0,1.0,2024,2,Rookie
46340,Alex Smalley,32,5.0,5.0,1,154500.0,1.0,2025,1,Rookie
46340,Alex Smalley,34,25.5,23.0,2,280820.0,0.6666666666666666,2025,1,Familiar
46340,Alex Smalley,35,39.5,14.0,2,472000.0,0.6666666666666666,2025,1,Familiar
46340,Alex Smalley,36,,,0,0.0,0.0,2025,1,Rookie
46340,Alex Smalley,37,19.666666666666668,13.0,3,340490.0,1.0,2025,1,Experienced
46340,Alex Smalley,38,,,0,0.0,0.0,2023,3,Rookie
46340,Alex Smalley,39,,,0,0.0,0.0,2025,1,Rookie
46340,Alex Smalley,40,47.0,47.0,1,23707.2,0.3333333333333333,2024,2,Rookie
46340,Alex Smalley,41,37.0,5.0,3,317468.67,0.6,2025,1,Experienced
46340,Alex Smalley,43,17.333333333333332,5.0,3,445534.17,0.6,2025,1,Experienced
46340,Alex Smalley,46,57.666666666666664,47.0,3,51765.78,1.0,2024,2,Experienced
46340,Alex Smalley,48,16.0,16.0,1,132675.0,0.25,2025,1,Rookie
46340,Alex Smalley,49,,,0,0.0,0.0,2025,1,Rookie
46340,Alex Smalley,51,9.0,9.0,1,525000.0,0.5,2023,3,Rookie
46340,Alex Smalley,56,,,0,0.0,0.0,2025,1,Rookie
46340,Alex Smalley,57,27.0,27.0,1,53190.0,0.25,2025,1,Rookie
46340,Alex Smalley,60,18.0,18.0,1,285000.0,0.5,2023,3,Rookie
46340,Alex Smalley,61,21.0,21.0,1,100280.0,1.0,2025,1,Rookie
46340,Alex Smalley,62,21.0,13.0,2,164200.84,0.4,2025,1,Familiar
46368,Stuart Macdonald,28,24.0,24.0,1,61695.0,1.0,2024,2,Rookie
46368,Stuart Macdonald,37,57.0,57.0,1,20160.0,0.3333333333333333,2024,2,Rookie
46374,Tracy Phillips,34,,,0,0.0,0.0,2024,2,Rookie
46402,Talor Gooch,1,21.0,21.0,1,58625.0,0.5,2022,4,Rookie
46402,Talor Gooch,2,25.0,7.0,2,420287.0,1.0,2022,4,Familiar
46402,Talor Gooch,3,39.0,39.0,1,31185.0,0.5,2022,4,Rookie
46402,Talor Gooch,8,57.0,57.0,1,21280.0,1.0,2021,5,Rookie
46402,Talor Gooch,10,20.5,14.0,2,181957.5,1.0,2022,4,Familiar
46402,Talor Gooch,11,5.0,5.0,1,390000.0,1.0,2021,5,Rookie
46402,Talor Gooch,12,5.0,5.0,1,342468.75,1.0,2022,4,Rookie
46402,Talor Gooch,16,34.0,20.0,2,114963.0,1.0,2022,4,Familiar
46402,Talor Gooch,18,4.0,4.0,1,315000.0,1.0,2022,4,Rookie
46402,Talor Gooch,19,12.0,12.0,1,197625.0,0.5,2022,4,Rookie
46402,Talor Gooch,21,60.0,60.0,1,16875.0,1.0,2022,4,Rookie
46402,Talor Gooch,22,46.0,46.0,1,19070.0,1.0,2021,5,Rookie
46402,Talor Gooch,26,18.0,18.0,1,110670.0,1.0,2021,5,Rookie
46402,Talor Gooch,31,31.0,31.0,1,48925.0,1.0,2021,5,Rookie
46402,Talor Gooch,34,41.333333333333336,20.0,3,249566.66999999998,0.75,2024,2,Experienced
46402,Talor Gooch,35,5.0,5.0,1,579375.0,0.5,2022,4,Rookie
46402,Talor Gooch,41,1.0,1.0,1,1296000.0,0.5,2022,4,Rookie
46402,Talor Gooch,42,,,0,0.0,0.0,2021,5,Rookie
46402,Talor Gooch,43,37.0,37.0,1,28710.0,1.0,2021,5,Rookie
46402,Talor Gooch,45,15.0,15.0,1,132500.0,1.0,2022,4,Rookie
46402,Talor Gooch,46,11.0,11.0,1,162750.0,1.0,2022,4,Rookie
46402,Talor Gooch,47,,,0,0.0,0.0,2021,5,Rookie
46402,Talor Gooch,48,27.0,27.0,1,49250.0,0.5,2022,4,Rookie
46402,Talor Gooch,51,36.0,36.0,1,30743.64,1.0,2021,5,Rookie
46402,Talor Gooch,53,,,0,0.0,0.0,2022,4,Rookie
46402,Talor Gooch,57,,,0,0.0,0.0,2021,5,Rookie
46402,Talor Gooch,58,4.0,4.0,1,343000.0,1.0,2021,5,Rookie
46402,Talor Gooch,59,,,0,0.0,0.0,2021,5,Rookie
46402,Talor Gooch,60,26.0,26.0,1,53275.91,1.0,2021,5,Rookie
46402,Talor Gooch,61,26.0,26.0,1,58630.0,1.0,2022,4,Rookie
46402,Talor Gooch,62,,,0,0.0,0.0,2021,5,Rookie
46402,Talor Gooch,64,35.0,35.0,1,36680.0,1.0,2021,5,Rookie
46404,Marcus Kinhult,6,14.0,14.0,1,71250.0,1.0,2023,3,Rookie
46404,Marcus Kinhult,24,55.0,55.0,1,9360.0,0.5,2025,1,Rookie
46405,Sebastian Soderberg,20,38.0,34.0,2,89205.0,0.6666666666666666,2025,1,Familiar
46405,Sebastian Soderberg,34,68.0,68.0,1,23537.5,1.0,2024,2,Rookie
46405,Sebastian Soderberg,53,53.0,53.0,1,40630.0,1.0,2022,4,Rookie
46414,Aaron Rai,0,20.0,20.0,1,82178.57,1.0,2023,3,Rookie
46414,Aaron Rai,1,59.0,59.0,1,17024.0,0.5,2023,3,Rookie
46414,Aaron Rai,2,32.0,11.0,2,498200.0,0.6666666666666666,2025,1,Familiar
46414,Aaron Rai,3,46.0,46.0,1,25680.2,0.5,2023,3,Rookie
46414,Aaron Rai,4,52.5,40.0,2,84036.0,1.0,2025,1,Familiar
46414,Aaron Rai,8,43.0,43.0,1,86000.0,1.0,2024,2,Rookie
46414,Aaron Rai,9,7.0,7.0,1,273000.0,1.0,2023,3,Rookie
46414,Aaron Rai,10,37.333333333333336,12.0,3,247867.0,0.75,2025,1,Experienced
46414,Aaron Rai,13,4.0,4.0,1,380000.0,1.0,2024,2,Rookie
46414,Aaron Rai,16,30.333333333333332,6.0,3,336510.0,0.75,2025,1,Experienced
46414,Aaron Rai,17,34.5,16.0,4,602750.0,1.0,2025,1,Experienced
46414,Aaron Rai,18,,,0,0.0,0.0,2022,4,Rookie
46414,Aaron Rai,19,42.333333333333336,29.0,3,256660.0,1.0,2025,1,Experienced
46414,Aaron Rai,20,25.5,4.0,2,353385.0,0.6666666666666666,2025,1,Familiar
46414,Aaron Rai,21,19.0,19.0,1,85660.72,1.0,2022,4,Rookie
46414,Aaron Rai,22,66.0,66.0,1,16800.0,0.5,2023,3,Rookie
46414,Aaron Rai,25,7.0,7.0,1,252400.0,1.0,2024,2,Rookie
46414,Aaron Rai,27,26.0,26.0,1,89400.0,0.3333333333333333,2025,1,Rookie
46414,Aaron Rai,28,21.5,19.0,2,160504.0,0.6666666666666666,2024,2,Familiar
46414,Aaron Rai,29,4.0,4.0,1,315000.0,1.0,2025,1,Rookie
46414,Aaron Rai,34,29.0,19.0,2,260289.72,0.6666666666666666,2025,1,Familiar
46414,Aaron Rai,35,22.666666666666668,14.0,3,813035.71,1.0,2025,1,Experienced
46414,Aaron Rai,37,10.0,3.0,3,790265.0,1.0,2024,2,Experienced
46414,Aaron Rai,38,43.0,38.0,2,139650.0,1.0,2025,1,Familiar
46414,Aaron Rai,40,5.5,2.0,2,838600.0,1.0,2024,2,Familiar
46414,Aaron Rai,41,16.0,16.0,1,106200.0,0.5,2023,3,Rookie
46414,Aaron Rai,43,61.0,61.0,1,17222.0,0.5,2023,3,Rookie
46414,Aaron Rai,44,15.0,15.0,1,292000.0,1.0,2025,1,Rookie
46414,Aaron Rai,46,24.0,20.0,2,136580.0,0.6666666666666666,2023,3,Familiar
46414,Aaron Rai,48,59.0,57.0,2,35972.0,0.6666666666666666,2024,2,Familiar
46414,Aaron Rai,49,7.0,7.0,1,276412.5,0.5,2025,1,Rookie
46414,Aaron Rai,50,23.0,23.0,1,0.0,1.0,2024,2,Rookie
46414,Aaron Rai,51,27.0,17.0,3,455667.5,1.0,2025,1,Experienced
46414,Aaron Rai,52,23.0,23.0,1,167142.86,1.0,2025,1,Rookie
46414,Aaron Rai,53,26.0,19.0,2,369514.0,1.0,2025,1,Familiar
46414,Aaron Rai,55,33.0,33.0,1,113755.0,1.0,2021,5,Rookie
46414,Aaron Rai,56,38.333333333333336,28.0,3,131181.33000000002,1.0,2024,2,Experienced
46414,Aaron Rai,57,,,0,0.0,0.0,2024,2,Rookie
46414,Aaron Rai,60,,,0,0.0,0.0,2023,3,Rookie
46414,Aaron Rai,61,42.0,42.0,1,65350.0,0.5,2024,2,Rookie
46414,Aaron Rai,62,25.666666666666668,1.0,3,1753325.0,0.75,2025,1,Experienced
46435,Austin Cook,0,,,0,0.0,0.0,2024,2,Rookie
46435,Austin Cook,1,34.0,32.0,2,76337.0,0.6666666666666666,2023,3,Familiar
46435,Austin Cook,2,,,0,0.0,0.0,2021,5,Rookie
46435,Austin Cook,3,71.0,71.0,1,16362.0,0.3333333333333333,2023,3,Rookie
46435,Austin Cook,4,42.0,42.0,1,29194.71,0.3333333333333333,2023,3,Rookie
46435,Austin Cook,5,27.0,27.0,1,42000.0,1.0,2025,1,Rookie
46435,Austin Cook,6,37.0,27.0,2,31195.95,0.6666666666666666,2023,3,Familiar
46435,Austin Cook,7,,,0,0.0,0.0,2024,2,Rookie
46435,Austin Cook,9,27.0,27.0,1,56332.5,1.0,2023,3,Rookie
46435,Austin Cook,10,,,0,0.0,0.0,2021,5,Rookie
46435,Austin Cook,13,20.0,20.0,1,112100.0,1.0,2024,2,Rookie
46435,Austin Cook,16,53.0,53.0,1,20295.85,0.5,2023,3,Rookie
46435,Austin Cook,18,33.5,11.0,2,169386.0,0.6666666666666666,2023,3,Familiar
46435,Austin Cook,19,,,0,0.0,0.0,2021,5,Rookie
46435,Austin Cook,22,72.0,72.0,1,16000.0,0.3333333333333333,2023,3,Rookie
46435,Austin Cook,24,,,0,0.0,0.0,2025,1,Rookie
46435,Austin Cook,25,16.0,16.0,1,97802.5,0.2,2025,1,Rookie
46435,Austin Cook,28,39.0,39.0,1,30415.0,0.5,2023,3,Rookie
46435,Austin Cook,30,,,0,0.0,0.0,2024,2,Rookie
46435,Austin Cook,32,,,0,0.0,0.0,2025,1,Rookie
46435,Austin Cook,33,31.0,31.0,1,44621.25,1.0,2021,5,Rookie
46435,Austin Cook,35,,,0,0.0,0.0,2021,5,Rookie
46435,Austin Cook,36,,,0,0.0,0.0,2025,1,Rookie
46435,Austin Cook,37,13.0,13.0,1,160515.0,0.3333333333333333,2024,2,Rookie
46435,Austin Cook,38,,,0,0.0,0.0,2021,5,Rookie
46435,Austin Cook,40,57.0,57.0,1,18648.0,0.3333333333333333,2023,3,Rookie
46435,Austin Cook,41,,,0,0.0,0.0,2025,1,Rookie
46435,Austin Cook,42,52.0,52.0,1,15807.0,1.0,2021,5,Rookie
46435,Austin Cook,43,67.5,67.0,2,31884.0,0.5,2023,3,Familiar
46435,Austin Cook,46,,,0,0.0,0.0,2023,3,Rookie
46435,Austin Cook,47,2.0,2.0,1,623000.0,1.0,2021,5,Rookie
46435,Austin Cook,48,47.0,47.0,1,16903.34,0.3333333333333333,2023,3,Rookie
46435,Austin Cook,49,53.0,53.0,1,21521.5,1.0,2024,2,Rookie
46435,Austin Cook,51,63.0,63.0,1,18343.0,0.5,2022,4,Rookie
46435,Austin Cook,56,,,0,0.0,0.0,2023,3,Rookie
46435,Austin Cook,57,,,0,0.0,0.0,2024,2,Rookie
46435,Austin Cook,58,24.0,24.0,1,58450.0,1.0,2021,5,Rookie
46435,Austin Cook,59,,,0,0.0,0.0,2021,5,Rookie
46435,Austin Cook,60,,,0,0.0,0.0,2023,3,Rookie
46435,Austin Cook,62,,,0,0.0,0.0,2023,3,Rookie
46439,Will Grimmer,6,47.0,47.0,1,9286.67,1.0,2021,5,Rookie
46440,Smylie Kaufman,6,,,0,0.0,0.0,2021,5,Rookie
46440,Smylie Kaufman,33,,,0,0.0,0.0,2021,5,Rookie
46441,Robby Shelton,0,67.0,67.0,1,16848.0,0.3333333333333333,2024,2,Rookie
46441,Robby Shelton,1,6.0,6.0,1,252400.0,0.5,2023,3,Rookie
46441,Robby Shelton,2,39.0,39.0,1,70028.57,0.5,2023,3,Rookie
46441,Robby Shelton,3,43.0,43.0,1,30115.0,1.0,2023,3,Rookie
46441,Robby Shelton,4,20.0,20.0,1,88950.0,1.0,2023,3,Rookie
46441,Robby Shelton,6,,,0,0.0,0.0,2021,5,Rookie
46441,Robby Shelton,7,,,0,0.0,0.0,2024,2,Rookie
46441,Robby Shelton,9,52.0,52.0,1,21084.0,1.0,2023,3,Rookie
46441,Robby Shelton,10,32.333333333333336,9.0,3,314954.08999999997,0.75,2025,1,Experienced
46441,Robby Shelton,11,21.0,21.0,1,91956.43,1.0,2021,5,Rookie
46441,Robby Shelton,13,,,0,0.0,0.0,2024,2,Rookie
46441,Robby Shelton,15,,,0,0.0,0.0,2024,2,Rookie
46441,Robby Shelton,16,36.0,16.0,3,210157.5,1.0,2024,2,Experienced
46441,Robby Shelton,18,20.0,19.0,2,186740.0,1.0,2023,3,Familiar
46441,Robby Shelton,19,,,0,0.0,0.0,2021,5,Rookie
46441,Robby Shelton,20,,,0,0.0,0.0,2023,3,Rookie
46441,Robby Shelton,22,21.0,21.0,1,88116.0,0.5,2023,3,Rookie
46441,Robby Shelton,24,,,0,0.0,0.0,2024,2,Rookie
46441,Robby Shelton,25,34.0,34.0,1,39200.0,0.3333333333333333,2024,2,Rookie
46441,Robby Shelton,26,32.0,32.0,1,53103.0,1.0,2021,5,Rookie
46441,Robby Shelton,27,,,0,0.0,0.0,2023,3,Rookie
46441,Robby Shelton,28,60.0,60.0,1,18063.0,0.5,2024,2,Rookie
46441,Robby Shelton,30,26.0,26.0,1,29800.0,1.0,2024,2,Rookie
46441,Robby Shelton,32,,,0,0.0,0.0,2025,1,Rookie
46441,Robby Shelton,33,57.0,57.0,1,16717.0,1.0,2021,5,Rookie
46441,Robby Shelton,35,,,0,0.0,0.0,2024,2,Rookie
46441,Robby Shelton,36,,,0,0.0,0.0,2024,2,Rookie
46441,Robby Shelton,37,,,0,0.0,0.0,2024,2,Rookie
46441,Robby Shelton,38,,,0,0.0,0.0,2021,5,Rookie
46441,Robby Shelton,40,63.5,57.0,2,38936.0,0.6666666666666666,2024,2,Familiar
46441,Robby Shelton,41,13.5,10.0,2,293015.0,0.4,2025,1,Familiar
46441,Robby Shelton,42,,,0,0.0,0.0,2021,5,Rookie
46441,Robby Shelton,43,61.0,61.0,1,17222.0,0.25,2024,2,Rookie
46441,Robby Shelton,46,15.0,15.0,1,130000.0,0.3333333333333333,2024,2,Rookie
46441,Robby Shelton,47,34.0,34.0,1,33483.33,1.0,2021,5,Rookie
46441,Robby Shelton,48,41.0,25.0,2,69302.0,0.6666666666666666,2024,2,Familiar
46441,Robby Shelton,49,,,0,0.0,0.0,2024,2,Rookie
46441,Robby Shelton,51,66.0,66.0,1,15540.0,0.5,2023,3,Rookie
46441,Robby Shelton,56,24.0,15.0,2,184791.66999999998,0.6666666666666666,2024,2,Familiar
46441,Robby Shelton,57,33.0,33.0,1,39410.0,0.3333333333333333,2024,2,Rookie
46441,Robby Shelton,58,,,0,0.0,0.0,2021,5,Rookie
46441,Robby Shelton,59,53.0,53.0,1,17264.5,1.0,2021,5,Rookie
46441,Robby Shelton,60,,,0,0.0,0.0,2023,3,Rookie
46441,Robby Shelton,61,60.0,60.0,1,19448.0,1.0,2024,2,Rookie
46441,Robby Shelton,62,,,0,0.0,0.0,2023,3,Rookie
46442,Maverick McNealy,0,22.666666666666668,3.0,3,584675.0,0.75,2025,1,Experienced
46442,Maverick McNealy,1,71.0,71.0,1,13601.0,1.0,2021,5,Rookie
46442,Maverick McNealy,2,61.0,49.0,2,46711.5,0.6666666666666666,2025,1,Familiar
46442,Maverick McNealy,3,32.0,32.0,1,50808.33,0.5,2023,3,Rookie
46442,Maverick McNealy,4,28.5,2.0,4,1030248.33,0.8,2025,1,Experienced
46442,Maverick McNealy,5,,,0,0.0,0.0,2025,1,Rookie
46442,Maverick McNealy,8,32.666666666666664,3.0,3,1468890.0,1.0,2025,1,Experienced
46442,Maverick McNealy,9,27.0,27.0,1,56332.5,1.0,2023,3,Rookie
46442,Maverick McNealy,10,29.666666666666668,17.0,3,210109.0,0.6,2025,1,Experienced
46442,Maverick McNealy,12,38.0,38.0,1,37635.0,1.0,2022,4,Rookie
46442,Maverick McNealy,13,41.0,41.0,1,33725.0,1.0,2024,2,Rookie
46442,Maverick McNealy,14,18.0,18.0,1,144480.0,1.0,2023,3,Rookie
46442,Maverick McNealy,15,41.0,41.0,1,32850.0,1.0,2024,2,Rookie
46442,Maverick McNealy,16,37.5,30.0,4,167350.5,0.8,2025,1,Experienced
46442,Maverick McNealy,17,23.666666666666668,12.0,3,623386.37,1.0,2025,1,Experienced
46442,Maverick McNealy,18,2.0,2.0,1,763000.0,0.5,2023,3,Rookie
46442,Maverick McNealy,19,4.5,2.0,2,2590000.0,0.6666666666666666,2025,1,Familiar
46442,Maverick McNealy,20,22.0,22.0,1,80625.0,1.0,2025,1,Rookie
46442,Maverick McNealy,21,19.0,19.0,1,85660.71,1.0,2022,4,Rookie
46442,Maverick McNealy,22,,,0,0.0,0.0,2021,5,Rookie
46442,Maverick McNealy,25,13.0,8.0,2,296925.0,0.6666666666666666,2024,2,Familiar
46442,Maverick McNealy,27,5.0,5.0,1,800000.0,1.0,2025,1,Rookie
46442,Maverick McNealy,28,36.5,13.0,2,162065.0,1.0,2024,2,Familiar
46442,Maverick McNealy,31,27.0,27.0,1,69350.0,1.0,2021,5,Rookie
46442,Maverick McNealy,34,43.666666666666664,23.0,3,283279.17000000004,0.6,2025,1,Experienced
46442,Maverick McNealy,35,38.333333333333336,9.0,3,819200.0,0.6,2025,1,Experienced
46442,Maverick McNealy,36,13.0,13.0,1,115500.0,0.5,2025,1,Rookie
46442,Maverick McNealy,37,7.0,7.0,1,295316.67,0.5,2024,2,Rookie
46442,Maverick McNealy,38,11.0,3.0,3,1313636.1099999999,0.75,2025,1,Experienced
46442,Maverick McNealy,40,32.5,21.0,2,110914.0,0.6666666666666666,2024,2,Familiar
46442,Maverick McNealy,41,29.5,1.0,2,1386816.0,0.6666666666666666,2024,2,Familiar
46442,Maverick McNealy,42,,,0,0.0,0.0,2021,5,Rookie
46442,Maverick McNealy,43,17.0,17.0,1,90750.0,0.5,2024,2,Rookie
46442,Maverick McNealy,44,8.0,8.0,1,550000.0,1.0,2025,1,Rookie
46442,Maverick McNealy,46,13.0,10.0,2,313250.0,0.6666666666666666,2024,2,Familiar
46442,Maverick McNealy,47,,,0,0.0,0.0,2021,5,Rookie
46442,Maverick McNealy,48,34.0,7.0,4,324088.75,1.0,2025,1,Experienced
46442,Maverick McNealy,49,32.0,32.0,1,51910.71,1.0,2025,1,Rookie
46442,Maverick McNealy,50,23.0,23.0,1,395000.0,1.0,2025,1,Rookie
46442,Maverick McNealy,51,23.5,17.0,2,297887.5,0.6666666666666666,2025,1,Familiar
46442,Maverick McNealy,52,60.0,60.0,1,42500.0,1.0,2025,1,Rookie
46442,Maverick McNealy,53,37.0,37.0,1,101604.0,1.0,2025,1,Rookie
46442,Maverick McNealy,55,37.0,37.0,1,101604.0,1.0,2021,5,Rookie
46442,Maverick McNealy,56,32.0,3.0,3,622573.0,1.0,2025,1,Experienced
46442,Maverick McNealy,57,40.5,36.0,2,60984.0,1.0,2024,2,Familiar
46442,Maverick McNealy,58,20.0,20.0,1,82600.0,1.0,2021,5,Rookie
46442,Maverick McNealy,60,,,0,0.0,0.0,2021,5,Rookie
46442,Maverick McNealy,61,7.5,6.0,2,558700.0,0.6666666666666666,2025,1,Familiar
46442,Maverick McNealy,62,45.0,45.0,1,23711.29,1.0,2024,2,Rookie
46442,Maverick McNealy,63,,,0,0.0,0.0,2024,2,Rookie
46443,Brian Campbell,1,51.0,51.0,1,21032.0,1.0,2025,1,Rookie
46443,Brian Campbell,2,,,0,0.0,0.0,2025,1,Rookie
46443,Brian Campbell,8,47.0,47.0,1,72000.0,1.0,2025,1,Rookie
46443,Brian Campbell,10,,,0,0.0,0.0,2025,1,Rookie
46443,Brian Campbell,13,,,0,0.0,0.0,2025,1,Rookie
46443,Brian Campbell,15,48.0,48.0,1,23805.0,1.0,2025,1,Rookie
46443,Brian Campbell,16,,,0,0.0,0.0,2025,1,Rookie
46443,Brian Campbell,17,64.0,64.0,1,42600.0,1.0,2025,1,Rookie
46443,Brian Campbell,20,,,0,0.0,0.0,2025,1,Rookie
46443,Brian Campbell,25,1.0,1.0,1,1512000.0,1.0,2025,1,Rookie
46443,Brian Campbell,27,,,0,0.0,0.0,2025,1,Rookie
46443,Brian Campbell,29,1.0,1.0,1,1260000.0,1.0,2025,1,Rookie
46443,Brian Campbell,34,55.0,55.0,1,32138.0,1.0,2025,1,Rookie
46443,Brian Campbell,35,,,0,0.0,0.0,2025,1,Rookie
46443,Brian Campbell,36,,,0,0.0,0.0,2025,1,Rookie
46443,Brian Campbell,38,32.0,32.0,1,109083.33,1.0,2025,1,Rookie
46443,Brian Campbell,48,,,0,0.0,0.0,2025,1,Rookie
46443,Brian Campbell,52,34.0,34.0,1,95062.5,1.0,2025,1,Rookie
46443,Brian Campbell,53,56.0,56.0,1,44546.0,0.5,2025,1,Rookie
46443,Brian Campbell,55,,,0,0.0,0.0,2021,5,Rookie
46443,Brian Campbell,57,,,0,0.0,0.0,2025,1,Rookie
46443,Brian Campbell,62,,,0,0.0,0.0,2025,1,Rookie
46464,Jordan Smith,20,17.0,12.0,2,231632.15,0.6666666666666666,2025,1,Familiar
46464,Jordan Smith,34,39.0,39.0,1,66847.5,0.5,2024,2,Rookie
46464,Jordan Smith,53,40.5,20.0,2,243696.0,1.0,2025,1,Familiar
46464,Jordan Smith,55,61.0,61.0,1,43544.0,1.0,2021,5,Rookie
46501,Ollie Schniederjans,58,,,0,0.0,0.0,2021,5,Rookie
46523,Joey Garber,41,,,0,0.0,0.0,2021,5,Rookie
46547,Mardy Fish,0,,,0,0.0,0.0,2022,4,Rookie
46550,Brandon Hagy,0,,,0,0.0,0.0,2022,4,Rookie
46550,Brandon Hagy,1,21.0,21.0,1,58625.0,0.5,2022,4,Rookie
46550,Brandon Hagy,3,,,0,0.0,0.0,2022,4,Rookie
46550,Brandon Hagy,4,65.0,65.0,1,17661.0,0.5,2022,4,Rookie
46550,Brandon Hagy,6,27.0,27.0,1,21909.28,1.0,2022,4,Rookie
46550,Brandon Hagy,10,,,0,0.0,0.0,2021,5,Rookie
46550,Brandon Hagy,16,42.0,42.0,1,25875.0,0.5,2022,4,Rookie
46550,Brandon Hagy,18,36.0,36.0,1,36457.14,0.5,2023,3,Rookie
46550,Brandon Hagy,19,,,0,0.0,0.0,2022,4,Rookie
46550,Brandon Hagy,21,,,0,0.0,0.0,2022,4,Rookie
46550,Brandon Hagy,22,2.0,2.0,1,763000.0,0.5,2022,4,Rookie
46550,Brandon Hagy,25,40.5,18.0,2,97557.0,1.0,2022,4,Familiar
46550,Brandon Hagy,26,50.0,50.0,1,23343.0,1.0,2021,5,Rookie
46550,Brandon Hagy,27,,,0,0.0,0.0,2022,4,Rookie
46550,Brandon Hagy,28,42.0,42.0,1,23287.0,1.0,2022,4,Rookie
46550,Brandon Hagy,31,,,0,0.0,0.0,2021,5,Rookie
46550,Brandon Hagy,34,,,0,0.0,0.0,2021,5,Rookie
46550,Brandon Hagy,35,,,0,0.0,0.0,2022,4,Rookie
46550,Brandon Hagy,37,64.0,64.0,1,18531.0,1.0,2022,4,Rookie
46550,Brandon Hagy,38,,,0,0.0,0.0,2022,4,Rookie
46550,Brandon Hagy,40,6.0,6.0,1,262500.0,0.5,2022,4,Rookie
46550,Brandon Hagy,41,,,0,0.0,0.0,2022,4,Rookie
46550,Brandon Hagy,42,67.0,67.0,1,13728.0,1.0,2021,5,Rookie
46550,Brandon Hagy,43,58.0,58.0,1,15890.0,0.5,2022,4,Rookie
46550,Brandon Hagy,46,56.0,56.0,1,15820.0,1.0,2022,4,Rookie
46550,Brandon Hagy,48,,,0,0.0,0.0,2021,5,Rookie
46550,Brandon Hagy,51,,,0,0.0,0.0,2022,4,Rookie
46550,Brandon Hagy,56,17.0,17.0,1,105875.0,0.5,2022,4,Rookie
46550,Brandon Hagy,57,40.5,21.0,2,100407.0,1.0,2022,4,Familiar
46550,Brandon Hagy,60,26.0,26.0,1,53275.91,0.5,2022,4,Rookie
46550,Brandon Hagy,61,,,0,0.0,0.0,2022,4,Rookie
46550,Brandon Hagy,62,,,0,0.0,0.0,2022,4,Rookie
46581,Ryan Lenahan,34,,,0,0.0,0.0,2025,1,Rookie
46594,Ricardo Gouveia,6,8.0,8.0,1,100825.0,1.0,2022,4,Rookie
46594,Ricardo Gouveia,24,37.0,37.0,1,17400.0,0.5,2025,1,Rookie
46601,Trey Mullinax,0,50.0,50.0,1,19578.0,0.5,2025,1,Rookie
46601,Trey Mullinax,1,38.5,18.0,2,142424.0,1.0,2025,1,Familiar
46601,Trey Mullinax,2,8.0,8.0,1,605000.0,0.5,2023,3,Rookie
46601,Trey Mullinax,3,32.0,32.0,1,50808.33,0.5,2023,3,Rookie
46601,Trey Mullinax,4,28.0,28.0,1,59595.0,0.5,2023,3,Rookie
46601,Trey Mullinax,5,51.0,51.0,1,14508.0,1.0,2025,1,Rookie
46601,Trey Mullinax,6,1.0,1.0,1,666000.0,1.0,2022,4,Rookie
46601,Trey Mullinax,7,25.0,25.0,1,52912.5,1.0,2024,2,Rookie
46601,Trey Mullinax,8,12.0,12.0,1,315000.0,1.0,2022,4,Rookie
46601,Trey Mullinax,9,4.0,4.0,1,353500.0,1.0,2023,3,Rookie
46601,Trey Mullinax,10,,,0,0.0,0.0,2025,1,Rookie
46601,Trey Mullinax,13,29.0,29.0,1,66330.0,1.0,2025,1,Rookie
46601,Trey Mullinax,14,71.0,71.0,1,18270.0,1.0,2023,3,Rookie
46601,Trey Mullinax,15,,,0,0.0,0.0,2025,1,Rookie
46601,Trey Mullinax,16,31.0,31.0,1,50895.0,0.3333333333333333,2025,1,Rookie
46601,Trey Mullinax,17,5.0,5.0,1,480000.0,1.0,2022,4,Rookie
46601,Trey Mullinax,18,,,0,0.0,0.0,2023,3,Rookie
46601,Trey Mullinax,19,62.0,62.0,1,43800.0,1.0,2023,3,Rookie
46601,Trey Mullinax,21,,,0,0.0,0.0,2022,4,Rookie
46601,Trey Mullinax,22,30.0,30.0,1,43133.33,1.0,2022,4,Rookie
46601,Trey Mullinax,25,,,0,0.0,0.0,2025,1,Rookie
46601,Trey Mullinax,27,,,0,0.0,0.0,2023,3,Rookie
46601,Trey Mullinax,28,24.0,24.0,1,60955.0,1.0,2022,4,Rookie
46601,Trey Mullinax,29,,,0,0.0,0.0,2025,1,Rookie
46601,Trey Mullinax,34,,,0,0.0,0.0,2023,3,Rookie
46601,Trey Mullinax,35,61.0,61.0,1,54500.0,0.5,2025,1,Rookie
46601,Trey Mullinax,36,47.0,47.0,1,16620.0,0.5,2025,1,Rookie
46601,Trey Mullinax,37,56.0,43.0,2,51819.0,1.0,2025,1,Familiar
46601,Trey Mullinax,38,,,0,0.0,0.0,2023,3,Rookie
46601,Trey Mullinax,39,,,0,0.0,0.0,2025,1,Rookie
46601,Trey Mullinax,40,37.0,37.0,1,36540.0,0.5,2023,3,Rookie
46601,Trey Mullinax,41,25.0,25.0,1,50438.89,0.25,2025,1,Rookie
46601,Trey Mullinax,43,25.0,4.0,3,342253.33,0.6,2025,1,Experienced
46601,Trey Mullinax,45,28.0,28.0,1,211000.0,1.0,2023,3,Rookie
46601,Trey Mullinax,46,56.0,56.0,1,15820.0,0.5,2024,2,Rookie
46601,Trey Mullinax,48,,,0,0.0,0.0,2022,4,Rookie
46601,Trey Mullinax,49,39.0,39.0,1,36575.0,1.0,2025,1,Rookie
46601,Trey Mullinax,51,,,0,0.0,0.0,2023,3,Rookie
46601,Trey Mullinax,56,,,0,0.0,0.0,2025,1,Rookie
46601,Trey Mullinax,57,,,0,0.0,0.0,2023,3,Rookie
46601,Trey Mullinax,60,47.0,47.0,1,51222.22,0.5,2023,3,Rookie
46601,Trey Mullinax,61,46.5,32.0,2,98105.0,1.0,2025,1,Familiar
46601,Trey Mullinax,62,67.0,67.0,2,33104.0,1.0,2025,1,Familiar
46628,Jeremy Wells,34,77.0,77.0,1,22140.0,0.5,2024,2,Rookie
46646,Antoine Rozner,0,72.0,72.0,1,16968.0,1.0,2025,1,Rookie
46646,Antoine Rozner,1,,,0,0.0,0.0,2025,1,Rookie
46646,Antoine Rozner,3,,,0,0.0,0.0,2021,5,Rookie
46646,Antoine Rozner,5,,,0,0.0,0.0,2025,1,Rookie
46646,Antoine Rozner,13,13.0,13.0,1,200475.0,1.0,2025,1,Rookie
46646,Antoine Rozner,15,62.0,62.0,1,20424.0,1.0,2025,1,Rookie
46646,Antoine Rozner,16,48.0,48.0,1,25482.0,1.0,2025,1,Rookie
46646,Antoine Rozner,20,38.666666666666664,22.0,3,173145.0,1.0,2025,1,Experienced
46646,Antoine Rozner,26,18.0,18.0,1,110670.0,1.0,2021,5,Rookie
46646,Antoine Rozner,29,55.0,55.0,1,16555.0,1.0,2025,1,Rookie
46646,Antoine Rozner,32,34.0,34.0,1,21800.0,1.0,2025,1,Rookie
46646,Antoine Rozner,34,,,0,0.0,0.0,2021,5,Rookie
46646,Antoine Rozner,37,24.0,24.0,1,86730.0,1.0,2025,1,Rookie
46646,Antoine Rozner,39,73.0,73.0,1,18720.0,1.0,2025,1,Rookie
46646,Antoine Rozner,41,25.0,25.0,1,50438.89,1.0,2025,1,Rookie
46646,Antoine Rozner,43,,,0,0.0,0.0,2025,1,Rookie
46646,Antoine Rozner,49,64.0,64.0,1,20425.0,1.0,2025,1,Rookie
46646,Antoine Rozner,56,33.0,33.0,1,50666.67,1.0,2025,1,Rookie
46646,Antoine Rozner,57,76.0,76.0,1,16965.0,1.0,2025,1,Rookie
46646,Antoine Rozner,62,,,0,0.0,0.0,2025,1,Rookie
46717,Viktor Hovland,2,24.25,2.0,4,1504206.5,0.8,2025,1,Experienced
46717,Viktor Hovland,4,31.0,13.0,3,378772.73,1.0,2025,1,Experienced
46717,Viktor Hovland,8,17.2,1.0,5,4623250.0,1.0,2025,1,Veteran
46717,Viktor Hovland,10,18.5,16.0,2,231375.0,1.0,2023,3,Familiar
46717,Viktor Hovland,11,12.0,12.0,1,190320.0,1.0,2021,5,Rookie
46717,Viktor Hovland,12,18.0,18.0,1,116331.43,1.0,2022,4,Rookie
46717,Viktor Hovland,14,21.0,21.0,1,119280.0,1.0,2023,3,Rookie
46717,Viktor Hovland,16,2.0,2.0,1,456375.0,1.0,2021,5,Rookie
46717,Viktor Hovland,17,16.75,2.0,4,2410645.83,1.0,2025,1,Experienced
46717,Viktor Hovland,19,12.0,4.0,4,1333166.67,0.8,2025,1,Experienced
46717,Viktor Hovland,20,27.333333333333332,11.0,3,294641.58999999997,1.0,2025,1,Experienced
46717,Viktor Hovland,26,47.0,47.0,1,26009.0,1.0,2021,5,Rookie
46717,Viktor Hovland,27,23.0,1.0,4,4117760.0,1.0,2025,1,Experienced
46717,Viktor Hovland,31,43.0,43.0,1,32775.0,1.0,2021,5,Rookie
46717,Viktor Hovland,34,20.8,2.0,5,3017409.29,1.0,2025,1,Veteran
46717,Viktor Hovland,35,24.666666666666668,3.0,3,2055000.0,0.6,2025,1,Experienced
46717,Viktor Hovland,38,36.0,13.0,2,408800.0,1.0,2025,1,Familiar
46717,Viktor Hovland,44,29.0,22.0,2,317750.0,1.0,2025,1,Familiar
46717,Viktor Hovland,45,26.333333333333332,18.0,3,386000.0,1.0,2023,3,Experienced
46717,Viktor Hovland,46,44.0,44.0,1,23450.0,1.0,2022,4,Rookie
46717,Viktor Hovland,50,9.0,1.0,5,660000.0,1.0,2025,1,Veteran
46717,Viktor Hovland,51,24.5,20.0,2,375333.32999999996,0.6666666666666666,2025,1,Familiar
46717,Viktor Hovland,52,54.0,54.0,1,44750.0,1.0,2025,1,Rookie
46717,Viktor Hovland,53,11.0,3.0,2,1721187.0,0.5,2025,1,Familiar
46717,Viktor Hovland,54,13.0,13.0,1,210757.0,1.0,2021,5,Rookie
46717,Viktor Hovland,55,3.0,3.0,1,1462525.0,1.0,2021,5,Rookie
46717,Viktor Hovland,57,12.333333333333334,1.0,3,2014700.0,1.0,2025,1,Experienced
46717,Viktor Hovland,58,15.0,15.0,1,113750.0,1.0,2021,5,Rookie
46717,Viktor Hovland,60,23.333333333333332,3.0,3,713400.0,1.0,2024,2,Experienced
46717,Viktor Hovland,61,42.0,42.0,1,65350.0,0.5,2023,3,Rookie
46717,Viktor Hovland,64,47.0,47.0,1,20053.33,1.0,2021,5,Rookie
46724,Jeong Woo Ham,20,,,0,0.0,0.0,2024,2,Rookie
46724,Jeongwoo Ham,11,71.0,71.0,1,16965.0,1.0,2021,5,Rookie
46732,Rick Lamb,0,58.0,58.0,1,16800.0,1.0,2022,4,Rookie
46732,Rick Lamb,22,30.0,30.0,1,43133.33,1.0,2022,4,Rookie
46732,Rick Lamb,62,,,0,0.0,0.0,2022,4,Rookie
46837,Yuxin Lin,46,52.0,52.0,1,20244.0,1.0,2023,3,Rookie
46879,Naoyuki Kataoka,63,41.0,41.0,1,29410.0,1.0,2024,2,Rookie
46908,Mark Anguiano,59,,,0,0.0,0.0,2021,5,Rookie
46930,Jaekyeong Lee,11,59.0,59.0,1,19207.5,1.0,2021,5,Rookie
46930,Jaekyeong Lee,12,68.0,68.0,1,17257.5,1.0,2022,4,Rookie
46930,Jaekyeong Lee,19,,,0,0.0,0.0,2022,4,Rookie
46955,Haydn Barron,24,,,0,0.0,0.0,2024,2,Rookie
46970,Jon Rahm,1,7.5,1.0,2,1559700.0,1.0,2023,3,Familiar
46970,Jon Rahm,2,28.0,17.0,2,253028.57,1.0,2023,3,Familiar
46970,Jon Rahm,3,34.0,34.0,1,42201.0,1.0,2021,5,Rookie
46970,Jon Rahm,8,16.0,8.0,3,815500.0,1.0,2023,3,Experienced
46970,Jon Rahm,11,17.0,17.0,1,139035.0,1.0,2021,5,Rookie
46970,Jon Rahm,14,4.0,4.0,1,462000.0,1.0,2023,3,Rookie
46970,Jon Rahm,16,5.666666666666667,3.0,3,963575.0,1.0,2023,3,Experienced
46970,Jon Rahm,17,21.0,5.0,2,568000.0,1.0,2023,3,Familiar
46970,Jon Rahm,18,,,0,0.0,0.0,2022,4,Rookie
46970,Jon Rahm,19,9.0,1.0,3,4069980.0,1.0,2023,3,Experienced
46970,Jon Rahm,26,,,0,0.0,0.0,2021,5,Rookie
46970,Jon Rahm,27,13.0,10.0,2,578500.0,1.0,2023,3,Familiar
46970,Jon Rahm,28,1.5,1.0,2,2153300.0,1.0,2023,3,Familiar
46970,Jon Rahm,31,3.0,3.0,1,655500.0,1.0,2021,5,Rookie
46970,Jon Rahm,34,28.5,8.0,4,787551.94,0.8,2025,1,Experienced
46970,Jon Rahm,35,32.0,9.0,2,385575.0,0.6666666666666666,2023,3,Familiar
46970,Jon Rahm,38,15.0,15.0,1,335000.0,1.0,2023,3,Rookie
46970,Jon Rahm,45,3.3333333333333335,1.0,3,3709333.33,1.0,2023,3,Experienced
46970,Jon Rahm,50,11.666666666666666,2.0,3,0.0,1.0,2023,3,Experienced
46970,Jon Rahm,51,,,0,0.0,0.0,2023,3,Rookie
46970,Jon Rahm,53,9.666666666666666,7.0,3,1397862.0,1.0,2025,1,Experienced
46970,Jon Rahm,54,23.0,23.0,1,101797.0,1.0,2021,5,Rookie
46970,Jon Rahm,55,7.0,7.0,1,615786.0,1.0,2021,5,Rookie
46970,Jon Rahm,59,13.0,13.0,1,138700.0,1.0,2021,5,Rookie
46970,Jon Rahm,60,,,0,0.0,0.0,2021,5,Rookie
46970,Jon Rahm,61,6.5,3.0,2,1578850.0,1.0,2023,3,Familiar
46970,Jon Rahm,64,2.0,2.0,1,704000.0,1.0,2021,5,Rookie
47056,Rikuya Hoshino,1,43.0,43.0,1,27236.0,1.0,2025,1,Rookie
47056,Rikuya Hoshino,13,39.0,39.0,1,40095.0,1.0,2025,1,Rookie
47056,Rikuya Hoshino,15,48.0,48.0,1,23805.0,1.0,2025,1,Rookie
47056,Rikuya Hoshino,16,,,0,0.0,0.0,2025,1,Rookie
47056,Rikuya Hoshino,20,,,0,0.0,0.0,2025,1,Rookie
47056,Rikuya Hoshino,25,41.0,41.0,1,34860.0,1.0,2025,1,Rookie
47056,Rikuya Hoshino,29,,,0,0.0,0.0,2025,1,Rookie
47056,Rikuya Hoshino,32,,,0,0.0,0.0,2025,1,Rookie
47056,Rikuya Hoshino,34,61.0,60.0,2,57625.0,0.6666666666666666,2023,3,Familiar
47056,Rikuya Hoshino,39,,,0,0.0,0.0,2025,1,Rookie
47056,Rikuya Hoshino,41,,,0,0.0,0.0,2025,1,Rookie
47056,Rikuya Hoshino,48,,,0,0.0,0.0,2025,1,Rookie
47056,Rikuya Hoshino,49,,,0,0.0,0.0,2025,1,Rookie
47056,Rikuya Hoshino,53,,,0,0.0,0.0,2024,2,Rookie
47056,Rikuya Hoshino,56,,,0,0.0,0.0,2025,1,Rookie
47056,Rikuya Hoshino,57,,,0,0.0,0.0,2025,1,Rookie
47056,Rikuya Hoshino,64,72.0,72.0,1,13600.0,1.0,2021,5,Rookie
47079,Harrison Endycott,0,,,0,0.0,0.0,2025,1,Rookie
47079,Harrison Endycott,1,22.0,22.0,1,80400.0,1.0,2023,3,Rookie
47079,Harrison Endycott,3,50.0,50.0,1,22216.43,1.0,2023,3,Rookie
47079,Harrison Endycott,4,,,0,0.0,0.0,2023,3,Rookie
47079,Harrison Endycott,5,37.0,37.0,1,27300.0,1.0,2025,1,Rookie
47079,Harrison Endycott,10,,,0,0.0,0.0,2023,3,Rookie
47079,Harrison Endycott,13,52.0,52.0,1,22406.43,0.5,2025,1,Rookie
47079,Harrison Endycott,16,,,0,0.0,0.0,2024,2,Rookie
47079,Harrison Endycott,18,12.0,12.0,1,140666.66,0.5,2023,3,Rookie
47079,Harrison Endycott,20,,,0,0.0,0.0,2023,3,Rookie
47079,Harrison Endycott,22,26.0,26.0,1,65100.0,1.0,2023,3,Rookie
47079,Harrison Endycott,24,,,0,0.0,0.0,2024,2,Rookie
47079,Harrison Endycott,25,66.0,66.0,1,16058.0,0.3333333333333333,2025,1,Rookie
47079,Harrison Endycott,28,,,0,0.0,0.0,2024,2,Rookie
47079,Harrison Endycott,30,,,0,0.0,0.0,2024,2,Rookie
47079,Harrison Endycott,35,,,0,0.0,0.0,2023,3,Rookie
47079,Harrison Endycott,36,,,0,0.0,0.0,2025,1,Rookie
47079,Harrison Endycott,37,12.0,12.0,1,178650.0,0.3333333333333333,2025,1,Rookie
47079,Harrison Endycott,39,82.0,82.0,1,17280.0,1.0,2025,1,Rookie
47079,Harrison Endycott,40,,,0,0.0,0.0,2024,2,Rookie
47079,Harrison Endycott,41,34.0,34.0,1,34950.0,0.3333333333333333,2025,1,Rookie
47079,Harrison Endycott,43,28.0,28.0,1,53768.57,0.3333333333333333,2025,1,Rookie
47079,Harrison Endycott,46,62.5,56.0,2,35796.0,1.0,2023,3,Familiar
47079,Harrison Endycott,48,,,0,0.0,0.0,2023,3,Rookie
47079,Harrison Endycott,49,64.0,64.0,1,19383.0,1.0,2024,2,Rookie
47079,Harrison Endycott,56,,,0,0.0,0.0,2024,2,Rookie
47079,Harrison Endycott,57,65.0,65.0,1,17334.0,0.5,2024,2,Rookie
47079,Harrison Endycott,60,59.0,59.0,1,44600.0,1.0,2023,3,Rookie
47079,Harrison Endycott,62,,,0,0.0,0.0,2023,3,Rookie
47081,Daniel Gale,0,,,0,0.0,0.0,2023,3,Rookie
47102,David Micheluzzi,3,67.0,67.0,1,19855.0,1.0,2023,3,Rookie
47102,David Micheluzzi,24,,,0,0.0,0.0,2024,2,Rookie
47102,David Micheluzzi,27,,,0,0.0,0.0,2023,3,Rookie
47102,David Micheluzzi,34,,,0,0.0,0.0,2023,3,Rookie
47125,Matt Atkins,28,,,0,0.0,0.0,2024,2,Rookie
47125,Matt Atkins,30,46.0,46.0,1,12240.0,1.0,2024,2,Rookie
47125,Matt Atkins,41,38.0,38.0,1,35700.0,0.5,2025,1,Rookie
47127,David Pastore,6,67.0,67.0,1,7315.0,1.0,2021,5,Rookie
47128,Richy Werenski,0,,,0,0.0,0.0,2023,3,Rookie
47128,Richy Werenski,1,21.0,21.0,1,58625.0,0.3333333333333333,2023,3,Rookie
47128,Richy Werenski,2,4.0,4.0,1,391375.0,1.0,2021,5,Rookie
47128,Richy Werenski,3,11.0,11.0,1,220875.0,0.5,2023,3,Rookie
47128,Richy Werenski,4,20.0,20.0,1,88950.0,0.5,2023,3,Rookie
47128,Richy Werenski,6,58.0,58.0,1,8626.0,0.3333333333333333,2023,3,Rookie
47128,Richy Werenski,9,,,0,0.0,0.0,2023,3,Rookie
47128,Richy Werenski,10,45.0,45.0,1,22335.0,0.5,2023,3,Rookie
47128,Richy Werenski,11,28.0,28.0,1,57135.0,1.0,2021,5,Rookie
47128,Richy Werenski,13,,,0,0.0,0.0,2024,2,Rookie
47128,Richy Werenski,16,60.0,60.0,1,16575.0,0.3333333333333333,2023,3,Rookie
47128,Richy Werenski,18,66.0,66.0,1,17976.0,0.5,2023,3,Rookie
47128,Richy Werenski,19,57.0,57.0,1,21297.0,1.0,2021,5,Rookie
47128,Richy Werenski,21,50.0,50.0,1,18637.5,1.0,2022,4,Rookie
47128,Richy Werenski,22,,,0,0.0,0.0,2023,3,Rookie
47128,Richy Werenski,25,42.0,42.0,1,24905.11,0.25,2024,2,Rookie
47128,Richy Werenski,26,,,0,0.0,0.0,2021,5,Rookie
47128,Richy Werenski,28,46.0,46.0,1,22817.66,0.5,2023,3,Rookie
47128,Richy Werenski,30,,,0,0.0,0.0,2024,2,Rookie
47128,Richy Werenski,31,,,0,0.0,0.0,2021,5,Rookie
47128,Richy Werenski,33,,,0,0.0,0.0,2021,5,Rookie
47128,Richy Werenski,34,38.0,38.0,1,42000.0,1.0,2021,5,Rookie
47128,Richy Werenski,35,,,0,0.0,0.0,2022,4,Rookie
47128,Richy Werenski,37,65.0,65.0,1,19170.0,1.0,2023,3,Rookie
47128,Richy Werenski,38,,,0,0.0,0.0,2023,3,Rookie
47128,Richy Werenski,40,27.5,25.0,2,106750.70999999999,0.6666666666666666,2023,3,Familiar
47128,Richy Werenski,41,,,0,0.0,0.0,2024,2,Rookie
47128,Richy Werenski,43,62.0,59.0,2,32250.0,0.5,2023,3,Familiar
47128,Richy Werenski,45,24.0,24.0,1,63200.0,1.0,2021,5,Rookie
47128,Richy Werenski,46,47.0,47.0,1,17927.77,0.3333333333333333,2023,3,Rookie
47128,Richy Werenski,47,,,0,0.0,0.0,2021,5,Rookie
47128,Richy Werenski,48,,,0,0.0,0.0,2023,3,Rookie
47128,Richy Werenski,49,,,0,0.0,0.0,2024,2,Rookie
47128,Richy Werenski,51,,,0,0.0,0.0,2023,3,Rookie
47128,Richy Werenski,54,,,0,0.0,0.0,2021,5,Rookie
47128,Richy Werenski,56,48.0,48.0,1,22308.4,0.5,2023,3,Rookie
47128,Richy Werenski,57,24.0,21.0,2,138210.0,0.5,2024,2,Familiar
47128,Richy Werenski,59,22.0,22.0,1,64422.5,1.0,2021,5,Rookie
47128,Richy Werenski,60,37.0,37.0,1,36045.0,0.3333333333333333,2023,3,Rookie
47128,Richy Werenski,61,,,0,0.0,0.0,2023,3,Rookie
47128,Richy Werenski,62,40.333333333333336,13.0,3,165099.5,1.0,2023,3,Experienced
47128,Richy Werenski,64,57.0,57.0,1,16000.0,1.0,2021,5,Rookie
47154,Martin Contini,22,16.0,16.0,1,106533.33,1.0,2022,4,Rookie
47235,Garrett Okamura,48,,,0,0.0,0.0,2022,4,Rookie
47238,Jazz Janewattananond,2,57.0,57.0,1,21018.0,1.0,2021,5,Rookie
47238,Jazz Janewattananond,6,,,0,0.0,0.0,2023,3,Rookie
47238,Jazz Janewattananond,34,,,0,0.0,0.0,2021,5,Rookie
47238,Jazz Janewattananond,54,,,0,0.0,0.0,2021,5,Rookie
47238,Jazz Janewattananond,64,60.0,60.0,1,15520.0,1.0,2021,5,Rookie
47277,Daniel Iceman,24,,,0,0.0,0.0,2025,1,Rookie
47286,Jacob Tilton,41,,,0,0.0,0.0,2023,3,Rookie
47334,Sam Fidone,56,44.0,44.0,1,21852.6,1.0,2021,5,Rookie
47334,Sam Fidone,58,,,0,0.0,0.0,2021,5,Rookie
47336,Michael Hopper,61,,,0,0.0,0.0,2023,3,Rookie
47347,Adam Schenk,0,54.666666666666664,51.0,3,51387.0,0.75,2025,1,Experienced
47347,Adam Schenk,1,37.0,37.0,1,31825.0,0.25,2025,1,Rookie
47347,Adam Schenk,2,36.5,31.0,2,168464.0,0.6666666666666666,2024,2,Familiar
47347,Adam Schenk,3,56.5,34.0,2,59127.0,0.6666666666666666,2023,3,Familiar
47347,Adam Schenk,4,42.0,37.0,2,90707.14,0.6666666666666666,2024,2,Familiar
47347,Adam Schenk,5,47.0,47.0,1,16440.0,1.0,2025,1,Rookie
47347,Adam Schenk,6,15.0,15.0,1,58625.0,1.0,2021,5,Rookie
47347,Adam Schenk,8,34.0,34.0,1,122000.0,1.0,2023,3,Rookie
47347,Adam Schenk,9,,,0,0.0,0.0,2023,3,Rookie
47347,Adam Schenk,10,33.5,2.0,2,964350.0,0.4,2025,1,Familiar
47347,Adam Schenk,13,9.0,5.0,2,471204.02,1.0,2025,1,Familiar
47347,Adam Schenk,15,56.0,56.0,1,20700.0,0.5,2025,1,Rookie
47347,Adam Schenk,16,31.5,20.0,4,258401.36,0.8,2025,1,Experienced
47347,Adam Schenk,17,18.5,6.0,2,663172.08,1.0,2023,3,Familiar
47347,Adam Schenk,18,53.0,51.0,2,35290.0,1.0,2023,3,Familiar
47347,Adam Schenk,19,50.0,50.0,1,48866.67,0.3333333333333333,2024,2,Rookie
47347,Adam Schenk,21,29.0,29.0,1,48062.5,1.0,2022,4,Rookie
47347,Adam Schenk,22,39.0,36.0,2,57973.0,0.6666666666666666,2023,3,Familiar
47347,Adam Schenk,24,,,0,0.0,0.0,2025,1,Rookie
47347,Adam Schenk,25,4.0,4.0,2,581000.0,0.4,2025,1,Familiar
47347,Adam Schenk,27,16.5,7.0,2,739400.0,0.6666666666666666,2024,2,Familiar
47347,Adam Schenk,28,,,0,0.0,0.0,2022,4,Rookie
47347,Adam Schenk,31,31.0,31.0,1,48925.0,1.0,2021,5,Rookie
47347,Adam Schenk,32,,,0,0.0,0.0,2025,1,Rookie
47347,Adam Schenk,33,68.0,68.0,1,15257.0,1.0,2021,5,Rookie
47347,Adam Schenk,34,41.0,41.0,1,43839.29,0.3333333333333333,2024,2,Rookie
47347,Adam Schenk,35,19.0,19.0,1,285535.71,0.2,2025,1,Rookie
47347,Adam Schenk,36,30.0,30.0,1,36825.0,0.5,2025,1,Rookie
47347,Adam Schenk,37,65.0,65.0,1,21070.0,1.0,2025,1,Rookie
47347,Adam Schenk,38,35.0,25.0,3,209123.75,0.75,2024,2,Experienced
47347,Adam Schenk,39,,,0,0.0,0.0,2025,1,Rookie
47347,Adam Schenk,40,24.0,7.0,2,321115.91,0.5,2024,2,Familiar
47347,Adam Schenk,41,40.0,19.0,3,142977.14,0.6,2025,1,Experienced
47347,Adam Schenk,42,61.0,61.0,1,14520.0,1.0,2021,5,Rookie
47347,Adam Schenk,43,26.5,21.0,2,96155.0,0.4,2025,1,Familiar
47347,Adam Schenk,44,29.0,29.0,1,140500.0,1.0,2024,2,Rookie
47347,Adam Schenk,46,20.333333333333332,3.0,3,561846.0,0.75,2024,2,Experienced
47347,Adam Schenk,47,27.0,27.0,1,47950.0,1.0,2021,5,Rookie
47347,Adam Schenk,48,36.5,6.0,2,300190.5,0.5,2025,1,Familiar
47347,Adam Schenk,49,,,0,0.0,0.0,2025,1,Rookie
47347,Adam Schenk,50,9.0,9.0,1,0.0,1.0,2023,3,Rookie
47347,Adam Schenk,51,55.0,55.0,1,44750.0,0.25,2024,2,Rookie
47347,Adam Schenk,53,37.0,24.0,2,199056.0,0.5,2025,1,Familiar
47347,Adam Schenk,55,50.0,50.0,1,48207.0,1.0,2021,5,Rookie
47347,Adam Schenk,56,5.0,5.0,1,355350.0,0.2,2025,1,Rookie
47347,Adam Schenk,57,17.666666666666668,2.0,3,1020635.0,0.6,2025,1,Experienced
47347,Adam Schenk,58,,,0,0.0,0.0,2021,5,Rookie
47347,Adam Schenk,59,,,0,0.0,0.0,2021,5,Rookie
47347,Adam Schenk,60,36.5,9.0,2,261050.0,0.5,2024,2,Familiar
47347,Adam Schenk,61,21.666666666666668,17.0,3,368597.14,0.75,2025,1,Experienced
47347,Adam Schenk,62,64.0,64.0,1,16340.0,0.2,2025,1,Rookie
47347,Adam Schenk,63,67.0,67.0,1,15300.0,1.0,2024,2,Rookie
47349,Michael McGowan,53,,,0,0.0,0.0,2024,2,Rookie
47393,Jeffrey Kang,3,,,0,0.0,0.0,2023,3,Rookie
47393,Jeffrey Kang,28,,,0,0.0,0.0,2022,4,Rookie
47393,Jeffrey Kang,37,,,0,0.0,0.0,2022,4,Rookie
47393,Jeffrey Kang,61,,,0,0.0,0.0,2022,4,Rookie
47420,Jake Knapp,0,3.0,3.0,1,410025.0,0.5,2025,1,Rookie
47420,Jake Knapp,1,,,0,0.0,0.0,2025,1,Rookie
47420,Jake Knapp,2,57.0,57.0,1,44500.0,1.0,2024,2,Rookie
47420,Jake Knapp,4,33.0,33.0,1,99000.0,1.0,2025,1,Rookie
47420,Jake Knapp,10,,,0,0.0,0.0,2025,1,Rookie
47420,Jake Knapp,13,23.5,8.0,2,336970.0,1.0,2025,1,Familiar
47420,Jake Knapp,15,5.0,4.0,2,654750.0,1.0,2025,1,Familiar
47420,Jake Knapp,16,17.5,3.0,2,529080.0,1.0,2025,1,Familiar
47420,Jake Knapp,17,64.5,62.0,2,84800.0,1.0,2025,1,Familiar
47420,Jake Knapp,19,17.0,17.0,1,270714.29,1.0,2025,1,Rookie
47420,Jake Knapp,20,22.0,22.0,1,80625.0,1.0,2025,1,Rookie
47420,Jake Knapp,25,36.5,21.0,2,110904.44,1.0,2025,1,Familiar
47420,Jake Knapp,27,,,0,0.0,0.0,2024,2,Rookie
47420,Jake Knapp,28,1.0,1.0,1,1458000.0,1.0,2024,2,Rookie
47420,Jake Knapp,29,25.0,25.0,1,59350.0,1.0,2025,1,Rookie
47420,Jake Knapp,34,,,0,0.0,0.0,2025,1,Rookie
47420,Jake Knapp,35,28.5,12.0,2,626312.5,1.0,2025,1,Familiar
47420,Jake Knapp,37,27.0,27.0,1,64353.33,0.5,2025,1,Rookie
47420,Jake Knapp,38,62.0,62.0,1,43600.0,1.0,2024,2,Rookie
47420,Jake Knapp,39,4.0,4.0,1,432000.0,1.0,2025,1,Rookie
47420,Jake Knapp,40,31.0,31.0,1,48583.08,1.0,2024,2,Rookie
47420,Jake Knapp,41,68.0,68.0,1,15960.0,1.0,2024,2,Rookie
47420,Jake Knapp,44,56.0,56.0,1,49500.0,1.0,2025,1,Rookie
47420,Jake Knapp,48,70.0,70.0,1,16932.0,1.0,2024,2,Rookie
47420,Jake Knapp,49,27.0,27.0,1,67925.0,0.5,2025,1,Rookie
47420,Jake Knapp,51,48.0,48.0,1,49285.71,1.0,2024,2,Rookie
47420,Jake Knapp,53,,,0,0.0,0.0,2024,2,Rookie
47420,Jake Knapp,56,,,0,0.0,0.0,2025,1,Rookie
47420,Jake Knapp,57,,,0,0.0,0.0,2025,1,Rookie
47420,Jake Knapp,60,58.0,58.0,1,45200.0,1.0,2024,2,Rookie
47420,Jake Knapp,61,36.0,28.0,2,82053.6,1.0,2025,1,Familiar
47420,Jake Knapp,62,,,0,0.0,0.0,2025,1,Rookie
47443,Junghwan Lee,20,46.0,46.0,1,31369.09,0.5,2025,1,Rookie
47461,Andrew Kozan,22,30.0,30.0,1,43133.33,0.5,2023,3,Rookie
47483,Will Zalatoris,1,18.0,6.0,3,463980.0,1.0,2025,1,Experienced
47483,Will Zalatoris,2,25.4,4.0,5,1393761.1099999999,1.0,2025,1,Veteran
47483,Will Zalatoris,3,17.0,17.0,1,119475.0,0.5,2022,4,Rookie
47483,Will Zalatoris,4,51.5,48.0,2,66696.0,1.0,2025,1,Familiar
47483,Will Zalatoris,8,13.0,13.0,1,344111.11,0.5,2024,2,Rookie
47483,Will Zalatoris,10,59.0,59.0,1,16875.0,0.5,2022,4,Rookie
47483,Will Zalatoris,16,7.333333333333333,2.0,3,1307760.71,0.75,2024,2,Experienced
47483,Will Zalatoris,17,6.5,1.0,2,3105000.0,1.0,2024,2,Familiar
47483,Will Zalatoris,18,11.0,11.0,1,150150.0,1.0,2022,4,Rookie
47483,Will Zalatoris,19,14.2,2.0,5,3181782.14,1.0,2025,1,Veteran
47483,Will Zalatoris,20,,,0,0.0,0.0,2024,2,Rookie
47483,Will Zalatoris,27,23.0,5.0,2,491600.0,1.0,2024,2,Familiar
47483,Will Zalatoris,34,17.666666666666668,2.0,3,1931969.0,0.75,2025,1,Experienced
47483,Will Zalatoris,35,37.5,21.0,4,540250.0,0.8,2025,1,Experienced
47483,Will Zalatoris,38,46.666666666666664,42.0,3,131655.0,1.0,2025,1,Experienced
47483,Will Zalatoris,40,48.5,20.0,2,113445.0,0.6666666666666666,2024,2,Familiar
47483,Will Zalatoris,43,14.0,14.0,1,127750.0,0.5,2022,4,Rookie
47483,Will Zalatoris,44,26.0,26.0,1,163333.33,1.0,2025,1,Rookie
47483,Will Zalatoris,45,11.0,11.0,1,292500.0,1.0,2023,3,Rookie
47483,Will Zalatoris,46,,,0,0.0,0.0,2022,4,Rookie
47483,Will Zalatoris,47,5.0,5.0,1,259000.0,1.0,2021,5,Rookie
47483,Will Zalatoris,48,,,0,0.0,0.0,2024,2,Rookie
47483,Will Zalatoris,49,74.0,74.0,1,17654.0,1.0,2024,2,Rookie
47483,Will Zalatoris,51,42.0,42.0,1,75000.0,1.0,2024,2,Rookie
47483,Will Zalatoris,52,54.0,54.0,1,44750.0,1.0,2025,1,Rookie
47483,Will Zalatoris,53,2.0,2.0,1,1557687.0,0.5,2024,2,Rookie
47483,Will Zalatoris,54,6.0,6.0,1,424040.0,1.0,2021,5,Rookie
47483,Will Zalatoris,57,47.0,47.0,1,23701.29,1.0,2025,1,Rookie
47483,Will Zalatoris,59,17.0,17.0,1,104025.0,1.0,2021,5,Rookie
47483,Will Zalatoris,60,60.0,60.0,1,44200.0,0.5,2024,2,Rookie
47483,Will Zalatoris,62,25.0,21.0,2,114621.66,0.6666666666666666,2024,2,Familiar
47483,Will Zalatoris,63,41.0,41.0,1,29410.0,1.0,2024,2,Rookie
47499,Alex Gaugert,0,,,0,0.0,0.0,2023,3,Rookie
47504,Sam Burns,0,36.5,12.0,2,169692.43,1.0,2025,1,Familiar
47504,Sam Burns,1,20.0,11.0,2,229240.0,0.6666666666666666,2025,1,Familiar
47504,Sam Burns,2,29.0,9.0,3,518500.0,0.6,2025,1,Experienced
47504,Sam Burns,3,2.0,2.0,1,882900.0,0.5,2022,4,Rookie
47504,Sam Burns,4,23.666666666666668,10.0,3,723302.73,1.0,2025,1,Experienced
47504,Sam Burns,8,9.6,2.0,5,3228083.33,1.0,2025,1,Veteran
47504,Sam Burns,9,,,0,0.0,0.0,2023,3,Rookie
47504,Sam Burns,10,3.5,1.0,2,1805625.0,1.0,2023,3,Familiar
47504,Sam Burns,12,5.0,5.0,1,342468.75,1.0,2022,4,Rookie
47504,Sam Burns,13,5.0,5.0,1,305971.88,1.0,2025,1,Rookie
47504,Sam Burns,14,7.0,7.0,1,316312.5,1.0,2023,3,Rookie
47504,Sam Burns,16,18.0,18.0,1,80761.36,0.5,2022,4,Rookie
47504,Sam Burns,17,26.25,5.0,4,1098712.5,1.0,2025,1,Experienced
47504,Sam Burns,19,12.333333333333334,3.0,3,1261557.1400000001,0.6,2025,1,Experienced
47504,Sam Burns,20,33.0,19.0,2,140610.0,1.0,2025,1,Familiar
47504,Sam Burns,21,7.0,7.0,1,227812.5,1.0,2022,4,Rookie
47504,Sam Burns,26,50.0,50.0,1,23343.0,1.0,2021,5,Rookie
47504,Sam Burns,27,14.333333333333334,12.0,3,1019500.0,1.0,2025,1,Experienced
47504,Sam Burns,31,21.0,21.0,1,95791.66,1.0,2021,5,Rookie
47504,Sam Burns,34,19.5,19.0,2,384692.22,0.4,2025,1,Familiar
47504,Sam Burns,35,35.333333333333336,26.0,3,327229.17,0.6,2025,1,Experienced
47504,Sam Burns,36,13.0,13.0,1,115500.0,1.0,2025,1,Rookie
47504,Sam Burns,37,5.333333333333333,2.0,3,1687650.0,0.75,2025,1,Experienced
47504,Sam Burns,38,27.75,13.0,4,792545.0,1.0,2025,1,Experienced
47504,Sam Burns,42,7.0,7.0,1,214500.0,1.0,2021,5,Rookie
47504,Sam Burns,43,15.5,1.0,2,1305337.22,0.6666666666666666,2023,3,Familiar
47504,Sam Burns,44,20.5,8.0,2,663000.0,1.0,2025,1,Familiar
47504,Sam Burns,45,25.5,19.0,2,330000.0,1.0,2023,3,Familiar
47504,Sam Burns,46,14.0,14.0,1,113750.0,1.0,2022,4,Rookie
47504,Sam Burns,47,34.0,34.0,1,33483.33,1.0,2021,5,Rookie
47504,Sam Burns,50,14.0,7.0,5,1121666.67,1.0,2025,1,Veteran
47504,Sam Burns,51,28.333333333333332,13.0,3,429895.82999999996,0.75,2025,1,Experienced
47504,Sam Burns,52,30.0,30.0,1,125375.0,1.0,2025,1,Rookie
47504,Sam Burns,53,18.75,7.0,4,1353180.0,1.0,2025,1,Experienced
47504,Sam Burns,55,7.0,7.0,1,615786.0,1.0,2021,5,Rookie
47504,Sam Burns,56,,,0,0.0,0.0,2025,1,Rookie
47504,Sam Burns,57,2.6666666666666665,1.0,3,2939625.0,0.6,2025,1,Experienced
47504,Sam Burns,58,7.0,7.0,1,212625.0,1.0,2021,5,Rookie
47504,Sam Burns,59,22.0,22.0,1,64422.5,1.0,2021,5,Rookie
47504,Sam Burns,60,13.0,13.0,1,387666.67,0.5,2024,2,Rookie
47504,Sam Burns,61,19.333333333333332,3.0,3,1194286.0,0.75,2025,1,Experienced
47504,Sam Burns,62,14.0,14.0,1,123500.0,1.0,2023,3,Rookie
47505,Dylan Naidoo,20,,,0,0.0,0.0,2025,1,Rookie
47529,Mito Pereira,0,6.0,6.0,1,208230.0,1.0,2021,5,Rookie
47529,Mito Pereira,3,17.0,17.0,1,116707.5,1.0,2022,4,Rookie
47529,Mito Pereira,4,,,0,0.0,0.0,2022,4,Rookie
47529,Mito Pereira,6,5.0,5.0,1,115937.5,1.0,2021,5,Rookie
47529,Mito Pereira,8,54.0,54.0,1,34350.0,1.0,2022,4,Rookie
47529,Mito Pereira,10,7.0,7.0,1,246540.0,1.0,2022,4,Rookie
47529,Mito Pereira,14,18.0,18.0,1,144480.0,1.0,2023,3,Rookie
47529,Mito Pereira,16,25.0,25.0,1,65940.0,1.0,2022,4,Rookie
47529,Mito Pereira,17,42.0,42.0,1,54750.0,1.0,2022,4,Rookie
47529,Mito Pereira,18,3.0,3.0,1,483000.0,1.0,2022,4,Rookie
47529,Mito Pereira,19,15.0,15.0,1,189000.0,1.0,2022,4,Rookie
47529,Mito Pereira,21,29.0,29.0,1,48062.5,1.0,2022,4,Rookie
47529,Mito Pereira,22,30.0,30.0,1,43133.33,1.0,2022,4,Rookie
47529,Mito Pereira,25,34.0,34.0,1,30955.72,1.0,2021,5,Rookie
47529,Mito Pereira,27,13.0,13.0,1,221400.0,1.0,2022,4,Rookie
47529,Mito Pereira,34,10.5,3.0,2,1084400.0,1.0,2023,3,Familiar
47529,Mito Pereira,35,,,0,0.0,0.0,2022,4,Rookie
47529,Mito Pereira,38,26.0,26.0,1,54844.44,1.0,2022,4,Rookie
47529,Mito Pereira,40,,,0,0.0,0.0,2021,5,Rookie
47529,Mito Pereira,41,29.0,29.0,1,44190.0,1.0,2022,4,Rookie
47529,Mito Pereira,43,31.0,31.0,1,42787.5,1.0,2022,4,Rookie
47529,Mito Pereira,46,22.0,4.0,2,365016.67,1.0,2023,3,Familiar
47529,Mito Pereira,51,,,0,0.0,0.0,2022,4,Rookie
47529,Mito Pereira,53,,,0,0.0,0.0,2023,3,Rookie
47529,Mito Pereira,56,13.0,13.0,1,158670.0,1.0,2022,4,Rookie
47529,Mito Pereira,57,27.0,27.0,1,54600.0,1.0,2022,4,Rookie
47529,Mito Pereira,61,,,0,0.0,0.0,2022,4,Rookie
47529,Mito Pereira,62,,,0,0.0,0.0,2021,5,Rookie
47567,Ben Polland,15,62.0,62.0,1,20424.0,1.0,2025,1,Rookie
47567,Ben Polland,34,,,0,0.0,0.0,2024,2,Rookie
47567,Ben Polland,41,,,0,0.0,0.0,2025,1,Rookie
47567,Ben Polland,48,,,0,0.0,0.0,2025,1,Rookie
47579,Kyle Wilshire,3,81.0,81.0,1,16562.0,1.0,2022,4,Rookie
47579,Kyle Wilshire,41,,,0,0.0,0.0,2022,4,Rookie
47591,Eric Cole,0,30.0,30.0,1,46744.28,0.5,2025,1,Rookie
47591,Eric Cole,1,52.0,36.0,2,56384.0,1.0,2025,1,Familiar
47591,Eric Cole,2,35.5,21.0,2,277750.0,0.6666666666666666,2025,1,Familiar
47591,Eric Cole,3,23.0,23.0,1,80546.43,1.0,2023,3,Rookie
47591,Eric Cole,4,17.0,14.0,3,627022.73,1.0,2025,1,Experienced
47591,Eric Cole,8,35.5,25.0,2,253750.0,1.0,2024,2,Familiar
47591,Eric Cole,9,35.0,35.0,1,42735.0,1.0,2023,3,Rookie
47591,Eric Cole,10,28.0,28.0,1,60978.13,0.3333333333333333,2025,1,Rookie
47591,Eric Cole,13,5.0,5.0,1,305971.88,1.0,2025,1,Rookie
47591,Eric Cole,15,,,0,0.0,0.0,2025,1,Rookie
47591,Eric Cole,16,68.0,68.0,1,19716.0,0.3333333333333333,2025,1,Rookie
47591,Eric Cole,17,24.5,18.0,2,386000.0,1.0,2024,2,Familiar
47591,Eric Cole,18,4.0,4.0,1,411600.0,0.5,2023,3,Rookie
47591,Eric Cole,19,10.0,10.0,1,455000.0,0.5,2025,1,Rookie
47591,Eric Cole,20,53.0,46.0,2,54589.09,1.0,2024,2,Familiar
47591,Eric Cole,22,2.0,2.0,1,915600.0,1.0,2023,3,Rookie
47591,Eric Cole,25,36.333333333333336,7.0,3,296289.11,0.75,2025,1,Experienced
47591,Eric Cole,27,37.666666666666664,24.0,3,285900.0,1.0,2025,1,Experienced
47591,Eric Cole,28,5.0,5.0,1,284900.0,1.0,2023,3,Rookie
47591,Eric Cole,34,28.0,15.0,2,349010.0,0.6666666666666666,2025,1,Familiar
47591,Eric Cole,35,27.0,27.0,1,167656.25,0.3333333333333333,2025,1,Rookie
47591,Eric Cole,36,43.0,43.0,1,21900.0,0.5,2025,1,Rookie
47591,Eric Cole,37,6.0,6.0,1,315000.0,0.3333333333333333,2025,1,Rookie
47591,Eric Cole,38,25.5,18.0,2,332222.23,1.0,2025,1,Familiar
47591,Eric Cole,40,6.0,6.0,1,300150.0,1.0,2024,2,Rookie
47591,Eric Cole,41,19.5,3.0,4,747205.0,1.0,2025,1,Experienced
47591,Eric Cole,43,20.0,9.0,3,316083.75,0.75,2025,1,Experienced
47591,Eric Cole,44,33.0,14.0,2,373250.0,1.0,2025,1,Familiar
47591,Eric Cole,46,3.0,3.0,1,410025.0,0.3333333333333333,2024,2,Rookie
47591,Eric Cole,48,26.333333333333332,5.0,3,527215.0,1.0,2025,1,Experienced
47591,Eric Cole,49,15.0,15.0,1,163875.0,1.0,2025,1,Rookie
47591,Eric Cole,51,36.0,24.0,2,216285.71,0.6666666666666666,2025,1,Familiar
47591,Eric Cole,52,34.0,34.0,1,95062.5,1.0,2025,1,Rookie
47591,Eric Cole,53,39.0,39.0,1,85441.0,0.3333333333333333,2025,1,Rookie
47591,Eric Cole,55,,,0,0.0,0.0,2021,5,Rookie
47591,Eric Cole,56,32.5,26.0,2,108245.0,0.6666666666666666,2025,1,Familiar
47591,Eric Cole,57,22.5,12.0,2,217760.0,0.6666666666666666,2025,1,Familiar
47591,Eric Cole,60,68.0,68.0,1,41400.0,0.5,2024,2,Rookie
47591,Eric Cole,61,49.0,49.0,1,22396.0,0.5,2025,1,Rookie
47591,Eric Cole,62,31.666666666666668,7.0,3,388981.0,1.0,2025,1,Experienced
47591,Eric Cole,63,6.0,6.0,1,266050.0,1.0,2024,2,Rookie
47627,Samuel Saunders,56,,,0,0.0,0.0,2022,4,Rookie
47663,Kevin Dougherty,0,,,0,0.0,0.0,2024,2,Rookie
47663,Kevin Dougherty,7,,,0,0.0,0.0,2024,2,Rookie
47663,Kevin Dougherty,13,30.0,30.0,1,52293.18,1.0,2024,2,Rookie
47663,Kevin Dougherty,15,,,0,0.0,0.0,2024,2,Rookie
47663,Kevin Dougherty,16,50.0,50.0,1,21990.0,1.0,2024,2,Rookie
47663,Kevin Dougherty,24,,,0,0.0,0.0,2024,2,Rookie
47663,Kevin Dougherty,25,46.0,46.0,1,23280.0,1.0,2024,2,Rookie
47663,Kevin Dougherty,28,38.0,38.0,1,32805.0,1.0,2024,2,Rookie
47663,Kevin Dougherty,30,,,0,0.0,0.0,2024,2,Rookie
47663,Kevin Dougherty,36,64.0,64.0,1,13080.0,1.0,2024,2,Rookie
47663,Kevin Dougherty,37,,,0,0.0,0.0,2024,2,Rookie
47663,Kevin Dougherty,40,,,0,0.0,0.0,2024,2,Rookie
47663,Kevin Dougherty,41,,,0,0.0,0.0,2024,2,Rookie
47663,Kevin Dougherty,43,,,0,0.0,0.0,2024,2,Rookie
47663,Kevin Dougherty,46,,,0,0.0,0.0,2024,2,Rookie
47663,Kevin Dougherty,49,45.0,45.0,1,25502.75,1.0,2024,2,Rookie
47663,Kevin Dougherty,56,,,0,0.0,0.0,2024,2,Rookie
47663,Kevin Dougherty,57,45.0,45.0,1,25704.0,1.0,2024,2,Rookie
47663,Kevin Dougherty,62,,,0,0.0,0.0,2024,2,Rookie
47667,Conner Godsey,41,,,0,0.0,0.0,2023,3,Rookie
47679,Victor Perez,0,28.0,28.0,1,50590.91,1.0,2025,1,Rookie
47679,Victor Perez,1,34.0,34.0,1,42093.33,1.0,2025,1,Rookie
47679,Victor Perez,2,68.0,68.0,1,19344.0,1.0,2021,5,Rookie
47679,Victor Perez,5,47.0,47.0,1,16440.0,1.0,2025,1,Rookie
47679,Victor Perez,10,62.5,50.0,2,40759.33,1.0,2025,1,Familiar
47679,Victor Perez,13,60.0,60.0,1,21978.0,1.0,2025,1,Rookie
47679,Victor Perez,15,17.0,16.0,2,254856.66999999998,1.0,2025,1,Familiar
47679,Victor Perez,16,,,0,0.0,0.0,2025,1,Rookie
47679,Victor Perez,17,40.0,40.0,1,76000.0,1.0,2024,2,Rookie
47679,Victor Perez,20,29.333333333333332,10.0,3,277090.70999999996,1.0,2025,1,Experienced
47679,Victor Perez,25,,,0,0.0,0.0,2025,1,Rookie
47679,Victor Perez,26,,,0,0.0,0.0,2021,5,Rookie
47679,Victor Perez,27,12.0,12.0,1,430333.33,1.0,2024,2,Rookie
47679,Victor Perez,28,52.0,52.0,1,19467.0,1.0,2024,2,Rookie
47679,Victor Perez,29,72.0,72.0,1,14280.0,1.0,2025,1,Rookie
47679,Victor Perez,30,46.0,46.0,1,12240.0,1.0,2024,2,Rookie
47679,Victor Perez,32,13.0,13.0,1,69571.43,1.0,2025,1,Rookie
47679,Victor Perez,34,12.0,12.0,1,365000.0,0.25,2025,1,Rookie
47679,Victor Perez,35,9.0,9.0,1,339375.0,1.0,2021,5,Rookie
47679,Victor Perez,36,,,0,0.0,0.0,2025,1,Rookie
47679,Victor Perez,37,6.0,3.0,2,905850.0,1.0,2025,1,Familiar
47679,Victor Perez,39,51.0,51.0,1,22709.33,1.0,2025,1,Rookie
47679,Victor Perez,43,11.0,11.0,1,139500.0,1.0,2025,1,Rookie
47679,Victor Perez,49,17.5,17.0,2,243211.11,1.0,2025,1,Familiar
47679,Victor Perez,51,44.0,44.0,1,63000.0,1.0,2024,2,Rookie
47679,Victor Perez,53,19.0,19.0,1,243070.0,0.25,2025,1,Rookie
47679,Victor Perez,54,,,0,0.0,0.0,2021,5,Rookie
47679,Victor Perez,55,19.0,19.0,1,243070.0,1.0,2021,5,Rookie
47679,Victor Perez,56,45.0,45.0,1,26772.0,0.5,2025,1,Rookie
47679,Victor Perez,57,33.5,22.0,2,102719.0,0.6666666666666666,2025,1,Familiar
47679,Victor Perez,61,,,0,0.0,0.0,2025,1,Rookie
47679,Victor Perez,62,35.5,33.0,2,81599.0,1.0,2025,1,Familiar
47679,Victor Perez,63,33.0,33.0,1,44922.5,1.0,2024,2,Rookie
47737,Logan McCracken,3,,,0,0.0,0.0,2023,3,Rookie
47806,Raul Pereda,0,,,0,0.0,0.0,2024,2,Rookie
47806,Raul Pereda,7,54.0,54.0,1,17400.0,1.0,2024,2,Rookie
47806,Raul Pereda,13,,,0,0.0,0.0,2024,2,Rookie
47806,Raul Pereda,16,,,0,0.0,0.0,2024,2,Rookie
47806,Raul Pereda,24,,,0,0.0,0.0,2024,2,Rookie
47806,Raul Pereda,25,,,0,0.0,0.0,2024,2,Rookie
47806,Raul Pereda,28,60.0,60.0,1,16940.0,0.5,2024,2,Rookie
47806,Raul Pereda,30,,,0,0.0,0.0,2024,2,Rookie
47806,Raul Pereda,36,,,0,0.0,0.0,2024,2,Rookie
47806,Raul Pereda,37,,,0,0.0,0.0,2024,2,Rookie
47806,Raul Pereda,40,,,0,0.0,0.0,2024,2,Rookie
47806,Raul Pereda,41,,,0,0.0,0.0,2024,2,Rookie
47806,Raul Pereda,43,,,0,0.0,0.0,2024,2,Rookie
47806,Raul Pereda,49,78.0,78.0,1,17017.0,1.0,2024,2,Rookie
47806,Raul Pereda,56,,,0,0.0,0.0,2024,2,Rookie
47806,Raul Pereda,57,,,0,0.0,0.0,2024,2,Rookie
47806,Raul Pereda,62,,,0,0.0,0.0,2024,2,Rookie
47842,Hanbyeol Kim,11,48.0,48.0,1,23205.0,1.0,2021,5,Rookie
47842,Hanbyeol Kim,12,75.0,75.0,1,16185.0,1.0,2022,4,Rookie
47847,Ivan Cantero Gutierrez,24,40.0,40.0,1,16600.0,0.5,2025,1,Rookie
47850,John Axelsen,6,33.0,33.0,1,19841.43,1.0,2023,3,Rookie
47856,Seth Reeves,0,,,0,0.0,0.0,2022,4,Rookie
47856,Seth Reeves,1,,,0,0.0,0.0,2022,4,Rookie
47856,Seth Reeves,3,69.0,69.0,1,18564.0,1.0,2022,4,Rookie
47856,Seth Reeves,4,33.0,33.0,1,43548.33,1.0,2022,4,Rookie
47856,Seth Reeves,6,27.0,27.0,1,21909.29,1.0,2022,4,Rookie
47856,Seth Reeves,16,,,0,0.0,0.0,2022,4,Rookie
47856,Seth Reeves,18,,,0,0.0,0.0,2022,4,Rookie
47856,Seth Reeves,22,,,0,0.0,0.0,2022,4,Rookie
47856,Seth Reeves,25,66.0,66.0,1,15123.0,1.0,2022,4,Rookie
47856,Seth Reeves,28,,,0,0.0,0.0,2022,4,Rookie
47856,Seth Reeves,37,,,0,0.0,0.0,2022,4,Rookie
47856,Seth Reeves,40,37.0,37.0,1,36540.0,1.0,2022,4,Rookie
47856,Seth Reeves,41,,,0,0.0,0.0,2022,4,Rookie
47856,Seth Reeves,43,8.0,8.0,1,204750.0,1.0,2022,4,Rookie
47856,Seth Reeves,46,,,0,0.0,0.0,2022,4,Rookie
47856,Seth Reeves,48,,,0,0.0,0.0,2022,4,Rookie
47856,Seth Reeves,51,,,0,0.0,0.0,2022,4,Rookie
47856,Seth Reeves,56,,,0,0.0,0.0,2022,4,Rookie
47856,Seth Reeves,57,,,0,0.0,0.0,2022,4,Rookie
47856,Seth Reeves,60,,,0,0.0,0.0,2022,4,Rookie
47856,Seth Reeves,62,,,0,0.0,0.0,2022,4,Rookie
47888,Taiga Semikawa,1,,,0,0.0,0.0,2023,3,Rookie
47888,Taiga Semikawa,13,9.0,9.0,1,249375.0,1.0,2024,2,Rookie
47888,Taiga Semikawa,16,65.5,64.0,2,37350.0,1.0,2024,2,Familiar
47888,Taiga Semikawa,30,,,0,0.0,0.0,2024,2,Rookie
47888,Taiga Semikawa,48,48.5,30.0,2,61103.83,1.0,2024,2,Familiar
47894,Wei-Hsuan Wang,37,,,0,0.0,0.0,2025,1,Rookie
47917,Takumi Kanaya,0,7.0,7.0,1,263900.0,1.0,2025,1,Rookie
47917,Takumi Kanaya,1,,,0,0.0,0.0,2025,1,Rookie
47917,Takumi Kanaya,2,,,0,0.0,0.0,2022,4,Rookie
47917,Takumi Kanaya,5,33.0,33.0,1,33450.0,1.0,2025,1,Rookie
47917,Takumi Kanaya,10,,,0,0.0,0.0,2025,1,Rookie
47917,Takumi Kanaya,13,5.0,5.0,1,305971.88,1.0,2025,1,Rookie
47917,Takumi Kanaya,16,,,0,0.0,0.0,2025,1,Rookie
47917,Takumi Kanaya,24,,,0,0.0,0.0,2025,1,Rookie
47917,Takumi Kanaya,25,,,0,0.0,0.0,2025,1,Rookie
47917,Takumi Kanaya,26,,,0,0.0,0.0,2021,5,Rookie
47917,Takumi Kanaya,29,32.0,32.0,1,46900.0,1.0,2025,1,Rookie
47917,Takumi Kanaya,32,45.0,45.0,1,12005.71,1.0,2025,1,Rookie
47917,Takumi Kanaya,34,,,0,0.0,0.0,2025,1,Rookie
47917,Takumi Kanaya,36,,,0,0.0,0.0,2025,1,Rookie
47917,Takumi Kanaya,37,,,0,0.0,0.0,2025,1,Rookie
47917,Takumi Kanaya,38,,,0,0.0,0.0,2022,4,Rookie
47917,Takumi Kanaya,39,46.0,46.0,1,27091.2,1.0,2025,1,Rookie
47917,Takumi Kanaya,41,,,0,0.0,0.0,2025,1,Rookie
47917,Takumi Kanaya,43,21.0,21.0,1,56775.0,1.0,2025,1,Rookie
47917,Takumi Kanaya,48,,,0,0.0,0.0,2025,1,Rookie
47917,Takumi Kanaya,49,,,0,0.0,0.0,2025,1,Rookie
47917,Takumi Kanaya,53,,,0,0.0,0.0,2025,1,Rookie
47917,Takumi Kanaya,54,,,0,0.0,0.0,2021,5,Rookie
47917,Takumi Kanaya,55,,,0,0.0,0.0,2021,5,Rookie
47917,Takumi Kanaya,56,,,0,0.0,0.0,2025,1,Rookie
47917,Takumi Kanaya,57,,,0,0.0,0.0,2025,1,Rookie
47917,Takumi Kanaya,62,,,0,0.0,0.0,2025,1,Rookie
47917,Takumi Kanaya,63,37.0,37.0,1,37060.0,1.0,2024,2,Rookie
47917,Takumi Kanaya,64,41.0,41.0,1,26880.0,1.0,2021,5,Rookie
47918,Naoki Sekito,64,75.0,75.0,1,13280.0,1.0,2021,5,Rookie
47959,Bryson DeChambeau,2,1.0,1.0,1,1674000.0,1.0,2021,5,Rookie
47959,Bryson DeChambeau,3,55.0,55.0,1,18630.0,1.0,2021,5,Rookie
47959,Bryson DeChambeau,8,2.0,2.0,1,1026000.0,1.0,2021,5,Rookie
47959,Bryson DeChambeau,16,,,0,0.0,0.0,2022,4,Rookie
47959,Bryson DeChambeau,19,,,0,0.0,0.0,2021,5,Rookie
47959,Bryson DeChambeau,26,18.0,18.0,1,110670.0,1.0,2021,5,Rookie
47959,Bryson DeChambeau,27,,,0,0.0,0.0,2022,4,Rookie
47959,Bryson DeChambeau,31,31.0,31.0,1,48925.0,1.0,2021,5,Rookie
47959,Bryson DeChambeau,34,11.5,2.0,4,4178666.67,1.0,2025,1,Experienced
47959,Bryson DeChambeau,35,3.0,3.0,1,885000.0,1.0,2021,5,Rookie
47959,Bryson DeChambeau,40,,,0,0.0,0.0,2021,5,Rookie
47959,Bryson DeChambeau,45,16.0,7.0,2,312333.33999999997,1.0,2022,4,Familiar
47959,Bryson DeChambeau,47,8.0,8.0,1,190750.0,1.0,2021,5,Rookie
47959,Bryson DeChambeau,50,7.0,7.0,1,0.0,1.0,2021,5,Rookie
47959,Bryson DeChambeau,51,19.0,19.0,1,87690.0,1.0,2021,5,Rookie
47959,Bryson DeChambeau,53,25.666666666666668,1.0,3,4538663.0,0.75,2025,1,Experienced
47959,Bryson DeChambeau,54,1.0,1.0,1,2250000.0,1.0,2021,5,Rookie
47959,Bryson DeChambeau,55,,,0,0.0,0.0,2021,5,Rookie
47959,Bryson DeChambeau,56,,,0,0.0,0.0,2022,4,Rookie
47959,Bryson DeChambeau,60,9.0,9.0,1,228825.0,1.0,2021,5,Rookie
47960,Simon Forsström,20,,,0,0.0,0.0,2025,1,Rookie
47960,Simon Forsström,53,,,0,0.0,0.0,2023,3,Rookie
47966,Jeremy Freiburghaus,6,,,0,0.0,0.0,2023,3,Rookie
47983,Chad Ramey,0,35.0,24.0,3,130732.91,1.0,2025,1,Experienced
47983,Chad Ramey,1,,,0,0.0,0.0,2025,1,Rookie
47983,Chad Ramey,3,50.0,50.0,1,22216.43,1.0,2023,3,Rookie
47983,Chad Ramey,4,70.0,70.0,1,18180.0,0.5,2023,3,Rookie
47983,Chad Ramey,5,33.0,33.0,1,33450.0,1.0,2025,1,Rookie
47983,Chad Ramey,6,44.0,44.0,1,11172.0,1.0,2023,3,Rookie
47983,Chad Ramey,7,21.0,21.0,1,81750.0,1.0,2024,2,Rookie
47983,Chad Ramey,9,,,0,0.0,0.0,2023,3,Rookie
47983,Chad Ramey,10,19.5,12.0,2,234682.5,0.5,2025,1,Familiar
47983,Chad Ramey,13,,,0,0.0,0.0,2025,1,Rookie
47983,Chad Ramey,15,35.0,35.0,1,43875.0,0.5,2025,1,Rookie
47983,Chad Ramey,16,55.0,39.0,3,75582.0,1.0,2025,1,Experienced
47983,Chad Ramey,17,,,0,0.0,0.0,2022,4,Rookie
47983,Chad Ramey,18,19.0,19.0,1,99540.0,0.3333333333333333,2023,3,Rookie
47983,Chad Ramey,19,,,0,0.0,0.0,2023,3,Rookie
47983,Chad Ramey,21,,,0,0.0,0.0,2022,4,Rookie
47983,Chad Ramey,22,,,0,0.0,0.0,2023,3,Rookie
47983,Chad Ramey,24,26.5,8.0,2,125965.33,1.0,2025,1,Familiar
47983,Chad Ramey,25,42.0,42.0,1,24905.11,0.25,2025,1,Rookie
47983,Chad Ramey,27,,,0,0.0,0.0,2023,3,Rookie
47983,Chad Ramey,28,33.0,33.0,1,44145.0,0.5,2024,2,Rookie
47983,Chad Ramey,29,34.0,34.0,1,35159.09,1.0,2025,1,Rookie
47983,Chad Ramey,30,,,0,0.0,0.0,2024,2,Rookie
47983,Chad Ramey,32,45.0,45.0,1,12005.71,1.0,2025,1,Rookie
47983,Chad Ramey,34,,,0,0.0,0.0,2022,4,Rookie
47983,Chad Ramey,35,27.0,27.0,1,167656.25,0.3333333333333333,2025,1,Rookie
47983,Chad Ramey,36,44.0,30.0,2,50565.0,1.0,2025,1,Familiar
47983,Chad Ramey,37,24.0,24.0,1,83190.0,0.3333333333333333,2025,1,Rookie
47983,Chad Ramey,38,59.0,59.0,1,17680.0,0.5,2023,3,Rookie
47983,Chad Ramey,39,26.0,26.0,1,70080.0,1.0,2025,1,Rookie
47983,Chad Ramey,40,17.0,17.0,1,129800.0,0.3333333333333333,2024,2,Rookie
47983,Chad Ramey,41,62.0,62.0,1,15400.0,0.25,2025,1,Rookie
47983,Chad Ramey,43,39.5,16.0,2,124596.66,0.4,2025,1,Familiar
47983,Chad Ramey,45,38.0,38.0,1,201000.0,1.0,2023,3,Rookie
47983,Chad Ramey,46,27.75,14.0,4,253701.33000000002,1.0,2024,2,Experienced
47983,Chad Ramey,48,54.0,54.0,1,18249.0,0.25,2025,1,Rookie
47983,Chad Ramey,49,32.0,17.0,2,159818.0,1.0,2025,1,Familiar
47983,Chad Ramey,51,38.0,38.0,1,83000.0,0.5,2023,3,Rookie
47983,Chad Ramey,56,23.0,5.0,2,334530.0,0.5,2025,1,Familiar
47983,Chad Ramey,57,27.0,27.0,1,53190.0,0.25,2025,1,Rookie
47983,Chad Ramey,60,28.0,21.0,2,197700.0,1.0,2023,3,Familiar
47983,Chad Ramey,61,,,0,0.0,0.0,2025,1,Rookie
47983,Chad Ramey,62,52.0,52.0,1,18881.0,0.25,2025,1,Rookie
47983,Chad Ramey,63,46.0,46.0,1,20357.5,1.0,2024,2,Rookie
47987,Cole Hammer,0,,,0,0.0,0.0,2022,4,Rookie
47987,Cole Hammer,2,65.0,65.0,1,43200.0,1.0,2023,3,Rookie
47987,Cole Hammer,3,,,0,0.0,0.0,2021,5,Rookie
47987,Cole Hammer,9,27.0,27.0,1,56332.5,1.0,2023,3,Rookie
47987,Cole Hammer,10,,,0,0.0,0.0,2023,3,Rookie
47987,Cole Hammer,16,,,0,0.0,0.0,2023,3,Rookie
47987,Cole Hammer,33,,,0,0.0,0.0,2021,5,Rookie
47987,Cole Hammer,40,,,0,0.0,0.0,2022,4,Rookie
47987,Cole Hammer,41,5.0,5.0,1,277830.0,1.0,2023,3,Rookie
47987,Cole Hammer,43,,,0,0.0,0.0,2023,3,Rookie
47987,Cole Hammer,46,,,0,0.0,0.0,2023,3,Rookie
47987,Cole Hammer,48,61.0,61.0,1,17380.0,1.0,2023,3,Rookie
47987,Cole Hammer,49,,,0,0.0,0.0,2024,2,Rookie
47987,Cole Hammer,51,,,0,0.0,0.0,2022,4,Rookie
47987,Cole Hammer,54,,,0,0.0,0.0,2021,5,Rookie
47987,Cole Hammer,56,64.0,64.0,1,18868.0,1.0,2023,3,Rookie
47987,Cole Hammer,57,,,0,0.0,0.0,2023,3,Rookie
47987,Cole Hammer,62,,,0,0.0,0.0,2022,4,Rookie
47988,Nick Hardy,0,36.25,13.0,4,225121.9,1.0,2025,1,Experienced
47988,Nick Hardy,1,67.0,67.0,1,15884.0,0.5,2025,1,Rookie
47988,Nick Hardy,2,,,0,0.0,0.0,2023,3,Rookie
47988,Nick Hardy,4,44.0,41.0,2,80807.14,0.6666666666666666,2024,2,Familiar
47988,Nick Hardy,5,,,0,0.0,0.0,2025,1,Rookie
47988,Nick Hardy,7,8.0,8.0,1,219375.0,1.0,2024,2,Rookie
47988,Nick Hardy,10,41.333333333333336,11.0,3,245948.0,1.0,2025,1,Experienced
47988,Nick Hardy,13,,,0,0.0,0.0,2025,1,Rookie
47988,Nick Hardy,15,,,0,0.0,0.0,2025,1,Rookie
47988,Nick Hardy,16,40.5,37.0,2,65628.0,0.5,2025,1,Familiar
47988,Nick Hardy,17,49.0,49.0,1,50533.34,1.0,2023,3,Rookie
47988,Nick Hardy,18,51.5,36.0,2,49328.34,0.6666666666666666,2023,3,Familiar
47988,Nick Hardy,19,,,0,0.0,0.0,2024,2,Rookie
47988,Nick Hardy,22,,,0,0.0,0.0,2023,3,Rookie
47988,Nick Hardy,24,33.5,8.0,2,122373.33,1.0,2025,1,Familiar
47988,Nick Hardy,25,25.5,21.0,2,123220.28,0.5,2025,1,Familiar
47988,Nick Hardy,27,,,0,0.0,0.0,2023,3,Rookie
47988,Nick Hardy,29,,,0,0.0,0.0,2025,1,Rookie
47988,Nick Hardy,32,,,0,0.0,0.0,2025,1,Rookie
47988,Nick Hardy,34,,,0,0.0,0.0,2023,3,Rookie
47988,Nick Hardy,35,,,0,0.0,0.0,2024,2,Rookie
47988,Nick Hardy,36,50.0,50.0,1,14562.86,0.5,2025,1,Rookie
47988,Nick Hardy,37,38.5,35.0,2,69716.0,0.6666666666666666,2025,1,Familiar
47988,Nick Hardy,38,,,0,0.0,0.0,2023,3,Rookie
47988,Nick Hardy,39,51.0,51.0,1,22709.33,1.0,2025,1,Rookie
47988,Nick Hardy,40,52.0,52.0,1,22650.4,0.3333333333333333,2024,2,Rookie
47988,Nick Hardy,41,43.0,23.0,2,90732.0,0.4,2025,1,Familiar
47988,Nick Hardy,43,23.5,5.0,4,425537.5,1.0,2024,2,Experienced
47988,Nick Hardy,44,47.0,47.0,1,62000.0,1.0,2024,2,Rookie
47988,Nick Hardy,46,49.5,44.0,2,42740.0,0.6666666666666666,2024,2,Familiar
47988,Nick Hardy,48,32.333333333333336,14.0,3,167807.6,0.6,2025,1,Experienced
47988,Nick Hardy,49,57.0,57.0,1,20475.0,0.5,2025,1,Rookie
47988,Nick Hardy,51,23.0,8.0,2,326605.0,1.0,2023,3,Familiar
47988,Nick Hardy,53,17.0,14.0,2,441454.0,1.0,2023,3,Familiar
47988,Nick Hardy,56,26.5,25.0,2,123656.67,0.5,2025,1,Familiar
47988,Nick Hardy,57,,,0,0.0,0.0,2025,1,Rookie
47988,Nick Hardy,59,42.0,42.0,1,23852.75,1.0,2021,5,Rookie
47988,Nick Hardy,60,68.0,68.0,1,41800.0,1.0,2023,3,Rookie
47988,Nick Hardy,61,66.0,66.0,1,18392.0,0.5,2025,1,Rookie
47988,Nick Hardy,62,32.5,27.0,2,90725.0,0.5,2025,1,Familiar
47989,Sam Horsfield,34,49.0,49.0,1,24950.0,0.5,2022,4,Rookie
47989,Sam Horsfield,53,,,0,0.0,0.0,2022,4,Rookie
47989,Sam Horsfield,57,,,0,0.0,0.0,2021,5,Rookie
47993,Denny McCarthy,0,67.0,67.0,1,13794.0,1.0,2021,5,Rookie
47993,Denny McCarthy,1,28.0,6.0,2,276380.0,0.6666666666666666,2023,3,Familiar
47993,Denny McCarthy,2,38.25,18.0,4,458325.0,1.0,2025,1,Experienced
47993,Denny McCarthy,4,25.0,4.0,4,755375.0,0.8,2025,1,Experienced
47993,Denny McCarthy,6,,,0,0.0,0.0,2021,5,Rookie
47993,Denny McCarthy,8,23.0,10.0,4,925850.0,1.0,2025,1,Experienced
47993,Denny McCarthy,9,53.0,53.0,1,20118.0,1.0,2023,3,Rookie
47993,Denny McCarthy,10,25.5,24.0,2,127198.75,0.5,2024,2,Familiar
47993,Denny McCarthy,14,37.0,37.0,1,46830.0,1.0,2023,3,Rookie
47993,Denny McCarthy,15,48.0,48.0,1,23805.0,0.5,2025,1,Rookie
47993,Denny McCarthy,16,73.0,73.0,1,14850.0,1.0,2021,5,Rookie
47993,Denny McCarthy,17,31.75,9.0,4,884779.17,1.0,2025,1,Experienced
47993,Denny McCarthy,18,25.0,25.0,1,55272.73,0.5,2023,3,Rookie
47993,Denny McCarthy,19,19.333333333333332,5.0,3,1173500.0,0.75,2025,1,Experienced
47993,Denny McCarthy,20,,,0,0.0,0.0,2025,1,Rookie
47993,Denny McCarthy,21,11.0,11.0,1,166875.0,1.0,2022,4,Rookie
47993,Denny McCarthy,22,16.5,3.0,2,363733.33999999997,0.6666666666666666,2023,3,Familiar
47993,Denny McCarthy,25,7.5,6.0,4,893235.71,0.8,2025,1,Experienced
47993,Denny McCarthy,26,,,0,0.0,0.0,2021,5,Rookie
47993,Denny McCarthy,27,25.25,2.0,4,2726600.0,1.0,2025,1,Experienced
47993,Denny McCarthy,31,71.0,71.0,1,19190.0,1.0,2021,5,Rookie
47993,Denny McCarthy,34,36.0,8.0,4,598463.3,0.8,2025,1,Experienced
47993,Denny McCarthy,35,35.4,13.0,5,1065502.37,1.0,2025,1,Veteran
47993,Denny McCarthy,38,34.2,13.0,5,494475.0,1.0,2025,1,Veteran
47993,Denny McCarthy,40,,,0,0.0,0.0,2022,4,Rookie
47993,Denny McCarthy,41,27.4,5.0,5,601407.59,0.8333333333333334,2025,1,Veteran
47993,Denny McCarthy,42,,,0,0.0,0.0,2021,5,Rookie
47993,Denny McCarthy,43,20.666666666666668,6.0,3,319978.33,1.0,2023,3,Experienced
47993,Denny McCarthy,44,44.5,43.0,2,138000.0,1.0,2025,1,Familiar
47993,Denny McCarthy,46,,,0,0.0,0.0,2023,3,Rookie
47993,Denny McCarthy,47,57.0,57.0,1,16170.0,1.0,2021,5,Rookie
47993,Denny McCarthy,48,30.0,16.0,4,261346.51,1.0,2025,1,Experienced
47993,Denny McCarthy,51,30.75,7.0,4,1222178.0,0.8,2025,1,Experienced
47993,Denny McCarthy,52,46.0,46.0,1,53600.0,1.0,2025,1,Rookie
47993,Denny McCarthy,53,29.0,7.0,4,872504.0,1.0,2025,1,Experienced
47993,Denny McCarthy,55,57.0,57.0,1,45524.0,1.0,2021,5,Rookie
47993,Denny McCarthy,56,18.0,2.0,4,1244492.3599999999,1.0,2025,1,Experienced
47993,Denny McCarthy,57,35.333333333333336,19.0,3,134414.33000000002,1.0,2023,3,Experienced
47993,Denny McCarthy,58,38.0,38.0,1,29750.0,1.0,2021,5,Rookie
47993,Denny McCarthy,59,,,0,0.0,0.0,2021,5,Rookie
47993,Denny McCarthy,60,13.0,6.0,3,1289150.0,0.75,2024,2,Experienced
47993,Denny McCarthy,61,19.0,16.0,2,222433.33000000002,0.5,2025,1,Familiar
47993,Denny McCarthy,62,19.666666666666668,11.0,3,335301.22,0.6,2025,1,Experienced
47995,Davis Riley,0,46.0,46.0,1,22066.71,0.3333333333333333,2025,1,Rookie
47995,Davis Riley,1,62.0,59.0,2,34144.0,0.6666666666666666,2025,1,Familiar
47995,Davis Riley,2,8.0,8.0,1,605000.0,0.5,2023,3,Rookie
47995,Davis Riley,3,9.0,9.0,1,247975.0,0.5,2023,3,Rookie
47995,Davis Riley,4,63.5,49.0,2,53588.8,0.5,2024,2,Familiar
47995,Davis Riley,6,58.0,58.0,1,7910.0,1.0,2021,5,Rookie
47995,Davis Riley,8,54.0,54.0,1,34350.0,1.0,2022,4,Rookie
47995,Davis Riley,9,27.0,27.0,1,56332.5,1.0,2023,3,Rookie
47995,Davis Riley,10,2.5,1.0,2,1991500.0,0.5,2025,1,Familiar
47995,Davis Riley,13,37.5,30.0,2,83478.18,1.0,2025,1,Familiar
47995,Davis Riley,14,52.0,52.0,1,21840.0,1.0,2023,3,Rookie
47995,Davis Riley,15,55.0,48.0,2,43605.0,1.0,2025,1,Familiar
47995,Davis Riley,16,,,0,0.0,0.0,2025,1,Rookie
47995,Davis Riley,17,35.333333333333336,31.0,3,254186.36,1.0,2025,1,Experienced
47995,Davis Riley,18,,,0,0.0,0.0,2023,3,Rookie
47995,Davis Riley,20,35.0,35.0,1,52810.71,0.3333333333333333,2025,1,Rookie
47995,Davis Riley,21,29.0,29.0,1,48062.5,1.0,2022,4,Rookie
47995,Davis Riley,22,35.5,29.0,2,74026.15,1.0,2023,3,Familiar
47995,Davis Riley,25,,,0,0.0,0.0,2024,2,Rookie
47995,Davis Riley,27,33.5,13.0,2,268600.0,0.6666666666666666,2024,2,Familiar
47995,Davis Riley,28,5.0,5.0,1,299300.0,0.5,2024,2,Rookie
47995,Davis Riley,29,,,0,0.0,0.0,2025,1,Rookie
47995,Davis Riley,30,66.0,66.0,1,8560.0,1.0,2024,2,Rookie
47995,Davis Riley,32,,,0,0.0,0.0,2025,1,Rookie
47995,Davis Riley,34,7.5,2.0,2,1672416.67,0.6666666666666666,2025,1,Familiar
47995,Davis Riley,35,38.0,38.0,1,111250.0,0.3333333333333333,2025,1,Rookie
47995,Davis Riley,37,59.0,59.0,1,21854.0,1.0,2025,1,Rookie
47995,Davis Riley,38,,,0,0.0,0.0,2023,3,Rookie
47995,Davis Riley,39,67.0,67.0,1,19776.0,1.0,2025,1,Rookie
47995,Davis Riley,40,45.0,33.0,2,67108.57,0.6666666666666666,2024,2,Familiar
47995,Davis Riley,41,56.5,46.0,2,36378.5,0.5,2025,1,Familiar
47995,Davis Riley,43,19.0,19.0,1,97091.0,0.16666666666666666,2025,1,Rookie
47995,Davis Riley,44,52.0,52.0,1,54500.0,0.5,2025,1,Rookie
47995,Davis Riley,46,41.666666666666664,28.0,3,99250.0,1.0,2024,2,Experienced
47995,Davis Riley,48,20.0,20.0,1,79017.86,0.5,2024,2,Rookie
47995,Davis Riley,49,33.0,14.0,2,188376.25,1.0,2025,1,Familiar
47995,Davis Riley,51,53.5,45.0,4,172246.71,1.0,2025,1,Experienced
47995,Davis Riley,53,31.0,31.0,1,100331.0,0.5,2025,1,Rookie
47995,Davis Riley,54,,,0,0.0,0.0,2021,5,Rookie
47995,Davis Riley,55,,,0,0.0,0.0,2021,5,Rookie
47995,Davis Riley,56,63.0,63.0,1,18576.0,0.3333333333333333,2024,2,Rookie
47995,Davis Riley,57,9.333333333333334,2.0,3,1232925.0,0.75,2025,1,Experienced
47995,Davis Riley,59,58.0,58.0,1,16425.0,1.0,2021,5,Rookie
47995,Davis Riley,60,,,0,0.0,0.0,2023,3,Rookie
47995,Davis Riley,61,,,0,0.0,0.0,2025,1,Rookie
47995,Davis Riley,62,25.5,13.0,2,160712.5,0.5,2025,1,Familiar
47995,Davis Riley,63,73.0,73.0,1,14450.0,1.0,2024,2,Rookie
48001,Zach Bauchou,28,,,0,0.0,0.0,2023,3,Rookie
48001,Zach Bauchou,53,,,0,0.0,0.0,2025,1,Rookie
48001,Zach Bauchou,55,,,0,0.0,0.0,2021,5,Rookie
48018,Sadom Kaewkanjana,34,,,0,0.0,0.0,2023,3,Rookie
48045,Michael Gellerman,0,16.0,16.0,1,87890.0,1.0,2021,5,Rookie
48045,Michael Gellerman,1,,,0,0.0,0.0,2021,5,Rookie
48045,Michael Gellerman,3,65.0,65.0,1,17415.0,1.0,2021,5,Rookie
48045,Michael Gellerman,4,,,0,0.0,0.0,2021,5,Rookie
48045,Michael Gellerman,6,,,0,0.0,0.0,2021,5,Rookie
48045,Michael Gellerman,16,,,0,0.0,0.0,2021,5,Rookie
48045,Michael Gellerman,25,34.0,34.0,1,30955.72,1.0,2021,5,Rookie
48045,Michael Gellerman,33,64.0,64.0,1,15768.0,1.0,2021,5,Rookie
48045,Michael Gellerman,40,41.0,41.0,1,24115.91,1.0,2021,5,Rookie
48045,Michael Gellerman,42,,,0,0.0,0.0,2021,5,Rookie
48045,Michael Gellerman,48,,,0,0.0,0.0,2021,5,Rookie
48045,Michael Gellerman,62,,,0,0.0,0.0,2021,5,Rookie
48051,Yannik Paul,6,20.0,20.0,1,49025.0,1.0,2022,4,Rookie
48051,Yannik Paul,20,31.333333333333332,25.0,3,187897.5,1.0,2025,1,Experienced
48051,Yannik Paul,34,69.0,69.0,1,28000.0,1.0,2023,3,Rookie
48051,Yannik Paul,53,,,0,0.0,0.0,2022,4,Rookie
48051,Yannik Paul,62,36.0,36.0,1,30328.18,1.0,2022,4,Rookie
48052,Max Rottluff,24,16.0,16.0,1,61000.0,1.0,2024,2,Rookie
48081,Xander Schauffele,1,3.0,3.0,1,472000.0,1.0,2023,3,Rookie
48081,Xander Schauffele,2,34.666666666666664,25.0,3,310828.57,1.0,2025,1,Experienced
48081,Xander Schauffele,3,5.0,5.0,1,336700.0,1.0,2022,4,Rookie
48081,Xander Schauffele,4,54.0,54.0,1,42500.0,1.0,2024,2,Rookie
48081,Xander Schauffele,8,18.6,3.0,5,2406570.0,1.0,2025,1,Veteran
48081,Xander Schauffele,11,2.0,2.0,1,1053000.0,1.0,2021,5,Rookie
48081,Xander Schauffele,12,18.0,18.0,1,116331.43,1.0,2022,4,Rookie
48081,Xander Schauffele,16,14.5,2.0,4,896904.0,1.0,2024,2,Experienced
48081,Xander Schauffele,17,26.25,2.0,4,2138652.38,1.0,2025,1,Experienced
48081,Xander Schauffele,19,16.25,4.0,4,1365220.23,1.0,2024,2,Experienced
48081,Xander Schauffele,20,21.666666666666668,8.0,3,400455.0,1.0,2025,1,Experienced
48081,Xander Schauffele,26,11.0,11.0,1,225525.0,1.0,2021,5,Rookie
48081,Xander Schauffele,27,18.75,8.0,4,1043800.0,1.0,2025,1,Experienced
48081,Xander Schauffele,31,16.0,16.0,1,144875.0,1.0,2021,5,Rookie
48081,Xander Schauffele,34,15.0,1.0,4,3913970.0,0.8,2025,1,Experienced
48081,Xander Schauffele,35,31.0,2.0,3,2216916.67,0.6,2025,1,Experienced
48081,Xander Schauffele,38,13.333333333333334,4.0,3,1426155.56,1.0,2025,1,Experienced
48081,Xander Schauffele,44,20.0,10.0,2,667500.0,1.0,2025,1,Familiar
48081,Xander Schauffele,45,8.5,5.0,2,450500.0,0.6666666666666666,2023,3,Familiar
48081,Xander Schauffele,50,3.75,2.0,4,0.0,1.0,2024,2,Experienced
48081,Xander Schauffele,51,23.5,1.0,4,2182050.0,1.0,2025,1,Experienced
48081,Xander Schauffele,52,11.0,11.0,1,440000.0,1.0,2025,1,Rookie
48081,Xander Schauffele,53,10.75,7.0,4,1665350.0,1.0,2025,1,Experienced
48081,Xander Schauffele,54,5.0,5.0,1,502993.0,1.0,2021,5,Rookie
48081,Xander Schauffele,55,12.0,12.0,1,349741.0,1.0,2021,5,Rookie
48081,Xander Schauffele,57,9.666666666666666,5.0,3,636975.0,1.0,2025,1,Experienced
48081,Xander Schauffele,59,2.0,2.0,1,649700.0,1.0,2021,5,Rookie
48081,Xander Schauffele,60,6.0,2.0,3,4483775.0,1.0,2024,2,Experienced
48081,Xander Schauffele,61,6.5,3.0,2,919600.0,1.0,2023,3,Familiar
48081,Xander Schauffele,63,41.0,41.0,1,29410.0,1.0,2024,2,Rookie
48081,Xander Schauffele,64,17.0,17.0,1,95857.78,1.0,2021,5,Rookie
48084,Wesley Bryan,0,67.0,67.0,1,16848.0,0.5,2024,2,Rookie
48084,Wesley Bryan,1,,,0,0.0,0.0,2025,1,Rookie
48084,Wesley Bryan,3,45.5,26.0,2,75992.0,0.6666666666666666,2023,3,Familiar
48084,Wesley Bryan,4,,,0,0.0,0.0,2023,3,Rookie
48084,Wesley Bryan,6,24.0,24.0,1,32585.0,0.5,2023,3,Rookie
48084,Wesley Bryan,7,21.0,21.0,1,81750.0,1.0,2024,2,Rookie
48084,Wesley Bryan,10,,,0,0.0,0.0,2024,2,Rookie
48084,Wesley Bryan,13,,,0,0.0,0.0,2024,2,Rookie
48084,Wesley Bryan,16,25.0,25.0,1,74067.86,1.0,2025,1,Rookie
48084,Wesley Bryan,18,,,0,0.0,0.0,2023,3,Rookie
48084,Wesley Bryan,19,43.0,43.0,1,28179.0,1.0,2021,5,Rookie
48084,Wesley Bryan,22,,,0,0.0,0.0,2022,4,Rookie
48084,Wesley Bryan,24,,,0,0.0,0.0,2024,2,Rookie
48084,Wesley Bryan,25,,,0,0.0,0.0,2024,2,Rookie
48084,Wesley Bryan,28,33.0,33.0,1,36540.55,0.5,2023,3,Rookie
48084,Wesley Bryan,30,,,0,0.0,0.0,2024,2,Rookie
48084,Wesley Bryan,36,13.0,13.0,1,86515.38,1.0,2024,2,Rookie
48084,Wesley Bryan,37,,,0,0.0,0.0,2024,2,Rookie
48084,Wesley Bryan,38,25.0,25.0,1,52273.75,0.3333333333333333,2023,3,Rookie
48084,Wesley Bryan,40,62.0,57.0,2,38060.0,1.0,2024,2,Familiar
48084,Wesley Bryan,41,44.0,44.0,1,24238.67,0.5,2024,2,Rookie
48084,Wesley Bryan,42,,,0,0.0,0.0,2021,5,Rookie
48084,Wesley Bryan,43,37.0,12.0,3,183548.0,1.0,2024,2,Experienced
48084,Wesley Bryan,48,29.5,27.0,2,83826.66,1.0,2022,4,Familiar
48084,Wesley Bryan,56,,,0,0.0,0.0,2021,5,Rookie
48084,Wesley Bryan,57,55.0,48.0,2,34691.0,0.6666666666666666,2023,3,Familiar
48084,Wesley Bryan,60,,,0,0.0,0.0,2022,4,Rookie
48084,Wesley Bryan,61,,,0,0.0,0.0,2022,4,Rookie
48084,Wesley Bryan,62,70.0,70.0,1,15580.0,0.3333333333333333,2024,2,Rookie
48098,Sebastian Garcia Rodriguez,6,68.0,68.0,1,7548.0,0.5,2023,3,Rookie
48102,Carson Schaake,53,,,0,0.0,0.0,2024,2,Rookie
48117,Kurt Kitayama,0,3.5,1.0,2,1785375.0,1.0,2025,1,Familiar
48117,Kurt Kitayama,1,58.0,58.0,1,19712.0,0.5,2025,1,Rookie
48117,Kurt Kitayama,2,1.0,1.0,1,3600000.0,0.5,2024,2,Rookie
48117,Kurt Kitayama,3,,,0,0.0,0.0,2022,4,Rookie
48117,Kurt Kitayama,4,34.0,29.0,2,129075.0,0.6666666666666666,2024,2,Familiar
48117,Kurt Kitayama,5,15.0,15.0,1,97500.0,1.0,2025,1,Rookie
48117,Kurt Kitayama,7,25.0,25.0,1,52912.5,1.0,2024,2,Rookie
48117,Kurt Kitayama,8,26.333333333333332,19.0,3,555000.0,1.0,2025,1,Experienced
48117,Kurt Kitayama,10,30.333333333333332,22.0,3,169430.77,1.0,2025,1,Experienced
48117,Kurt Kitayama,13,5.0,5.0,1,305971.88,1.0,2025,1,Rookie
48117,Kurt Kitayama,14,2.0,2.0,1,1134000.0,1.0,2023,3,Rookie
48117,Kurt Kitayama,15,,,0,0.0,0.0,2025,1,Rookie
48117,Kurt Kitayama,16,,,0,0.0,0.0,2025,1,Rookie
48117,Kurt Kitayama,17,30.5,9.0,2,547400.0,0.6666666666666666,2025,1,Familiar
48117,Kurt Kitayama,18,,,0,0.0,0.0,2022,4,Rookie
48117,Kurt Kitayama,19,39.0,39.0,1,82000.0,0.5,2024,2,Rookie
48117,Kurt Kitayama,20,44.0,34.0,2,82980.0,1.0,2024,2,Familiar
48117,Kurt Kitayama,22,3.0,3.0,1,552000.0,1.0,2022,4,Rookie
48117,Kurt Kitayama,25,5.0,5.0,1,278250.0,1.0,2025,1,Rookie
48117,Kurt Kitayama,27,,,0,0.0,0.0,2024,2,Rookie
48117,Kurt Kitayama,28,2.0,2.0,1,552366.66,1.0,2022,4,Rookie
48117,Kurt Kitayama,29,,,0,0.0,0.0,2025,1,Rookie
48117,Kurt Kitayama,34,15.0,4.0,2,833962.22,0.5,2025,1,Familiar
48117,Kurt Kitayama,35,26.0,19.0,2,421785.71,0.6666666666666666,2025,1,Familiar
48117,Kurt Kitayama,37,,,0,0.0,0.0,2025,1,Rookie
48117,Kurt Kitayama,38,33.0,33.0,1,106166.67,0.5,2024,2,Rookie
48117,Kurt Kitayama,39,51.0,51.0,1,22709.33,1.0,2025,1,Rookie
48117,Kurt Kitayama,40,20.0,20.0,1,99120.0,1.0,2022,4,Rookie
48117,Kurt Kitayama,41,,,0,0.0,0.0,2022,4,Rookie
48117,Kurt Kitayama,43,45.0,45.0,1,20846.0,1.0,2022,4,Rookie
48117,Kurt Kitayama,44,29.0,29.0,1,140500.0,1.0,2024,2,Rookie
48117,Kurt Kitayama,46,9.0,9.0,1,176750.0,0.5,2024,2,Rookie
48117,Kurt Kitayama,48,44.666666666666664,24.0,3,120262.0,0.75,2025,1,Experienced
48117,Kurt Kitayama,49,37.5,36.0,2,76210.56,1.0,2025,1,Familiar
48117,Kurt Kitayama,51,31.0,31.0,1,117600.0,0.5,2024,2,Rookie
48117,Kurt Kitayama,53,,,0,0.0,0.0,2024,2,Rookie
48117,Kurt Kitayama,54,,,0,0.0,0.0,2021,5,Rookie
48117,Kurt Kitayama,56,,,0,0.0,0.0,2025,1,Rookie
48117,Kurt Kitayama,57,,,0,0.0,0.0,2025,1,Rookie
48117,Kurt Kitayama,60,24.5,15.0,2,247750.0,0.6666666666666666,2024,2,Familiar
48117,Kurt Kitayama,61,26.666666666666668,8.0,3,445186.0,1.0,2025,1,Experienced
48117,Kurt Kitayama,62,31.0,31.0,1,53710.0,0.5,2025,1,Rookie
48117,Kurt Kitayama,63,5.0,5.0,1,340000.0,1.0,2024,2,Rookie
48119,Ben Taylor,0,71.0,71.0,1,15834.0,0.3333333333333333,2024,2,Rookie
48119,Ben Taylor,1,,,0,0.0,0.0,2023,3,Rookie
48119,Ben Taylor,2,53.0,53.0,1,46950.0,1.0,2023,3,Rookie
48119,Ben Taylor,3,,,0,0.0,0.0,2021,5,Rookie
48119,Ben Taylor,4,50.0,50.0,1,19203.6,0.5,2023,3,Rookie
48119,Ben Taylor,6,20.0,20.0,1,38325.0,1.0,2021,5,Rookie
48119,Ben Taylor,7,,,0,0.0,0.0,2024,2,Rookie
48119,Ben Taylor,9,3.0,3.0,1,579600.0,1.0,2023,3,Rookie
48119,Ben Taylor,10,,,0,0.0,0.0,2024,2,Rookie
48119,Ben Taylor,13,,,0,0.0,0.0,2024,2,Rookie
48119,Ben Taylor,15,,,0,0.0,0.0,2024,2,Rookie
48119,Ben Taylor,16,64.0,64.0,1,19080.0,0.3333333333333333,2024,2,Rookie
48119,Ben Taylor,18,27.5,25.0,2,97804.73000000001,1.0,2023,3,Familiar
48119,Ben Taylor,19,58.0,58.0,1,45400.0,1.0,2023,3,Rookie
48119,Ben Taylor,20,73.0,73.0,1,18540.0,1.0,2023,3,Rookie
48119,Ben Taylor,22,5.0,5.0,1,288120.0,1.0,2023,3,Rookie
48119,Ben Taylor,24,6.0,6.0,1,130500.0,1.0,2024,2,Rookie
48119,Ben Taylor,25,46.0,46.0,1,23280.0,0.3333333333333333,2024,2,Rookie
48119,Ben Taylor,27,,,0,0.0,0.0,2023,3,Rookie
48119,Ben Taylor,28,8.0,8.0,1,232925.0,0.5,2024,2,Rookie
48119,Ben Taylor,30,,,0,0.0,0.0,2024,2,Rookie
48119,Ben Taylor,33,35.0,35.0,1,33336.66,1.0,2021,5,Rookie
48119,Ben Taylor,34,69.0,69.0,1,28000.0,1.0,2023,3,Rookie
48119,Ben Taylor,35,,,0,0.0,0.0,2024,2,Rookie
48119,Ben Taylor,36,,,0,0.0,0.0,2024,2,Rookie
48119,Ben Taylor,37,,,0,0.0,0.0,2024,2,Rookie
48119,Ben Taylor,38,,,0,0.0,0.0,2023,3,Rookie
48119,Ben Taylor,40,,,0,0.0,0.0,2024,2,Rookie
48119,Ben Taylor,41,21.0,21.0,1,76646.25,0.3333333333333333,2024,2,Rookie
48119,Ben Taylor,42,36.0,36.0,1,29411.25,1.0,2021,5,Rookie
48119,Ben Taylor,43,56.0,39.0,2,48231.0,0.6666666666666666,2024,2,Familiar
48119,Ben Taylor,46,37.0,28.0,2,75926.0,0.6666666666666666,2024,2,Familiar
48119,Ben Taylor,48,4.0,4.0,1,332458.33,0.3333333333333333,2024,2,Rookie
48119,Ben Taylor,49,,,0,0.0,0.0,2024,2,Rookie
48119,Ben Taylor,51,,,0,0.0,0.0,2023,3,Rookie
48119,Ben Taylor,56,,,0,0.0,0.0,2024,2,Rookie
48119,Ben Taylor,57,,,0,0.0,0.0,2024,2,Rookie
48119,Ben Taylor,60,,,0,0.0,0.0,2023,3,Rookie
48119,Ben Taylor,61,,,0,0.0,0.0,2024,2,Rookie
48119,Ben Taylor,62,38.0,24.0,2,72321.0,0.6666666666666666,2024,2,Familiar
48129,Corey Pereira,36,,,0,0.0,0.0,2025,1,Rookie
48129,Corey Pereira,53,,,0,0.0,0.0,2023,3,Rookie
48138,Brent Snyder,0,,,0,0.0,0.0,2021,5,Rookie
48153,Matthieu Pavon,0,44.0,44.0,1,24696.0,1.0,2025,1,Rookie
48153,Matthieu Pavon,2,52.0,52.0,1,49000.0,0.5,2025,1,Rookie
48153,Matthieu Pavon,4,38.0,3.0,2,1393375.0,1.0,2025,1,Familiar
48153,Matthieu Pavon,8,33.0,33.0,1,119666.67,1.0,2024,2,Rookie
48153,Matthieu Pavon,15,35.0,28.0,2,92594.29000000001,1.0,2025,1,Familiar
48153,Matthieu Pavon,16,1.0,1.0,1,1620000.0,0.5,2025,1,Rookie
48153,Matthieu Pavon,17,46.0,46.0,1,56700.0,1.0,2024,2,Rookie
48153,Matthieu Pavon,19,44.0,44.0,1,64000.0,1.0,2025,1,Rookie
48153,Matthieu Pavon,20,,,0,0.0,0.0,2025,1,Rookie
48153,Matthieu Pavon,27,,,0,0.0,0.0,2025,1,Rookie
48153,Matthieu Pavon,34,41.0,41.0,1,60676.67,0.5,2025,1,Rookie
48153,Matthieu Pavon,35,54.0,54.0,1,58250.0,0.5,2025,1,Rookie
48153,Matthieu Pavon,37,,,0,0.0,0.0,2025,1,Rookie
48153,Matthieu Pavon,38,45.5,42.0,2,113592.86,1.0,2025,1,Familiar
48153,Matthieu Pavon,41,67.0,67.0,1,14630.0,1.0,2025,1,Rookie
48153,Matthieu Pavon,43,,,0,0.0,0.0,2025,1,Rookie
48153,Matthieu Pavon,44,48.0,48.0,1,57000.0,1.0,2025,1,Rookie
48153,Matthieu Pavon,48,7.0,7.0,1,260758.33,1.0,2024,2,Rookie
48153,Matthieu Pavon,50,17.0,17.0,1,0.0,1.0,2024,2,Rookie
48153,Matthieu Pavon,51,36.5,16.0,2,353750.0,1.0,2025,1,Familiar
48153,Matthieu Pavon,52,54.0,54.0,1,44750.0,1.0,2025,1,Rookie
48153,Matthieu Pavon,53,34.5,5.0,2,886210.0,0.6666666666666666,2025,1,Familiar
48153,Matthieu Pavon,55,64.0,64.0,1,42445.0,1.0,2021,5,Rookie
48153,Matthieu Pavon,57,47.0,47.0,1,23701.29,1.0,2025,1,Rookie
48153,Matthieu Pavon,60,67.0,67.0,1,41800.0,1.0,2024,2,Rookie
48153,Matthieu Pavon,61,63.0,63.0,1,19964.0,1.0,2025,1,Rookie
48153,Matthieu Pavon,62,72.0,72.0,1,16564.0,1.0,2025,1,Rookie
48156,Robin Sciot-Siegrist,6,,,0,0.0,0.0,2023,3,Rookie
48197,Matt Harris,6,,,0,0.0,0.0,2022,4,Rookie
48293,Mikael Lindberg,6,52.0,52.0,1,9006.0,1.0,2023,3,Rookie
48293,Mikael Lindberg,24,,,0,0.0,0.0,2025,1,Rookie
48319,Tom Whitney,0,,,0,0.0,0.0,2024,2,Rookie
48319,Tom Whitney,7,11.0,11.0,1,137625.0,1.0,2024,2,Rookie
48319,Tom Whitney,10,,,0,0.0,0.0,2024,2,Rookie
48319,Tom Whitney,13,66.0,66.0,1,20425.0,1.0,2024,2,Rookie
48319,Tom Whitney,15,,,0,0.0,0.0,2024,2,Rookie
48319,Tom Whitney,16,13.0,13.0,1,156535.72,1.0,2024,2,Rookie
48319,Tom Whitney,24,,,0,0.0,0.0,2024,2,Rookie
48319,Tom Whitney,25,,,0,0.0,0.0,2024,2,Rookie
48319,Tom Whitney,28,,,0,0.0,0.0,2024,2,Rookie
48319,Tom Whitney,30,,,0,0.0,0.0,2024,2,Rookie
48319,Tom Whitney,36,47.0,47.0,1,16780.0,1.0,2024,2,Rookie
48319,Tom Whitney,37,,,0,0.0,0.0,2024,2,Rookie
48319,Tom Whitney,40,,,0,0.0,0.0,2024,2,Rookie
48319,Tom Whitney,41,,,0,0.0,0.0,2024,2,Rookie
48319,Tom Whitney,43,,,0,0.0,0.0,2024,2,Rookie
48319,Tom Whitney,46,,,0,0.0,0.0,2024,2,Rookie
48319,Tom Whitney,49,,,0,0.0,0.0,2024,2,Rookie
48319,Tom Whitney,56,75.0,75.0,1,17756.0,1.0,2024,2,Rookie
48319,Tom Whitney,57,33.0,33.0,1,39410.0,1.0,2024,2,Rookie
48319,Tom Whitney,62,,,0,0.0,0.0,2024,2,Rookie
48372,Marcus Helligkilde,6,8.0,8.0,1,100825.0,0.5,2023,3,Rookie
48433,Oliver Hundeboll,6,,,0,0.0,0.0,2023,3,Rookie
48632,Yuto Katsuragawa,20,,,0,0.0,0.0,2025,1,Rookie
48632,Yuto Katsuragawa,25,26.0,26.0,1,58090.0,1.0,2023,3,Rookie
48632,Yuto Katsuragawa,48,74.0,74.0,1,16019.0,0.5,2024,2,Rookie
48632,Yuto Katsuragawa,53,58.0,58.0,1,43783.0,1.0,2023,3,Rookie
48632,Yuto Katsuragawa,63,22.0,22.0,1,79560.0,1.0,2024,2,Rookie
48640,Johannes Veerman,6,62.0,62.0,1,8360.0,1.0,2023,3,Rookie
48640,Johannes Veerman,9,,,0,0.0,0.0,2023,3,Rookie
48640,Johannes Veerman,20,,,0,0.0,0.0,2025,1,Rookie
48640,Johannes Veerman,24,10.0,10.0,1,93000.0,1.0,2024,2,Rookie
48699,Callum Tarren,0,10.0,7.0,2,371289.28,0.6666666666666666,2024,2,Familiar
48699,Callum Tarren,1,,,0,0.0,0.0,2023,3,Rookie
48699,Callum Tarren,2,,,0,0.0,0.0,2023,3,Rookie
48699,Callum Tarren,3,46.0,46.0,1,25680.2,1.0,2022,4,Rookie
48699,Callum Tarren,4,65.0,65.0,1,18990.0,0.5,2023,3,Rookie
48699,Callum Tarren,7,,,0,0.0,0.0,2024,2,Rookie
48699,Callum Tarren,9,26.0,26.0,1,67620.0,1.0,2023,3,Rookie
48699,Callum Tarren,10,70.0,70.0,1,18564.0,0.5,2024,2,Rookie
48699,Callum Tarren,13,,,0,0.0,0.0,2024,2,Rookie
48699,Callum Tarren,15,,,0,0.0,0.0,2024,2,Rookie
48699,Callum Tarren,16,25.0,25.0,1,66845.0,0.3333333333333333,2024,2,Rookie
48699,Callum Tarren,17,,,0,0.0,0.0,2022,4,Rookie
48699,Callum Tarren,18,7.0,7.0,1,255150.0,0.3333333333333333,2023,3,Rookie
48699,Callum Tarren,19,,,0,0.0,0.0,2023,3,Rookie
48699,Callum Tarren,20,,,0,0.0,0.0,2023,3,Rookie
48699,Callum Tarren,22,30.0,30.0,1,43133.34,0.5,2023,3,Rookie
48699,Callum Tarren,24,27.5,21.0,2,64933.33,1.0,2025,1,Familiar
48699,Callum Tarren,25,6.0,6.0,1,248500.0,0.3333333333333333,2024,2,Rookie
48699,Callum Tarren,28,61.0,61.0,1,16133.0,0.3333333333333333,2024,2,Rookie
48699,Callum Tarren,30,,,0,0.0,0.0,2024,2,Rookie
48699,Callum Tarren,34,29.0,29.0,1,90136.36,1.0,2023,3,Rookie
48699,Callum Tarren,35,,,0,0.0,0.0,2024,2,Rookie
48699,Callum Tarren,36,,,0,0.0,0.0,2024,2,Rookie
48699,Callum Tarren,37,43.0,43.0,1,28530.0,0.3333333333333333,2024,2,Rookie
48699,Callum Tarren,38,,,0,0.0,0.0,2023,3,Rookie
48699,Callum Tarren,40,35.333333333333336,20.0,3,179240.0,1.0,2024,2,Experienced
48699,Callum Tarren,41,25.5,2.0,2,633192.0,0.5,2024,2,Familiar
48699,Callum Tarren,43,39.0,13.0,3,183792.67,0.75,2024,2,Experienced
48699,Callum Tarren,46,23.0,23.0,1,81060.0,0.3333333333333333,2024,2,Rookie
48699,Callum Tarren,48,,,0,0.0,0.0,2024,2,Rookie
48699,Callum Tarren,49,69.0,69.0,1,18655.0,1.0,2024,2,Rookie
48699,Callum Tarren,51,33.0,33.0,1,109000.0,0.5,2023,3,Rookie
48699,Callum Tarren,53,31.0,31.0,1,100331.0,1.0,2022,4,Rookie
48699,Callum Tarren,56,,,0,0.0,0.0,2024,2,Rookie
48699,Callum Tarren,57,72.0,72.0,1,16716.0,0.5,2024,2,Rookie
48699,Callum Tarren,60,60.0,56.0,2,63790.0,1.0,2023,3,Familiar
48699,Callum Tarren,61,,,0,0.0,0.0,2024,2,Rookie
48699,Callum Tarren,62,27.0,27.0,1,47936.66,0.3333333333333333,2024,2,Rookie
48705,Dalton Ward,30,,,0,0.0,0.0,2024,2,Rookie
48705,Dalton Ward,61,,,0,0.0,0.0,2023,3,Rookie
48822,Sebastián Muñoz,1,41.0,41.0,1,26924.44,0.5,2023,3,Rookie
48822,Sebastián Muñoz,2,37.5,26.0,2,110431.5,1.0,2022,4,Familiar
48822,Sebastián Muñoz,3,29.0,3.0,2,555530.0,1.0,2022,4,Familiar
48822,Sebastián Muñoz,8,32.0,29.0,2,129500.0,1.0,2022,4,Familiar
48822,Sebastián Muñoz,9,,,0,0.0,0.0,2023,3,Rookie
48822,Sebastián Muñoz,10,25.5,3.0,2,388185.75,1.0,2022,4,Familiar
48822,Sebastián Muñoz,11,9.0,9.0,1,282750.0,1.0,2021,5,Rookie
48822,Sebastián Muñoz,12,49.0,49.0,1,21723.0,1.0,2022,4,Rookie
48822,Sebastián Muñoz,14,40.0,40.0,1,38430.0,1.0,2023,3,Rookie
48822,Sebastián Muñoz,16,39.0,39.0,1,33180.0,0.5,2023,3,Rookie
48822,Sebastián Muñoz,17,46.0,46.0,1,42330.0,1.0,2022,4,Rookie
48822,Sebastián Muñoz,18,,,0,0.0,0.0,2022,4,Rookie
48822,Sebastián Muñoz,19,32.0,21.0,2,154059.0,1.0,2022,4,Familiar
48822,Sebastián Muñoz,21,,,0,0.0,0.0,2022,4,Rookie
48822,Sebastián Muñoz,25,4.0,4.0,1,248000.0,1.0,2021,5,Rookie
48822,Sebastián Muñoz,26,,,0,0.0,0.0,2021,5,Rookie
48822,Sebastián Muñoz,28,29.0,29.0,1,48910.0,1.0,2022,4,Rookie
48822,Sebastián Muñoz,31,21.0,21.0,1,95791.67,1.0,2021,5,Rookie
48822,Sebastián Muñoz,34,55.0,55.0,1,27925.0,0.5,2022,4,Rookie
48822,Sebastián Muñoz,35,33.0,33.0,1,100111.11,0.5,2022,4,Rookie
48822,Sebastián Muñoz,37,25.0,25.0,1,71485.0,1.0,2022,4,Rookie
48822,Sebastián Muñoz,38,,,0,0.0,0.0,2021,5,Rookie
48822,Sebastián Muñoz,40,67.0,67.0,1,15600.0,1.0,2021,5,Rookie
48822,Sebastián Muñoz,41,3.0,3.0,1,496800.0,0.5,2022,4,Rookie
48822,Sebastián Muñoz,43,23.0,23.0,1,59070.0,0.5,2022,4,Rookie
48822,Sebastián Muñoz,45,17.0,17.0,1,92000.0,1.0,2021,5,Rookie
48822,Sebastián Muñoz,46,,,0,0.0,0.0,2022,4,Rookie
48822,Sebastián Muñoz,47,27.0,27.0,1,47950.0,1.0,2021,5,Rookie
48822,Sebastián Muñoz,48,65.0,65.0,1,14124.0,1.0,2021,5,Rookie
48822,Sebastián Muñoz,51,,,0,0.0,0.0,2021,5,Rookie
48822,Sebastián Muñoz,53,31.5,14.0,2,290526.0,1.0,2023,3,Familiar
48822,Sebastián Muñoz,54,59.0,59.0,1,26296.0,1.0,2021,5,Rookie
48822,Sebastián Muñoz,56,9.0,9.0,1,209825.0,1.0,2021,5,Rookie
48822,Sebastián Muñoz,59,,,0,0.0,0.0,2021,5,Rookie
48822,Sebastián Muñoz,60,,,0,0.0,0.0,2021,5,Rookie
48822,Sebastián Muñoz,61,23.0,23.0,1,79130.0,1.0,2022,4,Rookie
48822,Sebastián Muñoz,62,29.0,29.0,1,41013.33,0.5,2022,4,Rookie
48822,Sebastián Muñoz,64,14.0,14.0,1,142933.33,1.0,2021,5,Rookie
48867,Matti Schmid,0,31.0,12.0,3,251871.0,1.0,2025,1,Experienced
48867,Matti Schmid,1,6.0,6.0,1,252400.0,0.5,2025,1,Rookie
48867,Matti Schmid,2,,,0,0.0,0.0,2021,5,Rookie
48867,Matti Schmid,3,,,0,0.0,0.0,2023,3,Rookie
48867,Matti Schmid,4,,,0,0.0,0.0,2023,3,Rookie
48867,Matti Schmid,6,26.0,8.0,2,111997.0,1.0,2023,3,Familiar
48867,Matti Schmid,7,5.0,5.0,1,307500.0,1.0,2024,2,Rookie
48867,Matti Schmid,10,2.0,2.0,1,1035500.0,0.5,2025,1,Rookie
48867,Matti Schmid,13,,,0,0.0,0.0,2025,1,Rookie
48867,Matti Schmid,15,18.0,18.0,1,117606.67,0.5,2025,1,Rookie
48867,Matti Schmid,16,25.0,25.0,1,74067.86,0.3333333333333333,2025,1,Rookie
48867,Matti Schmid,17,38.0,38.0,1,84500.0,1.0,2025,1,Rookie
48867,Matti Schmid,18,59.0,59.0,1,17840.0,0.5,2023,3,Rookie
48867,Matti Schmid,20,17.0,17.0,1,120510.0,0.5,2025,1,Rookie
48867,Matti Schmid,22,,,0,0.0,0.0,2023,3,Rookie
48867,Matti Schmid,25,,,0,0.0,0.0,2023,3,Rookie
48867,Matti Schmid,27,,,0,0.0,0.0,2025,1,Rookie
48867,Matti Schmid,28,,,0,0.0,0.0,2024,2,Rookie
48867,Matti Schmid,29,,,0,0.0,0.0,2025,1,Rookie
48867,Matti Schmid,30,,,0,0.0,0.0,2024,2,Rookie
48867,Matti Schmid,32,7.0,7.0,1,113333.33,1.0,2025,1,Rookie
48867,Matti Schmid,35,26.0,26.0,1,186250.0,0.5,2025,1,Rookie
48867,Matti Schmid,36,58.0,58.0,1,13740.0,1.0,2024,2,Rookie
48867,Matti Schmid,37,,,0,0.0,0.0,2025,1,Rookie
48867,Matti Schmid,40,52.0,52.0,1,22650.4,0.5,2024,2,Rookie
48867,Matti Schmid,41,,,0,0.0,0.0,2023,3,Rookie
48867,Matti Schmid,43,15.0,14.0,2,214800.0,0.5,2025,1,Familiar
48867,Matti Schmid,46,14.5,3.0,2,479360.0,1.0,2024,2,Familiar
48867,Matti Schmid,48,,,0,0.0,0.0,2025,1,Rookie
48867,Matti Schmid,49,21.0,21.0,1,88725.0,0.5,2025,1,Rookie
48867,Matti Schmid,51,,,0,0.0,0.0,2025,1,Rookie
48867,Matti Schmid,56,57.5,46.0,2,43106.15,0.6666666666666666,2025,1,Familiar
48867,Matti Schmid,57,22.5,17.0,2,159863.13,0.6666666666666666,2025,1,Familiar
48867,Matti Schmid,61,,,0,0.0,0.0,2025,1,Rookie
48867,Matti Schmid,62,39.0,22.0,3,144272.0,1.0,2025,1,Experienced
48887,Matt Wallace,0,24.0,3.0,4,552321.0,1.0,2025,1,Experienced
48887,Matt Wallace,2,18.0,18.0,1,132525.0,0.5,2022,4,Rookie
48887,Matt Wallace,3,,,0,0.0,0.0,2022,4,Rookie
48887,Matt Wallace,5,,,0,0.0,0.0,2025,1,Rookie
48887,Matt Wallace,9,,,0,0.0,0.0,2023,3,Rookie
48887,Matt Wallace,10,39.0,22.0,2,105991.67,0.6666666666666666,2025,1,Familiar
48887,Matt Wallace,13,4.0,4.0,1,380000.0,0.5,2025,1,Rookie
48887,Matt Wallace,15,,,0,0.0,0.0,2025,1,Rookie
48887,Matt Wallace,16,,,0,0.0,0.0,2025,1,Rookie
48887,Matt Wallace,18,21.0,21.0,1,87200.0,1.0,2023,3,Rookie
48887,Matt Wallace,19,,,0,0.0,0.0,2023,3,Rookie
48887,Matt Wallace,20,46.0,42.0,2,66009.0,0.6666666666666666,2025,1,Familiar
48887,Matt Wallace,22,29.0,29.0,1,46426.15,0.5,2023,3,Rookie
48887,Matt Wallace,25,,,0,0.0,0.0,2022,4,Rookie
48887,Matt Wallace,26,,,0,0.0,0.0,2021,5,Rookie
48887,Matt Wallace,27,48.0,48.0,1,52600.0,1.0,2023,3,Rookie
48887,Matt Wallace,28,50.0,33.0,2,59256.0,0.6666666666666666,2024,2,Familiar
48887,Matt Wallace,29,,,0,0.0,0.0,2025,1,Rookie
48887,Matt Wallace,30,20.0,20.0,1,43800.0,1.0,2024,2,Rookie
48887,Matt Wallace,31,,,0,0.0,0.0,2021,5,Rookie
48887,Matt Wallace,34,45.0,17.0,4,392119.0,1.0,2025,1,Experienced
48887,Matt Wallace,35,,,0,0.0,0.0,2024,2,Rookie
48887,Matt Wallace,37,31.0,27.0,2,105530.0,0.6666666666666666,2025,1,Familiar
48887,Matt Wallace,38,18.0,18.0,1,87583.57,0.5,2023,3,Rookie
48887,Matt Wallace,39,46.0,46.0,1,27091.2,1.0,2025,1,Rookie
48887,Matt Wallace,40,44.0,10.0,2,220156.0,0.6666666666666666,2024,2,Familiar
48887,Matt Wallace,41,52.0,37.0,4,78226.23,0.8,2025,1,Experienced
48887,Matt Wallace,43,,,0,0.0,0.0,2025,1,Rookie
48887,Matt Wallace,44,40.0,40.0,1,86000.0,1.0,2024,2,Rookie
48887,Matt Wallace,46,23.333333333333332,14.0,3,220180.0,1.0,2023,3,Experienced
48887,Matt Wallace,48,52.0,52.0,1,19770.6,1.0,2024,2,Rookie
48887,Matt Wallace,49,,,0,0.0,0.0,2025,1,Rookie
48887,Matt Wallace,51,46.0,46.0,1,23678.72,0.5,2023,3,Rookie
48887,Matt Wallace,53,23.0,23.0,1,161489.0,1.0,2025,1,Rookie
48887,Matt Wallace,54,43.0,43.0,1,39275.0,1.0,2021,5,Rookie
48887,Matt Wallace,55,23.0,23.0,1,161489.0,1.0,2021,5,Rookie
48887,Matt Wallace,56,19.0,3.0,3,659421.67,0.75,2025,1,Experienced
48887,Matt Wallace,57,12.0,7.0,2,358495.0,0.5,2025,1,Familiar
48887,Matt Wallace,60,6.0,6.0,1,273375.0,0.3333333333333333,2023,3,Rookie
48887,Matt Wallace,61,48.5,44.0,2,49582.74,0.5,2025,1,Familiar
48887,Matt Wallace,62,33.333333333333336,27.0,3,140921.0,0.75,2025,1,Experienced
48898,David Carey,37,,,0,0.0,0.0,2023,3,Rookie
48898,David Carey,56,,,0,0.0,0.0,2023,3,Rookie
48929,Santiago Tarrio,6,60.0,60.0,1,8251.0,0.5,2023,3,Rookie
48929,Santiago Tarrio,20,,,0,0.0,0.0,2024,2,Rookie
48936,Ugo Coussaud,20,44.5,43.0,2,72319.09,1.0,2025,1,Familiar
49022,Yoseop Seo,12,72.0,72.0,1,16575.0,1.0,2022,4,Rookie
49022,Yoseop Seo,14,77.0,77.0,1,16905.0,1.0,2023,3,Rookie
49022,Yoseop Seo,20,,,0,0.0,0.0,2023,3,Rookie
49036,Lorenzo Scalise,24,,,0,0.0,0.0,2024,2,Rookie
49117,Isidro Benitez,28,,,0,0.0,0.0,2022,4,Rookie
49120,Kensei Hirata,48,21.0,21.0,1,80088.33,0.5,2025,1,Rookie
49120,Kensei Hirata,63,46.0,46.0,1,20357.5,1.0,2024,2,Rookie
49228,Keita Nakajima,16,,,0,0.0,0.0,2023,3,Rookie
49228,Keita Nakajima,19,,,0,0.0,0.0,2023,3,Rookie
49228,Keita Nakajima,20,55.0,55.0,1,25920.0,0.5,2025,1,Rookie
49228,Keita Nakajima,34,,,0,0.0,0.0,2025,1,Rookie
49228,Keita Nakajima,48,47.5,41.0,2,18249.0,1.0,2023,3,Familiar
49228,Keita Nakajima,53,,,0,0.0,0.0,2022,4,Rookie
49298,Kramer Hickok,0,30.0,30.0,1,46744.29,0.5,2023,3,Rookie
49298,Kramer Hickok,1,21.0,21.0,1,58625.0,0.3333333333333333,2023,3,Rookie
49298,Kramer Hickok,2,,,0,0.0,0.0,2021,5,Rookie
49298,Kramer Hickok,3,,,0,0.0,0.0,2023,3,Rookie
49298,Kramer Hickok,4,,,0,0.0,0.0,2021,5,Rookie
49298,Kramer Hickok,6,20.5,13.0,2,92093.57,1.0,2023,3,Familiar
49298,Kramer Hickok,9,,,0,0.0,0.0,2023,3,Rookie
49298,Kramer Hickok,10,17.5,14.0,2,207948.75,0.6666666666666666,2023,3,Familiar
49298,Kramer Hickok,16,,,0,0.0,0.0,2021,5,Rookie
49298,Kramer Hickok,17,,,0,0.0,0.0,2022,4,Rookie
49298,Kramer Hickok,18,25.0,25.0,1,55272.73,0.3333333333333333,2023,3,Rookie
49298,Kramer Hickok,19,29.0,29.0,1,134000.0,0.5,2023,3,Rookie
49298,Kramer Hickok,21,4.0,4.0,1,367500.0,1.0,2022,4,Rookie
49298,Kramer Hickok,22,14.0,14.0,1,136500.0,0.5,2023,3,Rookie
49298,Kramer Hickok,25,65.5,62.0,2,31305.0,0.6666666666666666,2023,3,Familiar
49298,Kramer Hickok,27,64.0,64.0,1,25800.0,1.0,2022,4,Rookie
49298,Kramer Hickok,28,,,0,0.0,0.0,2022,4,Rookie
49298,Kramer Hickok,31,56.0,56.0,1,21470.0,1.0,2021,5,Rookie
49298,Kramer Hickok,33,,,0,0.0,0.0,2021,5,Rookie
49298,Kramer Hickok,34,69.0,69.0,1,24625.0,1.0,2022,4,Rookie
49298,Kramer Hickok,35,48.0,42.0,3,182085.71000000002,1.0,2023,3,Experienced
49298,Kramer Hickok,37,61.0,61.0,1,19314.0,0.5,2023,3,Rookie
49298,Kramer Hickok,38,72.0,72.0,1,40200.0,0.5,2023,3,Rookie
49298,Kramer Hickok,40,58.0,58.0,1,16575.0,0.3333333333333333,2023,3,Rookie
49298,Kramer Hickok,41,73.0,73.0,1,16632.0,0.5,2023,3,Rookie
49298,Kramer Hickok,42,,,0,0.0,0.0,2021,5,Rookie
49298,Kramer Hickok,43,35.0,35.0,1,38283.75,0.25,2023,3,Rookie
49298,Kramer Hickok,46,,,0,0.0,0.0,2023,3,Rookie
49298,Kramer Hickok,48,19.5,19.0,2,157227.85,0.6666666666666666,2023,3,Familiar
49298,Kramer Hickok,51,2.0,2.0,1,806600.0,0.3333333333333333,2023,3,Rookie
49298,Kramer Hickok,56,,,0,0.0,0.0,2023,3,Rookie
49298,Kramer Hickok,57,45.0,33.0,3,78920.0,1.0,2023,3,Experienced
49298,Kramer Hickok,58,58.0,58.0,1,15890.0,1.0,2021,5,Rookie
49298,Kramer Hickok,60,45.5,40.0,2,102899.0,0.6666666666666666,2023,3,Familiar
49298,Kramer Hickok,61,53.0,53.0,1,19302.8,0.5,2023,3,Rookie
49298,Kramer Hickok,62,71.0,71.0,1,14600.0,0.3333333333333333,2023,3,Rookie
49303,Anders Albertson,0,,,0,0.0,0.0,2024,2,Rookie
49303,Anders Albertson,1,62.0,62.0,1,17520.0,0.5,2025,1,Rookie
49303,Anders Albertson,4,,,0,0.0,0.0,2023,3,Rookie
49303,Anders Albertson,5,,,0,0.0,0.0,2025,1,Rookie
49303,Anders Albertson,9,,,0,0.0,0.0,2023,3,Rookie
49303,Anders Albertson,13,,,0,0.0,0.0,2025,1,Rookie
49303,Anders Albertson,16,,,0,0.0,0.0,2025,1,Rookie
49303,Anders Albertson,18,,,0,0.0,0.0,2023,3,Rookie
49303,Anders Albertson,22,63.0,63.0,1,17808.0,1.0,2023,3,Rookie
49303,Anders Albertson,25,,,0,0.0,0.0,2025,1,Rookie
49303,Anders Albertson,29,,,0,0.0,0.0,2025,1,Rookie
49303,Anders Albertson,30,63.0,63.0,1,8760.0,1.0,2024,2,Rookie
49303,Anders Albertson,32,64.0,64.0,1,8840.0,1.0,2025,1,Rookie
49303,Anders Albertson,36,67.0,67.0,1,12840.0,0.5,2025,1,Rookie
49303,Anders Albertson,39,,,0,0.0,0.0,2025,1,Rookie
49303,Anders Albertson,40,,,0,0.0,0.0,2024,2,Rookie
49303,Anders Albertson,41,,,0,0.0,0.0,2025,1,Rookie
49303,Anders Albertson,43,67.0,67.0,1,12660.0,0.5,2025,1,Rookie
49303,Anders Albertson,48,67.0,67.0,1,16353.0,1.0,2023,3,Rookie
49303,Anders Albertson,49,,,0,0.0,0.0,2025,1,Rookie
49303,Anders Albertson,56,,,0,0.0,0.0,2025,1,Rookie
49310,David Gazzolo,6,42.0,42.0,1,12425.0,1.0,2021,5,Rookie
49337,Thomas Lehman,0,,,0,0.0,0.0,2023,3,Rookie
49371,Otto Black,39,,,0,0.0,0.0,2025,1,Rookie
49371,Otto Black,53,,,0,0.0,0.0,2024,2,Rookie
49453,Trevor Cone,0,62.5,61.0,2,35010.0,1.0,2025,1,Familiar
49453,Trevor Cone,1,,,0,0.0,0.0,2025,1,Rookie
49453,Trevor Cone,3,23.0,23.0,1,80546.43,1.0,2023,3,Rookie
49453,Trevor Cone,4,,,0,0.0,0.0,2023,3,Rookie
49453,Trevor Cone,5,47.0,47.0,1,16440.0,1.0,2025,1,Rookie
49453,Trevor Cone,6,3.0,3.0,1,224200.0,1.0,2023,3,Rookie
49453,Trevor Cone,13,,,0,0.0,0.0,2025,1,Rookie
49453,Trevor Cone,16,,,0,0.0,0.0,2025,1,Rookie
49453,Trevor Cone,18,,,0,0.0,0.0,2023,3,Rookie
49453,Trevor Cone,22,74.0,74.0,1,16296.0,1.0,2023,3,Rookie
49453,Trevor Cone,24,14.0,14.0,1,63400.0,1.0,2025,1,Rookie
49453,Trevor Cone,25,,,0,0.0,0.0,2025,1,Rookie
49453,Trevor Cone,28,70.0,70.0,1,15708.0,1.0,2023,3,Rookie
49453,Trevor Cone,29,,,0,0.0,0.0,2025,1,Rookie
49453,Trevor Cone,32,,,0,0.0,0.0,2025,1,Rookie
49453,Trevor Cone,36,67.0,67.0,1,12840.0,1.0,2025,1,Rookie
49453,Trevor Cone,37,60.0,52.0,2,41654.0,1.0,2025,1,Familiar
49453,Trevor Cone,39,,,0,0.0,0.0,2025,1,Rookie
49453,Trevor Cone,40,40.0,40.0,1,33000.0,1.0,2023,3,Rookie
49453,Trevor Cone,41,54.0,54.0,1,18630.0,0.3333333333333333,2025,1,Rookie
49453,Trevor Cone,43,59.0,45.0,2,38031.22,0.6666666666666666,2025,1,Familiar
49453,Trevor Cone,46,,,0,0.0,0.0,2023,3,Rookie
49453,Trevor Cone,48,,,0,0.0,0.0,2025,1,Rookie
49453,Trevor Cone,49,52.0,52.0,1,22301.25,1.0,2025,1,Rookie
49453,Trevor Cone,53,42.0,42.0,1,73014.0,1.0,2025,1,Rookie
49453,Trevor Cone,55,42.0,42.0,1,73014.0,1.0,2021,5,Rookie
49453,Trevor Cone,56,,,0,0.0,0.0,2025,1,Rookie
49453,Trevor Cone,57,65.0,65.0,1,17334.0,0.5,2025,1,Rookie
49453,Trevor Cone,60,,,0,0.0,0.0,2023,3,Rookie
49453,Trevor Cone,62,44.0,44.0,1,23951.45,0.5,2025,1,Rookie
49481,Tae Hee Lee,11,77.0,77.0,1,15795.0,1.0,2021,5,Rookie
49533,James Hart du Preez,1,,,0,0.0,0.0,2022,4,Rookie
49533,James Hart du Preez,3,,,0,0.0,0.0,2022,4,Rookie
49575,Derek Bard,49,,,0,0.0,0.0,2025,1,Rookie
49590,Frankie Capan III,0,62.0,62.0,1,17160.0,0.5,2025,1,Rookie
49590,Frankie Capan III,1,12.0,12.0,1,169400.0,1.0,2025,1,Rookie
49590,Frankie Capan III,5,65.0,65.0,1,12900.0,1.0,2025,1,Rookie
49590,Frankie Capan III,10,77.0,77.0,1,18050.0,1.0,2025,1,Rookie
49590,Frankie Capan III,13,,,0,0.0,0.0,2025,1,Rookie
49590,Frankie Capan III,15,,,0,0.0,0.0,2025,1,Rookie
49590,Frankie Capan III,16,56.0,56.0,1,21390.0,1.0,2025,1,Rookie
49590,Frankie Capan III,24,45.0,45.0,1,13000.0,1.0,2025,1,Rookie
49590,Frankie Capan III,25,,,0,0.0,0.0,2025,1,Rookie
49590,Frankie Capan III,29,55.0,55.0,1,16555.0,1.0,2025,1,Rookie
49590,Frankie Capan III,32,,,0,0.0,0.0,2025,1,Rookie
49590,Frankie Capan III,35,,,0,0.0,0.0,2025,1,Rookie
49590,Frankie Capan III,36,,,0,0.0,0.0,2025,1,Rookie
49590,Frankie Capan III,37,,,0,0.0,0.0,2025,1,Rookie
49590,Frankie Capan III,39,,,0,0.0,0.0,2025,1,Rookie
49590,Frankie Capan III,41,,,0,0.0,0.0,2025,1,Rookie
49590,Frankie Capan III,43,6.0,6.0,1,202500.0,1.0,2025,1,Rookie
49590,Frankie Capan III,48,45.0,45.0,1,24381.75,1.0,2025,1,Rookie
49590,Frankie Capan III,49,,,0,0.0,0.0,2025,1,Rookie
49590,Frankie Capan III,53,41.0,41.0,1,72305.0,0.5,2024,2,Rookie
49590,Frankie Capan III,56,,,0,0.0,0.0,2025,1,Rookie
49590,Frankie Capan III,57,,,0,0.0,0.0,2025,1,Rookie
49590,Frankie Capan III,61,,,0,0.0,0.0,2025,1,Rookie
49590,Frankie Capan III,62,,,0,0.0,0.0,2025,1,Rookie
49721,Keith Greene,53,,,0,0.0,0.0,2022,4,Rookie
49766,Hank Lebioda,0,16.0,16.0,1,103312.5,0.3333333333333333,2023,3,Rookie
49766,Hank Lebioda,1,55.5,49.0,2,33689.33,0.6666666666666666,2023,3,Familiar
49766,Hank Lebioda,3,17.0,17.0,1,119475.0,0.5,2022,4,Rookie
49766,Hank Lebioda,4,27.0,15.0,2,176280.0,1.0,2023,3,Familiar
49766,Hank Lebioda,6,41.0,41.0,1,13505.0,0.5,2023,3,Rookie
49766,Hank Lebioda,16,46.0,46.0,1,22008.0,0.3333333333333333,2023,3,Rookie
49766,Hank Lebioda,18,19.0,19.0,1,99540.0,0.5,2023,3,Rookie
49766,Hank Lebioda,19,67.0,67.0,1,24960.0,1.0,2022,4,Rookie
49766,Hank Lebioda,21,15.0,15.0,1,125625.0,1.0,2022,4,Rookie
49766,Hank Lebioda,22,,,0,0.0,0.0,2023,3,Rookie
49766,Hank Lebioda,25,25.5,8.0,2,203324.5,0.6666666666666666,2023,3,Familiar
49766,Hank Lebioda,28,29.0,29.0,1,48910.0,0.5,2023,3,Rookie
49766,Hank Lebioda,31,,,0,0.0,0.0,2021,5,Rookie
49766,Hank Lebioda,33,31.0,31.0,1,44621.25,1.0,2021,5,Rookie
49766,Hank Lebioda,35,63.0,63.0,1,43400.0,1.0,2022,4,Rookie
49766,Hank Lebioda,37,28.0,28.0,1,57047.14,0.5,2023,3,Rookie
49766,Hank Lebioda,38,,,0,0.0,0.0,2022,4,Rookie
49766,Hank Lebioda,40,34.0,4.0,2,356156.0,0.6666666666666666,2023,3,Familiar
49766,Hank Lebioda,41,,,0,0.0,0.0,2023,3,Rookie
49766,Hank Lebioda,42,,,0,0.0,0.0,2021,5,Rookie
49766,Hank Lebioda,43,39.5,35.0,2,61053.75,0.6666666666666666,2023,3,Familiar
49766,Hank Lebioda,46,,,0,0.0,0.0,2022,4,Rookie
49766,Hank Lebioda,48,,,0,0.0,0.0,2022,4,Rookie
49766,Hank Lebioda,51,30.5,5.0,2,272827.0,1.0,2022,4,Familiar
49766,Hank Lebioda,53,,,0,0.0,0.0,2023,3,Rookie
49766,Hank Lebioda,56,,,0,0.0,0.0,2023,3,Rookie
49766,Hank Lebioda,57,35.5,13.0,2,145692.0,0.6666666666666666,2023,3,Familiar
49766,Hank Lebioda,60,46.0,41.0,2,53649.0,1.0,2022,4,Familiar
49766,Hank Lebioda,61,,,0,0.0,0.0,2022,4,Rookie
49766,Hank Lebioda,62,,,0,0.0,0.0,2023,3,Rookie
49771,J.T. Poston,0,13.666666666666666,2.0,3,795295.0,0.75,2024,2,Experienced
49771,J.T. Poston,1,14.333333333333334,6.0,3,477755.0,0.75,2025,1,Experienced
49771,J.T. Poston,2,52.5,50.0,2,100000.0,0.6666666666666666,2025,1,Familiar
49771,J.T. Poston,4,36.5,20.0,2,253333.33,1.0,2025,1,Familiar
49771,J.T. Poston,6,2.0,2.0,1,381500.0,1.0,2021,5,Rookie
49771,J.T. Poston,8,30.0,22.0,4,562416.6699999999,1.0,2025,1,Experienced
49771,J.T. Poston,10,24.0,12.0,2,222969.38,0.4,2025,1,Familiar
49771,J.T. Poston,11,51.0,51.0,1,21645.0,1.0,2021,5,Rookie
49771,J.T. Poston,14,67.0,67.0,1,18795.0,1.0,2023,3,Rookie
49771,J.T. Poston,15,66.0,66.0,1,19170.0,1.0,2024,2,Rookie
49771,J.T. Poston,16,18.0,18.0,1,80761.37,0.5,2022,4,Rookie
49771,J.T. Poston,17,24.75,20.0,4,600693.45,1.0,2025,1,Experienced
49771,J.T. Poston,18,,,0,0.0,0.0,2022,4,Rookie
49771,J.T. Poston,19,30.666666666666668,10.0,3,565179.0,0.6,2025,1,Experienced
49771,J.T. Poston,20,6.0,6.0,1,261990.0,1.0,2023,3,Rookie
49771,J.T. Poston,21,,,0,0.0,0.0,2022,4,Rookie
49771,J.T. Poston,22,52.5,42.0,2,45408.0,0.6666666666666666,2023,3,Familiar
49771,J.T. Poston,25,12.333333333333334,1.0,3,1552035.71,0.6,2025,1,Experienced
49771,J.T. Poston,26,65.0,65.0,1,19902.0,1.0,2021,5,Rookie
49771,J.T. Poston,27,32.333333333333336,22.0,3,342200.0,0.75,2025,1,Experienced
49771,J.T. Poston,28,,,0,0.0,0.0,2022,4,Rookie
49771,J.T. Poston,31,,,0,0.0,0.0,2021,5,Rookie
49771,J.T. Poston,33,,,0,0.0,0.0,2021,5,Rookie
49771,J.T. Poston,34,22.5,5.0,2,741600.0,0.5,2025,1,Familiar
49771,J.T. Poston,35,33.333333333333336,22.0,3,342276.79000000004,0.6,2025,1,Experienced
49771,J.T. Poston,37,,,0,0.0,0.0,2022,4,Rookie
49771,J.T. Poston,38,6.333333333333333,3.0,3,1513607.15,0.6,2025,1,Experienced
49771,J.T. Poston,41,19.25,5.0,4,587604.6000000001,0.6666666666666666,2025,1,Experienced
49771,J.T. Poston,43,16.0,3.0,2,491433.33,0.5,2025,1,Familiar
49771,J.T. Poston,44,22.5,5.0,2,771500.0,1.0,2025,1,Familiar
49771,J.T. Poston,45,21.0,21.0,1,220000.0,1.0,2023,3,Rookie
49771,J.T. Poston,46,8.0,1.0,3,1751525.0,0.75,2024,2,Experienced
49771,J.T. Poston,47,27.0,27.0,1,47950.0,1.0,2021,5,Rookie
49771,J.T. Poston,48,23.0,6.0,3,405275.0,0.6,2025,1,Experienced
49771,J.T. Poston,50,15.0,15.0,1,0.0,1.0,2022,4,Rookie
49771,J.T. Poston,51,34.0,2.0,3,837735.71,0.75,2025,1,Experienced
49771,J.T. Poston,52,23.0,23.0,1,167142.86,1.0,2025,1,Rookie
49771,J.T. Poston,53,32.5,32.0,2,224649.0,0.6666666666666666,2025,1,Familiar
49771,J.T. Poston,54,,,0,0.0,0.0,2021,5,Rookie
49771,J.T. Poston,55,33.0,33.0,1,113755.0,1.0,2021,5,Rookie
49771,J.T. Poston,56,33.5,26.0,2,102730.0,1.0,2025,1,Familiar
49771,J.T. Poston,57,30.666666666666668,10.0,3,253633.13,0.75,2025,1,Experienced
49771,J.T. Poston,58,20.0,20.0,1,82600.0,1.0,2021,5,Rookie
49771,J.T. Poston,59,11.0,11.0,1,177025.0,1.0,2021,5,Rookie
49771,J.T. Poston,60,31.666666666666668,9.0,3,315725.91000000003,0.75,2024,2,Experienced
49771,J.T. Poston,61,19.5,16.0,2,219430.0,0.5,2025,1,Familiar
49771,J.T. Poston,62,13.0,7.0,3,495518.33999999997,0.6,2025,1,Experienced
49773,Chase Koepka,21,,,0,0.0,0.0,2022,4,Rookie
49773,Chase Koepka,22,30.0,30.0,1,45850.0,0.5,2022,4,Rookie
49773,Chase Koepka,51,,,0,0.0,0.0,2021,5,Rookie
49773,Chase Koepka,57,63.0,63.0,1,14904.0,1.0,2021,5,Rookie
49790,Danny Guise,40,,,0,0.0,0.0,2024,2,Rookie
49790,Danny Guise,48,,,0,0.0,0.0,2023,3,Rookie
49790,Danny Guise,57,,,0,0.0,0.0,2023,3,Rookie
49790,Danny Guise,60,,,0,0.0,0.0,2023,3,Rookie
49801,Preston Stanley,25,51.0,51.0,1,16880.25,1.0,2022,4,Rookie
49801,Preston Stanley,28,,,0,0.0,0.0,2024,2,Rookie
49813,Daniel Hillier,20,50.0,46.0,2,57559.09,0.6666666666666666,2025,1,Familiar
49855,Kristoffer Reitan,20,13.0,13.0,1,153450.0,1.0,2025,1,Rookie
49884,Cody Blick,33,,,0,0.0,0.0,2021,5,Rookie
49893,Mark Geddes,34,,,0,0.0,0.0,2021,5,Rookie
49934,Patrick Grimes,56,,,0,0.0,0.0,2021,5,Rookie
49947,Taylor Moore,0,13.0,12.0,2,291996.43,1.0,2025,1,Familiar
49947,Taylor Moore,1,37.0,7.0,2,283184.0,0.6666666666666666,2025,1,Familiar
49947,Taylor Moore,2,43.0,39.0,3,161492.57,1.0,2024,2,Experienced
49947,Taylor Moore,3,32.0,32.0,1,50808.33,1.0,2022,4,Rookie
49947,Taylor Moore,4,25.0,15.0,4,473222.38,1.0,2025,1,Experienced
49947,Taylor Moore,5,63.0,63.0,1,13080.0,1.0,2025,1,Rookie
49947,Taylor Moore,6,21.0,21.0,1,37308.33,1.0,2022,4,Rookie
49947,Taylor Moore,8,46.5,44.0,2,116000.0,1.0,2023,3,Familiar
49947,Taylor Moore,9,,,0,0.0,0.0,2023,3,Rookie
49947,Taylor Moore,10,73.0,73.0,1,18810.0,0.25,2025,1,Rookie
49947,Taylor Moore,13,,,0,0.0,0.0,2025,1,Rookie
49947,Taylor Moore,14,23.0,23.0,1,88305.0,1.0,2023,3,Rookie
49947,Taylor Moore,15,42.0,42.0,1,33580.0,1.0,2025,1,Rookie
49947,Taylor Moore,16,45.666666666666664,11.0,3,250635.0,0.75,2025,1,Experienced
49947,Taylor Moore,17,34.0,5.0,3,920486.37,1.0,2024,2,Experienced
49947,Taylor Moore,18,36.0,36.0,1,36457.14,0.5,2023,3,Rookie
49947,Taylor Moore,19,26.0,21.0,2,248880.0,0.6666666666666666,2024,2,Familiar
49947,Taylor Moore,20,,,0,0.0,0.0,2025,1,Rookie
49947,Taylor Moore,21,,,0,0.0,0.0,2022,4,Rookie
49947,Taylor Moore,22,,,0,0.0,0.0,2022,4,Rookie
49947,Taylor Moore,25,28.5,24.0,2,102805.0,0.6666666666666666,2025,1,Familiar
49947,Taylor Moore,27,,,0,0.0,0.0,2024,2,Rookie
49947,Taylor Moore,28,,,0,0.0,0.0,2022,4,Rookie
49947,Taylor Moore,29,34.0,34.0,1,35159.09,1.0,2025,1,Rookie
49947,Taylor Moore,32,25.0,25.0,1,33800.0,1.0,2025,1,Rookie
49947,Taylor Moore,34,34.333333333333336,12.0,3,579885.55,1.0,2025,1,Experienced
49947,Taylor Moore,35,33.0,31.0,3,403229.16000000003,0.75,2025,1,Experienced
49947,Taylor Moore,36,,,0,0.0,0.0,2025,1,Rookie
49947,Taylor Moore,37,,,0,0.0,0.0,2025,1,Rookie
49947,Taylor Moore,38,34.5,11.0,2,489800.0,1.0,2024,2,Familiar
49947,Taylor Moore,39,,,0,0.0,0.0,2025,1,Rookie
49947,Taylor Moore,40,6.666666666666667,4.0,3,881066.67,1.0,2024,2,Experienced
49947,Taylor Moore,41,21.5,8.0,2,255745.71,0.5,2025,1,Familiar
49947,Taylor Moore,43,27.666666666666668,17.0,3,177288.33000000002,0.75,2025,1,Experienced
49947,Taylor Moore,44,25.0,25.0,1,170750.0,1.0,2024,2,Rookie
49947,Taylor Moore,46,26.5,24.0,2,109900.0,0.6666666666666666,2024,2,Familiar
49947,Taylor Moore,48,,,0,0.0,0.0,2025,1,Rookie
49947,Taylor Moore,49,2.0,2.0,1,553735.0,1.0,2024,2,Rookie
49947,Taylor Moore,50,29.0,29.0,1,0.0,1.0,2023,3,Rookie
49947,Taylor Moore,51,62.0,56.0,2,58257.0,0.6666666666666666,2024,2,Familiar
49947,Taylor Moore,53,,,0,0.0,0.0,2024,2,Rookie
49947,Taylor Moore,56,,,0,0.0,0.0,2022,4,Rookie
49947,Taylor Moore,57,6.5,1.0,2,1624740.0,0.5,2025,1,Familiar
49947,Taylor Moore,60,43.0,27.0,3,242065.0,1.0,2024,2,Experienced
49947,Taylor Moore,61,20.666666666666668,9.0,3,624860.0,1.0,2025,1,Experienced
49947,Taylor Moore,62,26.333333333333332,5.0,3,362321.0,0.75,2025,1,Experienced
49947,Taylor Moore,63,11.0,11.0,1,204000.0,1.0,2024,2,Rookie
49960,Sepp Straka,0,,,0,0.0,0.0,2023,3,Rookie
49960,Sepp Straka,1,25.0,1.0,2,1602949.34,0.6666666666666666,2025,1,Familiar
49960,Sepp Straka,2,31.0,5.0,2,844500.0,0.4,2025,1,Familiar
49960,Sepp Straka,3,49.5,26.0,2,74627.0,1.0,2022,4,Familiar
49960,Sepp Straka,4,16.5,7.0,2,783800.0,1.0,2025,1,Familiar
49960,Sepp Straka,8,26.0,13.0,3,556361.11,1.0,2024,2,Experienced
49960,Sepp Straka,9,,,0,0.0,0.0,2023,3,Rookie
49960,Sepp Straka,10,17.0,5.0,2,373722.83999999997,0.6666666666666666,2024,2,Familiar
49960,Sepp Straka,14,62.0,62.0,1,20055.0,1.0,2023,3,Rookie
49960,Sepp Straka,15,11.0,11.0,1,184985.71,0.5,2025,1,Rookie
49960,Sepp Straka,16,24.0,16.0,2,175125.0,0.6666666666666666,2024,2,Familiar
49960,Sepp Straka,17,35.75,2.0,4,2001800.0,1.0,2025,1,Experienced
49960,Sepp Straka,18,,,0,0.0,0.0,2022,4,Rookie
49960,Sepp Straka,19,34.333333333333336,15.0,3,276739.0,0.6,2025,1,Experienced
49960,Sepp Straka,20,7.0,7.0,1,287550.0,0.5,2025,1,Rookie
49960,Sepp Straka,21,,,0,0.0,0.0,2022,4,Rookie
49960,Sepp Straka,22,13.0,1.0,3,1768020.0,1.0,2023,3,Experienced
49960,Sepp Straka,25,31.0,1.0,2,1349200.0,0.6666666666666666,2024,2,Familiar
49960,Sepp Straka,26,,,0,0.0,0.0,2021,5,Rookie
49960,Sepp Straka,27,17.25,3.0,4,2479966.67,1.0,2025,1,Experienced
49960,Sepp Straka,31,,,0,0.0,0.0,2021,5,Rookie
49960,Sepp Straka,33,,,0,0.0,0.0,2021,5,Rookie
49960,Sepp Straka,34,42.5,7.0,2,578700.0,0.5,2025,1,Familiar
49960,Sepp Straka,35,26.0,9.0,4,1403250.0,0.8,2025,1,Experienced
49960,Sepp Straka,38,20.0,3.0,4,1413582.1400000001,0.8,2025,1,Experienced
49960,Sepp Straka,40,64.0,64.0,1,18656.0,0.3333333333333333,2023,3,Rookie
49960,Sepp Straka,41,44.0,44.0,1,21450.0,0.25,2024,2,Rookie
49960,Sepp Straka,42,14.0,14.0,1,100650.0,1.0,2021,5,Rookie
49960,Sepp Straka,43,2.0,2.0,1,861100.0,0.3333333333333333,2023,3,Rookie
49960,Sepp Straka,44,13.5,12.0,2,742000.0,1.0,2025,1,Familiar
49960,Sepp Straka,45,21.0,21.0,1,220000.0,1.0,2023,3,Rookie
49960,Sepp Straka,46,,,0,0.0,0.0,2022,4,Rookie
49960,Sepp Straka,47,43.0,43.0,1,21665.0,1.0,2021,5,Rookie
49960,Sepp Straka,48,32.333333333333336,25.0,3,130222.86,1.0,2025,1,Experienced
49960,Sepp Straka,50,19.5,7.0,4,355000.0,1.0,2025,1,Experienced
49960,Sepp Straka,51,29.0,10.0,4,507635.71,0.8,2025,1,Experienced
49960,Sepp Straka,52,1.0,1.0,1,3600000.0,1.0,2025,1,Rookie
49960,Sepp Straka,53,56.0,56.0,1,44546.0,0.25,2025,1,Rookie
49960,Sepp Straka,55,,,0,0.0,0.0,2021,5,Rookie
49960,Sepp Straka,56,44.5,22.0,2,99236.67,1.0,2023,3,Familiar
49960,Sepp Straka,57,28.0,28.0,1,55843.13,0.5,2025,1,Rookie
49960,Sepp Straka,58,5.0,5.0,1,270375.0,1.0,2021,5,Rookie
49960,Sepp Straka,59,,,0,0.0,0.0,2021,5,Rookie
49960,Sepp Straka,60,31.0,8.0,2,619954.0,0.5,2024,2,Familiar
49960,Sepp Straka,61,40.5,15.0,2,185366.0,1.0,2025,1,Familiar
49960,Sepp Straka,62,15.0,15.0,1,91342.23,0.5,2022,4,Rookie
49964,Aaron Wise,1,,,0,0.0,0.0,2023,3,Rookie
49964,Aaron Wise,2,17.0,17.0,1,183000.0,0.3333333333333333,2023,3,Rookie
49964,Aaron Wise,3,52.0,50.0,3,62481.67,1.0,2023,3,Experienced
49964,Aaron Wise,8,16.0,15.0,2,380500.0,1.0,2022,4,Familiar
49964,Aaron Wise,9,22.0,22.0,1,84420.0,1.0,2023,3,Rookie
49964,Aaron Wise,12,5.0,5.0,1,342468.75,1.0,2022,4,Rookie
49964,Aaron Wise,14,6.0,6.0,1,378000.0,1.0,2023,3,Rookie
49964,Aaron Wise,16,,,0,0.0,0.0,2022,4,Rookie
49964,Aaron Wise,17,31.0,31.0,1,78886.37,1.0,2022,4,Rookie
49964,Aaron Wise,19,67.0,67.0,1,24960.0,1.0,2022,4,Rookie
49964,Aaron Wise,21,26.0,26.0,1,58125.0,1.0,2022,4,Rookie
49964,Aaron Wise,22,21.0,13.0,2,171842.82,0.6666666666666666,2023,3,Familiar
49964,Aaron Wise,25,69.0,69.0,1,12772.0,0.5,2025,1,Rookie
49964,Aaron Wise,26,9.0,9.0,1,262725.0,1.0,2021,5,Rookie
49964,Aaron Wise,27,2.0,2.0,1,1308000.0,1.0,2022,4,Rookie
49964,Aaron Wise,28,6.0,6.0,1,238162.5,1.0,2022,4,Rookie
49964,Aaron Wise,31,21.0,21.0,1,95791.67,1.0,2021,5,Rookie
49964,Aaron Wise,32,,,0,0.0,0.0,2025,1,Rookie
49964,Aaron Wise,34,20.0,17.0,2,297767.86,0.6666666666666666,2023,3,Familiar
49964,Aaron Wise,35,57.5,50.0,2,82300.0,0.6666666666666666,2023,3,Familiar
49964,Aaron Wise,37,,,0,0.0,0.0,2025,1,Rookie
49964,Aaron Wise,38,21.0,21.0,1,83920.0,0.5,2022,4,Rookie
49964,Aaron Wise,39,51.0,51.0,1,22709.33,1.0,2025,1,Rookie
49964,Aaron Wise,41,,,0,0.0,0.0,2021,5,Rookie
49964,Aaron Wise,42,,,0,0.0,0.0,2021,5,Rookie
49964,Aaron Wise,43,21.5,17.0,2,145000.0,0.6666666666666666,2025,1,Familiar
49964,Aaron Wise,45,18.0,18.0,1,229000.0,1.0,2023,3,Rookie
49964,Aaron Wise,46,36.0,8.0,2,221950.0,1.0,2023,3,Familiar
49964,Aaron Wise,47,,,0,0.0,0.0,2021,5,Rookie
49964,Aaron Wise,50,13.0,13.0,1,0.0,1.0,2022,4,Rookie
49964,Aaron Wise,51,66.0,66.0,1,15540.0,0.5,2022,4,Rookie
49964,Aaron Wise,53,27.0,27.0,1,127002.0,0.5,2023,3,Rookie
49964,Aaron Wise,56,44.0,44.0,1,21852.6,1.0,2021,5,Rookie
49964,Aaron Wise,57,,,0,0.0,0.0,2022,4,Rookie
49964,Aaron Wise,58,11.0,11.0,1,155750.0,1.0,2021,5,Rookie
49964,Aaron Wise,59,66.0,66.0,1,15549.0,1.0,2021,5,Rookie
49964,Aaron Wise,60,9.0,9.0,1,228825.0,1.0,2021,5,Rookie
49964,Aaron Wise,61,,,0,0.0,0.0,2023,3,Rookie
49964,Aaron Wise,62,29.5,13.0,2,141248.3,0.6666666666666666,2025,1,Familiar
50006,Willie Mack III,16,,,0,0.0,0.0,2025,1,Rookie
50006,Willie Mack III,19,,,0,0.0,0.0,2021,5,Rookie
50006,Willie Mack III,25,64.0,64.0,1,13268.0,1.0,2021,5,Rookie
50006,Willie Mack III,40,71.0,71.0,1,15075.0,0.5,2024,2,Rookie
50006,Willie Mack III,53,,,0,0.0,0.0,2024,2,Rookie
50006,Willie Mack III,60,,,0,0.0,0.0,2023,3,Rookie
50012,Wyatt Worthington II,34,,,0,0.0,0.0,2024,2,Rookie
50012,Wyatt Worthington II,40,,,0,0.0,0.0,2022,4,Rookie
50057,Robin Roussel,6,27.0,27.0,1,21909.28,1.0,2022,4,Rookie
50095,Austin Smotherman,0,38.5,24.0,2,88356.0,0.6666666666666666,2024,2,Familiar
50095,Austin Smotherman,1,,,0,0.0,0.0,2022,4,Rookie
50095,Austin Smotherman,3,25.0,25.0,1,68445.0,0.5,2023,3,Rookie
50095,Austin Smotherman,4,33.0,33.0,1,43548.34,0.5,2023,3,Rookie
50095,Austin Smotherman,6,54.0,54.0,1,8584.0,0.5,2023,3,Rookie
50095,Austin Smotherman,7,,,0,0.0,0.0,2024,2,Rookie
50095,Austin Smotherman,9,,,0,0.0,0.0,2023,3,Rookie
50095,Austin Smotherman,10,49.666666666666664,21.0,3,119843.75,1.0,2024,2,Experienced
50095,Austin Smotherman,13,,,0,0.0,0.0,2024,2,Rookie
50095,Austin Smotherman,16,11.0,11.0,1,180180.0,0.5,2023,3,Rookie
50095,Austin Smotherman,18,45.5,25.0,2,70042.72,0.6666666666666666,2023,3,Familiar
50095,Austin Smotherman,19,,,0,0.0,0.0,2023,3,Rookie
50095,Austin Smotherman,22,,,0,0.0,0.0,2022,4,Rookie
50095,Austin Smotherman,24,21.0,21.0,1,43600.0,1.0,2024,2,Rookie
50095,Austin Smotherman,25,56.0,51.0,2,35280.67,0.6666666666666666,2024,2,Familiar
50095,Austin Smotherman,28,41.333333333333336,5.0,3,319478.0,1.0,2024,2,Experienced
50095,Austin Smotherman,30,70.0,70.0,1,8280.0,1.0,2024,2,Rookie
50095,Austin Smotherman,35,35.0,35.0,1,114166.67,1.0,2023,3,Rookie
50095,Austin Smotherman,36,7.0,7.0,1,176100.0,1.0,2024,2,Rookie
50095,Austin Smotherman,37,47.0,44.0,2,52875.0,1.0,2023,3,Familiar
50095,Austin Smotherman,38,67.0,67.0,1,41600.0,1.0,2023,3,Rookie
50095,Austin Smotherman,40,69.0,69.0,1,17136.0,0.5,2023,3,Rookie
50095,Austin Smotherman,41,45.0,40.0,3,73753.6,0.75,2024,2,Experienced
50095,Austin Smotherman,43,54.5,42.0,2,42494.0,0.6666666666666666,2024,2,Familiar
50095,Austin Smotherman,46,47.5,35.0,2,58000.0,1.0,2023,3,Familiar
50095,Austin Smotherman,48,67.0,67.0,1,16353.0,0.5,2023,3,Rookie
50095,Austin Smotherman,51,,,0,0.0,0.0,2023,3,Rookie
50095,Austin Smotherman,56,61.0,61.0,1,19092.0,0.5,2023,3,Rookie
50095,Austin Smotherman,57,30.5,25.0,2,101190.0,1.0,2023,3,Familiar
50095,Austin Smotherman,60,25.0,25.0,1,69150.0,0.5,2023,3,Rookie
50095,Austin Smotherman,61,,,0,0.0,0.0,2023,3,Rookie
50095,Austin Smotherman,62,27.0,27.0,1,53200.0,0.5,2023,3,Rookie
50154,Joseph Winslow,48,54.0,54.0,1,18249.0,1.0,2023,3,Rookie
50157,"Philip Barbaree, Jr.",53,66.0,66.0,1,41785.0,1.0,2025,1,Rookie
50157,"Philip Barbaree, Jr.",55,66.0,66.0,1,41785.0,1.0,2021,5,Rookie
50188,S.H. Kim,0,27.0,27.0,1,58110.0,0.5,2024,2,Rookie
50188,S.H. Kim,1,,,0,0.0,0.0,2023,3,Rookie
50188,S.H. Kim,2,39.0,39.0,1,70028.57,1.0,2023,3,Rookie
50188,S.H. Kim,3,50.0,50.0,1,22216.42,1.0,2023,3,Rookie
50188,S.H. Kim,4,36.0,31.0,2,138575.0,1.0,2024,2,Familiar
50188,S.H. Kim,7,64.0,64.0,1,16200.0,1.0,2024,2,Rookie
50188,S.H. Kim,9,47.0,47.0,1,23704.8,1.0,2023,3,Rookie
50188,S.H. Kim,10,61.0,61.0,1,20111.0,0.5,2024,2,Rookie
50188,S.H. Kim,11,52.0,52.0,1,20168.57,1.0,2021,5,Rookie
50188,S.H. Kim,12,32.0,32.0,1,51610.0,1.0,2022,4,Rookie
50188,S.H. Kim,13,4.0,4.0,1,380000.0,1.0,2024,2,Rookie
50188,S.H. Kim,14,64.0,64.0,1,19740.0,1.0,2023,3,Rookie
50188,S.H. Kim,15,67.0,67.0,1,18900.0,1.0,2024,2,Rookie
50188,S.H. Kim,16,35.0,20.0,2,120909.0,0.6666666666666666,2025,1,Familiar
50188,S.H. Kim,18,19.0,2.0,2,952057.14,1.0,2023,3,Familiar
50188,S.H. Kim,19,33.0,33.0,1,104428.57,1.0,2023,3,Rookie
50188,S.H. Kim,20,,,0,0.0,0.0,2023,3,Rookie
50188,S.H. Kim,22,63.0,63.0,1,17808.0,1.0,2023,3,Rookie
50188,S.H. Kim,24,41.5,28.0,2,37360.0,1.0,2025,1,Familiar
50188,S.H. Kim,25,34.0,34.0,1,39200.0,0.5,2024,2,Rookie
50188,S.H. Kim,27,41.0,41.0,1,71000.0,1.0,2023,3,Rookie
50188,S.H. Kim,28,24.0,24.0,1,62755.0,0.5,2024,2,Rookie
50188,S.H. Kim,30,50.0,50.0,1,10180.0,1.0,2024,2,Rookie
50188,S.H. Kim,34,63.0,63.0,1,25202.0,1.0,2024,2,Rookie
50188,S.H. Kim,35,,,0,0.0,0.0,2024,2,Rookie
50188,S.H. Kim,36,,,0,0.0,0.0,2024,2,Rookie
50188,S.H. Kim,37,25.0,25.0,1,64850.0,0.5,2024,2,Rookie
50188,S.H. Kim,40,74.0,74.0,1,17072.0,0.5,2024,2,Rookie
50188,S.H. Kim,41,42.0,42.0,1,26980.0,0.5,2024,2,Rookie
50188,S.H. Kim,43,13.0,13.0,1,141541.66,0.3333333333333333,2024,2,Rookie
50188,S.H. Kim,46,27.5,4.0,2,354656.66,0.6666666666666666,2024,2,Familiar
50188,S.H. Kim,48,21.0,12.0,2,183659.15999999997,1.0,2024,2,Familiar
50188,S.H. Kim,49,45.0,45.0,1,25502.75,1.0,2024,2,Rookie
50188,S.H. Kim,51,,,0,0.0,0.0,2023,3,Rookie
50188,S.H. Kim,53,56.0,56.0,1,44546.0,1.0,2024,2,Rookie
50188,S.H. Kim,56,14.5,14.0,2,267326.82,1.0,2024,2,Familiar
50188,S.H. Kim,57,53.0,45.0,2,40083.0,1.0,2024,2,Familiar
50188,S.H. Kim,60,,,0,0.0,0.0,2023,3,Rookie
50188,S.H. Kim,61,28.0,28.0,1,53000.0,1.0,2024,2,Rookie
50188,S.H. Kim,62,66.0,66.0,1,16985.0,0.5,2024,2,Rookie
50188,S.H. Kim,63,46.0,46.0,1,20357.5,1.0,2024,2,Rookie
50223,Ewen Ferguson,20,12.0,12.0,1,151007.15,0.3333333333333333,2025,1,Rookie
50286,A.J. Ewart,37,,,0,0.0,0.0,2025,1,Rookie
50323,Minkyu Kim,12,57.0,57.0,1,19597.5,1.0,2022,4,Rookie
50474,Tim Widing,1,,,0,0.0,0.0,2025,1,Rookie
50474,Tim Widing,5,42.0,42.0,1,21300.0,1.0,2025,1,Rookie
50474,Tim Widing,13,,,0,0.0,0.0,2025,1,Rookie
50474,Tim Widing,15,,,0,0.0,0.0,2025,1,Rookie
50474,Tim Widing,16,,,0,0.0,0.0,2025,1,Rookie
50474,Tim Widing,19,,,0,0.0,0.0,2021,5,Rookie
50474,Tim Widing,24,,,0,0.0,0.0,2025,1,Rookie
50474,Tim Widing,25,,,0,0.0,0.0,2025,1,Rookie
50474,Tim Widing,29,,,0,0.0,0.0,2025,1,Rookie
50474,Tim Widing,32,52.0,52.0,1,9920.0,1.0,2025,1,Rookie
50474,Tim Widing,34,,,0,0.0,0.0,2024,2,Rookie
50474,Tim Widing,36,,,0,0.0,0.0,2025,1,Rookie
50474,Tim Widing,37,,,0,0.0,0.0,2025,1,Rookie
50474,Tim Widing,41,,,0,0.0,0.0,2025,1,Rookie
50474,Tim Widing,43,60.0,60.0,1,13440.0,1.0,2025,1,Rookie
50474,Tim Widing,46,,,0,0.0,0.0,2023,3,Rookie
50474,Tim Widing,48,,,0,0.0,0.0,2025,1,Rookie
50474,Tim Widing,49,,,0,0.0,0.0,2025,1,Rookie
50474,Tim Widing,53,41.0,41.0,1,72305.0,1.0,2024,2,Rookie
50474,Tim Widing,56,,,0,0.0,0.0,2025,1,Rookie
50474,Tim Widing,57,,,0,0.0,0.0,2025,1,Rookie
50484,Hayden Springer,0,59.0,59.0,1,18063.0,0.5,2025,1,Rookie
50484,Hayden Springer,5,20.0,20.0,1,63214.29,1.0,2025,1,Rookie
50484,Hayden Springer,7,,,0,0.0,0.0,2024,2,Rookie
50484,Hayden Springer,10,77.0,77.0,1,18050.0,0.5,2025,1,Rookie
50484,Hayden Springer,13,,,0,0.0,0.0,2025,1,Rookie
50484,Hayden Springer,16,19.5,6.0,2,387300.0,1.0,2025,1,Familiar
50484,Hayden Springer,18,,,0,0.0,0.0,2023,3,Rookie
50484,Hayden Springer,24,25.5,14.0,2,80800.0,1.0,2025,1,Familiar
50484,Hayden Springer,25,25.5,7.0,2,277364.8,1.0,2025,1,Familiar
50484,Hayden Springer,28,38.0,38.0,1,32805.0,1.0,2024,2,Rookie
50484,Hayden Springer,29,45.0,45.0,1,24150.0,1.0,2025,1,Rookie
50484,Hayden Springer,30,,,0,0.0,0.0,2024,2,Rookie
50484,Hayden Springer,32,65.0,65.0,1,8760.0,1.0,2025,1,Rookie
50484,Hayden Springer,35,42.0,42.0,1,81687.5,1.0,2025,1,Rookie
50484,Hayden Springer,36,57.0,57.0,1,13740.0,0.5,2025,1,Rookie
50484,Hayden Springer,37,59.0,59.0,1,21854.0,0.5,2025,1,Rookie
50484,Hayden Springer,39,34.0,34.0,1,47931.43,1.0,2025,1,Rookie
50484,Hayden Springer,40,10.0,10.0,1,206233.33,1.0,2024,2,Rookie
50484,Hayden Springer,41,30.0,30.0,1,49780.0,0.5,2025,1,Rookie
50484,Hayden Springer,43,8.0,8.0,1,222300.0,0.5,2025,1,Rookie
50484,Hayden Springer,46,,,0,0.0,0.0,2024,2,Rookie
50484,Hayden Springer,49,15.0,15.0,1,163875.0,0.5,2025,1,Rookie
50484,Hayden Springer,56,58.0,58.0,1,20148.0,1.0,2024,2,Rookie
50484,Hayden Springer,57,72.0,72.0,1,16716.0,1.0,2024,2,Rookie
50484,Hayden Springer,61,,,0,0.0,0.0,2025,1,Rookie
50484,Hayden Springer,62,,,0,0.0,0.0,2024,2,Rookie
50488,Christopher Crawford,15,,,0,0.0,0.0,2024,2,Rookie
50489,Kyle Mueller,53,,,0,0.0,0.0,2023,3,Rookie
50490,Chase Parker,43,,,0,0.0,0.0,2023,3,Rookie
50493,Justin Suh,0,31.0,19.0,2,124275.0,1.0,2024,2,Familiar
50493,Justin Suh,1,54.0,54.0,1,18400.0,1.0,2023,3,Rookie
50493,Justin Suh,2,24.0,24.0,1,163000.0,1.0,2023,3,Rookie
50493,Justin Suh,3,,,0,0.0,0.0,2023,3,Rookie
50493,Justin Suh,4,,,0,0.0,0.0,2023,3,Rookie
50493,Justin Suh,7,46.0,46.0,1,20137.5,1.0,2024,2,Rookie
50493,Justin Suh,9,47.0,47.0,1,23704.8,1.0,2023,3,Rookie
50493,Justin Suh,10,16.0,16.0,1,132675.0,0.5,2024,2,Rookie
50493,Justin Suh,13,,,0,0.0,0.0,2024,2,Rookie
50493,Justin Suh,14,29.0,29.0,1,65730.0,1.0,2023,3,Rookie
50493,Justin Suh,15,,,0,0.0,0.0,2024,2,Rookie
50493,Justin Suh,16,44.666666666666664,20.0,3,150234.0,1.0,2024,2,Experienced
50493,Justin Suh,18,44.0,30.0,2,58212.0,0.6666666666666666,2023,3,Familiar
50493,Justin Suh,19,40.0,40.0,1,79000.0,1.0,2023,3,Rookie
50493,Justin Suh,22,5.0,5.0,1,288120.0,1.0,2023,3,Rookie
50493,Justin Suh,24,,,0,0.0,0.0,2024,2,Rookie
50493,Justin Suh,25,73.0,73.0,1,16000.0,1.0,2024,2,Rookie
50493,Justin Suh,27,41.0,41.0,1,71000.0,1.0,2023,3,Rookie
50493,Justin Suh,28,,,0,0.0,0.0,2024,2,Rookie
50493,Justin Suh,30,50.0,50.0,1,10180.0,1.0,2024,2,Rookie
50493,Justin Suh,34,26.0,26.0,1,135000.0,1.0,2023,3,Rookie
50493,Justin Suh,35,6.0,6.0,1,736607.15,0.5,2024,2,Rookie
50493,Justin Suh,36,37.0,37.0,1,26100.0,1.0,2024,2,Rookie
50493,Justin Suh,37,,,0,0.0,0.0,2024,2,Rookie
50493,Justin Suh,38,73.0,73.0,1,39800.0,1.0,2023,3,Rookie
50493,Justin Suh,40,78.0,78.0,1,16456.0,0.3333333333333333,2024,2,Rookie
50493,Justin Suh,41,65.0,64.0,2,35229.0,0.6666666666666666,2024,2,Familiar
50493,Justin Suh,43,,,0,0.0,0.0,2024,2,Rookie
50493,Justin Suh,46,51.0,46.0,2,40082.0,0.6666666666666666,2024,2,Familiar
50493,Justin Suh,47,8.0,8.0,1,190750.0,1.0,2021,5,Rookie
50493,Justin Suh,48,41.0,41.0,1,28045.0,0.5,2024,2,Rookie
50493,Justin Suh,49,,,0,0.0,0.0,2024,2,Rookie
50493,Justin Suh,51,56.0,56.0,1,46000.0,1.0,2023,3,Rookie
50493,Justin Suh,53,27.0,27.0,1,143295.0,1.0,2023,3,Rookie
50493,Justin Suh,57,39.0,33.0,2,60929.0,1.0,2024,2,Familiar
50493,Justin Suh,60,59.0,59.0,1,44600.0,0.5,2023,3,Rookie
50493,Justin Suh,61,22.0,22.0,1,82133.33,1.0,2024,2,Rookie
50493,Justin Suh,62,52.0,52.0,1,18881.0,0.5,2024,2,Rookie
50497,Adrien Dumont de Chassart,0,,,0,0.0,0.0,2024,2,Rookie
50497,Adrien Dumont de Chassart,7,,,0,0.0,0.0,2024,2,Rookie
50497,Adrien Dumont de Chassart,13,30.0,30.0,1,52293.18,1.0,2024,2,Rookie
50497,Adrien Dumont de Chassart,15,,,0,0.0,0.0,2024,2,Rookie
50497,Adrien Dumont de Chassart,16,75.0,75.0,1,17550.0,1.0,2024,2,Rookie
50497,Adrien Dumont de Chassart,24,,,0,0.0,0.0,2024,2,Rookie
50497,Adrien Dumont de Chassart,25,46.0,46.0,1,23280.0,1.0,2024,2,Rookie
50497,Adrien Dumont de Chassart,28,,,0,0.0,0.0,2024,2,Rookie
50497,Adrien Dumont de Chassart,30,40.0,40.0,1,16200.0,1.0,2024,2,Rookie
50497,Adrien Dumont de Chassart,32,,,0,0.0,0.0,2025,1,Rookie
50497,Adrien Dumont de Chassart,36,,,0,0.0,0.0,2024,2,Rookie
50497,Adrien Dumont de Chassart,37,51.0,51.0,1,22591.33,1.0,2024,2,Rookie
50497,Adrien Dumont de Chassart,40,,,0,0.0,0.0,2024,2,Rookie
50497,Adrien Dumont de Chassart,41,25.0,25.0,1,63460.0,0.5,2025,1,Rookie
50497,Adrien Dumont de Chassart,43,55.0,55.0,1,17480.0,1.0,2024,2,Rookie
50497,Adrien Dumont de Chassart,46,,,0,0.0,0.0,2024,2,Rookie
50497,Adrien Dumont de Chassart,48,,,0,0.0,0.0,2024,2,Rookie
50497,Adrien Dumont de Chassart,49,81.0,81.0,1,16653.0,1.0,2024,2,Rookie
50497,Adrien Dumont de Chassart,53,,,0,0.0,0.0,2022,4,Rookie
50497,Adrien Dumont de Chassart,56,,,0,0.0,0.0,2024,2,Rookie
50497,Adrien Dumont de Chassart,57,,,0,0.0,0.0,2025,1,Rookie
50497,Adrien Dumont de Chassart,61,60.0,60.0,1,19448.0,1.0,2024,2,Rookie
50497,Adrien Dumont de Chassart,62,,,0,0.0,0.0,2024,2,Rookie
50521,Hunter Larson,48,,,0,0.0,0.0,2024,2,Rookie
50525,Collin Morikawa,2,2.0,2.0,1,2200000.0,0.3333333333333333,2025,1,Rookie
50525,Collin Morikawa,4,15.5,14.0,2,594500.0,1.0,2025,1,Familiar
50525,Collin Morikawa,8,38.6,25.0,5,527556.67,1.0,2025,1,Veteran
50525,Collin Morikawa,10,21.75,4.0,4,652289.09,1.0,2024,2,Experienced
50525,Collin Morikawa,11,12.0,12.0,1,190320.0,1.0,2021,5,Rookie
50525,Collin Morikawa,12,2.0,2.0,1,1053000.0,1.0,2022,4,Rookie
50525,Collin Morikawa,14,29.0,29.0,1,65730.0,1.0,2023,3,Rookie
50525,Collin Morikawa,16,3.0,3.0,1,600300.0,0.5,2024,2,Rookie
50525,Collin Morikawa,17,15.5,5.0,4,1228333.34,1.0,2025,1,Experienced
50525,Collin Morikawa,19,17.4,2.0,5,2318293.29,1.0,2025,1,Veteran
50525,Collin Morikawa,20,4.0,4.0,1,318525.0,0.5,2025,1,Rookie
50525,Collin Morikawa,26,2.0,2.0,1,1013700.0,1.0,2021,5,Rookie
50525,Collin Morikawa,27,11.0,2.0,2,2450666.67,0.5,2025,1,Familiar
50525,Collin Morikawa,31,,,0,0.0,0.0,2021,5,Rookie
50525,Collin Morikawa,34,28.6,4.0,5,1280599.0,1.0,2025,1,Veteran
50525,Collin Morikawa,35,27.25,10.0,4,1227479.17,0.8,2025,1,Experienced
50525,Collin Morikawa,36,43.0,43.0,1,21900.0,1.0,2025,1,Rookie
50525,Collin Morikawa,38,25.4,7.0,5,1018494.45,1.0,2025,1,Veteran
50525,Collin Morikawa,39,8.0,8.0,1,261600.0,1.0,2025,1,Rookie
50525,Collin Morikawa,40,2.0,2.0,1,783200.0,1.0,2023,3,Rookie
50525,Collin Morikawa,44,3.5,2.0,2,2850500.0,1.0,2025,1,Familiar
50525,Collin Morikawa,45,4.666666666666667,2.0,3,1985333.33,1.0,2023,3,Experienced
50525,Collin Morikawa,47,,,0,0.0,0.0,2021,5,Rookie
50525,Collin Morikawa,48,7.0,7.0,1,200475.0,1.0,2021,5,Rookie
50525,Collin Morikawa,50,14.8,2.0,5,452500.0,1.0,2025,1,Veteran
50525,Collin Morikawa,51,27.5,13.0,2,472000.0,0.6666666666666666,2025,1,Familiar
50525,Collin Morikawa,52,17.0,17.0,1,270500.0,1.0,2025,1,Rookie
50525,Collin Morikawa,53,14.0,5.0,4,1520155.0,1.0,2025,1,Experienced
50525,Collin Morikawa,54,,,0,0.0,0.0,2021,5,Rookie
50525,Collin Morikawa,55,23.0,23.0,1,161489.0,1.0,2021,5,Rookie
50525,Collin Morikawa,56,75.0,75.0,1,17756.0,1.0,2024,2,Rookie
50525,Collin Morikawa,57,68.0,68.0,1,16224.0,1.0,2022,4,Rookie
50525,Collin Morikawa,60,16.0,16.0,1,301000.0,0.5,2024,2,Rookie
50525,Collin Morikawa,61,,,0,0.0,0.0,2023,3,Rookie
50525,Collin Morikawa,63,54.0,54.0,1,17595.0,1.0,2024,2,Rookie
50525,Collin Morikawa,64,50.0,50.0,1,17560.0,1.0,2021,5,Rookie
50526,Tom Lovelady,0,,,0,0.0,0.0,2021,5,Rookie
50526,Tom Lovelady,3,,,0,0.0,0.0,2021,5,Rookie
50527,Jared du Toit,16,,,0,0.0,0.0,2022,4,Rookie
50527,Jared du Toit,37,,,0,0.0,0.0,2024,2,Rookie
50582,Jeremy Paul,0,,,0,0.0,0.0,2025,1,Rookie
50582,Jeremy Paul,1,64.0,64.0,1,19008.0,1.0,2025,1,Rookie
50582,Jeremy Paul,5,51.0,51.0,1,14508.0,1.0,2025,1,Rookie
50582,Jeremy Paul,10,59.0,59.0,1,20995.0,1.0,2025,1,Rookie
50582,Jeremy Paul,13,,,0,0.0,0.0,2025,1,Rookie
50582,Jeremy Paul,15,,,0,0.0,0.0,2025,1,Rookie
50582,Jeremy Paul,16,,,0,0.0,0.0,2025,1,Rookie
50582,Jeremy Paul,24,,,0,0.0,0.0,2025,1,Rookie
50582,Jeremy Paul,25,33.0,33.0,1,44940.0,1.0,2025,1,Rookie
50582,Jeremy Paul,29,25.0,25.0,1,59350.0,1.0,2025,1,Rookie
50582,Jeremy Paul,32,,,0,0.0,0.0,2025,1,Rookie
50582,Jeremy Paul,36,,,0,0.0,0.0,2025,1,Rookie
50582,Jeremy Paul,37,18.0,18.0,1,125276.67,1.0,2025,1,Rookie
50582,Jeremy Paul,39,,,0,0.0,0.0,2025,1,Rookie
50582,Jeremy Paul,41,,,0,0.0,0.0,2025,1,Rookie
50582,Jeremy Paul,43,48.0,48.0,1,15214.29,1.0,2025,1,Rookie
50582,Jeremy Paul,48,45.0,45.0,1,24381.75,1.0,2025,1,Rookie
50582,Jeremy Paul,49,,,0,0.0,0.0,2025,1,Rookie
50582,Jeremy Paul,56,,,0,0.0,0.0,2025,1,Rookie
50582,Jeremy Paul,57,22.0,22.0,1,81200.0,1.0,2025,1,Rookie
50584,Connor Syme,20,54.666666666666664,15.0,3,167160.0,1.0,2025,1,Experienced
50584,Connor Syme,54,,,0,0.0,0.0,2021,5,Rookie
50667,Josh McCarthy,18,,,0,0.0,0.0,2022,4,Rookie
50672,Hamish Brown,24,58.0,58.0,1,9160.0,1.0,2025,1,Rookie
50710,Maclain Huge,6,,,0,0.0,0.0,2022,4,Rookie
50717,Josh Speight,34,,,0,0.0,0.0,2024,2,Rookie
50718,Tommy Sharp,5,,,0,0.0,0.0,2025,1,Rookie
50743,Nicolai Von Dellingshausen,6,,,0,0.0,0.0,2022,4,Rookie
50743,Nicolai Von Dellingshausen,20,,,0,0.0,0.0,2025,1,Rookie
50759,Michael Blair,37,,,0,0.0,0.0,2024,2,Rookie
50762,Alejandro Del Rey,6,44.0,44.0,1,11172.0,1.0,2023,3,Rookie
50762,Alejandro Del Rey,20,37.5,15.0,2,154020.0,1.0,2025,1,Familiar
50762,Alejandro Del Rey,53,,,0,0.0,0.0,2023,3,Rookie
50823,Tom McKibbin,20,35.0,35.0,1,52810.72,0.5,2024,2,Rookie
50823,Tom McKibbin,34,50.0,50.0,1,40674.0,1.0,2025,1,Rookie
50823,Tom McKibbin,53,41.0,41.0,1,72305.0,1.0,2024,2,Rookie
50992,Brett White,39,67.0,67.0,1,19776.0,1.0,2025,1,Rookie
50992,Brett White,43,13.0,13.0,1,160583.34,1.0,2023,3,Rookie
50992,Brett White,61,,,0,0.0,0.0,2023,3,Rookie
51003,Marco Penge,20,2.0,2.0,1,788175.0,1.0,2025,1,Rookie
51003,Marco Penge,24,,,0,0.0,0.0,2024,2,Rookie
51003,Marco Penge,34,28.0,28.0,1,115820.0,1.0,2025,1,Rookie
51070,Vincent Norrman,0,50.0,50.0,1,19578.0,0.5,2024,2,Rookie
51070,Vincent Norrman,1,41.5,29.0,2,76040.0,1.0,2025,1,Familiar
51070,Vincent Norrman,3,8.0,8.0,1,277875.0,1.0,2023,3,Rookie
51070,Vincent Norrman,4,,,0,0.0,0.0,2023,3,Rookie
51070,Vincent Norrman,6,1.0,1.0,1,684000.0,1.0,2023,3,Rookie
51070,Vincent Norrman,10,59.0,48.0,2,41445.0,1.0,2024,2,Familiar
51070,Vincent Norrman,13,,,0,0.0,0.0,2024,2,Rookie
51070,Vincent Norrman,15,47.0,47.0,1,23880.0,0.5,2025,1,Rookie
51070,Vincent Norrman,16,46.666666666666664,40.0,3,87303.0,1.0,2025,1,Experienced
51070,Vincent Norrman,17,49.0,49.0,1,50533.33,1.0,2023,3,Rookie
51070,Vincent Norrman,18,36.0,36.0,1,36457.14,1.0,2023,3,Rookie
51070,Vincent Norrman,20,,,0,0.0,0.0,2024,2,Rookie
51070,Vincent Norrman,22,63.0,63.0,1,17808.0,1.0,2023,3,Rookie
51070,Vincent Norrman,28,18.0,18.0,1,98431.66,0.5,2024,2,Rookie
51070,Vincent Norrman,29,75.0,75.0,1,13930.0,1.0,2025,1,Rookie
51070,Vincent Norrman,34,,,0,0.0,0.0,2024,2,Rookie
51070,Vincent Norrman,35,,,0,0.0,0.0,2024,2,Rookie
51070,Vincent Norrman,37,65.0,65.0,1,20022.0,0.5,2024,2,Rookie
51070,Vincent Norrman,40,24.0,24.0,1,73480.0,0.5,2024,2,Rookie
51070,Vincent Norrman,41,,,0,0.0,0.0,2023,3,Rookie
51070,Vincent Norrman,43,,,0,0.0,0.0,2023,3,Rookie
51070,Vincent Norrman,44,59.0,59.0,1,50000.0,1.0,2024,2,Rookie
51070,Vincent Norrman,46,,,0,0.0,0.0,2023,3,Rookie
51070,Vincent Norrman,48,37.0,37.0,1,36975.0,0.3333333333333333,2025,1,Rookie
51070,Vincent Norrman,49,83.0,83.0,1,16289.0,1.0,2024,2,Rookie
51070,Vincent Norrman,51,,,0,0.0,0.0,2023,3,Rookie
51070,Vincent Norrman,53,,,0,0.0,0.0,2023,3,Rookie
51070,Vincent Norrman,56,45.0,45.0,1,26772.0,0.5,2024,2,Rookie
51070,Vincent Norrman,57,,,0,0.0,0.0,2025,1,Rookie
51070,Vincent Norrman,61,71.0,71.0,1,18584.0,0.5,2025,1,Rookie
51070,Vincent Norrman,62,58.0,58.0,1,17176.0,0.5,2024,2,Rookie
51151,Todd Clements,6,,,0,0.0,0.0,2023,3,Rookie
51151,Todd Clements,20,,,0,0.0,0.0,2025,1,Rookie
51264,Jediah Morgan,27,,,0,0.0,0.0,2022,4,Rookie
51264,Jediah Morgan,53,,,0,0.0,0.0,2022,4,Rookie
51287,Ryo Hisatsune,0,,,0,0.0,0.0,2025,1,Rookie
51287,Ryo Hisatsune,1,43.0,43.0,1,27236.0,1.0,2025,1,Rookie
51287,Ryo Hisatsune,5,,,0,0.0,0.0,2025,1,Rookie
51287,Ryo Hisatsune,6,58.0,58.0,1,8626.0,1.0,2023,3,Rookie
51287,Ryo Hisatsune,7,25.0,25.0,1,52912.5,1.0,2024,2,Rookie
51287,Ryo Hisatsune,10,6.0,6.0,1,299725.0,0.5,2025,1,Rookie
51287,Ryo Hisatsune,13,13.0,13.0,1,165232.14,0.5,2025,1,Rookie
51287,Ryo Hisatsune,15,,,0,0.0,0.0,2025,1,Rookie
51287,Ryo Hisatsune,16,33.0,33.0,1,50175.0,0.5,2025,1,Rookie
51287,Ryo Hisatsune,20,,,0,0.0,0.0,2025,1,Rookie
51287,Ryo Hisatsune,25,56.0,52.0,2,37908.44,1.0,2025,1,Familiar
51287,Ryo Hisatsune,28,48.0,48.0,1,22194.0,1.0,2024,2,Rookie
51287,Ryo Hisatsune,29,10.0,10.0,1,176750.0,1.0,2025,1,Rookie
51287,Ryo Hisatsune,30,,,0,0.0,0.0,2024,2,Rookie
51287,Ryo Hisatsune,32,37.0,37.0,1,17400.0,1.0,2025,1,Rookie
51287,Ryo Hisatsune,34,27.5,18.0,2,306186.5,1.0,2025,1,Familiar
51287,Ryo Hisatsune,35,,,0,0.0,0.0,2025,1,Rookie
51287,Ryo Hisatsune,36,13.0,13.0,1,115500.0,1.0,2025,1,Rookie
51287,Ryo Hisatsune,37,41.0,35.0,2,71252.63,1.0,2025,1,Familiar
51287,Ryo Hisatsune,38,18.0,18.0,1,226055.56,1.0,2025,1,Rookie
51287,Ryo Hisatsune,39,60.0,60.0,1,21024.0,1.0,2025,1,Rookie
51287,Ryo Hisatsune,40,31.0,31.0,1,48583.08,1.0,2024,2,Rookie
51287,Ryo Hisatsune,41,17.0,17.0,1,104690.0,0.5,2025,1,Rookie
51287,Ryo Hisatsune,43,48.0,48.0,1,15214.29,0.5,2025,1,Rookie
51287,Ryo Hisatsune,48,47.5,30.0,2,63194.83,1.0,2025,1,Familiar
51287,Ryo Hisatsune,49,47.0,47.0,1,25593.0,1.0,2025,1,Rookie
51287,Ryo Hisatsune,56,41.5,5.0,2,321204.0,1.0,2025,1,Familiar
51287,Ryo Hisatsune,57,18.5,4.0,2,405535.0,1.0,2025,1,Familiar
51287,Ryo Hisatsune,61,,,0,0.0,0.0,2025,1,Rookie
51287,Ryo Hisatsune,62,3.0,3.0,1,466100.0,0.5,2025,1,Rookie
51287,Ryo Hisatsune,63,46.0,46.0,1,20357.5,1.0,2024,2,Rookie
51316,Kenny Pigman,4,,,0,0.0,0.0,2021,5,Rookie
51316,Kenny Pigman,34,,,0,0.0,0.0,2023,3,Rookie
51349,Nico Echavarria,0,,,0,0.0,0.0,2023,3,Rookie
51349,Nico Echavarria,1,,,0,0.0,0.0,2025,1,Rookie
51349,Nico Echavarria,4,77.0,77.0,1,32750.0,0.5,2025,1,Rookie
51349,Nico Echavarria,7,11.0,11.0,1,137625.0,1.0,2024,2,Rookie
51349,Nico Echavarria,9,,,0,0.0,0.0,2023,3,Rookie
51349,Nico Echavarria,10,59.0,59.0,1,20995.0,0.5,2025,1,Rookie
51349,Nico Echavarria,13,24.5,24.0,2,156872.5,1.0,2025,1,Familiar
51349,Nico Echavarria,15,21.0,21.0,1,87750.0,0.5,2025,1,Rookie
51349,Nico Echavarria,16,,,0,0.0,0.0,2024,2,Rookie
51349,Nico Echavarria,17,38.0,38.0,1,84500.0,1.0,2025,1,Rookie
51349,Nico Echavarria,18,,,0,0.0,0.0,2023,3,Rookie
51349,Nico Echavarria,19,34.0,34.0,1,109000.0,1.0,2025,1,Rookie
51349,Nico Echavarria,20,22.0,22.0,1,80625.0,0.5,2025,1,Rookie
51349,Nico Echavarria,22,,,0,0.0,0.0,2023,3,Rookie
51349,Nico Echavarria,25,52.0,52.0,1,18924.44,0.3333333333333333,2025,1,Rookie
51349,Nico Echavarria,27,,,0,0.0,0.0,2023,3,Rookie
51349,Nico Echavarria,28,45.0,24.0,2,77942.0,1.0,2024,2,Familiar
51349,Nico Echavarria,30,,,0,0.0,0.0,2024,2,Rookie
51349,Nico Echavarria,34,41.0,41.0,1,60676.67,0.5,2025,1,Rookie
51349,Nico Echavarria,35,,,0,0.0,0.0,2025,1,Rookie
51349,Nico Echavarria,36,,,0,0.0,0.0,2025,1,Rookie
51349,Nico Echavarria,37,,,0,0.0,0.0,2024,2,Rookie
51349,Nico Echavarria,38,,,0,0.0,0.0,2023,3,Rookie
51349,Nico Echavarria,39,6.0,6.0,1,336000.0,1.0,2025,1,Rookie
51349,Nico Echavarria,40,63.0,63.0,1,20332.0,0.5,2024,2,Rookie
51349,Nico Echavarria,41,16.666666666666668,2.0,3,995222.0,0.75,2025,1,Experienced
51349,Nico Echavarria,43,,,0,0.0,0.0,2024,2,Rookie
51349,Nico Echavarria,44,28.5,25.0,2,288750.0,1.0,2025,1,Familiar
51349,Nico Echavarria,46,,,0,0.0,0.0,2024,2,Rookie
51349,Nico Echavarria,48,26.666666666666668,2.0,3,1104638.34,1.0,2025,1,Experienced
51349,Nico Echavarria,49,32.0,32.0,1,51910.71,1.0,2025,1,Rookie
51349,Nico Echavarria,51,,,0,0.0,0.0,2023,3,Rookie
51349,Nico Echavarria,53,54.0,54.0,1,47370.0,0.3333333333333333,2025,1,Rookie
51349,Nico Echavarria,55,,,0,0.0,0.0,2021,5,Rookie
51349,Nico Echavarria,56,28.0,28.0,1,55921.66,0.5,2024,2,Rookie
51349,Nico Echavarria,57,16.0,16.0,1,128325.0,0.3333333333333333,2025,1,Rookie
51349,Nico Echavarria,60,,,0,0.0,0.0,2023,3,Rookie
51349,Nico Echavarria,61,,,0,0.0,0.0,2025,1,Rookie
51349,Nico Echavarria,62,20.5,19.0,2,192408.33000000002,0.6666666666666666,2025,1,Familiar
51349,Nico Echavarria,63,1.0,1.0,1,1530000.0,1.0,2024,2,Rookie
51363,"George Bryan, IV",30,,,0,0.0,0.0,2024,2,Rookie
51366,Riki Kawamoto,53,,,0,0.0,0.0,2025,1,Rookie
51366,Riki Kawamoto,55,,,0,0.0,0.0,2021,5,Rookie
51379,John Lyras,3,,,0,0.0,0.0,2021,5,Rookie
51395,Trey Shirley,6,67.0,67.0,1,7315.0,1.0,2021,5,Rookie
51414,Brent Grant,0,,,0,0.0,0.0,2023,3,Rookie
51414,Brent Grant,1,,,0,0.0,0.0,2023,3,Rookie
51414,Brent Grant,3,83.0,83.0,1,16910.0,1.0,2023,3,Rookie
51414,Brent Grant,4,20.0,20.0,1,88950.0,1.0,2023,3,Rookie
51414,Brent Grant,9,,,0,0.0,0.0,2023,3,Rookie
51414,Brent Grant,16,25.0,25.0,1,66845.0,0.5,2023,3,Rookie
51414,Brent Grant,18,,,0,0.0,0.0,2023,3,Rookie
51414,Brent Grant,22,,,0,0.0,0.0,2023,3,Rookie
51414,Brent Grant,25,,,0,0.0,0.0,2023,3,Rookie
51414,Brent Grant,28,,,0,0.0,0.0,2023,3,Rookie
51414,Brent Grant,37,52.0,52.0,1,21438.0,1.0,2023,3,Rookie
51414,Brent Grant,40,,,0,0.0,0.0,2023,3,Rookie
51414,Brent Grant,41,59.0,54.0,2,36606.0,1.0,2023,3,Familiar
51414,Brent Grant,43,,,0,0.0,0.0,2023,3,Rookie
51414,Brent Grant,46,35.0,35.0,1,40080.0,0.5,2023,3,Rookie
51414,Brent Grant,48,,,0,0.0,0.0,2023,3,Rookie
51414,Brent Grant,53,,,0,0.0,0.0,2023,3,Rookie
51414,Brent Grant,56,,,0,0.0,0.0,2023,3,Rookie
51414,Brent Grant,57,,,0,0.0,0.0,2023,3,Rookie
51414,Brent Grant,60,,,0,0.0,0.0,2023,3,Rookie
51414,Brent Grant,62,,,0,0.0,0.0,2023,3,Rookie
51441,KK Limbhasut,13,,,0,0.0,0.0,2024,2,Rookie
51441,KK Limbhasut,40,44.0,44.0,1,26527.2,1.0,2022,4,Rookie
51449,Dylan Newman,34,,,0,0.0,0.0,2025,1,Rookie
51458,Preston Cole,32,,,0,0.0,0.0,2025,1,Rookie
51458,Preston Cole,34,,,0,0.0,0.0,2024,2,Rookie
51458,Preston Cole,62,,,0,0.0,0.0,2025,1,Rookie
51491,Brandon Matthews,0,,,0,0.0,0.0,2025,1,Rookie
51491,Brandon Matthews,1,,,0,0.0,0.0,2023,3,Rookie
51491,Brandon Matthews,3,,,0,0.0,0.0,2023,3,Rookie
51491,Brandon Matthews,4,,,0,0.0,0.0,2023,3,Rookie
51491,Brandon Matthews,6,,,0,0.0,0.0,2023,3,Rookie
51491,Brandon Matthews,9,,,0,0.0,0.0,2023,3,Rookie
51491,Brandon Matthews,13,64.0,64.0,1,21483.0,1.0,2025,1,Rookie
51491,Brandon Matthews,16,,,0,0.0,0.0,2023,3,Rookie
51491,Brandon Matthews,18,,,0,0.0,0.0,2023,3,Rookie
51491,Brandon Matthews,22,55.0,55.0,1,19404.0,1.0,2023,3,Rookie
51491,Brandon Matthews,25,68.0,68.0,1,15762.0,0.5,2025,1,Rookie
51491,Brandon Matthews,28,,,0,0.0,0.0,2023,3,Rookie
51491,Brandon Matthews,37,,,0,0.0,0.0,2023,3,Rookie
51491,Brandon Matthews,40,,,0,0.0,0.0,2023,3,Rookie
51491,Brandon Matthews,41,,,0,0.0,0.0,2023,3,Rookie
51491,Brandon Matthews,43,39.0,39.0,1,31995.0,0.5,2023,3,Rookie
51491,Brandon Matthews,46,,,0,0.0,0.0,2023,3,Rookie
51491,Brandon Matthews,48,,,0,0.0,0.0,2023,3,Rookie
51491,Brandon Matthews,53,60.0,60.0,1,37589.0,1.0,2022,4,Rookie
51491,Brandon Matthews,56,,,0,0.0,0.0,2023,3,Rookie
51491,Brandon Matthews,57,,,0,0.0,0.0,2023,3,Rookie
51491,Brandon Matthews,60,,,0,0.0,0.0,2022,4,Rookie
51491,Brandon Matthews,62,,,0,0.0,0.0,2023,3,Rookie
51522,Zach Zaback,22,,,0,0.0,0.0,2021,5,Rookie
51569,Peter Lansburgh,56,,,0,0.0,0.0,2023,3,Rookie
51586,Stewart Hagestad,53,64.0,64.0,1,0.0,0.5,2024,2,Rookie
51600,Jimmy Stanger,10,,,0,0.0,0.0,2024,2,Rookie
51600,Jimmy Stanger,13,,,0,0.0,0.0,2024,2,Rookie
51600,Jimmy Stanger,15,35.0,35.0,1,43875.0,1.0,2024,2,Rookie
51600,Jimmy Stanger,16,,,0,0.0,0.0,2024,2,Rookie
51600,Jimmy Stanger,25,,,0,0.0,0.0,2024,2,Rookie
51600,Jimmy Stanger,28,38.0,38.0,1,32805.0,1.0,2024,2,Rookie
51600,Jimmy Stanger,30,,,0,0.0,0.0,2024,2,Rookie
51600,Jimmy Stanger,35,35.0,35.0,1,119285.71,1.0,2024,2,Rookie
51600,Jimmy Stanger,48,,,0,0.0,0.0,2024,2,Rookie
51600,Jimmy Stanger,56,,,0,0.0,0.0,2024,2,Rookie
51600,Jimmy Stanger,57,,,0,0.0,0.0,2024,2,Rookie
51616,Lukas Michel,54,,,0,0.0,0.0,2021,5,Rookie
51634,Sahith Theegala,0,6.0,6.0,1,273375.0,0.25,2025,1,Rookie
51634,Sahith Theegala,1,43.5,33.0,2,58082.85,1.0,2023,3,Familiar
51634,Sahith Theegala,2,10.0,6.0,2,1055000.0,0.5,2025,1,Familiar
51634,Sahith Theegala,3,79.0,79.0,1,16926.0,1.0,2022,4,Rookie
51634,Sahith Theegala,4,46.0,20.0,3,270994.32999999996,1.0,2025,1,Experienced
51634,Sahith Theegala,5,27.0,27.0,1,42000.0,1.0,2025,1,Rookie
51634,Sahith Theegala,6,37.0,37.0,1,16625.0,1.0,2021,5,Rookie
51634,Sahith Theegala,8,26.0,15.0,3,649500.0,1.0,2024,2,Experienced
51634,Sahith Theegala,9,22.0,22.0,1,84420.0,1.0,2023,3,Rookie
51634,Sahith Theegala,10,57.0,57.0,1,18984.0,0.5,2022,4,Rookie
51634,Sahith Theegala,14,67.0,67.0,1,18795.0,1.0,2023,3,Rookie
51634,Sahith Theegala,16,36.25,4.0,4,473790.5,1.0,2025,1,Experienced
51634,Sahith Theegala,17,24.0,13.0,3,704259.53,1.0,2024,2,Experienced
51634,Sahith Theegala,18,18.0,1.0,3,1801180.0,1.0,2023,3,Experienced
51634,Sahith Theegala,19,27.0,6.0,4,1097642.8599999999,1.0,2025,1,Experienced
51634,Sahith Theegala,20,4.0,4.0,1,318525.0,0.5,2024,2,Rookie
51634,Sahith Theegala,21,61.0,61.0,1,16575.0,1.0,2022,4,Rookie
51634,Sahith Theegala,25,16.0,16.0,1,97802.5,1.0,2022,4,Rookie
51634,Sahith Theegala,26,32.0,32.0,1,53103.0,1.0,2021,5,Rookie
51634,Sahith Theegala,27,25.0,5.0,3,887533.3300000001,0.75,2025,1,Experienced
51634,Sahith Theegala,28,24.0,24.0,1,60955.0,1.0,2022,4,Rookie
51634,Sahith Theegala,34,26.0,12.0,2,406843.33,1.0,2024,2,Familiar
51634,Sahith Theegala,35,45.0,9.0,3,816250.0,0.75,2025,1,Experienced
51634,Sahith Theegala,36,22.5,7.0,2,203400.0,1.0,2025,1,Familiar
51634,Sahith Theegala,37,45.5,38.0,2,59537.0,0.6666666666666666,2024,2,Familiar
51634,Sahith Theegala,38,36.5,2.0,4,2986820.0,1.0,2025,1,Experienced
51634,Sahith Theegala,40,57.0,57.0,1,18648.0,1.0,2022,4,Rookie
51634,Sahith Theegala,41,2.0,2.0,1,612900.0,0.3333333333333333,2025,1,Rookie
51634,Sahith Theegala,42,14.0,14.0,1,100650.0,1.0,2021,5,Rookie
51634,Sahith Theegala,43,8.0,8.0,1,204750.0,0.3333333333333333,2023,3,Rookie
51634,Sahith Theegala,44,19.0,2.0,2,2257750.0,1.0,2025,1,Familiar
51634,Sahith Theegala,45,33.0,33.0,1,206000.0,1.0,2023,3,Rookie
51634,Sahith Theegala,46,,,0,0.0,0.0,2022,4,Rookie
51634,Sahith Theegala,48,42.5,37.0,2,56614.28,0.6666666666666666,2025,1,Familiar
51634,Sahith Theegala,49,47.5,28.0,2,85015.0,1.0,2025,1,Familiar
51634,Sahith Theegala,50,15.5,3.0,2,0.0,1.0,2024,2,Familiar
51634,Sahith Theegala,51,34.0,2.0,3,835885.71,1.0,2024,2,Experienced
51634,Sahith Theegala,52,,,0,0.0,0.0,2025,1,Rookie
51634,Sahith Theegala,53,29.5,27.0,2,254189.0,1.0,2024,2,Familiar
51634,Sahith Theegala,56,67.0,67.0,1,18060.0,1.0,2022,4,Rookie
51634,Sahith Theegala,57,21.5,7.0,2,269457.5,1.0,2025,1,Familiar
51634,Sahith Theegala,60,54.0,52.0,2,93200.0,1.0,2024,2,Familiar
51634,Sahith Theegala,61,26.0,3.0,4,903192.0,1.0,2025,1,Experienced
51634,Sahith Theegala,62,,,0,0.0,0.0,2025,1,Rookie
51634,Sahith Theegala,63,56.0,56.0,1,16830.0,1.0,2024,2,Rookie
51635,Chris Nido,6,30.0,30.0,1,24890.0,1.0,2023,3,Rookie
51635,Chris Nido,57,,,0,0.0,0.0,2023,3,Rookie
51661,Nick Bachem,20,26.0,26.0,1,73350.0,0.5,2024,2,Rookie
51671,Alex Chiarella,16,,,0,0.0,0.0,2024,2,Rookie
51671,Alex Chiarella,57,,,0,0.0,0.0,2023,3,Rookie
51680,Alistair Docherty,30,2.0,2.0,1,356000.0,1.0,2024,2,Rookie
51680,Alistair Docherty,32,,,0,0.0,0.0,2025,1,Rookie
51680,Alistair Docherty,37,,,0,0.0,0.0,2024,2,Rookie
51680,Alistair Docherty,53,,,0,0.0,0.0,2025,1,Rookie
51680,Alistair Docherty,55,,,0,0.0,0.0,2021,5,Rookie
51690,Taylor Dickson,0,76.0,76.0,1,16380.0,1.0,2025,1,Rookie
51690,Taylor Dickson,1,,,0,0.0,0.0,2025,1,Rookie
51690,Taylor Dickson,5,,,0,0.0,0.0,2025,1,Rookie
51690,Taylor Dickson,10,,,0,0.0,0.0,2025,1,Rookie
51690,Taylor Dickson,13,29.0,29.0,1,66330.0,1.0,2025,1,Rookie
51690,Taylor Dickson,15,,,0,0.0,0.0,2025,1,Rookie
51690,Taylor Dickson,16,,,0,0.0,0.0,2025,1,Rookie
51690,Taylor Dickson,24,,,0,0.0,0.0,2025,1,Rookie
51690,Taylor Dickson,25,,,0,0.0,0.0,2025,1,Rookie
51690,Taylor Dickson,29,,,0,0.0,0.0,2025,1,Rookie
51690,Taylor Dickson,30,69.0,69.0,1,8360.0,1.0,2024,2,Rookie
51690,Taylor Dickson,32,37.0,37.0,1,17400.0,1.0,2025,1,Rookie
51690,Taylor Dickson,36,,,0,0.0,0.0,2025,1,Rookie
51690,Taylor Dickson,39,,,0,0.0,0.0,2025,1,Rookie
51690,Taylor Dickson,41,,,0,0.0,0.0,2025,1,Rookie
51690,Taylor Dickson,43,,,0,0.0,0.0,2025,1,Rookie
51690,Taylor Dickson,48,72.0,72.0,1,17226.0,1.0,2025,1,Rookie
51690,Taylor Dickson,49,39.0,39.0,1,36575.0,1.0,2025,1,Rookie
51690,Taylor Dickson,56,65.0,65.0,1,20520.0,1.0,2025,1,Rookie
51690,Taylor Dickson,57,,,0,0.0,0.0,2025,1,Rookie
51690,Taylor Dickson,62,71.0,71.0,1,16810.0,1.0,2025,1,Rookie
51696,Richard Hoey,1,58.0,58.0,1,19712.0,1.0,2025,1,Rookie
51696,Richard Hoey,15,40.5,25.0,2,93971.43,1.0,2025,1,Familiar
51696,Richard Hoey,16,,,0,0.0,0.0,2025,1,Rookie
51696,Richard Hoey,28,,,0,0.0,0.0,2024,2,Rookie
51696,Richard Hoey,29,,,0,0.0,0.0,2025,1,Rookie
51696,Richard Hoey,46,3.0,3.0,1,413000.0,1.0,2024,2,Rookie
51696,Richard Hoey,48,59.0,59.0,1,19314.0,0.5,2025,1,Rookie
51696,Richard Hoey,61,,,0,0.0,0.0,2025,1,Rookie
51696,Rico Hoey,0,62.0,57.0,2,36168.0,1.0,2025,1,Familiar
51696,Rico Hoey,5,2.0,2.0,1,654000.0,1.0,2025,1,Rookie
51696,Rico Hoey,7,21.0,21.0,1,81750.0,1.0,2024,2,Rookie
51696,Rico Hoey,10,66.0,66.0,1,19950.0,1.0,2025,1,Rookie
51696,Rico Hoey,13,52.0,52.0,1,23710.5,0.5,2025,1,Rookie
51696,Rico Hoey,24,18.0,2.0,2,289333.33,1.0,2025,1,Familiar
51696,Rico Hoey,25,18.5,11.0,2,238500.0,1.0,2025,1,Familiar
51696,Rico Hoey,30,,,0,0.0,0.0,2024,2,Rookie
51696,Rico Hoey,32,7.0,7.0,1,113333.33,1.0,2025,1,Rookie
51696,Rico Hoey,34,,,0,0.0,0.0,2025,1,Rookie
51696,Rico Hoey,35,33.0,33.0,1,136250.0,1.0,2025,1,Rookie
51696,Rico Hoey,36,23.0,9.0,2,207600.0,1.0,2025,1,Familiar
51696,Rico Hoey,37,36.0,36.0,1,44660.0,0.5,2025,1,Rookie
51696,Rico Hoey,39,,,0,0.0,0.0,2025,1,Rookie
51696,Rico Hoey,40,6.0,6.0,1,300150.0,1.0,2024,2,Rookie
51696,Rico Hoey,41,7.0,7.0,1,166886.36,1.0,2025,1,Rookie
51696,Rico Hoey,43,68.0,68.0,1,15884.0,0.5,2025,1,Rookie
51696,Rico Hoey,49,11.0,11.0,1,211375.0,0.5,2025,1,Rookie
51696,Rico Hoey,53,,,0,0.0,0.0,2024,2,Rookie
51696,Rico Hoey,56,14.0,14.0,1,131601.82,0.5,2025,1,Rookie
51696,Rico Hoey,57,54.0,54.0,1,19404.0,0.5,2025,1,Rookie
51696,Rico Hoey,62,44.5,22.0,2,96878.33,1.0,2025,1,Familiar
51696,Rico Hoey,63,22.0,22.0,1,79560.0,1.0,2024,2,Rookie
51734,Nicolo Galletti,46,54.0,54.0,1,16478.0,1.0,2024,2,Rookie
51734,Nicolo Galletti,61,73.0,73.0,1,17512.0,1.0,2024,2,Rookie
51735,Evan Bowser,34,,,0,0.0,0.0,2024,2,Rookie
51766,Wyndham Clark,0,25.0,12.0,2,218025.0,0.6666666666666666,2025,1,Familiar
51766,Wyndham Clark,1,39.0,13.0,3,197192.0,0.75,2025,1,Experienced
51766,Wyndham Clark,2,19.333333333333332,2.0,3,2487111.11,0.75,2025,1,Experienced
51766,Wyndham Clark,3,39.0,39.0,1,31185.0,0.5,2022,4,Rookie
51766,Wyndham Clark,4,46.333333333333336,1.0,3,3651036.0,1.0,2025,1,Experienced
51766,Wyndham Clark,8,30.666666666666668,13.0,3,707911.11,1.0,2024,2,Experienced
51766,Wyndham Clark,9,16.0,16.0,1,123900.0,1.0,2023,3,Rookie
51766,Wyndham Clark,10,20.0,20.0,1,68437.5,0.5,2022,4,Rookie
51766,Wyndham Clark,14,29.0,29.0,1,65730.0,1.0,2023,3,Rookie
51766,Wyndham Clark,16,41.666666666666664,32.0,3,99822.0,1.0,2023,3,Experienced
51766,Wyndham Clark,17,39.25,7.0,4,838850.0,1.0,2025,1,Experienced
51766,Wyndham Clark,18,36.5,30.0,2,67635.0,1.0,2023,3,Familiar
51766,Wyndham Clark,19,24.0,8.0,3,493153.57,0.6,2025,1,Experienced
51766,Wyndham Clark,20,15.333333333333334,10.0,3,446602.5,1.0,2025,1,Experienced
51766,Wyndham Clark,21,41.0,41.0,1,28125.0,1.0,2022,4,Rookie
51766,Wyndham Clark,22,,,0,0.0,0.0,2021,5,Rookie
51766,Wyndham Clark,26,,,0,0.0,0.0,2021,5,Rookie
51766,Wyndham Clark,27,35.0,12.0,3,507000.0,0.75,2025,1,Experienced
51766,Wyndham Clark,28,45.5,24.0,2,77866.0,1.0,2023,3,Familiar
51766,Wyndham Clark,31,,,0,0.0,0.0,2021,5,Rookie
51766,Wyndham Clark,34,62.5,50.0,2,59724.0,0.5,2025,1,Familiar
51766,Wyndham Clark,35,14.5,2.0,2,2059322.92,0.4,2025,1,Familiar
51766,Wyndham Clark,36,,,0,0.0,0.0,2024,2,Rookie
51766,Wyndham Clark,37,33.0,7.0,2,295179.0,1.0,2025,1,Familiar
51766,Wyndham Clark,38,31.6,3.0,5,1493778.43,1.0,2025,1,Veteran
51766,Wyndham Clark,39,,,0,0.0,0.0,2025,1,Rookie
51766,Wyndham Clark,40,8.0,8.0,1,254100.0,1.0,2022,4,Rookie
51766,Wyndham Clark,41,20.666666666666668,10.0,3,288473.58,1.0,2023,3,Experienced
51766,Wyndham Clark,42,,,0,0.0,0.0,2021,5,Rookie
51766,Wyndham Clark,43,66.0,66.0,1,14058.0,0.3333333333333333,2023,3,Rookie
51766,Wyndham Clark,44,22.0,15.0,2,432500.0,1.0,2025,1,Familiar
51766,Wyndham Clark,46,56.0,56.0,1,15820.0,0.5,2023,3,Rookie
51766,Wyndham Clark,47,13.0,13.0,1,125416.66,1.0,2021,5,Rookie
51766,Wyndham Clark,49,18.0,5.0,2,392261.75,1.0,2025,1,Familiar
51766,Wyndham Clark,50,5.5,3.0,2,0.0,1.0,2024,2,Familiar
51766,Wyndham Clark,51,22.5,9.0,4,949805.5,0.8,2025,1,Experienced
51766,Wyndham Clark,52,63.0,63.0,1,41250.0,1.0,2025,1,Rookie
51766,Wyndham Clark,53,28.5,1.0,2,3644546.0,0.5,2025,1,Familiar
51766,Wyndham Clark,55,,,0,0.0,0.0,2021,5,Rookie
51766,Wyndham Clark,56,71.0,71.0,1,17372.0,1.0,2022,4,Rookie
51766,Wyndham Clark,57,32.5,5.0,2,347487.0,0.6666666666666666,2023,3,Familiar
51766,Wyndham Clark,58,,,0,0.0,0.0,2021,5,Rookie
51766,Wyndham Clark,59,36.0,36.0,1,34005.84,1.0,2021,5,Rookie
51766,Wyndham Clark,60,30.333333333333332,1.0,3,3678489.5,1.0,2024,2,Experienced
51766,Wyndham Clark,61,22.333333333333332,10.0,3,655704.0,0.75,2025,1,Experienced
51766,Wyndham Clark,62,,,0,0.0,0.0,2021,5,Rookie
51776,Michael Feuerstein,0,,,0,0.0,0.0,2025,1,Rookie
51776,Michael Feuerstein,32,69.0,69.0,1,8440.0,1.0,2025,1,Rookie
51836,Michael Kartrude,34,,,0,0.0,0.0,2025,1,Rookie
51856,Tom Adrounie,56,,,0,0.0,0.0,2024,2,Rookie
51860,Brett Walker,34,,,0,0.0,0.0,2021,5,Rookie
51862,Jake Kevorkian,56,,,0,0.0,0.0,2022,4,Rookie
51865,J.J. Grey,53,,,0,0.0,0.0,2023,3,Rookie
51890,Greyson Sigg,0,23.0,7.0,2,270485.0,0.5,2025,1,Familiar
51890,Greyson Sigg,1,25.0,25.0,1,55955.0,0.3333333333333333,2025,1,Rookie
51890,Greyson Sigg,2,64.5,61.0,2,69120.0,1.0,2023,3,Familiar
51890,Greyson Sigg,3,,,0,0.0,0.0,2023,3,Rookie
51890,Greyson Sigg,4,44.0,33.0,2,64518.33,1.0,2023,3,Familiar
51890,Greyson Sigg,5,15.0,15.0,1,97500.0,1.0,2025,1,Rookie
51890,Greyson Sigg,6,37.0,27.0,2,31195.96,1.0,2022,4,Familiar
51890,Greyson Sigg,7,11.0,11.0,1,137625.0,1.0,2024,2,Rookie
51890,Greyson Sigg,10,,,0,0.0,0.0,2025,1,Rookie
51890,Greyson Sigg,13,,,0,0.0,0.0,2025,1,Rookie
51890,Greyson Sigg,15,60.0,56.0,2,40848.0,1.0,2025,1,Familiar
51890,Greyson Sigg,16,21.5,9.0,2,269289.0,0.6666666666666666,2025,1,Familiar
51890,Greyson Sigg,17,61.0,61.0,1,33150.0,1.0,2022,4,Rookie
51890,Greyson Sigg,18,35.333333333333336,25.0,3,128295.0,1.0,2023,3,Experienced
51890,Greyson Sigg,19,,,0,0.0,0.0,2023,3,Rookie
51890,Greyson Sigg,21,,,0,0.0,0.0,2022,4,Rookie
51890,Greyson Sigg,22,,,0,0.0,0.0,2023,3,Rookie
51890,Greyson Sigg,24,,,0,0.0,0.0,2025,1,Rookie
51890,Greyson Sigg,25,14.5,13.0,2,238402.5,0.5,2025,1,Familiar
51890,Greyson Sigg,28,23.333333333333332,18.0,3,234521.22999999998,1.0,2024,2,Experienced
51890,Greyson Sigg,29,17.0,17.0,1,99750.0,1.0,2025,1,Rookie
51890,Greyson Sigg,30,13.0,13.0,1,78333.33,1.0,2024,2,Rookie
51890,Greyson Sigg,32,,,0,0.0,0.0,2025,1,Rookie
51890,Greyson Sigg,35,,,0,0.0,0.0,2025,1,Rookie
51890,Greyson Sigg,36,11.5,4.0,2,326514.29,1.0,2025,1,Familiar
51890,Greyson Sigg,37,38.0,38.0,1,39150.0,0.3333333333333333,2024,2,Rookie
51890,Greyson Sigg,38,,,0,0.0,0.0,2023,3,Rookie
51890,Greyson Sigg,39,,,0,0.0,0.0,2025,1,Rookie
51890,Greyson Sigg,40,56.0,56.0,1,19888.0,0.3333333333333333,2024,2,Rookie
51890,Greyson Sigg,41,16.0,8.0,3,406913.89,0.6,2025,1,Experienced
51890,Greyson Sigg,43,15.0,9.0,2,264150.0,0.4,2025,1,Familiar
51890,Greyson Sigg,46,35.5,23.0,4,161341.11,1.0,2024,2,Experienced
51890,Greyson Sigg,48,56.5,42.0,4,82803.34,1.0,2025,1,Experienced
51890,Greyson Sigg,49,45.0,45.0,1,25502.75,0.5,2025,1,Rookie
51890,Greyson Sigg,51,19.0,19.0,1,245800.0,0.5,2023,3,Rookie
51890,Greyson Sigg,53,56.0,56.0,1,44546.0,1.0,2024,2,Rookie
51890,Greyson Sigg,54,,,0,0.0,0.0,2021,5,Rookie
51890,Greyson Sigg,56,50.0,41.0,2,47470.0,0.4,2025,1,Familiar
51890,Greyson Sigg,57,50.0,45.0,3,63854.33,0.75,2025,1,Experienced
51890,Greyson Sigg,60,,,0,0.0,0.0,2023,3,Rookie
51890,Greyson Sigg,61,44.5,32.0,2,99305.0,0.6666666666666666,2025,1,Familiar
51890,Greyson Sigg,62,38.0,38.0,1,31540.0,0.25,2025,1,Rookie
51894,Vince Whaley,0,57.0,57.0,1,19320.0,0.5,2025,1,Rookie
51894,Vince Whaley,1,52.0,40.0,2,46021.78,0.6666666666666666,2025,1,Familiar
51894,Vince Whaley,2,61.0,61.0,1,26040.0,1.0,2022,4,Rookie
51894,Vince Whaley,3,43.333333333333336,25.0,3,142625.0,1.0,2023,3,Experienced
51894,Vince Whaley,4,50.0,50.0,1,19203.6,0.5,2022,4,Rookie
51894,Vince Whaley,5,37.0,37.0,1,27300.0,1.0,2025,1,Rookie
51894,Vince Whaley,6,15.5,5.0,2,177775.0,0.6666666666666666,2023,3,Familiar
51894,Vince Whaley,7,67.0,67.0,1,15825.0,1.0,2024,2,Rookie
51894,Vince Whaley,10,15.5,11.0,2,272212.5,0.6666666666666666,2025,1,Familiar
51894,Vince Whaley,13,28.0,15.0,2,170444.0,1.0,2025,1,Familiar
51894,Vince Whaley,15,32.0,32.0,1,52637.14,1.0,2025,1,Rookie
51894,Vince Whaley,16,32.0,32.0,1,52080.0,0.25,2025,1,Rookie
51894,Vince Whaley,17,,,0,0.0,0.0,2022,4,Rookie
51894,Vince Whaley,18,25.0,25.0,1,65940.0,0.3333333333333333,2023,3,Rookie
51894,Vince Whaley,19,,,0,0.0,0.0,2022,4,Rookie
51894,Vince Whaley,21,15.0,15.0,1,125625.0,1.0,2022,4,Rookie
51894,Vince Whaley,22,36.0,36.0,1,29785.0,0.5,2022,4,Rookie
51894,Vince Whaley,24,4.0,4.0,1,180000.0,0.5,2025,1,Rookie
51894,Vince Whaley,25,38.0,33.0,2,66914.5,0.4,2025,1,Familiar
51894,Vince Whaley,28,,,0,0.0,0.0,2024,2,Rookie
51894,Vince Whaley,29,,,0,0.0,0.0,2025,1,Rookie
51894,Vince Whaley,32,37.0,37.0,1,17400.0,1.0,2025,1,Rookie
51894,Vince Whaley,33,,,0,0.0,0.0,2021,5,Rookie
51894,Vince Whaley,35,,,0,0.0,0.0,2025,1,Rookie
51894,Vince Whaley,36,38.0,38.0,1,27300.0,0.5,2025,1,Rookie
51894,Vince Whaley,37,48.0,33.0,4,135509.0,1.0,2025,1,Experienced
51894,Vince Whaley,39,32.0,32.0,1,58560.0,1.0,2025,1,Rookie
51894,Vince Whaley,40,43.0,17.0,4,198835.0,1.0,2024,2,Experienced
51894,Vince Whaley,41,29.5,8.0,4,439768.67000000004,0.8,2025,1,Experienced
51894,Vince Whaley,42,23.0,23.0,1,57420.0,1.0,2021,5,Rookie
51894,Vince Whaley,43,39.5,3.0,6,526732.5700000001,1.0,2025,1,Veteran
51894,Vince Whaley,46,14.5,13.0,2,258230.0,0.6666666666666666,2024,2,Familiar
51894,Vince Whaley,48,44.5,17.0,2,131601.0,0.6666666666666666,2025,1,Familiar
51894,Vince Whaley,49,,,0,0.0,0.0,2025,1,Rookie
51894,Vince Whaley,51,,,0,0.0,0.0,2022,4,Rookie
51894,Vince Whaley,56,44.0,29.0,3,110007.67,0.75,2025,1,Experienced
51894,Vince Whaley,57,41.5,29.0,2,59976.0,0.5,2025,1,Familiar
51894,Vince Whaley,59,,,0,0.0,0.0,2021,5,Rookie
51894,Vince Whaley,60,26.0,26.0,1,53275.91,0.5,2022,4,Rookie
51894,Vince Whaley,61,,,0,0.0,0.0,2025,1,Rookie
51894,Vince Whaley,62,68.5,63.0,2,33695.0,0.5,2025,1,Familiar
51895,Ryan Cole,60,,,0,0.0,0.0,2023,3,Rookie
51911,Anthony Maccaglia,0,,,0,0.0,0.0,2024,2,Rookie
51921,Jannik De Bruyn,24,,,0,0.0,0.0,2025,1,Rookie
51927,Reid Martin,25,,,0,0.0,0.0,2023,3,Rookie
51950,Max McGreevy,0,30.0,30.0,1,46744.28,0.3333333333333333,2025,1,Rookie
51950,Max McGreevy,1,,,0,0.0,0.0,2025,1,Rookie
51950,Max McGreevy,2,40.0,40.0,1,78000.0,1.0,2025,1,Rookie
51950,Max McGreevy,3,83.0,83.0,1,16198.0,0.5,2023,3,Rookie
51950,Max McGreevy,4,,,0,0.0,0.0,2023,3,Rookie
51950,Max McGreevy,5,11.0,11.0,1,133500.0,1.0,2025,1,Rookie
51950,Max McGreevy,6,32.5,13.0,2,73359.57,1.0,2023,3,Familiar
51950,Max McGreevy,7,11.0,11.0,1,137625.0,1.0,2024,2,Rookie
51950,Max McGreevy,9,67.0,67.0,1,17892.0,1.0,2023,3,Rookie
51950,Max McGreevy,10,59.0,52.0,2,39958.8,1.0,2025,1,Familiar
51950,Max McGreevy,13,22.5,15.0,2,189012.18,1.0,2025,1,Familiar
51950,Max McGreevy,15,4.0,4.0,1,414000.0,1.0,2025,1,Rookie
51950,Max McGreevy,16,,,0,0.0,0.0,2025,1,Rookie
51950,Max McGreevy,17,,,0,0.0,0.0,2022,4,Rookie
51950,Max McGreevy,18,,,0,0.0,0.0,2023,3,Rookie
51950,Max McGreevy,19,,,0,0.0,0.0,2023,3,Rookie
51950,Max McGreevy,20,,,0,0.0,0.0,2025,1,Rookie
51950,Max McGreevy,21,19.0,19.0,1,85660.71,1.0,2022,4,Rookie
51950,Max McGreevy,22,,,0,0.0,0.0,2023,3,Rookie
51950,Max McGreevy,25,,,0,0.0,0.0,2025,1,Rookie
51950,Max McGreevy,28,,,0,0.0,0.0,2023,3,Rookie
51950,Max McGreevy,29,25.0,25.0,1,59350.0,1.0,2025,1,Rookie
51950,Max McGreevy,32,45.0,45.0,1,12005.71,1.0,2025,1,Rookie
51950,Max McGreevy,34,,,0,0.0,0.0,2025,1,Rookie
51950,Max McGreevy,35,20.0,20.0,1,240250.0,0.5,2025,1,Rookie
51950,Max McGreevy,36,,,0,0.0,0.0,2025,1,Rookie
51950,Max McGreevy,37,27.0,27.0,1,64353.33,0.3333333333333333,2025,1,Rookie
51950,Max McGreevy,38,63.0,63.0,1,43200.0,1.0,2023,3,Rookie
51950,Max McGreevy,39,,,0,0.0,0.0,2025,1,Rookie
51950,Max McGreevy,40,,,0,0.0,0.0,2023,3,Rookie
51950,Max McGreevy,41,9.0,2.0,2,869200.0,0.5,2025,1,Familiar
51950,Max McGreevy,43,,,0,0.0,0.0,2025,1,Rookie
51950,Max McGreevy,46,,,0,0.0,0.0,2023,3,Rookie
51950,Max McGreevy,48,,,0,0.0,0.0,2025,1,Rookie
51950,Max McGreevy,49,,,0,0.0,0.0,2025,1,Rookie
51950,Max McGreevy,51,,,0,0.0,0.0,2023,3,Rookie
51950,Max McGreevy,56,,,0,0.0,0.0,2025,1,Rookie
51950,Max McGreevy,57,51.0,48.0,2,40116.34,0.6666666666666666,2025,1,Familiar
51950,Max McGreevy,60,,,0,0.0,0.0,2023,3,Rookie
51950,Max McGreevy,61,,,0,0.0,0.0,2025,1,Rookie
51950,Max McGreevy,62,30.0,5.0,3,333979.0,1.0,2025,1,Experienced
51962,Kyle Ramey,43,,,0,0.0,0.0,2021,5,Rookie
51977,Max Greyserman,0,2.0,2.0,1,882900.0,0.5,2025,1,Rookie
51977,Max Greyserman,1,7.0,7.0,1,267300.0,1.0,2025,1,Rookie
51977,Max Greyserman,2,22.0,22.0,1,178111.11,1.0,2025,1,Rookie
51977,Max Greyserman,4,,,0,0.0,0.0,2025,1,Rookie
51977,Max Greyserman,8,28.0,28.0,1,160000.0,1.0,2024,2,Rookie
51977,Max Greyserman,10,22.0,22.0,1,88666.67,0.5,2025,1,Rookie
51977,Max Greyserman,13,,,0,0.0,0.0,2024,2,Rookie
51977,Max Greyserman,15,29.0,11.0,2,208865.71,1.0,2025,1,Familiar
51977,Max Greyserman,16,48.0,48.0,1,25482.0,0.5,2025,1,Rookie
51977,Max Greyserman,17,32.5,32.0,2,214595.24,1.0,2025,1,Familiar
51977,Max Greyserman,19,24.0,24.0,1,164857.14,1.0,2025,1,Rookie
51977,Max Greyserman,20,21.0,21.0,1,97650.0,0.5,2025,1,Rookie
51977,Max Greyserman,25,26.0,26.0,1,64200.0,1.0,2024,2,Rookie
51977,Max Greyserman,27,25.0,25.0,1,159000.0,1.0,2025,1,Rookie
51977,Max Greyserman,28,,,0,0.0,0.0,2024,2,Rookie
51977,Max Greyserman,30,40.0,40.0,1,16200.0,1.0,2024,2,Rookie
51977,Max Greyserman,34,33.0,33.0,1,89192.5,1.0,2025,1,Rookie
51977,Max Greyserman,35,,,0,0.0,0.0,2025,1,Rookie
51977,Max Greyserman,36,,,0,0.0,0.0,2025,1,Rookie
51977,Max Greyserman,37,,,0,0.0,0.0,2024,2,Rookie
51977,Max Greyserman,38,27.0,27.0,1,140200.0,1.0,2025,1,Rookie
51977,Max Greyserman,39,2.0,2.0,1,854400.0,1.0,2025,1,Rookie
51977,Max Greyserman,40,31.0,31.0,1,48583.08,1.0,2024,2,Rookie
51977,Max Greyserman,44,24.0,24.0,1,196000.0,1.0,2025,1,Rookie
51977,Max Greyserman,48,,,0,0.0,0.0,2024,2,Rookie
51977,Max Greyserman,49,7.0,7.0,1,276412.5,0.5,2025,1,Rookie
51977,Max Greyserman,51,36.0,36.0,1,90500.0,1.0,2025,1,Rookie
51977,Max Greyserman,52,54.0,54.0,1,44750.0,1.0,2025,1,Rookie
51977,Max Greyserman,53,22.0,21.0,2,365096.0,1.0,2025,1,Familiar
51977,Max Greyserman,55,23.0,23.0,1,161489.0,1.0,2021,5,Rookie
51977,Max Greyserman,56,,,0,0.0,0.0,2024,2,Rookie
51977,Max Greyserman,57,33.0,33.0,1,39410.0,1.0,2024,2,Rookie
51977,Max Greyserman,61,49.0,49.0,1,22586.0,1.0,2025,1,Rookie
51977,Max Greyserman,62,2.0,2.0,1,861100.0,0.5,2025,1,Rookie
51977,Max Greyserman,63,2.0,2.0,1,748000.0,1.0,2024,2,Rookie
51989,Jordan Gumberg,20,,,0,0.0,0.0,2025,1,Rookie
51989,Jordan Gumberg,30,,,0,0.0,0.0,2024,2,Rookie
51989,Jordan Gumberg,53,,,0,0.0,0.0,2023,3,Rookie
51997,Andrew Novak,0,39.0,24.0,2,79245.0,0.6666666666666666,2024,2,Familiar
51997,Andrew Novak,1,,,0,0.0,0.0,2025,1,Rookie
51997,Andrew Novak,2,34.0,34.0,1,111500.0,1.0,2025,1,Rookie
51997,Andrew Novak,3,56.5,46.0,2,45535.2,1.0,2023,3,Familiar
51997,Andrew Novak,4,16.5,13.0,2,457450.0,0.6666666666666666,2025,1,Familiar
51997,Andrew Novak,6,33.0,33.0,1,19841.43,1.0,2023,3,Rookie
51997,Andrew Novak,7,,,0,0.0,0.0,2024,2,Rookie
51997,Andrew Novak,8,48.0,48.0,1,70000.0,1.0,2025,1,Rookie
51997,Andrew Novak,10,25.5,11.0,2,235530.0,0.6666666666666666,2025,1,Familiar
51997,Andrew Novak,13,30.0,30.0,1,52293.18,1.0,2024,2,Rookie
51997,Andrew Novak,15,9.0,9.0,1,210535.71,0.5,2025,1,Rookie
51997,Andrew Novak,16,47.333333333333336,3.0,3,676503.0,0.75,2025,1,Experienced
51997,Andrew Novak,17,6.0,6.0,1,670333.33,1.0,2025,1,Rookie
51997,Andrew Novak,18,,,0,0.0,0.0,2023,3,Rookie
51997,Andrew Novak,19,13.0,13.0,1,384250.0,1.0,2025,1,Rookie
51997,Andrew Novak,20,41.5,13.0,2,172350.0,1.0,2025,1,Familiar
51997,Andrew Novak,22,29.0,29.0,1,46426.15,0.5,2023,3,Rookie
51997,Andrew Novak,25,26.333333333333332,7.0,3,316387.39,1.0,2024,2,Experienced
51997,Andrew Novak,27,51.0,51.0,1,49500.0,1.0,2025,1,Rookie
51997,Andrew Novak,28,24.0,8.0,3,344110.89,1.0,2024,2,Experienced
51997,Andrew Novak,30,54.0,54.0,1,9416.0,1.0,2024,2,Rookie
51997,Andrew Novak,34,,,0,0.0,0.0,2025,1,Rookie
51997,Andrew Novak,35,,,0,0.0,0.0,2025,1,Rookie
51997,Andrew Novak,37,29.0,9.0,3,416531.0,1.0,2024,2,Experienced
51997,Andrew Novak,38,2.0,2.0,1,2160000.0,1.0,2025,1,Rookie
51997,Andrew Novak,40,20.0,20.0,1,113068.0,0.3333333333333333,2024,2,Rookie
51997,Andrew Novak,41,35.25,7.0,4,277264.06999999995,0.8,2025,1,Experienced
51997,Andrew Novak,43,40.5,23.0,2,83910.0,0.6666666666666666,2024,2,Familiar
51997,Andrew Novak,46,,,0,0.0,0.0,2024,2,Rookie
51997,Andrew Novak,48,12.0,12.0,1,138908.34,0.25,2025,1,Rookie
51997,Andrew Novak,49,53.0,53.0,1,21521.5,0.5,2025,1,Rookie
51997,Andrew Novak,50,25.0,25.0,1,377500.0,1.0,2025,1,Rookie
51997,Andrew Novak,51,38.0,30.0,2,149053.71,0.6666666666666666,2025,1,Familiar
51997,Andrew Novak,52,17.0,17.0,1,270500.0,1.0,2025,1,Rookie
51997,Andrew Novak,53,42.0,42.0,1,73014.0,0.5,2025,1,Rookie
51997,Andrew Novak,55,42.0,42.0,1,73014.0,1.0,2021,5,Rookie
51997,Andrew Novak,56,23.333333333333332,3.0,3,840973.0,0.75,2025,1,Experienced
51997,Andrew Novak,57,28.666666666666668,17.0,3,188965.0,0.75,2025,1,Experienced
51997,Andrew Novak,60,,,0,0.0,0.0,2022,4,Rookie
51997,Andrew Novak,61,8.0,8.0,1,248600.0,0.5,2025,1,Rookie
51997,Andrew Novak,62,42.5,33.0,2,60301.0,0.5,2025,1,Familiar
51997,Andrew Novak,63,16.0,16.0,1,121210.0,1.0,2024,2,Rookie
52091,Blake Kennedy,57,72.0,72.0,1,15678.0,1.0,2022,4,Rookie
52095,Christoffer Bring,6,16.0,16.0,1,52345.0,1.0,2023,3,Rookie
52096,Adri Arnaus,20,68.0,68.0,1,19170.0,0.5,2024,2,Rookie
52096,Adri Arnaus,34,30.0,30.0,1,83750.0,0.5,2023,3,Rookie
52096,Adri Arnaus,53,,,0,0.0,0.0,2022,4,Rookie
52144,Braden Thornberry,0,,,0,0.0,0.0,2025,1,Rookie
52144,Braden Thornberry,1,,,0,0.0,0.0,2025,1,Rookie
52144,Braden Thornberry,5,20.0,20.0,1,63214.29,1.0,2025,1,Rookie
52144,Braden Thornberry,13,,,0,0.0,0.0,2025,1,Rookie
52144,Braden Thornberry,15,,,0,0.0,0.0,2025,1,Rookie
52144,Braden Thornberry,16,,,0,0.0,0.0,2025,1,Rookie
52144,Braden Thornberry,24,64.0,64.0,1,8680.0,1.0,2025,1,Rookie
52144,Braden Thornberry,25,,,0,0.0,0.0,2025,1,Rookie
52144,Braden Thornberry,29,,,0,0.0,0.0,2025,1,Rookie
52144,Braden Thornberry,30,,,0,0.0,0.0,2024,2,Rookie
52144,Braden Thornberry,32,,,0,0.0,0.0,2025,1,Rookie
52144,Braden Thornberry,36,57.0,57.0,1,13740.0,1.0,2025,1,Rookie
52144,Braden Thornberry,37,,,0,0.0,0.0,2025,1,Rookie
52144,Braden Thornberry,39,,,0,0.0,0.0,2025,1,Rookie
52144,Braden Thornberry,41,,,0,0.0,0.0,2025,1,Rookie
52144,Braden Thornberry,43,64.0,64.0,1,12960.0,1.0,2025,1,Rookie
52144,Braden Thornberry,48,,,0,0.0,0.0,2025,1,Rookie
52144,Braden Thornberry,49,,,0,0.0,0.0,2025,1,Rookie
52144,Braden Thornberry,56,,,0,0.0,0.0,2025,1,Rookie
52144,Braden Thornberry,57,70.0,70.0,1,17574.0,1.0,2025,1,Rookie
52144,Braden Thornberry,62,,,0,0.0,0.0,2025,1,Rookie
52215,Robert MacIntyre,0,,,0,0.0,0.0,2021,5,Rookie
52215,Robert MacIntyre,2,23.5,11.0,2,493631.43,1.0,2025,1,Familiar
52215,Robert MacIntyre,4,40.0,40.0,1,66375.0,1.0,2025,1,Rookie
52215,Robert MacIntyre,8,2.0,2.0,1,2160000.0,0.5,2025,1,Rookie
52215,Robert MacIntyre,10,6.0,6.0,1,299725.0,0.5,2025,1,Rookie
52215,Robert MacIntyre,13,,,0,0.0,0.0,2024,2,Rookie
52215,Robert MacIntyre,15,60.0,60.0,1,20160.0,1.0,2024,2,Rookie
52215,Robert MacIntyre,16,,,0,0.0,0.0,2024,2,Rookie
52215,Robert MacIntyre,17,22.5,7.0,2,729500.0,1.0,2025,1,Familiar
52215,Robert MacIntyre,19,15.0,15.0,1,189000.0,0.5,2025,1,Rookie
52215,Robert MacIntyre,20,22.666666666666668,1.0,3,2580300.0,1.0,2025,1,Experienced
52215,Robert MacIntyre,27,20.0,20.0,1,250666.67,1.0,2025,1,Rookie
52215,Robert MacIntyre,28,6.0,6.0,1,283500.0,1.0,2024,2,Rookie
52215,Robert MacIntyre,30,13.0,13.0,1,78333.33,1.0,2024,2,Rookie
52215,Robert MacIntyre,34,45.25,8.0,4,619357.5,0.8,2025,1,Experienced
52215,Robert MacIntyre,35,9.0,9.0,1,731250.0,0.3333333333333333,2025,1,Rookie
52215,Robert MacIntyre,37,18.5,1.0,2,1736660.0,1.0,2025,1,Familiar
52215,Robert MacIntyre,38,62.5,59.0,2,55725.0,1.0,2025,1,Familiar
52215,Robert MacIntyre,40,,,0,0.0,0.0,2024,2,Rookie
52215,Robert MacIntyre,44,15.0,15.0,1,292000.0,1.0,2025,1,Rookie
52215,Robert MacIntyre,48,52.5,52.0,2,40157.6,1.0,2025,1,Familiar
52215,Robert MacIntyre,49,,,0,0.0,0.0,2024,2,Rookie
52215,Robert MacIntyre,50,17.0,17.0,2,482500.0,1.0,2025,1,Familiar
52215,Robert MacIntyre,51,16.5,16.0,2,562562.5,1.0,2025,1,Familiar
52215,Robert MacIntyre,52,34.0,34.0,1,95062.5,1.0,2025,1,Rookie
52215,Robert MacIntyre,53,2.0,2.0,1,2322000.0,0.5,2025,1,Rookie
52215,Robert MacIntyre,54,56.0,56.0,1,27073.0,1.0,2021,5,Rookie
52215,Robert MacIntyre,55,2.0,2.0,1,2322000.0,1.0,2021,5,Rookie
52215,Robert MacIntyre,56,35.0,35.0,1,41925.0,1.0,2022,4,Rookie
52215,Robert MacIntyre,57,33.0,33.0,1,39410.0,1.0,2024,2,Rookie
52215,Robert MacIntyre,61,6.0,6.0,1,310500.0,0.5,2025,1,Rookie
52215,Robert MacIntyre,62,54.5,44.0,2,37455.45,0.6666666666666666,2025,1,Familiar
52287,David Ravetto,6,9.0,9.0,1,95950.0,1.0,2023,3,Rookie
52287,David Ravetto,20,,,0,0.0,0.0,2025,1,Rookie
52287,David Ravetto,24,,,0,0.0,0.0,2024,2,Rookie
52322,John Murphy,3,,,0,0.0,0.0,2022,4,Rookie
52322,John Murphy,4,,,0,0.0,0.0,2022,4,Rookie
52324,James Sugrue,54,,,0,0.0,0.0,2021,5,Rookie
52330,Dylan Meyer,3,68.0,68.0,1,16848.0,1.0,2021,5,Rookie
52341,Andrew McCain,57,,,0,0.0,0.0,2022,4,Rookie
52370,Mason Andersen,0,,,0,0.0,0.0,2025,1,Rookie
52370,Mason Andersen,1,,,0,0.0,0.0,2025,1,Rookie
52370,Mason Andersen,5,,,0,0.0,0.0,2025,1,Rookie
52370,Mason Andersen,13,,,0,0.0,0.0,2025,1,Rookie
52370,Mason Andersen,15,,,0,0.0,0.0,2025,1,Rookie
52370,Mason Andersen,16,,,0,0.0,0.0,2025,1,Rookie
52370,Mason Andersen,24,,,0,0.0,0.0,2025,1,Rookie
52370,Mason Andersen,25,,,0,0.0,0.0,2025,1,Rookie
52370,Mason Andersen,29,65.0,65.0,1,15190.0,1.0,2025,1,Rookie
52370,Mason Andersen,32,37.0,37.0,1,17400.0,1.0,2025,1,Rookie
52370,Mason Andersen,36,,,0,0.0,0.0,2025,1,Rookie
52370,Mason Andersen,37,,,0,0.0,0.0,2025,1,Rookie
52370,Mason Andersen,39,85.0,85.0,1,16800.0,1.0,2025,1,Rookie
52370,Mason Andersen,41,,,0,0.0,0.0,2025,1,Rookie
52370,Mason Andersen,43,,,0,0.0,0.0,2025,1,Rookie
52370,Mason Andersen,48,,,0,0.0,0.0,2025,1,Rookie
52370,Mason Andersen,49,61.0,61.0,1,20995.0,1.0,2025,1,Rookie
52370,Mason Andersen,56,,,0,0.0,0.0,2025,1,Rookie
52370,Mason Andersen,57,70.0,70.0,1,17574.0,1.0,2025,1,Rookie
52372,Cameron Champ,0,14.25,1.0,4,1493199.84,1.0,2025,1,Experienced
52372,Cameron Champ,1,,,0,0.0,0.0,2022,4,Rookie
52372,Cameron Champ,2,61.0,61.0,1,26040.0,0.5,2022,4,Rookie
52372,Cameron Champ,3,47.666666666666664,38.0,3,77701.43,1.0,2023,3,Experienced
52372,Cameron Champ,4,,,0,0.0,0.0,2022,4,Rookie
52372,Cameron Champ,5,47.0,47.0,1,16440.0,1.0,2025,1,Rookie
52372,Cameron Champ,7,46.0,46.0,1,20137.5,1.0,2024,2,Rookie
52372,Cameron Champ,8,66.0,66.0,1,19475.0,1.0,2021,5,Rookie
52372,Cameron Champ,9,,,0,0.0,0.0,2023,3,Rookie
52372,Cameron Champ,10,63.0,63.0,1,18705.0,0.5,2023,3,Rookie
52372,Cameron Champ,11,42.0,42.0,1,33735.0,1.0,2021,5,Rookie
52372,Cameron Champ,13,15.0,15.0,1,136719.0,0.5,2025,1,Rookie
52372,Cameron Champ,15,,,0,0.0,0.0,2024,2,Rookie
52372,Cameron Champ,16,49.5,46.0,2,42303.86,0.5,2024,2,Familiar
52372,Cameron Champ,18,,,0,0.0,0.0,2023,3,Rookie
52372,Cameron Champ,19,67.0,67.0,1,24960.0,0.5,2023,3,Rookie
52372,Cameron Champ,24,14.0,14.0,1,63400.0,0.5,2025,1,Rookie
52372,Cameron Champ,25,29.666666666666668,11.0,3,206584.95,0.6,2025,1,Experienced
52372,Cameron Champ,26,,,0,0.0,0.0,2021,5,Rookie
52372,Cameron Champ,27,,,0,0.0,0.0,2022,4,Rookie
52372,Cameron Champ,28,12.666666666666666,6.0,3,532782.5,1.0,2024,2,Experienced
52372,Cameron Champ,31,27.0,27.0,1,69350.0,1.0,2021,5,Rookie
52372,Cameron Champ,32,,,0,0.0,0.0,2025,1,Rookie
52372,Cameron Champ,34,,,0,0.0,0.0,2022,4,Rookie
52372,Cameron Champ,35,,,0,0.0,0.0,2022,4,Rookie
52372,Cameron Champ,36,,,0,0.0,0.0,2025,1,Rookie
52372,Cameron Champ,37,9.0,9.0,1,257250.0,0.25,2025,1,Rookie
52372,Cameron Champ,38,,,0,0.0,0.0,2023,3,Rookie
52372,Cameron Champ,39,19.0,19.0,1,117984.0,1.0,2025,1,Rookie
52372,Cameron Champ,40,20.0,20.0,1,99120.0,0.25,2024,2,Rookie
52372,Cameron Champ,41,58.0,58.0,1,18816.0,0.25,2025,1,Rookie
52372,Cameron Champ,43,9.0,9.0,1,223450.0,0.3333333333333333,2025,1,Rookie
52372,Cameron Champ,45,31.0,31.0,1,49000.0,1.0,2021,5,Rookie
52372,Cameron Champ,46,18.0,18.0,1,111300.0,0.3333333333333333,2024,2,Rookie
52372,Cameron Champ,47,,,0,0.0,0.0,2021,5,Rookie
52372,Cameron Champ,48,,,0,0.0,0.0,2024,2,Rookie
52372,Cameron Champ,49,45.0,45.0,1,25502.75,1.0,2024,2,Rookie
52372,Cameron Champ,51,,,0,0.0,0.0,2023,3,Rookie
52372,Cameron Champ,54,,,0,0.0,0.0,2021,5,Rookie
52372,Cameron Champ,56,34.0,34.0,1,36036.0,0.25,2024,2,Rookie
52372,Cameron Champ,57,26.0,26.0,1,60060.0,0.5,2024,2,Rookie
52372,Cameron Champ,59,,,0,0.0,0.0,2021,5,Rookie
52372,Cameron Champ,60,,,0,0.0,0.0,2023,3,Rookie
52372,Cameron Champ,61,,,0,0.0,0.0,2024,2,Rookie
52372,Cameron Champ,62,45.0,45.0,1,23711.29,0.3333333333333333,2024,2,Rookie
52372,Cameron Champ,64,8.0,8.0,1,232000.0,1.0,2021,5,Rookie
52373,Walker Lee,9,,,0,0.0,0.0,2023,3,Rookie
52374,Brandon Wu,0,57.0,57.0,1,17706.0,0.5,2024,2,Rookie
52374,Brandon Wu,1,,,0,0.0,0.0,2023,3,Rookie
52374,Brandon Wu,3,37.0,23.0,2,102181.68,1.0,2023,3,Familiar
52374,Brandon Wu,4,24.5,2.0,2,849857.14,0.6666666666666666,2024,2,Familiar
52374,Brandon Wu,7,,,0,0.0,0.0,2024,2,Rookie
52374,Brandon Wu,9,62.0,62.0,1,18648.0,1.0,2023,3,Rookie
52374,Brandon Wu,10,,,0,0.0,0.0,2024,2,Rookie
52374,Brandon Wu,13,,,0,0.0,0.0,2024,2,Rookie
52374,Brandon Wu,15,,,0,0.0,0.0,2024,2,Rookie
52374,Brandon Wu,16,,,0,0.0,0.0,2022,4,Rookie
52374,Brandon Wu,17,37.0,37.0,1,88000.0,0.5,2023,3,Rookie
52374,Brandon Wu,18,,,0,0.0,0.0,2023,3,Rookie
52374,Brandon Wu,19,,,0,0.0,0.0,2023,3,Rookie
52374,Brandon Wu,20,,,0,0.0,0.0,2023,3,Rookie
52374,Brandon Wu,22,14.0,14.0,1,136500.0,0.3333333333333333,2023,3,Rookie
52374,Brandon Wu,24,10.0,10.0,1,93000.0,0.5,2025,1,Rookie
52374,Brandon Wu,25,30.0,30.0,1,39082.28,0.5,2024,2,Rookie
52374,Brandon Wu,27,69.0,69.0,1,24840.0,0.5,2023,3,Rookie
52374,Brandon Wu,28,6.0,2.0,3,1228791.67,1.0,2024,2,Experienced
52374,Brandon Wu,30,,,0,0.0,0.0,2024,2,Rookie
52374,Brandon Wu,34,,,0,0.0,0.0,2023,3,Rookie
52374,Brandon Wu,35,19.0,19.0,1,275000.0,0.5,2024,2,Rookie
52374,Brandon Wu,36,13.0,13.0,1,86515.38,1.0,2024,2,Rookie
52374,Brandon Wu,37,35.5,9.0,2,265836.0,1.0,2024,2,Familiar
52374,Brandon Wu,38,,,0,0.0,0.0,2023,3,Rookie
52374,Brandon Wu,40,37.0,30.0,2,79504.0,0.6666666666666666,2024,2,Familiar
52374,Brandon Wu,41,53.666666666666664,49.0,3,57738.0,0.75,2024,2,Experienced
52374,Brandon Wu,43,52.0,39.0,3,67433.0,0.75,2024,2,Experienced
52374,Brandon Wu,46,56.0,56.0,1,18560.0,0.3333333333333333,2024,2,Rookie
52374,Brandon Wu,48,18.0,18.0,1,106101.67,0.3333333333333333,2024,2,Rookie
52374,Brandon Wu,49,,,0,0.0,0.0,2024,2,Rookie
52374,Brandon Wu,51,,,0,0.0,0.0,2023,3,Rookie
52374,Brandon Wu,53,70.0,70.0,1,39982.0,1.0,2024,2,Rookie
52374,Brandon Wu,54,,,0,0.0,0.0,2021,5,Rookie
52374,Brandon Wu,56,58.0,58.0,1,20292.0,0.5,2024,2,Rookie
52374,Brandon Wu,57,33.0,33.0,1,41600.0,0.5,2023,3,Rookie
52374,Brandon Wu,60,,,0,0.0,0.0,2022,4,Rookie
52374,Brandon Wu,61,50.0,50.0,1,48542.85,0.5,2024,2,Rookie
52374,Brandon Wu,62,33.0,8.0,2,216101.0,0.6666666666666666,2024,2,Familiar
52375,Doug Ghim,0,22.333333333333332,16.0,3,223117.5,0.6,2025,1,Experienced
52375,Doug Ghim,1,28.333333333333332,5.0,3,348194.0,0.75,2025,1,Experienced
52375,Doug Ghim,2,36.0,36.0,1,42381.42,0.5,2022,4,Rookie
52375,Doug Ghim,3,19.0,19.0,1,121125.0,0.5,2023,3,Rookie
52375,Doug Ghim,4,44.5,21.0,2,116822.0,0.6666666666666666,2025,1,Familiar
52375,Doug Ghim,5,63.0,63.0,1,13080.0,1.0,2025,1,Rookie
52375,Doug Ghim,7,25.0,25.0,1,52912.5,1.0,2024,2,Rookie
52375,Doug Ghim,10,36.666666666666664,14.0,3,173740.04,0.75,2025,1,Experienced
52375,Doug Ghim,13,33.0,33.0,1,52800.0,0.5,2025,1,Rookie
52375,Doug Ghim,15,13.5,11.0,2,322235.70999999996,1.0,2025,1,Familiar
52375,Doug Ghim,16,28.0,13.0,3,234424.71,0.6,2025,1,Experienced
52375,Doug Ghim,17,,,0,0.0,0.0,2022,4,Rookie
52375,Doug Ghim,18,44.5,17.0,2,148300.0,0.6666666666666666,2023,3,Familiar
52375,Doug Ghim,19,62.0,62.0,1,43800.0,0.3333333333333333,2023,3,Rookie
52375,Doug Ghim,20,,,0,0.0,0.0,2024,2,Rookie
52375,Doug Ghim,22,,,0,0.0,0.0,2022,4,Rookie
52375,Doug Ghim,25,27.25,18.0,4,235720.0,0.8,2025,1,Experienced
52375,Doug Ghim,26,,,0,0.0,0.0,2021,5,Rookie
52375,Doug Ghim,27,60.0,60.0,1,26640.0,1.0,2022,4,Rookie
52375,Doug Ghim,28,20.5,8.0,2,257265.55,0.6666666666666666,2024,2,Familiar
52375,Doug Ghim,31,31.0,31.0,1,48925.0,1.0,2021,5,Rookie
52375,Doug Ghim,32,52.0,52.0,1,9920.0,1.0,2025,1,Rookie
52375,Doug Ghim,34,35.0,35.0,1,79182.5,1.0,2024,2,Rookie
52375,Doug Ghim,35,17.0,6.0,3,1177375.0,0.6,2025,1,Experienced
52375,Doug Ghim,36,36.5,26.0,2,64930.0,1.0,2025,1,Familiar
52375,Doug Ghim,37,15.0,12.0,2,302625.0,0.5,2025,1,Familiar
52375,Doug Ghim,38,40.666666666666664,33.0,3,123238.1,1.0,2023,3,Experienced
52375,Doug Ghim,39,19.0,19.0,1,117984.0,1.0,2025,1,Rookie
52375,Doug Ghim,40,32.5,32.0,2,87823.58,0.5,2024,2,Familiar
52375,Doug Ghim,41,26.75,7.0,4,308316.36,0.8,2025,1,Experienced
52375,Doug Ghim,42,14.0,14.0,1,100650.0,1.0,2021,5,Rookie
52375,Doug Ghim,43,42.25,23.0,4,131190.0,0.8,2025,1,Experienced
52375,Doug Ghim,46,32.666666666666664,2.0,3,809910.0,0.75,2024,2,Experienced
52375,Doug Ghim,48,72.0,72.0,1,17226.0,0.3333333333333333,2025,1,Rookie
52375,Doug Ghim,49,,,0,0.0,0.0,2025,1,Rookie
52375,Doug Ghim,51,34.5,15.0,2,352094.0,0.6666666666666666,2023,3,Familiar
52375,Doug Ghim,53,,,0,0.0,0.0,2025,1,Rookie
52375,Doug Ghim,55,,,0,0.0,0.0,2021,5,Rookie
52375,Doug Ghim,56,31.0,18.0,2,134902.6,0.4,2025,1,Familiar
52375,Doug Ghim,57,50.333333333333336,27.0,3,90327.0,0.75,2025,1,Experienced
52375,Doug Ghim,60,27.0,27.0,1,134125.0,0.5,2023,3,Rookie
52375,Doug Ghim,61,36.666666666666664,12.0,3,230455.0,0.75,2025,1,Experienced
52375,Doug Ghim,62,46.0,41.0,2,50159.0,0.4,2025,1,Familiar
52375,Doug Ghim,63,27.0,27.0,1,57035.0,1.0,2024,2,Rookie
52411,Kyle Westmoreland,0,,,0,0.0,0.0,2023,3,Rookie
52411,Kyle Westmoreland,1,,,0,0.0,0.0,2023,3,Rookie
52411,Kyle Westmoreland,2,39.0,39.0,1,70028.57,1.0,2023,3,Rookie
52411,Kyle Westmoreland,3,,,0,0.0,0.0,2023,3,Rookie
52411,Kyle Westmoreland,4,29.0,29.0,1,58950.0,1.0,2023,3,Rookie
52411,Kyle Westmoreland,6,,,0,0.0,0.0,2023,3,Rookie
52411,Kyle Westmoreland,9,27.0,27.0,1,56332.5,1.0,2023,3,Rookie
52411,Kyle Westmoreland,10,,,0,0.0,0.0,2023,3,Rookie
52411,Kyle Westmoreland,16,,,0,0.0,0.0,2023,3,Rookie
52411,Kyle Westmoreland,18,,,0,0.0,0.0,2023,3,Rookie
52411,Kyle Westmoreland,22,,,0,0.0,0.0,2023,3,Rookie
52411,Kyle Westmoreland,25,61.0,61.0,1,17200.0,0.5,2024,2,Rookie
52411,Kyle Westmoreland,28,,,0,0.0,0.0,2023,3,Rookie
52411,Kyle Westmoreland,37,,,0,0.0,0.0,2023,3,Rookie
52411,Kyle Westmoreland,40,78.0,78.0,1,16456.0,1.0,2023,3,Rookie
52411,Kyle Westmoreland,41,,,0,0.0,0.0,2025,1,Rookie
52411,Kyle Westmoreland,43,55.0,54.0,2,36945.0,1.0,2023,3,Familiar
52411,Kyle Westmoreland,46,,,0,0.0,0.0,2023,3,Rookie
52411,Kyle Westmoreland,48,,,0,0.0,0.0,2023,3,Rookie
52411,Kyle Westmoreland,49,,,0,0.0,0.0,2025,1,Rookie
52411,Kyle Westmoreland,56,,,0,0.0,0.0,2023,3,Rookie
52411,Kyle Westmoreland,57,,,0,0.0,0.0,2023,3,Rookie
52411,Kyle Westmoreland,62,45.0,45.0,1,22116.0,1.0,2023,3,Rookie
52444,Filippo Celli,24,,,0,0.0,0.0,2024,2,Rookie
52453,Nicolai Hojgaard,46,56.0,56.0,1,19236.0,1.0,2023,3,Rookie
52453,Nicolai Højgaard,0,,,0,0.0,0.0,2023,3,Rookie
52453,Nicolai Højgaard,2,,,0,0.0,0.0,2024,2,Rookie
52453,Nicolai Højgaard,4,31.0,31.0,1,106625.0,1.0,2024,2,Rookie
52453,Nicolai Højgaard,10,,,0,0.0,0.0,2024,2,Rookie
52453,Nicolai Højgaard,13,56.0,56.0,1,22770.0,1.0,2025,1,Rookie
52453,Nicolai Højgaard,15,18.0,18.0,1,117606.67,1.0,2025,1,Rookie
52453,Nicolai Højgaard,16,2.0,2.0,1,981000.0,1.0,2024,2,Rookie
52453,Nicolai Højgaard,19,39.0,39.0,1,82000.0,1.0,2024,2,Rookie
52453,Nicolai Højgaard,20,16.333333333333332,4.0,3,714690.0,1.0,2025,1,Experienced
52453,Nicolai Højgaard,22,,,0,0.0,0.0,2022,4,Rookie
52453,Nicolai Højgaard,27,,,0,0.0,0.0,2023,3,Rookie
52453,Nicolai Højgaard,28,42.5,33.0,2,60533.67,1.0,2024,2,Familiar
52453,Nicolai Højgaard,29,8.0,8.0,1,218750.0,1.0,2025,1,Rookie
52453,Nicolai Højgaard,34,53.0,41.0,3,121839.17,0.75,2025,1,Experienced
52453,Nicolai Højgaard,35,,,0,0.0,0.0,2025,1,Rookie
52453,Nicolai Højgaard,37,35.0,35.0,1,44851.43,0.3333333333333333,2025,1,Rookie
52453,Nicolai Højgaard,39,24.0,24.0,1,88800.0,1.0,2025,1,Rookie
52453,Nicolai Højgaard,40,43.5,21.0,2,119550.66,1.0,2024,2,Familiar
52453,Nicolai Højgaard,43,,,0,0.0,0.0,2025,1,Rookie
52453,Nicolai Højgaard,49,,,0,0.0,0.0,2025,1,Rookie
52453,Nicolai Højgaard,53,50.0,50.0,1,51065.0,1.0,2024,2,Rookie
52453,Nicolai Højgaard,56,51.5,28.0,2,73677.67,1.0,2024,2,Familiar
52453,Nicolai Højgaard,57,,,0,0.0,0.0,2025,1,Rookie
52453,Nicolai Højgaard,61,36.0,36.0,1,40997.5,1.0,2025,1,Rookie
52453,Nicolai Højgaard,62,34.5,14.0,2,142606.0,0.6666666666666666,2025,1,Familiar
52462,Chase Hanna,6,68.0,68.0,1,7548.0,1.0,2022,4,Rookie
52462,Chase Hanna,20,,,0,0.0,0.0,2023,3,Rookie
52462,Chase Hanna,24,,,0,0.0,0.0,2024,2,Rookie
52513,Carson Young,0,49.5,28.0,2,67033.91,0.6666666666666666,2025,1,Familiar
52513,Carson Young,1,29.0,29.0,1,57640.0,0.5,2025,1,Rookie
52513,Carson Young,3,14.0,14.0,1,163875.0,1.0,2023,3,Rookie
52513,Carson Young,4,,,0,0.0,0.0,2023,3,Rookie
52513,Carson Young,5,,,0,0.0,0.0,2025,1,Rookie
52513,Carson Young,7,11.0,11.0,1,137625.0,1.0,2024,2,Rookie
52513,Carson Young,9,,,0,0.0,0.0,2023,3,Rookie
52513,Carson Young,10,37.0,21.0,2,104585.42,0.6666666666666666,2025,1,Familiar
52513,Carson Young,13,30.0,30.0,1,52293.18,0.5,2025,1,Rookie
52513,Carson Young,15,56.0,56.0,1,20700.0,0.5,2025,1,Rookie
52513,Carson Young,16,56.0,56.0,1,20340.0,0.3333333333333333,2025,1,Rookie
52513,Carson Young,18,19.0,19.0,1,99540.0,0.5,2023,3,Rookie
52513,Carson Young,22,29.0,29.0,1,46426.16,1.0,2023,3,Rookie
52513,Carson Young,24,,,0,0.0,0.0,2025,1,Rookie
52513,Carson Young,25,5.0,5.0,2,638250.0,0.6666666666666666,2025,1,Familiar
52513,Carson Young,28,11.5,8.0,2,353550.0,1.0,2024,2,Familiar
52513,Carson Young,29,,,0,0.0,0.0,2025,1,Rookie
52513,Carson Young,30,32.0,32.0,1,24450.0,1.0,2024,2,Rookie
52513,Carson Young,32,13.0,13.0,1,69571.43,1.0,2025,1,Rookie
52513,Carson Young,35,54.0,54.0,1,58250.0,0.5,2025,1,Rookie
52513,Carson Young,36,,,0,0.0,0.0,2025,1,Rookie
52513,Carson Young,37,36.333333333333336,14.0,3,204394.0,1.0,2025,1,Experienced
52513,Carson Young,38,19.0,19.0,1,237000.0,1.0,2023,3,Rookie
52513,Carson Young,39,,,0,0.0,0.0,2025,1,Rookie
52513,Carson Young,40,52.0,52.0,1,21076.0,0.5,2024,2,Rookie
52513,Carson Young,41,53.0,35.0,2,54913.71,0.5,2025,1,Familiar
52513,Carson Young,43,54.333333333333336,38.0,3,59860.43,0.75,2025,1,Experienced
52513,Carson Young,46,,,0,0.0,0.0,2024,2,Rookie
52513,Carson Young,48,,,0,0.0,0.0,2025,1,Rookie
52513,Carson Young,49,,,0,0.0,0.0,2024,2,Rookie
52513,Carson Young,51,15.0,15.0,1,335000.0,1.0,2023,3,Rookie
52513,Carson Young,53,,,0,0.0,0.0,2023,3,Rookie
52513,Carson Young,56,40.0,40.0,1,37525.0,0.3333333333333333,2025,1,Rookie
52513,Carson Young,57,54.0,54.0,1,19404.0,0.5,2024,2,Rookie
52513,Carson Young,60,,,0,0.0,0.0,2023,3,Rookie
52513,Carson Young,61,49.0,41.0,2,51196.0,1.0,2025,1,Familiar
52513,Carson Young,62,63.5,60.0,2,34416.0,0.6666666666666666,2025,1,Familiar
52513,Carson Young,63,37.0,37.0,1,37060.0,1.0,2024,2,Rookie
52514,Trace Crowe,0,24.0,24.0,1,61695.0,1.0,2024,2,Rookie
52514,Trace Crowe,7,54.0,54.0,1,17400.0,1.0,2024,2,Rookie
52514,Trace Crowe,13,,,0,0.0,0.0,2025,1,Rookie
52514,Trace Crowe,16,25.0,25.0,1,66262.5,1.0,2024,2,Rookie
52514,Trace Crowe,22,63.0,63.0,1,17808.0,1.0,2023,3,Rookie
52514,Trace Crowe,24,,,0,0.0,0.0,2024,2,Rookie
52514,Trace Crowe,25,44.0,44.0,1,29200.0,0.5,2025,1,Rookie
52514,Trace Crowe,28,60.0,60.0,1,18063.0,1.0,2024,2,Rookie
52514,Trace Crowe,30,32.0,32.0,1,24450.0,1.0,2024,2,Rookie
52514,Trace Crowe,32,27.0,27.0,1,29200.0,1.0,2025,1,Rookie
52514,Trace Crowe,36,,,0,0.0,0.0,2024,2,Rookie
52514,Trace Crowe,37,27.0,27.0,1,65800.0,1.0,2024,2,Rookie
52514,Trace Crowe,40,,,0,0.0,0.0,2024,2,Rookie
52514,Trace Crowe,41,,,0,0.0,0.0,2024,2,Rookie
52514,Trace Crowe,43,42.0,42.0,1,26220.0,1.0,2024,2,Rookie
52514,Trace Crowe,46,63.0,63.0,1,15470.0,1.0,2024,2,Rookie
52514,Trace Crowe,49,,,0,0.0,0.0,2024,2,Rookie
52514,Trace Crowe,56,,,0,0.0,0.0,2024,2,Rookie
52514,Trace Crowe,57,,,0,0.0,0.0,2024,2,Rookie
52514,Trace Crowe,60,27.0,27.0,1,134125.0,1.0,2023,3,Rookie
52514,Trace Crowe,62,7.0,7.0,1,249245.0,1.0,2024,2,Rookie
52572,Brendan Leonard,37,,,0,0.0,0.0,2022,4,Rookie
52575,Paul O'Hara,4,75.0,75.0,1,17550.0,1.0,2023,3,Rookie
52576,Sandy Scott,54,,,0,0.0,0.0,2021,5,Rookie
52583,Sanghun Shin,12,64.0,64.0,1,18037.5,1.0,2022,4,Rookie
52583,Sanghun Shin,14,76.0,76.0,1,17220.0,1.0,2023,3,Rookie
52585,Frederic LaCroix,20,,,0,0.0,0.0,2025,1,Rookie
52585,Frederic LaCroix,53,,,0,0.0,0.0,2025,1,Rookie
52585,Frederic LaCroix,55,,,0,0.0,0.0,2021,5,Rookie
52633,Alex Beach,34,,,0,0.0,0.0,2023,3,Rookie
52633,Alex Beach,51,,,0,0.0,0.0,2021,5,Rookie
52635,JJ Wood,56,,,0,0.0,0.0,2023,3,Rookie
52666,Sami Valimaki,0,,,0,0.0,0.0,2025,1,Rookie
52666,Sami Valimaki,1,,,0,0.0,0.0,2025,1,Rookie
52666,Sami Valimaki,2,,,0,0.0,0.0,2024,2,Rookie
52666,Sami Valimaki,7,,,0,0.0,0.0,2024,2,Rookie
52666,Sami Valimaki,10,,,0,0.0,0.0,2025,1,Rookie
52666,Sami Valimaki,13,39.0,39.0,1,40095.0,0.5,2025,1,Rookie
52666,Sami Valimaki,15,48.0,48.0,1,23805.0,0.5,2025,1,Rookie
52666,Sami Valimaki,16,29.0,15.0,2,161261.67,1.0,2025,1,Familiar
52666,Sami Valimaki,20,68.0,60.0,2,41220.0,0.6666666666666666,2025,1,Familiar
52666,Sami Valimaki,25,12.0,12.0,1,171600.0,0.5,2025,1,Rookie
52666,Sami Valimaki,28,2.0,2.0,1,882900.0,1.0,2024,2,Rookie
52666,Sami Valimaki,29,34.0,34.0,1,35159.09,1.0,2025,1,Rookie
52666,Sami Valimaki,30,,,0,0.0,0.0,2024,2,Rookie
52666,Sami Valimaki,32,7.0,7.0,1,113333.33,1.0,2025,1,Rookie
52666,Sami Valimaki,34,,,0,0.0,0.0,2025,1,Rookie
52666,Sami Valimaki,35,61.5,54.0,2,109000.0,1.0,2025,1,Familiar
52666,Sami Valimaki,36,,,0,0.0,0.0,2025,1,Rookie
52666,Sami Valimaki,37,35.0,35.0,1,44851.43,1.0,2024,2,Rookie
52666,Sami Valimaki,38,18.0,18.0,1,226055.56,1.0,2025,1,Rookie
52666,Sami Valimaki,39,19.0,19.0,1,117984.0,1.0,2025,1,Rookie
52666,Sami Valimaki,40,,,0,0.0,0.0,2024,2,Rookie
52666,Sami Valimaki,41,1.0,1.0,1,1260000.0,1.0,2025,1,Rookie
52666,Sami Valimaki,43,63.0,63.0,1,16340.0,0.5,2025,1,Rookie
52666,Sami Valimaki,46,,,0,0.0,0.0,2024,2,Rookie
52666,Sami Valimaki,48,,,0,0.0,0.0,2024,2,Rookie
52666,Sami Valimaki,49,4.0,4.0,1,465500.0,1.0,2025,1,Rookie
52666,Sami Valimaki,54,,,0,0.0,0.0,2021,5,Rookie
52666,Sami Valimaki,56,12.0,12.0,1,182875.0,1.0,2025,1,Rookie
52666,Sami Valimaki,57,40.5,36.0,2,66231.5,1.0,2025,1,Familiar
52666,Sami Valimaki,61,41.0,41.0,1,30404.0,0.5,2025,1,Rookie
52666,Sami Valimaki,62,34.0,34.0,1,45715.0,1.0,2025,1,Rookie
52666,Sami Valimaki,63,67.0,67.0,1,15300.0,1.0,2024,2,Rookie
52686,Rasmus Hojgaard,12,63.0,63.0,1,18525.0,1.0,2022,4,Rookie
52686,Rasmus Hojgaard,46,,,0,0.0,0.0,2022,4,Rookie
52686,Rasmus Højgaard,4,22.0,22.0,1,158272.73,1.0,2025,1,Rookie
52686,Rasmus Højgaard,13,48.0,48.0,1,27621.0,1.0,2025,1,Rookie
52686,Rasmus Højgaard,15,,,0,0.0,0.0,2024,2,Rookie
52686,Rasmus Højgaard,19,,,0,0.0,0.0,2025,1,Rookie
52686,Rasmus Højgaard,20,21.0,21.0,1,97650.0,0.3333333333333333,2025,1,Rookie
52686,Rasmus Højgaard,29,34.0,34.0,1,35159.09,1.0,2025,1,Rookie
52686,Rasmus Højgaard,34,71.33333333333333,67.0,3,67164.17,0.75,2025,1,Experienced
52686,Rasmus Højgaard,35,,,0,0.0,0.0,2025,1,Rookie
52686,Rasmus Højgaard,37,43.0,43.0,1,33810.0,0.5,2025,1,Rookie
52686,Rasmus Højgaard,39,,,0,0.0,0.0,2025,1,Rookie
52686,Rasmus Højgaard,43,3.0,3.0,1,318000.0,1.0,2025,1,Rookie
52686,Rasmus Højgaard,49,32.0,32.0,1,51910.71,1.0,2025,1,Rookie
52686,Rasmus Højgaard,52,23.0,23.0,1,167142.86,1.0,2025,1,Rookie
52686,Rasmus Højgaard,53,46.0,46.0,1,57070.0,1.0,2025,1,Rookie
52686,Rasmus Højgaard,54,,,0,0.0,0.0,2021,5,Rookie
52686,Rasmus Højgaard,55,46.0,46.0,1,57070.0,1.0,2021,5,Rookie
52686,Rasmus Højgaard,56,18.0,18.0,1,92606.37,1.0,2022,4,Rookie
52686,Rasmus Højgaard,57,,,0,0.0,0.0,2025,1,Rookie
52686,Rasmus Højgaard,61,12.0,12.0,1,195500.0,1.0,2025,1,Rookie
52686,Rasmus Højgaard,62,34.0,34.0,1,45715.0,1.0,2025,1,Rookie
52689,Rasmus Neergaard-Petersen,20,,,0,0.0,0.0,2025,1,Rookie
52689,Rasmus Neergaard-Petersen,34,,,0,0.0,0.0,2025,1,Rookie
52689,Rasmus Neergaard-Petersen,53,12.0,12.0,1,349741.0,1.0,2025,1,Rookie
52689,Rasmus Neergaard-Petersen,55,12.0,12.0,1,349741.0,1.0,2021,5,Rookie
52689,Rasmus Neergaard-Petersen,57,22.0,22.0,1,81200.0,1.0,2025,1,Rookie
52703,Matthew Scobie,37,,,0,0.0,0.0,2025,1,Rookie
52955,Ludvig Åberg,0,64.0,64.0,1,16614.0,1.0,2023,3,Rookie
52955,Ludvig Åberg,2,23.666666666666668,22.0,3,340911.11,1.0,2025,1,Experienced
52955,Ludvig Åberg,4,2.0,2.0,1,2160000.0,0.5,2025,1,Rookie
52955,Ludvig Åberg,8,4.5,2.0,2,2148333.33,1.0,2025,1,Familiar
52955,Ludvig Åberg,16,25.5,9.0,2,270195.0,1.0,2025,1,Familiar
52955,Ludvig Åberg,17,24.5,9.0,2,577000.0,1.0,2025,1,Familiar
52955,Ludvig Åberg,19,10.0,1.0,2,4251400.0,1.0,2025,1,Familiar
52955,Ludvig Åberg,20,6.0,4.0,2,551925.0,0.6666666666666666,2025,1,Familiar
52955,Ludvig Åberg,25,4.0,4.0,1,333000.0,1.0,2023,3,Rookie
52955,Ludvig Åberg,27,10.5,5.0,2,1085666.67,1.0,2025,1,Familiar
52955,Ludvig Åberg,34,,,0,0.0,0.0,2025,1,Rookie
52955,Ludvig Åberg,35,8.0,8.0,1,781250.0,0.5,2025,1,Rookie
52955,Ludvig Åberg,37,19.0,13.0,2,245660.0,1.0,2025,1,Familiar
52955,Ludvig Åberg,38,32.0,10.0,2,565500.0,1.0,2025,1,Familiar
52955,Ludvig Åberg,40,40.0,40.0,1,33000.0,1.0,2023,3,Rookie
52955,Ludvig Åberg,41,9.0,1.0,2,1616690.0,0.6666666666666666,2024,2,Familiar
52955,Ludvig Åberg,43,2.0,2.0,1,549400.0,1.0,2023,3,Rookie
52955,Ludvig Åberg,44,26.0,5.0,2,806166.67,1.0,2025,1,Familiar
52955,Ludvig Åberg,46,13.0,13.0,1,154980.0,1.0,2023,3,Rookie
52955,Ludvig Åberg,48,30.0,30.0,1,44750.83,1.0,2024,2,Rookie
52955,Ludvig Åberg,50,18.5,16.0,2,422500.0,1.0,2025,1,Familiar
52955,Ludvig Åberg,51,29.0,24.0,3,401500.0,1.0,2025,1,Experienced
52955,Ludvig Åberg,52,60.0,60.0,1,42500.0,1.0,2025,1,Rookie
52955,Ludvig Åberg,53,12.0,12.0,1,409279.0,0.5,2025,1,Rookie
52955,Ludvig Åberg,55,,,0,0.0,0.0,2021,5,Rookie
52955,Ludvig Åberg,56,14.0,14.0,1,131601.82,0.3333333333333333,2025,1,Rookie
52955,Ludvig Åberg,57,61.0,61.0,1,0.0,1.0,2023,3,Rookie
52955,Ludvig Åberg,62,14.0,14.0,1,123500.0,1.0,2023,3,Rookie
53165,Doc Redman,0,30.0,30.0,1,46744.29,0.5,2023,3,Rookie
53165,Doc Redman,1,70.0,70.0,1,13735.0,0.5,2022,4,Rookie
53165,Doc Redman,2,66.0,66.0,1,19716.0,1.0,2021,5,Rookie
53165,Doc Redman,3,19.5,9.0,2,273425.0,0.6666666666666666,2023,3,Familiar
53165,Doc Redman,4,37.0,33.0,2,75498.33,1.0,2023,3,Familiar
53165,Doc Redman,5,20.0,20.0,1,63214.29,1.0,2025,1,Rookie
53165,Doc Redman,6,15.0,9.0,2,133258.34,1.0,2023,3,Familiar
53165,Doc Redman,9,,,0,0.0,0.0,2023,3,Rookie
53165,Doc Redman,10,59.0,59.0,1,16875.0,0.5,2022,4,Rookie
53165,Doc Redman,16,25.0,25.0,1,65940.0,0.3333333333333333,2023,3,Rookie
53165,Doc Redman,18,,,0,0.0,0.0,2023,3,Rookie
53165,Doc Redman,19,61.0,61.0,1,26160.0,0.3333333333333333,2023,3,Rookie
53165,Doc Redman,21,,,0,0.0,0.0,2022,4,Rookie
53165,Doc Redman,22,,,0,0.0,0.0,2023,3,Rookie
53165,Doc Redman,25,,,0,0.0,0.0,2023,3,Rookie
53165,Doc Redman,26,42.0,42.0,1,33015.0,1.0,2021,5,Rookie
53165,Doc Redman,28,,,0,0.0,0.0,2023,3,Rookie
53165,Doc Redman,31,,,0,0.0,0.0,2021,5,Rookie
53165,Doc Redman,33,2.0,2.0,1,411233.34,1.0,2021,5,Rookie
53165,Doc Redman,35,26.0,26.0,1,143000.0,0.3333333333333333,2023,3,Rookie
53165,Doc Redman,37,,,0,0.0,0.0,2023,3,Rookie
53165,Doc Redman,38,48.0,48.0,1,21360.0,0.3333333333333333,2023,3,Rookie
53165,Doc Redman,40,57.0,57.0,1,18648.0,0.3333333333333333,2023,3,Rookie
53165,Doc Redman,41,41.0,18.0,2,117246.0,0.4,2025,1,Familiar
53165,Doc Redman,42,3.0,3.0,1,322162.5,1.0,2021,5,Rookie
53165,Doc Redman,43,37.25,9.0,4,250776.0,1.0,2025,1,Experienced
53165,Doc Redman,46,66.0,66.0,1,17808.0,0.5,2023,3,Rookie
53165,Doc Redman,47,,,0,0.0,0.0,2021,5,Rookie
53165,Doc Redman,48,32.0,32.0,1,41387.22,1.0,2023,3,Rookie
53165,Doc Redman,51,61.0,61.0,1,16206.0,0.3333333333333333,2023,3,Rookie
53165,Doc Redman,56,55.5,44.0,2,39912.6,0.6666666666666666,2023,3,Familiar
53165,Doc Redman,57,31.333333333333332,16.0,3,186750.0,1.0,2023,3,Experienced
53165,Doc Redman,58,61.0,61.0,1,15540.0,1.0,2021,5,Rookie
53165,Doc Redman,59,,,0,0.0,0.0,2021,5,Rookie
53165,Doc Redman,60,,,0,0.0,0.0,2023,3,Rookie
53165,Doc Redman,61,,,0,0.0,0.0,2023,3,Rookie
53165,Doc Redman,62,21.0,21.0,1,73608.33,0.3333333333333333,2023,3,Rookie
53196,Robin Williams,24,,,0,0.0,0.0,2025,1,Rookie
53912,Danny List,19,,,0,0.0,0.0,2025,1,Rookie
54185,Elvis Smylie,20,34.0,34.0,1,52950.0,1.0,2025,1,Rookie
54185,Elvis Smylie,34,72.0,72.0,1,23655.0,1.0,2025,1,Rookie
54190,Richard Mansell,20,16.0,10.0,2,263955.0,0.6666666666666666,2025,1,Familiar
54190,Richard Mansell,53,,,0,0.0,0.0,2024,2,Rookie
54218,Yuta Sugiura,48,,,0,0.0,0.0,2025,1,Rookie
54218,Yuta Sugiura,53,,,0,0.0,0.0,2025,1,Rookie
54218,Yuta Sugiura,55,,,0,0.0,0.0,2021,5,Rookie
54218,Yuta Sugiura,63,6.0,6.0,1,266050.0,1.0,2024,2,Rookie
54278,Mateo Fernández de Oliveira,28,,,0,0.0,0.0,2023,3,Rookie
54278,Mateo Fernández de Oliveira,53,,,0,0.0,0.0,2023,3,Rookie
54303,Charles Reiter,16,,,0,0.0,0.0,2025,1,Rookie
54303,Charles Reiter,49,32.0,32.0,1,51910.71,1.0,2025,1,Rookie
54303,Charles Reiter,53,,,0,0.0,0.0,2024,2,Rookie
54304,Karl Vilips,0,,,0,0.0,0.0,2025,1,Rookie
54304,Karl Vilips,5,66.0,66.0,1,12780.0,1.0,2025,1,Rookie
54304,Karl Vilips,10,11.0,11.0,1,203775.0,1.0,2025,1,Rookie
54304,Karl Vilips,13,49.0,49.0,1,25509.0,1.0,2025,1,Rookie
54304,Karl Vilips,15,39.0,39.0,1,41860.0,1.0,2025,1,Rookie
54304,Karl Vilips,20,,,0,0.0,0.0,2025,1,Rookie
54304,Karl Vilips,25,,,0,0.0,0.0,2025,1,Rookie
54304,Karl Vilips,29,72.0,72.0,1,14280.0,1.0,2025,1,Rookie
54304,Karl Vilips,34,,,0,0.0,0.0,2025,1,Rookie
54304,Karl Vilips,35,,,0,0.0,0.0,2025,1,Rookie
54304,Karl Vilips,36,47.0,47.0,1,16620.0,1.0,2025,1,Rookie
54304,Karl Vilips,37,,,0,0.0,0.0,2025,1,Rookie
54304,Karl Vilips,38,54.0,54.0,1,44500.0,1.0,2025,1,Rookie
54304,Karl Vilips,39,,,0,0.0,0.0,2025,1,Rookie
54304,Karl Vilips,41,51.0,51.0,1,16399.09,1.0,2025,1,Rookie
54304,Karl Vilips,49,,,0,0.0,0.0,2025,1,Rookie
54304,Karl Vilips,53,,,0,0.0,0.0,2023,3,Rookie
54304,Karl Vilips,57,,,0,0.0,0.0,2025,1,Rookie
54304,Karl Vilips,62,19.0,19.0,1,112750.0,1.0,2025,1,Rookie
54314,Tyler Strafaci,3,,,0,0.0,0.0,2021,5,Rookie
54314,Tyler Strafaci,10,,,0,0.0,0.0,2022,4,Rookie
54314,Tyler Strafaci,16,,,0,0.0,0.0,2021,5,Rookie
54314,Tyler Strafaci,19,,,0,0.0,0.0,2021,5,Rookie
54314,Tyler Strafaci,26,57.0,57.0,1,21111.0,1.0,2021,5,Rookie
54323,Mo Lim,0,,,0,0.0,0.0,2022,4,Rookie
54328,Norman Xiong,0,,,0,0.0,0.0,2021,5,Rookie
54328,Norman Xiong,1,,,0,0.0,0.0,2025,1,Rookie
54328,Norman Xiong,5,,,0,0.0,0.0,2025,1,Rookie
54328,Norman Xiong,7,63.0,63.0,1,16425.0,1.0,2024,2,Rookie
54328,Norman Xiong,13,,,0,0.0,0.0,2025,1,Rookie
54328,Norman Xiong,15,,,0,0.0,0.0,2024,2,Rookie
54328,Norman Xiong,16,40.0,40.0,1,41385.0,0.5,2025,1,Rookie
54328,Norman Xiong,28,,,0,0.0,0.0,2024,2,Rookie
54328,Norman Xiong,32,25.0,25.0,1,33800.0,1.0,2025,1,Rookie
54328,Norman Xiong,36,,,0,0.0,0.0,2024,2,Rookie
54328,Norman Xiong,39,,,0,0.0,0.0,2025,1,Rookie
54328,Norman Xiong,41,,,0,0.0,0.0,2024,2,Rookie
54328,Norman Xiong,43,64.0,64.0,1,12960.0,0.5,2025,1,Rookie
54328,Norman Xiong,46,29.0,29.0,1,47950.0,1.0,2024,2,Rookie
54328,Norman Xiong,48,79.0,79.0,1,15521.0,1.0,2024,2,Rookie
54328,Norman Xiong,49,,,0,0.0,0.0,2024,2,Rookie
54328,Norman Xiong,56,,,0,0.0,0.0,2024,2,Rookie
54328,Norman Xiong,57,54.0,54.0,1,19404.0,1.0,2024,2,Rookie
54328,Norman Xiong,60,,,0,0.0,0.0,2022,4,Rookie
54334,Ben Cook,34,44.0,44.0,1,31300.0,1.0,2021,5,Rookie
54334,Ben Cook,39,,,0,0.0,0.0,2025,1,Rookie
54334,Ben Cook,40,,,0,0.0,0.0,2022,4,Rookie
54338,Chris French,34,,,0,0.0,0.0,2023,3,Rookie
54358,Josh Radcliff,0,,,0,0.0,0.0,2025,1,Rookie
54358,Josh Radcliff,25,,,0,0.0,0.0,2025,1,Rookie
54364,Stephen Stallings Jr.,0,,,0,0.0,0.0,2025,1,Rookie
54364,Stephen Stallings Jr.,1,25.0,25.0,1,55955.0,1.0,2022,4,Rookie
54364,Stephen Stallings Jr.,6,76.5,75.0,2,13709.0,0.6666666666666666,2023,3,Familiar
54364,Stephen Stallings Jr.,22,65.0,65.0,1,14980.0,1.0,2021,5,Rookie
54364,Stephen Stallings Jr.,24,67.0,67.0,1,8480.0,0.5,2025,1,Rookie
54364,Stephen Stallings Jr.,51,,,0,0.0,0.0,2021,5,Rookie
54370,Erik Matthewson,46,,,0,0.0,0.0,2024,2,Rookie
54377,Michael Balcar,24,,,0,0.0,0.0,2025,1,Rookie
54421,Garrick Higgo,0,26.0,13.0,2,170524.29,0.5,2025,1,Familiar
54421,Garrick Higgo,1,11.0,11.0,1,171600.0,1.0,2023,3,Rookie
54421,Garrick Higgo,2,,,0,0.0,0.0,2023,3,Rookie
54421,Garrick Higgo,3,30.0,30.0,1,60800.0,1.0,2023,3,Rookie
54421,Garrick Higgo,4,20.0,20.0,1,88950.0,1.0,2023,3,Rookie
54421,Garrick Higgo,7,,,0,0.0,0.0,2024,2,Rookie
54421,Garrick Higgo,9,,,0,0.0,0.0,2023,3,Rookie
54421,Garrick Higgo,10,,,0,0.0,0.0,2024,2,Rookie
54421,Garrick Higgo,13,,,0,0.0,0.0,2024,2,Rookie
54421,Garrick Higgo,15,16.0,16.0,1,137250.0,1.0,2024,2,Rookie
54421,Garrick Higgo,16,47.5,42.0,2,54240.86,0.6666666666666666,2025,1,Familiar
54421,Garrick Higgo,18,,,0,0.0,0.0,2023,3,Rookie
54421,Garrick Higgo,20,19.0,19.0,1,105750.0,1.0,2023,3,Rookie
54421,Garrick Higgo,22,47.5,29.0,2,63226.15,1.0,2023,3,Familiar
54421,Garrick Higgo,24,63.0,63.0,1,8840.0,1.0,2024,2,Rookie
54421,Garrick Higgo,25,24.0,21.0,2,147978.0,0.6666666666666666,2025,1,Familiar
54421,Garrick Higgo,27,24.0,18.0,2,260050.0,1.0,2023,3,Familiar
54421,Garrick Higgo,28,60.0,60.0,1,18063.0,0.5,2024,2,Rookie
54421,Garrick Higgo,30,,,0,0.0,0.0,2024,2,Rookie
54421,Garrick Higgo,31,64.0,64.0,1,20140.0,1.0,2021,5,Rookie
54421,Garrick Higgo,33,1.0,1.0,1,1314000.0,1.0,2021,5,Rookie
54421,Garrick Higgo,34,59.5,55.0,2,52338.0,0.6666666666666666,2025,1,Familiar
54421,Garrick Higgo,35,44.0,44.0,1,75035.71,0.3333333333333333,2024,2,Rookie
54421,Garrick Higgo,36,16.5,7.0,2,253800.0,1.0,2025,1,Familiar
54421,Garrick Higgo,37,46.0,42.0,2,52846.0,1.0,2024,2,Familiar
54421,Garrick Higgo,38,48.0,48.0,1,53400.0,0.5,2023,3,Rookie
54421,Garrick Higgo,39,,,0,0.0,0.0,2025,1,Rookie
54421,Garrick Higgo,40,37.0,33.0,2,70064.48000000001,0.5,2024,2,Familiar
54421,Garrick Higgo,41,53.0,53.0,1,17925.14,0.5,2024,2,Rookie
54421,Garrick Higgo,43,7.0,2.0,3,1308296.67,0.75,2025,1,Experienced
54421,Garrick Higgo,45,25.0,25.0,1,113000.0,1.0,2022,4,Rookie
54421,Garrick Higgo,46,50.0,46.0,2,39746.0,0.5,2024,2,Familiar
54421,Garrick Higgo,48,80.0,80.0,1,15272.0,1.0,2024,2,Rookie
54421,Garrick Higgo,49,69.0,69.0,1,18655.0,1.0,2024,2,Rookie
54421,Garrick Higgo,51,,,0,0.0,0.0,2023,3,Rookie
54421,Garrick Higgo,52,68.0,68.0,1,39000.0,1.0,2025,1,Rookie
54421,Garrick Higgo,56,48.5,33.0,2,67934.67,0.6666666666666666,2024,2,Familiar
54421,Garrick Higgo,57,58.0,58.0,1,18387.0,1.0,2023,3,Rookie
54421,Garrick Higgo,60,,,0,0.0,0.0,2023,3,Rookie
54421,Garrick Higgo,61,35.0,21.0,2,118746.0,0.6666666666666666,2024,2,Familiar
54421,Garrick Higgo,62,,,0,0.0,0.0,2025,1,Rookie
54422,Christo Lamprecht,13,,,0,0.0,0.0,2025,1,Rookie
54422,Christo Lamprecht,41,64.0,64.0,1,16644.0,1.0,2024,2,Rookie
54422,Christo Lamprecht,46,,,0,0.0,0.0,2024,2,Rookie
54468,Joshua Lee,6,,,0,0.0,0.0,2023,3,Rookie
54530,Jinho Chung,18,,,0,0.0,0.0,2023,3,Rookie
54576,Patrick Fishburn,0,25.0,6.0,2,298071.0,1.0,2025,1,Familiar
54576,Patrick Fishburn,1,,,0,0.0,0.0,2025,1,Rookie
54576,Patrick Fishburn,5,,,0,0.0,0.0,2025,1,Rookie
54576,Patrick Fishburn,7,,,0,0.0,0.0,2024,2,Rookie
54576,Patrick Fishburn,10,,,0,0.0,0.0,2025,1,Rookie
54576,Patrick Fishburn,13,,,0,0.0,0.0,2025,1,Rookie
54576,Patrick Fishburn,15,48.0,48.0,1,23805.0,0.5,2025,1,Rookie
54576,Patrick Fishburn,16,,,0,0.0,0.0,2025,1,Rookie
54576,Patrick Fishburn,24,10.5,6.0,2,218000.0,1.0,2025,1,Familiar
54576,Patrick Fishburn,25,18.0,18.0,1,128100.0,0.5,2025,1,Rookie
54576,Patrick Fishburn,28,,,0,0.0,0.0,2024,2,Rookie
54576,Patrick Fishburn,29,,,0,0.0,0.0,2025,1,Rookie
54576,Patrick Fishburn,30,20.0,20.0,1,43800.0,1.0,2024,2,Rookie
54576,Patrick Fishburn,32,,,0,0.0,0.0,2025,1,Rookie
54576,Patrick Fishburn,34,,,0,0.0,0.0,2025,1,Rookie
54576,Patrick Fishburn,35,,,0,0.0,0.0,2025,1,Rookie
54576,Patrick Fishburn,36,20.5,3.0,2,441300.0,1.0,2025,1,Familiar
54576,Patrick Fishburn,37,43.0,43.0,1,33810.0,0.5,2025,1,Rookie
54576,Patrick Fishburn,39,,,0,0.0,0.0,2025,1,Rookie
54576,Patrick Fishburn,40,25.0,25.0,1,74980.0,1.0,2024,2,Rookie
54576,Patrick Fishburn,41,21.0,8.0,2,273716.67000000004,1.0,2025,1,Familiar
54576,Patrick Fishburn,43,43.0,38.0,2,44771.43,1.0,2025,1,Familiar
54576,Patrick Fishburn,46,34.0,34.0,1,38150.0,1.0,2024,2,Rookie
54576,Patrick Fishburn,48,6.0,6.0,1,283837.5,1.0,2025,1,Rookie
54576,Patrick Fishburn,49,,,0,0.0,0.0,2025,1,Rookie
54576,Patrick Fishburn,56,5.0,5.0,1,304000.0,0.5,2025,1,Rookie
54576,Patrick Fishburn,57,28.0,28.0,1,55843.13,0.5,2025,1,Rookie
54576,Patrick Fishburn,61,,,0,0.0,0.0,2025,1,Rookie
54576,Patrick Fishburn,62,8.0,8.0,1,257616.67,0.5,2025,1,Rookie
54576,Patrick Fishburn,63,37.0,37.0,1,37060.0,1.0,2024,2,Rookie
54591,Ben Griffin,0,20.0,20.0,1,82178.57,0.5,2024,2,Rookie
54591,Ben Griffin,1,19.5,7.0,2,314000.0,1.0,2025,1,Familiar
54591,Ben Griffin,2,29.5,14.0,2,387000.0,1.0,2025,1,Familiar
54591,Ben Griffin,3,,,0,0.0,0.0,2023,3,Rookie
54591,Ben Griffin,4,63.5,58.0,2,72750.0,0.6666666666666666,2025,1,Familiar
54591,Ben Griffin,7,11.0,11.0,1,137625.0,1.0,2024,2,Rookie
54591,Ben Griffin,8,12.0,12.0,1,441000.0,1.0,2025,1,Rookie
54591,Ben Griffin,9,16.0,16.0,1,123900.0,1.0,2023,3,Rookie
54591,Ben Griffin,10,26.5,1.0,2,1730836.5,0.6666666666666666,2025,1,Familiar
54591,Ben Griffin,13,13.0,13.0,1,165232.14,0.5,2025,1,Rookie
54591,Ben Griffin,15,4.0,4.0,1,414000.0,0.5,2025,1,Rookie
54591,Ben Griffin,16,31.0,31.0,1,50895.0,0.3333333333333333,2025,1,Rookie
54591,Ben Griffin,17,27.666666666666668,9.0,3,706535.71,1.0,2025,1,Experienced
54591,Ben Griffin,18,,,0,0.0,0.0,2023,3,Rookie
54591,Ben Griffin,19,40.5,37.0,2,160500.0,1.0,2025,1,Familiar
54591,Ben Griffin,20,32.0,25.0,2,119047.5,1.0,2024,2,Familiar
54591,Ben Griffin,22,21.0,21.0,1,88116.0,1.0,2023,3,Rookie
54591,Ben Griffin,25,5.0,5.0,1,360000.0,0.5,2025,1,Rookie
54591,Ben Griffin,27,2.0,2.0,1,2200000.0,0.3333333333333333,2025,1,Rookie
54591,Ben Griffin,28,,,0,0.0,0.0,2022,4,Rookie
54591,Ben Griffin,29,4.0,4.0,1,315000.0,1.0,2025,1,Rookie
54591,Ben Griffin,30,16.0,16.0,1,63000.0,1.0,2024,2,Rookie
54591,Ben Griffin,34,8.0,8.0,1,454781.11,0.3333333333333333,2025,1,Rookie
54591,Ben Griffin,35,35.0,35.0,1,114166.66,0.3333333333333333,2025,1,Rookie
54591,Ben Griffin,36,2.0,2.0,1,654000.0,1.0,2025,1,Rookie
54591,Ben Griffin,37,2.0,2.0,1,1024600.0,1.0,2024,2,Rookie
54591,Ben Griffin,38,31.0,31.0,1,107400.0,1.0,2023,3,Rookie
54591,Ben Griffin,39,13.0,13.0,1,172000.0,1.0,2025,1,Rookie
54591,Ben Griffin,40,32.0,31.0,2,94531.65,1.0,2024,2,Familiar
54591,Ben Griffin,41,17.333333333333332,8.0,3,423307.5,1.0,2024,2,Experienced
54591,Ben Griffin,43,21.0,2.0,3,648365.0,1.0,2024,2,Experienced
54591,Ben Griffin,46,60.0,60.0,1,17920.0,0.3333333333333333,2024,2,Rookie
54591,Ben Griffin,48,29.0,12.0,3,208040.90999999997,1.0,2025,1,Experienced
54591,Ben Griffin,49,27.0,18.0,2,148621.66999999998,1.0,2025,1,Familiar
54591,Ben Griffin,50,10.0,10.0,1,715000.0,1.0,2025,1,Rookie
54591,Ben Griffin,51,40.5,14.0,2,400000.0,0.6666666666666666,2025,1,Familiar
54591,Ben Griffin,52,46.0,46.0,1,53600.0,1.0,2025,1,Rookie
54591,Ben Griffin,53,10.0,10.0,1,486031.0,1.0,2025,1,Rookie
54591,Ben Griffin,55,10.0,10.0,1,486031.0,1.0,2021,5,Rookie
54591,Ben Griffin,56,39.5,39.0,2,74785.0,0.6666666666666666,2025,1,Familiar
54591,Ben Griffin,57,31.0,17.0,2,125539.0,0.6666666666666666,2025,1,Familiar
54591,Ben Griffin,60,,,0,0.0,0.0,2023,3,Rookie
54591,Ben Griffin,61,32.0,28.0,2,93997.5,1.0,2025,1,Familiar
54591,Ben Griffin,62,7.333333333333333,4.0,3,805795.0,0.75,2025,1,Experienced
54591,Ben Griffin,63,22.0,22.0,1,79560.0,1.0,2024,2,Rookie
54602,Cristian DiMarco,37,,,0,0.0,0.0,2025,1,Rookie
54604,Joey Lane,62,,,0,0.0,0.0,2023,3,Rookie
54607,Danny Walker,0,,,0,0.0,0.0,2025,1,Rookie
54607,Danny Walker,1,,,0,0.0,0.0,2025,1,Rookie
54607,Danny Walker,5,61.0,61.0,1,13320.0,1.0,2025,1,Rookie
54607,Danny Walker,10,,,0,0.0,0.0,2025,1,Rookie
54607,Danny Walker,13,25.0,25.0,1,79447.5,1.0,2025,1,Rookie
54607,Danny Walker,16,42.0,42.0,1,33945.0,1.0,2025,1,Rookie
54607,Danny Walker,20,,,0,0.0,0.0,2025,1,Rookie
54607,Danny Walker,29,13.0,13.0,1,137083.33,1.0,2025,1,Rookie
54607,Danny Walker,32,34.0,34.0,1,21800.0,1.0,2025,1,Rookie
54607,Danny Walker,35,6.0,6.0,1,843750.0,1.0,2025,1,Rookie
54607,Danny Walker,36,,,0,0.0,0.0,2025,1,Rookie
54607,Danny Walker,37,,,0,0.0,0.0,2025,1,Rookie
54607,Danny Walker,39,,,0,0.0,0.0,2025,1,Rookie
54607,Danny Walker,41,,,0,0.0,0.0,2025,1,Rookie
54607,Danny Walker,43,3.0,3.0,1,318000.0,1.0,2025,1,Rookie
54607,Danny Walker,48,,,0,0.0,0.0,2025,1,Rookie
54607,Danny Walker,49,,,0,0.0,0.0,2025,1,Rookie
54607,Danny Walker,56,,,0,0.0,0.0,2025,1,Rookie
54607,Danny Walker,57,,,0,0.0,0.0,2025,1,Rookie
54607,Danny Walker,62,,,0,0.0,0.0,2025,1,Rookie
54608,Dillon Board,32,,,0,0.0,0.0,2025,1,Rookie
54621,Kazuma Kobori,24,,,0,0.0,0.0,2025,1,Rookie
54621,Kazuma Kobori,34,,,0,0.0,0.0,2024,2,Rookie
54628,Lee Hodges,0,8.5,1.0,2,1507312.5,0.5,2025,1,Familiar
54628,Lee Hodges,1,18.5,3.0,2,444893.33,0.6666666666666666,2025,1,Familiar
54628,Lee Hodges,2,12.0,12.0,1,389666.67,0.3333333333333333,2024,2,Rookie
54628,Lee Hodges,3,,,0,0.0,0.0,2022,4,Rookie
54628,Lee Hodges,4,45.5,33.0,2,137250.0,0.6666666666666666,2025,1,Familiar
54628,Lee Hodges,5,,,0,0.0,0.0,2025,1,Rookie
54628,Lee Hodges,6,53.0,53.0,1,8239.0,0.5,2022,4,Rookie
54628,Lee Hodges,7,8.0,8.0,1,219375.0,1.0,2024,2,Rookie
54628,Lee Hodges,8,45.0,45.0,1,78000.0,1.0,2023,3,Rookie
54628,Lee Hodges,9,,,0,0.0,0.0,2023,3,Rookie
54628,Lee Hodges,10,32.25,12.0,4,294832.76,1.0,2025,1,Experienced
54628,Lee Hodges,13,,,0,0.0,0.0,2025,1,Rookie
54628,Lee Hodges,14,7.0,7.0,1,316312.5,1.0,2023,3,Rookie
54628,Lee Hodges,15,,,0,0.0,0.0,2024,2,Rookie
54628,Lee Hodges,16,9.0,9.0,1,225525.0,0.25,2025,1,Rookie
54628,Lee Hodges,17,22.0,13.0,2,376892.86,1.0,2023,3,Familiar
54628,Lee Hodges,18,,,0,0.0,0.0,2023,3,Rookie
54628,Lee Hodges,19,27.0,18.0,3,504857.15,1.0,2024,2,Experienced
54628,Lee Hodges,20,29.0,12.0,2,182376.23,0.6666666666666666,2025,1,Familiar
54628,Lee Hodges,21,46.0,46.0,1,21637.5,1.0,2022,4,Rookie
54628,Lee Hodges,22,11.5,9.0,2,330500.0,1.0,2023,3,Familiar
54628,Lee Hodges,25,47.0,21.0,3,129394.5,1.0,2025,1,Experienced
54628,Lee Hodges,27,28.5,12.0,2,470500.0,1.0,2024,2,Familiar
54628,Lee Hodges,28,62.0,51.0,2,32678.75,1.0,2023,3,Familiar
54628,Lee Hodges,32,,,0,0.0,0.0,2025,1,Rookie
54628,Lee Hodges,34,33.5,12.0,2,394943.33,0.6666666666666666,2025,1,Familiar
54628,Lee Hodges,35,52.5,35.0,2,160285.71000000002,0.6666666666666666,2024,2,Familiar
54628,Lee Hodges,36,,,0,0.0,0.0,2024,2,Rookie
54628,Lee Hodges,37,27.333333333333332,9.0,3,344667.8,1.0,2025,1,Experienced
54628,Lee Hodges,38,49.5,41.0,2,115800.0,1.0,2024,2,Familiar
54628,Lee Hodges,39,34.0,34.0,1,47931.43,1.0,2025,1,Rookie
54628,Lee Hodges,40,44.0,44.0,1,26527.2,0.3333333333333333,2024,2,Rookie
54628,Lee Hodges,41,22.0,4.0,3,630832.66,0.75,2025,1,Experienced
54628,Lee Hodges,43,40.8,30.0,5,136333.66,1.0,2025,1,Veteran
54628,Lee Hodges,44,57.0,57.0,1,51000.0,1.0,2024,2,Rookie
54628,Lee Hodges,46,27.0,27.0,1,46943.75,0.3333333333333333,2024,2,Rookie
54628,Lee Hodges,48,10.0,10.0,1,195025.0,0.5,2025,1,Rookie
54628,Lee Hodges,49,11.0,11.0,1,211375.0,1.0,2025,1,Rookie
54628,Lee Hodges,51,28.0,25.0,2,179435.0,0.6666666666666666,2024,2,Familiar
54628,Lee Hodges,54,,,0,0.0,0.0,2021,5,Rookie
54628,Lee Hodges,56,6.0,6.0,1,300375.0,0.25,2025,1,Rookie
54628,Lee Hodges,57,44.5,26.0,2,77880.0,0.6666666666666666,2024,2,Familiar
54628,Lee Hodges,60,24.0,24.0,1,166500.0,0.3333333333333333,2024,2,Rookie
54628,Lee Hodges,61,57.0,57.0,1,20792.0,0.3333333333333333,2025,1,Rookie
54628,Lee Hodges,62,51.0,47.0,2,38221.58,0.6666666666666666,2025,1,Familiar
54628,Lee Hodges,63,16.0,16.0,1,121210.0,1.0,2024,2,Rookie
54655,Patrick Flavin,3,,,0,0.0,0.0,2022,4,Rookie
54655,Patrick Flavin,6,21.0,21.0,1,37308.34,1.0,2022,4,Rookie
54655,Patrick Flavin,25,10.0,10.0,1,179275.0,1.0,2022,4,Rookie
54655,Patrick Flavin,28,,,0,0.0,0.0,2022,4,Rookie
54655,Patrick Flavin,37,,,0,0.0,0.0,2022,4,Rookie
54655,Patrick Flavin,51,,,0,0.0,0.0,2022,4,Rookie
54687,Broc Everett,33,35.0,35.0,1,33336.66,1.0,2021,5,Rookie
54781,Grant Hirschman,43,17.0,17.0,1,86683.33,1.0,2022,4,Rookie
54783,Dylan Wu,0,29.0,5.0,2,320256.0,0.5,2025,1,Familiar
54783,Dylan Wu,1,32.0,32.0,1,46700.0,0.5,2023,3,Rookie
54783,Dylan Wu,3,,,0,0.0,0.0,2023,3,Rookie
54783,Dylan Wu,4,44.0,29.0,2,78699.0,1.0,2023,3,Familiar
54783,Dylan Wu,5,,,0,0.0,0.0,2025,1,Rookie
54783,Dylan Wu,6,21.0,21.0,1,37308.33,1.0,2022,4,Rookie
54783,Dylan Wu,7,69.0,69.0,1,15525.0,1.0,2024,2,Rookie
54783,Dylan Wu,10,70.0,70.0,1,19285.0,0.3333333333333333,2025,1,Rookie
54783,Dylan Wu,13,30.0,30.0,1,52293.18,0.5,2025,1,Rookie
54783,Dylan Wu,15,,,0,0.0,0.0,2025,1,Rookie
54783,Dylan Wu,16,50.0,50.0,1,21990.0,0.25,2025,1,Rookie
54783,Dylan Wu,18,30.5,14.0,2,172480.0,0.6666666666666666,2023,3,Familiar
54783,Dylan Wu,20,,,0,0.0,0.0,2023,3,Rookie
54783,Dylan Wu,22,20.0,10.0,2,263633.33,1.0,2023,3,Familiar
54783,Dylan Wu,24,31.0,31.0,1,23400.0,0.5,2025,1,Rookie
54783,Dylan Wu,25,48.5,43.0,2,41938.5,0.5,2025,1,Familiar
54783,Dylan Wu,28,19.5,15.0,2,194520.0,0.6666666666666666,2024,2,Familiar
54783,Dylan Wu,30,16.0,16.0,1,63000.0,1.0,2024,2,Rookie
54783,Dylan Wu,32,45.0,45.0,1,12005.71,1.0,2025,1,Rookie
54783,Dylan Wu,35,27.0,19.0,2,399702.37,1.0,2024,2,Familiar
54783,Dylan Wu,36,,,0,0.0,0.0,2024,2,Rookie
54783,Dylan Wu,37,42.0,25.0,2,86704.0,0.5,2025,1,Familiar
54783,Dylan Wu,40,17.0,10.0,2,279713.32999999996,0.6666666666666666,2024,2,Familiar
54783,Dylan Wu,41,48.5,46.0,2,39052.5,0.4,2025,1,Familiar
54783,Dylan Wu,43,67.0,67.0,1,16274.0,0.25,2024,2,Rookie
54783,Dylan Wu,46,,,0,0.0,0.0,2024,2,Rookie
54783,Dylan Wu,48,31.0,20.0,2,104930.45999999999,0.6666666666666666,2024,2,Familiar
54783,Dylan Wu,49,78.0,78.0,1,17017.0,1.0,2024,2,Rookie
54783,Dylan Wu,51,,,0,0.0,0.0,2023,3,Rookie
54783,Dylan Wu,53,32.0,32.0,1,108001.0,1.0,2023,3,Rookie
54783,Dylan Wu,56,48.5,39.0,2,56193.0,0.6666666666666666,2024,2,Familiar
54783,Dylan Wu,57,42.0,26.0,2,78447.0,0.6666666666666666,2024,2,Familiar
54783,Dylan Wu,60,41.5,21.0,2,254800.0,1.0,2023,3,Familiar
54783,Dylan Wu,61,,,0,0.0,0.0,2024,2,Rookie
54783,Dylan Wu,62,51.0,51.0,1,18164.0,0.3333333333333333,2024,2,Rookie
54788,Chandler Blanchet,7,,,0,0.0,0.0,2024,2,Rookie
54788,Chandler Blanchet,53,,,0,0.0,0.0,2025,1,Rookie
54788,Chandler Blanchet,55,,,0,0.0,0.0,2021,5,Rookie
54792,Chris Petefish,53,,,0,0.0,0.0,2024,2,Rookie
54813,Philip Knowles,1,,,0,0.0,0.0,2025,1,Rookie
54813,Philip Knowles,5,,,0,0.0,0.0,2025,1,Rookie
54813,Philip Knowles,7,40.0,40.0,1,31125.0,1.0,2024,2,Rookie
54813,Philip Knowles,9,,,0,0.0,0.0,2023,3,Rookie
54813,Philip Knowles,13,,,0,0.0,0.0,2025,1,Rookie
54813,Philip Knowles,16,,,0,0.0,0.0,2025,1,Rookie
54813,Philip Knowles,18,,,0,0.0,0.0,2023,3,Rookie
54813,Philip Knowles,25,41.0,41.0,1,34860.0,1.0,2025,1,Rookie
54813,Philip Knowles,29,,,0,0.0,0.0,2025,1,Rookie
54813,Philip Knowles,30,,,0,0.0,0.0,2024,2,Rookie
54813,Philip Knowles,32,,,0,0.0,0.0,2025,1,Rookie
54813,Philip Knowles,36,,,0,0.0,0.0,2025,1,Rookie
54813,Philip Knowles,37,,,0,0.0,0.0,2025,1,Rookie
54813,Philip Knowles,39,34.0,34.0,1,47931.43,1.0,2025,1,Rookie
54813,Philip Knowles,41,65.0,65.0,1,16492.0,0.5,2024,2,Rookie
54813,Philip Knowles,43,,,0,0.0,0.0,2024,2,Rookie
54813,Philip Knowles,46,64.0,64.0,1,17200.0,1.0,2023,3,Rookie
54813,Philip Knowles,49,64.0,64.0,1,20425.0,1.0,2025,1,Rookie
54813,Philip Knowles,56,,,0,0.0,0.0,2025,1,Rookie
54813,Philip Knowles,57,,,0,0.0,0.0,2025,1,Rookie
54813,Philip Knowles,62,,,0,0.0,0.0,2025,1,Rookie
54869,Chase Johnson,15,,,0,0.0,0.0,2024,2,Rookie
54869,Chase Johnson,19,51.0,51.0,1,51000.0,1.0,2024,2,Rookie
54869,Chase Johnson,25,,,0,0.0,0.0,2024,2,Rookie
54869,Chase Johnson,26,,,0,0.0,0.0,2021,5,Rookie
54869,Chase Johnson,40,64.0,64.0,1,18656.0,1.0,2023,3,Rookie
54869,Chase Johnson,53,,,0,0.0,0.0,2025,1,Rookie
54869,Chase Johnson,55,,,0,0.0,0.0,2021,5,Rookie
54876,Chen Guxin,24,,,0,0.0,0.0,2024,2,Rookie
54901,Theo Humphrey,32,45.0,45.0,1,12005.71,1.0,2025,1,Rookie
54951,Aaron Beverly,19,,,0,0.0,0.0,2022,4,Rookie
54954,Jesse Droemer,29,,,0,0.0,0.0,2025,1,Rookie
54954,Jesse Droemer,34,,,0,0.0,0.0,2025,1,Rookie
54954,Jesse Droemer,49,,,0,0.0,0.0,2024,2,Rookie
55074,Sebastian Friedrichsen,24,55.0,55.0,1,9360.0,1.0,2024,2,Rookie
55077,Frederik Kjettrup,53,,,0,0.0,0.0,2024,2,Rookie
55165,Noah Goodwin,0,10.0,10.0,1,220500.0,1.0,2025,1,Rookie
55165,Noah Goodwin,1,,,0,0.0,0.0,2025,1,Rookie
55165,Noah Goodwin,5,,,0,0.0,0.0,2025,1,Rookie
55165,Noah Goodwin,13,,,0,0.0,0.0,2025,1,Rookie
55165,Noah Goodwin,16,63.0,63.0,1,20553.0,1.0,2025,1,Rookie
55165,Noah Goodwin,24,50.0,50.0,1,10180.0,1.0,2025,1,Rookie
55165,Noah Goodwin,25,,,0,0.0,0.0,2025,1,Rookie
55165,Noah Goodwin,29,49.0,49.0,1,18573.33,1.0,2025,1,Rookie
55165,Noah Goodwin,32,,,0,0.0,0.0,2025,1,Rookie
55165,Noah Goodwin,36,,,0,0.0,0.0,2025,1,Rookie
55165,Noah Goodwin,37,18.0,18.0,1,125276.67,1.0,2025,1,Rookie
55165,Noah Goodwin,39,,,0,0.0,0.0,2025,1,Rookie
55165,Noah Goodwin,41,,,0,0.0,0.0,2025,1,Rookie
55165,Noah Goodwin,43,21.0,21.0,1,56775.0,1.0,2025,1,Rookie
55165,Noah Goodwin,48,,,0,0.0,0.0,2025,1,Rookie
55165,Noah Goodwin,49,,,0,0.0,0.0,2025,1,Rookie
55165,Noah Goodwin,56,56.0,56.0,1,22040.0,1.0,2025,1,Rookie
55165,Noah Goodwin,57,42.0,42.0,1,31755.0,1.0,2025,1,Rookie
55165,Noah Goodwin,62,23.0,23.0,1,82410.0,1.0,2025,1,Rookie
55182,Tom Kim,0,27.0,26.0,2,106465.91,1.0,2025,1,Familiar
55182,Tom Kim,1,6.0,6.0,1,252400.0,0.3333333333333333,2025,1,Rookie
55182,Tom Kim,2,43.0,34.0,2,158000.0,0.6666666666666666,2025,1,Familiar
55182,Tom Kim,3,25.5,17.0,2,162149.16,1.0,2023,3,Familiar
55182,Tom Kim,4,19.0,7.0,2,746625.0,1.0,2025,1,Familiar
55182,Tom Kim,8,32.0,10.0,2,514950.0,1.0,2023,3,Familiar
55182,Tom Kim,10,34.0,24.0,2,103641.25,1.0,2025,1,Familiar
55182,Tom Kim,11,64.0,64.0,1,18330.0,1.0,2021,5,Rookie
55182,Tom Kim,12,49.0,49.0,1,21723.0,1.0,2022,4,Rookie
55182,Tom Kim,13,52.0,52.0,1,22406.43,0.5,2025,1,Rookie
55182,Tom Kim,14,11.0,11.0,1,252000.0,1.0,2023,3,Rookie
55182,Tom Kim,15,62.0,62.0,1,19800.0,1.0,2024,2,Rookie
55182,Tom Kim,17,29.0,13.0,3,466428.56999999995,1.0,2024,2,Experienced
55182,Tom Kim,19,37.666666666666664,24.0,3,288417.15,1.0,2025,1,Experienced
55182,Tom Kim,20,12.666666666666666,6.0,3,513300.0,1.0,2025,1,Experienced
55182,Tom Kim,25,,,0,0.0,0.0,2025,1,Rookie
55182,Tom Kim,27,43.0,43.0,1,72000.0,0.5,2024,2,Rookie
55182,Tom Kim,32,54.0,54.0,1,9460.0,1.0,2025,1,Rookie
55182,Tom Kim,34,48.5,26.0,2,137902.22,0.5,2025,1,Familiar
55182,Tom Kim,35,46.5,42.0,2,143104.16999999998,0.6666666666666666,2025,1,Familiar
55182,Tom Kim,36,72.0,72.0,1,12300.0,1.0,2025,1,Rookie
55182,Tom Kim,37,4.0,4.0,1,423000.0,0.5,2025,1,Rookie
55182,Tom Kim,38,18.0,18.0,1,220100.0,0.5,2024,2,Rookie
55182,Tom Kim,39,,,0,0.0,0.0,2025,1,Rookie
55182,Tom Kim,40,7.0,7.0,1,283500.0,0.3333333333333333,2024,2,Rookie
55182,Tom Kim,42,67.0,67.0,1,13728.0,1.0,2021,5,Rookie
55182,Tom Kim,43,11.0,11.0,1,139500.0,1.0,2025,1,Rookie
55182,Tom Kim,44,45.0,45.0,1,68000.0,1.0,2024,2,Rookie
55182,Tom Kim,45,5.0,5.0,1,555000.0,1.0,2023,3,Rookie
55182,Tom Kim,46,1.0,1.0,2,2952000.0,0.6666666666666666,2024,2,Familiar
55182,Tom Kim,48,65.0,65.0,1,18444.0,0.5,2025,1,Rookie
55182,Tom Kim,50,20.0,20.0,1,0.0,1.0,2023,3,Rookie
55182,Tom Kim,51,28.333333333333332,2.0,3,2297285.71,1.0,2025,1,Experienced
55182,Tom Kim,53,22.5,8.0,4,1001577.0,1.0,2025,1,Experienced
55182,Tom Kim,55,33.0,33.0,1,113755.0,1.0,2021,5,Rookie
55182,Tom Kim,56,,,0,0.0,0.0,2025,1,Rookie
55182,Tom Kim,57,36.0,36.0,1,40527.5,1.0,2025,1,Rookie
55182,Tom Kim,60,35.0,23.0,2,238420.0,1.0,2024,2,Familiar
55182,Tom Kim,61,37.0,17.0,3,202996.46,1.0,2025,1,Experienced
55182,Tom Kim,62,1.0,1.0,1,1314000.0,0.5,2025,1,Rookie
55370,Renato Naula,28,,,0,0.0,0.0,2024,2,Rookie
55372,Adam D'Amario,51,,,0,0.0,0.0,2022,4,Rookie
55410,Shintaro Ban,42,,,0,0.0,0.0,2021,5,Rookie
55411,Jacob Bergeron,18,,,0,0.0,0.0,2023,3,Rookie
55411,Jacob Bergeron,62,,,0,0.0,0.0,2021,5,Rookie
55412,Mickey DeMorat,41,47.0,47.0,1,19728.0,1.0,2022,4,Rookie
55412,Mickey DeMorat,62,,,0,0.0,0.0,2022,4,Rookie
55415,Ryan Lumsden,3,,,0,0.0,0.0,2021,5,Rookie
55417,Timothy Wiseman,34,,,0,0.0,0.0,2025,1,Rookie
55420,Cooper Musselman,0,,,0,0.0,0.0,2024,2,Rookie
55420,Cooper Musselman,24,31.0,31.0,1,23400.0,0.5,2025,1,Rookie
55420,Cooper Musselman,62,,,0,0.0,0.0,2024,2,Rookie
55421,Chip McDaniel,6,,,0,0.0,0.0,2023,3,Rookie
55454,Carl Yuan,0,,,0,0.0,0.0,2023,3,Rookie
55454,Carl Yuan,1,,,0,0.0,0.0,2023,3,Rookie
55454,Carl Yuan,3,,,0,0.0,0.0,2023,3,Rookie
55454,Carl Yuan,4,,,0,0.0,0.0,2023,3,Rookie
55454,Carl Yuan,6,,,0,0.0,0.0,2023,3,Rookie
55454,Carl Yuan,7,11.0,11.0,1,137625.0,1.0,2024,2,Rookie
55454,Carl Yuan,9,35.0,35.0,1,42735.0,1.0,2023,3,Rookie
55454,Carl Yuan,10,,,0,0.0,0.0,2024,2,Rookie
55454,Carl Yuan,13,,,0,0.0,0.0,2024,2,Rookie
55454,Carl Yuan,15,,,0,0.0,0.0,2024,2,Rookie
55454,Carl Yuan,16,,,0,0.0,0.0,2025,1,Rookie
55454,Carl Yuan,18,68.0,68.0,1,17724.0,0.5,2023,3,Rookie
55454,Carl Yuan,22,,,0,0.0,0.0,2023,3,Rookie
55454,Carl Yuan,24,61.0,61.0,1,8920.0,0.5,2025,1,Rookie
55454,Carl Yuan,25,,,0,0.0,0.0,2024,2,Rookie
55454,Carl Yuan,28,53.5,52.0,2,37254.0,1.0,2024,2,Familiar
55454,Carl Yuan,30,68.0,68.0,1,8440.0,1.0,2024,2,Rookie
55454,Carl Yuan,35,,,0,0.0,0.0,2024,2,Rookie
55454,Carl Yuan,36,,,0,0.0,0.0,2024,2,Rookie
55454,Carl Yuan,37,18.0,18.0,1,132750.0,0.5,2024,2,Rookie
55454,Carl Yuan,40,17.0,14.0,2,273668.0,1.0,2024,2,Familiar
55454,Carl Yuan,41,53.5,39.0,2,50193.0,0.5,2024,2,Familiar
55454,Carl Yuan,43,6.0,6.0,1,276750.0,0.3333333333333333,2024,2,Rookie
55454,Carl Yuan,46,52.0,52.0,1,20244.0,0.3333333333333333,2024,2,Rookie
55454,Carl Yuan,48,12.5,4.0,2,450525.0,1.0,2024,2,Familiar
55454,Carl Yuan,49,,,0,0.0,0.0,2024,2,Rookie
55454,Carl Yuan,51,,,0,0.0,0.0,2023,3,Rookie
55454,Carl Yuan,56,58.0,58.0,1,20148.0,0.5,2024,2,Rookie
55454,Carl Yuan,57,34.0,5.0,2,316545.0,1.0,2024,2,Familiar
55454,Carl Yuan,61,,,0,0.0,0.0,2024,2,Rookie
55454,Carl Yuan,62,73.0,73.0,1,15124.0,0.5,2024,2,Rookie
55457,Max Sekulic,37,,,0,0.0,0.0,2022,4,Rookie
55460,Sam Choi,36,,,0,0.0,0.0,2024,2,Rookie
55460,Sam Choi,37,,,0,0.0,0.0,2024,2,Rookie
55509,Hurly Long,6,4.0,4.0,1,181300.0,1.0,2022,4,Rookie
55509,Hurly Long,20,,,0,0.0,0.0,2024,2,Rookie
55573,John VanDerLaan,57,,,0,0.0,0.0,2023,3,Rookie
55601,Callum Davison,37,,,0,0.0,0.0,2022,4,Rookie
55623,Kaito Onishi,0,64.0,64.0,1,16614.0,0.5,2025,1,Rookie
55623,Kaito Onishi,1,,,0,0.0,0.0,2025,1,Rookie
55623,Kaito Onishi,5,51.0,51.0,1,14508.0,1.0,2025,1,Rookie
55623,Kaito Onishi,13,,,0,0.0,0.0,2025,1,Rookie
55623,Kaito Onishi,16,,,0,0.0,0.0,2025,1,Rookie
55623,Kaito Onishi,24,,,0,0.0,0.0,2025,1,Rookie
55623,Kaito Onishi,25,,,0,0.0,0.0,2025,1,Rookie
55623,Kaito Onishi,29,,,0,0.0,0.0,2025,1,Rookie
55623,Kaito Onishi,32,,,0,0.0,0.0,2025,1,Rookie
55623,Kaito Onishi,36,,,0,0.0,0.0,2025,1,Rookie
55623,Kaito Onishi,37,,,0,0.0,0.0,2025,1,Rookie
55623,Kaito Onishi,39,73.0,73.0,1,18720.0,1.0,2025,1,Rookie
55623,Kaito Onishi,41,,,0,0.0,0.0,2025,1,Rookie
55623,Kaito Onishi,43,,,0,0.0,0.0,2025,1,Rookie
55623,Kaito Onishi,48,,,0,0.0,0.0,2025,1,Rookie
55623,Kaito Onishi,49,,,0,0.0,0.0,2025,1,Rookie
55623,Kaito Onishi,56,,,0,0.0,0.0,2025,1,Rookie
55623,Kaito Onishi,57,42.0,42.0,1,31755.0,1.0,2025,1,Rookie
55623,Kaito Onishi,62,,,0,0.0,0.0,2025,1,Rookie
55623,Kaito Onishi,63,77.0,77.0,1,13770.0,1.0,2024,2,Rookie
55649,Cougar Collins,37,,,0,0.0,0.0,2025,1,Rookie
55650,Luke Kluver,25,,,0,0.0,0.0,2021,5,Rookie
55670,Alex Schaake,25,,,0,0.0,0.0,2021,5,Rookie
55670,Alex Schaake,53,,,0,0.0,0.0,2023,3,Rookie
55707,Calum Hill,20,25.0,25.0,1,73597.5,0.3333333333333333,2025,1,Rookie
55708,Hayden Buckley,0,26.0,26.0,1,55875.0,0.3333333333333333,2025,1,Rookie
55708,Hayden Buckley,1,,,0,0.0,0.0,2025,1,Rookie
55708,Hayden Buckley,2,68.0,68.0,1,24720.0,0.5,2023,3,Rookie
55708,Hayden Buckley,3,,,0,0.0,0.0,2022,4,Rookie
55708,Hayden Buckley,4,63.0,49.0,2,53838.8,1.0,2024,2,Familiar
55708,Hayden Buckley,5,27.0,27.0,1,42000.0,1.0,2025,1,Rookie
55708,Hayden Buckley,6,63.0,63.0,1,7955.0,1.0,2022,4,Rookie
55708,Hayden Buckley,7,,,0,0.0,0.0,2024,2,Rookie
55708,Hayden Buckley,10,5.0,5.0,1,323618.75,0.25,2025,1,Rookie
55708,Hayden Buckley,13,52.0,52.0,1,22406.43,0.5,2025,1,Rookie
55708,Hayden Buckley,15,,,0,0.0,0.0,2024,2,Rookie
55708,Hayden Buckley,16,,,0,0.0,0.0,2025,1,Rookie
55708,Hayden Buckley,17,56.5,52.0,2,79550.0,1.0,2023,3,Familiar
55708,Hayden Buckley,18,,,0,0.0,0.0,2023,3,Rookie
55708,Hayden Buckley,19,,,0,0.0,0.0,2023,3,Rookie
55708,Hayden Buckley,22,,,0,0.0,0.0,2023,3,Rookie
55708,Hayden Buckley,24,59.0,59.0,1,9040.0,0.5,2025,1,Rookie
55708,Hayden Buckley,25,32.0,30.0,2,78282.26999999999,0.6666666666666666,2025,1,Familiar
55708,Hayden Buckley,27,,,0,0.0,0.0,2023,3,Rookie
55708,Hayden Buckley,28,61.0,61.0,1,16133.0,1.0,2022,4,Rookie
55708,Hayden Buckley,29,,,0,0.0,0.0,2025,1,Rookie
55708,Hayden Buckley,30,59.0,59.0,1,9120.0,1.0,2024,2,Rookie
55708,Hayden Buckley,32,7.0,7.0,1,113333.33,1.0,2025,1,Rookie
55708,Hayden Buckley,34,26.0,26.0,1,135000.0,1.0,2023,3,Rookie
55708,Hayden Buckley,35,66.0,66.0,1,42400.0,0.3333333333333333,2024,2,Rookie
55708,Hayden Buckley,36,,,0,0.0,0.0,2025,1,Rookie
55708,Hayden Buckley,37,,,0,0.0,0.0,2025,1,Rookie
55708,Hayden Buckley,38,5.0,5.0,1,772500.0,1.0,2023,3,Rookie
55708,Hayden Buckley,39,,,0,0.0,0.0,2025,1,Rookie
55708,Hayden Buckley,40,34.0,24.0,2,97624.0,1.0,2024,2,Familiar
55708,Hayden Buckley,41,32.0,25.0,2,83243.89,0.4,2025,1,Familiar
55708,Hayden Buckley,43,26.0,4.0,3,390951.0,0.6,2025,1,Experienced
55708,Hayden Buckley,46,30.666666666666668,8.0,3,304394.0,0.75,2024,2,Experienced
55708,Hayden Buckley,48,7.0,2.0,2,1009975.0,0.6666666666666666,2024,2,Familiar
55708,Hayden Buckley,49,,,0,0.0,0.0,2025,1,Rookie
55708,Hayden Buckley,51,43.0,43.0,1,31125.0,0.5,2023,3,Rookie
55708,Hayden Buckley,53,14.0,14.0,1,241302.0,0.5,2023,3,Rookie
55708,Hayden Buckley,56,10.0,10.0,1,206925.0,0.25,2025,1,Rookie
55708,Hayden Buckley,57,61.0,61.0,1,18564.0,0.3333333333333333,2025,1,Rookie
55708,Hayden Buckley,60,43.0,43.0,1,69000.0,0.5,2023,3,Rookie
55708,Hayden Buckley,61,28.5,28.0,2,190000.0,0.6666666666666666,2024,2,Familiar
55708,Hayden Buckley,62,,,0,0.0,0.0,2024,2,Rookie
55721,Alex Fitzpatrick,20,,,0,0.0,0.0,2025,1,Rookie
55721,Alex Fitzpatrick,57,,,0,0.0,0.0,2022,4,Rookie
55741,Hiroshi Tai,53,,,0,0.0,0.0,2024,2,Rookie
55751,Michael Visacki,10,,,0,0.0,0.0,2021,5,Rookie
55751,Michael Visacki,57,,,0,0.0,0.0,2021,5,Rookie
55752,Ben Kern,9,,,0,0.0,0.0,2023,3,Rookie
55752,Ben Kern,34,,,0,0.0,0.0,2023,3,Rookie
55752,Ben Kern,56,,,0,0.0,0.0,2022,4,Rookie
55789,Taylor Montgomery,0,12.0,12.0,1,186900.0,0.5,2025,1,Rookie
55789,Taylor Montgomery,1,31.5,5.0,2,347712.0,1.0,2025,1,Familiar
55789,Taylor Montgomery,2,39.0,39.0,1,70028.57,1.0,2023,3,Rookie
55789,Taylor Montgomery,3,50.0,50.0,1,22216.43,1.0,2023,3,Rookie
55789,Taylor Montgomery,4,39.0,39.0,1,70125.0,1.0,2024,2,Rookie
55789,Taylor Montgomery,5,,,0,0.0,0.0,2025,1,Rookie
55789,Taylor Montgomery,7,,,0,0.0,0.0,2024,2,Rookie
55789,Taylor Montgomery,9,57.0,57.0,1,19236.0,1.0,2023,3,Rookie
55789,Taylor Montgomery,13,,,0,0.0,0.0,2025,1,Rookie
55789,Taylor Montgomery,14,13.0,13.0,1,189756.0,1.0,2023,3,Rookie
55789,Taylor Montgomery,15,42.5,25.0,2,93431.43,1.0,2025,1,Familiar
55789,Taylor Montgomery,16,18.333333333333332,11.0,3,387610.70999999996,0.75,2025,1,Experienced
55789,Taylor Montgomery,17,37.0,37.0,1,88000.0,1.0,2023,3,Rookie
55789,Taylor Montgomery,18,3.0,3.0,1,552000.0,0.5,2023,3,Rookie
55789,Taylor Montgomery,19,,,0,0.0,0.0,2024,2,Rookie
55789,Taylor Montgomery,20,74.0,74.0,1,18360.0,0.5,2024,2,Rookie
55789,Taylor Montgomery,24,8.0,8.0,1,113333.33,1.0,2025,1,Rookie
55789,Taylor Montgomery,25,31.0,31.0,1,56280.0,0.5,2025,1,Rookie
55789,Taylor Montgomery,27,41.0,41.0,1,71000.0,1.0,2023,3,Rookie
55789,Taylor Montgomery,29,45.0,45.0,1,24150.0,1.0,2025,1,Rookie
55789,Taylor Montgomery,32,,,0,0.0,0.0,2025,1,Rookie
55789,Taylor Montgomery,34,65.0,65.0,1,29750.0,1.0,2023,3,Rookie
55789,Taylor Montgomery,35,27.5,11.0,2,681285.71,1.0,2024,2,Familiar
55789,Taylor Montgomery,36,30.0,30.0,1,36825.0,0.5,2025,1,Rookie
55789,Taylor Montgomery,37,36.0,36.0,1,44660.0,1.0,2025,1,Rookie
55789,Taylor Montgomery,38,,,0,0.0,0.0,2023,3,Rookie
55789,Taylor Montgomery,40,44.0,44.0,1,29164.0,1.0,2024,2,Rookie
55789,Taylor Montgomery,41,21.666666666666668,8.0,3,383455.0,0.75,2025,1,Experienced
55789,Taylor Montgomery,43,7.5,6.0,2,409875.0,0.6666666666666666,2025,1,Familiar
55789,Taylor Montgomery,46,25.0,15.0,2,170080.0,0.6666666666666666,2024,2,Familiar
55789,Taylor Montgomery,48,30.0,12.0,3,310487.32999999996,1.0,2025,1,Experienced
55789,Taylor Montgomery,49,,,0,0.0,0.0,2025,1,Rookie
55789,Taylor Montgomery,53,,,0,0.0,0.0,2023,3,Rookie
55789,Taylor Montgomery,56,22.0,22.0,1,83066.66,0.5,2024,2,Rookie
55789,Taylor Montgomery,57,,,0,0.0,0.0,2024,2,Rookie
55789,Taylor Montgomery,60,,,0,0.0,0.0,2023,3,Rookie
55789,Taylor Montgomery,61,54.0,39.0,2,58112.0,0.6666666666666666,2025,1,Familiar
55888,Devon Bling,18,,,0,0.0,0.0,2023,3,Rookie
55892,Étienne Papineau,37,,,0,0.0,0.0,2024,2,Rookie
55892,Étienne Papineau,61,,,0,0.0,0.0,2022,4,Rookie
55893,Sam Stevens,0,25.333333333333332,2.0,3,1129965.0,1.0,2025,1,Experienced
55893,Sam Stevens,3,34.0,34.0,1,45441.66,1.0,2023,3,Rookie
55893,Sam Stevens,8,42.0,42.0,1,92000.0,1.0,2025,1,Rookie
55893,Sam Stevens,9,57.0,57.0,1,19236.0,1.0,2023,3,Rookie
55893,Sam Stevens,10,28.5,28.0,2,111082.22,0.6666666666666666,2025,1,Familiar
55893,Sam Stevens,13,32.5,3.0,2,704000.0,1.0,2025,1,Familiar
55893,Sam Stevens,17,45.5,37.0,2,134800.0,1.0,2025,1,Familiar
55893,Sam Stevens,18,,,0,0.0,0.0,2023,3,Rookie
55893,Sam Stevens,20,66.0,57.0,2,43110.0,1.0,2025,1,Familiar
55893,Sam Stevens,25,27.5,21.0,2,131180.0,0.6666666666666666,2025,1,Familiar
55893,Sam Stevens,27,36.0,31.0,2,185857.14,1.0,2025,1,Familiar
55893,Sam Stevens,30,10.0,10.0,1,101000.0,1.0,2024,2,Rookie
55893,Sam Stevens,34,66.0,60.0,2,53514.29,1.0,2025,1,Familiar
55893,Sam Stevens,35,,,0,0.0,0.0,2025,1,Rookie
55893,Sam Stevens,36,37.0,37.0,1,26100.0,1.0,2024,2,Rookie
55893,Sam Stevens,37,14.0,14.0,1,152750.0,1.0,2024,2,Rookie
55893,Sam Stevens,38,54.0,54.0,1,44500.0,0.5,2025,1,Rookie
55893,Sam Stevens,40,42.0,10.0,2,223305.33,1.0,2024,2,Familiar
55893,Sam Stevens,41,24.5,7.0,2,193866.36,0.6666666666666666,2025,1,Familiar
55893,Sam Stevens,43,52.0,37.0,2,50854.0,0.5,2025,1,Familiar
55893,Sam Stevens,49,37.5,18.0,2,129461.11,1.0,2025,1,Familiar
55893,Sam Stevens,51,45.0,45.0,1,54285.71,0.5,2025,1,Rookie
55893,Sam Stevens,52,23.0,23.0,1,167142.86,1.0,2025,1,Rookie
55893,Sam Stevens,53,38.333333333333336,23.0,3,272052.0,1.0,2025,1,Experienced
55893,Sam Stevens,55,23.0,23.0,1,161489.0,1.0,2021,5,Rookie
55893,Sam Stevens,56,8.0,2.0,2,1101701.82,0.6666666666666666,2025,1,Familiar
55893,Sam Stevens,57,64.0,64.0,2,36765.0,0.6666666666666666,2025,1,Familiar
55893,Sam Stevens,60,47.0,47.0,1,51222.22,1.0,2023,3,Rookie
55893,Sam Stevens,62,,,0,0.0,0.0,2025,1,Rookie
55893,Sam Stevens,63,22.0,22.0,1,79560.0,1.0,2024,2,Rookie
55893,Samuel Stevens,1,59.0,51.0,2,37912.0,1.0,2025,1,Familiar
55893,Samuel Stevens,2,40.0,40.0,1,78000.0,1.0,2025,1,Rookie
55893,Samuel Stevens,4,25.5,17.0,2,321050.0,1.0,2025,1,Familiar
55893,Samuel Stevens,15,,,0,0.0,0.0,2024,2,Rookie
55893,Samuel Stevens,16,19.333333333333332,2.0,3,1202745.0,1.0,2025,1,Experienced
55893,Samuel Stevens,18,45.0,45.0,1,23964.0,1.0,2023,3,Rookie
55893,Samuel Stevens,19,31.0,31.0,1,126000.0,1.0,2025,1,Rookie
55893,Samuel Stevens,22,55.0,55.0,1,18160.0,0.5,2023,3,Rookie
55893,Samuel Stevens,28,,,0,0.0,0.0,2024,2,Rookie
55893,Samuel Stevens,29,,,0,0.0,0.0,2025,1,Rookie
55893,Samuel Stevens,41,,,0,0.0,0.0,2023,3,Rookie
55893,Samuel Stevens,46,34.5,23.0,2,88601.33,1.0,2024,2,Familiar
55893,Samuel Stevens,48,41.5,24.0,2,86959.0,0.6666666666666666,2025,1,Familiar
55893,Samuel Stevens,61,36.0,28.0,2,82053.6,1.0,2025,1,Familiar
55930,Fred Biondi,15,,,0,0.0,0.0,2024,2,Rookie
55930,Fred Biondi,18,,,0,0.0,0.0,2023,3,Rookie
55930,Fred Biondi,28,,,0,0.0,0.0,2024,2,Rookie
55930,Fred Biondi,29,63.0,63.0,1,15540.0,1.0,2025,1,Rookie
55930,Fred Biondi,41,23.0,23.0,1,75180.0,1.0,2023,3,Rookie
55930,Fred Biondi,43,,,0,0.0,0.0,2023,3,Rookie
55930,Fred Biondi,53,,,0,0.0,0.0,2022,4,Rookie
55930,Fred Biondi,57,26.0,26.0,1,60060.0,1.0,2024,2,Rookie
55940,Andrew Wilson,6,,,0,0.0,0.0,2023,3,Rookie
55940,Andrew Wilson,24,55.0,55.0,1,9360.0,0.5,2025,1,Rookie
55954,Lukas Euler,9,,,0,0.0,0.0,2023,3,Rookie
55955,Matthew Jordan,20,51.5,26.0,2,91170.0,0.6666666666666666,2025,1,Familiar
55955,Matthew Jordan,53,,,0,0.0,0.0,2025,1,Rookie
55955,Matthew Jordan,55,,,0,0.0,0.0,2021,5,Rookie
55965,Jacob Skov Olesen,24,,,0,0.0,0.0,2025,1,Rookie
56003,Yongjun Bae,14,75.0,75.0,1,17430.0,1.0,2023,3,Rookie
56100,Ren Yonezawa,63,22.0,22.0,1,79560.0,1.0,2024,2,Rookie
56149,William Furr,16,,,0,0.0,0.0,2024,2,Rookie
56149,William Furr,28,38.0,38.0,1,32805.0,1.0,2024,2,Rookie
56149,William Furr,46,54.0,54.0,1,16478.0,1.0,2024,2,Rookie
56149,Wilson Furr,0,,,0,0.0,0.0,2024,2,Rookie
56149,Wilson Furr,7,46.0,46.0,1,20137.5,1.0,2024,2,Rookie
56149,Wilson Furr,13,,,0,0.0,0.0,2024,2,Rookie
56149,Wilson Furr,24,,,0,0.0,0.0,2024,2,Rookie
56149,Wilson Furr,25,72.0,72.0,1,16240.0,1.0,2024,2,Rookie
56149,Wilson Furr,30,,,0,0.0,0.0,2024,2,Rookie
56149,Wilson Furr,36,13.0,13.0,1,86515.38,1.0,2024,2,Rookie
56149,Wilson Furr,37,,,0,0.0,0.0,2024,2,Rookie
56149,Wilson Furr,40,,,0,0.0,0.0,2024,2,Rookie
56149,Wilson Furr,41,,,0,0.0,0.0,2024,2,Rookie
56149,Wilson Furr,43,,,0,0.0,0.0,2024,2,Rookie
56149,Wilson Furr,49,36.0,36.0,1,39635.56,0.5,2025,1,Rookie
56149,Wilson Furr,56,,,0,0.0,0.0,2024,2,Rookie
56149,Wilson Furr,57,,,0,0.0,0.0,2024,2,Rookie
56149,Wilson Furr,62,,,0,0.0,0.0,2024,2,Rookie
56190,Wooyoung Cho,20,,,0,0.0,0.0,2025,1,Rookie
56249,Peter Jung,48,,,0,0.0,0.0,2022,4,Rookie
56266,Deon Germishuys,6,,,0,0.0,0.0,2023,3,Rookie
56266,Deon Germishuys,53,,,0,0.0,0.0,2023,3,Rookie
56272,Wilco Nienaber,6,31.0,31.0,1,20475.0,1.0,2021,5,Rookie
56272,Wilco Nienaber,33,14.0,14.0,1,125925.0,1.0,2021,5,Rookie
56272,Wilco Nienaber,53,,,0,0.0,0.0,2023,3,Rookie
56278,Matthew Wolff,0,39.0,39.0,1,24116.4,1.0,2021,5,Rookie
56278,Matthew Wolff,1,40.0,40.0,1,25125.0,0.5,2022,4,Rookie
56278,Matthew Wolff,2,61.0,61.0,1,26040.0,1.0,2022,4,Rookie
56278,Matthew Wolff,3,,,0,0.0,0.0,2022,4,Rookie
56278,Matthew Wolff,11,73.0,73.0,1,16575.0,1.0,2021,5,Rookie
56278,Matthew Wolff,16,64.0,64.0,1,18228.0,0.5,2022,4,Rookie
56278,Matthew Wolff,19,64.0,64.0,1,20088.0,1.0,2021,5,Rookie
56278,Matthew Wolff,21,11.0,11.0,1,166875.0,1.0,2022,4,Rookie
56278,Matthew Wolff,22,,,0,0.0,0.0,2022,4,Rookie
56278,Matthew Wolff,27,,,0,0.0,0.0,2022,4,Rookie
56278,Matthew Wolff,31,,,0,0.0,0.0,2021,5,Rookie
56278,Matthew Wolff,34,,,0,0.0,0.0,2022,4,Rookie
56278,Matthew Wolff,35,,,0,0.0,0.0,2022,4,Rookie
56278,Matthew Wolff,40,58.0,58.0,1,16575.0,1.0,2021,5,Rookie
56278,Matthew Wolff,43,17.0,17.0,1,86683.33,1.0,2022,4,Rookie
56278,Matthew Wolff,46,2.0,2.0,1,763000.0,1.0,2022,4,Rookie
56278,Matthew Wolff,47,2.0,2.0,1,623000.0,1.0,2021,5,Rookie
56278,Matthew Wolff,51,40.0,40.0,1,36105.0,0.5,2022,4,Rookie
56278,Matthew Wolff,54,2.0,2.0,1,1350000.0,1.0,2021,5,Rookie
56278,Matthew Wolff,59,36.0,36.0,1,34005.83,1.0,2021,5,Rookie
56278,Matthew Wolff,60,25.0,25.0,1,69150.0,1.0,2022,4,Rookie
56278,Matthew Wolff,62,,,0,0.0,0.0,2021,5,Rookie
56278,Matthew Wolff,64,50.0,50.0,1,17560.0,1.0,2021,5,Rookie
56284,Patrick Cover,53,,,0,0.0,0.0,2023,3,Rookie
56284,Patrick Cover,60,,,0,0.0,0.0,2021,5,Rookie
56286,Bruce Doucett,48,,,0,0.0,0.0,2022,4,Rookie
56297,John Somers,34,,,0,0.0,0.0,2025,1,Rookie
56320,Bryson Nimmer,28,72.0,72.0,1,14673.0,1.0,2022,4,Rookie
56320,Bryson Nimmer,33,35.0,35.0,1,33336.66,1.0,2021,5,Rookie
56320,Bryson Nimmer,38,,,0,0.0,0.0,2022,4,Rookie
56320,Bryson Nimmer,41,,,0,0.0,0.0,2023,3,Rookie
56320,Bryson Nimmer,60,,,0,0.0,0.0,2022,4,Rookie
56349,Chris Korte,7,,,0,0.0,0.0,2024,2,Rookie
56349,Chris Korte,16,,,0,0.0,0.0,2025,1,Rookie
56353,Callum McNeill,49,,,0,0.0,0.0,2024,2,Rookie
56512,Conor Purcell,24,45.0,45.0,1,13000.0,1.0,2025,1,Rookie
56555,Myles Creighton,37,57.0,57.0,1,21526.0,0.25,2025,1,Rookie
56625,Max Sear,37,,,0,0.0,0.0,2024,2,Rookie
56625,Maxwell Sear,16,,,0,0.0,0.0,2022,4,Rookie
56630,Akshay Bhatia,0,44.5,25.0,2,86435.0,1.0,2025,1,Familiar
56630,Akshay Bhatia,1,,,0,0.0,0.0,2021,5,Rookie
56630,Akshay Bhatia,2,,,0,0.0,0.0,2025,1,Rookie
56630,Akshay Bhatia,4,26.0,22.0,2,208192.73,1.0,2025,1,Familiar
56630,Akshay Bhatia,6,9.0,9.0,1,95950.0,1.0,2023,3,Rookie
56630,Akshay Bhatia,8,35.5,26.0,2,257500.0,1.0,2025,1,Familiar
56630,Akshay Bhatia,10,39.0,22.0,2,108937.67,0.6666666666666666,2025,1,Familiar
56630,Akshay Bhatia,15,,,0,0.0,0.0,2024,2,Rookie
56630,Akshay Bhatia,16,13.0,13.0,1,156535.71,1.0,2024,2,Rookie
56630,Akshay Bhatia,17,9.0,6.0,2,1075333.33,1.0,2025,1,Familiar
56630,Akshay Bhatia,18,,,0,0.0,0.0,2023,3,Rookie
56630,Akshay Bhatia,19,9.0,9.0,1,556666.67,1.0,2025,1,Rookie
56630,Akshay Bhatia,22,49.0,49.0,1,20944.0,1.0,2023,3,Rookie
56630,Akshay Bhatia,25,35.0,35.0,1,36947.14,1.0,2023,3,Rookie
56630,Akshay Bhatia,27,19.0,16.0,2,519200.0,0.6666666666666666,2025,1,Familiar
56630,Akshay Bhatia,28,4.0,4.0,1,377300.0,1.0,2023,3,Rookie
56630,Akshay Bhatia,29,9.0,9.0,1,204750.0,1.0,2025,1,Rookie
56630,Akshay Bhatia,34,,,0,0.0,0.0,2025,1,Rookie
56630,Akshay Bhatia,35,3.0,3.0,1,1325000.0,0.5,2025,1,Rookie
56630,Akshay Bhatia,36,11.0,11.0,1,157500.0,1.0,2025,1,Rookie
56630,Akshay Bhatia,37,64.0,60.0,2,39596.0,1.0,2024,2,Familiar
56630,Akshay Bhatia,38,30.0,18.0,2,284242.86,0.6666666666666666,2025,1,Familiar
56630,Akshay Bhatia,39,26.0,26.0,1,70080.0,1.0,2025,1,Rookie
56630,Akshay Bhatia,40,2.0,2.0,1,616400.0,0.5,2024,2,Rookie
56630,Akshay Bhatia,41,41.5,38.0,2,62835.0,1.0,2023,3,Familiar
56630,Akshay Bhatia,42,9.0,9.0,1,166650.0,1.0,2021,5,Rookie
56630,Akshay Bhatia,43,43.0,43.0,1,25379.0,0.5,2025,1,Rookie
56630,Akshay Bhatia,44,23.0,14.0,2,438250.0,1.0,2025,1,Familiar
56630,Akshay Bhatia,46,35.0,35.0,1,40080.0,1.0,2023,3,Rookie
56630,Akshay Bhatia,48,13.0,13.0,1,153135.0,1.0,2024,2,Rookie
56630,Akshay Bhatia,49,11.0,11.0,1,211575.0,1.0,2024,2,Rookie
56630,Akshay Bhatia,50,19.5,13.0,2,570000.0,1.0,2025,1,Familiar
56630,Akshay Bhatia,51,29.5,5.0,2,748000.0,1.0,2025,1,Familiar
56630,Akshay Bhatia,52,46.0,46.0,1,53600.0,1.0,2025,1,Rookie
56630,Akshay Bhatia,53,16.0,16.0,1,299218.0,0.5,2025,1,Rookie
56630,Akshay Bhatia,55,,,0,0.0,0.0,2021,5,Rookie
56630,Akshay Bhatia,56,23.5,1.0,2,1680246.14,0.5,2025,1,Familiar
56630,Akshay Bhatia,57,17.0,17.0,1,104020.0,0.5,2024,2,Rookie
56630,Akshay Bhatia,60,42.5,42.0,2,147500.0,0.6666666666666666,2024,2,Familiar
56630,Akshay Bhatia,61,32.0,32.0,1,53705.0,0.5,2025,1,Rookie
56630,Akshay Bhatia,62,,,0,0.0,0.0,2025,1,Rookie
56643,Manuel Elvira,24,3.0,3.0,1,276000.0,0.5,2025,1,Rookie
56676,John Augenstein,1,,,0,0.0,0.0,2021,5,Rookie
56676,John Augenstein,2,,,0,0.0,0.0,2021,5,Rookie
56676,John Augenstein,10,20.0,20.0,1,68437.5,1.0,2021,5,Rookie
56676,John Augenstein,18,6.0,6.0,1,220850.0,0.5,2023,3,Rookie
56676,John Augenstein,19,,,0,0.0,0.0,2021,5,Rookie
56676,John Augenstein,38,,,0,0.0,0.0,2021,5,Rookie
56676,John Augenstein,43,,,0,0.0,0.0,2022,4,Rookie
56676,John Augenstein,54,,,0,0.0,0.0,2021,5,Rookie
56676,John Augenstein,57,,,0,0.0,0.0,2021,5,Rookie
56676,John Augenstein,59,,,0,0.0,0.0,2021,5,Rookie
56676,John Augenstein,62,37.0,37.0,1,26560.0,1.0,2021,5,Rookie
56734,Matt Wilson,47,,,0,0.0,0.0,2021,5,Rookie
56742,Brady Calkins,53,,,0,0.0,0.0,2025,1,Rookie
56742,Brady Calkins,55,,,0,0.0,0.0,2021,5,Rookie
56743,Chad Hambright,16,,,0,0.0,0.0,2024,2,Rookie
56762,Will Gordon,0,,,0,0.0,0.0,2025,1,Rookie
56762,Will Gordon,1,65.0,64.0,2,32994.0,0.6666666666666666,2025,1,Familiar
56762,Will Gordon,2,59.5,49.0,2,64031.5,1.0,2023,3,Familiar
56762,Will Gordon,3,70.0,70.0,1,19190.0,0.5,2023,3,Rookie
56762,Will Gordon,4,21.0,21.0,1,81822.0,0.5,2023,3,Rookie
56762,Will Gordon,5,,,0,0.0,0.0,2025,1,Rookie
56762,Will Gordon,6,,,0,0.0,0.0,2021,5,Rookie
56762,Will Gordon,7,35.0,35.0,1,37350.0,1.0,2024,2,Rookie
56762,Will Gordon,9,43.0,43.0,1,30660.0,1.0,2023,3,Rookie
56762,Will Gordon,10,52.0,52.0,1,20836.5,0.3333333333333333,2025,1,Rookie
56762,Will Gordon,13,5.0,5.0,1,305971.88,1.0,2025,1,Rookie
56762,Will Gordon,15,,,0,0.0,0.0,2025,1,Rookie
56762,Will Gordon,16,24.5,7.0,2,328125.0,0.5,2025,1,Familiar
56762,Will Gordon,18,36.0,36.0,1,36457.14,0.5,2023,3,Rookie
56762,Will Gordon,20,25.0,25.0,1,73597.5,1.0,2023,3,Rookie
56762,Will Gordon,22,39.0,36.0,2,57973.0,1.0,2023,3,Familiar
56762,Will Gordon,24,14.0,14.0,1,63400.0,0.5,2025,1,Rookie
56762,Will Gordon,25,28.0,28.0,1,41540.0,0.25,2025,1,Rookie
56762,Will Gordon,27,,,0,0.0,0.0,2023,3,Rookie
56762,Will Gordon,28,24.0,24.0,1,62755.0,1.0,2023,3,Rookie
56762,Will Gordon,29,,,0,0.0,0.0,2025,1,Rookie
56762,Will Gordon,33,14.0,14.0,1,125925.0,1.0,2021,5,Rookie
56762,Will Gordon,35,54.0,54.0,1,58000.0,0.5,2025,1,Rookie
56762,Will Gordon,36,,,0,0.0,0.0,2025,1,Rookie
56762,Will Gordon,37,18.0,18.0,1,132750.0,0.5,2025,1,Rookie
56762,Will Gordon,38,,,0,0.0,0.0,2021,5,Rookie
56762,Will Gordon,39,51.0,51.0,1,22709.33,1.0,2025,1,Rookie
56762,Will Gordon,40,74.0,74.0,1,17072.0,0.5,2023,3,Rookie
56762,Will Gordon,41,27.0,15.0,3,219985.0,0.6,2025,1,Experienced
56762,Will Gordon,42,61.0,61.0,1,14520.0,1.0,2021,5,Rookie
56762,Will Gordon,43,43.666666666666664,30.0,3,80217.66,0.6,2025,1,Experienced
56762,Will Gordon,46,44.0,44.0,1,23000.0,0.3333333333333333,2024,2,Rookie
56762,Will Gordon,47,,,0,0.0,0.0,2021,5,Rookie
56762,Will Gordon,48,35.0,28.0,2,81212.6,0.5,2025,1,Familiar
56762,Will Gordon,49,,,0,0.0,0.0,2025,1,Rookie
56762,Will Gordon,51,79.0,79.0,1,13838.0,0.5,2023,3,Rookie
56762,Will Gordon,56,78.0,78.0,1,14553.0,0.5,2023,3,Rookie
56762,Will Gordon,57,36.0,36.0,1,35280.0,0.5,2025,1,Rookie
56762,Will Gordon,58,38.0,38.0,1,29750.0,1.0,2021,5,Rookie
56762,Will Gordon,59,,,0,0.0,0.0,2021,5,Rookie
56762,Will Gordon,60,,,0,0.0,0.0,2023,3,Rookie
56762,Will Gordon,61,69.0,69.0,1,18952.0,0.5,2025,1,Rookie
56762,Will Gordon,62,,,0,0.0,0.0,2025,1,Rookie
56781,Isaiah Salinda,0,53.0,53.0,1,20118.0,1.0,2025,1,Rookie
56781,Isaiah Salinda,1,,,0,0.0,0.0,2025,1,Rookie
56781,Isaiah Salinda,2,45.0,45.0,1,62000.0,1.0,2025,1,Rookie
56781,Isaiah Salinda,5,42.0,42.0,1,21300.0,1.0,2025,1,Rookie
56781,Isaiah Salinda,10,,,0,0.0,0.0,2025,1,Rookie
56781,Isaiah Salinda,13,56.0,56.0,1,22770.0,1.0,2025,1,Rookie
56781,Isaiah Salinda,15,39.0,39.0,1,41860.0,1.0,2025,1,Rookie
56781,Isaiah Salinda,16,42.0,42.0,1,33945.0,1.0,2025,1,Rookie
56781,Isaiah Salinda,20,,,0,0.0,0.0,2025,1,Rookie
56781,Isaiah Salinda,25,,,0,0.0,0.0,2025,1,Rookie
56781,Isaiah Salinda,29,3.0,3.0,1,483000.0,1.0,2025,1,Rookie
56781,Isaiah Salinda,35,68.0,68.0,1,52250.0,1.0,2025,1,Rookie
56781,Isaiah Salinda,36,13.0,13.0,1,115500.0,1.0,2025,1,Rookie
56781,Isaiah Salinda,37,,,0,0.0,0.0,2025,1,Rookie
56781,Isaiah Salinda,39,60.0,60.0,1,21024.0,1.0,2025,1,Rookie
56781,Isaiah Salinda,41,,,0,0.0,0.0,2025,1,Rookie
56781,Isaiah Salinda,42,56.0,56.0,1,15114.0,1.0,2021,5,Rookie
56781,Isaiah Salinda,43,,,0,0.0,0.0,2025,1,Rookie
56781,Isaiah Salinda,46,7.0,7.0,1,238000.0,1.0,2023,3,Rookie
56781,Isaiah Salinda,48,,,0,0.0,0.0,2025,1,Rookie
56781,Isaiah Salinda,49,11.0,11.0,1,211375.0,1.0,2025,1,Rookie
56781,Isaiah Salinda,53,32.0,32.0,1,110894.0,0.5,2024,2,Rookie
56781,Isaiah Salinda,56,,,0,0.0,0.0,2025,1,Rookie
56781,Isaiah Salinda,58,50.0,50.0,1,16887.5,1.0,2021,5,Rookie
56781,Isaiah Salinda,62,,,0,0.0,0.0,2025,1,Rookie
56842,Casey Pyne,34,,,0,0.0,0.0,2022,4,Rookie
56869,Taylor Bibbs,3,,,0,0.0,0.0,2023,3,Rookie
56926,Keenan Huskey,60,,,0,0.0,0.0,2021,5,Rookie
56987,Jeong Weon Ko,6,,,0,0.0,0.0,2023,3,Rookie
56987,Jeong Weon Ko,24,,,0,0.0,0.0,2025,1,Rookie
57014,Stephen Franken,62,,,0,0.0,0.0,2025,1,Rookie
57123,Steven Fisk,0,74.0,74.0,1,16716.0,1.0,2025,1,Rookie
57123,Steven Fisk,1,,,0,0.0,0.0,2025,1,Rookie
57123,Steven Fisk,5,,,0,0.0,0.0,2025,1,Rookie
57123,Steven Fisk,10,66.0,66.0,1,19950.0,1.0,2025,1,Rookie
57123,Steven Fisk,15,,,0,0.0,0.0,2025,1,Rookie
57123,Steven Fisk,16,63.0,63.0,1,20553.0,1.0,2025,1,Rookie
57123,Steven Fisk,24,28.0,28.0,1,28000.0,1.0,2025,1,Rookie
57123,Steven Fisk,25,,,0,0.0,0.0,2025,1,Rookie
57123,Steven Fisk,29,17.0,17.0,1,99750.0,1.0,2025,1,Rookie
57123,Steven Fisk,32,13.0,13.0,1,69571.43,1.0,2025,1,Rookie
57123,Steven Fisk,36,30.0,30.0,1,36825.0,1.0,2025,1,Rookie
57123,Steven Fisk,37,43.0,43.0,1,33810.0,1.0,2025,1,Rookie
57123,Steven Fisk,39,,,0,0.0,0.0,2025,1,Rookie
57123,Steven Fisk,41,49.0,49.0,1,20292.0,0.5,2025,1,Rookie
57123,Steven Fisk,43,1.0,1.0,1,1080000.0,1.0,2025,1,Rookie
57123,Steven Fisk,48,,,0,0.0,0.0,2025,1,Rookie
57123,Steven Fisk,49,,,0,0.0,0.0,2025,1,Rookie
57123,Steven Fisk,56,33.0,33.0,1,50666.67,1.0,2025,1,Rookie
57123,Steven Fisk,57,28.0,28.0,1,55843.13,1.0,2025,1,Rookie
57123,Steven Fisk,61,,,0,0.0,0.0,2025,1,Rookie
57123,Steven Fisk,62,60.0,60.0,1,18532.0,1.0,2025,1,Rookie
57124,Michael Feagles,25,,,0,0.0,0.0,2021,5,Rookie
57198,Brendon Doyle,24,,,0,0.0,0.0,2025,1,Rookie
57246,Isaiah Jackson,43,,,0,0.0,0.0,2021,5,Rookie
57259,Daniel Brown,6,7.0,7.0,1,123500.0,1.0,2023,3,Rookie
57259,Daniel Brown,20,60.5,60.0,2,46980.0,1.0,2025,1,Familiar
57298,Preston Summerhays,0,,,0,0.0,0.0,2023,3,Rookie
57298,Preston Summerhays,5,,,0,0.0,0.0,2025,1,Rookie
57298,Preston Summerhays,6,,,0,0.0,0.0,2021,5,Rookie
57298,Preston Summerhays,18,56.0,56.0,1,0.0,1.0,2023,3,Rookie
57298,Preston Summerhays,25,,,0,0.0,0.0,2025,1,Rookie
57298,Preston Summerhays,53,,,0,0.0,0.0,2025,1,Rookie
57298,Preston Summerhays,54,,,0,0.0,0.0,2021,5,Rookie
57298,Preston Summerhays,55,,,0,0.0,0.0,2021,5,Rookie
57298,Preston Summerhays,56,,,0,0.0,0.0,2025,1,Rookie
57298,Preston Summerhays,61,,,0,0.0,0.0,2022,4,Rookie
57320,Joe Deraney,37,,,0,0.0,0.0,2022,4,Rookie
57321,Matthew Anderson,37,47.0,47.0,1,26401.2,0.5,2025,1,Rookie
57330,Matthis Besard,24,25.0,25.0,1,30733.33,1.0,2024,2,Rookie
57342,Seungbin Choi,13,,,0,0.0,0.0,2025,1,Rookie
57362,Austin Eckroat,0,27.5,16.0,2,122750.0,0.5,2025,1,Familiar
57362,Austin Eckroat,1,,,0,0.0,0.0,2023,3,Rookie
57362,Austin Eckroat,2,35.0,34.0,2,199875.0,1.0,2025,1,Familiar
57362,Austin Eckroat,3,2.0,2.0,1,845500.0,1.0,2023,3,Rookie
57362,Austin Eckroat,4,39.0,13.0,2,386161.0,0.6666666666666666,2025,1,Familiar
57362,Austin Eckroat,8,46.0,46.0,1,74000.0,1.0,2024,2,Rookie
57362,Austin Eckroat,9,,,0,0.0,0.0,2023,3,Rookie
57362,Austin Eckroat,10,31.0,16.0,2,158555.71,0.6666666666666666,2025,1,Familiar
57362,Austin Eckroat,13,,,0,0.0,0.0,2025,1,Rookie
57362,Austin Eckroat,15,1.0,1.0,1,1620000.0,0.5,2025,1,Rookie
57362,Austin Eckroat,16,37.0,37.0,1,40050.0,0.25,2025,1,Rookie
57362,Austin Eckroat,17,18.0,18.0,1,270000.0,1.0,2024,2,Rookie
57362,Austin Eckroat,18,64.0,64.0,1,17280.0,0.5,2023,3,Rookie
57362,Austin Eckroat,19,,,0,0.0,0.0,2025,1,Rookie
57362,Austin Eckroat,20,65.0,65.0,1,20340.0,0.5,2024,2,Rookie
57362,Austin Eckroat,22,,,0,0.0,0.0,2023,3,Rookie
57362,Austin Eckroat,25,11.0,11.0,1,174300.0,1.0,2025,1,Rookie
57362,Austin Eckroat,27,42.0,30.0,3,250250.0,1.0,2025,1,Experienced
57362,Austin Eckroat,28,43.5,38.0,2,52003.66,1.0,2024,2,Familiar
57362,Austin Eckroat,34,42.5,18.0,2,255690.66999999998,1.0,2025,1,Familiar
57362,Austin Eckroat,35,53.0,45.0,2,124562.5,1.0,2025,1,Familiar
57362,Austin Eckroat,36,11.0,11.0,1,157500.0,1.0,2025,1,Rookie
57362,Austin Eckroat,38,24.5,17.0,2,430083.33,1.0,2025,1,Familiar
57362,Austin Eckroat,39,60.0,60.0,1,21024.0,1.0,2025,1,Rookie
57362,Austin Eckroat,40,,,0,0.0,0.0,2023,3,Rookie
57362,Austin Eckroat,41,22.0,8.0,3,359140.0,1.0,2025,1,Experienced
57362,Austin Eckroat,43,54.0,54.0,1,18249.0,1.0,2023,3,Rookie
57362,Austin Eckroat,44,15.0,15.0,1,292000.0,1.0,2025,1,Rookie
57362,Austin Eckroat,46,53.0,46.0,2,38766.0,0.6666666666666666,2024,2,Familiar
57362,Austin Eckroat,48,27.0,12.0,2,164820.93,0.6666666666666666,2025,1,Familiar
57362,Austin Eckroat,49,,,0,0.0,0.0,2025,1,Rookie
57362,Austin Eckroat,51,30.75,24.0,4,484877.43,1.0,2025,1,Experienced
57362,Austin Eckroat,52,51.0,51.0,1,47000.0,1.0,2025,1,Rookie
57362,Austin Eckroat,53,42.0,10.0,2,473688.0,1.0,2024,2,Familiar
57362,Austin Eckroat,56,33.0,33.0,1,49066.67,0.3333333333333333,2024,2,Rookie
57362,Austin Eckroat,57,,,0,0.0,0.0,2023,3,Rookie
57362,Austin Eckroat,60,63.5,63.0,2,86400.0,1.0,2024,2,Familiar
57362,Austin Eckroat,61,64.0,64.0,1,17794.0,0.3333333333333333,2025,1,Rookie
57362,Austin Eckroat,62,21.5,6.0,2,350460.0,0.5,2025,1,Familiar
57364,Michael Thorbjornsen,0,,,0,0.0,0.0,2025,1,Rookie
57364,Michael Thorbjornsen,1,,,0,0.0,0.0,2025,1,Rookie
57364,Michael Thorbjornsen,5,37.0,37.0,1,27300.0,1.0,2025,1,Rookie
57364,Michael Thorbjornsen,7,,,0,0.0,0.0,2024,2,Rookie
57364,Michael Thorbjornsen,10,,,0,0.0,0.0,2025,1,Rookie
57364,Michael Thorbjornsen,13,33.0,33.0,1,52800.0,1.0,2025,1,Rookie
57364,Michael Thorbjornsen,15,39.0,39.0,1,41860.0,1.0,2025,1,Rookie
57364,Michael Thorbjornsen,16,,,0,0.0,0.0,2025,1,Rookie
57364,Michael Thorbjornsen,24,14.0,14.0,1,63400.0,0.5,2025,1,Rookie
57364,Michael Thorbjornsen,25,13.333333333333334,2.0,3,803980.0,1.0,2025,1,Experienced
57364,Michael Thorbjornsen,29,,,0,0.0,0.0,2025,1,Rookie
57364,Michael Thorbjornsen,34,41.0,41.0,1,60676.67,1.0,2025,1,Rookie
57364,Michael Thorbjornsen,36,31.5,13.0,2,130062.86,1.0,2025,1,Familiar
57364,Michael Thorbjornsen,37,,,0,0.0,0.0,2023,3,Rookie
57364,Michael Thorbjornsen,39,4.0,4.0,1,432000.0,1.0,2025,1,Rookie
57364,Michael Thorbjornsen,40,,,0,0.0,0.0,2024,2,Rookie
57364,Michael Thorbjornsen,41,7.5,7.0,2,405653.03,1.0,2025,1,Familiar
57364,Michael Thorbjornsen,43,18.5,8.0,2,258333.33000000002,1.0,2025,1,Familiar
57364,Michael Thorbjornsen,49,39.0,39.0,1,36575.0,1.0,2025,1,Rookie
57364,Michael Thorbjornsen,51,21.5,4.0,2,85000.0,0.6666666666666666,2024,2,Familiar
57364,Michael Thorbjornsen,52,54.0,54.0,1,44750.0,1.0,2025,1,Rookie
57364,Michael Thorbjornsen,53,,,0,0.0,0.0,2023,3,Rookie
57364,Michael Thorbjornsen,56,,,0,0.0,0.0,2025,1,Rookie
57364,Michael Thorbjornsen,57,,,0,0.0,0.0,2025,1,Rookie
57364,Michael Thorbjornsen,61,74.0,74.0,1,18032.0,1.0,2025,1,Rookie
57364,Michael Thorbjornsen,62,38.0,38.0,1,36490.0,0.5,2025,1,Rookie
57366,Cameron Young,0,,,0,0.0,0.0,2023,3,Rookie
57366,Cameron Young,1,33.0,26.0,2,85413.77,0.6666666666666666,2025,1,Familiar
57366,Cameron Young,2,19.666666666666668,10.0,3,801375.0,0.75,2025,1,Experienced
57366,Cameron Young,4,71.0,70.0,2,68500.0,1.0,2025,1,Familiar
57366,Cameron Young,8,23.0,11.0,4,1071500.0,1.0,2025,1,Experienced
57366,Cameron Young,14,23.0,23.0,1,88305.0,1.0,2023,3,Rookie
57366,Cameron Young,15,4.0,4.0,1,344250.0,0.5,2025,1,Rookie
57366,Cameron Young,16,20.0,20.0,1,95508.0,0.5,2022,4,Rookie
57366,Cameron Young,17,32.0,5.0,4,1037886.37,1.0,2025,1,Experienced
57366,Cameron Young,18,,,0,0.0,0.0,2022,4,Rookie
57366,Cameron Young,19,12.666666666666666,2.0,3,1594666.67,0.75,2025,1,Experienced
57366,Cameron Young,22,16.0,16.0,1,106533.34,1.0,2022,4,Rookie
57366,Cameron Young,25,6.0,6.0,1,218035.72,1.0,2023,3,Rookie
57366,Cameron Young,27,45.0,25.0,3,237140.0,0.75,2025,1,Experienced
57366,Cameron Young,34,37.666666666666664,3.0,3,944392.0,0.75,2025,1,Experienced
57366,Cameron Young,35,55.333333333333336,51.0,3,173416.66,0.75,2025,1,Experienced
57366,Cameron Young,36,9.0,9.0,1,181500.0,1.0,2025,1,Rookie
57366,Cameron Young,37,30.5,4.0,2,461160.0,0.6666666666666666,2025,1,Familiar
57366,Cameron Young,38,42.5,3.0,4,468090.47000000003,1.0,2025,1,Experienced
57366,Cameron Young,39,46.0,46.0,1,27091.2,1.0,2025,1,Rookie
57366,Cameron Young,40,4.0,2.0,2,935750.0,1.0,2024,2,Familiar
57366,Cameron Young,41,33.5,29.0,2,79890.0,1.0,2023,3,Familiar
57366,Cameron Young,43,2.0,2.0,1,623000.0,1.0,2022,4,Rookie
57366,Cameron Young,44,20.5,8.0,2,663000.0,1.0,2025,1,Familiar
57366,Cameron Young,45,13.0,13.0,1,265000.0,1.0,2023,3,Rookie
57366,Cameron Young,46,,,0,0.0,0.0,2022,4,Rookie
57366,Cameron Young,48,,,0,0.0,0.0,2022,4,Rookie
57366,Cameron Young,50,11.5,4.0,2,2616666.67,1.0,2025,1,Familiar
57366,Cameron Young,51,40.333333333333336,9.0,3,611100.0,1.0,2025,1,Experienced
57366,Cameron Young,52,7.0,7.0,1,602500.0,1.0,2025,1,Rookie
57366,Cameron Young,53,34.333333333333336,4.0,3,1027885.0,0.75,2025,1,Experienced
57366,Cameron Young,55,4.0,4.0,1,878815.0,1.0,2021,5,Rookie
57366,Cameron Young,56,18.0,18.0,1,113050.0,1.0,2025,1,Rookie
57366,Cameron Young,57,2.0,2.0,1,915600.0,0.5,2025,1,Rookie
57366,Cameron Young,60,31.666666666666668,2.0,3,831600.0,1.0,2024,2,Experienced
57366,Cameron Young,61,27.5,8.0,4,546130.0,1.0,2025,1,Experienced
57366,Cameron Young,62,11.5,1.0,2,1555658.33,1.0,2025,1,Familiar
57461,Petr Hruby,25,,,0,0.0,0.0,2025,1,Rookie
57492,Eugenio Chacarra,20,,,0,0.0,0.0,2025,1,Rookie
57492,Eugenio Chacarra,34,,,0,0.0,0.0,2025,1,Rookie
57492,Eugenio Chacarra,43,45.0,45.0,1,0.0,1.0,2022,4,Rookie
57492,Eugenio Chacarra,53,,,0,0.0,0.0,2024,2,Rookie
57492,Eugenio Chacarra,60,,,0,0.0,0.0,2022,4,Rookie
57586,Jesper Svensson,0,14.0,14.0,1,140700.0,1.0,2025,1,Rookie
57586,Jesper Svensson,1,,,0,0.0,0.0,2025,1,Rookie
57586,Jesper Svensson,5,15.0,15.0,1,97500.0,1.0,2025,1,Rookie
57586,Jesper Svensson,10,46.0,46.0,1,25880.71,1.0,2025,1,Rookie
57586,Jesper Svensson,13,,,0,0.0,0.0,2025,1,Rookie
57586,Jesper Svensson,15,32.0,32.0,1,52637.14,1.0,2025,1,Rookie
57586,Jesper Svensson,16,,,0,0.0,0.0,2025,1,Rookie
57586,Jesper Svensson,20,38.5,34.0,2,97740.0,1.0,2025,1,Familiar
57586,Jesper Svensson,25,44.0,44.0,1,24964.8,1.0,2025,1,Rookie
57586,Jesper Svensson,29,49.0,49.0,1,18573.33,1.0,2025,1,Rookie
57586,Jesper Svensson,32,61.0,61.0,1,9000.0,1.0,2025,1,Rookie
57586,Jesper Svensson,34,53.0,53.0,1,32587.14,1.0,2024,2,Rookie
57586,Jesper Svensson,35,42.0,42.0,1,81687.5,1.0,2025,1,Rookie
57586,Jesper Svensson,37,18.0,18.0,1,125276.67,1.0,2025,1,Rookie
57586,Jesper Svensson,39,,,0,0.0,0.0,2025,1,Rookie
57586,Jesper Svensson,41,51.0,51.0,1,16399.09,1.0,2025,1,Rookie
57586,Jesper Svensson,43,48.0,48.0,1,15214.29,1.0,2025,1,Rookie
57586,Jesper Svensson,48,10.0,10.0,1,195025.0,1.0,2025,1,Rookie
57586,Jesper Svensson,49,27.0,27.0,1,67925.0,1.0,2025,1,Rookie
57586,Jesper Svensson,56,33.0,33.0,1,50666.67,1.0,2025,1,Rookie
57586,Jesper Svensson,57,64.0,64.0,1,18705.0,1.0,2025,1,Rookie
57586,Jesper Svensson,61,63.0,63.0,1,19964.0,1.0,2025,1,Rookie
57586,Jesper Svensson,62,,,0,0.0,0.0,2025,1,Rookie
57593,Ian Gilligan,46,16.0,16.0,1,0.0,1.0,2024,2,Rookie
57625,Trent Phillips,32,31.0,31.0,1,25000.0,1.0,2025,1,Rookie
57625,Trent Phillips,53,,,0,0.0,0.0,2025,1,Rookie
57625,Trent Phillips,55,,,0,0.0,0.0,2021,5,Rookie
57625,Trent Phillips,62,,,0,0.0,0.0,2022,4,Rookie
57688,Casey Jarvis,24,,,0,0.0,0.0,2025,1,Rookie
57688,Casey Jarvis,53,,,0,0.0,0.0,2024,2,Rookie
57725,Angus Flanagan,0,,,0,0.0,0.0,2021,5,Rookie
57725,Angus Flanagan,19,,,0,0.0,0.0,2021,5,Rookie
57736,Matthew McClean,53,,,0,0.0,0.0,2023,3,Rookie
57737,Jayden Schaper,6,16.0,16.0,1,52345.0,1.0,2023,3,Rookie
57737,Jayden Schaper,24,,,0,0.0,0.0,2024,2,Rookie
57860,Maxwell Moldovan,6,,,0,0.0,0.0,2023,3,Rookie
57860,Maxwell Moldovan,53,65.0,65.0,1,0.0,0.25,2025,1,Rookie
57860,Maxwell Moldovan,55,,,0,0.0,0.0,2021,5,Rookie
57865,Alexander Yang,53,,,0,0.0,0.0,2023,3,Rookie
57869,Ben James,0,,,0,0.0,0.0,2024,2,Rookie
57869,Ben James,25,,,0,0.0,0.0,2025,1,Rookie
57869,Ben James,36,,,0,0.0,0.0,2024,2,Rookie
57869,Ben James,40,44.0,44.0,1,0.0,1.0,2024,2,Rookie
57869,Ben James,51,,,0,0.0,0.0,2023,3,Rookie
57869,Ben James,56,33.0,33.0,1,0.0,1.0,2025,1,Rookie
57869,Benjamin James,53,,,0,0.0,0.0,2025,1,Rookie
57869,Benjamin James,55,,,0,0.0,0.0,2021,5,Rookie
57872,Andi Xu,39,,,0,0.0,0.0,2025,1,Rookie
57900,Chandler Phillips,0,,,0,0.0,0.0,2025,1,Rookie
57900,Chandler Phillips,1,,,0,0.0,0.0,2025,1,Rookie
57900,Chandler Phillips,5,,,0,0.0,0.0,2025,1,Rookie
57900,Chandler Phillips,7,,,0,0.0,0.0,2024,2,Rookie
57900,Chandler Phillips,10,12.0,12.0,1,180635.0,0.5,2025,1,Rookie
57900,Chandler Phillips,13,15.0,15.0,1,136719.0,0.5,2025,1,Rookie
57900,Chandler Phillips,15,,,0,0.0,0.0,2025,1,Rookie
57900,Chandler Phillips,16,73.0,70.0,2,36807.0,1.0,2025,1,Familiar
57900,Chandler Phillips,20,,,0,0.0,0.0,2024,2,Rookie
57900,Chandler Phillips,24,,,0,0.0,0.0,2025,1,Rookie
57900,Chandler Phillips,25,44.0,44.0,1,29200.0,0.5,2025,1,Rookie
57900,Chandler Phillips,28,24.0,24.0,1,61695.0,1.0,2024,2,Rookie
57900,Chandler Phillips,29,34.0,34.0,1,35159.09,1.0,2025,1,Rookie
57900,Chandler Phillips,30,50.0,50.0,1,10180.0,1.0,2024,2,Rookie
57900,Chandler Phillips,32,,,0,0.0,0.0,2025,1,Rookie
57900,Chandler Phillips,35,61.0,61.0,1,54500.0,1.0,2025,1,Rookie
57900,Chandler Phillips,36,13.0,13.0,1,86515.38,0.5,2025,1,Rookie
57900,Chandler Phillips,37,37.0,10.0,2,249216.0,1.0,2025,1,Familiar
57900,Chandler Phillips,38,55.0,55.0,1,46200.0,1.0,2024,2,Rookie
57900,Chandler Phillips,39,13.0,13.0,1,172000.0,1.0,2025,1,Rookie
57900,Chandler Phillips,40,67.0,67.0,1,19412.0,1.0,2024,2,Rookie
57900,Chandler Phillips,41,11.0,11.0,1,184300.0,0.5,2025,1,Rookie
57900,Chandler Phillips,43,38.5,33.0,2,61870.0,1.0,2025,1,Familiar
57900,Chandler Phillips,46,,,0,0.0,0.0,2024,2,Rookie
57900,Chandler Phillips,48,57.0,57.0,1,18592.0,0.5,2025,1,Rookie
57900,Chandler Phillips,49,38.5,32.0,2,77413.45999999999,1.0,2025,1,Familiar
57900,Chandler Phillips,56,41.0,18.0,2,131918.0,0.6666666666666666,2025,1,Familiar
57900,Chandler Phillips,57,22.5,3.0,2,527355.0,1.0,2025,1,Familiar
57900,Chandler Phillips,61,49.0,49.0,1,22586.0,1.0,2025,1,Rookie
57900,Chandler Phillips,62,36.0,34.0,2,83240.0,1.0,2025,1,Familiar
57900,Chandler Phillips,63,33.0,33.0,1,44922.5,1.0,2024,2,Rookie
57944,Andy Ogletree,4,,,0,0.0,0.0,2021,5,Rookie
57944,Andy Ogletree,16,,,0,0.0,0.0,2021,5,Rookie
57944,Andy Ogletree,34,,,0,0.0,0.0,2024,2,Rookie
57944,Andy Ogletree,43,51.0,51.0,1,17234.0,1.0,2022,4,Rookie
57944,Andy Ogletree,48,,,0,0.0,0.0,2022,4,Rookie
57944,Andy Ogletree,54,,,0,0.0,0.0,2021,5,Rookie
57975,Harry Hall,0,24.0,24.0,1,61695.0,0.5,2024,2,Rookie
57975,Harry Hall,1,36.333333333333336,21.0,3,127971.77,1.0,2025,1,Experienced
57975,Harry Hall,3,83.0,83.0,1,16910.0,1.0,2023,3,Rookie
57975,Harry Hall,4,46.0,34.0,2,88300.0,1.0,2025,1,Familiar
57975,Harry Hall,7,35.0,35.0,1,37350.0,1.0,2024,2,Rookie
57975,Harry Hall,8,6.0,6.0,1,750000.0,1.0,2025,1,Rookie
57975,Harry Hall,9,39.0,39.0,1,36540.0,1.0,2023,3,Rookie
57975,Harry Hall,10,4.5,3.0,2,813025.0,0.6666666666666666,2025,1,Familiar
57975,Harry Hall,13,33.0,33.0,1,52800.0,0.5,2025,1,Rookie
57975,Harry Hall,15,,,0,0.0,0.0,2025,1,Rookie
57975,Harry Hall,16,,,0,0.0,0.0,2024,2,Rookie
57975,Harry Hall,17,22.0,22.0,1,186166.67,1.0,2025,1,Rookie
57975,Harry Hall,18,45.0,45.0,1,23964.0,0.5,2023,3,Rookie
57975,Harry Hall,20,38.5,17.0,2,143730.0,1.0,2025,1,Familiar
57975,Harry Hall,22,74.0,74.0,1,16296.0,1.0,2023,3,Rookie
57975,Harry Hall,24,1.0,1.0,1,720000.0,1.0,2024,2,Rookie
57975,Harry Hall,25,12.0,12.0,1,171600.0,1.0,2024,2,Rookie
57975,Harry Hall,28,21.5,10.0,2,223170.0,1.0,2024,2,Familiar
57975,Harry Hall,29,34.0,34.0,1,35159.09,1.0,2025,1,Rookie
57975,Harry Hall,30,40.0,40.0,1,16200.0,1.0,2024,2,Rookie
57975,Harry Hall,32,20.0,20.0,1,45480.0,1.0,2025,1,Rookie
57975,Harry Hall,34,19.0,19.0,1,193442.22,1.0,2025,1,Rookie
57975,Harry Hall,35,,,0,0.0,0.0,2025,1,Rookie
57975,Harry Hall,37,33.333333333333336,24.0,3,164641.0,1.0,2025,1,Experienced
57975,Harry Hall,39,13.0,13.0,1,172000.0,1.0,2025,1,Rookie
57975,Harry Hall,40,31.0,31.0,1,48583.08,0.5,2024,2,Rookie
57975,Harry Hall,41,,,0,0.0,0.0,2023,3,Rookie
57975,Harry Hall,43,,,0,0.0,0.0,2023,3,Rookie
57975,Harry Hall,44,8.0,8.0,1,550000.0,1.0,2025,1,Rookie
57975,Harry Hall,46,14.5,8.0,4,577860.0,1.0,2024,2,Experienced
57975,Harry Hall,48,26.666666666666668,10.0,3,276237.6,1.0,2025,1,Experienced
57975,Harry Hall,49,23.0,18.0,2,174051.11,1.0,2025,1,Familiar
57975,Harry Hall,50,17.0,17.0,1,482500.0,1.0,2025,1,Rookie
57975,Harry Hall,51,32.5,9.0,2,586000.0,1.0,2025,1,Familiar
57975,Harry Hall,53,,,0,0.0,0.0,2022,4,Rookie
57975,Harry Hall,56,37.333333333333336,26.0,3,148269.66999999998,1.0,2025,1,Experienced
57975,Harry Hall,57,60.5,54.0,2,38065.0,0.6666666666666666,2025,1,Familiar
57975,Harry Hall,60,,,0,0.0,0.0,2023,3,Rookie
57975,Harry Hall,61,41.0,41.0,1,30404.0,0.5,2025,1,Rookie
57975,Harry Hall,62,15.0,15.0,1,145550.0,0.3333333333333333,2025,1,Rookie
57975,Harry Hall,63,13.0,13.0,1,163880.0,1.0,2024,2,Rookie
58132,Kieron van Wyk,57,,,0,0.0,0.0,2025,1,Rookie
58164,Kohei Okada,48,,,0,0.0,0.0,2023,3,Rookie
58168,Davis Thompson,0,,,0,0.0,0.0,2025,1,Rookie
58168,Davis Thompson,1,26.5,2.0,2,893032.0,1.0,2025,1,Familiar
58168,Davis Thompson,2,47.5,42.0,2,84414.0,0.6666666666666666,2025,1,Familiar
58168,Davis Thompson,3,70.0,70.0,1,19190.0,1.0,2023,3,Rookie
58168,Davis Thompson,4,58.0,58.0,1,39250.0,1.0,2025,1,Rookie
58168,Davis Thompson,5,,,0,0.0,0.0,2025,1,Rookie
58168,Davis Thompson,6,31.0,31.0,1,20475.0,1.0,2021,5,Rookie
58168,Davis Thompson,8,41.0,41.0,1,94000.0,1.0,2024,2,Rookie
58168,Davis Thompson,9,43.0,43.0,1,30660.0,1.0,2023,3,Rookie
58168,Davis Thompson,10,17.0,17.0,1,120835.0,0.5,2025,1,Rookie
58168,Davis Thompson,13,,,0,0.0,0.0,2024,2,Rookie
58168,Davis Thompson,15,47.0,47.0,1,23880.0,0.5,2025,1,Rookie
58168,Davis Thompson,16,69.0,69.0,1,17835.0,0.5,2024,2,Rookie
58168,Davis Thompson,17,33.0,33.0,1,103428.57,1.0,2024,2,Rookie
58168,Davis Thompson,18,19.5,9.0,2,260532.0,1.0,2023,3,Familiar
58168,Davis Thompson,19,13.0,13.0,1,384250.0,0.5,2025,1,Rookie
58168,Davis Thompson,20,46.0,46.0,1,31369.09,1.0,2024,2,Rookie
58168,Davis Thompson,25,16.666666666666668,1.0,3,1615460.0,1.0,2025,1,Experienced
58168,Davis Thompson,27,44.0,27.0,3,242900.0,1.0,2025,1,Experienced
58168,Davis Thompson,28,24.0,24.0,1,61695.0,1.0,2024,2,Rookie
58168,Davis Thompson,30,2.0,2.0,1,356000.0,1.0,2024,2,Rookie
58168,Davis Thompson,33,35.0,35.0,1,33336.67,1.0,2021,5,Rookie
58168,Davis Thompson,34,,,0,0.0,0.0,2025,1,Rookie
58168,Davis Thompson,35,39.0,10.0,2,708500.0,0.6666666666666666,2025,1,Familiar
58168,Davis Thompson,36,19.0,19.0,1,74014.29,1.0,2025,1,Rookie
58168,Davis Thompson,37,,,0,0.0,0.0,2024,2,Rookie
58168,Davis Thompson,38,45.0,27.0,2,183400.0,1.0,2025,1,Familiar
58168,Davis Thompson,39,34.0,34.0,1,47931.43,1.0,2025,1,Rookie
58168,Davis Thompson,40,28.0,2.0,3,706455.0,1.0,2024,2,Experienced
58168,Davis Thompson,41,46.0,25.0,3,87236.48999999999,0.5,2025,1,Experienced
58168,Davis Thompson,43,34.75,16.0,4,217858.16999999998,1.0,2025,1,Experienced
58168,Davis Thompson,44,36.0,36.0,1,97750.0,1.0,2025,1,Rookie
58168,Davis Thompson,46,17.333333333333332,5.0,3,469080.0,1.0,2024,2,Experienced
58168,Davis Thompson,48,55.5,54.0,2,36841.0,0.6666666666666666,2025,1,Familiar
58168,Davis Thompson,49,24.0,21.0,2,156650.0,1.0,2025,1,Familiar
58168,Davis Thompson,51,25.0,25.0,1,154500.0,0.3333333333333333,2025,1,Rookie
58168,Davis Thompson,52,23.0,23.0,1,167142.86,1.0,2025,1,Rookie
58168,Davis Thompson,53,9.0,9.0,1,502391.0,0.3333333333333333,2025,1,Rookie
58168,Davis Thompson,54,,,0,0.0,0.0,2021,5,Rookie
58168,Davis Thompson,55,,,0,0.0,0.0,2021,5,Rookie
58168,Davis Thompson,56,45.0,45.0,1,26772.0,1.0,2024,2,Rookie
58168,Davis Thompson,57,,,0,0.0,0.0,2024,2,Rookie
58168,Davis Thompson,60,,,0,0.0,0.0,2023,3,Rookie
58168,Davis Thompson,61,25.5,15.0,2,197197.5,0.6666666666666666,2025,1,Familiar
58168,Davis Thompson,62,15.0,11.0,3,417155.0,0.75,2025,1,Experienced
58186,George Duangmanee,32,67.0,67.0,1,8560.0,1.0,2025,1,Rookie
58186,George Duangmanee,53,,,0,0.0,0.0,2025,1,Rookie
58186,George Duangmanee,55,,,0,0.0,0.0,2021,5,Rookie
58187,Jordan Hahn,57,,,0,0.0,0.0,2021,5,Rookie
58188,James Nicholas,24,,,0,0.0,0.0,2024,2,Rookie
58188,James Nicholas,53,61.0,61.0,1,43544.0,1.0,2025,1,Rookie
58188,James Nicholas,55,61.0,61.0,1,43544.0,1.0,2021,5,Rookie
58190,Andy Spencer,40,,,0,0.0,0.0,2023,3,Rookie
58192,Daniel Wetterich,6,,,0,0.0,0.0,2022,4,Rookie
58192,Daniel Wetterich,40,,,0,0.0,0.0,2021,5,Rookie
58248,Nick Bienz,40,,,0,0.0,0.0,2024,2,Rookie
58351,Josh Goldenberg,37,,,0,0.0,0.0,2025,1,Rookie
58380,Scott de Borba,18,,,0,0.0,0.0,2023,3,Rookie
58381,Kyle Mendoza,1,,,0,0.0,0.0,2025,1,Rookie
58381,Kyle Mendoza,16,65.0,65.0,1,15900.0,1.0,2021,5,Rookie
58381,Kyle Mendoza,34,,,0,0.0,0.0,2024,2,Rookie
58391,Jared Jones,34,,,0,0.0,0.0,2024,2,Rookie
58391,Jared Jones,56,,,0,0.0,0.0,2025,1,Rookie
58551,Marc-Olivier Plasse,37,,,0,0.0,0.0,2024,2,Rookie
58594,Spencer Ralston,41,,,0,0.0,0.0,2023,3,Rookie
58600,Cooper Dossey,3,,,0,0.0,0.0,2022,4,Rookie
58601,Davis Shore,32,13.0,13.0,1,69571.43,1.0,2025,1,Rookie
58601,Davis Shore,53,,,0,0.0,0.0,2022,4,Rookie
58605,Quade Cummins,0,,,0,0.0,0.0,2025,1,Rookie
58605,Quade Cummins,1,34.0,34.0,1,42093.33,1.0,2025,1,Rookie
58605,Quade Cummins,5,61.0,61.0,1,13320.0,1.0,2025,1,Rookie
58605,Quade Cummins,10,36.0,36.0,1,42334.38,1.0,2025,1,Rookie
58605,Quade Cummins,13,,,0,0.0,0.0,2025,1,Rookie
58605,Quade Cummins,15,32.0,32.0,1,52637.14,1.0,2025,1,Rookie
58605,Quade Cummins,16,,,0,0.0,0.0,2025,1,Rookie
58605,Quade Cummins,18,58.0,58.0,1,15680.0,1.0,2022,4,Rookie
58605,Quade Cummins,24,,,0,0.0,0.0,2025,1,Rookie
58605,Quade Cummins,25,57.0,57.0,1,19404.0,1.0,2025,1,Rookie
58605,Quade Cummins,29,32.0,32.0,1,46900.0,1.0,2025,1,Rookie
58605,Quade Cummins,32,27.0,27.0,1,29200.0,1.0,2025,1,Rookie
58605,Quade Cummins,36,64.0,64.0,1,13140.0,1.0,2025,1,Rookie
58605,Quade Cummins,37,,,0,0.0,0.0,2025,1,Rookie
58605,Quade Cummins,39,78.0,78.0,1,17856.0,1.0,2025,1,Rookie
58605,Quade Cummins,41,51.0,51.0,1,16399.09,1.0,2025,1,Rookie
58605,Quade Cummins,43,62.0,62.0,1,13200.0,0.3333333333333333,2025,1,Rookie
58605,Quade Cummins,48,,,0,0.0,0.0,2025,1,Rookie
58605,Quade Cummins,49,,,0,0.0,0.0,2025,1,Rookie
58605,Quade Cummins,56,33.0,33.0,1,50666.67,1.0,2025,1,Rookie
58605,Quade Cummins,57,,,0,0.0,0.0,2025,1,Rookie
58605,Quade Cummins,62,,,0,0.0,0.0,2025,1,Rookie
58619,Kevin Velo,0,,,0,0.0,0.0,2025,1,Rookie
58619,Kevin Velo,1,,,0,0.0,0.0,2025,1,Rookie
58619,Kevin Velo,5,37.0,37.0,1,27300.0,1.0,2025,1,Rookie
58619,Kevin Velo,13,,,0,0.0,0.0,2025,1,Rookie
58619,Kevin Velo,15,,,0,0.0,0.0,2025,1,Rookie
58619,Kevin Velo,16,,,0,0.0,0.0,2025,1,Rookie
58619,Kevin Velo,24,,,0,0.0,0.0,2025,1,Rookie
58619,Kevin Velo,25,,,0,0.0,0.0,2025,1,Rookie
58619,Kevin Velo,29,,,0,0.0,0.0,2025,1,Rookie
58619,Kevin Velo,32,,,0,0.0,0.0,2025,1,Rookie
58619,Kevin Velo,36,38.0,38.0,1,27300.0,1.0,2025,1,Rookie
58619,Kevin Velo,37,,,0,0.0,0.0,2025,1,Rookie
58619,Kevin Velo,39,73.0,73.0,1,18720.0,1.0,2025,1,Rookie
58619,Kevin Velo,41,,,0,0.0,0.0,2025,1,Rookie
58619,Kevin Velo,43,,,0,0.0,0.0,2025,1,Rookie
58619,Kevin Velo,48,,,0,0.0,0.0,2025,1,Rookie
58619,Kevin Velo,49,,,0,0.0,0.0,2025,1,Rookie
58619,Kevin Velo,53,,,0,0.0,0.0,2025,1,Rookie
58619,Kevin Velo,55,,,0,0.0,0.0,2021,5,Rookie
58619,Kevin Velo,56,,,0,0.0,0.0,2025,1,Rookie
58619,Kevin Velo,57,57.0,57.0,1,19749.0,1.0,2025,1,Rookie
58619,Kevin Velo,62,,,0,0.0,0.0,2025,1,Rookie
58623,Garett Reband,4,,,0,0.0,0.0,2023,3,Rookie
58624,William Buhl,37,,,0,0.0,0.0,2022,4,Rookie
58652,Sam Jones,24,,,0,0.0,0.0,2024,2,Rookie
58658,Peter Knade,41,,,0,0.0,0.0,2025,1,Rookie
58658,Peter Knade,57,,,0,0.0,0.0,2023,3,Rookie
58663,Noah Hofman,0,,,0,0.0,0.0,2023,3,Rookie
58666,Tripp Kinney,25,,,0,0.0,0.0,2021,5,Rookie
58668,Austen Christiansen,56,,,0,0.0,0.0,2025,1,Rookie
58669,Jacob Solomon,41,23.0,23.0,1,75180.0,1.0,2023,3,Rookie
58669,Jacob Solomon,53,60.0,60.0,1,42721.0,1.0,2023,3,Rookie
58690,Freddy Schott,6,,,0,0.0,0.0,2023,3,Rookie
58693,George Markham,47,64.0,64.0,1,15120.0,1.0,2021,5,Rookie
58693,George Markham,48,,,0,0.0,0.0,2023,3,Rookie
58696,Peter Kuest,0,50.0,50.0,1,19578.0,1.0,2023,3,Rookie
58696,Peter Kuest,3,14.0,14.0,1,163875.0,1.0,2023,3,Rookie
58696,Peter Kuest,6,,,0,0.0,0.0,2023,3,Rookie
58696,Peter Kuest,7,,,0,0.0,0.0,2024,2,Rookie
58696,Peter Kuest,13,,,0,0.0,0.0,2024,2,Rookie
58696,Peter Kuest,18,,,0,0.0,0.0,2023,3,Rookie
58696,Peter Kuest,25,17.0,17.0,1,112850.0,1.0,2023,3,Rookie
58696,Peter Kuest,37,57.0,57.0,1,20160.0,1.0,2023,3,Rookie
58696,Peter Kuest,40,4.0,4.0,1,370333.33,1.0,2023,3,Rookie
58696,Peter Kuest,41,13.0,13.0,1,150500.0,1.0,2023,3,Rookie
58696,Peter Kuest,42,,,0,0.0,0.0,2021,5,Rookie
58696,Peter Kuest,43,25.0,25.0,1,67376.66,1.0,2023,3,Rookie
58696,Peter Kuest,46,,,0,0.0,0.0,2023,3,Rookie
58696,Peter Kuest,56,10.0,10.0,1,223100.0,0.5,2024,2,Rookie
58696,Peter Kuest,62,45.0,45.0,1,22116.0,1.0,2023,3,Rookie
58785,Michael Herrera,16,,,0,0.0,0.0,2023,3,Rookie
58816,Marcus Byrd,16,,,0,0.0,0.0,2024,2,Rookie
58816,Marcus Byrd,19,,,0,0.0,0.0,2023,3,Rookie
58816,Marcus Byrd,22,,,0,0.0,0.0,2023,3,Rookie
58816,Marcus Byrd,24,54.0,54.0,1,9460.0,1.0,2025,1,Rookie
58816,Marcus Byrd,25,,,0,0.0,0.0,2023,3,Rookie
58816,Marcus Byrd,41,53.0,53.0,1,17925.14,1.0,2024,2,Rookie
58816,Marcus Byrd,60,,,0,0.0,0.0,2023,3,Rookie
58849,Turk Pettit,18,,,0,0.0,0.0,2022,4,Rookie
58849,Turk Pettit,28,51.0,51.0,1,17355.75,1.0,2022,4,Rookie
58849,Turk Pettit,60,31.0,31.0,1,55012.5,1.0,2022,4,Rookie
58858,Gavin Cohen,5,,,0,0.0,0.0,2025,1,Rookie
58858,Gavin Cohen,48,,,0,0.0,0.0,2025,1,Rookie
58933,Will Chandler,0,,,0,0.0,0.0,2025,1,Rookie
58933,Will Chandler,1,,,0,0.0,0.0,2025,1,Rookie
58933,Will Chandler,5,,,0,0.0,0.0,2025,1,Rookie
58933,Will Chandler,10,76.0,76.0,1,18335.0,1.0,2025,1,Rookie
58933,Will Chandler,13,,,0,0.0,0.0,2025,1,Rookie
58933,Will Chandler,15,,,0,0.0,0.0,2025,1,Rookie
58933,Will Chandler,16,,,0,0.0,0.0,2025,1,Rookie
58933,Will Chandler,24,24.0,24.0,1,37000.0,1.0,2025,1,Rookie
58933,Will Chandler,25,,,0,0.0,0.0,2025,1,Rookie
58933,Will Chandler,29,,,0,0.0,0.0,2025,1,Rookie
58933,Will Chandler,32,27.0,27.0,1,29200.0,1.0,2025,1,Rookie
58933,Will Chandler,35,61.0,61.0,1,54500.0,1.0,2025,1,Rookie
58933,Will Chandler,36,70.0,70.0,1,12480.0,1.0,2025,1,Rookie
58933,Will Chandler,37,,,0,0.0,0.0,2025,1,Rookie
58933,Will Chandler,39,,,0,0.0,0.0,2025,1,Rookie
58933,Will Chandler,41,,,0,0.0,0.0,2025,1,Rookie
58933,Will Chandler,43,55.0,55.0,1,13860.0,1.0,2025,1,Rookie
58933,Will Chandler,49,,,0,0.0,0.0,2025,1,Rookie
58933,Will Chandler,53,,,0,0.0,0.0,2025,1,Rookie
58933,Will Chandler,55,,,0,0.0,0.0,2021,5,Rookie
58933,Will Chandler,56,,,0,0.0,0.0,2025,1,Rookie
58933,Will Chandler,57,69.0,69.0,1,18183.0,1.0,2025,1,Rookie
58933,Will Chandler,61,6.0,6.0,1,310500.0,1.0,2025,1,Rookie
58933,Will Chandler,62,,,0,0.0,0.0,2025,1,Rookie
58944,Blake McShea,41,35.0,35.0,1,37945.71,1.0,2024,2,Rookie
58944,Blake McShea,62,76.0,76.0,1,14016.0,1.0,2022,4,Rookie
58945,Christian Cavaliere,53,,,0,0.0,0.0,2023,3,Rookie
58952,Kyle Hogan,58,,,0,0.0,0.0,2021,5,Rookie
58967,Trevor Werbylo,0,,,0,0.0,0.0,2023,3,Rookie
58967,Trevor Werbylo,1,41.0,41.0,1,26924.45,1.0,2023,3,Rookie
58967,Trevor Werbylo,3,,,0,0.0,0.0,2023,3,Rookie
58967,Trevor Werbylo,4,58.0,58.0,1,20250.0,1.0,2023,3,Rookie
58967,Trevor Werbylo,6,,,0,0.0,0.0,2023,3,Rookie
58967,Trevor Werbylo,9,,,0,0.0,0.0,2023,3,Rookie
58967,Trevor Werbylo,16,53.0,53.0,1,20295.86,1.0,2023,3,Rookie
58967,Trevor Werbylo,18,,,0,0.0,0.0,2023,3,Rookie
58967,Trevor Werbylo,22,49.0,49.0,1,20944.0,1.0,2023,3,Rookie
58967,Trevor Werbylo,25,,,0,0.0,0.0,2023,3,Rookie
58967,Trevor Werbylo,28,30.0,30.0,1,50435.0,1.0,2023,3,Rookie
58967,Trevor Werbylo,37,,,0,0.0,0.0,2023,3,Rookie
58967,Trevor Werbylo,40,,,0,0.0,0.0,2023,3,Rookie
58967,Trevor Werbylo,41,,,0,0.0,0.0,2023,3,Rookie
58967,Trevor Werbylo,43,,,0,0.0,0.0,2023,3,Rookie
58967,Trevor Werbylo,46,66.5,56.0,2,34676.0,1.0,2023,3,Familiar
58967,Trevor Werbylo,48,,,0,0.0,0.0,2023,3,Rookie
58967,Trevor Werbylo,56,56.0,56.0,1,20648.0,1.0,2023,3,Rookie
58967,Trevor Werbylo,57,27.0,27.0,1,53190.0,1.0,2023,3,Rookie
58967,Trevor Werbylo,62,,,0,0.0,0.0,2023,3,Rookie
58983,Kyle Cottam,41,,,0,0.0,0.0,2025,1,Rookie
58986,Zihao Jin,24,,,0,0.0,0.0,2025,1,Rookie
58989,Brandon Berry,30,,,0,0.0,0.0,2024,2,Rookie
58989,Brandon Berry,40,,,0,0.0,0.0,2024,2,Rookie
59005,Evan Brown,39,,,0,0.0,0.0,2025,1,Rookie
59018,Ryan Gerard,0,57.0,57.0,1,17706.0,1.0,2023,3,Rookie
59018,Ryan Gerard,1,51.0,51.0,1,21032.0,1.0,2025,1,Rookie
59018,Ryan Gerard,3,,,0,0.0,0.0,2023,3,Rookie
59018,Ryan Gerard,5,20.0,20.0,1,63214.29,1.0,2025,1,Rookie
59018,Ryan Gerard,6,,,0,0.0,0.0,2023,3,Rookie
59018,Ryan Gerard,8,44.0,44.0,1,84000.0,1.0,2025,1,Rookie
59018,Ryan Gerard,10,73.0,73.0,1,18810.0,1.0,2025,1,Rookie
59018,Ryan Gerard,13,,,0,0.0,0.0,2025,1,Rookie
59018,Ryan Gerard,15,25.0,25.0,1,73271.43,1.0,2025,1,Rookie
59018,Ryan Gerard,16,15.0,15.0,1,132731.67,1.0,2025,1,Rookie
59018,Ryan Gerard,17,44.0,44.0,1,64500.0,1.0,2025,1,Rookie
59018,Ryan Gerard,18,,,0,0.0,0.0,2023,3,Rookie
59018,Ryan Gerard,20,74.0,74.0,1,18360.0,1.0,2025,1,Rookie
59018,Ryan Gerard,22,4.0,4.0,1,411600.0,1.0,2023,3,Rookie
59018,Ryan Gerard,25,26.0,26.0,1,58090.0,0.5,2025,1,Rookie
59018,Ryan Gerard,27,23.0,23.0,1,208000.0,1.0,2025,1,Rookie
59018,Ryan Gerard,28,33.0,33.0,1,41066.67,1.0,2023,3,Rookie
59018,Ryan Gerard,29,17.0,17.0,1,99750.0,1.0,2025,1,Rookie
59018,Ryan Gerard,34,8.0,8.0,1,454781.11,1.0,2025,1,Rookie
59018,Ryan Gerard,35,42.0,42.0,1,81687.5,1.0,2025,1,Rookie
59018,Ryan Gerard,37,43.0,43.0,1,28530.0,1.0,2023,3,Rookie
59018,Ryan Gerard,38,27.0,27.0,1,140200.0,1.0,2025,1,Rookie
59018,Ryan Gerard,39,41.0,41.0,1,36000.0,1.0,2025,1,Rookie
59018,Ryan Gerard,40,56.0,56.0,1,19888.0,1.0,2023,3,Rookie
59018,Ryan Gerard,41,,,0,0.0,0.0,2025,1,Rookie
59018,Ryan Gerard,43,,,0,0.0,0.0,2023,3,Rookie
59018,Ryan Gerard,48,37.0,37.0,1,36975.0,1.0,2025,1,Rookie
59018,Ryan Gerard,49,9.0,9.0,1,277875.0,1.0,2025,1,Rookie
59018,Ryan Gerard,51,54.0,54.0,1,45500.0,1.0,2025,1,Rookie
59018,Ryan Gerard,52,42.0,42.0,1,70000.0,1.0,2025,1,Rookie
59018,Ryan Gerard,53,53.0,50.0,2,92628.0,0.6666666666666666,2025,1,Familiar
59018,Ryan Gerard,55,50.0,50.0,1,48207.0,1.0,2021,5,Rookie
59018,Ryan Gerard,56,29.0,2.0,2,1056148.0,1.0,2025,1,Familiar
59018,Ryan Gerard,57,64.0,57.0,2,36435.0,1.0,2025,1,Familiar
59018,Ryan Gerard,60,,,0,0.0,0.0,2023,3,Rookie
59018,Ryan Gerard,62,,,0,0.0,0.0,2025,1,Rookie
59020,Luke Schniederjans,42,,,0,0.0,0.0,2021,5,Rookie
59025,David Perkins,25,,,0,0.0,0.0,2021,5,Rookie
59077,Spencer Cross,24,25.0,25.0,1,30733.33,1.0,2024,2,Rookie
59095,Chris Gotterup,0,33.333333333333336,10.0,3,281473.72,1.0,2025,1,Experienced
59095,Chris Gotterup,1,,,0,0.0,0.0,2025,1,Rookie
59095,Chris Gotterup,6,,,0,0.0,0.0,2022,4,Rookie
59095,Chris Gotterup,8,33.0,33.0,1,119666.67,1.0,2025,1,Rookie
59095,Chris Gotterup,10,28.0,28.0,1,60978.13,0.5,2025,1,Rookie
59095,Chris Gotterup,13,19.5,15.0,2,214144.0,1.0,2025,1,Familiar
59095,Chris Gotterup,15,35.0,35.0,1,43875.0,0.5,2025,1,Rookie
59095,Chris Gotterup,16,37.5,25.0,2,96057.86,1.0,2025,1,Familiar
59095,Chris Gotterup,17,54.0,54.0,1,46800.0,1.0,2025,1,Rookie
59095,Chris Gotterup,18,51.0,51.0,1,19480.0,1.0,2023,3,Rookie
59095,Chris Gotterup,20,1.0,1.0,1,1575000.0,0.5,2025,1,Rookie
59095,Chris Gotterup,25,12.5,4.0,2,411480.0,0.6666666666666666,2025,1,Familiar
59095,Chris Gotterup,27,,,0,0.0,0.0,2024,2,Rookie
59095,Chris Gotterup,28,,,0,0.0,0.0,2024,2,Rookie
59095,Chris Gotterup,29,,,0,0.0,0.0,2025,1,Rookie
59095,Chris Gotterup,30,1.0,1.0,1,720000.0,1.0,2024,2,Rookie
59095,Chris Gotterup,32,13.0,13.0,1,69571.43,1.0,2025,1,Rookie
59095,Chris Gotterup,34,,,0,0.0,0.0,2024,2,Rookie
59095,Chris Gotterup,35,,,0,0.0,0.0,2025,1,Rookie
59095,Chris Gotterup,36,,,0,0.0,0.0,2024,2,Rookie
59095,Chris Gotterup,37,,,0,0.0,0.0,2025,1,Rookie
59095,Chris Gotterup,39,26.0,26.0,1,70080.0,1.0,2025,1,Rookie
59095,Chris Gotterup,40,58.0,49.0,2,40034.0,1.0,2024,2,Familiar
59095,Chris Gotterup,41,35.0,35.0,1,41208.75,1.0,2023,3,Rookie
59095,Chris Gotterup,43,,,0,0.0,0.0,2024,2,Rookie
59095,Chris Gotterup,44,46.0,46.0,1,62000.0,1.0,2025,1,Rookie
59095,Chris Gotterup,46,44.5,44.0,2,47850.0,1.0,2024,2,Familiar
59095,Chris Gotterup,48,,,0,0.0,0.0,2025,1,Rookie
59095,Chris Gotterup,49,37.5,18.0,2,129461.11,1.0,2025,1,Familiar
59095,Chris Gotterup,50,10.0,10.0,1,715000.0,1.0,2025,1,Rookie
59095,Chris Gotterup,51,48.0,35.0,2,85993.0,1.0,2024,2,Familiar
59095,Chris Gotterup,53,33.0,23.0,2,220821.0,1.0,2025,1,Familiar
59095,Chris Gotterup,55,23.0,23.0,1,161489.0,1.0,2021,5,Rookie
59095,Chris Gotterup,56,,,0,0.0,0.0,2025,1,Rookie
59095,Chris Gotterup,57,61.0,61.0,1,18564.0,0.5,2025,1,Rookie
59095,Chris Gotterup,61,,,0,0.0,0.0,2025,1,Rookie
59095,Chris Gotterup,62,38.0,22.0,2,96521.33,1.0,2024,2,Familiar
59095,Chris Gotterup,63,71.0,71.0,1,14705.0,1.0,2024,2,Rookie
59105,Blake Hathcoat,18,,,0,0.0,0.0,2023,3,Rookie
59105,Blake Hathcoat,25,,,0,0.0,0.0,2024,2,Rookie
59137,RJ Manke,4,,,0,0.0,0.0,2023,3,Rookie
59137,RJ Manke,48,,,0,0.0,0.0,2025,1,Rookie
59141,Matt McCarty,0,68.0,68.0,1,17472.0,1.0,2025,1,Rookie
59141,Matt McCarty,1,,,0,0.0,0.0,2025,1,Rookie
59141,Matt McCarty,5,3.0,3.0,1,260250.0,1.0,2025,1,Rookie
59141,Matt McCarty,7,1.0,1.0,1,1350000.0,1.0,2024,2,Rookie
59141,Matt McCarty,10,,,0,0.0,0.0,2025,1,Rookie
59141,Matt McCarty,13,15.0,15.0,1,136719.0,1.0,2025,1,Rookie
59141,Matt McCarty,15,48.0,48.0,1,23805.0,1.0,2025,1,Rookie
59141,Matt McCarty,16,,,0,0.0,0.0,2025,1,Rookie
59141,Matt McCarty,20,22.0,22.0,1,80625.0,1.0,2025,1,Rookie
59141,Matt McCarty,25,,,0,0.0,0.0,2025,1,Rookie
59141,Matt McCarty,29,63.0,63.0,1,15540.0,1.0,2025,1,Rookie
59141,Matt McCarty,34,,,0,0.0,0.0,2025,1,Rookie
59141,Matt McCarty,35,20.0,20.0,1,240250.0,1.0,2025,1,Rookie
59141,Matt McCarty,36,43.0,43.0,1,21900.0,1.0,2025,1,Rookie
59141,Matt McCarty,37,4.0,4.0,1,441000.0,1.0,2025,1,Rookie
59141,Matt McCarty,39,19.0,19.0,1,117984.0,1.0,2025,1,Rookie
59141,Matt McCarty,41,,,0,0.0,0.0,2024,2,Rookie
59141,Matt McCarty,43,63.0,63.0,1,16340.0,1.0,2024,2,Rookie
59141,Matt McCarty,44,53.0,53.0,1,51500.0,1.0,2025,1,Rookie
59141,Matt McCarty,46,,,0,0.0,0.0,2024,2,Rookie
59141,Matt McCarty,48,65.0,65.0,1,18444.0,1.0,2025,1,Rookie
59141,Matt McCarty,49,52.0,52.0,1,22301.25,1.0,2025,1,Rookie
59141,Matt McCarty,53,,,0,0.0,0.0,2025,1,Rookie
59141,Matt McCarty,55,,,0,0.0,0.0,2021,5,Rookie
59141,Matt McCarty,57,16.0,16.0,1,128325.0,1.0,2025,1,Rookie
59141,Matt McCarty,61,,,0,0.0,0.0,2025,1,Rookie
59141,Matt McCarty,62,8.0,8.0,1,257616.67,1.0,2025,1,Rookie
59143,Mac Meissner,0,36.5,14.0,2,158763.0,1.0,2025,1,Familiar
59143,Mac Meissner,1,68.0,68.0,1,18304.0,1.0,2025,1,Rookie
59143,Mac Meissner,3,,,0,0.0,0.0,2023,3,Rookie
59143,Mac Meissner,5,27.0,27.0,1,42000.0,1.0,2025,1,Rookie
59143,Mac Meissner,7,25.0,25.0,1,52912.5,1.0,2024,2,Rookie
59143,Mac Meissner,10,16.5,5.0,2,384596.88,1.0,2025,1,Familiar
59143,Mac Meissner,13,65.0,65.0,1,21186.0,0.5,2025,1,Rookie
59143,Mac Meissner,15,53.0,53.0,1,21390.0,0.5,2025,1,Rookie
59143,Mac Meissner,16,52.0,52.0,1,22645.5,0.5,2025,1,Rookie
59143,Mac Meissner,24,16.0,16.0,1,61000.0,0.5,2025,1,Rookie
59143,Mac Meissner,25,20.0,20.0,1,106000.0,0.5,2025,1,Rookie
59143,Mac Meissner,28,,,0,0.0,0.0,2024,2,Rookie
59143,Mac Meissner,29,,,0,0.0,0.0,2025,1,Rookie
59143,Mac Meissner,30,13.0,13.0,1,78333.33,1.0,2024,2,Rookie
59143,Mac Meissner,32,,,0,0.0,0.0,2025,1,Rookie
59143,Mac Meissner,35,42.0,42.0,1,81687.5,1.0,2025,1,Rookie
59143,Mac Meissner,36,47.0,47.0,1,16620.0,0.5,2025,1,Rookie
59143,Mac Meissner,37,57.0,57.0,1,21526.0,0.5,2025,1,Rookie
59143,Mac Meissner,39,,,0,0.0,0.0,2025,1,Rookie
59143,Mac Meissner,40,,,0,0.0,0.0,2024,2,Rookie
59143,Mac Meissner,41,18.0,18.0,1,99750.0,1.0,2025,1,Rookie
59143,Mac Meissner,43,25.5,14.0,2,141080.0,1.0,2025,1,Familiar
59143,Mac Meissner,48,21.0,21.0,1,80088.33,1.0,2025,1,Rookie
59143,Mac Meissner,49,39.0,39.0,1,36575.0,0.5,2025,1,Rookie
59143,Mac Meissner,53,,,0,0.0,0.0,2024,2,Rookie
59143,Mac Meissner,56,31.0,10.0,2,246232.5,0.6666666666666666,2025,1,Familiar
59143,Mac Meissner,57,27.0,26.0,2,115903.13,1.0,2025,1,Familiar
59143,Mac Meissner,61,,,0,0.0,0.0,2025,1,Rookie
59143,Mac Meissner,62,7.0,2.0,2,1038765.0,1.0,2025,1,Familiar
59143,Mac Meissner,63,27.0,27.0,1,57035.0,1.0,2024,2,Rookie
59146,Sam Murphy,43,,,0,0.0,0.0,2023,3,Rookie
59160,John Pak,0,,,0,0.0,0.0,2025,1,Rookie
59160,John Pak,1,,,0,0.0,0.0,2025,1,Rookie
59160,John Pak,2,52.0,52.0,1,28170.0,1.0,2022,4,Rookie
59160,John Pak,4,,,0,0.0,0.0,2023,3,Rookie
59160,John Pak,5,,,0,0.0,0.0,2025,1,Rookie
59160,John Pak,6,,,0,0.0,0.0,2021,5,Rookie
59160,John Pak,10,28.0,28.0,1,60978.13,0.5,2025,1,Rookie
59160,John Pak,13,70.0,70.0,1,20295.0,1.0,2025,1,Rookie
59160,John Pak,16,56.0,56.0,1,21390.0,1.0,2025,1,Rookie
59160,John Pak,24,,,0,0.0,0.0,2025,1,Rookie
59160,John Pak,25,,,0,0.0,0.0,2025,1,Rookie
59160,John Pak,27,,,0,0.0,0.0,2022,4,Rookie
59160,John Pak,29,17.0,17.0,1,99750.0,1.0,2025,1,Rookie
59160,John Pak,32,,,0,0.0,0.0,2025,1,Rookie
59160,John Pak,33,,,0,0.0,0.0,2021,5,Rookie
59160,John Pak,36,64.0,64.0,1,13140.0,1.0,2025,1,Rookie
59160,John Pak,37,27.0,27.0,1,64353.33,1.0,2025,1,Rookie
59160,John Pak,39,,,0,0.0,0.0,2025,1,Rookie
59160,John Pak,40,,,0,0.0,0.0,2021,5,Rookie
59160,John Pak,41,7.0,7.0,1,166886.36,1.0,2025,1,Rookie
59160,John Pak,43,,,0,0.0,0.0,2025,1,Rookie
59160,John Pak,48,,,0,0.0,0.0,2025,1,Rookie
59160,John Pak,49,69.0,69.0,1,19665.0,1.0,2025,1,Rookie
59160,John Pak,51,,,0,0.0,0.0,2021,5,Rookie
59160,John Pak,54,51.0,51.0,1,0.0,1.0,2021,5,Rookie
59160,John Pak,56,52.0,52.0,1,23132.5,1.0,2025,1,Rookie
59160,John Pak,57,64.0,64.0,1,18705.0,1.0,2025,1,Rookie
59160,John Pak,62,,,0,0.0,0.0,2025,1,Rookie
59164,James Piot,2,,,0,0.0,0.0,2022,4,Rookie
59164,James Piot,10,,,0,0.0,0.0,2022,4,Rookie
59164,James Piot,27,,,0,0.0,0.0,2022,4,Rookie
59164,James Piot,38,,,0,0.0,0.0,2022,4,Rookie
59164,James Piot,39,73.0,73.0,1,18720.0,1.0,2025,1,Rookie
59164,James Piot,53,,,0,0.0,0.0,2022,4,Rookie
59184,Ben Sigel,28,,,0,0.0,0.0,2024,2,Rookie
59191,Vijay Srinivasan,46,,,0,0.0,0.0,2023,3,Rookie
59203,Joey Vrzich,16,,,0,0.0,0.0,2023,3,Rookie
59203,Joey Vrzich,53,,,0,0.0,0.0,2024,2,Rookie
59243,Connor Howe,5,56.0,56.0,1,13860.0,1.0,2025,1,Rookie
59283,George Kneiser,53,,,0,0.0,0.0,2025,1,Rookie
59283,George Kneiser,55,,,0,0.0,0.0,2021,5,Rookie
59283,George Kneiser,62,,,0,0.0,0.0,2024,2,Rookie
59395,Eduard Rousaud,54,,,0,0.0,0.0,2021,5,Rookie
59409,Ashton McCulloch,37,,,0,0.0,0.0,2025,1,Rookie
59409,Ashton McCulloch,39,,,0,0.0,0.0,2025,1,Rookie
59409,Ashton McCulloch,53,,,0,0.0,0.0,2024,2,Rookie
59437,Luke Gannon,25,,,0,0.0,0.0,2022,4,Rookie
59437,Luke Gannon,53,,,0,0.0,0.0,2022,4,Rookie
59439,"Steve Watanabe, Jr",42,,,0,0.0,0.0,2021,5,Rookie
59440,Ricky Castillo,0,,,0,0.0,0.0,2025,1,Rookie
59440,Ricky Castillo,1,43.0,43.0,1,27236.0,1.0,2025,1,Rookie
59440,Ricky Castillo,5,,,0,0.0,0.0,2025,1,Rookie
59440,Ricky Castillo,10,59.0,59.0,1,20995.0,1.0,2025,1,Rookie
59440,Ricky Castillo,13,5.0,5.0,1,305971.88,1.0,2025,1,Rookie
59440,Ricky Castillo,15,56.0,56.0,1,21252.0,1.0,2025,1,Rookie
59440,Ricky Castillo,16,15.0,15.0,1,132731.67,1.0,2025,1,Rookie
59440,Ricky Castillo,24,34.0,34.0,1,21333.33,1.0,2025,1,Rookie
59440,Ricky Castillo,25,,,0,0.0,0.0,2025,1,Rookie
59440,Ricky Castillo,29,55.0,55.0,1,16555.0,1.0,2025,1,Rookie
59440,Ricky Castillo,32,37.0,37.0,1,17400.0,1.0,2025,1,Rookie
59440,Ricky Castillo,35,,,0,0.0,0.0,2025,1,Rookie
59440,Ricky Castillo,36,30.0,30.0,1,36825.0,1.0,2025,1,Rookie
59440,Ricky Castillo,37,,,0,0.0,0.0,2025,1,Rookie
59440,Ricky Castillo,39,,,0,0.0,0.0,2025,1,Rookie
59440,Ricky Castillo,41,3.0,3.0,1,483000.0,1.0,2025,1,Rookie
59440,Ricky Castillo,43,,,0,0.0,0.0,2025,1,Rookie
59440,Ricky Castillo,48,,,0,0.0,0.0,2025,1,Rookie
59440,Ricky Castillo,49,,,0,0.0,0.0,2025,1,Rookie
59440,Ricky Castillo,54,,,0,0.0,0.0,2021,5,Rookie
59440,Ricky Castillo,56,,,0,0.0,0.0,2025,1,Rookie
59440,Ricky Castillo,57,12.0,12.0,1,178350.0,0.5,2025,1,Rookie
59440,Ricky Castillo,62,23.0,23.0,1,82410.0,1.0,2025,1,Rookie
59441,Joe Long,26,,,0,0.0,0.0,2021,5,Rookie
59442,Parker Coody,0,,,0,0.0,0.0,2024,2,Rookie
59442,Parker Coody,3,64.0,64.0,1,20425.0,1.0,2023,3,Rookie
59442,Parker Coody,10,61.0,61.0,1,20111.0,1.0,2024,2,Rookie
59442,Parker Coody,13,,,0,0.0,0.0,2024,2,Rookie
59442,Parker Coody,15,47.0,47.0,1,23880.0,1.0,2024,2,Rookie
59442,Parker Coody,16,25.0,25.0,1,66262.5,1.0,2024,2,Rookie
59442,Parker Coody,22,,,0,0.0,0.0,2023,3,Rookie
59442,Parker Coody,24,,,0,0.0,0.0,2024,2,Rookie
59442,Parker Coody,25,,,0,0.0,0.0,2024,2,Rookie
59442,Parker Coody,28,24.0,24.0,1,61695.0,1.0,2024,2,Rookie
59442,Parker Coody,30,36.0,36.0,1,20350.0,1.0,2024,2,Rookie
59442,Parker Coody,36,,,0,0.0,0.0,2024,2,Rookie
59442,Parker Coody,37,,,0,0.0,0.0,2024,2,Rookie
59442,Parker Coody,40,,,0,0.0,0.0,2024,2,Rookie
59442,Parker Coody,43,,,0,0.0,0.0,2024,2,Rookie
59442,Parker Coody,47,,,0,0.0,0.0,2021,5,Rookie
59442,Parker Coody,48,74.0,74.0,1,16019.0,1.0,2024,2,Rookie
59442,Parker Coody,49,,,0,0.0,0.0,2024,2,Rookie
59442,Parker Coody,56,58.0,58.0,1,20148.0,1.0,2024,2,Rookie
59442,Parker Coody,57,67.0,67.0,1,17388.0,1.0,2024,2,Rookie
59442,Parker Coody,62,,,0,0.0,0.0,2024,2,Rookie
59476,Angelo Giantsopoulos,40,,,0,0.0,0.0,2024,2,Rookie
59490,Charles Jahn,25,,,0,0.0,0.0,2022,4,Rookie
59497,Jake Lane,37,,,0,0.0,0.0,2024,2,Rookie
59534,Brice Wilkinson,43,,,0,0.0,0.0,2023,3,Rookie
59547,Anthony Cordes,34,,,0,0.0,0.0,2023,3,Rookie
59547,Anthony Cordes,41,,,0,0.0,0.0,2021,5,Rookie
59548,Matt Sharpstene,6,,,0,0.0,0.0,2023,3,Rookie
59548,Matt Sharpstene,24,,,0,0.0,0.0,2024,2,Rookie
59554,Evan Kawai,48,,,0,0.0,0.0,2021,5,Rookie
59567,Emilio Gonzalez,49,74.0,74.0,1,17654.0,1.0,2024,2,Rookie
59567,Emilio Gonzalez R.,53,,,0,0.0,0.0,2025,1,Rookie
59567,Emilio Gonzalez R.,55,,,0,0.0,0.0,2021,5,Rookie
59569,Kamaiu Johnson,2,,,0,0.0,0.0,2023,3,Rookie
59569,Kamaiu Johnson,4,,,0,0.0,0.0,2021,5,Rookie
59569,Kamaiu Johnson,16,,,0,0.0,0.0,2022,4,Rookie
59569,Kamaiu Johnson,22,,,0,0.0,0.0,2021,5,Rookie
59570,Tyler Collet,15,,,0,0.0,0.0,2024,2,Rookie
59570,Tyler Collet,22,,,0,0.0,0.0,2023,3,Rookie
59570,Tyler Collet,34,,,0,0.0,0.0,2025,1,Rookie
59601,Grant Haefner,53,,,0,0.0,0.0,2025,1,Rookie
59601,Grant Haefner,55,,,0,0.0,0.0,2021,5,Rookie
59605,Tae Hoon Kim,19,,,0,0.0,0.0,2021,5,Rookie
59608,Morgan Deneen,18,,,0,0.0,0.0,2023,3,Rookie
59608,Morgan Deneen,30,,,0,0.0,0.0,2024,2,Rookie
59608,Morgan Deneen,38,,,0,0.0,0.0,2022,4,Rookie
59608,Morgan Deneen,60,,,0,0.0,0.0,2023,3,Rookie
59629,Ryan van Velzen,34,,,0,0.0,0.0,2024,2,Rookie
59647,Tommy Gibson,38,,,0,0.0,0.0,2023,3,Rookie
59647,Tommy Gibson,62,,,0,0.0,0.0,2022,4,Rookie
59652,Sam Bennett,0,,,0,0.0,0.0,2023,3,Rookie
59652,Sam Bennett,2,,,0,0.0,0.0,2022,4,Rookie
59652,Sam Bennett,27,63.0,63.0,1,43800.0,1.0,2023,3,Rookie
59652,Sam Bennett,37,20.0,20.0,1,102330.0,1.0,2023,3,Rookie
59652,Sam Bennett,40,29.0,29.0,1,58960.0,1.0,2023,3,Rookie
59652,Sam Bennett,43,,,0,0.0,0.0,2023,3,Rookie
59652,Sam Bennett,49,72.0,72.0,1,18200.0,1.0,2024,2,Rookie
59652,Sam Bennett,51,,,0,0.0,0.0,2023,3,Rookie
59652,Sam Bennett,53,54.666666666666664,43.0,3,106073.0,1.0,2024,2,Experienced
59652,Sam Bennett,56,,,0,0.0,0.0,2021,5,Rookie
59652,Sam Bennett,62,38.0,38.0,1,31540.0,1.0,2023,3,Rookie
59657,Joey Herrera,53,,,0,0.0,0.0,2025,1,Rookie
59657,Joey Herrera,55,,,0,0.0,0.0,2021,5,Rookie
59680,Jose Antonio Safa,28,,,0,0.0,0.0,2024,2,Rookie
59680,Jose Antonio Safa,29,,,0,0.0,0.0,2025,1,Rookie
59684,Jackson Markham,0,,,0,0.0,0.0,2024,2,Rookie
59692,John Sand,7,,,0,0.0,0.0,2024,2,Rookie
59743,Aguri Iwasaki,48,,,0,0.0,0.0,2024,2,Rookie
59826,Joel Moscatel,24,,,0,0.0,0.0,2025,1,Rookie
59827,Tom Vaillant,24,37.0,37.0,1,17400.0,0.5,2025,1,Rookie
59835,Shane Pearce,3,,,0,0.0,0.0,2021,5,Rookie
59836,Pierceson Coody,0,37.5,3.0,2,426306.0,1.0,2025,1,Familiar
59836,Pierceson Coody,2,14.0,14.0,1,325000.0,1.0,2023,3,Rookie
59836,Pierceson Coody,3,,,0,0.0,0.0,2023,3,Rookie
59836,Pierceson Coody,5,3.0,3.0,1,260250.0,1.0,2025,1,Rookie
59836,Pierceson Coody,7,,,0,0.0,0.0,2024,2,Rookie
59836,Pierceson Coody,10,10.5,5.0,2,463743.75,0.6666666666666666,2025,1,Familiar
59836,Pierceson Coody,13,25.0,25.0,1,79447.5,0.5,2025,1,Rookie
59836,Pierceson Coody,15,,,0,0.0,0.0,2025,1,Rookie
59836,Pierceson Coody,16,,,0,0.0,0.0,2025,1,Rookie
59836,Pierceson Coody,22,63.0,63.0,1,17808.0,1.0,2023,3,Rookie
59836,Pierceson Coody,24,2.0,2.0,1,268000.0,1.0,2024,2,Rookie
59836,Pierceson Coody,25,30.0,30.0,1,56000.0,0.5,2025,1,Rookie
59836,Pierceson Coody,28,,,0,0.0,0.0,2024,2,Rookie
59836,Pierceson Coody,30,54.0,54.0,1,9416.0,1.0,2024,2,Rookie
59836,Pierceson Coody,36,58.0,58.0,1,13740.0,1.0,2024,2,Rookie
59836,Pierceson Coody,37,35.0,35.0,1,44851.43,1.0,2024,2,Rookie
59836,Pierceson Coody,40,63.0,63.0,1,20332.0,1.0,2024,2,Rookie
59836,Pierceson Coody,41,51.0,51.0,1,16399.09,0.5,2025,1,Rookie
59836,Pierceson Coody,43,14.0,14.0,1,106500.0,0.5,2025,1,Rookie
59836,Pierceson Coody,46,39.0,39.0,1,32550.0,1.0,2024,2,Rookie
59836,Pierceson Coody,48,,,0,0.0,0.0,2024,2,Rookie
59836,Pierceson Coody,49,54.5,52.0,2,42776.25,1.0,2025,1,Familiar
59836,Pierceson Coody,56,63.5,53.0,2,39276.34,1.0,2024,2,Familiar
59836,Pierceson Coody,57,,,0,0.0,0.0,2024,2,Rookie
59836,Pierceson Coody,60,,,0,0.0,0.0,2023,3,Rookie
59836,Pierceson Coody,62,61.0,61.0,1,17696.0,0.5,2025,1,Rookie
59838,Caleb Manuel,53,,,0,0.0,0.0,2022,4,Rookie
59862,Joe Hooks,39,,,0,0.0,0.0,2025,1,Rookie
59865,Cameron Tankersley,53,,,0,0.0,0.0,2025,1,Rookie
59865,Cameron Tankersley,55,,,0,0.0,0.0,2021,5,Rookie
59866,Nick Dunlap,0,,,0,0.0,0.0,2025,1,Rookie
59866,Nick Dunlap,1,34.0,34.0,1,42093.33,1.0,2025,1,Rookie
59866,Nick Dunlap,2,48.0,48.0,1,54000.0,0.5,2025,1,Rookie
59866,Nick Dunlap,4,69.0,58.0,2,71250.0,1.0,2025,1,Familiar
59866,Nick Dunlap,5,,,0,0.0,0.0,2025,1,Rookie
59866,Nick Dunlap,8,31.0,31.0,1,142500.0,1.0,2024,2,Rookie
59866,Nick Dunlap,13,30.0,30.0,1,52293.18,1.0,2024,2,Rookie
59866,Nick Dunlap,15,53.0,53.0,1,21390.0,1.0,2024,2,Rookie
59866,Nick Dunlap,17,5.0,5.0,1,760000.0,1.0,2024,2,Rookie
59866,Nick Dunlap,19,17.0,17.0,1,270714.29,0.5,2025,1,Rookie
59866,Nick Dunlap,25,11.0,11.0,1,174300.0,0.5,2025,1,Rookie
59866,Nick Dunlap,27,28.0,12.0,2,492733.33,1.0,2025,1,Familiar
59866,Nick Dunlap,34,,,0,0.0,0.0,2025,1,Rookie
59866,Nick Dunlap,35,,,0,0.0,0.0,2025,1,Rookie
59866,Nick Dunlap,37,,,0,0.0,0.0,2025,1,Rookie
59866,Nick Dunlap,38,70.0,69.0,2,78000.0,1.0,2025,1,Familiar
59866,Nick Dunlap,39,,,0,0.0,0.0,2025,1,Rookie
59866,Nick Dunlap,40,10.0,10.0,1,206233.33,1.0,2024,2,Rookie
59866,Nick Dunlap,43,36.0,28.0,2,71560.0,1.0,2025,1,Familiar
59866,Nick Dunlap,44,55.0,55.0,1,50000.0,1.0,2025,1,Rookie
59866,Nick Dunlap,48,10.0,10.0,1,195025.0,1.0,2025,1,Rookie
59866,Nick Dunlap,49,11.0,11.0,1,211575.0,0.5,2025,1,Rookie
59866,Nick Dunlap,51,66.0,66.0,2,80250.0,1.0,2025,1,Familiar
59866,Nick Dunlap,52,69.0,69.0,1,38000.0,1.0,2025,1,Rookie
59866,Nick Dunlap,53,,,0,0.0,0.0,2025,1,Rookie
59866,Nick Dunlap,55,,,0,0.0,0.0,2021,5,Rookie
59866,Nick Dunlap,60,24.0,24.0,1,166500.0,1.0,2024,2,Rookie
59866,Nick Dunlap,61,57.0,57.0,1,20792.0,1.0,2025,1,Rookie
59866,Nick Dunlap,62,,,0,0.0,0.0,2025,1,Rookie
59868,Pete Ballo,34,,,0,0.0,0.0,2021,5,Rookie
59869,Larkin Gross,34,,,0,0.0,0.0,2025,1,Rookie
59869,Larkin Gross,60,,,0,0.0,0.0,2022,4,Rookie
59870,Derek Holmes,34,,,0,0.0,0.0,2021,5,Rookie
59871,Greg Koch,2,68.0,68.0,1,42000.0,0.5,2023,3,Rookie
59871,Greg Koch,34,,,0,0.0,0.0,2025,1,Rookie
59871,Greg Koch,57,,,0,0.0,0.0,2025,1,Rookie
59872,Brad Marek,4,,,0,0.0,0.0,2022,4,Rookie
59872,Brad Marek,34,78.0,78.0,1,18800.0,0.5,2024,2,Rookie
59873,Tim Pearce,34,,,0,0.0,0.0,2021,5,Rookie
59874,Patrick Rada,34,,,0,0.0,0.0,2021,5,Rookie
59942,Brian Keiser,51,,,0,0.0,0.0,2021,5,Rookie
60004,Jacob Bridgeman,0,19.0,19.0,1,99549.0,0.5,2025,1,Rookie
60004,Jacob Bridgeman,1,21.0,21.0,1,83270.0,1.0,2025,1,Rookie
60004,Jacob Bridgeman,2,15.0,15.0,1,349000.0,1.0,2025,1,Rookie
60004,Jacob Bridgeman,6,78.0,78.0,1,6919.0,1.0,2022,4,Rookie
60004,Jacob Bridgeman,7,46.0,46.0,1,20137.5,1.0,2024,2,Rookie
60004,Jacob Bridgeman,8,19.0,19.0,1,272750.0,1.0,2025,1,Rookie
60004,Jacob Bridgeman,10,,,0,0.0,0.0,2025,1,Rookie
60004,Jacob Bridgeman,13,,,0,0.0,0.0,2025,1,Rookie
60004,Jacob Bridgeman,15,15.0,2.0,2,877814.29,1.0,2025,1,Familiar
60004,Jacob Bridgeman,16,70.0,70.0,1,18270.0,0.5,2025,1,Rookie
60004,Jacob Bridgeman,17,17.0,17.0,1,281000.0,1.0,2025,1,Rookie
60004,Jacob Bridgeman,18,55.0,55.0,1,18560.0,1.0,2023,3,Rookie
60004,Jacob Bridgeman,20,75.0,75.0,1,18000.0,1.0,2025,1,Rookie
60004,Jacob Bridgeman,24,,,0,0.0,0.0,2024,2,Rookie
60004,Jacob Bridgeman,25,5.0,5.0,1,278250.0,0.5,2025,1,Rookie
60004,Jacob Bridgeman,27,31.0,31.0,1,114857.14,1.0,2025,1,Rookie
60004,Jacob Bridgeman,28,,,0,0.0,0.0,2024,2,Rookie
60004,Jacob Bridgeman,29,34.0,34.0,1,35159.09,1.0,2025,1,Rookie
60004,Jacob Bridgeman,30,46.0,46.0,1,12240.0,1.0,2024,2,Rookie
60004,Jacob Bridgeman,34,,,0,0.0,0.0,2025,1,Rookie
60004,Jacob Bridgeman,35,50.0,50.0,1,63500.0,1.0,2025,1,Rookie
60004,Jacob Bridgeman,36,,,0,0.0,0.0,2024,2,Rookie
60004,Jacob Bridgeman,37,14.0,14.0,1,152750.0,1.0,2024,2,Rookie
60004,Jacob Bridgeman,38,61.0,61.0,1,41500.0,1.0,2025,1,Rookie
60004,Jacob Bridgeman,39,26.0,26.0,1,70080.0,1.0,2025,1,Rookie
60004,Jacob Bridgeman,40,31.0,31.0,1,48583.08,1.0,2024,2,Rookie
60004,Jacob Bridgeman,41,54.0,54.0,1,18630.0,0.3333333333333333,2025,1,Rookie
60004,Jacob Bridgeman,43,11.0,11.0,1,163020.0,0.5,2025,1,Rookie
60004,Jacob Bridgeman,46,29.0,29.0,1,47950.0,1.0,2024,2,Rookie
60004,Jacob Bridgeman,48,,,0,0.0,0.0,2025,1,Rookie
60004,Jacob Bridgeman,49,21.0,21.0,1,88725.0,0.5,2025,1,Rookie
60004,Jacob Bridgeman,50,27.0,27.0,1,367500.0,1.0,2025,1,Rookie
60004,Jacob Bridgeman,51,52.0,52.0,1,46500.0,1.0,2025,1,Rookie
60004,Jacob Bridgeman,52,4.0,4.0,1,826666.67,1.0,2025,1,Rookie
60004,Jacob Bridgeman,53,,,0,0.0,0.0,2025,1,Rookie
60004,Jacob Bridgeman,55,,,0,0.0,0.0,2021,5,Rookie
60004,Jacob Bridgeman,56,,,0,0.0,0.0,2024,2,Rookie
60004,Jacob Bridgeman,57,3.0,3.0,1,600300.0,0.5,2025,1,Rookie
60004,Jacob Bridgeman,60,,,0,0.0,0.0,2022,4,Rookie
60004,Jacob Bridgeman,61,,,0,0.0,0.0,2025,1,Rookie
60004,Jacob Bridgeman,62,25.0,12.0,2,181455.0,1.0,2025,1,Familiar
60006,Ben Carr,41,68.0,68.0,1,17388.0,1.0,2023,3,Rookie
60006,Ben Carr,53,62.0,62.0,1,0.0,1.0,2023,3,Rookie
60008,Ford Clegg,43,77.0,77.0,1,15580.0,1.0,2023,3,Rookie
60009,Reid Davenport,41,,,0,0.0,0.0,2024,2,Rookie
60014,Carson Lundell,5,,,0,0.0,0.0,2025,1,Rookie
60015,Logan McAllister,53,,,0,0.0,0.0,2024,2,Rookie
60015,Logan McAllister,56,,,0,0.0,0.0,2022,4,Rookie
60018,Cameron Sisk,16,,,0,0.0,0.0,2024,2,Rookie
60018,Cameron Sisk,21,,,0,0.0,0.0,2022,4,Rookie
60019,Jackson Suber,0,,,0,0.0,0.0,2025,1,Rookie
60019,Jackson Suber,1,,,0,0.0,0.0,2025,1,Rookie
60019,Jackson Suber,5,15.0,15.0,1,97500.0,1.0,2025,1,Rookie
60019,Jackson Suber,10,53.0,53.0,1,22261.67,1.0,2025,1,Rookie
60019,Jackson Suber,13,,,0,0.0,0.0,2025,1,Rookie
60019,Jackson Suber,15,42.0,42.0,1,33580.0,1.0,2025,1,Rookie
60019,Jackson Suber,16,56.0,56.0,1,21390.0,1.0,2025,1,Rookie
60019,Jackson Suber,24,45.0,45.0,1,13000.0,1.0,2025,1,Rookie
60019,Jackson Suber,25,,,0,0.0,0.0,2025,1,Rookie
60019,Jackson Suber,29,,,0,0.0,0.0,2025,1,Rookie
60019,Jackson Suber,32,,,0,0.0,0.0,2025,1,Rookie
60019,Jackson Suber,35,,,0,0.0,0.0,2025,1,Rookie
60019,Jackson Suber,36,,,0,0.0,0.0,2025,1,Rookie
60019,Jackson Suber,37,18.0,18.0,1,125276.67,1.0,2025,1,Rookie
60019,Jackson Suber,39,6.0,6.0,1,336000.0,1.0,2025,1,Rookie
60019,Jackson Suber,41,51.0,51.0,1,16399.09,1.0,2025,1,Rookie
60019,Jackson Suber,43,,,0,0.0,0.0,2025,1,Rookie
60019,Jackson Suber,48,6.0,6.0,1,283837.5,1.0,2025,1,Rookie
60019,Jackson Suber,49,52.0,52.0,1,22301.25,1.0,2025,1,Rookie
60019,Jackson Suber,53,73.0,73.0,1,39113.0,1.0,2024,2,Rookie
60019,Jackson Suber,56,,,0,0.0,0.0,2025,1,Rookie
60019,Jackson Suber,57,,,0,0.0,0.0,2025,1,Rookie
60019,Jackson Suber,62,,,0,0.0,0.0,2025,1,Rookie
60020,Johnny Travale,37,,,0,0.0,0.0,2023,3,Rookie
60021,Patrick Welch,16,,,0,0.0,0.0,2023,3,Rookie
60021,Patrick Welch,46,28.0,28.0,1,0.0,1.0,2023,3,Rookie
60065,Ryan Hall,0,,,0,0.0,0.0,2021,5,Rookie
60065,Ryan Hall,16,,,0,0.0,0.0,2025,1,Rookie
60065,Ryan Hall,37,,,0,0.0,0.0,2023,3,Rookie
60065,Ryan Hall,43,23.0,23.0,1,68020.0,1.0,2024,2,Rookie
60067,Joe Highsmith,0,44.0,44.0,1,27945.0,0.5,2025,1,Rookie
60067,Joe Highsmith,1,66.0,66.0,1,18656.0,1.0,2025,1,Rookie
60067,Joe Highsmith,2,,,0,0.0,0.0,2025,1,Rookie
60067,Joe Highsmith,5,,,0,0.0,0.0,2025,1,Rookie
60067,Joe Highsmith,7,6.0,6.0,1,262500.0,1.0,2024,2,Rookie
60067,Joe Highsmith,10,,,0,0.0,0.0,2025,1,Rookie
60067,Joe Highsmith,13,,,0,0.0,0.0,2024,2,Rookie
60067,Joe Highsmith,15,1.0,1.0,1,1656000.0,0.5,2025,1,Rookie
60067,Joe Highsmith,16,33.0,33.0,1,50175.0,0.5,2025,1,Rookie
60067,Joe Highsmith,17,67.0,67.0,1,41800.0,1.0,2025,1,Rookie
60067,Joe Highsmith,20,,,0,0.0,0.0,2025,1,Rookie
60067,Joe Highsmith,24,,,0,0.0,0.0,2024,2,Rookie
60067,Joe Highsmith,25,,,0,0.0,0.0,2025,1,Rookie
60067,Joe Highsmith,27,,,0,0.0,0.0,2025,1,Rookie
60067,Joe Highsmith,28,,,0,0.0,0.0,2024,2,Rookie
60067,Joe Highsmith,29,17.0,17.0,1,99750.0,1.0,2025,1,Rookie
60067,Joe Highsmith,30,,,0,0.0,0.0,2024,2,Rookie
60067,Joe Highsmith,34,8.0,8.0,1,454781.11,1.0,2025,1,Rookie
60067,Joe Highsmith,35,20.0,20.0,1,240250.0,1.0,2025,1,Rookie
60067,Joe Highsmith,36,13.0,13.0,1,86515.38,0.5,2025,1,Rookie
60067,Joe Highsmith,37,,,0,0.0,0.0,2024,2,Rookie
60067,Joe Highsmith,38,72.0,72.0,1,36000.0,1.0,2025,1,Rookie
60067,Joe Highsmith,39,34.0,34.0,1,47931.43,1.0,2025,1,Rookie
60067,Joe Highsmith,40,57.0,57.0,1,21160.0,1.0,2024,2,Rookie
60067,Joe Highsmith,41,11.0,11.0,1,184300.0,0.5,2025,1,Rookie
60067,Joe Highsmith,43,55.0,55.0,1,17480.0,1.0,2024,2,Rookie
60067,Joe Highsmith,46,16.0,16.0,1,103250.0,1.0,2024,2,Rookie
60067,Joe Highsmith,48,,,0,0.0,0.0,2025,1,Rookie
60067,Joe Highsmith,49,21.0,21.0,1,88725.0,0.5,2025,1,Rookie
60067,Joe Highsmith,51,36.0,36.0,1,90500.0,1.0,2025,1,Rookie
60067,Joe Highsmith,52,66.0,66.0,1,39750.0,1.0,2025,1,Rookie
60067,Joe Highsmith,53,,,0,0.0,0.0,2025,1,Rookie
60067,Joe Highsmith,55,,,0,0.0,0.0,2021,5,Rookie
60067,Joe Highsmith,56,51.0,51.0,1,21988.0,1.0,2024,2,Rookie
60067,Joe Highsmith,57,22.0,22.0,1,81200.0,0.5,2025,1,Rookie
60067,Joe Highsmith,61,,,0,0.0,0.0,2025,1,Rookie
60067,Joe Highsmith,62,,,0,0.0,0.0,2025,1,Rookie
60073,Martin Couvra,20,73.0,73.0,1,18540.0,1.0,2025,1,Rookie
60146,"Gregory Odom, Jr.",60,,,0,0.0,0.0,2022,4,Rookie
60165,Jose Luis Ballester,53,,,0,0.0,0.0,2025,1,Rookie
60165,Jose Luis Ballester,55,,,0,0.0,0.0,2021,5,Rookie
60165,Jose Luis Ballester Barrio,29,17.0,17.0,1,0.0,1.0,2025,1,Rookie
60165,Jose Luis Ballester Barrio,61,,,0,0.0,0.0,2025,1,Rookie
60167,Andrew Stephens,6,,,0,0.0,0.0,2022,4,Rookie
60203,Jon Mayer,30,,,0,0.0,0.0,2024,2,Rookie
60203,Jon Mayer,62,,,0,0.0,0.0,2023,3,Rookie
60215,Alex Lee,18,,,0,0.0,0.0,2023,3,Rookie
60222,Austin Wylie,28,,,0,0.0,0.0,2024,2,Rookie
60328,Cam Kellett,37,,,0,0.0,0.0,2024,2,Rookie
60365,Charles Porter,4,,,0,0.0,0.0,2023,3,Rookie
60369,Sam Bairstow,20,65.0,65.0,1,19800.0,1.0,2025,1,Rookie
60369,Sam Bairstow,24,6.0,6.0,1,130500.0,1.0,2024,2,Rookie
60369,Sam Bairstow,53,,,0,0.0,0.0,2025,1,Rookie
60369,Sam Bairstow,55,,,0,0.0,0.0,2021,5,Rookie
60371,Laird Shepherd,53,,,0,0.0,0.0,2022,4,Rookie
60386,Sudarshan Yellamaraju,37,,,0,0.0,0.0,2025,1,Rookie
60405,Bastien Amat,53,,,0,0.0,0.0,2023,3,Rookie
60495,Davis Bryant,24,,,0,0.0,0.0,2025,1,Rookie
60499,Luis Carrera,37,,,0,0.0,0.0,2023,3,Rookie
60511,Austin Duncan,32,54.0,54.0,1,9460.0,1.0,2025,1,Rookie
60511,Austin Duncan,62,,,0,0.0,0.0,2025,1,Rookie
60518,Luke Gifford,29,,,0,0.0,0.0,2025,1,Rookie
60531,Derek Hitchner,0,,,0,0.0,0.0,2023,3,Rookie
60547,Tommy Kuhl,25,,,0,0.0,0.0,2023,3,Rookie
60567,Harrison Ott,53,,,0,0.0,0.0,2025,1,Rookie
60567,Harrison Ott,55,,,0,0.0,0.0,2021,5,Rookie
60586,Isaac Simmons,53,,,0,0.0,0.0,2023,3,Rookie
60685,Andrew Beckler,53,,,0,0.0,0.0,2022,4,Rookie
60730,Matt Vick,62,,,0,0.0,0.0,2021,5,Rookie
60736,Tobias Jonsson,0,,,0,0.0,0.0,2024,2,Rookie
60767,"Blaine Hale, Jr.",0,,,0,0.0,0.0,2024,2,Rookie
60767,"Blaine Hale, Jr.",7,,,0,0.0,0.0,2024,2,Rookie
60767,"Blaine Hale, Jr.",13,,,0,0.0,0.0,2024,2,Rookie
60767,"Blaine Hale, Jr.",16,,,0,0.0,0.0,2024,2,Rookie
60767,"Blaine Hale, Jr.",24,,,0,0.0,0.0,2024,2,Rookie
60767,"Blaine Hale, Jr.",25,52.0,52.0,1,18924.44,1.0,2024,2,Rookie
60767,"Blaine Hale, Jr.",28,,,0,0.0,0.0,2024,2,Rookie
60767,"Blaine Hale, Jr.",30,,,0,0.0,0.0,2024,2,Rookie
60767,"Blaine Hale, Jr.",36,37.0,37.0,1,26100.0,1.0,2024,2,Rookie
60767,"Blaine Hale, Jr.",40,44.0,44.0,1,29164.0,1.0,2024,2,Rookie
60767,"Blaine Hale, Jr.",41,,,0,0.0,0.0,2024,2,Rookie
60767,"Blaine Hale, Jr.",43,,,0,0.0,0.0,2024,2,Rookie
60767,"Blaine Hale, Jr.",46,,,0,0.0,0.0,2024,2,Rookie
60767,"Blaine Hale, Jr.",49,,,0,0.0,0.0,2024,2,Rookie
60767,"Blaine Hale, Jr.",56,,,0,0.0,0.0,2025,1,Rookie
60767,"Blaine Hale, Jr.",57,,,0,0.0,0.0,2024,2,Rookie
60767,"Blaine Hale, Jr.",62,,,0,0.0,0.0,2024,2,Rookie
60772,Gilbert Mendez,21,,,0,0.0,0.0,2022,4,Rookie
60792,Taylor Durham,37,,,0,0.0,0.0,2023,3,Rookie
60853,Ryan Alford,16,,,0,0.0,0.0,2022,4,Rookie
60882,Thomas Rosenmueller,0,25.0,25.0,1,69020.0,1.0,2025,1,Rookie
60882,Thomas Rosenmueller,1,,,0,0.0,0.0,2025,1,Rookie
60882,Thomas Rosenmueller,5,,,0,0.0,0.0,2025,1,Rookie
60882,Thomas Rosenmueller,13,52.0,52.0,1,23710.5,1.0,2025,1,Rookie
60882,Thomas Rosenmueller,15,,,0,0.0,0.0,2025,1,Rookie
60882,Thomas Rosenmueller,16,,,0,0.0,0.0,2025,1,Rookie
60882,Thomas Rosenmueller,24,14.0,14.0,1,63400.0,1.0,2025,1,Rookie
60882,Thomas Rosenmueller,25,,,0,0.0,0.0,2025,1,Rookie
60882,Thomas Rosenmueller,29,68.0,68.0,1,14700.0,1.0,2025,1,Rookie
60882,Thomas Rosenmueller,32,,,0,0.0,0.0,2025,1,Rookie
60882,Thomas Rosenmueller,36,64.0,64.0,1,13140.0,1.0,2025,1,Rookie
60882,Thomas Rosenmueller,37,,,0,0.0,0.0,2025,1,Rookie
60882,Thomas Rosenmueller,39,51.0,51.0,1,22709.33,1.0,2025,1,Rookie
60882,Thomas Rosenmueller,41,64.0,64.0,1,15050.0,1.0,2025,1,Rookie
60882,Thomas Rosenmueller,43,29.0,29.0,1,36033.33,1.0,2025,1,Rookie
60882,Thomas Rosenmueller,48,59.0,59.0,1,19314.0,1.0,2025,1,Rookie
60882,Thomas Rosenmueller,49,,,0,0.0,0.0,2025,1,Rookie
60882,Thomas Rosenmueller,56,,,0,0.0,0.0,2025,1,Rookie
60882,Thomas Rosenmueller,57,,,0,0.0,0.0,2025,1,Rookie
60882,Thomas Rosenmueller,62,67.0,67.0,1,17220.0,1.0,2025,1,Rookie
60895,Kris Kim,13,65.0,65.0,1,0.0,0.5,2025,1,Rookie
60975,Michael Duncan,18,,,0,0.0,0.0,2022,4,Rookie
61065,Brandon Bingaman,34,,,0,0.0,0.0,2025,1,Rookie
61081,Rintaro Nakano,48,,,0,0.0,0.0,2024,2,Rookie
61143,Austin Greaser,53,61.0,61.0,1,0.0,1.0,2022,4,Rookie
61143,Austin Greaser,60,,,0,0.0,0.0,2023,3,Rookie
61145,Cohen Trolio,43,,,0,0.0,0.0,2022,4,Rookie
61193,David Puig,34,60.0,60.0,1,27014.29,0.5,2025,1,Rookie
61193,David Puig,53,47.0,39.0,2,131942.0,1.0,2024,2,Familiar
61220,Alex Goff,24,,,0,0.0,0.0,2024,2,Rookie
61352,J.P. Griffin,41,,,0,0.0,0.0,2022,4,Rookie
61520,Santiago de la Fuente,0,,,0,0.0,0.0,2024,2,Rookie
61520,Santiago de la Fuente,28,46.0,46.0,1,0.0,0.5,2024,2,Rookie
61520,Santiago de la Fuente,29,65.0,65.0,1,15190.0,1.0,2025,1,Rookie
61520,Santiago de la Fuente,53,,,0,0.0,0.0,2024,2,Rookie
61522,Michael Brennan,5,1.0,1.0,1,1080000.0,1.0,2025,1,Rookie
61522,Michael Brennan,19,,,0,0.0,0.0,2022,4,Rookie
61522,Michael Brennan,41,51.0,51.0,1,16399.09,1.0,2025,1,Rookie
61522,Michael Brennan,53,,,0,0.0,0.0,2023,3,Rookie
61534,Jeffrey Guan,36,,,0,0.0,0.0,2024,2,Rookie
62844,Tim Feenstra,34,,,0,0.0,0.0,2022,4,Rookie
62845,Austin Hurt,34,,,0,0.0,0.0,2022,4,Rookie
62846,Colin Inglis,34,,,0,0.0,0.0,2023,3,Rookie
62847,Nic Ishee,34,,,0,0.0,0.0,2025,1,Rookie
62848,Zac Oakley,34,,,0,0.0,0.0,2024,2,Rookie
63011,Quinn Riley,25,,,0,0.0,0.0,2022,4,Rookie
63011,Quinn Riley,46,,,0,0.0,0.0,2023,3,Rookie
63011,Quinn Riley,60,,,0,0.0,0.0,2023,3,Rookie
63120,Ben Lorenz,53,,,0,0.0,0.0,2022,4,Rookie
63121,William Mouw,0,7.0,7.0,1,263900.0,1.0,2025,1,Rookie
63121,William Mouw,1,,,0,0.0,0.0,2025,1,Rookie
63121,William Mouw,5,,,0,0.0,0.0,2025,1,Rookie
63121,William Mouw,10,,,0,0.0,0.0,2025,1,Rookie
63121,William Mouw,13,,,0,0.0,0.0,2025,1,Rookie
63121,William Mouw,15,,,0,0.0,0.0,2025,1,Rookie
63121,William Mouw,16,66.0,66.0,1,20088.0,1.0,2025,1,Rookie
63121,William Mouw,24,1.0,1.0,1,720000.0,1.0,2025,1,Rookie
63121,William Mouw,25,13.0,13.0,1,140600.0,0.5,2025,1,Rookie
63121,William Mouw,29,,,0,0.0,0.0,2025,1,Rookie
63121,William Mouw,32,27.0,27.0,1,29200.0,1.0,2025,1,Rookie
63121,William Mouw,37,,,0,0.0,0.0,2025,1,Rookie
63121,William Mouw,39,34.0,34.0,1,47931.43,1.0,2025,1,Rookie
63121,William Mouw,41,21.0,21.0,1,76300.0,1.0,2025,1,Rookie
63121,William Mouw,48,,,0,0.0,0.0,2025,1,Rookie
63121,William Mouw,49,47.0,47.0,1,25593.0,1.0,2025,1,Rookie
63121,William Mouw,53,,,0,0.0,0.0,2022,4,Rookie
63121,William Mouw,56,33.0,33.0,1,50666.67,1.0,2025,1,Rookie
63121,William Mouw,57,,,0,0.0,0.0,2025,1,Rookie
63121,William Mouw,62,38.0,38.0,1,36490.0,1.0,2025,1,Rookie
63123,Travis Vick,9,39.0,39.0,1,0.0,1.0,2023,3,Rookie
63123,Travis Vick,53,43.0,43.0,1,0.0,1.0,2022,4,Rookie
63125,Dylan Menante,0,,,0,0.0,0.0,2022,4,Rookie
63181,Braden Shattuck,0,,,0,0.0,0.0,2024,2,Rookie
63181,Braden Shattuck,15,,,0,0.0,0.0,2024,2,Rookie
63181,Braden Shattuck,24,,,0,0.0,0.0,2024,2,Rookie
63181,Braden Shattuck,30,,,0,0.0,0.0,2024,2,Rookie
63181,Braden Shattuck,34,72.0,72.0,1,22830.0,0.5,2024,2,Rookie
63181,Braden Shattuck,62,,,0,0.0,0.0,2024,2,Rookie
63185,Sangha Park,36,,,0,0.0,0.0,2025,1,Rookie
63196,Wenyi Ding,24,34.0,34.0,1,21333.33,1.0,2025,1,Rookie
63196,Wenyi Ding,36,,,0,0.0,0.0,2024,2,Rookie
63196,Wenyi Ding,53,,,0,0.0,0.0,2023,3,Rookie
63307,Nathan Petronzio,6,,,0,0.0,0.0,2022,4,Rookie
63307,Nathan Petronzio,25,,,0,0.0,0.0,2022,4,Rookie
63342,Barclay Brown,53,,,0,0.0,0.0,2023,3,Rookie
63343,Aldrich Potgieter,1,,,0,0.0,0.0,2025,1,Rookie
63343,Aldrich Potgieter,2,,,0,0.0,0.0,2025,1,Rookie
63343,Aldrich Potgieter,5,,,0,0.0,0.0,2025,1,Rookie
63343,Aldrich Potgieter,10,6.0,6.0,1,299725.0,1.0,2025,1,Rookie
63343,Aldrich Potgieter,13,,,0,0.0,0.0,2025,1,Rookie
63343,Aldrich Potgieter,16,15.0,15.0,1,132731.67,1.0,2025,1,Rookie
63343,Aldrich Potgieter,17,59.0,59.0,1,44600.0,1.0,2025,1,Rookie
63343,Aldrich Potgieter,20,,,0,0.0,0.0,2025,1,Rookie
63343,Aldrich Potgieter,25,,,0,0.0,0.0,2025,1,Rookie
63343,Aldrich Potgieter,27,,,0,0.0,0.0,2023,3,Rookie
63343,Aldrich Potgieter,29,2.0,2.0,1,763000.0,1.0,2025,1,Rookie
63343,Aldrich Potgieter,32,,,0,0.0,0.0,2025,1,Rookie
63343,Aldrich Potgieter,35,,,0,0.0,0.0,2025,1,Rookie
63343,Aldrich Potgieter,39,1.0,1.0,1,1728000.0,1.0,2025,1,Rookie
63343,Aldrich Potgieter,40,,,0,0.0,0.0,2023,3,Rookie
63343,Aldrich Potgieter,48,,,0,0.0,0.0,2025,1,Rookie
63343,Aldrich Potgieter,49,,,0,0.0,0.0,2025,1,Rookie
63343,Aldrich Potgieter,53,64.0,64.0,1,0.0,1.0,2023,3,Rookie
63343,Aldrich Potgieter,56,47.0,47.0,1,26809.0,1.0,2025,1,Rookie
63343,Aldrich Potgieter,57,,,0,0.0,0.0,2025,1,Rookie
63371,Chanmin Jung,14,72.0,72.0,1,17850.0,1.0,2023,3,Rookie
63454,Johnny Keefer,34,,,0,0.0,0.0,2025,1,Rookie
63454,Johnny Keefer,36,13.0,13.0,1,86515.38,1.0,2024,2,Rookie
63454,Johnny Keefer,37,,,0,0.0,0.0,2025,1,Rookie
63454,Johnny Keefer,41,7.0,7.0,1,166886.36,1.0,2025,1,Rookie
63454,Johnny Keefer,53,61.0,61.0,1,43544.0,1.0,2025,1,Rookie
63454,Johnny Keefer,55,61.0,61.0,1,43544.0,1.0,2021,5,Rookie
63455,Ross Steelman,13,25.0,25.0,1,79447.5,1.0,2025,1,Rookie
63455,Ross Steelman,25,,,0,0.0,0.0,2023,3,Rookie
63455,Ross Steelman,40,,,0,0.0,0.0,2023,3,Rookie
63455,Ross Steelman,43,65.0,65.0,1,17466.0,1.0,2023,3,Rookie
63457,Palmer Jackson,41,,,0,0.0,0.0,2023,3,Rookie
63459,Dan Bradbury,20,75.0,75.0,1,18180.0,0.3333333333333333,2025,1,Rookie
63544,Patrick Sheehan,15,,,0,0.0,0.0,2025,1,Rookie
63548,Chase Sienkiewicz,18,,,0,0.0,0.0,2023,3,Rookie
63617,Ryggs Johnston,20,,,0,0.0,0.0,2025,1,Rookie
63659,Joseph Hanko,43,,,0,0.0,0.0,2023,3,Rookie
63671,William Knauth,3,,,0,0.0,0.0,2023,3,Rookie
63768,Harrison Kingsley,16,,,0,0.0,0.0,2023,3,Rookie
63774,Caleb Hicks,43,,,0,0.0,0.0,2024,2,Rookie
63776,Jack Wall,19,,,0,0.0,0.0,2023,3,Rookie
63806,Hunter Logan,43,,,0,0.0,0.0,2024,2,Rookie
63806,Hunter Logan,56,,,0,0.0,0.0,2025,1,Rookie
63807,Neal Shipley,0,37.0,37.0,1,35235.0,1.0,2024,2,Rookie
63807,Neal Shipley,10,,,0,0.0,0.0,2025,1,Rookie
63807,Neal Shipley,24,6.0,6.0,1,130500.0,1.0,2024,2,Rookie
63807,Neal Shipley,25,,,0,0.0,0.0,2024,2,Rookie
63807,Neal Shipley,36,13.0,13.0,1,86515.38,1.0,2024,2,Rookie
63807,Neal Shipley,40,20.0,20.0,1,113068.0,1.0,2024,2,Rookie
63807,Neal Shipley,46,41.0,41.0,1,28350.0,1.0,2024,2,Rookie
63807,Neal Shipley,53,26.0,26.0,1,0.0,1.0,2024,2,Rookie
63807,Neal Shipley,57,47.0,47.0,1,23701.29,1.0,2025,1,Rookie
63958,Taylor Lowe,18,,,0,0.0,0.0,2023,3,Rookie
63964,Derek Deminsky,46,,,0,0.0,0.0,2023,3,Rookie
64052,Angel Ayora,24,50.0,50.0,1,10180.0,1.0,2025,1,Rookie
64054,Caleb Surratt,1,,,0,0.0,0.0,2023,3,Rookie
64054,Caleb Surratt,16,,,0,0.0,0.0,2023,3,Rookie
64136,Jesse Massie,6,,,0,0.0,0.0,2023,3,Rookie
64266,Michael Castillo,48,,,0,0.0,0.0,2023,3,Rookie
64267,Blaze Akana,48,,,0,0.0,0.0,2024,2,Rookie
64431,David Nyfjall,13,,,0,0.0,0.0,2024,2,Rookie
64431,David Nyfjall,53,,,0,0.0,0.0,2023,3,Rookie
64442,Gordon Sargent,0,,,0,0.0,0.0,2025,1,Rookie
64442,Gordon Sargent,5,,,0,0.0,0.0,2025,1,Rookie
64442,Gordon Sargent,24,24.0,24.0,1,37000.0,1.0,2025,1,Rookie
64442,Gordon Sargent,25,59.5,57.0,2,18732.0,1.0,2025,1,Familiar
64442,Gordon Sargent,36,,,0,0.0,0.0,2025,1,Rookie
64442,Gordon Sargent,37,,,0,0.0,0.0,2025,1,Rookie
64442,Gordon Sargent,39,67.0,67.0,1,19776.0,1.0,2025,1,Rookie
64442,Gordon Sargent,40,,,0,0.0,0.0,2023,3,Rookie
64442,Gordon Sargent,41,,,0,0.0,0.0,2025,1,Rookie
64442,Gordon Sargent,43,38.0,38.0,1,25500.0,1.0,2025,1,Rookie
64442,Gordon Sargent,53,39.0,39.0,1,0.0,0.5,2024,2,Rookie
64442,Gordon Sargent,62,,,0,0.0,0.0,2025,1,Rookie
64576,Nick Gabrelcik,57,69.0,69.0,1,0.0,0.3333333333333333,2025,1,Rookie
64594,Angel Hidalgo Portillo,6,30.0,30.0,1,24890.0,1.0,2023,3,Rookie
64594,Angel Hidalgo Portillo,20,,,0,0.0,0.0,2025,1,Rookie
64594,Angel Hidalgo Portillo,24,16.0,16.0,1,61000.0,1.0,2024,2,Rookie
64624,Tommy Morrison,13,,,0,0.0,0.0,2025,1,Rookie
64690,Omar Morales,28,,,0,0.0,0.0,2024,2,Rookie
64690,Omar Morales,53,,,0,0.0,0.0,2024,2,Rookie
64692,Erich Fortlage,29,,,0,0.0,0.0,2025,1,Rookie
64693,Matthew Riedel,0,,,0,0.0,0.0,2025,1,Rookie
64693,Matthew Riedel,1,51.0,51.0,1,21032.0,1.0,2025,1,Rookie
64693,Matthew Riedel,5,,,0,0.0,0.0,2025,1,Rookie
64693,Matthew Riedel,13,,,0,0.0,0.0,2025,1,Rookie
64693,Matthew Riedel,15,65.0,65.0,1,19872.0,1.0,2025,1,Rookie
64693,Matthew Riedel,16,,,0,0.0,0.0,2025,1,Rookie
64693,Matthew Riedel,24,,,0,0.0,0.0,2025,1,Rookie
64693,Matthew Riedel,25,,,0,0.0,0.0,2025,1,Rookie
64693,Matthew Riedel,29,,,0,0.0,0.0,2025,1,Rookie
64693,Matthew Riedel,32,,,0,0.0,0.0,2025,1,Rookie
64693,Matthew Riedel,36,,,0,0.0,0.0,2025,1,Rookie
64693,Matthew Riedel,37,,,0,0.0,0.0,2025,1,Rookie
64693,Matthew Riedel,39,26.0,26.0,1,70080.0,1.0,2025,1,Rookie
64693,Matthew Riedel,41,47.0,47.0,1,19180.0,1.0,2025,1,Rookie
64693,Matthew Riedel,43,,,0,0.0,0.0,2025,1,Rookie
64693,Matthew Riedel,49,61.0,61.0,1,20995.0,1.0,2025,1,Rookie
64693,Matthew Riedel,56,52.0,52.0,1,23132.5,1.0,2025,1,Rookie
64693,Matthew Riedel,57,,,0,0.0,0.0,2025,1,Rookie
64693,Matthew Riedel,62,38.0,38.0,1,36490.0,1.0,2025,1,Rookie
64751,Eric Rolland,0,,,0,0.0,0.0,2023,3,Rookie
64753,Chris Sanger,34,,,0,0.0,0.0,2023,3,Rookie
64754,Matt Cahill,34,,,0,0.0,0.0,2023,3,Rookie
64755,Russell Grove,34,,,0,0.0,0.0,2023,3,Rookie
65110,Brendan Valdes,0,20.0,20.0,1,95508.0,1.0,2025,1,Rookie
65110,Brendan Valdes,25,41.0,41.0,1,34860.0,1.0,2025,1,Rookie
65110,Brendan Valdes,41,72.0,72.0,1,14000.0,1.0,2025,1,Rookie
65110,Brendan Valdes,53,,,0,0.0,0.0,2024,2,Rookie
65135,Jay Giannetto,25,,,0,0.0,0.0,2025,1,Rookie
65252,Kyle Martin,40,,,0,0.0,0.0,2024,2,Rookie
65256,David Ford,0,75.0,75.0,1,16548.0,1.0,2025,1,Rookie
65256,David Ford,2,,,0,0.0,0.0,2024,2,Rookie
65256,David Ford,5,3.0,3.0,1,260250.0,1.0,2025,1,Rookie
65256,David Ford,6,58.0,58.0,1,0.0,1.0,2023,3,Rookie
65256,David Ford,10,,,0,0.0,0.0,2025,1,Rookie
65256,David Ford,20,,,0,0.0,0.0,2025,1,Rookie
65256,David Ford,25,,,0,0.0,0.0,2025,1,Rookie
65256,David Ford,36,,,0,0.0,0.0,2025,1,Rookie
65256,David Ford,37,,,0,0.0,0.0,2025,1,Rookie
65256,David Ford,39,,,0,0.0,0.0,2025,1,Rookie
65256,David Ford,41,,,0,0.0,0.0,2025,1,Rookie
65256,David Ford,43,44.0,44.0,1,19500.0,1.0,2025,1,Rookie
65256,David Ford,62,,,0,0.0,0.0,2025,1,Rookie
65280,Niklas Norgaard - DO NOT USE,6,33.0,33.0,1,19841.43,1.0,2023,3,Rookie
65310,Anders Larson,25,,,0,0.0,0.0,2024,2,Rookie
65312,Charlie Flynn,43,,,0,0.0,0.0,2024,2,Rookie
65344,Trey Cox,6,,,0,0.0,0.0,2023,3,Rookie
65374,Brandon Robinson Thompson,24,,,0,0.0,0.0,2025,1,Rookie
65374,Brandon Robinson Thompson,53,,,0,0.0,0.0,2024,2,Rookie
65408,Barend Botha,37,,,0,0.0,0.0,2025,1,Rookie
65410,John Marshall Butler,24,,,0,0.0,0.0,2024,2,Rookie
65422,Drew Doyle,24,,,0,0.0,0.0,2025,1,Rookie
65422,Drew Doyle,41,,,0,0.0,0.0,2024,2,Rookie
65426,Caden Fioroni,46,,,0,0.0,0.0,2024,2,Rookie
65443,Caleb VanArragon,0,,,0,0.0,0.0,2023,3,Rookie
65464,Cameron Huss,43,,,0,0.0,0.0,2025,1,Rookie
65469,Riley Lewis,29,76.0,76.0,1,13720.0,1.0,2025,1,Rookie
65469,Riley Lewis,53,,,0,0.0,0.0,2025,1,Rookie
65469,Riley Lewis,55,,,0,0.0,0.0,2021,5,Rookie
65496,Cole Sherwood,25,,,0,0.0,0.0,2024,2,Rookie
65496,Cole Sherwood,36,,,0,0.0,0.0,2024,2,Rookie
65547,Zac Jones,7,,,0,0.0,0.0,2024,2,Rookie
65562,Randall Hudson,32,,,0,0.0,0.0,2025,1,Rookie
65574,Zach Reuland,32,,,0,0.0,0.0,2025,1,Rookie
65577,Owen Stamper,5,37.0,37.0,1,27300.0,1.0,2025,1,Rookie
65580,Ben Warian,0,,,0,0.0,0.0,2024,2,Rookie
65587,Andre Chi,34,,,0,0.0,0.0,2025,1,Rookie
65587,Andre Chi,57,,,0,0.0,0.0,2025,1,Rookie
65880,Gunnar Broin,53,70.0,70.0,1,0.0,1.0,2024,2,Rookie
65955,Matthew Watkins,29,,,0,0.0,0.0,2025,1,Rookie
65994,Joe Sullivan,56,,,0,0.0,0.0,2024,2,Rookie
66144,Maxwell Ford,41,,,0,0.0,0.0,2023,3,Rookie
66190,Steve Bogdanoff,62,,,0,0.0,0.0,2024,2,Rookie
66248,Justin Hastings,29,13.0,13.0,1,0.0,1.0,2025,1,Rookie
66248,Justin Hastings,36,26.0,26.0,1,48150.0,1.0,2025,1,Rookie
66248,Justin Hastings,53,55.0,55.0,1,0.0,1.0,2025,1,Rookie
66248,Justin Hastings,55,55.0,55.0,1,0.0,1.0,2021,5,Rookie
66282,José Cristóbal Islas,28,,,0,0.0,0.0,2023,3,Rookie
66282,José Cristóbal Islas,29,,,0,0.0,0.0,2025,1,Rookie
66290,Miles Russell,24,,,0,0.0,0.0,2025,1,Rookie
66290,Miles Russell,36,,,0,0.0,0.0,2025,1,Rookie
66290,Miles Russell,40,,,0,0.0,0.0,2024,2,Rookie
66343,Alex Welch,56,,,0,0.0,0.0,2024,2,Rookie
66346,Bryan Kim,53,,,0,0.0,0.0,2024,2,Rookie
66415,Ryan Abbate,30,,,0,0.0,0.0,2024,2,Rookie
66416,Preston Stout,0,,,0,0.0,0.0,2025,1,Rookie
66417,Blades Brown,1,,,0,0.0,0.0,2025,1,Rookie
66417,Blades Brown,10,,,0,0.0,0.0,2025,1,Rookie
66417,Blades Brown,29,34.0,34.0,1,35159.09,1.0,2025,1,Rookie
66417,Blades Brown,30,26.0,26.0,1,0.0,1.0,2024,2,Rookie
66417,Blades Brown,32,37.0,37.0,1,17400.0,1.0,2025,1,Rookie
66417,Blades Brown,41,,,0,0.0,0.0,2025,1,Rookie
66417,Blades Brown,57,,,0,0.0,0.0,2025,1,Rookie
66506,Josh Bevell,34,,,0,0.0,0.0,2024,2,Rookie
66562,Justin Matthews,37,,,0,0.0,0.0,2025,1,Rookie
66583,Taisei Shimizu,53,,,0,0.0,0.0,2024,2,Rookie
66583,Taisei Shimizu,63,16.0,16.0,1,121210.0,1.0,2024,2,Rookie
66609,Cole Rueck,20,,,0,0.0,0.0,2024,2,Rookie
66624,Parker Bell,53,,,0,0.0,0.0,2024,2,Rookie
66630,Beck Burnette,43,,,0,0.0,0.0,2024,2,Rookie
66651,Jakob Chicoyne,37,,,0,0.0,0.0,2024,2,Rookie
66701,Jackson Koivun,2,48.0,48.0,1,0.0,1.0,2025,1,Rookie
66701,Jackson Koivun,16,56.0,56.0,1,0.0,1.0,2025,1,Rookie
66701,Jackson Koivun,24,6.0,6.0,1,0.0,1.0,2025,1,Rookie
66701,Jackson Koivun,25,11.0,11.0,1,0.0,1.0,2025,1,Rookie
66701,Jackson Koivun,27,52.0,52.0,1,0.0,1.0,2024,2,Rookie
66701,Jackson Koivun,36,4.0,4.0,1,0.0,1.0,2025,1,Rookie
66701,Jackson Koivun,40,,,0,0.0,0.0,2024,2,Rookie
66701,Jackson Koivun,53,,,0,0.0,0.0,2025,1,Rookie
66701,Jackson Koivun,55,,,0,0.0,0.0,2021,5,Rookie
66701,Jackson Koivun,62,5.0,5.0,1,0.0,1.0,2025,1,Rookie
66742,Jackson Buchanan,25,,,0,0.0,0.0,2024,2,Rookie
66742,Jackson Buchanan,53,,,0,0.0,0.0,2025,1,Rookie
66742,Jackson Buchanan,55,,,0,0.0,0.0,2021,5,Rookie
66743,Luke Clanton,0,61.0,61.0,1,18396.0,0.5,2025,1,Rookie
66743,Luke Clanton,5,56.0,56.0,1,13860.0,1.0,2025,1,Rookie
66743,Luke Clanton,15,18.0,18.0,1,0.0,1.0,2025,1,Rookie
66743,Luke Clanton,16,15.0,15.0,1,0.0,1.0,2025,1,Rookie
66743,Luke Clanton,20,65.0,65.0,1,19800.0,1.0,2025,1,Rookie
66743,Luke Clanton,24,37.0,37.0,1,0.0,1.0,2024,2,Rookie
66743,Luke Clanton,25,2.0,2.0,1,0.0,0.5,2025,1,Rookie
66743,Luke Clanton,36,50.0,50.0,1,0.0,0.5,2025,1,Rookie
66743,Luke Clanton,37,,,0,0.0,0.0,2025,1,Rookie
66743,Luke Clanton,39,60.0,60.0,1,21024.0,1.0,2025,1,Rookie
66743,Luke Clanton,40,10.0,10.0,1,0.0,1.0,2024,2,Rookie
66743,Luke Clanton,41,2.0,2.0,1,0.0,0.5,2025,1,Rookie
66743,Luke Clanton,43,29.0,29.0,1,36033.33,1.0,2025,1,Rookie
66743,Luke Clanton,48,,,0,0.0,0.0,2025,1,Rookie
66743,Luke Clanton,51,34.0,34.0,1,108750.0,1.0,2025,1,Rookie
66743,Luke Clanton,53,41.0,41.0,1,0.0,1.0,2024,2,Rookie
66743,Luke Clanton,57,42.0,42.0,1,0.0,1.0,2025,1,Rookie
66743,Luke Clanton,61,,,0,0.0,0.0,2025,1,Rookie
66743,Luke Clanton,62,36.0,5.0,2,17220.0,1.0,2025,1,Familiar
66744,Colin Prater,53,,,0,0.0,0.0,2024,2,Rookie
66745,Wells Williams,53,,,0,0.0,0.0,2024,2,Rookie
66862,Patrick Pockels,56,,,0,0.0,0.0,2025,1,Rookie
67090,Dominic Clemons,39,,,0,0.0,0.0,2025,1,Rookie
67091,Matthew Adams,36,,,0,0.0,0.0,2025,1,Rookie
67118,Kihei Akina,5,,,0,0.0,0.0,2025,1,Rookie
67118,Kihei Akina,7,,,0,0.0,0.0,2024,2,Rookie
67198,Sebastian Moss,5,27.0,27.0,1,42000.0,1.0,2025,1,Rookie
67203,Trevor Gutschewski,53,,,0,0.0,0.0,2025,1,Rookie
67203,Trevor Gutschewski,55,,,0,0.0,0.0,2021,5,Rookie
67304,Nathan Franks,32,37.0,37.0,1,0.0,1.0,2025,1,Rookie
67386,Carson Herron,0,,,0,0.0,0.0,2025,1,Rookie
67386,Carson Herron,25,,,0,0.0,0.0,2025,1,Rookie
67428,Hunter Thomson,37,,,0,0.0,0.0,2025,1,Rookie
67607,Kye Meeks,43,38.0,38.0,1,25500.0,1.0,2025,1,Rookie
67652,Mao Matsuyama,48,,,0,0.0,0.0,2025,1,Rookie
67705,Scotty Kennon,62,,,0,0.0,0.0,2025,1,Rookie
67803,Bowen Mauss,7,,,0,0.0,0.0,2024,2,Rookie
67894,Jacob Modleski,41,,,0,0.0,0.0,2024,2,Rookie
67971,Cavin McCall,16,,,0,0.0,0.0,2025,1,Rookie
67986,Tyler Loree,48,,,0,0.0,0.0,2025,1,Rookie
67988,Kelly Welsh,48,,,0,0.0,0.0,2025,1,Rookie
67989,Grant Landry,43,,,0,0.0,0.0,2025,1,Rookie
68002,Gerardo Gomez,29,,,0,0.0,0.0,2025,1,Rookie
68003,Leandro Mihaich,29,,,0,0.0,0.0,2025,1,Rookie
68084,Noah Kent,13,,,0,0.0,0.0,2025,1,Rookie
68084,Noah Kent,49,,,0,0.0,0.0,2025,1,Rookie
68084,Noah Kent,53,,,0,0.0,0.0,2025,1,Rookie
68084,Noah Kent,55,,,0,0.0,0.0,2021,5,Rookie
68272,Tyler Mawhinney,37,65.0,65.0,1,0.0,1.0,2025,1,Rookie
68351,Rupe Taylor,34,,,0,0.0,0.0,2025,1,Rookie
68352,Jackson Byrd,32,54.0,54.0,1,0.0,1.0,2025,1,Rookie
68384,Michael La Sasso,0,44.0,44.0,1,0.0,1.0,2025,1,Rookie
68384,Michael La Sasso,25,,,0,0.0,0.0,2025,1,Rookie
68384,Michael La Sasso,39,,,0,0.0,0.0,2025,1,Rookie
68384,Michael La Sasso,43,,,0,0.0,0.0,2025,1,Rookie
68384,Michael La Sasso,53,,,0,0.0,0.0,2025,1,Rookie
68384,Michael La Sasso,55,,,0,0.0,0.0,2021,5,Rookie
68584,Matthew Javier,37,,,0,0.0,0.0,2025,1,Rookie
68606,Frankie Harris,53,,,0,0.0,0.0,2025,1,Rookie
68606,Frankie Harris,55,,,0,0.0,0.0,2021,5,Rookie
68607,Mason Howell,41,,,0,0.0,0.0,2025,1,Rookie
68607,Mason Howell,53,,,0,0.0,0.0,2025,1,Rookie
68607,Mason Howell,55,,,0,0.0,0.0,2021,5,Rookie
68608,Bryan Lee,53,,,0,0.0,0.0,2025,1,Rookie
68608,Bryan Lee,55,,,0,0.0,0.0,2021,5,Rookie
68610,Zach Pollo,53,,,0,0.0,0.0,2025,1,Rookie
68610,Zach Pollo,55,,,0,0.0,0.0,2021,5,Rookie
68612,Tyler Weaver,53,,,0,0.0,0.0,2025,1,Rookie
68612,Tyler Weaver,55,,,0,0.0,0.0,2021,5,Rookie
68613,Matt Vogt,53,,,0,0.0,0.0,2025,1,Rookie
68613,Matt Vogt,55,,,0,0.0,0.0,2021,5,Rookie
68614,Lance Simpson,53,,,0,0.0,0.0,2025,1,Rookie
68614,Lance Simpson,55,,,0,0.0,0.0,2021,5,Rookie
68831,Hongtaek Kim,20,,,0,0.0,0.0,2025,1,Rookie
68932,Ethan Fang,36,,,0,0.0,0.0,2025,1,Rookie
68982,Carson Johnson,24,,,0,0.0,0.0,2025,1,Rookie
69052,Max Herendeen,0,,,0,0.0,0.0,2025,1,Rookie
69500,Tyler Watts,36,53.0,53.0,1,0.0,1.0,2025,1,Rookie
69738,David Liechty,5,,,0,0.0,0.0,2025,1,Rookie
69781,Matt Sanders,41,,,0,0.0,0.0,2025,1,Rookie
