tournament_id,tournament_name,year,player_id,player_name,sg_total,sg_ott,sg_app,sg_putt,sg_t2g,fetched_date
R2025493,The RSM Classic,2025,23108,Matt Kuchar,0.283,-0.582,-0.041,-0.876,-0.34,2026-01-20
R2025493,The RSM Classic,2025,23320,Ryan Palmer,0.501,0.408,0.827,0.383,1.735,2026-01-20
R2025493,The RSM Classic,2025,24925,Jonathan Byrd,-1.564,0.971,0.038,0.725,-0.556,2026-01-20
R2025493,The RSM Classic,2025,26476,Chez Reavie,0.324,-1.849,-0.414,0.108,-1.939,2026-01-20
R2025493,The RSM Classic,2025,27649,Brandt Snedeker,-0.221,0.558,0.013,-0.233,0.351,2026-01-20
R2025493,The RSM Classic,2025,28252,Seamus Power,0.31,0.657,0.771,0.765,1.738,2026-01-20
R2025493,The RSM Classic,2025,29221,Webb Simpson,0.085,0.673,0.209,0.484,0.967,2026-01-20
R2025493,The RSM Classic,2025,29535,Brice Garnett,0.495,-0.465,-0.093,0.515,-0.063,2026-01-20
R2025493,The RSM Classic,2025,30163,Henrik Norlander,0.207,1.288,0.287,-0.613,1.782,2026-01-20
R2025493,The RSM Classic,2025,30926,Chris Kirk,0.056,1.693,0.427,-0.724,2.176,2026-01-20
R2025493,The RSM Classic,2025,32448,James Hahn,-1.941,-1.013,-0.002,-0.542,-2.956,2026-01-20
R2025493,The RSM Classic,2025,32640,Troy Merritt,-0.815,0.24,0.459,-0.381,-0.116,2026-01-20
R2025493,The RSM Classic,2025,32757,Patton Kizzire,-1.125,0.937,0.504,1.493,0.343,2026-01-20
R2025493,The RSM Classic,2025,33399,Adam Hadwin,-0.06,0.071,-0.269,0.043,-0.259,2026-01-20
R2025493,The RSM Classic,2025,33413,Ben Martin,0.721,0.807,0.62,-1.03,2.148,2026-01-20
R2025493,The RSM Classic,2025,33948,Byeong Hun An,0.832,0.475,0.29,-0.145,1.596,2026-01-20
R2025493,The RSM Classic,2025,34099,Harris English,0.566,-0.424,0.249,0.111,0.392,2026-01-20
R2025493,The RSM Classic,2025,34256,Andrew Putnam,-0.175,-0.88,0.902,1.988,-0.152,2026-01-20
R2025493,The RSM Classic,2025,34587,Chan Kim,0.391,0.557,0.1,-0.93,1.048,2026-01-20
R2025493,The RSM Classic,2025,35461,Beau Hossler,0.1,-1.074,-0.168,0.311,-1.142,2026-01-20
R2025493,The RSM Classic,2025,35506,Mackenzie Hughes,0.055,0.18,0.632,-1.083,0.868,2026-01-20
R2025493,The RSM Classic,2025,35658,Kris Ventura,0.474,-0.345,-0.529,1.903,-0.4,2026-01-20
R2025493,The RSM Classic,2025,35706,Niklas Norgaard,1.008,-0.582,-0.54,1.284,-0.115,2026-01-20
R2025493,The RSM Classic,2025,36699,Patrick Rodgers,1.084,-1.369,0.72,0.067,0.436,2026-01-20
R2025493,The RSM Classic,2025,36801,Mark Hubbard,0.558,-0.47,-0.212,-0.374,-0.123,2026-01-20
R2025493,The RSM Classic,2025,36884,Ben Kohles,1.073,0.938,0.035,-0.928,2.046,2026-01-20
R2025493,The RSM Classic,2025,37275,Sam Ryder,-1.581,1.238,-0.849,2.31,-1.192,2026-01-20
R2025493,The RSM Classic,2025,37455,Si Woo Kim,1.275,0.469,0.343,0.416,2.086,2026-01-20
R2025493,The RSM Classic,2025,39327,Ben Silverman,0.25,-0.743,-0.19,-0.199,-0.683,2026-01-20
R2025493,The RSM Classic,2025,39546,Keith Mitchell,0.983,0.149,0.06,0.26,1.191,2026-01-20
R2025493,The RSM Classic,2025,40026,Daniel Berger,0.244,-0.993,-0.093,1.345,-0.842,2026-01-20
R2025493,The RSM Classic,2025,40058,Zac Blair,0.311,1.914,-0.588,0.814,1.638,2026-01-20
R2025493,The RSM Classic,2025,46340,Alex Smalley,-0.442,0.68,0.778,-1.181,1.017,2026-01-20
R2025493,The RSM Classic,2025,46601,Trey Mullinax,0.286,0.434,-0.35,1.106,0.397,2026-01-20
R2025493,The RSM Classic,2025,46646,Antoine Rozner,0.541,0.011,-0.156,1.389,0.396,2026-01-20
R2025493,The RSM Classic,2025,47079,Harrison Endycott,0.234,0.21,-0.486,0.878,-0.042,2026-01-20
R2025493,The RSM Classic,2025,47591,Eric Cole,-0.463,1.34,0.252,0.656,1.129,2026-01-20
R2025493,The RSM Classic,2025,47983,Chad Ramey,0.452,-0.46,0.176,-0.333,0.169,2026-01-20
R2025493,The RSM Classic,2025,47993,Denny McCarthy,-0.269,-0.578,-0.322,1.287,-1.169,2026-01-20
R2025493,The RSM Classic,2025,47995,Davis Riley,-1.182,0.822,-0.898,-0.239,-1.258,2026-01-20
R2025493,The RSM Classic,2025,48153,Matthieu Pavon,0.389,-1.781,0.015,-0.454,-1.377,2026-01-20
R2025493,The RSM Classic,2025,48887,Matt Wallace,-0.974,1.514,-0.211,-0.826,0.329,2026-01-20
R2025493,The RSM Classic,2025,49771,J.T. Poston,1.021,0.227,0.013,0.242,1.26,2026-01-20
R2025493,The RSM Classic,2025,51349,Nico Echavarria,0.705,-0.857,0.028,2.242,-0.124,2026-01-20
R2025493,The RSM Classic,2025,51696,Rico Hoey,0.364,0.92,-0.55,-0.283,0.734,2026-01-20
R2025493,The RSM Classic,2025,51890,Greyson Sigg,-0.222,-0.291,-0.379,0.395,-0.892,2026-01-20
R2025493,The RSM Classic,2025,51894,Vince Whaley,-0.923,0.218,0.711,0.163,0.006,2026-01-20
R2025493,The RSM Classic,2025,51950,Max McGreevy,0.91,0.469,-0.128,1.2,1.252,2026-01-20
R2025493,The RSM Classic,2025,51997,Andrew Novak,-0.244,1.198,-0.688,1.236,0.267,2026-01-20
R2025493,The RSM Classic,2025,52375,Doug Ghim,0.894,0.784,0.288,1.536,1.966,2026-01-20
R2025493,The RSM Classic,2025,52666,Sami Valimaki,0.575,0.76,0.421,1.695,1.757,2026-01-20
R2025493,The RSM Classic,2025,53165,Doc Redman,1.086,-0.166,-0.9,1.097,0.021,2026-01-20
R2025493,The RSM Classic,2025,54304,Karl Vilips,-0.403,0.199,0.272,-0.565,0.068,2026-01-20
R2025493,The RSM Classic,2025,54576,Patrick Fishburn,0.013,0.482,0.165,1.458,0.66,2026-01-20
R2025493,The RSM Classic,2025,54628,Lee Hodges,-0.708,1.258,0.43,0.856,0.98,2026-01-20
R2025493,The RSM Classic,2025,55708,Hayden Buckley,0.956,0.13,0.006,-0.922,1.092,2026-01-20
R2025493,The RSM Classic,2025,55893,Sam Stevens,1.264,0.522,0.19,0.193,1.976,2026-01-20
R2025493,The RSM Classic,2025,57362,Austin Eckroat,-0.659,1.267,-0.401,1.296,0.207,2026-01-20
R2025493,The RSM Classic,2025,57364,Michael Thorbjornsen,1.385,-0.538,0.492,-0.221,1.339,2026-01-20
R2025493,The RSM Classic,2025,57586,Jesper Svensson,0.322,0.811,0.361,-2.658,1.494,2026-01-20
R2025493,The RSM Classic,2025,58168,Davis Thompson,0.804,-0.698,0.148,-0.803,0.254,2026-01-20
R2025493,The RSM Classic,2025,58605,Quade Cummins,0.555,-1.861,-1.315,1.405,-2.621,2026-01-20
R2025493,The RSM Classic,2025,59143,Mac Meissner,0.848,0.179,-0.031,0.789,0.996,2026-01-20
R2025493,The RSM Classic,2025,59160,John Pak,0.903,1.121,0.6,-0.454,2.624,2026-01-20
R2025493,The RSM Classic,2025,59440,Ricky Castillo,-0.192,-0.146,0.656,2.133,0.318,2026-01-20
R2025493,The RSM Classic,2025,59836,Pierceson Coody,0.279,1.572,-0.137,-2.264,1.715,2026-01-20
R2025493,The RSM Classic,2025,60019,Jackson Suber,1.07,0.316,-0.595,-0.007,0.792,2026-01-20
R2025493,The RSM Classic,2025,60882,Thomas Rosenmueller,-0.629,1.124,-0.998,-0.328,-0.502,2026-01-20
R2025493,The RSM Classic,2025,61522,Michael Brennan,0.574,-0.576,-0.552,-0.61,-0.554,2026-01-20
R2025493,The RSM Classic,2025,63121,William Mouw,-0.461,0.736,0.715,-0.154,0.99,2026-01-20
R2025493,The RSM Classic,2025,63454,Johnny Keefer,-0.385,0.144,0.506,0.904,0.265,2026-01-20
R2025493,The RSM Classic,2025,64693,Matthew Riedel,0.273,-1.069,0.439,-0.525,-0.357,2026-01-20
R2025493,The RSM Classic,2025,65110,Brendan Valdes,0.008,-1.857,-0.807,-0.841,-2.657,2026-01-20
R2025554,Bank of Utah Championship,2025,25198,Francesco Molinari,0.436,0.044,0.436,-0.372,0.917,2026-01-20
R2025554,Bank of Utah Championship,2025,27649,Brandt Snedeker,-0.229,1.086,0.9,0.537,1.758,2026-01-20
R2025554,Bank of Utah Championship,2025,28089,Jason Day,-0.679,0.202,1.356,0.665,0.88,2026-01-20
R2025554,Bank of Utah Championship,2025,28252,Seamus Power,0.787,0.639,-1.109,-0.773,0.318,2026-01-20
R2025554,Bank of Utah Championship,2025,29420,Billy Horschel,-0.445,0.303,0.955,1.231,0.814,2026-01-20
R2025554,Bank of Utah Championship,2025,32757,Patton Kizzire,0.002,0.31,0.179,0.554,0.491,2026-01-20
R2025554,Bank of Utah Championship,2025,33597,Harry Higgs,-0.68,-1.803,-0.744,0.021,-3.227,2026-01-20
R2025554,Bank of Utah Championship,2025,33968,Thorbjørn Olesen,0.177,0.63,0.016,1.723,0.822,2026-01-20
R2025554,Bank of Utah Championship,2025,35532,Tom Hoge,-0.332,1.137,-0.086,-0.175,0.72,2026-01-20
R2025554,Bank of Utah Championship,2025,35658,Kris Ventura,0.757,-0.192,0.252,1.228,0.817,2026-01-20
R2025554,Bank of Utah Championship,2025,36326,David Lipsky,-0.042,0.97,-0.261,0.378,0.667,2026-01-20
R2025554,Bank of Utah Championship,2025,36699,Patrick Rodgers,1.227,0.248,0.584,-0.765,2.06,2026-01-20
R2025554,Bank of Utah Championship,2025,36799,Stephan Jaeger,-0.623,0.394,1.63,0.644,1.401,2026-01-20
R2025554,Bank of Utah Championship,2025,36824,Paul Peterson,-2.635,1.717,0.453,0.509,-0.465,2026-01-20
R2025554,Bank of Utah Championship,2025,36884,Ben Kohles,0.114,0.868,0.584,-0.022,1.567,2026-01-20
R2025554,Bank of Utah Championship,2025,37275,Sam Ryder,1.11,-0.278,-0.65,-0.138,0.183,2026-01-20
R2025554,Bank of Utah Championship,2025,39327,Ben Silverman,0.869,0.405,-0.328,1.599,0.946,2026-01-20
R2025554,Bank of Utah Championship,2025,39335,Kevin Roy,0.354,-0.389,-0.634,-0.036,-0.669,2026-01-20
R2025554,Bank of Utah Championship,2025,39977,Max Homa,0.377,0.45,0.207,1.261,1.034,2026-01-20
R2025554,Bank of Utah Championship,2025,40058,Zac Blair,0.621,0.866,-0.053,0.111,1.434,2026-01-20
R2025554,Bank of Utah Championship,2025,40115,Adam Svensson,-0.334,0.489,0.917,-1.277,1.072,2026-01-20
R2025554,Bank of Utah Championship,2025,40162,Justin Lower,0.837,0.924,0.479,0.305,2.24,2026-01-20
R2025554,Bank of Utah Championship,2025,45242,Kevin Yu,0.432,-0.225,0.07,1.518,0.277,2026-01-20
R2025554,Bank of Utah Championship,2025,45522,Christiaan Bezuidenhout,-0.642,1.108,0.557,-0.478,1.023,2026-01-20
R2025554,Bank of Utah Championship,2025,46435,Austin Cook,0.348,-0.626,0.714,0.859,0.436,2026-01-20
R2025554,Bank of Utah Championship,2025,46601,Trey Mullinax,-0.078,0.203,0.142,-0.223,0.268,2026-01-20
R2025554,Bank of Utah Championship,2025,47079,Harrison Endycott,0.187,0.634,-0.021,-0.005,0.8,2026-01-20
R2025554,Bank of Utah Championship,2025,47347,Adam Schenk,-0.161,0.426,-0.156,0.186,0.109,2026-01-20
R2025554,Bank of Utah Championship,2025,47679,Victor Perez,-0.428,0.264,-0.38,0.84,-0.545,2026-01-20
R2025554,Bank of Utah Championship,2025,47917,Takumi Kanaya,-0.215,0.041,0.782,0.437,0.608,2026-01-20
R2025554,Bank of Utah Championship,2025,47983,Chad Ramey,0.77,-0.208,0.78,-0.297,1.342,2026-01-20
R2025554,Bank of Utah Championship,2025,48117,Kurt Kitayama,0.611,0.848,0.497,-0.162,1.957,2026-01-20
R2025554,Bank of Utah Championship,2025,49453,Trevor Cone,0.36,0.063,0.121,-0.249,0.544,2026-01-20
R2025554,Bank of Utah Championship,2025,49590,Frankie Capan III,-1.847,0.265,0.6,-0.723,-0.982,2026-01-20
R2025554,Bank of Utah Championship,2025,49947,Taylor Moore,-0.715,-0.859,-0.309,0.428,-1.883,2026-01-20
R2025554,Bank of Utah Championship,2025,50474,Tim Widing,1.164,-0.981,-0.538,0.9,-0.355,2026-01-20
R2025554,Bank of Utah Championship,2025,50484,Hayden Springer,0.02,0.5,0.159,0.866,0.679,2026-01-20
R2025554,Bank of Utah Championship,2025,50582,Jeremy Paul,-0.728,-1.352,0.865,1.26,-1.216,2026-01-20
R2025554,Bank of Utah Championship,2025,51634,Sahith Theegala,0.001,0.903,0.227,0.163,1.132,2026-01-20
R2025554,Bank of Utah Championship,2025,51696,Rico Hoey,1.061,1.911,-0.14,0.213,2.832,2026-01-20
R2025554,Bank of Utah Championship,2025,51890,Greyson Sigg,0.537,2.051,0.387,-1.18,2.975,2026-01-20
R2025554,Bank of Utah Championship,2025,51894,Vince Whaley,-0.568,-0.425,0.124,1.664,-0.87,2026-01-20
R2025554,Bank of Utah Championship,2025,51950,Max McGreevy,1.319,0.295,-0.406,0.837,1.208,2026-01-20
R2025554,Bank of Utah Championship,2025,52144,Braden Thornberry,0.271,0.607,0.14,0.527,1.018,2026-01-20
R2025554,Bank of Utah Championship,2025,52372,Cameron Champ,-0.183,-0.183,0.344,0.317,-0.022,2026-01-20
R2025554,Bank of Utah Championship,2025,52375,Doug Ghim,0.335,0.506,-0.697,-1.599,0.144,2026-01-20
R2025554,Bank of Utah Championship,2025,53165,Doc Redman,0.338,0.512,0.183,0.512,1.033,2026-01-20
R2025554,Bank of Utah Championship,2025,54304,Karl Vilips,-0.869,-0.912,0.447,-0.621,-1.335,2026-01-20
R2025554,Bank of Utah Championship,2025,54607,Danny Walker,-0.65,-1.374,-0.341,1.159,-2.364,2026-01-20
R2025554,Bank of Utah Championship,2025,55623,Kaito Onishi,-1.491,-0.097,0.003,1.63,-1.586,2026-01-20
R2025554,Bank of Utah Championship,2025,55708,Hayden Buckley,-0.057,1.421,0.438,-0.507,1.802,2026-01-20
R2025554,Bank of Utah Championship,2025,56781,Isaiah Salinda,0.913,1.101,0.008,-1.477,2.022,2026-01-20
R2025554,Bank of Utah Championship,2025,57364,Michael Thorbjornsen,0.723,-0.092,-0.426,0.59,0.205,2026-01-20
R2025554,Bank of Utah Championship,2025,57586,Jesper Svensson,1.101,0.721,0.728,-0.756,2.551,2026-01-20
R2025554,Bank of Utah Championship,2025,58605,Quade Cummins,0.812,-0.736,-1.189,-0.092,-1.114,2026-01-20
R2025554,Bank of Utah Championship,2025,58619,Kevin Velo,-0.129,0.117,0.469,0.338,0.457,2026-01-20
R2025554,Bank of Utah Championship,2025,59018,Ryan Gerard,-0.615,1.692,0.925,-0.457,2.002,2026-01-20
R2025554,Bank of Utah Championship,2025,59141,Matt McCarty,0.655,-0.016,0.013,1.894,0.651,2026-01-20
R2025554,Bank of Utah Championship,2025,59143,Mac Meissner,0.475,0.846,0.152,-0.178,1.473,2026-01-20
R2025554,Bank of Utah Championship,2025,59243,Connor Howe,-1.245,0.105,0.245,0.69,-0.895,2026-01-20
R2025554,Bank of Utah Championship,2025,59836,Pierceson Coody,1.446,0.175,0.572,0.352,2.193,2026-01-20
R2025554,Bank of Utah Championship,2025,60019,Jackson Suber,0.443,0.231,-0.21,1.331,0.464,2026-01-20
R2025554,Bank of Utah Championship,2025,61522,Michael Brennan,1.899,0.511,0.288,1.347,2.698,2026-01-20
R2025554,Bank of Utah Championship,2025,65256,David Ford,1.016,0.877,-0.304,0.955,1.59,2026-01-20
R2025554,Bank of Utah Championship,2025,65577,Owen Stamper,1.217,-0.288,-0.184,0.05,0.745,2026-01-20
R2025554,Bank of Utah Championship,2025,66743,Luke Clanton,-0.474,0.412,-0.609,0.466,-0.671,2026-01-20
R2025554,Bank of Utah Championship,2025,67198,Sebastian Moss,0.07,-0.523,0.345,1.403,-0.108,2026-01-20
R2025054,Sanderson Farms Championship,2025,23108,Matt Kuchar,-0.509,0.688,-0.117,1.188,0.062,2026-01-20
R2025054,Sanderson Farms Championship,2025,24024,Zach Johnson,-0.892,0.449,-0.443,1.636,-0.886,2026-01-20
R2025054,Sanderson Farms Championship,2025,27129,Luke List,0.12,-0.024,0.1,0.555,0.195,2026-01-20
R2025054,Sanderson Farms Championship,2025,27214,Kevin Streelman,-0.36,0.538,0.238,-0.415,0.415,2026-01-20
R2025054,Sanderson Farms Championship,2025,28252,Seamus Power,0.366,0.985,-0.818,-0.533,0.533,2026-01-20
R2025054,Sanderson Farms Championship,2025,29535,Brice Garnett,-0.235,1.154,-0.157,0.239,0.762,2026-01-20
R2025054,Sanderson Farms Championship,2025,32070,Rafael Campos,0.39,-1.158,-1.07,1.089,-1.839,2026-01-20
R2025054,Sanderson Farms Championship,2025,32982,Vince Covello,0.47,-0.588,-0.054,-0.077,-0.173,2026-01-20
R2025054,Sanderson Farms Championship,2025,33597,Harry Higgs,-1.227,0.287,0.329,0.361,-0.611,2026-01-20
R2025054,Sanderson Farms Championship,2025,33948,Byeong Hun An,0.834,0.18,-0.105,-0.159,0.909,2026-01-20
R2025054,Sanderson Farms Championship,2025,33968,Thorbjørn Olesen,0.825,1.321,0.061,-0.707,2.208,2026-01-20
R2025054,Sanderson Farms Championship,2025,34587,Chan Kim,-0.447,0.232,-0.224,-0.062,-0.438,2026-01-20
R2025054,Sanderson Farms Championship,2025,35658,Kris Ventura,0.442,0.345,-0.088,0.301,0.699,2026-01-20
R2025054,Sanderson Farms Championship,2025,36326,David Lipsky,-0.534,-0.277,-0.052,0.864,-0.864,2026-01-20
R2025054,Sanderson Farms Championship,2025,36799,Stephan Jaeger,-1.48,0.657,0.651,0.423,-0.173,2026-01-20
R2025054,Sanderson Farms Championship,2025,36801,Mark Hubbard,-0.136,-0.241,0.16,0.718,-0.218,2026-01-20
R2025054,Sanderson Farms Championship,2025,36871,Matt NeSmith,-0.355,-0.07,0.031,1.394,-0.394,2026-01-20
R2025054,Sanderson Farms Championship,2025,37275,Sam Ryder,0.233,0.43,-0.168,0.256,0.495,2026-01-20
R2025054,Sanderson Farms Championship,2025,39335,Kevin Roy,0.522,0.143,0.283,0.303,0.947,2026-01-20
R2025054,Sanderson Farms Championship,2025,39977,Max Homa,-0.53,0.866,0.912,0.003,1.247,2026-01-20
R2025054,Sanderson Farms Championship,2025,40006,Erik van Rooyen,-0.053,-0.718,-0.028,-0.451,-0.799,2026-01-20
R2025054,Sanderson Farms Championship,2025,45242,Kevin Yu,0.92,-0.078,0.23,0.678,1.072,2026-01-20
R2025054,Sanderson Farms Championship,2025,45522,Christiaan Bezuidenhout,-0.009,0.075,0.891,1.294,0.956,2026-01-20
R2025054,Sanderson Farms Championship,2025,45523,Thriston Lawrence,0.167,0.596,0.14,-0.903,0.903,2026-01-20
R2025054,Sanderson Farms Championship,2025,46601,Trey Mullinax,0.643,1.194,-0.262,-0.824,1.575,2026-01-20
R2025054,Sanderson Farms Championship,2025,47347,Adam Schenk,0.028,1.265,-0.025,-0.268,1.268,2026-01-20
R2025054,Sanderson Farms Championship,2025,47591,Eric Cole,-0.312,1.132,-0.087,1.267,0.734,2026-01-20
R2025054,Sanderson Farms Championship,2025,47679,Victor Perez,0.032,0.599,0.858,0.261,1.49,2026-01-20
R2025054,Sanderson Farms Championship,2025,47917,Takumi Kanaya,0.337,-0.458,0.105,1.017,-0.017,2026-01-20
R2025054,Sanderson Farms Championship,2025,48867,Matti Schmid,0.18,0.092,-0.405,1.634,-0.134,2026-01-20
R2025054,Sanderson Farms Championship,2025,49303,Anders Albertson,-0.299,-0.794,0.574,-1.731,-0.519,2026-01-20
R2025054,Sanderson Farms Championship,2025,49590,Frankie Capan III,-0.644,-0.405,0.119,3.181,-0.931,2026-01-20
R2025054,Sanderson Farms Championship,2025,49771,J.T. Poston,0.653,-0.617,0.078,0.637,0.113,2026-01-20
R2025054,Sanderson Farms Championship,2025,50474,Tim Widing,0.485,0.227,0.448,-1.659,1.16,2026-01-20
R2025054,Sanderson Farms Championship,2025,50582,Jeremy Paul,-0.133,0.602,-0.195,-0.273,0.273,2026-01-20
R2025054,Sanderson Farms Championship,2025,51287,Ryo Hisatsune,-0.138,0.917,0.234,-1.012,1.012,2026-01-20
R2025054,Sanderson Farms Championship,2025,51890,Greyson Sigg,0.214,0.27,0.364,0.151,0.849,2026-01-20
R2025054,Sanderson Farms Championship,2025,51894,Vince Whaley,-0.021,-0.124,1.263,1.633,1.118,2026-01-20
R2025054,Sanderson Farms Championship,2025,52144,Braden Thornberry,-0.622,-1.253,1.163,-0.287,-0.713,2026-01-20
R2025054,Sanderson Farms Championship,2025,52375,Doug Ghim,0.137,0.331,0.31,-1.027,0.778,2026-01-20
R2025054,Sanderson Farms Championship,2025,52513,Carson Young,-1.143,1.525,-0.518,0.637,-0.137,2026-01-20
R2025054,Sanderson Farms Championship,2025,52686,Rasmus Højgaard,0.734,-0.313,0.033,2.297,0.453,2026-01-20
R2025054,Sanderson Farms Championship,2025,53165,Doc Redman,0.532,2.173,0.0,-0.705,2.705,2026-01-20
R2025054,Sanderson Farms Championship,2025,54328,Norman Xiong,0.448,-1.051,-0.359,-0.037,-0.963,2026-01-20
R2025054,Sanderson Farms Championship,2025,54421,Garrick Higgo,0.523,1.429,0.525,1.023,2.478,2026-01-20
R2025054,Sanderson Farms Championship,2025,54576,Patrick Fishburn,0.776,1.183,-0.605,-0.853,1.353,2026-01-20
R2025054,Sanderson Farms Championship,2025,54607,Danny Walker,0.296,0.141,0.057,2.257,0.493,2026-01-20
R2025054,Sanderson Farms Championship,2025,54628,Lee Hodges,0.528,-1.144,0.876,0.241,0.26,2026-01-20
R2025054,Sanderson Farms Championship,2025,55165,Noah Goodwin,0.432,0.152,0.216,0.201,0.799,2026-01-20
R2025054,Sanderson Farms Championship,2025,55182,Tom Kim,-0.242,0.703,0.441,0.848,0.902,2026-01-20
R2025054,Sanderson Farms Championship,2025,55708,Hayden Buckley,-0.152,0.35,0.155,-0.602,0.352,2026-01-20
R2025054,Sanderson Farms Championship,2025,55789,Taylor Montgomery,-1.006,0.487,0.423,2.347,-0.097,2026-01-20
R2025054,Sanderson Farms Championship,2025,57123,Steven Fisk,0.985,1.054,0.939,1.023,2.978,2026-01-20
R2025054,Sanderson Farms Championship,2025,57364,Michael Thorbjornsen,1.012,1.391,-0.692,-0.961,1.711,2026-01-20
R2025054,Sanderson Farms Championship,2025,57586,Jesper Svensson,1.107,-0.627,-0.009,-0.469,0.47,2026-01-20
R2025054,Sanderson Farms Championship,2025,57900,Chandler Phillips,-0.428,-0.794,0.738,0.734,-0.484,2026-01-20
R2025054,Sanderson Farms Championship,2025,58168,Davis Thompson,0.733,0.124,-0.429,0.573,0.428,2026-01-20
R2025054,Sanderson Farms Championship,2025,58605,Quade Cummins,0.048,-0.253,0.243,-0.788,0.038,2026-01-20
R2025054,Sanderson Farms Championship,2025,58933,Will Chandler,0.378,-0.022,0.166,-0.772,0.522,2026-01-20
R2025054,Sanderson Farms Championship,2025,59143,Mac Meissner,0.142,0.817,0.331,0.211,1.289,2026-01-20
R2025054,Sanderson Farms Championship,2025,59836,Pierceson Coody,1.28,0.321,0.653,-0.754,2.254,2026-01-20
R2025054,Sanderson Farms Championship,2025,59866,Nick Dunlap,0.249,0.152,-0.252,0.101,0.149,2026-01-20
R2025054,Sanderson Farms Championship,2025,60882,Thomas Rosenmueller,0.058,1.877,-1.11,-0.075,0.826,2026-01-20
R2025054,Sanderson Farms Championship,2025,64442,Gordon Sargent,0.734,-1.363,1.002,0.127,0.373,2026-01-20
R2025054,Sanderson Farms Championship,2025,65256,David Ford,0.547,0.018,0.16,-0.474,0.725,2026-01-20
R2025054,Sanderson Farms Championship,2025,66743,Luke Clanton,1.111,-0.273,-0.429,0.341,0.409,2026-01-20
R2025054,Sanderson Farms Championship,2025,67607,Kye Meeks,0.459,-1.113,0.885,0.27,0.23,2026-01-20
R2025464,Procore Championship,2025,23108,Matt Kuchar,-0.191,-0.444,0.456,1.974,-0.178,2026-01-20
R2025464,Procore Championship,2025,24925,Jonathan Byrd,-0.097,0.491,0.427,0.725,0.821,2026-01-20
R2025464,Procore Championship,2025,25686,Jason Dufner,-0.489,0.748,0.079,0.707,0.339,2026-01-20
R2025464,Procore Championship,2025,27129,Luke List,0.383,0.226,0.202,0.234,0.811,2026-01-20
R2025464,Procore Championship,2025,27139,David Skinns,-0.046,0.625,0.599,-1.132,1.178,2026-01-20
R2025464,Procore Championship,2025,27214,Kevin Streelman,0.053,-0.46,-1.094,1.296,-1.501,2026-01-20
R2025464,Procore Championship,2025,27649,Brandt Snedeker,-0.067,0.13,0.546,0.937,0.609,2026-01-20
R2025464,Procore Championship,2025,27936,Martin Laird,-0.043,-0.693,-0.402,0.933,-1.138,2026-01-20
R2025464,Procore Championship,2025,28252,Seamus Power,0.61,-1.372,0.718,0.34,-0.044,2026-01-20
R2025464,Procore Championship,2025,31323,Gary Woodland,0.872,0.299,-0.239,0.613,0.933,2026-01-20
R2025464,Procore Championship,2025,31646,Emiliano Grillo,0.349,1.639,-0.17,1.477,1.819,2026-01-20
R2025464,Procore Championship,2025,32640,Troy Merritt,-0.447,-0.96,0.141,1.312,-1.266,2026-01-20
R2025464,Procore Championship,2025,32982,Vince Covello,-0.07,0.476,0.726,-1.336,1.132,2026-01-20
R2025464,Procore Championship,2025,33448,Justin Thomas,-0.055,-0.983,0.733,-0.65,-0.305,2026-01-20
R2025464,Procore Championship,2025,33948,Byeong Hun An,0.037,-0.671,-0.13,0.559,-0.763,2026-01-20
R2025464,Procore Championship,2025,34098,Russell Henley,0.879,0.65,0.421,-0.404,1.95,2026-01-20
R2025464,Procore Championship,2025,34099,Harris English,0.365,-1.026,0.107,1.099,-0.554,2026-01-20
R2025464,Procore Championship,2025,34255,Joseph Bramlett,0.47,1.717,0.212,-1.103,2.399,2026-01-20
R2025464,Procore Championship,2025,34466,Peter Malnati,-0.865,0.761,-0.822,0.721,-0.925,2026-01-20
R2025464,Procore Championship,2025,35310,Lanto Griffin,-0.579,1.432,0.456,2.236,1.31,2026-01-20
R2025464,Procore Championship,2025,35450,Patrick Cantlay,0.205,-0.317,1.052,0.105,0.941,2026-01-20
R2025464,Procore Championship,2025,35461,Beau Hossler,-0.03,-0.608,0.558,0.376,-0.08,2026-01-20
R2025464,Procore Championship,2025,35506,Mackenzie Hughes,-0.131,-0.149,1.133,1.942,0.854,2026-01-20
R2025464,Procore Championship,2025,36801,Mark Hubbard,-0.617,0.223,0.49,0.699,0.097,2026-01-20
R2025464,Procore Championship,2025,36852,Jim Knous,-0.464,-1.647,-0.124,1.03,-2.234,2026-01-20
R2025464,Procore Championship,2025,36884,Ben Kohles,0.166,1.06,0.274,-0.205,1.5,2026-01-20
R2025464,Procore Championship,2025,39324,J.J. Spaun,0.639,1.81,0.176,0.42,2.626,2026-01-20
R2025464,Procore Championship,2025,39546,Keith Mitchell,0.74,-0.849,0.299,-0.145,0.191,2026-01-20
R2025464,Procore Championship,2025,39977,Max Homa,0.059,0.648,-0.134,0.972,0.574,2026-01-20
R2025464,Procore Championship,2025,40058,Zac Blair,-0.004,0.787,0.325,-0.812,1.108,2026-01-20
R2025464,Procore Championship,2025,46046,Scottie Scheffler,1.153,2.197,0.276,0.418,3.627,2026-01-20
R2025464,Procore Championship,2025,46442,Maverick McNealy,0.213,0.479,0.496,0.607,1.188,2026-01-20
R2025464,Procore Championship,2025,46601,Trey Mullinax,-1.081,1.158,-0.328,0.546,-0.251,2026-01-20
R2025464,Procore Championship,2025,47347,Adam Schenk,0.664,-0.576,-0.502,1.46,-0.414,2026-01-20
R2025464,Procore Championship,2025,47504,Sam Burns,0.803,-0.252,-0.919,2.163,-0.368,2026-01-20
R2025464,Procore Championship,2025,47591,Eric Cole,-1.134,-0.109,0.321,1.467,-0.922,2026-01-20
R2025464,Procore Championship,2025,47983,Chad Ramey,0.965,-0.02,-0.448,0.548,0.498,2026-01-20
R2025464,Procore Championship,2025,49303,Anders Albertson,0.029,-0.668,-0.783,0.718,-1.422,2026-01-20
R2025464,Procore Championship,2025,49453,Trevor Cone,0.512,-0.237,-0.521,-0.459,-0.246,2026-01-20
R2025464,Procore Championship,2025,50484,Hayden Springer,0.263,-0.813,-0.723,1.069,-1.274,2026-01-20
R2025464,Procore Championship,2025,50525,Collin Morikawa,0.916,-0.533,0.394,-0.231,0.777,2026-01-20
R2025464,Procore Championship,2025,51287,Ryo Hisatsune,0.531,0.665,0.426,0.173,1.622,2026-01-20
R2025464,Procore Championship,2025,51634,Sahith Theegala,0.155,1.435,0.401,-1.196,1.991,2026-01-20
R2025464,Procore Championship,2025,51696,Rico Hoey,1.107,1.205,0.012,-0.028,2.324,2026-01-20
R2025464,Procore Championship,2025,51890,Greyson Sigg,-0.656,2.106,-0.137,0.233,1.313,2026-01-20
R2025464,Procore Championship,2025,51894,Vince Whaley,0.081,0.198,0.171,0.345,0.451,2026-01-20
R2025464,Procore Championship,2025,52144,Braden Thornberry,-0.599,0.131,0.468,-0.205,0.001,2026-01-20
R2025464,Procore Championship,2025,52375,Doug Ghim,0.541,1.124,0.155,-0.525,1.821,2026-01-20
R2025464,Procore Championship,2025,54304,Karl Vilips,0.442,0.103,-0.227,-0.023,0.318,2026-01-20
R2025464,Procore Championship,2025,54421,Garrick Higgo,1.215,0.291,-0.217,1.507,1.289,2026-01-20
R2025464,Procore Championship,2025,54576,Patrick Fishburn,-0.026,0.028,0.546,0.248,0.548,2026-01-20
R2025464,Procore Championship,2025,54591,Ben Griffin,0.276,1.664,0.4,1.455,2.34,2026-01-20
R2025464,Procore Championship,2025,55182,Tom Kim,-0.572,-1.964,0.624,-0.042,-1.913,2026-01-20
R2025464,Procore Championship,2025,55789,Taylor Montgomery,-1.018,0.686,1.066,0.311,0.735,2026-01-20
R2025464,Procore Championship,2025,56630,Akshay Bhatia,0.257,0.867,-0.639,1.56,0.486,2026-01-20
R2025464,Procore Championship,2025,56781,Isaiah Salinda,0.485,0.943,0.46,-0.093,1.888,2026-01-20
R2025464,Procore Championship,2025,57123,Steven Fisk,0.461,0.56,0.569,-0.545,1.59,2026-01-20
R2025464,Procore Championship,2025,57362,Austin Eckroat,0.699,0.633,-0.023,0.736,1.31,2026-01-20
R2025464,Procore Championship,2025,57364,Michael Thorbjornsen,1.08,0.928,0.177,-0.389,2.185,2026-01-20
R2025464,Procore Championship,2025,57366,Cameron Young,0.38,0.862,0.309,0.745,1.551,2026-01-20
R2025464,Procore Championship,2025,58168,Davis Thompson,1.037,-0.094,0.756,-0.154,1.7,2026-01-20
R2025464,Procore Championship,2025,58605,Quade Cummins,-0.591,0.833,-0.323,-0.374,-0.081,2026-01-20
R2025464,Procore Championship,2025,58619,Kevin Velo,0.46,-0.262,0.656,-0.058,0.854,2026-01-20
R2025464,Procore Championship,2025,58933,Will Chandler,0.574,-0.971,-0.089,-0.719,-0.485,2026-01-20
R2025464,Procore Championship,2025,59141,Matt McCarty,-0.02,0.406,-0.071,0.229,0.317,2026-01-20
R2025464,Procore Championship,2025,59143,Mac Meissner,0.046,0.251,1.11,-1.112,1.408,2026-01-20
R2025464,Procore Championship,2025,59160,John Pak,-0.122,0.688,-0.527,-0.494,0.04,2026-01-20
R2025464,Procore Championship,2025,59440,Ricky Castillo,0.267,1.053,0.046,-0.321,1.367,2026-01-20
R2025464,Procore Championship,2025,60882,Thomas Rosenmueller,0.86,1.196,-0.558,-1.953,1.498,2026-01-20
R2025464,Procore Championship,2025,66248,Justin Hastings,-0.899,0.675,0.715,0.805,0.491,2026-01-20
R2025464,Procore Championship,2025,66701,Jackson Koivun,0.204,1.863,-0.185,1.413,1.882,2026-01-20
R2025464,Procore Championship,2025,69500,Tyler Watts,0.337,0.554,-1.193,0.347,-0.301,2026-01-20
R2025060,TOUR Championship,2025,22405,Justin Rose,-0.363,0.366,-0.35,-0.086,-0.348,2026-01-20
R2025060,TOUR Championship,2025,25493,Nick Taylor,0.558,-0.944,0.516,-0.313,0.13,2026-01-20
R2025060,TOUR Championship,2025,27644,Brian Harman,-0.733,1.318,-0.464,0.196,0.121,2026-01-20
R2025060,TOUR Championship,2025,28237,Rory McIlroy,0.861,-0.015,-0.187,-1.343,0.66,2026-01-20
R2025060,TOUR Championship,2025,30911,Tommy Fleetwood,-0.263,0.659,-0.117,2.037,0.28,2026-01-20
R2025060,TOUR Championship,2025,32839,Hideki Matsuyama,-0.173,-1.088,0.198,-1.87,-1.064,2026-01-20
R2025060,TOUR Championship,2025,33141,Keegan Bradley,-0.239,0.611,0.483,0.212,0.855,2026-01-20
R2025060,TOUR Championship,2025,33204,Shane Lowry,-0.676,0.54,-0.351,0.805,-0.488,2026-01-20
R2025060,TOUR Championship,2025,33448,Justin Thomas,0.19,-0.544,0.541,0.879,0.188,2026-01-20
R2025060,TOUR Championship,2025,34098,Russell Henley,0.299,0.688,-0.11,0.69,0.877,2026-01-20
R2025060,TOUR Championship,2025,34099,Harris English,0.521,-0.265,-0.4,0.46,-0.143,2026-01-20
R2025060,TOUR Championship,2025,35450,Patrick Cantlay,0.185,1.517,-0.411,0.276,1.291,2026-01-20
R2025060,TOUR Championship,2025,39324,J.J. Spaun,-0.205,-0.683,-0.215,-0.08,-1.103,2026-01-20
R2025060,TOUR Championship,2025,39971,Sungjae Im,-0.338,-1.187,-0.493,-0.166,-2.018,2026-01-20
R2025060,TOUR Championship,2025,39997,Corey Conners,0.535,0.728,-0.584,0.638,0.679,2026-01-20
R2025060,TOUR Championship,2025,46046,Scottie Scheffler,0.076,0.326,0.799,0.117,1.2,2026-01-20
R2025060,TOUR Championship,2025,46442,Maverick McNealy,-0.144,-0.206,-0.659,0.326,-1.009,2026-01-20
R2025060,TOUR Championship,2025,46717,Viktor Hovland,0.226,0.301,0.044,-0.004,0.571,2026-01-20
R2025060,TOUR Championship,2025,47504,Sam Burns,-0.12,-0.239,0.45,0.975,0.092,2026-01-20
R2025060,TOUR Championship,2025,49960,Sepp Straka,-1.028,-0.972,-0.166,-1.767,-2.166,2026-01-20
R2025060,TOUR Championship,2025,50525,Collin Morikawa,0.27,0.871,-0.378,-0.946,0.763,2026-01-20
R2025060,TOUR Championship,2025,51997,Andrew Novak,-0.967,0.466,0.044,-0.726,-0.457,2026-01-20
R2025060,TOUR Championship,2025,52215,Robert MacIntyre,0.68,-0.772,0.444,-0.286,0.353,2026-01-20
R2025060,TOUR Championship,2025,52955,Ludvig Åberg,0.561,-1.781,0.805,-0.019,-0.415,2026-01-20
R2025060,TOUR Championship,2025,54591,Ben Griffin,0.143,-0.136,-0.086,0.895,-0.078,2026-01-20
R2025060,TOUR Championship,2025,56630,Akshay Bhatia,-0.14,0.419,0.45,-0.412,0.729,2026-01-20
R2025060,TOUR Championship,2025,57366,Cameron Young,0.207,0.912,-0.135,0.333,0.984,2026-01-20
R2025060,TOUR Championship,2025,57975,Harry Hall,-0.465,-0.262,0.494,0.3,-0.234,2026-01-20
R2025060,TOUR Championship,2025,59095,Chris Gotterup,0.671,0.59,-0.364,-0.08,0.897,2026-01-20
R2025060,TOUR Championship,2025,60004,Jacob Bridgeman,-0.128,-1.218,0.201,-1.038,-1.146,2026-01-20
R2025028,BMW Championship,2025,22405,Justin Rose,-0.999,0.725,0.121,-0.42,-0.153,2026-01-20
R2025028,BMW Championship,2025,25493,Nick Taylor,-0.486,-0.108,-0.086,-0.393,-0.68,2026-01-20
R2025028,BMW Championship,2025,25900,Lucas Glover,-0.355,-0.289,-0.71,-0.718,-1.355,2026-01-20
R2025028,BMW Championship,2025,27064,Jhonattan Vegas,-0.112,-1.366,-1.095,-0.75,-2.573,2026-01-20
R2025028,BMW Championship,2025,27644,Brian Harman,-0.192,0.994,0.606,-0.98,1.408,2026-01-20
R2025028,BMW Championship,2025,28089,Jason Day,0.805,-1.153,0.708,-0.183,0.361,2026-01-20
R2025028,BMW Championship,2025,28237,Rory McIlroy,0.889,0.122,-0.722,0.888,0.29,2026-01-20
R2025028,BMW Championship,2025,29936,Ryan Fox,-0.019,-1.651,-0.212,-0.69,-1.882,2026-01-20
R2025028,BMW Championship,2025,30911,Tommy Fleetwood,-0.052,1.465,0.615,0.9,2.028,2026-01-20
R2025028,BMW Championship,2025,32102,Rickie Fowler,0.186,0.313,0.468,1.211,0.967,2026-01-20
R2025028,BMW Championship,2025,32839,Hideki Matsuyama,-0.271,-0.153,0.903,-0.552,0.479,2026-01-20
R2025028,BMW Championship,2025,33141,Keegan Bradley,0.299,0.058,0.45,-0.129,0.807,2026-01-20
R2025028,BMW Championship,2025,33204,Shane Lowry,-0.178,0.07,0.352,-0.066,0.244,2026-01-20
R2025028,BMW Championship,2025,33448,Justin Thomas,-0.098,-0.455,0.318,-0.837,-0.235,2026-01-20
R2025028,BMW Championship,2025,33653,Thomas Detry,-0.701,-0.367,-1.094,-1.66,-2.162,2026-01-20
R2025028,BMW Championship,2025,34021,Bud Cauley,0.255,-0.151,-0.519,-0.659,-0.414,2026-01-20
R2025028,BMW Championship,2025,34098,Russell Henley,-0.074,0.851,0.336,-0.186,1.114,2026-01-20
R2025028,BMW Championship,2025,34099,Harris English,0.053,-0.369,-0.046,1.538,-0.361,2026-01-20
R2025028,BMW Championship,2025,35450,Patrick Cantlay,0.309,-0.876,-0.788,0.782,-1.355,2026-01-20
R2025028,BMW Championship,2025,35532,Tom Hoge,-1.534,-0.925,0.449,0.937,-2.01,2026-01-20
R2025028,BMW Championship,2025,37455,Si Woo Kim,0.364,0.615,0.323,-0.874,1.302,2026-01-20
R2025028,BMW Championship,2025,39324,J.J. Spaun,0.178,1.227,-0.341,-0.887,1.064,2026-01-20
R2025028,BMW Championship,2025,39971,Sungjae Im,0.229,-2.698,1.024,-0.628,-1.445,2026-01-20
R2025028,BMW Championship,2025,39975,Michael Kim,-0.005,1.907,0.839,-0.813,2.741,2026-01-20
R2025028,BMW Championship,2025,39997,Corey Conners,-0.17,-0.042,-0.263,-0.848,-0.475,2026-01-20
R2025028,BMW Championship,2025,40098,Matt Fitzpatrick,-0.183,0.546,-0.1,0.414,0.263,2026-01-20
R2025028,BMW Championship,2025,40250,Taylor Pendrith,0.112,-0.558,0.473,0.9,0.027,2026-01-20
R2025028,BMW Championship,2025,46046,Scottie Scheffler,1.326,1.328,1.086,0.437,3.74,2026-01-20
R2025028,BMW Championship,2025,46442,Maverick McNealy,-0.433,0.722,0.588,2.299,0.878,2026-01-20
R2025028,BMW Championship,2025,46443,Brian Campbell,-1.424,-2.591,-0.376,0.318,-4.391,2026-01-20
R2025028,BMW Championship,2025,46717,Viktor Hovland,0.201,1.683,0.022,0.272,1.906,2026-01-20
R2025028,BMW Championship,2025,47504,Sam Burns,0.352,0.635,-0.049,1.989,0.939,2026-01-20
R2025028,BMW Championship,2025,47993,Denny McCarthy,-0.527,-0.069,-0.357,0.63,-0.953,2026-01-20
R2025028,BMW Championship,2025,48081,Xander Schauffele,1.304,-0.359,-0.504,-0.764,0.441,2026-01-20
R2025028,BMW Championship,2025,48117,Kurt Kitayama,0.867,-0.245,0.476,-0.671,1.098,2026-01-20
R2025028,BMW Championship,2025,49771,J.T. Poston,-0.241,-0.327,0.221,-0.226,-0.347,2026-01-20
R2025028,BMW Championship,2025,50525,Collin Morikawa,0.135,1.323,-1.01,-1.52,0.447,2026-01-20
R2025028,BMW Championship,2025,51997,Andrew Novak,-0.298,-2.743,-0.91,-0.622,-3.951,2026-01-20
R2025028,BMW Championship,2025,52215,Robert MacIntyre,-0.016,1.611,0.188,1.894,1.784,2026-01-20
R2025028,BMW Championship,2025,52955,Ludvig Åberg,0.506,0.539,0.098,1.034,1.144,2026-01-20
R2025028,BMW Championship,2025,54591,Ben Griffin,-0.661,1.142,0.16,0.536,0.641,2026-01-20
R2025028,BMW Championship,2025,55893,Sam Stevens,-0.046,-1.042,-0.4,-0.835,-1.488,2026-01-20
R2025028,BMW Championship,2025,56630,Akshay Bhatia,0.007,0.564,-0.687,0.043,-0.116,2026-01-20
R2025028,BMW Championship,2025,57366,Cameron Young,0.527,-0.367,0.675,0.842,0.835,2026-01-20
R2025028,BMW Championship,2025,57975,Harry Hall,0.07,0.255,0.815,1.286,1.141,2026-01-20
R2025028,BMW Championship,2025,59018,Ryan Gerard,-0.334,-0.46,-1.205,-1.074,-1.999,2026-01-20
R2025028,BMW Championship,2025,59095,Chris Gotterup,0.294,-0.322,-0.697,-0.348,-0.725,2026-01-20
R2025028,BMW Championship,2025,60004,Jacob Bridgeman,-0.137,0.769,0.333,-0.538,0.965,2026-01-20
R2025027,FedEx St. Jude Championship,2025,22405,Justin Rose,0.588,1.416,0.185,0.935,2.189,2026-01-20
R2025027,FedEx St. Jude Championship,2025,25493,Nick Taylor,-0.606,-0.412,0.496,0.145,-0.522,2026-01-20
R2025027,FedEx St. Jude Championship,2025,25900,Lucas Glover,-0.338,0.698,0.553,-1.29,0.914,2026-01-20
R2025027,FedEx St. Jude Championship,2025,27064,Jhonattan Vegas,0.318,1.254,-0.28,-0.169,1.292,2026-01-20
R2025027,FedEx St. Jude Championship,2025,27644,Brian Harman,0.04,-0.404,0.546,0.441,0.182,2026-01-20
R2025027,FedEx St. Jude Championship,2025,28089,Jason Day,0.477,-0.835,-1.13,0.112,-1.489,2026-01-20
R2025027,FedEx St. Jude Championship,2025,29725,Tony Finau,-0.623,-1.617,0.387,-0.524,-1.853,2026-01-20
R2025027,FedEx St. Jude Championship,2025,29936,Ryan Fox,-0.802,-0.218,-0.056,0.2,-1.077,2026-01-20
R2025027,FedEx St. Jude Championship,2025,30911,Tommy Fleetwood,0.727,1.131,-0.272,1.287,1.586,2026-01-20
R2025027,FedEx St. Jude Championship,2025,30926,Chris Kirk,0.129,0.364,0.223,0.657,0.717,2026-01-20
R2025027,FedEx St. Jude Championship,2025,31646,Emiliano Grillo,0.439,-1.563,-0.481,0.728,-1.605,2026-01-20
R2025027,FedEx St. Jude Championship,2025,32102,Rickie Fowler,0.925,1.176,-0.239,-0.239,1.863,2026-01-20
R2025027,FedEx St. Jude Championship,2025,32839,Hideki Matsuyama,-0.2,1.363,-0.116,-0.173,1.047,2026-01-20
R2025027,FedEx St. Jude Championship,2025,33141,Keegan Bradley,0.679,-0.409,-0.149,-0.498,0.121,2026-01-20
R2025027,FedEx St. Jude Championship,2025,33204,Shane Lowry,-0.241,-0.405,-0.05,-0.931,-0.696,2026-01-20
R2025027,FedEx St. Jude Championship,2025,33448,Justin Thomas,0.322,0.061,0.021,-0.032,0.405,2026-01-20
R2025027,FedEx St. Jude Championship,2025,33653,Thomas Detry,-0.548,-0.069,0.207,0.283,-0.41,2026-01-20
R2025027,FedEx St. Jude Championship,2025,34021,Bud Cauley,-0.238,1.075,-0.138,0.424,0.699,2026-01-20
R2025027,FedEx St. Jude Championship,2025,34046,Jordan Spieth,0.619,-0.06,-0.57,-0.115,-0.012,2026-01-20
R2025027,FedEx St. Jude Championship,2025,34098,Russell Henley,0.406,0.161,0.457,-0.151,1.024,2026-01-20
R2025027,FedEx St. Jude Championship,2025,34099,Harris English,0.552,-0.708,-0.127,-0.344,-0.283,2026-01-20
R2025027,FedEx St. Jude Championship,2025,35450,Patrick Cantlay,0.088,1.51,-0.458,0.233,1.14,2026-01-20
R2025027,FedEx St. Jude Championship,2025,35506,Mackenzie Hughes,-0.797,-1.398,0.277,0.541,-1.918,2026-01-20
R2025027,FedEx St. Jude Championship,2025,35532,Tom Hoge,-1.413,-1.33,0.36,0.006,-2.383,2026-01-20
R2025027,FedEx St. Jude Championship,2025,36699,Patrick Rodgers,-0.004,0.484,0.078,-0.685,0.558,2026-01-20
R2025027,FedEx St. Jude Championship,2025,36799,Stephan Jaeger,-0.104,-0.837,0.272,0.042,-0.669,2026-01-20
R2025027,FedEx St. Jude Championship,2025,37378,Min Woo Lee,-0.937,-1.61,-0.113,-0.717,-2.66,2026-01-20
R2025027,FedEx St. Jude Championship,2025,37455,Si Woo Kim,0.593,2.033,-0.108,-1.395,2.518,2026-01-20
R2025027,FedEx St. Jude Championship,2025,39324,J.J. Spaun,0.741,1.731,0.855,-0.205,3.328,2026-01-20
R2025027,FedEx St. Jude Championship,2025,39971,Sungjae Im,0.376,-0.184,0.062,0.62,0.253,2026-01-20
R2025027,FedEx St. Jude Championship,2025,39975,Michael Kim,0.261,-0.933,-0.744,-0.211,-1.416,2026-01-20
R2025027,FedEx St. Jude Championship,2025,39997,Corey Conners,-0.752,1.443,-0.808,-0.759,-0.118,2026-01-20
R2025027,FedEx St. Jude Championship,2025,40006,Erik van Rooyen,0.692,-1.147,-0.2,-1.472,-0.655,2026-01-20
R2025027,FedEx St. Jude Championship,2025,40026,Daniel Berger,0.25,-0.55,-1.869,-1.207,-2.17,2026-01-20
R2025027,FedEx St. Jude Championship,2025,40098,Matt Fitzpatrick,-1.268,-0.193,0.617,0.968,-0.845,2026-01-20
R2025027,FedEx St. Jude Championship,2025,40250,Taylor Pendrith,0.34,-0.816,0.131,0.718,-0.345,2026-01-20
R2025027,FedEx St. Jude Championship,2025,45157,Cam Davis,0.327,-0.657,-0.652,0.106,-0.983,2026-01-20
R2025027,FedEx St. Jude Championship,2025,45242,Kevin Yu,0.526,-0.165,0.574,-0.812,0.935,2026-01-20
R2025027,FedEx St. Jude Championship,2025,46046,Scottie Scheffler,0.998,1.218,-0.178,0.835,2.038,2026-01-20
R2025027,FedEx St. Jude Championship,2025,46414,Aaron Rai,-0.08,1.504,0.27,-1.07,1.693,2026-01-20
R2025027,FedEx St. Jude Championship,2025,46442,Maverick McNealy,0.021,0.075,-0.161,0.438,-0.065,2026-01-20
R2025027,FedEx St. Jude Championship,2025,46443,Brian Campbell,-0.872,0.297,-0.396,-1.406,-0.971,2026-01-20
R2025027,FedEx St. Jude Championship,2025,46717,Viktor Hovland,-0.251,0.614,-0.26,0.021,0.102,2026-01-20
R2025027,FedEx St. Jude Championship,2025,47420,Jake Knapp,0.626,-1.489,-0.46,-0.804,-1.323,2026-01-20
R2025027,FedEx St. Jude Championship,2025,47504,Sam Burns,-0.833,0.319,-0.471,1.358,-0.985,2026-01-20
R2025027,FedEx St. Jude Championship,2025,47993,Denny McCarthy,-0.833,0.587,-0.712,1.082,-0.959,2026-01-20
R2025027,FedEx St. Jude Championship,2025,47995,Davis Riley,-0.761,-0.607,1.28,0.212,-0.089,2026-01-20
R2025027,FedEx St. Jude Championship,2025,48081,Xander Schauffele,-0.113,0.375,0.398,-0.037,0.66,2026-01-20
R2025027,FedEx St. Jude Championship,2025,48117,Kurt Kitayama,0.462,0.581,0.006,0.324,1.049,2026-01-20
R2025027,FedEx St. Jude Championship,2025,48867,Matti Schmid,-1.226,1.658,-0.72,0.16,-0.287,2026-01-20
R2025027,FedEx St. Jude Championship,2025,49771,J.T. Poston,0.002,0.105,0.394,0.122,0.501,2026-01-20
R2025027,FedEx St. Jude Championship,2025,49960,Sepp Straka,0.956,-0.486,-0.324,0.727,0.146,2026-01-20
R2025027,FedEx St. Jude Championship,2025,50525,Collin Morikawa,0.186,1.46,-0.186,-0.837,1.461,2026-01-20
R2025027,FedEx St. Jude Championship,2025,51349,Nico Echavarria,-0.996,-0.767,0.853,0.783,-0.91,2026-01-20
R2025027,FedEx St. Jude Championship,2025,51766,Wyndham Clark,0.08,-1.026,0.047,-0.478,-0.899,2026-01-20
R2025027,FedEx St. Jude Championship,2025,51977,Max Greyserman,0.347,-0.568,0.083,0.261,-0.138,2026-01-20
R2025027,FedEx St. Jude Championship,2025,51997,Andrew Novak,-0.396,0.381,1.072,0.566,1.058,2026-01-20
R2025027,FedEx St. Jude Championship,2025,52215,Robert MacIntyre,-0.089,-1.546,0.426,1.082,-1.209,2026-01-20
R2025027,FedEx St. Jude Championship,2025,52955,Ludvig Åberg,0.762,0.264,0.196,0.151,1.222,2026-01-20
R2025027,FedEx St. Jude Championship,2025,54591,Ben Griffin,-0.177,0.37,0.627,0.553,0.821,2026-01-20
R2025027,FedEx St. Jude Championship,2025,55893,Sam Stevens,0.233,-1.547,-0.16,0.347,-1.474,2026-01-20
R2025027,FedEx St. Jude Championship,2025,56630,Akshay Bhatia,0.627,1.056,0.49,-0.549,2.173,2026-01-20
R2025027,FedEx St. Jude Championship,2025,57366,Cameron Young,1.618,0.809,-0.907,0.353,1.521,2026-01-20
R2025027,FedEx St. Jude Championship,2025,57975,Harry Hall,-0.45,-0.59,0.493,1.17,-0.547,2026-01-20
R2025027,FedEx St. Jude Championship,2025,59018,Ryan Gerard,-0.858,0.361,0.555,-0.435,0.058,2026-01-20
R2025027,FedEx St. Jude Championship,2025,59095,Chris Gotterup,0.472,-1.018,-0.157,-0.424,-0.703,2026-01-20
R2025027,FedEx St. Jude Championship,2025,60004,Jacob Bridgeman,0.207,-0.605,0.668,0.603,0.27,2026-01-20
R2025027,FedEx St. Jude Championship,2025,60067,Joe Highsmith,-1.13,-0.43,-0.144,-1.172,-1.705,2026-01-20
R2025027,FedEx St. Jude Championship,2025,63343,Aldrich Potgieter,-0.075,-0.741,-0.359,-0.452,-1.175,2026-01-20
R2025013,Wyndham Championship,2025,22371,Aaron Baddeley,-1.516,-0.731,-0.264,1.307,-2.511,2026-01-20
R2025013,Wyndham Championship,2025,23108,Matt Kuchar,-0.451,1.49,-0.006,-0.737,1.033,2026-01-20
R2025013,Wyndham Championship,2025,24502,Adam Scott,0.838,0.354,-0.626,-0.521,0.567,2026-01-20
R2025013,Wyndham Championship,2025,27139,David Skinns,0.978,0.591,-0.478,-1.044,1.09,2026-01-20
R2025013,Wyndham Championship,2025,27349,Alex Noren,0.134,1.346,0.561,1.004,2.042,2026-01-20
R2025013,Wyndham Championship,2025,28252,Seamus Power,0.356,-1.534,0.47,1.004,-0.708,2026-01-20
R2025013,Wyndham Championship,2025,29221,Webb Simpson,0.723,-0.043,-0.397,1.013,0.283,2026-01-20
R2025013,Wyndham Championship,2025,29725,Tony Finau,-0.226,-0.122,-0.064,0.707,-0.412,2026-01-20
R2025013,Wyndham Championship,2025,30163,Henrik Norlander,-1.872,-0.061,1.187,0.292,-0.746,2026-01-20
R2025013,Wyndham Championship,2025,30926,Chris Kirk,0.582,1.086,1.007,0.121,2.675,2026-01-20
R2025013,Wyndham Championship,2025,31323,Gary Woodland,0.457,0.126,0.004,0.959,0.587,2026-01-20
R2025013,Wyndham Championship,2025,31646,Emiliano Grillo,-0.132,0.58,0.226,-0.379,0.675,2026-01-20
R2025013,Wyndham Championship,2025,32102,Rickie Fowler,0.318,-0.594,0.232,0.34,-0.044,2026-01-20
R2025013,Wyndham Championship,2025,32757,Patton Kizzire,-0.105,-0.446,0.375,0.471,-0.176,2026-01-20
R2025013,Wyndham Championship,2025,32839,Hideki Matsuyama,-0.105,1.471,0.344,0.086,1.71,2026-01-20
R2025013,Wyndham Championship,2025,33597,Harry Higgs,0.519,1.072,-0.243,-0.053,1.349,2026-01-20
R2025013,Wyndham Championship,2025,33968,Thorbjørn Olesen,0.514,-1.634,0.007,0.658,-1.113,2026-01-20
R2025013,Wyndham Championship,2025,34046,Jordan Spieth,0.114,0.032,-0.188,1.087,-0.041,2026-01-20
R2025013,Wyndham Championship,2025,34076,Joel Dahmen,0.946,0.343,-0.377,1.134,0.912,2026-01-20
R2025013,Wyndham Championship,2025,34466,Peter Malnati,-1.09,0.078,0.196,0.362,-0.816,2026-01-20
R2025013,Wyndham Championship,2025,34563,Chesson Hadley,0.51,1.229,-0.05,-1.144,1.69,2026-01-20
R2025013,Wyndham Championship,2025,35310,Lanto Griffin,0.548,-0.151,0.132,1.018,0.528,2026-01-20
R2025013,Wyndham Championship,2025,35461,Beau Hossler,-0.718,0.093,0.534,2.137,-0.092,2026-01-20
R2025013,Wyndham Championship,2025,36326,David Lipsky,0.049,0.756,0.381,-0.89,1.186,2026-01-20
R2025013,Wyndham Championship,2025,36699,Patrick Rodgers,0.22,2.532,-0.616,-0.091,2.137,2026-01-20
R2025013,Wyndham Championship,2025,36801,Mark Hubbard,0.741,1.08,0.238,0.987,2.059,2026-01-20
R2025013,Wyndham Championship,2025,36824,Paul Peterson,-0.215,-0.693,0.473,0.481,-0.435,2026-01-20
R2025013,Wyndham Championship,2025,37275,Sam Ryder,0.297,0.176,1.393,-0.07,1.866,2026-01-20
R2025013,Wyndham Championship,2025,39971,Sungjae Im,-0.272,0.107,1.031,0.43,0.866,2026-01-20
R2025013,Wyndham Championship,2025,39975,Michael Kim,0.545,0.056,-0.905,-0.15,-0.304,2026-01-20
R2025013,Wyndham Championship,2025,40098,Matt Fitzpatrick,0.45,0.337,0.333,1.426,1.12,2026-01-20
R2025013,Wyndham Championship,2025,40162,Justin Lower,0.093,0.464,0.134,-0.395,0.691,2026-01-20
R2025013,Wyndham Championship,2025,45157,Cam Davis,-0.359,0.545,-0.109,0.218,0.078,2026-01-20
R2025013,Wyndham Championship,2025,45522,Christiaan Bezuidenhout,-0.29,-0.187,0.438,-0.415,-0.039,2026-01-20
R2025013,Wyndham Championship,2025,46414,Aaron Rai,0.866,2.611,-0.251,-0.392,3.188,2026-01-20
R2025013,Wyndham Championship,2025,46601,Trey Mullinax,-0.651,-0.106,0.257,-0.204,-0.5,2026-01-20
R2025013,Wyndham Championship,2025,47591,Eric Cole,-1.322,1.246,-0.125,-1.753,-0.201,2026-01-20
R2025013,Wyndham Championship,2025,47679,Victor Perez,0.331,0.377,-0.424,0.261,0.285,2026-01-20
R2025013,Wyndham Championship,2025,47993,Denny McCarthy,-0.676,0.578,0.424,1.97,0.326,2026-01-20
R2025013,Wyndham Championship,2025,48117,Kurt Kitayama,0.502,0.376,-0.052,0.219,0.827,2026-01-20
R2025013,Wyndham Championship,2025,48153,Matthieu Pavon,-0.797,0.026,-0.573,0.139,-1.344,2026-01-20
R2025013,Wyndham Championship,2025,48867,Matti Schmid,0.054,-0.115,0.361,0.746,0.3,2026-01-20
R2025013,Wyndham Championship,2025,48887,Matt Wallace,-0.898,0.913,0.517,0.764,0.532,2026-01-20
R2025013,Wyndham Championship,2025,49453,Trevor Cone,0.226,-0.437,-0.417,0.923,-0.627,2026-01-20
R2025013,Wyndham Championship,2025,49771,J.T. Poston,0.161,1.196,-0.31,1.249,1.047,2026-01-20
R2025013,Wyndham Championship,2025,51349,Nico Echavarria,0.134,0.838,-0.331,1.154,0.642,2026-01-20
R2025013,Wyndham Championship,2025,51690,Taylor Dickson,0.281,-0.869,0.074,-0.44,-0.514,2026-01-20
R2025013,Wyndham Championship,2025,51696,Rico Hoey,0.572,1.669,-0.32,-2.625,1.921,2026-01-20
R2025013,Wyndham Championship,2025,51894,Vince Whaley,-0.294,-0.295,-0.296,-1.069,-0.885,2026-01-20
R2025013,Wyndham Championship,2025,51950,Max McGreevy,0.416,-0.588,-0.628,1.596,-0.8,2026-01-20
R2025013,Wyndham Championship,2025,52215,Robert MacIntyre,-0.611,-0.275,-0.163,1.344,-1.049,2026-01-20
R2025013,Wyndham Championship,2025,52453,Nicolai Højgaard,0.144,0.996,-0.545,-0.549,0.595,2026-01-20
R2025013,Wyndham Championship,2025,52513,Carson Young,0.681,-0.181,0.444,-1.148,0.944,2026-01-20
R2025013,Wyndham Championship,2025,52666,Sami Valimaki,0.079,1.439,-0.11,-0.612,1.408,2026-01-20
R2025013,Wyndham Championship,2025,52686,Rasmus Højgaard,-0.565,0.99,-0.138,0.509,0.287,2026-01-20
R2025013,Wyndham Championship,2025,54304,Karl Vilips,-0.82,0.419,1.005,1.191,0.605,2026-01-20
R2025013,Wyndham Championship,2025,54576,Patrick Fishburn,-0.154,1.068,0.307,1.324,1.222,2026-01-20
R2025013,Wyndham Championship,2025,54591,Ben Griffin,0.115,0.338,-0.638,2.481,-0.185,2026-01-20
R2025013,Wyndham Championship,2025,54628,Lee Hodges,-0.178,0.671,0.177,-0.625,0.671,2026-01-20
R2025013,Wyndham Championship,2025,55165,Noah Goodwin,-0.028,0.446,-0.111,1.239,0.307,2026-01-20
R2025013,Wyndham Championship,2025,57123,Steven Fisk,0.72,-1.027,0.139,-0.036,-0.168,2026-01-20
R2025013,Wyndham Championship,2025,57364,Michael Thorbjornsen,0.019,0.205,-0.407,0.729,-0.184,2026-01-20
R2025013,Wyndham Championship,2025,57366,Cameron Young,1.142,0.776,0.294,2.584,2.212,2026-01-20
R2025013,Wyndham Championship,2025,57900,Chandler Phillips,-0.765,-0.416,0.532,1.445,-0.649,2026-01-20
R2025013,Wyndham Championship,2025,57975,Harry Hall,-0.47,-0.102,0.296,2.321,-0.275,2026-01-20
R2025013,Wyndham Championship,2025,58168,Davis Thompson,1.173,0.505,0.366,0.252,2.044,2026-01-20
R2025013,Wyndham Championship,2025,59141,Matt McCarty,0.458,0.501,0.499,1.087,1.459,2026-01-20
R2025013,Wyndham Championship,2025,59143,Mac Meissner,0.587,1.066,0.179,1.464,1.832,2026-01-20
R2025013,Wyndham Championship,2025,59440,Ricky Castillo,0.3,-0.281,0.468,1.058,0.488,2026-01-20
R2025013,Wyndham Championship,2025,60004,Jacob Bridgeman,0.156,0.055,0.523,-0.188,0.734,2026-01-20
R2025013,Wyndham Championship,2025,60882,Thomas Rosenmueller,-0.306,-0.176,0.065,-0.287,-0.417,2026-01-20
R2025013,Wyndham Championship,2025,63121,William Mouw,0.196,-0.881,0.822,0.409,0.137,2026-01-20
R2025013,Wyndham Championship,2025,64693,Matthew Riedel,0.509,0.815,-0.433,-0.345,0.891,2026-01-20
R2025013,Wyndham Championship,2025,66701,Jackson Koivun,0.638,0.987,0.471,0.699,2.097,2026-01-20
R2025013,Wyndham Championship,2025,66743,Luke Clanton,0.773,-0.148,-0.076,-1.253,0.549,2026-01-20
R2025525,3M Open,2025,24502,Adam Scott,0.187,1.247,-0.445,-0.737,0.989,2026-01-20
R2025525,3M Open,2025,27064,Jhonattan Vegas,0.287,-0.034,0.515,-0.266,0.768,2026-01-20
R2025525,3M Open,2025,27139,David Skinns,-0.079,1.15,-0.328,-0.741,0.743,2026-01-20
R2025525,3M Open,2025,27349,Alex Noren,0.306,-0.842,0.462,2.575,-0.073,2026-01-20
R2025525,3M Open,2025,27770,Camilo Villegas,-0.421,-0.11,0.36,0.423,-0.171,2026-01-20
R2025525,3M Open,2025,28252,Seamus Power,-0.014,1.381,-0.501,0.136,0.866,2026-01-20
R2025525,3M Open,2025,28775,Nate Lashley,0.333,1.128,0.131,-0.59,1.592,2026-01-20
R2025525,3M Open,2025,29478,Kevin Kisner,-0.84,-0.748,0.452,2.137,-1.135,2026-01-20
R2025525,3M Open,2025,29535,Brice Garnett,0.05,-0.816,-0.719,1.487,-1.485,2026-01-20
R2025525,3M Open,2025,30163,Henrik Norlander,0.39,-0.094,-0.152,-1.142,0.144,2026-01-20
R2025525,3M Open,2025,30926,Chris Kirk,0.227,1.35,0.128,0.046,1.706,2026-01-20
R2025525,3M Open,2025,31323,Gary Woodland,0.468,0.965,0.181,-0.112,1.614,2026-01-20
R2025525,3M Open,2025,31646,Emiliano Grillo,0.102,1.109,-0.435,0.725,0.777,2026-01-20
R2025525,3M Open,2025,32102,Rickie Fowler,0.81,0.169,-0.335,0.357,0.645,2026-01-20
R2025525,3M Open,2025,32640,Troy Merritt,-0.334,0.821,-0.101,0.115,0.387,2026-01-20
R2025525,3M Open,2025,33399,Adam Hadwin,-0.405,0.311,-0.762,1.357,-0.855,2026-01-20
R2025525,3M Open,2025,33597,Harry Higgs,0.542,0.695,-0.023,0.037,1.215,2026-01-20
R2025525,3M Open,2025,33968,Thorbjørn Olesen,0.409,1.097,0.413,-0.168,1.92,2026-01-20
R2025525,3M Open,2025,34076,Joel Dahmen,0.496,-0.598,0.191,0.663,0.089,2026-01-20
R2025525,3M Open,2025,34255,Joseph Bramlett,0.44,-1.15,0.798,0.413,0.089,2026-01-20
R2025525,3M Open,2025,35506,Mackenzie Hughes,0.16,-0.477,0.385,0.184,0.068,2026-01-20
R2025525,3M Open,2025,35706,Niklas Norgaard,0.142,-0.598,0.24,-0.282,-0.216,2026-01-20
R2025525,3M Open,2025,36326,David Lipsky,0.376,1.04,0.548,0.788,1.964,2026-01-20
R2025525,3M Open,2025,36801,Mark Hubbard,-0.502,0.592,-0.39,0.052,-0.3,2026-01-20
R2025525,3M Open,2025,36884,Ben Kohles,0.638,1.648,0.26,-1.045,2.547,2026-01-20
R2025525,3M Open,2025,37275,Sam Ryder,-0.935,-0.235,0.102,0.57,-1.068,2026-01-20
R2025525,3M Open,2025,39327,Ben Silverman,0.005,-0.124,-0.363,0.233,-0.481,2026-01-20
R2025525,3M Open,2025,39335,Kevin Roy,0.089,-0.847,-0.061,1.819,-0.818,2026-01-20
R2025525,3M Open,2025,39859,Cristobal Del Solar,-0.936,1.152,-0.437,-0.028,-0.221,2026-01-20
R2025525,3M Open,2025,39977,Max Homa,0.403,0.537,0.28,-0.468,1.22,2026-01-20
R2025525,3M Open,2025,40058,Zac Blair,-1.192,1.744,0.145,-0.196,0.698,2026-01-20
R2025525,3M Open,2025,40115,Adam Svensson,-0.836,1.75,0.42,0.418,1.334,2026-01-20
R2025525,3M Open,2025,40250,Taylor Pendrith,0.353,0.21,-0.462,-0.6,0.102,2026-01-20
R2025525,3M Open,2025,45522,Christiaan Bezuidenhout,0.096,0.371,-0.037,1.072,0.43,2026-01-20
R2025525,3M Open,2025,46340,Alex Smalley,0.282,0.245,-0.219,0.193,0.309,2026-01-20
R2025525,3M Open,2025,46646,Antoine Rozner,0.07,1.735,-1.295,-1.508,0.51,2026-01-20
R2025525,3M Open,2025,47420,Jake Knapp,1.4,0.224,0.302,0.826,1.926,2026-01-20
R2025525,3M Open,2025,47504,Sam Burns,0.725,0.049,0.022,-1.043,0.795,2026-01-20
R2025525,3M Open,2025,47679,Victor Perez,-0.311,1.092,0.406,-0.185,1.187,2026-01-20
R2025525,3M Open,2025,47917,Takumi Kanaya,0.747,0.021,0.489,1.244,1.258,2026-01-20
R2025525,3M Open,2025,47983,Chad Ramey,0.465,0.261,0.401,-0.126,1.128,2026-01-20
R2025525,3M Open,2025,47988,Nick Hardy,-0.432,1.49,-0.079,0.022,0.98,2026-01-20
R2025525,3M Open,2025,48117,Kurt Kitayama,0.427,2.413,0.465,0.196,3.306,2026-01-20
R2025525,3M Open,2025,48153,Matthieu Pavon,-0.042,0.152,-0.229,0.621,-0.119,2026-01-20
R2025525,3M Open,2025,48867,Matti Schmid,0.083,-0.377,-0.116,0.161,-0.409,2026-01-20
R2025525,3M Open,2025,48887,Matt Wallace,0.379,0.699,0.593,1.081,1.671,2026-01-20
R2025525,3M Open,2025,49453,Trevor Cone,0.595,-0.506,0.165,-0.502,0.254,2026-01-20
R2025525,3M Open,2025,49947,Taylor Moore,0.634,0.279,0.337,0.501,1.251,2026-01-20
R2025525,3M Open,2025,51690,Taylor Dickson,-1.264,-0.249,-0.264,0.027,-1.776,2026-01-20
R2025525,3M Open,2025,51696,Rico Hoey,0.835,0.51,0.173,-1.516,1.518,2026-01-20
R2025525,3M Open,2025,51766,Wyndham Clark,-1.066,2.391,0.421,0.256,1.746,2026-01-20
R2025525,3M Open,2025,51890,Greyson Sigg,0.303,-0.134,0.331,0.251,0.501,2026-01-20
R2025525,3M Open,2025,51894,Vince Whaley,-0.58,1.319,0.046,-0.784,0.786,2026-01-20
R2025525,3M Open,2025,52372,Cameron Champ,1.118,-0.666,0.242,0.308,0.694,2026-01-20
R2025525,3M Open,2025,52513,Carson Young,0.381,0.572,-0.03,0.079,0.923,2026-01-20
R2025525,3M Open,2025,54421,Garrick Higgo,-0.109,-0.003,0.365,0.499,0.253,2026-01-20
R2025525,3M Open,2025,54576,Patrick Fishburn,0.295,-0.014,0.018,0.203,0.299,2026-01-20
R2025525,3M Open,2025,55165,Noah Goodwin,0.628,1.067,0.245,0.312,1.94,2026-01-20
R2025525,3M Open,2025,55182,Tom Kim,0.041,0.583,0.146,0.232,0.77,2026-01-20
R2025525,3M Open,2025,55789,Taylor Montgomery,-0.036,0.184,0.673,1.18,0.822,2026-01-20
R2025525,3M Open,2025,55893,Sam Stevens,0.216,0.197,0.894,1.945,1.307,2026-01-20
R2025525,3M Open,2025,56630,Akshay Bhatia,-0.622,0.41,0.379,1.085,0.167,2026-01-20
R2025525,3M Open,2025,56781,Isaiah Salinda,0.95,-0.071,-0.215,-0.413,0.665,2026-01-20
R2025525,3M Open,2025,57123,Steven Fisk,0.384,0.13,-0.138,-1.625,0.377,2026-01-20
R2025525,3M Open,2025,57362,Austin Eckroat,0.943,0.428,-0.309,-0.311,1.063,2026-01-20
R2025525,3M Open,2025,57586,Jesper Svensson,0.089,1.279,-0.379,0.763,0.989,2026-01-20
R2025525,3M Open,2025,59095,Chris Gotterup,0.755,0.176,0.474,0.846,1.406,2026-01-20
R2025525,3M Open,2025,59141,Matt McCarty,0.179,-0.406,0.125,-0.396,-0.102,2026-01-20
R2025525,3M Open,2025,59143,Mac Meissner,0.142,0.93,0.55,0.129,1.623,2026-01-20
R2025525,3M Open,2025,59836,Pierceson Coody,1.164,0.101,0.608,0.878,1.874,2026-01-20
R2025525,3M Open,2025,60882,Thomas Rosenmueller,0.832,1.04,0.042,-0.662,1.914,2026-01-20
R2025525,3M Open,2025,63121,William Mouw,0.423,0.79,-0.478,1.766,0.736,2026-01-20
R2025525,3M Open,2025,65110,Brendan Valdes,0.307,-0.28,0.048,1.426,0.076,2026-01-20
R2025525,3M Open,2025,65256,David Ford,1.332,-1.622,-0.771,-0.438,-1.06,2026-01-20
R2025525,3M Open,2025,66743,Luke Clanton,0.152,-0.176,-0.19,-0.034,-0.214,2026-01-20
R2025525,3M Open,2025,68384,Michael La Sasso,0.737,-0.564,-0.342,0.67,-0.168,2026-01-20
R2025541,Genesis Scottish Open,2025,20766,Padraig Harrington,-1.12,0.306,0.193,-0.037,-0.622,2026-01-20
R2025541,Genesis Scottish Open,2025,22405,Justin Rose,0.621,1.544,0.151,0.525,2.316,2026-01-20
R2025541,Genesis Scottish Open,2025,23481,Marcel Siem,0.201,0.059,0.275,0.555,0.535,2026-01-20
R2025541,Genesis Scottish Open,2025,24502,Adam Scott,0.263,0.65,0.01,0.668,0.922,2026-01-20
R2025541,Genesis Scottish Open,2025,25493,Nick Taylor,0.222,0.982,-0.254,0.391,0.949,2026-01-20
R2025541,Genesis Scottish Open,2025,27064,Jhonattan Vegas,0.487,0.479,-0.487,-0.137,0.478,2026-01-20
R2025541,Genesis Scottish Open,2025,27644,Brian Harman,0.35,-0.721,0.367,0.344,-0.004,2026-01-20
R2025541,Genesis Scottish Open,2025,28237,Rory McIlroy,-0.042,0.916,0.694,1.772,1.569,2026-01-20
R2025541,Genesis Scottish Open,2025,28723,John Parry,-0.178,0.925,0.171,-0.827,0.918,2026-01-20
R2025541,Genesis Scottish Open,2025,29936,Ryan Fox,-0.415,0.585,0.421,-1.0,0.591,2026-01-20
R2025541,Genesis Scottish Open,2025,30163,Henrik Norlander,-0.51,1.248,-0.697,-1.7,0.041,2026-01-20
R2025541,Genesis Scottish Open,2025,30911,Tommy Fleetwood,0.734,0.718,0.487,-0.849,1.939,2026-01-20
R2025541,Genesis Scottish Open,2025,31323,Gary Woodland,-0.362,1.197,-1.879,0.885,-1.044,2026-01-20
R2025541,Genesis Scottish Open,2025,32367,Jorge Campillo,-0.435,0.201,1.361,0.214,1.127,2026-01-20
R2025541,Genesis Scottish Open,2025,33117,Dale Whitnell,-0.564,-0.916,0.038,1.032,-1.442,2026-01-20
R2025541,Genesis Scottish Open,2025,33448,Justin Thomas,0.168,0.573,0.28,0.32,1.021,2026-01-20
R2025541,Genesis Scottish Open,2025,33653,Thomas Detry,0.534,-1.617,-0.107,0.531,-1.191,2026-01-20
R2025541,Genesis Scottish Open,2025,33948,Byeong Hun An,0.529,-1.746,0.77,-1.463,-0.447,2026-01-20
R2025541,Genesis Scottish Open,2025,33968,Thorbjørn Olesen,-0.283,-0.571,0.017,0.678,-0.837,2026-01-20
R2025541,Genesis Scottish Open,2025,34021,Bud Cauley,-0.707,-0.388,0.098,1.088,-0.997,2026-01-20
R2025541,Genesis Scottish Open,2025,34099,Harris English,0.09,0.813,0.583,-0.146,1.486,2026-01-20
R2025541,Genesis Scottish Open,2025,34362,Laurie Canter,0.205,1.38,-0.563,0.068,1.022,2026-01-20
R2025541,Genesis Scottish Open,2025,34607,Francesco Laporta,1.484,-1.471,0.247,0.08,0.26,2026-01-20
R2025541,Genesis Scottish Open,2025,35314,Andy Sullivan,-0.351,0.991,0.556,0.394,1.196,2026-01-20
R2025541,Genesis Scottish Open,2025,37066,Grant Forrest,0.196,0.48,0.307,0.358,0.982,2026-01-20
R2025541,Genesis Scottish Open,2025,37250,Romain Langasque,-0.051,-0.103,0.3,-0.056,0.146,2026-01-20
R2025541,Genesis Scottish Open,2025,37446,Jacques Kruyswijk,0.069,-0.364,-0.489,0.375,-0.784,2026-01-20
R2025541,Genesis Scottish Open,2025,37455,Si Woo Kim,0.429,1.86,0.007,-1.206,2.296,2026-01-20
R2025541,Genesis Scottish Open,2025,39546,Keith Mitchell,0.823,-0.687,-0.411,0.616,-0.276,2026-01-20
R2025541,Genesis Scottish Open,2025,39975,Michael Kim,0.053,1.463,-0.134,-0.292,1.382,2026-01-20
R2025541,Genesis Scottish Open,2025,39997,Corey Conners,0.486,-0.507,-0.328,0.94,-0.35,2026-01-20
R2025541,Genesis Scottish Open,2025,40026,Daniel Berger,0.044,2.259,-0.976,-1.236,1.326,2026-01-20
R2025541,Genesis Scottish Open,2025,40098,Matt Fitzpatrick,0.113,0.447,0.792,1.739,1.351,2026-01-20
R2025541,Genesis Scottish Open,2025,40250,Taylor Pendrith,0.891,0.169,0.616,0.166,1.675,2026-01-20
R2025541,Genesis Scottish Open,2025,45242,Kevin Yu,0.196,0.039,-0.211,1.067,0.024,2026-01-20
R2025541,Genesis Scottish Open,2025,45522,Christiaan Bezuidenhout,0.165,1.023,0.035,0.618,1.223,2026-01-20
R2025541,Genesis Scottish Open,2025,46046,Scottie Scheffler,0.719,1.496,0.489,-0.364,2.704,2026-01-20
R2025541,Genesis Scottish Open,2025,46340,Alex Smalley,0.102,-0.302,-0.317,1.608,-0.518,2026-01-20
R2025541,Genesis Scottish Open,2025,46405,Sebastian Soderberg,-0.207,0.909,0.278,0.111,0.979,2026-01-20
R2025541,Genesis Scottish Open,2025,46414,Aaron Rai,0.18,-0.182,0.147,0.446,0.145,2026-01-20
R2025541,Genesis Scottish Open,2025,46442,Maverick McNealy,0.353,0.228,-0.266,1.026,0.315,2026-01-20
R2025541,Genesis Scottish Open,2025,46464,Jordan Smith,0.599,0.531,1.388,-1.177,2.518,2026-01-20
R2025541,Genesis Scottish Open,2025,46646,Antoine Rozner,-0.064,0.349,0.205,0.851,0.489,2026-01-20
R2025541,Genesis Scottish Open,2025,46717,Viktor Hovland,0.367,1.705,-0.471,0.49,1.6,2026-01-20
R2025541,Genesis Scottish Open,2025,47420,Jake Knapp,0.836,-1.492,-0.724,2.72,-1.38,2026-01-20
R2025541,Genesis Scottish Open,2025,47504,Sam Burns,0.717,-0.616,-0.053,0.543,0.048,2026-01-20
R2025541,Genesis Scottish Open,2025,47679,Victor Perez,-0.586,1.365,0.162,-0.1,0.941,2026-01-20
R2025541,Genesis Scottish Open,2025,48051,Yannik Paul,-0.379,0.361,0.414,0.444,0.396,2026-01-20
R2025541,Genesis Scottish Open,2025,48081,Xander Schauffele,0.148,2.289,0.033,-0.129,2.469,2026-01-20
R2025541,Genesis Scottish Open,2025,48867,Matti Schmid,1.081,-1.083,0.324,1.268,0.322,2026-01-20
R2025541,Genesis Scottish Open,2025,48887,Matt Wallace,-0.347,-0.413,-0.25,1.351,-1.011,2026-01-20
R2025541,Genesis Scottish Open,2025,48936,Ugo Coussaud,-0.495,1.576,-0.214,-0.026,0.867,2026-01-20
R2025541,Genesis Scottish Open,2025,49228,Keita Nakajima,0.293,1.389,-0.403,-1.187,1.278,2026-01-20
R2025541,Genesis Scottish Open,2025,49855,Kristoffer Reitan,0.845,0.991,0.022,-0.017,1.858,2026-01-20
R2025541,Genesis Scottish Open,2025,49960,Sepp Straka,-0.215,0.063,0.914,1.829,0.762,2026-01-20
R2025541,Genesis Scottish Open,2025,50584,Connor Syme,-0.243,0.337,0.177,-1.68,0.27,2026-01-20
R2025541,Genesis Scottish Open,2025,50762,Alejandro Del Rey,0.833,-1.421,-0.056,0.485,-0.644,2026-01-20
R2025541,Genesis Scottish Open,2025,51003,Marco Penge,1.159,0.228,0.82,1.134,2.207,2026-01-20
R2025541,Genesis Scottish Open,2025,51349,Nico Echavarria,0.895,0.985,-0.325,-0.214,1.555,2026-01-20
R2025541,Genesis Scottish Open,2025,51766,Wyndham Clark,0.84,-0.892,0.591,1.552,0.539,2026-01-20
R2025541,Genesis Scottish Open,2025,51997,Andrew Novak,0.62,-0.226,-0.529,1.976,-0.136,2026-01-20
R2025541,Genesis Scottish Open,2025,52215,Robert MacIntyre,-1.315,0.926,0.582,-0.603,0.193,2026-01-20
R2025541,Genesis Scottish Open,2025,52453,Nicolai Højgaard,1.09,0.742,-0.067,1.327,1.764,2026-01-20
R2025541,Genesis Scottish Open,2025,52666,Sami Valimaki,-0.541,0.212,-0.547,0.717,-0.876,2026-01-20
R2025541,Genesis Scottish Open,2025,52955,Ludvig Åberg,0.452,0.65,0.089,1.15,1.191,2026-01-20
R2025541,Genesis Scottish Open,2025,54185,Elvis Smylie,0.417,-0.356,-0.647,1.677,-0.586,2026-01-20
R2025541,Genesis Scottish Open,2025,54190,Richard Mansell,0.469,-0.595,0.832,0.634,0.706,2026-01-20
R2025541,Genesis Scottish Open,2025,55182,Tom Kim,-0.181,1.801,0.212,-0.241,1.832,2026-01-20
R2025541,Genesis Scottish Open,2025,55893,Sam Stevens,0.383,-1.06,-0.09,-0.642,-0.768,2026-01-20
R2025541,Genesis Scottish Open,2025,57259,Daniel Brown,0.021,-0.508,-0.393,0.72,-0.88,2026-01-20
R2025541,Genesis Scottish Open,2025,57586,Jesper Svensson,-0.22,0.653,-0.093,0.501,0.34,2026-01-20
R2025541,Genesis Scottish Open,2025,57975,Harry Hall,0.532,-0.319,0.903,0.475,1.115,2026-01-20
R2025541,Genesis Scottish Open,2025,59018,Ryan Gerard,0.446,-0.273,-0.53,-0.802,-0.357,2026-01-20
R2025541,Genesis Scottish Open,2025,59095,Chris Gotterup,1.094,0.183,0.738,1.826,2.015,2026-01-20
R2025541,Genesis Scottish Open,2025,59141,Matt McCarty,-0.091,0.71,0.343,0.379,0.962,2026-01-20
R2025541,Genesis Scottish Open,2025,60004,Jacob Bridgeman,-0.357,-0.643,0.44,-0.848,-0.561,2026-01-20
R2025541,Genesis Scottish Open,2025,60073,Martin Couvra,-0.104,-0.46,-0.1,-0.245,-0.664,2026-01-20
R2025541,Genesis Scottish Open,2025,60369,Sam Bairstow,-0.622,0.482,-0.278,0.009,-0.419,2026-01-20
R2025541,Genesis Scottish Open,2025,66743,Luke Clanton,0.253,0.138,0.22,-1.021,0.611,2026-01-20
R2025518,ISCO Championship,2025,24925,Jonathan Byrd,-0.492,-2.296,1.01,0.836,-1.778,2026-01-20
R2025518,ISCO Championship,2025,25818,Scott Piercy,-0.103,0.872,0.559,0.48,1.328,2026-01-20
R2025518,ISCO Championship,2025,26476,Chez Reavie,-0.415,0.426,0.174,-0.127,0.185,2026-01-20
R2025518,ISCO Championship,2025,27129,Luke List,-0.421,1.379,0.289,0.812,1.246,2026-01-20
R2025518,ISCO Championship,2025,27139,David Skinns,0.415,1.315,-0.436,1.265,1.293,2026-01-20
R2025518,ISCO Championship,2025,27330,Josh Teater,0.727,-0.73,0.277,0.534,0.274,2026-01-20
R2025518,ISCO Championship,2025,27936,Martin Laird,-1.017,1.172,0.638,0.266,0.793,2026-01-20
R2025518,ISCO Championship,2025,29478,Kevin Kisner,-0.087,0.624,-0.158,1.68,0.378,2026-01-20
R2025518,ISCO Championship,2025,30750,Tommy Gainey,-0.692,-0.995,1.257,-0.261,-0.431,2026-01-20
R2025518,ISCO Championship,2025,30957,Max Kieffer,-0.764,-0.388,0.232,0.728,-0.92,2026-01-20
R2025518,ISCO Championship,2025,31646,Emiliano Grillo,-0.12,0.479,0.68,-0.23,1.038,2026-01-20
R2025518,ISCO Championship,2025,32070,Rafael Campos,-0.14,0.455,-0.617,0.361,-0.303,2026-01-20
R2025518,ISCO Championship,2025,32448,James Hahn,-0.385,-0.116,0.137,0.672,-0.364,2026-01-20
R2025518,ISCO Championship,2025,32640,Troy Merritt,0.111,0.182,0.486,-0.971,0.779,2026-01-20
R2025518,ISCO Championship,2025,33413,Ben Martin,-0.033,-0.369,0.825,0.636,0.423,2026-01-20
R2025518,ISCO Championship,2025,33597,Harry Higgs,0.6,0.82,0.267,-0.378,1.687,2026-01-20
R2025518,ISCO Championship,2025,34466,Peter Malnati,-0.627,0.093,1.193,1.148,0.66,2026-01-20
R2025518,ISCO Championship,2025,34579,Alexander Levy,-0.425,0.332,0.503,1.148,0.41,2026-01-20
R2025518,ISCO Championship,2025,34587,Chan Kim,0.33,1.577,0.81,-0.909,2.717,2026-01-20
R2025518,ISCO Championship,2025,34708,Jack Senior,0.093,-0.029,-0.622,1.366,-0.558,2026-01-20
R2025518,ISCO Championship,2025,35310,Lanto Griffin,-0.63,0.114,0.831,-1.006,0.315,2026-01-20
R2025518,ISCO Championship,2025,35461,Beau Hossler,0.574,0.457,0.041,0.737,1.072,2026-01-20
R2025518,ISCO Championship,2025,35564,Joel Girrbach,0.61,-0.357,-0.271,-0.174,-0.018,2026-01-20
R2025518,ISCO Championship,2025,35658,Kris Ventura,-0.086,0.273,0.81,-0.438,0.997,2026-01-20
R2025518,ISCO Championship,2025,36326,David Lipsky,0.453,0.682,0.387,-0.214,1.523,2026-01-20
R2025518,ISCO Championship,2025,36801,Mark Hubbard,-0.843,-0.394,-0.205,0.25,-1.442,2026-01-20
R2025518,ISCO Championship,2025,36824,Paul Peterson,0.364,1.025,0.17,1.75,1.558,2026-01-20
R2025518,ISCO Championship,2025,36871,Matt NeSmith,1.596,0.522,0.562,-1.122,2.681,2026-01-20
R2025518,ISCO Championship,2025,36884,Ben Kohles,0.918,1.738,-0.535,-0.063,2.121,2026-01-20
R2025518,ISCO Championship,2025,39067,MJ Daffue,1.426,-0.72,-0.958,-0.191,-0.251,2026-01-20
R2025518,ISCO Championship,2025,39327,Ben Silverman,0.407,-0.005,-0.113,1.019,0.29,2026-01-20
R2025518,ISCO Championship,2025,39859,Cristobal Del Solar,0.29,0.036,-0.356,-0.411,-0.031,2026-01-20
R2025518,ISCO Championship,2025,40058,Zac Blair,-1.128,1.873,0.302,0.262,1.047,2026-01-20
R2025518,ISCO Championship,2025,45194,Marcus Armitage,0.849,1.161,0.167,-1.368,2.177,2026-01-20
R2025518,ISCO Championship,2025,46035,Callum Shinkwin,1.182,-1.334,0.183,-0.973,0.031,2026-01-20
R2025518,ISCO Championship,2025,47847,Ivan Cantero Gutierrez,0.471,-0.306,0.766,-0.122,0.931,2026-01-20
R2025518,ISCO Championship,2025,47983,Chad Ramey,0.008,0.725,0.718,0.608,1.451,2026-01-20
R2025518,ISCO Championship,2025,47988,Nick Hardy,1.227,0.628,0.68,-0.476,2.535,2026-01-20
R2025518,ISCO Championship,2025,48699,Callum Tarren,-0.178,0.012,0.401,0.823,0.236,2026-01-20
R2025518,ISCO Championship,2025,49453,Trevor Cone,-0.244,0.871,0.419,0.762,1.046,2026-01-20
R2025518,ISCO Championship,2025,49590,Frankie Capan III,-0.675,-0.117,0.322,1.029,-0.471,2026-01-20
R2025518,ISCO Championship,2025,50188,S.H. Kim,0.51,-0.421,-0.09,1.309,-0.001,2026-01-20
R2025518,ISCO Championship,2025,50484,Hayden Springer,0.834,1.414,-0.23,-0.21,2.019,2026-01-20
R2025518,ISCO Championship,2025,50672,Hamish Brown,-0.159,0.299,-0.53,-0.052,-0.39,2026-01-20
R2025518,ISCO Championship,2025,51696,Rico Hoey,-0.008,1.937,-0.118,-0.752,1.811,2026-01-20
R2025518,ISCO Championship,2025,51894,Vince Whaley,-0.087,0.497,1.035,1.114,1.445,2026-01-20
R2025518,ISCO Championship,2025,52144,Braden Thornberry,-0.818,-0.966,-0.791,1.633,-2.575,2026-01-20
R2025518,ISCO Championship,2025,52372,Cameron Champ,0.898,0.485,0.006,0.42,1.388,2026-01-20
R2025518,ISCO Championship,2025,54364,Stephen Stallings Jr.,0.433,-0.813,0.153,-0.964,-0.228,2026-01-20
R2025518,ISCO Championship,2025,54576,Patrick Fishburn,0.473,0.67,0.25,0.915,1.393,2026-01-20
R2025518,ISCO Championship,2025,55165,Noah Goodwin,0.184,-0.927,-0.148,0.949,-0.891,2026-01-20
R2025518,ISCO Championship,2025,55454,Carl Yuan,0.407,-0.618,-0.253,-0.228,-0.464,2026-01-20
R2025518,ISCO Championship,2025,55789,Taylor Montgomery,-0.489,-0.519,0.786,2.28,-0.222,2026-01-20
R2025518,ISCO Championship,2025,56512,Conor Purcell,-0.365,1.048,-0.083,-0.042,0.6,2026-01-20
R2025518,ISCO Championship,2025,56643,Manuel Elvira,0.373,0.714,0.06,1.661,1.147,2026-01-20
R2025518,ISCO Championship,2025,56762,Will Gordon,0.283,0.9,-0.028,0.653,1.155,2026-01-20
R2025518,ISCO Championship,2025,57123,Steven Fisk,0.239,0.933,0.607,-0.471,1.779,2026-01-20
R2025518,ISCO Championship,2025,57364,Michael Thorbjornsen,1.788,-0.839,0.266,0.594,1.215,2026-01-20
R2025518,ISCO Championship,2025,58816,Marcus Byrd,0.3,0.367,-0.449,-0.409,0.218,2026-01-20
R2025518,ISCO Championship,2025,58933,Will Chandler,0.651,-0.362,0.751,0.519,1.04,2026-01-20
R2025518,ISCO Championship,2025,59440,Ricky Castillo,0.868,0.175,0.545,-0.529,1.588,2026-01-20
R2025518,ISCO Championship,2025,60019,Jackson Suber,0.466,-0.347,0.36,0.08,0.478,2026-01-20
R2025518,ISCO Championship,2025,60882,Thomas Rosenmueller,0.799,0.958,0.822,-0.77,2.578,2026-01-20
R2025518,ISCO Championship,2025,63121,William Mouw,0.516,1.042,0.355,1.645,1.913,2026-01-20
R2025518,ISCO Championship,2025,63196,Wenyi Ding,-0.266,0.609,0.05,0.666,0.393,2026-01-20
R2025518,ISCO Championship,2025,64052,Angel Ayora,1.108,-0.217,-0.446,-0.386,0.444,2026-01-20
R2025518,ISCO Championship,2025,64442,Gordon Sargent,0.49,-0.475,0.615,0.928,0.63,2026-01-20
R2025518,ISCO Championship,2025,66701,Jackson Koivun,0.859,1.024,-0.116,0.541,1.767,2026-01-20
R2025030,John Deere Classic,2025,23108,Matt Kuchar,-0.248,0.926,0.596,1.071,1.274,2026-01-20
R2025030,John Deere Classic,2025,24024,Zach Johnson,-0.482,-0.098,0.336,0.588,-0.244,2026-01-20
R2025030,John Deere Classic,2025,25900,Lucas Glover,-0.151,1.393,0.824,0.278,2.067,2026-01-20
R2025030,John Deere Classic,2025,27649,Brandt Snedeker,-0.058,1.346,0.216,-0.66,1.504,2026-01-20
R2025030,John Deere Classic,2025,27770,Camilo Villegas,-0.537,0.494,0.471,0.416,0.428,2026-01-20
R2025030,John Deere Classic,2025,28252,Seamus Power,-0.679,1.098,0.208,-0.283,0.627,2026-01-20
R2025030,John Deere Classic,2025,28775,Nate Lashley,-0.246,0.102,1.224,0.264,1.08,2026-01-20
R2025030,John Deere Classic,2025,29268,Bronson Burgoon,-0.06,-0.704,-0.687,1.796,-1.451,2026-01-20
R2025030,John Deere Classic,2025,30163,Henrik Norlander,-0.661,0.116,0.054,0.086,-0.492,2026-01-20
R2025030,John Deere Classic,2025,30926,Chris Kirk,-0.609,-0.45,-1.415,0.319,-2.474,2026-01-20
R2025030,John Deere Classic,2025,31646,Emiliano Grillo,0.798,0.685,0.011,1.35,1.494,2026-01-20
R2025030,John Deere Classic,2025,32102,Rickie Fowler,0.749,0.016,0.948,0.131,1.714,2026-01-20
R2025030,John Deere Classic,2025,32448,James Hahn,-0.461,-0.826,0.01,-0.128,-1.278,2026-01-20
R2025030,John Deere Classic,2025,32757,Patton Kizzire,-0.802,-0.548,0.864,0.579,-0.485,2026-01-20
R2025030,John Deere Classic,2025,34021,Bud Cauley,0.786,-0.266,-0.073,0.398,0.447,2026-01-20
R2025030,John Deere Classic,2025,34076,Joel Dahmen,-0.512,0.955,0.939,-1.787,1.382,2026-01-20
R2025030,John Deere Classic,2025,35461,Beau Hossler,0.096,0.466,0.233,1.299,0.795,2026-01-20
R2025030,John Deere Classic,2025,35658,Kris Ventura,-0.057,0.687,-0.546,1.261,0.084,2026-01-20
R2025030,John Deere Classic,2025,36326,David Lipsky,0.117,0.717,0.019,1.741,0.853,2026-01-20
R2025030,John Deere Classic,2025,36801,Mark Hubbard,0.1,-0.05,0.249,0.545,0.299,2026-01-20
R2025030,John Deere Classic,2025,36884,Ben Kohles,-0.145,1.686,0.038,-1.234,1.578,2026-01-20
R2025030,John Deere Classic,2025,37455,Si Woo Kim,0.137,1.587,1.129,-0.759,2.853,2026-01-20
R2025030,John Deere Classic,2025,39335,Kevin Roy,0.585,0.809,0.844,0.357,2.237,2026-01-20
R2025030,John Deere Classic,2025,39546,Keith Mitchell,0.96,-0.314,-0.54,0.239,0.106,2026-01-20
R2025030,John Deere Classic,2025,39859,Cristobal Del Solar,-0.783,-0.515,0.608,0.785,-0.69,2026-01-20
R2025030,John Deere Classic,2025,39977,Max Homa,0.988,1.183,-0.372,0.546,1.799,2026-01-20
R2025030,John Deere Classic,2025,40058,Zac Blair,-0.033,0.427,0.451,-0.001,0.846,2026-01-20
R2025030,John Deere Classic,2025,40115,Adam Svensson,-0.086,-0.233,0.752,-0.089,0.434,2026-01-20
R2025030,John Deere Classic,2025,40162,Justin Lower,0.203,0.062,0.826,-0.747,1.091,2026-01-20
R2025030,John Deere Classic,2025,45242,Kevin Yu,0.985,0.397,-0.347,0.56,1.034,2026-01-20
R2025030,John Deere Classic,2025,45523,Thriston Lawrence,0.36,-0.969,0.757,0.196,0.148,2026-01-20
R2025030,John Deere Classic,2025,46443,Brian Campbell,-0.996,1.415,0.718,1.707,1.137,2026-01-20
R2025030,John Deere Classic,2025,47056,Rikuya Hoshino,0.26,0.091,-0.034,0.278,0.316,2026-01-20
R2025030,John Deere Classic,2025,47420,Jake Knapp,0.73,0.626,-0.088,0.326,1.268,2026-01-20
R2025030,John Deere Classic,2025,47591,Eric Cole,-0.513,0.024,-0.033,-0.134,-0.522,2026-01-20
R2025030,John Deere Classic,2025,47993,Denny McCarthy,-0.325,1.316,0.643,0.46,1.634,2026-01-20
R2025030,John Deere Classic,2025,48117,Kurt Kitayama,1.195,1.437,-0.131,-0.156,2.501,2026-01-20
R2025030,John Deere Classic,2025,49947,Taylor Moore,0.494,-0.145,0.32,0.175,0.669,2026-01-20
R2025030,John Deere Classic,2025,50484,Hayden Springer,0.698,-1.301,0.078,0.868,-0.524,2026-01-20
R2025030,John Deere Classic,2025,50582,Jeremy Paul,-0.083,0.294,0.181,0.453,0.392,2026-01-20
R2025030,John Deere Classic,2025,51287,Ryo Hisatsune,0.544,0.532,-0.025,-1.707,1.051,2026-01-20
R2025030,John Deere Classic,2025,51696,Rico Hoey,1.434,1.324,0.568,-1.231,3.326,2026-01-20
R2025030,John Deere Classic,2025,51894,Vince Whaley,0.378,0.263,0.598,-0.395,1.239,2026-01-20
R2025030,John Deere Classic,2025,52372,Cameron Champ,1.066,0.057,0.185,0.036,1.308,2026-01-20
R2025030,John Deere Classic,2025,52375,Doug Ghim,0.722,1.699,0.163,-1.49,2.584,2026-01-20
R2025030,John Deere Classic,2025,52513,Carson Young,-0.101,1.107,0.478,0.86,1.485,2026-01-20
R2025030,John Deere Classic,2025,54421,Garrick Higgo,-0.297,-0.674,0.076,2.239,-0.895,2026-01-20
R2025030,John Deere Classic,2025,54576,Patrick Fishburn,-0.27,-0.137,0.548,1.703,0.141,2026-01-20
R2025030,John Deere Classic,2025,54628,Lee Hodges,-0.265,2.003,-0.084,-0.059,1.654,2026-01-20
R2025030,John Deere Classic,2025,54783,Dylan Wu,-0.565,0.355,0.047,0.257,-0.163,2026-01-20
R2025030,John Deere Classic,2025,54813,Philip Knowles,-0.321,0.856,0.407,-0.348,0.943,2026-01-20
R2025030,John Deere Classic,2025,55789,Taylor Montgomery,-0.393,-0.455,0.488,1.455,-0.361,2026-01-20
R2025030,John Deere Classic,2025,55893,Sam Stevens,0.355,1.238,-0.184,0.185,1.41,2026-01-20
R2025030,John Deere Classic,2025,57362,Austin Eckroat,0.191,1.698,-0.226,0.432,1.663,2026-01-20
R2025030,John Deere Classic,2025,57364,Michael Thorbjornsen,0.736,1.471,-0.441,-0.172,1.766,2026-01-20
R2025030,John Deere Classic,2025,57586,Jesper Svensson,0.587,0.304,-0.274,-0.273,0.617,2026-01-20
R2025030,John Deere Classic,2025,58168,Davis Thompson,0.818,0.232,0.681,0.114,1.73,2026-01-20
R2025030,John Deere Classic,2025,58605,Quade Cummins,-0.555,-0.859,-0.009,1.017,-1.423,2026-01-20
R2025030,John Deere Classic,2025,59095,Chris Gotterup,1.026,0.426,0.008,0.135,1.46,2026-01-20
R2025030,John Deere Classic,2025,59866,Nick Dunlap,-1.378,1.334,-0.564,2.703,-0.609,2026-01-20
R2025030,John Deere Classic,2025,60004,Jacob Bridgeman,0.595,0.574,0.324,0.851,1.493,2026-01-20
R2025030,John Deere Classic,2025,64442,Gordon Sargent,-0.594,-0.692,-0.608,0.739,-1.895,2026-01-20
R2025030,John Deere Classic,2025,65110,Brendan Valdes,0.851,0.522,-0.021,-0.757,1.352,2026-01-20
R2025030,John Deere Classic,2025,66701,Jackson Koivun,1.107,-1.278,-0.201,2.467,-0.373,2026-01-20
R2025524,Rocket Classic,2025,24024,Zach Johnson,-0.398,0.05,-0.237,-0.484,-0.585,2026-01-20
R2025524,Rocket Classic,2025,27129,Luke List,0.779,-0.046,-0.045,-0.007,0.688,2026-01-20
R2025524,Rocket Classic,2025,27139,David Skinns,0.284,-0.619,0.239,-0.223,-0.096,2026-01-20
R2025524,Rocket Classic,2025,27770,Camilo Villegas,-0.438,0.446,0.102,-0.43,0.111,2026-01-20
R2025524,Rocket Classic,2025,29221,Webb Simpson,0.001,0.071,0.569,-0.46,0.641,2026-01-20
R2025524,Rocket Classic,2025,30163,Henrik Norlander,-0.555,0.976,0.086,-0.326,0.507,2026-01-20
R2025524,Rocket Classic,2025,30926,Chris Kirk,0.286,1.353,0.654,0.888,2.293,2026-01-20
R2025524,Rocket Classic,2025,31323,Gary Woodland,0.251,-0.139,0.322,-0.003,0.434,2026-01-20
R2025524,Rocket Classic,2025,31646,Emiliano Grillo,0.54,-1.2,0.169,-0.078,-0.491,2026-01-20
R2025524,Rocket Classic,2025,32839,Hideki Matsuyama,-1.378,2.145,0.848,0.566,1.615,2026-01-20
R2025524,Rocket Classic,2025,33141,Keegan Bradley,0.35,-0.504,1.11,-0.275,0.956,2026-01-20
R2025524,Rocket Classic,2025,33399,Adam Hadwin,-0.24,-0.594,-0.477,0.492,-1.311,2026-01-20
R2025524,Rocket Classic,2025,33597,Harry Higgs,-0.055,0.55,0.275,0.911,0.77,2026-01-20
R2025524,Rocket Classic,2025,33948,Byeong Hun An,1.215,0.855,-0.647,-1.491,1.423,2026-01-20
R2025524,Rocket Classic,2025,33968,Thorbjørn Olesen,-0.63,-0.048,0.148,1.211,-0.53,2026-01-20
R2025524,Rocket Classic,2025,34256,Andrew Putnam,-1.215,0.112,1.171,2.364,0.067,2026-01-20
R2025524,Rocket Classic,2025,34466,Peter Malnati,-0.221,-0.242,0.074,1.07,-0.389,2026-01-20
R2025524,Rocket Classic,2025,34587,Chan Kim,0.459,0.245,0.327,0.9,1.031,2026-01-20
R2025524,Rocket Classic,2025,35310,Lanto Griffin,-0.15,0.179,0.384,-0.233,0.414,2026-01-20
R2025524,Rocket Classic,2025,35450,Patrick Cantlay,0.031,1.299,-0.077,-0.072,1.253,2026-01-20
R2025524,Rocket Classic,2025,35461,Beau Hossler,-0.119,-0.497,0.543,0.004,-0.073,2026-01-20
R2025524,Rocket Classic,2025,35658,Kris Ventura,0.765,0.982,-0.399,-0.417,1.348,2026-01-20
R2025524,Rocket Classic,2025,36801,Mark Hubbard,0.318,1.032,0.276,0.555,1.626,2026-01-20
R2025524,Rocket Classic,2025,36824,Paul Peterson,-0.83,0.5,0.303,-0.042,-0.027,2026-01-20
R2025524,Rocket Classic,2025,36884,Ben Kohles,0.089,0.827,0.128,-1.863,1.044,2026-01-20
R2025524,Rocket Classic,2025,37378,Min Woo Lee,0.792,0.416,0.379,0.594,1.587,2026-01-20
R2025524,Rocket Classic,2025,37455,Si Woo Kim,0.094,-0.547,0.106,-0.973,-0.346,2026-01-20
R2025524,Rocket Classic,2025,39327,Ben Silverman,-0.315,-0.863,0.131,0.728,-1.047,2026-01-20
R2025524,Rocket Classic,2025,39335,Kevin Roy,0.422,1.894,0.153,-0.038,2.469,2026-01-20
R2025524,Rocket Classic,2025,39859,Cristobal Del Solar,-0.82,-0.211,0.209,-0.997,-0.822,2026-01-20
R2025524,Rocket Classic,2025,39975,Michael Kim,-0.187,0.593,0.109,0.916,0.515,2026-01-20
R2025524,Rocket Classic,2025,40006,Erik van Rooyen,-0.399,0.044,0.294,-0.758,-0.061,2026-01-20
R2025524,Rocket Classic,2025,40098,Matt Fitzpatrick,0.969,1.371,0.624,-0.533,2.964,2026-01-20
R2025524,Rocket Classic,2025,40162,Justin Lower,-0.044,1.069,-0.786,0.192,0.239,2026-01-20
R2025524,Rocket Classic,2025,45523,Thriston Lawrence,0.701,1.374,0.281,0.075,2.357,2026-01-20
R2025524,Rocket Classic,2025,46646,Antoine Rozner,-0.769,0.186,-0.461,0.475,-1.044,2026-01-20
R2025524,Rocket Classic,2025,47079,Harrison Endycott,-0.481,-1.128,0.277,0.263,-1.332,2026-01-20
R2025524,Rocket Classic,2025,47420,Jake Knapp,1.445,0.685,0.3,0.5,2.431,2026-01-20
R2025524,Rocket Classic,2025,47679,Victor Perez,-0.405,-0.004,-0.562,1.152,-0.971,2026-01-20
R2025524,Rocket Classic,2025,47917,Takumi Kanaya,0.083,-0.57,0.904,0.013,0.418,2026-01-20
R2025524,Rocket Classic,2025,47983,Chad Ramey,-0.07,0.65,-0.187,1.038,0.394,2026-01-20
R2025524,Rocket Classic,2025,47988,Nick Hardy,-0.287,0.009,-0.927,1.386,-1.205,2026-01-20
R2025524,Rocket Classic,2025,47995,Davis Riley,-0.775,-0.891,0.669,0.679,-0.998,2026-01-20
R2025524,Rocket Classic,2025,48117,Kurt Kitayama,0.527,0.941,-0.993,-0.294,0.475,2026-01-20
R2025524,Rocket Classic,2025,48887,Matt Wallace,-0.129,0.085,0.258,0.216,0.215,2026-01-20
R2025524,Rocket Classic,2025,49964,Aaron Wise,-0.067,0.036,-0.025,0.237,-0.056,2026-01-20
R2025524,Rocket Classic,2025,50484,Hayden Springer,0.606,-0.554,-0.163,1.042,-0.111,2026-01-20
R2025524,Rocket Classic,2025,50525,Collin Morikawa,0.43,1.844,0.35,-0.193,2.624,2026-01-20
R2025524,Rocket Classic,2025,50992,Brett White,-0.169,-0.332,-0.123,0.305,-0.624,2026-01-20
R2025524,Rocket Classic,2025,51287,Ryo Hisatsune,-0.279,-0.152,0.415,-0.052,-0.017,2026-01-20
R2025524,Rocket Classic,2025,51349,Nico Echavarria,-0.105,1.367,0.331,1.087,1.594,2026-01-20
R2025524,Rocket Classic,2025,51894,Vince Whaley,-0.038,0.133,0.583,0.503,0.678,2026-01-20
R2025524,Rocket Classic,2025,51977,Max Greyserman,0.841,0.117,0.009,2.214,0.967,2026-01-20
R2025524,Rocket Classic,2025,52370,Mason Andersen,-0.381,-0.286,-0.33,-0.571,-0.998,2026-01-20
R2025524,Rocket Classic,2025,52372,Cameron Champ,1.581,0.156,-0.199,0.393,1.538,2026-01-20
R2025524,Rocket Classic,2025,52375,Doug Ghim,0.409,0.357,0.579,0.586,1.345,2026-01-20
R2025524,Rocket Classic,2025,52453,Nicolai Højgaard,0.371,1.17,-0.173,0.313,1.368,2026-01-20
R2025524,Rocket Classic,2025,52666,Sami Valimaki,-0.347,0.553,0.164,1.561,0.37,2026-01-20
R2025524,Rocket Classic,2025,54591,Ben Griffin,0.665,0.75,0.393,0.373,1.808,2026-01-20
R2025524,Rocket Classic,2025,54628,Lee Hodges,0.345,0.578,-0.206,0.214,0.717,2026-01-20
R2025524,Rocket Classic,2025,54813,Philip Knowles,-0.1,0.493,0.736,-0.199,1.13,2026-01-20
R2025524,Rocket Classic,2025,55623,Kaito Onishi,-0.482,-0.546,-0.219,0.678,-1.247,2026-01-20
R2025524,Rocket Classic,2025,56630,Akshay Bhatia,0.545,1.98,-0.671,-0.423,1.855,2026-01-20
R2025524,Rocket Classic,2025,56762,Will Gordon,0.963,0.258,-0.106,-0.933,1.114,2026-01-20
R2025524,Rocket Classic,2025,56781,Isaiah Salinda,0.263,-0.604,-0.06,0.332,-0.401,2026-01-20
R2025524,Rocket Classic,2025,57362,Austin Eckroat,-0.455,0.828,-0.914,0.473,-0.542,2026-01-20
R2025524,Rocket Classic,2025,57364,Michael Thorbjornsen,0.638,0.272,0.628,1.393,1.539,2026-01-20
R2025524,Rocket Classic,2025,57366,Cameron Young,0.161,0.301,-0.021,-0.011,0.442,2026-01-20
R2025524,Rocket Classic,2025,57900,Chandler Phillips,0.302,-0.48,0.556,1.803,0.378,2026-01-20
R2025524,Rocket Classic,2025,57975,Harry Hall,-0.034,0.592,0.437,1.186,0.995,2026-01-20
R2025524,Rocket Classic,2025,58168,Davis Thompson,0.683,0.928,-0.042,-0.639,1.57,2026-01-20
R2025524,Rocket Classic,2025,58605,Quade Cummins,0.194,-1.016,1.394,-1.391,0.573,2026-01-20
R2025524,Rocket Classic,2025,58619,Kevin Velo,-0.009,-0.019,0.179,-0.721,0.152,2026-01-20
R2025524,Rocket Classic,2025,59018,Ryan Gerard,0.348,1.531,-0.193,-1.005,1.687,2026-01-20
R2025524,Rocket Classic,2025,59095,Chris Gotterup,0.646,0.238,0.479,0.068,1.363,2026-01-20
R2025524,Rocket Classic,2025,59141,Matt McCarty,-0.36,0.385,-0.11,2.016,-0.085,2026-01-20
R2025524,Rocket Classic,2025,59164,James Piot,-0.067,-0.351,-0.544,0.393,-0.962,2026-01-20
R2025524,Rocket Classic,2025,60004,Jacob Bridgeman,-0.662,0.525,0.455,1.113,0.318,2026-01-20
R2025524,Rocket Classic,2025,60019,Jackson Suber,0.056,0.925,0.303,1.398,1.284,2026-01-20
R2025524,Rocket Classic,2025,60067,Joe Highsmith,0.1,0.651,0.091,0.088,0.843,2026-01-20
R2025524,Rocket Classic,2025,60882,Thomas Rosenmueller,0.232,0.386,-0.376,-0.062,0.243,2026-01-20
R2025524,Rocket Classic,2025,63121,William Mouw,1.05,0.306,0.156,-0.582,1.513,2026-01-20
R2025524,Rocket Classic,2025,63343,Aldrich Potgieter,0.927,1.518,0.289,0.447,2.734,2026-01-20
R2025524,Rocket Classic,2025,64442,Gordon Sargent,-0.683,-1.006,-0.148,1.518,-1.837,2026-01-20
R2025524,Rocket Classic,2025,64693,Matthew Riedel,0.519,-0.837,-0.25,2.0,-0.569,2026-01-20
R2025524,Rocket Classic,2025,66743,Luke Clanton,0.592,0.493,-0.391,-0.763,0.694,2026-01-20
R2025034,Travelers Championship,2025,24502,Adam Scott,0.417,1.106,-0.266,-1.016,1.258,2026-01-20
R2025034,Travelers Championship,2025,25493,Nick Taylor,0.675,0.356,-0.069,-0.22,0.961,2026-01-20
R2025034,Travelers Championship,2025,25900,Lucas Glover,0.937,1.428,-0.394,-0.479,1.97,2026-01-20
R2025034,Travelers Championship,2025,27064,Jhonattan Vegas,-0.166,0.111,0.348,-0.552,0.293,2026-01-20
R2025034,Travelers Championship,2025,27349,Alex Noren,-0.469,-0.11,0.25,0.57,-0.329,2026-01-20
R2025034,Travelers Championship,2025,27644,Brian Harman,0.867,-0.425,0.049,1.25,0.492,2026-01-20
R2025034,Travelers Championship,2025,28089,Jason Day,0.147,0.254,0.919,1.17,1.321,2026-01-20
R2025034,Travelers Championship,2025,28237,Rory McIlroy,0.056,0.341,0.097,1.747,0.494,2026-01-20
R2025034,Travelers Championship,2025,29725,Tony Finau,-1.484,-0.424,0.372,-1.973,-1.536,2026-01-20
R2025034,Travelers Championship,2025,29936,Ryan Fox,0.364,-1.051,-0.091,1.519,-0.778,2026-01-20
R2025034,Travelers Championship,2025,30911,Tommy Fleetwood,0.621,0.783,1.268,0.068,2.673,2026-01-20
R2025034,Travelers Championship,2025,31323,Gary Woodland,0.309,1.457,-1.065,-0.96,0.701,2026-01-20
R2025034,Travelers Championship,2025,32102,Rickie Fowler,0.001,-0.091,0.395,-0.564,0.305,2026-01-20
R2025034,Travelers Championship,2025,32839,Hideki Matsuyama,-0.443,0.374,0.234,0.076,0.165,2026-01-20
R2025034,Travelers Championship,2025,33141,Keegan Bradley,0.002,0.692,0.576,1.722,1.27,2026-01-20
R2025034,Travelers Championship,2025,33204,Shane Lowry,0.304,-0.059,-1.076,0.072,-0.831,2026-01-20
R2025034,Travelers Championship,2025,33399,Adam Hadwin,-0.241,-0.233,-0.379,-0.657,-0.852,2026-01-20
R2025034,Travelers Championship,2025,33448,Justin Thomas,0.116,0.124,0.273,0.978,0.513,2026-01-20
R2025034,Travelers Championship,2025,33653,Thomas Detry,-0.038,-0.869,-0.913,-0.188,-1.821,2026-01-20
R2025034,Travelers Championship,2025,33948,Byeong Hun An,0.18,0.48,0.335,-0.004,0.995,2026-01-20
R2025034,Travelers Championship,2025,34021,Bud Cauley,-0.272,0.938,0.631,-0.806,1.297,2026-01-20
R2025034,Travelers Championship,2025,34098,Russell Henley,0.698,0.319,1.259,0.465,2.276,2026-01-20
R2025034,Travelers Championship,2025,34099,Harris English,0.142,0.738,0.366,1.245,1.246,2026-01-20
R2025034,Travelers Championship,2025,35450,Patrick Cantlay,0.661,0.302,0.625,-0.347,1.589,2026-01-20
R2025034,Travelers Championship,2025,35506,Mackenzie Hughes,-0.56,-1.8,0.072,-0.221,-2.288,2026-01-20
R2025034,Travelers Championship,2025,35532,Tom Hoge,-0.51,-0.158,-0.064,-0.027,-0.732,2026-01-20
R2025034,Travelers Championship,2025,36799,Stephan Jaeger,-0.171,0.508,-0.651,0.305,-0.314,2026-01-20
R2025034,Travelers Championship,2025,37378,Min Woo Lee,-1.238,-0.683,0.299,-0.386,-1.623,2026-01-20
R2025034,Travelers Championship,2025,39324,J.J. Spaun,0.478,0.126,0.387,0.0,0.991,2026-01-20
R2025034,Travelers Championship,2025,39971,Sungjae Im,-0.258,-1.138,0.255,-0.618,-1.141,2026-01-20
R2025034,Travelers Championship,2025,39975,Michael Kim,-0.007,0.018,-0.296,-0.224,-0.285,2026-01-20
R2025034,Travelers Championship,2025,39977,Max Homa,-1.032,-0.094,-0.093,-0.04,-1.219,2026-01-20
R2025034,Travelers Championship,2025,40026,Daniel Berger,0.743,0.604,-1.374,-0.482,-0.027,2026-01-20
R2025034,Travelers Championship,2025,40098,Matt Fitzpatrick,0.478,0.438,0.315,-0.49,1.231,2026-01-20
R2025034,Travelers Championship,2025,40250,Taylor Pendrith,-0.136,-1.333,0.464,1.497,-1.006,2026-01-20
R2025034,Travelers Championship,2025,45157,Cam Davis,-1.263,-0.225,-0.404,0.383,-1.892,2026-01-20
R2025034,Travelers Championship,2025,45242,Kevin Yu,0.79,0.242,-0.543,0.001,0.49,2026-01-20
R2025034,Travelers Championship,2025,45522,Christiaan Bezuidenhout,-0.785,-1.632,-0.108,1.767,-2.526,2026-01-20
R2025034,Travelers Championship,2025,46046,Scottie Scheffler,0.746,0.324,0.262,0.909,1.333,2026-01-20
R2025034,Travelers Championship,2025,46414,Aaron Rai,0.478,-1.286,1.036,0.513,0.228,2026-01-20
R2025034,Travelers Championship,2025,46442,Maverick McNealy,0.235,-0.186,0.633,0.06,0.682,2026-01-20
R2025034,Travelers Championship,2025,47504,Sam Burns,0.803,0.136,-0.378,0.18,0.561,2026-01-20
R2025034,Travelers Championship,2025,47993,Denny McCarthy,-0.004,0.608,0.239,0.398,0.843,2026-01-20
R2025034,Travelers Championship,2025,47995,Davis Riley,-1.09,-0.61,0.096,0.096,-1.605,2026-01-20
R2025034,Travelers Championship,2025,48081,Xander Schauffele,-0.06,-1.006,-0.475,-0.218,-1.541,2026-01-20
R2025034,Travelers Championship,2025,48153,Matthieu Pavon,0.779,-1.074,-0.991,-0.223,-1.286,2026-01-20
R2025034,Travelers Championship,2025,49771,J.T. Poston,0.431,0.008,-0.835,-0.364,-0.395,2026-01-20
R2025034,Travelers Championship,2025,49960,Sepp Straka,0.291,0.093,-0.027,-1.116,0.357,2026-01-20
R2025034,Travelers Championship,2025,50525,Collin Morikawa,0.984,-0.852,-0.308,-0.334,-0.175,2026-01-20
R2025034,Travelers Championship,2025,51766,Wyndham Clark,0.638,0.348,-0.057,-0.188,0.929,2026-01-20
R2025034,Travelers Championship,2025,51977,Max Greyserman,0.17,0.196,-0.09,-0.535,0.276,2026-01-20
R2025034,Travelers Championship,2025,51997,Andrew Novak,0.132,-0.302,0.425,-0.014,0.255,2026-01-20
R2025034,Travelers Championship,2025,52215,Robert MacIntyre,0.106,-0.538,0.838,0.334,0.407,2026-01-20
R2025034,Travelers Championship,2025,52955,Ludvig Åberg,0.273,0.767,-1.071,-0.227,-0.032,2026-01-20
R2025034,Travelers Championship,2025,54591,Ben Griffin,0.165,1.074,-0.44,0.192,0.799,2026-01-20
R2025034,Travelers Championship,2025,55182,Tom Kim,-0.289,-0.611,0.51,-0.369,-0.39,2026-01-20
R2025034,Travelers Championship,2025,55893,Sam Stevens,0.643,-0.545,0.311,-1.168,0.41,2026-01-20
R2025034,Travelers Championship,2025,56630,Akshay Bhatia,-0.365,0.475,-1.164,-0.205,-1.054,2026-01-20
R2025034,Travelers Championship,2025,57362,Austin Eckroat,-0.116,1.327,0.097,-0.817,1.308,2026-01-20
R2025034,Travelers Championship,2025,57366,Cameron Young,-0.935,0.0,-0.937,0.863,-1.872,2026-01-20
R2025034,Travelers Championship,2025,57975,Harry Hall,-0.251,0.651,0.483,0.608,0.883,2026-01-20
R2025034,Travelers Championship,2025,58168,Davis Thompson,0.083,1.397,0.721,-1.71,2.201,2026-01-20
R2025034,Travelers Championship,2025,59018,Ryan Gerard,0.652,-0.042,0.144,-2.013,0.754,2026-01-20
R2025034,Travelers Championship,2025,59866,Nick Dunlap,-2.48,0.068,-0.366,-0.731,-2.778,2026-01-20
R2025034,Travelers Championship,2025,60004,Jacob Bridgeman,-0.712,-1.287,-0.332,1.322,-2.331,2026-01-20
R2025034,Travelers Championship,2025,60067,Joe Highsmith,-0.119,-0.59,0.009,0.44,-0.699,2026-01-20
R2025034,Travelers Championship,2025,66743,Luke Clanton,-0.755,0.466,-0.309,0.59,-0.599,2026-01-20
R2025026,U.S. Open,2025,24502,Adam Scott,1.189,1.009,-0.223,0.35,1.975,2026-01-20
R2025026,U.S. Open,2025,25493,Nick Taylor,0.214,0.489,0.04,1.081,0.744,2026-01-20
R2025026,U.S. Open,2025,26851,Marc Leishman,-0.168,-0.284,0.332,1.194,-0.119,2026-01-20
R2025026,U.S. Open,2025,27064,Jhonattan Vegas,1.054,0.451,-0.668,-0.262,0.838,2026-01-20
R2025026,U.S. Open,2025,27644,Brian Harman,-0.17,-0.252,-0.031,-0.222,-0.453,2026-01-20
R2025026,U.S. Open,2025,28089,Jason Day,0.75,-0.041,1.034,0.082,1.743,2026-01-20
R2025026,U.S. Open,2025,28237,Rory McIlroy,1.557,-0.556,0.52,0.554,1.521,2026-01-20
R2025026,U.S. Open,2025,29725,Tony Finau,-0.928,1.007,0.726,0.27,0.806,2026-01-20
R2025026,U.S. Open,2025,29936,Ryan Fox,-0.579,1.627,-0.293,1.32,0.756,2026-01-20
R2025026,U.S. Open,2025,30926,Chris Kirk,0.396,0.089,1.792,0.048,2.277,2026-01-20
R2025026,U.S. Open,2025,31646,Emiliano Grillo,0.819,-0.088,0.575,0.769,1.306,2026-01-20
R2025026,U.S. Open,2025,32839,Hideki Matsuyama,-0.432,1.68,0.379,-0.803,1.628,2026-01-20
R2025026,U.S. Open,2025,33141,Keegan Bradley,0.702,-1.086,1.522,0.437,1.138,2026-01-20
R2025026,U.S. Open,2025,33653,Thomas Detry,0.996,1.212,0.588,-0.971,2.796,2026-01-20
R2025026,U.S. Open,2025,33667,Carlos Ortiz,0.759,1.929,0.475,-0.088,3.163,2026-01-20
R2025026,U.S. Open,2025,34046,Jordan Spieth,-0.333,1.659,0.847,-0.348,2.173,2026-01-20
R2025026,U.S. Open,2025,34098,Russell Henley,-0.393,1.213,0.916,0.84,1.736,2026-01-20
R2025026,U.S. Open,2025,34099,Harris English,0.083,-0.235,-0.014,-0.51,-0.165,2026-01-20
R2025026,U.S. Open,2025,34360,Patrick Reed,0.647,0.902,0.085,0.191,1.634,2026-01-20
R2025026,U.S. Open,2025,34362,Laurie Canter,0.735,-1.307,-0.187,0.834,-0.759,2026-01-20
R2025026,U.S. Open,2025,34363,Tyrrell Hatton,0.502,1.56,0.625,0.388,2.687,2026-01-20
R2025026,U.S. Open,2025,35506,Mackenzie Hughes,-0.582,1.107,0.074,-0.273,0.599,2026-01-20
R2025026,U.S. Open,2025,35706,Niklas Norgaard,1.024,0.251,-1.407,0.707,-0.132,2026-01-20
R2025026,U.S. Open,2025,36689,Brooks Koepka,1.017,0.337,1.002,-0.031,2.356,2026-01-20
R2025026,U.S. Open,2025,37455,Si Woo Kim,0.205,1.284,0.405,-1.069,1.894,2026-01-20
R2025026,U.S. Open,2025,39324,J.J. Spaun,0.585,0.286,0.613,2.591,1.484,2026-01-20
R2025026,U.S. Open,2025,39971,Sungjae Im,0.511,-1.509,0.793,0.03,-0.205,2026-01-20
R2025026,U.S. Open,2025,39975,Michael Kim,-0.176,0.54,-0.569,0.531,-0.206,2026-01-20
R2025026,U.S. Open,2025,40026,Daniel Berger,0.42,0.607,-1.154,0.702,-0.127,2026-01-20
R2025026,U.S. Open,2025,40098,Matt Fitzpatrick,-0.121,-0.655,-0.809,2.661,-1.586,2026-01-20
R2025026,U.S. Open,2025,40250,Taylor Pendrith,0.317,-0.204,0.059,0.903,0.172,2026-01-20
R2025026,U.S. Open,2025,45157,Cam Davis,-0.914,-0.829,-0.686,0.754,-2.429,2026-01-20
R2025026,U.S. Open,2025,45522,Christiaan Bezuidenhout,-0.604,0.907,0.798,1.223,1.102,2026-01-20
R2025026,U.S. Open,2025,45523,Thriston Lawrence,0.295,0.233,0.211,1.586,0.739,2026-01-20
R2025026,U.S. Open,2025,46046,Scottie Scheffler,-0.089,1.591,0.747,0.576,2.249,2026-01-20
R2025026,U.S. Open,2025,46113,Ryan McCormick,-0.067,-0.064,0.484,-0.027,0.352,2026-01-20
R2025026,U.S. Open,2025,46414,Aaron Rai,0.962,0.531,0.213,-0.131,1.706,2026-01-20
R2025026,U.S. Open,2025,46442,Maverick McNealy,0.978,0.066,-0.312,0.593,0.732,2026-01-20
R2025026,U.S. Open,2025,46464,Jordan Smith,0.538,-1.423,-0.503,0.463,-1.388,2026-01-20
R2025026,U.S. Open,2025,46717,Viktor Hovland,0.293,1.581,1.854,-0.403,3.728,2026-01-20
R2025026,U.S. Open,2025,46970,Jon Rahm,1.001,1.656,0.176,-0.008,2.833,2026-01-20
R2025026,U.S. Open,2025,47347,Adam Schenk,0.854,-0.33,-0.054,-0.145,0.47,2026-01-20
R2025026,U.S. Open,2025,47504,Sam Burns,-0.682,1.873,0.883,0.751,2.075,2026-01-20
R2025026,U.S. Open,2025,47679,Victor Perez,0.124,1.699,0.304,-0.052,2.127,2026-01-20
R2025026,U.S. Open,2025,47993,Denny McCarthy,-0.324,0.095,-0.566,0.62,-0.795,2026-01-20
R2025026,U.S. Open,2025,48081,Xander Schauffele,0.632,0.762,0.447,0.485,1.841,2026-01-20
R2025026,U.S. Open,2025,48153,Matthieu Pavon,0.322,-0.239,-0.497,-1.261,-0.414,2026-01-20
R2025026,U.S. Open,2025,48887,Matt Wallace,-0.003,0.628,0.321,0.879,0.947,2026-01-20
R2025026,U.S. Open,2025,49453,Trevor Cone,1.03,0.198,-0.334,-0.069,0.894,2026-01-20
R2025026,U.S. Open,2025,49771,J.T. Poston,0.718,-1.354,1.332,0.879,0.696,2026-01-20
R2025026,U.S. Open,2025,50157,"Philip Barbaree, Jr.",-1.078,-1.419,-0.308,0.63,-2.805,2026-01-20
R2025026,U.S. Open,2025,50525,Collin Morikawa,1.12,2.214,0.705,-2.213,4.039,2026-01-20
R2025026,U.S. Open,2025,51977,Max Greyserman,1.004,0.196,1.556,-0.931,2.757,2026-01-20
R2025026,U.S. Open,2025,51997,Andrew Novak,-1.204,0.655,0.031,1.343,-0.518,2026-01-20
R2025026,U.S. Open,2025,52215,Robert MacIntyre,0.358,1.06,0.526,1.63,1.945,2026-01-20
R2025026,U.S. Open,2025,52686,Rasmus Højgaard,-0.075,0.475,0.344,-0.169,0.744,2026-01-20
R2025026,U.S. Open,2025,52689,Rasmus Neergaard-Petersen,0.618,1.078,0.994,-0.365,2.69,2026-01-20
R2025026,U.S. Open,2025,54591,Ben Griffin,0.566,0.647,0.289,1.073,1.503,2026-01-20
R2025026,U.S. Open,2025,55182,Tom Kim,0.873,-0.565,1.116,0.151,1.425,2026-01-20
R2025026,U.S. Open,2025,55893,Sam Stevens,1.282,-0.458,0.337,0.664,1.161,2026-01-20
R2025026,U.S. Open,2025,57366,Cameron Young,0.176,0.279,0.642,1.978,1.097,2026-01-20
R2025026,U.S. Open,2025,58188,James Nicholas,0.202,-0.028,-0.138,-0.961,0.036,2026-01-20
R2025026,U.S. Open,2025,59018,Ryan Gerard,0.434,0.437,0.027,-0.574,0.899,2026-01-20
R2025026,U.S. Open,2025,59095,Chris Gotterup,1.499,0.295,0.564,-0.533,2.359,2026-01-20
R2025026,U.S. Open,2025,63454,Johnny Keefer,-0.036,-0.137,-1.193,0.442,-1.367,2026-01-20
R2025026,U.S. Open,2025,66248,Justin Hastings,-0.244,-0.893,0.03,1.182,-1.107,2026-01-20
R2025032,RBC Canadian Open,2025,12716,Charley Hoffman,0.009,-0.153,0.197,-1.304,0.052,2026-01-20
R2025032,RBC Canadian Open,2025,25493,Nick Taylor,0.389,1.179,0.013,0.167,1.581,2026-01-20
R2025032,RBC Canadian Open,2025,27139,David Skinns,0.952,0.72,-0.11,0.436,1.561,2026-01-20
R2025032,RBC Canadian Open,2025,28775,Nate Lashley,0.165,-0.383,-0.387,0.852,-0.605,2026-01-20
R2025032,RBC Canadian Open,2025,29936,Ryan Fox,0.256,1.864,0.206,0.672,2.326,2026-01-20
R2025032,RBC Canadian Open,2025,30163,Henrik Norlander,-0.316,0.116,-0.041,0.239,-0.242,2026-01-20
R2025032,RBC Canadian Open,2025,31109,Richard Lee,-0.875,2.174,0.093,-0.644,1.392,2026-01-20
R2025032,RBC Canadian Open,2025,31113,Paul Waring,0.11,0.244,-0.408,0.302,-0.054,2026-01-20
R2025032,RBC Canadian Open,2025,31646,Emiliano Grillo,0.416,2.357,-0.544,-0.982,2.23,2026-01-20
R2025032,RBC Canadian Open,2025,32139,Danny Willett,0.129,-0.238,0.3,1.557,0.191,2026-01-20
R2025032,RBC Canadian Open,2025,33199,Matteo Manassero,-0.408,2.346,0.422,-0.111,2.359,2026-01-20
R2025032,RBC Canadian Open,2025,33204,Shane Lowry,-0.39,2.245,0.141,-0.248,1.996,2026-01-20
R2025032,RBC Canadian Open,2025,33399,Adam Hadwin,-0.118,0.99,0.14,-0.014,1.012,2026-01-20
R2025032,RBC Canadian Open,2025,33653,Thomas Detry,0.227,0.022,0.847,0.401,1.096,2026-01-20
R2025032,RBC Canadian Open,2025,33948,Byeong Hun An,0.78,0.646,0.586,0.236,2.012,2026-01-20
R2025032,RBC Canadian Open,2025,33968,Thorbjørn Olesen,-0.238,-0.663,-0.105,1.754,-1.006,2026-01-20
R2025032,RBC Canadian Open,2025,34256,Andrew Putnam,-0.775,0.548,1.17,1.305,0.943,2026-01-20
R2025032,RBC Canadian Open,2025,34466,Peter Malnati,-0.717,-0.351,-0.047,0.862,-1.115,2026-01-20
R2025032,RBC Canadian Open,2025,35310,Lanto Griffin,-0.289,1.178,-0.331,0.44,0.558,2026-01-20
R2025032,RBC Canadian Open,2025,35461,Beau Hossler,-0.49,0.208,-0.029,0.309,-0.311,2026-01-20
R2025032,RBC Canadian Open,2025,35506,Mackenzie Hughes,0.261,0.714,0.19,-0.168,1.166,2026-01-20
R2025032,RBC Canadian Open,2025,36801,Mark Hubbard,0.458,0.015,-0.268,0.043,0.205,2026-01-20
R2025032,RBC Canadian Open,2025,36824,Paul Peterson,-0.696,0.595,-0.232,0.33,-0.333,2026-01-20
R2025032,RBC Canadian Open,2025,39327,Ben Silverman,-0.26,-0.49,0.571,0.926,-0.178,2026-01-20
R2025032,RBC Canadian Open,2025,39335,Kevin Roy,0.777,1.038,-0.383,0.065,1.432,2026-01-20
R2025032,RBC Canadian Open,2025,39546,Keith Mitchell,0.312,0.886,0.191,-0.391,1.389,2026-01-20
R2025032,RBC Canadian Open,2025,39859,Cristobal Del Solar,-0.363,-0.035,-0.284,1.429,-0.681,2026-01-20
R2025032,RBC Canadian Open,2025,39997,Corey Conners,0.857,0.602,-0.05,-0.411,1.409,2026-01-20
R2025032,RBC Canadian Open,2025,40058,Zac Blair,-0.874,0.741,0.257,-0.127,0.124,2026-01-20
R2025032,RBC Canadian Open,2025,40162,Justin Lower,-0.903,0.912,-0.14,-1.621,-0.131,2026-01-20
R2025032,RBC Canadian Open,2025,40250,Taylor Pendrith,0.36,-0.195,0.781,0.051,0.946,2026-01-20
R2025032,RBC Canadian Open,2025,45242,Kevin Yu,1.471,-0.036,0.038,1.274,1.474,2026-01-20
R2025032,RBC Canadian Open,2025,46340,Alex Smalley,0.257,1.243,0.41,-0.163,1.911,2026-01-20
R2025032,RBC Canadian Open,2025,46601,Trey Mullinax,1.103,0.186,0.228,-1.019,1.517,2026-01-20
R2025032,RBC Canadian Open,2025,46646,Antoine Rozner,0.254,0.07,0.669,0.255,0.993,2026-01-20
R2025032,RBC Canadian Open,2025,47347,Adam Schenk,-0.991,-0.369,0.116,0.492,-1.244,2026-01-20
R2025032,RBC Canadian Open,2025,47420,Jake Knapp,0.125,-0.022,0.691,0.204,0.794,2026-01-20
R2025032,RBC Canadian Open,2025,47504,Sam Burns,0.55,1.143,0.169,1.136,1.862,2026-01-20
R2025032,RBC Canadian Open,2025,47679,Victor Perez,0.502,1.438,-0.264,0.321,1.676,2026-01-20
R2025032,RBC Canadian Open,2025,47995,Davis Riley,0.185,-0.719,0.281,0.001,-0.253,2026-01-20
R2025032,RBC Canadian Open,2025,49453,Trevor Cone,0.229,-1.176,0.508,0.435,-0.438,2026-01-20
R2025032,RBC Canadian Open,2025,50484,Hayden Springer,-0.401,-0.057,0.269,-0.064,-0.189,2026-01-20
R2025032,RBC Canadian Open,2025,50582,Jeremy Paul,0.564,0.542,0.173,0.218,1.279,2026-01-20
R2025032,RBC Canadian Open,2025,51287,Ryo Hisatsune,0.44,-0.096,0.469,-0.565,0.813,2026-01-20
R2025032,RBC Canadian Open,2025,51696,Rico Hoey,0.828,-0.413,-0.057,0.39,0.357,2026-01-20
R2025032,RBC Canadian Open,2025,51766,Wyndham Clark,0.908,-0.993,-0.522,0.355,-0.608,2026-01-20
R2025032,RBC Canadian Open,2025,51894,Vince Whaley,-0.14,0.57,0.073,-0.505,0.503,2026-01-20
R2025032,RBC Canadian Open,2025,51950,Max McGreevy,0.597,0.25,-0.416,0.566,0.432,2026-01-20
R2025032,RBC Canadian Open,2025,52215,Robert MacIntyre,0.402,0.202,0.149,-0.005,0.753,2026-01-20
R2025032,RBC Canadian Open,2025,52372,Cameron Champ,0.902,0.214,0.39,0.492,1.506,2026-01-20
R2025032,RBC Canadian Open,2025,52513,Carson Young,0.231,0.474,-0.263,-0.445,0.442,2026-01-20
R2025032,RBC Canadian Open,2025,52686,Rasmus Højgaard,0.98,0.778,0.243,-1.504,2.001,2026-01-20
R2025032,RBC Canadian Open,2025,52955,Ludvig Åberg,1.131,0.83,-0.66,0.447,1.301,2026-01-20
R2025032,RBC Canadian Open,2025,54576,Patrick Fishburn,0.865,0.171,-0.224,-0.315,0.813,2026-01-20
R2025032,RBC Canadian Open,2025,54628,Lee Hodges,0.508,0.363,0.129,0.997,1.001,2026-01-20
R2025032,RBC Canadian Open,2025,54783,Dylan Wu,-0.49,-0.334,-0.066,0.637,-0.889,2026-01-20
R2025032,RBC Canadian Open,2025,55165,Noah Goodwin,0.73,-0.253,0.388,0.633,0.865,2026-01-20
R2025032,RBC Canadian Open,2025,55789,Taylor Montgomery,-1.103,0.508,0.133,1.21,-0.462,2026-01-20
R2025032,RBC Canadian Open,2025,57123,Steven Fisk,0.843,-0.246,-0.282,0.182,0.316,2026-01-20
R2025032,RBC Canadian Open,2025,57321,Matthew Anderson,-0.386,-0.587,0.288,0.932,-0.684,2026-01-20
R2025032,RBC Canadian Open,2025,57366,Cameron Young,1.112,0.263,-0.117,1.239,1.258,2026-01-20
R2025032,RBC Canadian Open,2025,57586,Jesper Svensson,0.46,0.351,0.099,0.588,0.91,2026-01-20
R2025032,RBC Canadian Open,2025,57900,Chandler Phillips,-0.757,0.813,-0.432,-0.127,-0.376,2026-01-20
R2025032,RBC Canadian Open,2025,57975,Harry Hall,-0.098,0.051,0.358,0.936,0.312,2026-01-20
R2025032,RBC Canadian Open,2025,59141,Matt McCarty,0.388,0.174,0.146,1.789,0.708,2026-01-20
R2025032,RBC Canadian Open,2025,59160,John Pak,-0.356,2.021,-0.379,-0.289,1.286,2026-01-20
R2025032,RBC Canadian Open,2025,60019,Jackson Suber,-0.34,1.324,-0.067,0.58,0.918,2026-01-20
R2025032,RBC Canadian Open,2025,68272,Tyler Mawhinney,0.313,-0.084,-0.403,-0.578,-0.174,2026-01-20
R2025023,the Memorial Tournament presented by Workday,2025,22405,Justin Rose,-0.861,-1.243,0.601,0.873,-1.503,2026-01-20
R2025023,the Memorial Tournament presented by Workday,2025,23108,Matt Kuchar,-1.155,-0.04,0.717,0.847,-0.477,2026-01-20
R2025023,the Memorial Tournament presented by Workday,2025,24502,Adam Scott,0.628,-0.63,0.758,-0.635,0.756,2026-01-20
R2025023,the Memorial Tournament presented by Workday,2025,25493,Nick Taylor,-0.125,0.51,0.981,1.005,1.366,2026-01-20
R2025023,the Memorial Tournament presented by Workday,2025,27064,Jhonattan Vegas,0.138,-0.821,-0.082,0.136,-0.766,2026-01-20
R2025023,the Memorial Tournament presented by Workday,2025,27349,Alex Noren,0.035,-0.437,0.603,-0.581,0.201,2026-01-20
R2025023,the Memorial Tournament presented by Workday,2025,27649,Brandt Snedeker,-0.979,0.888,-0.032,1.743,-0.123,2026-01-20
R2025023,the Memorial Tournament presented by Workday,2025,29725,Tony Finau,-0.746,0.471,0.718,-0.323,0.443,2026-01-20
R2025023,the Memorial Tournament presented by Workday,2025,29936,Ryan Fox,-0.045,0.82,0.006,0.09,0.78,2026-01-20
R2025023,the Memorial Tournament presented by Workday,2025,30911,Tommy Fleetwood,-0.07,1.109,-0.556,0.636,0.484,2026-01-20
R2025023,the Memorial Tournament presented by Workday,2025,32102,Rickie Fowler,0.627,0.602,0.281,0.11,1.51,2026-01-20
R2025023,the Memorial Tournament presented by Workday,2025,32839,Hideki Matsuyama,-0.149,-1.442,1.145,0.316,-0.446,2026-01-20
R2025023,the Memorial Tournament presented by Workday,2025,33141,Keegan Bradley,0.227,0.833,-0.143,0.704,0.917,2026-01-20
R2025023,the Memorial Tournament presented by Workday,2025,33204,Shane Lowry,-0.389,1.706,-0.16,-0.536,1.157,2026-01-20
R2025023,the Memorial Tournament presented by Workday,2025,33399,Adam Hadwin,-0.48,-0.754,-0.074,-0.071,-1.309,2026-01-20
R2025023,the Memorial Tournament presented by Workday,2025,33448,Justin Thomas,0.519,-0.814,-0.402,0.818,-0.698,2026-01-20
R2025023,the Memorial Tournament presented by Workday,2025,33597,Harry Higgs,-0.456,0.422,-0.807,-0.539,-0.841,2026-01-20
R2025023,the Memorial Tournament presented by Workday,2025,33653,Thomas Detry,-0.622,-0.758,0.169,0.832,-1.212,2026-01-20
R2025023,the Memorial Tournament presented by Workday,2025,34021,Bud Cauley,0.604,1.179,-1.164,-0.999,0.619,2026-01-20
R2025023,the Memorial Tournament presented by Workday,2025,34046,Jordan Spieth,0.607,0.134,0.62,0.259,1.361,2026-01-20
R2025023,the Memorial Tournament presented by Workday,2025,34098,Russell Henley,0.25,1.352,0.729,-0.461,2.331,2026-01-20
R2025023,the Memorial Tournament presented by Workday,2025,34099,Harris English,0.336,-0.169,-0.23,1.433,-0.063,2026-01-20
R2025023,the Memorial Tournament presented by Workday,2025,35450,Patrick Cantlay,0.029,0.661,-0.239,0.919,0.452,2026-01-20
R2025023,the Memorial Tournament presented by Workday,2025,35506,Mackenzie Hughes,-0.439,0.372,0.254,-0.566,0.187,2026-01-20
R2025023,the Memorial Tournament presented by Workday,2025,35532,Tom Hoge,-0.225,0.588,0.686,0.572,1.048,2026-01-20
R2025023,the Memorial Tournament presented by Workday,2025,36799,Stephan Jaeger,-0.468,-0.086,-0.163,0.336,-0.716,2026-01-20
R2025023,the Memorial Tournament presented by Workday,2025,37378,Min Woo Lee,-0.17,0.379,-0.143,-1.197,0.067,2026-01-20
R2025023,the Memorial Tournament presented by Workday,2025,37455,Si Woo Kim,0.718,-1.017,0.151,0.269,-0.149,2026-01-20
R2025023,the Memorial Tournament presented by Workday,2025,39971,Sungjae Im,0.673,-1.546,1.991,0.003,1.118,2026-01-20
R2025023,the Memorial Tournament presented by Workday,2025,39975,Michael Kim,-1.763,0.243,-0.049,0.94,-1.57,2026-01-20
R2025023,the Memorial Tournament presented by Workday,2025,39977,Max Homa,-0.43,-0.949,-0.89,0.889,-2.269,2026-01-20
R2025023,the Memorial Tournament presented by Workday,2025,39997,Corey Conners,0.737,-1.158,-0.225,1.017,-0.647,2026-01-20
R2025023,the Memorial Tournament presented by Workday,2025,40098,Matt Fitzpatrick,-0.177,-0.075,-0.299,0.672,-0.552,2026-01-20
R2025023,the Memorial Tournament presented by Workday,2025,40250,Taylor Pendrith,0.476,1.832,0.178,-1.116,2.486,2026-01-20
R2025023,the Memorial Tournament presented by Workday,2025,46046,Scottie Scheffler,0.983,1.814,1.088,-0.014,3.885,2026-01-20
R2025023,the Memorial Tournament presented by Workday,2025,46442,Maverick McNealy,0.438,0.802,0.072,0.558,1.312,2026-01-20
R2025023,the Memorial Tournament presented by Workday,2025,46717,Viktor Hovland,-0.436,0.134,0.436,0.236,0.135,2026-01-20
R2025023,the Memorial Tournament presented by Workday,2025,47504,Sam Burns,0.052,0.305,0.169,0.844,0.526,2026-01-20
R2025023,the Memorial Tournament presented by Workday,2025,47591,Eric Cole,-0.861,-0.326,0.89,-0.332,-0.298,2026-01-20
R2025023,the Memorial Tournament presented by Workday,2025,47993,Denny McCarthy,-1.588,-0.232,0.415,-0.224,-1.406,2026-01-20
R2025023,the Memorial Tournament presented by Workday,2025,48081,Xander Schauffele,-0.398,1.07,0.303,-0.605,0.975,2026-01-20
R2025023,the Memorial Tournament presented by Workday,2025,49960,Sepp Straka,1.043,0.763,-0.431,1.245,1.375,2026-01-20
R2025023,the Memorial Tournament presented by Workday,2025,50525,Collin Morikawa,0.738,0.422,-0.43,0.14,0.73,2026-01-20
R2025023,the Memorial Tournament presented by Workday,2025,51766,Wyndham Clark,-0.031,-1.971,-0.048,0.17,-2.05,2026-01-20
R2025023,the Memorial Tournament presented by Workday,2025,51977,Max Greyserman,0.698,0.127,0.094,-0.549,0.919,2026-01-20
R2025023,the Memorial Tournament presented by Workday,2025,51997,Andrew Novak,0.383,0.21,-1.982,0.01,-1.39,2026-01-20
R2025023,the Memorial Tournament presented by Workday,2025,52215,Robert MacIntyre,0.526,0.754,-0.642,0.232,0.639,2026-01-20
R2025023,the Memorial Tournament presented by Workday,2025,52955,Ludvig Åberg,0.604,0.45,0.22,-0.154,1.274,2026-01-20
R2025023,the Memorial Tournament presented by Workday,2025,54591,Ben Griffin,0.862,0.801,0.434,0.773,2.097,2026-01-20
R2025023,the Memorial Tournament presented by Workday,2025,55893,Sam Stevens,-0.144,0.621,-0.028,-0.329,0.449,2026-01-20
R2025023,the Memorial Tournament presented by Workday,2025,56630,Akshay Bhatia,0.219,1.619,-0.075,-0.643,1.764,2026-01-20
R2025023,the Memorial Tournament presented by Workday,2025,57362,Austin Eckroat,-0.138,-1.214,-1.462,-0.066,-2.814,2026-01-20
R2025023,the Memorial Tournament presented by Workday,2025,57366,Cameron Young,0.876,-0.169,-0.385,0.048,0.322,2026-01-20
R2025023,the Memorial Tournament presented by Workday,2025,58168,Davis Thompson,0.159,0.037,-0.585,-0.741,-0.389,2026-01-20
R2025023,the Memorial Tournament presented by Workday,2025,59018,Ryan Gerard,0.611,0.407,0.267,-0.665,1.286,2026-01-20
R2025023,the Memorial Tournament presented by Workday,2025,59866,Nick Dunlap,-0.501,0.031,0.032,-0.192,-0.438,2026-01-20
R2025023,the Memorial Tournament presented by Workday,2025,60004,Jacob Bridgeman,0.174,1.311,-1.048,-0.317,0.438,2026-01-20
R2025021,Charles Schwab Challenge,2025,23108,Matt Kuchar,0.239,0.977,0.073,-1.211,1.289,2026-01-20
R2025021,Charles Schwab Challenge,2025,25900,Lucas Glover,-0.483,0.771,0.862,0.178,1.15,2026-01-20
R2025021,Charles Schwab Challenge,2025,27129,Luke List,0.394,-0.547,0.138,0.842,-0.015,2026-01-20
R2025021,Charles Schwab Challenge,2025,27644,Brian Harman,-0.246,0.016,-0.502,1.059,-0.731,2026-01-20
R2025021,Charles Schwab Challenge,2025,27770,Camilo Villegas,-0.971,0.589,-0.252,-0.038,-0.634,2026-01-20
R2025021,Charles Schwab Challenge,2025,28252,Seamus Power,-0.498,-0.058,0.37,0.014,-0.186,2026-01-20
R2025021,Charles Schwab Challenge,2025,29221,Webb Simpson,0.566,-0.3,0.636,0.426,0.902,2026-01-20
R2025021,Charles Schwab Challenge,2025,29535,Brice Garnett,0.063,-0.91,0.182,1.492,-0.664,2026-01-20
R2025021,Charles Schwab Challenge,2025,30163,Henrik Norlander,0.026,-0.228,0.327,-0.298,0.126,2026-01-20
R2025021,Charles Schwab Challenge,2025,30911,Tommy Fleetwood,0.566,0.284,0.65,0.827,1.501,2026-01-20
R2025021,Charles Schwab Challenge,2025,31323,Gary Woodland,0.446,-0.489,0.128,1.743,0.085,2026-01-20
R2025021,Charles Schwab Challenge,2025,31646,Emiliano Grillo,0.122,1.518,-0.21,0.148,1.429,2026-01-20
R2025021,Charles Schwab Challenge,2025,32102,Rickie Fowler,0.511,0.042,-0.536,1.561,0.017,2026-01-20
R2025021,Charles Schwab Challenge,2025,32839,Hideki Matsuyama,0.492,0.398,-0.243,0.18,0.648,2026-01-20
R2025021,Charles Schwab Challenge,2025,33597,Harry Higgs,-0.314,-0.051,-0.83,1.023,-1.195,2026-01-20
R2025021,Charles Schwab Challenge,2025,33968,Thorbjørn Olesen,0.302,0.128,0.111,-0.214,0.541,2026-01-20
R2025021,Charles Schwab Challenge,2025,34021,Bud Cauley,0.395,0.416,0.382,1.385,1.193,2026-01-20
R2025021,Charles Schwab Challenge,2025,34046,Jordan Spieth,1.012,0.13,0.215,-0.53,1.358,2026-01-20
R2025021,Charles Schwab Challenge,2025,34099,Harris English,0.585,-0.504,0.74,-0.743,0.821,2026-01-20
R2025021,Charles Schwab Challenge,2025,34256,Andrew Putnam,0.032,0.155,0.505,-0.115,0.693,2026-01-20
R2025021,Charles Schwab Challenge,2025,34466,Peter Malnati,-0.127,-0.094,0.249,-0.451,0.029,2026-01-20
R2025021,Charles Schwab Challenge,2025,35461,Beau Hossler,0.246,-0.399,0.435,-0.454,0.282,2026-01-20
R2025021,Charles Schwab Challenge,2025,35658,Kris Ventura,0.381,0.35,0.191,0.655,0.923,2026-01-20
R2025021,Charles Schwab Challenge,2025,36699,Patrick Rodgers,0.347,-0.809,0.235,1.304,-0.227,2026-01-20
R2025021,Charles Schwab Challenge,2025,36801,Mark Hubbard,-0.085,0.618,0.233,0.311,0.766,2026-01-20
R2025021,Charles Schwab Challenge,2025,37275,Sam Ryder,-0.759,0.726,0.283,-0.172,0.25,2026-01-20
R2025021,Charles Schwab Challenge,2025,37455,Si Woo Kim,-0.029,-0.203,0.628,0.681,0.396,2026-01-20
R2025021,Charles Schwab Challenge,2025,39324,J.J. Spaun,0.427,0.738,0.546,0.366,1.711,2026-01-20
R2025021,Charles Schwab Challenge,2025,39327,Ben Silverman,-1.029,0.979,0.341,-0.964,0.292,2026-01-20
R2025021,Charles Schwab Challenge,2025,39335,Kevin Roy,-0.76,0.791,-0.071,0.367,-0.04,2026-01-20
R2025021,Charles Schwab Challenge,2025,39546,Keith Mitchell,0.319,0.046,-0.998,1.461,-0.634,2026-01-20
R2025021,Charles Schwab Challenge,2025,39975,Michael Kim,1.209,0.295,-0.136,0.209,1.369,2026-01-20
R2025021,Charles Schwab Challenge,2025,40006,Erik van Rooyen,0.599,-0.439,0.078,0.59,0.238,2026-01-20
R2025021,Charles Schwab Challenge,2025,40115,Adam Svensson,-0.125,0.595,-0.073,-0.069,0.396,2026-01-20
R2025021,Charles Schwab Challenge,2025,45522,Christiaan Bezuidenhout,0.147,1.078,0.168,0.185,1.393,2026-01-20
R2025021,Charles Schwab Challenge,2025,46046,Scottie Scheffler,0.801,1.827,-0.094,-0.205,2.533,2026-01-20
R2025021,Charles Schwab Challenge,2025,47591,Eric Cole,-0.375,0.935,-0.097,0.614,0.463,2026-01-20
R2025021,Charles Schwab Challenge,2025,47679,Victor Perez,-0.261,0.379,-0.786,-0.505,-0.668,2026-01-20
R2025021,Charles Schwab Challenge,2025,47988,Nick Hardy,0.277,1.205,-0.694,1.04,0.788,2026-01-20
R2025021,Charles Schwab Challenge,2025,48117,Kurt Kitayama,0.059,-0.002,0.904,0.366,0.961,2026-01-20
R2025021,Charles Schwab Challenge,2025,48867,Matti Schmid,-0.033,0.962,-0.01,2.159,0.918,2026-01-20
R2025021,Charles Schwab Challenge,2025,48887,Matt Wallace,0.395,-0.671,0.294,1.309,0.019,2026-01-20
R2025021,Charles Schwab Challenge,2025,49590,Frankie Capan III,-0.685,-0.712,-0.364,0.089,-1.761,2026-01-20
R2025021,Charles Schwab Challenge,2025,49771,J.T. Poston,-0.063,-0.443,-0.074,1.407,-0.58,2026-01-20
R2025021,Charles Schwab Challenge,2025,49947,Taylor Moore,-0.788,-0.414,0.138,0.142,-1.064,2026-01-20
R2025021,Charles Schwab Challenge,2025,50484,Hayden Springer,-0.228,-0.831,-0.895,0.281,-1.954,2026-01-20
R2025021,Charles Schwab Challenge,2025,50582,Jeremy Paul,-0.447,1.157,-1.22,0.338,-0.51,2026-01-20
R2025021,Charles Schwab Challenge,2025,51287,Ryo Hisatsune,-0.332,0.729,0.75,0.931,1.147,2026-01-20
R2025021,Charles Schwab Challenge,2025,51349,Nico Echavarria,-0.187,-0.135,-0.466,0.615,-0.788,2026-01-20
R2025021,Charles Schwab Challenge,2025,51696,Rico Hoey,0.594,-0.005,-0.335,-0.677,0.254,2026-01-20
R2025021,Charles Schwab Challenge,2025,51894,Vince Whaley,1.04,-0.653,0.486,0.954,0.873,2026-01-20
R2025021,Charles Schwab Challenge,2025,51950,Max McGreevy,0.298,0.126,0.11,-0.957,0.535,2026-01-20
R2025021,Charles Schwab Challenge,2025,51977,Max Greyserman,0.154,1.337,-0.955,0.791,0.537,2026-01-20
R2025021,Charles Schwab Challenge,2025,51997,Andrew Novak,0.872,0.995,0.237,-0.277,2.104,2026-01-20
R2025021,Charles Schwab Challenge,2025,52215,Robert MacIntyre,-0.132,1.183,-0.253,1.279,0.798,2026-01-20
R2025021,Charles Schwab Challenge,2025,52375,Doug Ghim,0.329,1.059,-0.1,-0.961,1.288,2026-01-20
R2025021,Charles Schwab Challenge,2025,52513,Carson Young,-0.183,-0.113,-0.871,1.244,-1.166,2026-01-20
R2025021,Charles Schwab Challenge,2025,54304,Karl Vilips,0.352,0.643,0.11,0.722,1.105,2026-01-20
R2025021,Charles Schwab Challenge,2025,54591,Ben Griffin,0.558,0.543,0.605,1.621,1.706,2026-01-20
R2025021,Charles Schwab Challenge,2025,54628,Lee Hodges,0.471,0.473,0.168,-1.034,1.112,2026-01-20
R2025021,Charles Schwab Challenge,2025,54783,Dylan Wu,-0.863,1.27,-0.68,-0.4,-0.273,2026-01-20
R2025021,Charles Schwab Challenge,2025,55182,Tom Kim,-0.283,-0.393,0.416,0.838,-0.26,2026-01-20
R2025021,Charles Schwab Challenge,2025,55893,Sam Stevens,-0.474,-0.105,1.468,0.189,0.889,2026-01-20
R2025021,Charles Schwab Challenge,2025,56630,Akshay Bhatia,0.287,0.969,-0.518,0.589,0.738,2026-01-20
R2025021,Charles Schwab Challenge,2025,57123,Steven Fisk,-0.053,1.598,-0.629,-1.338,0.916,2026-01-20
R2025021,Charles Schwab Challenge,2025,57362,Austin Eckroat,0.86,-0.083,-0.395,-0.055,0.382,2026-01-20
R2025021,Charles Schwab Challenge,2025,57586,Jesper Svensson,0.775,-0.361,0.166,-0.253,0.581,2026-01-20
R2025021,Charles Schwab Challenge,2025,57975,Harry Hall,1.648,0.548,-0.924,0.805,1.272,2026-01-20
R2025021,Charles Schwab Challenge,2025,58605,Quade Cummins,-0.104,-0.749,0.266,1.414,-0.586,2026-01-20
R2025021,Charles Schwab Challenge,2025,58933,Will Chandler,-0.656,0.066,0.735,-1.568,0.145,2026-01-20
R2025021,Charles Schwab Challenge,2025,59018,Ryan Gerard,0.004,0.043,0.768,-1.737,0.815,2026-01-20
R2025021,Charles Schwab Challenge,2025,59095,Chris Gotterup,0.394,0.87,0.211,-0.398,1.476,2026-01-20
R2025021,Charles Schwab Challenge,2025,59143,Mac Meissner,-0.057,1.506,0.02,-0.391,1.469,2026-01-20
R2025021,Charles Schwab Challenge,2025,59160,John Pak,-0.454,0.559,-0.156,1.128,-0.051,2026-01-20
R2025021,Charles Schwab Challenge,2025,59440,Ricky Castillo,0.503,1.019,-0.545,-1.149,0.976,2026-01-20
R2025021,Charles Schwab Challenge,2025,59836,Pierceson Coody,0.217,0.153,0.06,1.147,0.43,2026-01-20
R2025021,Charles Schwab Challenge,2025,60019,Jackson Suber,0.569,-0.826,-0.153,0.487,-0.41,2026-01-20
R2025021,Charles Schwab Challenge,2025,63343,Aldrich Potgieter,1.24,0.553,-0.384,0.668,1.409,2026-01-20
R2025033,PGA Championship,2025,21209,Sergio Garcia,0.189,0.009,-0.613,0.124,-0.415,2026-01-20
R2025033,PGA Championship,2025,23983,Luke Donald,-1.543,1.078,0.119,0.305,-0.346,2026-01-20
R2025033,PGA Championship,2025,24502,Adam Scott,0.86,-0.208,0.215,1.093,0.866,2026-01-20
R2025033,PGA Championship,2025,25900,Lucas Glover,-0.021,0.888,0.692,-0.35,1.559,2026-01-20
R2025033,PGA Championship,2025,27064,Jhonattan Vegas,0.42,1.212,0.825,0.252,2.457,2026-01-20
R2025033,PGA Championship,2025,27349,Alex Noren,-0.039,1.143,0.755,0.35,1.859,2026-01-20
R2025033,PGA Championship,2025,27644,Brian Harman,0.147,-0.155,-0.51,0.478,-0.519,2026-01-20
R2025033,PGA Championship,2025,28237,Rory McIlroy,0.219,-0.397,0.801,0.086,0.623,2026-01-20
R2025033,PGA Championship,2025,29725,Tony Finau,0.199,1.295,0.476,-0.01,1.97,2026-01-20
R2025033,PGA Championship,2025,29936,Ryan Fox,0.443,0.635,0.821,-0.19,1.899,2026-01-20
R2025033,PGA Championship,2025,30911,Tommy Fleetwood,-0.002,0.16,1.607,-0.805,1.765,2026-01-20
R2025033,PGA Championship,2025,30926,Chris Kirk,-0.414,0.574,0.472,-0.422,0.632,2026-01-20
R2025033,PGA Championship,2025,32070,Rafael Campos,0.281,-0.207,0.31,-0.175,0.384,2026-01-20
R2025033,PGA Championship,2025,33141,Keegan Bradley,0.462,1.21,0.876,-0.089,2.548,2026-01-20
R2025033,PGA Championship,2025,33948,Byeong Hun An,-0.239,-0.266,-0.217,-1.068,-0.722,2026-01-20
R2025033,PGA Championship,2025,33968,Thorbjørn Olesen,0.355,1.216,0.393,-0.504,1.964,2026-01-20
R2025033,PGA Championship,2025,34021,Bud Cauley,-0.001,-0.373,0.001,-0.668,-0.372,2026-01-20
R2025033,PGA Championship,2025,34099,Harris English,0.609,1.939,0.225,0.186,2.773,2026-01-20
R2025033,PGA Championship,2025,34363,Tyrrell Hatton,-0.238,-0.008,0.624,-0.419,0.378,2026-01-20
R2025033,PGA Championship,2025,35461,Beau Hossler,-0.473,0.181,1.432,0.819,1.14,2026-01-20
R2025033,PGA Championship,2025,36799,Stephan Jaeger,-1.021,0.425,-0.376,0.432,-0.972,2026-01-20
R2025033,PGA Championship,2025,37455,Si Woo Kim,-0.252,0.825,0.193,1.694,0.766,2026-01-20
R2025033,PGA Championship,2025,39324,J.J. Spaun,0.725,0.77,-0.402,0.117,1.093,2026-01-20
R2025033,PGA Championship,2025,39975,Michael Kim,-0.227,-0.679,1.519,-0.404,0.613,2026-01-20
R2025033,PGA Championship,2025,39977,Max Homa,0.439,-0.454,-0.553,0.527,-0.568,2026-01-20
R2025033,PGA Championship,2025,39997,Corey Conners,0.903,0.944,-0.614,0.726,1.234,2026-01-20
R2025033,PGA Championship,2025,40026,Daniel Berger,1.08,1.097,-0.124,-0.594,2.053,2026-01-20
R2025033,PGA Championship,2025,40098,Matt Fitzpatrick,0.086,1.457,0.486,0.431,2.029,2026-01-20
R2025033,PGA Championship,2025,40162,Justin Lower,0.631,-1.175,-0.66,1.163,-1.204,2026-01-20
R2025033,PGA Championship,2025,40250,Taylor Pendrith,1.267,0.723,0.46,0.259,2.45,2026-01-20
R2025033,PGA Championship,2025,45157,Cam Davis,0.362,0.469,0.52,0.608,1.351,2026-01-20
R2025033,PGA Championship,2025,45242,Kevin Yu,-0.2,-0.572,-0.375,1.606,-1.147,2026-01-20
R2025033,PGA Championship,2025,45486,Joaquin Niemann,0.028,1.714,-0.171,0.888,1.571,2026-01-20
R2025033,PGA Championship,2025,45522,Christiaan Bezuidenhout,-0.342,1.241,-0.092,-0.348,0.808,2026-01-20
R2025033,PGA Championship,2025,45836,Richard Bland,-0.365,1.6,-0.018,-0.007,1.217,2026-01-20
R2025033,PGA Championship,2025,46046,Scottie Scheffler,1.025,1.325,1.208,0.651,3.559,2026-01-20
R2025033,PGA Championship,2025,46340,Alex Smalley,0.626,0.69,0.499,-0.106,1.816,2026-01-20
R2025033,PGA Championship,2025,46414,Aaron Rai,-0.154,2.059,0.317,-0.263,2.223,2026-01-20
R2025033,PGA Championship,2025,46442,Maverick McNealy,0.935,0.057,0.123,0.344,1.115,2026-01-20
R2025033,PGA Championship,2025,46443,Brian Campbell,-1.789,0.399,0.537,1.062,-0.853,2026-01-20
R2025033,PGA Championship,2025,46717,Viktor Hovland,0.917,0.936,-0.319,0.175,1.534,2026-01-20
R2025033,PGA Championship,2025,46970,Jon Rahm,1.006,0.65,-0.137,0.94,1.519,2026-01-20
R2025033,PGA Championship,2025,47504,Sam Burns,-0.142,-0.418,0.741,1.778,0.181,2026-01-20
R2025033,PGA Championship,2025,47591,Eric Cole,-0.466,0.278,0.118,1.029,-0.07,2026-01-20
R2025033,PGA Championship,2025,47959,Bryson DeChambeau,1.668,0.061,0.447,0.784,2.176,2026-01-20
R2025033,PGA Championship,2025,47993,Denny McCarthy,0.118,-0.018,0.952,1.407,1.053,2026-01-20
R2025033,PGA Championship,2025,47995,Davis Riley,0.555,0.581,0.487,1.336,1.624,2026-01-20
R2025033,PGA Championship,2025,48081,Xander Schauffele,1.396,-0.55,0.518,0.346,1.364,2026-01-20
R2025033,PGA Championship,2025,48153,Matthieu Pavon,0.072,0.143,0.298,0.447,0.513,2026-01-20
R2025033,PGA Championship,2025,48887,Matt Wallace,0.384,-0.438,2.257,0.006,2.203,2026-01-20
R2025033,PGA Championship,2025,49771,J.T. Poston,0.03,1.397,0.176,1.106,1.603,2026-01-20
R2025033,PGA Championship,2025,49947,Taylor Moore,0.213,0.636,1.157,-0.046,2.006,2026-01-20
R2025033,PGA Championship,2025,50525,Collin Morikawa,-0.244,-0.542,0.825,0.421,0.039,2026-01-20
R2025033,PGA Championship,2025,50823,Tom McKibbin,0.333,0.042,-0.246,0.331,0.129,2026-01-20
R2025033,PGA Championship,2025,51003,Marco Penge,1.496,0.453,0.78,-1.02,2.729,2026-01-20
R2025033,PGA Championship,2025,51287,Ryo Hisatsune,-0.562,0.197,0.287,1.286,-0.077,2026-01-20
R2025033,PGA Championship,2025,51349,Nico Echavarria,0.848,1.051,-1.526,0.586,0.373,2026-01-20
R2025033,PGA Championship,2025,51766,Wyndham Clark,0.449,-0.233,0.89,-0.647,1.106,2026-01-20
R2025033,PGA Championship,2025,51977,Max Greyserman,-1.064,0.673,0.493,1.358,0.102,2026-01-20
R2025033,PGA Championship,2025,52215,Robert MacIntyre,0.228,0.422,-0.049,0.108,0.601,2026-01-20
R2025033,PGA Championship,2025,52453,Nicolai Højgaard,-0.485,1.127,-0.482,0.799,0.161,2026-01-20
R2025033,PGA Championship,2025,52686,Rasmus Højgaard,0.543,-0.058,-0.347,-0.428,0.138,2026-01-20
R2025033,PGA Championship,2025,54185,Elvis Smylie,-0.572,0.198,-0.447,-0.22,-0.821,2026-01-20
R2025033,PGA Championship,2025,54421,Garrick Higgo,-0.136,-0.43,-0.727,1.503,-1.294,2026-01-20
R2025033,PGA Championship,2025,54591,Ben Griffin,0.274,0.83,0.222,1.134,1.326,2026-01-20
R2025033,PGA Championship,2025,55182,Tom Kim,-0.746,-0.37,0.733,-0.407,-0.383,2026-01-20
R2025033,PGA Championship,2025,55893,Sam Stevens,-0.022,-1.49,0.806,0.665,-0.706,2026-01-20
R2025033,PGA Championship,2025,57362,Austin Eckroat,0.28,0.083,-0.204,-0.451,0.16,2026-01-20
R2025033,PGA Championship,2025,57364,Michael Thorbjornsen,1.178,0.243,-0.508,0.046,0.913,2026-01-20
R2025033,PGA Championship,2025,57366,Cameron Young,0.594,-0.189,0.206,0.098,0.611,2026-01-20
R2025033,PGA Championship,2025,57975,Harry Hall,-0.215,0.353,0.271,1.55,0.409,2026-01-20
R2025033,PGA Championship,2025,59018,Ryan Gerard,1.064,1.389,0.244,-0.237,2.697,2026-01-20
R2025033,PGA Championship,2025,60067,Joe Highsmith,0.192,0.31,0.275,1.683,0.777,2026-01-20
R2025033,PGA Championship,2025,61193,David Puig,-0.077,-1.001,-0.56,1.597,-1.637,2026-01-20
R2025480,Truist Championship,2025,24502,Adam Scott,0.627,-1.046,0.873,-0.442,0.454,2026-01-20
R2025480,Truist Championship,2025,25493,Nick Taylor,-0.474,0.499,0.097,0.64,0.122,2026-01-20
R2025480,Truist Championship,2025,25900,Lucas Glover,-0.497,-0.4,-0.123,-0.967,-1.02,2026-01-20
R2025480,Truist Championship,2025,27349,Alex Noren,0.327,-0.1,-0.428,-0.537,-0.201,2026-01-20
R2025480,Truist Championship,2025,27644,Brian Harman,-0.319,-0.621,0.271,0.181,-0.669,2026-01-20
R2025480,Truist Championship,2025,28237,Rory McIlroy,0.94,-0.103,-0.658,1.333,0.179,2026-01-20
R2025480,Truist Championship,2025,29725,Tony Finau,0.352,-0.03,0.152,0.539,0.474,2026-01-20
R2025480,Truist Championship,2025,30911,Tommy Fleetwood,0.445,0.373,0.051,1.143,0.869,2026-01-20
R2025480,Truist Championship,2025,30926,Chris Kirk,0.218,0.823,-0.558,-0.721,0.483,2026-01-20
R2025480,Truist Championship,2025,31323,Gary Woodland,-0.282,1.23,-0.759,-0.176,0.189,2026-01-20
R2025480,Truist Championship,2025,32102,Rickie Fowler,0.56,-0.304,0.341,0.416,0.597,2026-01-20
R2025480,Truist Championship,2025,32839,Hideki Matsuyama,-0.619,0.882,0.317,0.182,0.58,2026-01-20
R2025480,Truist Championship,2025,33141,Keegan Bradley,0.17,-0.001,0.461,-0.368,0.63,2026-01-20
R2025480,Truist Championship,2025,33204,Shane Lowry,0.439,1.68,0.274,0.119,2.393,2026-01-20
R2025480,Truist Championship,2025,33399,Adam Hadwin,-0.44,-0.808,0.057,-0.046,-1.192,2026-01-20
R2025480,Truist Championship,2025,33448,Justin Thomas,0.556,1.265,0.489,0.202,2.311,2026-01-20
R2025480,Truist Championship,2025,33653,Thomas Detry,0.182,0.361,-0.257,-0.023,0.286,2026-01-20
R2025480,Truist Championship,2025,33948,Byeong Hun An,0.481,-0.301,0.503,-0.671,0.684,2026-01-20
R2025480,Truist Championship,2025,34046,Jordan Spieth,0.019,-1.233,0.782,0.444,-0.431,2026-01-20
R2025480,Truist Championship,2025,34098,Russell Henley,-0.524,0.343,0.439,-0.745,0.258,2026-01-20
R2025480,Truist Championship,2025,34099,Harris English,0.609,0.251,-0.137,0.539,0.723,2026-01-20
R2025480,Truist Championship,2025,35450,Patrick Cantlay,0.348,1.41,-0.02,0.274,1.738,2026-01-20
R2025480,Truist Championship,2025,35532,Tom Hoge,-1.098,-0.503,0.461,-0.347,-1.14,2026-01-20
R2025480,Truist Championship,2025,36699,Patrick Rodgers,-0.394,0.446,-0.045,-0.244,0.007,2026-01-20
R2025480,Truist Championship,2025,36799,Stephan Jaeger,0.588,0.286,0.553,0.085,1.427,2026-01-20
R2025480,Truist Championship,2025,37378,Min Woo Lee,0.909,-0.858,0.161,-0.949,0.212,2026-01-20
R2025480,Truist Championship,2025,37455,Si Woo Kim,-0.023,0.812,1.15,-1.177,1.94,2026-01-20
R2025480,Truist Championship,2025,39324,J.J. Spaun,0.215,0.427,-0.64,0.76,0.003,2026-01-20
R2025480,Truist Championship,2025,39546,Keith Mitchell,0.531,0.312,0.536,0.134,1.378,2026-01-20
R2025480,Truist Championship,2025,39971,Sungjae Im,0.163,-0.807,0.09,1.066,-0.554,2026-01-20
R2025480,Truist Championship,2025,39977,Max Homa,0.573,-0.813,-0.046,0.549,-0.287,2026-01-20
R2025480,Truist Championship,2025,39997,Corey Conners,0.22,1.325,-0.15,-0.133,1.396,2026-01-20
R2025480,Truist Championship,2025,40006,Erik van Rooyen,0.51,0.527,-0.53,-0.495,0.507,2026-01-20
R2025480,Truist Championship,2025,40026,Daniel Berger,0.436,1.274,-0.144,-0.305,1.567,2026-01-20
R2025480,Truist Championship,2025,40098,Matt Fitzpatrick,-0.247,0.192,0.943,-0.377,0.889,2026-01-20
R2025480,Truist Championship,2025,40250,Taylor Pendrith,-0.022,-1.157,0.019,-0.578,-1.16,2026-01-20
R2025480,Truist Championship,2025,45157,Cam Davis,-0.072,-0.418,0.218,-0.715,-0.272,2026-01-20
R2025480,Truist Championship,2025,45522,Christiaan Bezuidenhout,0.094,0.237,0.421,-0.99,0.753,2026-01-20
R2025480,Truist Championship,2025,46414,Aaron Rai,0.189,0.323,-0.542,0.542,-0.03,2026-01-20
R2025480,Truist Championship,2025,46442,Maverick McNealy,-0.377,0.611,-0.183,-1.289,0.051,2026-01-20
R2025480,Truist Championship,2025,46443,Brian Campbell,-1.234,1.461,-1.08,0.866,-0.853,2026-01-20
R2025480,Truist Championship,2025,46717,Viktor Hovland,-0.177,0.66,-0.478,-0.994,0.006,2026-01-20
R2025480,Truist Championship,2025,47483,Will Zalatoris,0.241,-0.119,0.314,-1.424,0.436,2026-01-20
R2025480,Truist Championship,2025,47504,Sam Burns,-0.091,-0.495,-0.499,1.347,-1.085,2026-01-20
R2025480,Truist Championship,2025,47591,Eric Cole,-0.119,0.867,-0.671,-0.065,0.078,2026-01-20
R2025480,Truist Championship,2025,47993,Denny McCarthy,0.274,-0.596,-0.816,0.65,-1.138,2026-01-20
R2025480,Truist Championship,2025,48081,Xander Schauffele,0.276,0.437,-0.36,0.909,0.354,2026-01-20
R2025480,Truist Championship,2025,48153,Matthieu Pavon,-0.464,0.067,0.057,-0.648,-0.34,2026-01-20
R2025480,Truist Championship,2025,49771,J.T. Poston,0.193,-0.128,-0.443,0.89,-0.378,2026-01-20
R2025480,Truist Championship,2025,49960,Sepp Straka,0.131,0.971,-0.255,2.165,0.848,2026-01-20
R2025480,Truist Championship,2025,50525,Collin Morikawa,0.331,-0.03,-0.435,0.896,-0.134,2026-01-20
R2025480,Truist Championship,2025,51766,Wyndham Clark,-0.135,-1.437,0.545,-0.461,-1.026,2026-01-20
R2025480,Truist Championship,2025,51977,Max Greyserman,0.307,-1.57,-0.241,0.516,-1.504,2026-01-20
R2025480,Truist Championship,2025,51997,Andrew Novak,-0.108,0.256,0.649,-0.035,0.798,2026-01-20
R2025480,Truist Championship,2025,52215,Robert MacIntyre,-0.023,-0.082,0.422,-0.305,0.317,2026-01-20
R2025480,Truist Championship,2025,52686,Rasmus Højgaard,0.951,-0.659,0.602,-0.381,0.894,2026-01-20
R2025480,Truist Championship,2025,52955,Ludvig Åberg,0.764,-1.086,0.105,-1.021,-0.216,2026-01-20
R2025480,Truist Championship,2025,54421,Garrick Higgo,-0.604,-0.608,-0.446,-0.83,-1.658,2026-01-20
R2025480,Truist Championship,2025,54591,Ben Griffin,0.571,-0.517,-0.223,-0.318,-0.17,2026-01-20
R2025480,Truist Championship,2025,55893,Sam Stevens,0.228,-0.317,0.218,0.383,0.129,2026-01-20
R2025480,Truist Championship,2025,56630,Akshay Bhatia,-0.12,-0.635,-0.101,0.368,-0.856,2026-01-20
R2025480,Truist Championship,2025,57362,Austin Eckroat,-0.788,1.253,-0.053,-1.15,0.413,2026-01-20
R2025480,Truist Championship,2025,57364,Michael Thorbjornsen,0.453,-0.399,-0.451,-0.591,-0.397,2026-01-20
R2025480,Truist Championship,2025,57366,Cameron Young,-0.566,0.658,-0.013,1.433,0.08,2026-01-20
R2025480,Truist Championship,2025,58168,Davis Thompson,-0.51,-0.044,0.351,0.715,-0.203,2026-01-20
R2025480,Truist Championship,2025,59018,Ryan Gerard,-0.251,0.063,-0.098,0.049,-0.287,2026-01-20
R2025480,Truist Championship,2025,59866,Nick Dunlap,-2.115,-0.366,0.35,-0.857,-2.131,2026-01-20
R2025480,Truist Championship,2025,60004,Jacob Bridgeman,-0.414,0.069,-0.061,2.418,-0.405,2026-01-20
R2025480,Truist Championship,2025,60067,Joe Highsmith,-1.01,-1.198,-0.32,0.54,-2.527,2026-01-20
R2025553,ONEflight Myrtle Beach Classic,2025,24924,Bill Haas,-0.373,-1.054,0.415,-0.485,-1.011,2026-01-20
R2025553,ONEflight Myrtle Beach Classic,2025,25198,Francesco Molinari,0.271,-0.107,0.411,-1.072,0.576,2026-01-20
R2025553,ONEflight Myrtle Beach Classic,2025,27095,Nick Watney,-0.632,0.454,0.275,0.156,0.097,2026-01-20
R2025553,ONEflight Myrtle Beach Classic,2025,27129,Luke List,0.789,-0.472,-0.977,-1.336,-0.661,2026-01-20
R2025553,ONEflight Myrtle Beach Classic,2025,28252,Seamus Power,-0.252,0.324,0.095,0.587,0.167,2026-01-20
R2025553,ONEflight Myrtle Beach Classic,2025,29535,Brice Garnett,0.063,0.049,0.207,0.683,0.32,2026-01-20
R2025553,ONEflight Myrtle Beach Classic,2025,29936,Ryan Fox,1.048,1.036,0.259,0.661,2.343,2026-01-20
R2025553,ONEflight Myrtle Beach Classic,2025,31646,Emiliano Grillo,-0.16,2.386,-0.471,-0.002,1.756,2026-01-20
R2025553,ONEflight Myrtle Beach Classic,2025,32070,Rafael Campos,0.107,0.098,-0.102,0.151,0.103,2026-01-20
R2025553,ONEflight Myrtle Beach Classic,2025,32757,Patton Kizzire,-0.346,1.228,0.114,0.758,0.996,2026-01-20
R2025553,ONEflight Myrtle Beach Classic,2025,33199,Matteo Manassero,-0.75,-0.43,-0.193,0.625,-1.372,2026-01-20
R2025553,ONEflight Myrtle Beach Classic,2025,33597,Harry Higgs,0.672,1.072,-0.734,1.993,1.01,2026-01-20
R2025553,ONEflight Myrtle Beach Classic,2025,33968,Thorbjørn Olesen,0.448,0.901,0.005,0.899,1.355,2026-01-20
R2025553,ONEflight Myrtle Beach Classic,2025,34255,Joseph Bramlett,0.172,2.099,0.507,-0.774,2.778,2026-01-20
R2025553,ONEflight Myrtle Beach Classic,2025,34256,Andrew Putnam,-0.2,-0.368,0.559,-0.738,-0.009,2026-01-20
R2025553,ONEflight Myrtle Beach Classic,2025,34563,Chesson Hadley,0.028,-1.028,0.371,2.383,-0.63,2026-01-20
R2025553,ONEflight Myrtle Beach Classic,2025,35506,Mackenzie Hughes,0.052,0.619,0.12,2.212,0.792,2026-01-20
R2025553,ONEflight Myrtle Beach Classic,2025,35706,Niklas Norgaard,0.311,0.954,0.466,0.772,1.732,2026-01-20
R2025553,ONEflight Myrtle Beach Classic,2025,36801,Mark Hubbard,0.617,0.678,0.126,0.833,1.421,2026-01-20
R2025553,ONEflight Myrtle Beach Classic,2025,36884,Ben Kohles,0.315,0.468,-0.423,0.143,0.361,2026-01-20
R2025553,ONEflight Myrtle Beach Classic,2025,37275,Sam Ryder,0.321,1.357,-0.072,0.397,1.606,2026-01-20
R2025553,ONEflight Myrtle Beach Classic,2025,38991,Alejandro Tosti,0.509,-0.096,-0.481,-0.178,-0.069,2026-01-20
R2025553,ONEflight Myrtle Beach Classic,2025,39327,Ben Silverman,0.129,-0.408,0.342,1.691,0.063,2026-01-20
R2025553,ONEflight Myrtle Beach Classic,2025,39335,Kevin Roy,0.11,-1.168,0.465,0.345,-0.592,2026-01-20
R2025553,ONEflight Myrtle Beach Classic,2025,39859,Cristobal Del Solar,-0.628,0.542,-0.227,1.316,-0.312,2026-01-20
R2025553,ONEflight Myrtle Beach Classic,2025,40115,Adam Svensson,0.519,-0.328,0.24,-0.927,0.431,2026-01-20
R2025553,ONEflight Myrtle Beach Classic,2025,45242,Kevin Yu,0.614,1.26,0.16,0.719,2.035,2026-01-20
R2025553,ONEflight Myrtle Beach Classic,2025,46340,Alex Smalley,0.23,1.138,0.434,0.701,1.803,2026-01-20
R2025553,ONEflight Myrtle Beach Classic,2025,46646,Antoine Rozner,-0.373,1.625,-0.293,-0.206,0.959,2026-01-20
R2025553,ONEflight Myrtle Beach Classic,2025,47679,Victor Perez,0.572,0.075,0.727,0.629,1.375,2026-01-20
R2025553,ONEflight Myrtle Beach Classic,2025,47917,Takumi Kanaya,-0.193,-0.17,0.129,0.488,-0.235,2026-01-20
R2025553,ONEflight Myrtle Beach Classic,2025,47983,Chad Ramey,0.263,-0.02,-0.364,0.375,-0.122,2026-01-20
R2025553,ONEflight Myrtle Beach Classic,2025,48867,Matti Schmid,0.248,0.836,0.653,0.516,1.738,2026-01-20
R2025553,ONEflight Myrtle Beach Classic,2025,49303,Anders Albertson,-0.468,0.425,-0.057,-0.898,-0.099,2026-01-20
R2025553,ONEflight Myrtle Beach Classic,2025,49947,Taylor Moore,0.38,1.194,0.078,-0.149,1.653,2026-01-20
R2025553,ONEflight Myrtle Beach Classic,2025,50474,Tim Widing,-0.057,0.653,-0.228,-0.366,0.369,2026-01-20
R2025553,ONEflight Myrtle Beach Classic,2025,50484,Hayden Springer,0.507,-1.422,-0.707,0.375,-1.622,2026-01-20
R2025553,ONEflight Myrtle Beach Classic,2025,51287,Ryo Hisatsune,0.298,1.291,0.05,-1.135,1.639,2026-01-20
R2025553,ONEflight Myrtle Beach Classic,2025,51690,Taylor Dickson,0.178,0.323,0.73,-0.728,1.232,2026-01-20
R2025553,ONEflight Myrtle Beach Classic,2025,51696,Rico Hoey,0.625,1.299,0.61,-0.281,2.534,2026-01-20
R2025553,ONEflight Myrtle Beach Classic,2025,51776,Michael Feuerstein,-0.461,-2.143,-0.318,0.175,-2.921,2026-01-20
R2025553,ONEflight Myrtle Beach Classic,2025,51894,Vince Whaley,0.196,1.293,-0.123,-0.863,1.367,2026-01-20
R2025553,ONEflight Myrtle Beach Classic,2025,51950,Max McGreevy,0.278,-0.223,0.281,-0.082,0.336,2026-01-20
R2025553,ONEflight Myrtle Beach Classic,2025,52370,Mason Andersen,-0.863,-0.34,-0.108,1.814,-1.311,2026-01-20
R2025553,ONEflight Myrtle Beach Classic,2025,52375,Doug Ghim,0.429,0.357,-0.53,-0.254,0.258,2026-01-20
R2025553,ONEflight Myrtle Beach Classic,2025,52513,Carson Young,0.62,0.071,0.211,1.1,0.904,2026-01-20
R2025553,ONEflight Myrtle Beach Classic,2025,52514,Trace Crowe,-0.751,0.814,0.197,0.994,0.26,2026-01-20
R2025553,ONEflight Myrtle Beach Classic,2025,52666,Sami Valimaki,-0.019,0.506,0.205,1.562,0.692,2026-01-20
R2025553,ONEflight Myrtle Beach Classic,2025,54328,Norman Xiong,0.799,1.156,0.13,-0.582,2.086,2026-01-20
R2025553,ONEflight Myrtle Beach Classic,2025,54607,Danny Walker,0.164,0.927,0.034,-0.371,1.125,2026-01-20
R2025553,ONEflight Myrtle Beach Classic,2025,54783,Dylan Wu,-0.159,-0.721,0.661,0.472,-0.218,2026-01-20
R2025553,ONEflight Myrtle Beach Classic,2025,54901,Theo Humphrey,-0.47,1.669,0.342,-1.288,1.541,2026-01-20
R2025553,ONEflight Myrtle Beach Classic,2025,55182,Tom Kim,-0.182,-1.097,0.911,0.121,-0.368,2026-01-20
R2025553,ONEflight Myrtle Beach Classic,2025,55708,Hayden Buckley,1.223,-0.069,0.231,0.869,1.385,2026-01-20
R2025553,ONEflight Myrtle Beach Classic,2025,57123,Steven Fisk,-0.174,1.039,0.501,0.638,1.366,2026-01-20
R2025553,ONEflight Myrtle Beach Classic,2025,57586,Jesper Svensson,1.084,0.142,-0.085,-1.887,1.141,2026-01-20
R2025553,ONEflight Myrtle Beach Classic,2025,57625,Trent Phillips,0.51,0.78,-0.267,-0.02,1.024,2026-01-20
R2025553,ONEflight Myrtle Beach Classic,2025,57975,Harry Hall,-0.024,-1.263,1.02,2.019,-0.266,2026-01-20
R2025553,ONEflight Myrtle Beach Classic,2025,58186,George Duangmanee,-0.086,0.146,-0.344,-1.713,-0.284,2026-01-20
R2025553,ONEflight Myrtle Beach Classic,2025,58601,Davis Shore,-0.09,0.854,0.045,1.194,0.809,2026-01-20
R2025553,ONEflight Myrtle Beach Classic,2025,58605,Quade Cummins,-0.077,0.975,-0.007,0.363,0.891,2026-01-20
R2025553,ONEflight Myrtle Beach Classic,2025,58933,Will Chandler,0.328,-0.449,0.083,1.29,-0.037,2026-01-20
R2025553,ONEflight Myrtle Beach Classic,2025,59095,Chris Gotterup,1.266,-0.789,0.541,0.986,1.018,2026-01-20
R2025553,ONEflight Myrtle Beach Classic,2025,59440,Ricky Castillo,0.477,-0.937,0.525,0.439,0.065,2026-01-20
R2025553,ONEflight Myrtle Beach Classic,2025,60511,Austin Duncan,-1.054,-0.005,0.088,0.725,-0.972,2026-01-20
R2025553,ONEflight Myrtle Beach Classic,2025,63121,William Mouw,0.046,0.442,0.269,0.496,0.758,2026-01-20
R2025553,ONEflight Myrtle Beach Classic,2025,66417,Blades Brown,0.534,-0.288,-0.214,0.472,0.032,2026-01-20
R2025553,ONEflight Myrtle Beach Classic,2025,67304,Nathan Franks,-0.932,1.069,-0.439,0.806,-0.303,2026-01-20
R2025553,ONEflight Myrtle Beach Classic,2025,68352,Jackson Byrd,-0.199,0.121,0.474,-0.642,0.396,2026-01-20
R2025019,THE CJ CUP Byron Nelson,2025,23108,Matt Kuchar,-0.531,0.387,-0.006,-0.325,-0.149,2026-01-20
R2025019,THE CJ CUP Byron Nelson,2025,27064,Jhonattan Vegas,0.66,-0.17,0.314,1.222,0.804,2026-01-20
R2025019,THE CJ CUP Byron Nelson,2025,27139,David Skinns,-0.487,0.205,0.612,-0.554,0.331,2026-01-20
R2025019,THE CJ CUP Byron Nelson,2025,27770,Camilo Villegas,-1.984,0.225,-0.497,0.532,-2.255,2026-01-20
R2025019,THE CJ CUP Byron Nelson,2025,28775,Nate Lashley,-0.22,0.997,-0.463,0.461,0.315,2026-01-20
R2025019,THE CJ CUP Byron Nelson,2025,29221,Webb Simpson,-0.679,0.715,-0.457,0.447,-0.421,2026-01-20
R2025019,THE CJ CUP Byron Nelson,2025,29936,Ryan Fox,0.704,-0.385,-0.616,-0.427,-0.297,2026-01-20
R2025019,THE CJ CUP Byron Nelson,2025,30163,Henrik Norlander,-0.388,0.902,-0.917,0.929,-0.403,2026-01-20
R2025019,THE CJ CUP Byron Nelson,2025,32070,Rafael Campos,0.173,-0.452,-0.077,-1.368,-0.356,2026-01-20
R2025019,THE CJ CUP Byron Nelson,2025,32757,Patton Kizzire,-0.504,0.998,-0.066,-0.402,0.429,2026-01-20
R2025019,THE CJ CUP Byron Nelson,2025,33199,Matteo Manassero,-0.46,0.535,0.981,-0.53,1.057,2026-01-20
R2025019,THE CJ CUP Byron Nelson,2025,33413,Ben Martin,-0.288,0.409,-0.145,1.05,-0.023,2026-01-20
R2025019,THE CJ CUP Byron Nelson,2025,33948,Byeong Hun An,-0.418,-0.9,0.423,0.171,-0.895,2026-01-20
R2025019,THE CJ CUP Byron Nelson,2025,33968,Thorbjørn Olesen,0.441,-0.001,0.076,0.76,0.516,2026-01-20
R2025019,THE CJ CUP Byron Nelson,2025,34046,Jordan Spieth,0.939,1.643,0.115,0.079,2.697,2026-01-20
R2025019,THE CJ CUP Byron Nelson,2025,34255,Joseph Bramlett,0.937,0.339,0.08,-0.581,1.357,2026-01-20
R2025019,THE CJ CUP Byron Nelson,2025,34256,Andrew Putnam,-0.937,0.744,0.374,1.594,0.183,2026-01-20
R2025019,THE CJ CUP Byron Nelson,2025,35461,Beau Hossler,-0.167,-1.318,0.98,-0.969,-0.504,2026-01-20
R2025019,THE CJ CUP Byron Nelson,2025,35706,Niklas Norgaard,1.652,-0.469,-0.107,-0.05,1.076,2026-01-20
R2025019,THE CJ CUP Byron Nelson,2025,36699,Patrick Rodgers,0.387,-0.503,0.975,0.916,0.86,2026-01-20
R2025019,THE CJ CUP Byron Nelson,2025,36799,Stephan Jaeger,-0.106,-0.879,0.562,-0.051,-0.422,2026-01-20
R2025019,THE CJ CUP Byron Nelson,2025,36801,Mark Hubbard,0.236,0.236,0.563,1.241,1.035,2026-01-20
R2025019,THE CJ CUP Byron Nelson,2025,36884,Ben Kohles,-0.755,0.701,0.232,-0.402,0.179,2026-01-20
R2025019,THE CJ CUP Byron Nelson,2025,37455,Si Woo Kim,0.661,1.723,0.207,-0.816,2.592,2026-01-20
R2025019,THE CJ CUP Byron Nelson,2025,38991,Alejandro Tosti,0.636,-1.556,0.444,-1.249,-0.474,2026-01-20
R2025019,THE CJ CUP Byron Nelson,2025,39335,Kevin Roy,0.407,0.434,-0.226,1.16,0.617,2026-01-20
R2025019,THE CJ CUP Byron Nelson,2025,39971,Sungjae Im,0.305,-0.115,0.317,0.519,0.508,2026-01-20
R2025019,THE CJ CUP Byron Nelson,2025,40006,Erik van Rooyen,0.826,1.954,0.403,0.593,3.184,2026-01-20
R2025019,THE CJ CUP Byron Nelson,2025,45157,Cam Davis,0.338,-0.989,0.028,-0.101,-0.623,2026-01-20
R2025019,THE CJ CUP Byron Nelson,2025,45242,Kevin Yu,1.054,0.969,-0.451,-0.296,1.572,2026-01-20
R2025019,THE CJ CUP Byron Nelson,2025,46046,Scottie Scheffler,1.359,3.203,-0.321,1.535,4.242,2026-01-20
R2025019,THE CJ CUP Byron Nelson,2025,46340,Alex Smalley,0.136,0.288,0.051,0.302,0.475,2026-01-20
R2025019,THE CJ CUP Byron Nelson,2025,46601,Trey Mullinax,0.62,-0.82,-0.632,2.107,-0.831,2026-01-20
R2025019,THE CJ CUP Byron Nelson,2025,46646,Antoine Rozner,1.119,0.973,-0.264,0.197,1.829,2026-01-20
R2025019,THE CJ CUP Byron Nelson,2025,47056,Rikuya Hoshino,0.668,-1.021,0.325,0.803,-0.027,2026-01-20
R2025019,THE CJ CUP Byron Nelson,2025,47347,Adam Schenk,0.68,0.76,0.281,0.555,1.722,2026-01-20
R2025019,THE CJ CUP Byron Nelson,2025,47420,Jake Knapp,0.733,0.368,-0.148,-0.177,0.954,2026-01-20
R2025019,THE CJ CUP Byron Nelson,2025,47504,Sam Burns,0.243,-0.051,0.066,2.017,0.26,2026-01-20
R2025019,THE CJ CUP Byron Nelson,2025,47591,Eric Cole,-0.126,1.383,0.054,0.966,1.311,2026-01-20
R2025019,THE CJ CUP Byron Nelson,2025,47679,Victor Perez,0.233,1.455,-1.542,-0.87,0.147,2026-01-20
R2025019,THE CJ CUP Byron Nelson,2025,47917,Takumi Kanaya,-0.234,0.029,0.326,2.155,0.122,2026-01-20
R2025019,THE CJ CUP Byron Nelson,2025,47995,Davis Riley,0.583,-0.973,0.564,0.351,0.176,2026-01-20
R2025019,THE CJ CUP Byron Nelson,2025,48117,Kurt Kitayama,0.626,0.713,0.489,0.448,1.829,2026-01-20
R2025019,THE CJ CUP Byron Nelson,2025,51349,Nico Echavarria,0.356,1.502,-0.12,-0.213,1.739,2026-01-20
R2025019,THE CJ CUP Byron Nelson,2025,51491,Brandon Matthews,-0.488,-0.07,-0.947,0.531,-1.504,2026-01-20
R2025019,THE CJ CUP Byron Nelson,2025,51690,Taylor Dickson,-0.167,0.139,-0.219,1.522,-0.246,2026-01-20
R2025019,THE CJ CUP Byron Nelson,2025,51696,Rico Hoey,0.403,-0.66,0.3,-0.267,0.043,2026-01-20
R2025019,THE CJ CUP Byron Nelson,2025,51894,Vince Whaley,0.539,0.313,-0.238,1.161,0.616,2026-01-20
R2025019,THE CJ CUP Byron Nelson,2025,51950,Max McGreevy,0.05,0.287,0.604,0.835,0.941,2026-01-20
R2025019,THE CJ CUP Byron Nelson,2025,52372,Cameron Champ,0.034,0.728,-0.464,1.477,0.3,2026-01-20
R2025019,THE CJ CUP Byron Nelson,2025,52375,Doug Ghim,0.573,0.496,-0.021,-0.022,1.049,2026-01-20
R2025019,THE CJ CUP Byron Nelson,2025,52453,Nicolai Højgaard,0.459,-0.003,-0.562,-0.369,-0.105,2026-01-20
R2025019,THE CJ CUP Byron Nelson,2025,52666,Sami Valimaki,-0.408,-0.057,0.358,0.883,-0.107,2026-01-20
R2025019,THE CJ CUP Byron Nelson,2025,52686,Rasmus Højgaard,0.288,-0.192,-0.041,0.221,0.055,2026-01-20
R2025019,THE CJ CUP Byron Nelson,2025,54304,Karl Vilips,-0.107,-0.017,0.171,-0.021,0.048,2026-01-20
R2025019,THE CJ CUP Byron Nelson,2025,54607,Danny Walker,-0.115,0.194,1.016,0.43,1.096,2026-01-20
R2025019,THE CJ CUP Byron Nelson,2025,55893,Sam Stevens,0.356,0.253,0.317,2.1,0.927,2026-01-20
R2025019,THE CJ CUP Byron Nelson,2025,56762,Will Gordon,0.279,1.981,-0.86,0.876,1.4,2026-01-20
R2025019,THE CJ CUP Byron Nelson,2025,56781,Isaiah Salinda,-0.414,-0.186,0.166,-0.04,-0.434,2026-01-20
R2025019,THE CJ CUP Byron Nelson,2025,57364,Michael Thorbjornsen,0.866,0.637,-0.407,-0.07,1.097,2026-01-20
R2025019,THE CJ CUP Byron Nelson,2025,57900,Chandler Phillips,0.067,0.694,0.487,0.527,1.249,2026-01-20
R2025019,THE CJ CUP Byron Nelson,2025,57975,Harry Hall,-0.59,-0.205,0.827,0.994,0.033,2026-01-20
R2025019,THE CJ CUP Byron Nelson,2025,59095,Chris Gotterup,1.271,-0.425,1.338,-0.408,2.184,2026-01-20
R2025019,THE CJ CUP Byron Nelson,2025,59141,Matt McCarty,0.414,0.552,0.861,-0.051,1.827,2026-01-20
R2025019,THE CJ CUP Byron Nelson,2025,59143,Mac Meissner,-0.877,-1.364,0.441,0.325,-1.799,2026-01-20
R2025019,THE CJ CUP Byron Nelson,2025,59160,John Pak,-0.672,-0.524,0.35,-1.629,-0.845,2026-01-20
R2025019,THE CJ CUP Byron Nelson,2025,59440,Ricky Castillo,0.454,1.39,0.14,0.291,1.985,2026-01-20
R2025019,THE CJ CUP Byron Nelson,2025,59836,Pierceson Coody,1.625,0.173,-0.075,-0.197,1.723,2026-01-20
R2025019,THE CJ CUP Byron Nelson,2025,60882,Thomas Rosenmueller,0.619,-0.481,0.001,-0.363,0.139,2026-01-20
R2025019,THE CJ CUP Byron Nelson,2025,63455,Ross Steelman,0.752,0.606,-0.114,0.281,1.245,2026-01-20
R2025012,RBC Heritage,2025,22405,Justin Rose,0.455,0.182,-0.31,-0.71,0.328,2026-01-20
R2025012,RBC Heritage,2025,23108,Matt Kuchar,-0.175,-0.71,0.36,0.643,-0.526,2026-01-20
R2025012,RBC Heritage,2025,24502,Adam Scott,-0.294,-0.806,-0.304,0.771,-1.404,2026-01-20
R2025012,RBC Heritage,2025,25493,Nick Taylor,-0.206,-1.007,0.025,0.555,-1.187,2026-01-20
R2025012,RBC Heritage,2025,25900,Lucas Glover,0.021,0.234,0.07,-1.457,0.325,2026-01-20
R2025012,RBC Heritage,2025,27644,Brian Harman,0.528,0.289,1.034,0.017,1.851,2026-01-20
R2025012,RBC Heritage,2025,28089,Jason Day,0.142,-1.229,-0.14,0.595,-1.228,2026-01-20
R2025012,RBC Heritage,2025,29420,Billy Horschel,0.02,0.251,0.302,-0.205,0.573,2026-01-20
R2025012,RBC Heritage,2025,29725,Tony Finau,0.613,-0.118,-0.916,0.289,-0.421,2026-01-20
R2025012,RBC Heritage,2025,30911,Tommy Fleetwood,0.159,0.345,0.734,0.379,1.239,2026-01-20
R2025012,RBC Heritage,2025,30926,Chris Kirk,0.438,0.127,0.32,-0.267,0.885,2026-01-20
R2025012,RBC Heritage,2025,31323,Gary Woodland,-0.487,-0.33,-0.885,0.569,-1.701,2026-01-20
R2025012,RBC Heritage,2025,32102,Rickie Fowler,-0.671,0.04,-0.442,-0.559,-1.073,2026-01-20
R2025012,RBC Heritage,2025,33141,Keegan Bradley,0.535,0.558,0.822,-1.297,1.915,2026-01-20
R2025012,RBC Heritage,2025,33204,Shane Lowry,0.295,-0.461,0.738,0.046,0.572,2026-01-20
R2025012,RBC Heritage,2025,33399,Adam Hadwin,-0.035,-1.267,-0.327,0.496,-1.628,2026-01-20
R2025012,RBC Heritage,2025,33448,Justin Thomas,-0.263,0.964,0.539,1.378,1.24,2026-01-20
R2025012,RBC Heritage,2025,33653,Thomas Detry,0.245,-0.191,0.075,-0.011,0.129,2026-01-20
R2025012,RBC Heritage,2025,33948,Byeong Hun An,-0.007,0.049,0.631,-0.805,0.673,2026-01-20
R2025012,RBC Heritage,2025,34021,Bud Cauley,-0.098,0.279,-0.296,0.232,-0.114,2026-01-20
R2025012,RBC Heritage,2025,34046,Jordan Spieth,0.329,0.455,-0.235,0.068,0.55,2026-01-20
R2025012,RBC Heritage,2025,34098,Russell Henley,-0.304,0.92,0.341,0.411,0.957,2026-01-20
R2025012,RBC Heritage,2025,34099,Harris English,-0.028,-0.502,-0.632,-0.22,-1.163,2026-01-20
R2025012,RBC Heritage,2025,35450,Patrick Cantlay,0.991,0.654,-0.203,-0.574,1.442,2026-01-20
R2025012,RBC Heritage,2025,35506,Mackenzie Hughes,0.275,0.603,0.799,0.191,1.677,2026-01-20
R2025012,RBC Heritage,2025,35532,Tom Hoge,-0.519,0.016,-0.27,1.391,-0.773,2026-01-20
R2025012,RBC Heritage,2025,36699,Patrick Rodgers,0.032,-0.737,0.106,0.217,-0.599,2026-01-20
R2025012,RBC Heritage,2025,36799,Stephan Jaeger,-0.448,0.935,-0.115,-0.255,0.373,2026-01-20
R2025012,RBC Heritage,2025,37378,Min Woo Lee,-0.04,-1.357,0.263,0.002,-1.134,2026-01-20
R2025012,RBC Heritage,2025,37455,Si Woo Kim,0.501,0.062,0.147,0.658,0.71,2026-01-20
R2025012,RBC Heritage,2025,39324,J.J. Spaun,0.502,-0.876,-0.158,0.15,-0.532,2026-01-20
R2025012,RBC Heritage,2025,39971,Sungjae Im,0.866,-0.683,1.233,-0.299,1.417,2026-01-20
R2025012,RBC Heritage,2025,39975,Michael Kim,0.18,0.405,-0.215,-1.252,0.37,2026-01-20
R2025012,RBC Heritage,2025,39977,Max Homa,-1.182,0.51,-0.686,-0.774,-1.359,2026-01-20
R2025012,RBC Heritage,2025,39997,Corey Conners,0.127,0.327,-0.326,-0.76,0.128,2026-01-20
R2025012,RBC Heritage,2025,40026,Daniel Berger,0.727,1.072,0.386,-0.316,2.184,2026-01-20
R2025012,RBC Heritage,2025,40098,Matt Fitzpatrick,0.334,0.754,0.433,-1.653,1.521,2026-01-20
R2025012,RBC Heritage,2025,40250,Taylor Pendrith,0.313,-0.021,-0.994,0.32,-0.702,2026-01-20
R2025012,RBC Heritage,2025,45157,Cam Davis,-0.445,-0.39,0.753,0.949,-0.082,2026-01-20
R2025012,RBC Heritage,2025,45522,Christiaan Bezuidenhout,-1.061,-1.303,-0.118,2.1,-2.483,2026-01-20
R2025012,RBC Heritage,2025,46046,Scottie Scheffler,0.671,1.366,-0.732,0.063,1.305,2026-01-20
R2025012,RBC Heritage,2025,46414,Aaron Rai,0.275,-0.049,0.862,-1.22,1.088,2026-01-20
R2025012,RBC Heritage,2025,46442,Maverick McNealy,0.481,-0.015,0.344,1.058,0.81,2026-01-20
R2025012,RBC Heritage,2025,46443,Brian Campbell,-0.376,0.73,0.641,-0.877,0.995,2026-01-20
R2025012,RBC Heritage,2025,46717,Viktor Hovland,0.023,0.425,0.009,0.411,0.457,2026-01-20
R2025012,RBC Heritage,2025,47483,Will Zalatoris,-0.522,0.874,-0.249,-0.986,0.104,2026-01-20
R2025012,RBC Heritage,2025,47504,Sam Burns,0.74,-0.475,-0.134,0.738,0.13,2026-01-20
R2025012,RBC Heritage,2025,47591,Eric Cole,0.04,0.767,-0.171,-0.018,0.636,2026-01-20
R2025012,RBC Heritage,2025,47993,Denny McCarthy,0.253,-0.176,-0.489,-0.22,-0.412,2026-01-20
R2025012,RBC Heritage,2025,48081,Xander Schauffele,-0.51,0.404,0.802,-0.078,0.696,2026-01-20
R2025012,RBC Heritage,2025,48153,Matthieu Pavon,0.725,-0.76,-1.434,1.087,-1.47,2026-01-20
R2025012,RBC Heritage,2025,49771,J.T. Poston,-0.391,-0.379,0.512,1.376,-0.258,2026-01-20
R2025012,RBC Heritage,2025,49960,Sepp Straka,0.107,2.224,-0.88,-0.583,1.451,2026-01-20
R2025012,RBC Heritage,2025,50525,Collin Morikawa,0.347,0.578,-1.175,-0.633,-0.249,2026-01-20
R2025012,RBC Heritage,2025,51287,Ryo Hisatsune,-0.411,0.351,0.539,0.14,0.478,2026-01-20
R2025012,RBC Heritage,2025,51634,Sahith Theegala,-0.3,-0.237,0.269,-1.613,-0.269,2026-01-20
R2025012,RBC Heritage,2025,51766,Wyndham Clark,-0.672,0.413,-0.202,0.829,-0.461,2026-01-20
R2025012,RBC Heritage,2025,51977,Max Greyserman,-0.692,-0.381,0.265,1.177,-0.809,2026-01-20
R2025012,RBC Heritage,2025,51997,Andrew Novak,0.534,0.84,0.844,0.4,2.218,2026-01-20
R2025012,RBC Heritage,2025,52215,Robert MacIntyre,0.54,-0.507,-1.212,-0.203,-1.179,2026-01-20
R2025012,RBC Heritage,2025,52666,Sami Valimaki,-0.548,0.796,-0.422,0.792,-0.174,2026-01-20
R2025012,RBC Heritage,2025,52955,Ludvig Åberg,0.125,-0.389,0.246,-0.864,-0.018,2026-01-20
R2025012,RBC Heritage,2025,54304,Karl Vilips,-0.476,0.679,-0.857,-0.228,-0.654,2026-01-20
R2025012,RBC Heritage,2025,55893,Sam Stevens,-0.349,-0.274,-0.035,-0.225,-0.657,2026-01-20
R2025012,RBC Heritage,2025,56630,Akshay Bhatia,-0.784,1.643,-0.552,-0.689,0.307,2026-01-20
R2025012,RBC Heritage,2025,57362,Austin Eckroat,0.142,0.486,-0.327,-0.182,0.3,2026-01-20
R2025012,RBC Heritage,2025,57366,Cameron Young,-0.517,-1.283,0.586,0.332,-1.214,2026-01-20
R2025012,RBC Heritage,2025,58168,Davis Thompson,0.929,-0.578,0.237,-0.221,0.589,2026-01-20
R2025012,RBC Heritage,2025,59018,Ryan Gerard,0.239,-0.567,0.743,-0.047,0.415,2026-01-20
R2025012,RBC Heritage,2025,59866,Nick Dunlap,-2.095,-1.316,0.096,0.183,-3.316,2026-01-20
R2025012,RBC Heritage,2025,60004,Jacob Bridgeman,0.234,-2.096,-0.173,0.903,-2.035,2026-01-20
R2025012,RBC Heritage,2025,60067,Joe Highsmith,-0.131,-1.136,-0.499,-1.616,-1.766,2026-01-20
R2025041,Valero Texas Open,2025,22405,Justin Rose,0.164,0.276,-0.636,0.427,-0.196,2026-01-20
R2025041,Valero Texas Open,2025,23108,Matt Kuchar,-0.124,0.273,0.514,0.818,0.664,2026-01-20
R2025041,Valero Texas Open,2025,24024,Zach Johnson,0.516,-0.036,0.067,0.934,0.547,2026-01-20
R2025041,Valero Texas Open,2025,25198,Francesco Molinari,0.286,1.049,0.071,-0.925,1.406,2026-01-20
R2025041,Valero Texas Open,2025,27644,Brian Harman,-0.072,1.538,0.439,1.326,1.905,2026-01-20
R2025041,Valero Texas Open,2025,27770,Camilo Villegas,-0.425,0.273,-0.045,-0.073,-0.196,2026-01-20
R2025041,Valero Texas Open,2025,28775,Nate Lashley,-0.044,0.723,0.62,0.432,1.299,2026-01-20
R2025041,Valero Texas Open,2025,29535,Brice Garnett,0.319,-1.806,0.185,0.534,-1.302,2026-01-20
R2025041,Valero Texas Open,2025,29725,Tony Finau,0.237,0.166,0.223,-0.895,0.626,2026-01-20
R2025041,Valero Texas Open,2025,30163,Henrik Norlander,-0.002,1.258,-0.697,1.173,0.559,2026-01-20
R2025041,Valero Texas Open,2025,30911,Tommy Fleetwood,-0.566,0.599,0.214,-1.266,0.248,2026-01-20
R2025041,Valero Texas Open,2025,31323,Gary Woodland,1.728,0.216,-1.209,-0.254,0.736,2026-01-20
R2025041,Valero Texas Open,2025,31646,Emiliano Grillo,0.605,0.538,0.042,0.296,1.185,2026-01-20
R2025041,Valero Texas Open,2025,32070,Rafael Campos,0.234,-0.771,0.511,0.258,-0.027,2026-01-20
R2025041,Valero Texas Open,2025,32102,Rickie Fowler,0.141,-0.031,0.77,0.102,0.88,2026-01-20
R2025041,Valero Texas Open,2025,32757,Patton Kizzire,-0.742,-0.329,0.256,-1.204,-0.815,2026-01-20
R2025041,Valero Texas Open,2025,33141,Keegan Bradley,-0.103,0.472,1.63,-1.767,1.998,2026-01-20
R2025041,Valero Texas Open,2025,33413,Ben Martin,0.127,0.191,-0.216,-0.121,0.103,2026-01-20
R2025041,Valero Texas Open,2025,33597,Harry Higgs,1.491,0.02,-1.249,0.72,0.262,2026-01-20
R2025041,Valero Texas Open,2025,33968,Thorbjørn Olesen,1.016,1.096,-0.042,-0.088,2.07,2026-01-20
R2025041,Valero Texas Open,2025,34021,Bud Cauley,0.563,1.131,-0.274,0.561,1.42,2026-01-20
R2025041,Valero Texas Open,2025,34046,Jordan Spieth,0.053,-0.107,0.535,1.251,0.48,2026-01-20
R2025041,Valero Texas Open,2025,34466,Peter Malnati,-1.427,0.193,0.01,-0.544,-1.224,2026-01-20
R2025041,Valero Texas Open,2025,34587,Chan Kim,-0.08,1.087,0.747,0.227,1.754,2026-01-20
R2025041,Valero Texas Open,2025,35310,Lanto Griffin,-0.12,0.941,-0.583,0.244,0.238,2026-01-20
R2025041,Valero Texas Open,2025,35450,Patrick Cantlay,0.215,1.421,-0.319,-0.586,1.318,2026-01-20
R2025041,Valero Texas Open,2025,35461,Beau Hossler,-1.194,-0.429,-0.355,1.209,-1.977,2026-01-20
R2025041,Valero Texas Open,2025,35532,Tom Hoge,-0.145,0.566,1.013,0.547,1.435,2026-01-20
R2025041,Valero Texas Open,2025,36699,Patrick Rodgers,-0.786,0.533,0.752,-0.767,0.499,2026-01-20
R2025041,Valero Texas Open,2025,37275,Sam Ryder,-0.21,-0.716,0.409,0.998,-0.516,2026-01-20
R2025041,Valero Texas Open,2025,38991,Alejandro Tosti,1.02,0.911,0.897,-1.097,2.828,2026-01-20
R2025041,Valero Texas Open,2025,39335,Kevin Roy,0.383,-0.289,0.47,-0.083,0.564,2026-01-20
R2025041,Valero Texas Open,2025,39546,Keith Mitchell,0.555,0.442,0.174,0.561,1.171,2026-01-20
R2025041,Valero Texas Open,2025,39997,Corey Conners,0.929,0.23,0.557,-0.235,1.717,2026-01-20
R2025041,Valero Texas Open,2025,40006,Erik van Rooyen,-0.227,-0.854,0.894,-0.833,-0.186,2026-01-20
R2025041,Valero Texas Open,2025,40026,Daniel Berger,0.272,0.284,0.048,0.377,0.605,2026-01-20
R2025041,Valero Texas Open,2025,40115,Adam Svensson,0.504,-1.679,1.295,0.112,0.119,2026-01-20
R2025041,Valero Texas Open,2025,46442,Maverick McNealy,0.589,0.634,-0.112,1.12,1.111,2026-01-20
R2025041,Valero Texas Open,2025,46646,Antoine Rozner,-0.892,1.419,0.187,0.017,0.715,2026-01-20
R2025041,Valero Texas Open,2025,47591,Eric Cole,-0.556,0.082,0.491,1.214,0.018,2026-01-20
R2025041,Valero Texas Open,2025,47983,Chad Ramey,0.079,0.142,0.472,1.287,0.694,2026-01-20
R2025041,Valero Texas Open,2025,47993,Denny McCarthy,-0.382,-0.903,0.658,2.107,-0.626,2026-01-20
R2025041,Valero Texas Open,2025,48887,Matt Wallace,0.117,-0.049,0.93,0.234,0.998,2026-01-20
R2025041,Valero Texas Open,2025,49771,J.T. Poston,0.456,-0.439,1.02,0.194,1.038,2026-01-20
R2025041,Valero Texas Open,2025,51287,Ryo Hisatsune,1.043,0.056,0.274,0.608,1.373,2026-01-20
R2025041,Valero Texas Open,2025,51690,Taylor Dickson,-0.427,-0.92,0.218,-0.89,-1.128,2026-01-20
R2025041,Valero Texas Open,2025,51997,Andrew Novak,0.345,0.989,0.082,0.815,1.417,2026-01-20
R2025041,Valero Texas Open,2025,52375,Doug Ghim,0.83,0.45,0.499,-0.298,1.779,2026-01-20
R2025041,Valero Texas Open,2025,52513,Carson Young,0.139,-0.122,-0.867,1.331,-0.849,2026-01-20
R2025041,Valero Texas Open,2025,52666,Sami Valimaki,-0.011,1.21,0.416,0.116,1.615,2026-01-20
R2025041,Valero Texas Open,2025,54576,Patrick Fishburn,0.274,1.208,-0.168,0.667,1.314,2026-01-20
R2025041,Valero Texas Open,2025,54591,Ben Griffin,0.873,0.499,-0.397,-0.494,0.975,2026-01-20
R2025041,Valero Texas Open,2025,55165,Noah Goodwin,0.243,0.716,-0.819,-0.41,0.141,2026-01-20
R2025041,Valero Texas Open,2025,57123,Steven Fisk,0.667,0.256,-0.182,-0.011,0.742,2026-01-20
R2025041,Valero Texas Open,2025,57366,Cameron Young,0.872,0.138,-0.112,0.584,0.897,2026-01-20
R2025041,Valero Texas Open,2025,57586,Jesper Svensson,1.141,-1.426,0.261,0.755,-0.023,2026-01-20
R2025041,Valero Texas Open,2025,57869,Ben James,0.583,1.338,0.529,-1.719,2.451,2026-01-20
R2025041,Valero Texas Open,2025,57900,Chandler Phillips,0.222,-0.347,0.712,0.894,0.587,2026-01-20
R2025041,Valero Texas Open,2025,57975,Harry Hall,0.366,1.702,-0.563,-0.274,1.505,2026-01-20
R2025041,Valero Texas Open,2025,58605,Quade Cummins,0.471,0.546,-0.338,0.052,0.679,2026-01-20
R2025041,Valero Texas Open,2025,59018,Ryan Gerard,-0.785,-0.127,1.487,1.907,0.574,2026-01-20
R2025041,Valero Texas Open,2025,59143,Mac Meissner,-0.991,0.064,-0.452,1.36,-1.379,2026-01-20
R2025041,Valero Texas Open,2025,59160,John Pak,-1.26,0.791,-0.004,0.455,-0.474,2026-01-20
R2025041,Valero Texas Open,2025,63121,William Mouw,0.749,0.168,-0.162,-0.024,0.756,2026-01-20
R2025041,Valero Texas Open,2025,63343,Aldrich Potgieter,-0.476,1.065,-0.603,0.246,-0.014,2026-01-20
R2025041,Valero Texas Open,2025,64693,Matthew Riedel,-0.629,-0.212,-1.025,1.847,-1.866,2026-01-20
R2025020,Texas Children's Houston Open,2025,12716,Charley Hoffman,-0.079,0.007,0.353,-1.095,0.281,2026-01-20
R2025020,Texas Children's Houston Open,2025,27139,David Skinns,-0.577,1.13,-0.724,0.107,-0.172,2026-01-20
R2025020,Texas Children's Houston Open,2025,28089,Jason Day,0.299,-0.392,0.81,0.218,0.717,2026-01-20
R2025020,Texas Children's Houston Open,2025,28237,Rory McIlroy,0.664,0.544,0.683,0.544,1.891,2026-01-20
R2025020,Texas Children's Houston Open,2025,28775,Nate Lashley,0.026,0.219,0.378,0.312,0.623,2026-01-20
R2025020,Texas Children's Houston Open,2025,29725,Tony Finau,0.56,-0.288,0.424,-0.01,0.696,2026-01-20
R2025020,Texas Children's Houston Open,2025,29936,Ryan Fox,0.464,0.448,0.031,0.493,0.943,2026-01-20
R2025020,Texas Children's Houston Open,2025,31323,Gary Woodland,0.55,0.979,-0.277,2.184,1.251,2026-01-20
R2025020,Texas Children's Houston Open,2025,31646,Emiliano Grillo,0.588,-0.014,-2.323,1.933,-1.748,2026-01-20
R2025020,Texas Children's Houston Open,2025,32102,Rickie Fowler,0.268,0.009,-0.22,-0.121,0.056,2026-01-20
R2025020,Texas Children's Houston Open,2025,33199,Matteo Manassero,-1.233,-1.417,1.243,1.842,-1.407,2026-01-20
R2025020,Texas Children's Houston Open,2025,33399,Adam Hadwin,0.027,0.076,1.178,-0.846,1.281,2026-01-20
R2025020,Texas Children's Houston Open,2025,33653,Thomas Detry,-0.145,0.74,-0.122,-0.288,0.473,2026-01-20
R2025020,Texas Children's Houston Open,2025,34076,Joel Dahmen,0.216,-0.36,0.261,1.069,0.116,2026-01-20
R2025020,Texas Children's Houston Open,2025,34099,Harris English,0.518,-1.08,0.133,1.615,-0.43,2026-01-20
R2025020,Texas Children's Houston Open,2025,34587,Chan Kim,-0.261,1.064,0.553,-0.92,1.356,2026-01-20
R2025020,Texas Children's Houston Open,2025,35506,Mackenzie Hughes,0.829,0.034,0.834,0.238,1.697,2026-01-20
R2025020,Texas Children's Houston Open,2025,36699,Patrick Rodgers,-0.319,-1.301,0.721,0.835,-0.9,2026-01-20
R2025020,Texas Children's Houston Open,2025,36799,Stephan Jaeger,-0.466,1.464,0.414,0.273,1.412,2026-01-20
R2025020,Texas Children's Houston Open,2025,37275,Sam Ryder,-0.345,-0.482,-0.565,0.828,-1.393,2026-01-20
R2025020,Texas Children's Houston Open,2025,37378,Min Woo Lee,-0.048,0.995,0.561,2.177,1.508,2026-01-20
R2025020,Texas Children's Houston Open,2025,38991,Alejandro Tosti,0.589,1.188,0.291,0.368,2.068,2026-01-20
R2025020,Texas Children's Houston Open,2025,39546,Keith Mitchell,0.599,0.804,-0.245,0.027,1.158,2026-01-20
R2025020,Texas Children's Houston Open,2025,39971,Sungjae Im,0.095,-0.708,0.316,-0.018,-0.297,2026-01-20
R2025020,Texas Children's Houston Open,2025,39975,Michael Kim,-0.329,1.171,-0.138,-0.018,0.704,2026-01-20
R2025020,Texas Children's Houston Open,2025,40115,Adam Svensson,-0.789,-0.534,0.031,0.227,-1.292,2026-01-20
R2025020,Texas Children's Houston Open,2025,40250,Taylor Pendrith,0.791,0.689,-0.3,1.255,1.181,2026-01-20
R2025020,Texas Children's Houston Open,2025,45242,Kevin Yu,0.189,1.173,0.234,-0.41,1.595,2026-01-20
R2025020,Texas Children's Houston Open,2025,46046,Scottie Scheffler,0.505,1.128,0.03,1.773,1.662,2026-01-20
R2025020,Texas Children's Houston Open,2025,46442,Maverick McNealy,0.506,0.802,0.102,-0.723,1.409,2026-01-20
R2025020,Texas Children's Houston Open,2025,46601,Trey Mullinax,1.059,-0.432,-0.185,-0.007,0.442,2026-01-20
R2025020,Texas Children's Houston Open,2025,46646,Antoine Rozner,0.338,0.271,-0.761,-0.662,-0.153,2026-01-20
R2025020,Texas Children's Houston Open,2025,47420,Jake Knapp,0.508,0.395,-0.289,0.321,0.614,2026-01-20
R2025020,Texas Children's Houston Open,2025,47591,Eric Cole,-0.171,0.483,0.722,0.402,1.034,2026-01-20
R2025020,Texas Children's Houston Open,2025,47679,Victor Perez,0.275,-0.024,0.326,0.609,0.576,2026-01-20
R2025020,Texas Children's Houston Open,2025,47983,Chad Ramey,-0.447,0.255,0.183,0.194,-0.009,2026-01-20
R2025020,Texas Children's Houston Open,2025,47995,Davis Riley,0.29,-1.007,0.329,0.323,-0.388,2026-01-20
R2025020,Texas Children's Houston Open,2025,48117,Kurt Kitayama,0.632,-0.217,0.167,-0.147,0.582,2026-01-20
R2025020,Texas Children's Houston Open,2025,49453,Trevor Cone,0.593,0.319,0.1,-1.077,1.012,2026-01-20
R2025020,Texas Children's Houston Open,2025,50484,Hayden Springer,0.171,0.632,0.037,0.596,0.839,2026-01-20
R2025020,Texas Children's Houston Open,2025,51287,Ryo Hisatsune,-0.177,0.151,-0.432,0.644,-0.459,2026-01-20
R2025020,Texas Children's Houston Open,2025,51349,Nico Echavarria,-1.2,0.364,-0.439,1.96,-1.275,2026-01-20
R2025020,Texas Children's Houston Open,2025,51634,Sahith Theegala,-0.162,-0.498,-0.429,0.025,-1.09,2026-01-20
R2025020,Texas Children's Houston Open,2025,51690,Taylor Dickson,-0.105,0.574,-0.409,0.376,0.06,2026-01-20
R2025020,Texas Children's Houston Open,2025,51696,Rico Hoey,0.709,-0.303,0.689,0.592,1.094,2026-01-20
R2025020,Texas Children's Houston Open,2025,51766,Wyndham Clark,0.727,0.465,0.183,1.06,1.375,2026-01-20
R2025020,Texas Children's Houston Open,2025,52370,Mason Andersen,-0.538,0.829,-0.271,-0.585,0.02,2026-01-20
R2025020,Texas Children's Houston Open,2025,52666,Sami Valimaki,0.4,2.022,0.068,0.446,2.49,2026-01-20
R2025020,Texas Children's Houston Open,2025,52686,Rasmus Højgaard,-0.126,0.373,0.005,0.434,0.252,2026-01-20
R2025020,Texas Children's Houston Open,2025,54303,Charles Reiter,0.416,0.825,-0.973,0.417,0.268,2026-01-20
R2025020,Texas Children's Houston Open,2025,54591,Ben Griffin,-0.088,1.517,0.626,-0.87,2.055,2026-01-20
R2025020,Texas Children's Houston Open,2025,54628,Lee Hodges,0.339,0.62,0.237,0.49,1.195,2026-01-20
R2025020,Texas Children's Houston Open,2025,54813,Philip Knowles,-0.683,-0.018,0.622,-0.735,-0.08,2026-01-20
R2025020,Texas Children's Houston Open,2025,55893,Sam Stevens,0.133,-0.335,1.467,-0.08,1.265,2026-01-20
R2025020,Texas Children's Houston Open,2025,56781,Isaiah Salinda,0.367,1.071,-0.215,0.462,1.223,2026-01-20
R2025020,Texas Children's Houston Open,2025,57364,Michael Thorbjornsen,0.974,-0.544,0.288,-0.282,0.718,2026-01-20
R2025020,Texas Children's Houston Open,2025,57586,Jesper Svensson,0.958,-1.113,0.05,1.04,-0.105,2026-01-20
R2025020,Texas Children's Houston Open,2025,57900,Chandler Phillips,-0.552,0.724,0.858,-0.345,1.03,2026-01-20
R2025020,Texas Children's Houston Open,2025,57975,Harry Hall,0.219,-0.503,0.326,1.144,0.042,2026-01-20
R2025020,Texas Children's Houston Open,2025,58168,Davis Thompson,-0.267,1.65,-0.522,0.075,0.861,2026-01-20
R2025020,Texas Children's Houston Open,2025,59018,Ryan Gerard,0.0,1.893,-0.252,0.545,1.64,2026-01-20
R2025020,Texas Children's Houston Open,2025,59095,Chris Gotterup,0.613,0.046,0.455,0.072,1.114,2026-01-20
R2025020,Texas Children's Houston Open,2025,59141,Matt McCarty,-0.158,-0.459,0.944,-0.392,0.327,2026-01-20
R2025020,Texas Children's Houston Open,2025,59143,Mac Meissner,-0.819,0.536,0.786,-0.067,0.502,2026-01-20
R2025020,Texas Children's Houston Open,2025,59160,John Pak,-0.59,1.16,-0.215,-1.668,0.354,2026-01-20
R2025020,Texas Children's Houston Open,2025,59836,Pierceson Coody,0.501,-0.451,-0.347,0.232,-0.297,2026-01-20
R2025020,Texas Children's Houston Open,2025,60019,Jackson Suber,-0.154,0.243,-0.621,0.468,-0.533,2026-01-20
R2025020,Texas Children's Houston Open,2025,63121,William Mouw,-0.229,-0.103,-0.156,0.674,-0.489,2026-01-20
R2025020,Texas Children's Houston Open,2025,64693,Matthew Riedel,0.124,0.654,-1.568,0.225,-0.79,2026-01-20
R2025475,Valspar Championship,2025,22371,Aaron Baddeley,-1.113,-0.557,0.531,-0.706,-1.139,2026-01-20
R2025475,Valspar Championship,2025,24502,Adam Scott,-0.531,0.069,0.298,0.07,-0.165,2026-01-20
R2025475,Valspar Championship,2025,25900,Lucas Glover,0.597,1.101,0.087,0.371,1.784,2026-01-20
R2025475,Valspar Championship,2025,27129,Luke List,0.526,-0.703,0.825,-0.993,0.648,2026-01-20
R2025475,Valspar Championship,2025,27649,Brandt Snedeker,0.166,-1.46,0.315,0.884,-0.979,2026-01-20
R2025475,Valspar Championship,2025,27770,Camilo Villegas,-0.554,-0.378,-0.109,0.196,-1.042,2026-01-20
R2025475,Valspar Championship,2025,28252,Seamus Power,0.768,0.139,0.411,0.836,1.319,2026-01-20
R2025475,Valspar Championship,2025,28775,Nate Lashley,-0.019,-0.422,-0.253,0.348,-0.694,2026-01-20
R2025475,Valspar Championship,2025,29420,Billy Horschel,0.622,0.881,0.445,0.708,1.947,2026-01-20
R2025475,Valspar Championship,2025,29478,Kevin Kisner,0.111,-1.972,0.879,0.136,-0.981,2026-01-20
R2025475,Valspar Championship,2025,29908,C.T. Pan,-0.13,-1.427,1.301,0.16,-0.255,2026-01-20
R2025475,Valspar Championship,2025,29936,Ryan Fox,-0.624,0.78,0.027,0.222,0.183,2026-01-20
R2025475,Valspar Championship,2025,30163,Henrik Norlander,0.516,0.938,-0.175,0.376,1.279,2026-01-20
R2025475,Valspar Championship,2025,30911,Tommy Fleetwood,0.7,-0.497,-0.014,1.465,0.19,2026-01-20
R2025475,Valspar Championship,2025,31323,Gary Woodland,-0.304,0.193,0.279,0.236,0.169,2026-01-20
R2025475,Valspar Championship,2025,31646,Emiliano Grillo,0.927,-0.279,-0.322,1.079,0.326,2026-01-20
R2025475,Valspar Championship,2025,32070,Rafael Campos,-1.617,0.704,-0.297,0.365,-1.211,2026-01-20
R2025475,Valspar Championship,2025,32139,Danny Willett,-0.249,-1.406,1.037,1.022,-0.617,2026-01-20
R2025475,Valspar Championship,2025,33204,Shane Lowry,1.211,0.994,0.081,-0.132,2.287,2026-01-20
R2025475,Valspar Championship,2025,33448,Justin Thomas,0.306,0.731,0.416,1.702,1.453,2026-01-20
R2025475,Valspar Championship,2025,33653,Thomas Detry,-0.156,0.78,0.278,0.502,0.903,2026-01-20
R2025475,Valspar Championship,2025,33948,Byeong Hun An,0.585,0.036,0.809,0.225,1.43,2026-01-20
R2025475,Valspar Championship,2025,33968,Thorbjørn Olesen,0.303,0.228,0.441,-0.068,0.973,2026-01-20
R2025475,Valspar Championship,2025,34021,Bud Cauley,0.474,2.011,-0.044,0.214,2.441,2026-01-20
R2025475,Valspar Championship,2025,34046,Jordan Spieth,-0.348,1.9,-0.463,0.065,1.09,2026-01-20
R2025475,Valspar Championship,2025,35461,Beau Hossler,-0.833,-1.824,1.161,0.651,-1.496,2026-01-20
R2025475,Valspar Championship,2025,35506,Mackenzie Hughes,0.223,0.033,0.356,0.293,0.612,2026-01-20
R2025475,Valspar Championship,2025,35658,Kris Ventura,-1.1,-0.502,-0.175,0.431,-1.777,2026-01-20
R2025475,Valspar Championship,2025,36326,David Lipsky,0.261,-0.22,0.262,-0.399,0.304,2026-01-20
R2025475,Valspar Championship,2025,36799,Stephan Jaeger,0.188,0.213,0.702,-0.198,1.103,2026-01-20
R2025475,Valspar Championship,2025,36801,Mark Hubbard,-0.261,1.426,0.194,-0.954,1.359,2026-01-20
R2025475,Valspar Championship,2025,37275,Sam Ryder,0.241,0.664,-0.35,1.1,0.555,2026-01-20
R2025475,Valspar Championship,2025,39546,Keith Mitchell,-0.244,1.015,-1.059,0.442,-0.287,2026-01-20
R2025475,Valspar Championship,2025,39975,Michael Kim,0.271,0.253,0.183,0.448,0.707,2026-01-20
R2025475,Valspar Championship,2025,39997,Corey Conners,0.682,0.99,0.149,0.334,1.821,2026-01-20
R2025475,Valspar Championship,2025,45242,Kevin Yu,1.205,0.694,0.108,-0.103,2.008,2026-01-20
R2025475,Valspar Championship,2025,46646,Antoine Rozner,0.396,-0.745,0.313,-1.059,-0.036,2026-01-20
R2025475,Valspar Championship,2025,46717,Viktor Hovland,0.489,1.469,-0.392,1.839,1.566,2026-01-20
R2025475,Valspar Championship,2025,47483,Will Zalatoris,0.203,0.835,-0.017,-0.617,1.022,2026-01-20
R2025475,Valspar Championship,2025,47591,Eric Cole,-0.095,1.153,0.038,0.809,1.096,2026-01-20
R2025475,Valspar Championship,2025,47679,Victor Perez,-0.125,0.863,-0.106,0.773,0.632,2026-01-20
R2025475,Valspar Championship,2025,47995,Davis Riley,-0.599,1.678,1.572,-0.247,2.652,2026-01-20
R2025475,Valspar Championship,2025,48081,Xander Schauffele,-0.648,2.819,0.063,-0.329,2.234,2026-01-20
R2025475,Valspar Championship,2025,48153,Matthieu Pavon,0.398,-0.219,-1.065,1.291,-0.886,2026-01-20
R2025475,Valspar Championship,2025,48867,Matti Schmid,0.241,0.094,0.626,0.193,0.962,2026-01-20
R2025475,Valspar Championship,2025,49771,J.T. Poston,-0.051,0.096,0.384,0.726,0.429,2026-01-20
R2025475,Valspar Championship,2025,49960,Sepp Straka,0.022,1.397,-0.022,-0.242,1.397,2026-01-20
R2025475,Valspar Championship,2025,50582,Jeremy Paul,0.908,-0.059,-0.016,0.572,0.833,2026-01-20
R2025475,Valspar Championship,2025,51287,Ryo Hisatsune,0.591,0.618,0.243,1.202,1.453,2026-01-20
R2025475,Valspar Championship,2025,51349,Nico Echavarria,-0.136,0.486,-0.01,1.315,0.34,2026-01-20
R2025475,Valspar Championship,2025,51634,Sahith Theegala,0.512,-0.326,0.284,0.435,0.47,2026-01-20
R2025475,Valspar Championship,2025,51950,Max McGreevy,0.558,-0.055,0.322,-0.671,0.826,2026-01-20
R2025475,Valspar Championship,2025,51997,Andrew Novak,0.372,0.067,0.558,-0.342,0.997,2026-01-20
R2025475,Valspar Championship,2025,52144,Braden Thornberry,-0.318,-1.182,0.297,0.358,-1.204,2026-01-20
R2025475,Valspar Championship,2025,52370,Mason Andersen,0.203,-1.372,0.484,-0.161,-0.684,2026-01-20
R2025475,Valspar Championship,2025,52375,Doug Ghim,0.059,-1.18,0.42,0.606,-0.701,2026-01-20
R2025475,Valspar Championship,2025,52666,Sami Valimaki,-0.142,1.057,-0.856,0.846,0.059,2026-01-20
R2025475,Valspar Championship,2025,52689,Rasmus Neergaard-Petersen,0.658,1.255,0.352,-0.86,2.265,2026-01-20
R2025475,Valspar Championship,2025,54576,Patrick Fishburn,0.222,-0.336,-0.058,1.327,-0.172,2026-01-20
R2025475,Valspar Championship,2025,55165,Noah Goodwin,0.062,-0.782,0.137,1.238,-0.584,2026-01-20
R2025475,Valspar Championship,2025,55182,Tom Kim,0.245,0.896,0.084,-0.32,1.225,2026-01-20
R2025475,Valspar Championship,2025,55623,Kaito Onishi,0.312,0.536,-0.247,0.054,0.601,2026-01-20
R2025475,Valspar Championship,2025,55893,Sam Stevens,0.112,-0.021,-0.442,0.005,-0.35,2026-01-20
R2025475,Valspar Championship,2025,57123,Steven Fisk,-0.609,0.976,0.498,0.29,0.865,2026-01-20
R2025475,Valspar Championship,2025,57586,Jesper Svensson,0.354,-0.855,-0.008,0.164,-0.509,2026-01-20
R2025475,Valspar Championship,2025,57900,Chandler Phillips,0.038,0.988,-0.053,-0.318,0.973,2026-01-20
R2025475,Valspar Championship,2025,57975,Harry Hall,-0.218,0.212,0.268,-0.107,0.262,2026-01-20
R2025475,Valspar Championship,2025,58619,Kevin Velo,0.344,-0.431,-0.017,0.008,-0.104,2026-01-20
R2025475,Valspar Championship,2025,58933,Will Chandler,0.068,-0.363,-0.497,0.196,-0.791,2026-01-20
R2025475,Valspar Championship,2025,59018,Ryan Gerard,-0.131,1.115,-0.734,-0.345,0.25,2026-01-20
R2025475,Valspar Championship,2025,59141,Matt McCarty,0.61,0.097,0.113,0.835,0.82,2026-01-20
R2025475,Valspar Championship,2025,59143,Mac Meissner,-0.313,1.888,0.052,-0.472,1.627,2026-01-20
R2025475,Valspar Championship,2025,59160,John Pak,0.39,0.664,-0.296,-1.103,0.758,2026-01-20
R2025475,Valspar Championship,2025,59440,Ricky Castillo,-0.496,0.462,0.755,1.183,0.722,2026-01-20
R2025475,Valspar Championship,2025,60004,Jacob Bridgeman,0.344,-0.169,0.774,1.955,0.95,2026-01-20
R2025475,Valspar Championship,2025,60067,Joe Highsmith,-0.064,0.538,0.181,0.75,0.655,2026-01-20
R2025475,Valspar Championship,2025,63807,Neal Shipley,0.586,0.107,0.045,-0.334,0.739,2026-01-20
R2025475,Valspar Championship,2025,66743,Luke Clanton,0.749,0.796,-0.324,-0.565,1.22,2026-01-20
R2025011,THE PLAYERS Championship,2025,12716,Charley Hoffman,0.346,0.433,-0.246,-0.629,0.533,2026-01-20
R2025011,THE PLAYERS Championship,2025,23108,Matt Kuchar,0.168,-0.199,0.495,0.189,0.464,2026-01-20
R2025011,THE PLAYERS Championship,2025,25900,Lucas Glover,0.58,0.616,1.225,0.733,2.421,2026-01-20
R2025011,THE PLAYERS Championship,2025,27064,Jhonattan Vegas,0.051,0.755,0.337,-1.74,1.143,2026-01-20
R2025011,THE PLAYERS Championship,2025,27770,Camilo Villegas,-0.608,-1.037,1.001,0.548,-0.645,2026-01-20
R2025011,THE PLAYERS Championship,2025,28237,Rory McIlroy,0.656,1.946,-0.193,1.244,2.409,2026-01-20
R2025011,THE PLAYERS Championship,2025,29420,Billy Horschel,0.66,-1.597,-0.016,1.607,-0.953,2026-01-20
R2025011,THE PLAYERS Championship,2025,29908,C.T. Pan,0.077,-0.29,-0.164,-1.22,-0.377,2026-01-20
R2025011,THE PLAYERS Championship,2025,29936,Ryan Fox,0.183,0.162,-0.055,1.364,0.29,2026-01-20
R2025011,THE PLAYERS Championship,2025,30911,Tommy Fleetwood,0.24,1.311,0.259,0.094,1.809,2026-01-20
R2025011,THE PLAYERS Championship,2025,30926,Chris Kirk,-0.367,0.348,-0.339,1.012,-0.359,2026-01-20
R2025011,THE PLAYERS Championship,2025,31646,Emiliano Grillo,0.234,-0.421,-0.581,-0.329,-0.768,2026-01-20
R2025011,THE PLAYERS Championship,2025,32102,Rickie Fowler,-0.356,-1.092,-0.368,-0.53,-1.816,2026-01-20
R2025011,THE PLAYERS Championship,2025,33141,Keegan Bradley,0.596,0.835,-0.43,0.652,1.002,2026-01-20
R2025011,THE PLAYERS Championship,2025,33204,Shane Lowry,-0.111,1.968,0.32,-0.524,2.178,2026-01-20
R2025011,THE PLAYERS Championship,2025,33448,Justin Thomas,-0.704,0.52,0.171,1.167,-0.013,2026-01-20
R2025011,THE PLAYERS Championship,2025,33948,Byeong Hun An,0.773,-0.419,-0.129,-0.071,0.225,2026-01-20
R2025011,THE PLAYERS Championship,2025,34021,Bud Cauley,0.841,0.106,0.401,1.556,1.348,2026-01-20
R2025011,THE PLAYERS Championship,2025,34046,Jordan Spieth,0.567,-1.275,1.327,-0.966,0.62,2026-01-20
R2025011,THE PLAYERS Championship,2025,34076,Joel Dahmen,0.608,0.065,0.575,-1.344,1.248,2026-01-20
R2025011,THE PLAYERS Championship,2025,34098,Russell Henley,0.352,0.854,0.432,-0.235,1.638,2026-01-20
R2025011,THE PLAYERS Championship,2025,34099,Harris English,0.577,0.513,-0.053,0.367,1.037,2026-01-20
R2025011,THE PLAYERS Championship,2025,35450,Patrick Cantlay,0.996,0.603,0.023,0.532,1.621,2026-01-20
R2025011,THE PLAYERS Championship,2025,35461,Beau Hossler,-0.198,-0.869,0.841,0.629,-0.225,2026-01-20
R2025011,THE PLAYERS Championship,2025,35532,Tom Hoge,0.363,2.464,-0.292,0.619,2.535,2026-01-20
R2025011,THE PLAYERS Championship,2025,36799,Stephan Jaeger,-1.104,1.279,0.401,1.078,0.576,2026-01-20
R2025011,THE PLAYERS Championship,2025,37275,Sam Ryder,0.673,-0.102,-0.437,1.77,0.134,2026-01-20
R2025011,THE PLAYERS Championship,2025,37378,Min Woo Lee,-0.321,0.553,-0.233,1.654,-0.001,2026-01-20
R2025011,THE PLAYERS Championship,2025,37455,Si Woo Kim,0.217,0.265,1.014,-0.593,1.497,2026-01-20
R2025011,THE PLAYERS Championship,2025,39324,J.J. Spaun,0.838,1.411,1.122,0.282,3.371,2026-01-20
R2025011,THE PLAYERS Championship,2025,39971,Sungjae Im,0.279,-1.607,0.733,-0.251,-0.596,2026-01-20
R2025011,THE PLAYERS Championship,2025,39997,Corey Conners,1.474,0.3,0.384,0.746,2.157,2026-01-20
R2025011,THE PLAYERS Championship,2025,40026,Daniel Berger,-0.642,0.575,0.711,1.009,0.645,2026-01-20
R2025011,THE PLAYERS Championship,2025,40162,Justin Lower,0.583,0.767,-0.965,0.519,0.385,2026-01-20
R2025011,THE PLAYERS Championship,2025,40250,Taylor Pendrith,-0.283,0.306,-0.662,1.543,-0.64,2026-01-20
R2025011,THE PLAYERS Championship,2025,46046,Scottie Scheffler,0.707,1.051,-0.116,0.011,1.642,2026-01-20
R2025011,THE PLAYERS Championship,2025,46340,Alex Smalley,0.363,0.32,1.494,-0.273,2.176,2026-01-20
R2025011,THE PLAYERS Championship,2025,46414,Aaron Rai,1.225,0.355,-0.381,0.705,1.199,2026-01-20
R2025011,THE PLAYERS Championship,2025,46601,Trey Mullinax,-0.236,0.035,-0.583,-0.062,-0.784,2026-01-20
R2025011,THE PLAYERS Championship,2025,47420,Jake Knapp,-0.747,0.418,0.193,2.29,-0.137,2026-01-20
R2025011,THE PLAYERS Championship,2025,47483,Will Zalatoris,-0.201,1.28,-0.548,0.872,0.531,2026-01-20
R2025011,THE PLAYERS Championship,2025,47993,Denny McCarthy,0.221,0.532,-0.1,1.25,0.654,2026-01-20
R2025011,THE PLAYERS Championship,2025,47995,Davis Riley,-0.21,0.486,0.404,0.223,0.681,2026-01-20
R2025011,THE PLAYERS Championship,2025,48081,Xander Schauffele,-1.294,-0.14,0.071,-1.233,-1.363,2026-01-20
R2025011,THE PLAYERS Championship,2025,48117,Kurt Kitayama,0.301,-0.324,0.887,0.289,0.864,2026-01-20
R2025011,THE PLAYERS Championship,2025,48153,Matthieu Pavon,-0.407,1.447,-1.413,0.276,-0.372,2026-01-20
R2025011,THE PLAYERS Championship,2025,49771,J.T. Poston,0.13,0.112,-0.516,1.427,-0.274,2026-01-20
R2025011,THE PLAYERS Championship,2025,49947,Taylor Moore,0.505,0.978,0.068,-0.397,1.551,2026-01-20
R2025011,THE PLAYERS Championship,2025,49960,Sepp Straka,0.326,1.116,0.438,0.023,1.881,2026-01-20
R2025011,THE PLAYERS Championship,2025,50484,Hayden Springer,0.387,-0.041,-0.191,0.499,0.155,2026-01-20
R2025011,THE PLAYERS Championship,2025,50525,Collin Morikawa,0.768,2.022,0.128,-0.515,2.918,2026-01-20
R2025011,THE PLAYERS Championship,2025,51634,Sahith Theegala,-0.246,-0.095,0.114,0.38,-0.226,2026-01-20
R2025011,THE PLAYERS Championship,2025,51696,Rico Hoey,1.654,1.193,0.088,-1.782,2.936,2026-01-20
R2025011,THE PLAYERS Championship,2025,51950,Max McGreevy,1.474,1.396,-0.216,-1.001,2.655,2026-01-20
R2025011,THE PLAYERS Championship,2025,52215,Robert MacIntyre,-0.229,1.478,1.003,0.402,2.252,2026-01-20
R2025011,THE PLAYERS Championship,2025,52513,Carson Young,0.883,0.84,-0.532,-1.288,1.192,2026-01-20
R2025011,THE PLAYERS Championship,2025,52666,Sami Valimaki,-1.358,0.952,-1.067,-0.125,-1.472,2026-01-20
R2025011,THE PLAYERS Championship,2025,54607,Danny Walker,1.646,0.907,0.301,0.05,2.854,2026-01-20
R2025011,THE PLAYERS Championship,2025,55182,Tom Kim,-0.413,2.474,-0.173,-1.233,1.887,2026-01-20
R2025011,THE PLAYERS Championship,2025,56630,Akshay Bhatia,0.451,1.398,0.179,1.126,2.028,2026-01-20
R2025011,THE PLAYERS Championship,2025,56781,Isaiah Salinda,0.581,-1.476,0.332,-0.783,-0.563,2026-01-20
R2025011,THE PLAYERS Championship,2025,57362,Austin Eckroat,0.28,-0.839,0.769,-1.057,0.211,2026-01-20
R2025011,THE PLAYERS Championship,2025,57366,Cameron Young,-1.108,0.117,-0.006,0.15,-0.997,2026-01-20
R2025011,THE PLAYERS Championship,2025,57586,Jesper Svensson,-0.12,-1.41,1.253,0.931,-0.277,2026-01-20
R2025011,THE PLAYERS Championship,2025,57900,Chandler Phillips,-0.253,0.765,-0.716,-0.643,-0.204,2026-01-20
R2025011,THE PLAYERS Championship,2025,58168,Davis Thompson,0.988,0.746,-0.101,0.771,1.633,2026-01-20
R2025011,THE PLAYERS Championship,2025,58933,Will Chandler,0.382,-0.797,-0.073,-0.358,-0.489,2026-01-20
R2025011,THE PLAYERS Championship,2025,59018,Ryan Gerard,0.252,0.558,-1.305,1.149,-0.496,2026-01-20
R2025011,THE PLAYERS Championship,2025,59141,Matt McCarty,1.098,0.511,-0.022,0.066,1.587,2026-01-20
R2025011,THE PLAYERS Championship,2025,59143,Mac Meissner,0.303,-0.773,0.423,0.701,-0.047,2026-01-20
R2025011,THE PLAYERS Championship,2025,60004,Jacob Bridgeman,-0.153,0.833,-0.267,-0.01,0.414,2026-01-20
R2025011,THE PLAYERS Championship,2025,60067,Joe Highsmith,0.055,0.401,0.25,0.948,0.705,2026-01-20
R2025009,Arnold Palmer Invitational presented by Mastercard,2025,22405,Justin Rose,-0.044,1.021,-0.587,1.29,0.39,2026-01-20
R2025009,Arnold Palmer Invitational presented by Mastercard,2025,24502,Adam Scott,0.298,-0.386,-0.708,0.476,-0.796,2026-01-20
R2025009,Arnold Palmer Invitational presented by Mastercard,2025,25493,Nick Taylor,-0.004,0.973,-0.221,-0.568,0.748,2026-01-20
R2025009,Arnold Palmer Invitational presented by Mastercard,2025,25900,Lucas Glover,-0.1,1.223,-0.371,-1.071,0.751,2026-01-20
R2025009,Arnold Palmer Invitational presented by Mastercard,2025,27644,Brian Harman,-0.801,0.639,-0.007,-0.4,-0.17,2026-01-20
R2025009,Arnold Palmer Invitational presented by Mastercard,2025,28089,Jason Day,0.288,0.201,-0.252,1.443,0.238,2026-01-20
R2025009,Arnold Palmer Invitational presented by Mastercard,2025,28237,Rory McIlroy,0.317,-0.565,0.349,1.079,0.101,2026-01-20
R2025009,Arnold Palmer Invitational presented by Mastercard,2025,29725,Tony Finau,0.484,-0.05,-0.894,0.141,-0.461,2026-01-20
R2025009,Arnold Palmer Invitational presented by Mastercard,2025,30911,Tommy Fleetwood,0.521,0.687,0.257,-0.034,1.465,2026-01-20
R2025009,Arnold Palmer Invitational presented by Mastercard,2025,30926,Chris Kirk,0.508,0.015,0.445,-0.538,0.968,2026-01-20
R2025009,Arnold Palmer Invitational presented by Mastercard,2025,32839,Hideki Matsuyama,0.248,-0.498,1.414,-0.734,1.164,2026-01-20
R2025009,Arnold Palmer Invitational presented by Mastercard,2025,33141,Keegan Bradley,-0.055,1.67,0.252,0.313,1.867,2026-01-20
R2025009,Arnold Palmer Invitational presented by Mastercard,2025,33204,Shane Lowry,-0.29,0.744,0.496,0.98,0.95,2026-01-20
R2025009,Arnold Palmer Invitational presented by Mastercard,2025,33399,Adam Hadwin,-0.842,-0.419,0.509,-0.068,-0.752,2026-01-20
R2025009,Arnold Palmer Invitational presented by Mastercard,2025,33448,Justin Thomas,0.52,0.305,0.18,-1.324,1.004,2026-01-20
R2025009,Arnold Palmer Invitational presented by Mastercard,2025,33948,Byeong Hun An,0.825,1.024,-0.244,0.075,1.606,2026-01-20
R2025009,Arnold Palmer Invitational presented by Mastercard,2025,34098,Russell Henley,0.333,0.348,1.592,0.907,2.274,2026-01-20
R2025009,Arnold Palmer Invitational presented by Mastercard,2025,35450,Patrick Cantlay,-0.695,0.815,0.328,-0.268,0.448,2026-01-20
R2025009,Arnold Palmer Invitational presented by Mastercard,2025,35506,Mackenzie Hughes,0.163,-0.431,0.24,0.459,-0.029,2026-01-20
R2025009,Arnold Palmer Invitational presented by Mastercard,2025,35532,Tom Hoge,-0.906,-0.04,-0.685,1.062,-1.632,2026-01-20
R2025009,Arnold Palmer Invitational presented by Mastercard,2025,36699,Patrick Rodgers,0.043,0.281,0.152,-0.046,0.476,2026-01-20
R2025009,Arnold Palmer Invitational presented by Mastercard,2025,37455,Si Woo Kim,-0.006,-0.843,1.501,0.028,0.652,2026-01-20
R2025009,Arnold Palmer Invitational presented by Mastercard,2025,39324,J.J. Spaun,0.329,1.304,-0.494,-0.958,1.139,2026-01-20
R2025009,Arnold Palmer Invitational presented by Mastercard,2025,39971,Sungjae Im,0.404,-0.818,0.534,0.56,0.12,2026-01-20
R2025009,Arnold Palmer Invitational presented by Mastercard,2025,39975,Michael Kim,0.535,1.02,0.574,0.301,2.129,2026-01-20
R2025009,Arnold Palmer Invitational presented by Mastercard,2025,39997,Corey Conners,0.384,0.775,0.81,0.712,1.969,2026-01-20
R2025009,Arnold Palmer Invitational presented by Mastercard,2025,40026,Daniel Berger,0.682,-0.004,0.358,0.144,1.036,2026-01-20
R2025009,Arnold Palmer Invitational presented by Mastercard,2025,40098,Matt Fitzpatrick,-0.162,-0.969,-0.245,1.806,-1.376,2026-01-20
R2025009,Arnold Palmer Invitational presented by Mastercard,2025,45522,Christiaan Bezuidenhout,-0.246,-0.549,0.814,0.662,0.018,2026-01-20
R2025009,Arnold Palmer Invitational presented by Mastercard,2025,46046,Scottie Scheffler,1.628,0.157,0.974,-1.329,2.759,2026-01-20
R2025009,Arnold Palmer Invitational presented by Mastercard,2025,46414,Aaron Rai,0.239,0.658,0.582,-0.049,1.479,2026-01-20
R2025009,Arnold Palmer Invitational presented by Mastercard,2025,47483,Will Zalatoris,0.875,1.119,-0.04,-1.524,1.954,2026-01-20
R2025009,Arnold Palmer Invitational presented by Mastercard,2025,47504,Sam Burns,-0.524,-2.53,0.503,1.481,-2.551,2026-01-20
R2025009,Arnold Palmer Invitational presented by Mastercard,2025,47591,Eric Cole,-0.868,-0.713,0.778,-0.517,-0.803,2026-01-20
R2025009,Arnold Palmer Invitational presented by Mastercard,2025,47993,Denny McCarthy,-0.334,0.61,-1.121,1.775,-0.845,2026-01-20
R2025009,Arnold Palmer Invitational presented by Mastercard,2025,48081,Xander Schauffele,0.337,0.433,-1.274,-0.065,-0.505,2026-01-20
R2025009,Arnold Palmer Invitational presented by Mastercard,2025,49771,J.T. Poston,-0.028,1.347,-0.192,-2.447,1.127,2026-01-20
R2025009,Arnold Palmer Invitational presented by Mastercard,2025,49960,Sepp Straka,-0.054,1.006,-0.321,1.55,0.63,2026-01-20
R2025009,Arnold Palmer Invitational presented by Mastercard,2025,50525,Collin Morikawa,0.907,1.208,0.935,-0.121,3.051,2026-01-20
R2025009,Arnold Palmer Invitational presented by Mastercard,2025,51766,Wyndham Clark,-0.075,0.128,0.812,-0.435,0.865,2026-01-20
R2025009,Arnold Palmer Invitational presented by Mastercard,2025,51950,Max McGreevy,0.393,0.68,-1.623,-0.02,-0.55,2026-01-20
R2025009,Arnold Palmer Invitational presented by Mastercard,2025,51977,Max Greyserman,-0.29,-0.706,0.653,0.773,-0.343,2026-01-20
R2025009,Arnold Palmer Invitational presented by Mastercard,2025,51997,Andrew Novak,0.521,-1.155,0.393,0.172,-0.242,2026-01-20
R2025009,Arnold Palmer Invitational presented by Mastercard,2025,52215,Robert MacIntyre,0.735,0.67,-0.156,0.181,1.249,2026-01-20
R2025009,Arnold Palmer Invitational presented by Mastercard,2025,52955,Ludvig Åberg,1.329,-0.551,-0.85,0.503,-0.073,2026-01-20
R2025009,Arnold Palmer Invitational presented by Mastercard,2025,54591,Ben Griffin,-0.719,-1.199,0.291,0.808,-1.628,2026-01-20
R2025009,Arnold Palmer Invitational presented by Mastercard,2025,55893,Sam Stevens,0.432,0.1,-0.374,-0.727,0.157,2026-01-20
R2025009,Arnold Palmer Invitational presented by Mastercard,2025,56781,Isaiah Salinda,0.976,-1.008,0.066,-0.853,0.033,2026-01-20
R2025009,Arnold Palmer Invitational presented by Mastercard,2025,57362,Austin Eckroat,0.549,0.121,-0.748,0.008,-0.078,2026-01-20
R2025009,Arnold Palmer Invitational presented by Mastercard,2025,60004,Jacob Bridgeman,0.211,-0.149,0.597,0.521,0.659,2026-01-20
R2025009,Arnold Palmer Invitational presented by Mastercard,2025,66701,Jackson Koivun,0.287,-1.007,-0.981,0.631,-1.701,2026-01-20
R2025010,Cognizant Classic in The Palm Beaches,2025,12716,Charley Hoffman,0.319,0.505,-0.345,0.65,0.479,2026-01-20
R2025010,Cognizant Classic in The Palm Beaches,2025,23108,Matt Kuchar,-0.581,-0.704,0.16,1.004,-1.125,2026-01-20
R2025010,Cognizant Classic in The Palm Beaches,2025,24024,Zach Johnson,-0.439,-0.933,-0.046,1.797,-1.418,2026-01-20
R2025010,Cognizant Classic in The Palm Beaches,2025,25198,Francesco Molinari,-0.42,-0.931,0.029,-0.049,-1.322,2026-01-20
R2025010,Cognizant Classic in The Palm Beaches,2025,27064,Jhonattan Vegas,0.023,-1.205,0.849,-0.288,-0.333,2026-01-20
R2025010,Cognizant Classic in The Palm Beaches,2025,27644,Brian Harman,0.123,1.198,0.517,-0.959,1.838,2026-01-20
R2025010,Cognizant Classic in The Palm Beaches,2025,29420,Billy Horschel,0.198,-0.659,0.983,0.607,0.522,2026-01-20
R2025010,Cognizant Classic in The Palm Beaches,2025,29535,Brice Garnett,0.394,-0.648,0.952,0.93,0.699,2026-01-20
R2025010,Cognizant Classic in The Palm Beaches,2025,30926,Chris Kirk,-0.175,0.874,-0.386,-0.434,0.313,2026-01-20
R2025010,Cognizant Classic in The Palm Beaches,2025,32102,Rickie Fowler,0.734,0.837,-0.523,0.331,1.048,2026-01-20
R2025010,Cognizant Classic in The Palm Beaches,2025,33204,Shane Lowry,0.073,1.386,0.314,-0.144,1.773,2026-01-20
R2025010,Cognizant Classic in The Palm Beaches,2025,34021,Bud Cauley,-0.799,0.606,0.306,-0.234,0.113,2026-01-20
R2025010,Cognizant Classic in The Palm Beaches,2025,34046,Jordan Spieth,0.748,-0.228,0.096,1.263,0.616,2026-01-20
R2025010,Cognizant Classic in The Palm Beaches,2025,34076,Joel Dahmen,0.367,1.444,-0.411,-0.521,1.4,2026-01-20
R2025010,Cognizant Classic in The Palm Beaches,2025,34098,Russell Henley,0.77,0.442,0.106,0.811,1.318,2026-01-20
R2025010,Cognizant Classic in The Palm Beaches,2025,34256,Andrew Putnam,0.134,0.061,0.351,1.082,0.547,2026-01-20
R2025010,Cognizant Classic in The Palm Beaches,2025,34587,Chan Kim,-0.232,0.264,0.284,0.563,0.316,2026-01-20
R2025010,Cognizant Classic in The Palm Beaches,2025,35461,Beau Hossler,-1.618,2.082,0.633,-0.218,1.097,2026-01-20
R2025010,Cognizant Classic in The Palm Beaches,2025,35532,Tom Hoge,-0.126,-0.138,-0.945,-0.412,-1.209,2026-01-20
R2025010,Cognizant Classic in The Palm Beaches,2025,35658,Kris Ventura,0.91,-0.443,-0.951,0.364,-0.485,2026-01-20
R2025010,Cognizant Classic in The Palm Beaches,2025,35706,Niklas Norgaard,0.279,0.769,-0.07,0.151,0.978,2026-01-20
R2025010,Cognizant Classic in The Palm Beaches,2025,36699,Patrick Rodgers,-0.981,-0.353,0.407,2.306,-0.927,2026-01-20
R2025010,Cognizant Classic in The Palm Beaches,2025,37275,Sam Ryder,-0.558,-0.098,-0.339,1.124,-0.995,2026-01-20
R2025010,Cognizant Classic in The Palm Beaches,2025,37378,Min Woo Lee,0.109,0.278,0.305,0.936,0.693,2026-01-20
R2025010,Cognizant Classic in The Palm Beaches,2025,38991,Alejandro Tosti,-0.452,-1.776,0.348,-0.241,-1.881,2026-01-20
R2025010,Cognizant Classic in The Palm Beaches,2025,39324,J.J. Spaun,0.438,0.38,0.823,0.987,1.642,2026-01-20
R2025010,Cognizant Classic in The Palm Beaches,2025,39546,Keith Mitchell,0.764,-0.301,-0.133,0.049,0.33,2026-01-20
R2025010,Cognizant Classic in The Palm Beaches,2025,39975,Michael Kim,0.716,0.594,0.534,0.284,1.845,2026-01-20
R2025010,Cognizant Classic in The Palm Beaches,2025,40006,Erik van Rooyen,1.002,0.351,0.072,0.455,1.424,2026-01-20
R2025010,Cognizant Classic in The Palm Beaches,2025,40026,Daniel Berger,0.308,-0.102,0.171,0.752,0.377,2026-01-20
R2025010,Cognizant Classic in The Palm Beaches,2025,45522,Christiaan Bezuidenhout,0.249,-0.25,-0.016,0.396,-0.017,2026-01-20
R2025010,Cognizant Classic in The Palm Beaches,2025,46340,Alex Smalley,0.41,-0.541,1.044,0.466,0.913,2026-01-20
R2025010,Cognizant Classic in The Palm Beaches,2025,46443,Brian Campbell,-0.57,-0.242,0.806,0.135,-0.006,2026-01-20
R2025010,Cognizant Classic in The Palm Beaches,2025,46646,Antoine Rozner,-0.132,-0.243,-0.404,-0.092,-0.779,2026-01-20
R2025010,Cognizant Classic in The Palm Beaches,2025,47056,Rikuya Hoshino,-0.005,-0.467,0.11,0.491,-0.362,2026-01-20
R2025010,Cognizant Classic in The Palm Beaches,2025,47420,Jake Knapp,0.837,0.452,0.061,0.78,1.349,2026-01-20
R2025010,Cognizant Classic in The Palm Beaches,2025,47567,Ben Polland,0.092,-1.085,0.724,-0.602,-0.27,2026-01-20
R2025010,Cognizant Classic in The Palm Beaches,2025,47679,Victor Perez,0.526,1.268,0.307,-0.722,2.101,2026-01-20
R2025010,Cognizant Classic in The Palm Beaches,2025,47993,Denny McCarthy,-0.506,0.753,-0.39,0.272,-0.144,2026-01-20
R2025010,Cognizant Classic in The Palm Beaches,2025,47995,Davis Riley,-0.473,0.299,0.201,0.102,0.027,2026-01-20
R2025010,Cognizant Classic in The Palm Beaches,2025,48153,Matthieu Pavon,-0.065,1.197,-0.98,0.227,0.152,2026-01-20
R2025010,Cognizant Classic in The Palm Beaches,2025,48867,Matti Schmid,0.142,0.606,-0.926,1.556,-0.177,2026-01-20
R2025010,Cognizant Classic in The Palm Beaches,2025,49947,Taylor Moore,0.634,-0.492,-0.137,0.373,0.006,2026-01-20
R2025010,Cognizant Classic in The Palm Beaches,2025,49960,Sepp Straka,0.633,1.279,0.316,-0.599,2.228,2026-01-20
R2025010,Cognizant Classic in The Palm Beaches,2025,51696,Rico Hoey,0.998,1.574,0.283,-1.727,2.856,2026-01-20
R2025010,Cognizant Classic in The Palm Beaches,2025,51890,Greyson Sigg,0.412,0.786,-0.669,-1.651,0.53,2026-01-20
R2025010,Cognizant Classic in The Palm Beaches,2025,51894,Vince Whaley,-0.169,0.163,-0.294,1.178,-0.299,2026-01-20
R2025010,Cognizant Classic in The Palm Beaches,2025,51950,Max McGreevy,0.403,1.105,0.203,0.668,1.711,2026-01-20
R2025010,Cognizant Classic in The Palm Beaches,2025,51977,Max Greyserman,-0.252,0.866,0.484,0.531,1.098,2026-01-20
R2025010,Cognizant Classic in The Palm Beaches,2025,52375,Doug Ghim,0.692,2.102,-0.104,-1.062,2.691,2026-01-20
R2025010,Cognizant Classic in The Palm Beaches,2025,52453,Nicolai Højgaard,-0.148,0.823,-0.182,0.886,0.493,2026-01-20
R2025010,Cognizant Classic in The Palm Beaches,2025,52666,Sami Valimaki,-0.662,-0.034,0.305,0.52,-0.391,2026-01-20
R2025010,Cognizant Classic in The Palm Beaches,2025,54304,Karl Vilips,-0.308,0.945,0.704,-0.711,1.34,2026-01-20
R2025010,Cognizant Classic in The Palm Beaches,2025,54576,Patrick Fishburn,0.799,0.525,-0.414,-0.781,0.91,2026-01-20
R2025010,Cognizant Classic in The Palm Beaches,2025,54591,Ben Griffin,0.02,0.798,0.255,1.306,1.073,2026-01-20
R2025010,Cognizant Classic in The Palm Beaches,2025,55789,Taylor Montgomery,-0.852,-0.309,-0.364,2.654,-1.525,2026-01-20
R2025010,Cognizant Classic in The Palm Beaches,2025,56781,Isaiah Salinda,0.486,0.91,0.065,-0.832,1.461,2026-01-20
R2025010,Cognizant Classic in The Palm Beaches,2025,57364,Michael Thorbjornsen,0.162,0.989,0.259,-0.782,1.411,2026-01-20
R2025010,Cognizant Classic in The Palm Beaches,2025,57586,Jesper Svensson,-0.364,-0.294,-0.294,1.83,-0.952,2026-01-20
R2025010,Cognizant Classic in The Palm Beaches,2025,58605,Quade Cummins,0.393,0.43,0.349,-0.294,1.173,2026-01-20
R2025010,Cognizant Classic in The Palm Beaches,2025,59018,Ryan Gerard,0.466,0.103,0.579,-0.019,1.148,2026-01-20
R2025010,Cognizant Classic in The Palm Beaches,2025,59141,Matt McCarty,-0.429,0.358,-0.328,0.528,-0.399,2026-01-20
R2025010,Cognizant Classic in The Palm Beaches,2025,59440,Ricky Castillo,0.944,0.596,-0.038,-1.623,1.502,2026-01-20
R2025010,Cognizant Classic in The Palm Beaches,2025,60004,Jacob Bridgeman,0.254,0.526,0.091,1.758,0.871,2026-01-20
R2025010,Cognizant Classic in The Palm Beaches,2025,60019,Jackson Suber,-0.762,0.904,-0.113,0.35,0.029,2026-01-20
R2025010,Cognizant Classic in The Palm Beaches,2025,60067,Joe Highsmith,0.724,0.682,0.233,1.489,1.64,2026-01-20
R2025010,Cognizant Classic in The Palm Beaches,2025,64693,Matthew Riedel,-0.189,0.065,-0.995,-0.253,-1.119,2026-01-20
R2025010,Cognizant Classic in The Palm Beaches,2025,66743,Luke Clanton,0.312,0.348,0.156,0.562,0.817,2026-01-20
R2025540,Mexico Open at VidantaWorld,2025,22371,Aaron Baddeley,-1.432,0.309,1.103,0.789,-0.021,2026-01-20
R2025540,Mexico Open at VidantaWorld,2025,24925,Jonathan Byrd,-1.258,0.143,0.782,0.602,-0.334,2026-01-20
R2025540,Mexico Open at VidantaWorld,2025,25198,Francesco Molinari,-1.195,1.146,0.331,-0.014,0.282,2026-01-20
R2025540,Mexico Open at VidantaWorld,2025,25818,Scott Piercy,-0.013,-0.201,-0.095,0.327,-0.309,2026-01-20
R2025540,Mexico Open at VidantaWorld,2025,29908,C.T. Pan,-0.418,0.73,0.129,-1.423,0.441,2026-01-20
R2025540,Mexico Open at VidantaWorld,2025,30163,Henrik Norlander,-0.515,2.545,-0.427,0.166,1.603,2026-01-20
R2025540,Mexico Open at VidantaWorld,2025,31646,Emiliano Grillo,0.087,-0.883,-0.267,0.331,-1.063,2026-01-20
R2025540,Mexico Open at VidantaWorld,2025,32070,Rafael Campos,-0.069,-0.396,-0.034,1.267,-0.499,2026-01-20
R2025540,Mexico Open at VidantaWorld,2025,33199,Matteo Manassero,-1.359,-0.138,-0.062,0.578,-1.56,2026-01-20
R2025540,Mexico Open at VidantaWorld,2025,33413,Ben Martin,-0.278,0.636,0.786,-0.626,1.144,2026-01-20
R2025540,Mexico Open at VidantaWorld,2025,33597,Harry Higgs,0.261,-0.416,-1.166,-0.41,-1.322,2026-01-20
R2025540,Mexico Open at VidantaWorld,2025,33968,Thorbjørn Olesen,0.065,-0.045,0.446,-0.198,0.466,2026-01-20
R2025540,Mexico Open at VidantaWorld,2025,34076,Joel Dahmen,0.537,1.213,-0.146,1.165,1.604,2026-01-20
R2025540,Mexico Open at VidantaWorld,2025,34256,Andrew Putnam,-1.25,0.068,0.777,0.672,-0.404,2026-01-20
R2025540,Mexico Open at VidantaWorld,2025,34466,Peter Malnati,-0.371,0.499,0.333,-1.443,0.461,2026-01-20
R2025540,Mexico Open at VidantaWorld,2025,34587,Chan Kim,0.451,-0.458,-0.528,2.053,-0.535,2026-01-20
R2025540,Mexico Open at VidantaWorld,2025,35310,Lanto Griffin,-0.014,1.011,0.382,-0.11,1.379,2026-01-20
R2025540,Mexico Open at VidantaWorld,2025,35658,Kris Ventura,0.562,0.709,-0.343,0.34,0.929,2026-01-20
R2025540,Mexico Open at VidantaWorld,2025,35706,Niklas Norgaard,0.249,-0.077,-0.051,0.647,0.121,2026-01-20
R2025540,Mexico Open at VidantaWorld,2025,36326,David Lipsky,-0.329,0.881,-0.581,-2.203,-0.029,2026-01-20
R2025540,Mexico Open at VidantaWorld,2025,36699,Patrick Rodgers,1.08,1.172,-0.122,-0.861,2.129,2026-01-20
R2025540,Mexico Open at VidantaWorld,2025,36799,Stephan Jaeger,0.451,0.253,0.267,1.798,0.97,2026-01-20
R2025540,Mexico Open at VidantaWorld,2025,36884,Ben Kohles,0.278,-0.319,0.281,1.028,0.24,2026-01-20
R2025540,Mexico Open at VidantaWorld,2025,37275,Sam Ryder,-0.317,-0.316,-0.383,0.785,-1.017,2026-01-20
R2025540,Mexico Open at VidantaWorld,2025,38991,Alejandro Tosti,1.017,0.92,1.017,-0.936,2.954,2026-01-20
R2025540,Mexico Open at VidantaWorld,2025,39335,Kevin Roy,1.179,0.213,-0.241,0.367,1.151,2026-01-20
R2025540,Mexico Open at VidantaWorld,2025,39975,Michael Kim,0.049,0.392,1.126,0.202,1.567,2026-01-20
R2025540,Mexico Open at VidantaWorld,2025,40006,Erik van Rooyen,0.027,0.539,-0.298,-0.5,0.268,2026-01-20
R2025540,Mexico Open at VidantaWorld,2025,40115,Adam Svensson,0.245,-0.708,0.284,-0.053,-0.179,2026-01-20
R2025540,Mexico Open at VidantaWorld,2025,45242,Kevin Yu,0.4,1.226,-0.585,-0.523,1.041,2026-01-20
R2025540,Mexico Open at VidantaWorld,2025,45523,Thriston Lawrence,0.169,-0.512,0.452,-0.341,0.109,2026-01-20
R2025540,Mexico Open at VidantaWorld,2025,46340,Alex Smalley,1.457,-0.109,0.46,0.21,1.808,2026-01-20
R2025540,Mexico Open at VidantaWorld,2025,46414,Aaron Rai,0.777,2.255,-0.515,0.501,2.517,2026-01-20
R2025540,Mexico Open at VidantaWorld,2025,46443,Brian Campbell,0.233,1.463,1.365,0.458,3.06,2026-01-20
R2025540,Mexico Open at VidantaWorld,2025,46646,Antoine Rozner,0.313,1.028,-0.695,-0.627,0.645,2026-01-20
R2025540,Mexico Open at VidantaWorld,2025,47420,Jake Knapp,0.073,1.186,-0.392,0.401,0.867,2026-01-20
R2025540,Mexico Open at VidantaWorld,2025,47679,Victor Perez,0.86,-1.146,-0.575,-0.62,-0.862,2026-01-20
R2025540,Mexico Open at VidantaWorld,2025,47917,Takumi Kanaya,0.147,-0.049,-0.239,1.159,-0.141,2026-01-20
R2025540,Mexico Open at VidantaWorld,2025,47983,Chad Ramey,-0.034,0.927,-0.181,0.056,0.712,2026-01-20
R2025540,Mexico Open at VidantaWorld,2025,49590,Frankie Capan III,-1.868,-0.455,0.176,2.164,-2.146,2026-01-20
R2025540,Mexico Open at VidantaWorld,2025,49947,Taylor Moore,0.634,-0.825,0.692,0.268,0.5,2026-01-20
R2025540,Mexico Open at VidantaWorld,2025,50484,Hayden Springer,-0.206,0.243,0.295,0.186,0.332,2026-01-20
R2025540,Mexico Open at VidantaWorld,2025,50582,Jeremy Paul,0.133,0.383,0.58,0.172,1.097,2026-01-20
R2025540,Mexico Open at VidantaWorld,2025,51070,Vincent Norrman,-0.116,-0.079,0.032,-1.819,-0.163,2026-01-20
R2025540,Mexico Open at VidantaWorld,2025,51287,Ryo Hisatsune,0.169,1.458,-0.071,0.462,1.556,2026-01-20
R2025540,Mexico Open at VidantaWorld,2025,51890,Greyson Sigg,0.063,0.795,1.319,-0.659,2.177,2026-01-20
R2025540,Mexico Open at VidantaWorld,2025,51950,Max McGreevy,0.317,-0.508,-0.064,1.524,-0.256,2026-01-20
R2025540,Mexico Open at VidantaWorld,2025,52370,Mason Andersen,-1.24,-0.558,0.358,0.708,-1.44,2026-01-20
R2025540,Mexico Open at VidantaWorld,2025,52453,Nicolai Højgaard,0.522,1.138,0.954,-0.095,2.613,2026-01-20
R2025540,Mexico Open at VidantaWorld,2025,52666,Sami Valimaki,-0.006,1.016,-0.959,0.718,0.05,2026-01-20
R2025540,Mexico Open at VidantaWorld,2025,52686,Rasmus Højgaard,-0.106,-0.699,-0.022,1.595,-0.827,2026-01-20
R2025540,Mexico Open at VidantaWorld,2025,54304,Karl Vilips,-0.822,0.148,-0.988,0.18,-1.662,2026-01-20
R2025540,Mexico Open at VidantaWorld,2025,54591,Ben Griffin,0.132,1.466,0.632,0.788,2.23,2026-01-20
R2025540,Mexico Open at VidantaWorld,2025,54607,Danny Walker,0.971,0.171,0.787,-0.161,1.929,2026-01-20
R2025540,Mexico Open at VidantaWorld,2025,55165,Noah Goodwin,0.02,0.199,0.461,-0.411,0.679,2026-01-20
R2025540,Mexico Open at VidantaWorld,2025,55789,Taylor Montgomery,0.151,-0.727,0.603,0.49,0.028,2026-01-20
R2025540,Mexico Open at VidantaWorld,2025,55930,Fred Biondi,0.04,-2.021,-0.333,1.832,-2.314,2026-01-20
R2025540,Mexico Open at VidantaWorld,2025,56630,Akshay Bhatia,0.097,0.244,1.095,0.833,1.436,2026-01-20
R2025540,Mexico Open at VidantaWorld,2025,56781,Isaiah Salinda,0.629,1.078,0.292,1.269,1.999,2026-01-20
R2025540,Mexico Open at VidantaWorld,2025,57123,Steven Fisk,1.172,-0.28,0.447,0.179,1.339,2026-01-20
R2025540,Mexico Open at VidantaWorld,2025,57586,Jesper Svensson,1.333,0.288,-1.179,-0.174,0.442,2026-01-20
R2025540,Mexico Open at VidantaWorld,2025,57900,Chandler Phillips,-0.297,0.421,0.206,0.438,0.33,2026-01-20
R2025540,Mexico Open at VidantaWorld,2025,57975,Harry Hall,0.023,-0.422,0.878,0.289,0.479,2026-01-20
R2025540,Mexico Open at VidantaWorld,2025,58605,Quade Cummins,0.57,-0.306,-0.814,1.568,-0.55,2026-01-20
R2025540,Mexico Open at VidantaWorld,2025,59018,Ryan Gerard,0.682,0.387,-0.282,0.731,0.788,2026-01-20
R2025540,Mexico Open at VidantaWorld,2025,59141,Matt McCarty,-0.207,-1.815,-0.395,1.935,-2.417,2026-01-20
R2025540,Mexico Open at VidantaWorld,2025,59160,John Pak,0.304,0.762,-0.084,0.535,0.983,2026-01-20
R2025540,Mexico Open at VidantaWorld,2025,59440,Ricky Castillo,-0.59,0.519,-0.092,0.182,-0.164,2026-01-20
R2025540,Mexico Open at VidantaWorld,2025,60004,Jacob Bridgeman,-0.618,0.881,0.649,-0.144,0.912,2026-01-20
R2025540,Mexico Open at VidantaWorld,2025,60067,Joe Highsmith,0.542,0.955,-0.539,0.56,0.958,2026-01-20
R2025540,Mexico Open at VidantaWorld,2025,60165,Jose Luis Ballester Barrio,0.288,0.347,0.198,0.685,0.833,2026-01-20
R2025540,Mexico Open at VidantaWorld,2025,60882,Thomas Rosenmueller,0.054,0.893,-0.513,-1.415,0.434,2026-01-20
R2025540,Mexico Open at VidantaWorld,2025,61520,Santiago de la Fuente,0.481,-0.059,-0.555,-0.598,-0.134,2026-01-20
R2025540,Mexico Open at VidantaWorld,2025,63343,Aldrich Potgieter,1.223,0.148,-0.147,2.294,1.225,2026-01-20
R2025540,Mexico Open at VidantaWorld,2025,65469,Riley Lewis,-0.555,-1.738,-0.065,0.126,-2.358,2026-01-20
R2025540,Mexico Open at VidantaWorld,2025,66248,Justin Hastings,0.085,0.876,0.197,0.61,1.158,2026-01-20
R2025540,Mexico Open at VidantaWorld,2025,66417,Blades Brown,-0.008,0.824,-0.157,0.109,0.66,2026-01-20
R2025007,The Genesis Invitational,2025,24502,Adam Scott,0.252,0.829,-0.22,-1.034,0.862,2026-01-20
R2025007,The Genesis Invitational,2025,25493,Nick Taylor,-0.004,1.447,-0.185,0.32,1.258,2026-01-20
R2025007,The Genesis Invitational,2025,25900,Lucas Glover,0.0,-1.051,0.63,0.75,-0.422,2026-01-20
R2025007,The Genesis Invitational,2025,27644,Brian Harman,-0.631,0.427,-0.044,1.076,-0.248,2026-01-20
R2025007,The Genesis Invitational,2025,28089,Jason Day,-0.889,-0.469,0.146,-0.21,-1.212,2026-01-20
R2025007,The Genesis Invitational,2025,28237,Rory McIlroy,1.149,0.194,0.451,-0.966,1.794,2026-01-20
R2025007,The Genesis Invitational,2025,28252,Seamus Power,0.44,0.342,-0.007,-0.197,0.775,2026-01-20
R2025007,The Genesis Invitational,2025,29725,Tony Finau,-0.016,0.774,1.429,-0.11,2.188,2026-01-20
R2025007,The Genesis Invitational,2025,30911,Tommy Fleetwood,0.147,1.285,-0.007,0.653,1.424,2026-01-20
R2025007,The Genesis Invitational,2025,32102,Rickie Fowler,0.467,-0.664,-0.525,0.3,-0.722,2026-01-20
R2025007,The Genesis Invitational,2025,32839,Hideki Matsuyama,-0.044,-0.301,0.242,1.181,-0.104,2026-01-20
R2025007,The Genesis Invitational,2025,33141,Keegan Bradley,0.477,1.011,-0.11,-1.301,1.379,2026-01-20
R2025007,The Genesis Invitational,2025,33204,Shane Lowry,0.015,-0.432,0.701,-0.707,0.284,2026-01-20
R2025007,The Genesis Invitational,2025,33448,Justin Thomas,-0.205,2.009,-0.182,-0.045,1.623,2026-01-20
R2025007,The Genesis Invitational,2025,33653,Thomas Detry,0.095,-1.898,-0.113,-0.256,-1.917,2026-01-20
R2025007,The Genesis Invitational,2025,34098,Russell Henley,-0.807,-0.048,0.358,0.074,-0.497,2026-01-20
R2025007,The Genesis Invitational,2025,34099,Harris English,-0.204,0.28,-0.577,1.078,-0.501,2026-01-20
R2025007,The Genesis Invitational,2025,35450,Patrick Cantlay,0.359,0.881,-0.687,1.525,0.553,2026-01-20
R2025007,The Genesis Invitational,2025,35506,Mackenzie Hughes,-1.363,-0.445,0.339,-0.453,-1.47,2026-01-20
R2025007,The Genesis Invitational,2025,35532,Tom Hoge,-0.857,0.161,-1.107,-1.119,-1.803,2026-01-20
R2025007,The Genesis Invitational,2025,36699,Patrick Rodgers,0.911,-0.625,0.645,1.396,0.931,2026-01-20
R2025007,The Genesis Invitational,2025,36799,Stephan Jaeger,0.192,0.717,0.133,-1.714,1.042,2026-01-20
R2025007,The Genesis Invitational,2025,37378,Min Woo Lee,0.154,-1.357,-0.087,0.368,-1.29,2026-01-20
R2025007,The Genesis Invitational,2025,37455,Si Woo Kim,-0.512,0.73,0.849,-0.489,1.067,2026-01-20
R2025007,The Genesis Invitational,2025,39324,J.J. Spaun,-0.735,1.19,-0.058,-0.319,0.397,2026-01-20
R2025007,The Genesis Invitational,2025,39975,Michael Kim,0.198,0.535,0.056,0.289,0.789,2026-01-20
R2025007,The Genesis Invitational,2025,39997,Corey Conners,0.231,-0.677,0.245,0.778,-0.201,2026-01-20
R2025007,The Genesis Invitational,2025,40026,Daniel Berger,0.053,0.6,0.139,0.535,0.792,2026-01-20
R2025007,The Genesis Invitational,2025,40098,Matt Fitzpatrick,0.394,-0.072,-1.483,-0.01,-1.162,2026-01-20
R2025007,The Genesis Invitational,2025,40250,Taylor Pendrith,1.051,-0.495,-0.698,-1.28,-0.142,2026-01-20
R2025007,The Genesis Invitational,2025,45242,Kevin Yu,0.378,0.261,0.78,-0.592,1.419,2026-01-20
R2025007,The Genesis Invitational,2025,45522,Christiaan Bezuidenhout,-0.11,-1.559,0.454,0.792,-1.215,2026-01-20
R2025007,The Genesis Invitational,2025,46046,Scottie Scheffler,0.108,0.584,1.189,0.447,1.881,2026-01-20
R2025007,The Genesis Invitational,2025,46414,Aaron Rai,-0.103,0.262,-0.331,-0.001,-0.172,2026-01-20
R2025007,The Genesis Invitational,2025,46442,Maverick McNealy,-0.086,1.638,-0.818,2.094,0.734,2026-01-20
R2025007,The Genesis Invitational,2025,47420,Jake Knapp,0.591,0.671,0.166,-0.6,1.428,2026-01-20
R2025007,The Genesis Invitational,2025,47483,Will Zalatoris,-0.098,0.312,1.053,-0.689,1.267,2026-01-20
R2025007,The Genesis Invitational,2025,47504,Sam Burns,0.565,-0.494,0.145,0.362,0.216,2026-01-20
R2025007,The Genesis Invitational,2025,47993,Denny McCarthy,-0.233,0.863,0.697,0.75,1.327,2026-01-20
R2025007,The Genesis Invitational,2025,48153,Matthieu Pavon,0.121,-0.521,0.602,-0.874,0.202,2026-01-20
R2025007,The Genesis Invitational,2025,49771,J.T. Poston,-0.231,0.514,-0.078,-0.627,0.205,2026-01-20
R2025007,The Genesis Invitational,2025,50525,Collin Morikawa,-0.094,0.285,-0.042,0.679,0.148,2026-01-20
R2025007,The Genesis Invitational,2025,51349,Nico Echavarria,-0.066,0.345,-0.378,0.177,-0.1,2026-01-20
R2025007,The Genesis Invitational,2025,51634,Sahith Theegala,-0.455,-0.537,0.768,1.051,-0.224,2026-01-20
R2025007,The Genesis Invitational,2025,51766,Wyndham Clark,-0.229,-0.387,-0.233,1.178,-0.85,2026-01-20
R2025007,The Genesis Invitational,2025,51977,Max Greyserman,0.41,-0.957,-0.641,1.765,-1.188,2026-01-20
R2025007,The Genesis Invitational,2025,51997,Andrew Novak,0.01,0.144,0.038,0.886,0.191,2026-01-20
R2025007,The Genesis Invitational,2025,52955,Ludvig Åberg,0.689,1.383,0.429,0.577,2.5,2026-01-20
R2025007,The Genesis Invitational,2025,54591,Ben Griffin,0.09,0.174,-0.176,-0.76,0.088,2026-01-20
R2025007,The Genesis Invitational,2025,55182,Tom Kim,0.112,0.62,-0.471,-0.932,0.26,2026-01-20
R2025007,The Genesis Invitational,2025,55893,Sam Stevens,-0.08,0.196,-0.192,0.404,-0.076,2026-01-20
R2025007,The Genesis Invitational,2025,56630,Akshay Bhatia,0.257,1.075,-0.207,0.453,1.125,2026-01-20
R2025007,The Genesis Invitational,2025,58168,Davis Thompson,0.388,0.238,0.459,-0.007,1.085,2026-01-20
R2025007,The Genesis Invitational,2025,59866,Nick Dunlap,-0.622,0.422,-0.028,1.056,-0.229,2026-01-20
R2025003,WM Phoenix Open,2025,23320,Ryan Palmer,-0.176,-1.732,-0.564,-1.114,-2.472,2026-01-20
R2025003,WM Phoenix Open,2025,25493,Nick Taylor,0.073,0.461,-0.069,0.7,0.464,2026-01-20
R2025003,WM Phoenix Open,2025,27129,Luke List,0.349,-0.251,-0.287,0.852,-0.189,2026-01-20
R2025003,WM Phoenix Open,2025,27139,David Skinns,-0.828,0.888,-0.16,0.264,-0.1,2026-01-20
R2025003,WM Phoenix Open,2025,27214,Kevin Streelman,-0.365,-0.362,-0.352,-0.257,-1.08,2026-01-20
R2025003,WM Phoenix Open,2025,27644,Brian Harman,1.04,-0.359,0.53,-0.047,1.21,2026-01-20
R2025003,WM Phoenix Open,2025,27649,Brandt Snedeker,-0.108,-0.534,-0.773,0.829,-1.415,2026-01-20
R2025003,WM Phoenix Open,2025,27770,Camilo Villegas,-0.407,0.659,0.386,-0.225,0.639,2026-01-20
R2025003,WM Phoenix Open,2025,28252,Seamus Power,-0.483,1.121,0.836,-0.81,1.474,2026-01-20
R2025003,WM Phoenix Open,2025,29535,Brice Garnett,0.024,-0.907,0.277,-0.231,-0.606,2026-01-20
R2025003,WM Phoenix Open,2025,29908,C.T. Pan,0.483,-0.053,0.381,-0.897,0.811,2026-01-20
R2025003,WM Phoenix Open,2025,29936,Ryan Fox,-0.488,-0.122,0.426,-0.152,-0.185,2026-01-20
R2025003,WM Phoenix Open,2025,31323,Gary Woodland,0.592,0.974,-0.208,0.056,1.358,2026-01-20
R2025003,WM Phoenix Open,2025,31646,Emiliano Grillo,-0.232,-1.073,0.097,-0.878,-1.208,2026-01-20
R2025003,WM Phoenix Open,2025,32791,K.H. Lee,-0.314,-0.59,0.692,-0.625,-0.212,2026-01-20
R2025003,WM Phoenix Open,2025,32839,Hideki Matsuyama,-0.343,0.829,1.173,-0.495,1.659,2026-01-20
R2025003,WM Phoenix Open,2025,33399,Adam Hadwin,1.02,0.514,0.552,0.328,2.085,2026-01-20
R2025003,WM Phoenix Open,2025,33448,Justin Thomas,0.872,1.26,-0.029,0.56,2.103,2026-01-20
R2025003,WM Phoenix Open,2025,33653,Thomas Detry,0.857,1.763,0.185,2.108,2.805,2026-01-20
R2025003,WM Phoenix Open,2025,33948,Byeong Hun An,0.69,-0.429,-1.005,-0.843,-0.744,2026-01-20
R2025003,WM Phoenix Open,2025,34021,Bud Cauley,0.184,0.241,0.278,0.71,0.704,2026-01-20
R2025003,WM Phoenix Open,2025,34046,Jordan Spieth,0.223,1.747,-0.008,0.952,1.961,2026-01-20
R2025003,WM Phoenix Open,2025,34256,Andrew Putnam,-1.039,1.346,-0.246,1.102,0.062,2026-01-20
R2025003,WM Phoenix Open,2025,34466,Peter Malnati,-0.561,-2.321,2.735,0.311,-0.147,2026-01-20
R2025003,WM Phoenix Open,2025,35461,Beau Hossler,-0.71,-0.086,0.052,1.658,-0.744,2026-01-20
R2025003,WM Phoenix Open,2025,35506,Mackenzie Hughes,0.009,0.294,0.437,-0.077,0.74,2026-01-20
R2025003,WM Phoenix Open,2025,35658,Kris Ventura,0.054,0.246,-0.108,-0.029,0.193,2026-01-20
R2025003,WM Phoenix Open,2025,37275,Sam Ryder,-0.802,0.891,0.218,0.356,0.308,2026-01-20
R2025003,WM Phoenix Open,2025,37378,Min Woo Lee,1.108,-0.289,1.673,-0.328,2.492,2026-01-20
R2025003,WM Phoenix Open,2025,37455,Si Woo Kim,0.825,1.303,-0.645,-0.068,1.482,2026-01-20
R2025003,WM Phoenix Open,2025,39327,Ben Silverman,-0.247,0.725,0.61,0.575,1.089,2026-01-20
R2025003,WM Phoenix Open,2025,39546,Keith Mitchell,0.993,0.364,0.221,-0.414,1.578,2026-01-20
R2025003,WM Phoenix Open,2025,39971,Sungjae Im,0.03,-1.098,0.656,0.326,-0.412,2026-01-20
R2025003,WM Phoenix Open,2025,39975,Michael Kim,0.736,1.219,0.87,0.339,2.825,2026-01-20
R2025003,WM Phoenix Open,2025,39997,Corey Conners,-0.255,0.123,-1.023,-0.681,-1.155,2026-01-20
R2025003,WM Phoenix Open,2025,40026,Daniel Berger,1.125,0.848,0.915,0.275,2.888,2026-01-20
R2025003,WM Phoenix Open,2025,40115,Adam Svensson,0.167,0.586,0.381,-0.47,1.134,2026-01-20
R2025003,WM Phoenix Open,2025,45242,Kevin Yu,1.227,0.633,-0.546,0.349,1.314,2026-01-20
R2025003,WM Phoenix Open,2025,45522,Christiaan Bezuidenhout,-0.265,0.609,0.772,1.798,1.116,2026-01-20
R2025003,WM Phoenix Open,2025,46046,Scottie Scheffler,0.541,0.594,-0.492,0.521,0.642,2026-01-20
R2025003,WM Phoenix Open,2025,46340,Alex Smalley,0.056,0.11,-0.046,1.294,0.12,2026-01-20
R2025003,WM Phoenix Open,2025,46442,Maverick McNealy,0.18,0.451,-0.146,1.929,0.485,2026-01-20
R2025003,WM Phoenix Open,2025,46601,Trey Mullinax,0.61,-0.301,-0.01,0.614,0.3,2026-01-20
R2025003,WM Phoenix Open,2025,47347,Adam Schenk,0.877,0.299,0.788,-0.8,1.964,2026-01-20
R2025003,WM Phoenix Open,2025,47420,Jake Knapp,-1.144,1.012,-0.176,0.722,-0.309,2026-01-20
R2025003,WM Phoenix Open,2025,47504,Sam Burns,-0.087,0.97,-0.318,-0.401,0.565,2026-01-20
R2025003,WM Phoenix Open,2025,47993,Denny McCarthy,-0.043,0.947,-0.065,0.824,0.84,2026-01-20
R2025003,WM Phoenix Open,2025,48117,Kurt Kitayama,0.291,0.6,0.049,-0.776,0.94,2026-01-20
R2025003,WM Phoenix Open,2025,48153,Matthieu Pavon,0.13,-1.155,-0.347,1.036,-1.372,2026-01-20
R2025003,WM Phoenix Open,2025,48887,Matt Wallace,-0.738,0.817,0.802,-0.467,0.881,2026-01-20
R2025003,WM Phoenix Open,2025,49771,J.T. Poston,0.226,0.66,0.979,-0.201,1.865,2026-01-20
R2025003,WM Phoenix Open,2025,49947,Taylor Moore,1.255,-0.165,0.444,0.879,1.534,2026-01-20
R2025003,WM Phoenix Open,2025,49960,Sepp Straka,0.284,1.418,-0.597,0.808,1.106,2026-01-20
R2025003,WM Phoenix Open,2025,51070,Vincent Norrman,0.279,0.987,-0.705,-1.898,0.562,2026-01-20
R2025003,WM Phoenix Open,2025,51634,Sahith Theegala,0.321,0.493,-0.632,-0.269,0.183,2026-01-20
R2025003,WM Phoenix Open,2025,51766,Wyndham Clark,-0.492,0.631,1.09,0.435,1.229,2026-01-20
R2025003,WM Phoenix Open,2025,51890,Greyson Sigg,0.76,0.196,0.296,-0.338,1.252,2026-01-20
R2025003,WM Phoenix Open,2025,51977,Max Greyserman,-0.549,0.973,0.283,-0.543,0.707,2026-01-20
R2025003,WM Phoenix Open,2025,52215,Robert MacIntyre,1.147,0.461,-0.017,1.073,1.591,2026-01-20
R2025003,WM Phoenix Open,2025,52375,Doug Ghim,0.023,0.647,-0.163,-0.344,0.508,2026-01-20
R2025003,WM Phoenix Open,2025,52453,Nicolai Højgaard,-0.561,1.22,-0.862,0.867,-0.203,2026-01-20
R2025003,WM Phoenix Open,2025,52513,Carson Young,-0.455,-0.952,-0.169,1.491,-1.577,2026-01-20
R2025003,WM Phoenix Open,2025,52686,Rasmus Højgaard,1.308,0.558,-0.384,0.682,1.482,2026-01-20
R2025003,WM Phoenix Open,2025,54591,Ben Griffin,0.448,0.555,-0.242,-0.097,0.761,2026-01-20
R2025003,WM Phoenix Open,2025,54628,Lee Hodges,0.184,0.112,-0.211,-0.171,0.085,2026-01-20
R2025003,WM Phoenix Open,2025,55182,Tom Kim,0.193,0.25,-0.552,0.523,-0.109,2026-01-20
R2025003,WM Phoenix Open,2025,55789,Taylor Montgomery,-0.325,-1.304,0.1,0.443,-1.529,2026-01-20
R2025003,WM Phoenix Open,2025,55893,Sam Stevens,0.424,-1.086,0.132,0.944,-0.531,2026-01-20
R2025003,WM Phoenix Open,2025,56630,Akshay Bhatia,0.245,0.451,-0.16,0.377,0.537,2026-01-20
R2025003,WM Phoenix Open,2025,56762,Will Gordon,0.684,-0.67,-0.458,-0.642,-0.444,2026-01-20
R2025003,WM Phoenix Open,2025,57364,Michael Thorbjornsen,-0.35,-0.16,-1.526,0.199,-2.036,2026-01-20
R2025003,WM Phoenix Open,2025,57366,Cameron Young,0.82,-0.472,-0.034,1.849,0.314,2026-01-20
R2025003,WM Phoenix Open,2025,57586,Jesper Svensson,0.537,0.92,-0.189,-1.605,1.269,2026-01-20
R2025003,WM Phoenix Open,2025,57900,Chandler Phillips,0.303,-0.371,0.692,-0.46,0.624,2026-01-20
R2025003,WM Phoenix Open,2025,58168,Davis Thompson,0.854,-0.193,0.949,-0.947,1.611,2026-01-20
R2025003,WM Phoenix Open,2025,58933,Will Chandler,-1.025,0.395,1.066,2.229,0.435,2026-01-20
R2025003,WM Phoenix Open,2025,59866,Nick Dunlap,-1.266,0.44,0.655,0.085,-0.171,2026-01-20
R2025005,AT&T Pebble Beach Pro-Am,2025,22405,Justin Rose,0.24,0.757,0.778,0.629,1.774,2026-01-20
R2025005,AT&T Pebble Beach Pro-Am,2025,24502,Adam Scott,0.553,0.392,0.037,-0.236,0.983,2026-01-20
R2025005,AT&T Pebble Beach Pro-Am,2025,25493,Nick Taylor,-0.389,1.132,-0.57,-0.02,0.173,2026-01-20
R2025005,AT&T Pebble Beach Pro-Am,2025,25900,Lucas Glover,-0.041,1.499,-0.181,1.126,1.277,2026-01-20
R2025005,AT&T Pebble Beach Pro-Am,2025,27064,Jhonattan Vegas,0.842,-0.441,0.239,-0.737,0.64,2026-01-20
R2025005,AT&T Pebble Beach Pro-Am,2025,27644,Brian Harman,0.024,0.315,-0.22,-0.373,0.119,2026-01-20
R2025005,AT&T Pebble Beach Pro-Am,2025,28089,Jason Day,0.213,0.433,0.002,0.599,0.648,2026-01-20
R2025005,AT&T Pebble Beach Pro-Am,2025,28237,Rory McIlroy,1.49,0.854,0.087,1.066,2.431,2026-01-20
R2025005,AT&T Pebble Beach Pro-Am,2025,28252,Seamus Power,0.184,0.377,0.492,-0.4,1.053,2026-01-20
R2025005,AT&T Pebble Beach Pro-Am,2025,29420,Billy Horschel,-0.171,1.277,-0.136,1.027,0.969,2026-01-20
R2025005,AT&T Pebble Beach Pro-Am,2025,29725,Tony Finau,-0.195,-0.423,0.426,1.095,-0.193,2026-01-20
R2025005,AT&T Pebble Beach Pro-Am,2025,30911,Tommy Fleetwood,0.434,1.102,-0.304,-0.487,1.233,2026-01-20
R2025005,AT&T Pebble Beach Pro-Am,2025,30926,Chris Kirk,0.472,-0.252,0.098,-1.071,0.318,2026-01-20
R2025005,AT&T Pebble Beach Pro-Am,2025,30927,Brendon Todd,-2.374,-3.633,0.327,1.426,-5.68,2026-01-20
R2025005,AT&T Pebble Beach Pro-Am,2025,31323,Gary Woodland,0.099,0.65,-0.043,0.041,0.705,2026-01-20
R2025005,AT&T Pebble Beach Pro-Am,2025,32102,Rickie Fowler,-0.059,0.106,-0.561,-0.083,-0.514,2026-01-20
R2025005,AT&T Pebble Beach Pro-Am,2025,32839,Hideki Matsuyama,-0.384,-0.569,1.013,-0.064,0.061,2026-01-20
R2025005,AT&T Pebble Beach Pro-Am,2025,33141,Keegan Bradley,0.674,-1.275,-0.587,-0.066,-1.188,2026-01-20
R2025005,AT&T Pebble Beach Pro-Am,2025,33204,Shane Lowry,0.631,0.442,0.13,1.449,1.204,2026-01-20
R2025005,AT&T Pebble Beach Pro-Am,2025,33399,Adam Hadwin,-0.829,-0.519,0.022,0.072,-1.326,2026-01-20
R2025005,AT&T Pebble Beach Pro-Am,2025,33448,Justin Thomas,-0.485,-0.027,1.09,-0.581,0.578,2026-01-20
R2025005,AT&T Pebble Beach Pro-Am,2025,33653,Thomas Detry,0.14,-0.946,-0.203,0.662,-1.009,2026-01-20
R2025005,AT&T Pebble Beach Pro-Am,2025,33948,Byeong Hun An,0.133,-0.33,0.551,0.392,0.355,2026-01-20
R2025005,AT&T Pebble Beach Pro-Am,2025,34046,Jordan Spieth,-0.277,-0.37,-0.171,-0.936,-0.818,2026-01-20
R2025005,AT&T Pebble Beach Pro-Am,2025,34098,Russell Henley,-0.08,1.126,-0.43,1.88,0.617,2026-01-20
R2025005,AT&T Pebble Beach Pro-Am,2025,34099,Harris English,-1.186,-1.654,0.2,0.043,-2.64,2026-01-20
R2025005,AT&T Pebble Beach Pro-Am,2025,35450,Patrick Cantlay,-0.375,1.104,0.487,-1.063,1.216,2026-01-20
R2025005,AT&T Pebble Beach Pro-Am,2025,35461,Beau Hossler,-1.398,-0.356,0.017,-0.36,-1.738,2026-01-20
R2025005,AT&T Pebble Beach Pro-Am,2025,35506,Mackenzie Hughes,0.142,-0.725,0.307,0.179,-0.276,2026-01-20
R2025005,AT&T Pebble Beach Pro-Am,2025,35532,Tom Hoge,0.119,0.919,0.103,-0.487,1.14,2026-01-20
R2025005,AT&T Pebble Beach Pro-Am,2025,36699,Patrick Rodgers,0.591,-0.444,0.292,0.308,0.438,2026-01-20
R2025005,AT&T Pebble Beach Pro-Am,2025,36799,Stephan Jaeger,0.189,-0.243,-0.139,0.096,-0.194,2026-01-20
R2025005,AT&T Pebble Beach Pro-Am,2025,36801,Mark Hubbard,-0.521,-0.514,-0.7,-0.519,-1.735,2026-01-20
R2025005,AT&T Pebble Beach Pro-Am,2025,37378,Min Woo Lee,-0.174,0.904,0.219,0.049,0.948,2026-01-20
R2025005,AT&T Pebble Beach Pro-Am,2025,37455,Si Woo Kim,0.422,0.127,-0.032,0.636,0.517,2026-01-20
R2025005,AT&T Pebble Beach Pro-Am,2025,39324,J.J. Spaun,0.277,0.496,-0.411,0.134,0.362,2026-01-20
R2025005,AT&T Pebble Beach Pro-Am,2025,39546,Keith Mitchell,0.47,0.103,-0.039,-0.037,0.533,2026-01-20
R2025005,AT&T Pebble Beach Pro-Am,2025,39971,Sungjae Im,0.14,-1.133,0.251,0.896,-0.743,2026-01-20
R2025005,AT&T Pebble Beach Pro-Am,2025,39977,Max Homa,-0.196,-1.637,0.755,0.482,-1.079,2026-01-20
R2025005,AT&T Pebble Beach Pro-Am,2025,39997,Corey Conners,0.501,-0.946,-0.12,-1.032,-0.565,2026-01-20
R2025005,AT&T Pebble Beach Pro-Am,2025,40006,Erik van Rooyen,-0.581,0.241,-0.748,0.991,-1.088,2026-01-20
R2025005,AT&T Pebble Beach Pro-Am,2025,40098,Matt Fitzpatrick,0.183,-0.251,0.187,-0.123,0.119,2026-01-20
R2025005,AT&T Pebble Beach Pro-Am,2025,40162,Justin Lower,-0.86,0.349,-0.587,0.001,-1.098,2026-01-20
R2025005,AT&T Pebble Beach Pro-Am,2025,40250,Taylor Pendrith,1.119,0.811,-0.243,-0.034,1.687,2026-01-20
R2025005,AT&T Pebble Beach Pro-Am,2025,45157,Cam Davis,0.047,0.737,1.755,-0.385,2.538,2026-01-20
R2025005,AT&T Pebble Beach Pro-Am,2025,45242,Kevin Yu,-0.543,0.649,-0.684,-0.77,-0.578,2026-01-20
R2025005,AT&T Pebble Beach Pro-Am,2025,45522,Christiaan Bezuidenhout,-0.333,-0.569,0.378,0.427,-0.525,2026-01-20
R2025005,AT&T Pebble Beach Pro-Am,2025,46046,Scottie Scheffler,0.21,1.711,-0.421,0.497,1.499,2026-01-20
R2025005,AT&T Pebble Beach Pro-Am,2025,46414,Aaron Rai,0.167,-0.012,-0.78,0.528,-0.625,2026-01-20
R2025005,AT&T Pebble Beach Pro-Am,2025,46442,Maverick McNealy,0.369,1.248,-0.198,-1.172,1.418,2026-01-20
R2025005,AT&T Pebble Beach Pro-Am,2025,46717,Viktor Hovland,0.404,0.596,-0.28,-0.318,0.721,2026-01-20
R2025005,AT&T Pebble Beach Pro-Am,2025,47420,Jake Knapp,0.066,0.356,0.314,-0.583,0.736,2026-01-20
R2025005,AT&T Pebble Beach Pro-Am,2025,47483,Will Zalatoris,-0.222,0.388,-0.561,0.392,-0.396,2026-01-20
R2025005,AT&T Pebble Beach Pro-Am,2025,47504,Sam Burns,0.716,-0.444,0.204,-0.073,0.476,2026-01-20
R2025005,AT&T Pebble Beach Pro-Am,2025,47591,Eric Cole,-0.185,0.886,0.056,-0.354,0.757,2026-01-20
R2025005,AT&T Pebble Beach Pro-Am,2025,47993,Denny McCarthy,0.567,-0.737,0.332,-0.665,0.161,2026-01-20
R2025005,AT&T Pebble Beach Pro-Am,2025,48153,Matthieu Pavon,0.089,-1.488,-0.905,0.051,-2.305,2026-01-20
R2025005,AT&T Pebble Beach Pro-Am,2025,49771,J.T. Poston,0.561,0.445,-0.393,-1.211,0.614,2026-01-20
R2025005,AT&T Pebble Beach Pro-Am,2025,49947,Taylor Moore,0.109,0.071,0.305,-0.082,0.485,2026-01-20
R2025005,AT&T Pebble Beach Pro-Am,2025,49960,Sepp Straka,0.466,1.109,0.917,-0.246,2.492,2026-01-20
R2025005,AT&T Pebble Beach Pro-Am,2025,50525,Collin Morikawa,0.345,0.981,-0.083,-0.247,1.243,2026-01-20
R2025005,AT&T Pebble Beach Pro-Am,2025,51349,Nico Echavarria,-0.551,-1.154,-2.15,0.852,-3.856,2026-01-20
R2025005,AT&T Pebble Beach Pro-Am,2025,51634,Sahith Theegala,-0.867,-0.588,-0.374,1.232,-1.829,2026-01-20
R2025005,AT&T Pebble Beach Pro-Am,2025,51766,Wyndham Clark,0.129,-1.344,-0.259,-1.123,-1.474,2026-01-20
R2025005,AT&T Pebble Beach Pro-Am,2025,51997,Andrew Novak,-0.422,0.031,0.357,0.937,-0.034,2026-01-20
R2025005,AT&T Pebble Beach Pro-Am,2025,52215,Robert MacIntyre,0.514,-0.101,0.234,-0.745,0.648,2026-01-20
R2025005,AT&T Pebble Beach Pro-Am,2025,52375,Doug Ghim,0.45,1.276,-0.524,-2.706,1.202,2026-01-20
R2025005,AT&T Pebble Beach Pro-Am,2025,52686,Rasmus Højgaard,-0.214,0.811,0.625,-0.476,1.223,2026-01-20
R2025005,AT&T Pebble Beach Pro-Am,2025,54591,Ben Griffin,-0.213,-1.338,0.414,-0.617,-1.137,2026-01-20
R2025005,AT&T Pebble Beach Pro-Am,2025,54628,Lee Hodges,-1.089,0.175,0.416,0.65,-0.498,2026-01-20
R2025005,AT&T Pebble Beach Pro-Am,2025,55182,Tom Kim,0.539,0.161,0.542,1.005,1.242,2026-01-20
R2025005,AT&T Pebble Beach Pro-Am,2025,55893,Sam Stevens,1.009,-0.009,-0.438,0.09,0.563,2026-01-20
R2025005,AT&T Pebble Beach Pro-Am,2025,56630,Akshay Bhatia,-0.338,0.186,-0.321,0.876,-0.473,2026-01-20
R2025005,AT&T Pebble Beach Pro-Am,2025,57362,Austin Eckroat,0.671,0.261,-0.537,0.852,0.394,2026-01-20
R2025005,AT&T Pebble Beach Pro-Am,2025,57366,Cameron Young,0.803,-1.056,-0.079,-1.671,-0.333,2026-01-20
R2025005,AT&T Pebble Beach Pro-Am,2025,57975,Harry Hall,-0.404,-0.482,0.058,-0.02,-0.827,2026-01-20
R2025005,AT&T Pebble Beach Pro-Am,2025,58168,Davis Thompson,0.415,-1.497,0.641,-0.063,-0.441,2026-01-20
R2025005,AT&T Pebble Beach Pro-Am,2025,59866,Nick Dunlap,-1.62,1.124,-0.011,0.003,-0.507,2026-01-20
R2025004,Farmers Insurance Open,2025,12716,Charley Hoffman,0.847,0.318,0.913,-0.68,2.078,2026-01-20
R2025004,Farmers Insurance Open,2025,22371,Aaron Baddeley,-0.62,-1.088,1.761,0.012,0.053,2026-01-20
R2025004,Farmers Insurance Open,2025,24024,Zach Johnson,-0.503,-1.391,0.426,0.199,-1.468,2026-01-20
R2025004,Farmers Insurance Open,2025,27064,Jhonattan Vegas,-0.249,1.144,-0.673,-0.184,0.222,2026-01-20
R2025004,Farmers Insurance Open,2025,27129,Luke List,0.713,-2.201,-0.206,0.759,-1.694,2026-01-20
R2025004,Farmers Insurance Open,2025,27214,Kevin Streelman,-0.406,1.269,1.096,0.439,1.959,2026-01-20
R2025004,Farmers Insurance Open,2025,27649,Brandt Snedeker,-0.109,0.351,-0.376,1.866,-0.134,2026-01-20
R2025004,Farmers Insurance Open,2025,28089,Jason Day,0.258,1.06,0.178,-1.791,1.496,2026-01-20
R2025004,Farmers Insurance Open,2025,32139,Danny Willett,0.507,0.018,-0.032,1.572,0.493,2026-01-20
R2025004,Farmers Insurance Open,2025,32333,Kevin Tway,-0.527,-0.588,-0.917,1.763,-2.032,2026-01-20
R2025004,Farmers Insurance Open,2025,32791,K.H. Lee,1.055,0.256,-0.056,1.784,1.255,2026-01-20
R2025004,Farmers Insurance Open,2025,32839,Hideki Matsuyama,-0.412,2.166,0.074,-0.122,1.827,2026-01-20
R2025004,Farmers Insurance Open,2025,33141,Keegan Bradley,0.601,0.643,0.461,-0.307,1.705,2026-01-20
R2025004,Farmers Insurance Open,2025,33199,Matteo Manassero,-0.4,0.441,1.029,0.302,1.07,2026-01-20
R2025004,Farmers Insurance Open,2025,33597,Harry Higgs,-0.134,0.507,-0.052,-0.257,0.321,2026-01-20
R2025004,Farmers Insurance Open,2025,33653,Thomas Detry,0.564,0.088,0.151,0.234,0.804,2026-01-20
R2025004,Farmers Insurance Open,2025,34076,Joel Dahmen,0.283,1.06,-0.567,0.956,0.776,2026-01-20
R2025004,Farmers Insurance Open,2025,34099,Harris English,-0.251,1.323,0.313,2.013,1.385,2026-01-20
R2025004,Farmers Insurance Open,2025,34256,Andrew Putnam,-1.146,1.27,0.503,-0.563,0.628,2026-01-20
R2025004,Farmers Insurance Open,2025,34587,Chan Kim,-0.143,1.907,-0.206,0.147,1.558,2026-01-20
R2025004,Farmers Insurance Open,2025,35310,Lanto Griffin,0.382,1.165,-0.519,-0.296,1.028,2026-01-20
R2025004,Farmers Insurance Open,2025,35461,Beau Hossler,0.416,0.472,0.143,0.701,1.03,2026-01-20
R2025004,Farmers Insurance Open,2025,35658,Kris Ventura,-0.348,0.562,1.126,1.058,1.34,2026-01-20
R2025004,Farmers Insurance Open,2025,36699,Patrick Rodgers,0.054,0.818,0.256,-2.423,1.128,2026-01-20
R2025004,Farmers Insurance Open,2025,36801,Mark Hubbard,-0.476,0.144,-1.227,-0.402,-1.56,2026-01-20
R2025004,Farmers Insurance Open,2025,37275,Sam Ryder,-0.908,1.125,0.591,0.897,0.808,2026-01-20
R2025004,Farmers Insurance Open,2025,39324,J.J. Spaun,0.717,0.494,0.127,0.034,1.338,2026-01-20
R2025004,Farmers Insurance Open,2025,39859,Cristobal Del Solar,-0.202,-0.904,-0.902,2.047,-2.009,2026-01-20
R2025004,Farmers Insurance Open,2025,39971,Sungjae Im,0.483,0.475,1.119,0.295,2.077,2026-01-20
R2025004,Farmers Insurance Open,2025,40058,Zac Blair,-0.262,-0.636,0.48,0.15,-0.419,2026-01-20
R2025004,Farmers Insurance Open,2025,40250,Taylor Pendrith,0.993,0.581,1.277,-0.786,2.851,2026-01-20
R2025004,Farmers Insurance Open,2025,46442,Maverick McNealy,-0.965,0.787,0.377,-0.468,0.199,2026-01-20
R2025004,Farmers Insurance Open,2025,46646,Antoine Rozner,0.002,0.617,-1.55,-0.004,-0.931,2026-01-20
R2025004,Farmers Insurance Open,2025,47347,Adam Schenk,0.425,-0.4,-1.134,2.173,-1.109,2026-01-20
R2025004,Farmers Insurance Open,2025,47420,Jake Knapp,-0.467,0.038,0.112,1.715,-0.317,2026-01-20
R2025004,Farmers Insurance Open,2025,47591,Eric Cole,-0.983,-1.157,0.709,-0.171,-1.431,2026-01-20
R2025004,Farmers Insurance Open,2025,47983,Chad Ramey,0.033,0.341,-0.814,0.504,-0.44,2026-01-20
R2025004,Farmers Insurance Open,2025,48084,Wesley Bryan,-1.094,1.001,-0.288,1.112,-0.381,2026-01-20
R2025004,Farmers Insurance Open,2025,48867,Matti Schmid,0.471,0.413,-0.355,0.51,0.528,2026-01-20
R2025004,Farmers Insurance Open,2025,49590,Frankie Capan III,-0.286,-0.274,-1.007,0.271,-1.566,2026-01-20
R2025004,Farmers Insurance Open,2025,49947,Taylor Moore,0.361,-0.555,1.334,-2.435,1.14,2026-01-20
R2025004,Farmers Insurance Open,2025,50484,Hayden Springer,0.194,0.639,0.146,0.085,0.98,2026-01-20
R2025004,Farmers Insurance Open,2025,51070,Vincent Norrman,1.561,-1.044,-0.027,-0.091,0.489,2026-01-20
R2025004,Farmers Insurance Open,2025,51634,Sahith Theegala,-0.16,0.258,-0.44,0.407,-0.342,2026-01-20
R2025004,Farmers Insurance Open,2025,51890,Greyson Sigg,-0.428,0.5,0.708,0.951,0.781,2026-01-20
R2025004,Farmers Insurance Open,2025,51894,Vince Whaley,0.247,-0.052,0.122,0.055,0.317,2026-01-20
R2025004,Farmers Insurance Open,2025,51977,Max Greyserman,0.726,-0.17,-0.433,0.275,0.123,2026-01-20
R2025004,Farmers Insurance Open,2025,51997,Andrew Novak,0.362,1.257,0.457,1.322,2.076,2026-01-20
R2025004,Farmers Insurance Open,2025,52666,Sami Valimaki,0.348,-0.57,-0.642,1.929,-0.864,2026-01-20
R2025004,Farmers Insurance Open,2025,52955,Ludvig Åberg,0.197,0.254,-0.38,-2.006,0.071,2026-01-20
R2025004,Farmers Insurance Open,2025,54328,Norman Xiong,0.486,-0.351,0.555,0.349,0.689,2026-01-20
R2025004,Farmers Insurance Open,2025,54421,Garrick Higgo,0.73,-1.219,0.919,-0.032,0.43,2026-01-20
R2025004,Farmers Insurance Open,2025,54607,Danny Walker,0.152,-0.376,0.666,0.263,0.442,2026-01-20
R2025004,Farmers Insurance Open,2025,54628,Lee Hodges,0.547,0.416,0.171,1.904,1.134,2026-01-20
R2025004,Farmers Insurance Open,2025,55165,Noah Goodwin,-0.09,-2.048,0.008,0.195,-2.13,2026-01-20
R2025004,Farmers Insurance Open,2025,55893,Sam Stevens,1.154,1.332,0.907,0.312,3.393,2026-01-20
R2025004,Farmers Insurance Open,2025,56762,Will Gordon,0.388,0.572,0.789,0.316,1.749,2026-01-20
R2025004,Farmers Insurance Open,2025,56781,Isaiah Salinda,1.19,-0.224,0.067,-1.302,1.033,2026-01-20
R2025004,Farmers Insurance Open,2025,57123,Steven Fisk,0.186,0.315,0.349,-2.119,0.85,2026-01-20
R2025004,Farmers Insurance Open,2025,57900,Chandler Phillips,-0.745,-0.362,-1.525,-0.303,-2.632,2026-01-20
R2025004,Farmers Insurance Open,2025,59018,Ryan Gerard,0.598,0.168,0.357,0.275,1.123,2026-01-20
R2025004,Farmers Insurance Open,2025,59095,Chris Gotterup,0.287,0.468,-0.151,-0.565,0.603,2026-01-20
R2025004,Farmers Insurance Open,2025,59143,Mac Meissner,-0.423,0.87,0.39,-0.132,0.837,2026-01-20
R2025004,Farmers Insurance Open,2025,59160,John Pak,-0.801,0.266,-0.141,-0.926,-0.676,2026-01-20
R2025004,Farmers Insurance Open,2025,59440,Ricky Castillo,0.078,0.581,-0.372,0.444,0.287,2026-01-20
R2025004,Farmers Insurance Open,2025,60019,Jackson Suber,0.284,0.632,0.087,-0.605,1.003,2026-01-20
R2025004,Farmers Insurance Open,2025,63121,William Mouw,0.265,-1.181,-0.299,-0.414,-1.214,2026-01-20
R2025004,Farmers Insurance Open,2025,63343,Aldrich Potgieter,1.8,-1.107,-0.926,0.631,-0.233,2026-01-20
R2025004,Farmers Insurance Open,2025,66701,Jackson Koivun,0.265,-0.337,0.053,0.391,-0.02,2026-01-20
R2025004,Farmers Insurance Open,2025,66743,Luke Clanton,0.599,-0.067,-0.176,1.376,0.356,2026-01-20
R2025002,The American Express,2025,12716,Charley Hoffman,1.086,0.399,0.34,-1.005,1.825,2026-01-20
R2025002,The American Express,2025,23108,Matt Kuchar,-0.088,0.072,0.336,-0.423,0.32,2026-01-20
R2025002,The American Express,2025,23320,Ryan Palmer,-0.069,-1.648,-0.362,1.899,-2.079,2026-01-20
R2025002,The American Express,2025,25493,Nick Taylor,-0.226,2.018,0.909,2.697,2.7,2026-01-20
R2025002,The American Express,2025,26476,Chez Reavie,-0.851,-0.331,-0.204,-0.717,-1.387,2026-01-20
R2025002,The American Express,2025,27649,Brandt Snedeker,-0.506,-1.315,1.81,1.331,-0.011,2026-01-20
R2025002,The American Express,2025,27770,Camilo Villegas,0.277,1.659,1.677,-0.293,3.613,2026-01-20
R2025002,The American Express,2025,28089,Jason Day,0.705,1.799,1.043,-0.727,3.547,2026-01-20
R2025002,The American Express,2025,29420,Billy Horschel,0.172,0.699,0.093,0.356,0.964,2026-01-20
R2025002,The American Express,2025,29535,Brice Garnett,0.779,0.15,1.784,-0.027,2.712,2026-01-20
R2025002,The American Express,2025,30926,Chris Kirk,0.189,0.478,0.129,-0.476,0.796,2026-01-20
R2025002,The American Express,2025,32102,Rickie Fowler,0.087,-0.066,0.191,-0.392,0.212,2026-01-20
R2025002,The American Express,2025,33199,Matteo Manassero,-1.135,0.542,0.846,-0.433,0.253,2026-01-20
R2025002,The American Express,2025,33448,Justin Thomas,0.678,0.845,0.857,1.439,2.381,2026-01-20
R2025002,The American Express,2025,33597,Harry Higgs,0.445,0.051,0.737,-0.547,1.232,2026-01-20
R2025002,The American Express,2025,34099,Harris English,1.465,0.04,0.344,0.048,1.849,2026-01-20
R2025002,The American Express,2025,35310,Lanto Griffin,0.265,0.628,-0.479,-0.017,0.414,2026-01-20
R2025002,The American Express,2025,35450,Patrick Cantlay,1.168,-0.697,0.778,1.571,1.249,2026-01-20
R2025002,The American Express,2025,35461,Beau Hossler,1.165,-1.955,1.598,0.378,0.808,2026-01-20
R2025002,The American Express,2025,35506,Mackenzie Hughes,0.086,0.27,-0.901,-0.058,-0.545,2026-01-20
R2025002,The American Express,2025,35532,Tom Hoge,0.06,1.284,0.113,1.229,1.457,2026-01-20
R2025002,The American Express,2025,35658,Kris Ventura,-0.575,1.577,-0.36,-0.745,0.642,2026-01-20
R2025002,The American Express,2025,36699,Patrick Rodgers,-0.318,0.426,-0.844,-1.367,-0.737,2026-01-20
R2025002,The American Express,2025,36801,Mark Hubbard,-0.816,2.524,-0.162,1.14,1.545,2026-01-20
R2025002,The American Express,2025,36884,Ben Kohles,0.966,-0.759,-0.184,1.797,0.023,2026-01-20
R2025002,The American Express,2025,37275,Sam Ryder,-0.873,0.328,0.016,-0.151,-0.529,2026-01-20
R2025002,The American Express,2025,37455,Si Woo Kim,0.739,-2.187,1.052,1.715,-0.396,2026-01-20
R2025002,The American Express,2025,38991,Alejandro Tosti,0.936,-1.306,-1.431,0.987,-1.802,2026-01-20
R2025002,The American Express,2025,39324,J.J. Spaun,0.545,0.266,-0.566,-1.424,0.244,2026-01-20
R2025002,The American Express,2025,39335,Kevin Roy,0.398,-0.08,0.178,0.9,0.497,2026-01-20
R2025002,The American Express,2025,39546,Keith Mitchell,1.129,0.126,0.383,-0.318,1.638,2026-01-20
R2025002,The American Express,2025,39975,Michael Kim,0.663,0.276,-1.059,-0.193,-0.122,2026-01-20
R2025002,The American Express,2025,40026,Daniel Berger,-0.508,0.567,0.331,0.796,0.39,2026-01-20
R2025002,The American Express,2025,40162,Justin Lower,-0.364,0.158,0.374,2.152,0.168,2026-01-20
R2025002,The American Express,2025,45157,Cam Davis,-2.509,1.405,0.229,3.272,-0.875,2026-01-20
R2025002,The American Express,2025,46340,Alex Smalley,0.645,1.625,1.516,1.111,3.786,2026-01-20
R2025002,The American Express,2025,46443,Brian Campbell,-0.927,-0.194,0.681,1.626,-0.441,2026-01-20
R2025002,The American Express,2025,46601,Trey Mullinax,0.377,1.103,1.54,1.377,3.02,2026-01-20
R2025002,The American Express,2025,47056,Rikuya Hoshino,0.812,-0.662,0.414,-0.743,0.563,2026-01-20
R2025002,The American Express,2025,47483,Will Zalatoris,0.683,0.441,0.759,-0.564,1.884,2026-01-20
R2025002,The American Express,2025,47504,Sam Burns,-1.743,-0.01,0.382,2.191,-1.371,2026-01-20
R2025002,The American Express,2025,47591,Eric Cole,0.679,-0.672,-0.268,-0.919,-0.261,2026-01-20
R2025002,The American Express,2025,47679,Victor Perez,0.182,0.732,0.308,0.964,1.221,2026-01-20
R2025002,The American Express,2025,48117,Kurt Kitayama,0.325,-1.208,0.134,0.568,-0.749,2026-01-20
R2025002,The American Express,2025,49590,Frankie Capan III,-0.267,1.325,1.178,-0.05,2.236,2026-01-20
R2025002,The American Express,2025,49771,J.T. Poston,-0.88,1.186,0.272,-1.892,0.577,2026-01-20
R2025002,The American Express,2025,49947,Taylor Moore,0.205,1.32,1.202,0.459,2.726,2026-01-20
R2025002,The American Express,2025,49960,Sepp Straka,0.673,1.21,0.411,1.892,2.294,2026-01-20
R2025002,The American Express,2025,50582,Jeremy Paul,0.736,1.45,-0.774,-1.592,1.412,2026-01-20
R2025002,The American Express,2025,51070,Vincent Norrman,0.854,2.601,-0.249,-0.809,3.206,2026-01-20
R2025002,The American Express,2025,51287,Ryo Hisatsune,-0.255,1.352,0.086,0.003,1.182,2026-01-20
R2025002,The American Express,2025,51696,Rico Hoey,-0.466,0.354,-0.538,-3.53,-0.65,2026-01-20
R2025002,The American Express,2025,51894,Vince Whaley,0.318,0.568,0.265,-0.832,1.152,2026-01-20
R2025002,The American Express,2025,51977,Max Greyserman,-0.907,3.446,0.613,0.668,3.152,2026-01-20
R2025002,The American Express,2025,52375,Doug Ghim,-0.131,0.953,0.479,-0.981,1.301,2026-01-20
R2025002,The American Express,2025,52513,Carson Young,0.851,1.964,-0.303,0.885,2.512,2026-01-20
R2025002,The American Express,2025,54591,Ben Griffin,0.382,1.16,0.814,0.33,2.355,2026-01-20
R2025002,The American Express,2025,54628,Lee Hodges,-0.475,0.847,0.445,0.369,0.816,2026-01-20
R2025002,The American Express,2025,55789,Taylor Montgomery,-0.263,-1.139,0.475,0.324,-0.927,2026-01-20
R2025002,The American Express,2025,55893,Sam Stevens,-1.171,0.191,-0.22,0.597,-1.2,2026-01-20
R2025002,The American Express,2025,56762,Will Gordon,-0.313,0.017,0.561,-0.08,0.265,2026-01-20
R2025002,The American Express,2025,57975,Harry Hall,-1.221,0.847,0.316,2.244,-0.059,2026-01-20
R2025002,The American Express,2025,58168,Davis Thompson,0.568,-0.198,0.649,0.3,1.02,2026-01-20
R2025002,The American Express,2025,58605,Quade Cummins,0.305,-0.687,-0.382,0.584,-0.764,2026-01-20
R2025002,The American Express,2025,59018,Ryan Gerard,-0.413,0.159,-0.435,0.375,-0.69,2026-01-20
R2025002,The American Express,2025,59143,Mac Meissner,-0.885,-0.074,0.232,0.414,-0.729,2026-01-20
R2025002,The American Express,2025,59440,Ricky Castillo,0.825,-0.235,-0.57,-0.623,0.02,2026-01-20
R2025002,The American Express,2025,59866,Nick Dunlap,-1.269,0.544,0.265,1.78,-0.46,2026-01-20
R2025002,The American Express,2025,60004,Jacob Bridgeman,0.57,-0.09,-0.682,2.599,-0.203,2026-01-20
R2025002,The American Express,2025,60067,Joe Highsmith,-0.135,-1.605,0.336,-2.699,-1.404,2026-01-20
R2025002,The American Express,2025,64693,Matthew Riedel,0.091,2.404,-1.004,0.195,1.491,2026-01-20
R2025006,Sony Open in Hawaii,2025,12716,Charley Hoffman,0.95,1.068,-0.396,-1.696,1.622,2026-01-20
R2025006,Sony Open in Hawaii,2025,22371,Aaron Baddeley,-1.864,0.795,-0.031,-0.975,-1.1,2026-01-20
R2025006,Sony Open in Hawaii,2025,23108,Matt Kuchar,0.293,0.457,0.036,0.39,0.786,2026-01-20
R2025006,Sony Open in Hawaii,2025,24024,Zach Johnson,-0.165,1.005,0.244,0.092,1.084,2026-01-20
R2025006,Sony Open in Hawaii,2025,25493,Nick Taylor,0.218,1.465,0.373,0.619,2.057,2026-01-20
R2025006,Sony Open in Hawaii,2025,25900,Lucas Glover,0.467,0.847,-0.309,0.171,1.004,2026-01-20
R2025006,Sony Open in Hawaii,2025,27129,Luke List,0.185,-0.191,-0.051,-1.268,-0.057,2026-01-20
R2025006,Sony Open in Hawaii,2025,27214,Kevin Streelman,0.087,0.062,-0.139,0.166,0.01,2026-01-20
R2025006,Sony Open in Hawaii,2025,27644,Brian Harman,0.352,0.181,0.557,0.085,1.09,2026-01-20
R2025006,Sony Open in Hawaii,2025,27649,Brandt Snedeker,0.078,-0.605,-0.458,1.16,-0.985,2026-01-20
R2025006,Sony Open in Hawaii,2025,28775,Nate Lashley,0.292,0.25,0.139,-0.005,0.681,2026-01-20
R2025006,Sony Open in Hawaii,2025,29221,Webb Simpson,-0.349,0.245,1.304,0.225,1.2,2026-01-20
R2025006,Sony Open in Hawaii,2025,29535,Brice Garnett,0.118,0.281,-0.226,0.753,0.172,2026-01-20
R2025006,Sony Open in Hawaii,2025,29908,C.T. Pan,0.051,-0.236,0.469,0.892,0.284,2026-01-20
R2025006,Sony Open in Hawaii,2025,30163,Henrik Norlander,0.796,-0.608,-0.278,0.766,-0.09,2026-01-20
R2025006,Sony Open in Hawaii,2025,31323,Gary Woodland,1.074,0.17,0.196,-0.015,1.44,2026-01-20
R2025006,Sony Open in Hawaii,2025,32448,James Hahn,0.115,-0.887,0.006,1.441,-0.766,2026-01-20
R2025006,Sony Open in Hawaii,2025,32839,Hideki Matsuyama,0.144,0.294,0.148,0.839,0.586,2026-01-20
R2025006,Sony Open in Hawaii,2025,33141,Keegan Bradley,0.48,0.397,0.184,0.864,1.062,2026-01-20
R2025006,Sony Open in Hawaii,2025,33399,Adam Hadwin,-0.437,0.184,0.519,-0.34,0.265,2026-01-20
R2025006,Sony Open in Hawaii,2025,33413,Ben Martin,0.311,0.117,-0.744,0.241,-0.316,2026-01-20
R2025006,Sony Open in Hawaii,2025,33653,Thomas Detry,0.421,0.141,-0.402,0.015,0.16,2026-01-20
R2025006,Sony Open in Hawaii,2025,34021,Bud Cauley,0.845,-0.129,0.32,-0.112,1.037,2026-01-20
R2025006,Sony Open in Hawaii,2025,34098,Russell Henley,0.087,0.746,0.557,0.286,1.39,2026-01-20
R2025006,Sony Open in Hawaii,2025,34256,Andrew Putnam,-0.244,0.733,0.215,0.222,0.704,2026-01-20
R2025006,Sony Open in Hawaii,2025,34587,Chan Kim,-0.26,0.98,-0.372,-0.172,0.348,2026-01-20
R2025006,Sony Open in Hawaii,2025,35532,Tom Hoge,-0.956,0.924,0.202,0.256,0.169,2026-01-20
R2025006,Sony Open in Hawaii,2025,36326,David Lipsky,-0.437,0.957,-0.249,0.155,0.271,2026-01-20
R2025006,Sony Open in Hawaii,2025,36799,Stephan Jaeger,-0.878,1.163,0.564,1.577,0.848,2026-01-20
R2025006,Sony Open in Hawaii,2025,36801,Mark Hubbard,0.635,0.667,0.04,-0.167,1.342,2026-01-20
R2025006,Sony Open in Hawaii,2025,36824,Paul Peterson,0.1,1.052,0.136,0.388,1.288,2026-01-20
R2025006,Sony Open in Hawaii,2025,36884,Ben Kohles,0.042,0.777,-0.181,-0.462,0.637,2026-01-20
R2025006,Sony Open in Hawaii,2025,37275,Sam Ryder,-0.365,0.546,0.483,0.512,0.664,2026-01-20
R2025006,Sony Open in Hawaii,2025,39324,J.J. Spaun,0.298,2.025,-0.272,0.374,2.051,2026-01-20
R2025006,Sony Open in Hawaii,2025,39327,Ben Silverman,0.356,-1.722,0.176,0.616,-1.19,2026-01-20
R2025006,Sony Open in Hawaii,2025,39335,Kevin Roy,0.684,0.302,-0.317,-0.243,0.668,2026-01-20
R2025006,Sony Open in Hawaii,2025,39546,Keith Mitchell,0.971,-0.69,0.234,0.411,0.515,2026-01-20
R2025006,Sony Open in Hawaii,2025,39859,Cristobal Del Solar,-0.086,-0.074,-0.573,-0.091,-0.734,2026-01-20
R2025006,Sony Open in Hawaii,2025,40006,Erik van Rooyen,0.73,0.089,0.03,0.077,0.849,2026-01-20
R2025006,Sony Open in Hawaii,2025,40115,Adam Svensson,-0.426,0.511,0.635,0.205,0.72,2026-01-20
R2025006,Sony Open in Hawaii,2025,40162,Justin Lower,-0.112,0.844,-0.774,0.717,-0.042,2026-01-20
R2025006,Sony Open in Hawaii,2025,40250,Taylor Pendrith,0.935,-0.206,-0.103,-0.201,0.627,2026-01-20
R2025006,Sony Open in Hawaii,2025,46340,Alex Smalley,0.623,0.306,0.258,0.239,1.187,2026-01-20
R2025006,Sony Open in Hawaii,2025,46442,Maverick McNealy,0.331,-0.612,-0.179,0.885,-0.46,2026-01-20
R2025006,Sony Open in Hawaii,2025,47347,Adam Schenk,0.498,0.137,-0.07,1.361,0.564,2026-01-20
R2025006,Sony Open in Hawaii,2025,47591,Eric Cole,-0.183,1.443,-0.377,1.292,0.883,2026-01-20
R2025006,Sony Open in Hawaii,2025,47993,Denny McCarthy,-0.883,1.084,-0.142,1.366,0.059,2026-01-20
R2025006,Sony Open in Hawaii,2025,48117,Kurt Kitayama,0.78,-0.318,0.01,0.204,0.471,2026-01-20
R2025006,Sony Open in Hawaii,2025,49120,Kensei Hirata,0.39,0.493,-0.063,0.356,0.82,2026-01-20
R2025006,Sony Open in Hawaii,2025,49590,Frankie Capan III,-0.264,-0.789,0.688,0.791,-0.366,2026-01-20
R2025006,Sony Open in Hawaii,2025,49960,Sepp Straka,0.04,1.121,-0.51,0.275,0.651,2026-01-20
R2025006,Sony Open in Hawaii,2025,50582,Jeremy Paul,0.719,-0.53,0.064,0.172,0.253,2026-01-20
R2025006,Sony Open in Hawaii,2025,51070,Vincent Norrman,-0.47,-0.086,-0.384,1.616,-0.941,2026-01-20
R2025006,Sony Open in Hawaii,2025,51287,Ryo Hisatsune,-0.23,-0.202,0.853,-0.746,0.421,2026-01-20
R2025006,Sony Open in Hawaii,2025,51349,Nico Echavarria,0.347,0.552,0.813,0.962,1.713,2026-01-20
R2025006,Sony Open in Hawaii,2025,51634,Sahith Theegala,0.146,0.349,0.284,-0.104,0.78,2026-01-20
R2025006,Sony Open in Hawaii,2025,51690,Taylor Dickson,-0.423,-0.621,0.212,-0.493,-0.832,2026-01-20
R2025006,Sony Open in Hawaii,2025,51696,Rico Hoey,0.527,-0.107,-0.196,-0.298,0.224,2026-01-20
R2025006,Sony Open in Hawaii,2025,51890,Greyson Sigg,0.196,-0.398,-0.51,-0.113,-0.712,2026-01-20
R2025006,Sony Open in Hawaii,2025,51894,Vince Whaley,-0.221,-1.161,0.106,-0.048,-1.277,2026-01-20
R2025006,Sony Open in Hawaii,2025,52215,Robert MacIntyre,0.732,0.547,0.24,-1.344,1.52,2026-01-20
R2025006,Sony Open in Hawaii,2025,52375,Doug Ghim,-0.18,-0.453,0.811,-1.502,0.178,2026-01-20
R2025006,Sony Open in Hawaii,2025,54576,Patrick Fishburn,-0.018,-0.469,1.152,1.26,0.666,2026-01-20
R2025006,Sony Open in Hawaii,2025,54591,Ben Griffin,0.337,0.265,0.066,-0.243,0.669,2026-01-20
R2025006,Sony Open in Hawaii,2025,54628,Lee Hodges,0.684,-0.031,-0.487,1.509,0.166,2026-01-20
R2025006,Sony Open in Hawaii,2025,55182,Tom Kim,-0.948,1.292,-0.423,-0.246,-0.079,2026-01-20
R2025006,Sony Open in Hawaii,2025,55789,Taylor Montgomery,0.179,0.705,-0.763,-0.445,0.121,2026-01-20
R2025006,Sony Open in Hawaii,2025,55893,Sam Stevens,-0.063,1.31,-0.235,-1.087,1.012,2026-01-20
R2025006,Sony Open in Hawaii,2025,57586,Jesper Svensson,0.212,-1.02,0.925,1.559,0.116,2026-01-20
R2025006,Sony Open in Hawaii,2025,57975,Harry Hall,-0.042,-0.223,0.385,1.555,0.12,2026-01-20
R2025006,Sony Open in Hawaii,2025,59018,Ryan Gerard,-0.086,0.914,-0.683,0.531,0.145,2026-01-20
R2025006,Sony Open in Hawaii,2025,59141,Matt McCarty,-0.149,0.313,-0.154,-0.335,0.01,2026-01-20
R2025006,Sony Open in Hawaii,2025,59143,Mac Meissner,-0.105,1.513,-0.298,0.066,1.11,2026-01-20
R2025006,Sony Open in Hawaii,2025,59866,Nick Dunlap,-1.118,0.461,0.423,1.909,-0.234,2026-01-20
R2025006,Sony Open in Hawaii,2025,60019,Jackson Suber,-0.649,1.515,-0.095,1.155,0.771,2026-01-20
R2025006,Sony Open in Hawaii,2025,60882,Thomas Rosenmueller,0.188,0.097,0.072,-0.431,0.356,2026-01-20
R2025016,The Sentry,2025,24502,Adam Scott,-0.314,0.949,0.353,0.007,0.987,2026-01-20
R2025016,The Sentry,2025,25493,Nick Taylor,0.095,0.269,-0.571,-1.299,-0.207,2026-01-20
R2025016,The Sentry,2025,27064,Jhonattan Vegas,0.132,2.523,-0.445,-0.216,2.211,2026-01-20
R2025016,The Sentry,2025,27644,Brian Harman,-0.818,-0.401,-0.05,-2.237,-1.268,2026-01-20
R2025016,The Sentry,2025,28089,Jason Day,-0.397,0.351,0.07,-0.78,0.024,2026-01-20
R2025016,The Sentry,2025,29420,Billy Horschel,-0.122,-0.462,-0.004,-1.169,-0.587,2026-01-20
R2025016,The Sentry,2025,29535,Brice Garnett,-0.279,-0.323,0.031,-0.935,-0.571,2026-01-20
R2025016,The Sentry,2025,29725,Tony Finau,-0.108,0.043,-0.001,1.061,-0.067,2026-01-20
R2025016,The Sentry,2025,30926,Chris Kirk,0.327,-0.788,0.003,-0.548,-0.458,2026-01-20
R2025016,The Sentry,2025,32070,Rafael Campos,-1.842,-0.918,-0.296,-0.199,-3.057,2026-01-20
R2025016,The Sentry,2025,32757,Patton Kizzire,-0.166,-0.145,0.49,-0.935,0.179,2026-01-20
R2025016,The Sentry,2025,32839,Hideki Matsuyama,0.507,2.29,0.34,1.357,3.138,2026-01-20
R2025016,The Sentry,2025,33141,Keegan Bradley,0.236,0.594,0.097,0.067,0.927,2026-01-20
R2025016,The Sentry,2025,33399,Adam Hadwin,0.398,-0.637,-0.338,0.822,-0.578,2026-01-20
R2025016,The Sentry,2025,33448,Justin Thomas,-0.844,1.059,-0.044,0.323,0.171,2026-01-20
R2025016,The Sentry,2025,33653,Thomas Detry,1.173,-0.589,0.109,1.051,0.693,2026-01-20
R2025016,The Sentry,2025,33948,Byeong Hun An,0.731,-0.863,0.424,-0.547,0.291,2026-01-20
R2025016,The Sentry,2025,34098,Russell Henley,-0.267,0.461,-0.108,-0.091,0.086,2026-01-20
R2025016,The Sentry,2025,34466,Peter Malnati,-1.559,-1.62,0.448,0.475,-2.731,2026-01-20
R2025016,The Sentry,2025,35450,Patrick Cantlay,0.394,-0.59,0.683,0.508,0.487,2026-01-20
R2025016,The Sentry,2025,35532,Tom Hoge,-1.107,1.388,0.427,0.787,0.707,2026-01-20
R2025016,The Sentry,2025,36799,Stephan Jaeger,-0.453,0.09,0.237,-0.38,-0.126,2026-01-20
R2025016,The Sentry,2025,37455,Si Woo Kim,0.3,-0.144,-0.375,-0.037,-0.219,2026-01-20
R2025016,The Sentry,2025,39971,Sungjae Im,1.237,0.061,0.498,1.199,1.796,2026-01-20
R2025016,The Sentry,2025,39977,Max Homa,0.52,0.123,0.353,-0.502,0.996,2026-01-20
R2025016,The Sentry,2025,39997,Corey Conners,-0.08,0.363,-0.391,1.852,-0.108,2026-01-20
R2025016,The Sentry,2025,40098,Matt Fitzpatrick,0.75,-0.527,-0.151,0.673,0.072,2026-01-20
R2025016,The Sentry,2025,40250,Taylor Pendrith,0.529,0.721,0.16,-0.165,1.41,2026-01-20
R2025016,The Sentry,2025,45157,Cam Davis,0.011,0.61,0.13,0.493,0.752,2026-01-20
R2025016,The Sentry,2025,45242,Kevin Yu,1.428,-0.889,-0.118,-1.426,0.42,2026-01-20
R2025016,The Sentry,2025,45522,Christiaan Bezuidenhout,-1.644,-0.255,0.281,0.862,-1.618,2026-01-20
R2025016,The Sentry,2025,46414,Aaron Rai,0.518,0.288,0.207,-0.018,1.012,2026-01-20
R2025016,The Sentry,2025,46442,Maverick McNealy,0.925,1.177,-0.62,0.012,1.482,2026-01-20
R2025016,The Sentry,2025,46717,Viktor Hovland,0.227,-0.255,-0.317,-0.161,-0.345,2026-01-20
R2025016,The Sentry,2025,47420,Jake Knapp,-2.089,-0.326,-0.026,-0.315,-2.441,2026-01-20
R2025016,The Sentry,2025,47483,Will Zalatoris,0.206,-0.294,0.202,0.38,0.115,2026-01-20
R2025016,The Sentry,2025,47504,Sam Burns,0.955,-0.435,0.236,0.739,0.756,2026-01-20
R2025016,The Sentry,2025,47591,Eric Cole,-0.074,-1.112,0.0,-0.82,-1.186,2026-01-20
R2025016,The Sentry,2025,47993,Denny McCarthy,0.103,-0.225,0.119,-1.252,-0.004,2026-01-20
R2025016,The Sentry,2025,48081,Xander Schauffele,-0.078,0.975,-0.235,-0.668,0.662,2026-01-20
R2025016,The Sentry,2025,48153,Matthieu Pavon,0.052,-1.198,-0.504,0.145,-1.65,2026-01-20
R2025016,The Sentry,2025,49771,J.T. Poston,0.143,-0.558,0.27,-0.611,-0.144,2026-01-20
R2025016,The Sentry,2025,49960,Sepp Straka,0.306,0.909,-0.255,0.034,0.96,2026-01-20
R2025016,The Sentry,2025,50525,Collin Morikawa,0.764,1.464,0.404,1.112,2.632,2026-01-20
R2025016,The Sentry,2025,51349,Nico Echavarria,-0.604,-0.363,0.078,0.633,-0.889,2026-01-20
R2025016,The Sentry,2025,51634,Sahith Theegala,0.516,-0.593,-0.01,-0.418,-0.087,2026-01-20
R2025016,The Sentry,2025,51766,Wyndham Clark,0.921,-0.158,-0.025,0.256,0.739,2026-01-20
R2025016,The Sentry,2025,51977,Max Greyserman,0.562,-0.042,-0.022,0.246,0.498,2026-01-20
R2025016,The Sentry,2025,52215,Robert MacIntyre,0.237,1.081,0.083,-0.407,1.401,2026-01-20
R2025016,The Sentry,2025,52955,Ludvig Åberg,0.33,0.629,0.128,0.658,1.087,2026-01-20
R2025016,The Sentry,2025,56630,Akshay Bhatia,0.214,-0.035,-1.217,0.783,-1.039,2026-01-20
R2025016,The Sentry,2025,57362,Austin Eckroat,0.103,0.707,-0.967,1.152,-0.157,2026-01-20
R2025016,The Sentry,2025,57366,Cameron Young,0.339,-1.222,0.831,1.546,-0.052,2026-01-20
R2025016,The Sentry,2025,57975,Harry Hall,0.26,0.863,0.441,-0.07,1.564,2026-01-20
R2025016,The Sentry,2025,58168,Davis Thompson,0.513,-0.489,-0.06,-0.47,-0.036,2026-01-20
R2025016,The Sentry,2025,59095,Chris Gotterup,-0.688,0.151,-0.522,-0.196,-1.06,2026-01-20
R2025016,The Sentry,2025,59141,Matt McCarty,0.061,-1.396,-0.124,-0.797,-1.458,2026-01-20
R2025016,The Sentry,2025,59866,Nick Dunlap,-0.531,-0.642,-0.075,-1.258,-1.248,2026-01-20
