tournament_id,tournament_name,market_id,market_name,market_display_name,market_type,betting_provider,submarket_name,group_title,selection_type,group_count,bet_group_id,selection_index,option_id,entity_id,selection_label,player_ids,player_id,player_names,player_name,player_short_names,opponent_name,odds_value,odds_numeric,implied_prob,odd_direction,fetched_at,fair_prob,odds_to_win,odds_swing,odds_sort
R2026032,R2026032,2397,Outright Winner,To Win,ODDS_TO_WIN,fanduel,Win Only,Win Only,SINGLE,1,2397|0|0|42.584256453,0,42.584256453,34021,Bud Cauley,34021,34021,Bud Cauley,Bud Cauley,B. Cauley,,+350,350,0.2222222222222222,UP,2026-06-14T19:05:22Z,0.1857181582240515,+350,UP,2.0
R2026032,R2026032,2397,Outright Winner,To Win,ODDS_TO_WIN,fanduel,Win Only,Win Only,SINGLE,1,2397|0|0|42.584256453,0,42.584256453,51766,Wyndham Clark,51766,51766,Wyndham Clark,Wyndham Clark,W. Clark,,+10000,10000,0.009900990099009901,DOWN,2026-06-14T19:05:22Z,0.008274571406022096,+10000,DOWN,11.0
R2026032,R2026032,2397,Outright Winner,To Win,ODDS_TO_WIN,fanduel,Win Only,Win Only,SINGLE,1,2397|0|0|42.584256453,0,42.584256453,39977,Max Homa,39977,39977,Max Homa,Max Homa,M. Homa,,+100000,100000,0.000999000999000999,DOWN,2026-06-14T19:05:22Z,0.0008348968151930386,+100000,DOWN,16.0
R2026032,R2026032,2397,Outright Winner,To Win,ODDS_TO_WIN,fanduel,Win Only,Win Only,SINGLE,1,2397|0|0|42.584256453,0,42.584256453,25493,Nick Taylor,25493,25493,Nick Taylor,Nick Taylor,N. Taylor,,+100000,100000,0.000999000999000999,DOWN,2026-06-14T19:05:22Z,0.0008348968151930386,+100000,DOWN,17.0
R2026032,R2026032,2397,Outright Winner,To Win,ODDS_TO_WIN,fanduel,Win Only,Win Only,SINGLE,1,2397|0|0|42.584256453,0,42.584256453,36824,Paul Peterson,36824,36824,Paul Peterson,Paul Peterson,P. Peterson,,+100000,100000,0.000999000999000999,DOWN,2026-06-14T19:05:22Z,0.0008348968151930386,+100000,DOWN,18.0
R2026032,R2026032,2397,Outright Winner,To Win,ODDS_TO_WIN,fanduel,Win Only,Win Only,SINGLE,1,2397|0|0|42.584256453,0,42.584256453,29936,Ryan Fox,29936,29936,Ryan Fox,Ryan Fox,R. Fox,,+22500,22500,0.004424778761061947,DOWN,2026-06-14T19:05:22Z,0.0036979279292399633,+22500,DOWN,12.0
R2026032,R2026032,2397,Outright Winner,To Win,ODDS_TO_WIN,fanduel,Win Only,Win Only,SINGLE,1,2397|0|0|42.584256453,0,42.584256453,40115,Adam Svensson,40115,40115,Adam Svensson,Adam Svensson,A. Svensson,,+100000,100000,0.000999000999000999,DOWN,2026-06-14T19:05:22Z,0.0008348968151930386,+100000,DOWN,19.0
R2026032,R2026032,2397,Outright Winner,To Win,ODDS_TO_WIN,fanduel,Win Only,Win Only,SINGLE,1,2397|0|0|42.584256453,0,42.584256453,39327,Ben Silverman,39327,39327,Ben Silverman,Ben Silverman,B. Silverman,,+100000,100000,0.000999000999000999,DOWN,2026-06-14T19:05:22Z,0.0008348968151930386,+100000,DOWN,20.0
R2026032,R2026032,2397,Outright Winner,To Win,ODDS_TO_WIN,fanduel,Win Only,Win Only,SINGLE,1,2397|0|0|42.584256453,0,42.584256453,29535,Brice Garnett,29535,29535,Brice Garnett,Brice Garnett,B. Garnett,,+4000,4000,0.024390243902439025,UP,2026-06-14T19:05:22Z,0.0203837002928837,+4000,UP,9.0
R2026032,R2026032,2397,Outright Winner,To Win,ODDS_TO_WIN,fanduel,Win Only,Win Only,SINGLE,1,2397|0|0|42.584256453,0,42.584256453,27139,David Skinns,27139,27139,David Skinns,David Skinns,D. Skinns,,+35000,35000,0.002849002849002849,CONSTANT,2026-06-14T19:05:22Z,0.0023810020285134808,+35000,CONSTANT,14.0
R2026032,R2026032,2397,Outright Winner,To Win,ODDS_TO_WIN,fanduel,Win Only,Win Only,SINGLE,1,2397|0|0|42.584256453,0,42.584256453,35310,Lanto Griffin,35310,35310,Lanto Griffin,Lanto Griffin,L. Griffin,,+100000,100000,0.000999000999000999,DOWN,2026-06-14T19:05:22Z,0.0008348968151930386,+100000,DOWN,21.0
R2026032,R2026032,2397,Outright Winner,To Win,ODDS_TO_WIN,fanduel,Win Only,Win Only,SINGLE,1,2397|0|0|42.584256453,0,42.584256453,49947,Taylor Moore,49947,49947,Taylor Moore,Taylor Moore,T. Moore,,+100000,100000,0.000999000999000999,DOWN,2026-06-14T19:05:22Z,0.0008348968151930386,+100000,DOWN,22.0
R2026032,R2026032,2397,Outright Winner,To Win,ODDS_TO_WIN,fanduel,Win Only,Win Only,SINGLE,1,2397|0|0|42.584256453,0,42.584256453,50582,Jeremy Paul,50582,50582,Jeremy Paul,Jeremy Paul,J. Paul,,+100000,100000,0.000999000999000999,CONSTANT,2026-06-14T19:05:22Z,0.0008348968151930386,+100000,CONSTANT,23.0
R2026032,R2026032,2397,Outright Winner,To Win,ODDS_TO_WIN,fanduel,Win Only,Win Only,SINGLE,1,2397|0|0|42.584256453,0,42.584256453,45522,Christiaan Bezuidenhout,45522,45522,Christiaan Bezuidenhout,Christiaan Bezuidenhout,C. Bezuidenhout,,+100000,100000,0.000999000999000999,DOWN,2026-06-14T19:05:22Z,0.0008348968151930386,+100000,DOWN,24.0
R2026032,R2026032,2397,Outright Winner,To Win,ODDS_TO_WIN,fanduel,Win Only,Win Only,SINGLE,1,2397|0|0|42.584256453,0,42.584256453,35296,Haotong Li,35296,35296,Haotong Li,Haotong Li,H. Li,,+100000,100000,0.000999000999000999,DOWN,2026-06-14T19:05:22Z,0.0008348968151930386,+100000,DOWN,25.0
R2026032,R2026032,2397,Outright Winner,To Win,ODDS_TO_WIN,fanduel,Win Only,Win Only,SINGLE,1,2397|0|0|42.584256453,0,42.584256453,33204,Shane Lowry,33204,33204,Shane Lowry,Shane Lowry,S. Lowry,,+100000,100000,0.000999000999000999,DOWN,2026-06-14T19:05:22Z,0.0008348968151930386,+100000,DOWN,26.0
R2026032,R2026032,2397,Outright Winner,To Win,ODDS_TO_WIN,fanduel,Win Only,Win Only,SINGLE,1,2397|0|0|42.584256453,0,42.584256453,30911,Tommy Fleetwood,30911,30911,Tommy Fleetwood,Tommy Fleetwood,T. Fleetwood,,+1300,1300,0.07142857142857142,DOWN,2026-06-14T19:05:22Z,0.05969512228630226,+1300,DOWN,5.0
R2026032,R2026032,2397,Outright Winner,To Win,ODDS_TO_WIN,fanduel,Win Only,Win Only,SINGLE,1,2397|0|0|42.584256453,0,42.584256453,29420,Billy Horschel,29420,29420,Billy Horschel,Billy Horschel,B. Horschel,,+100000,100000,0.000999000999000999,DOWN,2026-06-14T19:05:22Z,0.0008348968151930386,+100000,DOWN,27.0
R2026032,R2026032,2397,Outright Winner,To Win,ODDS_TO_WIN,fanduel,Win Only,Win Only,SINGLE,1,2397|0|0|42.584256453,0,42.584256453,33399,Adam Hadwin,33399,33399,Adam Hadwin,Adam Hadwin,A. Hadwin,,+100000,100000,0.000999000999000999,DOWN,2026-06-14T19:05:22Z,0.0008348968151930386,+100000,DOWN,28.0
R2026032,R2026032,2397,Outright Winner,To Win,ODDS_TO_WIN,fanduel,Win Only,Win Only,SINGLE,1,2397|0|0|42.584256453,0,42.584256453,47504,Sam Burns,47504,47504,Sam Burns,Sam Burns,S. Burns,,+1500,1500,0.0625,CONSTANT,2026-06-14T19:05:22Z,0.05223323200051448,+1500,CONSTANT,6.0
R2026032,R2026032,2397,Outright Winner,To Win,ODDS_TO_WIN,fanduel,Win Only,Win Only,SINGLE,1,2397|0|0|42.584256453,0,42.584256453,52375,Doug Ghim,52375,52375,Doug Ghim,Doug Ghim,D. Ghim,,+100000,100000,0.000999000999000999,DOWN,2026-06-14T19:05:22Z,0.0008348968151930386,+100000,DOWN,29.0
R2026032,R2026032,2397,Outright Winner,To Win,ODDS_TO_WIN,fanduel,Win Only,Win Only,SINGLE,1,2397|0|0|42.584256453,0,42.584256453,50525,Collin Morikawa,50525,50525,Collin Morikawa,Collin Morikawa,C. Morikawa,,+100000,100000,0.000999000999000999,DOWN,2026-06-14T19:05:22Z,0.0008348968151930386,+100000,DOWN,30.0
R2026032,R2026032,2397,Outright Winner,To Win,ODDS_TO_WIN,fanduel,Win Only,Win Only,SINGLE,1,2397|0|0|42.584256453,0,42.584256453,49228,Keita Nakajima,49228,49228,Keita Nakajima,Keita Nakajima,K. Nakajima,,+100000,100000,0.000999000999000999,DOWN,2026-06-14T19:05:22Z,0.0008348968151930386,+100000,DOWN,31.0
R2026032,R2026032,2397,Outright Winner,To Win,ODDS_TO_WIN,fanduel,Win Only,Win Only,SINGLE,1,2397|0|0|42.584256453,0,42.584256453,47917,Takumi Kanaya,47917,47917,Takumi Kanaya,Takumi Kanaya,T. Kanaya,,+100000,100000,0.000999000999000999,DOWN,2026-06-14T19:05:22Z,0.0008348968151930386,+100000,DOWN,32.0
R2026032,R2026032,2397,Outright Winner,To Win,ODDS_TO_WIN,fanduel,Win Only,Win Only,SINGLE,1,2397|0|0|42.584256453,0,42.584256453,51600,Jimmy Stanger,51600,51600,Jimmy Stanger,Jimmy Stanger,J. Stanger,,+600,600,0.14285714285714285,UP,2026-06-14T19:05:22Z,0.11939024457260453,+600,UP,4.0
R2026032,R2026032,2397,Outright Winner,To Win,ODDS_TO_WIN,fanduel,Win Only,Win Only,SINGLE,1,2397|0|0|42.584256453,0,42.584256453,49120,Kensei Hirata,49120,49120,Kensei Hirata,Kensei Hirata,K. Hirata,,+100000,100000,0.000999000999000999,DOWN,2026-06-14T19:05:22Z,0.0008348968151930386,+100000,DOWN,33.0
R2026032,R2026032,2397,Outright Winner,To Win,ODDS_TO_WIN,fanduel,Win Only,Win Only,SINGLE,1,2397|0|0|42.584256453,0,42.584256453,49855,Kristoffer Reitan,49855,49855,Kristoffer Reitan,Kristoffer Reitan,K. Reitan,,+100000,100000,0.000999000999000999,DOWN,2026-06-14T19:05:22Z,0.0008348968151930386,+100000,DOWN,34.0
R2026032,R2026032,2397,Outright Winner,To Win,ODDS_TO_WIN,fanduel,Win Only,Win Only,SINGLE,1,2397|0|0|42.584256453,0,42.584256453,40098,Matt Fitzpatrick,40098,40098,Matt Fitzpatrick,Matt Fitzpatrick,M. Fitzpatrick,,+3300,3300,0.029411764705882353,DOWN,2026-06-14T19:05:22Z,0.024580344470830344,+3300,DOWN,8.0
R2026032,R2026032,2397,Outright Winner,To Win,ODDS_TO_WIN,fanduel,Win Only,Win Only,SINGLE,1,2397|0|0|42.584256453,0,42.584256453,54576,Patrick Fishburn,54576,54576,Patrick Fishburn,Patrick Fishburn,P. Fishburn,,+100000,100000,0.000999000999000999,DOWN,2026-06-14T19:05:22Z,0.0008348968151930386,+100000,DOWN,35.0
R2026032,R2026032,2397,Outright Winner,To Win,ODDS_TO_WIN,fanduel,Win Only,Win Only,SINGLE,1,2397|0|0|42.584256453,0,42.584256453,38991,Alejandro Tosti,38991,38991,Alejandro Tosti,Alejandro Tosti,A. Tosti,,+100000,100000,0.000999000999000999,CONSTANT,2026-06-14T19:05:22Z,0.0008348968151930386,+100000,CONSTANT,36.0
R2026032,R2026032,2397,Outright Winner,To Win,ODDS_TO_WIN,fanduel,Win Only,Win Only,SINGLE,1,2397|0|0|42.584256453,0,42.584256453,46717,Viktor Hovland,46717,46717,Viktor Hovland,Viktor Hovland,V. Hovland,,+550,550,0.15384615384615385,UP,2026-06-14T19:05:22Z,0.12857410953972795,+550,UP,3.0
R2026032,R2026032,2397,Outright Winner,To Win,ODDS_TO_WIN,fanduel,Win Only,Win Only,SINGLE,1,2397|0|0|42.584256453,0,42.584256453,55592,Joey Savoie,55592,55592,Joey Savoie,Joey Savoie,J. Savoie,,+100000,100000,0.000999000999000999,DOWN,2026-06-14T19:05:22Z,0.0008348968151930386,+100000,DOWN,37.0
R2026032,R2026032,2397,Outright Winner,To Win,ODDS_TO_WIN,fanduel,Win Only,Win Only,SINGLE,1,2397|0|0|42.584256453,0,42.584256453,57364,Michael Thorbjornsen,57364,57364,Michael Thorbjornsen,Michael Thorbjornsen,M. Thorbjornsen,,+100000,100000,0.000999000999000999,DOWN,2026-06-14T19:05:22Z,0.0008348968151930386,+100000,DOWN,38.0
R2026032,R2026032,2397,Outright Winner,To Win,ODDS_TO_WIN,fanduel,Win Only,Win Only,SINGLE,1,2397|0|0|42.584256453,0,42.584256453,57586,Jesper Svensson,57586,57586,Jesper Svensson,Jesper Svensson,J. Svensson,,+3000,3000,0.03225806451612903,UP,2026-06-14T19:05:22Z,0.026959087484136505,+3000,UP,7.0
R2026032,R2026032,2397,Outright Winner,To Win,ODDS_TO_WIN,fanduel,Win Only,Win Only,SINGLE,1,2397|0|0|42.584256453,0,42.584256453,54783,Dylan Wu,54783,54783,Dylan Wu,Dylan Wu,D. Wu,,+100000,100000,0.000999000999000999,DOWN,2026-06-14T19:05:22Z,0.0008348968151930386,+100000,DOWN,39.0
R2026032,R2026032,2397,Outright Winner,To Win,ODDS_TO_WIN,fanduel,Win Only,Win Only,SINGLE,1,2397|0|0|42.584256453,0,42.584256453,39335,Kevin Roy,39335,39335,Kevin Roy,Kevin Roy,K. Roy,,+100000,100000,0.000999000999000999,DOWN,2026-06-14T19:05:22Z,0.0008348968151930386,+100000,DOWN,40.0
R2026032,R2026032,2397,Outright Winner,To Win,ODDS_TO_WIN,fanduel,Win Only,Win Only,SINGLE,1,2397|0|0|42.584256453,0,42.584256453,40250,Taylor Pendrith,40250,40250,Taylor Pendrith,Taylor Pendrith,T. Pendrith,,+100000,100000,0.000999000999000999,DOWN,2026-06-14T19:05:22Z,0.0008348968151930386,+100000,DOWN,41.0
R2026032,R2026032,2397,Outright Winner,To Win,ODDS_TO_WIN,fanduel,Win Only,Win Only,SINGLE,1,2397|0|0|42.584256453,0,42.584256453,57321,Matthew Anderson,57321,57321,Matthew Anderson,Matthew Anderson,M. Anderson,,+6000,6000,0.01639344262295082,UP,2026-06-14T19:05:22Z,0.013700519868987406,+6000,UP,10.0
R2026032,R2026032,2397,Outright Winner,To Win,ODDS_TO_WIN,fanduel,Win Only,Win Only,SINGLE,1,2397|0|0|42.584256453,0,42.584256453,57362,Austin Eckroat,57362,57362,Austin Eckroat,Austin Eckroat,A. Eckroat,,+100000,100000,0.000999000999000999,DOWN,2026-06-14T19:05:22Z,0.0008348968151930386,+100000,DOWN,42.0
R2026032,R2026032,2397,Outright Winner,To Win,ODDS_TO_WIN,fanduel,Win Only,Win Only,SINGLE,1,2397|0|0|42.584256453,0,42.584256453,54788,Chandler Blanchet,54788,54788,Chandler Blanchet,Chandler Blanchet,C. Blanchet,,+100000,100000,0.000999000999000999,DOWN,2026-06-14T19:05:22Z,0.0008348968151930386,+100000,DOWN,43.0
R2026032,R2026032,2397,Outright Winner,To Win,ODDS_TO_WIN,fanduel,Win Only,Win Only,SINGLE,1,2397|0|0|42.584256453,0,42.584256453,51634,Sahith Theegala,51634,51634,Sahith Theegala,Sahith Theegala,S. Theegala,,+100000,100000,0.000999000999000999,DOWN,2026-06-14T19:05:22Z,0.0008348968151930386,+100000,DOWN,44.0
R2026032,R2026032,2397,Outright Winner,To Win,ODDS_TO_WIN,fanduel,Win Only,Win Only,SINGLE,1,2397|0|0|42.584256453,0,42.584256453,60019,Jackson Suber,60019,60019,Jackson Suber,Jackson Suber,J. Suber,,+165,165,0.37735849056603776,UP,2026-06-14T19:05:22Z,0.3153704573615969,+165,UP,1.0
R2026032,R2026032,2397,Outright Winner,To Win,ODDS_TO_WIN,fanduel,Win Only,Win Only,SINGLE,1,2397|0|0|42.584256453,0,42.584256453,59440,Ricky Castillo,59440,59440,Ricky Castillo,Ricky Castillo,R. Castillo,,+100000,100000,0.000999000999000999,DOWN,2026-06-14T19:05:22Z,0.0008348968151930386,+100000,DOWN,45.0
R2026032,R2026032,2397,Outright Winner,To Win,ODDS_TO_WIN,fanduel,Win Only,Win Only,SINGLE,1,2397|0|0|42.584256453,0,42.584256453,60067,Joe Highsmith,60067,60067,Joe Highsmith,Joe Highsmith,J. Highsmith,,+100000,100000,0.000999000999000999,CONSTANT,2026-06-14T19:05:22Z,0.0008348968151930386,+100000,CONSTANT,46.0
R2026032,R2026032,2397,Outright Winner,To Win,ODDS_TO_WIN,fanduel,Win Only,Win Only,SINGLE,1,2397|0|0|42.584256453,0,42.584256453,51894,Vince Whaley,51894,51894,Vince Whaley,Vince Whaley,V. Whaley,,+100000,100000,0.000999000999000999,DOWN,2026-06-14T19:05:22Z,0.0008348968151930386,+100000,DOWN,47.0
R2026032,R2026032,2397,Outright Winner,To Win,ODDS_TO_WIN,fanduel,Win Only,Win Only,SINGLE,1,2397|0|0|42.584256453,0,42.584256453,60004,Jacob Bridgeman,60004,60004,Jacob Bridgeman,Jacob Bridgeman,J. Bridgeman,,+100000,100000,0.000999000999000999,DOWN,2026-06-14T19:05:22Z,0.0008348968151930386,+100000,DOWN,48.0
R2026032,R2026032,2397,Outright Winner,To Win,ODDS_TO_WIN,fanduel,Win Only,Win Only,SINGLE,1,2397|0|0|42.584256453,0,42.584256453,50286,A.J. Ewart,50286,50286,A.J. Ewart,A.J. Ewart,A. Ewart,,+100000,100000,0.000999000999000999,DOWN,2026-06-14T19:05:22Z,0.0008348968151930386,+100000,DOWN,49.0
R2026032,R2026032,2397,Outright Winner,To Win,ODDS_TO_WIN,fanduel,Win Only,Win Only,SINGLE,1,2397|0|0|42.584256453,0,42.584256453,63121,William Mouw,63121,63121,William Mouw,William Mouw,W. Mouw,,+100000,100000,0.000999000999000999,DOWN,2026-06-14T19:05:22Z,0.0008348968151930386,+100000,DOWN,50.0
R2026032,R2026032,2397,Outright Winner,To Win,ODDS_TO_WIN,fanduel,Win Only,Win Only,SINGLE,1,2397|0|0|42.584256453,0,42.584256453,63343,Aldrich Potgieter,63343,63343,Aldrich Potgieter,Aldrich Potgieter,A. Potgieter,,+100000,100000,0.000999000999000999,DOWN,2026-06-14T19:05:22Z,0.0008348968151930386,+100000,DOWN,51.0
R2026032,R2026032,2397,Outright Winner,To Win,ODDS_TO_WIN,fanduel,Win Only,Win Only,SINGLE,1,2397|0|0|42.584256453,0,42.584256453,60386,Sudarshan Yellamaraju,60386,60386,Sudarshan Yellamaraju,Sudarshan Yellamaraju,S. Yellamaraju,,+22500,22500,0.004424778761061947,DOWN,2026-06-14T19:05:22Z,0.0036979279292399633,+22500,DOWN,13.0
R2026032,R2026032,2397,Outright Winner,To Win,ODDS_TO_WIN,fanduel,Win Only,Win Only,SINGLE,1,2397|0|0|42.584256453,0,42.584256453,47993,Denny McCarthy,47993,47993,Denny McCarthy,Denny McCarthy,D. McCarthy,,+100000,100000,0.000999000999000999,DOWN,2026-06-14T19:05:22Z,0.0008348968151930386,+100000,DOWN,52.0
R2026032,R2026032,2397,Outright Winner,To Win,ODDS_TO_WIN,fanduel,Win Only,Win Only,SINGLE,1,2397|0|0|42.584256453,0,42.584256453,66562,Justin Matthews,66562,66562,Justin Matthews,Justin Matthews,J. Matthews,,+75000,75000,0.0013315579227696406,UP,2026-06-14T19:05:22Z,0.0011128251824343966,+75000,UP,15.0
R2026032,R2026032,2397,Outright Winner,To Win,ODDS_TO_WIN,fanduel,Win Only,Win Only,SINGLE,1,2397|0|0|42.584256453,0,42.584256453,66743,Luke Clanton,66743,66743,Luke Clanton,Luke Clanton,L. Clanton,,+100000,100000,0.000999000999000999,DOWN,2026-06-14T19:05:22Z,0.0008348968151930386,+100000,DOWN,53.0
R2026032,R2026032,2397,Outright Winner,To Win,ODDS_TO_WIN,fanduel,Win Only,Win Only,SINGLE,1,2397|0|0|42.584256453,0,42.584256453,57869,Ben James,57869,57869,Ben James,Ben James,B. James,,+100000,100000,0.000999000999000999,DOWN,2026-06-14T19:05:22Z,0.0008348968151930386,+100000,DOWN,54.0
R2026032,R2026032,2397,Outright Winner,To Win,ODDS_TO_WIN,fanduel,Win Only,Win Only,SINGLE,1,2397|0|0|42.584256453,0,42.584256453,63454,Johnny Keefer,63454,63454,Johnny Keefer,Johnny Keefer,J. Keefer,,+100000,100000,0.000999000999000999,DOWN,2026-06-14T19:05:22Z,0.0008348968151930386,+100000,DOWN,55.0
R2026032,R2026032,2397,Outright Winner,To Win,ODDS_TO_WIN,fanduel,Win Only,Win Only,SINGLE,1,2397|0|0|42.584256453,0,42.584256453,69319,Calen Sanderson,69319,69319,Calen Sanderson,Calen Sanderson,C. Sanderson,,+100000,100000,0.000999000999000999,CONSTANT,2026-06-14T19:05:22Z,0.0008348968151930386,+100000,CONSTANT,56.0
R2026032,R2026032,2403,Matchup Props,Matchup,MATCHUP_PROPS,fanduel,18 Hole Matchbet - Round 4,18 Hole Matchbet,GROUP,2,2403|0|0|0,0,42.585564374,39977,Max Homa,39977,39977,Max Homa,Max Homa,M. Homa,William Mouw,+500,500,0.16666666666666666,DOWN,2026-06-14T19:05:22Z,0.15789473684210525,,DOWN,
R2026032,R2026032,2403,Matchup Props,Matchup,MATCHUP_PROPS,fanduel,18 Hole Matchbet - Round 4,18 Hole Matchbet,GROUP,2,2403|0|0|0,1,42.585564374,63121,William Mouw,63121,63121,William Mouw,William Mouw,W. Mouw,Max Homa,-800,-800,0.8888888888888888,UP,2026-06-14T19:05:22Z,0.8421052631578947,,UP,
R2026032,R2026032,2403,Matchup Props,Matchup,MATCHUP_PROPS,fanduel,18 Hole Matchbet - Round 4,18 Hole Matchbet,GROUP,2,2403|0|0|1,0,42.585564372,29535,Brice Garnett,29535,29535,Brice Garnett,Brice Garnett,B. Garnett,Jimmy Stanger,+600,600,0.14285714285714285,DOWN,2026-06-14T19:05:22Z,0.13580246913580246,,DOWN,
R2026032,R2026032,2403,Matchup Props,Matchup,MATCHUP_PROPS,fanduel,18 Hole Matchbet - Round 4,18 Hole Matchbet,GROUP,2,2403|0|0|1,1,42.585564372,51600,Jimmy Stanger,51600,51600,Jimmy Stanger,Jimmy Stanger,J. Stanger,Brice Garnett,-1000,-1000,0.9090909090909091,UP,2026-06-14T19:05:22Z,0.8641975308641975,,UP,
R2026032,R2026032,2403,Matchup Props,Matchup,MATCHUP_PROPS,fanduel,18 Hole Matchbet - Round 4,18 Hole Matchbet,GROUP,2,2403|0|0|2,0,42.585564390,37275,Sam Ryder,37275,37275,Sam Ryder,Sam Ryder,S. Ryder,Neal Shipley,+100,100,0.5,DOWN,2026-06-14T19:05:22Z,0.47368421052631576,,DOWN,
R2026032,R2026032,2403,Matchup Props,Matchup,MATCHUP_PROPS,fanduel,18 Hole Matchbet - Round 4,18 Hole Matchbet,GROUP,2,2403|0|0|2,1,42.585564390,63807,Neal Shipley,63807,63807,Neal Shipley,Neal Shipley,N. Shipley,Sam Ryder,-125,-125,0.5555555555555556,UP,2026-06-14T19:05:22Z,0.5263157894736842,,UP,
R2026032,R2026032,2403,Matchup Props,Matchup,MATCHUP_PROPS,fanduel,72 Hole Matchbet,72 Hole Matchbet,GROUP,2,2403|1|0|0,0,42.584317839,51766,Wyndham Clark,51766,51766,Wyndham Clark,Wyndham Clark,W. Clark,Tommy Fleetwood,+350,350,0.2222222222222222,DOWN,2026-06-14T19:05:22Z,0.21052631578947367,,DOWN,
R2026032,R2026032,2403,Matchup Props,Matchup,MATCHUP_PROPS,fanduel,72 Hole Matchbet,72 Hole Matchbet,GROUP,2,2403|1|0|0,1,42.584317839,30911,Tommy Fleetwood,30911,30911,Tommy Fleetwood,Tommy Fleetwood,T. Fleetwood,Wyndham Clark,-500,-500,0.8333333333333334,UP,2026-06-14T19:05:22Z,0.7894736842105263,,UP,
R2026032,R2026032,2403,Matchup Props,Matchup,MATCHUP_PROPS,fanduel,72 Hole Matchbet,72 Hole Matchbet,GROUP,2,2403|1|0|1,0,42.584317844,39977,Max Homa,39977,39977,Max Homa,Max Homa,M. Homa,Tom Kim,+550,550,0.15384615384615385,DOWN,2026-06-14T19:05:22Z,0.14598540145985403,,DOWN,
R2026032,R2026032,2403,Matchup Props,Matchup,MATCHUP_PROPS,fanduel,72 Hole Matchbet,72 Hole Matchbet,GROUP,2,2403|1|0|1,1,42.584317844,55182,Tom Kim,55182,55182,Tom Kim,Tom Kim,T. Kim,Max Homa,-900,-900,0.9,UP,2026-06-14T19:05:22Z,0.8540145985401459,,UP,
R2026032,R2026032,2403,Matchup Props,Matchup,MATCHUP_PROPS,fanduel,72 Hole Matchbet,72 Hole Matchbet,GROUP,2,2403|1|0|2,0,42.584317840,45522,Christiaan Bezuidenhout,45522,45522,Christiaan Bezuidenhout,Christiaan Bezuidenhout,C. Bezuidenhout,Haotong Li,-5000,-5000,0.9803921568627451,UP,2026-06-14T19:05:22Z,0.927246790299572,,UP,
R2026032,R2026032,2403,Matchup Props,Matchup,MATCHUP_PROPS,fanduel,72 Hole Matchbet,72 Hole Matchbet,GROUP,2,2403|1|0|2,1,42.584317840,35296,Haotong Li,35296,35296,Haotong Li,Haotong Li,H. Li,Christiaan Bezuidenhout,+1200,1200,0.07692307692307693,DOWN,2026-06-14T19:05:22Z,0.07275320970042796,,DOWN,
R2026032,R2026032,2403,Matchup Props,Matchup,MATCHUP_PROPS,fanduel,72 Hole Matchbet,72 Hole Matchbet,GROUP,2,2403|1|0|3,0,42.584317870,47504,Sam Burns,47504,47504,Sam Burns,Sam Burns,S. Burns,Matt Fitzpatrick,-200,-200,0.6666666666666666,UP,2026-06-14T19:05:22Z,0.6359223300970873,,UP,
R2026032,R2026032,2403,Matchup Props,Matchup,MATCHUP_PROPS,fanduel,72 Hole Matchbet,72 Hole Matchbet,GROUP,2,2403|1|0|3,1,42.584317870,40098,Matt Fitzpatrick,40098,40098,Matt Fitzpatrick,Matt Fitzpatrick,M. Fitzpatrick,Sam Burns,+162,162,0.3816793893129771,DOWN,2026-06-14T19:05:22Z,0.3640776699029126,,DOWN,
R2026032,R2026032,2403,Matchup Props,Matchup,MATCHUP_PROPS,fanduel,72 Hole Matchbet,72 Hole Matchbet,GROUP,2,2403|1|0|4,0,42.584317843,40250,Taylor Pendrith,40250,40250,Taylor Pendrith,Taylor Pendrith,T. Pendrith,Sahith Theegala,-225,-225,0.6923076923076923,UP,2026-06-14T19:05:22Z,0.6556291390728477,,UP,
R2026032,R2026032,2403,Matchup Props,Matchup,MATCHUP_PROPS,fanduel,72 Hole Matchbet,72 Hole Matchbet,GROUP,2,2403|1|0|4,1,42.584317843,51634,Sahith Theegala,51634,51634,Sahith Theegala,Sahith Theegala,S. Theegala,Taylor Pendrith,+175,175,0.36363636363636365,DOWN,2026-06-14T19:05:22Z,0.34437086092715236,,DOWN,
R2026032,R2026032,2398,Finish,Finishes,FINISH,fanduel,Top 10,Top 10,SINGLE,1,2398|0|0|42.584256482,0,42.584256482,34021,Bud Cauley,34021,34021,Bud Cauley,Bud Cauley,B. Cauley,,-1500,-1500,0.9375,UP,2026-06-14T19:05:22Z,0.08402247260253352,,UP,
R2026032,R2026032,2398,Finish,Finishes,FINISH,fanduel,Top 10,Top 10,SINGLE,1,2398|0|0|42.584256482,0,42.584256482,51766,Wyndham Clark,51766,51766,Wyndham Clark,Wyndham Clark,W. Clark,,+160,160,0.38461538461538464,UP,2026-06-14T19:05:22Z,0.03447075799078299,,UP,
R2026032,R2026032,2398,Finish,Finishes,FINISH,fanduel,Top 10,Top 10,SINGLE,1,2398|0|0|42.584256482,0,42.584256482,39977,Max Homa,39977,39977,Max Homa,Max Homa,M. Homa,,+5000,5000,0.0196078431372549,DOWN,2026-06-14T19:05:22Z,0.0017573327603144266,,DOWN,
R2026032,R2026032,2398,Finish,Finishes,FINISH,fanduel,Top 10,Top 10,SINGLE,1,2398|0|0|42.584256482,0,42.584256482,25493,Nick Taylor,25493,25493,Nick Taylor,Nick Taylor,N. Taylor,,+10000,10000,0.009900990099009901,DOWN,2026-06-14T19:05:22Z,0.0008873660472874827,,DOWN,
R2026032,R2026032,2398,Finish,Finishes,FINISH,fanduel,Top 10,Top 10,SINGLE,1,2398|0|0|42.584256482,0,42.584256482,31646,Emiliano Grillo,31646,31646,Emiliano Grillo,Emiliano Grillo,E. Grillo,,+10000,10000,0.009900990099009901,DOWN,2026-06-14T19:05:22Z,0.0008873660472874827,,DOWN,
R2026032,R2026032,2398,Finish,Finishes,FINISH,fanduel,Top 10,Top 10,SINGLE,1,2398|0|0|42.584256482,0,42.584256482,36824,Paul Peterson,36824,36824,Paul Peterson,Paul Peterson,P. Peterson,,+10000,10000,0.009900990099009901,DOWN,2026-06-14T19:05:22Z,0.0008873660472874827,,DOWN,
R2026032,R2026032,2398,Finish,Finishes,FINISH,fanduel,Top 10,Top 10,SINGLE,1,2398|0|0|42.584256482,0,42.584256482,29936,Ryan Fox,29936,29936,Ryan Fox,Ryan Fox,R. Fox,,+230,230,0.30303030303030304,UP,2026-06-14T19:05:22Z,0.02715877902304114,,UP,
R2026032,R2026032,2398,Finish,Finishes,FINISH,fanduel,Top 10,Top 10,SINGLE,1,2398|0|0|42.584256482,0,42.584256482,40115,Adam Svensson,40115,40115,Adam Svensson,Adam Svensson,A. Svensson,,+10000,10000,0.009900990099009901,DOWN,2026-06-14T19:05:22Z,0.0008873660472874827,,DOWN,
R2026032,R2026032,2398,Finish,Finishes,FINISH,fanduel,Top 10,Top 10,SINGLE,1,2398|0|0|42.584256482,0,42.584256482,36884,Ben Kohles,36884,36884,Ben Kohles,Ben Kohles,B. Kohles,,+10000,10000,0.009900990099009901,DOWN,2026-06-14T19:05:22Z,0.0008873660472874827,,DOWN,
R2026032,R2026032,2398,Finish,Finishes,FINISH,fanduel,Top 10,Top 10,SINGLE,1,2398|0|0|42.584256482,0,42.584256482,29535,Brice Garnett,29535,29535,Brice Garnett,Brice Garnett,B. Garnett,,-145,-145,0.5918367346938775,UP,2026-06-14T19:05:22Z,0.05304275821438851,,UP,
R2026032,R2026032,2398,Finish,Finishes,FINISH,fanduel,Top 10,Top 10,SINGLE,1,2398|0|0|42.584256482,0,42.584256482,27139,David Skinns,27139,27139,David Skinns,David Skinns,D. Skinns,,+280,280,0.2631578947368421,UP,2026-06-14T19:05:22Z,0.02358525546737783,,UP,
R2026032,R2026032,2398,Finish,Finishes,FINISH,fanduel,Top 10,Top 10,SINGLE,1,2398|0|0|42.584256482,0,42.584256482,39546,Keith Mitchell,39546,39546,Keith Mitchell,Keith Mitchell,K. Mitchell,,+10000,10000,0.009900990099009901,DOWN,2026-06-14T19:05:22Z,0.0008873660472874827,,DOWN,
R2026032,R2026032,2398,Finish,Finishes,FINISH,fanduel,Top 10,Top 10,SINGLE,1,2398|0|0|42.584256482,0,42.584256482,35310,Lanto Griffin,35310,35310,Lanto Griffin,Lanto Griffin,L. Griffin,,+10000,10000,0.009900990099009901,DOWN,2026-06-14T19:05:22Z,0.0008873660472874827,,DOWN,
R2026032,R2026032,2398,Finish,Finishes,FINISH,fanduel,Top 10,Top 10,SINGLE,1,2398|0|0|42.584256482,0,42.584256482,49947,Taylor Moore,49947,49947,Taylor Moore,Taylor Moore,T. Moore,,+10000,10000,0.009900990099009901,DOWN,2026-06-14T19:05:22Z,0.0008873660472874827,,DOWN,
R2026032,R2026032,2398,Finish,Finishes,FINISH,fanduel,Top 10,Top 10,SINGLE,1,2398|0|0|42.584256482,0,42.584256482,50582,Jeremy Paul,50582,50582,Jeremy Paul,Jeremy Paul,J. Paul,,+10000,10000,0.009900990099009901,DOWN,2026-06-14T19:05:22Z,0.0008873660472874827,,DOWN,
R2026032,R2026032,2398,Finish,Finishes,FINISH,fanduel,Top 10,Top 10,SINGLE,1,2398|0|0|42.584256482,0,42.584256482,45522,Christiaan Bezuidenhout,45522,45522,Christiaan Bezuidenhout,Christiaan Bezuidenhout,C. Bezuidenhout,,+10000,10000,0.009900990099009901,DOWN,2026-06-14T19:05:22Z,0.0008873660472874827,,DOWN,
R2026032,R2026032,2398,Finish,Finishes,FINISH,fanduel,Top 10,Top 10,SINGLE,1,2398|0|0|42.584256482,0,42.584256482,35296,Haotong Li,35296,35296,Haotong Li,Haotong Li,H. Li,,+10000,10000,0.009900990099009901,DOWN,2026-06-14T19:05:22Z,0.0008873660472874827,,DOWN,
R2026032,R2026032,2398,Finish,Finishes,FINISH,fanduel,Top 10,Top 10,SINGLE,1,2398|0|0|42.584256482,0,42.584256482,33204,Shane Lowry,33204,33204,Shane Lowry,Shane Lowry,S. Lowry,,+1600,1600,0.058823529411764705,DOWN,2026-06-14T19:05:22Z,0.00527199828094328,,DOWN,
R2026032,R2026032,2398,Finish,Finishes,FINISH,fanduel,Top 10,Top 10,SINGLE,1,2398|0|0|42.584256482,0,42.584256482,30911,Tommy Fleetwood,30911,30911,Tommy Fleetwood,Tommy Fleetwood,T. Fleetwood,,-390,-390,0.7959183673469388,UP,2026-06-14T19:05:22Z,0.07133336449521213,,UP,
R2026032,R2026032,2398,Finish,Finishes,FINISH,fanduel,Top 10,Top 10,SINGLE,1,2398|0|0|42.584256482,0,42.584256482,29420,Billy Horschel,29420,29420,Billy Horschel,Billy Horschel,B. Horschel,,+750,750,0.11764705882352941,UP,2026-06-14T19:05:22Z,0.01054399656188656,,UP,
R2026032,R2026032,2398,Finish,Finishes,FINISH,fanduel,Top 10,Top 10,SINGLE,1,2398|0|0|42.584256482,0,42.584256482,33399,Adam Hadwin,33399,33399,Adam Hadwin,Adam Hadwin,A. Hadwin,,+10000,10000,0.009900990099009901,DOWN,2026-06-14T19:05:22Z,0.0008873660472874827,,DOWN,
R2026032,R2026032,2398,Finish,Finishes,FINISH,fanduel,Top 10,Top 10,SINGLE,1,2398|0|0|42.584256482,0,42.584256482,47504,Sam Burns,47504,47504,Sam Burns,Sam Burns,S. Burns,,-450,-450,0.8181818181818182,UP,2026-06-14T19:05:22Z,0.07332870336221108,,UP,
R2026032,R2026032,2398,Finish,Finishes,FINISH,fanduel,Top 10,Top 10,SINGLE,1,2398|0|0|42.584256482,0,42.584256482,52375,Doug Ghim,52375,52375,Doug Ghim,Doug Ghim,D. Ghim,,+170,170,0.37037037037037035,UP,2026-06-14T19:05:22Z,0.03319406325038361,,UP,
R2026032,R2026032,2398,Finish,Finishes,FINISH,fanduel,Top 10,Top 10,SINGLE,1,2398|0|0|42.584256482,0,42.584256482,50525,Collin Morikawa,50525,50525,Collin Morikawa,Collin Morikawa,C. Morikawa,,+2000,2000,0.047619047619047616,DOWN,2026-06-14T19:05:22Z,0.004267808132192179,,DOWN,
R2026032,R2026032,2398,Finish,Finishes,FINISH,fanduel,Top 10,Top 10,SINGLE,1,2398|0|0|42.584256482,0,42.584256482,49228,Keita Nakajima,49228,49228,Keita Nakajima,Keita Nakajima,K. Nakajima,,+10000,10000,0.009900990099009901,DOWN,2026-06-14T19:05:22Z,0.0008873660472874827,,DOWN,
R2026032,R2026032,2398,Finish,Finishes,FINISH,fanduel,Top 10,Top 10,SINGLE,1,2398|0|0|42.584256482,0,42.584256482,47917,Takumi Kanaya,47917,47917,Takumi Kanaya,Takumi Kanaya,T. Kanaya,,+10000,10000,0.009900990099009901,DOWN,2026-06-14T19:05:22Z,0.0008873660472874827,,DOWN,
R2026032,R2026032,2398,Finish,Finishes,FINISH,fanduel,Top 10,Top 10,SINGLE,1,2398|0|0|42.584256482,0,42.584256482,51600,Jimmy Stanger,51600,51600,Jimmy Stanger,Jimmy Stanger,J. Stanger,,-900,-900,0.9,UP,2026-06-14T19:05:22Z,0.08066157369843219,,UP,
R2026032,R2026032,2398,Finish,Finishes,FINISH,fanduel,Top 10,Top 10,SINGLE,1,2398|0|0|42.584256482,0,42.584256482,49120,Kensei Hirata,49120,49120,Kensei Hirata,Kensei Hirata,K. Hirata,,+10000,10000,0.009900990099009901,DOWN,2026-06-14T19:05:22Z,0.0008873660472874827,,DOWN,
R2026032,R2026032,2398,Finish,Finishes,FINISH,fanduel,Top 10,Top 10,SINGLE,1,2398|0|0|42.584256482,0,42.584256482,49855,Kristoffer Reitan,49855,49855,Kristoffer Reitan,Kristoffer Reitan,K. Reitan,,+10000,10000,0.009900990099009901,DOWN,2026-06-14T19:05:22Z,0.0008873660472874827,,DOWN,
R2026032,R2026032,2398,Finish,Finishes,FINISH,fanduel,Top 10,Top 10,SINGLE,1,2398|0|0|42.584256482,0,42.584256482,40098,Matt Fitzpatrick,40098,40098,Matt Fitzpatrick,Matt Fitzpatrick,M. Fitzpatrick,,-210,-210,0.6774193548387096,UP,2026-06-14T19:05:22Z,0.06071301246118551,,UP,
R2026032,R2026032,2398,Finish,Finishes,FINISH,fanduel,Top 10,Top 10,SINGLE,1,2398|0|0|42.584256482,0,42.584256482,54576,Patrick Fishburn,54576,54576,Patrick Fishburn,Patrick Fishburn,P. Fishburn,,+3500,3500,0.027777777777777776,DOWN,2026-06-14T19:05:22Z,0.002489554743778771,,DOWN,
R2026032,R2026032,2398,Finish,Finishes,FINISH,fanduel,Top 10,Top 10,SINGLE,1,2398|0|0|42.584256482,0,42.584256482,38991,Alejandro Tosti,38991,38991,Alejandro Tosti,Alejandro Tosti,A. Tosti,,+10000,10000,0.009900990099009901,DOWN,2026-06-14T19:05:22Z,0.0008873660472874827,,DOWN,
R2026032,R2026032,2398,Finish,Finishes,FINISH,fanduel,Top 10,Top 10,SINGLE,1,2398|0|0|42.584256482,0,42.584256482,46717,Viktor Hovland,46717,46717,Viktor Hovland,Viktor Hovland,V. Hovland,,-2000,-2000,0.9523809523809523,UP,2026-06-14T19:05:22Z,0.08535616264384357,,UP,
R2026032,R2026032,2398,Finish,Finishes,FINISH,fanduel,Top 10,Top 10,SINGLE,1,2398|0|0|42.584256482,0,42.584256482,55721,Alex Fitzpatrick,55721,55721,Alex Fitzpatrick,Alex Fitzpatrick,A. Fitzpatrick,,+3500,3500,0.027777777777777776,DOWN,2026-06-14T19:05:22Z,0.002489554743778771,,DOWN,
R2026032,R2026032,2398,Finish,Finishes,FINISH,fanduel,Top 10,Top 10,SINGLE,1,2398|0|0|42.584256482,0,42.584256482,55592,Joey Savoie,55592,55592,Joey Savoie,Joey Savoie,J. Savoie,,+10000,10000,0.009900990099009901,DOWN,2026-06-14T19:05:22Z,0.0008873660472874827,,DOWN,
R2026032,R2026032,2398,Finish,Finishes,FINISH,fanduel,Top 10,Top 10,SINGLE,1,2398|0|0|42.584256482,0,42.584256482,57364,Michael Thorbjornsen,57364,57364,Michael Thorbjornsen,Michael Thorbjornsen,M. Thorbjornsen,,+10000,10000,0.009900990099009901,DOWN,2026-06-14T19:05:22Z,0.0008873660472874827,,DOWN,
R2026032,R2026032,2398,Finish,Finishes,FINISH,fanduel,Top 10,Top 10,SINGLE,1,2398|0|0|42.584256482,0,42.584256482,57586,Jesper Svensson,57586,57586,Jesper Svensson,Jesper Svensson,J. Svensson,,-190,-190,0.6551724137931034,UP,2026-06-14T19:05:22Z,0.058719153267057914,,UP,
R2026032,R2026032,2398,Finish,Finishes,FINISH,fanduel,Top 10,Top 10,SINGLE,1,2398|0|0|42.584256482,0,42.584256482,54783,Dylan Wu,54783,54783,Dylan Wu,Dylan Wu,D. Wu,,+10000,10000,0.009900990099009901,DOWN,2026-06-14T19:05:22Z,0.0008873660472874827,,DOWN,
R2026032,R2026032,2398,Finish,Finishes,FINISH,fanduel,Top 10,Top 10,SINGLE,1,2398|0|0|42.584256482,0,42.584256482,39335,Kevin Roy,39335,39335,Kevin Roy,Kevin Roy,K. Roy,,+10000,10000,0.009900990099009901,DOWN,2026-06-14T19:05:22Z,0.0008873660472874827,,DOWN,
R2026032,R2026032,2398,Finish,Finishes,FINISH,fanduel,Top 10,Top 10,SINGLE,1,2398|0|0|42.584256482,0,42.584256482,40250,Taylor Pendrith,40250,40250,Taylor Pendrith,Taylor Pendrith,T. Pendrith,,+10000,10000,0.009900990099009901,DOWN,2026-06-14T19:05:22Z,0.0008873660472874827,,DOWN,
R2026032,R2026032,2398,Finish,Finishes,FINISH,fanduel,Top 10,Top 10,SINGLE,1,2398|0|0|42.584256482,0,42.584256482,57321,Matthew Anderson,57321,57321,Matthew Anderson,Matthew Anderson,M. Anderson,,-240,-240,0.7058823529411765,UP,2026-06-14T19:05:22Z,0.06326397937131936,,UP,
R2026032,R2026032,2398,Finish,Finishes,FINISH,fanduel,Top 10,Top 10,SINGLE,1,2398|0|0|42.584256482,0,42.584256482,57362,Austin Eckroat,57362,57362,Austin Eckroat,Austin Eckroat,A. Eckroat,,+10000,10000,0.009900990099009901,DOWN,2026-06-14T19:05:22Z,0.0008873660472874827,,DOWN,
R2026032,R2026032,2398,Finish,Finishes,FINISH,fanduel,Top 10,Top 10,SINGLE,1,2398|0|0|42.584256482,0,42.584256482,40006,Erik van Rooyen,40006,40006,Erik van Rooyen,Erik van Rooyen,E. van Rooyen,,+10000,10000,0.009900990099009901,DOWN,2026-06-14T19:05:22Z,0.0008873660472874827,,DOWN,
R2026032,R2026032,2398,Finish,Finishes,FINISH,fanduel,Top 10,Top 10,SINGLE,1,2398|0|0|42.584256482,0,42.584256482,57900,Chandler Phillips,57900,57900,Chandler Phillips,Chandler Phillips,C. Phillips,,+10000,10000,0.009900990099009901,DOWN,2026-06-14T19:05:22Z,0.0008873660472874827,,DOWN,
R2026032,R2026032,2398,Finish,Finishes,FINISH,fanduel,Top 10,Top 10,SINGLE,1,2398|0|0|42.584256482,0,42.584256482,54788,Chandler Blanchet,54788,54788,Chandler Blanchet,Chandler Blanchet,C. Blanchet,,+10000,10000,0.009900990099009901,DOWN,2026-06-14T19:05:22Z,0.0008873660472874827,,DOWN,
R2026032,R2026032,2398,Finish,Finishes,FINISH,fanduel,Top 10,Top 10,SINGLE,1,2398|0|0|42.584256482,0,42.584256482,51634,Sahith Theegala,51634,51634,Sahith Theegala,Sahith Theegala,S. Theegala,,+10000,10000,0.009900990099009901,DOWN,2026-06-14T19:05:22Z,0.0008873660472874827,,DOWN,
R2026032,R2026032,2398,Finish,Finishes,FINISH,fanduel,Top 10,Top 10,SINGLE,1,2398|0|0|42.584256482,0,42.584256482,60019,Jackson Suber,60019,60019,Jackson Suber,Jackson Suber,J. Suber,,-3000,-3000,0.967741935483871,UP,2026-06-14T19:05:22Z,0.08673287494455074,,UP,
R2026032,R2026032,2398,Finish,Finishes,FINISH,fanduel,Top 10,Top 10,SINGLE,1,2398|0|0|42.584256482,0,42.584256482,48153,Matthieu Pavon,48153,48153,Matthieu Pavon,Matthieu Pavon,M. Pavon,,+10000,10000,0.009900990099009901,DOWN,2026-06-14T19:05:22Z,0.0008873660472874827,,DOWN,
R2026032,R2026032,2398,Finish,Finishes,FINISH,fanduel,Top 10,Top 10,SINGLE,1,2398|0|0|42.584256482,0,42.584256482,55182,Tom Kim,55182,55182,Tom Kim,Tom Kim,T. Kim,,+1400,1400,0.06666666666666667,DOWN,2026-06-14T19:05:22Z,0.005974931385069051,,DOWN,
R2026032,R2026032,2398,Finish,Finishes,FINISH,fanduel,Top 10,Top 10,SINGLE,1,2398|0|0|42.584256482,0,42.584256482,59440,Ricky Castillo,59440,59440,Ricky Castillo,Ricky Castillo,R. Castillo,,+10000,10000,0.009900990099009901,DOWN,2026-06-14T19:05:22Z,0.0008873660472874827,,DOWN,
R2026032,R2026032,2398,Finish,Finishes,FINISH,fanduel,Top 10,Top 10,SINGLE,1,2398|0|0|42.584256482,0,42.584256482,60067,Joe Highsmith,60067,60067,Joe Highsmith,Joe Highsmith,J. Highsmith,,+10000,10000,0.009900990099009901,DOWN,2026-06-14T19:05:22Z,0.0008873660472874827,,DOWN,
R2026032,R2026032,2398,Finish,Finishes,FINISH,fanduel,Top 10,Top 10,SINGLE,1,2398|0|0|42.584256482,0,42.584256482,51894,Vince Whaley,51894,51894,Vince Whaley,Vince Whaley,V. Whaley,,+10000,10000,0.009900990099009901,DOWN,2026-06-14T19:05:22Z,0.0008873660472874827,,DOWN,
R2026032,R2026032,2398,Finish,Finishes,FINISH,fanduel,Top 10,Top 10,SINGLE,1,2398|0|0|42.584256482,0,42.584256482,60004,Jacob Bridgeman,60004,60004,Jacob Bridgeman,Jacob Bridgeman,J. Bridgeman,,+2500,2500,0.038461538461538464,DOWN,2026-06-14T19:05:22Z,0.0034470757990782987,,DOWN,
R2026032,R2026032,2398,Finish,Finishes,FINISH,fanduel,Top 10,Top 10,SINGLE,1,2398|0|0|42.584256482,0,42.584256482,50286,A.J. Ewart,50286,50286,A.J. Ewart,A.J. Ewart,A. Ewart,,+10000,10000,0.009900990099009901,DOWN,2026-06-14T19:05:22Z,0.0008873660472874827,,DOWN,
R2026032,R2026032,2398,Finish,Finishes,FINISH,fanduel,Top 10,Top 10,SINGLE,1,2398|0|0|42.584256482,0,42.584256482,63121,William Mouw,63121,63121,William Mouw,William Mouw,W. Mouw,,+380,380,0.20833333333333334,UP,2026-06-14T19:05:22Z,0.018671660578340785,,UP,
R2026032,R2026032,2398,Finish,Finishes,FINISH,fanduel,Top 10,Top 10,SINGLE,1,2398|0|0|42.584256482,0,42.584256482,63343,Aldrich Potgieter,63343,63343,Aldrich Potgieter,Aldrich Potgieter,A. Potgieter,,+380,380,0.20833333333333334,UP,2026-06-14T19:05:22Z,0.018671660578340785,,UP,
R2026032,R2026032,2398,Finish,Finishes,FINISH,fanduel,Top 10,Top 10,SINGLE,1,2398|0|0|42.584256482,0,42.584256482,60386,Sudarshan Yellamaraju,60386,60386,Sudarshan Yellamaraju,Sudarshan Yellamaraju,S. Yellamaraju,,+250,250,0.2857142857142857,UP,2026-06-14T19:05:22Z,0.025606848793153072,,UP,
R2026032,R2026032,2398,Finish,Finishes,FINISH,fanduel,Top 10,Top 10,SINGLE,1,2398|0|0|42.584256482,0,42.584256482,47993,Denny McCarthy,47993,47993,Denny McCarthy,Denny McCarthy,D. McCarthy,,+10000,10000,0.009900990099009901,DOWN,2026-06-14T19:05:22Z,0.0008873660472874827,,DOWN,
R2026032,R2026032,2398,Finish,Finishes,FINISH,fanduel,Top 10,Top 10,SINGLE,1,2398|0|0|42.584256482,0,42.584256482,66562,Justin Matthews,66562,66562,Justin Matthews,Justin Matthews,J. Matthews,,+220,220,0.3125,UP,2026-06-14T19:05:22Z,0.028007490867511177,,UP,
R2026032,R2026032,2398,Finish,Finishes,FINISH,fanduel,Top 10,Top 10,SINGLE,1,2398|0|0|42.584256482,0,42.584256482,66743,Luke Clanton,66743,66743,Luke Clanton,Luke Clanton,L. Clanton,,+1600,1600,0.058823529411764705,UP,2026-06-14T19:05:22Z,0.00527199828094328,,UP,
R2026032,R2026032,2398,Finish,Finishes,FINISH,fanduel,Top 10,Top 10,SINGLE,1,2398|0|0|42.584256482,0,42.584256482,57869,Ben James,57869,57869,Ben James,Ben James,B. James,,+10000,10000,0.009900990099009901,DOWN,2026-06-14T19:05:22Z,0.0008873660472874827,,DOWN,
R2026032,R2026032,2398,Finish,Finishes,FINISH,fanduel,Top 10,Top 10,SINGLE,1,2398|0|0|42.584256482,0,42.584256482,63454,Johnny Keefer,63454,63454,Johnny Keefer,Johnny Keefer,J. Keefer,,+10000,10000,0.009900990099009901,DOWN,2026-06-14T19:05:22Z,0.0008873660472874827,,DOWN,
R2026032,R2026032,2398,Finish,Finishes,FINISH,fanduel,Top 10,Top 10,SINGLE,1,2398|0|0|42.584256482,0,42.584256482,69319,Calen Sanderson,69319,69319,Calen Sanderson,Calen Sanderson,C. Sanderson,,+10000,10000,0.009900990099009901,CONSTANT,2026-06-14T19:05:22Z,0.0008873660472874827,,CONSTANT,
R2026032,R2026032,2398,Finish,Finishes,FINISH,fanduel,Top 20,Top 20,SINGLE,1,2398|1|0|42.584256454,0,42.584256454,51766,Wyndham Clark,51766,51766,Wyndham Clark,Wyndham Clark,W. Clark,,-290,-290,0.7435897435897436,UP,2026-06-14T19:05:22Z,0.039027421555932425,,UP,
R2026032,R2026032,2398,Finish,Finishes,FINISH,fanduel,Top 20,Top 20,SINGLE,1,2398|1|0|42.584256454,0,42.584256454,39977,Max Homa,39977,39977,Max Homa,Max Homa,M. Homa,,+380,380,0.20833333333333334,CONSTANT,2026-06-14T19:05:22Z,0.010934406901446585,,CONSTANT,
R2026032,R2026032,2398,Finish,Finishes,FINISH,fanduel,Top 20,Top 20,SINGLE,1,2398|1|0|42.584256454,0,42.584256454,31646,Emiliano Grillo,31646,31646,Emiliano Grillo,Emiliano Grillo,E. Grillo,,+750,750,0.11764705882352941,UP,2026-06-14T19:05:22Z,0.006174723897287482,,UP,
R2026032,R2026032,2398,Finish,Finishes,FINISH,fanduel,Top 20,Top 20,SINGLE,1,2398|1|0|42.584256454,0,42.584256454,29936,Ryan Fox,29936,29936,Ryan Fox,Ryan Fox,R. Fox,,-290,-290,0.7435897435897436,UP,2026-06-14T19:05:22Z,0.039027421555932425,,UP,
R2026032,R2026032,2398,Finish,Finishes,FINISH,fanduel,Top 20,Top 20,SINGLE,1,2398|1|0|42.584256454,0,42.584256454,36884,Ben Kohles,36884,36884,Ben Kohles,Ben Kohles,B. Kohles,,+650,650,0.13333333333333333,CONSTANT,2026-06-14T19:05:22Z,0.006998020416925814,,CONSTANT,
R2026032,R2026032,2398,Finish,Finishes,FINISH,fanduel,Top 20,Top 20,SINGLE,1,2398|1|0|42.584256454,0,42.584256454,29535,Brice Garnett,29535,29535,Brice Garnett,Brice Garnett,B. Garnett,,-900,-900,0.9,UP,2026-06-14T19:05:22Z,0.04723663781424924,,UP,
R2026032,R2026032,2398,Finish,Finishes,FINISH,fanduel,Top 20,Top 20,SINGLE,1,2398|1|0|42.584256454,0,42.584256454,27139,David Skinns,27139,27139,David Skinns,David Skinns,D. Skinns,,-290,-290,0.7435897435897436,UP,2026-06-14T19:05:22Z,0.039027421555932425,,UP,
R2026032,R2026032,2398,Finish,Finishes,FINISH,fanduel,Top 20,Top 20,SINGLE,1,2398|1|0|42.584256454,0,42.584256454,39546,Keith Mitchell,39546,39546,Keith Mitchell,Keith Mitchell,K. Mitchell,,+1300,1300,0.07142857142857142,DOWN,2026-06-14T19:05:22Z,0.0037489395090674,,DOWN,
R2026032,R2026032,2398,Finish,Finishes,FINISH,fanduel,Top 20,Top 20,SINGLE,1,2398|1|0|42.584256454,0,42.584256454,49947,Taylor Moore,49947,49947,Taylor Moore,Taylor Moore,T. Moore,,0,0,1.0,UP,2026-06-14T19:05:22Z,0.0524851531269436,,UP,
R2026032,R2026032,2398,Finish,Finishes,FINISH,fanduel,Top 20,Top 20,SINGLE,1,2398|1|0|42.584256454,0,42.584256454,33204,Shane Lowry,33204,33204,Shane Lowry,Shane Lowry,S. Lowry,,+170,170,0.37037037037037035,CONSTANT,2026-06-14T19:05:22Z,0.019438945602571703,,CONSTANT,
R2026032,R2026032,2398,Finish,Finishes,FINISH,fanduel,Top 20,Top 20,SINGLE,1,2398|1|0|42.584256454,0,42.584256454,30911,Tommy Fleetwood,30911,30911,Tommy Fleetwood,Tommy Fleetwood,T. Fleetwood,,-4000,-4000,0.975609756097561,UP,2026-06-14T19:05:22Z,0.051205027440920585,,UP,
R2026032,R2026032,2398,Finish,Finishes,FINISH,fanduel,Top 20,Top 20,SINGLE,1,2398|1|0|42.584256454,0,42.584256454,29420,Billy Horschel,29420,29420,Billy Horschel,Billy Horschel,B. Horschel,,+115,115,0.46511627906976744,UP,2026-06-14T19:05:22Z,0.024411699128810978,,UP,
R2026032,R2026032,2398,Finish,Finishes,FINISH,fanduel,Top 20,Top 20,SINGLE,1,2398|1|0|42.584256454,0,42.584256454,33399,Adam Hadwin,33399,33399,Adam Hadwin,Adam Hadwin,A. Hadwin,,+1700,1700,0.05555555555555555,DOWN,2026-06-14T19:05:22Z,0.0029158418403857555,,DOWN,
R2026032,R2026032,2398,Finish,Finishes,FINISH,fanduel,Top 20,Top 20,SINGLE,1,2398|1|0|42.584256454,0,42.584256454,47504,Sam Burns,47504,47504,Sam Burns,Sam Burns,S. Burns,,-4000,-4000,0.975609756097561,UP,2026-06-14T19:05:22Z,0.051205027440920585,,UP,
R2026032,R2026032,2398,Finish,Finishes,FINISH,fanduel,Top 20,Top 20,SINGLE,1,2398|1|0|42.584256454,0,42.584256454,52375,Doug Ghim,52375,52375,Doug Ghim,Doug Ghim,D. Ghim,,-1250,-1250,0.9259259259259259,UP,2026-06-14T19:05:22Z,0.048597364006429264,,UP,
R2026032,R2026032,2398,Finish,Finishes,FINISH,fanduel,Top 20,Top 20,SINGLE,1,2398|1|0|42.584256454,0,42.584256454,50525,Collin Morikawa,50525,50525,Collin Morikawa,Collin Morikawa,C. Morikawa,,+130,130,0.43478260869565216,DOWN,2026-06-14T19:05:22Z,0.022819631794323305,,DOWN,
R2026032,R2026032,2398,Finish,Finishes,FINISH,fanduel,Top 20,Top 20,SINGLE,1,2398|1|0|42.584256454,0,42.584256454,51600,Jimmy Stanger,51600,51600,Jimmy Stanger,Jimmy Stanger,J. Stanger,,-10000,-10000,0.9900990099009901,UP,2026-06-14T19:05:22Z,0.05196549814548872,,UP,
R2026032,R2026032,2398,Finish,Finishes,FINISH,fanduel,Top 20,Top 20,SINGLE,1,2398|1|0|42.584256454,0,42.584256454,40098,Matt Fitzpatrick,40098,40098,Matt Fitzpatrick,Matt Fitzpatrick,M. Fitzpatrick,,-1500,-1500,0.9375,UP,2026-06-14T19:05:22Z,0.04920483105650963,,UP,
R2026032,R2026032,2398,Finish,Finishes,FINISH,fanduel,Top 20,Top 20,SINGLE,1,2398|1|0|42.584256454,0,42.584256454,54576,Patrick Fishburn,54576,54576,Patrick Fishburn,Patrick Fishburn,P. Fishburn,,+300,300,0.25,UP,2026-06-14T19:05:22Z,0.0131212882817359,,UP,
R2026032,R2026032,2398,Finish,Finishes,FINISH,fanduel,Top 20,Top 20,SINGLE,1,2398|1|0|42.584256454,0,42.584256454,38991,Alejandro Tosti,38991,38991,Alejandro Tosti,Alejandro Tosti,A. Tosti,,+1000,1000,0.09090909090909091,UP,2026-06-14T19:05:22Z,0.004771377556994873,,UP,
R2026032,R2026032,2398,Finish,Finishes,FINISH,fanduel,Top 20,Top 20,SINGLE,1,2398|1|0|42.584256454,0,42.584256454,55721,Alex Fitzpatrick,55721,55721,Alex Fitzpatrick,Alex Fitzpatrick,A. Fitzpatrick,,+130,130,0.43478260869565216,UP,2026-06-14T19:05:22Z,0.022819631794323305,,UP,
R2026032,R2026032,2398,Finish,Finishes,FINISH,fanduel,Top 20,Top 20,SINGLE,1,2398|1|0|42.584256454,0,42.584256454,57586,Jesper Svensson,57586,57586,Jesper Svensson,Jesper Svensson,J. Svensson,,-1100,-1100,0.9166666666666666,UP,2026-06-14T19:05:22Z,0.04811139036636497,,UP,
R2026032,R2026032,2398,Finish,Finishes,FINISH,fanduel,Top 20,Top 20,SINGLE,1,2398|1|0|42.584256454,0,42.584256454,40250,Taylor Pendrith,40250,40250,Taylor Pendrith,Taylor Pendrith,T. Pendrith,,+1400,1400,0.06666666666666667,DOWN,2026-06-14T19:05:22Z,0.003499010208462907,,DOWN,
R2026032,R2026032,2398,Finish,Finishes,FINISH,fanduel,Top 20,Top 20,SINGLE,1,2398|1|0|42.584256454,0,42.584256454,57321,Matthew Anderson,57321,57321,Matthew Anderson,Matthew Anderson,M. Anderson,,-3000,-3000,0.967741935483871,UP,2026-06-14T19:05:22Z,0.05079208367123574,,UP,
R2026032,R2026032,2398,Finish,Finishes,FINISH,fanduel,Top 20,Top 20,SINGLE,1,2398|1|0|42.584256454,0,42.584256454,40006,Erik van Rooyen,40006,40006,Erik van Rooyen,Erik van Rooyen,E. van Rooyen,,+1600,1600,0.058823529411764705,DOWN,2026-06-14T19:05:22Z,0.003087361948643741,,DOWN,
R2026032,R2026032,2398,Finish,Finishes,FINISH,fanduel,Top 20,Top 20,SINGLE,1,2398|1|0|42.584256454,0,42.584256454,57900,Chandler Phillips,57900,57900,Chandler Phillips,Chandler Phillips,C. Phillips,,-115,-115,0.5348837209302325,UP,2026-06-14T19:05:22Z,0.028073453998132623,,UP,
R2026032,R2026032,2398,Finish,Finishes,FINISH,fanduel,Top 20,Top 20,SINGLE,1,2398|1|0|42.584256454,0,42.584256454,51634,Sahith Theegala,51634,51634,Sahith Theegala,Sahith Theegala,S. Theegala,,+1700,1700,0.05555555555555555,DOWN,2026-06-14T19:05:22Z,0.0029158418403857555,,DOWN,
R2026032,R2026032,2398,Finish,Finishes,FINISH,fanduel,Top 20,Top 20,SINGLE,1,2398|1|0|42.584256454,0,42.584256454,48153,Matthieu Pavon,48153,48153,Matthieu Pavon,Matthieu Pavon,M. Pavon,,+185,185,0.3508771929824561,UP,2026-06-14T19:05:22Z,0.01841584320243635,,UP,
R2026032,R2026032,2398,Finish,Finishes,FINISH,fanduel,Top 20,Top 20,SINGLE,1,2398|1|0|42.584256454,0,42.584256454,55182,Tom Kim,55182,55182,Tom Kim,Tom Kim,T. Kim,,-240,-240,0.7058823529411765,UP,2026-06-14T19:05:22Z,0.0370483433837249,,UP,
R2026032,R2026032,2398,Finish,Finishes,FINISH,fanduel,Top 20,Top 20,SINGLE,1,2398|1|0|42.584256454,0,42.584256454,60004,Jacob Bridgeman,60004,60004,Jacob Bridgeman,Jacob Bridgeman,J. Bridgeman,,+300,300,0.25,DOWN,2026-06-14T19:05:22Z,0.0131212882817359,,DOWN,
R2026032,R2026032,2398,Finish,Finishes,FINISH,fanduel,Top 20,Top 20,SINGLE,1,2398|1|0|42.584256454,0,42.584256454,50286,A.J. Ewart,50286,50286,A.J. Ewart,A.J. Ewart,A. Ewart,,+550,550,0.15384615384615385,UP,2026-06-14T19:05:22Z,0.008074638942606708,,UP,
R2026032,R2026032,2398,Finish,Finishes,FINISH,fanduel,Top 20,Top 20,SINGLE,1,2398|1|0|42.584256454,0,42.584256454,63121,William Mouw,63121,63121,William Mouw,William Mouw,W. Mouw,,-250,-250,0.7142857142857143,UP,2026-06-14T19:05:22Z,0.037489395090674005,,UP,
R2026032,R2026032,2398,Finish,Finishes,FINISH,fanduel,Top 20,Top 20,SINGLE,1,2398|1|0|42.584256454,0,42.584256454,63343,Aldrich Potgieter,63343,63343,Aldrich Potgieter,Aldrich Potgieter,A. Potgieter,,-350,-350,0.7777777777777778,UP,2026-06-14T19:05:22Z,0.04082178576540058,,UP,
R2026032,R2026032,2398,Finish,Finishes,FINISH,fanduel,Top 20,Top 20,SINGLE,1,2398|1|0|42.584256454,0,42.584256454,60386,Sudarshan Yellamaraju,60386,60386,Sudarshan Yellamaraju,Sudarshan Yellamaraju,S. Yellamaraju,,-240,-240,0.7058823529411765,UP,2026-06-14T19:05:22Z,0.0370483433837249,,UP,
R2026032,R2026032,2398,Finish,Finishes,FINISH,fanduel,Top 20,Top 20,SINGLE,1,2398|1|0|42.584256454,0,42.584256454,66562,Justin Matthews,66562,66562,Justin Matthews,Justin Matthews,J. Matthews,,-450,-450,0.8181818181818182,UP,2026-06-14T19:05:22Z,0.04294239801295386,,UP,
R2026032,R2026032,2398,Finish,Finishes,FINISH,fanduel,Top 20,Top 20,SINGLE,1,2398|1|0|42.584256454,0,42.584256454,66743,Luke Clanton,66743,66743,Luke Clanton,Luke Clanton,L. Clanton,,+145,145,0.40816326530612246,UP,2026-06-14T19:05:22Z,0.021422511480385143,,UP,
R2026032,R2026032,2398,Finish,Finishes,FINISH,fanduel,Top 5,Top 5,SINGLE,1,2398|2|0|42.584256464,0,42.584256464,34021,Bud Cauley,34021,34021,Bud Cauley,Bud Cauley,B. Cauley,,-290,-290,0.7435897435897436,UP,2026-06-14T19:05:22Z,0.10799149421002291,,UP,
R2026032,R2026032,2398,Finish,Finishes,FINISH,fanduel,Top 5,Top 5,SINGLE,1,2398|2|0|42.584256464,0,42.584256464,51766,Wyndham Clark,51766,51766,Wyndham Clark,Wyndham Clark,W. Clark,,+700,700,0.125,DOWN,2026-06-14T19:05:22Z,0.018153742561167644,,DOWN,
R2026032,R2026032,2398,Finish,Finishes,FINISH,fanduel,Top 5,Top 5,SINGLE,1,2398|2|0|42.584256464,0,42.584256464,39977,Max Homa,39977,39977,Max Homa,Max Homa,M. Homa,,+10000,10000,0.009900990099009901,DOWN,2026-06-14T19:05:22Z,0.001437920202864764,,DOWN,
R2026032,R2026032,2398,Finish,Finishes,FINISH,fanduel,Top 5,Top 5,SINGLE,1,2398|2|0|42.584256464,0,42.584256464,25493,Nick Taylor,25493,25493,Nick Taylor,Nick Taylor,N. Taylor,,+10000,10000,0.009900990099009901,DOWN,2026-06-14T19:05:22Z,0.001437920202864764,,DOWN,
R2026032,R2026032,2398,Finish,Finishes,FINISH,fanduel,Top 5,Top 5,SINGLE,1,2398|2|0|42.584256464,0,42.584256464,36824,Paul Peterson,36824,36824,Paul Peterson,Paul Peterson,P. Peterson,,+10000,10000,0.009900990099009901,DOWN,2026-06-14T19:05:22Z,0.001437920202864764,,DOWN,
R2026032,R2026032,2398,Finish,Finishes,FINISH,fanduel,Top 5,Top 5,SINGLE,1,2398|2|0|42.584256464,0,42.584256464,29936,Ryan Fox,29936,29936,Ryan Fox,Ryan Fox,R. Fox,,+1300,1300,0.07142857142857142,DOWN,2026-06-14T19:05:22Z,0.010373567177810081,,DOWN,
R2026032,R2026032,2398,Finish,Finishes,FINISH,fanduel,Top 5,Top 5,SINGLE,1,2398|2|0|42.584256464,0,42.584256464,40115,Adam Svensson,40115,40115,Adam Svensson,Adam Svensson,A. Svensson,,+10000,10000,0.009900990099009901,DOWN,2026-06-14T19:05:22Z,0.001437920202864764,,DOWN,
R2026032,R2026032,2398,Finish,Finishes,FINISH,fanduel,Top 5,Top 5,SINGLE,1,2398|2|0|42.584256464,0,42.584256464,29535,Brice Garnett,29535,29535,Brice Garnett,Brice Garnett,B. Garnett,,+300,300,0.25,UP,2026-06-14T19:05:22Z,0.03630748512233529,,UP,
R2026032,R2026032,2398,Finish,Finishes,FINISH,fanduel,Top 5,Top 5,SINGLE,1,2398|2|0|42.584256464,0,42.584256464,27139,David Skinns,27139,27139,David Skinns,David Skinns,D. Skinns,,+1700,1700,0.05555555555555555,UP,2026-06-14T19:05:22Z,0.008068330027185619,,UP,
R2026032,R2026032,2398,Finish,Finishes,FINISH,fanduel,Top 5,Top 5,SINGLE,1,2398|2|0|42.584256464,0,42.584256464,35310,Lanto Griffin,35310,35310,Lanto Griffin,Lanto Griffin,L. Griffin,,+10000,10000,0.009900990099009901,DOWN,2026-06-14T19:05:22Z,0.001437920202864764,,DOWN,
R2026032,R2026032,2398,Finish,Finishes,FINISH,fanduel,Top 5,Top 5,SINGLE,1,2398|2|0|42.584256464,0,42.584256464,49947,Taylor Moore,49947,49947,Taylor Moore,Taylor Moore,T. Moore,,+10000,10000,0.009900990099009901,DOWN,2026-06-14T19:05:22Z,0.001437920202864764,,DOWN,
R2026032,R2026032,2398,Finish,Finishes,FINISH,fanduel,Top 5,Top 5,SINGLE,1,2398|2|0|42.584256464,0,42.584256464,50582,Jeremy Paul,50582,50582,Jeremy Paul,Jeremy Paul,J. Paul,,+10000,10000,0.009900990099009901,CONSTANT,2026-06-14T19:05:22Z,0.001437920202864764,,CONSTANT,
R2026032,R2026032,2398,Finish,Finishes,FINISH,fanduel,Top 5,Top 5,SINGLE,1,2398|2|0|42.584256464,0,42.584256464,45522,Christiaan Bezuidenhout,45522,45522,Christiaan Bezuidenhout,Christiaan Bezuidenhout,C. Bezuidenhout,,+10000,10000,0.009900990099009901,DOWN,2026-06-14T19:05:22Z,0.001437920202864764,,DOWN,
R2026032,R2026032,2398,Finish,Finishes,FINISH,fanduel,Top 5,Top 5,SINGLE,1,2398|2|0|42.584256464,0,42.584256464,35296,Haotong Li,35296,35296,Haotong Li,Haotong Li,H. Li,,+10000,10000,0.009900990099009901,DOWN,2026-06-14T19:05:22Z,0.001437920202864764,,DOWN,
R2026032,R2026032,2398,Finish,Finishes,FINISH,fanduel,Top 5,Top 5,SINGLE,1,2398|2|0|42.584256464,0,42.584256464,33204,Shane Lowry,33204,33204,Shane Lowry,Shane Lowry,S. Lowry,,+10000,10000,0.009900990099009901,DOWN,2026-06-14T19:05:22Z,0.001437920202864764,,DOWN,
R2026032,R2026032,2398,Finish,Finishes,FINISH,fanduel,Top 5,Top 5,SINGLE,1,2398|2|0|42.584256464,0,42.584256464,30911,Tommy Fleetwood,30911,30911,Tommy Fleetwood,Tommy Fleetwood,T. Fleetwood,,+115,115,0.46511627906976744,UP,2026-06-14T19:05:22Z,0.06754880952992612,,UP,
R2026032,R2026032,2398,Finish,Finishes,FINISH,fanduel,Top 5,Top 5,SINGLE,1,2398|2|0|42.584256464,0,42.584256464,29420,Billy Horschel,29420,29420,Billy Horschel,Billy Horschel,B. Horschel,,+4000,4000,0.024390243902439025,DOWN,2026-06-14T19:05:22Z,0.0035421936704717353,,DOWN,
R2026032,R2026032,2398,Finish,Finishes,FINISH,fanduel,Top 5,Top 5,SINGLE,1,2398|2|0|42.584256464,0,42.584256464,33399,Adam Hadwin,33399,33399,Adam Hadwin,Adam Hadwin,A. Hadwin,,+10000,10000,0.009900990099009901,DOWN,2026-06-14T19:05:22Z,0.001437920202864764,,DOWN,
R2026032,R2026032,2398,Finish,Finishes,FINISH,fanduel,Top 5,Top 5,SINGLE,1,2398|2|0|42.584256464,0,42.584256464,47504,Sam Burns,47504,47504,Sam Burns,Sam Burns,S. Burns,,+105,105,0.4878048780487805,UP,2026-06-14T19:05:22Z,0.07084387340943471,,UP,
R2026032,R2026032,2398,Finish,Finishes,FINISH,fanduel,Top 5,Top 5,SINGLE,1,2398|2|0|42.584256464,0,42.584256464,52375,Doug Ghim,52375,52375,Doug Ghim,Doug Ghim,D. Ghim,,+2000,2000,0.047619047619047616,DOWN,2026-06-14T19:05:22Z,0.006915711451873387,,DOWN,
R2026032,R2026032,2398,Finish,Finishes,FINISH,fanduel,Top 5,Top 5,SINGLE,1,2398|2|0|42.584256464,0,42.584256464,50525,Collin Morikawa,50525,50525,Collin Morikawa,Collin Morikawa,C. Morikawa,,+10000,10000,0.009900990099009901,DOWN,2026-06-14T19:05:22Z,0.001437920202864764,,DOWN,
R2026032,R2026032,2398,Finish,Finishes,FINISH,fanduel,Top 5,Top 5,SINGLE,1,2398|2|0|42.584256464,0,42.584256464,49228,Keita Nakajima,49228,49228,Keita Nakajima,Keita Nakajima,K. Nakajima,,+10000,10000,0.009900990099009901,DOWN,2026-06-14T19:05:22Z,0.001437920202864764,,DOWN,
R2026032,R2026032,2398,Finish,Finishes,FINISH,fanduel,Top 5,Top 5,SINGLE,1,2398|2|0|42.584256464,0,42.584256464,51600,Jimmy Stanger,51600,51600,Jimmy Stanger,Jimmy Stanger,J. Stanger,,-190,-190,0.6551724137931034,UP,2026-06-14T19:05:22Z,0.09515065066543041,,UP,
R2026032,R2026032,2398,Finish,Finishes,FINISH,fanduel,Top 5,Top 5,SINGLE,1,2398|2|0|42.584256464,0,42.584256464,49120,Kensei Hirata,49120,49120,Kensei Hirata,Kensei Hirata,K. Hirata,,+10000,10000,0.009900990099009901,CONSTANT,2026-06-14T19:05:22Z,0.001437920202864764,,CONSTANT,
R2026032,R2026032,2398,Finish,Finishes,FINISH,fanduel,Top 5,Top 5,SINGLE,1,2398|2|0|42.584256464,0,42.584256464,49855,Kristoffer Reitan,49855,49855,Kristoffer Reitan,Kristoffer Reitan,K. Reitan,,+10000,10000,0.009900990099009901,DOWN,2026-06-14T19:05:22Z,0.001437920202864764,,DOWN,
R2026032,R2026032,2398,Finish,Finishes,FINISH,fanduel,Top 5,Top 5,SINGLE,1,2398|2|0|42.584256464,0,42.584256464,40098,Matt Fitzpatrick,40098,40098,Matt Fitzpatrick,Matt Fitzpatrick,M. Fitzpatrick,,+230,230,0.30303030303030304,UP,2026-06-14T19:05:22Z,0.04400907287555793,,UP,
R2026032,R2026032,2398,Finish,Finishes,FINISH,fanduel,Top 5,Top 5,SINGLE,1,2398|2|0|42.584256464,0,42.584256464,54576,Patrick Fishburn,54576,54576,Patrick Fishburn,Patrick Fishburn,P. Fishburn,,+10000,10000,0.009900990099009901,DOWN,2026-06-14T19:05:22Z,0.001437920202864764,,DOWN,
R2026032,R2026032,2398,Finish,Finishes,FINISH,fanduel,Top 5,Top 5,SINGLE,1,2398|2|0|42.584256464,0,42.584256464,38991,Alejandro Tosti,38991,38991,Alejandro Tosti,Alejandro Tosti,A. Tosti,,+10000,10000,0.009900990099009901,CONSTANT,2026-06-14T19:05:22Z,0.001437920202864764,,CONSTANT,
R2026032,R2026032,2398,Finish,Finishes,FINISH,fanduel,Top 5,Top 5,SINGLE,1,2398|2|0|42.584256464,0,42.584256464,46717,Viktor Hovland,46717,46717,Viktor Hovland,Viktor Hovland,V. Hovland,,-250,-250,0.7142857142857143,UP,2026-06-14T19:05:22Z,0.10373567177810082,,UP,
R2026032,R2026032,2398,Finish,Finishes,FINISH,fanduel,Top 5,Top 5,SINGLE,1,2398|2|0|42.584256464,0,42.584256464,55721,Alex Fitzpatrick,55721,55721,Alex Fitzpatrick,Alex Fitzpatrick,A. Fitzpatrick,,+10000,10000,0.009900990099009901,DOWN,2026-06-14T19:05:22Z,0.001437920202864764,,DOWN,
R2026032,R2026032,2398,Finish,Finishes,FINISH,fanduel,Top 5,Top 5,SINGLE,1,2398|2|0|42.584256464,0,42.584256464,55592,Joey Savoie,55592,55592,Joey Savoie,Joey Savoie,J. Savoie,,+10000,10000,0.009900990099009901,DOWN,2026-06-14T19:05:22Z,0.001437920202864764,,DOWN,
R2026032,R2026032,2398,Finish,Finishes,FINISH,fanduel,Top 5,Top 5,SINGLE,1,2398|2|0|42.584256464,0,42.584256464,57364,Michael Thorbjornsen,57364,57364,Michael Thorbjornsen,Michael Thorbjornsen,M. Thorbjornsen,,+10000,10000,0.009900990099009901,DOWN,2026-06-14T19:05:22Z,0.001437920202864764,,DOWN,
R2026032,R2026032,2398,Finish,Finishes,FINISH,fanduel,Top 5,Top 5,SINGLE,1,2398|2|0|42.584256464,0,42.584256464,57586,Jesper Svensson,57586,57586,Jesper Svensson,Jesper Svensson,J. Svensson,,+230,230,0.30303030303030304,UP,2026-06-14T19:05:22Z,0.04400907287555793,,UP,
R2026032,R2026032,2398,Finish,Finishes,FINISH,fanduel,Top 5,Top 5,SINGLE,1,2398|2|0|42.584256464,0,42.584256464,54783,Dylan Wu,54783,54783,Dylan Wu,Dylan Wu,D. Wu,,+10000,10000,0.009900990099009901,DOWN,2026-06-14T19:05:22Z,0.001437920202864764,,DOWN,
R2026032,R2026032,2398,Finish,Finishes,FINISH,fanduel,Top 5,Top 5,SINGLE,1,2398|2|0|42.584256464,0,42.584256464,39335,Kevin Roy,39335,39335,Kevin Roy,Kevin Roy,K. Roy,,+10000,10000,0.009900990099009901,DOWN,2026-06-14T19:05:22Z,0.001437920202864764,,DOWN,
R2026032,R2026032,2398,Finish,Finishes,FINISH,fanduel,Top 5,Top 5,SINGLE,1,2398|2|0|42.584256464,0,42.584256464,40250,Taylor Pendrith,40250,40250,Taylor Pendrith,Taylor Pendrith,T. Pendrith,,0,0,1.0,UP,2026-06-14T19:05:22Z,0.14522994048934115,,UP,
R2026032,R2026032,2398,Finish,Finishes,FINISH,fanduel,Top 5,Top 5,SINGLE,1,2398|2|0|42.584256464,0,42.584256464,57321,Matthew Anderson,57321,57321,Matthew Anderson,Matthew Anderson,M. Anderson,,+300,300,0.25,UP,2026-06-14T19:05:22Z,0.03630748512233529,,UP,
R2026032,R2026032,2398,Finish,Finishes,FINISH,fanduel,Top 5,Top 5,SINGLE,1,2398|2|0|42.584256464,0,42.584256464,57362,Austin Eckroat,57362,57362,Austin Eckroat,Austin Eckroat,A. Eckroat,,+10000,10000,0.009900990099009901,DOWN,2026-06-14T19:05:22Z,0.001437920202864764,,DOWN,
R2026032,R2026032,2398,Finish,Finishes,FINISH,fanduel,Top 5,Top 5,SINGLE,1,2398|2|0|42.584256464,0,42.584256464,54788,Chandler Blanchet,54788,54788,Chandler Blanchet,Chandler Blanchet,C. Blanchet,,+10000,10000,0.009900990099009901,DOWN,2026-06-14T19:05:22Z,0.001437920202864764,,DOWN,
R2026032,R2026032,2398,Finish,Finishes,FINISH,fanduel,Top 5,Top 5,SINGLE,1,2398|2|0|42.584256464,0,42.584256464,51634,Sahith Theegala,51634,51634,Sahith Theegala,Sahith Theegala,S. Theegala,,+10000,10000,0.009900990099009901,DOWN,2026-06-14T19:05:22Z,0.001437920202864764,,DOWN,
R2026032,R2026032,2398,Finish,Finishes,FINISH,fanduel,Top 5,Top 5,SINGLE,1,2398|2|0|42.584256464,0,42.584256464,60019,Jackson Suber,60019,60019,Jackson Suber,Jackson Suber,J. Suber,,-550,-550,0.8461538461538461,UP,2026-06-14T19:05:22Z,0.1228868727217502,,UP,
R2026032,R2026032,2398,Finish,Finishes,FINISH,fanduel,Top 5,Top 5,SINGLE,1,2398|2|0|42.584256464,0,42.584256464,55182,Tom Kim,55182,55182,Tom Kim,Tom Kim,T. Kim,,+10000,10000,0.009900990099009901,DOWN,2026-06-14T19:05:22Z,0.001437920202864764,,DOWN,
R2026032,R2026032,2398,Finish,Finishes,FINISH,fanduel,Top 5,Top 5,SINGLE,1,2398|2|0|42.584256464,0,42.584256464,59440,Ricky Castillo,59440,59440,Ricky Castillo,Ricky Castillo,R. Castillo,,+10000,10000,0.009900990099009901,DOWN,2026-06-14T19:05:22Z,0.001437920202864764,,DOWN,
R2026032,R2026032,2398,Finish,Finishes,FINISH,fanduel,Top 5,Top 5,SINGLE,1,2398|2|0|42.584256464,0,42.584256464,60067,Joe Highsmith,60067,60067,Joe Highsmith,Joe Highsmith,J. Highsmith,,+10000,10000,0.009900990099009901,CONSTANT,2026-06-14T19:05:22Z,0.001437920202864764,,CONSTANT,
R2026032,R2026032,2398,Finish,Finishes,FINISH,fanduel,Top 5,Top 5,SINGLE,1,2398|2|0|42.584256464,0,42.584256464,51894,Vince Whaley,51894,51894,Vince Whaley,Vince Whaley,V. Whaley,,+10000,10000,0.009900990099009901,DOWN,2026-06-14T19:05:22Z,0.001437920202864764,,DOWN,
R2026032,R2026032,2398,Finish,Finishes,FINISH,fanduel,Top 5,Top 5,SINGLE,1,2398|2|0|42.584256464,0,42.584256464,60004,Jacob Bridgeman,60004,60004,Jacob Bridgeman,Jacob Bridgeman,J. Bridgeman,,+10000,10000,0.009900990099009901,DOWN,2026-06-14T19:05:22Z,0.001437920202864764,,DOWN,
R2026032,R2026032,2398,Finish,Finishes,FINISH,fanduel,Top 5,Top 5,SINGLE,1,2398|2|0|42.584256464,0,42.584256464,50286,A.J. Ewart,50286,50286,A.J. Ewart,A.J. Ewart,A. Ewart,,+10000,10000,0.009900990099009901,DOWN,2026-06-14T19:05:22Z,0.001437920202864764,,DOWN,
R2026032,R2026032,2398,Finish,Finishes,FINISH,fanduel,Top 5,Top 5,SINGLE,1,2398|2|0|42.584256464,0,42.584256464,63121,William Mouw,63121,63121,William Mouw,William Mouw,W. Mouw,,+3000,3000,0.03225806451612903,CONSTANT,2026-06-14T19:05:22Z,0.004684836789978747,,CONSTANT,
R2026032,R2026032,2398,Finish,Finishes,FINISH,fanduel,Top 5,Top 5,SINGLE,1,2398|2|0|42.584256464,0,42.584256464,63343,Aldrich Potgieter,63343,63343,Aldrich Potgieter,Aldrich Potgieter,A. Potgieter,,+3500,3500,0.027777777777777776,DOWN,2026-06-14T19:05:22Z,0.004034165013592809,,DOWN,
R2026032,R2026032,2398,Finish,Finishes,FINISH,fanduel,Top 5,Top 5,SINGLE,1,2398|2|0|42.584256464,0,42.584256464,60386,Sudarshan Yellamaraju,60386,60386,Sudarshan Yellamaraju,Sudarshan Yellamaraju,S. Yellamaraju,,+1300,1300,0.07142857142857142,UP,2026-06-14T19:05:22Z,0.010373567177810081,,UP,
R2026032,R2026032,2398,Finish,Finishes,FINISH,fanduel,Top 5,Top 5,SINGLE,1,2398|2|0|42.584256464,0,42.584256464,47993,Denny McCarthy,47993,47993,Denny McCarthy,Denny McCarthy,D. McCarthy,,+10000,10000,0.009900990099009901,DOWN,2026-06-14T19:05:22Z,0.001437920202864764,,DOWN,
R2026032,R2026032,2398,Finish,Finishes,FINISH,fanduel,Top 5,Top 5,SINGLE,1,2398|2|0|42.584256464,0,42.584256464,66562,Justin Matthews,66562,66562,Justin Matthews,Justin Matthews,J. Matthews,,+1700,1700,0.05555555555555555,UP,2026-06-14T19:05:22Z,0.008068330027185619,,UP,
R2026032,R2026032,2398,Finish,Finishes,FINISH,fanduel,Top 5,Top 5,SINGLE,1,2398|2|0|42.584256464,0,42.584256464,66743,Luke Clanton,66743,66743,Luke Clanton,Luke Clanton,L. Clanton,,+10000,10000,0.009900990099009901,DOWN,2026-06-14T19:05:22Z,0.001437920202864764,,DOWN,
R2026032,R2026032,2398,Finish,Finishes,FINISH,fanduel,Top 5,Top 5,SINGLE,1,2398|2|0|42.584256464,0,42.584256464,57869,Ben James,57869,57869,Ben James,Ben James,B. James,,+10000,10000,0.009900990099009901,DOWN,2026-06-14T19:05:22Z,0.001437920202864764,,DOWN,
R2026032,R2026032,2398,Finish,Finishes,FINISH,fanduel,Top 5,Top 5,SINGLE,1,2398|2|0|42.584256464,0,42.584256464,63454,Johnny Keefer,63454,63454,Johnny Keefer,Johnny Keefer,J. Keefer,,+10000,10000,0.009900990099009901,DOWN,2026-06-14T19:05:22Z,0.001437920202864764,,DOWN,
R2026032,R2026032,2398,Finish,Finishes,FINISH,fanduel,Top 5,Top 5,SINGLE,1,2398|2|0|42.584256464,0,42.584256464,69319,Calen Sanderson,69319,69319,Calen Sanderson,Calen Sanderson,C. Sanderson,,+10000,10000,0.009900990099009901,CONSTANT,2026-06-14T19:05:22Z,0.001437920202864764,,CONSTANT,
R2026032,R2026032,2400,Group Props,Groups,GROUP,fanduel,Group,Group A,SINGLE,1,2400|0|0|42.584319217,0,42.584319217,34021,Bud Cauley,34021,34021,Bud Cauley,Bud Cauley,B. Cauley,,-1500,-1500,0.9375,UP,2026-06-14T19:05:22Z,0.8947845238281189,,UP,
R2026032,R2026032,2400,Group Props,Groups,GROUP,fanduel,Group,Group A,SINGLE,1,2400|0|0|42.584319217,0,42.584319217,29936,Ryan Fox,29936,29936,Ryan Fox,Ryan Fox,R. Fox,,+850,850,0.10526315789473684,DOWN,2026-06-14T19:05:22Z,0.10046703425438527,,DOWN,
R2026032,R2026032,2400,Group Props,Groups,GROUP,fanduel,Group,Group A,SINGLE,1,2400|0|0|42.584319217,0,42.584319217,51634,Sahith Theegala,51634,51634,Sahith Theegala,Sahith Theegala,S. Theegala,,+20000,20000,0.004975124378109453,DOWN,2026-06-14T19:05:22Z,0.0047484419174958215,,DOWN,
R2026032,R2026032,2400,Group Props,Groups,GROUP,fanduel,Group,Group B,SINGLE,1,2400|0|1|42.584319219,0,42.584319219,51766,Wyndham Clark,51766,51766,Wyndham Clark,Wyndham Clark,W. Clark,,+1000,1000,0.09090909090909091,DOWN,2026-06-14T19:05:22Z,0.08019306315945673,,DOWN,
R2026032,R2026032,2400,Group Props,Groups,GROUP,fanduel,Group,Group B,SINGLE,1,2400|0|1|42.584319219,0,42.584319219,30911,Tommy Fleetwood,30911,30911,Tommy Fleetwood,Tommy Fleetwood,T. Fleetwood,,+155,155,0.39215686274509803,UP,2026-06-14T19:05:22Z,0.3459308606878526,,UP,
R2026032,R2026032,2400,Group Props,Groups,GROUP,fanduel,Group,Group B,SINGLE,1,2400|0|1|42.584319219,0,42.584319219,47504,Sam Burns,47504,47504,Sam Burns,Sam Burns,S. Burns,,+140,140,0.4166666666666667,UP,2026-06-14T19:05:22Z,0.3675515394808434,,UP,
R2026032,R2026032,2400,Group Props,Groups,GROUP,fanduel,Group,Group B,SINGLE,1,2400|0|1|42.584319219,0,42.584319219,50525,Collin Morikawa,50525,50525,Collin Morikawa,Collin Morikawa,C. Morikawa,,+15000,15000,0.006622516556291391,DOWN,2026-06-14T19:05:22Z,0.005841878773205458,,DOWN,
R2026032,R2026032,2400,Group Props,Groups,GROUP,fanduel,Group,Group B,SINGLE,1,2400|0|1|42.584319219,0,42.584319219,40098,Matt Fitzpatrick,40098,40098,Matt Fitzpatrick,Matt Fitzpatrick,M. Fitzpatrick,,+340,340,0.22727272727272727,DOWN,2026-06-14T19:05:22Z,0.20048265789864184,,DOWN,
R2026032,R2026032,2400,Group Props,Groups,GROUP,fanduel,Group,Group C,SINGLE,1,2400|0|2|42.584319216,0,42.584319216,55721,Alex Fitzpatrick,55721,55721,Alex Fitzpatrick,Alex Fitzpatrick,A. Fitzpatrick,,-290,-290,0.7435897435897436,UP,2026-06-14T19:05:22Z,0.6757265668526133,,UP,
R2026032,R2026032,2400,Group Props,Groups,GROUP,fanduel,Group,Group C,SINGLE,1,2400|0|2|42.584319216,0,42.584319216,57975,Harry Hall,57975,57975,Harry Hall,Harry Hall,H. Hall,,+5500,5500,0.017857142857142856,DOWN,2026-06-14T19:05:22Z,0.01622742371136202,,DOWN,
R2026032,R2026032,2400,Group Props,Groups,GROUP,fanduel,Group,Group C,SINGLE,1,2400|0|2|42.584319216,0,42.584319216,60004,Jacob Bridgeman,60004,60004,Jacob Bridgeman,Jacob Bridgeman,J. Bridgeman,,+195,195,0.3389830508474576,UP,2026-06-14T19:05:22Z,0.3080460094360247,,UP,
R2026032,R2026032,2399,Player Props,Player Props,PLAYER_PROPS,fanduel,Winner w/o Fleetwood / M. Fitzpatrick / Clark / Burns,Winner w/o Fleetwood / M. Fitzpatrick / Clark / Burns,SINGLE,1,2399|0|0|42.584559577,0,42.584559577,34021,Bud Cauley,34021,34021,Bud Cauley,Bud Cauley,B. Cauley,,+300,300,0.25,UP,2026-06-14T19:05:22Z,0.20466308129123684,,UP,
R2026032,R2026032,2399,Player Props,Player Props,PLAYER_PROPS,fanduel,Winner w/o Fleetwood / M. Fitzpatrick / Clark / Burns,Winner w/o Fleetwood / M. Fitzpatrick / Clark / Burns,SINGLE,1,2399|0|0|42.584559577,0,42.584559577,39977,Max Homa,39977,39977,Max Homa,Max Homa,M. Homa,,+75000,75000,0.0013315579227696406,DOWN,2026-06-14T19:05:22Z,0.0010900829895671737,,DOWN,
R2026032,R2026032,2399,Player Props,Player Props,PLAYER_PROPS,fanduel,Winner w/o Fleetwood / M. Fitzpatrick / Clark / Burns,Winner w/o Fleetwood / M. Fitzpatrick / Clark / Burns,SINGLE,1,2399|0|0|42.584559577,0,42.584559577,25493,Nick Taylor,25493,25493,Nick Taylor,Nick Taylor,N. Taylor,,+75000,75000,0.0013315579227696406,DOWN,2026-06-14T19:05:22Z,0.0010900829895671737,,DOWN,
R2026032,R2026032,2399,Player Props,Player Props,PLAYER_PROPS,fanduel,Winner w/o Fleetwood / M. Fitzpatrick / Clark / Burns,Winner w/o Fleetwood / M. Fitzpatrick / Clark / Burns,SINGLE,1,2399|0|0|42.584559577,0,42.584559577,36824,Paul Peterson,36824,36824,Paul Peterson,Paul Peterson,P. Peterson,,+75000,75000,0.0013315579227696406,DOWN,2026-06-14T19:05:22Z,0.0010900829895671737,,DOWN,
R2026032,R2026032,2399,Player Props,Player Props,PLAYER_PROPS,fanduel,Winner w/o Fleetwood / M. Fitzpatrick / Clark / Burns,Winner w/o Fleetwood / M. Fitzpatrick / Clark / Burns,SINGLE,1,2399|0|0|42.584559577,0,42.584559577,29936,Ryan Fox,29936,29936,Ryan Fox,Ryan Fox,R. Fox,,+15000,15000,0.006622516556291391,DOWN,2026-06-14T19:05:22Z,0.005421538577251307,,DOWN,
R2026032,R2026032,2399,Player Props,Player Props,PLAYER_PROPS,fanduel,Winner w/o Fleetwood / M. Fitzpatrick / Clark / Burns,Winner w/o Fleetwood / M. Fitzpatrick / Clark / Burns,SINGLE,1,2399|0|0|42.584559577,0,42.584559577,40115,Adam Svensson,40115,40115,Adam Svensson,Adam Svensson,A. Svensson,,+75000,75000,0.0013315579227696406,DOWN,2026-06-14T19:05:22Z,0.0010900829895671737,,DOWN,
R2026032,R2026032,2399,Player Props,Player Props,PLAYER_PROPS,fanduel,Winner w/o Fleetwood / M. Fitzpatrick / Clark / Burns,Winner w/o Fleetwood / M. Fitzpatrick / Clark / Burns,SINGLE,1,2399|0|0|42.584559577,0,42.584559577,39327,Ben Silverman,39327,39327,Ben Silverman,Ben Silverman,B. Silverman,,+75000,75000,0.0013315579227696406,DOWN,2026-06-14T19:05:22Z,0.0010900829895671737,,DOWN,
R2026032,R2026032,2399,Player Props,Player Props,PLAYER_PROPS,fanduel,Winner w/o Fleetwood / M. Fitzpatrick / Clark / Burns,Winner w/o Fleetwood / M. Fitzpatrick / Clark / Burns,SINGLE,1,2399|0|0|42.584559577,0,42.584559577,29535,Brice Garnett,29535,29535,Brice Garnett,Brice Garnett,B. Garnett,,+3000,3000,0.03225806451612903,UP,2026-06-14T19:05:22Z,0.026408139521449915,,UP,
R2026032,R2026032,2399,Player Props,Player Props,PLAYER_PROPS,fanduel,Winner w/o Fleetwood / M. Fitzpatrick / Clark / Burns,Winner w/o Fleetwood / M. Fitzpatrick / Clark / Burns,SINGLE,1,2399|0|0|42.584559577,0,42.584559577,27139,David Skinns,27139,27139,David Skinns,David Skinns,D. Skinns,,+25000,25000,0.00398406374501992,CONSTANT,2026-06-14T19:05:22Z,0.0032615630484659256,,CONSTANT,
R2026032,R2026032,2399,Player Props,Player Props,PLAYER_PROPS,fanduel,Winner w/o Fleetwood / M. Fitzpatrick / Clark / Burns,Winner w/o Fleetwood / M. Fitzpatrick / Clark / Burns,SINGLE,1,2399|0|0|42.584559577,0,42.584559577,35310,Lanto Griffin,35310,35310,Lanto Griffin,Lanto Griffin,L. Griffin,,+75000,75000,0.0013315579227696406,DOWN,2026-06-14T19:05:22Z,0.0010900829895671737,,DOWN,
R2026032,R2026032,2399,Player Props,Player Props,PLAYER_PROPS,fanduel,Winner w/o Fleetwood / M. Fitzpatrick / Clark / Burns,Winner w/o Fleetwood / M. Fitzpatrick / Clark / Burns,SINGLE,1,2399|0|0|42.584559577,0,42.584559577,49947,Taylor Moore,49947,49947,Taylor Moore,Taylor Moore,T. Moore,,+75000,75000,0.0013315579227696406,DOWN,2026-06-14T19:05:22Z,0.0010900829895671737,,DOWN,
R2026032,R2026032,2399,Player Props,Player Props,PLAYER_PROPS,fanduel,Winner w/o Fleetwood / M. Fitzpatrick / Clark / Burns,Winner w/o Fleetwood / M. Fitzpatrick / Clark / Burns,SINGLE,1,2399|0|0|42.584559577,0,42.584559577,50582,Jeremy Paul,50582,50582,Jeremy Paul,Jeremy Paul,J. Paul,,+75000,75000,0.0013315579227696406,DOWN,2026-06-14T19:05:22Z,0.0010900829895671737,,DOWN,
R2026032,R2026032,2399,Player Props,Player Props,PLAYER_PROPS,fanduel,Winner w/o Fleetwood / M. Fitzpatrick / Clark / Burns,Winner w/o Fleetwood / M. Fitzpatrick / Clark / Burns,SINGLE,1,2399|0|0|42.584559577,0,42.584559577,45522,Christiaan Bezuidenhout,45522,45522,Christiaan Bezuidenhout,Christiaan Bezuidenhout,C. Bezuidenhout,,+75000,75000,0.0013315579227696406,DOWN,2026-06-14T19:05:22Z,0.0010900829895671737,,DOWN,
R2026032,R2026032,2399,Player Props,Player Props,PLAYER_PROPS,fanduel,Winner w/o Fleetwood / M. Fitzpatrick / Clark / Burns,Winner w/o Fleetwood / M. Fitzpatrick / Clark / Burns,SINGLE,1,2399|0|0|42.584559577,0,42.584559577,35296,Haotong Li,35296,35296,Haotong Li,Haotong Li,H. Li,,+75000,75000,0.0013315579227696406,DOWN,2026-06-14T19:05:22Z,0.0010900829895671737,,DOWN,
R2026032,R2026032,2399,Player Props,Player Props,PLAYER_PROPS,fanduel,Winner w/o Fleetwood / M. Fitzpatrick / Clark / Burns,Winner w/o Fleetwood / M. Fitzpatrick / Clark / Burns,SINGLE,1,2399|0|0|42.584559577,0,42.584559577,33204,Shane Lowry,33204,33204,Shane Lowry,Shane Lowry,S. Lowry,,+75000,75000,0.0013315579227696406,DOWN,2026-06-14T19:05:22Z,0.0010900829895671737,,DOWN,
R2026032,R2026032,2399,Player Props,Player Props,PLAYER_PROPS,fanduel,Winner w/o Fleetwood / M. Fitzpatrick / Clark / Burns,Winner w/o Fleetwood / M. Fitzpatrick / Clark / Burns,SINGLE,1,2399|0|0|42.584559577,0,42.584559577,29420,Billy Horschel,29420,29420,Billy Horschel,Billy Horschel,B. Horschel,,+75000,75000,0.0013315579227696406,DOWN,2026-06-14T19:05:22Z,0.0010900829895671737,,DOWN,
R2026032,R2026032,2399,Player Props,Player Props,PLAYER_PROPS,fanduel,Winner w/o Fleetwood / M. Fitzpatrick / Clark / Burns,Winner w/o Fleetwood / M. Fitzpatrick / Clark / Burns,SINGLE,1,2399|0|0|42.584559577,0,42.584559577,33399,Adam Hadwin,33399,33399,Adam Hadwin,Adam Hadwin,A. Hadwin,,+75000,75000,0.0013315579227696406,DOWN,2026-06-14T19:05:22Z,0.0010900829895671737,,DOWN,
R2026032,R2026032,2399,Player Props,Player Props,PLAYER_PROPS,fanduel,Winner w/o Fleetwood / M. Fitzpatrick / Clark / Burns,Winner w/o Fleetwood / M. Fitzpatrick / Clark / Burns,SINGLE,1,2399|0|0|42.584559577,0,42.584559577,52375,Doug Ghim,52375,52375,Doug Ghim,Doug Ghim,D. Ghim,,+60000,60000,0.0016638935108153079,DOWN,2026-06-14T19:05:22Z,0.0013621502914558192,,DOWN,
R2026032,R2026032,2399,Player Props,Player Props,PLAYER_PROPS,fanduel,Winner w/o Fleetwood / M. Fitzpatrick / Clark / Burns,Winner w/o Fleetwood / M. Fitzpatrick / Clark / Burns,SINGLE,1,2399|0|0|42.584559577,0,42.584559577,50525,Collin Morikawa,50525,50525,Collin Morikawa,Collin Morikawa,C. Morikawa,,+75000,75000,0.0013315579227696406,DOWN,2026-06-14T19:05:22Z,0.0010900829895671737,,DOWN,
R2026032,R2026032,2399,Player Props,Player Props,PLAYER_PROPS,fanduel,Winner w/o Fleetwood / M. Fitzpatrick / Clark / Burns,Winner w/o Fleetwood / M. Fitzpatrick / Clark / Burns,SINGLE,1,2399|0|0|42.584559577,0,42.584559577,49228,Keita Nakajima,49228,49228,Keita Nakajima,Keita Nakajima,K. Nakajima,,+75000,75000,0.0013315579227696406,DOWN,2026-06-14T19:05:22Z,0.0010900829895671737,,DOWN,
R2026032,R2026032,2399,Player Props,Player Props,PLAYER_PROPS,fanduel,Winner w/o Fleetwood / M. Fitzpatrick / Clark / Burns,Winner w/o Fleetwood / M. Fitzpatrick / Clark / Burns,SINGLE,1,2399|0|0|42.584559577,0,42.584559577,47917,Takumi Kanaya,47917,47917,Takumi Kanaya,Takumi Kanaya,T. Kanaya,,+75000,75000,0.0013315579227696406,DOWN,2026-06-14T19:05:22Z,0.0010900829895671737,,DOWN,
R2026032,R2026032,2399,Player Props,Player Props,PLAYER_PROPS,fanduel,Winner w/o Fleetwood / M. Fitzpatrick / Clark / Burns,Winner w/o Fleetwood / M. Fitzpatrick / Clark / Burns,SINGLE,1,2399|0|0|42.584559577,0,42.584559577,51600,Jimmy Stanger,51600,51600,Jimmy Stanger,Jimmy Stanger,J. Stanger,,+500,500,0.16666666666666666,UP,2026-06-14T19:05:22Z,0.1364420541941579,,UP,
R2026032,R2026032,2399,Player Props,Player Props,PLAYER_PROPS,fanduel,Winner w/o Fleetwood / M. Fitzpatrick / Clark / Burns,Winner w/o Fleetwood / M. Fitzpatrick / Clark / Burns,SINGLE,1,2399|0|0|42.584559577,0,42.584559577,49120,Kensei Hirata,49120,49120,Kensei Hirata,Kensei Hirata,K. Hirata,,+75000,75000,0.0013315579227696406,DOWN,2026-06-14T19:05:22Z,0.0010900829895671737,,DOWN,
R2026032,R2026032,2399,Player Props,Player Props,PLAYER_PROPS,fanduel,Winner w/o Fleetwood / M. Fitzpatrick / Clark / Burns,Winner w/o Fleetwood / M. Fitzpatrick / Clark / Burns,SINGLE,1,2399|0|0|42.584559577,0,42.584559577,49855,Kristoffer Reitan,49855,49855,Kristoffer Reitan,Kristoffer Reitan,K. Reitan,,+75000,75000,0.0013315579227696406,DOWN,2026-06-14T19:05:22Z,0.0010900829895671737,,DOWN,
R2026032,R2026032,2399,Player Props,Player Props,PLAYER_PROPS,fanduel,Winner w/o Fleetwood / M. Fitzpatrick / Clark / Burns,Winner w/o Fleetwood / M. Fitzpatrick / Clark / Burns,SINGLE,1,2399|0|0|42.584559577,0,42.584559577,54576,Patrick Fishburn,54576,54576,Patrick Fishburn,Patrick Fishburn,P. Fishburn,,+75000,75000,0.0013315579227696406,DOWN,2026-06-14T19:05:22Z,0.0010900829895671737,,DOWN,
R2026032,R2026032,2399,Player Props,Player Props,PLAYER_PROPS,fanduel,Winner w/o Fleetwood / M. Fitzpatrick / Clark / Burns,Winner w/o Fleetwood / M. Fitzpatrick / Clark / Burns,SINGLE,1,2399|0|0|42.584559577,0,42.584559577,38991,Alejandro Tosti,38991,38991,Alejandro Tosti,Alejandro Tosti,A. Tosti,,+75000,75000,0.0013315579227696406,DOWN,2026-06-14T19:05:22Z,0.0010900829895671737,,DOWN,
R2026032,R2026032,2399,Player Props,Player Props,PLAYER_PROPS,fanduel,Winner w/o Fleetwood / M. Fitzpatrick / Clark / Burns,Winner w/o Fleetwood / M. Fitzpatrick / Clark / Burns,SINGLE,1,2399|0|0|42.584559577,0,42.584559577,46717,Viktor Hovland,46717,46717,Viktor Hovland,Viktor Hovland,V. Hovland,,+430,430,0.18867924528301888,UP,2026-06-14T19:05:22Z,0.15446270286131084,,UP,
R2026032,R2026032,2399,Player Props,Player Props,PLAYER_PROPS,fanduel,Winner w/o Fleetwood / M. Fitzpatrick / Clark / Burns,Winner w/o Fleetwood / M. Fitzpatrick / Clark / Burns,SINGLE,1,2399|0|0|42.584559577,0,42.584559577,55592,Joey Savoie,55592,55592,Joey Savoie,Joey Savoie,J. Savoie,,+75000,75000,0.0013315579227696406,DOWN,2026-06-14T19:05:22Z,0.0010900829895671737,,DOWN,
R2026032,R2026032,2399,Player Props,Player Props,PLAYER_PROPS,fanduel,Winner w/o Fleetwood / M. Fitzpatrick / Clark / Burns,Winner w/o Fleetwood / M. Fitzpatrick / Clark / Burns,SINGLE,1,2399|0|0|42.584559577,0,42.584559577,57364,Michael Thorbjornsen,57364,57364,Michael Thorbjornsen,Michael Thorbjornsen,M. Thorbjornsen,,+75000,75000,0.0013315579227696406,DOWN,2026-06-14T19:05:22Z,0.0010900829895671737,,DOWN,
R2026032,R2026032,2399,Player Props,Player Props,PLAYER_PROPS,fanduel,Winner w/o Fleetwood / M. Fitzpatrick / Clark / Burns,Winner w/o Fleetwood / M. Fitzpatrick / Clark / Burns,SINGLE,1,2399|0|0|42.584559577,0,42.584559577,57586,Jesper Svensson,57586,57586,Jesper Svensson,Jesper Svensson,J. Svensson,,+2000,2000,0.047619047619047616,UP,2026-06-14T19:05:22Z,0.03898344405547368,,UP,
R2026032,R2026032,2399,Player Props,Player Props,PLAYER_PROPS,fanduel,Winner w/o Fleetwood / M. Fitzpatrick / Clark / Burns,Winner w/o Fleetwood / M. Fitzpatrick / Clark / Burns,SINGLE,1,2399|0|0|42.584559577,0,42.584559577,54783,Dylan Wu,54783,54783,Dylan Wu,Dylan Wu,D. Wu,,+75000,75000,0.0013315579227696406,DOWN,2026-06-14T19:05:22Z,0.0010900829895671737,,DOWN,
R2026032,R2026032,2399,Player Props,Player Props,PLAYER_PROPS,fanduel,Winner w/o Fleetwood / M. Fitzpatrick / Clark / Burns,Winner w/o Fleetwood / M. Fitzpatrick / Clark / Burns,SINGLE,1,2399|0|0|42.584559577,0,42.584559577,39335,Kevin Roy,39335,39335,Kevin Roy,Kevin Roy,K. Roy,,+75000,75000,0.0013315579227696406,DOWN,2026-06-14T19:05:22Z,0.0010900829895671737,,DOWN,
R2026032,R2026032,2399,Player Props,Player Props,PLAYER_PROPS,fanduel,Winner w/o Fleetwood / M. Fitzpatrick / Clark / Burns,Winner w/o Fleetwood / M. Fitzpatrick / Clark / Burns,SINGLE,1,2399|0|0|42.584559577,0,42.584559577,40250,Taylor Pendrith,40250,40250,Taylor Pendrith,Taylor Pendrith,T. Pendrith,,+75000,75000,0.0013315579227696406,DOWN,2026-06-14T19:05:22Z,0.0010900829895671737,,DOWN,
R2026032,R2026032,2399,Player Props,Player Props,PLAYER_PROPS,fanduel,Winner w/o Fleetwood / M. Fitzpatrick / Clark / Burns,Winner w/o Fleetwood / M. Fitzpatrick / Clark / Burns,SINGLE,1,2399|0|0|42.584559577,0,42.584559577,57321,Matthew Anderson,57321,57321,Matthew Anderson,Matthew Anderson,M. Anderson,,+4000,4000,0.024390243902439025,UP,2026-06-14T19:05:22Z,0.019967129882071888,,UP,
R2026032,R2026032,2399,Player Props,Player Props,PLAYER_PROPS,fanduel,Winner w/o Fleetwood / M. Fitzpatrick / Clark / Burns,Winner w/o Fleetwood / M. Fitzpatrick / Clark / Burns,SINGLE,1,2399|0|0|42.584559577,0,42.584559577,57362,Austin Eckroat,57362,57362,Austin Eckroat,Austin Eckroat,A. Eckroat,,+75000,75000,0.0013315579227696406,DOWN,2026-06-14T19:05:22Z,0.0010900829895671737,,DOWN,
R2026032,R2026032,2399,Player Props,Player Props,PLAYER_PROPS,fanduel,Winner w/o Fleetwood / M. Fitzpatrick / Clark / Burns,Winner w/o Fleetwood / M. Fitzpatrick / Clark / Burns,SINGLE,1,2399|0|0|42.584559577,0,42.584559577,54788,Chandler Blanchet,54788,54788,Chandler Blanchet,Chandler Blanchet,C. Blanchet,,+75000,75000,0.0013315579227696406,DOWN,2026-06-14T19:05:22Z,0.0010900829895671737,,DOWN,
R2026032,R2026032,2399,Player Props,Player Props,PLAYER_PROPS,fanduel,Winner w/o Fleetwood / M. Fitzpatrick / Clark / Burns,Winner w/o Fleetwood / M. Fitzpatrick / Clark / Burns,SINGLE,1,2399|0|0|42.584559577,0,42.584559577,51634,Sahith Theegala,51634,51634,Sahith Theegala,Sahith Theegala,S. Theegala,,+75000,75000,0.0013315579227696406,DOWN,2026-06-14T19:05:22Z,0.0010900829895671737,,DOWN,
R2026032,R2026032,2399,Player Props,Player Props,PLAYER_PROPS,fanduel,Winner w/o Fleetwood / M. Fitzpatrick / Clark / Burns,Winner w/o Fleetwood / M. Fitzpatrick / Clark / Burns,SINGLE,1,2399|0|0|42.584559577,0,42.584559577,60019,Jackson Suber,60019,60019,Jackson Suber,Jackson Suber,J. Suber,,+130,130,0.43478260869565216,UP,2026-06-14T19:05:22Z,0.3559357935499771,,UP,
R2026032,R2026032,2399,Player Props,Player Props,PLAYER_PROPS,fanduel,Winner w/o Fleetwood / M. Fitzpatrick / Clark / Burns,Winner w/o Fleetwood / M. Fitzpatrick / Clark / Burns,SINGLE,1,2399|0|0|42.584559577,0,42.584559577,59440,Ricky Castillo,59440,59440,Ricky Castillo,Ricky Castillo,R. Castillo,,+75000,75000,0.0013315579227696406,DOWN,2026-06-14T19:05:22Z,0.0010900829895671737,,DOWN,
R2026032,R2026032,2399,Player Props,Player Props,PLAYER_PROPS,fanduel,Winner w/o Fleetwood / M. Fitzpatrick / Clark / Burns,Winner w/o Fleetwood / M. Fitzpatrick / Clark / Burns,SINGLE,1,2399|0|0|42.584559577,0,42.584559577,60067,Joe Highsmith,60067,60067,Joe Highsmith,Joe Highsmith,J. Highsmith,,+75000,75000,0.0013315579227696406,CONSTANT,2026-06-14T19:05:22Z,0.0010900829895671737,,CONSTANT,
R2026032,R2026032,2399,Player Props,Player Props,PLAYER_PROPS,fanduel,Winner w/o Fleetwood / M. Fitzpatrick / Clark / Burns,Winner w/o Fleetwood / M. Fitzpatrick / Clark / Burns,SINGLE,1,2399|0|0|42.584559577,0,42.584559577,51894,Vince Whaley,51894,51894,Vince Whaley,Vince Whaley,V. Whaley,,+75000,75000,0.0013315579227696406,DOWN,2026-06-14T19:05:22Z,0.0010900829895671737,,DOWN,
R2026032,R2026032,2399,Player Props,Player Props,PLAYER_PROPS,fanduel,Winner w/o Fleetwood / M. Fitzpatrick / Clark / Burns,Winner w/o Fleetwood / M. Fitzpatrick / Clark / Burns,SINGLE,1,2399|0|0|42.584559577,0,42.584559577,60004,Jacob Bridgeman,60004,60004,Jacob Bridgeman,Jacob Bridgeman,J. Bridgeman,,+75000,75000,0.0013315579227696406,DOWN,2026-06-14T19:05:22Z,0.0010900829895671737,,DOWN,
R2026032,R2026032,2399,Player Props,Player Props,PLAYER_PROPS,fanduel,Winner w/o Fleetwood / M. Fitzpatrick / Clark / Burns,Winner w/o Fleetwood / M. Fitzpatrick / Clark / Burns,SINGLE,1,2399|0|0|42.584559577,0,42.584559577,50286,A.J. Ewart,50286,50286,A.J. Ewart,A.J. Ewart,A. Ewart,,+75000,75000,0.0013315579227696406,DOWN,2026-06-14T19:05:22Z,0.0010900829895671737,,DOWN,
R2026032,R2026032,2399,Player Props,Player Props,PLAYER_PROPS,fanduel,Winner w/o Fleetwood / M. Fitzpatrick / Clark / Burns,Winner w/o Fleetwood / M. Fitzpatrick / Clark / Burns,SINGLE,1,2399|0|0|42.584559577,0,42.584559577,63121,William Mouw,63121,63121,William Mouw,William Mouw,W. Mouw,,+60000,60000,0.0016638935108153079,DOWN,2026-06-14T19:05:22Z,0.0013621502914558192,,DOWN,
R2026032,R2026032,2399,Player Props,Player Props,PLAYER_PROPS,fanduel,Winner w/o Fleetwood / M. Fitzpatrick / Clark / Burns,Winner w/o Fleetwood / M. Fitzpatrick / Clark / Burns,SINGLE,1,2399|0|0|42.584559577,0,42.584559577,63343,Aldrich Potgieter,63343,63343,Aldrich Potgieter,Aldrich Potgieter,A. Potgieter,,+75000,75000,0.0013315579227696406,DOWN,2026-06-14T19:05:22Z,0.0010900829895671737,,DOWN,
R2026032,R2026032,2399,Player Props,Player Props,PLAYER_PROPS,fanduel,Winner w/o Fleetwood / M. Fitzpatrick / Clark / Burns,Winner w/o Fleetwood / M. Fitzpatrick / Clark / Burns,SINGLE,1,2399|0|0|42.584559577,0,42.584559577,60386,Sudarshan Yellamaraju,60386,60386,Sudarshan Yellamaraju,Sudarshan Yellamaraju,S. Yellamaraju,,+12500,12500,0.007936507936507936,DOWN,2026-06-14T19:05:22Z,0.006497240675912281,,DOWN,
R2026032,R2026032,2399,Player Props,Player Props,PLAYER_PROPS,fanduel,Winner w/o Fleetwood / M. Fitzpatrick / Clark / Burns,Winner w/o Fleetwood / M. Fitzpatrick / Clark / Burns,SINGLE,1,2399|0|0|42.584559577,0,42.584559577,47993,Denny McCarthy,47993,47993,Denny McCarthy,Denny McCarthy,D. McCarthy,,+75000,75000,0.0013315579227696406,DOWN,2026-06-14T19:05:22Z,0.0010900829895671737,,DOWN,
R2026032,R2026032,2399,Player Props,Player Props,PLAYER_PROPS,fanduel,Winner w/o Fleetwood / M. Fitzpatrick / Clark / Burns,Winner w/o Fleetwood / M. Fitzpatrick / Clark / Burns,SINGLE,1,2399|0|0|42.584559577,0,42.584559577,66562,Justin Matthews,66562,66562,Justin Matthews,Justin Matthews,J. Matthews,,+30000,30000,0.0033222591362126247,UP,2026-06-14T19:05:22Z,0.002719775166660955,,UP,
R2026032,R2026032,2399,Player Props,Player Props,PLAYER_PROPS,fanduel,Winner w/o Fleetwood / M. Fitzpatrick / Clark / Burns,Winner w/o Fleetwood / M. Fitzpatrick / Clark / Burns,SINGLE,1,2399|0|0|42.584559577,0,42.584559577,66743,Luke Clanton,66743,66743,Luke Clanton,Luke Clanton,L. Clanton,,+75000,75000,0.0013315579227696406,DOWN,2026-06-14T19:05:22Z,0.0010900829895671737,,DOWN,
R2026032,R2026032,2399,Player Props,Player Props,PLAYER_PROPS,fanduel,Winner w/o Fleetwood / M. Fitzpatrick / Clark / Burns,Winner w/o Fleetwood / M. Fitzpatrick / Clark / Burns,SINGLE,1,2399|0|0|42.584559577,0,42.584559577,57869,Ben James,57869,57869,Ben James,Ben James,B. James,,+75000,75000,0.0013315579227696406,DOWN,2026-06-14T19:05:22Z,0.0010900829895671737,,DOWN,
R2026032,R2026032,2399,Player Props,Player Props,PLAYER_PROPS,fanduel,Winner w/o Fleetwood / M. Fitzpatrick / Clark / Burns,Winner w/o Fleetwood / M. Fitzpatrick / Clark / Burns,SINGLE,1,2399|0|0|42.584559577,0,42.584559577,63454,Johnny Keefer,63454,63454,Johnny Keefer,Johnny Keefer,J. Keefer,,+75000,75000,0.0013315579227696406,DOWN,2026-06-14T19:05:22Z,0.0010900829895671737,,DOWN,
R2026032,R2026032,2399,Player Props,Player Props,PLAYER_PROPS,fanduel,Winner w/o Fleetwood / M. Fitzpatrick / Clark / Burns,Winner w/o Fleetwood / M. Fitzpatrick / Clark / Burns,SINGLE,1,2399|0|0|42.584559577,0,42.584559577,69319,Calen Sanderson,69319,69319,Calen Sanderson,Calen Sanderson,C. Sanderson,,+75000,75000,0.0013315579227696406,CONSTANT,2026-06-14T19:05:22Z,0.0010900829895671737,,CONSTANT,
R2026032,R2026032,2407,3 Ball,3 Ball,THREE_BALL,fanduel,3 Ball (Round 4) - Round 4,3 Ball (Round 4),GROUP,3,2407|0|0|0,0,42.585540883,34021,Bud Cauley,34021,34021,Bud Cauley,Bud Cauley,B. Cauley,Wyndham Clark vs Jackson Suber,+100,100,0.5,UP,2026-06-14T19:05:22Z,0.4707692307692308,,UP,
R2026032,R2026032,2407,3 Ball,3 Ball,THREE_BALL,fanduel,3 Ball (Round 4) - Round 4,3 Ball (Round 4),GROUP,3,2407|0|0|0,1,42.585540883,51766,Wyndham Clark,51766,51766,Wyndham Clark,Wyndham Clark,W. Clark,Bud Cauley vs Jackson Suber,+750,750,0.11764705882352941,DOWN,2026-06-14T19:05:22Z,0.11076923076923077,,DOWN,
R2026032,R2026032,2407,3 Ball,3 Ball,THREE_BALL,fanduel,3 Ball (Round 4) - Round 4,3 Ball (Round 4),GROUP,3,2407|0|0|0,2,42.585540883,60019,Jackson Suber,60019,60019,Jackson Suber,Jackson Suber,J. Suber,Bud Cauley vs Wyndham Clark,+125,125,0.4444444444444444,UP,2026-06-14T19:05:22Z,0.41846153846153844,,UP,
R2026032,R2026032,2407,3 Ball,3 Ball,THREE_BALL,fanduel,3 Ball (Round 4) - Round 4,3 Ball (Round 4),GROUP,3,2407|0|0|1,0,42.585540663,39977,Max Homa,39977,39977,Max Homa,Max Homa,M. Homa,William Mouw vs Luke Clanton,+650,650,0.13333333333333333,DOWN,2026-06-14T19:05:22Z,0.12665525628321772,,DOWN,
R2026032,R2026032,2407,3 Ball,3 Ball,THREE_BALL,fanduel,3 Ball (Round 4) - Round 4,3 Ball (Round 4),GROUP,3,2407|0|0|1,1,42.585540663,63121,William Mouw,63121,63121,William Mouw,William Mouw,W. Mouw,Max Homa vs Luke Clanton,-185,-185,0.6491228070175439,UP,2026-06-14T19:05:22Z,0.6166111161156652,,UP,
R2026032,R2026032,2407,3 Ball,3 Ball,THREE_BALL,fanduel,3 Ball (Round 4) - Round 4,3 Ball (Round 4),GROUP,3,2407|0|0|1,2,42.585540663,66743,Luke Clanton,66743,66743,Luke Clanton,Luke Clanton,L. Clanton,Max Homa vs William Mouw,+270,270,0.2702702702702703,DOWN,2026-06-14T19:05:22Z,0.256733627601117,,DOWN,
R2026032,R2026032,2407,3 Ball,3 Ball,THREE_BALL,fanduel,3 Ball (Round 4) - Round 4,3 Ball (Round 4),GROUP,3,2407|0|0|2,0,42.585540882,36824,Paul Peterson,36824,36824,Paul Peterson,Paul Peterson,P. Peterson,Haotong Li vs Joe Highsmith,+220,220,0.3125,UP,2026-06-14T19:05:22Z,0.29158356601515756,,UP,
R2026032,R2026032,2407,3 Ball,3 Ball,THREE_BALL,fanduel,3 Ball (Round 4) - Round 4,3 Ball (Round 4),GROUP,3,2407|0|0|2,1,42.585540882,35296,Haotong Li,35296,35296,Haotong Li,Haotong Li,H. Li,Paul Peterson vs Joe Highsmith,+115,115,0.46511627906976744,DOWN,2026-06-14T19:05:22Z,0.43398484244116475,,DOWN,
R2026032,R2026032,2407,3 Ball,3 Ball,THREE_BALL,fanduel,3 Ball (Round 4) - Round 4,3 Ball (Round 4),GROUP,3,2407|0|0|2,2,42.585540882,60067,Joe Highsmith,60067,60067,Joe Highsmith,Joe Highsmith,J. Highsmith,Paul Peterson vs Haotong Li,+240,240,0.29411764705882354,UP,2026-06-14T19:05:22Z,0.2744315915436777,,UP,
R2026032,R2026032,2407,3 Ball,3 Ball,THREE_BALL,fanduel,3 Ball (Round 4) - Round 4,3 Ball (Round 4),GROUP,3,2407|0|0|3,0,42.585540408,29936,Ryan Fox,29936,29936,Ryan Fox,Ryan Fox,R. Fox,Sam Burns vs Jacob Bridgeman,+490,490,0.1694915254237288,DOWN,2026-06-14T19:05:22Z,0.1577761081893313,,DOWN,
R2026032,R2026032,2407,3 Ball,3 Ball,THREE_BALL,fanduel,3 Ball (Round 4) - Round 4,3 Ball (Round 4),GROUP,3,2407|0|0|3,1,42.585540408,47504,Sam Burns,47504,47504,Sam Burns,Sam Burns,S. Burns,Ryan Fox vs Jacob Bridgeman,-500,-500,0.8333333333333334,UP,2026-06-14T19:05:22Z,0.775732531930879,,UP,
R2026032,R2026032,2407,3 Ball,3 Ball,THREE_BALL,fanduel,3 Ball (Round 4) - Round 4,3 Ball (Round 4),GROUP,3,2407|0|0|3,2,42.585540408,60004,Jacob Bridgeman,60004,60004,Jacob Bridgeman,Jacob Bridgeman,J. Bridgeman,Ryan Fox vs Sam Burns,+1300,1300,0.07142857142857142,DOWN,2026-06-14T19:05:22Z,0.06649135987978962,,DOWN,
R2026032,R2026032,2407,3 Ball,3 Ball,THREE_BALL,fanduel,3 Ball (Round 4) - Round 4,3 Ball (Round 4),GROUP,3,2407|0|0|4,0,42.585540634,29535,Brice Garnett,29535,29535,Brice Garnett,Brice Garnett,B. Garnett,Tommy Fleetwood vs Jesper Svensson,+300,300,0.25,UP,2026-06-14T19:05:22Z,0.2346921075455334,,UP,
R2026032,R2026032,2407,3 Ball,3 Ball,THREE_BALL,fanduel,3 Ball (Round 4) - Round 4,3 Ball (Round 4),GROUP,3,2407|0|0|4,1,42.585540634,30911,Tommy Fleetwood,30911,30911,Tommy Fleetwood,Tommy Fleetwood,T. Fleetwood,Brice Garnett vs Jesper Svensson,-105,-105,0.5121951219512195,DOWN,2026-06-14T19:05:22Z,0.48083261058109283,,DOWN,
R2026032,R2026032,2407,3 Ball,3 Ball,THREE_BALL,fanduel,3 Ball (Round 4) - Round 4,3 Ball (Round 4),GROUP,3,2407|0|0|4,2,42.585540634,57586,Jesper Svensson,57586,57586,Jesper Svensson,Jesper Svensson,J. Svensson,Brice Garnett vs Tommy Fleetwood,+230,230,0.30303030303030304,UP,2026-06-14T19:05:22Z,0.28447528187337384,,UP,
R2026032,R2026032,2407,3 Ball,3 Ball,THREE_BALL,fanduel,3 Ball (Round 4) - Round 4,3 Ball (Round 4),GROUP,3,2407|0|0|5,0,42.585540618,27139,David Skinns,27139,27139,David Skinns,David Skinns,D. Skinns,Matt Fitzpatrick vs Viktor Hovland,+1600,1600,0.058823529411764705,DOWN,2026-06-14T19:05:22Z,0.0547710029351498,,DOWN,
R2026032,R2026032,2407,3 Ball,3 Ball,THREE_BALL,fanduel,3 Ball (Round 4) - Round 4,3 Ball (Round 4),GROUP,3,2407|0|0|5,1,42.585540618,40098,Matt Fitzpatrick,40098,40098,Matt Fitzpatrick,Matt Fitzpatrick,M. Fitzpatrick,David Skinns vs Viktor Hovland,+330,330,0.23255813953488372,DOWN,2026-06-14T19:05:22Z,0.21653652323198758,,DOWN,
R2026032,R2026032,2407,3 Ball,3 Ball,THREE_BALL,fanduel,3 Ball (Round 4) - Round 4,3 Ball (Round 4),GROUP,3,2407|0|0|5,2,42.585540618,46717,Viktor Hovland,46717,46717,Viktor Hovland,Viktor Hovland,V. Hovland,David Skinns vs Matt Fitzpatrick,-360,-360,0.782608695652174,UP,2026-06-14T19:05:22Z,0.7286924738328625,,UP,
R2026032,R2026032,2407,3 Ball,3 Ball,THREE_BALL,fanduel,3 Ball (Round 4) - Round 4,3 Ball (Round 4),GROUP,3,2407|0|0|6,0,42.585540396,39546,Keith Mitchell,39546,39546,Keith Mitchell,Keith Mitchell,K. Mitchell,Sam Ryder vs Tony Finau,-220,-220,0.6875,UP,2026-06-14T19:05:22Z,0.6300685488555826,,UP,
R2026032,R2026032,2407,3 Ball,3 Ball,THREE_BALL,fanduel,3 Ball (Round 4) - Round 4,3 Ball (Round 4),GROUP,3,2407|0|0|6,1,42.585540396,37275,Sam Ryder,37275,37275,Sam Ryder,Sam Ryder,S. Ryder,Keith Mitchell vs Tony Finau,+1600,1600,0.058823529411764705,DOWN,2026-06-14T19:05:22Z,0.05390960845823167,,DOWN,
R2026032,R2026032,2407,3 Ball,3 Ball,THREE_BALL,fanduel,3 Ball (Round 4) - Round 4,3 Ball (Round 4),GROUP,3,2407|0|0|6,2,42.585540396,29725,Tony Finau,29725,29725,Tony Finau,Tony Finau,T. Finau,Keith Mitchell vs Sam Ryder,+190,190,0.3448275862068966,DOWN,2026-06-14T19:05:22Z,0.31602184268618566,,DOWN,
R2026032,R2026032,2407,3 Ball,3 Ball,THREE_BALL,fanduel,3 Ball (Round 4) - Round 4,3 Ball (Round 4),GROUP,3,2407|0|0|7,0,42.585540639,29420,Billy Horschel,29420,29420,Billy Horschel,Billy Horschel,B. Horschel,Jimmy Stanger vs Sudarshan Yellamaraju,+1600,1600,0.058823529411764705,DOWN,2026-06-14T19:05:22Z,0.05483625285605484,,DOWN,
R2026032,R2026032,2407,3 Ball,3 Ball,THREE_BALL,fanduel,3 Ball (Round 4) - Round 4,3 Ball (Round 4),GROUP,3,2407|0|0|7,1,42.585540639,51600,Jimmy Stanger,51600,51600,Jimmy Stanger,Jimmy Stanger,J. Stanger,Billy Horschel vs Sudarshan Yellamaraju,-800,-800,0.8888888888888888,UP,2026-06-14T19:05:22Z,0.8286367098248286,,UP,
R2026032,R2026032,2407,3 Ball,3 Ball,THREE_BALL,fanduel,3 Ball (Round 4) - Round 4,3 Ball (Round 4),GROUP,3,2407|0|0|7,2,42.585540639,60386,Sudarshan Yellamaraju,60386,60386,Sudarshan Yellamaraju,Sudarshan Yellamaraju,S. Yellamaraju,Billy Horschel vs Jimmy Stanger,+700,700,0.125,DOWN,2026-06-14T19:05:22Z,0.11652703731911652,,DOWN,
R2026032,R2026032,2407,3 Ball,3 Ball,THREE_BALL,fanduel,3 Ball (Round 4) - Round 4,3 Ball (Round 4),GROUP,3,2407|0|0|8,0,42.585540708,33399,Adam Hadwin,33399,33399,Adam Hadwin,Adam Hadwin,A. Hadwin,Collin Morikawa vs Alejandro Tosti,+700,700,0.125,DOWN,2026-06-14T19:05:22Z,0.119001386962552,,DOWN,
R2026032,R2026032,2407,3 Ball,3 Ball,THREE_BALL,fanduel,3 Ball (Round 4) - Round 4,3 Ball (Round 4),GROUP,3,2407|0|0|8,1,42.585540708,50525,Collin Morikawa,50525,50525,Collin Morikawa,Collin Morikawa,C. Morikawa,Adam Hadwin vs Alejandro Tosti,-290,-290,0.7435897435897436,UP,2026-06-14T19:05:22Z,0.7079056865464632,,UP,
R2026032,R2026032,2407,3 Ball,3 Ball,THREE_BALL,fanduel,3 Ball (Round 4) - Round 4,3 Ball (Round 4),GROUP,3,2407|0|0|8,2,42.585540708,38991,Alejandro Tosti,38991,38991,Alejandro Tosti,Alejandro Tosti,A. Tosti,Adam Hadwin vs Collin Morikawa,+450,450,0.18181818181818182,DOWN,2026-06-14T19:05:22Z,0.17309292649098473,,DOWN,
R2026032,R2026032,2407,3 Ball,3 Ball,THREE_BALL,fanduel,3 Ball (Round 4) - Round 4,3 Ball (Round 4),GROUP,3,2407|0|0|9,0,42.585540578,52375,Doug Ghim,52375,52375,Doug Ghim,Doug Ghim,D. Ghim,Taylor Pendrith vs Aldrich Potgieter,-200,-200,0.6666666666666666,UP,2026-06-14T19:05:22Z,0.3261538461538461,,UP,
R2026032,R2026032,2407,3 Ball,3 Ball,THREE_BALL,fanduel,3 Ball (Round 4) - Round 4,3 Ball (Round 4),GROUP,3,2407|0|0|9,1,42.585540578,40250,Taylor Pendrith,40250,40250,Taylor Pendrith,Taylor Pendrith,T. Pendrith,Doug Ghim vs Aldrich Potgieter,0,0,1.0,UP,2026-06-14T19:05:22Z,0.4892307692307692,,UP,
R2026032,R2026032,2407,3 Ball,3 Ball,THREE_BALL,fanduel,3 Ball (Round 4) - Round 4,3 Ball (Round 4),GROUP,3,2407|0|0|9,2,42.585540578,63343,Aldrich Potgieter,63343,63343,Aldrich Potgieter,Aldrich Potgieter,A. Potgieter,Doug Ghim vs Taylor Pendrith,+165,165,0.37735849056603776,UP,2026-06-14T19:05:22Z,0.1846153846153846,,UP,
R2026032,R2026032,2407,3 Ball,3 Ball,THREE_BALL,fanduel,3 Ball (Round 4) - Round 4,3 Ball (Round 4),GROUP,3,2407|0|0|10,0,42.585540811,49228,Keita Nakajima,49228,49228,Keita Nakajima,Keita Nakajima,K. Nakajima,Patrick Fishburn vs Dylan Wu,+1300,1300,0.07142857142857142,DOWN,2026-06-14T19:05:22Z,0.06666666666666667,,DOWN,
R2026032,R2026032,2407,3 Ball,3 Ball,THREE_BALL,fanduel,3 Ball (Round 4) - Round 4,3 Ball (Round 4),GROUP,3,2407|0|0|10,1,42.585540811,54576,Patrick Fishburn,54576,54576,Patrick Fishburn,Patrick Fishburn,P. Fishburn,Keita Nakajima vs Dylan Wu,-1000,-1000,0.9090909090909091,UP,2026-06-14T19:05:22Z,0.8484848484848485,,UP,
R2026032,R2026032,2407,3 Ball,3 Ball,THREE_BALL,fanduel,3 Ball (Round 4) - Round 4,3 Ball (Round 4),GROUP,3,2407|0|0|10,2,42.585540811,54783,Dylan Wu,54783,54783,Dylan Wu,Dylan Wu,D. Wu,Keita Nakajima vs Patrick Fishburn,+1000,1000,0.09090909090909091,DOWN,2026-06-14T19:05:22Z,0.08484848484848485,,DOWN,
R2026032,R2026032,2407,3 Ball,3 Ball,THREE_BALL,fanduel,3 Ball (Round 4) - Round 4,3 Ball (Round 4),GROUP,3,2407|0|0|11,0,42.585540515,49855,Kristoffer Reitan,49855,49855,Kristoffer Reitan,Kristoffer Reitan,K. Reitan,Denny McCarthy vs Johnny Keefer,-600,-600,0.8571428571428571,UP,2026-06-14T19:05:22Z,0.8035714285714285,,UP,
R2026032,R2026032,2407,3 Ball,3 Ball,THREE_BALL,fanduel,3 Ball (Round 4) - Round 4,3 Ball (Round 4),GROUP,3,2407|0|0|11,1,42.585540515,47993,Denny McCarthy,47993,47993,Denny McCarthy,Denny McCarthy,D. McCarthy,Kristoffer Reitan vs Johnny Keefer,+600,600,0.14285714285714285,DOWN,2026-06-14T19:05:22Z,0.13392857142857142,,DOWN,
R2026032,R2026032,2407,3 Ball,3 Ball,THREE_BALL,fanduel,3 Ball (Round 4) - Round 4,3 Ball (Round 4),GROUP,3,2407|0|0|11,2,42.585540515,63454,Johnny Keefer,63454,63454,Johnny Keefer,Johnny Keefer,J. Keefer,Kristoffer Reitan vs Denny McCarthy,+1400,1400,0.06666666666666667,DOWN,2026-06-14T19:05:22Z,0.0625,,DOWN,
R2026032,R2026032,2407,3 Ball,3 Ball,THREE_BALL,fanduel,Holes 1-3 Winner (Round 4) - Round 4,Holes 1-3 Winner (Round 4),GROUP,3,2407|1|0|0,0,42.585540637,40115,Adam Svensson,40115,40115,Adam Svensson,Adam Svensson,A. Svensson,Ricky Castillo vs Ben James,+320,320,0.23809523809523808,DOWN,2026-06-14T19:05:22Z,0.21922428330522767,,DOWN,
R2026032,R2026032,2407,3 Ball,3 Ball,THREE_BALL,fanduel,Holes 1-3 Winner (Round 4) - Round 4,Holes 1-3 Winner (Round 4),GROUP,3,2407|1|0|0,1,42.585540637,59440,Ricky Castillo,59440,59440,Ricky Castillo,Ricky Castillo,R. Castillo,Adam Svensson vs Ben James,-425,-425,0.8095238095238095,UP,2026-06-14T19:05:22Z,0.7453625632377741,,UP,
R2026032,R2026032,2407,3 Ball,3 Ball,THREE_BALL,fanduel,Holes 1-3 Winner (Round 4) - Round 4,Holes 1-3 Winner (Round 4),GROUP,3,2407|1|0|0,2,42.585540637,57869,Ben James,57869,57869,Ben James,Ben James,B. James,Adam Svensson vs Ricky Castillo,+2500,2500,0.038461538461538464,DOWN,2026-06-14T19:05:22Z,0.03541315345699832,,DOWN,
R2026032,R2026032,2407,3 Ball,3 Ball,THREE_BALL,fanduel,Holes 1-3 Winner (Round 4) - Round 4,Holes 1-3 Winner (Round 4),GROUP,3,2407|1|0|1,0,42.585540659,49855,Kristoffer Reitan,49855,49855,Kristoffer Reitan,Kristoffer Reitan,K. Reitan,Denny McCarthy vs Johnny Keefer,-135,-135,0.574468085106383,UP,2026-06-14T19:05:22Z,0.5361702127659576,,UP,
R2026032,R2026032,2407,3 Ball,3 Ball,THREE_BALL,fanduel,Holes 1-3 Winner (Round 4) - Round 4,Holes 1-3 Winner (Round 4),GROUP,3,2407|1|0|1,1,42.585540659,47993,Denny McCarthy,47993,47993,Denny McCarthy,Denny McCarthy,D. McCarthy,Kristoffer Reitan vs Johnny Keefer,+135,135,0.425531914893617,UP,2026-06-14T19:05:22Z,0.3971631205673759,,UP,
R2026032,R2026032,2407,3 Ball,3 Ball,THREE_BALL,fanduel,Holes 1-3 Winner (Round 4) - Round 4,Holes 1-3 Winner (Round 4),GROUP,3,2407|1|0|1,2,42.585540659,63454,Johnny Keefer,63454,63454,Johnny Keefer,Johnny Keefer,J. Keefer,Kristoffer Reitan vs Denny McCarthy,+1300,1300,0.07142857142857142,DOWN,2026-06-14T19:05:22Z,0.06666666666666667,,DOWN,
R2026032,R2026032,2407,3 Ball,3 Ball,THREE_BALL,fanduel,Holes 10-12 Winner (Round 4) - Round 4,Holes 10-12 Winner (Round 4),GROUP,3,2407|2|0|0,0,42.585540847,29936,Ryan Fox,29936,29936,Ryan Fox,Ryan Fox,R. Fox,Sam Burns vs Jacob Bridgeman,+160,160,0.38461538461538464,UP,2026-06-14T19:05:22Z,0.36041189931350115,,UP,
R2026032,R2026032,2407,3 Ball,3 Ball,THREE_BALL,fanduel,Holes 10-12 Winner (Round 4) - Round 4,Holes 10-12 Winner (Round 4),GROUP,3,2407|2|0|0,1,42.585540847,47504,Sam Burns,47504,47504,Sam Burns,Sam Burns,S. Burns,Ryan Fox vs Jacob Bridgeman,+125,125,0.4444444444444444,UP,2026-06-14T19:05:22Z,0.41647597254004576,,UP,
R2026032,R2026032,2407,3 Ball,3 Ball,THREE_BALL,fanduel,Holes 10-12 Winner (Round 4) - Round 4,Holes 10-12 Winner (Round 4),GROUP,3,2407|2|0|0,2,42.585540847,60004,Jacob Bridgeman,60004,60004,Jacob Bridgeman,Jacob Bridgeman,J. Bridgeman,Ryan Fox vs Sam Burns,+320,320,0.23809523809523808,DOWN,2026-06-14T19:05:22Z,0.2231121281464531,,DOWN,
R2026032,R2026032,2407,3 Ball,3 Ball,THREE_BALL,fanduel,Holes 10-12 Winner (Round 4) - Round 4,Holes 10-12 Winner (Round 4),GROUP,3,2407|2|0|1,0,42.585540690,29420,Billy Horschel,29420,29420,Billy Horschel,Billy Horschel,B. Horschel,Jimmy Stanger vs Sudarshan Yellamaraju,+145,145,0.40816326530612246,UP,2026-06-14T19:05:22Z,0.3852691218130312,,UP,
R2026032,R2026032,2407,3 Ball,3 Ball,THREE_BALL,fanduel,Holes 10-12 Winner (Round 4) - Round 4,Holes 10-12 Winner (Round 4),GROUP,3,2407|2|0|1,1,42.585540690,51600,Jimmy Stanger,51600,51600,Jimmy Stanger,Jimmy Stanger,J. Stanger,Billy Horschel vs Sudarshan Yellamaraju,+240,240,0.29411764705882354,DOWN,2026-06-14T19:05:22Z,0.2776203966005666,,DOWN,
R2026032,R2026032,2407,3 Ball,3 Ball,THREE_BALL,fanduel,Holes 10-12 Winner (Round 4) - Round 4,Holes 10-12 Winner (Round 4),GROUP,3,2407|2|0|1,2,42.585540690,60386,Sudarshan Yellamaraju,60386,60386,Sudarshan Yellamaraju,Sudarshan Yellamaraju,S. Yellamaraju,Billy Horschel vs Jimmy Stanger,+180,180,0.35714285714285715,DOWN,2026-06-14T19:05:22Z,0.3371104815864023,,DOWN,
R2026032,R2026032,2407,3 Ball,3 Ball,THREE_BALL,fanduel,Holes 16-18 Winner (Round 4) - Round 4,Holes 16-18 Winner (Round 4),GROUP,3,2407|3|0|0,0,42.585540740,25493,Nick Taylor,25493,25493,Nick Taylor,Nick Taylor,N. Taylor,Jeremy Paul vs Austin Eckroat,0,0,1.0,UP,2026-06-14T19:05:22Z,0.3333333333333333,,UP,
R2026032,R2026032,2407,3 Ball,3 Ball,THREE_BALL,fanduel,Holes 16-18 Winner (Round 4) - Round 4,Holes 16-18 Winner (Round 4),GROUP,3,2407|3|0|0,1,42.585540740,50582,Jeremy Paul,50582,50582,Jeremy Paul,Jeremy Paul,J. Paul,Nick Taylor vs Austin Eckroat,0,0,1.0,UP,2026-06-14T19:05:22Z,0.3333333333333333,,UP,
R2026032,R2026032,2407,3 Ball,3 Ball,THREE_BALL,fanduel,Holes 16-18 Winner (Round 4) - Round 4,Holes 16-18 Winner (Round 4),GROUP,3,2407|3|0|0,2,42.585540740,57362,Austin Eckroat,57362,57362,Austin Eckroat,Austin Eckroat,A. Eckroat,Nick Taylor vs Jeremy Paul,0,0,1.0,UP,2026-06-14T19:05:22Z,0.3333333333333333,,UP,
R2026032,R2026032,2407,3 Ball,3 Ball,THREE_BALL,fanduel,Holes 16-18 Winner (Round 4) - Round 4,Holes 16-18 Winner (Round 4),GROUP,3,2407|3|0|1,0,42.585540660,36884,Ben Kohles,36884,36884,Ben Kohles,Ben Kohles,B. Kohles,Tom Kim vs Neal Shipley,+270,270,0.2702702702702703,UP,2026-06-14T19:05:22Z,0.2530194833818214,,UP,
R2026032,R2026032,2407,3 Ball,3 Ball,THREE_BALL,fanduel,Holes 16-18 Winner (Round 4) - Round 4,Holes 16-18 Winner (Round 4),GROUP,3,2407|3|0|1,1,42.585540660,55182,Tom Kim,55182,55182,Tom Kim,Tom Kim,T. Kim,Ben Kohles vs Neal Shipley,-105,-105,0.5121951219512195,UP,2026-06-14T19:05:22Z,0.4795027770431103,,UP,
R2026032,R2026032,2407,3 Ball,3 Ball,THREE_BALL,fanduel,Holes 16-18 Winner (Round 4) - Round 4,Holes 16-18 Winner (Round 4),GROUP,3,2407|3|0|1,2,42.585540660,63807,Neal Shipley,63807,63807,Neal Shipley,Neal Shipley,N. Shipley,Ben Kohles vs Tom Kim,+250,250,0.2857142857142857,DOWN,2026-06-14T19:05:22Z,0.2674777395750683,,DOWN,
R2026032,R2026032,2407,3 Ball,3 Ball,THREE_BALL,fanduel,Holes 4-6 Winner (Round 4) - Round 4,Holes 4-6 Winner (Round 4),GROUP,3,2407|4|0|0,0,42.585540832,39327,Ben Silverman,39327,39327,Ben Silverman,Ben Silverman,B. Silverman,Takumi Kanaya vs A.J. Ewart,-500,-500,0.8333333333333334,UP,2026-06-14T19:05:22Z,0.774487471526196,,UP,
R2026032,R2026032,2407,3 Ball,3 Ball,THREE_BALL,fanduel,Holes 4-6 Winner (Round 4) - Round 4,Holes 4-6 Winner (Round 4),GROUP,3,2407|4|0|0,1,42.585540832,47917,Takumi Kanaya,47917,47917,Takumi Kanaya,Takumi Kanaya,T. Kanaya,Ben Silverman vs A.J. Ewart,+750,750,0.11764705882352941,DOWN,2026-06-14T19:05:22Z,0.10933940774487472,,DOWN,
R2026032,R2026032,2407,3 Ball,3 Ball,THREE_BALL,fanduel,Holes 4-6 Winner (Round 4) - Round 4,Holes 4-6 Winner (Round 4),GROUP,3,2407|4|0|0,2,42.585540832,50286,A.J. Ewart,50286,50286,A.J. Ewart,A.J. Ewart,A. Ewart,Ben Silverman vs Takumi Kanaya,+700,700,0.125,DOWN,2026-06-14T19:05:22Z,0.1161731207289294,,DOWN,
R2026032,R2026032,2407,3 Ball,3 Ball,THREE_BALL,fanduel,Holes 4-6 Winner (Round 4) - Round 4,Holes 4-6 Winner (Round 4),GROUP,3,2407|4|0|1,0,42.585540728,49228,Keita Nakajima,49228,49228,Keita Nakajima,Keita Nakajima,K. Nakajima,Patrick Fishburn vs Dylan Wu,+240,240,0.29411764705882354,CONSTANT,2026-06-14T19:05:22Z,0.2765957446808511,,CONSTANT,
R2026032,R2026032,2407,3 Ball,3 Ball,THREE_BALL,fanduel,Holes 4-6 Winner (Round 4) - Round 4,Holes 4-6 Winner (Round 4),GROUP,3,2407|4|0|1,1,42.585540728,54576,Patrick Fishburn,54576,54576,Patrick Fishburn,Patrick Fishburn,P. Fishburn,Keita Nakajima vs Dylan Wu,+160,160,0.38461538461538464,CONSTANT,2026-06-14T19:05:22Z,0.3617021276595745,,CONSTANT,
R2026032,R2026032,2407,3 Ball,3 Ball,THREE_BALL,fanduel,Holes 4-6 Winner (Round 4) - Round 4,Holes 4-6 Winner (Round 4),GROUP,3,2407|4|0|1,2,42.585540728,54783,Dylan Wu,54783,54783,Dylan Wu,Dylan Wu,D. Wu,Keita Nakajima vs Patrick Fishburn,+160,160,0.38461538461538464,CONSTANT,2026-06-14T19:05:22Z,0.3617021276595745,,CONSTANT,
R2026032,R2026032,2407,3 Ball,3 Ball,THREE_BALL,fanduel,Holes 7-9 Winner (Round 4) - Round 4,Holes 7-9 Winner (Round 4),GROUP,3,2407|5|0|0,0,42.585540839,34021,Bud Cauley,34021,34021,Bud Cauley,Bud Cauley,B. Cauley,Wyndham Clark vs Jackson Suber,+155,155,0.39215686274509803,UP,2026-06-14T19:05:22Z,0.36773923944839115,,UP,
R2026032,R2026032,2407,3 Ball,3 Ball,THREE_BALL,fanduel,Holes 7-9 Winner (Round 4) - Round 4,Holes 7-9 Winner (Round 4),GROUP,3,2407|5|0|0,1,42.585540839,51766,Wyndham Clark,51766,51766,Wyndham Clark,Wyndham Clark,W. Clark,Bud Cauley vs Jackson Suber,-140,-140,0.5833333333333334,UP,2026-06-14T19:05:22Z,0.5470121186794819,,UP,
R2026032,R2026032,2407,3 Ball,3 Ball,THREE_BALL,fanduel,Holes 7-9 Winner (Round 4) - Round 4,Holes 7-9 Winner (Round 4),GROUP,3,2407|5|0|0,2,42.585540839,60019,Jackson Suber,60019,60019,Jackson Suber,Jackson Suber,J. Suber,Bud Cauley vs Wyndham Clark,+1000,1000,0.09090909090909091,DOWN,2026-06-14T19:05:22Z,0.08524864187212704,,DOWN,
R2026032,R2026032,2407,3 Ball,3 Ball,THREE_BALL,fanduel,Holes 7-9 Winner (Round 4) - Round 4,Holes 7-9 Winner (Round 4),GROUP,3,2407|5|0|1,0,42.585540904,35461,Beau Hossler,35461,35461,Beau Hossler,Beau Hossler,B. Hossler,Erik van Rooyen vs Davis Thompson,+115,115,0.46511627906976744,UP,2026-06-14T19:05:22Z,0.43281121187139326,,UP,
R2026032,R2026032,2407,3 Ball,3 Ball,THREE_BALL,fanduel,Holes 7-9 Winner (Round 4) - Round 4,Holes 7-9 Winner (Round 4),GROUP,3,2407|5|0|1,1,42.585540904,40006,Erik van Rooyen,40006,40006,Erik van Rooyen,Erik van Rooyen,E. van Rooyen,Beau Hossler vs Davis Thompson,+110,110,0.47619047619047616,DOWN,2026-06-14T19:05:22Z,0.443116240725474,,DOWN,
R2026032,R2026032,2407,3 Ball,3 Ball,THREE_BALL,fanduel,Holes 7-9 Winner (Round 4) - Round 4,Holes 7-9 Winner (Round 4),GROUP,3,2407|5|0|1,2,42.585540904,58168,Davis Thompson,58168,58168,Davis Thompson,Davis Thompson,D. Thompson,Beau Hossler vs Erik van Rooyen,+650,650,0.13333333333333333,DOWN,2026-06-14T19:05:22Z,0.12407254740313273,,DOWN,
R2026032,R2026032,2402,Nationality,Nationality,NATIONALITY,fanduel,Top Asian Player,Top Asian Player,SINGLE,1,2402|0|0|42.584257523,0,42.584257523,49228,Keita Nakajima,49228,49228,Keita Nakajima,Keita Nakajima,K. Nakajima,,+15000,15000,0.006622516556291391,DOWN,2026-06-14T19:05:22Z,0.0064485067767678685,,DOWN,
R2026032,R2026032,2402,Nationality,Nationality,NATIONALITY,fanduel,Top Asian Player,Top Asian Player,SINGLE,1,2402|0|0|42.584257523,0,42.584257523,47917,Takumi Kanaya,47917,47917,Takumi Kanaya,Takumi Kanaya,T. Kanaya,,+1600,1600,0.058823529411764705,DOWN,2026-06-14T19:05:22Z,0.05727791313482048,,DOWN,
R2026032,R2026032,2402,Nationality,Nationality,NATIONALITY,fanduel,Top Asian Player,Top Asian Player,SINGLE,1,2402|0|0|42.584257523,0,42.584257523,55182,Tom Kim,55182,55182,Tom Kim,Tom Kim,T. Kim,,-2500,-2500,0.9615384615384616,UP,2026-06-14T19:05:22Z,0.9362735800884117,,UP,
R2026032,R2026032,2402,Nationality,Nationality,NATIONALITY,fanduel,Top Canadian Player,Top Canadian Player,SINGLE,1,2402|1|0|42.584257541,0,42.584257541,40115,Adam Svensson,40115,40115,Adam Svensson,Adam Svensson,A. Svensson,,+20000,20000,0.004975124378109453,DOWN,2026-06-14T19:05:22Z,0.004446393163546251,,DOWN,
R2026032,R2026032,2402,Nationality,Nationality,NATIONALITY,fanduel,Top Canadian Player,Top Canadian Player,SINGLE,1,2402|1|0|42.584257541,0,42.584257541,33399,Adam Hadwin,33399,33399,Adam Hadwin,Adam Hadwin,A. Hadwin,,+20000,20000,0.004975124378109453,DOWN,2026-06-14T19:05:22Z,0.004446393163546251,,DOWN,
R2026032,R2026032,2402,Nationality,Nationality,NATIONALITY,fanduel,Top Canadian Player,Top Canadian Player,SINGLE,1,2402|1|0|42.584257541,0,42.584257541,40250,Taylor Pendrith,40250,40250,Taylor Pendrith,Taylor Pendrith,T. Pendrith,,+20000,20000,0.004975124378109453,DOWN,2026-06-14T19:05:22Z,0.004446393163546251,,DOWN,
R2026032,R2026032,2402,Nationality,Nationality,NATIONALITY,fanduel,Top Canadian Player,Top Canadian Player,SINGLE,1,2402|1|0|42.584257541,0,42.584257541,57321,Matthew Anderson,57321,57321,Matthew Anderson,Matthew Anderson,M. Anderson,,-210,-210,0.6774193548387096,UP,2026-06-14T19:05:22Z,0.6054266304299588,,UP,
R2026032,R2026032,2402,Nationality,Nationality,NATIONALITY,fanduel,Top Canadian Player,Top Canadian Player,SINGLE,1,2402|1|0|42.584257541,0,42.584257541,50286,A.J. Ewart,50286,50286,A.J. Ewart,A.J. Ewart,A. Ewart,,+10000,10000,0.009900990099009901,DOWN,2026-06-14T19:05:22Z,0.008848762632403926,,DOWN,
R2026032,R2026032,2402,Nationality,Nationality,NATIONALITY,fanduel,Top Canadian Player,Top Canadian Player,SINGLE,1,2402|1|0|42.584257541,0,42.584257541,60386,Sudarshan Yellamaraju,60386,60386,Sudarshan Yellamaraju,Sudarshan Yellamaraju,S. Yellamaraju,,+380,380,0.20833333333333334,UP,2026-06-14T19:05:22Z,0.18619271372349927,,UP,
R2026032,R2026032,2402,Nationality,Nationality,NATIONALITY,fanduel,Top Canadian Player,Top Canadian Player,SINGLE,1,2402|1|0|42.584257541,0,42.584257541,66562,Justin Matthews,66562,66562,Justin Matthews,Justin Matthews,J. Matthews,,+380,380,0.20833333333333334,UP,2026-06-14T19:05:22Z,0.18619271372349927,,UP,
R2026032,R2026032,2402,Nationality,Nationality,NATIONALITY,fanduel,Top Continental European Player,Top Continental European Player,SINGLE,1,2402|2|0|42.584257545,0,42.584257545,46717,Viktor Hovland,46717,46717,Viktor Hovland,Viktor Hovland,V. Hovland,,-450,-450,0.8181818181818182,UP,2026-06-14T19:05:22Z,0.7624064903592878,,UP,
R2026032,R2026032,2402,Nationality,Nationality,NATIONALITY,fanduel,Top Continental European Player,Top Continental European Player,SINGLE,1,2402|2|0|42.584257545,0,42.584257545,57586,Jesper Svensson,57586,57586,Jesper Svensson,Jesper Svensson,J. Svensson,,+300,300,0.25,UP,2026-06-14T19:05:22Z,0.23295753872089348,,UP,
R2026032,R2026032,2402,Nationality,Nationality,NATIONALITY,fanduel,Top Continental European Player,Top Continental European Player,SINGLE,1,2402|2|0|42.584257545,0,42.584257545,48153,Matthieu Pavon,48153,48153,Matthieu Pavon,Matthieu Pavon,M. Pavon,,+20000,20000,0.004975124378109453,DOWN,2026-06-14T19:05:22Z,0.0046359709198187755,,DOWN,
R2026032,R2026032,2402,Nationality,Nationality,NATIONALITY,fanduel,Top English Player,Top English Player,SINGLE,1,2402|3|0|42.584257502,0,42.584257502,27139,David Skinns,27139,27139,David Skinns,David Skinns,D. Skinns,,+1000,1000,0.09090909090909091,UP,2026-06-14T19:05:22Z,0.08184137376101826,,UP,
R2026032,R2026032,2402,Nationality,Nationality,NATIONALITY,fanduel,Top English Player,Top English Player,SINGLE,1,2402|3|0|42.584257502,0,42.584257502,30911,Tommy Fleetwood,30911,30911,Tommy Fleetwood,Tommy Fleetwood,T. Fleetwood,,-160,-160,0.6153846153846154,UP,2026-06-14T19:05:22Z,0.5540031454592005,,UP,
R2026032,R2026032,2402,Nationality,Nationality,NATIONALITY,fanduel,Top English Player,Top English Player,SINGLE,1,2402|3|0|42.584257502,0,42.584257502,40098,Matt Fitzpatrick,40098,40098,Matt Fitzpatrick,Matt Fitzpatrick,M. Fitzpatrick,,+155,155,0.39215686274509803,UP,2026-06-14T19:05:22Z,0.35304122014556893,,UP,
R2026032,R2026032,2402,Nationality,Nationality,NATIONALITY,fanduel,Top English Player,Top English Player,SINGLE,1,2402|3|0|42.584257502,0,42.584257502,55721,Alex Fitzpatrick,55721,55721,Alex Fitzpatrick,Alex Fitzpatrick,A. Fitzpatrick,,+8000,8000,0.012345679012345678,DOWN,2026-06-14T19:05:22Z,0.011114260634212355,,DOWN,
R2026032,R2026032,2402,Nationality,Nationality,NATIONALITY,fanduel,Top European Player,Top European Player,SINGLE,1,2402|4|0|42.584257542,0,42.584257542,27139,David Skinns,27139,27139,David Skinns,David Skinns,D. Skinns,,+4000,4000,0.024390243902439025,UP,2026-06-14T19:05:22Z,0.02115130128806028,,UP,
R2026032,R2026032,2402,Nationality,Nationality,NATIONALITY,fanduel,Top European Player,Top European Player,SINGLE,1,2402|4|0|42.584257542,0,42.584257542,33204,Shane Lowry,33204,33204,Shane Lowry,Shane Lowry,S. Lowry,,+20000,20000,0.004975124378109453,DOWN,2026-06-14T19:05:22Z,0.0043144445413456295,,DOWN,
R2026032,R2026032,2402,Nationality,Nationality,NATIONALITY,fanduel,Top European Player,Top European Player,SINGLE,1,2402|4|0|42.584257542,0,42.584257542,30911,Tommy Fleetwood,30911,30911,Tommy Fleetwood,Tommy Fleetwood,T. Fleetwood,,+280,280,0.2631578947368421,UP,2026-06-14T19:05:22Z,0.2282114086343346,,UP,
R2026032,R2026032,2402,Nationality,Nationality,NATIONALITY,fanduel,Top European Player,Top European Player,SINGLE,1,2402|4|0|42.584257542,0,42.584257542,40098,Matt Fitzpatrick,40098,40098,Matt Fitzpatrick,Matt Fitzpatrick,M. Fitzpatrick,,+650,650,0.13333333333333333,DOWN,2026-06-14T19:05:22Z,0.11562711370806286,,DOWN,
R2026032,R2026032,2402,Nationality,Nationality,NATIONALITY,fanduel,Top European Player,Top European Player,SINGLE,1,2402|4|0|42.584257542,0,42.584257542,46717,Viktor Hovland,46717,46717,Viktor Hovland,Viktor Hovland,V. Hovland,,-135,-135,0.574468085106383,UP,2026-06-14T19:05:22Z,0.49818064948686663,,UP,
R2026032,R2026032,2402,Nationality,Nationality,NATIONALITY,fanduel,Top European Player,Top European Player,SINGLE,1,2402|4|0|42.584257542,0,42.584257542,55721,Alex Fitzpatrick,55721,55721,Alex Fitzpatrick,Alex Fitzpatrick,A. Fitzpatrick,,+20000,20000,0.004975124378109453,DOWN,2026-06-14T19:05:22Z,0.0043144445413456295,,DOWN,
R2026032,R2026032,2402,Nationality,Nationality,NATIONALITY,fanduel,Top European Player,Top European Player,SINGLE,1,2402|4|0|42.584257542,0,42.584257542,57586,Jesper Svensson,57586,57586,Jesper Svensson,Jesper Svensson,J. Svensson,,+600,600,0.14285714285714285,UP,2026-06-14T19:05:22Z,0.12388619325863878,,UP,
R2026032,R2026032,2402,Nationality,Nationality,NATIONALITY,fanduel,Top European Player,Top European Player,SINGLE,1,2402|4|0|42.584257542,0,42.584257542,48153,Matthieu Pavon,48153,48153,Matthieu Pavon,Matthieu Pavon,M. Pavon,,+20000,20000,0.004975124378109453,DOWN,2026-06-14T19:05:22Z,0.0043144445413456295,,DOWN,
R2026032,R2026032,2402,Nationality,Nationality,NATIONALITY,fanduel,Top Nordic Player,Top Nordic Player,SINGLE,1,2402|5|0|42.584257538,0,42.584257538,46717,Viktor Hovland,46717,46717,Viktor Hovland,Viktor Hovland,V. Hovland,,-450,-450,0.8181818181818182,UP,2026-06-14T19:05:22Z,0.7659574468085105,,UP,
R2026032,R2026032,2402,Nationality,Nationality,NATIONALITY,fanduel,Top Nordic Player,Top Nordic Player,SINGLE,1,2402|5|0|42.584257538,0,42.584257538,57586,Jesper Svensson,57586,57586,Jesper Svensson,Jesper Svensson,J. Svensson,,+300,300,0.25,UP,2026-06-14T19:05:22Z,0.23404255319148934,,UP,
R2026032,R2026032,2402,Nationality,Nationality,NATIONALITY,fanduel,Top North American Player,Top North American Player,SINGLE,1,2402|6|0|42.584257530,0,42.584257530,34021,Bud Cauley,34021,34021,Bud Cauley,Bud Cauley,B. Cauley,,+230,230,0.30303030303030304,UP,2026-06-14T19:05:22Z,0.1364269299460102,,UP,
R2026032,R2026032,2402,Nationality,Nationality,NATIONALITY,fanduel,Top North American Player,Top North American Player,SINGLE,1,2402|6|0|42.584257530,0,42.584257530,51766,Wyndham Clark,51766,51766,Wyndham Clark,Wyndham Clark,W. Clark,,+5000,5000,0.0196078431372549,DOWN,2026-06-14T19:05:22Z,0.008827624878859483,,DOWN,
R2026032,R2026032,2402,Nationality,Nationality,NATIONALITY,fanduel,Top North American Player,Top North American Player,SINGLE,1,2402|6|0|42.584257530,0,42.584257530,39977,Max Homa,39977,39977,Max Homa,Max Homa,M. Homa,,+20000,20000,0.004975124378109453,DOWN,2026-06-14T19:05:22Z,0.0022398451185165853,,DOWN,
R2026032,R2026032,2402,Nationality,Nationality,NATIONALITY,fanduel,Top North American Player,Top North American Player,SINGLE,1,2402|6|0|42.584257530,0,42.584257530,29535,Brice Garnett,29535,29535,Brice Garnett,Brice Garnett,B. Garnett,,+2500,2500,0.038461538461538464,UP,2026-06-14T19:05:22Z,0.017315725723916677,,UP,
R2026032,R2026032,2402,Nationality,Nationality,NATIONALITY,fanduel,Top North American Player,Top North American Player,SINGLE,1,2402|6|0|42.584257530,0,42.584257530,29420,Billy Horschel,29420,29420,Billy Horschel,Billy Horschel,B. Horschel,,+20000,20000,0.004975124378109453,DOWN,2026-06-14T19:05:22Z,0.0022398451185165853,,DOWN,
R2026032,R2026032,2402,Nationality,Nationality,NATIONALITY,fanduel,Top North American Player,Top North American Player,SINGLE,1,2402|6|0|42.584257530,0,42.584257530,47504,Sam Burns,47504,47504,Sam Burns,Sam Burns,S. Burns,,+900,900,0.1,DOWN,2026-06-14T19:05:22Z,0.045020886882183364,,DOWN,
R2026032,R2026032,2402,Nationality,Nationality,NATIONALITY,fanduel,Top North American Player,Top North American Player,SINGLE,1,2402|6|0|42.584257530,0,42.584257530,52375,Doug Ghim,52375,52375,Doug Ghim,Doug Ghim,D. Ghim,,+20000,20000,0.004975124378109453,DOWN,2026-06-14T19:05:22Z,0.0022398451185165853,,DOWN,
R2026032,R2026032,2402,Nationality,Nationality,NATIONALITY,fanduel,Top North American Player,Top North American Player,SINGLE,1,2402|6|0|42.584257530,0,42.584257530,50525,Collin Morikawa,50525,50525,Collin Morikawa,Collin Morikawa,C. Morikawa,,0,0,1.0,UP,2026-06-14T19:05:22Z,0.45020886882183364,,UP,
R2026032,R2026032,2402,Nationality,Nationality,NATIONALITY,fanduel,Top North American Player,Top North American Player,SINGLE,1,2402|6|0|42.584257530,0,42.584257530,51600,Jimmy Stanger,51600,51600,Jimmy Stanger,Jimmy Stanger,J. Stanger,,+430,430,0.18867924528301888,UP,2026-06-14T19:05:22Z,0.08494506958902522,,UP,
R2026032,R2026032,2402,Nationality,Nationality,NATIONALITY,fanduel,Top North American Player,Top North American Player,SINGLE,1,2402|6|0|42.584257530,0,42.584257530,54576,Patrick Fishburn,54576,54576,Patrick Fishburn,Patrick Fishburn,P. Fishburn,,+20000,20000,0.004975124378109453,DOWN,2026-06-14T19:05:22Z,0.0022398451185165853,,DOWN,
R2026032,R2026032,2402,Nationality,Nationality,NATIONALITY,fanduel,Top North American Player,Top North American Player,SINGLE,1,2402|6|0|42.584257530,0,42.584257530,57321,Matthew Anderson,57321,57321,Matthew Anderson,Matthew Anderson,M. Anderson,,+3000,3000,0.03225806451612903,UP,2026-06-14T19:05:22Z,0.01452286673618818,,UP,
R2026032,R2026032,2402,Nationality,Nationality,NATIONALITY,fanduel,Top North American Player,Top North American Player,SINGLE,1,2402|6|0|42.584257530,0,42.584257530,60019,Jackson Suber,60019,60019,Jackson Suber,Jackson Suber,J. Suber,,+105,105,0.4878048780487805,UP,2026-06-14T19:05:22Z,0.21961408235211397,,UP,
R2026032,R2026032,2402,Nationality,Nationality,NATIONALITY,fanduel,Top North American Player,Top North American Player,SINGLE,1,2402|6|0|42.584257530,0,42.584257530,60004,Jacob Bridgeman,60004,60004,Jacob Bridgeman,Jacob Bridgeman,J. Bridgeman,,+20000,20000,0.004975124378109453,DOWN,2026-06-14T19:05:22Z,0.0022398451185165853,,DOWN,
R2026032,R2026032,2402,Nationality,Nationality,NATIONALITY,fanduel,Top North American Player,Top North American Player,SINGLE,1,2402|6|0|42.584257530,0,42.584257530,63121,William Mouw,63121,63121,William Mouw,William Mouw,W. Mouw,,+20000,20000,0.004975124378109453,DOWN,2026-06-14T19:05:22Z,0.0022398451185165853,,DOWN,
R2026032,R2026032,2402,Nationality,Nationality,NATIONALITY,fanduel,Top North American Player,Top North American Player,SINGLE,1,2402|6|0|42.584257530,0,42.584257530,60386,Sudarshan Yellamaraju,60386,60386,Sudarshan Yellamaraju,Sudarshan Yellamaraju,S. Yellamaraju,,+10000,10000,0.009900990099009901,DOWN,2026-06-14T19:05:22Z,0.004457513552691422,,DOWN,
R2026032,R2026032,2402,Nationality,Nationality,NATIONALITY,fanduel,Top North American Player,Top North American Player,SINGLE,1,2402|6|0|42.584257530,0,42.584257530,66562,Justin Matthews,66562,66562,Justin Matthews,Justin Matthews,J. Matthews,,+15000,15000,0.006622516556291391,UP,2026-06-14T19:05:22Z,0.002981515687561812,,UP,
R2026032,R2026032,2402,Nationality,Nationality,NATIONALITY,fanduel,Top North American Player,Top North American Player,SINGLE,1,2402|6|0|42.584257530,0,42.584257530,66743,Luke Clanton,66743,66743,Luke Clanton,Luke Clanton,L. Clanton,,+20000,20000,0.004975124378109453,DOWN,2026-06-14T19:05:22Z,0.0022398451185165853,,DOWN,
R2026032,R2026032,2402,Nationality,Nationality,NATIONALITY,fanduel,Top Rest of the World Player,Top Rest of the World Player,SINGLE,1,2402|7|0|42.584257531,0,42.584257531,31646,Emiliano Grillo,31646,31646,Emiliano Grillo,Emiliano Grillo,E. Grillo,,+20000,20000,0.004975124378109453,DOWN,2026-06-14T19:05:22Z,0.0022749692111938133,,DOWN,
R2026032,R2026032,2402,Nationality,Nationality,NATIONALITY,fanduel,Top Rest of the World Player,Top Rest of the World Player,SINGLE,1,2402|7|0|42.584257531,0,42.584257531,29936,Ryan Fox,29936,29936,Ryan Fox,Ryan Fox,R. Fox,,+500,500,0.16666666666666666,UP,2026-06-14T19:05:22Z,0.07621146857499275,,UP,
R2026032,R2026032,2402,Nationality,Nationality,NATIONALITY,fanduel,Top Rest of the World Player,Top Rest of the World Player,SINGLE,1,2402|7|0|42.584257531,0,42.584257531,40115,Adam Svensson,40115,40115,Adam Svensson,Adam Svensson,A. Svensson,,+20000,20000,0.004975124378109453,DOWN,2026-06-14T19:05:22Z,0.0022749692111938133,,DOWN,
R2026032,R2026032,2402,Nationality,Nationality,NATIONALITY,fanduel,Top Rest of the World Player,Top Rest of the World Player,SINGLE,1,2402|7|0|42.584257531,0,42.584257531,33399,Adam Hadwin,33399,33399,Adam Hadwin,Adam Hadwin,A. Hadwin,,+20000,20000,0.004975124378109453,DOWN,2026-06-14T19:05:22Z,0.0022749692111938133,,DOWN,
R2026032,R2026032,2402,Nationality,Nationality,NATIONALITY,fanduel,Top Rest of the World Player,Top Rest of the World Player,SINGLE,1,2402|7|0|42.584257531,0,42.584257531,49228,Keita Nakajima,49228,49228,Keita Nakajima,Keita Nakajima,K. Nakajima,,+20000,20000,0.004975124378109453,DOWN,2026-06-14T19:05:22Z,0.0022749692111938133,,DOWN,
R2026032,R2026032,2402,Nationality,Nationality,NATIONALITY,fanduel,Top Rest of the World Player,Top Rest of the World Player,SINGLE,1,2402|7|0|42.584257531,0,42.584257531,38991,Alejandro Tosti,38991,38991,Alejandro Tosti,Alejandro Tosti,A. Tosti,,+20000,20000,0.004975124378109453,DOWN,2026-06-14T19:05:22Z,0.0022749692111938133,,DOWN,
R2026032,R2026032,2402,Nationality,Nationality,NATIONALITY,fanduel,Top Rest of the World Player,Top Rest of the World Player,SINGLE,1,2402|7|0|42.584257531,0,42.584257531,40250,Taylor Pendrith,40250,40250,Taylor Pendrith,Taylor Pendrith,T. Pendrith,,+20000,20000,0.004975124378109453,DOWN,2026-06-14T19:05:22Z,0.0022749692111938133,,DOWN,
R2026032,R2026032,2402,Nationality,Nationality,NATIONALITY,fanduel,Top Rest of the World Player,Top Rest of the World Player,SINGLE,1,2402|7|0|42.584257531,0,42.584257531,57321,Matthew Anderson,57321,57321,Matthew Anderson,Matthew Anderson,M. Anderson,,-120,-120,0.5454545454545454,UP,2026-06-14T19:05:22Z,0.24941935169997625,,UP,
R2026032,R2026032,2402,Nationality,Nationality,NATIONALITY,fanduel,Top Rest of the World Player,Top Rest of the World Player,SINGLE,1,2402|7|0|42.584257531,0,42.584257531,40006,Erik van Rooyen,40006,40006,Erik van Rooyen,Erik van Rooyen,E. van Rooyen,,0,0,1.0,UP,2026-06-14T19:05:22Z,0.4572688114499565,,UP,
R2026032,R2026032,2402,Nationality,Nationality,NATIONALITY,fanduel,Top Rest of the World Player,Top Rest of the World Player,SINGLE,1,2402|7|0|42.584257531,0,42.584257531,55182,Tom Kim,55182,55182,Tom Kim,Tom Kim,T. Kim,,+3000,3000,0.03225806451612903,DOWN,2026-06-14T19:05:22Z,0.014750606820966338,,DOWN,
R2026032,R2026032,2402,Nationality,Nationality,NATIONALITY,fanduel,Top Rest of the World Player,Top Rest of the World Player,SINGLE,1,2402|7|0|42.584257531,0,42.584257531,50286,A.J. Ewart,50286,50286,A.J. Ewart,A.J. Ewart,A. Ewart,,+20000,20000,0.004975124378109453,DOWN,2026-06-14T19:05:22Z,0.0022749692111938133,,DOWN,
R2026032,R2026032,2402,Nationality,Nationality,NATIONALITY,fanduel,Top Rest of the World Player,Top Rest of the World Player,SINGLE,1,2402|7|0|42.584257531,0,42.584257531,63343,Aldrich Potgieter,63343,63343,Aldrich Potgieter,Aldrich Potgieter,A. Potgieter,,+900,900,0.1,UP,2026-06-14T19:05:22Z,0.04572688114499565,,UP,
R2026032,R2026032,2402,Nationality,Nationality,NATIONALITY,fanduel,Top Rest of the World Player,Top Rest of the World Player,SINGLE,1,2402|7|0|42.584257531,0,42.584257531,60386,Sudarshan Yellamaraju,60386,60386,Sudarshan Yellamaraju,Sudarshan Yellamaraju,S. Yellamaraju,,+550,550,0.15384615384615385,UP,2026-06-14T19:05:22Z,0.07034904791537792,,UP,
R2026032,R2026032,2402,Nationality,Nationality,NATIONALITY,fanduel,Top Rest of the World Player,Top Rest of the World Player,SINGLE,1,2402|7|0|42.584257531,0,42.584257531,66562,Justin Matthews,66562,66562,Justin Matthews,Justin Matthews,J. Matthews,,+550,550,0.15384615384615385,UP,2026-06-14T19:05:22Z,0.07034904791537792,,UP,
R2026032,R2026032,2402,Nationality,Nationality,NATIONALITY,fanduel,Top UK and Ireland Player,Top UK and Ireland Player,SINGLE,1,2402|8|0|42.584257529,0,42.584257529,27139,David Skinns,27139,27139,David Skinns,David Skinns,D. Skinns,,+1000,1000,0.09090909090909091,UP,2026-06-14T19:05:22Z,0.08098450382610818,,UP,
R2026032,R2026032,2402,Nationality,Nationality,NATIONALITY,fanduel,Top UK and Ireland Player,Top UK and Ireland Player,SINGLE,1,2402|8|0|42.584257529,0,42.584257529,33204,Shane Lowry,33204,33204,Shane Lowry,Shane Lowry,S. Lowry,,+4500,4500,0.021739130434782608,DOWN,2026-06-14T19:05:22Z,0.019365859610591084,,DOWN,
R2026032,R2026032,2402,Nationality,Nationality,NATIONALITY,fanduel,Top UK and Ireland Player,Top UK and Ireland Player,SINGLE,1,2402|8|0|42.584257529,0,42.584257529,30911,Tommy Fleetwood,30911,30911,Tommy Fleetwood,Tommy Fleetwood,T. Fleetwood,,-160,-160,0.6153846153846154,UP,2026-06-14T19:05:22Z,0.5482027951305785,,UP,
R2026032,R2026032,2402,Nationality,Nationality,NATIONALITY,fanduel,Top UK and Ireland Player,Top UK and Ireland Player,SINGLE,1,2402|8|0|42.584257529,0,42.584257529,40098,Matt Fitzpatrick,40098,40098,Matt Fitzpatrick,Matt Fitzpatrick,M. Fitzpatrick,,+160,160,0.38461538461538464,UP,2026-06-14T19:05:22Z,0.34262674695661155,,UP,
R2026032,R2026032,2402,Nationality,Nationality,NATIONALITY,fanduel,Top UK and Ireland Player,Top UK and Ireland Player,SINGLE,1,2402|8|0|42.584257529,0,42.584257529,55721,Alex Fitzpatrick,55721,55721,Alex Fitzpatrick,Alex Fitzpatrick,A. Fitzpatrick,,+10000,10000,0.009900990099009901,DOWN,2026-06-14T19:05:22Z,0.008820094476110792,,DOWN,
R2026032,R2026032,2402,Nationality,Nationality,NATIONALITY,fanduel,Top USA Player,Top USA Player,SINGLE,1,2402|9|0|42.584257539,0,42.584257539,34021,Bud Cauley,34021,34021,Bud Cauley,Bud Cauley,B. Cauley,,+230,230,0.30303030303030304,UP,2026-06-14T19:05:22Z,0.2512520894274342,,UP,
R2026032,R2026032,2402,Nationality,Nationality,NATIONALITY,fanduel,Top USA Player,Top USA Player,SINGLE,1,2402|9|0|42.584257539,0,42.584257539,51766,Wyndham Clark,51766,51766,Wyndham Clark,Wyndham Clark,W. Clark,,+4500,4500,0.021739130434782608,DOWN,2026-06-14T19:05:22Z,0.018024606415446367,,DOWN,
R2026032,R2026032,2402,Nationality,Nationality,NATIONALITY,fanduel,Top USA Player,Top USA Player,SINGLE,1,2402|9|0|42.584257539,0,42.584257539,39977,Max Homa,39977,39977,Max Homa,Max Homa,M. Homa,,+20000,20000,0.004975124378109453,DOWN,2026-06-14T19:05:22Z,0.004125034304032502,,DOWN,
R2026032,R2026032,2402,Nationality,Nationality,NATIONALITY,fanduel,Top USA Player,Top USA Player,SINGLE,1,2402|9|0|42.584257539,0,42.584257539,29535,Brice Garnett,29535,29535,Brice Garnett,Brice Garnett,B. Garnett,,+2500,2500,0.038461538461538464,UP,2026-06-14T19:05:22Z,0.031889688273482035,,UP,
R2026032,R2026032,2402,Nationality,Nationality,NATIONALITY,fanduel,Top USA Player,Top USA Player,SINGLE,1,2402|9|0|42.584257539,0,42.584257539,29420,Billy Horschel,29420,29420,Billy Horschel,Billy Horschel,B. Horschel,,+20000,20000,0.004975124378109453,DOWN,2026-06-14T19:05:22Z,0.004125034304032502,,DOWN,
R2026032,R2026032,2402,Nationality,Nationality,NATIONALITY,fanduel,Top USA Player,Top USA Player,SINGLE,1,2402|9|0|42.584257539,0,42.584257539,47504,Sam Burns,47504,47504,Sam Burns,Sam Burns,S. Burns,,+850,850,0.10526315789473684,DOWN,2026-06-14T19:05:22Z,0.0872770415905824,,DOWN,
R2026032,R2026032,2402,Nationality,Nationality,NATIONALITY,fanduel,Top USA Player,Top USA Player,SINGLE,1,2402|9|0|42.584257539,0,42.584257539,52375,Doug Ghim,52375,52375,Doug Ghim,Doug Ghim,D. Ghim,,+15000,15000,0.006622516556291391,DOWN,2026-06-14T19:05:22Z,0.005490939702718761,,DOWN,
R2026032,R2026032,2402,Nationality,Nationality,NATIONALITY,fanduel,Top USA Player,Top USA Player,SINGLE,1,2402|9|0|42.584257539,0,42.584257539,50525,Collin Morikawa,50525,50525,Collin Morikawa,Collin Morikawa,C. Morikawa,,+20000,20000,0.004975124378109453,DOWN,2026-06-14T19:05:22Z,0.004125034304032502,,DOWN,
R2026032,R2026032,2402,Nationality,Nationality,NATIONALITY,fanduel,Top USA Player,Top USA Player,SINGLE,1,2402|9|0|42.584257539,0,42.584257539,51600,Jimmy Stanger,51600,51600,Jimmy Stanger,Jimmy Stanger,J. Stanger,,+380,380,0.20833333333333334,UP,2026-06-14T19:05:22Z,0.17273581148136102,,UP,
R2026032,R2026032,2402,Nationality,Nationality,NATIONALITY,fanduel,Top USA Player,Top USA Player,SINGLE,1,2402|9|0|42.584257539,0,42.584257539,54576,Patrick Fishburn,54576,54576,Patrick Fishburn,Patrick Fishburn,P. Fishburn,,+20000,20000,0.004975124378109453,DOWN,2026-06-14T19:05:22Z,0.004125034304032502,,DOWN,
R2026032,R2026032,2402,Nationality,Nationality,NATIONALITY,fanduel,Top USA Player,Top USA Player,SINGLE,1,2402|9|0|42.584257539,0,42.584257539,60019,Jackson Suber,60019,60019,Jackson Suber,Jackson Suber,J. Suber,,+105,105,0.4878048780487805,UP,2026-06-14T19:05:22Z,0.40445458298074777,,UP,
R2026032,R2026032,2402,Nationality,Nationality,NATIONALITY,fanduel,Top USA Player,Top USA Player,SINGLE,1,2402|9|0|42.584257539,0,42.584257539,60004,Jacob Bridgeman,60004,60004,Jacob Bridgeman,Jacob Bridgeman,J. Bridgeman,,+20000,20000,0.004975124378109453,DOWN,2026-06-14T19:05:22Z,0.004125034304032502,,DOWN,
R2026032,R2026032,2402,Nationality,Nationality,NATIONALITY,fanduel,Top USA Player,Top USA Player,SINGLE,1,2402|9|0|42.584257539,0,42.584257539,63121,William Mouw,63121,63121,William Mouw,William Mouw,W. Mouw,,+20000,20000,0.004975124378109453,DOWN,2026-06-14T19:05:22Z,0.004125034304032502,,DOWN,
R2026032,R2026032,2402,Nationality,Nationality,NATIONALITY,fanduel,Top USA Player,Top USA Player,SINGLE,1,2402|9|0|42.584257539,0,42.584257539,66743,Luke Clanton,66743,66743,Luke Clanton,Luke Clanton,L. Clanton,,+20000,20000,0.004975124378109453,DOWN,2026-06-14T19:05:22Z,0.004125034304032502,,DOWN,
