tournament_id,tournament_name,market_id,market_name,market_display_name,market_type,betting_provider,submarket_name,group_title,selection_type,group_count,bet_group_id,selection_index,option_id,entity_id,selection_label,player_ids,player_id,player_names,player_name,player_short_names,opponent_name,odds_value,odds_numeric,implied_prob,odd_direction,fetched_at,fair_prob,odds_to_win,odds_swing,odds_sort
R2026028,R2026028,2589,Outright Winner,To Win,ODDS_TO_WIN,fanduel,Win Only,Win Only,SINGLE,1,2589|0|0|42.600459920,0,42.600459920,34021,Bud Cauley,34021,34021,Bud Cauley,Bud Cauley,B. Cauley,,+10000,10000,0.009900990099009901,CONSTANT,2026-08-19T23:00:22Z,0.0076144660036744916,+10000,CONSTANT,36.0
R2026028,R2026028,2589,Outright Winner,To Win,ODDS_TO_WIN,fanduel,Win Only,Win Only,SINGLE,1,2589|0|0|42.600459920,0,42.600459920,51766,Wyndham Clark,51766,51766,Wyndham Clark,Wyndham Clark,W. Clark,,+3000,3000,0.03225806451612903,UP,2026-08-19T23:00:22Z,0.024808421495842697,+3000,UP,12.0
R2026028,R2026028,2589,Outright Winner,To Win,ODDS_TO_WIN,fanduel,Win Only,Win Only,SINGLE,1,2589|0|0|42.600459920,0,42.600459920,49771,J.T. Poston,49771,49771,J.T. Poston,J.T. Poston,J.T. Poston,,+12500,12500,0.007936507936507936,DOWN,2026-08-19T23:00:22Z,0.0061036592569136796,+12500,DOWN,41.0
R2026028,R2026028,2589,Outright Winner,To Win,ODDS_TO_WIN,fanduel,Win Only,Win Only,SINGLE,1,2589|0|0|42.600459920,0,42.600459920,27349,Alex Noren,27349,27349,Alex Noren,Alex Noren,A. Noren,,+8000,8000,0.012345679012345678,DOWN,2026-08-19T23:00:22Z,0.009494581066310168,+8000,DOWN,32.0
R2026028,R2026028,2589,Outright Winner,To Win,ODDS_TO_WIN,fanduel,Win Only,Win Only,SINGLE,1,2589|0|0|42.600459920,0,42.600459920,24502,Adam Scott,24502,24502,Adam Scott,Adam Scott,A. Scott,,+6500,6500,0.015151515151515152,DOWN,2026-08-19T23:00:22Z,0.01165244039956248,+6500,DOWN,26.0
R2026028,R2026028,2589,Outright Winner,To Win,ODDS_TO_WIN,fanduel,Win Only,Win Only,SINGLE,1,2589|0|0|42.600459920,0,42.600459920,29936,Ryan Fox,29936,29936,Ryan Fox,Ryan Fox,R. Fox,,+10000,10000,0.009900990099009901,UP,2026-08-19T23:00:22Z,0.0076144660036744916,+10000,UP,37.0
R2026028,R2026028,2589,Outright Winner,To Win,ODDS_TO_WIN,fanduel,Win Only,Win Only,SINGLE,1,2589|0|0|42.600459920,0,42.600459920,48117,Kurt Kitayama,48117,48117,Kurt Kitayama,Kurt Kitayama,K. Kitayama,,+4500,4500,0.021739130434782608,UP,2026-08-19T23:00:22Z,0.01671871883415486,+4500,UP,18.0
R2026028,R2026028,2589,Outright Winner,To Win,ODDS_TO_WIN,fanduel,Win Only,Win Only,SINGLE,1,2589|0|0|42.600459920,0,42.600459920,49960,Sepp Straka,49960,49960,Sepp Straka,Sepp Straka,S. Straka,,+22500,22500,0.004424778761061947,CONSTANT,2026-08-19T23:00:22Z,0.0034029250724386005,+22500,CONSTANT,47.0
R2026028,R2026028,2589,Outright Winner,To Win,ODDS_TO_WIN,fanduel,Win Only,Win Only,SINGLE,1,2589|0|0|42.600459920,0,42.600459920,46414,Aaron Rai,46414,46414,Aaron Rai,Aaron Rai,A. Rai,,+15000,15000,0.006622516556291391,DOWN,2026-08-19T23:00:22Z,0.005093119644841879,+15000,DOWN,43.0
R2026028,R2026028,2589,Outright Winner,To Win,ODDS_TO_WIN,fanduel,Win Only,Win Only,SINGLE,1,2589|0|0|42.600459920,0,42.600459920,46442,Maverick McNealy,46442,46442,Maverick McNealy,Maverick McNealy,M. McNealy,,+5000,5000,0.0196078431372549,CONSTANT,2026-08-19T23:00:22Z,0.015079628752374974,+5000,CONSTANT,23.0
R2026028,R2026028,2589,Outright Winner,To Win,ODDS_TO_WIN,fanduel,Win Only,Win Only,SINGLE,1,2589|0|0|42.600459920,0,42.600459920,33448,Justin Thomas,33448,33448,Justin Thomas,Justin Thomas,J. Thomas,,+4000,4000,0.024390243902439025,DOWN,2026-08-19T23:00:22Z,0.018757586984661553,+4000,DOWN,16.0
R2026028,R2026028,2589,Outright Winner,To Win,ODDS_TO_WIN,fanduel,Win Only,Win Only,SINGLE,1,2589|0|0|42.600459920,0,42.600459920,32839,Hideki Matsuyama,32839,32839,Hideki Matsuyama,Hideki Matsuyama,H. Matsuyama,,+2700,2700,0.03571428571428571,UP,2026-08-19T23:00:22Z,0.02746646665611156,+2700,UP,10.0
R2026028,R2026028,2589,Outright Winner,To Win,ODDS_TO_WIN,fanduel,Win Only,Win Only,SINGLE,1,2589|0|0|42.600459920,0,42.600459920,31323,Gary Woodland,31323,31323,Gary Woodland,Gary Woodland,G. Woodland,,+10000,10000,0.009900990099009901,DOWN,2026-08-19T23:00:22Z,0.0076144660036744916,+10000,DOWN,38.0
R2026028,R2026028,2589,Outright Winner,To Win,ODDS_TO_WIN,fanduel,Win Only,Win Only,SINGLE,1,2589|0|0|42.600459920,0,42.600459920,30911,Tommy Fleetwood,30911,30911,Tommy Fleetwood,Tommy Fleetwood,T. Fleetwood,,+2200,2200,0.043478260869565216,DOWN,2026-08-19T23:00:22Z,0.03343743766830972,+2200,DOWN,7.0
R2026028,R2026028,2589,Outright Winner,To Win,ODDS_TO_WIN,fanduel,Win Only,Win Only,SINGLE,1,2589|0|0|42.600459920,0,42.600459920,34098,Russell Henley,34098,34098,Russell Henley,Russell Henley,R. Henley,,+4500,4500,0.021739130434782608,CONSTANT,2026-08-19T23:00:22Z,0.01671871883415486,+4500,CONSTANT,19.0
R2026028,R2026028,2589,Outright Winner,To Win,ODDS_TO_WIN,fanduel,Win Only,Win Only,SINGLE,1,2589|0|0|42.600459920,0,42.600459920,22405,Justin Rose,22405,22405,Justin Rose,Justin Rose,J. Rose,,+6500,6500,0.015151515151515152,UP,2026-08-19T23:00:22Z,0.01165244039956248,+6500,UP,27.0
R2026028,R2026028,2589,Outright Winner,To Win,ODDS_TO_WIN,fanduel,Win Only,Win Only,SINGLE,1,2589|0|0|42.600459920,0,42.600459920,47504,Sam Burns,47504,47504,Sam Burns,Sam Burns,S. Burns,,+2000,2000,0.047619047619047616,DOWN,2026-08-19T23:00:22Z,0.03662195554148208,+2000,DOWN,5.0
R2026028,R2026028,2589,Outright Winner,To Win,ODDS_TO_WIN,fanduel,Win Only,Win Only,SINGLE,1,2589|0|0|42.600459920,0,42.600459920,35450,Patrick Cantlay,35450,35450,Patrick Cantlay,Patrick Cantlay,P. Cantlay,,+3000,3000,0.03225806451612903,CONSTANT,2026-08-19T23:00:22Z,0.024808421495842697,+3000,CONSTANT,13.0
R2026028,R2026028,2589,Outright Winner,To Win,ODDS_TO_WIN,fanduel,Win Only,Win Only,SINGLE,1,2589|0|0|42.600459920,0,42.600459920,52215,Robert MacIntyre,52215,52215,Robert MacIntyre,Robert MacIntyre,R. MacIntyre,,+7000,7000,0.014084507042253521,DOWN,2026-08-19T23:00:22Z,0.010831846005227094,+7000,DOWN,28.0
R2026028,R2026028,2589,Outright Winner,To Win,ODDS_TO_WIN,fanduel,Win Only,Win Only,SINGLE,1,2589|0|0|42.600459920,0,42.600459920,50525,Collin Morikawa,50525,50525,Collin Morikawa,Collin Morikawa,C. Morikawa,,+3500,3500,0.027777777777777776,CONSTANT,2026-08-19T23:00:22Z,0.021362807399197877,+3500,CONSTANT,15.0
R2026028,R2026028,2589,Outright Winner,To Win,ODDS_TO_WIN,fanduel,Win Only,Win Only,SINGLE,1,2589|0|0|42.600459920,0,42.600459920,46046,Scottie Scheffler,46046,46046,Scottie Scheffler,Scottie Scheffler,S. Scheffler,,+300,300,0.25,CONSTANT,2026-08-19T23:00:22Z,0.19226526659278093,+300,CONSTANT,1.0
R2026028,R2026028,2589,Outright Winner,To Win,ODDS_TO_WIN,fanduel,Win Only,Win Only,SINGLE,1,2589|0|0|42.600459920,0,42.600459920,39971,Sungjae Im,39971,39971,Sungjae Im,Sungjae Im,S. Im,,+7000,7000,0.014084507042253521,DOWN,2026-08-19T23:00:22Z,0.010831846005227094,+7000,DOWN,29.0
R2026028,R2026028,2589,Outright Winner,To Win,ODDS_TO_WIN,fanduel,Win Only,Win Only,SINGLE,1,2589|0|0|42.600459920,0,42.600459920,51287,Ryo Hisatsune,51287,51287,Ryo Hisatsune,Ryo Hisatsune,R. Hisatsune,,+15000,15000,0.006622516556291391,DOWN,2026-08-19T23:00:22Z,0.005093119644841879,+15000,DOWN,44.0
R2026028,R2026028,2589,Outright Winner,To Win,ODDS_TO_WIN,fanduel,Win Only,Win Only,SINGLE,1,2589|0|0|42.600459920,0,42.600459920,49855,Kristoffer Reitan,49855,49855,Kristoffer Reitan,Kristoffer Reitan,K. Reitan,,+10000,10000,0.009900990099009901,DOWN,2026-08-19T23:00:22Z,0.0076144660036744916,+10000,DOWN,39.0
R2026028,R2026028,2589,Outright Winner,To Win,ODDS_TO_WIN,fanduel,Win Only,Win Only,SINGLE,1,2589|0|0|42.600459920,0,42.600459920,40098,Matt Fitzpatrick,40098,40098,Matt Fitzpatrick,Matt Fitzpatrick,M. Fitzpatrick,,+2200,2200,0.043478260869565216,CONSTANT,2026-08-19T23:00:22Z,0.03343743766830972,+2200,CONSTANT,8.0
R2026028,R2026028,2589,Outright Winner,To Win,ODDS_TO_WIN,fanduel,Win Only,Win Only,SINGLE,1,2589|0|0|42.600459920,0,42.600459920,46717,Viktor Hovland,46717,46717,Viktor Hovland,Viktor Hovland,V. Hovland,,+3000,3000,0.03225806451612903,DOWN,2026-08-19T23:00:22Z,0.024808421495842697,+3000,DOWN,14.0
R2026028,R2026028,2589,Outright Winner,To Win,ODDS_TO_WIN,fanduel,Win Only,Win Only,SINGLE,1,2589|0|0|42.600459920,0,42.600459920,55721,Alex Fitzpatrick,55721,55721,Alex Fitzpatrick,Alex Fitzpatrick,A. Fitzpatrick,,+10000,10000,0.009900990099009901,CONSTANT,2026-08-19T23:00:22Z,0.0076144660036744916,+10000,CONSTANT,40.0
R2026028,R2026028,2589,Outright Winner,To Win,ODDS_TO_WIN,fanduel,Win Only,Win Only,SINGLE,1,2589|0|0|42.600459920,0,42.600459920,57364,Michael Thorbjornsen,57364,57364,Michael Thorbjornsen,Michael Thorbjornsen,M. Thorbjornsen,,+4500,4500,0.021739130434782608,UP,2026-08-19T23:00:22Z,0.01671871883415486,+4500,UP,20.0
R2026028,R2026028,2589,Outright Winner,To Win,ODDS_TO_WIN,fanduel,Win Only,Win Only,SINGLE,1,2589|0|0|42.600459920,0,42.600459920,32102,Rickie Fowler,32102,32102,Rickie Fowler,Rickie Fowler,R. Fowler,,+8000,8000,0.012345679012345678,DOWN,2026-08-19T23:00:22Z,0.009494581066310168,+8000,DOWN,33.0
R2026028,R2026028,2589,Outright Winner,To Win,ODDS_TO_WIN,fanduel,Win Only,Win Only,SINGLE,1,2589|0|0|42.600459920,0,42.600459920,48081,Xander Schauffele,48081,48081,Xander Schauffele,Xander Schauffele,X. Schauffele,,+1600,1600,0.058823529411764705,UP,2026-08-19T23:00:22Z,0.045238886257124925,+1600,UP,4.0
R2026028,R2026028,2589,Outright Winner,To Win,ODDS_TO_WIN,fanduel,Win Only,Win Only,SINGLE,1,2589|0|0|42.600459920,0,42.600459920,54591,Ben Griffin,54591,54591,Ben Griffin,Ben Griffin,B. Griffin,,+7000,7000,0.014084507042253521,DOWN,2026-08-19T23:00:22Z,0.010831846005227094,+7000,DOWN,30.0
R2026028,R2026028,2589,Outright Winner,To Win,ODDS_TO_WIN,fanduel,Win Only,Win Only,SINGLE,1,2589|0|0|42.600459920,0,42.600459920,56630,Akshay Bhatia,56630,56630,Akshay Bhatia,Akshay Bhatia,A. Bhatia,,+12500,12500,0.007936507936507936,DOWN,2026-08-19T23:00:22Z,0.0061036592569136796,+12500,DOWN,42.0
R2026028,R2026028,2589,Outright Winner,To Win,ODDS_TO_WIN,fanduel,Win Only,Win Only,SINGLE,1,2589|0|0|42.600459920,0,42.600459920,47420,Jake Knapp,47420,47420,Jake Knapp,Jake Knapp,J. Knapp,,+4000,4000,0.024390243902439025,CONSTANT,2026-08-19T23:00:22Z,0.018757586984661553,+4000,CONSTANT,17.0
R2026028,R2026028,2589,Outright Winner,To Win,ODDS_TO_WIN,fanduel,Win Only,Win Only,SINGLE,1,2589|0|0|42.600459920,0,42.600459920,57366,Cameron Young,57366,57366,Cameron Young,Cameron Young,Cam. Young,,+2000,2000,0.047619047619047616,UP,2026-08-19T23:00:22Z,0.03662195554148208,+2000,UP,6.0
R2026028,R2026028,2589,Outright Winner,To Win,ODDS_TO_WIN,fanduel,Win Only,Win Only,SINGLE,1,2589|0|0|42.600459920,0,42.600459920,47591,Eric Cole,47591,47591,Eric Cole,Eric Cole,E. Cole,,+15000,15000,0.006622516556291391,UP,2026-08-19T23:00:22Z,0.005093119644841879,+15000,UP,45.0
R2026028,R2026028,2589,Outright Winner,To Win,ODDS_TO_WIN,fanduel,Win Only,Win Only,SINGLE,1,2589|0|0|42.600459920,0,42.600459920,46340,Alex Smalley,46340,46340,Alex Smalley,Alex Smalley,A. Smalley,,+8000,8000,0.012345679012345678,CONSTANT,2026-08-19T23:00:22Z,0.009494581066310168,+8000,CONSTANT,34.0
R2026028,R2026028,2589,Outright Winner,To Win,ODDS_TO_WIN,fanduel,Win Only,Win Only,SINGLE,1,2589|0|0|42.600459920,0,42.600459920,51634,Sahith Theegala,51634,51634,Sahith Theegala,Sahith Theegala,S. Theegala,,+22500,22500,0.004424778761061947,DOWN,2026-08-19T23:00:22Z,0.0034029250724386005,+22500,DOWN,48.0
R2026028,R2026028,2589,Outright Winner,To Win,ODDS_TO_WIN,fanduel,Win Only,Win Only,SINGLE,1,2589|0|0|42.600459920,0,42.600459920,61522,Michael Brennan,61522,61522,Michael Brennan,Michael Brennan,M. Brennan,,+6000,6000,0.01639344262295082,DOWN,2026-08-19T23:00:22Z,0.012607558465100388,+6000,DOWN,25.0
R2026028,R2026028,2589,Outright Winner,To Win,ODDS_TO_WIN,fanduel,Win Only,Win Only,SINGLE,1,2589|0|0|42.600459920,0,42.600459920,59095,Chris Gotterup,59095,59095,Chris Gotterup,Chris Gotterup,C. Gotterup,,+2700,2700,0.03571428571428571,CONSTANT,2026-08-19T23:00:22Z,0.02746646665611156,+2700,CONSTANT,11.0
R2026028,R2026028,2589,Outright Winner,To Win,ODDS_TO_WIN,fanduel,Win Only,Win Only,SINGLE,1,2589|0|0|42.600459920,0,42.600459920,55182,Tom Kim,55182,55182,Tom Kim,Tom Kim,T. Kim,,+4500,4500,0.021739130434782608,DOWN,2026-08-19T23:00:22Z,0.01671871883415486,+4500,DOWN,21.0
R2026028,R2026028,2589,Outright Winner,To Win,ODDS_TO_WIN,fanduel,Win Only,Win Only,SINGLE,1,2589|0|0|42.600459920,0,42.600459920,60004,Jacob Bridgeman,60004,60004,Jacob Bridgeman,Jacob Bridgeman,J. Bridgeman,,+8000,8000,0.012345679012345678,DOWN,2026-08-19T23:00:22Z,0.009494581066310168,+8000,DOWN,35.0
R2026028,R2026028,2589,Outright Winner,To Win,ODDS_TO_WIN,fanduel,Win Only,Win Only,SINGLE,1,2589|0|0|42.600459920,0,42.600459920,28237,Rory McIlroy,28237,28237,Rory McIlroy,Rory McIlroy,R. McIlroy,,+1500,1500,0.0625,CONSTANT,2026-08-19T23:00:22Z,0.04806631664819523,+1500,CONSTANT,2.0
R2026028,R2026028,2589,Outright Winner,To Win,ODDS_TO_WIN,fanduel,Win Only,Win Only,SINGLE,1,2589|0|0|42.600459920,0,42.600459920,59018,Ryan Gerard,59018,59018,Ryan Gerard,Ryan Gerard,R. Gerard,,+5000,5000,0.0196078431372549,UP,2026-08-19T23:00:22Z,0.015079628752374974,+5000,UP,24.0
R2026028,R2026028,2589,Outright Winner,To Win,ODDS_TO_WIN,fanduel,Win Only,Win Only,SINGLE,1,2589|0|0|42.600459920,0,42.600459920,51349,Nico Echavarria,51349,51349,Nico Echavarria,Nico Echavarria,N. Echavarria,,+15000,15000,0.006622516556291391,UP,2026-08-19T23:00:22Z,0.005093119644841879,+15000,UP,46.0
R2026028,R2026028,2589,Outright Winner,To Win,ODDS_TO_WIN,fanduel,Win Only,Win Only,SINGLE,1,2589|0|0|42.600459920,0,42.600459920,37455,Si Woo Kim,37455,37455,Si Woo Kim,Si Woo Kim,S.W. Kim,,+2500,2500,0.038461538461538464,UP,2026-08-19T23:00:22Z,0.02957927178350476,+2500,UP,9.0
R2026028,R2026028,2589,Outright Winner,To Win,ODDS_TO_WIN,fanduel,Win Only,Win Only,SINGLE,1,2589|0|0|42.600459920,0,42.600459920,37378,Min Woo Lee,37378,37378,Min Woo Lee,Min Woo Lee,M. Lee,,+4500,4500,0.021739130434782608,UP,2026-08-19T23:00:22Z,0.01671871883415486,+4500,UP,22.0
R2026028,R2026028,2589,Outright Winner,To Win,ODDS_TO_WIN,fanduel,Win Only,Win Only,SINGLE,1,2589|0|0|42.600459920,0,42.600459920,52453,Nicolai Højgaard,52453,52453,Nicolai Højgaard,Nicolai Højgaard,N. Højgaard,,+7000,7000,0.014084507042253521,UP,2026-08-19T23:00:22Z,0.010831846005227094,+7000,UP,31.0
R2026028,R2026028,2589,Outright Winner,To Win,ODDS_TO_WIN,fanduel,Win Only,Win Only,SINGLE,1,2589|0|0|42.600459920,0,42.600459920,52955,Ludvig Åberg,52955,52955,Ludvig Åberg,Ludvig Åberg,L. Åberg,,+1500,1500,0.0625,UP,2026-08-19T23:00:22Z,0.04806631664819523,+1500,UP,3.0
R2026028,R2026028,2593,Matchup Props,Matchup,MATCHUP_PROPS,fanduel,18 Hole Matchbet - Round 1,18 Hole Matchbet,GROUP,2,2593|0|0|0,0,42.600873067,51766,Wyndham Clark,51766,51766,Wyndham Clark,Wyndham Clark,W. Clark,Hideki Matsuyama,+100,100,0.5,CONSTANT,2026-08-19T23:00:22Z,0.47368421052631576,,CONSTANT,
R2026028,R2026028,2593,Matchup Props,Matchup,MATCHUP_PROPS,fanduel,18 Hole Matchbet - Round 1,18 Hole Matchbet,GROUP,2,2593|0|0|0,1,42.600873067,32839,Hideki Matsuyama,32839,32839,Hideki Matsuyama,Hideki Matsuyama,H. Matsuyama,Wyndham Clark,-125,-125,0.5555555555555556,CONSTANT,2026-08-19T23:00:22Z,0.5263157894736842,,CONSTANT,
R2026028,R2026028,2593,Matchup Props,Matchup,MATCHUP_PROPS,fanduel,18 Hole Matchbet - Round 1,18 Hole Matchbet,GROUP,2,2593|0|0|1,0,42.600873297,24502,Adam Scott,24502,24502,Adam Scott,Adam Scott,A. Scott,Sungjae Im,-110,-110,0.5238095238095238,CONSTANT,2026-08-19T23:00:22Z,0.48987854251012153,,CONSTANT,
R2026028,R2026028,2593,Matchup Props,Matchup,MATCHUP_PROPS,fanduel,18 Hole Matchbet - Round 1,18 Hole Matchbet,GROUP,2,2593|0|0|1,1,42.600873297,39971,Sungjae Im,39971,39971,Sungjae Im,Sungjae Im,S. Im,Adam Scott,-120,-120,0.5454545454545454,CONSTANT,2026-08-19T23:00:22Z,0.5101214574898786,,CONSTANT,
R2026028,R2026028,2593,Matchup Props,Matchup,MATCHUP_PROPS,fanduel,18 Hole Matchbet - Round 1,18 Hole Matchbet,GROUP,2,2593|0|0|2,0,42.600873298,46442,Maverick McNealy,46442,46442,Maverick McNealy,Maverick McNealy,M. McNealy,Russell Henley,-112,-112,0.5283018867924528,CONSTANT,2026-08-19T23:00:22Z,0.5,,CONSTANT,
R2026028,R2026028,2593,Matchup Props,Matchup,MATCHUP_PROPS,fanduel,18 Hole Matchbet - Round 1,18 Hole Matchbet,GROUP,2,2593|0|0|2,1,42.600873298,34098,Russell Henley,34098,34098,Russell Henley,Russell Henley,R. Henley,Maverick McNealy,-112,-112,0.5283018867924528,CONSTANT,2026-08-19T23:00:22Z,0.5,,CONSTANT,
R2026028,R2026028,2593,Matchup Props,Matchup,MATCHUP_PROPS,fanduel,18 Hole Matchbet - Round 1,18 Hole Matchbet,GROUP,2,2593|0|0|3,0,42.600873405,33448,Justin Thomas,33448,33448,Justin Thomas,Justin Thomas,J. Thomas,Collin Morikawa,-112,-112,0.5283018867924528,CONSTANT,2026-08-19T23:00:22Z,0.5,,CONSTANT,
R2026028,R2026028,2593,Matchup Props,Matchup,MATCHUP_PROPS,fanduel,18 Hole Matchbet - Round 1,18 Hole Matchbet,GROUP,2,2593|0|0|3,1,42.600873405,50525,Collin Morikawa,50525,50525,Collin Morikawa,Collin Morikawa,C. Morikawa,Justin Thomas,-112,-112,0.5283018867924528,CONSTANT,2026-08-19T23:00:22Z,0.5,,CONSTANT,
R2026028,R2026028,2593,Matchup Props,Matchup,MATCHUP_PROPS,fanduel,18 Hole Matchbet - Round 1,18 Hole Matchbet,GROUP,2,2593|0|0|4,0,42.600873065,22405,Justin Rose,22405,22405,Justin Rose,Justin Rose,J. Rose,Kristoffer Reitan,-120,-120,0.5454545454545454,CONSTANT,2026-08-19T23:00:22Z,0.5101214574898786,,CONSTANT,
R2026028,R2026028,2593,Matchup Props,Matchup,MATCHUP_PROPS,fanduel,18 Hole Matchbet - Round 1,18 Hole Matchbet,GROUP,2,2593|0|0|4,1,42.600873065,49855,Kristoffer Reitan,49855,49855,Kristoffer Reitan,Kristoffer Reitan,K. Reitan,Justin Rose,-110,-110,0.5238095238095238,CONSTANT,2026-08-19T23:00:22Z,0.48987854251012153,,CONSTANT,
R2026028,R2026028,2593,Matchup Props,Matchup,MATCHUP_PROPS,fanduel,18 Hole Matchbet - Round 1,18 Hole Matchbet,GROUP,2,2593|0|0|5,0,42.600873406,47504,Sam Burns,47504,47504,Sam Burns,Sam Burns,S. Burns,Cameron Young,-112,-112,0.5283018867924528,CONSTANT,2026-08-19T23:00:22Z,0.5,,CONSTANT,
R2026028,R2026028,2593,Matchup Props,Matchup,MATCHUP_PROPS,fanduel,18 Hole Matchbet - Round 1,18 Hole Matchbet,GROUP,2,2593|0|0|5,1,42.600873406,57366,Cameron Young,57366,57366,Cameron Young,Cameron Young,Cam. Young,Sam Burns,-112,-112,0.5283018867924528,CONSTANT,2026-08-19T23:00:22Z,0.5,,CONSTANT,
R2026028,R2026028,2593,Matchup Props,Matchup,MATCHUP_PROPS,fanduel,18 Hole Matchbet - Round 1,18 Hole Matchbet,GROUP,2,2593|0|0|6,0,42.600873171,35450,Patrick Cantlay,35450,35450,Patrick Cantlay,Patrick Cantlay,P. Cantlay,Si Woo Kim,-110,-110,0.5238095238095238,CONSTANT,2026-08-19T23:00:22Z,0.48987854251012153,,CONSTANT,
R2026028,R2026028,2593,Matchup Props,Matchup,MATCHUP_PROPS,fanduel,18 Hole Matchbet - Round 1,18 Hole Matchbet,GROUP,2,2593|0|0|6,1,42.600873171,37455,Si Woo Kim,37455,37455,Si Woo Kim,Si Woo Kim,S.W. Kim,Patrick Cantlay,-120,-120,0.5454545454545454,CONSTANT,2026-08-19T23:00:22Z,0.5101214574898786,,CONSTANT,
R2026028,R2026028,2593,Matchup Props,Matchup,MATCHUP_PROPS,fanduel,18 Hole Matchbet - Round 1,18 Hole Matchbet,GROUP,2,2593|0|0|7,0,42.600873299,52215,Robert MacIntyre,52215,52215,Robert MacIntyre,Robert MacIntyre,R. MacIntyre,Nicolai Højgaard,-112,-112,0.5283018867924528,CONSTANT,2026-08-19T23:00:22Z,0.5,,CONSTANT,
R2026028,R2026028,2593,Matchup Props,Matchup,MATCHUP_PROPS,fanduel,18 Hole Matchbet - Round 1,18 Hole Matchbet,GROUP,2,2593|0|0|7,1,42.600873299,52453,Nicolai Højgaard,52453,52453,Nicolai Højgaard,Nicolai Højgaard,N. Højgaard,Robert MacIntyre,-112,-112,0.5283018867924528,CONSTANT,2026-08-19T23:00:22Z,0.5,,CONSTANT,
R2026028,R2026028,2593,Matchup Props,Matchup,MATCHUP_PROPS,fanduel,18 Hole Matchbet - Round 1,18 Hole Matchbet,GROUP,2,2593|0|0|8,0,42.600873170,55721,Alex Fitzpatrick,55721,55721,Alex Fitzpatrick,Alex Fitzpatrick,A. Fitzpatrick,Alex Smalley,-110,-110,0.5238095238095238,CONSTANT,2026-08-19T23:00:22Z,0.48987854251012153,,CONSTANT,
R2026028,R2026028,2593,Matchup Props,Matchup,MATCHUP_PROPS,fanduel,18 Hole Matchbet - Round 1,18 Hole Matchbet,GROUP,2,2593|0|0|8,1,42.600873170,46340,Alex Smalley,46340,46340,Alex Smalley,Alex Smalley,A. Smalley,Alex Fitzpatrick,-120,-120,0.5454545454545454,CONSTANT,2026-08-19T23:00:22Z,0.5101214574898786,,CONSTANT,
R2026028,R2026028,2593,Matchup Props,Matchup,MATCHUP_PROPS,fanduel,18 Hole Matchbet - Round 1,18 Hole Matchbet,GROUP,2,2593|0|0|9,0,42.600873066,57364,Michael Thorbjornsen,57364,57364,Michael Thorbjornsen,Michael Thorbjornsen,M. Thorbjornsen,Michael Brennan,-120,-120,0.5454545454545454,CONSTANT,2026-08-19T23:00:22Z,0.5101214574898786,,CONSTANT,
R2026028,R2026028,2593,Matchup Props,Matchup,MATCHUP_PROPS,fanduel,18 Hole Matchbet - Round 1,18 Hole Matchbet,GROUP,2,2593|0|0|9,1,42.600873066,61522,Michael Brennan,61522,61522,Michael Brennan,Michael Brennan,M. Brennan,Michael Thorbjornsen,-110,-110,0.5238095238095238,CONSTANT,2026-08-19T23:00:22Z,0.48987854251012153,,CONSTANT,
R2026028,R2026028,2593,Matchup Props,Matchup,MATCHUP_PROPS,fanduel,72 Hole Matchbet,72 Hole Matchbet,GROUP,2,2593|1|0|0,0,42.600510107,24502,Adam Scott,24502,24502,Adam Scott,Adam Scott,A. Scott,Akshay Bhatia,-138,-138,0.5798319327731093,DOWN,2026-08-19T23:00:22Z,0.5490716180371353,,DOWN,
R2026028,R2026028,2593,Matchup Props,Matchup,MATCHUP_PROPS,fanduel,72 Hole Matchbet,72 Hole Matchbet,GROUP,2,2593|1|0|0,1,42.600510107,56630,Akshay Bhatia,56630,56630,Akshay Bhatia,Akshay Bhatia,A. Bhatia,Adam Scott,+110,110,0.47619047619047616,CONSTANT,2026-08-19T23:00:22Z,0.45092838196286467,,CONSTANT,
R2026028,R2026028,2593,Matchup Props,Matchup,MATCHUP_PROPS,fanduel,72 Hole Matchbet,72 Hole Matchbet,GROUP,2,2593|1|0|1,0,42.600510105,48117,Kurt Kitayama,48117,48117,Kurt Kitayama,Kurt Kitayama,K. Kitayama,Ryan Gerard,-120,-120,0.5454545454545454,DOWN,2026-08-19T23:00:22Z,0.5101214574898786,,DOWN,
R2026028,R2026028,2593,Matchup Props,Matchup,MATCHUP_PROPS,fanduel,72 Hole Matchbet,72 Hole Matchbet,GROUP,2,2593|1|0|1,1,42.600510105,59018,Ryan Gerard,59018,59018,Ryan Gerard,Ryan Gerard,R. Gerard,Kurt Kitayama,-110,-110,0.5238095238095238,UP,2026-08-19T23:00:22Z,0.48987854251012153,,UP,
R2026028,R2026028,2593,Matchup Props,Matchup,MATCHUP_PROPS,fanduel,72 Hole Matchbet,72 Hole Matchbet,GROUP,2,2593|1|0|2,0,42.600510092,46442,Maverick McNealy,46442,46442,Maverick McNealy,Maverick McNealy,M. McNealy,Hideki Matsuyama,+125,125,0.4444444444444444,CONSTANT,2026-08-19T23:00:22Z,0.4176260420801905,,CONSTANT,
R2026028,R2026028,2593,Matchup Props,Matchup,MATCHUP_PROPS,fanduel,72 Hole Matchbet,72 Hole Matchbet,GROUP,2,2593|1|0|2,1,42.600510092,32839,Hideki Matsuyama,32839,32839,Hideki Matsuyama,Hideki Matsuyama,H. Matsuyama,Maverick McNealy,-163,-163,0.6197718631178707,UP,2026-08-19T23:00:22Z,0.5823739579198094,,UP,
R2026028,R2026028,2593,Matchup Props,Matchup,MATCHUP_PROPS,fanduel,72 Hole Matchbet,72 Hole Matchbet,GROUP,2,2593|1|0|3,0,42.600510090,30911,Tommy Fleetwood,30911,30911,Tommy Fleetwood,Tommy Fleetwood,T. Fleetwood,Xander Schauffele,+100,100,0.5,DOWN,2026-08-19T23:00:22Z,0.47368421052631576,,DOWN,
R2026028,R2026028,2593,Matchup Props,Matchup,MATCHUP_PROPS,fanduel,72 Hole Matchbet,72 Hole Matchbet,GROUP,2,2593|1|0|3,1,42.600510090,48081,Xander Schauffele,48081,48081,Xander Schauffele,Xander Schauffele,X. Schauffele,Tommy Fleetwood,-125,-125,0.5555555555555556,UP,2026-08-19T23:00:22Z,0.5263157894736842,,UP,
R2026028,R2026028,2593,Matchup Props,Matchup,MATCHUP_PROPS,fanduel,72 Hole Matchbet,72 Hole Matchbet,GROUP,2,2593|1|0|4,0,42.600510093,47504,Sam Burns,47504,47504,Sam Burns,Sam Burns,S. Burns,Ludvig Åberg,+100,100,0.5,DOWN,2026-08-19T23:00:22Z,0.47368421052631576,,DOWN,
R2026028,R2026028,2593,Matchup Props,Matchup,MATCHUP_PROPS,fanduel,72 Hole Matchbet,72 Hole Matchbet,GROUP,2,2593|1|0|4,1,42.600510093,52955,Ludvig Åberg,52955,52955,Ludvig Åberg,Ludvig Åberg,L. Åberg,Sam Burns,-125,-125,0.5555555555555556,UP,2026-08-19T23:00:22Z,0.5263157894736842,,UP,
R2026028,R2026028,2593,Matchup Props,Matchup,MATCHUP_PROPS,fanduel,72 Hole Matchbet,72 Hole Matchbet,GROUP,2,2593|1|0|5,0,42.600510104,35450,Patrick Cantlay,35450,35450,Patrick Cantlay,Patrick Cantlay,P. Cantlay,Jake Knapp,-150,-150,0.6,UP,2026-08-19T23:00:22Z,0.5575221238938053,,UP,
R2026028,R2026028,2593,Matchup Props,Matchup,MATCHUP_PROPS,fanduel,72 Hole Matchbet,72 Hole Matchbet,GROUP,2,2593|1|0|5,1,42.600510104,47420,Jake Knapp,47420,47420,Jake Knapp,Jake Knapp,J. Knapp,Patrick Cantlay,+110,110,0.47619047619047616,CONSTANT,2026-08-19T23:00:22Z,0.4424778761061947,,CONSTANT,
R2026028,R2026028,2593,Matchup Props,Matchup,MATCHUP_PROPS,fanduel,72 Hole Matchbet,72 Hole Matchbet,GROUP,2,2593|1|0|6,0,42.600510091,50525,Collin Morikawa,50525,50525,Collin Morikawa,Collin Morikawa,C. Morikawa,Sungjae Im,-150,-150,0.6,CONSTANT,2026-08-19T23:00:22Z,0.5689655172413793,,CONSTANT,
R2026028,R2026028,2593,Matchup Props,Matchup,MATCHUP_PROPS,fanduel,72 Hole Matchbet,72 Hole Matchbet,GROUP,2,2593|1|0|6,1,42.600510091,39971,Sungjae Im,39971,39971,Sungjae Im,Sungjae Im,S. Im,Collin Morikawa,+120,120,0.45454545454545453,CONSTANT,2026-08-19T23:00:22Z,0.4310344827586207,,CONSTANT,
R2026028,R2026028,2593,Matchup Props,Matchup,MATCHUP_PROPS,fanduel,72 Hole Matchbet,72 Hole Matchbet,GROUP,2,2593|1|0|7,0,42.600510094,46046,Scottie Scheffler,46046,46046,Scottie Scheffler,Scottie Scheffler,S. Scheffler,Rory McIlroy,-350,-350,0.7777777777777778,CONSTANT,2026-08-19T23:00:22Z,0.7313432835820896,,CONSTANT,
R2026028,R2026028,2593,Matchup Props,Matchup,MATCHUP_PROPS,fanduel,72 Hole Matchbet,72 Hole Matchbet,GROUP,2,2593|1|0|7,1,42.600510094,28237,Rory McIlroy,28237,28237,Rory McIlroy,Rory McIlroy,R. McIlroy,Scottie Scheffler,+250,250,0.2857142857142857,UP,2026-08-19T23:00:22Z,0.26865671641791045,,UP,
R2026028,R2026028,2593,Matchup Props,Matchup,MATCHUP_PROPS,fanduel,72 Hole Matchbet,72 Hole Matchbet,GROUP,2,2593|1|0|8,0,42.600510108,49855,Kristoffer Reitan,49855,49855,Kristoffer Reitan,Kristoffer Reitan,K. Reitan,Michael Thorbjornsen,+110,110,0.47619047619047616,CONSTANT,2026-08-19T23:00:22Z,0.4424778761061947,,CONSTANT,
R2026028,R2026028,2593,Matchup Props,Matchup,MATCHUP_PROPS,fanduel,72 Hole Matchbet,72 Hole Matchbet,GROUP,2,2593|1|0|8,1,42.600510108,57364,Michael Thorbjornsen,57364,57364,Michael Thorbjornsen,Michael Thorbjornsen,M. Thorbjornsen,Kristoffer Reitan,-150,-150,0.6,UP,2026-08-19T23:00:22Z,0.5575221238938053,,UP,
R2026028,R2026028,2593,Matchup Props,Matchup,MATCHUP_PROPS,fanduel,72 Hole Matchbet,72 Hole Matchbet,GROUP,2,2593|1|0|9,0,42.600510103,40098,Matt Fitzpatrick,40098,40098,Matt Fitzpatrick,Matt Fitzpatrick,M. Fitzpatrick,Cameron Young,-110,-110,0.5238095238095238,DOWN,2026-08-19T23:00:22Z,0.48987854251012153,,DOWN,
R2026028,R2026028,2593,Matchup Props,Matchup,MATCHUP_PROPS,fanduel,72 Hole Matchbet,72 Hole Matchbet,GROUP,2,2593|1|0|9,1,42.600510103,57366,Cameron Young,57366,57366,Cameron Young,Cameron Young,Cam. Young,Matt Fitzpatrick,-120,-120,0.5454545454545454,UP,2026-08-19T23:00:22Z,0.5101214574898786,,UP,
R2026028,R2026028,2593,Matchup Props,Matchup,MATCHUP_PROPS,fanduel,72 Hole Matchbet,72 Hole Matchbet,GROUP,2,2593|1|0|10,0,42.600510106,46717,Viktor Hovland,46717,46717,Viktor Hovland,Viktor Hovland,V. Hovland,Si Woo Kim,-112,-112,0.5283018867924528,DOWN,2026-08-19T23:00:22Z,0.5,,DOWN,
R2026028,R2026028,2593,Matchup Props,Matchup,MATCHUP_PROPS,fanduel,72 Hole Matchbet,72 Hole Matchbet,GROUP,2,2593|1|0|10,1,42.600510106,37455,Si Woo Kim,37455,37455,Si Woo Kim,Si Woo Kim,S.W. Kim,Viktor Hovland,-112,-112,0.5283018867924528,UP,2026-08-19T23:00:22Z,0.5,,UP,
R2026028,R2026028,2590,Finish,Finishes,FINISH,fanduel,Top 10,Top 10,SINGLE,1,2590|0|0|42.600459695,0,42.600459695,34021,Bud Cauley,34021,34021,Bud Cauley,Bud Cauley,B. Cauley,,+600,600,0.14285714285714285,UP,2026-08-19T23:00:22Z,0.012858982372678174,,UP,
R2026028,R2026028,2590,Finish,Finishes,FINISH,fanduel,Top 10,Top 10,SINGLE,1,2590|0|0|42.600459695,0,42.600459695,51766,Wyndham Clark,51766,51766,Wyndham Clark,Wyndham Clark,W. Clark,,+230,230,0.30303030303030304,UP,2026-08-19T23:00:22Z,0.02727662927537795,,UP,
R2026028,R2026028,2590,Finish,Finishes,FINISH,fanduel,Top 10,Top 10,SINGLE,1,2590|0|0|42.600459695,0,42.600459695,49771,J.T. Poston,49771,49771,J.T. Poston,J.T. Poston,J.T. Poston,,+900,900,0.1,DOWN,2026-08-19T23:00:22Z,0.009001287660874723,,DOWN,
R2026028,R2026028,2590,Finish,Finishes,FINISH,fanduel,Top 10,Top 10,SINGLE,1,2590|0|0|42.600459695,0,42.600459695,27349,Alex Noren,27349,27349,Alex Noren,Alex Noren,A. Noren,,+550,550,0.15384615384615385,DOWN,2026-08-19T23:00:22Z,0.01384813486288419,,DOWN,
R2026028,R2026028,2590,Finish,Finishes,FINISH,fanduel,Top 10,Top 10,SINGLE,1,2590|0|0|42.600459695,0,42.600459695,24502,Adam Scott,24502,24502,Adam Scott,Adam Scott,A. Scott,,+470,470,0.17543859649122806,DOWN,2026-08-19T23:00:22Z,0.015791732738376706,,DOWN,
R2026028,R2026028,2590,Finish,Finishes,FINISH,fanduel,Top 10,Top 10,SINGLE,1,2590|0|0|42.600459695,0,42.600459695,29936,Ryan Fox,29936,29936,Ryan Fox,Ryan Fox,R. Fox,,+700,700,0.125,UP,2026-08-19T23:00:22Z,0.011251609576093403,,UP,
R2026028,R2026028,2590,Finish,Finishes,FINISH,fanduel,Top 10,Top 10,SINGLE,1,2590|0|0|42.600459695,0,42.600459695,48117,Kurt Kitayama,48117,48117,Kurt Kitayama,Kurt Kitayama,K. Kitayama,,+340,340,0.22727272727272727,UP,2026-08-19T23:00:22Z,0.02045747195653346,,UP,
R2026028,R2026028,2590,Finish,Finishes,FINISH,fanduel,Top 10,Top 10,SINGLE,1,2590|0|0|42.600459695,0,42.600459695,49960,Sepp Straka,49960,49960,Sepp Straka,Sepp Straka,S. Straka,,+1100,1100,0.08333333333333333,UP,2026-08-19T23:00:22Z,0.007501073050728935,,UP,
R2026028,R2026028,2590,Finish,Finishes,FINISH,fanduel,Top 10,Top 10,SINGLE,1,2590|0|0|42.600459695,0,42.600459695,46414,Aaron Rai,46414,46414,Aaron Rai,Aaron Rai,A. Rai,,+900,900,0.1,DOWN,2026-08-19T23:00:22Z,0.009001287660874723,,DOWN,
R2026028,R2026028,2590,Finish,Finishes,FINISH,fanduel,Top 10,Top 10,SINGLE,1,2590|0|0|42.600459695,0,42.600459695,46442,Maverick McNealy,46442,46442,Maverick McNealy,Maverick McNealy,M. McNealy,,+340,340,0.22727272727272727,CONSTANT,2026-08-19T23:00:22Z,0.02045747195653346,,CONSTANT,
R2026028,R2026028,2590,Finish,Finishes,FINISH,fanduel,Top 10,Top 10,SINGLE,1,2590|0|0|42.600459695,0,42.600459695,33448,Justin Thomas,33448,33448,Justin Thomas,Justin Thomas,J. Thomas,,+280,280,0.2631578947368421,CONSTANT,2026-08-19T23:00:22Z,0.023687599107565058,,CONSTANT,
R2026028,R2026028,2590,Finish,Finishes,FINISH,fanduel,Top 10,Top 10,SINGLE,1,2590|0|0|42.600459695,0,42.600459695,32839,Hideki Matsuyama,32839,32839,Hideki Matsuyama,Hideki Matsuyama,H. Matsuyama,,+195,195,0.3389830508474576,UP,2026-08-19T23:00:22Z,0.030512839528388888,,UP,
R2026028,R2026028,2590,Finish,Finishes,FINISH,fanduel,Top 10,Top 10,SINGLE,1,2590|0|0|42.600459695,0,42.600459695,31323,Gary Woodland,31323,31323,Gary Woodland,Gary Woodland,G. Woodland,,+600,600,0.14285714285714285,DOWN,2026-08-19T23:00:22Z,0.012858982372678174,,DOWN,
R2026028,R2026028,2590,Finish,Finishes,FINISH,fanduel,Top 10,Top 10,SINGLE,1,2590|0|0|42.600459695,0,42.600459695,30911,Tommy Fleetwood,30911,30911,Tommy Fleetwood,Tommy Fleetwood,T. Fleetwood,,+170,170,0.37037037037037035,DOWN,2026-08-19T23:00:22Z,0.033338102447684155,,DOWN,
R2026028,R2026028,2590,Finish,Finishes,FINISH,fanduel,Top 10,Top 10,SINGLE,1,2590|0|0|42.600459695,0,42.600459695,34098,Russell Henley,34098,34098,Russell Henley,Russell Henley,R. Henley,,+340,340,0.22727272727272727,CONSTANT,2026-08-19T23:00:22Z,0.02045747195653346,,CONSTANT,
R2026028,R2026028,2590,Finish,Finishes,FINISH,fanduel,Top 10,Top 10,SINGLE,1,2590|0|0|42.600459695,0,42.600459695,22405,Justin Rose,22405,22405,Justin Rose,Justin Rose,J. Rose,,+500,500,0.16666666666666666,UP,2026-08-19T23:00:22Z,0.01500214610145787,,UP,
R2026028,R2026028,2590,Finish,Finishes,FINISH,fanduel,Top 10,Top 10,SINGLE,1,2590|0|0|42.600459695,0,42.600459695,47504,Sam Burns,47504,47504,Sam Burns,Sam Burns,S. Burns,,+155,155,0.39215686274509803,DOWN,2026-08-19T23:00:22Z,0.03529916729754793,,DOWN,
R2026028,R2026028,2590,Finish,Finishes,FINISH,fanduel,Top 10,Top 10,SINGLE,1,2590|0|0|42.600459695,0,42.600459695,35450,Patrick Cantlay,35450,35450,Patrick Cantlay,Patrick Cantlay,P. Cantlay,,+220,220,0.3125,CONSTANT,2026-08-19T23:00:22Z,0.02812902394023351,,CONSTANT,
R2026028,R2026028,2590,Finish,Finishes,FINISH,fanduel,Top 10,Top 10,SINGLE,1,2590|0|0|42.600459695,0,42.600459695,52215,Robert MacIntyre,52215,52215,Robert MacIntyre,Robert MacIntyre,R. MacIntyre,,+500,500,0.16666666666666666,DOWN,2026-08-19T23:00:22Z,0.01500214610145787,,DOWN,
R2026028,R2026028,2590,Finish,Finishes,FINISH,fanduel,Top 10,Top 10,SINGLE,1,2590|0|0|42.600459695,0,42.600459695,50525,Collin Morikawa,50525,50525,Collin Morikawa,Collin Morikawa,C. Morikawa,,+300,300,0.25,DOWN,2026-08-19T23:00:22Z,0.022503219152186806,,DOWN,
R2026028,R2026028,2590,Finish,Finishes,FINISH,fanduel,Top 10,Top 10,SINGLE,1,2590|0|0|42.600459695,0,42.600459695,46046,Scottie Scheffler,46046,46046,Scottie Scheffler,Scottie Scheffler,S. Scheffler,,-350,-350,0.7777777777777778,CONSTANT,2026-08-19T23:00:22Z,0.07001001514013673,,CONSTANT,
R2026028,R2026028,2590,Finish,Finishes,FINISH,fanduel,Top 10,Top 10,SINGLE,1,2590|0|0|42.600459695,0,42.600459695,39971,Sungjae Im,39971,39971,Sungjae Im,Sungjae Im,S. Im,,+470,470,0.17543859649122806,DOWN,2026-08-19T23:00:22Z,0.015791732738376706,,DOWN,
R2026028,R2026028,2590,Finish,Finishes,FINISH,fanduel,Top 10,Top 10,SINGLE,1,2590|0|0|42.600459695,0,42.600459695,51287,Ryo Hisatsune,51287,51287,Ryo Hisatsune,Ryo Hisatsune,R. Hisatsune,,+900,900,0.1,DOWN,2026-08-19T23:00:22Z,0.009001287660874723,,DOWN,
R2026028,R2026028,2590,Finish,Finishes,FINISH,fanduel,Top 10,Top 10,SINGLE,1,2590|0|0|42.600459695,0,42.600459695,49855,Kristoffer Reitan,49855,49855,Kristoffer Reitan,Kristoffer Reitan,K. Reitan,,+600,600,0.14285714285714285,DOWN,2026-08-19T23:00:22Z,0.012858982372678174,,DOWN,
R2026028,R2026028,2590,Finish,Finishes,FINISH,fanduel,Top 10,Top 10,SINGLE,1,2590|0|0|42.600459695,0,42.600459695,40098,Matt Fitzpatrick,40098,40098,Matt Fitzpatrick,Matt Fitzpatrick,M. Fitzpatrick,,+175,175,0.36363636363636365,DOWN,2026-08-19T23:00:22Z,0.03273195513045354,,DOWN,
R2026028,R2026028,2590,Finish,Finishes,FINISH,fanduel,Top 10,Top 10,SINGLE,1,2590|0|0|42.600459695,0,42.600459695,46717,Viktor Hovland,46717,46717,Viktor Hovland,Viktor Hovland,V. Hovland,,+230,230,0.30303030303030304,DOWN,2026-08-19T23:00:22Z,0.02727662927537795,,DOWN,
R2026028,R2026028,2590,Finish,Finishes,FINISH,fanduel,Top 10,Top 10,SINGLE,1,2590|0|0|42.600459695,0,42.600459695,55721,Alex Fitzpatrick,55721,55721,Alex Fitzpatrick,Alex Fitzpatrick,A. Fitzpatrick,,+600,600,0.14285714285714285,UP,2026-08-19T23:00:22Z,0.012858982372678174,,UP,
R2026028,R2026028,2590,Finish,Finishes,FINISH,fanduel,Top 10,Top 10,SINGLE,1,2590|0|0|42.600459695,0,42.600459695,57364,Michael Thorbjornsen,57364,57364,Michael Thorbjornsen,Michael Thorbjornsen,M. Thorbjornsen,,+340,340,0.22727272727272727,UP,2026-08-19T23:00:22Z,0.02045747195653346,,UP,
R2026028,R2026028,2590,Finish,Finishes,FINISH,fanduel,Top 10,Top 10,SINGLE,1,2590|0|0|42.600459695,0,42.600459695,32102,Rickie Fowler,32102,32102,Rickie Fowler,Rickie Fowler,R. Fowler,,+470,470,0.17543859649122806,DOWN,2026-08-19T23:00:22Z,0.015791732738376706,,DOWN,
R2026028,R2026028,2590,Finish,Finishes,FINISH,fanduel,Top 10,Top 10,SINGLE,1,2590|0|0|42.600459695,0,42.600459695,48081,Xander Schauffele,48081,48081,Xander Schauffele,Xander Schauffele,X. Schauffele,,+145,145,0.40816326530612246,UP,2026-08-19T23:00:22Z,0.03673994963622336,,UP,
R2026028,R2026028,2590,Finish,Finishes,FINISH,fanduel,Top 10,Top 10,SINGLE,1,2590|0|0|42.600459695,0,42.600459695,54591,Ben Griffin,54591,54591,Ben Griffin,Ben Griffin,B. Griffin,,+470,470,0.17543859649122806,CONSTANT,2026-08-19T23:00:22Z,0.015791732738376706,,CONSTANT,
R2026028,R2026028,2590,Finish,Finishes,FINISH,fanduel,Top 10,Top 10,SINGLE,1,2590|0|0|42.600459695,0,42.600459695,56630,Akshay Bhatia,56630,56630,Akshay Bhatia,Akshay Bhatia,A. Bhatia,,+750,750,0.11764705882352941,DOWN,2026-08-19T23:00:22Z,0.010589750189264379,,DOWN,
R2026028,R2026028,2590,Finish,Finishes,FINISH,fanduel,Top 10,Top 10,SINGLE,1,2590|0|0|42.600459695,0,42.600459695,47420,Jake Knapp,47420,47420,Jake Knapp,Jake Knapp,J. Knapp,,+300,300,0.25,CONSTANT,2026-08-19T23:00:22Z,0.022503219152186806,,CONSTANT,
R2026028,R2026028,2590,Finish,Finishes,FINISH,fanduel,Top 10,Top 10,SINGLE,1,2590|0|0|42.600459695,0,42.600459695,57366,Cameron Young,57366,57366,Cameron Young,Cameron Young,Cam. Young,,+170,170,0.37037037037037035,CONSTANT,2026-08-19T23:00:22Z,0.033338102447684155,,CONSTANT,
R2026028,R2026028,2590,Finish,Finishes,FINISH,fanduel,Top 10,Top 10,SINGLE,1,2590|0|0|42.600459695,0,42.600459695,47591,Eric Cole,47591,47591,Eric Cole,Eric Cole,E. Cole,,+900,900,0.1,UP,2026-08-19T23:00:22Z,0.009001287660874723,,UP,
R2026028,R2026028,2590,Finish,Finishes,FINISH,fanduel,Top 10,Top 10,SINGLE,1,2590|0|0|42.600459695,0,42.600459695,46340,Alex Smalley,46340,46340,Alex Smalley,Alex Smalley,A. Smalley,,+600,600,0.14285714285714285,CONSTANT,2026-08-19T23:00:22Z,0.012858982372678174,,CONSTANT,
R2026028,R2026028,2590,Finish,Finishes,FINISH,fanduel,Top 10,Top 10,SINGLE,1,2590|0|0|42.600459695,0,42.600459695,51634,Sahith Theegala,51634,51634,Sahith Theegala,Sahith Theegala,S. Theegala,,+1300,1300,0.07142857142857142,DOWN,2026-08-19T23:00:22Z,0.006429491186339087,,DOWN,
R2026028,R2026028,2590,Finish,Finishes,FINISH,fanduel,Top 10,Top 10,SINGLE,1,2590|0|0|42.600459695,0,42.600459695,61522,Michael Brennan,61522,61522,Michael Brennan,Michael Brennan,M. Brennan,,+430,430,0.18867924528301888,DOWN,2026-08-19T23:00:22Z,0.016983561624291932,,DOWN,
R2026028,R2026028,2590,Finish,Finishes,FINISH,fanduel,Top 10,Top 10,SINGLE,1,2590|0|0|42.600459695,0,42.600459695,59095,Chris Gotterup,59095,59095,Chris Gotterup,Chris Gotterup,C. Gotterup,,+220,220,0.3125,CONSTANT,2026-08-19T23:00:22Z,0.02812902394023351,,CONSTANT,
R2026028,R2026028,2590,Finish,Finishes,FINISH,fanduel,Top 10,Top 10,SINGLE,1,2590|0|0|42.600459695,0,42.600459695,55182,Tom Kim,55182,55182,Tom Kim,Tom Kim,T. Kim,,+380,380,0.20833333333333334,DOWN,2026-08-19T23:00:22Z,0.01875268262682234,,DOWN,
R2026028,R2026028,2590,Finish,Finishes,FINISH,fanduel,Top 10,Top 10,SINGLE,1,2590|0|0|42.600459695,0,42.600459695,60004,Jacob Bridgeman,60004,60004,Jacob Bridgeman,Jacob Bridgeman,J. Bridgeman,,+550,550,0.15384615384615385,DOWN,2026-08-19T23:00:22Z,0.01384813486288419,,DOWN,
R2026028,R2026028,2590,Finish,Finishes,FINISH,fanduel,Top 10,Top 10,SINGLE,1,2590|0|0|42.600459695,0,42.600459695,28237,Rory McIlroy,28237,28237,Rory McIlroy,Rory McIlroy,R. McIlroy,,+125,125,0.4444444444444444,CONSTANT,2026-08-19T23:00:22Z,0.04000572293722099,,CONSTANT,
R2026028,R2026028,2590,Finish,Finishes,FINISH,fanduel,Top 10,Top 10,SINGLE,1,2590|0|0|42.600459695,0,42.600459695,59018,Ryan Gerard,59018,59018,Ryan Gerard,Ryan Gerard,R. Gerard,,+340,340,0.22727272727272727,UP,2026-08-19T23:00:22Z,0.02045747195653346,,UP,
R2026028,R2026028,2590,Finish,Finishes,FINISH,fanduel,Top 10,Top 10,SINGLE,1,2590|0|0|42.600459695,0,42.600459695,51349,Nico Echavarria,51349,51349,Nico Echavarria,Nico Echavarria,N. Echavarria,,+900,900,0.1,UP,2026-08-19T23:00:22Z,0.009001287660874723,,UP,
R2026028,R2026028,2590,Finish,Finishes,FINISH,fanduel,Top 10,Top 10,SINGLE,1,2590|0|0|42.600459695,0,42.600459695,37455,Si Woo Kim,37455,37455,Si Woo Kim,Si Woo Kim,S.W. Kim,,+200,200,0.3333333333333333,UP,2026-08-19T23:00:22Z,0.03000429220291574,,UP,
R2026028,R2026028,2590,Finish,Finishes,FINISH,fanduel,Top 10,Top 10,SINGLE,1,2590|0|0|42.600459695,0,42.600459695,37378,Min Woo Lee,37378,37378,Min Woo Lee,Min Woo Lee,M. Lee,,+380,380,0.20833333333333334,CONSTANT,2026-08-19T23:00:22Z,0.01875268262682234,,CONSTANT,
R2026028,R2026028,2590,Finish,Finishes,FINISH,fanduel,Top 10,Top 10,SINGLE,1,2590|0|0|42.600459695,0,42.600459695,52453,Nicolai Højgaard,52453,52453,Nicolai Højgaard,Nicolai Højgaard,N. Højgaard,,+470,470,0.17543859649122806,UP,2026-08-19T23:00:22Z,0.015791732738376706,,UP,
R2026028,R2026028,2590,Finish,Finishes,FINISH,fanduel,Top 10,Top 10,SINGLE,1,2590|0|0|42.600459695,0,42.600459695,52955,Ludvig Åberg,52955,52955,Ludvig Åberg,Ludvig Åberg,L. Åberg,,+125,125,0.4444444444444444,UP,2026-08-19T23:00:22Z,0.04000572293722099,,UP,
R2026028,R2026028,2590,Finish,Finishes,FINISH,fanduel,Top 10 Finish (Incl. Ties),Top 10 Finish (Incl. Ties),SINGLE,1,2590|1|0|42.600491278,0,42.600491278,34021,Bud Cauley,34021,34021,Bud Cauley,Bud Cauley,B. Cauley,,+400,400,0.2,UP,2026-08-19T23:00:22Z,0.014027365838408749,,UP,
R2026028,R2026028,2590,Finish,Finishes,FINISH,fanduel,Top 10 Finish (Incl. Ties),Top 10 Finish (Incl. Ties),SINGLE,1,2590|1|0|42.600491278,0,42.600491278,51766,Wyndham Clark,51766,51766,Wyndham Clark,Wyndham Clark,W. Clark,,+170,170,0.37037037037037035,DOWN,2026-08-19T23:00:22Z,0.025976603404460643,,DOWN,
R2026028,R2026028,2590,Finish,Finishes,FINISH,fanduel,Top 10 Finish (Incl. Ties),Top 10 Finish (Incl. Ties),SINGLE,1,2590|1|0|42.600491278,0,42.600491278,49771,J.T. Poston,49771,49771,J.T. Poston,J.T. Poston,J.T. Poston,,+600,600,0.14285714285714285,DOWN,2026-08-19T23:00:22Z,0.010019547027434818,,DOWN,
R2026028,R2026028,2590,Finish,Finishes,FINISH,fanduel,Top 10 Finish (Incl. Ties),Top 10 Finish (Incl. Ties),SINGLE,1,2590|1|0|42.600491278,0,42.600491278,27349,Alex Noren,27349,27349,Alex Noren,Alex Noren,A. Noren,,+370,370,0.2127659574468085,DOWN,2026-08-19T23:00:22Z,0.014922729615328454,,DOWN,
R2026028,R2026028,2590,Finish,Finishes,FINISH,fanduel,Top 10 Finish (Incl. Ties),Top 10 Finish (Incl. Ties),SINGLE,1,2590|1|0|42.600491278,0,42.600491278,24502,Adam Scott,24502,24502,Adam Scott,Adam Scott,A. Scott,,+320,320,0.23809523809523808,DOWN,2026-08-19T23:00:22Z,0.0166992450457247,,DOWN,
R2026028,R2026028,2590,Finish,Finishes,FINISH,fanduel,Top 10 Finish (Incl. Ties),Top 10 Finish (Incl. Ties),SINGLE,1,2590|1|0|42.600491278,0,42.600491278,29936,Ryan Fox,29936,29936,Ryan Fox,Ryan Fox,R. Fox,,+480,480,0.1724137931034483,UP,2026-08-19T23:00:22Z,0.01209255675724892,,UP,
R2026028,R2026028,2590,Finish,Finishes,FINISH,fanduel,Top 10 Finish (Incl. Ties),Top 10 Finish (Incl. Ties),SINGLE,1,2590|1|0|42.600491278,0,42.600491278,48117,Kurt Kitayama,48117,48117,Kurt Kitayama,Kurt Kitayama,K. Kitayama,,+230,230,0.30303030303030304,CONSTANT,2026-08-19T23:00:22Z,0.02125358460364962,,CONSTANT,
R2026028,R2026028,2590,Finish,Finishes,FINISH,fanduel,Top 10 Finish (Incl. Ties),Top 10 Finish (Incl. Ties),SINGLE,1,2590|1|0|42.600491278,0,42.600491278,49960,Sepp Straka,49960,49960,Sepp Straka,Sepp Straka,S. Straka,,+700,700,0.125,UP,2026-08-19T23:00:22Z,0.008767103649005467,,UP,
R2026028,R2026028,2590,Finish,Finishes,FINISH,fanduel,Top 10 Finish (Incl. Ties),Top 10 Finish (Incl. Ties),SINGLE,1,2590|1|0|42.600491278,0,42.600491278,46414,Aaron Rai,46414,46414,Aaron Rai,Aaron Rai,A. Rai,,+600,600,0.14285714285714285,DOWN,2026-08-19T23:00:22Z,0.010019547027434818,,DOWN,
R2026028,R2026028,2590,Finish,Finishes,FINISH,fanduel,Top 10 Finish (Incl. Ties),Top 10 Finish (Incl. Ties),SINGLE,1,2590|1|0|42.600491278,0,42.600491278,46442,Maverick McNealy,46442,46442,Maverick McNealy,Maverick McNealy,M. McNealy,,+230,230,0.30303030303030304,CONSTANT,2026-08-19T23:00:22Z,0.02125358460364962,,CONSTANT,
R2026028,R2026028,2590,Finish,Finishes,FINISH,fanduel,Top 10 Finish (Incl. Ties),Top 10 Finish (Incl. Ties),SINGLE,1,2590|1|0|42.600491278,0,42.600491278,33448,Justin Thomas,33448,33448,Justin Thomas,Justin Thomas,J. Thomas,,+200,200,0.3333333333333333,UP,2026-08-19T23:00:22Z,0.023378943064014578,,UP,
R2026028,R2026028,2590,Finish,Finishes,FINISH,fanduel,Top 10 Finish (Incl. Ties),Top 10 Finish (Incl. Ties),SINGLE,1,2590|1|0|42.600491278,0,42.600491278,32839,Hideki Matsuyama,32839,32839,Hideki Matsuyama,Hideki Matsuyama,H. Matsuyama,,+135,135,0.425531914893617,UP,2026-08-19T23:00:22Z,0.029845459230656908,,UP,
R2026028,R2026028,2590,Finish,Finishes,FINISH,fanduel,Top 10 Finish (Incl. Ties),Top 10 Finish (Incl. Ties),SINGLE,1,2590|1|0|42.600491278,0,42.600491278,31323,Gary Woodland,31323,31323,Gary Woodland,Gary Woodland,G. Woodland,,+400,400,0.2,DOWN,2026-08-19T23:00:22Z,0.014027365838408749,,DOWN,
R2026028,R2026028,2590,Finish,Finishes,FINISH,fanduel,Top 10 Finish (Incl. Ties),Top 10 Finish (Incl. Ties),SINGLE,1,2590|1|0|42.600491278,0,42.600491278,30911,Tommy Fleetwood,30911,30911,Tommy Fleetwood,Tommy Fleetwood,T. Fleetwood,,+120,120,0.45454545454545453,DOWN,2026-08-19T23:00:22Z,0.03188037690547443,,DOWN,
R2026028,R2026028,2590,Finish,Finishes,FINISH,fanduel,Top 10 Finish (Incl. Ties),Top 10 Finish (Incl. Ties),SINGLE,1,2590|1|0|42.600491278,0,42.600491278,34098,Russell Henley,34098,34098,Russell Henley,Russell Henley,R. Henley,,+230,230,0.30303030303030304,CONSTANT,2026-08-19T23:00:22Z,0.02125358460364962,,CONSTANT,
R2026028,R2026028,2590,Finish,Finishes,FINISH,fanduel,Top 10 Finish (Incl. Ties),Top 10 Finish (Incl. Ties),SINGLE,1,2590|1|0|42.600491278,0,42.600491278,22405,Justin Rose,22405,22405,Justin Rose,Justin Rose,J. Rose,,+340,340,0.22727272727272727,CONSTANT,2026-08-19T23:00:22Z,0.015940188452737213,,CONSTANT,
R2026028,R2026028,2590,Finish,Finishes,FINISH,fanduel,Top 10 Finish (Incl. Ties),Top 10 Finish (Incl. Ties),SINGLE,1,2590|1|0|42.600491278,0,42.600491278,47504,Sam Burns,47504,47504,Sam Burns,Sam Burns,S. Burns,,+110,110,0.47619047619047616,DOWN,2026-08-19T23:00:22Z,0.0333984900914494,,DOWN,
R2026028,R2026028,2590,Finish,Finishes,FINISH,fanduel,Top 10 Finish (Incl. Ties),Top 10 Finish (Incl. Ties),SINGLE,1,2590|1|0|42.600491278,0,42.600491278,35450,Patrick Cantlay,35450,35450,Patrick Cantlay,Patrick Cantlay,P. Cantlay,,+155,155,0.39215686274509803,UP,2026-08-19T23:00:22Z,0.02750463889884068,,UP,
R2026028,R2026028,2590,Finish,Finishes,FINISH,fanduel,Top 10 Finish (Incl. Ties),Top 10 Finish (Incl. Ties),SINGLE,1,2590|1|0|42.600491278,0,42.600491278,52215,Robert MacIntyre,52215,52215,Robert MacIntyre,Robert MacIntyre,R. MacIntyre,,+340,340,0.22727272727272727,DOWN,2026-08-19T23:00:22Z,0.015940188452737213,,DOWN,
R2026028,R2026028,2590,Finish,Finishes,FINISH,fanduel,Top 10 Finish (Incl. Ties),Top 10 Finish (Incl. Ties),SINGLE,1,2590|1|0|42.600491278,0,42.600491278,50525,Collin Morikawa,50525,50525,Collin Morikawa,Collin Morikawa,C. Morikawa,,+210,210,0.3225806451612903,CONSTANT,2026-08-19T23:00:22Z,0.02262478361033669,,CONSTANT,
R2026028,R2026028,2590,Finish,Finishes,FINISH,fanduel,Top 10 Finish (Incl. Ties),Top 10 Finish (Incl. Ties),SINGLE,1,2590|1|0|42.600491278,0,42.600491278,46046,Scottie Scheffler,46046,46046,Scottie Scheffler,Scottie Scheffler,S. Scheffler,,-550,-550,0.8461538461538461,DOWN,2026-08-19T23:00:22Z,0.05934654777788316,,DOWN,
R2026028,R2026028,2590,Finish,Finishes,FINISH,fanduel,Top 10 Finish (Incl. Ties),Top 10 Finish (Incl. Ties),SINGLE,1,2590|1|0|42.600491278,0,42.600491278,39971,Sungjae Im,39971,39971,Sungjae Im,Sungjae Im,S. Im,,+320,320,0.23809523809523808,CONSTANT,2026-08-19T23:00:22Z,0.0166992450457247,,CONSTANT,
R2026028,R2026028,2590,Finish,Finishes,FINISH,fanduel,Top 10 Finish (Incl. Ties),Top 10 Finish (Incl. Ties),SINGLE,1,2590|1|0|42.600491278,0,42.600491278,51287,Ryo Hisatsune,51287,51287,Ryo Hisatsune,Ryo Hisatsune,R. Hisatsune,,+600,600,0.14285714285714285,CONSTANT,2026-08-19T23:00:22Z,0.010019547027434818,,CONSTANT,
R2026028,R2026028,2590,Finish,Finishes,FINISH,fanduel,Top 10 Finish (Incl. Ties),Top 10 Finish (Incl. Ties),SINGLE,1,2590|1|0|42.600491278,0,42.600491278,49855,Kristoffer Reitan,49855,49855,Kristoffer Reitan,Kristoffer Reitan,K. Reitan,,+400,400,0.2,DOWN,2026-08-19T23:00:22Z,0.014027365838408749,,DOWN,
R2026028,R2026028,2590,Finish,Finishes,FINISH,fanduel,Top 10 Finish (Incl. Ties),Top 10 Finish (Incl. Ties),SINGLE,1,2590|1|0|42.600491278,0,42.600491278,40098,Matt Fitzpatrick,40098,40098,Matt Fitzpatrick,Matt Fitzpatrick,M. Fitzpatrick,,+125,125,0.4444444444444444,DOWN,2026-08-19T23:00:22Z,0.03117192408535277,,DOWN,
R2026028,R2026028,2590,Finish,Finishes,FINISH,fanduel,Top 10 Finish (Incl. Ties),Top 10 Finish (Incl. Ties),SINGLE,1,2590|1|0|42.600491278,0,42.600491278,46717,Viktor Hovland,46717,46717,Viktor Hovland,Viktor Hovland,V. Hovland,,+170,170,0.37037037037037035,DOWN,2026-08-19T23:00:22Z,0.025976603404460643,,DOWN,
R2026028,R2026028,2590,Finish,Finishes,FINISH,fanduel,Top 10 Finish (Incl. Ties),Top 10 Finish (Incl. Ties),SINGLE,1,2590|1|0|42.600491278,0,42.600491278,55721,Alex Fitzpatrick,55721,55721,Alex Fitzpatrick,Alex Fitzpatrick,A. Fitzpatrick,,+400,400,0.2,UP,2026-08-19T23:00:22Z,0.014027365838408749,,UP,
R2026028,R2026028,2590,Finish,Finishes,FINISH,fanduel,Top 10 Finish (Incl. Ties),Top 10 Finish (Incl. Ties),SINGLE,1,2590|1|0|42.600491278,0,42.600491278,57364,Michael Thorbjornsen,57364,57364,Michael Thorbjornsen,Michael Thorbjornsen,M. Thorbjornsen,,+230,230,0.30303030303030304,UP,2026-08-19T23:00:22Z,0.02125358460364962,,UP,
R2026028,R2026028,2590,Finish,Finishes,FINISH,fanduel,Top 10 Finish (Incl. Ties),Top 10 Finish (Incl. Ties),SINGLE,1,2590|1|0|42.600491278,0,42.600491278,32102,Rickie Fowler,32102,32102,Rickie Fowler,Rickie Fowler,R. Fowler,,+320,320,0.23809523809523808,DOWN,2026-08-19T23:00:22Z,0.0166992450457247,,DOWN,
R2026028,R2026028,2590,Finish,Finishes,FINISH,fanduel,Top 10 Finish (Incl. Ties),Top 10 Finish (Incl. Ties),SINGLE,1,2590|1|0|42.600491278,0,42.600491278,48081,Xander Schauffele,48081,48081,Xander Schauffele,Xander Schauffele,X. Schauffele,,+105,105,0.4878048780487805,UP,2026-08-19T23:00:22Z,0.03421308741075304,,UP,
R2026028,R2026028,2590,Finish,Finishes,FINISH,fanduel,Top 10 Finish (Incl. Ties),Top 10 Finish (Incl. Ties),SINGLE,1,2590|1|0|42.600491278,0,42.600491278,54591,Ben Griffin,54591,54591,Ben Griffin,Ben Griffin,B. Griffin,,+320,320,0.23809523809523808,UP,2026-08-19T23:00:22Z,0.0166992450457247,,UP,
R2026028,R2026028,2590,Finish,Finishes,FINISH,fanduel,Top 10 Finish (Incl. Ties),Top 10 Finish (Incl. Ties),SINGLE,1,2590|1|0|42.600491278,0,42.600491278,56630,Akshay Bhatia,56630,56630,Akshay Bhatia,Akshay Bhatia,A. Bhatia,,+500,500,0.16666666666666666,DOWN,2026-08-19T23:00:22Z,0.011689471532007289,,DOWN,
R2026028,R2026028,2590,Finish,Finishes,FINISH,fanduel,Top 10 Finish (Incl. Ties),Top 10 Finish (Incl. Ties),SINGLE,1,2590|1|0|42.600491278,0,42.600491278,47420,Jake Knapp,47420,47420,Jake Knapp,Jake Knapp,J. Knapp,,+210,210,0.3225806451612903,CONSTANT,2026-08-19T23:00:22Z,0.02262478361033669,,CONSTANT,
R2026028,R2026028,2590,Finish,Finishes,FINISH,fanduel,Top 10 Finish (Incl. Ties),Top 10 Finish (Incl. Ties),SINGLE,1,2590|1|0|42.600491278,0,42.600491278,57366,Cameron Young,57366,57366,Cameron Young,Cameron Young,Cam. Young,,+120,120,0.45454545454545453,CONSTANT,2026-08-19T23:00:22Z,0.03188037690547443,,CONSTANT,
R2026028,R2026028,2590,Finish,Finishes,FINISH,fanduel,Top 10 Finish (Incl. Ties),Top 10 Finish (Incl. Ties),SINGLE,1,2590|1|0|42.600491278,0,42.600491278,47591,Eric Cole,47591,47591,Eric Cole,Eric Cole,E. Cole,,+600,600,0.14285714285714285,UP,2026-08-19T23:00:22Z,0.010019547027434818,,UP,
R2026028,R2026028,2590,Finish,Finishes,FINISH,fanduel,Top 10 Finish (Incl. Ties),Top 10 Finish (Incl. Ties),SINGLE,1,2590|1|0|42.600491278,0,42.600491278,46340,Alex Smalley,46340,46340,Alex Smalley,Alex Smalley,A. Smalley,,+400,400,0.2,CONSTANT,2026-08-19T23:00:22Z,0.014027365838408749,,CONSTANT,
R2026028,R2026028,2590,Finish,Finishes,FINISH,fanduel,Top 10 Finish (Incl. Ties),Top 10 Finish (Incl. Ties),SINGLE,1,2590|1|0|42.600491278,0,42.600491278,51634,Sahith Theegala,51634,51634,Sahith Theegala,Sahith Theegala,S. Theegala,,+800,800,0.1111111111111111,CONSTANT,2026-08-19T23:00:22Z,0.0077929810213381925,,CONSTANT,
R2026028,R2026028,2590,Finish,Finishes,FINISH,fanduel,Top 10 Finish (Incl. Ties),Top 10 Finish (Incl. Ties),SINGLE,1,2590|1|0|42.600491278,0,42.600491278,61522,Michael Brennan,61522,61522,Michael Brennan,Michael Brennan,M. Brennan,,+290,290,0.2564102564102564,DOWN,2026-08-19T23:00:22Z,0.01798380235693429,,DOWN,
R2026028,R2026028,2590,Finish,Finishes,FINISH,fanduel,Top 10 Finish (Incl. Ties),Top 10 Finish (Incl. Ties),SINGLE,1,2590|1|0|42.600491278,0,42.600491278,59095,Chris Gotterup,59095,59095,Chris Gotterup,Chris Gotterup,C. Gotterup,,+155,155,0.39215686274509803,CONSTANT,2026-08-19T23:00:22Z,0.02750463889884068,,CONSTANT,
R2026028,R2026028,2590,Finish,Finishes,FINISH,fanduel,Top 10 Finish (Incl. Ties),Top 10 Finish (Incl. Ties),SINGLE,1,2590|1|0|42.600491278,0,42.600491278,55182,Tom Kim,55182,55182,Tom Kim,Tom Kim,T. Kim,,+260,260,0.2777777777777778,DOWN,2026-08-19T23:00:22Z,0.019482452553345485,,DOWN,
R2026028,R2026028,2590,Finish,Finishes,FINISH,fanduel,Top 10 Finish (Incl. Ties),Top 10 Finish (Incl. Ties),SINGLE,1,2590|1|0|42.600491278,0,42.600491278,60004,Jacob Bridgeman,60004,60004,Jacob Bridgeman,Jacob Bridgeman,J. Bridgeman,,+370,370,0.2127659574468085,DOWN,2026-08-19T23:00:22Z,0.014922729615328454,,DOWN,
R2026028,R2026028,2590,Finish,Finishes,FINISH,fanduel,Top 10 Finish (Incl. Ties),Top 10 Finish (Incl. Ties),SINGLE,1,2590|1|0|42.600491278,0,42.600491278,28237,Rory McIlroy,28237,28237,Rory McIlroy,Rory McIlroy,R. McIlroy,,-115,-115,0.5348837209302325,UP,2026-08-19T23:00:22Z,0.037515048172488505,,UP,
R2026028,R2026028,2590,Finish,Finishes,FINISH,fanduel,Top 10 Finish (Incl. Ties),Top 10 Finish (Incl. Ties),SINGLE,1,2590|1|0|42.600491278,0,42.600491278,59018,Ryan Gerard,59018,59018,Ryan Gerard,Ryan Gerard,R. Gerard,,+230,230,0.30303030303030304,UP,2026-08-19T23:00:22Z,0.02125358460364962,,UP,
R2026028,R2026028,2590,Finish,Finishes,FINISH,fanduel,Top 10 Finish (Incl. Ties),Top 10 Finish (Incl. Ties),SINGLE,1,2590|1|0|42.600491278,0,42.600491278,51349,Nico Echavarria,51349,51349,Nico Echavarria,Nico Echavarria,N. Echavarria,,+600,600,0.14285714285714285,UP,2026-08-19T23:00:22Z,0.010019547027434818,,UP,
R2026028,R2026028,2590,Finish,Finishes,FINISH,fanduel,Top 10 Finish (Incl. Ties),Top 10 Finish (Incl. Ties),SINGLE,1,2590|1|0|42.600491278,0,42.600491278,37455,Si Woo Kim,37455,37455,Si Woo Kim,Si Woo Kim,S.W. Kim,,+145,145,0.40816326530612246,UP,2026-08-19T23:00:22Z,0.028627277221242343,,UP,
R2026028,R2026028,2590,Finish,Finishes,FINISH,fanduel,Top 10 Finish (Incl. Ties),Top 10 Finish (Incl. Ties),SINGLE,1,2590|1|0|42.600491278,0,42.600491278,37378,Min Woo Lee,37378,37378,Min Woo Lee,Min Woo Lee,M. Lee,,+260,260,0.2777777777777778,CONSTANT,2026-08-19T23:00:22Z,0.019482452553345485,,CONSTANT,
R2026028,R2026028,2590,Finish,Finishes,FINISH,fanduel,Top 10 Finish (Incl. Ties),Top 10 Finish (Incl. Ties),SINGLE,1,2590|1|0|42.600491278,0,42.600491278,52453,Nicolai Højgaard,52453,52453,Nicolai Højgaard,Nicolai Højgaard,N. Højgaard,,+320,320,0.23809523809523808,UP,2026-08-19T23:00:22Z,0.0166992450457247,,UP,
R2026028,R2026028,2590,Finish,Finishes,FINISH,fanduel,Top 10 Finish (Incl. Ties),Top 10 Finish (Incl. Ties),SINGLE,1,2590|1|0|42.600491278,0,42.600491278,52955,Ludvig Åberg,52955,52955,Ludvig Åberg,Ludvig Åberg,L. Åberg,,-115,-115,0.5348837209302325,UP,2026-08-19T23:00:22Z,0.037515048172488505,,UP,
R2026028,R2026028,2590,Finish,Finishes,FINISH,fanduel,Top 20,Top 20,SINGLE,1,2590|2|0|42.600459922,0,42.600459922,34021,Bud Cauley,34021,34021,Bud Cauley,Bud Cauley,B. Cauley,,+195,195,0.3389830508474576,UP,2026-08-19T23:00:22Z,0.015628369303418113,,UP,
R2026028,R2026028,2590,Finish,Finishes,FINISH,fanduel,Top 20,Top 20,SINGLE,1,2590|2|0|42.600459922,0,42.600459922,51766,Wyndham Clark,51766,51766,Wyndham Clark,Wyndham Clark,W. Clark,,-125,-125,0.5555555555555556,UP,2026-08-19T23:00:22Z,0.025613160802824133,,UP,
R2026028,R2026028,2590,Finish,Finishes,FINISH,fanduel,Top 20,Top 20,SINGLE,1,2590|2|0|42.600459922,0,42.600459922,49771,J.T. Poston,49771,49771,J.T. Poston,J.T. Poston,J.T. Poston,,+270,270,0.2702702702702703,DOWN,2026-08-19T23:00:22Z,0.012460456606779307,,DOWN,
R2026028,R2026028,2590,Finish,Finishes,FINISH,fanduel,Top 20,Top 20,SINGLE,1,2590|2|0|42.600459922,0,42.600459922,27349,Alex Noren,27349,27349,Alex Noren,Alex Noren,A. Noren,,+175,175,0.36363636363636365,DOWN,2026-08-19T23:00:22Z,0.016764977980030342,,DOWN,
R2026028,R2026028,2590,Finish,Finishes,FINISH,fanduel,Top 20,Top 20,SINGLE,1,2590|2|0|42.600459922,0,42.600459922,24502,Adam Scott,24502,24502,Adam Scott,Adam Scott,A. Scott,,+155,155,0.39215686274509803,DOWN,2026-08-19T23:00:22Z,0.01807987821375821,,DOWN,
R2026028,R2026028,2590,Finish,Finishes,FINISH,fanduel,Top 20,Top 20,SINGLE,1,2590|2|0|42.600459922,0,42.600459922,29936,Ryan Fox,29936,29936,Ryan Fox,Ryan Fox,R. Fox,,+230,230,0.30303030303030304,UP,2026-08-19T23:00:22Z,0.013970814983358617,,UP,
R2026028,R2026028,2590,Finish,Finishes,FINISH,fanduel,Top 20,Top 20,SINGLE,1,2590|2|0|42.600459922,0,42.600459922,48117,Kurt Kitayama,48117,48117,Kurt Kitayama,Kurt Kitayama,K. Kitayama,,+110,110,0.47619047619047616,UP,2026-08-19T23:00:22Z,0.02195413783099211,,UP,
R2026028,R2026028,2590,Finish,Finishes,FINISH,fanduel,Top 20,Top 20,SINGLE,1,2590|2|0|42.600459922,0,42.600459922,49960,Sepp Straka,49960,49960,Sepp Straka,Sepp Straka,S. Straka,,+340,340,0.22727272727272727,UP,2026-08-19T23:00:22Z,0.010478111237518963,,UP,
R2026028,R2026028,2590,Finish,Finishes,FINISH,fanduel,Top 20,Top 20,SINGLE,1,2590|2|0|42.600459922,0,42.600459922,46414,Aaron Rai,46414,46414,Aaron Rai,Aaron Rai,A. Rai,,+280,280,0.2631578947368421,DOWN,2026-08-19T23:00:22Z,0.012132549853969325,,DOWN,
R2026028,R2026028,2590,Finish,Finishes,FINISH,fanduel,Top 20,Top 20,SINGLE,1,2590|2|0|42.600459922,0,42.600459922,46442,Maverick McNealy,46442,46442,Maverick McNealy,Maverick McNealy,M. McNealy,,+110,110,0.47619047619047616,UP,2026-08-19T23:00:22Z,0.02195413783099211,,UP,
R2026028,R2026028,2590,Finish,Finishes,FINISH,fanduel,Top 20,Top 20,SINGLE,1,2590|2|0|42.600459922,0,42.600459922,33448,Justin Thomas,33448,33448,Justin Thomas,Justin Thomas,J. Thomas,,-110,-110,0.5238095238095238,CONSTANT,2026-08-19T23:00:22Z,0.024149551614091325,,CONSTANT,
R2026028,R2026028,2590,Finish,Finishes,FINISH,fanduel,Top 20,Top 20,SINGLE,1,2590|2|0|42.600459922,0,42.600459922,32839,Hideki Matsuyama,32839,32839,Hideki Matsuyama,Hideki Matsuyama,H. Matsuyama,,-160,-160,0.6153846153846154,UP,2026-08-19T23:00:22Z,0.028371501196974423,,UP,
R2026028,R2026028,2590,Finish,Finishes,FINISH,fanduel,Top 20,Top 20,SINGLE,1,2590|2|0|42.600459922,0,42.600459922,31323,Gary Woodland,31323,31323,Gary Woodland,Gary Woodland,G. Woodland,,+185,185,0.3508771929824561,CONSTANT,2026-08-19T23:00:22Z,0.016176733138625766,,CONSTANT,
R2026028,R2026028,2590,Finish,Finishes,FINISH,fanduel,Top 20,Top 20,SINGLE,1,2590|2|0|42.600459922,0,42.600459922,30911,Tommy Fleetwood,30911,30911,Tommy Fleetwood,Tommy Fleetwood,T. Fleetwood,,-175,-175,0.6363636363636364,DOWN,2026-08-19T23:00:22Z,0.029338711465053097,,DOWN,
R2026028,R2026028,2590,Finish,Finishes,FINISH,fanduel,Top 20,Top 20,SINGLE,1,2590|2|0|42.600459922,0,42.600459922,34098,Russell Henley,34098,34098,Russell Henley,Russell Henley,R. Henley,,+105,105,0.4878048780487805,UP,2026-08-19T23:00:22Z,0.02248960460735777,,UP,
R2026028,R2026028,2590,Finish,Finishes,FINISH,fanduel,Top 20,Top 20,SINGLE,1,2590|2|0|42.600459922,0,42.600459922,22405,Justin Rose,22405,22405,Justin Rose,Justin Rose,J. Rose,,+170,170,0.37037037037037035,UP,2026-08-19T23:00:22Z,0.017075440535216087,,UP,
R2026028,R2026028,2590,Finish,Finishes,FINISH,fanduel,Top 20,Top 20,SINGLE,1,2590|2|0|42.600459922,0,42.600459922,47504,Sam Burns,47504,47504,Sam Burns,Sam Burns,S. Burns,,-190,-190,0.6551724137931034,DOWN,2026-08-19T23:00:22Z,0.03020586549850294,,DOWN,
R2026028,R2026028,2590,Finish,Finishes,FINISH,fanduel,Top 20,Top 20,SINGLE,1,2590|2|0|42.600459922,0,42.600459922,35450,Patrick Cantlay,35450,35450,Patrick Cantlay,Patrick Cantlay,P. Cantlay,,-140,-140,0.5833333333333334,UP,2026-08-19T23:00:22Z,0.02689381884296534,,UP,
R2026028,R2026028,2590,Finish,Finishes,FINISH,fanduel,Top 20,Top 20,SINGLE,1,2590|2|0|42.600459922,0,42.600459922,52215,Robert MacIntyre,52215,52215,Robert MacIntyre,Robert MacIntyre,R. MacIntyre,,+160,160,0.38461538461538464,DOWN,2026-08-19T23:00:22Z,0.017732188248109015,,DOWN,
R2026028,R2026028,2590,Finish,Finishes,FINISH,fanduel,Top 20,Top 20,SINGLE,1,2590|2|0|42.600459922,0,42.600459922,50525,Collin Morikawa,50525,50525,Collin Morikawa,Collin Morikawa,C. Morikawa,,-105,-105,0.5121951219512195,CONSTANT,2026-08-19T23:00:22Z,0.023614084837725664,,CONSTANT,
R2026028,R2026028,2590,Finish,Finishes,FINISH,fanduel,Top 20,Top 20,SINGLE,1,2590|2|0|42.600459922,0,42.600459922,46046,Scottie Scheffler,46046,46046,Scottie Scheffler,Scottie Scheffler,S. Scheffler,,-1500,-1500,0.9375,CONSTANT,2026-08-19T23:00:22Z,0.04322220885476572,,CONSTANT,
R2026028,R2026028,2590,Finish,Finishes,FINISH,fanduel,Top 20,Top 20,SINGLE,1,2590|2|0|42.600459922,0,42.600459922,39971,Sungjae Im,39971,39971,Sungjae Im,Sungjae Im,S. Im,,+160,160,0.38461538461538464,DOWN,2026-08-19T23:00:22Z,0.017732188248109015,,DOWN,
R2026028,R2026028,2590,Finish,Finishes,FINISH,fanduel,Top 20,Top 20,SINGLE,1,2590|2|0|42.600459922,0,42.600459922,51287,Ryo Hisatsune,51287,51287,Ryo Hisatsune,Ryo Hisatsune,R. Hisatsune,,+280,280,0.2631578947368421,DOWN,2026-08-19T23:00:22Z,0.012132549853969325,,DOWN,
R2026028,R2026028,2590,Finish,Finishes,FINISH,fanduel,Top 20,Top 20,SINGLE,1,2590|2|0|42.600459922,0,42.600459922,49855,Kristoffer Reitan,49855,49855,Kristoffer Reitan,Kristoffer Reitan,K. Reitan,,+185,185,0.3508771929824561,DOWN,2026-08-19T23:00:22Z,0.016176733138625766,,DOWN,
R2026028,R2026028,2590,Finish,Finishes,FINISH,fanduel,Top 20,Top 20,SINGLE,1,2590|2|0|42.600459922,0,42.600459922,40098,Matt Fitzpatrick,40098,40098,Matt Fitzpatrick,Matt Fitzpatrick,M. Fitzpatrick,,-175,-175,0.6363636363636364,CONSTANT,2026-08-19T23:00:22Z,0.029338711465053097,,CONSTANT,
R2026028,R2026028,2590,Finish,Finishes,FINISH,fanduel,Top 20,Top 20,SINGLE,1,2590|2|0|42.600459922,0,42.600459922,46717,Viktor Hovland,46717,46717,Viktor Hovland,Viktor Hovland,V. Hovland,,-125,-125,0.5555555555555556,DOWN,2026-08-19T23:00:22Z,0.025613160802824133,,DOWN,
R2026028,R2026028,2590,Finish,Finishes,FINISH,fanduel,Top 20,Top 20,SINGLE,1,2590|2|0|42.600459922,0,42.600459922,55721,Alex Fitzpatrick,55721,55721,Alex Fitzpatrick,Alex Fitzpatrick,A. Fitzpatrick,,+200,200,0.3333333333333333,UP,2026-08-19T23:00:22Z,0.015367896481694478,,UP,
R2026028,R2026028,2590,Finish,Finishes,FINISH,fanduel,Top 20,Top 20,SINGLE,1,2590|2|0|42.600459922,0,42.600459922,57364,Michael Thorbjornsen,57364,57364,Michael Thorbjornsen,Michael Thorbjornsen,M. Thorbjornsen,,+115,115,0.46511627906976744,UP,2026-08-19T23:00:22Z,0.02144357648608532,,UP,
R2026028,R2026028,2590,Finish,Finishes,FINISH,fanduel,Top 20,Top 20,SINGLE,1,2590|2|0|42.600459922,0,42.600459922,32102,Rickie Fowler,32102,32102,Rickie Fowler,Rickie Fowler,R. Fowler,,+160,160,0.38461538461538464,DOWN,2026-08-19T23:00:22Z,0.017732188248109015,,DOWN,
R2026028,R2026028,2590,Finish,Finishes,FINISH,fanduel,Top 20,Top 20,SINGLE,1,2590|2|0|42.600459922,0,42.600459922,48081,Xander Schauffele,48081,48081,Xander Schauffele,Xander Schauffele,X. Schauffele,,-210,-210,0.6774193548387096,UP,2026-08-19T23:00:22Z,0.03123153155957265,,UP,
R2026028,R2026028,2590,Finish,Finishes,FINISH,fanduel,Top 20,Top 20,SINGLE,1,2590|2|0|42.600459922,0,42.600459922,54591,Ben Griffin,54591,54591,Ben Griffin,Ben Griffin,B. Griffin,,+155,155,0.39215686274509803,CONSTANT,2026-08-19T23:00:22Z,0.01807987821375821,,CONSTANT,
R2026028,R2026028,2590,Finish,Finishes,FINISH,fanduel,Top 20,Top 20,SINGLE,1,2590|2|0|42.600459922,0,42.600459922,56630,Akshay Bhatia,56630,56630,Akshay Bhatia,Akshay Bhatia,A. Bhatia,,+230,230,0.30303030303030304,DOWN,2026-08-19T23:00:22Z,0.013970814983358617,,DOWN,
R2026028,R2026028,2590,Finish,Finishes,FINISH,fanduel,Top 20,Top 20,SINGLE,1,2590|2|0|42.600459922,0,42.600459922,47420,Jake Knapp,47420,47420,Jake Knapp,Jake Knapp,J. Knapp,,+110,110,0.47619047619047616,DOWN,2026-08-19T23:00:22Z,0.02195413783099211,,DOWN,
R2026028,R2026028,2590,Finish,Finishes,FINISH,fanduel,Top 20,Top 20,SINGLE,1,2590|2|0|42.600459922,0,42.600459922,57366,Cameron Young,57366,57366,Cameron Young,Cameron Young,Cam. Young,,-175,-175,0.6363636363636364,CONSTANT,2026-08-19T23:00:22Z,0.029338711465053097,,CONSTANT,
R2026028,R2026028,2590,Finish,Finishes,FINISH,fanduel,Top 20,Top 20,SINGLE,1,2590|2|0|42.600459922,0,42.600459922,47591,Eric Cole,47591,47591,Eric Cole,Eric Cole,E. Cole,,+300,300,0.25,CONSTANT,2026-08-19T23:00:22Z,0.01152592236127086,,CONSTANT,
R2026028,R2026028,2590,Finish,Finishes,FINISH,fanduel,Top 20,Top 20,SINGLE,1,2590|2|0|42.600459922,0,42.600459922,46340,Alex Smalley,46340,46340,Alex Smalley,Alex Smalley,A. Smalley,,+195,195,0.3389830508474576,CONSTANT,2026-08-19T23:00:22Z,0.015628369303418113,,CONSTANT,
R2026028,R2026028,2590,Finish,Finishes,FINISH,fanduel,Top 20,Top 20,SINGLE,1,2590|2|0|42.600459922,0,42.600459922,51634,Sahith Theegala,51634,51634,Sahith Theegala,Sahith Theegala,S. Theegala,,+380,380,0.20833333333333334,CONSTANT,2026-08-19T23:00:22Z,0.00960493530105905,,CONSTANT,
R2026028,R2026028,2590,Finish,Finishes,FINISH,fanduel,Top 20,Top 20,SINGLE,1,2590|2|0|42.600459922,0,42.600459922,61522,Michael Brennan,61522,61522,Michael Brennan,Michael Brennan,M. Brennan,,+140,140,0.4166666666666667,DOWN,2026-08-19T23:00:22Z,0.0192098706021181,,DOWN,
R2026028,R2026028,2590,Finish,Finishes,FINISH,fanduel,Top 20,Top 20,SINGLE,1,2590|2|0|42.600459922,0,42.600459922,59095,Chris Gotterup,59095,59095,Chris Gotterup,Chris Gotterup,C. Gotterup,,-135,-135,0.574468085106383,CONSTANT,2026-08-19T23:00:22Z,0.026485098191856446,,CONSTANT,
R2026028,R2026028,2590,Finish,Finishes,FINISH,fanduel,Top 20,Top 20,SINGLE,1,2590|2|0|42.600459922,0,42.600459922,55182,Tom Kim,55182,55182,Tom Kim,Tom Kim,T. Kim,,+125,125,0.4444444444444444,DOWN,2026-08-19T23:00:22Z,0.020490528642259302,,DOWN,
R2026028,R2026028,2590,Finish,Finishes,FINISH,fanduel,Top 20,Top 20,SINGLE,1,2590|2|0|42.600459922,0,42.600459922,60004,Jacob Bridgeman,60004,60004,Jacob Bridgeman,Jacob Bridgeman,J. Bridgeman,,+175,175,0.36363636363636365,DOWN,2026-08-19T23:00:22Z,0.016764977980030342,,DOWN,
R2026028,R2026028,2590,Finish,Finishes,FINISH,fanduel,Top 20,Top 20,SINGLE,1,2590|2|0|42.600459922,0,42.600459922,28237,Rory McIlroy,28237,28237,Rory McIlroy,Rory McIlroy,R. McIlroy,,-220,-220,0.6875,DOWN,2026-08-19T23:00:22Z,0.03169628649349486,,DOWN,
R2026028,R2026028,2590,Finish,Finishes,FINISH,fanduel,Top 20,Top 20,SINGLE,1,2590|2|0|42.600459922,0,42.600459922,59018,Ryan Gerard,59018,59018,Ryan Gerard,Ryan Gerard,R. Gerard,,+125,125,0.4444444444444444,UP,2026-08-19T23:00:22Z,0.020490528642259302,,UP,
R2026028,R2026028,2590,Finish,Finishes,FINISH,fanduel,Top 20,Top 20,SINGLE,1,2590|2|0|42.600459922,0,42.600459922,51349,Nico Echavarria,51349,51349,Nico Echavarria,Nico Echavarria,N. Echavarria,,+280,280,0.2631578947368421,UP,2026-08-19T23:00:22Z,0.012132549853969325,,UP,
R2026028,R2026028,2590,Finish,Finishes,FINISH,fanduel,Top 20,Top 20,SINGLE,1,2590|2|0|42.600459922,0,42.600459922,37455,Si Woo Kim,37455,37455,Si Woo Kim,Si Woo Kim,S.W. Kim,,-145,-145,0.5918367346938775,UP,2026-08-19T23:00:22Z,0.027285857018518767,,UP,
R2026028,R2026028,2590,Finish,Finishes,FINISH,fanduel,Top 20,Top 20,SINGLE,1,2590|2|0|42.600459922,0,42.600459922,37378,Min Woo Lee,37378,37378,Min Woo Lee,Min Woo Lee,M. Lee,,+125,125,0.4444444444444444,CONSTANT,2026-08-19T23:00:22Z,0.020490528642259302,,CONSTANT,
R2026028,R2026028,2590,Finish,Finishes,FINISH,fanduel,Top 20,Top 20,SINGLE,1,2590|2|0|42.600459922,0,42.600459922,52453,Nicolai Højgaard,52453,52453,Nicolai Højgaard,Nicolai Højgaard,N. Højgaard,,+155,155,0.39215686274509803,UP,2026-08-19T23:00:22Z,0.01807987821375821,,UP,
R2026028,R2026028,2590,Finish,Finishes,FINISH,fanduel,Top 20,Top 20,SINGLE,1,2590|2|0|42.600459922,0,42.600459922,52955,Ludvig Åberg,52955,52955,Ludvig Åberg,Ludvig Åberg,L. Åberg,,-220,-220,0.6875,UP,2026-08-19T23:00:22Z,0.03169628649349486,,UP,
R2026028,R2026028,2590,Finish,Finishes,FINISH,fanduel,Top 20 Finish (Incl. Ties),Top 20 Finish (Incl. Ties),SINGLE,1,2590|3|0|42.600491279,0,42.600491279,34021,Bud Cauley,34021,34021,Bud Cauley,Bud Cauley,B. Cauley,,+110,110,0.47619047619047616,UP,2026-08-19T23:00:22Z,0.0171939604764686,,UP,
R2026028,R2026028,2590,Finish,Finishes,FINISH,fanduel,Top 20 Finish (Incl. Ties),Top 20 Finish (Incl. Ties),SINGLE,1,2590|3|0|42.600491279,0,42.600491279,51766,Wyndham Clark,51766,51766,Wyndham Clark,Wyndham Clark,W. Clark,,-210,-210,0.6774193548387096,DOWN,2026-08-19T23:00:22Z,0.024459795387492423,,DOWN,
R2026028,R2026028,2590,Finish,Finishes,FINISH,fanduel,Top 20 Finish (Incl. Ties),Top 20 Finish (Incl. Ties),SINGLE,1,2590|3|0|42.600491279,0,42.600491279,49771,J.T. Poston,49771,49771,J.T. Poston,J.T. Poston,J.T. Poston,,+160,160,0.38461538461538464,DOWN,2026-08-19T23:00:22Z,0.013887429615609254,,DOWN,
R2026028,R2026028,2590,Finish,Finishes,FINISH,fanduel,Top 20 Finish (Incl. Ties),Top 20 Finish (Incl. Ties),SINGLE,1,2590|3|0|42.600491279,0,42.600491279,27349,Alex Noren,27349,27349,Alex Noren,Alex Noren,A. Noren,,+100,100,0.5,DOWN,2026-08-19T23:00:22Z,0.01805365850029203,,DOWN,
R2026028,R2026028,2590,Finish,Finishes,FINISH,fanduel,Top 20 Finish (Incl. Ties),Top 20 Finish (Incl. Ties),SINGLE,1,2590|3|0|42.600491279,0,42.600491279,24502,Adam Scott,24502,24502,Adam Scott,Adam Scott,A. Scott,,-110,-110,0.5238095238095238,DOWN,2026-08-19T23:00:22Z,0.01891335652411546,,DOWN,
R2026028,R2026028,2590,Finish,Finishes,FINISH,fanduel,Top 20 Finish (Incl. Ties),Top 20 Finish (Incl. Ties),SINGLE,1,2590|3|0|42.600491279,0,42.600491279,29936,Ryan Fox,29936,29936,Ryan Fox,Ryan Fox,R. Fox,,+135,135,0.425531914893617,UP,2026-08-19T23:00:22Z,0.015364815744929386,,UP,
R2026028,R2026028,2590,Finish,Finishes,FINISH,fanduel,Top 20 Finish (Incl. Ties),Top 20 Finish (Incl. Ties),SINGLE,1,2590|3|0|42.600491279,0,42.600491279,48117,Kurt Kitayama,48117,48117,Kurt Kitayama,Kurt Kitayama,K. Kitayama,,-155,-155,0.6078431372549019,UP,2026-08-19T23:00:22Z,0.021947584843492268,,UP,
R2026028,R2026028,2590,Finish,Finishes,FINISH,fanduel,Top 20 Finish (Incl. Ties),Top 20 Finish (Incl. Ties),SINGLE,1,2590|3|0|42.600491279,0,42.600491279,49960,Sepp Straka,49960,49960,Sepp Straka,Sepp Straka,S. Straka,,+195,195,0.3389830508474576,UP,2026-08-19T23:00:22Z,0.012239768474774256,,UP,
R2026028,R2026028,2590,Finish,Finishes,FINISH,fanduel,Top 20 Finish (Incl. Ties),Top 20 Finish (Incl. Ties),SINGLE,1,2590|3|0|42.600491279,0,42.600491279,46414,Aaron Rai,46414,46414,Aaron Rai,Aaron Rai,A. Rai,,+165,165,0.37735849056603776,DOWN,2026-08-19T23:00:22Z,0.013625402641729834,,DOWN,
R2026028,R2026028,2590,Finish,Finishes,FINISH,fanduel,Top 20 Finish (Incl. Ties),Top 20 Finish (Incl. Ties),SINGLE,1,2590|3|0|42.600491279,0,42.600491279,46442,Maverick McNealy,46442,46442,Maverick McNealy,Maverick McNealy,M. McNealy,,-155,-155,0.6078431372549019,DOWN,2026-08-19T23:00:22Z,0.021947584843492268,,DOWN,
R2026028,R2026028,2590,Finish,Finishes,FINISH,fanduel,Top 20 Finish (Incl. Ties),Top 20 Finish (Incl. Ties),SINGLE,1,2590|3|0|42.600491279,0,42.600491279,33448,Justin Thomas,33448,33448,Justin Thomas,Justin Thomas,J. Thomas,,-185,-185,0.6491228070175439,UP,2026-08-19T23:00:22Z,0.02343808296529141,,UP,
R2026028,R2026028,2590,Finish,Finishes,FINISH,fanduel,Top 20 Finish (Incl. Ties),Top 20 Finish (Incl. Ties),SINGLE,1,2590|3|0|42.600491279,0,42.600491279,32839,Hideki Matsuyama,32839,32839,Hideki Matsuyama,Hideki Matsuyama,H. Matsuyama,,-270,-270,0.7297297297297297,UP,2026-08-19T23:00:22Z,0.026348582676101878,,UP,
R2026028,R2026028,2590,Finish,Finishes,FINISH,fanduel,Top 20 Finish (Incl. Ties),Top 20 Finish (Incl. Ties),SINGLE,1,2590|3|0|42.600491279,0,42.600491279,31323,Gary Woodland,31323,31323,Gary Woodland,Gary Woodland,G. Woodland,,+105,105,0.4878048780487805,CONSTANT,2026-08-19T23:00:22Z,0.017613325366138563,,CONSTANT,
R2026028,R2026028,2590,Finish,Finishes,FINISH,fanduel,Top 20 Finish (Incl. Ties),Top 20 Finish (Incl. Ties),SINGLE,1,2590|3|0|42.600491279,0,42.600491279,30911,Tommy Fleetwood,30911,30911,Tommy Fleetwood,Tommy Fleetwood,T. Fleetwood,,-310,-310,0.7560975609756098,DOWN,2026-08-19T23:00:22Z,0.027300654317514775,,DOWN,
R2026028,R2026028,2590,Finish,Finishes,FINISH,fanduel,Top 20 Finish (Incl. Ties),Top 20 Finish (Incl. Ties),SINGLE,1,2590|3|0|42.600491279,0,42.600491279,34098,Russell Henley,34098,34098,Russell Henley,Russell Henley,R. Henley,,-165,-165,0.6226415094339622,UP,2026-08-19T23:00:22Z,0.022481914358854223,,UP,
R2026028,R2026028,2590,Finish,Finishes,FINISH,fanduel,Top 20 Finish (Incl. Ties),Top 20 Finish (Incl. Ties),SINGLE,1,2590|3|0|42.600491279,0,42.600491279,22405,Justin Rose,22405,22405,Justin Rose,Justin Rose,J. Rose,,-105,-105,0.5121951219512195,CONSTANT,2026-08-19T23:00:22Z,0.018493991634445494,,CONSTANT,
R2026028,R2026028,2590,Finish,Finishes,FINISH,fanduel,Top 20 Finish (Incl. Ties),Top 20 Finish (Incl. Ties),SINGLE,1,2590|3|0|42.600491279,0,42.600491279,47504,Sam Burns,47504,47504,Sam Burns,Sam Burns,S. Burns,,-340,-340,0.7727272727272727,DOWN,2026-08-19T23:00:22Z,0.027901108591360406,,DOWN,
R2026028,R2026028,2590,Finish,Finishes,FINISH,fanduel,Top 20 Finish (Incl. Ties),Top 20 Finish (Incl. Ties),SINGLE,1,2590|3|0|42.600491279,0,42.600491279,35450,Patrick Cantlay,35450,35450,Patrick Cantlay,Patrick Cantlay,P. Cantlay,,-240,-240,0.7058823529411765,UP,2026-08-19T23:00:22Z,0.02548751788276522,,UP,
R2026028,R2026028,2590,Finish,Finishes,FINISH,fanduel,Top 20 Finish (Incl. Ties),Top 20 Finish (Incl. Ties),SINGLE,1,2590|3|0|42.600491279,0,42.600491279,52215,Robert MacIntyre,52215,52215,Robert MacIntyre,Robert MacIntyre,R. MacIntyre,,-110,-110,0.5238095238095238,DOWN,2026-08-19T23:00:22Z,0.01891335652411546,,DOWN,
R2026028,R2026028,2590,Finish,Finishes,FINISH,fanduel,Top 20 Finish (Incl. Ties),Top 20 Finish (Incl. Ties),SINGLE,1,2590|3|0|42.600491279,0,42.600491279,50525,Collin Morikawa,50525,50525,Collin Morikawa,Collin Morikawa,C. Morikawa,,-175,-175,0.6363636363636364,CONSTANT,2026-08-19T23:00:22Z,0.022977383545826218,,CONSTANT,
R2026028,R2026028,2590,Finish,Finishes,FINISH,fanduel,Top 20 Finish (Incl. Ties),Top 20 Finish (Incl. Ties),SINGLE,1,2590|3|0|42.600491279,0,42.600491279,46046,Scottie Scheffler,46046,46046,Scottie Scheffler,Scottie Scheffler,S. Scheffler,,-50000,-50000,0.998003992015968,CONSTANT,2026-08-19T23:00:22Z,0.03603524650756892,,CONSTANT,
R2026028,R2026028,2590,Finish,Finishes,FINISH,fanduel,Top 20 Finish (Incl. Ties),Top 20 Finish (Incl. Ties),SINGLE,1,2590|3|0|42.600491279,0,42.600491279,39971,Sungjae Im,39971,39971,Sungjae Im,Sungjae Im,S. Im,,-110,-110,0.5238095238095238,CONSTANT,2026-08-19T23:00:22Z,0.01891335652411546,,CONSTANT,
R2026028,R2026028,2590,Finish,Finishes,FINISH,fanduel,Top 20 Finish (Incl. Ties),Top 20 Finish (Incl. Ties),SINGLE,1,2590|3|0|42.600491279,0,42.600491279,51287,Ryo Hisatsune,51287,51287,Ryo Hisatsune,Ryo Hisatsune,R. Hisatsune,,+165,165,0.37735849056603776,CONSTANT,2026-08-19T23:00:22Z,0.013625402641729834,,CONSTANT,
R2026028,R2026028,2590,Finish,Finishes,FINISH,fanduel,Top 20 Finish (Incl. Ties),Top 20 Finish (Incl. Ties),SINGLE,1,2590|3|0|42.600491279,0,42.600491279,49855,Kristoffer Reitan,49855,49855,Kristoffer Reitan,Kristoffer Reitan,K. Reitan,,+105,105,0.4878048780487805,CONSTANT,2026-08-19T23:00:22Z,0.017613325366138563,,CONSTANT,
R2026028,R2026028,2590,Finish,Finishes,FINISH,fanduel,Top 20 Finish (Incl. Ties),Top 20 Finish (Incl. Ties),SINGLE,1,2590|3|0|42.600491279,0,42.600491279,40098,Matt Fitzpatrick,40098,40098,Matt Fitzpatrick,Matt Fitzpatrick,M. Fitzpatrick,,-310,-310,0.7560975609756098,CONSTANT,2026-08-19T23:00:22Z,0.027300654317514775,,CONSTANT,
R2026028,R2026028,2590,Finish,Finishes,FINISH,fanduel,Top 20 Finish (Incl. Ties),Top 20 Finish (Incl. Ties),SINGLE,1,2590|3|0|42.600491279,0,42.600491279,46717,Viktor Hovland,46717,46717,Viktor Hovland,Viktor Hovland,V. Hovland,,-210,-210,0.6774193548387096,DOWN,2026-08-19T23:00:22Z,0.024459795387492423,,DOWN,
R2026028,R2026028,2590,Finish,Finishes,FINISH,fanduel,Top 20 Finish (Incl. Ties),Top 20 Finish (Incl. Ties),SINGLE,1,2590|3|0|42.600491279,0,42.600491279,55721,Alex Fitzpatrick,55721,55721,Alex Fitzpatrick,Alex Fitzpatrick,A. Fitzpatrick,,+120,120,0.45454545454545453,UP,2026-08-19T23:00:22Z,0.0164124168184473,,UP,
R2026028,R2026028,2590,Finish,Finishes,FINISH,fanduel,Top 20 Finish (Incl. Ties),Top 20 Finish (Incl. Ties),SINGLE,1,2590|3|0|42.600491279,0,42.600491279,57364,Michael Thorbjornsen,57364,57364,Michael Thorbjornsen,Michael Thorbjornsen,M. Thorbjornsen,,-150,-150,0.6,UP,2026-08-19T23:00:22Z,0.021664390200350433,,UP,
R2026028,R2026028,2590,Finish,Finishes,FINISH,fanduel,Top 20 Finish (Incl. Ties),Top 20 Finish (Incl. Ties),SINGLE,1,2590|3|0|42.600491279,0,42.600491279,32102,Rickie Fowler,32102,32102,Rickie Fowler,Rickie Fowler,R. Fowler,,-110,-110,0.5238095238095238,DOWN,2026-08-19T23:00:22Z,0.01891335652411546,,DOWN,
R2026028,R2026028,2590,Finish,Finishes,FINISH,fanduel,Top 20 Finish (Incl. Ties),Top 20 Finish (Incl. Ties),SINGLE,1,2590|3|0|42.600491279,0,42.600491279,48081,Xander Schauffele,48081,48081,Xander Schauffele,Xander Schauffele,X. Schauffele,,-370,-370,0.7872340425531915,UP,2026-08-19T23:00:22Z,0.028424909128119364,,UP,
R2026028,R2026028,2590,Finish,Finishes,FINISH,fanduel,Top 20 Finish (Incl. Ties),Top 20 Finish (Incl. Ties),SINGLE,1,2590|3|0|42.600491279,0,42.600491279,54591,Ben Griffin,54591,54591,Ben Griffin,Ben Griffin,B. Griffin,,-110,-110,0.5238095238095238,UP,2026-08-19T23:00:22Z,0.01891335652411546,,UP,
R2026028,R2026028,2590,Finish,Finishes,FINISH,fanduel,Top 20 Finish (Incl. Ties),Top 20 Finish (Incl. Ties),SINGLE,1,2590|3|0|42.600491279,0,42.600491279,56630,Akshay Bhatia,56630,56630,Akshay Bhatia,Akshay Bhatia,A. Bhatia,,+135,135,0.425531914893617,DOWN,2026-08-19T23:00:22Z,0.015364815744929386,,DOWN,
R2026028,R2026028,2590,Finish,Finishes,FINISH,fanduel,Top 20 Finish (Incl. Ties),Top 20 Finish (Incl. Ties),SINGLE,1,2590|3|0|42.600491279,0,42.600491279,47420,Jake Knapp,47420,47420,Jake Knapp,Jake Knapp,J. Knapp,,-155,-155,0.6078431372549019,DOWN,2026-08-19T23:00:22Z,0.021947584843492268,,DOWN,
R2026028,R2026028,2590,Finish,Finishes,FINISH,fanduel,Top 20 Finish (Incl. Ties),Top 20 Finish (Incl. Ties),SINGLE,1,2590|3|0|42.600491279,0,42.600491279,57366,Cameron Young,57366,57366,Cameron Young,Cameron Young,Cam. Young,,-310,-310,0.7560975609756098,CONSTANT,2026-08-19T23:00:22Z,0.027300654317514775,,CONSTANT,
R2026028,R2026028,2590,Finish,Finishes,FINISH,fanduel,Top 20 Finish (Incl. Ties),Top 20 Finish (Incl. Ties),SINGLE,1,2590|3|0|42.600491279,0,42.600491279,47591,Eric Cole,47591,47591,Eric Cole,Eric Cole,E. Cole,,+175,175,0.36363636363636365,UP,2026-08-19T23:00:22Z,0.013129933454757839,,UP,
R2026028,R2026028,2590,Finish,Finishes,FINISH,fanduel,Top 20 Finish (Incl. Ties),Top 20 Finish (Incl. Ties),SINGLE,1,2590|3|0|42.600491279,0,42.600491279,46340,Alex Smalley,46340,46340,Alex Smalley,Alex Smalley,A. Smalley,,+110,110,0.47619047619047616,UP,2026-08-19T23:00:22Z,0.0171939604764686,,UP,
R2026028,R2026028,2590,Finish,Finishes,FINISH,fanduel,Top 20 Finish (Incl. Ties),Top 20 Finish (Incl. Ties),SINGLE,1,2590|3|0|42.600491279,0,42.600491279,51634,Sahith Theegala,51634,51634,Sahith Theegala,Sahith Theegala,S. Theegala,,+220,220,0.3125,CONSTANT,2026-08-19T23:00:22Z,0.011283536562682519,,CONSTANT,
R2026028,R2026028,2590,Finish,Finishes,FINISH,fanduel,Top 20 Finish (Incl. Ties),Top 20 Finish (Incl. Ties),SINGLE,1,2590|3|0|42.600491279,0,42.600491279,61522,Michael Brennan,61522,61522,Michael Brennan,Michael Brennan,M. Brennan,,-125,-125,0.5555555555555556,DOWN,2026-08-19T23:00:22Z,0.020059620555880033,,DOWN,
R2026028,R2026028,2590,Finish,Finishes,FINISH,fanduel,Top 20 Finish (Incl. Ties),Top 20 Finish (Incl. Ties),SINGLE,1,2590|3|0|42.600491279,0,42.600491279,59095,Chris Gotterup,59095,59095,Chris Gotterup,Chris Gotterup,C. Gotterup,,-220,-220,0.6875,CONSTANT,2026-08-19T23:00:22Z,0.024823780437901538,,CONSTANT,
R2026028,R2026028,2590,Finish,Finishes,FINISH,fanduel,Top 20 Finish (Incl. Ties),Top 20 Finish (Incl. Ties),SINGLE,1,2590|3|0|42.600491279,0,42.600491279,55182,Tom Kim,55182,55182,Tom Kim,Tom Kim,T. Kim,,-140,-140,0.5833333333333334,CONSTANT,2026-08-19T23:00:22Z,0.021062601583674036,,CONSTANT,
R2026028,R2026028,2590,Finish,Finishes,FINISH,fanduel,Top 20 Finish (Incl. Ties),Top 20 Finish (Incl. Ties),SINGLE,1,2590|3|0|42.600491279,0,42.600491279,60004,Jacob Bridgeman,60004,60004,Jacob Bridgeman,Jacob Bridgeman,J. Bridgeman,,+100,100,0.5,DOWN,2026-08-19T23:00:22Z,0.01805365850029203,,DOWN,
R2026028,R2026028,2590,Finish,Finishes,FINISH,fanduel,Top 20 Finish (Incl. Ties),Top 20 Finish (Incl. Ties),SINGLE,1,2590|3|0|42.600491279,0,42.600491279,28237,Rory McIlroy,28237,28237,Rory McIlroy,Rory McIlroy,R. McIlroy,,-425,-425,0.8095238095238095,DOWN,2026-08-19T23:00:22Z,0.02922973280999662,,DOWN,
R2026028,R2026028,2590,Finish,Finishes,FINISH,fanduel,Top 20 Finish (Incl. Ties),Top 20 Finish (Incl. Ties),SINGLE,1,2590|3|0|42.600491279,0,42.600491279,59018,Ryan Gerard,59018,59018,Ryan Gerard,Ryan Gerard,R. Gerard,,-140,-140,0.5833333333333334,UP,2026-08-19T23:00:22Z,0.021062601583674036,,UP,
R2026028,R2026028,2590,Finish,Finishes,FINISH,fanduel,Top 20 Finish (Incl. Ties),Top 20 Finish (Incl. Ties),SINGLE,1,2590|3|0|42.600491279,0,42.600491279,51349,Nico Echavarria,51349,51349,Nico Echavarria,Nico Echavarria,N. Echavarria,,+165,165,0.37735849056603776,UP,2026-08-19T23:00:22Z,0.013625402641729834,,UP,
R2026028,R2026028,2590,Finish,Finishes,FINISH,fanduel,Top 20 Finish (Incl. Ties),Top 20 Finish (Incl. Ties),SINGLE,1,2590|3|0|42.600491279,0,42.600491279,37455,Si Woo Kim,37455,37455,Si Woo Kim,Si Woo Kim,S.W. Kim,,-250,-250,0.7142857142857143,UP,2026-08-19T23:00:22Z,0.0257909407147029,,UP,
R2026028,R2026028,2590,Finish,Finishes,FINISH,fanduel,Top 20 Finish (Incl. Ties),Top 20 Finish (Incl. Ties),SINGLE,1,2590|3|0|42.600491279,0,42.600491279,37378,Min Woo Lee,37378,37378,Min Woo Lee,Min Woo Lee,M. Lee,,-140,-140,0.5833333333333334,UP,2026-08-19T23:00:22Z,0.021062601583674036,,UP,
R2026028,R2026028,2590,Finish,Finishes,FINISH,fanduel,Top 20 Finish (Incl. Ties),Top 20 Finish (Incl. Ties),SINGLE,1,2590|3|0|42.600491279,0,42.600491279,52453,Nicolai Højgaard,52453,52453,Nicolai Højgaard,Nicolai Højgaard,N. Højgaard,,-110,-110,0.5238095238095238,UP,2026-08-19T23:00:22Z,0.01891335652411546,,UP,
R2026028,R2026028,2590,Finish,Finishes,FINISH,fanduel,Top 20 Finish (Incl. Ties),Top 20 Finish (Incl. Ties),SINGLE,1,2590|3|0|42.600491279,0,42.600491279,52955,Ludvig Åberg,52955,52955,Ludvig Åberg,Ludvig Åberg,L. Åberg,,-425,-425,0.8095238095238095,UP,2026-08-19T23:00:22Z,0.02922973280999662,,UP,
R2026028,R2026028,2590,Finish,Finishes,FINISH,fanduel,Top 5 Finish (Incl. Ties),Top 5 Finish (Incl. Ties),SINGLE,1,2590|4|0|42.600491172,0,42.600491172,34021,Bud Cauley,34021,34021,Bud Cauley,Bud Cauley,B. Cauley,,+1000,1000,0.09090909090909091,UP,2026-08-19T23:00:22Z,0.01230541950329171,,UP,
R2026028,R2026028,2590,Finish,Finishes,FINISH,fanduel,Top 5 Finish (Incl. Ties),Top 5 Finish (Incl. Ties),SINGLE,1,2590|4|0|42.600491172,0,42.600491172,51766,Wyndham Clark,51766,51766,Wyndham Clark,Wyndham Clark,W. Clark,,+440,440,0.18518518518518517,DOWN,2026-08-19T23:00:22Z,0.02506659528448311,,DOWN,
R2026028,R2026028,2590,Finish,Finishes,FINISH,fanduel,Top 5 Finish (Incl. Ties),Top 5 Finish (Incl. Ties),SINGLE,1,2590|4|0|42.600491172,0,42.600491172,49771,J.T. Poston,49771,49771,J.T. Poston,J.T. Poston,J.T. Poston,,+1600,1600,0.058823529411764705,DOWN,2026-08-19T23:00:22Z,0.007962330266835812,,DOWN,
R2026028,R2026028,2590,Finish,Finishes,FINISH,fanduel,Top 5 Finish (Incl. Ties),Top 5 Finish (Incl. Ties),SINGLE,1,2590|4|0|42.600491172,0,42.600491172,27349,Alex Noren,27349,27349,Alex Noren,Alex Noren,A. Noren,,+950,950,0.09523809523809523,DOWN,2026-08-19T23:00:22Z,0.012891391860591314,,DOWN,
R2026028,R2026028,2590,Finish,Finishes,FINISH,fanduel,Top 5 Finish (Incl. Ties),Top 5 Finish (Incl. Ties),SINGLE,1,2590|4|0|42.600491172,0,42.600491172,24502,Adam Scott,24502,24502,Adam Scott,Adam Scott,A. Scott,,+800,800,0.1111111111111111,DOWN,2026-08-19T23:00:22Z,0.015039957170689866,,DOWN,
R2026028,R2026028,2590,Finish,Finishes,FINISH,fanduel,Top 5 Finish (Incl. Ties),Top 5 Finish (Incl. Ties),SINGLE,1,2590|4|0|42.600491172,0,42.600491172,29936,Ryan Fox,29936,29936,Ryan Fox,Ryan Fox,R. Fox,,+1300,1300,0.07142857142857142,UP,2026-08-19T23:00:22Z,0.009668543895443485,,UP,
R2026028,R2026028,2590,Finish,Finishes,FINISH,fanduel,Top 5 Finish (Incl. Ties),Top 5 Finish (Incl. Ties),SINGLE,1,2590|4|0|42.600491172,0,42.600491172,48117,Kurt Kitayama,48117,48117,Kurt Kitayama,Kurt Kitayama,K. Kitayama,,+600,600,0.14285714285714285,CONSTANT,2026-08-19T23:00:22Z,0.01933708779088697,,CONSTANT,
R2026028,R2026028,2590,Finish,Finishes,FINISH,fanduel,Top 5 Finish (Incl. Ties),Top 5 Finish (Incl. Ties),SINGLE,1,2590|4|0|42.600491172,0,42.600491172,49960,Sepp Straka,49960,49960,Sepp Straka,Sepp Straka,S. Straka,,+2000,2000,0.047619047619047616,UP,2026-08-19T23:00:22Z,0.006445695930295657,,UP,
R2026028,R2026028,2590,Finish,Finishes,FINISH,fanduel,Top 5 Finish (Incl. Ties),Top 5 Finish (Incl. Ties),SINGLE,1,2590|4|0|42.600491172,0,42.600491172,46414,Aaron Rai,46414,46414,Aaron Rai,Aaron Rai,A. Rai,,+1600,1600,0.058823529411764705,DOWN,2026-08-19T23:00:22Z,0.007962330266835812,,DOWN,
R2026028,R2026028,2590,Finish,Finishes,FINISH,fanduel,Top 5 Finish (Incl. Ties),Top 5 Finish (Incl. Ties),SINGLE,1,2590|4|0|42.600491172,0,42.600491172,46442,Maverick McNealy,46442,46442,Maverick McNealy,Maverick McNealy,M. McNealy,,+600,600,0.14285714285714285,CONSTANT,2026-08-19T23:00:22Z,0.01933708779088697,,CONSTANT,
R2026028,R2026028,2590,Finish,Finishes,FINISH,fanduel,Top 5 Finish (Incl. Ties),Top 5 Finish (Incl. Ties),SINGLE,1,2590|4|0|42.600491172,0,42.600491172,33448,Justin Thomas,33448,33448,Justin Thomas,Justin Thomas,J. Thomas,,+500,500,0.16666666666666666,UP,2026-08-19T23:00:22Z,0.0225599357560348,,UP,
R2026028,R2026028,2590,Finish,Finishes,FINISH,fanduel,Top 5 Finish (Incl. Ties),Top 5 Finish (Incl. Ties),SINGLE,1,2590|4|0|42.600491172,0,42.600491172,32839,Hideki Matsuyama,32839,32839,Hideki Matsuyama,Hideki Matsuyama,H. Matsuyama,,+350,350,0.2222222222222222,UP,2026-08-19T23:00:22Z,0.030079914341379733,,UP,
R2026028,R2026028,2590,Finish,Finishes,FINISH,fanduel,Top 5 Finish (Incl. Ties),Top 5 Finish (Incl. Ties),SINGLE,1,2590|4|0|42.600491172,0,42.600491172,31323,Gary Woodland,31323,31323,Gary Woodland,Gary Woodland,G. Woodland,,+1100,1100,0.08333333333333333,DOWN,2026-08-19T23:00:22Z,0.0112799678780174,,DOWN,
R2026028,R2026028,2590,Finish,Finishes,FINISH,fanduel,Top 5 Finish (Incl. Ties),Top 5 Finish (Incl. Ties),SINGLE,1,2590|4|0|42.600491172,0,42.600491172,30911,Tommy Fleetwood,30911,30911,Tommy Fleetwood,Tommy Fleetwood,T. Fleetwood,,+290,290,0.2564102564102564,DOWN,2026-08-19T23:00:22Z,0.034707593470822765,,DOWN,
R2026028,R2026028,2590,Finish,Finishes,FINISH,fanduel,Top 5 Finish (Incl. Ties),Top 5 Finish (Incl. Ties),SINGLE,1,2590|4|0|42.600491172,0,42.600491172,34098,Russell Henley,34098,34098,Russell Henley,Russell Henley,R. Henley,,+600,600,0.14285714285714285,CONSTANT,2026-08-19T23:00:22Z,0.01933708779088697,,CONSTANT,
R2026028,R2026028,2590,Finish,Finishes,FINISH,fanduel,Top 5 Finish (Incl. Ties),Top 5 Finish (Incl. Ties),SINGLE,1,2590|4|0|42.600491172,0,42.600491172,22405,Justin Rose,22405,22405,Justin Rose,Justin Rose,J. Rose,,+950,950,0.09523809523809523,DOWN,2026-08-19T23:00:22Z,0.012891391860591314,,DOWN,
R2026028,R2026028,2590,Finish,Finishes,FINISH,fanduel,Top 5 Finish (Incl. Ties),Top 5 Finish (Incl. Ties),SINGLE,1,2590|4|0|42.600491172,0,42.600491172,47504,Sam Burns,47504,47504,Sam Burns,Sam Burns,S. Burns,,+250,250,0.2857142857142857,CONSTANT,2026-08-19T23:00:22Z,0.03867417558177394,,CONSTANT,
R2026028,R2026028,2590,Finish,Finishes,FINISH,fanduel,Top 5 Finish (Incl. Ties),Top 5 Finish (Incl. Ties),SINGLE,1,2590|4|0|42.600491172,0,42.600491172,35450,Patrick Cantlay,35450,35450,Patrick Cantlay,Patrick Cantlay,P. Cantlay,,+410,410,0.19607843137254902,CONSTANT,2026-08-19T23:00:22Z,0.026541100889452704,,CONSTANT,
R2026028,R2026028,2590,Finish,Finishes,FINISH,fanduel,Top 5 Finish (Incl. Ties),Top 5 Finish (Incl. Ties),SINGLE,1,2590|4|0|42.600491172,0,42.600491172,52215,Robert MacIntyre,52215,52215,Robert MacIntyre,Robert MacIntyre,R. MacIntyre,,+800,800,0.1111111111111111,DOWN,2026-08-19T23:00:22Z,0.015039957170689866,,DOWN,
R2026028,R2026028,2590,Finish,Finishes,FINISH,fanduel,Top 5 Finish (Incl. Ties),Top 5 Finish (Incl. Ties),SINGLE,1,2590|4|0|42.600491172,0,42.600491172,50525,Collin Morikawa,50525,50525,Collin Morikawa,Collin Morikawa,C. Morikawa,,+500,500,0.16666666666666666,CONSTANT,2026-08-19T23:00:22Z,0.0225599357560348,,CONSTANT,
R2026028,R2026028,2590,Finish,Finishes,FINISH,fanduel,Top 5 Finish (Incl. Ties),Top 5 Finish (Incl. Ties),SINGLE,1,2590|4|0|42.600491172,0,42.600491172,46046,Scottie Scheffler,46046,46046,Scottie Scheffler,Scottie Scheffler,S. Scheffler,,-195,-195,0.6610169491525424,DOWN,2026-08-19T23:00:22Z,0.08947499943918887,,DOWN,
R2026028,R2026028,2590,Finish,Finishes,FINISH,fanduel,Top 5 Finish (Incl. Ties),Top 5 Finish (Incl. Ties),SINGLE,1,2590|4|0|42.600491172,0,42.600491172,39971,Sungjae Im,39971,39971,Sungjae Im,Sungjae Im,S. Im,,+800,800,0.1111111111111111,CONSTANT,2026-08-19T23:00:22Z,0.015039957170689866,,CONSTANT,
R2026028,R2026028,2590,Finish,Finishes,FINISH,fanduel,Top 5 Finish (Incl. Ties),Top 5 Finish (Incl. Ties),SINGLE,1,2590|4|0|42.600491172,0,42.600491172,51287,Ryo Hisatsune,51287,51287,Ryo Hisatsune,Ryo Hisatsune,R. Hisatsune,,+1600,1600,0.058823529411764705,DOWN,2026-08-19T23:00:22Z,0.007962330266835812,,DOWN,
R2026028,R2026028,2590,Finish,Finishes,FINISH,fanduel,Top 5 Finish (Incl. Ties),Top 5 Finish (Incl. Ties),SINGLE,1,2590|4|0|42.600491172,0,42.600491172,49855,Kristoffer Reitan,49855,49855,Kristoffer Reitan,Kristoffer Reitan,K. Reitan,,+1000,1000,0.09090909090909091,CONSTANT,2026-08-19T23:00:22Z,0.01230541950329171,,CONSTANT,
R2026028,R2026028,2590,Finish,Finishes,FINISH,fanduel,Top 5 Finish (Incl. Ties),Top 5 Finish (Incl. Ties),SINGLE,1,2590|4|0|42.600491172,0,42.600491172,40098,Matt Fitzpatrick,40098,40098,Matt Fitzpatrick,Matt Fitzpatrick,M. Fitzpatrick,,+320,320,0.23809523809523808,DOWN,2026-08-19T23:00:22Z,0.032228479651478285,,DOWN,
R2026028,R2026028,2590,Finish,Finishes,FINISH,fanduel,Top 5 Finish (Incl. Ties),Top 5 Finish (Incl. Ties),SINGLE,1,2590|4|0|42.600491172,0,42.600491172,46717,Viktor Hovland,46717,46717,Viktor Hovland,Viktor Hovland,V. Hovland,,+410,410,0.19607843137254902,CONSTANT,2026-08-19T23:00:22Z,0.026541100889452704,,CONSTANT,
R2026028,R2026028,2590,Finish,Finishes,FINISH,fanduel,Top 5 Finish (Incl. Ties),Top 5 Finish (Incl. Ties),SINGLE,1,2590|4|0|42.600491172,0,42.600491172,55721,Alex Fitzpatrick,55721,55721,Alex Fitzpatrick,Alex Fitzpatrick,A. Fitzpatrick,,+1100,1100,0.08333333333333333,UP,2026-08-19T23:00:22Z,0.0112799678780174,,UP,
R2026028,R2026028,2590,Finish,Finishes,FINISH,fanduel,Top 5 Finish (Incl. Ties),Top 5 Finish (Incl. Ties),SINGLE,1,2590|4|0|42.600491172,0,42.600491172,57364,Michael Thorbjornsen,57364,57364,Michael Thorbjornsen,Michael Thorbjornsen,M. Thorbjornsen,,+600,600,0.14285714285714285,UP,2026-08-19T23:00:22Z,0.01933708779088697,,UP,
R2026028,R2026028,2590,Finish,Finishes,FINISH,fanduel,Top 5 Finish (Incl. Ties),Top 5 Finish (Incl. Ties),SINGLE,1,2590|4|0|42.600491172,0,42.600491172,32102,Rickie Fowler,32102,32102,Rickie Fowler,Rickie Fowler,R. Fowler,,+800,800,0.1111111111111111,DOWN,2026-08-19T23:00:22Z,0.015039957170689866,,DOWN,
R2026028,R2026028,2590,Finish,Finishes,FINISH,fanduel,Top 5 Finish (Incl. Ties),Top 5 Finish (Incl. Ties),SINGLE,1,2590|4|0|42.600491172,0,42.600491172,48081,Xander Schauffele,48081,48081,Xander Schauffele,Xander Schauffele,X. Schauffele,,+230,230,0.30303030303030304,UP,2026-08-19T23:00:22Z,0.04101806501097237,,UP,
R2026028,R2026028,2590,Finish,Finishes,FINISH,fanduel,Top 5 Finish (Incl. Ties),Top 5 Finish (Incl. Ties),SINGLE,1,2590|4|0|42.600491172,0,42.600491172,54591,Ben Griffin,54591,54591,Ben Griffin,Ben Griffin,B. Griffin,,+800,800,0.1111111111111111,CONSTANT,2026-08-19T23:00:22Z,0.015039957170689866,,CONSTANT,
R2026028,R2026028,2590,Finish,Finishes,FINISH,fanduel,Top 5 Finish (Incl. Ties),Top 5 Finish (Incl. Ties),SINGLE,1,2590|4|0|42.600491172,0,42.600491172,56630,Akshay Bhatia,56630,56630,Akshay Bhatia,Akshay Bhatia,A. Bhatia,,+1300,1300,0.07142857142857142,DOWN,2026-08-19T23:00:22Z,0.009668543895443485,,DOWN,
R2026028,R2026028,2590,Finish,Finishes,FINISH,fanduel,Top 5 Finish (Incl. Ties),Top 5 Finish (Incl. Ties),SINGLE,1,2590|4|0|42.600491172,0,42.600491172,47420,Jake Knapp,47420,47420,Jake Knapp,Jake Knapp,J. Knapp,,+550,550,0.15384615384615385,DOWN,2026-08-19T23:00:22Z,0.020824556082493662,,DOWN,
R2026028,R2026028,2590,Finish,Finishes,FINISH,fanduel,Top 5 Finish (Incl. Ties),Top 5 Finish (Incl. Ties),SINGLE,1,2590|4|0|42.600491172,0,42.600491172,57366,Cameron Young,57366,57366,Cameron Young,Cameron Young,Cam. Young,,+290,290,0.2564102564102564,UP,2026-08-19T23:00:22Z,0.034707593470822765,,UP,
R2026028,R2026028,2590,Finish,Finishes,FINISH,fanduel,Top 5 Finish (Incl. Ties),Top 5 Finish (Incl. Ties),SINGLE,1,2590|4|0|42.600491172,0,42.600491172,47591,Eric Cole,47591,47591,Eric Cole,Eric Cole,E. Cole,,+1600,1600,0.058823529411764705,UP,2026-08-19T23:00:22Z,0.007962330266835812,,UP,
R2026028,R2026028,2590,Finish,Finishes,FINISH,fanduel,Top 5 Finish (Incl. Ties),Top 5 Finish (Incl. Ties),SINGLE,1,2590|4|0|42.600491172,0,42.600491172,46340,Alex Smalley,46340,46340,Alex Smalley,Alex Smalley,A. Smalley,,+1000,1000,0.09090909090909091,CONSTANT,2026-08-19T23:00:22Z,0.01230541950329171,,CONSTANT,
R2026028,R2026028,2590,Finish,Finishes,FINISH,fanduel,Top 5 Finish (Incl. Ties),Top 5 Finish (Incl. Ties),SINGLE,1,2590|4|0|42.600491172,0,42.600491172,51634,Sahith Theegala,51634,51634,Sahith Theegala,Sahith Theegala,S. Theegala,,+2200,2200,0.043478260869565216,CONSTANT,2026-08-19T23:00:22Z,0.005885200632009078,,CONSTANT,
R2026028,R2026028,2590,Finish,Finishes,FINISH,fanduel,Top 5 Finish (Incl. Ties),Top 5 Finish (Incl. Ties),SINGLE,1,2590|4|0|42.600491172,0,42.600491172,61522,Michael Brennan,61522,61522,Michael Brennan,Michael Brennan,M. Brennan,,+700,700,0.125,CONSTANT,2026-08-19T23:00:22Z,0.0169199518170261,,CONSTANT,
R2026028,R2026028,2590,Finish,Finishes,FINISH,fanduel,Top 5 Finish (Incl. Ties),Top 5 Finish (Incl. Ties),SINGLE,1,2590|4|0|42.600491172,0,42.600491172,59095,Chris Gotterup,59095,59095,Chris Gotterup,Chris Gotterup,C. Gotterup,,+380,380,0.20833333333333334,CONSTANT,2026-08-19T23:00:22Z,0.028199919695043502,,CONSTANT,
R2026028,R2026028,2590,Finish,Finishes,FINISH,fanduel,Top 5 Finish (Incl. Ties),Top 5 Finish (Incl. Ties),SINGLE,1,2590|4|0|42.600491172,0,42.600491172,55182,Tom Kim,55182,55182,Tom Kim,Tom Kim,T. Kim,,+650,650,0.13333333333333333,DOWN,2026-08-19T23:00:22Z,0.01804794860482784,,DOWN,
R2026028,R2026028,2590,Finish,Finishes,FINISH,fanduel,Top 5 Finish (Incl. Ties),Top 5 Finish (Incl. Ties),SINGLE,1,2590|4|0|42.600491172,0,42.600491172,60004,Jacob Bridgeman,60004,60004,Jacob Bridgeman,Jacob Bridgeman,J. Bridgeman,,+1000,1000,0.09090909090909091,DOWN,2026-08-19T23:00:22Z,0.01230541950329171,,DOWN,
R2026028,R2026028,2590,Finish,Finishes,FINISH,fanduel,Top 5 Finish (Incl. Ties),Top 5 Finish (Incl. Ties),SINGLE,1,2590|4|0|42.600491172,0,42.600491172,28237,Rory McIlroy,28237,28237,Rory McIlroy,Rory McIlroy,R. McIlroy,,+210,210,0.3225806451612903,UP,2026-08-19T23:00:22Z,0.04366439178587381,,UP,
R2026028,R2026028,2590,Finish,Finishes,FINISH,fanduel,Top 5 Finish (Incl. Ties),Top 5 Finish (Incl. Ties),SINGLE,1,2590|4|0|42.600491172,0,42.600491172,59018,Ryan Gerard,59018,59018,Ryan Gerard,Ryan Gerard,R. Gerard,,+600,600,0.14285714285714285,UP,2026-08-19T23:00:22Z,0.01933708779088697,,UP,
R2026028,R2026028,2590,Finish,Finishes,FINISH,fanduel,Top 5 Finish (Incl. Ties),Top 5 Finish (Incl. Ties),SINGLE,1,2590|4|0|42.600491172,0,42.600491172,51349,Nico Echavarria,51349,51349,Nico Echavarria,Nico Echavarria,N. Echavarria,,+1500,1500,0.0625,UP,2026-08-19T23:00:22Z,0.00845997590851305,,UP,
R2026028,R2026028,2590,Finish,Finishes,FINISH,fanduel,Top 5 Finish (Incl. Ties),Top 5 Finish (Incl. Ties),SINGLE,1,2590|4|0|42.600491172,0,42.600491172,37455,Si Woo Kim,37455,37455,Si Woo Kim,Si Woo Kim,S.W. Kim,,+350,350,0.2222222222222222,UP,2026-08-19T23:00:22Z,0.030079914341379733,,UP,
R2026028,R2026028,2590,Finish,Finishes,FINISH,fanduel,Top 5 Finish (Incl. Ties),Top 5 Finish (Incl. Ties),SINGLE,1,2590|4|0|42.600491172,0,42.600491172,37378,Min Woo Lee,37378,37378,Min Woo Lee,Min Woo Lee,M. Lee,,+600,600,0.14285714285714285,UP,2026-08-19T23:00:22Z,0.01933708779088697,,UP,
R2026028,R2026028,2590,Finish,Finishes,FINISH,fanduel,Top 5 Finish (Incl. Ties),Top 5 Finish (Incl. Ties),SINGLE,1,2590|4|0|42.600491172,0,42.600491172,52453,Nicolai Højgaard,52453,52453,Nicolai Højgaard,Nicolai Højgaard,N. Højgaard,,+800,800,0.1111111111111111,UP,2026-08-19T23:00:22Z,0.015039957170689866,,UP,
R2026028,R2026028,2590,Finish,Finishes,FINISH,fanduel,Top 5 Finish (Incl. Ties),Top 5 Finish (Incl. Ties),SINGLE,1,2590|4|0|42.600491172,0,42.600491172,52955,Ludvig Åberg,52955,52955,Ludvig Åberg,Ludvig Åberg,L. Åberg,,+220,220,0.3125,UP,2026-08-19T23:00:22Z,0.04229987954256525,,UP,
R2026028,R2026028,2592,Group Props,Groups,GROUP,fanduel,Group,Group A,SINGLE,1,2592|0|0|42.600498707,0,42.600498707,51766,Wyndham Clark,51766,51766,Wyndham Clark,Wyndham Clark,W. Clark,,+340,340,0.22727272727272727,CONSTANT,2026-08-19T23:00:22Z,0.19879969992498123,,CONSTANT,
R2026028,R2026028,2592,Group Props,Groups,GROUP,fanduel,Group,Group A,SINGLE,1,2592|0|0|42.600498707,0,42.600498707,35450,Patrick Cantlay,35450,35450,Patrick Cantlay,Patrick Cantlay,P. Cantlay,,+340,340,0.22727272727272727,CONSTANT,2026-08-19T23:00:22Z,0.19879969992498123,,CONSTANT,
R2026028,R2026028,2592,Group Props,Groups,GROUP,fanduel,Group,Group A,SINGLE,1,2592|0|0|42.600498707,0,42.600498707,50525,Collin Morikawa,50525,50525,Collin Morikawa,Collin Morikawa,C. Morikawa,,+430,430,0.18867924528301888,DOWN,2026-08-19T23:00:22Z,0.1650412603150788,,DOWN,
R2026028,R2026028,2592,Group Props,Groups,GROUP,fanduel,Group,Group A,SINGLE,1,2592|0|0|42.600498707,0,42.600498707,59095,Chris Gotterup,59095,59095,Chris Gotterup,Chris Gotterup,C. Gotterup,,+300,300,0.25,CONSTANT,2026-08-19T23:00:22Z,0.21867966991747936,,CONSTANT,
R2026028,R2026028,2592,Group Props,Groups,GROUP,fanduel,Group,Group A,SINGLE,1,2592|0|0|42.600498707,0,42.600498707,37455,Si Woo Kim,37455,37455,Si Woo Kim,Si Woo Kim,S.W. Kim,,+300,300,0.25,UP,2026-08-19T23:00:22Z,0.21867966991747936,,UP,
R2026028,R2026028,2592,Group Props,Groups,GROUP,fanduel,Group,Group B,SINGLE,1,2592|0|1|42.600498477,0,42.600498477,48117,Kurt Kitayama,48117,48117,Kurt Kitayama,Kurt Kitayama,K. Kitayama,,+300,300,0.25,CONSTANT,2026-08-19T23:00:22Z,0.21498371335504887,,CONSTANT,
R2026028,R2026028,2592,Group Props,Groups,GROUP,fanduel,Group,Group B,SINGLE,1,2592|0|1|42.600498477,0,42.600498477,34098,Russell Henley,34098,34098,Russell Henley,Russell Henley,R. Henley,,+300,300,0.25,CONSTANT,2026-08-19T23:00:22Z,0.21498371335504887,,CONSTANT,
R2026028,R2026028,2592,Group Props,Groups,GROUP,fanduel,Group,Group B,SINGLE,1,2592|0|1|42.600498477,0,42.600498477,57364,Michael Thorbjornsen,57364,57364,Michael Thorbjornsen,Michael Thorbjornsen,M. Thorbjornsen,,+340,340,0.22727272727272727,UP,2026-08-19T23:00:22Z,0.19543973941368079,,UP,
R2026028,R2026028,2592,Group Props,Groups,GROUP,fanduel,Group,Group B,SINGLE,1,2592|0|1|42.600498477,0,42.600498477,61522,Michael Brennan,61522,61522,Michael Brennan,Michael Brennan,M. Brennan,,+380,380,0.20833333333333334,DOWN,2026-08-19T23:00:22Z,0.17915309446254074,,DOWN,
R2026028,R2026028,2592,Group Props,Groups,GROUP,fanduel,Group,Group B,SINGLE,1,2592|0|1|42.600498477,0,42.600498477,37378,Min Woo Lee,37378,37378,Min Woo Lee,Min Woo Lee,M. Lee,,+340,340,0.22727272727272727,UP,2026-08-19T23:00:22Z,0.19543973941368079,,UP,
R2026028,R2026028,2592,Group Props,Groups,GROUP,fanduel,Group,Group C,SINGLE,1,2592|0|2|42.600498706,0,42.600498706,46442,Maverick McNealy,46442,46442,Maverick McNealy,Maverick McNealy,M. McNealy,,+340,340,0.22727272727272727,CONSTANT,2026-08-19T23:00:22Z,0.19758476283270407,,CONSTANT,
R2026028,R2026028,2592,Group Props,Groups,GROUP,fanduel,Group,Group C,SINGLE,1,2592|0|2|42.600498706,0,42.600498706,33448,Justin Thomas,33448,33448,Justin Thomas,Justin Thomas,J. Thomas,,+270,270,0.2702702702702703,UP,2026-08-19T23:00:22Z,0.2349656639091616,,UP,
R2026028,R2026028,2592,Group Props,Groups,GROUP,fanduel,Group,Group C,SINGLE,1,2592|0|2|42.600498706,0,42.600498706,52215,Robert MacIntyre,52215,52215,Robert MacIntyre,Robert MacIntyre,R. MacIntyre,,+470,470,0.17543859649122806,DOWN,2026-08-19T23:00:22Z,0.15252157130945576,,DOWN,
R2026028,R2026028,2592,Group Props,Groups,GROUP,fanduel,Group,Group C,SINGLE,1,2592|0|2|42.600498706,0,42.600498706,47420,Jake Knapp,47420,47420,Jake Knapp,Jake Knapp,J. Knapp,,+300,300,0.25,UP,2026-08-19T23:00:22Z,0.21734323911597447,,UP,
R2026028,R2026028,2592,Group Props,Groups,GROUP,fanduel,Group,Group C,SINGLE,1,2592|0|2|42.600498706,0,42.600498706,55182,Tom Kim,55182,55182,Tom Kim,Tom Kim,T. Kim,,+340,340,0.22727272727272727,UP,2026-08-19T23:00:22Z,0.19758476283270407,,UP,
R2026028,R2026028,2592,Group Props,Groups,GROUP,fanduel,Group,Group D,SINGLE,1,2592|0|3|42.600498479,0,42.600498479,32839,Hideki Matsuyama,32839,32839,Hideki Matsuyama,Hideki Matsuyama,H. Matsuyama,,+380,380,0.20833333333333334,CONSTANT,2026-08-19T23:00:22Z,0.17896900154135983,,CONSTANT,
R2026028,R2026028,2592,Group Props,Groups,GROUP,fanduel,Group,Group D,SINGLE,1,2592|0|3|42.600498479,0,42.600498479,40098,Matt Fitzpatrick,40098,40098,Matt Fitzpatrick,Matt Fitzpatrick,M. Fitzpatrick,,+340,340,0.22727272727272727,DOWN,2026-08-19T23:00:22Z,0.19523891077239253,,DOWN,
R2026028,R2026028,2592,Group Props,Groups,GROUP,fanduel,Group,Group D,SINGLE,1,2592|0|3|42.600498479,0,42.600498479,46717,Viktor Hovland,46717,46717,Viktor Hovland,Viktor Hovland,V. Hovland,,+470,470,0.17543859649122806,DOWN,2026-08-19T23:00:22Z,0.15071073814009248,,DOWN,
R2026028,R2026028,2592,Group Props,Groups,GROUP,fanduel,Group,Group D,SINGLE,1,2592|0|3|42.600498479,0,42.600498479,57366,Cameron Young,57366,57366,Cameron Young,Cameron Young,Cam. Young,,+300,300,0.25,UP,2026-08-19T23:00:22Z,0.21476280184963178,,UP,
R2026028,R2026028,2592,Group Props,Groups,GROUP,fanduel,Group,Group D,SINGLE,1,2592|0|3|42.600498479,0,42.600498479,52955,Ludvig Åberg,52955,52955,Ludvig Åberg,Ludvig Åberg,L. Åberg,,+230,230,0.30303030303030304,UP,2026-08-19T23:00:22Z,0.2603185476965234,,UP,
R2026028,R2026028,2592,Group Props,Groups,GROUP,fanduel,Group,Group E,SINGLE,1,2592|0|4|42.600498478,0,42.600498478,30911,Tommy Fleetwood,30911,30911,Tommy Fleetwood,Tommy Fleetwood,T. Fleetwood,,+650,650,0.13333333333333333,DOWN,2026-08-19T23:00:22Z,0.1169222494641175,,DOWN,
R2026028,R2026028,2592,Group Props,Groups,GROUP,fanduel,Group,Group E,SINGLE,1,2592|0|4|42.600498478,0,42.600498478,47504,Sam Burns,47504,47504,Sam Burns,Sam Burns,S. Burns,,+600,600,0.14285714285714285,CONSTANT,2026-08-19T23:00:22Z,0.12527383871155445,,CONSTANT,
R2026028,R2026028,2592,Group Props,Groups,GROUP,fanduel,Group,Group E,SINGLE,1,2592|0|4|42.600498478,0,42.600498478,46046,Scottie Scheffler,46046,46046,Scottie Scheffler,Scottie Scheffler,S. Scheffler,,-115,-115,0.5348837209302325,DOWN,2026-08-19T23:00:22Z,0.4690485588967504,,DOWN,
R2026028,R2026028,2592,Group Props,Groups,GROUP,fanduel,Group,Group E,SINGLE,1,2592|0|4|42.600498478,0,42.600498478,48081,Xander Schauffele,48081,48081,Xander Schauffele,Xander Schauffele,X. Schauffele,,+550,550,0.15384615384615385,UP,2026-08-19T23:00:22Z,0.13491028784321252,,UP,
R2026028,R2026028,2592,Group Props,Groups,GROUP,fanduel,Group,Group E,SINGLE,1,2592|0|4|42.600498478,0,42.600498478,28237,Rory McIlroy,28237,28237,Rory McIlroy,Rory McIlroy,R. McIlroy,,+470,470,0.17543859649122806,UP,2026-08-19T23:00:22Z,0.15384506508436513,,UP,
R2026028,R2026028,2592,Group Props,Groups,GROUP,fanduel,Holes - Round 1,Group A,SINGLE,1,2592|1|0|42.600840116,0,42.600840116,34021,Bud Cauley,34021,34021,Bud Cauley,Bud Cauley,B. Cauley,,-110,-110,0.5238095238095238,CONSTANT,2026-08-19T23:00:22Z,0.5,,CONSTANT,
R2026028,R2026028,2592,Group Props,Groups,GROUP,fanduel,Holes - Round 1,Group A,SINGLE,1,2592|1|0|42.600840116,0,42.600840116,52453,Nicolai Højgaard,52453,52453,Nicolai Højgaard,Nicolai Højgaard,N. Højgaard,,-110,-110,0.5238095238095238,CONSTANT,2026-08-19T23:00:22Z,0.5,,CONSTANT,
R2026028,R2026028,2592,Group Props,Groups,GROUP,fanduel,Holes - Round 1,Group B,SINGLE,1,2592|1|1|42.600840054,0,42.600840054,49771,J.T. Poston,49771,49771,J.T. Poston,J.T. Poston,J.T. Poston,,+100,100,0.5,CONSTANT,2026-08-19T23:00:22Z,0.47368421052631576,,CONSTANT,
R2026028,R2026028,2592,Group Props,Groups,GROUP,fanduel,Holes - Round 1,Group B,SINGLE,1,2592|1|1|42.600840054,0,42.600840054,48117,Kurt Kitayama,48117,48117,Kurt Kitayama,Kurt Kitayama,K. Kitayama,,-125,-125,0.5555555555555556,CONSTANT,2026-08-19T23:00:22Z,0.5263157894736842,,CONSTANT,
R2026028,R2026028,2592,Group Props,Groups,GROUP,fanduel,Holes - Round 1,Group C,SINGLE,1,2592|1|2|42.600840055,0,42.600840055,27349,Alex Noren,27349,27349,Alex Noren,Alex Noren,A. Noren,,-105,-105,0.5121951219512195,CONSTANT,2026-08-19T23:00:22Z,0.4891657638136511,,CONSTANT,
R2026028,R2026028,2592,Group Props,Groups,GROUP,fanduel,Holes - Round 1,Group C,SINGLE,1,2592|1|2|42.600840055,0,42.600840055,47420,Jake Knapp,47420,47420,Jake Knapp,Jake Knapp,J. Knapp,,-115,-115,0.5348837209302325,CONSTANT,2026-08-19T23:00:22Z,0.5108342361863488,,CONSTANT,
R2026028,R2026028,2592,Group Props,Groups,GROUP,fanduel,Holes - Round 1,Group D,SINGLE,1,2592|1|3|42.600840087,0,42.600840087,24502,Adam Scott,24502,24502,Adam Scott,Adam Scott,A. Scott,,-115,-115,0.5348837209302325,CONSTANT,2026-08-19T23:00:22Z,0.5108342361863488,,CONSTANT,
R2026028,R2026028,2592,Group Props,Groups,GROUP,fanduel,Holes - Round 1,Group D,SINGLE,1,2592|1|3|42.600840087,0,42.600840087,31323,Gary Woodland,31323,31323,Gary Woodland,Gary Woodland,G. Woodland,,-105,-105,0.5121951219512195,CONSTANT,2026-08-19T23:00:22Z,0.4891657638136511,,CONSTANT,
R2026028,R2026028,2592,Group Props,Groups,GROUP,fanduel,Holes - Round 1,Group E,SINGLE,1,2592|1|4|42.600840065,0,42.600840065,29936,Ryan Fox,29936,29936,Ryan Fox,Ryan Fox,R. Fox,,+100,100,0.5,CONSTANT,2026-08-19T23:00:22Z,0.47368421052631576,,CONSTANT,
R2026028,R2026028,2592,Group Props,Groups,GROUP,fanduel,Holes - Round 1,Group E,SINGLE,1,2592|1|4|42.600840065,0,42.600840065,55182,Tom Kim,55182,55182,Tom Kim,Tom Kim,T. Kim,,-125,-125,0.5555555555555556,CONSTANT,2026-08-19T23:00:22Z,0.5263157894736842,,CONSTANT,
R2026028,R2026028,2592,Group Props,Groups,GROUP,fanduel,Holes - Round 1,Group F,SINGLE,1,2592|1|5|42.600840066,0,42.600840066,49960,Sepp Straka,49960,49960,Sepp Straka,Sepp Straka,S. Straka,,+100,100,0.5,UP,2026-08-19T23:00:22Z,0.47368421052631576,,UP,
R2026028,R2026028,2592,Group Props,Groups,GROUP,fanduel,Holes - Round 1,Group F,SINGLE,1,2592|1|5|42.600840066,0,42.600840066,39971,Sungjae Im,39971,39971,Sungjae Im,Sungjae Im,S. Im,,-125,-125,0.5555555555555556,CONSTANT,2026-08-19T23:00:22Z,0.5263157894736842,,CONSTANT,
R2026028,R2026028,2592,Group Props,Groups,GROUP,fanduel,Holes - Round 1,Group G,SINGLE,1,2592|1|6|42.600840169,0,42.600840169,46414,Aaron Rai,46414,46414,Aaron Rai,Aaron Rai,A. Rai,,+100,100,0.5,DOWN,2026-08-19T23:00:22Z,0.47368421052631576,,DOWN,
R2026028,R2026028,2592,Group Props,Groups,GROUP,fanduel,Holes - Round 1,Group G,SINGLE,1,2592|1|6|42.600840169,0,42.600840169,54591,Ben Griffin,54591,54591,Ben Griffin,Ben Griffin,B. Griffin,,-125,-125,0.5555555555555556,UP,2026-08-19T23:00:22Z,0.5263157894736842,,UP,
R2026028,R2026028,2592,Group Props,Groups,GROUP,fanduel,Holes - Round 1,Group H,SINGLE,1,2592|1|7|42.600840103,0,42.600840103,46442,Maverick McNealy,46442,46442,Maverick McNealy,Maverick McNealy,M. McNealy,,-135,-135,0.574468085106383,CONSTANT,2026-08-19T23:00:22Z,1.0,,CONSTANT,
R2026028,R2026028,2592,Group Props,Groups,GROUP,fanduel,Holes - Round 1,Group I,SINGLE,1,2592|1|8|42.600840112,0,42.600840112,33448,Justin Thomas,33448,33448,Justin Thomas,Justin Thomas,J. Thomas,,-135,-135,0.574468085106383,CONSTANT,2026-08-19T23:00:22Z,0.5467695274831245,,CONSTANT,
R2026028,R2026028,2592,Group Props,Groups,GROUP,fanduel,Holes - Round 1,Group I,SINGLE,1,2592|1|8|42.600840112,0,42.600840112,51634,Sahith Theegala,51634,51634,Sahith Theegala,Sahith Theegala,S. Theegala,,+110,110,0.47619047619047616,CONSTANT,2026-08-19T23:00:22Z,0.4532304725168756,,CONSTANT,
R2026028,R2026028,2592,Group Props,Groups,GROUP,fanduel,Holes - Round 1,Group J,SINGLE,1,2592|1|9|42.600840063,0,42.600840063,32839,Hideki Matsuyama,32839,32839,Hideki Matsuyama,Hideki Matsuyama,H. Matsuyama,,-130,-130,0.5652173913043478,CONSTANT,2026-08-19T23:00:22Z,0.5367573011077543,,CONSTANT,
R2026028,R2026028,2592,Group Props,Groups,GROUP,fanduel,Holes - Round 1,Group J,SINGLE,1,2592|1|9|42.600840063,0,42.600840063,56630,Akshay Bhatia,56630,56630,Akshay Bhatia,Akshay Bhatia,A. Bhatia,,+105,105,0.4878048780487805,CONSTANT,2026-08-19T23:00:22Z,0.4632426988922458,,CONSTANT,
R2026028,R2026028,2592,Group Props,Groups,GROUP,fanduel,Holes - Round 1,Group K,SINGLE,1,2592|1|10|42.600840057,0,42.600840057,30911,Tommy Fleetwood,30911,30911,Tommy Fleetwood,Tommy Fleetwood,T. Fleetwood,,-115,-115,0.5348837209302325,CONSTANT,2026-08-19T23:00:22Z,0.5108342361863488,,CONSTANT,
R2026028,R2026028,2592,Group Props,Groups,GROUP,fanduel,Holes - Round 1,Group K,SINGLE,1,2592|1|10|42.600840057,0,42.600840057,59095,Chris Gotterup,59095,59095,Chris Gotterup,Chris Gotterup,C. Gotterup,,-105,-105,0.5121951219512195,CONSTANT,2026-08-19T23:00:22Z,0.4891657638136511,,CONSTANT,
R2026028,R2026028,2592,Group Props,Groups,GROUP,fanduel,Holes - Round 1,Group L,SINGLE,1,2592|1|11|42.600840059,0,42.600840059,34098,Russell Henley,34098,34098,Russell Henley,Russell Henley,R. Henley,,-115,-115,0.5348837209302325,CONSTANT,2026-08-19T23:00:22Z,0.5108342361863488,,CONSTANT,
R2026028,R2026028,2592,Group Props,Groups,GROUP,fanduel,Holes - Round 1,Group L,SINGLE,1,2592|1|11|42.600840059,0,42.600840059,60004,Jacob Bridgeman,60004,60004,Jacob Bridgeman,Jacob Bridgeman,J. Bridgeman,,-105,-105,0.5121951219512195,CONSTANT,2026-08-19T23:00:22Z,0.4891657638136511,,CONSTANT,
R2026028,R2026028,2592,Group Props,Groups,GROUP,fanduel,Holes - Round 1,Group M,SINGLE,1,2592|1|12|42.600840064,0,42.600840064,22405,Justin Rose,22405,22405,Justin Rose,Justin Rose,J. Rose,,-110,-110,0.5238095238095238,DOWN,2026-08-19T23:00:22Z,0.5,,DOWN,
R2026028,R2026028,2592,Group Props,Groups,GROUP,fanduel,Holes - Round 1,Group M,SINGLE,1,2592|1|12|42.600840064,0,42.600840064,46340,Alex Smalley,46340,46340,Alex Smalley,Alex Smalley,A. Smalley,,-110,-110,0.5238095238095238,UP,2026-08-19T23:00:22Z,0.5,,UP,
R2026028,R2026028,2592,Group Props,Groups,GROUP,fanduel,Holes - Round 1,Group N,SINGLE,1,2592|1|13|42.600840121,0,42.600840121,46717,Viktor Hovland,46717,46717,Viktor Hovland,Viktor Hovland,V. Hovland,,-125,-125,0.5555555555555556,CONSTANT,2026-08-19T23:00:22Z,1.0,,CONSTANT,
R2026028,R2026028,2592,Group Props,Groups,GROUP,fanduel,Holes - Round 1,Group O,SINGLE,1,2592|1|14|42.600840088,0,42.600840088,48081,Xander Schauffele,48081,48081,Xander Schauffele,Xander Schauffele,X. Schauffele,,-110,-110,0.5238095238095238,CONSTANT,2026-08-19T23:00:22Z,0.5,,CONSTANT,
R2026028,R2026028,2592,Group Props,Groups,GROUP,fanduel,Holes - Round 1,Group O,SINGLE,1,2592|1|14|42.600840088,0,42.600840088,28237,Rory McIlroy,28237,28237,Rory McIlroy,Rory McIlroy,R. McIlroy,,-110,-110,0.5238095238095238,CONSTANT,2026-08-19T23:00:22Z,0.5,,CONSTANT,
R2026028,R2026028,2592,Group Props,Groups,GROUP,fanduel,Holes - Round 1,Group P,SINGLE,1,2592|1|15|42.600840056,0,42.600840056,57366,Cameron Young,57366,57366,Cameron Young,Cameron Young,Cam. Young,,-110,-110,0.5238095238095238,DOWN,2026-08-19T23:00:22Z,0.5,,DOWN,
R2026028,R2026028,2592,Group Props,Groups,GROUP,fanduel,Holes - Round 1,Group P,SINGLE,1,2592|1|15|42.600840056,0,42.600840056,37455,Si Woo Kim,37455,37455,Si Woo Kim,Si Woo Kim,S.W. Kim,,-110,-110,0.5238095238095238,UP,2026-08-19T23:00:22Z,0.5,,UP,
R2026028,R2026028,2592,Group Props,Groups,GROUP,fanduel,Holes - Round 1,Group Q,SINGLE,1,2592|1|16|42.600840062,0,42.600840062,47591,Eric Cole,47591,47591,Eric Cole,Eric Cole,E. Cole,,+100,100,0.5,CONSTANT,2026-08-19T23:00:22Z,0.47368421052631576,,CONSTANT,
R2026028,R2026028,2592,Group Props,Groups,GROUP,fanduel,Holes - Round 1,Group Q,SINGLE,1,2592|1|16|42.600840062,0,42.600840062,61522,Michael Brennan,61522,61522,Michael Brennan,Michael Brennan,M. Brennan,,-125,-125,0.5555555555555556,CONSTANT,2026-08-19T23:00:22Z,0.5263157894736842,,CONSTANT,
R2026028,R2026028,2592,Group Props,Groups,GROUP,fanduel,Holes - Round 1,Group R,SINGLE,1,2592|1|17|42.600840232,0,42.600840232,59018,Ryan Gerard,59018,59018,Ryan Gerard,Ryan Gerard,R. Gerard,,-110,-110,0.5238095238095238,CONSTANT,2026-08-19T23:00:22Z,0.5,,CONSTANT,
R2026028,R2026028,2592,Group Props,Groups,GROUP,fanduel,Holes - Round 1,Group R,SINGLE,1,2592|1|17|42.600840232,0,42.600840232,37378,Min Woo Lee,37378,37378,Min Woo Lee,Min Woo Lee,M. Lee,,-110,-110,0.5238095238095238,CONSTANT,2026-08-19T23:00:22Z,0.5,,CONSTANT,
R2026028,R2026028,2595,Player Props,Player Props,PLAYER_PROPS,fanduel,1st Round Leader,1st Round Leader,SINGLE,1,2595|0|0|42.600459877,0,42.600459877,34021,Bud Cauley,34021,34021,Bud Cauley,Bud Cauley,B. Cauley,,+4500,4500,0.021739130434782608,CONSTANT,2026-08-19T23:00:22Z,0.015524983161356533,,CONSTANT,
R2026028,R2026028,2595,Player Props,Player Props,PLAYER_PROPS,fanduel,1st Round Leader,1st Round Leader,SINGLE,1,2595|0|0|42.600459877,0,42.600459877,51766,Wyndham Clark,51766,51766,Wyndham Clark,Wyndham Clark,W. Clark,,+3000,3000,0.03225806451612903,CONSTANT,2026-08-19T23:00:22Z,0.02303707178781937,,CONSTANT,
R2026028,R2026028,2595,Player Props,Player Props,PLAYER_PROPS,fanduel,1st Round Leader,1st Round Leader,SINGLE,1,2595|0|0|42.600459877,0,42.600459877,49771,J.T. Poston,49771,49771,J.T. Poston,J.T. Poston,J.T. Poston,,+6000,6000,0.01639344262295082,DOWN,2026-08-19T23:00:22Z,0.011707364351186895,,DOWN,
R2026028,R2026028,2595,Player Props,Player Props,PLAYER_PROPS,fanduel,1st Round Leader,1st Round Leader,SINGLE,1,2595|0|0|42.600459877,0,42.600459877,27349,Alex Noren,27349,27349,Alex Noren,Alex Noren,A. Noren,,+4500,4500,0.021739130434782608,DOWN,2026-08-19T23:00:22Z,0.015524983161356533,,DOWN,
R2026028,R2026028,2595,Player Props,Player Props,PLAYER_PROPS,fanduel,1st Round Leader,1st Round Leader,SINGLE,1,2595|0|0|42.600459877,0,42.600459877,24502,Adam Scott,24502,24502,Adam Scott,Adam Scott,A. Scott,,+4000,4000,0.024390243902439025,DOWN,2026-08-19T23:00:22Z,0.017418273790790258,,DOWN,
R2026028,R2026028,2595,Player Props,Player Props,PLAYER_PROPS,fanduel,1st Round Leader,1st Round Leader,SINGLE,1,2595|0|0|42.600459877,0,42.600459877,29936,Ryan Fox,29936,29936,Ryan Fox,Ryan Fox,R. Fox,,+5000,5000,0.0196078431372549,UP,2026-08-19T23:00:22Z,0.01400292598867452,,UP,
R2026028,R2026028,2595,Player Props,Player Props,PLAYER_PROPS,fanduel,1st Round Leader,1st Round Leader,SINGLE,1,2595|0|0|42.600459877,0,42.600459877,48117,Kurt Kitayama,48117,48117,Kurt Kitayama,Kurt Kitayama,K. Kitayama,,+3500,3500,0.027777777777777776,CONSTANT,2026-08-19T23:00:22Z,0.01983747848395557,,CONSTANT,
R2026028,R2026028,2595,Player Props,Player Props,PLAYER_PROPS,fanduel,1st Round Leader,1st Round Leader,SINGLE,1,2595|0|0|42.600459877,0,42.600459877,49960,Sepp Straka,49960,49960,Sepp Straka,Sepp Straka,S. Straka,,+7000,7000,0.014084507042253521,UP,2026-08-19T23:00:22Z,0.010058439794681698,,UP,
R2026028,R2026028,2595,Player Props,Player Props,PLAYER_PROPS,fanduel,1st Round Leader,1st Round Leader,SINGLE,1,2595|0|0|42.600459877,0,42.600459877,46414,Aaron Rai,46414,46414,Aaron Rai,Aaron Rai,A. Rai,,+6000,6000,0.01639344262295082,DOWN,2026-08-19T23:00:22Z,0.011707364351186895,,DOWN,
R2026028,R2026028,2595,Player Props,Player Props,PLAYER_PROPS,fanduel,1st Round Leader,1st Round Leader,SINGLE,1,2595|0|0|42.600459877,0,42.600459877,46442,Maverick McNealy,46442,46442,Maverick McNealy,Maverick McNealy,M. McNealy,,+3500,3500,0.027777777777777776,CONSTANT,2026-08-19T23:00:22Z,0.01983747848395557,,CONSTANT,
R2026028,R2026028,2595,Player Props,Player Props,PLAYER_PROPS,fanduel,1st Round Leader,1st Round Leader,SINGLE,1,2595|0|0|42.600459877,0,42.600459877,33448,Justin Thomas,33448,33448,Justin Thomas,Justin Thomas,J. Thomas,,+3300,3300,0.029411764705882353,CONSTANT,2026-08-19T23:00:22Z,0.02100438898301178,,CONSTANT,
R2026028,R2026028,2595,Player Props,Player Props,PLAYER_PROPS,fanduel,1st Round Leader,1st Round Leader,SINGLE,1,2595|0|0|42.600459877,0,42.600459877,32839,Hideki Matsuyama,32839,32839,Hideki Matsuyama,Hideki Matsuyama,H. Matsuyama,,+2500,2500,0.038461538461538464,UP,2026-08-19T23:00:22Z,0.02746727790086156,,UP,
R2026028,R2026028,2595,Player Props,Player Props,PLAYER_PROPS,fanduel,1st Round Leader,1st Round Leader,SINGLE,1,2595|0|0|42.600459877,0,42.600459877,31323,Gary Woodland,31323,31323,Gary Woodland,Gary Woodland,G. Woodland,,+4500,4500,0.021739130434782608,CONSTANT,2026-08-19T23:00:22Z,0.015524983161356533,,CONSTANT,
R2026028,R2026028,2595,Player Props,Player Props,PLAYER_PROPS,fanduel,1st Round Leader,1st Round Leader,SINGLE,1,2595|0|0|42.600459877,0,42.600459877,30911,Tommy Fleetwood,30911,30911,Tommy Fleetwood,Tommy Fleetwood,T. Fleetwood,,+2200,2200,0.043478260869565216,DOWN,2026-08-19T23:00:22Z,0.031049966322713066,,DOWN,
R2026028,R2026028,2595,Player Props,Player Props,PLAYER_PROPS,fanduel,1st Round Leader,1st Round Leader,SINGLE,1,2595|0|0|42.600459877,0,42.600459877,34098,Russell Henley,34098,34098,Russell Henley,Russell Henley,R. Henley,,+3500,3500,0.027777777777777776,DOWN,2026-08-19T23:00:22Z,0.01983747848395557,,DOWN,
R2026028,R2026028,2595,Player Props,Player Props,PLAYER_PROPS,fanduel,1st Round Leader,1st Round Leader,SINGLE,1,2595|0|0|42.600459877,0,42.600459877,22405,Justin Rose,22405,22405,Justin Rose,Justin Rose,J. Rose,,+3500,3500,0.027777777777777776,UP,2026-08-19T23:00:22Z,0.01983747848395557,,UP,
R2026028,R2026028,2595,Player Props,Player Props,PLAYER_PROPS,fanduel,1st Round Leader,1st Round Leader,SINGLE,1,2595|0|0|42.600459877,0,42.600459877,47504,Sam Burns,47504,47504,Sam Burns,Sam Burns,S. Burns,,+2000,2000,0.047619047619047616,CONSTANT,2026-08-19T23:00:22Z,0.03400710597249526,,CONSTANT,
R2026028,R2026028,2595,Player Props,Player Props,PLAYER_PROPS,fanduel,1st Round Leader,1st Round Leader,SINGLE,1,2595|0|0|42.600459877,0,42.600459877,35450,Patrick Cantlay,35450,35450,Patrick Cantlay,Patrick Cantlay,P. Cantlay,,+3000,3000,0.03225806451612903,CONSTANT,2026-08-19T23:00:22Z,0.02303707178781937,,CONSTANT,
R2026028,R2026028,2595,Player Props,Player Props,PLAYER_PROPS,fanduel,1st Round Leader,1st Round Leader,SINGLE,1,2595|0|0|42.600459877,0,42.600459877,52215,Robert MacIntyre,52215,52215,Robert MacIntyre,Robert MacIntyre,R. MacIntyre,,+4500,4500,0.021739130434782608,DOWN,2026-08-19T23:00:22Z,0.015524983161356533,,DOWN,
R2026028,R2026028,2595,Player Props,Player Props,PLAYER_PROPS,fanduel,1st Round Leader,1st Round Leader,SINGLE,1,2595|0|0|42.600459877,0,42.600459877,50525,Collin Morikawa,50525,50525,Collin Morikawa,Collin Morikawa,C. Morikawa,,+3300,3300,0.029411764705882353,CONSTANT,2026-08-19T23:00:22Z,0.02100438898301178,,CONSTANT,
R2026028,R2026028,2595,Player Props,Player Props,PLAYER_PROPS,fanduel,1st Round Leader,1st Round Leader,SINGLE,1,2595|0|0|42.600459877,0,42.600459877,46046,Scottie Scheffler,46046,46046,Scottie Scheffler,Scottie Scheffler,S. Scheffler,,+1000,1000,0.09090909090909091,DOWN,2026-08-19T23:00:22Z,0.06492265685658187,,DOWN,
R2026028,R2026028,2595,Player Props,Player Props,PLAYER_PROPS,fanduel,1st Round Leader,1st Round Leader,SINGLE,1,2595|0|0|42.600459877,0,42.600459877,39971,Sungjae Im,39971,39971,Sungjae Im,Sungjae Im,S. Im,,+4000,4000,0.024390243902439025,CONSTANT,2026-08-19T23:00:22Z,0.017418273790790258,,CONSTANT,
R2026028,R2026028,2595,Player Props,Player Props,PLAYER_PROPS,fanduel,1st Round Leader,1st Round Leader,SINGLE,1,2595|0|0|42.600459877,0,42.600459877,51287,Ryo Hisatsune,51287,51287,Ryo Hisatsune,Ryo Hisatsune,R. Hisatsune,,+6000,6000,0.01639344262295082,CONSTANT,2026-08-19T23:00:22Z,0.011707364351186895,,CONSTANT,
R2026028,R2026028,2595,Player Props,Player Props,PLAYER_PROPS,fanduel,1st Round Leader,1st Round Leader,SINGLE,1,2595|0|0|42.600459877,0,42.600459877,49855,Kristoffer Reitan,49855,49855,Kristoffer Reitan,Kristoffer Reitan,K. Reitan,,+5000,5000,0.0196078431372549,DOWN,2026-08-19T23:00:22Z,0.01400292598867452,,DOWN,
R2026028,R2026028,2595,Player Props,Player Props,PLAYER_PROPS,fanduel,1st Round Leader,1st Round Leader,SINGLE,1,2595|0|0|42.600459877,0,42.600459877,40098,Matt Fitzpatrick,40098,40098,Matt Fitzpatrick,Matt Fitzpatrick,M. Fitzpatrick,,+2700,2700,0.03571428571428571,DOWN,2026-08-19T23:00:22Z,0.025505329479371446,,DOWN,
R2026028,R2026028,2595,Player Props,Player Props,PLAYER_PROPS,fanduel,1st Round Leader,1st Round Leader,SINGLE,1,2595|0|0|42.600459877,0,42.600459877,46717,Viktor Hovland,46717,46717,Viktor Hovland,Viktor Hovland,V. Hovland,,+3000,3000,0.03225806451612903,CONSTANT,2026-08-19T23:00:22Z,0.02303707178781937,,CONSTANT,
R2026028,R2026028,2595,Player Props,Player Props,PLAYER_PROPS,fanduel,1st Round Leader,1st Round Leader,SINGLE,1,2595|0|0|42.600459877,0,42.600459877,55721,Alex Fitzpatrick,55721,55721,Alex Fitzpatrick,Alex Fitzpatrick,A. Fitzpatrick,,+4500,4500,0.021739130434782608,UP,2026-08-19T23:00:22Z,0.015524983161356533,,UP,
R2026028,R2026028,2595,Player Props,Player Props,PLAYER_PROPS,fanduel,1st Round Leader,1st Round Leader,SINGLE,1,2595|0|0|42.600459877,0,42.600459877,57364,Michael Thorbjornsen,57364,57364,Michael Thorbjornsen,Michael Thorbjornsen,M. Thorbjornsen,,+3500,3500,0.027777777777777776,UP,2026-08-19T23:00:22Z,0.01983747848395557,,UP,
R2026028,R2026028,2595,Player Props,Player Props,PLAYER_PROPS,fanduel,1st Round Leader,1st Round Leader,SINGLE,1,2595|0|0|42.600459877,0,42.600459877,32102,Rickie Fowler,32102,32102,Rickie Fowler,Rickie Fowler,R. Fowler,,+4500,4500,0.021739130434782608,DOWN,2026-08-19T23:00:22Z,0.015524983161356533,,DOWN,
R2026028,R2026028,2595,Player Props,Player Props,PLAYER_PROPS,fanduel,1st Round Leader,1st Round Leader,SINGLE,1,2595|0|0|42.600459877,0,42.600459877,48081,Xander Schauffele,48081,48081,Xander Schauffele,Xander Schauffele,X. Schauffele,,+2000,2000,0.047619047619047616,CONSTANT,2026-08-19T23:00:22Z,0.03400710597249526,,CONSTANT,
R2026028,R2026028,2595,Player Props,Player Props,PLAYER_PROPS,fanduel,1st Round Leader,1st Round Leader,SINGLE,1,2595|0|0|42.600459877,0,42.600459877,54591,Ben Griffin,54591,54591,Ben Griffin,Ben Griffin,B. Griffin,,+4000,4000,0.024390243902439025,DOWN,2026-08-19T23:00:22Z,0.017418273790790258,,DOWN,
R2026028,R2026028,2595,Player Props,Player Props,PLAYER_PROPS,fanduel,1st Round Leader,1st Round Leader,SINGLE,1,2595|0|0|42.600459877,0,42.600459877,56630,Akshay Bhatia,56630,56630,Akshay Bhatia,Akshay Bhatia,A. Bhatia,,+5500,5500,0.017857142857142856,CONSTANT,2026-08-19T23:00:22Z,0.012752664739685723,,CONSTANT,
R2026028,R2026028,2595,Player Props,Player Props,PLAYER_PROPS,fanduel,1st Round Leader,1st Round Leader,SINGLE,1,2595|0|0|42.600459877,0,42.600459877,47420,Jake Knapp,47420,47420,Jake Knapp,Jake Knapp,J. Knapp,,+3300,3300,0.029411764705882353,CONSTANT,2026-08-19T23:00:22Z,0.02100438898301178,,CONSTANT,
R2026028,R2026028,2595,Player Props,Player Props,PLAYER_PROPS,fanduel,1st Round Leader,1st Round Leader,SINGLE,1,2595|0|0|42.600459877,0,42.600459877,57366,Cameron Young,57366,57366,Cameron Young,Cameron Young,Cam. Young,,+2000,2000,0.047619047619047616,UP,2026-08-19T23:00:22Z,0.03400710597249526,,UP,
R2026028,R2026028,2595,Player Props,Player Props,PLAYER_PROPS,fanduel,1st Round Leader,1st Round Leader,SINGLE,1,2595|0|0|42.600459877,0,42.600459877,47591,Eric Cole,47591,47591,Eric Cole,Eric Cole,E. Cole,,+5500,5500,0.017857142857142856,UP,2026-08-19T23:00:22Z,0.012752664739685723,,UP,
R2026028,R2026028,2595,Player Props,Player Props,PLAYER_PROPS,fanduel,1st Round Leader,1st Round Leader,SINGLE,1,2595|0|0|42.600459877,0,42.600459877,46340,Alex Smalley,46340,46340,Alex Smalley,Alex Smalley,A. Smalley,,+4500,4500,0.021739130434782608,CONSTANT,2026-08-19T23:00:22Z,0.015524983161356533,,CONSTANT,
R2026028,R2026028,2595,Player Props,Player Props,PLAYER_PROPS,fanduel,1st Round Leader,1st Round Leader,SINGLE,1,2595|0|0|42.600459877,0,42.600459877,51634,Sahith Theegala,51634,51634,Sahith Theegala,Sahith Theegala,S. Theegala,,+7500,7500,0.013157894736842105,DOWN,2026-08-19T23:00:22Z,0.00939670033450527,,DOWN,
R2026028,R2026028,2595,Player Props,Player Props,PLAYER_PROPS,fanduel,1st Round Leader,1st Round Leader,SINGLE,1,2595|0|0|42.600459877,0,42.600459877,61522,Michael Brennan,61522,61522,Michael Brennan,Michael Brennan,M. Brennan,,+3500,3500,0.027777777777777776,UP,2026-08-19T23:00:22Z,0.01983747848395557,,UP,
R2026028,R2026028,2595,Player Props,Player Props,PLAYER_PROPS,fanduel,1st Round Leader,1st Round Leader,SINGLE,1,2595|0|0|42.600459877,0,42.600459877,59095,Chris Gotterup,59095,59095,Chris Gotterup,Chris Gotterup,C. Gotterup,,+2700,2700,0.03571428571428571,CONSTANT,2026-08-19T23:00:22Z,0.025505329479371446,,CONSTANT,
R2026028,R2026028,2595,Player Props,Player Props,PLAYER_PROPS,fanduel,1st Round Leader,1st Round Leader,SINGLE,1,2595|0|0|42.600459877,0,42.600459877,55182,Tom Kim,55182,55182,Tom Kim,Tom Kim,T. Kim,,+3500,3500,0.027777777777777776,DOWN,2026-08-19T23:00:22Z,0.01983747848395557,,DOWN,
R2026028,R2026028,2595,Player Props,Player Props,PLAYER_PROPS,fanduel,1st Round Leader,1st Round Leader,SINGLE,1,2595|0|0|42.600459877,0,42.600459877,60004,Jacob Bridgeman,60004,60004,Jacob Bridgeman,Jacob Bridgeman,J. Bridgeman,,+4500,4500,0.021739130434782608,DOWN,2026-08-19T23:00:22Z,0.015524983161356533,,DOWN,
R2026028,R2026028,2595,Player Props,Player Props,PLAYER_PROPS,fanduel,1st Round Leader,1st Round Leader,SINGLE,1,2595|0|0|42.600459877,0,42.600459877,28237,Rory McIlroy,28237,28237,Rory McIlroy,Rory McIlroy,R. McIlroy,,+1900,1900,0.05,CONSTANT,2026-08-19T23:00:22Z,0.035707461271120025,,CONSTANT,
R2026028,R2026028,2595,Player Props,Player Props,PLAYER_PROPS,fanduel,1st Round Leader,1st Round Leader,SINGLE,1,2595|0|0|42.600459877,0,42.600459877,59018,Ryan Gerard,59018,59018,Ryan Gerard,Ryan Gerard,R. Gerard,,+4000,4000,0.024390243902439025,DOWN,2026-08-19T23:00:22Z,0.017418273790790258,,DOWN,
R2026028,R2026028,2595,Player Props,Player Props,PLAYER_PROPS,fanduel,1st Round Leader,1st Round Leader,SINGLE,1,2595|0|0|42.600459877,0,42.600459877,51349,Nico Echavarria,51349,51349,Nico Echavarria,Nico Echavarria,N. Echavarria,,+5500,5500,0.017857142857142856,UP,2026-08-19T23:00:22Z,0.012752664739685723,,UP,
R2026028,R2026028,2595,Player Props,Player Props,PLAYER_PROPS,fanduel,1st Round Leader,1st Round Leader,SINGLE,1,2595|0|0|42.600459877,0,42.600459877,37455,Si Woo Kim,37455,37455,Si Woo Kim,Si Woo Kim,S.W. Kim,,+2200,2200,0.043478260869565216,UP,2026-08-19T23:00:22Z,0.031049966322713066,,UP,
R2026028,R2026028,2595,Player Props,Player Props,PLAYER_PROPS,fanduel,1st Round Leader,1st Round Leader,SINGLE,1,2595|0|0|42.600459877,0,42.600459877,37378,Min Woo Lee,37378,37378,Min Woo Lee,Min Woo Lee,M. Lee,,+3500,3500,0.027777777777777776,CONSTANT,2026-08-19T23:00:22Z,0.01983747848395557,,CONSTANT,
R2026028,R2026028,2595,Player Props,Player Props,PLAYER_PROPS,fanduel,1st Round Leader,1st Round Leader,SINGLE,1,2595|0|0|42.600459877,0,42.600459877,52453,Nicolai Højgaard,52453,52453,Nicolai Højgaard,Nicolai Højgaard,N. Højgaard,,+4500,4500,0.021739130434782608,CONSTANT,2026-08-19T23:00:22Z,0.015524983161356533,,CONSTANT,
R2026028,R2026028,2595,Player Props,Player Props,PLAYER_PROPS,fanduel,1st Round Leader,1st Round Leader,SINGLE,1,2595|0|0|42.600459877,0,42.600459877,52955,Ludvig Åberg,52955,52955,Ludvig Åberg,Ludvig Åberg,L. Åberg,,+1900,1900,0.05,UP,2026-08-19T23:00:22Z,0.035707461271120025,,UP,
R2026028,R2026028,2595,Player Props,Player Props,PLAYER_PROPS,fanduel,Winner w/o Scheffler,Winner w/o Scheffler,SINGLE,1,2595|1|0|42.600511947,0,42.600511947,34021,Bud Cauley,34021,34021,Bud Cauley,Bud Cauley,B. Cauley,,+7000,7000,0.014084507042253521,CONSTANT,2026-08-19T23:00:22Z,0.010177715238260703,,CONSTANT,
R2026028,R2026028,2595,Player Props,Player Props,PLAYER_PROPS,fanduel,Winner w/o Scheffler,Winner w/o Scheffler,SINGLE,1,2595|1|0|42.600511947,0,42.600511947,51766,Wyndham Clark,51766,51766,Wyndham Clark,Wyndham Clark,W. Clark,,+2500,2500,0.038461538461538464,CONSTANT,2026-08-19T23:00:22Z,0.02779299161217346,,CONSTANT,
R2026028,R2026028,2595,Player Props,Player Props,PLAYER_PROPS,fanduel,Winner w/o Scheffler,Winner w/o Scheffler,SINGLE,1,2595|1|0|42.600511947,0,42.600511947,49771,J.T. Poston,49771,49771,J.T. Poston,J.T. Poston,J.T. Poston,,+10000,10000,0.009900990099009901,CONSTANT,2026-08-19T23:00:22Z,0.0071546315041238605,,CONSTANT,
R2026028,R2026028,2595,Player Props,Player Props,PLAYER_PROPS,fanduel,Winner w/o Scheffler,Winner w/o Scheffler,SINGLE,1,2595|1|0|42.600511947,0,42.600511947,27349,Alex Noren,27349,27349,Alex Noren,Alex Noren,A. Noren,,+6000,6000,0.01639344262295082,DOWN,2026-08-19T23:00:22Z,0.011846193146172294,,DOWN,
R2026028,R2026028,2595,Player Props,Player Props,PLAYER_PROPS,fanduel,Winner w/o Scheffler,Winner w/o Scheffler,SINGLE,1,2595|1|0|42.600511947,0,42.600511947,24502,Adam Scott,24502,24502,Adam Scott,Adam Scott,A. Scott,,+4500,4500,0.021739130434782608,DOWN,2026-08-19T23:00:22Z,0.015709082215576303,,DOWN,
R2026028,R2026028,2595,Player Props,Player Props,PLAYER_PROPS,fanduel,Winner w/o Scheffler,Winner w/o Scheffler,SINGLE,1,2595|1|0|42.600511947,0,42.600511947,29936,Ryan Fox,29936,29936,Ryan Fox,Ryan Fox,R. Fox,,+8000,8000,0.012345679012345678,UP,2026-08-19T23:00:22Z,0.008921207184154444,,UP,
R2026028,R2026028,2595,Player Props,Player Props,PLAYER_PROPS,fanduel,Winner w/o Scheffler,Winner w/o Scheffler,SINGLE,1,2595|1|0|42.600511947,0,42.600511947,48117,Kurt Kitayama,48117,48117,Kurt Kitayama,Kurt Kitayama,K. Kitayama,,+3500,3500,0.027777777777777776,CONSTANT,2026-08-19T23:00:22Z,0.0200727161643475,,CONSTANT,
R2026028,R2026028,2595,Player Props,Player Props,PLAYER_PROPS,fanduel,Winner w/o Scheffler,Winner w/o Scheffler,SINGLE,1,2595|1|0|42.600511947,0,42.600511947,49960,Sepp Straka,49960,49960,Sepp Straka,Sepp Straka,S. Straka,,+15000,15000,0.006622516556291391,CONSTANT,2026-08-19T23:00:22Z,0.0047855482246126485,,CONSTANT,
R2026028,R2026028,2595,Player Props,Player Props,PLAYER_PROPS,fanduel,Winner w/o Scheffler,Winner w/o Scheffler,SINGLE,1,2595|1|0|42.600511947,0,42.600511947,46414,Aaron Rai,46414,46414,Aaron Rai,Aaron Rai,A. Rai,,+10000,10000,0.009900990099009901,DOWN,2026-08-19T23:00:22Z,0.0071546315041238605,,DOWN,
R2026028,R2026028,2595,Player Props,Player Props,PLAYER_PROPS,fanduel,Winner w/o Scheffler,Winner w/o Scheffler,SINGLE,1,2595|1|0|42.600511947,0,42.600511947,46442,Maverick McNealy,46442,46442,Maverick McNealy,Maverick McNealy,M. McNealy,,+3500,3500,0.027777777777777776,DOWN,2026-08-19T23:00:22Z,0.0200727161643475,,DOWN,
R2026028,R2026028,2595,Player Props,Player Props,PLAYER_PROPS,fanduel,Winner w/o Scheffler,Winner w/o Scheffler,SINGLE,1,2595|1|0|42.600511947,0,42.600511947,33448,Justin Thomas,33448,33448,Justin Thomas,Justin Thomas,J. Thomas,,+2700,2700,0.03571428571428571,UP,2026-08-19T23:00:22Z,0.02580777792558964,,UP,
R2026028,R2026028,2595,Player Props,Player Props,PLAYER_PROPS,fanduel,Winner w/o Scheffler,Winner w/o Scheffler,SINGLE,1,2595|1|0|42.600511947,0,42.600511947,32839,Hideki Matsuyama,32839,32839,Hideki Matsuyama,Hideki Matsuyama,H. Matsuyama,,+2000,2000,0.047619047619047616,DOWN,2026-08-19T23:00:22Z,0.03441037056745285,,DOWN,
R2026028,R2026028,2595,Player Props,Player Props,PLAYER_PROPS,fanduel,Winner w/o Scheffler,Winner w/o Scheffler,SINGLE,1,2595|1|0|42.600511947,0,42.600511947,31323,Gary Woodland,31323,31323,Gary Woodland,Gary Woodland,G. Woodland,,+7500,7500,0.013157894736842105,DOWN,2026-08-19T23:00:22Z,0.009508128709427762,,DOWN,
R2026028,R2026028,2595,Player Props,Player Props,PLAYER_PROPS,fanduel,Winner w/o Scheffler,Winner w/o Scheffler,SINGLE,1,2595|1|0|42.600511947,0,42.600511947,30911,Tommy Fleetwood,30911,30911,Tommy Fleetwood,Tommy Fleetwood,T. Fleetwood,,+1600,1600,0.058823529411764705,DOWN,2026-08-19T23:00:22Z,0.04250692834802999,,DOWN,
R2026028,R2026028,2595,Player Props,Player Props,PLAYER_PROPS,fanduel,Winner w/o Scheffler,Winner w/o Scheffler,SINGLE,1,2595|1|0|42.600511947,0,42.600511947,34098,Russell Henley,34098,34098,Russell Henley,Russell Henley,R. Henley,,+3300,3300,0.029411764705882353,UP,2026-08-19T23:00:22Z,0.021253464174014997,,UP,
R2026028,R2026028,2595,Player Props,Player Props,PLAYER_PROPS,fanduel,Winner w/o Scheffler,Winner w/o Scheffler,SINGLE,1,2595|1|0|42.600511947,0,42.600511947,22405,Justin Rose,22405,22405,Justin Rose,Justin Rose,J. Rose,,+5000,5000,0.0196078431372549,CONSTANT,2026-08-19T23:00:22Z,0.014168976116009998,,CONSTANT,
R2026028,R2026028,2595,Player Props,Player Props,PLAYER_PROPS,fanduel,Winner w/o Scheffler,Winner w/o Scheffler,SINGLE,1,2595|1|0|42.600511947,0,42.600511947,47504,Sam Burns,47504,47504,Sam Burns,Sam Burns,S. Burns,,+1400,1400,0.06666666666666667,CONSTANT,2026-08-19T23:00:22Z,0.048174518794434,,CONSTANT,
R2026028,R2026028,2595,Player Props,Player Props,PLAYER_PROPS,fanduel,Winner w/o Scheffler,Winner w/o Scheffler,SINGLE,1,2595|1|0|42.600511947,0,42.600511947,35450,Patrick Cantlay,35450,35450,Patrick Cantlay,Patrick Cantlay,P. Cantlay,,+2500,2500,0.038461538461538464,DOWN,2026-08-19T23:00:22Z,0.02779299161217346,,DOWN,
R2026028,R2026028,2595,Player Props,Player Props,PLAYER_PROPS,fanduel,Winner w/o Scheffler,Winner w/o Scheffler,SINGLE,1,2595|1|0|42.600511947,0,42.600511947,52215,Robert MacIntyre,52215,52215,Robert MacIntyre,Robert MacIntyre,R. MacIntyre,,+5500,5500,0.017857142857142856,DOWN,2026-08-19T23:00:22Z,0.01290388896279482,,DOWN,
R2026028,R2026028,2595,Player Props,Player Props,PLAYER_PROPS,fanduel,Winner w/o Scheffler,Winner w/o Scheffler,SINGLE,1,2595|1|0|42.600511947,0,42.600511947,50525,Collin Morikawa,50525,50525,Collin Morikawa,Collin Morikawa,C. Morikawa,,+2700,2700,0.03571428571428571,CONSTANT,2026-08-19T23:00:22Z,0.02580777792558964,,CONSTANT,
R2026028,R2026028,2595,Player Props,Player Props,PLAYER_PROPS,fanduel,Winner w/o Scheffler,Winner w/o Scheffler,SINGLE,1,2595|1|0|42.600511947,0,42.600511947,39971,Sungjae Im,39971,39971,Sungjae Im,Sungjae Im,S. Im,,+5500,5500,0.017857142857142856,DOWN,2026-08-19T23:00:22Z,0.01290388896279482,,DOWN,
R2026028,R2026028,2595,Player Props,Player Props,PLAYER_PROPS,fanduel,Winner w/o Scheffler,Winner w/o Scheffler,SINGLE,1,2595|1|0|42.600511947,0,42.600511947,51287,Ryo Hisatsune,51287,51287,Ryo Hisatsune,Ryo Hisatsune,R. Hisatsune,,+10000,10000,0.009900990099009901,CONSTANT,2026-08-19T23:00:22Z,0.0071546315041238605,,CONSTANT,
R2026028,R2026028,2595,Player Props,Player Props,PLAYER_PROPS,fanduel,Winner w/o Scheffler,Winner w/o Scheffler,SINGLE,1,2595|1|0|42.600511947,0,42.600511947,49855,Kristoffer Reitan,49855,49855,Kristoffer Reitan,Kristoffer Reitan,K. Reitan,,+7000,7000,0.014084507042253521,DOWN,2026-08-19T23:00:22Z,0.010177715238260703,,DOWN,
R2026028,R2026028,2595,Player Props,Player Props,PLAYER_PROPS,fanduel,Winner w/o Scheffler,Winner w/o Scheffler,SINGLE,1,2595|1|0|42.600511947,0,42.600511947,40098,Matt Fitzpatrick,40098,40098,Matt Fitzpatrick,Matt Fitzpatrick,M. Fitzpatrick,,+1900,1900,0.05,DOWN,2026-08-19T23:00:22Z,0.0361308890958255,,DOWN,
R2026028,R2026028,2595,Player Props,Player Props,PLAYER_PROPS,fanduel,Winner w/o Scheffler,Winner w/o Scheffler,SINGLE,1,2595|1|0|42.600511947,0,42.600511947,46717,Viktor Hovland,46717,46717,Viktor Hovland,Viktor Hovland,V. Hovland,,+2500,2500,0.038461538461538464,DOWN,2026-08-19T23:00:22Z,0.02779299161217346,,DOWN,
R2026028,R2026028,2595,Player Props,Player Props,PLAYER_PROPS,fanduel,Winner w/o Scheffler,Winner w/o Scheffler,SINGLE,1,2595|1|0|42.600511947,0,42.600511947,55721,Alex Fitzpatrick,55721,55721,Alex Fitzpatrick,Alex Fitzpatrick,A. Fitzpatrick,,+7000,7000,0.014084507042253521,UP,2026-08-19T23:00:22Z,0.010177715238260703,,UP,
R2026028,R2026028,2595,Player Props,Player Props,PLAYER_PROPS,fanduel,Winner w/o Scheffler,Winner w/o Scheffler,SINGLE,1,2595|1|0|42.600511947,0,42.600511947,57364,Michael Thorbjornsen,57364,57364,Michael Thorbjornsen,Michael Thorbjornsen,M. Thorbjornsen,,+3300,3300,0.029411764705882353,UP,2026-08-19T23:00:22Z,0.021253464174014997,,UP,
R2026028,R2026028,2595,Player Props,Player Props,PLAYER_PROPS,fanduel,Winner w/o Scheffler,Winner w/o Scheffler,SINGLE,1,2595|1|0|42.600511947,0,42.600511947,32102,Rickie Fowler,32102,32102,Rickie Fowler,Rickie Fowler,R. Fowler,,+5500,5500,0.017857142857142856,DOWN,2026-08-19T23:00:22Z,0.01290388896279482,,DOWN,
R2026028,R2026028,2595,Player Props,Player Props,PLAYER_PROPS,fanduel,Winner w/o Scheffler,Winner w/o Scheffler,SINGLE,1,2595|1|0|42.600511947,0,42.600511947,48081,Xander Schauffele,48081,48081,Xander Schauffele,Xander Schauffele,X. Schauffele,,+1300,1300,0.07142857142857142,UP,2026-08-19T23:00:22Z,0.05161555585117928,,UP,
R2026028,R2026028,2595,Player Props,Player Props,PLAYER_PROPS,fanduel,Winner w/o Scheffler,Winner w/o Scheffler,SINGLE,1,2595|1|0|42.600511947,0,42.600511947,54591,Ben Griffin,54591,54591,Ben Griffin,Ben Griffin,B. Griffin,,+5000,5000,0.0196078431372549,DOWN,2026-08-19T23:00:22Z,0.014168976116009998,,DOWN,
R2026028,R2026028,2595,Player Props,Player Props,PLAYER_PROPS,fanduel,Winner w/o Scheffler,Winner w/o Scheffler,SINGLE,1,2595|1|0|42.600511947,0,42.600511947,56630,Akshay Bhatia,56630,56630,Akshay Bhatia,Akshay Bhatia,A. Bhatia,,+10000,10000,0.009900990099009901,DOWN,2026-08-19T23:00:22Z,0.0071546315041238605,,DOWN,
R2026028,R2026028,2595,Player Props,Player Props,PLAYER_PROPS,fanduel,Winner w/o Scheffler,Winner w/o Scheffler,SINGLE,1,2595|1|0|42.600511947,0,42.600511947,47420,Jake Knapp,47420,47420,Jake Knapp,Jake Knapp,J. Knapp,,+3000,3000,0.03225806451612903,CONSTANT,2026-08-19T23:00:22Z,0.023310251029564837,,CONSTANT,
R2026028,R2026028,2595,Player Props,Player Props,PLAYER_PROPS,fanduel,Winner w/o Scheffler,Winner w/o Scheffler,SINGLE,1,2595|1|0|42.600511947,0,42.600511947,57366,Cameron Young,57366,57366,Cameron Young,Cameron Young,Cam. Young,,+1600,1600,0.058823529411764705,UP,2026-08-19T23:00:22Z,0.04250692834802999,,UP,
R2026028,R2026028,2595,Player Props,Player Props,PLAYER_PROPS,fanduel,Winner w/o Scheffler,Winner w/o Scheffler,SINGLE,1,2595|1|0|42.600511947,0,42.600511947,47591,Eric Cole,47591,47591,Eric Cole,Eric Cole,E. Cole,,+10000,10000,0.009900990099009901,CONSTANT,2026-08-19T23:00:22Z,0.0071546315041238605,,CONSTANT,
R2026028,R2026028,2595,Player Props,Player Props,PLAYER_PROPS,fanduel,Winner w/o Scheffler,Winner w/o Scheffler,SINGLE,1,2595|1|0|42.600511947,0,42.600511947,46340,Alex Smalley,46340,46340,Alex Smalley,Alex Smalley,A. Smalley,,+6000,6000,0.01639344262295082,CONSTANT,2026-08-19T23:00:22Z,0.011846193146172294,,CONSTANT,
R2026028,R2026028,2595,Player Props,Player Props,PLAYER_PROPS,fanduel,Winner w/o Scheffler,Winner w/o Scheffler,SINGLE,1,2595|1|0|42.600511947,0,42.600511947,51634,Sahith Theegala,51634,51634,Sahith Theegala,Sahith Theegala,S. Theegala,,+12500,12500,0.007936507936507936,CONSTANT,2026-08-19T23:00:22Z,0.005735061761242142,,CONSTANT,
R2026028,R2026028,2595,Player Props,Player Props,PLAYER_PROPS,fanduel,Winner w/o Scheffler,Winner w/o Scheffler,SINGLE,1,2595|1|0|42.600511947,0,42.600511947,61522,Michael Brennan,61522,61522,Michael Brennan,Michael Brennan,M. Brennan,,+4000,4000,0.024390243902439025,CONSTANT,2026-08-19T23:00:22Z,0.01762482394918317,,CONSTANT,
R2026028,R2026028,2595,Player Props,Player Props,PLAYER_PROPS,fanduel,Winner w/o Scheffler,Winner w/o Scheffler,SINGLE,1,2595|1|0|42.600511947,0,42.600511947,59095,Chris Gotterup,59095,59095,Chris Gotterup,Chris Gotterup,C. Gotterup,,+2000,2000,0.047619047619047616,CONSTANT,2026-08-19T23:00:22Z,0.03441037056745285,,CONSTANT,
R2026028,R2026028,2595,Player Props,Player Props,PLAYER_PROPS,fanduel,Winner w/o Scheffler,Winner w/o Scheffler,SINGLE,1,2595|1|0|42.600511947,0,42.600511947,55182,Tom Kim,55182,55182,Tom Kim,Tom Kim,T. Kim,,+3500,3500,0.027777777777777776,DOWN,2026-08-19T23:00:22Z,0.0200727161643475,,DOWN,
R2026028,R2026028,2595,Player Props,Player Props,PLAYER_PROPS,fanduel,Winner w/o Scheffler,Winner w/o Scheffler,SINGLE,1,2595|1|0|42.600511947,0,42.600511947,60004,Jacob Bridgeman,60004,60004,Jacob Bridgeman,Jacob Bridgeman,J. Bridgeman,,+6000,6000,0.01639344262295082,DOWN,2026-08-19T23:00:22Z,0.011846193146172294,,DOWN,
R2026028,R2026028,2595,Player Props,Player Props,PLAYER_PROPS,fanduel,Winner w/o Scheffler,Winner w/o Scheffler,SINGLE,1,2595|1|0|42.600511947,0,42.600511947,28237,Rory McIlroy,28237,28237,Rory McIlroy,Rory McIlroy,R. McIlroy,,+1100,1100,0.08333333333333333,UP,2026-08-19T23:00:22Z,0.060218148493042495,,UP,
R2026028,R2026028,2595,Player Props,Player Props,PLAYER_PROPS,fanduel,Winner w/o Scheffler,Winner w/o Scheffler,SINGLE,1,2595|1|0|42.600511947,0,42.600511947,59018,Ryan Gerard,59018,59018,Ryan Gerard,Ryan Gerard,R. Gerard,,+3500,3500,0.027777777777777776,UP,2026-08-19T23:00:22Z,0.0200727161643475,,UP,
R2026028,R2026028,2595,Player Props,Player Props,PLAYER_PROPS,fanduel,Winner w/o Scheffler,Winner w/o Scheffler,SINGLE,1,2595|1|0|42.600511947,0,42.600511947,51349,Nico Echavarria,51349,51349,Nico Echavarria,Nico Echavarria,N. Echavarria,,+10000,10000,0.009900990099009901,UP,2026-08-19T23:00:22Z,0.0071546315041238605,,UP,
R2026028,R2026028,2595,Player Props,Player Props,PLAYER_PROPS,fanduel,Winner w/o Scheffler,Winner w/o Scheffler,SINGLE,1,2595|1|0|42.600511947,0,42.600511947,37455,Si Woo Kim,37455,37455,Si Woo Kim,Si Woo Kim,S.W. Kim,,+1900,1900,0.05,UP,2026-08-19T23:00:22Z,0.0361308890958255,,UP,
R2026028,R2026028,2595,Player Props,Player Props,PLAYER_PROPS,fanduel,Winner w/o Scheffler,Winner w/o Scheffler,SINGLE,1,2595|1|0|42.600511947,0,42.600511947,37378,Min Woo Lee,37378,37378,Min Woo Lee,Min Woo Lee,M. Lee,,+3500,3500,0.027777777777777776,UP,2026-08-19T23:00:22Z,0.0200727161643475,,UP,
R2026028,R2026028,2595,Player Props,Player Props,PLAYER_PROPS,fanduel,Winner w/o Scheffler,Winner w/o Scheffler,SINGLE,1,2595|1|0|42.600511947,0,42.600511947,52453,Nicolai Højgaard,52453,52453,Nicolai Højgaard,Nicolai Højgaard,N. Højgaard,,+5000,5000,0.0196078431372549,UP,2026-08-19T23:00:22Z,0.014168976116009998,,UP,
R2026028,R2026028,2595,Player Props,Player Props,PLAYER_PROPS,fanduel,Winner w/o Scheffler,Winner w/o Scheffler,SINGLE,1,2595|1|0|42.600511947,0,42.600511947,52955,Ludvig Åberg,52955,52955,Ludvig Åberg,Ludvig Åberg,L. Åberg,,+1100,1100,0.08333333333333333,UP,2026-08-19T23:00:22Z,0.060218148493042495,,UP,
R2026028,R2026028,2591,Nationality,Nationality,NATIONALITY,fanduel,Top Asian Player,Top Asian Player,SINGLE,1,2591|0|0|42.600459921,0,42.600459921,32839,Hideki Matsuyama,32839,32839,Hideki Matsuyama,Hideki Matsuyama,H. Matsuyama,,+195,195,0.3389830508474576,UP,2026-08-19T23:00:22Z,0.29553950984984406,,UP,
R2026028,R2026028,2591,Nationality,Nationality,NATIONALITY,fanduel,Top Asian Player,Top Asian Player,SINGLE,1,2591|0|0|42.600459921,0,42.600459921,39971,Sungjae Im,39971,39971,Sungjae Im,Sungjae Im,S. Im,,+470,470,0.17543859649122806,CONSTANT,2026-08-19T23:00:22Z,0.15295465860649823,,CONSTANT,
R2026028,R2026028,2591,Nationality,Nationality,NATIONALITY,fanduel,Top Asian Player,Top Asian Player,SINGLE,1,2591|0|0|42.600459921,0,42.600459921,51287,Ryo Hisatsune,51287,51287,Ryo Hisatsune,Ryo Hisatsune,R. Hisatsune,,+1000,1000,0.09090909090909091,DOWN,2026-08-19T23:00:22Z,0.07925832309609454,,DOWN,
R2026028,R2026028,2591,Nationality,Nationality,NATIONALITY,fanduel,Top Asian Player,Top Asian Player,SINGLE,1,2591|0|0|42.600459921,0,42.600459921,55182,Tom Kim,55182,55182,Tom Kim,Tom Kim,T. Kim,,+380,380,0.20833333333333334,DOWN,2026-08-19T23:00:22Z,0.18163365709521667,,DOWN,
R2026028,R2026028,2591,Nationality,Nationality,NATIONALITY,fanduel,Top Asian Player,Top Asian Player,SINGLE,1,2591|0|0|42.600459921,0,42.600459921,37455,Si Woo Kim,37455,37455,Si Woo Kim,Si Woo Kim,S.W. Kim,,+200,200,0.3333333333333333,UP,2026-08-19T23:00:22Z,0.29061385135234663,,UP,
R2026028,R2026028,2591,Nationality,Nationality,NATIONALITY,fanduel,Top Continental European Player,Top Continental European Player,SINGLE,1,2591|1|0|42.600459923,0,42.600459923,27349,Alex Noren,27349,27349,Alex Noren,Alex Noren,A. Noren,,+650,650,0.13333333333333333,DOWN,2026-08-19T23:00:22Z,0.11639619473978736,,DOWN,
R2026028,R2026028,2591,Nationality,Nationality,NATIONALITY,fanduel,Top Continental European Player,Top Continental European Player,SINGLE,1,2591|1|0|42.600459923,0,42.600459923,49960,Sepp Straka,49960,49960,Sepp Straka,Sepp Straka,S. Straka,,+1400,1400,0.06666666666666667,CONSTANT,2026-08-19T23:00:22Z,0.05819809736989368,,CONSTANT,
R2026028,R2026028,2591,Nationality,Nationality,NATIONALITY,fanduel,Top Continental European Player,Top Continental European Player,SINGLE,1,2591|1|0|42.600459923,0,42.600459923,49855,Kristoffer Reitan,49855,49855,Kristoffer Reitan,Kristoffer Reitan,K. Reitan,,+700,700,0.125,DOWN,2026-08-19T23:00:22Z,0.10912143256855066,,DOWN,
R2026028,R2026028,2591,Nationality,Nationality,NATIONALITY,fanduel,Top Continental European Player,Top Continental European Player,SINGLE,1,2591|1|0|42.600459923,0,42.600459923,46717,Viktor Hovland,46717,46717,Viktor Hovland,Viktor Hovland,V. Hovland,,+300,300,0.25,DOWN,2026-08-19T23:00:22Z,0.2182428651371013,,DOWN,
R2026028,R2026028,2591,Nationality,Nationality,NATIONALITY,fanduel,Top Continental European Player,Top Continental European Player,SINGLE,1,2591|1|0|42.600459923,0,42.600459923,52453,Nicolai Højgaard,52453,52453,Nicolai Højgaard,Nicolai Højgaard,N. Højgaard,,+550,550,0.15384615384615385,CONSTANT,2026-08-19T23:00:22Z,0.13430330162283158,,CONSTANT,
R2026028,R2026028,2591,Nationality,Nationality,NATIONALITY,fanduel,Top Continental European Player,Top Continental European Player,SINGLE,1,2591|1|0|42.600459923,0,42.600459923,52955,Ludvig Åberg,52955,52955,Ludvig Åberg,Ludvig Åberg,L. Åberg,,+140,140,0.4166666666666667,UP,2026-08-19T23:00:22Z,0.3637381085618355,,UP,
R2026028,R2026028,2591,Nationality,Nationality,NATIONALITY,fanduel,Top English Player,Top English Player,SINGLE,1,2591|2|0|42.600459878,0,42.600459878,46414,Aaron Rai,46414,46414,Aaron Rai,Aaron Rai,A. Rai,,+900,900,0.1,DOWN,2026-08-19T23:00:22Z,0.08708891595615104,,DOWN,
R2026028,R2026028,2591,Nationality,Nationality,NATIONALITY,fanduel,Top English Player,Top English Player,SINGLE,1,2591|2|0|42.600459878,0,42.600459878,30911,Tommy Fleetwood,30911,30911,Tommy Fleetwood,Tommy Fleetwood,T. Fleetwood,,+160,160,0.38461538461538464,CONSTANT,2026-08-19T23:00:22Z,0.33495736906211937,,CONSTANT,
R2026028,R2026028,2591,Nationality,Nationality,NATIONALITY,fanduel,Top English Player,Top English Player,SINGLE,1,2591|2|0|42.600459878,0,42.600459878,22405,Justin Rose,22405,22405,Justin Rose,Justin Rose,J. Rose,,+500,500,0.16666666666666666,UP,2026-08-19T23:00:22Z,0.14514819326025172,,UP,
R2026028,R2026028,2591,Nationality,Nationality,NATIONALITY,fanduel,Top English Player,Top English Player,SINGLE,1,2591|2|0|42.600459878,0,42.600459878,40098,Matt Fitzpatrick,40098,40098,Matt Fitzpatrick,Matt Fitzpatrick,M. Fitzpatrick,,+175,175,0.36363636363636365,UP,2026-08-19T23:00:22Z,0.3166869671132765,,UP,
R2026028,R2026028,2591,Nationality,Nationality,NATIONALITY,fanduel,Top English Player,Top English Player,SINGLE,1,2591|2|0|42.600459878,0,42.600459878,55721,Alex Fitzpatrick,55721,55721,Alex Fitzpatrick,Alex Fitzpatrick,A. Fitzpatrick,,+650,650,0.13333333333333333,CONSTANT,2026-08-19T23:00:22Z,0.11611855460820138,,CONSTANT,
R2026028,R2026028,2591,Nationality,Nationality,NATIONALITY,fanduel,Top European Player,Top European Player,SINGLE,1,2591|3|0|42.600459918,0,42.600459918,27349,Alex Noren,27349,27349,Alex Noren,Alex Noren,A. Noren,,+1600,1600,0.058823529411764705,DOWN,2026-08-19T23:00:22Z,0.04571146879128643,,DOWN,
R2026028,R2026028,2591,Nationality,Nationality,NATIONALITY,fanduel,Top European Player,Top European Player,SINGLE,1,2591|3|0|42.600459918,0,42.600459918,49960,Sepp Straka,49960,49960,Sepp Straka,Sepp Straka,S. Straka,,+3000,3000,0.03225806451612903,UP,2026-08-19T23:00:22Z,0.02506757965973772,,UP,
R2026028,R2026028,2591,Nationality,Nationality,NATIONALITY,fanduel,Top European Player,Top European Player,SINGLE,1,2591|3|0|42.600459918,0,42.600459918,46414,Aaron Rai,46414,46414,Aaron Rai,Aaron Rai,A. Rai,,+2500,2500,0.038461538461538464,DOWN,2026-08-19T23:00:22Z,0.02988826805584113,,DOWN,
R2026028,R2026028,2591,Nationality,Nationality,NATIONALITY,fanduel,Top European Player,Top European Player,SINGLE,1,2591|3|0|42.600459918,0,42.600459918,30911,Tommy Fleetwood,30911,30911,Tommy Fleetwood,Tommy Fleetwood,T. Fleetwood,,+500,500,0.16666666666666666,DOWN,2026-08-19T23:00:22Z,0.12951582824197821,,DOWN,
R2026028,R2026028,2591,Nationality,Nationality,NATIONALITY,fanduel,Top European Player,Top European Player,SINGLE,1,2591|3|0|42.600459918,0,42.600459918,22405,Justin Rose,22405,22405,Justin Rose,Justin Rose,J. Rose,,+1600,1600,0.058823529411764705,CONSTANT,2026-08-19T23:00:22Z,0.04571146879128643,,CONSTANT,
R2026028,R2026028,2591,Nationality,Nationality,NATIONALITY,fanduel,Top European Player,Top European Player,SINGLE,1,2591|3|0|42.600459918,0,42.600459918,52215,Robert MacIntyre,52215,52215,Robert MacIntyre,Robert MacIntyre,R. MacIntyre,,+1400,1400,0.06666666666666667,DOWN,2026-08-19T23:00:22Z,0.05180633129679128,,DOWN,
R2026028,R2026028,2591,Nationality,Nationality,NATIONALITY,fanduel,Top European Player,Top European Player,SINGLE,1,2591|3|0|42.600459918,0,42.600459918,49855,Kristoffer Reitan,49855,49855,Kristoffer Reitan,Kristoffer Reitan,K. Reitan,,+1700,1700,0.05555555555555555,CONSTANT,2026-08-19T23:00:22Z,0.04317194274732607,,CONSTANT,
R2026028,R2026028,2591,Nationality,Nationality,NATIONALITY,fanduel,Top European Player,Top European Player,SINGLE,1,2591|3|0|42.600459918,0,42.600459918,40098,Matt Fitzpatrick,40098,40098,Matt Fitzpatrick,Matt Fitzpatrick,M. Fitzpatrick,,+550,550,0.15384615384615385,CONSTANT,2026-08-19T23:00:22Z,0.11955307222336452,,CONSTANT,
R2026028,R2026028,2591,Nationality,Nationality,NATIONALITY,fanduel,Top European Player,Top European Player,SINGLE,1,2591|3|0|42.600459918,0,42.600459918,46717,Viktor Hovland,46717,46717,Viktor Hovland,Viktor Hovland,V. Hovland,,+750,750,0.11764705882352941,DOWN,2026-08-19T23:00:22Z,0.09142293758257286,,DOWN,
R2026028,R2026028,2591,Nationality,Nationality,NATIONALITY,fanduel,Top European Player,Top European Player,SINGLE,1,2591|3|0|42.600459918,0,42.600459918,55721,Alex Fitzpatrick,55721,55721,Alex Fitzpatrick,Alex Fitzpatrick,A. Fitzpatrick,,+1900,1900,0.05,UP,2026-08-19T23:00:22Z,0.038854748472593466,,UP,
R2026028,R2026028,2591,Nationality,Nationality,NATIONALITY,fanduel,Top European Player,Top European Player,SINGLE,1,2591|3|0|42.600459918,0,42.600459918,28237,Rory McIlroy,28237,28237,Rory McIlroy,Rory McIlroy,R. McIlroy,,+380,380,0.20833333333333334,CONSTANT,2026-08-19T23:00:22Z,0.16189478530247278,,CONSTANT,
R2026028,R2026028,2591,Nationality,Nationality,NATIONALITY,fanduel,Top European Player,Top European Player,SINGLE,1,2591|3|0|42.600459918,0,42.600459918,52453,Nicolai Højgaard,52453,52453,Nicolai Højgaard,Nicolai Højgaard,N. Højgaard,,+1300,1300,0.07142857142857142,UP,2026-08-19T23:00:22Z,0.05550678353227637,,UP,
R2026028,R2026028,2591,Nationality,Nationality,NATIONALITY,fanduel,Top European Player,Top European Player,SINGLE,1,2591|3|0|42.600459918,0,42.600459918,52955,Ludvig Åberg,52955,52955,Ludvig Åberg,Ludvig Åberg,L. Åberg,,+380,380,0.20833333333333334,UP,2026-08-19T23:00:22Z,0.16189478530247278,,UP,
R2026028,R2026028,2591,Nationality,Nationality,NATIONALITY,fanduel,Top Korean Player,Top Korean Player,SINGLE,1,2591|4|0|42.600459875,0,42.600459875,39971,Sungjae Im,39971,39971,Sungjae Im,Sungjae Im,S. Im,,+250,250,0.2857142857142857,CONSTANT,2026-08-19T23:00:22Z,0.2525667351129363,,CONSTANT,
R2026028,R2026028,2591,Nationality,Nationality,NATIONALITY,fanduel,Top Korean Player,Top Korean Player,SINGLE,1,2591|4|0|42.600459875,0,42.600459875,55182,Tom Kim,55182,55182,Tom Kim,Tom Kim,T. Kim,,+200,200,0.3333333333333333,DOWN,2026-08-19T23:00:22Z,0.29466119096509236,,DOWN,
R2026028,R2026028,2591,Nationality,Nationality,NATIONALITY,fanduel,Top Korean Player,Top Korean Player,SINGLE,1,2591|4|0|42.600459875,0,42.600459875,37455,Si Woo Kim,37455,37455,Si Woo Kim,Si Woo Kim,S.W. Kim,,-105,-105,0.5121951219512195,UP,2026-08-19T23:00:22Z,0.4527720739219713,,UP,
R2026028,R2026028,2591,Nationality,Nationality,NATIONALITY,fanduel,Top Nordic Player,Top Nordic Player,SINGLE,1,2591|5|0|42.600459879,0,42.600459879,27349,Alex Noren,27349,27349,Alex Noren,Alex Noren,A. Noren,,+600,600,0.14285714285714285,DOWN,2026-08-19T23:00:22Z,0.12522566409720035,,DOWN,
R2026028,R2026028,2591,Nationality,Nationality,NATIONALITY,fanduel,Top Nordic Player,Top Nordic Player,SINGLE,1,2591|5|0|42.600459879,0,42.600459879,49855,Kristoffer Reitan,49855,49855,Kristoffer Reitan,Kristoffer Reitan,K. Reitan,,+650,650,0.13333333333333333,CONSTANT,2026-08-19T23:00:22Z,0.11687728649072032,,CONSTANT,
R2026028,R2026028,2591,Nationality,Nationality,NATIONALITY,fanduel,Top Nordic Player,Top Nordic Player,SINGLE,1,2591|5|0|42.600459879,0,42.600459879,46717,Viktor Hovland,46717,46717,Viktor Hovland,Viktor Hovland,V. Hovland,,+280,280,0.2631578947368421,DOWN,2026-08-19T23:00:22Z,0.23067885491589538,,DOWN,
R2026028,R2026028,2591,Nationality,Nationality,NATIONALITY,fanduel,Top Nordic Player,Top Nordic Player,SINGLE,1,2591|5|0|42.600459879,0,42.600459879,52453,Nicolai Højgaard,52453,52453,Nicolai Højgaard,Nicolai Højgaard,N. Højgaard,,+500,500,0.16666666666666666,CONSTANT,2026-08-19T23:00:22Z,0.1460966081134004,,CONSTANT,
R2026028,R2026028,2591,Nationality,Nationality,NATIONALITY,fanduel,Top Nordic Player,Top Nordic Player,SINGLE,1,2591|5|0|42.600459879,0,42.600459879,52955,Ludvig Åberg,52955,52955,Ludvig Åberg,Ludvig Åberg,L. Åberg,,+130,130,0.43478260869565216,UP,2026-08-19T23:00:22Z,0.38112158638278365,,UP,
R2026028,R2026028,2591,Nationality,Nationality,NATIONALITY,fanduel,Top North American Player,Top North American Player,SINGLE,1,2591|6|0|42.600459907,0,42.600459907,34021,Bud Cauley,34021,34021,Bud Cauley,Bud Cauley,B. Cauley,,+4000,4000,0.024390243902439025,UP,2026-08-19T23:00:22Z,0.017598668830324977,,UP,
R2026028,R2026028,2591,Nationality,Nationality,NATIONALITY,fanduel,Top North American Player,Top North American Player,SINGLE,1,2591|6|0|42.600459907,0,42.600459907,51766,Wyndham Clark,51766,51766,Wyndham Clark,Wyndham Clark,W. Clark,,+1600,1600,0.058823529411764705,UP,2026-08-19T23:00:22Z,0.04244384835548965,,UP,
R2026028,R2026028,2591,Nationality,Nationality,NATIONALITY,fanduel,Top North American Player,Top North American Player,SINGLE,1,2591|6|0|42.600459907,0,42.600459907,49771,J.T. Poston,49771,49771,J.T. Poston,J.T. Poston,J.T. Poston,,+6000,6000,0.01639344262295082,DOWN,2026-08-19T23:00:22Z,0.011828613476120067,,DOWN,
R2026028,R2026028,2591,Nationality,Nationality,NATIONALITY,fanduel,Top North American Player,Top North American Player,SINGLE,1,2591|6|0|42.600459907,0,42.600459907,48117,Kurt Kitayama,48117,48117,Kurt Kitayama,Kurt Kitayama,K. Kitayama,,+2500,2500,0.038461538461538464,UP,2026-08-19T23:00:22Z,0.027751747001666313,,UP,
R2026028,R2026028,2591,Nationality,Nationality,NATIONALITY,fanduel,Top North American Player,Top North American Player,SINGLE,1,2591|6|0|42.600459907,0,42.600459907,46442,Maverick McNealy,46442,46442,Maverick McNealy,Maverick McNealy,M. McNealy,,+2500,2500,0.038461538461538464,CONSTANT,2026-08-19T23:00:22Z,0.027751747001666313,,CONSTANT,
R2026028,R2026028,2591,Nationality,Nationality,NATIONALITY,fanduel,Top North American Player,Top North American Player,SINGLE,1,2591|6|0|42.600459907,0,42.600459907,33448,Justin Thomas,33448,33448,Justin Thomas,Justin Thomas,J. Thomas,,+1900,1900,0.05,UP,2026-08-19T23:00:22Z,0.03607727110216621,,UP,
R2026028,R2026028,2591,Nationality,Nationality,NATIONALITY,fanduel,Top North American Player,Top North American Player,SINGLE,1,2591|6|0|42.600459907,0,42.600459907,31323,Gary Woodland,31323,31323,Gary Woodland,Gary Woodland,G. Woodland,,+4000,4000,0.024390243902439025,CONSTANT,2026-08-19T23:00:22Z,0.017598668830324977,,CONSTANT,
R2026028,R2026028,2591,Nationality,Nationality,NATIONALITY,fanduel,Top North American Player,Top North American Player,SINGLE,1,2591|6|0|42.600459907,0,42.600459907,34098,Russell Henley,34098,34098,Russell Henley,Russell Henley,R. Henley,,+2500,2500,0.038461538461538464,CONSTANT,2026-08-19T23:00:22Z,0.027751747001666313,,CONSTANT,
R2026028,R2026028,2591,Nationality,Nationality,NATIONALITY,fanduel,Top North American Player,Top North American Player,SINGLE,1,2591|6|0|42.600459907,0,42.600459907,47504,Sam Burns,47504,47504,Sam Burns,Sam Burns,S. Burns,,+1000,1000,0.09090909090909091,UP,2026-08-19T23:00:22Z,0.06559503836757492,,UP,
R2026028,R2026028,2591,Nationality,Nationality,NATIONALITY,fanduel,Top North American Player,Top North American Player,SINGLE,1,2591|6|0|42.600459907,0,42.600459907,35450,Patrick Cantlay,35450,35450,Patrick Cantlay,Patrick Cantlay,P. Cantlay,,+1600,1600,0.058823529411764705,UP,2026-08-19T23:00:22Z,0.04244384835548965,,UP,
R2026028,R2026028,2591,Nationality,Nationality,NATIONALITY,fanduel,Top North American Player,Top North American Player,SINGLE,1,2591|6|0|42.600459907,0,42.600459907,50525,Collin Morikawa,50525,50525,Collin Morikawa,Collin Morikawa,C. Morikawa,,+2000,2000,0.047619047619047616,UP,2026-08-19T23:00:22Z,0.03435930581158686,,UP,
R2026028,R2026028,2591,Nationality,Nationality,NATIONALITY,fanduel,Top North American Player,Top North American Player,SINGLE,1,2591|6|0|42.600459907,0,42.600459907,46046,Scottie Scheffler,46046,46046,Scottie Scheffler,Scottie Scheffler,S. Scheffler,,+190,190,0.3448275862068966,DOWN,2026-08-19T23:00:22Z,0.2488087662218359,,DOWN,
R2026028,R2026028,2591,Nationality,Nationality,NATIONALITY,fanduel,Top North American Player,Top North American Player,SINGLE,1,2591|6|0|42.600459907,0,42.600459907,57364,Michael Thorbjornsen,57364,57364,Michael Thorbjornsen,Michael Thorbjornsen,M. Thorbjornsen,,+2500,2500,0.038461538461538464,UP,2026-08-19T23:00:22Z,0.027751747001666313,,UP,
R2026028,R2026028,2591,Nationality,Nationality,NATIONALITY,fanduel,Top North American Player,Top North American Player,SINGLE,1,2591|6|0|42.600459907,0,42.600459907,32102,Rickie Fowler,32102,32102,Rickie Fowler,Rickie Fowler,R. Fowler,,+3000,3000,0.03225806451612903,CONSTANT,2026-08-19T23:00:22Z,0.0232756587755911,,CONSTANT,
R2026028,R2026028,2591,Nationality,Nationality,NATIONALITY,fanduel,Top North American Player,Top North American Player,SINGLE,1,2591|6|0|42.600459907,0,42.600459907,48081,Xander Schauffele,48081,48081,Xander Schauffele,Xander Schauffele,X. Schauffele,,+1000,1000,0.09090909090909091,UP,2026-08-19T23:00:22Z,0.06559503836757492,,UP,
R2026028,R2026028,2591,Nationality,Nationality,NATIONALITY,fanduel,Top North American Player,Top North American Player,SINGLE,1,2591|6|0|42.600459907,0,42.600459907,54591,Ben Griffin,54591,54591,Ben Griffin,Ben Griffin,B. Griffin,,+3000,3000,0.03225806451612903,UP,2026-08-19T23:00:22Z,0.0232756587755911,,UP,
R2026028,R2026028,2591,Nationality,Nationality,NATIONALITY,fanduel,Top North American Player,Top North American Player,SINGLE,1,2591|6|0|42.600459907,0,42.600459907,56630,Akshay Bhatia,56630,56630,Akshay Bhatia,Akshay Bhatia,A. Bhatia,,+5500,5500,0.017857142857142856,CONSTANT,2026-08-19T23:00:22Z,0.012884739679345072,,CONSTANT,
R2026028,R2026028,2591,Nationality,Nationality,NATIONALITY,fanduel,Top North American Player,Top North American Player,SINGLE,1,2591|6|0|42.600459907,0,42.600459907,47420,Jake Knapp,47420,47420,Jake Knapp,Jake Knapp,J. Knapp,,+2200,2200,0.043478260869565216,CONSTANT,2026-08-19T23:00:22Z,0.031371540088840175,,CONSTANT,
R2026028,R2026028,2591,Nationality,Nationality,NATIONALITY,fanduel,Top North American Player,Top North American Player,SINGLE,1,2591|6|0|42.600459907,0,42.600459907,57366,Cameron Young,57366,57366,Cameron Young,Cameron Young,Cam. Young,,+1100,1100,0.08333333333333333,UP,2026-08-19T23:00:22Z,0.060128785170277005,,UP,
R2026028,R2026028,2591,Nationality,Nationality,NATIONALITY,fanduel,Top North American Player,Top North American Player,SINGLE,1,2591|6|0|42.600459907,0,42.600459907,47591,Eric Cole,47591,47591,Eric Cole,Eric Cole,E. Cole,,+7000,7000,0.014084507042253521,UP,2026-08-19T23:00:22Z,0.010162611578074987,,UP,
R2026028,R2026028,2591,Nationality,Nationality,NATIONALITY,fanduel,Top North American Player,Top North American Player,SINGLE,1,2591|6|0|42.600459907,0,42.600459907,46340,Alex Smalley,46340,46340,Alex Smalley,Alex Smalley,A. Smalley,,+3500,3500,0.027777777777777776,UP,2026-08-19T23:00:22Z,0.020042928390092335,,UP,
R2026028,R2026028,2591,Nationality,Nationality,NATIONALITY,fanduel,Top North American Player,Top North American Player,SINGLE,1,2591|6|0|42.600459907,0,42.600459907,51634,Sahith Theegala,51634,51634,Sahith Theegala,Sahith Theegala,S. Theegala,,+7500,7500,0.013157894736842105,UP,2026-08-19T23:00:22Z,0.00949401871109637,,UP,
R2026028,R2026028,2591,Nationality,Nationality,NATIONALITY,fanduel,Top North American Player,Top North American Player,SINGLE,1,2591|6|0|42.600459907,0,42.600459907,61522,Michael Brennan,61522,61522,Michael Brennan,Michael Brennan,M. Brennan,,+2700,2700,0.03571428571428571,UP,2026-08-19T23:00:22Z,0.025769479358690145,,UP,
R2026028,R2026028,2591,Nationality,Nationality,NATIONALITY,fanduel,Top North American Player,Top North American Player,SINGLE,1,2591|6|0|42.600459907,0,42.600459907,59095,Chris Gotterup,59095,59095,Chris Gotterup,Chris Gotterup,C. Gotterup,,+1600,1600,0.058823529411764705,CONSTANT,2026-08-19T23:00:22Z,0.04244384835548965,,CONSTANT,
R2026028,R2026028,2591,Nationality,Nationality,NATIONALITY,fanduel,Top North American Player,Top North American Player,SINGLE,1,2591|6|0|42.600459907,0,42.600459907,60004,Jacob Bridgeman,60004,60004,Jacob Bridgeman,Jacob Bridgeman,J. Bridgeman,,+3500,3500,0.027777777777777776,UP,2026-08-19T23:00:22Z,0.020042928390092335,,UP,
R2026028,R2026028,2591,Nationality,Nationality,NATIONALITY,fanduel,Top North American Player,Top North American Player,SINGLE,1,2591|6|0|42.600459907,0,42.600459907,59018,Ryan Gerard,59018,59018,Ryan Gerard,Ryan Gerard,R. Gerard,,+2500,2500,0.038461538461538464,UP,2026-08-19T23:00:22Z,0.027751747001666313,,UP,
R2026028,R2026028,2591,Nationality,Nationality,NATIONALITY,fanduel,Top Oceania Player,Top Oceania Player,SINGLE,1,2591|7|0|42.600459880,0,42.600459880,24502,Adam Scott,24502,24502,Adam Scott,Adam Scott,A. Scott,,+160,160,0.38461538461538464,DOWN,2026-08-19T23:00:22Z,0.34501642935377874,,DOWN,
R2026028,R2026028,2591,Nationality,Nationality,NATIONALITY,fanduel,Top Oceania Player,Top Oceania Player,SINGLE,1,2591|7|0|42.600459880,0,42.600459880,29936,Ryan Fox,29936,29936,Ryan Fox,Ryan Fox,R. Fox,,+250,250,0.2857142857142857,UP,2026-08-19T23:00:22Z,0.25629791894852133,,UP,
R2026028,R2026028,2591,Nationality,Nationality,NATIONALITY,fanduel,Top Oceania Player,Top Oceania Player,SINGLE,1,2591|7|0|42.600459880,0,42.600459880,37378,Min Woo Lee,37378,37378,Min Woo Lee,Min Woo Lee,M. Lee,,+125,125,0.4444444444444444,CONSTANT,2026-08-19T23:00:22Z,0.39868565169769987,,CONSTANT,
R2026028,R2026028,2591,Nationality,Nationality,NATIONALITY,fanduel,Top Rest of the World Player,Top Rest of the World Player,SINGLE,1,2591|8|0|42.600459919,0,42.600459919,24502,Adam Scott,24502,24502,Adam Scott,Adam Scott,A. Scott,,+750,750,0.11764705882352941,DOWN,2026-08-19T23:00:22Z,0.09837531673870921,,DOWN,
R2026028,R2026028,2591,Nationality,Nationality,NATIONALITY,fanduel,Top Rest of the World Player,Top Rest of the World Player,SINGLE,1,2591|8|0|42.600459919,0,42.600459919,29936,Ryan Fox,29936,29936,Ryan Fox,Ryan Fox,R. Fox,,+1100,1100,0.08333333333333333,UP,2026-08-19T23:00:22Z,0.06968251602325234,,UP,
R2026028,R2026028,2591,Nationality,Nationality,NATIONALITY,fanduel,Top Rest of the World Player,Top Rest of the World Player,SINGLE,1,2591|8|0|42.600459919,0,42.600459919,32839,Hideki Matsuyama,32839,32839,Hideki Matsuyama,Hideki Matsuyama,H. Matsuyama,,+300,300,0.25,UP,2026-08-19T23:00:22Z,0.20904754806975706,,UP,
R2026028,R2026028,2591,Nationality,Nationality,NATIONALITY,fanduel,Top Rest of the World Player,Top Rest of the World Player,SINGLE,1,2591|8|0|42.600459919,0,42.600459919,39971,Sungjae Im,39971,39971,Sungjae Im,Sungjae Im,S. Im,,+750,750,0.11764705882352941,CONSTANT,2026-08-19T23:00:22Z,0.09837531673870921,,CONSTANT,
R2026028,R2026028,2591,Nationality,Nationality,NATIONALITY,fanduel,Top Rest of the World Player,Top Rest of the World Player,SINGLE,1,2591|8|0|42.600459919,0,42.600459919,51287,Ryo Hisatsune,51287,51287,Ryo Hisatsune,Ryo Hisatsune,R. Hisatsune,,+1400,1400,0.06666666666666667,CONSTANT,2026-08-19T23:00:22Z,0.05574601281860188,,CONSTANT,
R2026028,R2026028,2591,Nationality,Nationality,NATIONALITY,fanduel,Top Rest of the World Player,Top Rest of the World Player,SINGLE,1,2591|8|0|42.600459919,0,42.600459919,55182,Tom Kim,55182,55182,Tom Kim,Tom Kim,T. Kim,,+650,650,0.13333333333333333,DOWN,2026-08-19T23:00:22Z,0.11149202563720376,,DOWN,
R2026028,R2026028,2591,Nationality,Nationality,NATIONALITY,fanduel,Top Rest of the World Player,Top Rest of the World Player,SINGLE,1,2591|8|0|42.600459919,0,42.600459919,51349,Nico Echavarria,51349,51349,Nico Echavarria,Nico Echavarria,N. Echavarria,,+1400,1400,0.06666666666666667,UP,2026-08-19T23:00:22Z,0.05574601281860188,,UP,
R2026028,R2026028,2591,Nationality,Nationality,NATIONALITY,fanduel,Top Rest of the World Player,Top Rest of the World Player,SINGLE,1,2591|8|0|42.600459919,0,42.600459919,37455,Si Woo Kim,37455,37455,Si Woo Kim,Si Woo Kim,S.W. Kim,,+340,340,0.22727272727272727,CONSTANT,2026-08-19T23:00:22Z,0.19004322551796096,,CONSTANT,
R2026028,R2026028,2591,Nationality,Nationality,NATIONALITY,fanduel,Top Rest of the World Player,Top Rest of the World Player,SINGLE,1,2591|8|0|42.600459919,0,42.600459919,37378,Min Woo Lee,37378,37378,Min Woo Lee,Min Woo Lee,M. Lee,,+650,650,0.13333333333333333,DOWN,2026-08-19T23:00:22Z,0.11149202563720376,,DOWN,
R2026028,R2026028,2591,Nationality,Nationality,NATIONALITY,fanduel,Top UK and Ireland Player,Top UK and Ireland Player,SINGLE,1,2591|9|0|42.600459924,0,42.600459924,46414,Aaron Rai,46414,46414,Aaron Rai,Aaron Rai,A. Rai,,+1600,1600,0.058823529411764705,DOWN,2026-08-19T23:00:22Z,0.05127246022341783,,DOWN,
R2026028,R2026028,2591,Nationality,Nationality,NATIONALITY,fanduel,Top UK and Ireland Player,Top UK and Ireland Player,SINGLE,1,2591|9|0|42.600459924,0,42.600459924,30911,Tommy Fleetwood,30911,30911,Tommy Fleetwood,Tommy Fleetwood,T. Fleetwood,,+300,300,0.25,DOWN,2026-08-19T23:00:22Z,0.21790795594952578,,DOWN,
R2026028,R2026028,2591,Nationality,Nationality,NATIONALITY,fanduel,Top UK and Ireland Player,Top UK and Ireland Player,SINGLE,1,2591|9|0|42.600459924,0,42.600459924,22405,Justin Rose,22405,22405,Justin Rose,Justin Rose,J. Rose,,+900,900,0.1,UP,2026-08-19T23:00:22Z,0.08716318237981031,,UP,
R2026028,R2026028,2591,Nationality,Nationality,NATIONALITY,fanduel,Top UK and Ireland Player,Top UK and Ireland Player,SINGLE,1,2591|9|0|42.600459924,0,42.600459924,52215,Robert MacIntyre,52215,52215,Robert MacIntyre,Robert MacIntyre,R. MacIntyre,,+850,850,0.10526315789473684,DOWN,2026-08-19T23:00:22Z,0.09175071829453717,,DOWN,
R2026028,R2026028,2591,Nationality,Nationality,NATIONALITY,fanduel,Top UK and Ireland Player,Top UK and Ireland Player,SINGLE,1,2591|9|0|42.600459924,0,42.600459924,40098,Matt Fitzpatrick,40098,40098,Matt Fitzpatrick,Matt Fitzpatrick,M. Fitzpatrick,,+340,340,0.22727272727272727,CONSTANT,2026-08-19T23:00:22Z,0.19809814177229618,,CONSTANT,
R2026028,R2026028,2591,Nationality,Nationality,NATIONALITY,fanduel,Top UK and Ireland Player,Top UK and Ireland Player,SINGLE,1,2591|9|0|42.600459924,0,42.600459924,55721,Alex Fitzpatrick,55721,55721,Alex Fitzpatrick,Alex Fitzpatrick,A. Fitzpatrick,,+1100,1100,0.08333333333333333,CONSTANT,2026-08-19T23:00:22Z,0.0726359853165086,,CONSTANT,
R2026028,R2026028,2591,Nationality,Nationality,NATIONALITY,fanduel,Top UK and Ireland Player,Top UK and Ireland Player,SINGLE,1,2591|9|0|42.600459924,0,42.600459924,28237,Rory McIlroy,28237,28237,Rory McIlroy,Rory McIlroy,R. McIlroy,,+210,210,0.3225806451612903,UP,2026-08-19T23:00:22Z,0.28117155606390426,,UP,
