player_name,title,subtitle,author,published_at,tournament_slug,url,summary,headings,bullets,body,body_formatted
Bud Cauley betting profile: The American Express,Bud Cauley betting profile: The American Express - PGA TOUR,Bud Cauley has not competed in The American Express in the last five years. He'll tee off at Pete Dye Stadium Course Jan. 22-25 with hopes of making his mark in,,,the-american-express,https://www.pgatour.com/article/news/betting-profile/2026/the-american-express/bud-cauley-pga-tour-betting-stats-the-american-express-2026,"1 Min Read Bud Cauley of the United Sttes plays his shot from the second tee during the final round of the Sony Open in Hawaii 2026 at Waialae Country Club on January 18, 2026 in Honolulu, Hawaii. (Mike Mulholland/Getty Images) Bud Cauley has not competed in The American Express in the last five years. He'll tee off at Pete Dye Stadium Course Jan. 22-25 with hopes of making his mark in the 2026 tournament.",At The American Express | Cauley's recent results | Cauley's recent performances | Cauley's Strokes Gained rankings | Cauley's advanced stats and rankings | Jacob Bridgeman betting profile: The American Express | Zach Johnson betting profile: The American Express | Sami Valimaki betting profile: The American Express | THE TOUR | Partnerships | Quick Links | Shop | Apps,"This is Cauley's first time competing in The American Express in the past five years. | Sepp Straka won this tournament in 2025, finishing at 25-under. | His best finish over his last ten appearances came at the FedEx St. Jude Championship, where he finished tied for 14th with a score of 8-under. | Cauley has an average of -0.239 Strokes Gained: Off-the-Tee in his past five tournaments. | He has an average of 0.192 Strokes Gained: Approach the Green in his past five tournaments. | Cauley has an average of -0.052 Strokes Gained: Around-the-Green in his past five tournaments. | He has an average of -0.178 Strokes Gained: Putting in his past five tournaments. | Cauley has averaged -0.277 Strokes Gained: Total in his past five tournaments. | Cauley has posted a Strokes Gained: Off-the-Tee average of 0.165 (46th) this season, while his average Driving Distance of 310.3 yards ranks 44th on TOUR. | In terms of Strokes Gained: Approach the Green this season, Cauley sports a 0.413 mark that ranks 36th on TOUR. He ranks 22nd with a 75.00% Greens in Regulation rate. | On the greens, Cauley has delivered a 0.173 Strokes Gained: Putting mark this season, which places him 49th on TOUR. In addition, he ranks 60th with a Putts Per Round average of 30.00, and he ranks 17th by breaking par 25.00% of the time. | Cauley has earned 33 FedExCup Regular Season points this season, ranking 24th on TOUR. | PGA TOUR","1 Min Read
Bud Cauley of the United Sttes plays his shot from the second tee during the final round of the Sony Open in Hawaii 2026 at Waialae Country Club on January 18, 2026 in Honolulu, Hawaii. (Mike Mulholland/Getty Images)
Bud Cauley has not competed in The American Express in the last five years. He'll tee off at Pete Dye Stadium Course Jan. 22-25 with hopes of making his mark in the 2026 tournament.
All stats in this article are accurate for Cauley as of the start of The American Express.
Responsible sports betting starts with a game plan. Set a budget. Keep it social. Play with friends. Learn the game and know the odds. Play with trusted, licensed operators. CLICK HERE to learn more at HaveAGamePlan.org.
Note: Using player performance data from ShotLink powered by CDW, the PGA TOUR has created this story using AWS Gen AI technology. While we strive for accuracy and quality, please note that the information provided may not be entirely error-free.
The American Express
PGA TOUR, PGA TOUR Champions, and the Swinging Golfer design are registered trademarks. The Korn Ferry trademark is also a registered trademark, and is used in the Korn Ferry Tour logo with permission.","1 Min Read

Bud Cauley of the United Sttes plays his shot from the second tee during the final round of the Sony Open in Hawaii 2026 at Waialae Country Club on January 18, 2026 in Honolulu, Hawaii. (Mike Mulholland/Getty Images)

Bud Cauley has not competed in The American Express in the last five years. He'll tee off at Pete Dye Stadium Course Jan. 22-25 with hopes of making his mark in the 2026 tournament.

## At The American Express

- This is Cauley's first time competing in The American Express in the past five years.

- Sepp Straka won this tournament in 2025, finishing at 25-under.

## Cauley's recent results

## Cauley's recent performances

- His best finish over his last ten appearances came at the FedEx St. Jude Championship, where he finished tied for 14th with a score of 8-under.

- Cauley has an average of -0.239 Strokes Gained: Off-the-Tee in his past five tournaments.

- He has an average of 0.192 Strokes Gained: Approach the Green in his past five tournaments.

- Cauley has an average of -0.052 Strokes Gained: Around-the-Green in his past five tournaments.

- He has an average of -0.178 Strokes Gained: Putting in his past five tournaments.

- Cauley has averaged -0.277 Strokes Gained: Total in his past five tournaments.

## Cauley's Strokes Gained rankings

## Cauley's advanced stats and rankings

- Cauley has posted a Strokes Gained: Off-the-Tee average of 0.165 (46th) this season, while his average Driving Distance of 310.3 yards ranks 44th on TOUR.

- In terms of Strokes Gained: Approach the Green this season, Cauley sports a 0.413 mark that ranks 36th on TOUR. He ranks 22nd with a 75.00% Greens in Regulation rate.

- On the greens, Cauley has delivered a 0.173 Strokes Gained: Putting mark this season, which places him 49th on TOUR. In addition, he ranks 60th with a Putts Per Round average of 30.00, and he ranks 17th by breaking par 25.00% of the time.

- Cauley has earned 33 FedExCup Regular Season points this season, ranking 24th on TOUR.

All stats in this article are accurate for Cauley as of the start of The American Express.

Responsible sports betting starts with a game plan. Set a budget. Keep it social. Play with friends. Learn the game and know the odds. Play with trusted, licensed operators. CLICK HERE to learn more at HaveAGamePlan.org.

Note: Using player performance data from ShotLink powered by CDW, the PGA TOUR has created this story using AWS Gen AI technology. While we strive for accuracy and quality, please note that the information provided may not be entirely error-free.

The American Express

- PGA TOUR

PGA TOUR, PGA TOUR Champions, and the Swinging Golfer design are registered trademarks. The Korn Ferry trademark is also a registered trademark, and is used in the Korn Ferry Tour logo with permission."
Patrick Rodgers betting profile: The American Express,Patrick Rodgers betting profile: The American Express - PGA TOUR,Patrick Rodgers finished 70th at 6-under in his most recent appearance at The American Express. He'll tee off at Pete Dye Stadium Course Jan. 22-25 with his sig,,,the-american-express,https://www.pgatour.com/article/news/betting-profile/2026/the-american-express/patrick-rodgers-pga-tour-betting-stats-the-american-express-2026,"1 Min Read Patrick Rodgers of the United States plays his shot from the 17th tee during the final round of the Sony Open in Hawaii 2026 at Waialae Country Club on January 18, 2026 in Honolulu, Hawaii. (Cliff Hawkins/Getty Images) Patrick Rodgers finished 70th at 6-under in his most recent appearance at The American Express. He'll tee off at Pete Dye Stadium Course Jan. 22-25 with his sights set higher this time around in the 2026 American Express.",Rodgers's recent history at The American Express | At The American Express | Rodgers's recent results | Rodgers's recent performances | Rodgers's Strokes Gained rankings | Rodgers's advanced stats and rankings | Jacob Bridgeman betting profile: The American Express | Zach Johnson betting profile: The American Express | Sami Valimaki betting profile: The American Express | THE TOUR | Partnerships | Quick Links | Shop | Apps,"In Rodgers's most recent appearance at The American Express, in 2025, he finished 70th after posting a score of 6-under. | Rodgers's best finish at this event came in 2022, when he finished tied for 40th at 10-under. | Sepp Straka won this tournament in 2025, finishing at 25-under. | Rodgers has finished in the top-10 three times over his last ten appearances. | He had his best finish at the Sony Open in Hawaii, where he finished third with a score of 13-under. | Rodgers has an average of 0.599 Strokes Gained: Off-the-Tee in his past five tournaments. | He has an average of -0.191 Strokes Gained: Approach the Green in his past five tournaments. | He has averaged 0.008 Strokes Gained: Total in his past five tournaments. | Rodgers posted a Strokes Gained: Off-the-Tee average of 0.799 (13th) this season, while his average Driving Distance of 315.0 yards ranked 22nd on TOUR. | In terms of Strokes Gained: Approach the Green this season, Rodgers sported a 0.554 mark that ranked 28th on TOUR. He ranked 18th with a 76.39% Greens in Regulation rate. | On the greens, Rodgers delivered a 1.059 Strokes Gained: Putting mark this season, which placed him 15th on TOUR. In addition, he ranked 57th with a Putts Per Round average of 29.75, and he ranked 17th by breaking par 25.00% of the time. | Rodgers currently holds third place in FedExCup Regular Season points with 190 points, and his Bogey Avoidance rate of 8.33% ranks fourth on TOUR. | PGA TOUR","1 Min Read
Patrick Rodgers of the United States plays his shot from the 17th tee during the final round of the Sony Open in Hawaii 2026 at Waialae Country Club on January 18, 2026 in Honolulu, Hawaii. (Cliff Hawkins/Getty Images)
Patrick Rodgers finished 70th at 6-under in his most recent appearance at The American Express. He'll tee off at Pete Dye Stadium Course Jan. 22-25 with his sights set higher this time around in the 2026 American Express.
All stats in this article are accurate for Rodgers as of the start of The American Express.
Responsible sports betting starts with a game plan. Set a budget. Keep it social. Play with friends. Learn the game and know the odds. Play with trusted, licensed operators. CLICK HERE to learn more at HaveAGamePlan.org.
Note: Using player performance data from ShotLink powered by CDW, the PGA TOUR has created this story using AWS Gen AI technology. While we strive for accuracy and quality, please note that the information provided may not be entirely error-free.
The American Express
PGA TOUR, PGA TOUR Champions, and the Swinging Golfer design are registered trademarks. The Korn Ferry trademark is also a registered trademark, and is used in the Korn Ferry Tour logo with permission.","1 Min Read

Patrick Rodgers of the United States plays his shot from the 17th tee during the final round of the Sony Open in Hawaii 2026 at Waialae Country Club on January 18, 2026 in Honolulu, Hawaii. (Cliff Hawkins/Getty Images)

Patrick Rodgers finished 70th at 6-under in his most recent appearance at The American Express. He'll tee off at Pete Dye Stadium Course Jan. 22-25 with his sights set higher this time around in the 2026 American Express.

## Rodgers's recent history at The American Express

## At The American Express

- In Rodgers's most recent appearance at The American Express, in 2025, he finished 70th after posting a score of 6-under.

- Rodgers's best finish at this event came in 2022, when he finished tied for 40th at 10-under.

- Sepp Straka won this tournament in 2025, finishing at 25-under.

## Rodgers's recent results

## Rodgers's recent performances

- Rodgers has finished in the top-10 three times over his last ten appearances.

- He had his best finish at the Sony Open in Hawaii, where he finished third with a score of 13-under.

- Rodgers has an average of 0.599 Strokes Gained: Off-the-Tee in his past five tournaments.

- He has an average of -0.191 Strokes Gained: Approach the Green in his past five tournaments.

- He has averaged 0.008 Strokes Gained: Total in his past five tournaments.

## Rodgers's Strokes Gained rankings

## Rodgers's advanced stats and rankings

- Rodgers posted a Strokes Gained: Off-the-Tee average of 0.799 (13th) this season, while his average Driving Distance of 315.0 yards ranked 22nd on TOUR.

- In terms of Strokes Gained: Approach the Green this season, Rodgers sported a 0.554 mark that ranked 28th on TOUR. He ranked 18th with a 76.39% Greens in Regulation rate.

- On the greens, Rodgers delivered a 1.059 Strokes Gained: Putting mark this season, which placed him 15th on TOUR. In addition, he ranked 57th with a Putts Per Round average of 29.75, and he ranked 17th by breaking par 25.00% of the time.

- Rodgers currently holds third place in FedExCup Regular Season points with 190 points, and his Bogey Avoidance rate of 8.33% ranks fourth on TOUR.

All stats in this article are accurate for Rodgers as of the start of The American Express.

Responsible sports betting starts with a game plan. Set a budget. Keep it social. Play with friends. Learn the game and know the odds. Play with trusted, licensed operators. CLICK HERE to learn more at HaveAGamePlan.org.

Note: Using player performance data from ShotLink powered by CDW, the PGA TOUR has created this story using AWS Gen AI technology. While we strive for accuracy and quality, please note that the information provided may not be entirely error-free.

The American Express

- PGA TOUR

PGA TOUR, PGA TOUR Champions, and the Swinging Golfer design are registered trademarks. The Korn Ferry trademark is also a registered trademark, and is used in the Korn Ferry Tour logo with permission."
Mark Hubbard betting profile: The American Express,Mark Hubbard betting profile: The American Express - PGA TOUR,Mark Hubbard finished tied for 12th at 17-under in his most recent appearance at this tournament. He'll tee off at Pete Dye Stadium Course Jan. 22-25 with hopes,,,the-american-express,https://www.pgatour.com/article/news/betting-profile/2026/the-american-express/mark-hubbard-pga-tour-betting-stats-the-american-express-2026,"1 Min Read Mark Hubbard of the United States plays his shot from the third tee during the second round of the Sony Open in Hawaii 2026 at Waialae Country Club on January 16, 2026 in Honolulu, Hawaii. (Cliff Hawkins/Getty Images) Mark Hubbard finished tied for 12th at 17-under in his most recent appearance at this tournament. He'll tee off at Pete Dye Stadium Course Jan. 22-25 with hopes of building on that strong showing in the 2026 American Express.",Hubbard's recent history at The American Express | At The American Express | Hubbard's recent results | Hubbard's recent performances | Hubbard's Strokes Gained rankings | Hubbard's advanced stats and rankings | Scottie Scheffler betting profile: The American Express | Harris English betting profile: The American Express | Sam Ryder betting profile: The American Express | THE TOUR | Partnerships | Quick Links | Shop | Apps,"In Hubbard's most recent appearance at The American Express, in 2025, he finished tied for 12th after posting a score of 17-under. | Sepp Straka won this tournament in 2025, finishing at 25-under. | Hubbard has finished in the top five once over his last ten appearances. | He had his best finish at the Wyndham Championship, where he finished tied for third with a score of 15-under. | Hubbard has an average of -0.204 Strokes Gained: Off-the-Tee in his past five tournaments. | He has an average of 0.259 Strokes Gained: Approach the Green in his past five tournaments. | He has an average of -0.415 Strokes Gained: Putting in his past five tournaments. | Hubbard has averaged -0.446 Strokes Gained: Total in his past five tournaments. | Hubbard posted a Strokes Gained: Off-the-Tee average of -0.609 (97th) this season, while his average Driving Distance of 298.3 yards ranked 91st on TOUR. | In terms of Strokes Gained: Approach the Green this season, Hubbard sported a -0.079 mark that ranked 65th on TOUR. He ranked 46th with a 70.83% Greens in Regulation rate. | On the greens, Hubbard delivered a 0.179 Strokes Gained: Putting mark this season, which placed him 47th on TOUR. In addition, he ranked 80th with a Putts Per Round average of 30.75. | Hubbard has earned 4 FedExCup Regular Season points this season, ranking 65th. | PGA TOUR","1 Min Read
Mark Hubbard of the United States plays his shot from the third tee during the second round of the Sony Open in Hawaii 2026 at Waialae Country Club on January 16, 2026 in Honolulu, Hawaii. (Cliff Hawkins/Getty Images)
Mark Hubbard finished tied for 12th at 17-under in his most recent appearance at this tournament. He'll tee off at Pete Dye Stadium Course Jan. 22-25 with hopes of building on that strong showing in the 2026 American Express.
All stats in this article are accurate for Hubbard as of the start of The American Express.
Responsible sports betting starts with a game plan. Set a budget. Keep it social. Play with friends. Learn the game and know the odds. Play with trusted, licensed operators. CLICK HERE to learn more at HaveAGamePlan.org.
Note: Using player performance data from ShotLink powered by CDW, the PGA TOUR has created this story using AWS Gen AI technology. While we strive for accuracy and quality, please note that the information provided may not be entirely error-free.
The American Express
PGA TOUR, PGA TOUR Champions, and the Swinging Golfer design are registered trademarks. The Korn Ferry trademark is also a registered trademark, and is used in the Korn Ferry Tour logo with permission.","1 Min Read

Mark Hubbard of the United States plays his shot from the third tee during the second round of the Sony Open in Hawaii 2026 at Waialae Country Club on January 16, 2026 in Honolulu, Hawaii. (Cliff Hawkins/Getty Images)

Mark Hubbard finished tied for 12th at 17-under in his most recent appearance at this tournament. He'll tee off at Pete Dye Stadium Course Jan. 22-25 with hopes of building on that strong showing in the 2026 American Express.

## Hubbard's recent history at The American Express

## At The American Express

- In Hubbard's most recent appearance at The American Express, in 2025, he finished tied for 12th after posting a score of 17-under.

- Sepp Straka won this tournament in 2025, finishing at 25-under.

## Hubbard's recent results

## Hubbard's recent performances

- Hubbard has finished in the top five once over his last ten appearances.

- He had his best finish at the Wyndham Championship, where he finished tied for third with a score of 15-under.

- Hubbard has an average of -0.204 Strokes Gained: Off-the-Tee in his past five tournaments.

- He has an average of 0.259 Strokes Gained: Approach the Green in his past five tournaments.

- He has an average of -0.415 Strokes Gained: Putting in his past five tournaments.

- Hubbard has averaged -0.446 Strokes Gained: Total in his past five tournaments.

## Hubbard's Strokes Gained rankings

## Hubbard's advanced stats and rankings

- Hubbard posted a Strokes Gained: Off-the-Tee average of -0.609 (97th) this season, while his average Driving Distance of 298.3 yards ranked 91st on TOUR.

- In terms of Strokes Gained: Approach the Green this season, Hubbard sported a -0.079 mark that ranked 65th on TOUR. He ranked 46th with a 70.83% Greens in Regulation rate.

- On the greens, Hubbard delivered a 0.179 Strokes Gained: Putting mark this season, which placed him 47th on TOUR. In addition, he ranked 80th with a Putts Per Round average of 30.75.

- Hubbard has earned 4 FedExCup Regular Season points this season, ranking 65th.

All stats in this article are accurate for Hubbard as of the start of The American Express.

Responsible sports betting starts with a game plan. Set a budget. Keep it social. Play with friends. Learn the game and know the odds. Play with trusted, licensed operators. CLICK HERE to learn more at HaveAGamePlan.org.

Note: Using player performance data from ShotLink powered by CDW, the PGA TOUR has created this story using AWS Gen AI technology. While we strive for accuracy and quality, please note that the information provided may not be entirely error-free.

The American Express

- PGA TOUR

PGA TOUR, PGA TOUR Champions, and the Swinging Golfer design are registered trademarks. The Korn Ferry trademark is also a registered trademark, and is used in the Korn Ferry Tour logo with permission."
Sahith Theegala betting profile: The American Express,Sahith Theegala betting profile: The American Express - PGA TOUR,"Sahith Theegala returns to The American Express, set to tee off at Pete Dye Stadium Course Jan. 22-25. In his most recent appearance at this tournament in 2023,",,,the-american-express,https://www.pgatour.com/article/news/betting-profile/2026/the-american-express/sahith-theegala-pga-tour-betting-stats-the-american-express-2026,"1 Min Read Sahith Theegala of the United States plays a shot on the sixth hole during the second round of the Sony Open in Hawaii 2026 at Waialae Country Club on January 16, 2026 in Honolulu, Hawaii. (Cliff Hawkins/Getty Images) Sahith Theegala returns to The American Express, set to tee off at Pete Dye Stadium Course Jan. 22-25. In his most recent appearance at this tournament in 2023, he finished tied for 54th at 13-under.",Theegala's recent history at The American Express | At The American Express | Theegala's recent results | Theegala's recent performances | Theegala's Strokes Gained rankings | Theegala's advanced stats and rankings | Scottie Scheffler betting profile: The American Express | Harris English betting profile: The American Express | Sam Ryder betting profile: The American Express | THE TOUR | Partnerships | Quick Links | Shop | Apps,"In Theegala's most recent appearance at The American Express, in 2023, he finished tied for 54th after posting a score of 13-under. | Sepp Straka won this tournament in 2025, finishing at 25-under. | Theegala's best finish over his last ten appearances came at the Bank of Utah Championship, where he finished tied for 27th with a score of 11-under. | Theegala has an average of -0.026 Strokes Gained: Off-the-Tee in his past five tournaments. | He has an average of 0.779 Strokes Gained: Approach the Green in his past five tournaments. | Theegala has an average of 0.334 Strokes Gained: Around-the-Green in his past five tournaments. | He has an average of -0.331 Strokes Gained: Putting in his past five tournaments. | Theegala has averaged 0.756 Strokes Gained: Total in his past five tournaments. | Theegala has posted a Strokes Gained: Off-the-Tee average of -0.766 (101st) this season, while his average Driving Distance of 314.8 yards ranks 25th on TOUR. | In terms of Strokes Gained: Approach the Green this season, Theegala sports a -0.195 mark that ranks 70th on TOUR. He ranks 69th with a 66.67% Greens in Regulation rate. | Around the greens, Theegala leads TOUR with a 1.106 Strokes Gained: Around-the-Green mark this season. | On the greens, Theegala delivers a 0.573 Strokes Gained: Putting mark this season, which places him 27th on TOUR. In addition, he ranks sixth with a Putts Per Round average of 27.75, and he ranks fifth by breaking par 27.78% of the time. | Theegala has earned 21 FedExCup Regular Season points this season, ranking 31st. | PGA TOUR","1 Min Read
Sahith Theegala of the United States plays a shot on the sixth hole during the second round of the Sony Open in Hawaii 2026 at Waialae Country Club on January 16, 2026 in Honolulu, Hawaii. (Cliff Hawkins/Getty Images)
Sahith Theegala returns to The American Express, set to tee off at Pete Dye Stadium Course Jan. 22-25. In his most recent appearance at this tournament in 2023, he finished tied for 54th at 13-under.
All stats in this article are accurate for Theegala as of the start of The American Express.
Responsible sports betting starts with a game plan. Set a budget. Keep it social. Play with friends. Learn the game and know the odds. Play with trusted, licensed operators. CLICK HERE to learn more at HaveAGamePlan.org.
Note: Using player performance data from ShotLink powered by CDW, the PGA TOUR has created this story using AWS Gen AI technology. While we strive for accuracy and quality, please note that the information provided may not be entirely error-free.
The American Express
PGA TOUR, PGA TOUR Champions, and the Swinging Golfer design are registered trademarks. The Korn Ferry trademark is also a registered trademark, and is used in the Korn Ferry Tour logo with permission.","1 Min Read

Sahith Theegala of the United States plays a shot on the sixth hole during the second round of the Sony Open in Hawaii 2026 at Waialae Country Club on January 16, 2026 in Honolulu, Hawaii. (Cliff Hawkins/Getty Images)

Sahith Theegala returns to The American Express, set to tee off at Pete Dye Stadium Course Jan. 22-25. In his most recent appearance at this tournament in 2023, he finished tied for 54th at 13-under.

## Theegala's recent history at The American Express

## At The American Express

- In Theegala's most recent appearance at The American Express, in 2023, he finished tied for 54th after posting a score of 13-under.

- Sepp Straka won this tournament in 2025, finishing at 25-under.

## Theegala's recent results

## Theegala's recent performances

- Theegala's best finish over his last ten appearances came at the Bank of Utah Championship, where he finished tied for 27th with a score of 11-under.

- Theegala has an average of -0.026 Strokes Gained: Off-the-Tee in his past five tournaments.

- He has an average of 0.779 Strokes Gained: Approach the Green in his past five tournaments.

- Theegala has an average of 0.334 Strokes Gained: Around-the-Green in his past five tournaments.

- He has an average of -0.331 Strokes Gained: Putting in his past five tournaments.

- Theegala has averaged 0.756 Strokes Gained: Total in his past five tournaments.

## Theegala's Strokes Gained rankings

## Theegala's advanced stats and rankings

- Theegala has posted a Strokes Gained: Off-the-Tee average of -0.766 (101st) this season, while his average Driving Distance of 314.8 yards ranks 25th on TOUR.

- In terms of Strokes Gained: Approach the Green this season, Theegala sports a -0.195 mark that ranks 70th on TOUR. He ranks 69th with a 66.67% Greens in Regulation rate.

- Around the greens, Theegala leads TOUR with a 1.106 Strokes Gained: Around-the-Green mark this season.

- On the greens, Theegala delivers a 0.573 Strokes Gained: Putting mark this season, which places him 27th on TOUR. In addition, he ranks sixth with a Putts Per Round average of 27.75, and he ranks fifth by breaking par 27.78% of the time.

- Theegala has earned 21 FedExCup Regular Season points this season, ranking 31st.

All stats in this article are accurate for Theegala as of the start of The American Express.

Responsible sports betting starts with a game plan. Set a budget. Keep it social. Play with friends. Learn the game and know the odds. Play with trusted, licensed operators. CLICK HERE to learn more at HaveAGamePlan.org.

Note: Using player performance data from ShotLink powered by CDW, the PGA TOUR has created this story using AWS Gen AI technology. While we strive for accuracy and quality, please note that the information provided may not be entirely error-free.

The American Express

- PGA TOUR

PGA TOUR, PGA TOUR Champions, and the Swinging Golfer design are registered trademarks. The Korn Ferry trademark is also a registered trademark, and is used in the Korn Ferry Tour logo with permission."
Doug Ghim betting profile: The American Express,Doug Ghim betting profile: The American Express - PGA TOUR,Doug Ghim posted a score of 15-under and finished tied for 21st in his most recent appearance at this event. He'll tee off at Pete Dye Stadium Course Jan. 22-25,,,the-american-express,https://www.pgatour.com/article/news/betting-profile/2026/the-american-express/doug-ghim-pga-tour-betting-stats-the-american-express-2026,"1 Min Read Doug Ghim watches his tee shot on the first hole during the third round of Sony Open in Hawaii at Waialae Country Club on January 17, 2026 in Honolulu, Hawaii. (Tracy Wilcox/PGA TOUR via Getty Images) Doug Ghim posted a score of 15-under and finished tied for 21st in his most recent appearance at this event. He'll tee off at Pete Dye Stadium Course Jan. 22-25 with hopes of improving his performance at the 2026 American Express.",Ghim's recent history at The American Express | At The American Express | Ghim's recent results | Ghim's recent performances | Ghim's Strokes Gained rankings | Ghim's advanced stats and rankings | Jacob Bridgeman betting profile: The American Express | Zach Johnson betting profile: The American Express | Sami Valimaki betting profile: The American Express | THE TOUR | Partnerships | Quick Links | Shop | Apps,"In Ghim's most recent appearance at The American Express, in 2025, he finished tied for 21st after posting a score of 15-under. | Ghim's best finish at this event came in 2021, when he finished tied for fifth at 15-under. | Sepp Straka won this tournament in 2025, finishing at 25-under. | Ghim has finished in the top 10 once over his last ten appearances. | Ghim has finished in the top 20 three times over his last ten appearances. | He had his best finish at The RSM Classic, where he finished tied for seventh with a score of 18-under. | Ghim has an average of 0.202 Strokes Gained: Off-the-Tee in his past five tournaments. | He has an average of 0.160 Strokes Gained: Approach the Green in his past five tournaments. | He has an average of -0.089 Strokes Gained: Putting in his past five tournaments. | Ghim has averaged 0.234 Strokes Gained: Total in his past five tournaments. | Ghim posted a Strokes Gained: Off-the-Tee average of 0.475 (29th) this season, while his average Driving Distance of 304.5 yards ranked 68th on TOUR. | In terms of Strokes Gained: Approach the Green this season, Ghim sported a -1.084 mark that ranked 104th on TOUR. He ranked 82nd with a 65.28% Greens in Regulation rate. | Ghim excelled around the green this season with a 0.704 Strokes Gained: Around-the-Green mark, which placed him 12th on TOUR. | On the greens, Ghim delivered a -0.128 Strokes Gained: Putting mark this season, which placed him 66th on TOUR. In addition, he ranked 40th with a Putts Per Round average of 29.50. | Ghim has earned 6 FedExCup Regular Season points this season, ranking 54th. | PGA TOUR","1 Min Read
Doug Ghim watches his tee shot on the first hole during the third round of Sony Open in Hawaii at Waialae Country Club on January 17, 2026 in Honolulu, Hawaii. (Tracy Wilcox/PGA TOUR via Getty Images)
Doug Ghim posted a score of 15-under and finished tied for 21st in his most recent appearance at this event. He'll tee off at Pete Dye Stadium Course Jan. 22-25 with hopes of improving his performance at the 2026 American Express.
All stats in this article are accurate for Ghim as of the start of The American Express.
Responsible sports betting starts with a game plan. Set a budget. Keep it social. Play with friends. Learn the game and know the odds. Play with trusted, licensed operators. CLICK HERE to learn more at HaveAGamePlan.org.
Note: Using player performance data from ShotLink powered by CDW, the PGA TOUR has created this story using AWS Gen AI technology. While we strive for accuracy and quality, please note that the information provided may not be entirely error-free.
The American Express
PGA TOUR, PGA TOUR Champions, and the Swinging Golfer design are registered trademarks. The Korn Ferry trademark is also a registered trademark, and is used in the Korn Ferry Tour logo with permission.","1 Min Read

Doug Ghim watches his tee shot on the first hole during the third round of Sony Open in Hawaii at Waialae Country Club on January 17, 2026 in Honolulu, Hawaii. (Tracy Wilcox/PGA TOUR via Getty Images)

Doug Ghim posted a score of 15-under and finished tied for 21st in his most recent appearance at this event. He'll tee off at Pete Dye Stadium Course Jan. 22-25 with hopes of improving his performance at the 2026 American Express.

## Ghim's recent history at The American Express

## At The American Express

- In Ghim's most recent appearance at The American Express, in 2025, he finished tied for 21st after posting a score of 15-under.

- Ghim's best finish at this event came in 2021, when he finished tied for fifth at 15-under.

- Sepp Straka won this tournament in 2025, finishing at 25-under.

## Ghim's recent results

## Ghim's recent performances

- Ghim has finished in the top 10 once over his last ten appearances.

- Ghim has finished in the top 20 three times over his last ten appearances.

- He had his best finish at The RSM Classic, where he finished tied for seventh with a score of 18-under.

- Ghim has an average of 0.202 Strokes Gained: Off-the-Tee in his past five tournaments.

- He has an average of 0.160 Strokes Gained: Approach the Green in his past five tournaments.

- He has an average of -0.089 Strokes Gained: Putting in his past five tournaments.

- Ghim has averaged 0.234 Strokes Gained: Total in his past five tournaments.

## Ghim's Strokes Gained rankings

## Ghim's advanced stats and rankings

- Ghim posted a Strokes Gained: Off-the-Tee average of 0.475 (29th) this season, while his average Driving Distance of 304.5 yards ranked 68th on TOUR.

- In terms of Strokes Gained: Approach the Green this season, Ghim sported a -1.084 mark that ranked 104th on TOUR. He ranked 82nd with a 65.28% Greens in Regulation rate.

- Ghim excelled around the green this season with a 0.704 Strokes Gained: Around-the-Green mark, which placed him 12th on TOUR.

- On the greens, Ghim delivered a -0.128 Strokes Gained: Putting mark this season, which placed him 66th on TOUR. In addition, he ranked 40th with a Putts Per Round average of 29.50.

- Ghim has earned 6 FedExCup Regular Season points this season, ranking 54th.

All stats in this article are accurate for Ghim as of the start of The American Express.

Responsible sports betting starts with a game plan. Set a budget. Keep it social. Play with friends. Learn the game and know the odds. Play with trusted, licensed operators. CLICK HERE to learn more at HaveAGamePlan.org.

Note: Using player performance data from ShotLink powered by CDW, the PGA TOUR has created this story using AWS Gen AI technology. While we strive for accuracy and quality, please note that the information provided may not be entirely error-free.

The American Express

- PGA TOUR

PGA TOUR, PGA TOUR Champions, and the Swinging Golfer design are registered trademarks. The Korn Ferry trademark is also a registered trademark, and is used in the Korn Ferry Tour logo with permission."
Vince Whaley betting profile: The American Express,Vince Whaley betting profile: The American Express - PGA TOUR,Vince Whaley finished tied for 64th at 9-under in his most recent appearance at The American Express in 2025. He'll tee off at Pete Dye Stadium Course Jan. 22-2,,,the-american-express,https://www.pgatour.com/article/news/betting-profile/2026/the-american-express/vince-whaley-pga-tour-betting-stats-the-american-express-2026,"1 Min Read Vince Whaley of the United States plays his shot from the 17th tee during the third round of the Sony Open in Hawaii 2026 at Waialae Country Club on January 17, 2026 in Honolulu, Hawaii. (Cliff Hawkins/Getty Images) Vince Whaley finished tied for 64th at 9-under in his most recent appearance at The American Express in 2025. He'll tee off at Pete Dye Stadium Course Jan. 22-25 with his sights set higher this time around in the 2026 American Express.",Whaley's recent history at The American Express | At The American Express | Whaley's recent results | Whaley's recent performances | Whaley's Strokes Gained rankings | Whaley's advanced stats and rankings | Jacob Bridgeman betting profile: The American Express | Zach Johnson betting profile: The American Express | Sami Valimaki betting profile: The American Express | THE TOUR | Partnerships | Quick Links | Shop | Apps,"In Whaley's most recent appearance at The American Express, in 2025, he finished tied for 64th after posting a score of 9-under. | Whaley's best finish at this event came in 2024, when he finished tied for 34th at 18-under. | Sepp Straka won this tournament in 2025, finishing at 25-under. | Whaley has finished in the top five twice and in the top 20 three times over his last ten appearances. | He had his best finish at the Butterfield Bermuda Championship, where he finished tied for third with a score of 10-under. | Whaley has an average of -0.229 Strokes Gained: Off-the-Tee in his past five tournaments. | He has an average of -0.349 Strokes Gained: Approach the Green in his past five tournaments. | Whaley has averaged -0.043 Strokes Gained: Total in his past five tournaments. | Whaley has posted a Strokes Gained: Off-the-Tee average of -0.012 (64th) this season, while his average Driving Distance of 302.5 yards ranks 77th on TOUR. | In terms of Strokes Gained: Approach the Green this season, Whaley sports a -0.544 mark that ranks 83rd on TOUR. He ranks 60th with a 68.06% Greens in Regulation rate. | On the greens, Whaley has delivered a 0.982 Strokes Gained: Putting mark this season, which places him 18th on TOUR. In addition, he ranks 33rd with a Putts Per Round average of 29.25, and he ranks 61st by breaking par 19.44% of the time. | Whaley has earned 12 FedExCup Regular Season points this season, ranking him 39th. | PGA TOUR","1 Min Read
Vince Whaley of the United States plays his shot from the 17th tee during the third round of the Sony Open in Hawaii 2026 at Waialae Country Club on January 17, 2026 in Honolulu, Hawaii. (Cliff Hawkins/Getty Images)
Vince Whaley finished tied for 64th at 9-under in his most recent appearance at The American Express in 2025. He'll tee off at Pete Dye Stadium Course Jan. 22-25 with his sights set higher this time around in the 2026 American Express.
All stats in this article are accurate for Whaley as of the start of The American Express.
Responsible sports betting starts with a game plan. Set a budget. Keep it social. Play with friends. Learn the game and know the odds. Play with trusted, licensed operators. CLICK HERE to learn more at HaveAGamePlan.org.
Note: Using player performance data from ShotLink powered by CDW, the PGA TOUR has created this story using AWS Gen AI technology. While we strive for accuracy and quality, please note that the information provided may not be entirely error-free.
The American Express
PGA TOUR, PGA TOUR Champions, and the Swinging Golfer design are registered trademarks. The Korn Ferry trademark is also a registered trademark, and is used in the Korn Ferry Tour logo with permission.","1 Min Read

Vince Whaley of the United States plays his shot from the 17th tee during the third round of the Sony Open in Hawaii 2026 at Waialae Country Club on January 17, 2026 in Honolulu, Hawaii. (Cliff Hawkins/Getty Images)

Vince Whaley finished tied for 64th at 9-under in his most recent appearance at The American Express in 2025. He'll tee off at Pete Dye Stadium Course Jan. 22-25 with his sights set higher this time around in the 2026 American Express.

## Whaley's recent history at The American Express

## At The American Express

- In Whaley's most recent appearance at The American Express, in 2025, he finished tied for 64th after posting a score of 9-under.

- Whaley's best finish at this event came in 2024, when he finished tied for 34th at 18-under.

- Sepp Straka won this tournament in 2025, finishing at 25-under.

## Whaley's recent results

## Whaley's recent performances

- Whaley has finished in the top five twice and in the top 20 three times over his last ten appearances.

- He had his best finish at the Butterfield Bermuda Championship, where he finished tied for third with a score of 10-under.

- Whaley has an average of -0.229 Strokes Gained: Off-the-Tee in his past five tournaments.

- He has an average of -0.349 Strokes Gained: Approach the Green in his past five tournaments.

- Whaley has averaged -0.043 Strokes Gained: Total in his past five tournaments.

## Whaley's Strokes Gained rankings

## Whaley's advanced stats and rankings

- Whaley has posted a Strokes Gained: Off-the-Tee average of -0.012 (64th) this season, while his average Driving Distance of 302.5 yards ranks 77th on TOUR.

- In terms of Strokes Gained: Approach the Green this season, Whaley sports a -0.544 mark that ranks 83rd on TOUR. He ranks 60th with a 68.06% Greens in Regulation rate.

- On the greens, Whaley has delivered a 0.982 Strokes Gained: Putting mark this season, which places him 18th on TOUR. In addition, he ranks 33rd with a Putts Per Round average of 29.25, and he ranks 61st by breaking par 19.44% of the time.

- Whaley has earned 12 FedExCup Regular Season points this season, ranking him 39th.

All stats in this article are accurate for Whaley as of the start of The American Express.

Responsible sports betting starts with a game plan. Set a budget. Keep it social. Play with friends. Learn the game and know the odds. Play with trusted, licensed operators. CLICK HERE to learn more at HaveAGamePlan.org.

Note: Using player performance data from ShotLink powered by CDW, the PGA TOUR has created this story using AWS Gen AI technology. While we strive for accuracy and quality, please note that the information provided may not be entirely error-free.

The American Express

- PGA TOUR

PGA TOUR, PGA TOUR Champions, and the Swinging Golfer design are registered trademarks. The Korn Ferry trademark is also a registered trademark, and is used in the Korn Ferry Tour logo with permission."
Kevin Roy betting profile: The American Express,Kevin Roy betting profile: The American Express - PGA TOUR,Kevin Roy finished tied for 18th at 16-under in his most recent appearance at this tournament in 2025. He'll tee off at Pete Dye Stadium Course Jan. 22-25 with,,,the-american-express,https://www.pgatour.com/article/news/betting-profile/2026/the-american-express/kevin-roy-pga-tour-betting-stats-the-american-express-2026,"1 Min Read Kevin Roy of the United States plays his shot from the 16th tee during the final round of the Sony Open in Hawaii 2026 at Waialae Country Club on January 18, 2026 in Honolulu, Hawaii. (Mike Mulholland/Getty Images) Kevin Roy finished tied for 18th at 16-under in his most recent appearance at this tournament in 2025. He'll tee off at Pete Dye Stadium Course Jan. 22-25 with hopes of improving on that performance in the 2026 The American Express.",Roy's recent history at The American Express | At The American Express | Roy's recent results | Roy's recent performances | Roy's Strokes Gained rankings | Roy's advanced stats and rankings | Jacob Bridgeman betting profile: The American Express | Zach Johnson betting profile: The American Express | Sami Valimaki betting profile: The American Express | THE TOUR | Partnerships | Quick Links | Shop | Apps,"In Roy's most recent appearance at The American Express, in 2025, he finished tied for 18th after posting a score of 16-under. | Roy's best finish at this event came in 2025, when he finished tied for 18th at 16-under. | Sepp Straka won this tournament in 2025, finishing at 25-under. | Roy has finished in the top 20 twice over his last ten appearances. | He had his best finish at the Sony Open in Hawaii, where he finished tied for 13th with a score of 9-under. | Roy has an average of 0.428 Strokes Gained: Off-the-Tee in his past five tournaments. | He has an average of -0.243 Strokes Gained: Approach the Green in his past five tournaments. | Roy has averaged 0.204 Strokes Gained: Total in his past five tournaments. | Roy posted a Strokes Gained: Off-the-Tee average of 0.233 (44th) this season, while his average Driving Distance of 304.3 yards ranked 69th on TOUR. | In terms of Strokes Gained: Approach the Green this season, Roy sported a -1.031 mark that ranked 101st on TOUR. He ranked 99th with a 61.11% Greens in Regulation rate. | Roy delivered exceptional putting performance this season with a 1.484 Strokes Gained: Putting mark, which placed him fifth on TOUR. In addition, he ranked third with a Putts Per Round average of 27.25. | Roy's short game has been a strength this season, ranking eighth with a 0.781 Strokes Gained: Around-the-Green average. | Roy has earned 54 FedExCup Regular Season points this season, ranking 13th. | PGA TOUR","1 Min Read
Kevin Roy of the United States plays his shot from the 16th tee during the final round of the Sony Open in Hawaii 2026 at Waialae Country Club on January 18, 2026 in Honolulu, Hawaii. (Mike Mulholland/Getty Images)
Kevin Roy finished tied for 18th at 16-under in his most recent appearance at this tournament in 2025. He'll tee off at Pete Dye Stadium Course Jan. 22-25 with hopes of improving on that performance in the 2026 The American Express.
All stats in this article are accurate for Roy as of the start of The American Express.
Responsible sports betting starts with a game plan. Set a budget. Keep it social. Play with friends. Learn the game and know the odds. Play with trusted, licensed operators. CLICK HERE to learn more at HaveAGamePlan.org.
Note: Using player performance data from ShotLink powered by CDW, the PGA TOUR has created this story using AWS Gen AI technology. While we strive for accuracy and quality, please note that the information provided may not be entirely error-free.
The American Express
PGA TOUR, PGA TOUR Champions, and the Swinging Golfer design are registered trademarks. The Korn Ferry trademark is also a registered trademark, and is used in the Korn Ferry Tour logo with permission.","1 Min Read

Kevin Roy of the United States plays his shot from the 16th tee during the final round of the Sony Open in Hawaii 2026 at Waialae Country Club on January 18, 2026 in Honolulu, Hawaii. (Mike Mulholland/Getty Images)

Kevin Roy finished tied for 18th at 16-under in his most recent appearance at this tournament in 2025. He'll tee off at Pete Dye Stadium Course Jan. 22-25 with hopes of improving on that performance in the 2026 The American Express.

## Roy's recent history at The American Express

## At The American Express

- In Roy's most recent appearance at The American Express, in 2025, he finished tied for 18th after posting a score of 16-under.

- Roy's best finish at this event came in 2025, when he finished tied for 18th at 16-under.

- Sepp Straka won this tournament in 2025, finishing at 25-under.

## Roy's recent results

## Roy's recent performances

- Roy has finished in the top 20 twice over his last ten appearances.

- He had his best finish at the Sony Open in Hawaii, where he finished tied for 13th with a score of 9-under.

- Roy has an average of 0.428 Strokes Gained: Off-the-Tee in his past five tournaments.

- He has an average of -0.243 Strokes Gained: Approach the Green in his past five tournaments.

- Roy has averaged 0.204 Strokes Gained: Total in his past five tournaments.

## Roy's Strokes Gained rankings

## Roy's advanced stats and rankings

- Roy posted a Strokes Gained: Off-the-Tee average of 0.233 (44th) this season, while his average Driving Distance of 304.3 yards ranked 69th on TOUR.

- In terms of Strokes Gained: Approach the Green this season, Roy sported a -1.031 mark that ranked 101st on TOUR. He ranked 99th with a 61.11% Greens in Regulation rate.

- Roy delivered exceptional putting performance this season with a 1.484 Strokes Gained: Putting mark, which placed him fifth on TOUR. In addition, he ranked third with a Putts Per Round average of 27.25.

- Roy's short game has been a strength this season, ranking eighth with a 0.781 Strokes Gained: Around-the-Green average.

- Roy has earned 54 FedExCup Regular Season points this season, ranking 13th.

All stats in this article are accurate for Roy as of the start of The American Express.

Responsible sports betting starts with a game plan. Set a budget. Keep it social. Play with friends. Learn the game and know the odds. Play with trusted, licensed operators. CLICK HERE to learn more at HaveAGamePlan.org.

Note: Using player performance data from ShotLink powered by CDW, the PGA TOUR has created this story using AWS Gen AI technology. While we strive for accuracy and quality, please note that the information provided may not be entirely error-free.

The American Express

- PGA TOUR

PGA TOUR, PGA TOUR Champions, and the Swinging Golfer design are registered trademarks. The Korn Ferry trademark is also a registered trademark, and is used in the Korn Ferry Tour logo with permission."
Takumi Kanaya betting profile: The American Express,Takumi Kanaya betting profile: The American Express - PGA TOUR,"Takumi Kanaya missed the cut at The American Express in 2025, shooting 7-under through two rounds. He'll tee off at Pete Dye Stadium Course Jan. 22-25 with his",,,the-american-express,https://www.pgatour.com/article/news/betting-profile/2026/the-american-express/takumi-kanaya-pga-tour-betting-stats-the-american-express-2026,"1 Min Read Takumi Kanaya of Japan lines up a putt on the ninth green during the third round of the Sony Open in Hawaii 2026 at Waialae Country Club on January 17, 2026 in Honolulu, Hawaii. (Mike Mulholland/Getty Images) Takumi Kanaya missed the cut at The American Express in 2025, shooting 7-under through two rounds. He'll tee off at Pete Dye Stadium Course Jan. 22-25 with his sights set higher this time around in the 2026 American Express.",Kanaya's recent history at The American Express | At The American Express | Kanaya's recent results | Kanaya's recent performances | Kanaya's Strokes Gained rankings | Kanaya's advanced stats and rankings | Scottie Scheffler betting profile: The American Express | Harris English betting profile: The American Express | Sam Ryder betting profile: The American Express | THE TOUR | Partnerships | Quick Links | Shop | Apps,"In Kanaya's most recent appearance at The American Express, in 2025, he missed the cut after posting a score of 7-under. | Sepp Straka won this tournament in 2025, finishing at 25-under. | Kanaya has finished in the top 10 three times over his last ten appearances. | Kanaya has finished in the top five twice over his last ten appearances. | He had his best finish at the Butterfield Bermuda Championship, where he finished tied for third with a score of 10-under. | Kanaya has an average of 0.008 Strokes Gained: Off-the-Tee in his past five tournaments. | He has an average of -0.018 Strokes Gained: Approach the Green in his past five tournaments. | Kanaya has averaged 0.468 Strokes Gained: Total in his past five tournaments. | Kanaya posts a Strokes Gained: Off-the-Tee average of 0.075 (53rd) this season, while his average Driving Distance of 314.4 yards ranks 26th on TOUR. | In terms of Strokes Gained: Approach the Green this season, Kanaya sports a -0.161 mark that ranks 68th on TOUR. He ranks 60th with a 68.06% Greens in Regulation rate. | On the greens, Kanaya delivers a 0.638 Strokes Gained: Putting mark this season, which places him 25th on TOUR. In addition, he ranks 33rd with a Putts Per Round average of 29.25, and he ranks 80th by breaking par 16.67% of the time. | Kanaya has earned 21 FedExCup Regular Season points and ranks 10th in Bogey Avoidance at 11.11%. | PGA TOUR","1 Min Read
Takumi Kanaya of Japan lines up a putt on the ninth green during the third round of the Sony Open in Hawaii 2026 at Waialae Country Club on January 17, 2026 in Honolulu, Hawaii. (Mike Mulholland/Getty Images)
Takumi Kanaya missed the cut at The American Express in 2025, shooting 7-under through two rounds. He'll tee off at Pete Dye Stadium Course Jan. 22-25 with his sights set higher this time around in the 2026 American Express.
All stats in this article are accurate for Kanaya as of the start of The American Express.
Responsible sports betting starts with a game plan. Set a budget. Keep it social. Play with friends. Learn the game and know the odds. Play with trusted, licensed operators. CLICK HERE to learn more at HaveAGamePlan.org.
Note: Using player performance data from ShotLink powered by CDW, the PGA TOUR has created this story using AWS Gen AI technology. While we strive for accuracy and quality, please note that the information provided may not be entirely error-free.
The American Express
PGA TOUR, PGA TOUR Champions, and the Swinging Golfer design are registered trademarks. The Korn Ferry trademark is also a registered trademark, and is used in the Korn Ferry Tour logo with permission.","1 Min Read

Takumi Kanaya of Japan lines up a putt on the ninth green during the third round of the Sony Open in Hawaii 2026 at Waialae Country Club on January 17, 2026 in Honolulu, Hawaii. (Mike Mulholland/Getty Images)

Takumi Kanaya missed the cut at The American Express in 2025, shooting 7-under through two rounds. He'll tee off at Pete Dye Stadium Course Jan. 22-25 with his sights set higher this time around in the 2026 American Express.

## Kanaya's recent history at The American Express

## At The American Express

- In Kanaya's most recent appearance at The American Express, in 2025, he missed the cut after posting a score of 7-under.

- Sepp Straka won this tournament in 2025, finishing at 25-under.

## Kanaya's recent results

## Kanaya's recent performances

- Kanaya has finished in the top 10 three times over his last ten appearances.

- Kanaya has finished in the top five twice over his last ten appearances.

- He had his best finish at the Butterfield Bermuda Championship, where he finished tied for third with a score of 10-under.

- Kanaya has an average of 0.008 Strokes Gained: Off-the-Tee in his past five tournaments.

- He has an average of -0.018 Strokes Gained: Approach the Green in his past five tournaments.

- Kanaya has averaged 0.468 Strokes Gained: Total in his past five tournaments.

## Kanaya's Strokes Gained rankings

## Kanaya's advanced stats and rankings

- Kanaya posts a Strokes Gained: Off-the-Tee average of 0.075 (53rd) this season, while his average Driving Distance of 314.4 yards ranks 26th on TOUR.

- In terms of Strokes Gained: Approach the Green this season, Kanaya sports a -0.161 mark that ranks 68th on TOUR. He ranks 60th with a 68.06% Greens in Regulation rate.

- On the greens, Kanaya delivers a 0.638 Strokes Gained: Putting mark this season, which places him 25th on TOUR. In addition, he ranks 33rd with a Putts Per Round average of 29.25, and he ranks 80th by breaking par 16.67% of the time.

- Kanaya has earned 21 FedExCup Regular Season points and ranks 10th in Bogey Avoidance at 11.11%.

All stats in this article are accurate for Kanaya as of the start of The American Express.

Responsible sports betting starts with a game plan. Set a budget. Keep it social. Play with friends. Learn the game and know the odds. Play with trusted, licensed operators. CLICK HERE to learn more at HaveAGamePlan.org.

Note: Using player performance data from ShotLink powered by CDW, the PGA TOUR has created this story using AWS Gen AI technology. While we strive for accuracy and quality, please note that the information provided may not be entirely error-free.

The American Express

- PGA TOUR

PGA TOUR, PGA TOUR Champions, and the Swinging Golfer design are registered trademarks. The Korn Ferry trademark is also a registered trademark, and is used in the Korn Ferry Tour logo with permission."
Michael Thorbjornsen betting profile: The American Express,Michael Thorbjornsen betting profile: The American Express - PGA TOUR,"Michael Thorbjornsen missed the cut at The American Express in 2025, shooting 8-under. He returns to Pete Dye Stadium Course in La Quinta, California, Jan. 22-2",,,the-american-express,https://www.pgatour.com/article/news/betting-profile/2026/the-american-express/michael-thorbjornsen-pga-tour-betting-stats-the-american-express-2026,"1 Min Read Michael Thorbjornsen of the United States plays his shot from the 16th tee during the final round of The RSM Classic 2025 at Sea Island Resort on November 23, 2025 in St Simons Island, Georgia. (Mike Mulholland/Getty Images) Michael Thorbjornsen missed the cut at The American Express in 2025, shooting 8-under. He returns to Pete Dye Stadium Course in La Quinta, California, Jan. 22-25 for the 2026 tournament with a $9.2 million purse.",Thorbjornsen's recent history at The American Express | At The American Express | Thorbjornsen's recent results | Thorbjornsen's recent performances | Thorbjornsen's Strokes Gained rankings | Thorbjornsen's advanced stats and rankings | Scottie Scheffler betting profile: The American Express | Harris English betting profile: The American Express | Sam Ryder betting profile: The American Express | THE TOUR | Partnerships | Quick Links | Shop | Apps,"In Thorbjornsen's most recent appearance at The American Express, in 2025, he missed the cut after posting a score of 8-under. | Sepp Straka won this tournament in 2025, finishing at 25-under. | Thorbjornsen has finished in the top ten twice and in the top twenty four times over his last ten appearances. | He had his best finish at the Baycurrent Classic, where he finished third with a score of 16-under. | Thorbjornsen has an average of 0.530 Strokes Gained: Off-the-Tee in his past five tournaments. | He has an average of 0.472 Strokes Gained: Approach the Green in his past five tournaments. | Thorbjornsen has averaged 0.900 Strokes Gained: Total in his past five tournaments. | Thorbjornsen posted a 0.530 Strokes Gained: Off-the-Tee average in his past five tournaments. | In terms of Strokes Gained: Approach the Green, Thorbjornsen sported a 0.472 mark in his past five starts. | Around the green, Thorbjornsen delivered a -0.074 Strokes Gained: Around-the-Green mark in his past five tournaments. | PGA TOUR","1 Min Read
Michael Thorbjornsen of the United States plays his shot from the 16th tee during the final round of The RSM Classic 2025 at Sea Island Resort on November 23, 2025 in St Simons Island, Georgia. (Mike Mulholland/Getty Images)
Michael Thorbjornsen missed the cut at The American Express in 2025, shooting 8-under. He returns to Pete Dye Stadium Course in La Quinta, California, Jan. 22-25 for the 2026 tournament with a $9.2 million purse.
All stats in this article are accurate for Thorbjornsen as of the start of The American Express.
Responsible sports betting starts with a game plan. Set a budget. Keep it social. Play with friends. Learn the game and know the odds. Play with trusted, licensed operators. CLICK HERE to learn more at HaveAGamePlan.org.
Note: Using player performance data from ShotLink powered by CDW, the PGA TOUR has created this story using AWS Gen AI technology. While we strive for accuracy and quality, please note that the information provided may not be entirely error-free.
The American Express
PGA TOUR, PGA TOUR Champions, and the Swinging Golfer design are registered trademarks. The Korn Ferry trademark is also a registered trademark, and is used in the Korn Ferry Tour logo with permission.","1 Min Read

Michael Thorbjornsen of the United States plays his shot from the 16th tee during the final round of The RSM Classic 2025 at Sea Island Resort on November 23, 2025 in St Simons Island, Georgia. (Mike Mulholland/Getty Images)

Michael Thorbjornsen missed the cut at The American Express in 2025, shooting 8-under. He returns to Pete Dye Stadium Course in La Quinta, California, Jan. 22-25 for the 2026 tournament with a $9.2 million purse.

## Thorbjornsen's recent history at The American Express

## At The American Express

- In Thorbjornsen's most recent appearance at The American Express, in 2025, he missed the cut after posting a score of 8-under.

- Sepp Straka won this tournament in 2025, finishing at 25-under.

## Thorbjornsen's recent results

## Thorbjornsen's recent performances

- Thorbjornsen has finished in the top ten twice and in the top twenty four times over his last ten appearances.

- He had his best finish at the Baycurrent Classic, where he finished third with a score of 16-under.

- Thorbjornsen has an average of 0.530 Strokes Gained: Off-the-Tee in his past five tournaments.

- He has an average of 0.472 Strokes Gained: Approach the Green in his past five tournaments.

- Thorbjornsen has averaged 0.900 Strokes Gained: Total in his past five tournaments.

## Thorbjornsen's Strokes Gained rankings

## Thorbjornsen's advanced stats and rankings

- Thorbjornsen posted a 0.530 Strokes Gained: Off-the-Tee average in his past five tournaments.

- In terms of Strokes Gained: Approach the Green, Thorbjornsen sported a 0.472 mark in his past five starts.

- Around the green, Thorbjornsen delivered a -0.074 Strokes Gained: Around-the-Green mark in his past five tournaments.

All stats in this article are accurate for Thorbjornsen as of the start of The American Express.

Responsible sports betting starts with a game plan. Set a budget. Keep it social. Play with friends. Learn the game and know the odds. Play with trusted, licensed operators. CLICK HERE to learn more at HaveAGamePlan.org.

Note: Using player performance data from ShotLink powered by CDW, the PGA TOUR has created this story using AWS Gen AI technology. While we strive for accuracy and quality, please note that the information provided may not be entirely error-free.

The American Express

- PGA TOUR

PGA TOUR, PGA TOUR Champions, and the Swinging Golfer design are registered trademarks. The Korn Ferry trademark is also a registered trademark, and is used in the Korn Ferry Tour logo with permission."
Sam Stevens betting profile: The American Express,Sam Stevens betting profile: The American Express - PGA TOUR,Sam Stevens finished tied for 51st at 11-under in his most recent appearance at The American Express. He'll tee off at Pete Dye Stadium Course Jan. 22-25 with h,,,the-american-express,https://www.pgatour.com/article/news/betting-profile/2026/the-american-express/sam-stevens-pga-tour-betting-stats-the-american-express-2026,"1 Min Read Detailed view of The PGA TOUR flag during the second round of the Korn Ferry Tour Qualifying Tournament at Landings Club-Marshwood Course on November 6, 2022 in Savannah, Georgia. (Andrew Wevers/PGA TOUR) Sam Stevens finished tied for 51st at 11-under in his most recent appearance at The American Express. He'll tee off at Pete Dye Stadium Course Jan. 22-25 with his sights set higher this time around in the 2026 American Express.",Stevens's recent history at The American Express | At The American Express | Stevens's recent results | Stevens's recent performances | Stevens's Strokes Gained rankings | Stevens's advanced stats and rankings | Jacob Bridgeman betting profile: The American Express | Zach Johnson betting profile: The American Express | Sami Valimaki betting profile: The American Express | THE TOUR | Partnerships | Quick Links | Shop | Apps,"In Stevens's most recent appearance at The American Express, in 2025, he finished tied for 51st after posting a score of 11-under. | Sepp Straka won this tournament in 2025, finishing at 25-under. | Stevens has finished in the top ten twice over his last ten appearances. | He had his best finish at the 3M Open, where he finished second with a score of 22-under. | Stevens has an average of 0.166 Strokes Gained: Off-the-Tee in his past five tournaments. | He has an average of -0.090 Strokes Gained: Approach the Green in his past five tournaments. | Stevens has averaged -0.419 Strokes Gained: Total in his past five tournaments. | Stevens posted a Strokes Gained: Off-the-Tee average of 0.060 (55th) this season, while his average Driving Distance of 323.0 yards ranked seventh on TOUR. | In terms of Strokes Gained: Approach the Green this season, Stevens sported a 0.981 mark that ranked 10th on TOUR. He ranked 22nd with a 75.00% Greens in Regulation rate. | On the greens, Stevens delivered a -0.067 Strokes Gained: Putting mark this season, which placed him 59th on TOUR. In addition, he ranked 80th with a Putts Per Round average of 30.75, and he ranked 10th by breaking par 26.39% of the time. | Stevens has earned 21 FedExCup Regular Season points this season, ranking 31st. | PGA TOUR","1 Min Read
Detailed view of The PGA TOUR flag during the second round of the Korn Ferry Tour Qualifying Tournament at Landings Club-Marshwood Course on November 6, 2022 in Savannah, Georgia. (Andrew Wevers/PGA TOUR)
Sam Stevens finished tied for 51st at 11-under in his most recent appearance at The American Express. He'll tee off at Pete Dye Stadium Course Jan. 22-25 with his sights set higher this time around in the 2026 American Express.
All stats in this article are accurate for Stevens as of the start of The American Express.
Responsible sports betting starts with a game plan. Set a budget. Keep it social. Play with friends. Learn the game and know the odds. Play with trusted, licensed operators. CLICK HERE to learn more at HaveAGamePlan.org.
Note: Using player performance data from ShotLink powered by CDW, the PGA TOUR has created this story using AWS Gen AI technology. While we strive for accuracy and quality, please note that the information provided may not be entirely error-free.
The American Express
PGA TOUR, PGA TOUR Champions, and the Swinging Golfer design are registered trademarks. The Korn Ferry trademark is also a registered trademark, and is used in the Korn Ferry Tour logo with permission.","1 Min Read

Detailed view of The PGA TOUR flag during the second round of the Korn Ferry Tour Qualifying Tournament at Landings Club-Marshwood Course on November 6, 2022 in Savannah, Georgia. (Andrew Wevers/PGA TOUR)

Sam Stevens finished tied for 51st at 11-under in his most recent appearance at The American Express. He'll tee off at Pete Dye Stadium Course Jan. 22-25 with his sights set higher this time around in the 2026 American Express.

## Stevens's recent history at The American Express

## At The American Express

- In Stevens's most recent appearance at The American Express, in 2025, he finished tied for 51st after posting a score of 11-under.

- Sepp Straka won this tournament in 2025, finishing at 25-under.

## Stevens's recent results

## Stevens's recent performances

- Stevens has finished in the top ten twice over his last ten appearances.

- He had his best finish at the 3M Open, where he finished second with a score of 22-under.

- Stevens has an average of 0.166 Strokes Gained: Off-the-Tee in his past five tournaments.

- He has an average of -0.090 Strokes Gained: Approach the Green in his past five tournaments.

- Stevens has averaged -0.419 Strokes Gained: Total in his past five tournaments.

## Stevens's Strokes Gained rankings

## Stevens's advanced stats and rankings

- Stevens posted a Strokes Gained: Off-the-Tee average of 0.060 (55th) this season, while his average Driving Distance of 323.0 yards ranked seventh on TOUR.

- In terms of Strokes Gained: Approach the Green this season, Stevens sported a 0.981 mark that ranked 10th on TOUR. He ranked 22nd with a 75.00% Greens in Regulation rate.

- On the greens, Stevens delivered a -0.067 Strokes Gained: Putting mark this season, which placed him 59th on TOUR. In addition, he ranked 80th with a Putts Per Round average of 30.75, and he ranked 10th by breaking par 26.39% of the time.

- Stevens has earned 21 FedExCup Regular Season points this season, ranking 31st.

All stats in this article are accurate for Stevens as of the start of The American Express.

Responsible sports betting starts with a game plan. Set a budget. Keep it social. Play with friends. Learn the game and know the odds. Play with trusted, licensed operators. CLICK HERE to learn more at HaveAGamePlan.org.

Note: Using player performance data from ShotLink powered by CDW, the PGA TOUR has created this story using AWS Gen AI technology. While we strive for accuracy and quality, please note that the information provided may not be entirely error-free.

The American Express

- PGA TOUR

PGA TOUR, PGA TOUR Champions, and the Swinging Golfer design are registered trademarks. The Korn Ferry trademark is also a registered trademark, and is used in the Korn Ferry Tour logo with permission."
Mac Meissner betting profile: The American Express,Mac Meissner betting profile: The American Express - PGA TOUR,Mac Meissner finished tied for 68th at 7-under in his most recent appearance at this tournament in 2025. He'll tee off at Pete Dye Stadium Course Jan. 22-25 wit,,,the-american-express,https://www.pgatour.com/article/news/betting-profile/2026/the-american-express/mac-meissner-pga-tour-betting-stats-the-american-express-2026,"1 Min Read Mac Meissner of the United States plays his shot from the 11th tee during the second round of the Sony Open in Hawaii 2026 at Waialae Country Club on January 16, 2026 in Honolulu, Hawaii. (Mike Mulholland/Getty Images) Mac Meissner finished tied for 68th at 7-under in his most recent appearance at this tournament in 2025. He'll tee off at Pete Dye Stadium Course Jan. 22-25 with hopes of improving upon his past performances at The American Express.",Meissner's recent history at The American Express | At The American Express | Meissner's recent results | Meissner's recent performances | Meissner's Strokes Gained rankings | Meissner's advanced stats and rankings | Scottie Scheffler betting profile: The American Express | Harris English betting profile: The American Express | Sam Ryder betting profile: The American Express | THE TOUR | Partnerships | Quick Links | Shop | Apps,"In Meissner's most recent appearance at The American Express, in 2025, he finished tied for 68th after posting a score of 7-under. | Sepp Straka won this tournament in 2025, finishing at 25-under. | Meissner has finished in the top twenty four times over his last ten appearances. | He had his best finish at the Wyndham Championship, where he finished second with a score of 16-under. | Meissner has an average of 0.385 Strokes Gained: Off-the-Tee in his past five tournaments. | He has an average of 0.332 Strokes Gained: Approach the Green in his past five tournaments. | He has an average of 0.404 Strokes Gained: Around-the-Green in his past five tournaments. | He has an average of -0.012 Strokes Gained: Putting in his past five tournaments. | Meissner has averaged 1.109 Strokes Gained: Total in his past five tournaments. | Meissner posted a Strokes Gained: Off-the-Tee average of -0.035 (65th) this season, while his average Driving Distance of 300.0 yards ranks 88th on TOUR. | In terms of Strokes Gained: Approach the Green this season, Meissner sports a 0.500 mark that ranks 31st on TOUR. He ranks 18th with a 76.39% Greens in Regulation rate. | On the greens, Meissner delivers a 0.291 Strokes Gained: Putting mark this season, which places him 43rd on TOUR. In addition, he ranks 69th with a Putts Per Round average of 30.50, and he ranks 10th by breaking par 26.39% of the time. | Meissner has earned 12 FedExCup Regular Season points this season (39th). | PGA TOUR","1 Min Read
Mac Meissner of the United States plays his shot from the 11th tee during the second round of the Sony Open in Hawaii 2026 at Waialae Country Club on January 16, 2026 in Honolulu, Hawaii. (Mike Mulholland/Getty Images)
Mac Meissner finished tied for 68th at 7-under in his most recent appearance at this tournament in 2025. He'll tee off at Pete Dye Stadium Course Jan. 22-25 with hopes of improving upon his past performances at The American Express.
All stats in this article are accurate for Meissner as of the start of The American Express.
Responsible sports betting starts with a game plan. Set a budget. Keep it social. Play with friends. Learn the game and know the odds. Play with trusted, licensed operators. CLICK HERE to learn more at HaveAGamePlan.org.
Note: Using player performance data from ShotLink powered by CDW, the PGA TOUR has created this story using AWS Gen AI technology. While we strive for accuracy and quality, please note that the information provided may not be entirely error-free.
The American Express
PGA TOUR, PGA TOUR Champions, and the Swinging Golfer design are registered trademarks. The Korn Ferry trademark is also a registered trademark, and is used in the Korn Ferry Tour logo with permission.","1 Min Read

Mac Meissner of the United States plays his shot from the 11th tee during the second round of the Sony Open in Hawaii 2026 at Waialae Country Club on January 16, 2026 in Honolulu, Hawaii. (Mike Mulholland/Getty Images)

Mac Meissner finished tied for 68th at 7-under in his most recent appearance at this tournament in 2025. He'll tee off at Pete Dye Stadium Course Jan. 22-25 with hopes of improving upon his past performances at The American Express.

## Meissner's recent history at The American Express

## At The American Express

- In Meissner's most recent appearance at The American Express, in 2025, he finished tied for 68th after posting a score of 7-under.

- Sepp Straka won this tournament in 2025, finishing at 25-under.

## Meissner's recent results

## Meissner's recent performances

- Meissner has finished in the top twenty four times over his last ten appearances.

- He had his best finish at the Wyndham Championship, where he finished second with a score of 16-under.

- Meissner has an average of 0.385 Strokes Gained: Off-the-Tee in his past five tournaments.

- He has an average of 0.332 Strokes Gained: Approach the Green in his past five tournaments.

- He has an average of 0.404 Strokes Gained: Around-the-Green in his past five tournaments.

- He has an average of -0.012 Strokes Gained: Putting in his past five tournaments.

- Meissner has averaged 1.109 Strokes Gained: Total in his past five tournaments.

## Meissner's Strokes Gained rankings

## Meissner's advanced stats and rankings

- Meissner posted a Strokes Gained: Off-the-Tee average of -0.035 (65th) this season, while his average Driving Distance of 300.0 yards ranks 88th on TOUR.

- In terms of Strokes Gained: Approach the Green this season, Meissner sports a 0.500 mark that ranks 31st on TOUR. He ranks 18th with a 76.39% Greens in Regulation rate.

- On the greens, Meissner delivers a 0.291 Strokes Gained: Putting mark this season, which places him 43rd on TOUR. In addition, he ranks 69th with a Putts Per Round average of 30.50, and he ranks 10th by breaking par 26.39% of the time.

- Meissner has earned 12 FedExCup Regular Season points this season (39th).

All stats in this article are accurate for Meissner as of the start of The American Express.

Responsible sports betting starts with a game plan. Set a budget. Keep it social. Play with friends. Learn the game and know the odds. Play with trusted, licensed operators. CLICK HERE to learn more at HaveAGamePlan.org.

Note: Using player performance data from ShotLink powered by CDW, the PGA TOUR has created this story using AWS Gen AI technology. While we strive for accuracy and quality, please note that the information provided may not be entirely error-free.

The American Express

- PGA TOUR

PGA TOUR, PGA TOUR Champions, and the Swinging Golfer design are registered trademarks. The Korn Ferry trademark is also a registered trademark, and is used in the Korn Ferry Tour logo with permission."
Johnny Keefer betting profile: The American Express,Johnny Keefer betting profile: The American Express - PGA TOUR,"Johnny Keefer has not competed in The American Express in the last five years. He'll tee off at Pete Dye Stadium Course in La Quinta, California Jan. 22-25 with",,,the-american-express,https://www.pgatour.com/article/news/betting-profile/2026/the-american-express/johnny-keefer-pga-tour-betting-stats-the-american-express-2026,"1 Min Read Johnny Keefer of the United States lines up a putton the ninth hole during the third round of the Sony Open in Hawaii 2026 at Waialae Country Club on January 17, 2026 in Honolulu, Hawaii. (Mike Mulholland/Getty Images) Johnny Keefer has not competed in The American Express in the last five years. He'll tee off at Pete Dye Stadium Course in La Quinta, California Jan. 22-25 with hopes of making his mark in the 2026 tournament.",At The American Express | Keefer's recent results | Keefer's recent performances | Keefer's Strokes Gained rankings | Keefer's advanced stats and rankings | Jacob Bridgeman betting profile: The American Express | Zach Johnson betting profile: The American Express | Sami Valimaki betting profile: The American Express | THE TOUR | Partnerships | Quick Links | Shop | Apps,"This is Keefer's first time competing in The American Express in the past five years. | Sepp Straka won this tournament in 2025, finishing at 25-under. | Keefer has finished in the top ten once over his last ten appearances. | He had his best finish at The RSM Classic, where he finished tied for seventh with a score of 18-under. | Keefer has an average of -0.175 Strokes Gained: Off-the-Tee in his past five tournaments. | He has an average of -0.161 Strokes Gained: Approach the Green in his past five tournaments. | He has an average of 0.324 Strokes Gained: Putting in his past five tournaments. | Keefer has averaged -0.410 Strokes Gained: Total in his past five tournaments. | Keefer posted a Strokes Gained: Off-the-Tee average of 0.659 (17th) this season, while his average Driving Distance of 318.8 yards ranks 16th on TOUR. | In terms of Strokes Gained: Approach the Green this season, Keefer sports a 0.594 mark that ranks 25th on TOUR. He ranks 10th with a 77.78% Greens in Regulation rate. | Around the greens, Keefer has struggled with a -0.758 Strokes Gained: Around-the-Green mark this season, which places him 106th on TOUR. | On the greens, Keefer delivered a -0.777 Strokes Gained: Putting mark this season, which placed him 87th on TOUR. In addition, he ranks 103rd with a Putts Per Round average of 32.00, and he ranks 61st by breaking par 19.44% of the time. | Keefer has earned four FedExCup Regular Season points this season, ranking 60th. | PGA TOUR","1 Min Read
Johnny Keefer of the United States lines up a putton the ninth hole during the third round of the Sony Open in Hawaii 2026 at Waialae Country Club on January 17, 2026 in Honolulu, Hawaii. (Mike Mulholland/Getty Images)
Johnny Keefer has not competed in The American Express in the last five years. He'll tee off at Pete Dye Stadium Course in La Quinta, California Jan. 22-25 with hopes of making his mark in the 2026 tournament.
All stats in this article are accurate for Keefer as of the start of The American Express.
Responsible sports betting starts with a game plan. Set a budget. Keep it social. Play with friends. Learn the game and know the odds. Play with trusted, licensed operators. CLICK HERE to learn more at HaveAGamePlan.org.
Note: Using player performance data from ShotLink powered by CDW, the PGA TOUR has created this story using AWS Gen AI technology. While we strive for accuracy and quality, please note that the information provided may not be entirely error-free.
The American Express
PGA TOUR, PGA TOUR Champions, and the Swinging Golfer design are registered trademarks. The Korn Ferry trademark is also a registered trademark, and is used in the Korn Ferry Tour logo with permission.","1 Min Read

Johnny Keefer of the United States lines up a putton the ninth hole during the third round of the Sony Open in Hawaii 2026 at Waialae Country Club on January 17, 2026 in Honolulu, Hawaii. (Mike Mulholland/Getty Images)

Johnny Keefer has not competed in The American Express in the last five years. He'll tee off at Pete Dye Stadium Course in La Quinta, California Jan. 22-25 with hopes of making his mark in the 2026 tournament.

## At The American Express

- This is Keefer's first time competing in The American Express in the past five years.

- Sepp Straka won this tournament in 2025, finishing at 25-under.

## Keefer's recent results

## Keefer's recent performances

- Keefer has finished in the top ten once over his last ten appearances.

- He had his best finish at The RSM Classic, where he finished tied for seventh with a score of 18-under.

- Keefer has an average of -0.175 Strokes Gained: Off-the-Tee in his past five tournaments.

- He has an average of -0.161 Strokes Gained: Approach the Green in his past five tournaments.

- He has an average of 0.324 Strokes Gained: Putting in his past five tournaments.

- Keefer has averaged -0.410 Strokes Gained: Total in his past five tournaments.

## Keefer's Strokes Gained rankings

## Keefer's advanced stats and rankings

- Keefer posted a Strokes Gained: Off-the-Tee average of 0.659 (17th) this season, while his average Driving Distance of 318.8 yards ranks 16th on TOUR.

- In terms of Strokes Gained: Approach the Green this season, Keefer sports a 0.594 mark that ranks 25th on TOUR. He ranks 10th with a 77.78% Greens in Regulation rate.

- Around the greens, Keefer has struggled with a -0.758 Strokes Gained: Around-the-Green mark this season, which places him 106th on TOUR.

- On the greens, Keefer delivered a -0.777 Strokes Gained: Putting mark this season, which placed him 87th on TOUR. In addition, he ranks 103rd with a Putts Per Round average of 32.00, and he ranks 61st by breaking par 19.44% of the time.

- Keefer has earned four FedExCup Regular Season points this season, ranking 60th.

All stats in this article are accurate for Keefer as of the start of The American Express.

Responsible sports betting starts with a game plan. Set a budget. Keep it social. Play with friends. Learn the game and know the odds. Play with trusted, licensed operators. CLICK HERE to learn more at HaveAGamePlan.org.

Note: Using player performance data from ShotLink powered by CDW, the PGA TOUR has created this story using AWS Gen AI technology. While we strive for accuracy and quality, please note that the information provided may not be entirely error-free.

The American Express

- PGA TOUR

PGA TOUR, PGA TOUR Champions, and the Swinging Golfer design are registered trademarks. The Korn Ferry trademark is also a registered trademark, and is used in the Korn Ferry Tour logo with permission."
Billy Horschel betting profile: The American Express,Billy Horschel betting profile: The American Express - PGA TOUR,Billy Horschel finished tied for 21st at 15-under in his most recent appearance at The American Express in 2025. He'll tee off at Pete Dye Stadium Course Jan. 2,,,the-american-express,https://www.pgatour.com/article/news/betting-profile/2026/the-american-express/billy-horschel-pga-tour-betting-stats-the-american-express-2026,"1 Min Read Billy Horschel of the United States plays his shot from the second tee during the second round of the Sony Open in Hawaii 2026 at Waialae Country Club on January 16, 2026 in Honolulu, Hawaii. (Cliff Hawkins/Getty Images) Billy Horschel finished tied for 21st at 15-under in his most recent appearance at The American Express in 2025. He'll tee off at Pete Dye Stadium Course Jan. 22-25 with hopes of improving on that performance in the 2026 edition of The American Express.",Horschel's recent history at The American Express | At The American Express | Horschel's recent results | Horschel's recent performances | Horschel's Strokes Gained rankings | Horschel's advanced stats and rankings | Scottie Scheffler betting profile: The American Express | Harris English betting profile: The American Express | Sam Ryder betting profile: The American Express | THE TOUR | Partnerships | Quick Links | Shop | Apps,"In Horschel's most recent appearance at The American Express, in 2025, he finished tied for 21st after posting a score of 15-under. | Sepp Straka won this tournament in 2025, finishing at 25-under. | Horschel has finished in the top 20 twice over his last 10 appearances. | He had his best finish at the Valspar Championship, where he finished tied for fourth with a score of 8-under. | Horschel has an average of -0.471 Strokes Gained: Off-the-Tee in his past five tournaments. | He has an average of 0.134 Strokes Gained: Putting in his past five tournaments. | Horschel has averaged 0.095 Strokes Gained: Total in his past five tournaments. | Horschel has posted a Strokes Gained: Off-the-Tee average of -0.584 (96th) this season, while his average Driving Distance of 307.6 yards ranked 61st on TOUR. | In terms of Strokes Gained: Approach the Green this season, Horschel sports a -0.261 mark that ranks 74th on TOUR. He ranks 85th with a 63.89% Greens in Regulation rate. | On the greens, Horschel has delivered a -0.648 Strokes Gained: Putting mark this season, which places him 81st on TOUR. In addition, he ranks 67th with a Putts Per Round average of 30.25, and he ranks 108th by breaking par 12.50% of the time. | Horschel has earned three FedExCup Regular Season points this season. | PGA TOUR","1 Min Read
Billy Horschel of the United States plays his shot from the second tee during the second round of the Sony Open in Hawaii 2026 at Waialae Country Club on January 16, 2026 in Honolulu, Hawaii. (Cliff Hawkins/Getty Images)
Billy Horschel finished tied for 21st at 15-under in his most recent appearance at The American Express in 2025. He'll tee off at Pete Dye Stadium Course Jan. 22-25 with hopes of improving on that performance in the 2026 edition of The American Express.
All stats in this article are accurate for Horschel as of the start of The American Express.
Responsible sports betting starts with a game plan. Set a budget. Keep it social. Play with friends. Learn the game and know the odds. Play with trusted, licensed operators. CLICK HERE to learn more at HaveAGamePlan.org.
Note: Using player performance data from ShotLink powered by CDW, the PGA TOUR has created this story using AWS Gen AI technology. While we strive for accuracy and quality, please note that the information provided may not be entirely error-free.
The American Express
PGA TOUR, PGA TOUR Champions, and the Swinging Golfer design are registered trademarks. The Korn Ferry trademark is also a registered trademark, and is used in the Korn Ferry Tour logo with permission.","1 Min Read

Billy Horschel of the United States plays his shot from the second tee during the second round of the Sony Open in Hawaii 2026 at Waialae Country Club on January 16, 2026 in Honolulu, Hawaii. (Cliff Hawkins/Getty Images)

Billy Horschel finished tied for 21st at 15-under in his most recent appearance at The American Express in 2025. He'll tee off at Pete Dye Stadium Course Jan. 22-25 with hopes of improving on that performance in the 2026 edition of The American Express.

## Horschel's recent history at The American Express

## At The American Express

- In Horschel's most recent appearance at The American Express, in 2025, he finished tied for 21st after posting a score of 15-under.

- Sepp Straka won this tournament in 2025, finishing at 25-under.

## Horschel's recent results

## Horschel's recent performances

- Horschel has finished in the top 20 twice over his last 10 appearances.

- He had his best finish at the Valspar Championship, where he finished tied for fourth with a score of 8-under.

- Horschel has an average of -0.471 Strokes Gained: Off-the-Tee in his past five tournaments.

- He has an average of 0.134 Strokes Gained: Putting in his past five tournaments.

- Horschel has averaged 0.095 Strokes Gained: Total in his past five tournaments.

## Horschel's Strokes Gained rankings

## Horschel's advanced stats and rankings

- Horschel has posted a Strokes Gained: Off-the-Tee average of -0.584 (96th) this season, while his average Driving Distance of 307.6 yards ranked 61st on TOUR.

- In terms of Strokes Gained: Approach the Green this season, Horschel sports a -0.261 mark that ranks 74th on TOUR. He ranks 85th with a 63.89% Greens in Regulation rate.

- On the greens, Horschel has delivered a -0.648 Strokes Gained: Putting mark this season, which places him 81st on TOUR. In addition, he ranks 67th with a Putts Per Round average of 30.25, and he ranks 108th by breaking par 12.50% of the time.

- Horschel has earned three FedExCup Regular Season points this season.

All stats in this article are accurate for Horschel as of the start of The American Express.

Responsible sports betting starts with a game plan. Set a budget. Keep it social. Play with friends. Learn the game and know the odds. Play with trusted, licensed operators. CLICK HERE to learn more at HaveAGamePlan.org.

Note: Using player performance data from ShotLink powered by CDW, the PGA TOUR has created this story using AWS Gen AI technology. While we strive for accuracy and quality, please note that the information provided may not be entirely error-free.

The American Express

- PGA TOUR

PGA TOUR, PGA TOUR Champions, and the Swinging Golfer design are registered trademarks. The Korn Ferry trademark is also a registered trademark, and is used in the Korn Ferry Tour logo with permission."
Harris English betting profile: The American Express,Harris English betting profile: The American Express - PGA TOUR,Harris English finished tied for 43rd at 12-under in his most recent appearance at The American Express in 2025. He'll tee off at Pete Dye Stadium Course Jan. 2,,,the-american-express,https://www.pgatour.com/article/news/betting-profile/2026/the-american-express/harris-english-pga-tour-betting-stats-the-american-express-2026,"1 Min Read Harris English of the United States plays his shot from the 13th tee during the third round of the Hero World Challenge 2025 at Albany Golf Course on December 06, 2025 in Nassau, Bahamas. (Jared C. Tilton/Getty Images) Harris English finished tied for 43rd at 12-under in his most recent appearance at The American Express in 2025. He'll tee off at Pete Dye Stadium Course Jan. 22-25 with his sights set higher this time around in the 2026 The American Express.",English's recent history at The American Express | At The American Express | English's recent results | English's recent performances | English's Strokes Gained rankings | English's advanced stats and rankings | Jacob Bridgeman betting profile: The American Express | Zach Johnson betting profile: The American Express | Sami Valimaki betting profile: The American Express | THE TOUR | Partnerships | Quick Links | Shop | Apps,"In English's most recent appearance at The American Express, in 2025, he finished tied for 43rd after posting a score of 12-under. | English's best finish at this event came in 2025, when he finished tied for 43rd at 12-under. | Sepp Straka won this tournament in 2025, finishing at 25-under. | English has finished in the top twenty five times over his last ten appearances. | English has finished in the top-five twice over his last ten appearances. | He had his best finish at The Open Championship, where he finished second with a score of 13-under. | English has an average of 0.262 Strokes Gained: Off-the-Tee in his past five tournaments. | He has an average of -0.314 Strokes Gained: Approach the Green in his past five tournaments. | English has averaged 0.618 Strokes Gained: Total in his past five tournaments. | English posted an average of 0.262 Strokes Gained: Off-the-Tee in his past five tournaments. | In terms of Strokes Gained: Approach the Green, English averaged -0.314 in his past five tournaments. | English delivered a 0.527 Strokes Gained: Putting mark in his past five tournaments. | PGA TOUR","1 Min Read
Harris English of the United States plays his shot from the 13th tee during the third round of the Hero World Challenge 2025 at Albany Golf Course on December 06, 2025 in Nassau, Bahamas. (Jared C. Tilton/Getty Images)
Harris English finished tied for 43rd at 12-under in his most recent appearance at The American Express in 2025. He'll tee off at Pete Dye Stadium Course Jan. 22-25 with his sights set higher this time around in the 2026 The American Express.
All stats in this article are accurate for English as of the start of The American Express.
Responsible sports betting starts with a game plan. Set a budget. Keep it social. Play with friends. Learn the game and know the odds. Play with trusted, licensed operators. CLICK HERE to learn more at HaveAGamePlan.org.
Note: Using player performance data from ShotLink powered by CDW, the PGA TOUR has created this story using AWS Gen AI technology. While we strive for accuracy and quality, please note that the information provided may not be entirely error-free.
The American Express
PGA TOUR, PGA TOUR Champions, and the Swinging Golfer design are registered trademarks. The Korn Ferry trademark is also a registered trademark, and is used in the Korn Ferry Tour logo with permission.","1 Min Read

Harris English of the United States plays his shot from the 13th tee during the third round of the Hero World Challenge 2025 at Albany Golf Course on December 06, 2025 in Nassau, Bahamas. (Jared C. Tilton/Getty Images)

Harris English finished tied for 43rd at 12-under in his most recent appearance at The American Express in 2025. He'll tee off at Pete Dye Stadium Course Jan. 22-25 with his sights set higher this time around in the 2026 The American Express.

## English's recent history at The American Express

## At The American Express

- In English's most recent appearance at The American Express, in 2025, he finished tied for 43rd after posting a score of 12-under.

- English's best finish at this event came in 2025, when he finished tied for 43rd at 12-under.

- Sepp Straka won this tournament in 2025, finishing at 25-under.

## English's recent results

## English's recent performances

- English has finished in the top twenty five times over his last ten appearances.

- English has finished in the top-five twice over his last ten appearances.

- He had his best finish at The Open Championship, where he finished second with a score of 13-under.

- English has an average of 0.262 Strokes Gained: Off-the-Tee in his past five tournaments.

- He has an average of -0.314 Strokes Gained: Approach the Green in his past five tournaments.

- English has averaged 0.618 Strokes Gained: Total in his past five tournaments.

## English's Strokes Gained rankings

## English's advanced stats and rankings

- English posted an average of 0.262 Strokes Gained: Off-the-Tee in his past five tournaments.

- In terms of Strokes Gained: Approach the Green, English averaged -0.314 in his past five tournaments.

- English delivered a 0.527 Strokes Gained: Putting mark in his past five tournaments.

All stats in this article are accurate for English as of the start of The American Express.

Responsible sports betting starts with a game plan. Set a budget. Keep it social. Play with friends. Learn the game and know the odds. Play with trusted, licensed operators. CLICK HERE to learn more at HaveAGamePlan.org.

Note: Using player performance data from ShotLink powered by CDW, the PGA TOUR has created this story using AWS Gen AI technology. While we strive for accuracy and quality, please note that the information provided may not be entirely error-free.

The American Express

- PGA TOUR

PGA TOUR, PGA TOUR Champions, and the Swinging Golfer design are registered trademarks. The Korn Ferry trademark is also a registered trademark, and is used in the Korn Ferry Tour logo with permission."
Emiliano Grillo betting profile: The American Express,Emiliano Grillo betting profile: The American Express - PGA TOUR,Emiliano Grillo missed the cut the last two times he played in this tournament. He'll tee off at Pete Dye Stadium Course Jan. 22-25 with hopes of reversing his,,,the-american-express,https://www.pgatour.com/article/news/betting-profile/2026/the-american-express/emiliano-grillo-pga-tour-betting-stats-the-american-express-2026,"1 Min Read Emiliano Grillo of Argentina plays his shot from the second tee during the second round of the Sony Open in Hawaii 2026 at Waialae Country Club on January 16, 2026 in Honolulu, Hawaii. (Cliff Hawkins/Getty Images) Emiliano Grillo missed the cut the last two times he played in this tournament. He'll tee off at Pete Dye Stadium Course Jan. 22-25 with hopes of reversing his recent struggles at The American Express.",Grillo's recent history at The American Express | At The American Express | Grillo's recent results | Grillo's recent performances | Grillo's Strokes Gained rankings | Grillo's advanced stats and rankings | Scottie Scheffler betting profile: The American Express | Harris English betting profile: The American Express | Sam Ryder betting profile: The American Express | THE TOUR | Partnerships | Quick Links | Shop | Apps,"In Grillo's most recent appearance at The American Express, in 2025, he missed the cut after posting a score of 4-under. | Sepp Straka won this tournament in 2025, finishing at 25-under. | Grillo has finished in the top 20 twice over his last ten appearances. | He had his best finish at the Procore Championship, where he finished tied for fourth with a score of 16-under. | Grillo has an average of 0.205 Strokes Gained: Off-the-Tee in his past five tournaments. | He has an average of 0.038 Strokes Gained: Approach the Green in his past five tournaments. | He has averaged 0.319 Strokes Gained: Total in his past five tournaments. | Grillo has posted a Strokes Gained: Off-the-Tee average of -0.427 (89th) this season, while his average Driving Distance of 306.8 yards ranks 65th on TOUR. | In terms of Strokes Gained: Approach the Green this season, Grillo sports a 0.215 mark that ranks 46th on TOUR. He ranks 103rd with a 58.33% Greens in Regulation rate. | On the greens, Grillo has delivered a -1.489 Strokes Gained: Putting mark this season, which places him 108th on TOUR. In addition, he ranks 40th with a Putts Per Round average of 29.50, and he ranks 96th by breaking par 13.89% of the time. | PGA TOUR","1 Min Read
Emiliano Grillo of Argentina plays his shot from the second tee during the second round of the Sony Open in Hawaii 2026 at Waialae Country Club on January 16, 2026 in Honolulu, Hawaii. (Cliff Hawkins/Getty Images)
Emiliano Grillo missed the cut the last two times he played in this tournament. He'll tee off at Pete Dye Stadium Course Jan. 22-25 with hopes of reversing his recent struggles at The American Express.
All stats in this article are accurate for Grillo as of the start of The American Express.
Responsible sports betting starts with a game plan. Set a budget. Keep it social. Play with friends. Learn the game and know the odds. Play with trusted, licensed operators. CLICK HERE to learn more at HaveAGamePlan.org.
Note: Using player performance data from ShotLink powered by CDW, the PGA TOUR has created this story using AWS Gen AI technology. While we strive for accuracy and quality, please note that the information provided may not be entirely error-free.
The American Express
PGA TOUR, PGA TOUR Champions, and the Swinging Golfer design are registered trademarks. The Korn Ferry trademark is also a registered trademark, and is used in the Korn Ferry Tour logo with permission.","1 Min Read

Emiliano Grillo of Argentina plays his shot from the second tee during the second round of the Sony Open in Hawaii 2026 at Waialae Country Club on January 16, 2026 in Honolulu, Hawaii. (Cliff Hawkins/Getty Images)

Emiliano Grillo missed the cut the last two times he played in this tournament. He'll tee off at Pete Dye Stadium Course Jan. 22-25 with hopes of reversing his recent struggles at The American Express.

## Grillo's recent history at The American Express

## At The American Express

- In Grillo's most recent appearance at The American Express, in 2025, he missed the cut after posting a score of 4-under.

- Sepp Straka won this tournament in 2025, finishing at 25-under.

## Grillo's recent results

## Grillo's recent performances

- Grillo has finished in the top 20 twice over his last ten appearances.

- He had his best finish at the Procore Championship, where he finished tied for fourth with a score of 16-under.

- Grillo has an average of 0.205 Strokes Gained: Off-the-Tee in his past five tournaments.

- He has an average of 0.038 Strokes Gained: Approach the Green in his past five tournaments.

- He has averaged 0.319 Strokes Gained: Total in his past five tournaments.

## Grillo's Strokes Gained rankings

## Grillo's advanced stats and rankings

- Grillo has posted a Strokes Gained: Off-the-Tee average of -0.427 (89th) this season, while his average Driving Distance of 306.8 yards ranks 65th on TOUR.

- In terms of Strokes Gained: Approach the Green this season, Grillo sports a 0.215 mark that ranks 46th on TOUR. He ranks 103rd with a 58.33% Greens in Regulation rate.

- On the greens, Grillo has delivered a -1.489 Strokes Gained: Putting mark this season, which places him 108th on TOUR. In addition, he ranks 40th with a Putts Per Round average of 29.50, and he ranks 96th by breaking par 13.89% of the time.

All stats in this article are accurate for Grillo as of the start of The American Express.

Responsible sports betting starts with a game plan. Set a budget. Keep it social. Play with friends. Learn the game and know the odds. Play with trusted, licensed operators. CLICK HERE to learn more at HaveAGamePlan.org.

Note: Using player performance data from ShotLink powered by CDW, the PGA TOUR has created this story using AWS Gen AI technology. While we strive for accuracy and quality, please note that the information provided may not be entirely error-free.

The American Express

- PGA TOUR

PGA TOUR, PGA TOUR Champions, and the Swinging Golfer design are registered trademarks. The Korn Ferry trademark is also a registered trademark, and is used in the Korn Ferry Tour logo with permission."
Mackenzie Hughes betting profile: The American Express,Mackenzie Hughes betting profile: The American Express - PGA TOUR,Mackenzie Hughes finished tied for 58th at 10-under in his last appearance at The American Express in 2025. He'll tee off at Pete Dye Stadium Course Jan. 22-25,,,the-american-express,https://www.pgatour.com/article/news/betting-profile/2026/the-american-express/mackenzie-hughes-pga-tour-betting-stats-the-american-express-2026,"1 Min Read Mackenzie Hughes of Canada plays a shot on the eighth hole during the second round of The RSM Classic 2025 at Sea Island Resort Seaside Course on November 21, 2025 in St Simons Island, Georgia. (Jonathan Bachman/Getty Images) Mackenzie Hughes finished tied for 58th at 10-under in his last appearance at The American Express in 2025. He'll tee off at Pete Dye Stadium Course Jan. 22-25 with hopes of improving on that performance in the 2026 tournament.",Hughes' recent history at The American Express | At The American Express | Hughes' recent results | Hughes' recent performances | Hughes' Strokes Gained rankings | Hughes' advanced stats and rankings | Scottie Scheffler betting profile: The American Express | Harris English betting profile: The American Express | Sam Ryder betting profile: The American Express | THE TOUR | Partnerships | Quick Links | Shop | Apps,"In Hughes' most recent appearance at The American Express, in 2025, he finished tied for 58th after posting a score of 10-under. | Sepp Straka won this tournament in 2025, finishing at 25-under. | Hughes has finished in the top ten once over his last ten appearances. | He had his best finish at the Procore Championship, where he finished tied for seventh with a score of 14-under. | Hughes has an average of -0.266 Strokes Gained: Off-the-Tee in his past five tournaments. | He has an average of -0.334 Strokes Gained: Approach the Green in his past five tournaments. | Hughes has averaged 0.228 Strokes Gained: Total in his past five tournaments. | Hughes posted a Strokes Gained: Off-the-Tee average of -0.266 in his past five tournaments, indicating struggles with his driving performance. | In terms of Strokes Gained: Approach the Green, Hughes averaged -0.334 in his past five starts, showing room for improvement with his iron play. | Around the greens, Hughes delivered a strong 0.417 Strokes Gained: Around-the-Green mark in his past five tournaments, demonstrating solid short game skills. | PGA TOUR","1 Min Read
Mackenzie Hughes of Canada plays a shot on the eighth hole during the second round of The RSM Classic 2025 at Sea Island Resort Seaside Course on November 21, 2025 in St Simons Island, Georgia. (Jonathan Bachman/Getty Images)
Mackenzie Hughes finished tied for 58th at 10-under in his last appearance at The American Express in 2025. He'll tee off at Pete Dye Stadium Course Jan. 22-25 with hopes of improving on that performance in the 2026 tournament.
All stats in this article are accurate for Hughes as of the start of The American Express.
Responsible sports betting starts with a game plan. Set a budget. Keep it social. Play with friends. Learn the game and know the odds. Play with trusted, licensed operators. CLICK HERE to learn more at HaveAGamePlan.org.
Note: Using player performance data from ShotLink powered by CDW, the PGA TOUR has created this story using AWS Gen AI technology. While we strive for accuracy and quality, please note that the information provided may not be entirely error-free.
The American Express
PGA TOUR, PGA TOUR Champions, and the Swinging Golfer design are registered trademarks. The Korn Ferry trademark is also a registered trademark, and is used in the Korn Ferry Tour logo with permission.","1 Min Read

Mackenzie Hughes of Canada plays a shot on the eighth hole during the second round of The RSM Classic 2025 at Sea Island Resort Seaside Course on November 21, 2025 in St Simons Island, Georgia. (Jonathan Bachman/Getty Images)

Mackenzie Hughes finished tied for 58th at 10-under in his last appearance at The American Express in 2025. He'll tee off at Pete Dye Stadium Course Jan. 22-25 with hopes of improving on that performance in the 2026 tournament.

## Hughes' recent history at The American Express

## At The American Express

- In Hughes' most recent appearance at The American Express, in 2025, he finished tied for 58th after posting a score of 10-under.

- Sepp Straka won this tournament in 2025, finishing at 25-under.

## Hughes' recent results

## Hughes' recent performances

- Hughes has finished in the top ten once over his last ten appearances.

- He had his best finish at the Procore Championship, where he finished tied for seventh with a score of 14-under.

- Hughes has an average of -0.266 Strokes Gained: Off-the-Tee in his past five tournaments.

- He has an average of -0.334 Strokes Gained: Approach the Green in his past five tournaments.

- Hughes has averaged 0.228 Strokes Gained: Total in his past five tournaments.

## Hughes' Strokes Gained rankings

## Hughes' advanced stats and rankings

- Hughes posted a Strokes Gained: Off-the-Tee average of -0.266 in his past five tournaments, indicating struggles with his driving performance.

- In terms of Strokes Gained: Approach the Green, Hughes averaged -0.334 in his past five starts, showing room for improvement with his iron play.

- Around the greens, Hughes delivered a strong 0.417 Strokes Gained: Around-the-Green mark in his past five tournaments, demonstrating solid short game skills.

All stats in this article are accurate for Hughes as of the start of The American Express.

Responsible sports betting starts with a game plan. Set a budget. Keep it social. Play with friends. Learn the game and know the odds. Play with trusted, licensed operators. CLICK HERE to learn more at HaveAGamePlan.org.

Note: Using player performance data from ShotLink powered by CDW, the PGA TOUR has created this story using AWS Gen AI technology. While we strive for accuracy and quality, please note that the information provided may not be entirely error-free.

The American Express

- PGA TOUR

PGA TOUR, PGA TOUR Champions, and the Swinging Golfer design are registered trademarks. The Korn Ferry trademark is also a registered trademark, and is used in the Korn Ferry Tour logo with permission."
Daniel Berger betting profile: The American Express,Daniel Berger betting profile: The American Express - PGA TOUR,"Daniel Berger returns to The American Express, where he finished tied for 21st at 15-under in his most recent appearance last year. He'll tee off at Pete Dye St",,,the-american-express,https://www.pgatour.com/article/news/betting-profile/2026/the-american-express/daniel-berger-pga-tour-betting-stats-the-american-express-2026,"1 Min Read Daniel Berger of the United States plays his shot from the 13th tee during the final round of the Sony Open in Hawaii 2026 at Waialae Country Club on January 18, 2026 in Honolulu, Hawaii. (Cliff Hawkins/Getty Images) Daniel Berger returns to The American Express, where he finished tied for 21st at 15-under in his most recent appearance last year. He'll tee off at Pete Dye Stadium Course Jan. 22-25 with his sights set higher this time around in the 2026 American Express.",Berger's recent history at The American Express | At The American Express | Berger's recent results | Berger's recent performances | Berger's Strokes Gained rankings | Berger's advanced stats and rankings | Jacob Bridgeman betting profile: The American Express | Zach Johnson betting profile: The American Express | Sami Valimaki betting profile: The American Express | THE TOUR | Partnerships | Quick Links | Shop | Apps,"In Berger's most recent appearance at The American Express, in 2025, he finished tied for 21st after posting a score of 15-under. | Sepp Straka won this tournament in 2025, finishing at 25-under. | Berger has finished in the top ten once over his last ten appearances. | He had his best finish at the Sony Open in Hawaii, where he finished tied for sixth with a score of 11-under. | Berger has an average of 0.243 Strokes Gained: Off-the-Tee in his past five tournaments. | He has an average of 0.312 Strokes Gained: Approach the Green in his past five tournaments. | He has an average of -0.855 Strokes Gained: Around-the-Green in his past five tournaments. | He has an average of -0.383 Strokes Gained: Putting in his past five tournaments. | Berger has averaged -0.684 Strokes Gained: Total in his past five tournaments. | Berger posted a Strokes Gained: Off-the-Tee average of 0.364 (36th) this season, while his average Driving Distance of 315.0 yards ranked 22nd on TOUR. | In terms of Strokes Gained: Approach the Green this season, Berger sported a 0.879 mark that ranked 16th on TOUR. He ranked sixth with a 79.17% Greens in Regulation rate. | On the greens, Berger delivered a 0.909 Strokes Gained: Putting mark this season, which placed him 20th on TOUR. In addition, he ranked 69th with a Putts Per Round average of 30.50, and he ranked third by breaking par 29.17% of the time. | Berger has earned 86 FedExCup Regular Season points (sixth) and ranks 25th with a 12.50% Bogey Avoidance rate. | PGA TOUR","1 Min Read
Daniel Berger of the United States plays his shot from the 13th tee during the final round of the Sony Open in Hawaii 2026 at Waialae Country Club on January 18, 2026 in Honolulu, Hawaii. (Cliff Hawkins/Getty Images)
Daniel Berger returns to The American Express, where he finished tied for 21st at 15-under in his most recent appearance last year. He'll tee off at Pete Dye Stadium Course Jan. 22-25 with his sights set higher this time around in the 2026 American Express.
All stats in this article are accurate for Berger as of the start of The American Express.
Responsible sports betting starts with a game plan. Set a budget. Keep it social. Play with friends. Learn the game and know the odds. Play with trusted, licensed operators. CLICK HERE to learn more at HaveAGamePlan.org.
Note: Using player performance data from ShotLink powered by CDW, the PGA TOUR has created this story using AWS Gen AI technology. While we strive for accuracy and quality, please note that the information provided may not be entirely error-free.
The American Express
PGA TOUR, PGA TOUR Champions, and the Swinging Golfer design are registered trademarks. The Korn Ferry trademark is also a registered trademark, and is used in the Korn Ferry Tour logo with permission.","1 Min Read

Daniel Berger of the United States plays his shot from the 13th tee during the final round of the Sony Open in Hawaii 2026 at Waialae Country Club on January 18, 2026 in Honolulu, Hawaii. (Cliff Hawkins/Getty Images)

Daniel Berger returns to The American Express, where he finished tied for 21st at 15-under in his most recent appearance last year. He'll tee off at Pete Dye Stadium Course Jan. 22-25 with his sights set higher this time around in the 2026 American Express.

## Berger's recent history at The American Express

## At The American Express

- In Berger's most recent appearance at The American Express, in 2025, he finished tied for 21st after posting a score of 15-under.

- Sepp Straka won this tournament in 2025, finishing at 25-under.

## Berger's recent results

## Berger's recent performances

- Berger has finished in the top ten once over his last ten appearances.

- He had his best finish at the Sony Open in Hawaii, where he finished tied for sixth with a score of 11-under.

- Berger has an average of 0.243 Strokes Gained: Off-the-Tee in his past five tournaments.

- He has an average of 0.312 Strokes Gained: Approach the Green in his past five tournaments.

- He has an average of -0.855 Strokes Gained: Around-the-Green in his past five tournaments.

- He has an average of -0.383 Strokes Gained: Putting in his past five tournaments.

- Berger has averaged -0.684 Strokes Gained: Total in his past five tournaments.

## Berger's Strokes Gained rankings

## Berger's advanced stats and rankings

- Berger posted a Strokes Gained: Off-the-Tee average of 0.364 (36th) this season, while his average Driving Distance of 315.0 yards ranked 22nd on TOUR.

- In terms of Strokes Gained: Approach the Green this season, Berger sported a 0.879 mark that ranked 16th on TOUR. He ranked sixth with a 79.17% Greens in Regulation rate.

- On the greens, Berger delivered a 0.909 Strokes Gained: Putting mark this season, which placed him 20th on TOUR. In addition, he ranked 69th with a Putts Per Round average of 30.50, and he ranked third by breaking par 29.17% of the time.

- Berger has earned 86 FedExCup Regular Season points (sixth) and ranks 25th with a 12.50% Bogey Avoidance rate.

All stats in this article are accurate for Berger as of the start of The American Express.

Responsible sports betting starts with a game plan. Set a budget. Keep it social. Play with friends. Learn the game and know the odds. Play with trusted, licensed operators. CLICK HERE to learn more at HaveAGamePlan.org.

Note: Using player performance data from ShotLink powered by CDW, the PGA TOUR has created this story using AWS Gen AI technology. While we strive for accuracy and quality, please note that the information provided may not be entirely error-free.

The American Express

- PGA TOUR

PGA TOUR, PGA TOUR Champions, and the Swinging Golfer design are registered trademarks. The Korn Ferry trademark is also a registered trademark, and is used in the Korn Ferry Tour logo with permission."
Will Zalatoris betting profile: The American Express,Will Zalatoris betting profile: The American Express - PGA TOUR,Will Zalatoris finished tied for 12th at 17-under in his most recent appearance at The American Express. He returns to Pete Dye Stadium Course Jan. 22-25 lookin,,,the-american-express,https://www.pgatour.com/article/news/betting-profile/2026/the-american-express/will-zalatoris-pga-tour-betting-stats-the-american-express-2026,"1 Min Read Will Zalatoris of the USA plays his second shot on the third hole on Day One of the Nedbank Golf Challenge in honour of Gary Player 2026 at Gary Player CC on December 04, 2025 in Sun City, South Africa. (Luke Walker/Getty Images) Will Zalatoris finished tied for 12th at 17-under in his most recent appearance at The American Express. He returns to Pete Dye Stadium Course Jan. 22-25 looking to improve on that performance in the 2026 tournament.",Zalatoris's recent history at The American Express | At The American Express | Zalatoris's recent results | Zalatoris's recent performances | Zalatoris's Strokes Gained rankings | Zalatoris's advanced stats and rankings | Scottie Scheffler betting profile: The American Express | Harris English betting profile: The American Express | Sam Ryder betting profile: The American Express | THE TOUR | Partnerships | Quick Links | Shop | Apps,"In Zalatoris's most recent appearance at The American Express, in 2025, he finished tied for 12th after posting a score of 17-under. | Zalatoris's best finish at this event came in 2022, when he finished tied for sixth at 19-under. | Sepp Straka won this tournament in 2025, finishing at 25-under. | Zalatoris has finished in the top 20 once over his last ten appearances. | His best finish over his last ten appearances came at The American Express, where he finished tied for 12th with a score of 17-under. | Zalatoris has an average of 0.083 Strokes Gained: Off-the-Tee in his past five tournaments. | He has an average of 0.263 Strokes Gained: Approach the Green in his past five tournaments. | He has an average of -0.955 Strokes Gained: Putting in his past five tournaments. | Zalatoris has averaged -0.543 Strokes Gained: Total in his past five tournaments. | In his past five tournaments, Zalatoris posted a Strokes Gained: Off-the-Tee average of 0.083, indicating solid performance off the tee. | His Strokes Gained: Approach the Green average of 0.263 over his last five starts shows strength in his iron play. | Zalatoris struggled on the greens in his past five tournaments, averaging -0.955 Strokes Gained: Putting. | Overall, he averaged -0.543 Strokes Gained: Total in his past five tournaments. | PGA TOUR","1 Min Read
Will Zalatoris of the USA plays his second shot on the third hole on Day One of the Nedbank Golf Challenge in honour of Gary Player 2026 at Gary Player CC on December 04, 2025 in Sun City, South Africa. (Luke Walker/Getty Images)
Will Zalatoris finished tied for 12th at 17-under in his most recent appearance at The American Express. He returns to Pete Dye Stadium Course Jan. 22-25 looking to improve on that performance in the 2026 tournament.
All stats in this article are accurate for Zalatoris as of the start of The American Express.
Responsible sports betting starts with a game plan. Set a budget. Keep it social. Play with friends. Learn the game and know the odds. Play with trusted, licensed operators. CLICK HERE to learn more at HaveAGamePlan.org.
Note: Using player performance data from ShotLink powered by CDW, the PGA TOUR has created this story using AWS Gen AI technology. While we strive for accuracy and quality, please note that the information provided may not be entirely error-free.
The American Express
PGA TOUR, PGA TOUR Champions, and the Swinging Golfer design are registered trademarks. The Korn Ferry trademark is also a registered trademark, and is used in the Korn Ferry Tour logo with permission.","1 Min Read

Will Zalatoris of the USA plays his second shot on the third hole on Day One of the Nedbank Golf Challenge in honour of Gary Player 2026 at Gary Player CC on December 04, 2025 in Sun City, South Africa. (Luke Walker/Getty Images)

Will Zalatoris finished tied for 12th at 17-under in his most recent appearance at The American Express. He returns to Pete Dye Stadium Course Jan. 22-25 looking to improve on that performance in the 2026 tournament.

## Zalatoris's recent history at The American Express

## At The American Express

- In Zalatoris's most recent appearance at The American Express, in 2025, he finished tied for 12th after posting a score of 17-under.

- Zalatoris's best finish at this event came in 2022, when he finished tied for sixth at 19-under.

- Sepp Straka won this tournament in 2025, finishing at 25-under.

## Zalatoris's recent results

## Zalatoris's recent performances

- Zalatoris has finished in the top 20 once over his last ten appearances.

- His best finish over his last ten appearances came at The American Express, where he finished tied for 12th with a score of 17-under.

- Zalatoris has an average of 0.083 Strokes Gained: Off-the-Tee in his past five tournaments.

- He has an average of 0.263 Strokes Gained: Approach the Green in his past five tournaments.

- He has an average of -0.955 Strokes Gained: Putting in his past five tournaments.

- Zalatoris has averaged -0.543 Strokes Gained: Total in his past five tournaments.

## Zalatoris's Strokes Gained rankings

## Zalatoris's advanced stats and rankings

- In his past five tournaments, Zalatoris posted a Strokes Gained: Off-the-Tee average of 0.083, indicating solid performance off the tee.

- His Strokes Gained: Approach the Green average of 0.263 over his last five starts shows strength in his iron play.

- Zalatoris struggled on the greens in his past five tournaments, averaging -0.955 Strokes Gained: Putting.

- Overall, he averaged -0.543 Strokes Gained: Total in his past five tournaments.

All stats in this article are accurate for Zalatoris as of the start of The American Express.

Responsible sports betting starts with a game plan. Set a budget. Keep it social. Play with friends. Learn the game and know the odds. Play with trusted, licensed operators. CLICK HERE to learn more at HaveAGamePlan.org.

Note: Using player performance data from ShotLink powered by CDW, the PGA TOUR has created this story using AWS Gen AI technology. While we strive for accuracy and quality, please note that the information provided may not be entirely error-free.

The American Express

- PGA TOUR

PGA TOUR, PGA TOUR Champions, and the Swinging Golfer design are registered trademarks. The Korn Ferry trademark is also a registered trademark, and is used in the Korn Ferry Tour logo with permission."
PGATOUR.COM,PGATOUR.COM - Official Home of Golf and the FedExCup - PGA TOUR,"The official web site of the PGA TOUR. Providing the only Real-Time Live Scoring for the PGA TOUR, Champions Tour and Korn Ferry Tour. Home of official PGA TOUR",,,the-american-express,https://www.pgatour.com/article/news/betting-profile/2026/the-american-express/ludvig-berg-pga-tour-betting-stats-the-american-express-2026,"The American Express PGA TOUR, PGA TOUR Champions, and the Swinging Golfer design are registered trademarks. The Korn Ferry trademark is also a registered trademark, and is used in the Korn Ferry Tour logo with permission.",THE TOUR | Partnerships | Quick Links | Shop | Apps,PGA TOUR,"The American Express
PGA TOUR, PGA TOUR Champions, and the Swinging Golfer design are registered trademarks. The Korn Ferry trademark is also a registered trademark, and is used in the Korn Ferry Tour logo with permission.","The American Express

- PGA TOUR

PGA TOUR, PGA TOUR Champions, and the Swinging Golfer design are registered trademarks. The Korn Ferry trademark is also a registered trademark, and is used in the Korn Ferry Tour logo with permission."
Lee Hodges betting profile: The American Express,Lee Hodges betting profile: The American Express - PGA TOUR,Lee Hodges finished tied for 34th at 13-under in his most recent appearance at this event. He'll tee off at Pete Dye Stadium Course Jan. 22-25 with hopes of imp,,,the-american-express,https://www.pgatour.com/article/news/betting-profile/2026/the-american-express/lee-hodges-pga-tour-betting-stats-the-american-express-2026,"1 Min Read Lee Hodges of the United States plays his shot from the second tee during the final round of the Sony Open in Hawaii 2026 at Waialae Country Club on January 18, 2026 in Honolulu, Hawaii. (Mike Mulholland/Getty Images) Lee Hodges finished tied for 34th at 13-under in his most recent appearance at this event. He'll tee off at Pete Dye Stadium Course Jan. 22-25 with hopes of improving upon his 2025 performance at the 2026 American Express.",Hodges's recent history at The American Express | At The American Express | Hodges's recent results | Hodges's recent performances | Hodges's Strokes Gained rankings | Hodges's advanced stats and rankings | Scottie Scheffler betting profile: The American Express | Harris English betting profile: The American Express | Sam Ryder betting profile: The American Express | THE TOUR | Partnerships | Quick Links | Shop | Apps,"In Hodges's most recent appearance at The American Express, in 2025, he finished tied for 34th after posting a score of 13-under. | Hodges's best finish at this event came in 2022, when he finished tied for third at 20-under. | Sepp Straka won this tournament in 2025, finishing at 25-under. | Hodges has finished in the top 10 twice over his last ten appearances. | He had his best finish at The RSM Classic, where he finished tied for fourth with a score of 19-under. | Hodges has an average of 0.256 Strokes Gained: Off-the-Tee in his past five tournaments. | He has an average of -0.066 Strokes Gained: Approach the Green in his past five tournaments. | He has an average of -0.016 Strokes Gained: Around-the-Green in his past five tournaments. | Hodges has an average of 0.258 Strokes Gained: Putting in his past five tournaments. | He has averaged 0.431 Strokes Gained: Total in his past five tournaments. | Hodges has posted a Strokes Gained: Off-the-Tee average of 0.085 (52nd) this season, while his average Driving Distance of 300.9 yards ranks 85th on TOUR. | In terms of Strokes Gained: Approach the Green this season, Hodges sports a -0.066 mark that ranks 64th on TOUR. He ranks 22nd with a 75.00% Greens in Regulation rate. | On the greens, Hodges has delivered a 1.939 Strokes Gained: Putting mark this season, which places him second on TOUR. In addition, he ranks 22nd with a Putts Per Round average of 29.00, and he ranks 37th by breaking par 22.22% of the time. | Hodges ranks sixth this season with 86 FedExCup Regular Season points and first with a 6.94% Bogey Avoidance rate. | PGA TOUR","1 Min Read
Lee Hodges of the United States plays his shot from the second tee during the final round of the Sony Open in Hawaii 2026 at Waialae Country Club on January 18, 2026 in Honolulu, Hawaii. (Mike Mulholland/Getty Images)
Lee Hodges finished tied for 34th at 13-under in his most recent appearance at this event. He'll tee off at Pete Dye Stadium Course Jan. 22-25 with hopes of improving upon his 2025 performance at the 2026 American Express.
All stats in this article are accurate for Hodges as of the start of The American Express.
Responsible sports betting starts with a game plan. Set a budget. Keep it social. Play with friends. Learn the game and know the odds. Play with trusted, licensed operators. CLICK HERE to learn more at HaveAGamePlan.org.
Note: Using player performance data from ShotLink powered by CDW, the PGA TOUR has created this story using AWS Gen AI technology. While we strive for accuracy and quality, please note that the information provided may not be entirely error-free.
The American Express
PGA TOUR, PGA TOUR Champions, and the Swinging Golfer design are registered trademarks. The Korn Ferry trademark is also a registered trademark, and is used in the Korn Ferry Tour logo with permission.","1 Min Read

Lee Hodges of the United States plays his shot from the second tee during the final round of the Sony Open in Hawaii 2026 at Waialae Country Club on January 18, 2026 in Honolulu, Hawaii. (Mike Mulholland/Getty Images)

Lee Hodges finished tied for 34th at 13-under in his most recent appearance at this event. He'll tee off at Pete Dye Stadium Course Jan. 22-25 with hopes of improving upon his 2025 performance at the 2026 American Express.

## Hodges's recent history at The American Express

## At The American Express

- In Hodges's most recent appearance at The American Express, in 2025, he finished tied for 34th after posting a score of 13-under.

- Hodges's best finish at this event came in 2022, when he finished tied for third at 20-under.

- Sepp Straka won this tournament in 2025, finishing at 25-under.

## Hodges's recent results

## Hodges's recent performances

- Hodges has finished in the top 10 twice over his last ten appearances.

- He had his best finish at The RSM Classic, where he finished tied for fourth with a score of 19-under.

- Hodges has an average of 0.256 Strokes Gained: Off-the-Tee in his past five tournaments.

- He has an average of -0.066 Strokes Gained: Approach the Green in his past five tournaments.

- He has an average of -0.016 Strokes Gained: Around-the-Green in his past five tournaments.

- Hodges has an average of 0.258 Strokes Gained: Putting in his past five tournaments.

- He has averaged 0.431 Strokes Gained: Total in his past five tournaments.

## Hodges's Strokes Gained rankings

## Hodges's advanced stats and rankings

- Hodges has posted a Strokes Gained: Off-the-Tee average of 0.085 (52nd) this season, while his average Driving Distance of 300.9 yards ranks 85th on TOUR.

- In terms of Strokes Gained: Approach the Green this season, Hodges sports a -0.066 mark that ranks 64th on TOUR. He ranks 22nd with a 75.00% Greens in Regulation rate.

- On the greens, Hodges has delivered a 1.939 Strokes Gained: Putting mark this season, which places him second on TOUR. In addition, he ranks 22nd with a Putts Per Round average of 29.00, and he ranks 37th by breaking par 22.22% of the time.

- Hodges ranks sixth this season with 86 FedExCup Regular Season points and first with a 6.94% Bogey Avoidance rate.

All stats in this article are accurate for Hodges as of the start of The American Express.

Responsible sports betting starts with a game plan. Set a budget. Keep it social. Play with friends. Learn the game and know the odds. Play with trusted, licensed operators. CLICK HERE to learn more at HaveAGamePlan.org.

Note: Using player performance data from ShotLink powered by CDW, the PGA TOUR has created this story using AWS Gen AI technology. While we strive for accuracy and quality, please note that the information provided may not be entirely error-free.

The American Express

- PGA TOUR

PGA TOUR, PGA TOUR Champions, and the Swinging Golfer design are registered trademarks. The Korn Ferry trademark is also a registered trademark, and is used in the Korn Ferry Tour logo with permission."
Min Woo Lee betting profile: The American Express,Min Woo Lee betting profile: The American Express - PGA TOUR,Min Woo Lee finished tied for 21st at 20-under when he last played at The American Express in 2024. He'll tee off at Pete Dye Stadium Course Jan. 22-25 with his,,,the-american-express,https://www.pgatour.com/article/news/betting-profile/2026/the-american-express/min-woo-lee-pga-tour-betting-stats-the-american-express-2026,"1 Min Read Min Woo Lee of Australia lines up a putt on the tenth green on day four of the Crown Australian Open 2025 at The Royal Melbourne Golf Club on December 07, 2025 in Melbourne, Australia. (Graham Denholm/Getty Images) Min Woo Lee finished tied for 21st at 20-under when he last played at The American Express in 2024. He'll tee off at Pete Dye Stadium Course Jan. 22-25 with his sights set higher this time around in the 2026 American Express.",Lee's recent history at The American Express | At The American Express | Lee's recent results | Lee's recent performances | Lee's Strokes Gained rankings | Lee's advanced stats and rankings | Scottie Scheffler betting profile: The American Express | Harris English betting profile: The American Express | Sam Ryder betting profile: The American Express | THE TOUR | Partnerships | Quick Links | Shop | Apps,"In Lee's most recent appearance at The American Express, in 2024, he finished tied for 21st after posting a score of 20-under. | Sepp Straka won this tournament in 2025, finishing at 25-under. | Lee has finished in the top ten once and in the top 20 twice over his last ten appearances. | He had his best finish at the Baycurrent Classic, where he finished tied for 10th with a score of 11-under. | Lee has an average of 0.323 Strokes Gained: Off-the-Tee in his past five tournaments. | He has an average of -0.666 Strokes Gained: Approach the Green in his past five tournaments. | Lee has averaged 0.001 Strokes Gained: Total in his past five tournaments. | Lee averaged 0.323 Strokes Gained: Off-the-Tee in his past five tournaments, providing a solid foundation for his ball-striking. | His approach play showed room for improvement, with an average of -0.666 Strokes Gained: Approach the Green in his past five tournaments. | Around the greens, Lee posted a positive 0.120 Strokes Gained: Around-the-Green average in his past five tournaments. | On the putting surfaces, he averaged 0.224 Strokes Gained: Putting in his past five tournaments. | PGA TOUR","1 Min Read
Min Woo Lee of Australia lines up a putt on the tenth green on day four of the Crown Australian Open 2025 at The Royal Melbourne Golf Club on December 07, 2025 in Melbourne, Australia. (Graham Denholm/Getty Images)
Min Woo Lee finished tied for 21st at 20-under when he last played at The American Express in 2024. He'll tee off at Pete Dye Stadium Course Jan. 22-25 with his sights set higher this time around in the 2026 American Express.
All stats in this article are accurate for Lee as of the start of The American Express.
Responsible sports betting starts with a game plan. Set a budget. Keep it social. Play with friends. Learn the game and know the odds. Play with trusted, licensed operators. CLICK HERE to learn more at HaveAGamePlan.org.
Note: Using player performance data from ShotLink powered by CDW, the PGA TOUR has created this story using AWS Gen AI technology. While we strive for accuracy and quality, please note that the information provided may not be entirely error-free.
The American Express
PGA TOUR, PGA TOUR Champions, and the Swinging Golfer design are registered trademarks. The Korn Ferry trademark is also a registered trademark, and is used in the Korn Ferry Tour logo with permission.","1 Min Read

Min Woo Lee of Australia lines up a putt on the tenth green on day four of the Crown Australian Open 2025 at The Royal Melbourne Golf Club on December 07, 2025 in Melbourne, Australia. (Graham Denholm/Getty Images)

Min Woo Lee finished tied for 21st at 20-under when he last played at The American Express in 2024. He'll tee off at Pete Dye Stadium Course Jan. 22-25 with his sights set higher this time around in the 2026 American Express.

## Lee's recent history at The American Express

## At The American Express

- In Lee's most recent appearance at The American Express, in 2024, he finished tied for 21st after posting a score of 20-under.

- Sepp Straka won this tournament in 2025, finishing at 25-under.

## Lee's recent results

## Lee's recent performances

- Lee has finished in the top ten once and in the top 20 twice over his last ten appearances.

- He had his best finish at the Baycurrent Classic, where he finished tied for 10th with a score of 11-under.

- Lee has an average of 0.323 Strokes Gained: Off-the-Tee in his past five tournaments.

- He has an average of -0.666 Strokes Gained: Approach the Green in his past five tournaments.

- Lee has averaged 0.001 Strokes Gained: Total in his past five tournaments.

## Lee's Strokes Gained rankings

## Lee's advanced stats and rankings

- Lee averaged 0.323 Strokes Gained: Off-the-Tee in his past five tournaments, providing a solid foundation for his ball-striking.

- His approach play showed room for improvement, with an average of -0.666 Strokes Gained: Approach the Green in his past five tournaments.

- Around the greens, Lee posted a positive 0.120 Strokes Gained: Around-the-Green average in his past five tournaments.

- On the putting surfaces, he averaged 0.224 Strokes Gained: Putting in his past five tournaments.

All stats in this article are accurate for Lee as of the start of The American Express.

Responsible sports betting starts with a game plan. Set a budget. Keep it social. Play with friends. Learn the game and know the odds. Play with trusted, licensed operators. CLICK HERE to learn more at HaveAGamePlan.org.

Note: Using player performance data from ShotLink powered by CDW, the PGA TOUR has created this story using AWS Gen AI technology. While we strive for accuracy and quality, please note that the information provided may not be entirely error-free.

The American Express

- PGA TOUR

PGA TOUR, PGA TOUR Champions, and the Swinging Golfer design are registered trademarks. The Korn Ferry trademark is also a registered trademark, and is used in the Korn Ferry Tour logo with permission."
Tom Kim betting profile: The American Express,Tom Kim betting profile: The American Express - PGA TOUR,"Tom Kim will tee off at Pete Dye Stadium Course from Jan. 22-25 at The American Express in La Quinta, California. Kim finished tied for sixth at 23-under in his",,,the-american-express,https://www.pgatour.com/article/news/betting-profile/2026/the-american-express/tom-kim-pga-tour-betting-stats-the-american-express-2026,"1 Min Read Tom Kim of South Korea prepares to play his shot from the second tee during the second round of the Sony Open in Hawaii 2026 at Waialae Country Club on January 16, 2026 in Honolulu, Hawaii. (Cliff Hawkins/Getty Images) Tom Kim will tee off at Pete Dye Stadium Course from Jan. 22-25 at The American Express in La Quinta, California. Kim finished tied for sixth at 23-under in his most recent appearance at this tournament in 2023.",Kim's recent history at The American Express | At The American Express | Kim's recent results | Kim's recent performances | Kim's Strokes Gained rankings | Kim's advanced stats and rankings | Scottie Scheffler betting profile: The American Express | Harris English betting profile: The American Express | Sam Ryder betting profile: The American Express | THE TOUR | Partnerships | Quick Links | Shop | Apps,"In Kim's most recent appearance at The American Express, in 2025, he missed the cut after posting a score of 6-under. | Kim's best finish at this event came in 2023, when he finished tied for sixth at 23-under. | Sepp Straka won this tournament in 2025, finishing at 25-under. | Kim has finished in the top 20 twice over his last ten appearances. | He had his best finish at the Sanderson Farms Championship, where he finished tied for 11th with a score of 15-under. | Kim has an average of -0.071 Strokes Gained: Off-the-Tee in his past five tournaments. | He has an average of -0.298 Strokes Gained: Approach the Green in his past five tournaments. | Kim has averaged -0.186 Strokes Gained: Total in his past five tournaments. | Kim posted a Strokes Gained: Off-the-Tee average of 0.276 (41st) this season, while his average Driving Distance of 304.1 yards ranked 70th on TOUR. | In terms of Strokes Gained: Approach the Green this season, Kim sported a -0.830 mark that ranked 98th on TOUR. He ranked 85th with a 63.89% Greens in Regulation rate. | On the greens, Kim delivered a 0.121 Strokes Gained: Putting mark this season, which placed him 51st on TOUR. In addition, he ranked 33rd with a Putts Per Round average of 29.25, and he ranked 61st by breaking par 19.44% of the time. | Kim has earned 4 FedExCup Regular Season points this season, ranking 60th. | PGA TOUR","1 Min Read
Tom Kim of South Korea prepares to play his shot from the second tee during the second round of the Sony Open in Hawaii 2026 at Waialae Country Club on January 16, 2026 in Honolulu, Hawaii. (Cliff Hawkins/Getty Images)
Tom Kim will tee off at Pete Dye Stadium Course from Jan. 22-25 at The American Express in La Quinta, California. Kim finished tied for sixth at 23-under in his most recent appearance at this tournament in 2023.
All stats in this article are accurate for Kim as of the start of The American Express.
Responsible sports betting starts with a game plan. Set a budget. Keep it social. Play with friends. Learn the game and know the odds. Play with trusted, licensed operators. CLICK HERE to learn more at HaveAGamePlan.org.
Note: Using player performance data from ShotLink powered by CDW, the PGA TOUR has created this story using AWS Gen AI technology. While we strive for accuracy and quality, please note that the information provided may not be entirely error-free.
The American Express
PGA TOUR, PGA TOUR Champions, and the Swinging Golfer design are registered trademarks. The Korn Ferry trademark is also a registered trademark, and is used in the Korn Ferry Tour logo with permission.","1 Min Read

Tom Kim of South Korea prepares to play his shot from the second tee during the second round of the Sony Open in Hawaii 2026 at Waialae Country Club on January 16, 2026 in Honolulu, Hawaii. (Cliff Hawkins/Getty Images)

Tom Kim will tee off at Pete Dye Stadium Course from Jan. 22-25 at The American Express in La Quinta, California. Kim finished tied for sixth at 23-under in his most recent appearance at this tournament in 2023.

## Kim's recent history at The American Express

## At The American Express

- In Kim's most recent appearance at The American Express, in 2025, he missed the cut after posting a score of 6-under.

- Kim's best finish at this event came in 2023, when he finished tied for sixth at 23-under.

- Sepp Straka won this tournament in 2025, finishing at 25-under.

## Kim's recent results

## Kim's recent performances

- Kim has finished in the top 20 twice over his last ten appearances.

- He had his best finish at the Sanderson Farms Championship, where he finished tied for 11th with a score of 15-under.

- Kim has an average of -0.071 Strokes Gained: Off-the-Tee in his past five tournaments.

- He has an average of -0.298 Strokes Gained: Approach the Green in his past five tournaments.

- Kim has averaged -0.186 Strokes Gained: Total in his past five tournaments.

## Kim's Strokes Gained rankings

## Kim's advanced stats and rankings

- Kim posted a Strokes Gained: Off-the-Tee average of 0.276 (41st) this season, while his average Driving Distance of 304.1 yards ranked 70th on TOUR.

- In terms of Strokes Gained: Approach the Green this season, Kim sported a -0.830 mark that ranked 98th on TOUR. He ranked 85th with a 63.89% Greens in Regulation rate.

- On the greens, Kim delivered a 0.121 Strokes Gained: Putting mark this season, which placed him 51st on TOUR. In addition, he ranked 33rd with a Putts Per Round average of 29.25, and he ranked 61st by breaking par 19.44% of the time.

- Kim has earned 4 FedExCup Regular Season points this season, ranking 60th.

All stats in this article are accurate for Kim as of the start of The American Express.

Responsible sports betting starts with a game plan. Set a budget. Keep it social. Play with friends. Learn the game and know the odds. Play with trusted, licensed operators. CLICK HERE to learn more at HaveAGamePlan.org.

Note: Using player performance data from ShotLink powered by CDW, the PGA TOUR has created this story using AWS Gen AI technology. While we strive for accuracy and quality, please note that the information provided may not be entirely error-free.

The American Express

- PGA TOUR

PGA TOUR, PGA TOUR Champions, and the Swinging Golfer design are registered trademarks. The Korn Ferry trademark is also a registered trademark, and is used in the Korn Ferry Tour logo with permission."
Joe Highsmith betting profile: The American Express,Joe Highsmith betting profile: The American Express - PGA TOUR,Joe Highsmith finished tied for 66th at 8-under in his most recent appearance at The American Express in 2025. He'll tee off at Pete Dye Stadium Course Jan. 22-,,,the-american-express,https://www.pgatour.com/article/news/betting-profile/2026/the-american-express/joe-highsmith-pga-tour-betting-stats-the-american-express-2026,"1 Min Read Joe Highsmith of the United States plays his shot from the first tee during the third round of the Sony Open in Hawaii 2026 at Waialae Country Club on January 17, 2026 in Honolulu, Hawaii. (Cliff Hawkins/Getty Images) Joe Highsmith finished tied for 66th at 8-under in his most recent appearance at The American Express in 2025. He'll tee off at Pete Dye Stadium Course Jan. 22-25 with hopes of improving upon that result in the 2026 tournament.",Highsmith's recent history at The American Express | At The American Express | Highsmith's recent results | Highsmith's recent performances | Highsmith's Strokes Gained rankings | Highsmith's advanced stats and rankings | Scottie Scheffler betting profile: The American Express | Harris English betting profile: The American Express | Sam Ryder betting profile: The American Express | THE TOUR | Partnerships | Quick Links | Shop | Apps,"In Highsmith's most recent appearance at The American Express, in 2025, he finished tied for 66th after posting a score of 8-under. | Highsmith's best finish at this event came in 2024, when he finished tied for 34th at 18-under. | Sepp Straka won this tournament in 2025, finishing at 25-under. | Highsmith's best finish over his last ten appearances was a tie for 66th at the Sony Open in Hawaii, where he finished 1-under. | He has an average of -0.623 Strokes Gained: Off-the-Tee in his past five tournaments. | Highsmith has an average of -0.427 Strokes Gained: Approach the Green in his past five tournaments. | He has an average of -0.083 Strokes Gained: Around-the-Green in his past five tournaments. | Highsmith has an average of -0.225 Strokes Gained: Putting in his past five tournaments. | He has averaged -1.358 Strokes Gained: Total in his past five tournaments. | Highsmith has posted a Strokes Gained: Off-the-Tee average of 0.065 (54th) this season, while his average Driving Distance of 298.3 yards ranks 91st on TOUR. | In terms of Strokes Gained: Approach the Green this season, Highsmith sports a -0.154 mark that ranks 67th on TOUR. He ranks 69th with a 66.67% Greens in Regulation rate. | On the greens, Highsmith has delivered a 0.098 Strokes Gained: Putting mark this season, which places him 54th on TOUR. In addition, he ranks 40th with a Putts Per Round average of 29.50, and he ranks 28th by breaking par 23.61% of the time. | Highsmith has earned four FedExCup Regular Season points (65th) this season, and he has avoided bogey 19.44% of the time (82nd). | PGA TOUR","1 Min Read
Joe Highsmith of the United States plays his shot from the first tee during the third round of the Sony Open in Hawaii 2026 at Waialae Country Club on January 17, 2026 in Honolulu, Hawaii. (Cliff Hawkins/Getty Images)
Joe Highsmith finished tied for 66th at 8-under in his most recent appearance at The American Express in 2025. He'll tee off at Pete Dye Stadium Course Jan. 22-25 with hopes of improving upon that result in the 2026 tournament.
All stats in this article are accurate for Highsmith as of the start of The American Express.
Responsible sports betting starts with a game plan. Set a budget. Keep it social. Play with friends. Learn the game and know the odds. Play with trusted, licensed operators. CLICK HERE to learn more at HaveAGamePlan.org.
Note: Using player performance data from ShotLink powered by CDW, the PGA TOUR has created this story using AWS Gen AI technology. While we strive for accuracy and quality, please note that the information provided may not be entirely error-free.
The American Express
PGA TOUR, PGA TOUR Champions, and the Swinging Golfer design are registered trademarks. The Korn Ferry trademark is also a registered trademark, and is used in the Korn Ferry Tour logo with permission.","1 Min Read

Joe Highsmith of the United States plays his shot from the first tee during the third round of the Sony Open in Hawaii 2026 at Waialae Country Club on January 17, 2026 in Honolulu, Hawaii. (Cliff Hawkins/Getty Images)

Joe Highsmith finished tied for 66th at 8-under in his most recent appearance at The American Express in 2025. He'll tee off at Pete Dye Stadium Course Jan. 22-25 with hopes of improving upon that result in the 2026 tournament.

## Highsmith's recent history at The American Express

## At The American Express

- In Highsmith's most recent appearance at The American Express, in 2025, he finished tied for 66th after posting a score of 8-under.

- Highsmith's best finish at this event came in 2024, when he finished tied for 34th at 18-under.

- Sepp Straka won this tournament in 2025, finishing at 25-under.

## Highsmith's recent results

## Highsmith's recent performances

- Highsmith's best finish over his last ten appearances was a tie for 66th at the Sony Open in Hawaii, where he finished 1-under.

- He has an average of -0.623 Strokes Gained: Off-the-Tee in his past five tournaments.

- Highsmith has an average of -0.427 Strokes Gained: Approach the Green in his past five tournaments.

- He has an average of -0.083 Strokes Gained: Around-the-Green in his past five tournaments.

- Highsmith has an average of -0.225 Strokes Gained: Putting in his past five tournaments.

- He has averaged -1.358 Strokes Gained: Total in his past five tournaments.

## Highsmith's Strokes Gained rankings

## Highsmith's advanced stats and rankings

- Highsmith has posted a Strokes Gained: Off-the-Tee average of 0.065 (54th) this season, while his average Driving Distance of 298.3 yards ranks 91st on TOUR.

- In terms of Strokes Gained: Approach the Green this season, Highsmith sports a -0.154 mark that ranks 67th on TOUR. He ranks 69th with a 66.67% Greens in Regulation rate.

- On the greens, Highsmith has delivered a 0.098 Strokes Gained: Putting mark this season, which places him 54th on TOUR. In addition, he ranks 40th with a Putts Per Round average of 29.50, and he ranks 28th by breaking par 23.61% of the time.

- Highsmith has earned four FedExCup Regular Season points (65th) this season, and he has avoided bogey 19.44% of the time (82nd).

All stats in this article are accurate for Highsmith as of the start of The American Express.

Responsible sports betting starts with a game plan. Set a budget. Keep it social. Play with friends. Learn the game and know the odds. Play with trusted, licensed operators. CLICK HERE to learn more at HaveAGamePlan.org.

Note: Using player performance data from ShotLink powered by CDW, the PGA TOUR has created this story using AWS Gen AI technology. While we strive for accuracy and quality, please note that the information provided may not be entirely error-free.

The American Express

- PGA TOUR

PGA TOUR, PGA TOUR Champions, and the Swinging Golfer design are registered trademarks. The Korn Ferry trademark is also a registered trademark, and is used in the Korn Ferry Tour logo with permission."
Aldrich Potgieter betting profile: The American Express,Aldrich Potgieter betting profile: The American Express - PGA TOUR,"Aldrich Potgieter missed the cut at The American Express in 2025, shooting 4-under. He'll tee off at Pete Dye Stadium Course Jan. 22-25 with his sights set high",,,the-american-express,https://www.pgatour.com/article/news/betting-profile/2026/the-american-express/aldrich-potgieter-pga-tour-betting-stats-the-american-express-2026,"1 Min Read Aldrich Potgieter of South Africa plays his tee shot on the 1st hole on day three of the Alfred Dunhill Championship 2026 at Royal Johannesburg on December 13, 2025 in Johannesburg, South Africa. (Luke Walker/Getty Images) Aldrich Potgieter missed the cut at The American Express in 2025, shooting 4-under. He'll tee off at Pete Dye Stadium Course Jan. 22-25 with his sights set higher this time around in the 2026 American Express.",Potgieter's recent history at The American Express | At The American Express | Potgieter's recent results | Potgieter's recent performances | Potgieter's Strokes Gained rankings | Potgieter's advanced stats and rankings | Jacob Bridgeman betting profile: The American Express | Zach Johnson betting profile: The American Express | Sami Valimaki betting profile: The American Express | THE TOUR | Partnerships | Quick Links | Shop | Apps,"In Potgieter's most recent appearance at The American Express, in 2025, he missed the cut after posting a score of 4-under. | Sepp Straka won this tournament in 2025, finishing at 25-under. | Potgieter has finished in the top 10 twice over his last ten appearances. | He had his best finish at the Rocket Classic, where he finished first with a score of 22-under. | Potgieter has an average of 0.254 Strokes Gained: Off-the-Tee in his past five tournaments. | He has an average of -0.015 Strokes Gained: Approach the Green in his past five tournaments. | He has an average of 0.010 Strokes Gained: Around-the-Green in his past five tournaments. | He has an average of 0.152 Strokes Gained: Putting in his past five tournaments. | Potgieter has averaged 0.402 Strokes Gained: Total in his past five tournaments. | Potgieter posted a 0.254 Strokes Gained: Off-the-Tee average in his past five tournaments. | In terms of Strokes Gained: Approach the Green, Potgieter recorded a -0.015 mark in his past five starts. | Around the greens, Potgieter delivered a 0.010 Strokes Gained: Around-the-Green mark in his past five tournaments. | On the greens, Potgieter posted a 0.152 Strokes Gained: Putting average in his past five starts. | PGA TOUR","1 Min Read
Aldrich Potgieter of South Africa plays his tee shot on the 1st hole on day three of the Alfred Dunhill Championship 2026 at Royal Johannesburg on December 13, 2025 in Johannesburg, South Africa. (Luke Walker/Getty Images)
Aldrich Potgieter missed the cut at The American Express in 2025, shooting 4-under. He'll tee off at Pete Dye Stadium Course Jan. 22-25 with his sights set higher this time around in the 2026 American Express.
All stats in this article are accurate for Potgieter as of the start of The American Express.
Responsible sports betting starts with a game plan. Set a budget. Keep it social. Play with friends. Learn the game and know the odds. Play with trusted, licensed operators. CLICK HERE to learn more at HaveAGamePlan.org.
Note: Using player performance data from ShotLink powered by CDW, the PGA TOUR has created this story using AWS Gen AI technology. While we strive for accuracy and quality, please note that the information provided may not be entirely error-free.
The American Express
PGA TOUR, PGA TOUR Champions, and the Swinging Golfer design are registered trademarks. The Korn Ferry trademark is also a registered trademark, and is used in the Korn Ferry Tour logo with permission.","1 Min Read

Aldrich Potgieter of South Africa plays his tee shot on the 1st hole on day three of the Alfred Dunhill Championship 2026 at Royal Johannesburg on December 13, 2025 in Johannesburg, South Africa. (Luke Walker/Getty Images)

Aldrich Potgieter missed the cut at The American Express in 2025, shooting 4-under. He'll tee off at Pete Dye Stadium Course Jan. 22-25 with his sights set higher this time around in the 2026 American Express.

## Potgieter's recent history at The American Express

## At The American Express

- In Potgieter's most recent appearance at The American Express, in 2025, he missed the cut after posting a score of 4-under.

- Sepp Straka won this tournament in 2025, finishing at 25-under.

## Potgieter's recent results

## Potgieter's recent performances

- Potgieter has finished in the top 10 twice over his last ten appearances.

- He had his best finish at the Rocket Classic, where he finished first with a score of 22-under.

- Potgieter has an average of 0.254 Strokes Gained: Off-the-Tee in his past five tournaments.

- He has an average of -0.015 Strokes Gained: Approach the Green in his past five tournaments.

- He has an average of 0.010 Strokes Gained: Around-the-Green in his past five tournaments.

- He has an average of 0.152 Strokes Gained: Putting in his past five tournaments.

- Potgieter has averaged 0.402 Strokes Gained: Total in his past five tournaments.

## Potgieter's Strokes Gained rankings

## Potgieter's advanced stats and rankings

- Potgieter posted a 0.254 Strokes Gained: Off-the-Tee average in his past five tournaments.

- In terms of Strokes Gained: Approach the Green, Potgieter recorded a -0.015 mark in his past five starts.

- Around the greens, Potgieter delivered a 0.010 Strokes Gained: Around-the-Green mark in his past five tournaments.

- On the greens, Potgieter posted a 0.152 Strokes Gained: Putting average in his past five starts.

All stats in this article are accurate for Potgieter as of the start of The American Express.

Responsible sports betting starts with a game plan. Set a budget. Keep it social. Play with friends. Learn the game and know the odds. Play with trusted, licensed operators. CLICK HERE to learn more at HaveAGamePlan.org.

Note: Using player performance data from ShotLink powered by CDW, the PGA TOUR has created this story using AWS Gen AI technology. While we strive for accuracy and quality, please note that the information provided may not be entirely error-free.

The American Express

- PGA TOUR

PGA TOUR, PGA TOUR Champions, and the Swinging Golfer design are registered trademarks. The Korn Ferry trademark is also a registered trademark, and is used in the Korn Ferry Tour logo with permission."
Zecheng Dou betting profile: The American Express,Zecheng Dou betting profile: The American Express - PGA TOUR,Zecheng Dou finished tied for 62nd at 12-under in his most recent appearance at this tournament. He'll tee off at Pete Dye Stadium Course Jan. 22-25 with his si,,,the-american-express,https://www.pgatour.com/article/news/betting-profile/2026/the-american-express/zecheng-dou-pga-tour-betting-stats-the-american-express-2026,"1 Min Read Zecheng Dou of China reacts to a tee shot on the fourth hole during the third round of the Korn Ferry Tour Championship presented by United Leasing & Finance 2025 at French Lick Golf Resort on October 11, 2025 in French Lick, Indiana. (Mike Mulholland/Getty Images) Zecheng Dou finished tied for 62nd at 12-under in his most recent appearance at this tournament. He'll tee off at Pete Dye Stadium Course Jan. 22-25 with his sights set higher this time around in the 2026 American Express.",Dou's recent history at The American Express | At The American Express | Dou's recent results | Dou's recent performances | Dou's Strokes Gained rankings | Dou's advanced stats and rankings | Scottie Scheffler betting profile: The American Express | Harris English betting profile: The American Express | Sam Ryder betting profile: The American Express | THE TOUR | Partnerships | Quick Links | Shop | Apps,"In Dou's most recent appearance at The American Express, in 2023, he finished tied for 62nd after posting a score of 12-under. | Sepp Straka won this tournament in 2025, finishing at 25-under. | Dou finished tied for 55th at the Sony Open in Hawaii. | Dou has an average of -0.209 Strokes Gained: Off-the-Tee in his past five tournaments. | He has an average of -0.426 Strokes Gained: Approach the Green in his past five tournaments. | Dou has averaged -1.222 Strokes Gained: Total in his past five tournaments. | Dou has posted a Strokes Gained: Off-the-Tee average of -0.327 (85th) this season, while his average Driving Distance of 312.0 yards ranks 38th on TOUR. | In terms of Strokes Gained: Approach the Green this season, Dou sports a 0.038 mark that ranks 56th on TOUR. He ranks 69th with a 66.67% Greens in Regulation rate. | On the greens, Dou has delivered a -0.111 Strokes Gained: Putting mark this season, which places him 64th on TOUR. In addition, he ranks 40th with a Putts Per Round average of 29.50, and he ranks 37th by breaking par 22.22% of the time. | Dou has earned 6 FedExCup Regular Season points this season, ranking 54th. | PGA TOUR","1 Min Read
Zecheng Dou of China reacts to a tee shot on the fourth hole during the third round of the Korn Ferry Tour Championship presented by United Leasing & Finance 2025 at French Lick Golf Resort on October 11, 2025 in French Lick, Indiana. (Mike Mulholland/Getty Images)
Zecheng Dou finished tied for 62nd at 12-under in his most recent appearance at this tournament. He'll tee off at Pete Dye Stadium Course Jan. 22-25 with his sights set higher this time around in the 2026 American Express.
All stats in this article are accurate for Dou as of the start of The American Express.
Responsible sports betting starts with a game plan. Set a budget. Keep it social. Play with friends. Learn the game and know the odds. Play with trusted, licensed operators. CLICK HERE to learn more at HaveAGamePlan.org.
Note: Using player performance data from ShotLink powered by CDW, the PGA TOUR has created this story using AWS Gen AI technology. While we strive for accuracy and quality, please note that the information provided may not be entirely error-free.
The American Express
PGA TOUR, PGA TOUR Champions, and the Swinging Golfer design are registered trademarks. The Korn Ferry trademark is also a registered trademark, and is used in the Korn Ferry Tour logo with permission.","1 Min Read

Zecheng Dou of China reacts to a tee shot on the fourth hole during the third round of the Korn Ferry Tour Championship presented by United Leasing & Finance 2025 at French Lick Golf Resort on October 11, 2025 in French Lick, Indiana. (Mike Mulholland/Getty Images)

Zecheng Dou finished tied for 62nd at 12-under in his most recent appearance at this tournament. He'll tee off at Pete Dye Stadium Course Jan. 22-25 with his sights set higher this time around in the 2026 American Express.

## Dou's recent history at The American Express

## At The American Express

- In Dou's most recent appearance at The American Express, in 2023, he finished tied for 62nd after posting a score of 12-under.

- Sepp Straka won this tournament in 2025, finishing at 25-under.

## Dou's recent results

## Dou's recent performances

- Dou finished tied for 55th at the Sony Open in Hawaii.

- Dou has an average of -0.209 Strokes Gained: Off-the-Tee in his past five tournaments.

- He has an average of -0.426 Strokes Gained: Approach the Green in his past five tournaments.

- Dou has averaged -1.222 Strokes Gained: Total in his past five tournaments.

## Dou's Strokes Gained rankings

## Dou's advanced stats and rankings

- Dou has posted a Strokes Gained: Off-the-Tee average of -0.327 (85th) this season, while his average Driving Distance of 312.0 yards ranks 38th on TOUR.

- In terms of Strokes Gained: Approach the Green this season, Dou sports a 0.038 mark that ranks 56th on TOUR. He ranks 69th with a 66.67% Greens in Regulation rate.

- On the greens, Dou has delivered a -0.111 Strokes Gained: Putting mark this season, which places him 64th on TOUR. In addition, he ranks 40th with a Putts Per Round average of 29.50, and he ranks 37th by breaking par 22.22% of the time.

- Dou has earned 6 FedExCup Regular Season points this season, ranking 54th.

All stats in this article are accurate for Dou as of the start of The American Express.

Responsible sports betting starts with a game plan. Set a budget. Keep it social. Play with friends. Learn the game and know the odds. Play with trusted, licensed operators. CLICK HERE to learn more at HaveAGamePlan.org.

Note: Using player performance data from ShotLink powered by CDW, the PGA TOUR has created this story using AWS Gen AI technology. While we strive for accuracy and quality, please note that the information provided may not be entirely error-free.

The American Express

- PGA TOUR

PGA TOUR, PGA TOUR Champions, and the Swinging Golfer design are registered trademarks. The Korn Ferry trademark is also a registered trademark, and is used in the Korn Ferry Tour logo with permission."
Haotong Li betting profile: The American Express,Haotong Li betting profile: The American Express - PGA TOUR,Haotong Li has not competed in The American Express in the last five years. He'll tee off at Pete Dye Stadium Course Jan. 22-25 with a fresh opportunity in the,,,the-american-express,https://www.pgatour.com/article/news/betting-profile/2026/the-american-express/haotong-li-pga-tour-betting-stats-the-american-express-2026,"1 Min Read Haotong Li of China plays his shot from the second tee during the second round of the Sony Open in Hawaii 2026 at Waialae Country Club on January 16, 2026 in Honolulu, Hawaii. (Cliff Hawkins/Getty Images) Haotong Li has not competed in The American Express in the last five years. He'll tee off at Pete Dye Stadium Course Jan. 22-25 with a fresh opportunity in the 2026 tournament.",At The American Express | Li's recent results | Li's recent performances | Li's Strokes Gained rankings | Li's advanced stats and rankings | Scottie Scheffler betting profile: The American Express | Harris English betting profile: The American Express | Sam Ryder betting profile: The American Express | THE TOUR | Partnerships | Quick Links | Shop | Apps,"This is Li's first time competing in The American Express in the past five years. | Sepp Straka won this tournament in 2025, finishing at 25-under. | Li has one top-five finish over his last ten appearances. | He had his best finish at The Open Championship, where he finished tied for fourth with a score of 11-under. | Li has an average of 0.414 Strokes Gained: Off-the-Tee in his past five tournaments. | He has an average of -0.622 Strokes Gained: Approach the Green in his past five tournaments. | Li has averaged -0.431 Strokes Gained: Total in his past five tournaments. | Li posted a Strokes Gained: Off-the-Tee average of 0.441 (33rd) this season, while his average Driving Distance of 308.4 yards ranked 53rd on TOUR. | In terms of Strokes Gained: Approach the Green this season, Li sported a 0.572 mark that ranked 27th on TOUR. He ranked 22nd with a 75.00% Greens in Regulation rate. | On the greens, Li delivered a -1.091 Strokes Gained: Putting mark this season, which placed him 99th on TOUR. In addition, he ranked 87th with a Putts Per Round average of 31.00, and he ranked 37th by breaking par 22.22% of the time. | Li has earned 6 FedExCup Regular Season points this season, ranking 54th. | PGA TOUR","1 Min Read
Haotong Li of China plays his shot from the second tee during the second round of the Sony Open in Hawaii 2026 at Waialae Country Club on January 16, 2026 in Honolulu, Hawaii. (Cliff Hawkins/Getty Images)
Haotong Li has not competed in The American Express in the last five years. He'll tee off at Pete Dye Stadium Course Jan. 22-25 with a fresh opportunity in the 2026 tournament.
All stats in this article are accurate for Li as of the start of The American Express.
Responsible sports betting starts with a game plan. Set a budget. Keep it social. Play with friends. Learn the game and know the odds. Play with trusted, licensed operators. CLICK HERE to learn more at HaveAGamePlan.org.
Note: Using player performance data from ShotLink powered by CDW, the PGA TOUR has created this story using AWS Gen AI technology. While we strive for accuracy and quality, please note that the information provided may not be entirely error-free.
The American Express
PGA TOUR, PGA TOUR Champions, and the Swinging Golfer design are registered trademarks. The Korn Ferry trademark is also a registered trademark, and is used in the Korn Ferry Tour logo with permission.","1 Min Read

Haotong Li of China plays his shot from the second tee during the second round of the Sony Open in Hawaii 2026 at Waialae Country Club on January 16, 2026 in Honolulu, Hawaii. (Cliff Hawkins/Getty Images)

Haotong Li has not competed in The American Express in the last five years. He'll tee off at Pete Dye Stadium Course Jan. 22-25 with a fresh opportunity in the 2026 tournament.

## At The American Express

- This is Li's first time competing in The American Express in the past five years.

- Sepp Straka won this tournament in 2025, finishing at 25-under.

## Li's recent results

## Li's recent performances

- Li has one top-five finish over his last ten appearances.

- He had his best finish at The Open Championship, where he finished tied for fourth with a score of 11-under.

- Li has an average of 0.414 Strokes Gained: Off-the-Tee in his past five tournaments.

- He has an average of -0.622 Strokes Gained: Approach the Green in his past five tournaments.

- Li has averaged -0.431 Strokes Gained: Total in his past five tournaments.

## Li's Strokes Gained rankings

## Li's advanced stats and rankings

- Li posted a Strokes Gained: Off-the-Tee average of 0.441 (33rd) this season, while his average Driving Distance of 308.4 yards ranked 53rd on TOUR.

- In terms of Strokes Gained: Approach the Green this season, Li sported a 0.572 mark that ranked 27th on TOUR. He ranked 22nd with a 75.00% Greens in Regulation rate.

- On the greens, Li delivered a -1.091 Strokes Gained: Putting mark this season, which placed him 99th on TOUR. In addition, he ranked 87th with a Putts Per Round average of 31.00, and he ranked 37th by breaking par 22.22% of the time.

- Li has earned 6 FedExCup Regular Season points this season, ranking 54th.

All stats in this article are accurate for Li as of the start of The American Express.

Responsible sports betting starts with a game plan. Set a budget. Keep it social. Play with friends. Learn the game and know the odds. Play with trusted, licensed operators. CLICK HERE to learn more at HaveAGamePlan.org.

Note: Using player performance data from ShotLink powered by CDW, the PGA TOUR has created this story using AWS Gen AI technology. While we strive for accuracy and quality, please note that the information provided may not be entirely error-free.

The American Express

- PGA TOUR

PGA TOUR, PGA TOUR Champions, and the Swinging Golfer design are registered trademarks. The Korn Ferry trademark is also a registered trademark, and is used in the Korn Ferry Tour logo with permission."
Jordan Smith betting profile: The American Express,Jordan Smith betting profile: The American Express - PGA TOUR,Jordan Smith has not competed in this tournament in the last five years. He'll tee off at Pete Dye Stadium Course Jan. 22-25 with hopes of making his mark in th,,,the-american-express,https://www.pgatour.com/article/news/betting-profile/2026/the-american-express/jordan-smith-pga-tour-betting-stats-the-american-express-2026,"1 Min Read Jordan Smith of England plays his shot from the first tee during the third round of the Sony Open in Hawaii 2026 at Waialae Country Club on January 17, 2026 in Honolulu, Hawaii. (Cliff Hawkins/Getty Images) Jordan Smith has not competed in this tournament in the last five years. He'll tee off at Pete Dye Stadium Course Jan. 22-25 with hopes of making his mark in the 2026 The American Express.",At The American Express | Smith's recent results | Smith's recent performances | Smith's Strokes Gained rankings | Smith's advanced stats and rankings | Jacob Bridgeman betting profile: The American Express | Zach Johnson betting profile: The American Express | Sami Valimaki betting profile: The American Express | THE TOUR | Partnerships | Quick Links | Shop | Apps,"Smith has not competed in this tournament in the past five years. | Sepp Straka won this tournament in 2025, finishing at 25-under. | Smith's best finish over his last ten appearances came at the Genesis Scottish Open, where he finished tied for 22nd with a score of 5-under. | Smith has an average of 0.278 Strokes Gained: Off-the-Tee in his past five tournaments. | He has an average of -0.219 Strokes Gained: Approach the Green in his past five tournaments. | Smith has averaged 0.104 Strokes Gained: Total in his past five tournaments. | Smith posted a Strokes Gained: Off-the-Tee average of 0.490 (26th) this season, while his average Driving Distance of 312.1 yards ranked 37th on TOUR. | In terms of Strokes Gained: Approach the Green this season, Smith sported a 0.116 mark that ranked 49th on TOUR. He ranked 46th with a 70.83% Greens in Regulation rate. | On the greens, Smith delivered a -0.757 Strokes Gained: Putting mark this season, which placed him 86th on TOUR. In addition, he ranked 80th with a Putts Per Round average of 30.75, and he ranked 96th by breaking par 13.89% of the time. | Smith has earned four FedExCup Regular Season points this season, ranking 65th. | PGA TOUR","1 Min Read
Jordan Smith of England plays his shot from the first tee during the third round of the Sony Open in Hawaii 2026 at Waialae Country Club on January 17, 2026 in Honolulu, Hawaii. (Cliff Hawkins/Getty Images)
Jordan Smith has not competed in this tournament in the last five years. He'll tee off at Pete Dye Stadium Course Jan. 22-25 with hopes of making his mark in the 2026 The American Express.
All stats in this article are accurate for Smith as of the start of The American Express.
Responsible sports betting starts with a game plan. Set a budget. Keep it social. Play with friends. Learn the game and know the odds. Play with trusted, licensed operators. CLICK HERE to learn more at HaveAGamePlan.org.
Note: Using player performance data from ShotLink powered by CDW, the PGA TOUR has created this story using AWS Gen AI technology. While we strive for accuracy and quality, please note that the information provided may not be entirely error-free.
The American Express
PGA TOUR, PGA TOUR Champions, and the Swinging Golfer design are registered trademarks. The Korn Ferry trademark is also a registered trademark, and is used in the Korn Ferry Tour logo with permission.","1 Min Read

Jordan Smith of England plays his shot from the first tee during the third round of the Sony Open in Hawaii 2026 at Waialae Country Club on January 17, 2026 in Honolulu, Hawaii. (Cliff Hawkins/Getty Images)

Jordan Smith has not competed in this tournament in the last five years. He'll tee off at Pete Dye Stadium Course Jan. 22-25 with hopes of making his mark in the 2026 The American Express.

## At The American Express

- Smith has not competed in this tournament in the past five years.

- Sepp Straka won this tournament in 2025, finishing at 25-under.

## Smith's recent results

## Smith's recent performances

- Smith's best finish over his last ten appearances came at the Genesis Scottish Open, where he finished tied for 22nd with a score of 5-under.

- Smith has an average of 0.278 Strokes Gained: Off-the-Tee in his past five tournaments.

- He has an average of -0.219 Strokes Gained: Approach the Green in his past five tournaments.

- Smith has averaged 0.104 Strokes Gained: Total in his past five tournaments.

## Smith's Strokes Gained rankings

## Smith's advanced stats and rankings

- Smith posted a Strokes Gained: Off-the-Tee average of 0.490 (26th) this season, while his average Driving Distance of 312.1 yards ranked 37th on TOUR.

- In terms of Strokes Gained: Approach the Green this season, Smith sported a 0.116 mark that ranked 49th on TOUR. He ranked 46th with a 70.83% Greens in Regulation rate.

- On the greens, Smith delivered a -0.757 Strokes Gained: Putting mark this season, which placed him 86th on TOUR. In addition, he ranked 80th with a Putts Per Round average of 30.75, and he ranked 96th by breaking par 13.89% of the time.

- Smith has earned four FedExCup Regular Season points this season, ranking 65th.

All stats in this article are accurate for Smith as of the start of The American Express.

Responsible sports betting starts with a game plan. Set a budget. Keep it social. Play with friends. Learn the game and know the odds. Play with trusted, licensed operators. CLICK HERE to learn more at HaveAGamePlan.org.

Note: Using player performance data from ShotLink powered by CDW, the PGA TOUR has created this story using AWS Gen AI technology. While we strive for accuracy and quality, please note that the information provided may not be entirely error-free.

The American Express

- PGA TOUR

PGA TOUR, PGA TOUR Champions, and the Swinging Golfer design are registered trademarks. The Korn Ferry trademark is also a registered trademark, and is used in the Korn Ferry Tour logo with permission."
Christo Lamprecht betting profile: The American Express,Christo Lamprecht betting profile: The American Express - PGA TOUR,Christo Lamprecht has not competed in The American Express in the last five years. He'll tee off at Pete Dye Stadium Course Jan. 22-25 with hopes of making his,,,the-american-express,https://www.pgatour.com/article/news/betting-profile/2026/the-american-express/christo-lamprecht-pga-tour-betting-stats-the-american-express-2026,"1 Min Read Christo Lamprecht of South Africa plays his shot from the second tee during the second round of the Sony Open in Hawaii 2026 at Waialae Country Club on January 16, 2026 in Honolulu, Hawaii. (Cliff Hawkins/Getty Images) Christo Lamprecht has not competed in The American Express in the last five years. He'll tee off at Pete Dye Stadium Course Jan. 22-25 with hopes of making his mark in the 2026 tournament.",At The American Express | Lamprecht's recent results | Lamprecht's recent performances | Lamprecht's Strokes Gained rankings | Lamprecht's advanced stats and rankings | Jacob Bridgeman betting profile: The American Express | Zach Johnson betting profile: The American Express | Sami Valimaki betting profile: The American Express | THE TOUR | Partnerships | Quick Links | Shop | Apps,"This will be Lamprecht's first time competing in The American Express in the past five years. | Sepp Straka won this tournament in 2025, finishing at 25-under. | Lamprecht's best finish over his last 10 appearances was a missed cut at THE CJ CUP Byron Nelson, where he shot 5-over. | Lamprecht has an average of 0.158 Strokes Gained: Off-the-Tee in his past five tournaments. | He has an average of -0.915 Strokes Gained: Approach the Green in his past five tournaments. | Lamprecht has averaged -0.814 Strokes Gained: Total in his past five tournaments. | Lamprecht posted a Strokes Gained: Off-the-Tee average of -0.169 (75th) this season, while his average Driving Distance of 314.3 yards ranked 27th on TOUR. | In terms of Strokes Gained: Approach the Green this season, Lamprecht sported a -1.367 mark that ranked 107th on TOUR. He ranked 99th with a 61.11% Greens in Regulation rate. | On the greens, Lamprecht delivered a -2.736 Strokes Gained: Putting mark this season, which placed him 118th on TOUR. In addition, he ranked 117th with a Putts Per Round average of 33.50, and he ranked 119th by breaking 5.56% of the time. | PGA TOUR","1 Min Read
Christo Lamprecht of South Africa plays his shot from the second tee during the second round of the Sony Open in Hawaii 2026 at Waialae Country Club on January 16, 2026 in Honolulu, Hawaii. (Cliff Hawkins/Getty Images)
Christo Lamprecht has not competed in The American Express in the last five years. He'll tee off at Pete Dye Stadium Course Jan. 22-25 with hopes of making his mark in the 2026 tournament.
All stats in this article are accurate for Lamprecht as of the start of The American Express.
Responsible sports betting starts with a game plan. Set a budget. Keep it social. Play with friends. Learn the game and know the odds. Play with trusted, licensed operators. CLICK HERE to learn more at HaveAGamePlan.org.
Note: Using player performance data from ShotLink powered by CDW, the PGA TOUR has created this story using AWS Gen AI technology. While we strive for accuracy and quality, please note that the information provided may not be entirely error-free.
The American Express
PGA TOUR, PGA TOUR Champions, and the Swinging Golfer design are registered trademarks. The Korn Ferry trademark is also a registered trademark, and is used in the Korn Ferry Tour logo with permission.","1 Min Read

Christo Lamprecht of South Africa plays his shot from the second tee during the second round of the Sony Open in Hawaii 2026 at Waialae Country Club on January 16, 2026 in Honolulu, Hawaii. (Cliff Hawkins/Getty Images)

Christo Lamprecht has not competed in The American Express in the last five years. He'll tee off at Pete Dye Stadium Course Jan. 22-25 with hopes of making his mark in the 2026 tournament.

## At The American Express

- This will be Lamprecht's first time competing in The American Express in the past five years.

- Sepp Straka won this tournament in 2025, finishing at 25-under.

## Lamprecht's recent results

## Lamprecht's recent performances

- Lamprecht's best finish over his last 10 appearances was a missed cut at THE CJ CUP Byron Nelson, where he shot 5-over.

- Lamprecht has an average of 0.158 Strokes Gained: Off-the-Tee in his past five tournaments.

- He has an average of -0.915 Strokes Gained: Approach the Green in his past five tournaments.

- Lamprecht has averaged -0.814 Strokes Gained: Total in his past five tournaments.

## Lamprecht's Strokes Gained rankings

## Lamprecht's advanced stats and rankings

- Lamprecht posted a Strokes Gained: Off-the-Tee average of -0.169 (75th) this season, while his average Driving Distance of 314.3 yards ranked 27th on TOUR.

- In terms of Strokes Gained: Approach the Green this season, Lamprecht sported a -1.367 mark that ranked 107th on TOUR. He ranked 99th with a 61.11% Greens in Regulation rate.

- On the greens, Lamprecht delivered a -2.736 Strokes Gained: Putting mark this season, which placed him 118th on TOUR. In addition, he ranked 117th with a Putts Per Round average of 33.50, and he ranked 119th by breaking 5.56% of the time.

All stats in this article are accurate for Lamprecht as of the start of The American Express.

Responsible sports betting starts with a game plan. Set a budget. Keep it social. Play with friends. Learn the game and know the odds. Play with trusted, licensed operators. CLICK HERE to learn more at HaveAGamePlan.org.

Note: Using player performance data from ShotLink powered by CDW, the PGA TOUR has created this story using AWS Gen AI technology. While we strive for accuracy and quality, please note that the information provided may not be entirely error-free.

The American Express

- PGA TOUR

PGA TOUR, PGA TOUR Champions, and the Swinging Golfer design are registered trademarks. The Korn Ferry trademark is also a registered trademark, and is used in the Korn Ferry Tour logo with permission."
Patrick Fishburn betting profile: The American Express,Patrick Fishburn betting profile: The American Express - PGA TOUR,"Patrick Fishburn has missed the cut in his last two appearances at The American Express, posting scores of 1-under in 2025 and 10-under in 2024. He'll tee off a",,,the-american-express,https://www.pgatour.com/article/news/betting-profile/2026/the-american-express/patrick-fishburn-pga-tour-betting-stats-the-american-express-2026,"1 Min Read Patrick Fishburn of the United States plays a shot on the fifth hole during the third round of the Butterfield Bermuda Championship 2025 at Port Royal Golf Course on November 15, 2025 in Southampton, Bermuda. (Mike Mulholland/Getty Images) Patrick Fishburn has missed the cut in his last two appearances at The American Express, posting scores of 1-under in 2025 and 10-under in 2024. He'll tee off at Pete Dye Stadium Course Jan. 22-25 with hopes of making his first weekend at this event.",Fishburn's recent history at The American Express | At The American Express | Fishburn's recent results | Fishburn's recent performances | Fishburn's Strokes Gained rankings | Fishburn's advanced stats and rankings | Scottie Scheffler betting profile: The American Express | Harris English betting profile: The American Express | Sam Ryder betting profile: The American Express | THE TOUR | Partnerships | Quick Links | Shop | Apps,"In Fishburn's most recent appearance at The American Express, in 2025, he missed the cut after posting a score of 1-under. | Sepp Straka won this tournament in 2025, finishing at 25-under. | Fishburn has finished in the top 10 once over his last ten appearances. | He had his best finish at the Wyndham Championship, where he finished tied for eighth with a score of 13-under. | Fishburn has an average of 0.184 Strokes Gained: Off-the-Tee in his past five tournaments. | He has an average of 0.158 Strokes Gained: Approach the Green in his past five tournaments. | Fishburn has averaged -0.306 Strokes Gained: Around-the-Green in his past five tournaments. | He has an average of 0.127 Strokes Gained: Putting in his past five tournaments. | Fishburn has averaged 0.163 Strokes Gained: Total in his past five tournaments. | Fishburn posted a 0.184 Strokes Gained: Off-the-Tee average in his past five tournaments. | In terms of Strokes Gained: Approach the Green, Fishburn sported a 0.158 mark in his past five starts. | Around the green, Fishburn delivered a -0.306 Strokes Gained: Around-the-Green mark in his past five tournaments. | On the greens, Fishburn posted a 0.127 Strokes Gained: Putting mark in his past five starts. | PGA TOUR","1 Min Read
Patrick Fishburn of the United States plays a shot on the fifth hole during the third round of the Butterfield Bermuda Championship 2025 at Port Royal Golf Course on November 15, 2025 in Southampton, Bermuda. (Mike Mulholland/Getty Images)
Patrick Fishburn has missed the cut in his last two appearances at The American Express, posting scores of 1-under in 2025 and 10-under in 2024. He'll tee off at Pete Dye Stadium Course Jan. 22-25 with hopes of making his first weekend at this event.
All stats in this article are accurate for Fishburn as of the start of The American Express.
Responsible sports betting starts with a game plan. Set a budget. Keep it social. Play with friends. Learn the game and know the odds. Play with trusted, licensed operators. CLICK HERE to learn more at HaveAGamePlan.org.
Note: Using player performance data from ShotLink powered by CDW, the PGA TOUR has created this story using AWS Gen AI technology. While we strive for accuracy and quality, please note that the information provided may not be entirely error-free.
The American Express
PGA TOUR, PGA TOUR Champions, and the Swinging Golfer design are registered trademarks. The Korn Ferry trademark is also a registered trademark, and is used in the Korn Ferry Tour logo with permission.","1 Min Read

Patrick Fishburn of the United States plays a shot on the fifth hole during the third round of the Butterfield Bermuda Championship 2025 at Port Royal Golf Course on November 15, 2025 in Southampton, Bermuda. (Mike Mulholland/Getty Images)

Patrick Fishburn has missed the cut in his last two appearances at The American Express, posting scores of 1-under in 2025 and 10-under in 2024. He'll tee off at Pete Dye Stadium Course Jan. 22-25 with hopes of making his first weekend at this event.

## Fishburn's recent history at The American Express

## At The American Express

- In Fishburn's most recent appearance at The American Express, in 2025, he missed the cut after posting a score of 1-under.

- Sepp Straka won this tournament in 2025, finishing at 25-under.

## Fishburn's recent results

## Fishburn's recent performances

- Fishburn has finished in the top 10 once over his last ten appearances.

- He had his best finish at the Wyndham Championship, where he finished tied for eighth with a score of 13-under.

- Fishburn has an average of 0.184 Strokes Gained: Off-the-Tee in his past five tournaments.

- He has an average of 0.158 Strokes Gained: Approach the Green in his past five tournaments.

- Fishburn has averaged -0.306 Strokes Gained: Around-the-Green in his past five tournaments.

- He has an average of 0.127 Strokes Gained: Putting in his past five tournaments.

- Fishburn has averaged 0.163 Strokes Gained: Total in his past five tournaments.

## Fishburn's Strokes Gained rankings

## Fishburn's advanced stats and rankings

- Fishburn posted a 0.184 Strokes Gained: Off-the-Tee average in his past five tournaments.

- In terms of Strokes Gained: Approach the Green, Fishburn sported a 0.158 mark in his past five starts.

- Around the green, Fishburn delivered a -0.306 Strokes Gained: Around-the-Green mark in his past five tournaments.

- On the greens, Fishburn posted a 0.127 Strokes Gained: Putting mark in his past five starts.

All stats in this article are accurate for Fishburn as of the start of The American Express.

Responsible sports betting starts with a game plan. Set a budget. Keep it social. Play with friends. Learn the game and know the odds. Play with trusted, licensed operators. CLICK HERE to learn more at HaveAGamePlan.org.

Note: Using player performance data from ShotLink powered by CDW, the PGA TOUR has created this story using AWS Gen AI technology. While we strive for accuracy and quality, please note that the information provided may not be entirely error-free.

The American Express

- PGA TOUR

PGA TOUR, PGA TOUR Champions, and the Swinging Golfer design are registered trademarks. The Korn Ferry trademark is also a registered trademark, and is used in the Korn Ferry Tour logo with permission."
John VanDerLaan betting profile: The American Express,John VanDerLaan betting profile: The American Express - PGA TOUR,John VanDerLaan has not competed in The American Express in the past five years. He'll tee off at Pete Dye Stadium Course Jan. 22-25 with the opportunity to mak,,,the-american-express,https://www.pgatour.com/article/news/betting-profile/2026/the-american-express/john-vanderlaan-pga-tour-betting-stats-the-american-express-2026,"1 Min Read John VanDerLaan of the United States plays his shot from the second tee during the second round of the Sony Open in Hawaii 2026 at Waialae Country Club on January 16, 2026 in Honolulu, Hawaii. (Cliff Hawkins/Getty Images) John VanDerLaan has not competed in The American Express in the past five years. He'll tee off at Pete Dye Stadium Course Jan. 22-25 with the opportunity to make his mark in the 2026 tournament.",At The American Express | VanDerLaan's recent results | VanDerLaan's recent performances | VanDerLaan's Strokes Gained rankings | VanDerLaan's advanced stats and rankings | Scottie Scheffler betting profile: The American Express | Harris English betting profile: The American Express | Sam Ryder betting profile: The American Express | THE TOUR | Partnerships | Quick Links | Shop | Apps,"This marks VanDerLaan's first time competing in The American Express in the past five years. | Sepp Straka won this tournament in 2025, finishing at 25-under. | VanDerLaan has finished in the top 20 four times over his last ten appearances. | He had his best finish at the Nationwide Children's Hospital Championship, where he finished first with a score of 17-under. | VanDerLaan has an average of -0.228 Strokes Gained: Off-the-Tee in his past five tournaments. | He has an average of 0.248 Strokes Gained: Putting in his past five tournaments. | VanDerLaan has averaged 0.178 Strokes Gained: Total in his past five tournaments. | VanDerLaan posted a Strokes Gained: Off-the-Tee average of -0.084 (69th) this season, while his average Driving Distance of 320.5 yards ranked 11th on TOUR. | In terms of Strokes Gained: Approach the Green this season, VanDerLaan sported a 0.905 mark that ranked 15th on TOUR. He ranked 69th with a 66.67% Greens in Regulation rate. | VanDerLaan delivered a -1.278 Strokes Gained: Putting mark this season, which placed him 102nd on TOUR. In addition, he ranked 103rd with a Putts Per Round average of 32.00, and he ranked fifth by breaking par 27.78% of the time. | PGA TOUR","1 Min Read
John VanDerLaan of the United States plays his shot from the second tee during the second round of the Sony Open in Hawaii 2026 at Waialae Country Club on January 16, 2026 in Honolulu, Hawaii. (Cliff Hawkins/Getty Images)
John VanDerLaan has not competed in The American Express in the past five years. He'll tee off at Pete Dye Stadium Course Jan. 22-25 with the opportunity to make his mark in the 2026 tournament.
All stats in this article are accurate for VanDerLaan as of the start of The American Express.
Responsible sports betting starts with a game plan. Set a budget. Keep it social. Play with friends. Learn the game and know the odds. Play with trusted, licensed operators. CLICK HERE to learn more at HaveAGamePlan.org.
Note: Using player performance data from ShotLink powered by CDW, the PGA TOUR has created this story using AWS Gen AI technology. While we strive for accuracy and quality, please note that the information provided may not be entirely error-free.
The American Express
PGA TOUR, PGA TOUR Champions, and the Swinging Golfer design are registered trademarks. The Korn Ferry trademark is also a registered trademark, and is used in the Korn Ferry Tour logo with permission.","1 Min Read

John VanDerLaan of the United States plays his shot from the second tee during the second round of the Sony Open in Hawaii 2026 at Waialae Country Club on January 16, 2026 in Honolulu, Hawaii. (Cliff Hawkins/Getty Images)

John VanDerLaan has not competed in The American Express in the past five years. He'll tee off at Pete Dye Stadium Course Jan. 22-25 with the opportunity to make his mark in the 2026 tournament.

## At The American Express

- This marks VanDerLaan's first time competing in The American Express in the past five years.

- Sepp Straka won this tournament in 2025, finishing at 25-under.

## VanDerLaan's recent results

## VanDerLaan's recent performances

- VanDerLaan has finished in the top 20 four times over his last ten appearances.

- He had his best finish at the Nationwide Children's Hospital Championship, where he finished first with a score of 17-under.

- VanDerLaan has an average of -0.228 Strokes Gained: Off-the-Tee in his past five tournaments.

- He has an average of 0.248 Strokes Gained: Putting in his past five tournaments.

- VanDerLaan has averaged 0.178 Strokes Gained: Total in his past five tournaments.

## VanDerLaan's Strokes Gained rankings

## VanDerLaan's advanced stats and rankings

- VanDerLaan posted a Strokes Gained: Off-the-Tee average of -0.084 (69th) this season, while his average Driving Distance of 320.5 yards ranked 11th on TOUR.

- In terms of Strokes Gained: Approach the Green this season, VanDerLaan sported a 0.905 mark that ranked 15th on TOUR. He ranked 69th with a 66.67% Greens in Regulation rate.

- VanDerLaan delivered a -1.278 Strokes Gained: Putting mark this season, which placed him 102nd on TOUR. In addition, he ranked 103rd with a Putts Per Round average of 32.00, and he ranked fifth by breaking par 27.78% of the time.

All stats in this article are accurate for VanDerLaan as of the start of The American Express.

Responsible sports betting starts with a game plan. Set a budget. Keep it social. Play with friends. Learn the game and know the odds. Play with trusted, licensed operators. CLICK HERE to learn more at HaveAGamePlan.org.

Note: Using player performance data from ShotLink powered by CDW, the PGA TOUR has created this story using AWS Gen AI technology. While we strive for accuracy and quality, please note that the information provided may not be entirely error-free.

The American Express

- PGA TOUR

PGA TOUR, PGA TOUR Champions, and the Swinging Golfer design are registered trademarks. The Korn Ferry trademark is also a registered trademark, and is used in the Korn Ferry Tour logo with permission."
Jeffrey Kang betting profile: The American Express,Jeffrey Kang betting profile: The American Express - PGA TOUR,Jeffrey Kang has not competed in The American Express in the last five years. He'll tee off at Pete Dye Stadium Course Jan. 22-25 with his debut at this tournam,,,the-american-express,https://www.pgatour.com/article/news/betting-profile/2026/the-american-express/jeffrey-kang-pga-tour-betting-stats-the-american-express-2026,"1 Min Read Jeffrey Kang of the United States plays a shot on the ninth hole during the second round of the Sony Open in Hawaii 2026 at Waialae Country Club on January 16, 2026 in Honolulu, Hawaii. (Cliff Hawkins/Getty Images) Jeffrey Kang has not competed in The American Express in the last five years. He'll tee off at Pete Dye Stadium Course Jan. 22-25 with his debut at this tournament in recent years.",At The American Express | Kang's recent results | Kang's recent performances | Kang's Strokes Gained rankings | Kang's advanced stats and rankings | Jacob Bridgeman betting profile: The American Express | Zach Johnson betting profile: The American Express | Sami Valimaki betting profile: The American Express | THE TOUR | Partnerships | Quick Links | Shop | Apps,"This will be Kang's first time competing in The American Express in the past five years. | Sepp Straka won this tournament in 2025, finishing at 25-under. | Kang has finished in the top five three times over his last ten appearances. | He had his best finish at the Albertsons Boise Open presented by Chevron, where he finished second with a score of 21-under. | Kang has an average of 0.118 Strokes Gained: Off-the-Tee in his past five tournaments. | He has an average of -0.202 Strokes Gained: Approach the Green in his past five tournaments. | Kang has averaged -0.574 Strokes Gained: Total in his past five tournaments. | Kang has posted a Strokes Gained: Off-the-Tee average of -0.929 (111th) this season, while his average Driving Distance of 319.5 yards ranks 14th on TOUR. | In terms of Strokes Gained: Approach the Green this season, Kang sports a -0.133 mark that ranks 66th on TOUR. He ranks 103rd with a 58.33% Greens in Regulation rate. | On the greens, Kang has delivered a -2.177 Strokes Gained: Putting mark this season, which places him 115th on TOUR. In addition, he ranks 97th with a Putts Per Round average of 31.50, and he ranks 80th by breaking par 16.67% of the time. | PGA TOUR","1 Min Read
Jeffrey Kang of the United States plays a shot on the ninth hole during the second round of the Sony Open in Hawaii 2026 at Waialae Country Club on January 16, 2026 in Honolulu, Hawaii. (Cliff Hawkins/Getty Images)
Jeffrey Kang has not competed in The American Express in the last five years. He'll tee off at Pete Dye Stadium Course Jan. 22-25 with his debut at this tournament in recent years.
All stats in this article are accurate for Kang as of the start of The American Express.
Responsible sports betting starts with a game plan. Set a budget. Keep it social. Play with friends. Learn the game and know the odds. Play with trusted, licensed operators. CLICK HERE to learn more at HaveAGamePlan.org.
Note: Using player performance data from ShotLink powered by CDW, the PGA TOUR has created this story using AWS Gen AI technology. While we strive for accuracy and quality, please note that the information provided may not be entirely error-free.
The American Express
PGA TOUR, PGA TOUR Champions, and the Swinging Golfer design are registered trademarks. The Korn Ferry trademark is also a registered trademark, and is used in the Korn Ferry Tour logo with permission.","1 Min Read

Jeffrey Kang of the United States plays a shot on the ninth hole during the second round of the Sony Open in Hawaii 2026 at Waialae Country Club on January 16, 2026 in Honolulu, Hawaii. (Cliff Hawkins/Getty Images)

Jeffrey Kang has not competed in The American Express in the last five years. He'll tee off at Pete Dye Stadium Course Jan. 22-25 with his debut at this tournament in recent years.

## At The American Express

- This will be Kang's first time competing in The American Express in the past five years.

- Sepp Straka won this tournament in 2025, finishing at 25-under.

## Kang's recent results

## Kang's recent performances

- Kang has finished in the top five three times over his last ten appearances.

- He had his best finish at the Albertsons Boise Open presented by Chevron, where he finished second with a score of 21-under.

- Kang has an average of 0.118 Strokes Gained: Off-the-Tee in his past five tournaments.

- He has an average of -0.202 Strokes Gained: Approach the Green in his past five tournaments.

- Kang has averaged -0.574 Strokes Gained: Total in his past five tournaments.

## Kang's Strokes Gained rankings

## Kang's advanced stats and rankings

- Kang has posted a Strokes Gained: Off-the-Tee average of -0.929 (111th) this season, while his average Driving Distance of 319.5 yards ranks 14th on TOUR.

- In terms of Strokes Gained: Approach the Green this season, Kang sports a -0.133 mark that ranks 66th on TOUR. He ranks 103rd with a 58.33% Greens in Regulation rate.

- On the greens, Kang has delivered a -2.177 Strokes Gained: Putting mark this season, which places him 115th on TOUR. In addition, he ranks 97th with a Putts Per Round average of 31.50, and he ranks 80th by breaking par 16.67% of the time.

All stats in this article are accurate for Kang as of the start of The American Express.

Responsible sports betting starts with a game plan. Set a budget. Keep it social. Play with friends. Learn the game and know the odds. Play with trusted, licensed operators. CLICK HERE to learn more at HaveAGamePlan.org.

Note: Using player performance data from ShotLink powered by CDW, the PGA TOUR has created this story using AWS Gen AI technology. While we strive for accuracy and quality, please note that the information provided may not be entirely error-free.

The American Express

- PGA TOUR

PGA TOUR, PGA TOUR Champions, and the Swinging Golfer design are registered trademarks. The Korn Ferry trademark is also a registered trademark, and is used in the Korn Ferry Tour logo with permission."
Jesper Svensson betting profile: The American Express,Jesper Svensson betting profile: The American Express - PGA TOUR,"Jesper Svensson missed the cut at The American Express last year, finishing with a total score of 6-under par. He'll tee off at Pete Dye Stadium Course in La Qu",,,the-american-express,https://www.pgatour.com/article/news/betting-profile/2026/the-american-express/jesper-svensson-pga-tour-betting-stats-the-american-express-2026,"1 Min Read Jesper Svensson of Sweden plays his second shot on the fifth hole on Day Two of the Nedbank Golf Challenge in honour of Gary Player 2026 at Gary Player CC on December 05, 2025 in Sun City, South Africa. (Luke Walker/Getty Images) Jesper Svensson missed the cut at The American Express last year, finishing with a total score of 6-under par. He'll tee off at Pete Dye Stadium Course in La Quinta, California from Jan. 22-25 with his sights set on making the weekend this time around in the 2026 American Express.",Svensson's recent history at The American Express | At The American Express | Svensson's recent results | Svensson's recent performances | Svensson's Strokes Gained rankings | Svensson's advanced stats and rankings | Scottie Scheffler betting profile: The American Express | Harris English betting profile: The American Express | Sam Ryder betting profile: The American Express | THE TOUR | Partnerships | Quick Links | Shop | Apps,"In Svensson's most recent appearance at The American Express, in 2025, he missed the cut after posting a score of 6-under. | Sepp Straka won this tournament in 2025, finishing at 25-under. | Svensson has finished in the top-20 four times over his last ten appearances. | He had his best finish at the Butterfield Bermuda Championship, where he finished tied for 14th with a score of 5-under. | Svensson has an average of 0.545 Strokes Gained: Off-the-Tee in his past five tournaments. | He has an average of 0.158 Strokes Gained: Approach the Green in his past five tournaments. | He has an average of 0.216 Strokes Gained: Around-the-Green in his past five tournaments. | He has an average of -0.715 Strokes Gained: Putting in his past five tournaments. | Svensson has averaged 0.205 Strokes Gained: Total in his past five tournaments. | In his past five tournaments, Svensson averaged 0.545 Strokes Gained: Off-the-Tee and 0.158 Strokes Gained: Approach the Green. | Around the greens, Svensson delivered a 0.216 Strokes Gained: Around-the-Green mark in his past five starts. | On the greens, Svensson struggled with putting in his past five tournaments, posting a -0.715 Strokes Gained: Putting average. | PGA TOUR","1 Min Read
Jesper Svensson of Sweden plays his second shot on the fifth hole on Day Two of the Nedbank Golf Challenge in honour of Gary Player 2026 at Gary Player CC on December 05, 2025 in Sun City, South Africa. (Luke Walker/Getty Images)
Jesper Svensson missed the cut at The American Express last year, finishing with a total score of 6-under par. He'll tee off at Pete Dye Stadium Course in La Quinta, California from Jan. 22-25 with his sights set on making the weekend this time around in the 2026 American Express.
All stats in this article are accurate for Svensson as of the start of The American Express.
Responsible sports betting starts with a game plan. Set a budget. Keep it social. Play with friends. Learn the game and know the odds. Play with trusted, licensed operators. CLICK HERE to learn more at HaveAGamePlan.org.
Note: Using player performance data from ShotLink powered by CDW, the PGA TOUR has created this story using AWS Gen AI technology. While we strive for accuracy and quality, please note that the information provided may not be entirely error-free.
The American Express
PGA TOUR, PGA TOUR Champions, and the Swinging Golfer design are registered trademarks. The Korn Ferry trademark is also a registered trademark, and is used in the Korn Ferry Tour logo with permission.","1 Min Read

Jesper Svensson of Sweden plays his second shot on the fifth hole on Day Two of the Nedbank Golf Challenge in honour of Gary Player 2026 at Gary Player CC on December 05, 2025 in Sun City, South Africa. (Luke Walker/Getty Images)

Jesper Svensson missed the cut at The American Express last year, finishing with a total score of 6-under par. He'll tee off at Pete Dye Stadium Course in La Quinta, California from Jan. 22-25 with his sights set on making the weekend this time around in the 2026 American Express.

## Svensson's recent history at The American Express

## At The American Express

- In Svensson's most recent appearance at The American Express, in 2025, he missed the cut after posting a score of 6-under.

- Sepp Straka won this tournament in 2025, finishing at 25-under.

## Svensson's recent results

## Svensson's recent performances

- Svensson has finished in the top-20 four times over his last ten appearances.

- He had his best finish at the Butterfield Bermuda Championship, where he finished tied for 14th with a score of 5-under.

- Svensson has an average of 0.545 Strokes Gained: Off-the-Tee in his past five tournaments.

- He has an average of 0.158 Strokes Gained: Approach the Green in his past five tournaments.

- He has an average of 0.216 Strokes Gained: Around-the-Green in his past five tournaments.

- He has an average of -0.715 Strokes Gained: Putting in his past five tournaments.

- Svensson has averaged 0.205 Strokes Gained: Total in his past five tournaments.

## Svensson's Strokes Gained rankings

## Svensson's advanced stats and rankings

- In his past five tournaments, Svensson averaged 0.545 Strokes Gained: Off-the-Tee and 0.158 Strokes Gained: Approach the Green.

- Around the greens, Svensson delivered a 0.216 Strokes Gained: Around-the-Green mark in his past five starts.

- On the greens, Svensson struggled with putting in his past five tournaments, posting a -0.715 Strokes Gained: Putting average.

All stats in this article are accurate for Svensson as of the start of The American Express.

Responsible sports betting starts with a game plan. Set a budget. Keep it social. Play with friends. Learn the game and know the odds. Play with trusted, licensed operators. CLICK HERE to learn more at HaveAGamePlan.org.

Note: Using player performance data from ShotLink powered by CDW, the PGA TOUR has created this story using AWS Gen AI technology. While we strive for accuracy and quality, please note that the information provided may not be entirely error-free.

The American Express

- PGA TOUR

PGA TOUR, PGA TOUR Champions, and the Swinging Golfer design are registered trademarks. The Korn Ferry trademark is also a registered trademark, and is used in the Korn Ferry Tour logo with permission."
Pierceson Coody betting profile: The American Express,Pierceson Coody betting profile: The American Express - PGA TOUR,"Pierceson Coody missed the cut at The American Express in 2024, shooting 3-under. He'll tee off at Pete Dye Stadium Course Jan. 22-25 with his sights set on mak",,,the-american-express,https://www.pgatour.com/article/news/betting-profile/2026/the-american-express/pierceson-coody-pga-tour-betting-stats-the-american-express-2026,"1 Min Read Pierceson Coody of the United States reacts to his shot from the second tee during the second round of the Sony Open in Hawaii 2026 at Waialae Country Club on January 16, 2026 in Honolulu, Hawaii. (Cliff Hawkins/Getty Images) Pierceson Coody missed the cut at The American Express in 2024, shooting 3-under. He'll tee off at Pete Dye Stadium Course Jan. 22-25 with his sights set on making the weekend this time around in the 2026 American Express.",Coody's recent history at The American Express | At The American Express | Coody's recent results | Coody's recent performances | Coody's Strokes Gained rankings | Coody's advanced stats and rankings | Jacob Bridgeman betting profile: The American Express | Zach Johnson betting profile: The American Express | Sami Valimaki betting profile: The American Express | THE TOUR | Partnerships | Quick Links | Shop | Apps,"In Coody's most recent appearance at The American Express, in 2024, he missed the cut after posting a score of 3-under. | Sepp Straka won this tournament in 2025, finishing at 25-under. | Coody has finished in the top 20 four times over his last ten appearances. | He had his best finish at the Bank of Utah Championship, where he finished tied for third with a score of 16-under. | Coody has an average of 0.588 Strokes Gained: Off-the-Tee in his past five tournaments. | He has an average of 0.336 Strokes Gained: Approach the Green in his past five tournaments. | He has an average of -0.420 Strokes Gained: Putting in his past five tournaments. | Coody has averaged 0.727 Strokes Gained: Total in his past five tournaments. | Coody has posted a Strokes Gained: Off-the-Tee average of 0.470 (30th) this season, while his average Driving Distance of 319.9 yards ranks 12th on TOUR. | In terms of Strokes Gained: Approach the Green this season, Coody sports a 0.098 mark that ranks 51st on TOUR. He ranks 32nd with a 72.22% Greens in Regulation rate. | On the greens, Coody has delivered a 0.598 Strokes Gained: Putting mark this season, which places him 26th on TOUR. In addition, he ranks 40th with a Putts Per Round average of 29.50, and he ranks 28th by breaking par 23.61% of the time. | Coody currently sits 13th in FedExCup Regular Season points with 54 points. | PGA TOUR","1 Min Read
Pierceson Coody of the United States reacts to his shot from the second tee during the second round of the Sony Open in Hawaii 2026 at Waialae Country Club on January 16, 2026 in Honolulu, Hawaii. (Cliff Hawkins/Getty Images)
Pierceson Coody missed the cut at The American Express in 2024, shooting 3-under. He'll tee off at Pete Dye Stadium Course Jan. 22-25 with his sights set on making the weekend this time around in the 2026 American Express.
All stats in this article are accurate for Coody as of the start of The American Express.
Responsible sports betting starts with a game plan. Set a budget. Keep it social. Play with friends. Learn the game and know the odds. Play with trusted, licensed operators. CLICK HERE to learn more at HaveAGamePlan.org.
Note: Using player performance data from ShotLink powered by CDW, the PGA TOUR has created this story using AWS Gen AI technology. While we strive for accuracy and quality, please note that the information provided may not be entirely error-free.
The American Express
PGA TOUR, PGA TOUR Champions, and the Swinging Golfer design are registered trademarks. The Korn Ferry trademark is also a registered trademark, and is used in the Korn Ferry Tour logo with permission.","1 Min Read

Pierceson Coody of the United States reacts to his shot from the second tee during the second round of the Sony Open in Hawaii 2026 at Waialae Country Club on January 16, 2026 in Honolulu, Hawaii. (Cliff Hawkins/Getty Images)

Pierceson Coody missed the cut at The American Express in 2024, shooting 3-under. He'll tee off at Pete Dye Stadium Course Jan. 22-25 with his sights set on making the weekend this time around in the 2026 American Express.

## Coody's recent history at The American Express

## At The American Express

- In Coody's most recent appearance at The American Express, in 2024, he missed the cut after posting a score of 3-under.

- Sepp Straka won this tournament in 2025, finishing at 25-under.

## Coody's recent results

## Coody's recent performances

- Coody has finished in the top 20 four times over his last ten appearances.

- He had his best finish at the Bank of Utah Championship, where he finished tied for third with a score of 16-under.

- Coody has an average of 0.588 Strokes Gained: Off-the-Tee in his past five tournaments.

- He has an average of 0.336 Strokes Gained: Approach the Green in his past five tournaments.

- He has an average of -0.420 Strokes Gained: Putting in his past five tournaments.

- Coody has averaged 0.727 Strokes Gained: Total in his past five tournaments.

## Coody's Strokes Gained rankings

## Coody's advanced stats and rankings

- Coody has posted a Strokes Gained: Off-the-Tee average of 0.470 (30th) this season, while his average Driving Distance of 319.9 yards ranks 12th on TOUR.

- In terms of Strokes Gained: Approach the Green this season, Coody sports a 0.098 mark that ranks 51st on TOUR. He ranks 32nd with a 72.22% Greens in Regulation rate.

- On the greens, Coody has delivered a 0.598 Strokes Gained: Putting mark this season, which places him 26th on TOUR. In addition, he ranks 40th with a Putts Per Round average of 29.50, and he ranks 28th by breaking par 23.61% of the time.

- Coody currently sits 13th in FedExCup Regular Season points with 54 points.

All stats in this article are accurate for Coody as of the start of The American Express.

Responsible sports betting starts with a game plan. Set a budget. Keep it social. Play with friends. Learn the game and know the odds. Play with trusted, licensed operators. CLICK HERE to learn more at HaveAGamePlan.org.

Note: Using player performance data from ShotLink powered by CDW, the PGA TOUR has created this story using AWS Gen AI technology. While we strive for accuracy and quality, please note that the information provided may not be entirely error-free.

The American Express

- PGA TOUR

PGA TOUR, PGA TOUR Champions, and the Swinging Golfer design are registered trademarks. The Korn Ferry trademark is also a registered trademark, and is used in the Korn Ferry Tour logo with permission."
Jackson Suber betting profile: The American Express,Jackson Suber betting profile: The American Express - PGA TOUR,"Jackson Suber missed the cut at The American Express last year after posting rounds of 65, 77, and 71 for a total of 3-under. He'll return to Pete Dye Stadium C",,,the-american-express,https://www.pgatour.com/article/news/betting-profile/2026/the-american-express/jackson-suber-pga-tour-betting-stats-the-american-express-2026,"1 Min Read Jackson Suber of the United States plays his shot from the sixth tee during the third round of The RSM Classic 2025 at Sea Island Resort on November 22, 2025 in St Simons Island, Georgia. (Jonathan Bachman/Getty Images) Jackson Suber missed the cut at The American Express last year after posting rounds of 65, 77, and 71 for a total of 3-under. He'll return to Pete Dye Stadium Course in La Quinta, California Jan. 22-25 looking to make his first cut at this event.",Suber's recent history at The American Express | At The American Express | Suber's recent results | Suber's recent performances | Suber's Strokes Gained rankings | Suber's advanced stats and rankings | Jacob Bridgeman betting profile: The American Express | Zach Johnson betting profile: The American Express | Sami Valimaki betting profile: The American Express | THE TOUR | Partnerships | Quick Links | Shop | Apps,"In Suber's most recent appearance at The American Express, in 2025, he missed the cut after posting a score of 3-under. | Sepp Straka won this tournament in 2025, finishing at 25-under. | Suber has finished in the top 20 three times over his last ten appearances. | He had his best finish at the Barracuda Championship, where he finished seventh. | Suber has an average of 0.345 Strokes Gained: Off-the-Tee in his past five tournaments. | He has an average of 0.001 Strokes Gained: Approach the Green in his past five tournaments. | Suber has averaged 0.509 Strokes Gained: Total in his past five tournaments. | Suber has posted a positive Strokes Gained: Off-the-Tee average of 0.345 in his past five tournaments. | His Strokes Gained: Approach the Green mark has been nearly neutral at 0.001 over his last five starts. | Around the greens, Suber has struggled slightly with an average of -0.181 Strokes Gained: Around-the-Green in his past five tournaments. | On the greens, Suber has performed well with a positive 0.344 Strokes Gained: Putting average over his last five starts. | PGA TOUR","1 Min Read
Jackson Suber of the United States plays his shot from the sixth tee during the third round of The RSM Classic 2025 at Sea Island Resort on November 22, 2025 in St Simons Island, Georgia. (Jonathan Bachman/Getty Images)
Jackson Suber missed the cut at The American Express last year after posting rounds of 65, 77, and 71 for a total of 3-under. He'll return to Pete Dye Stadium Course in La Quinta, California Jan. 22-25 looking to make his first cut at this event.
All stats in this article are accurate for Suber as of the start of The American Express.
Responsible sports betting starts with a game plan. Set a budget. Keep it social. Play with friends. Learn the game and know the odds. Play with trusted, licensed operators. CLICK HERE to learn more at HaveAGamePlan.org.
Note: Using player performance data from ShotLink powered by CDW, the PGA TOUR has created this story using AWS Gen AI technology. While we strive for accuracy and quality, please note that the information provided may not be entirely error-free.
The American Express
PGA TOUR, PGA TOUR Champions, and the Swinging Golfer design are registered trademarks. The Korn Ferry trademark is also a registered trademark, and is used in the Korn Ferry Tour logo with permission.","1 Min Read

Jackson Suber of the United States plays his shot from the sixth tee during the third round of The RSM Classic 2025 at Sea Island Resort on November 22, 2025 in St Simons Island, Georgia. (Jonathan Bachman/Getty Images)

Jackson Suber missed the cut at The American Express last year after posting rounds of 65, 77, and 71 for a total of 3-under. He'll return to Pete Dye Stadium Course in La Quinta, California Jan. 22-25 looking to make his first cut at this event.

## Suber's recent history at The American Express

## At The American Express

- In Suber's most recent appearance at The American Express, in 2025, he missed the cut after posting a score of 3-under.

- Sepp Straka won this tournament in 2025, finishing at 25-under.

## Suber's recent results

## Suber's recent performances

- Suber has finished in the top 20 three times over his last ten appearances.

- He had his best finish at the Barracuda Championship, where he finished seventh.

- Suber has an average of 0.345 Strokes Gained: Off-the-Tee in his past five tournaments.

- He has an average of 0.001 Strokes Gained: Approach the Green in his past five tournaments.

- Suber has averaged 0.509 Strokes Gained: Total in his past five tournaments.

## Suber's Strokes Gained rankings

## Suber's advanced stats and rankings

- Suber has posted a positive Strokes Gained: Off-the-Tee average of 0.345 in his past five tournaments.

- His Strokes Gained: Approach the Green mark has been nearly neutral at 0.001 over his last five starts.

- Around the greens, Suber has struggled slightly with an average of -0.181 Strokes Gained: Around-the-Green in his past five tournaments.

- On the greens, Suber has performed well with a positive 0.344 Strokes Gained: Putting average over his last five starts.

All stats in this article are accurate for Suber as of the start of The American Express.

Responsible sports betting starts with a game plan. Set a budget. Keep it social. Play with friends. Learn the game and know the odds. Play with trusted, licensed operators. CLICK HERE to learn more at HaveAGamePlan.org.

Note: Using player performance data from ShotLink powered by CDW, the PGA TOUR has created this story using AWS Gen AI technology. While we strive for accuracy and quality, please note that the information provided may not be entirely error-free.

The American Express

- PGA TOUR

PGA TOUR, PGA TOUR Champions, and the Swinging Golfer design are registered trademarks. The Korn Ferry trademark is also a registered trademark, and is used in the Korn Ferry Tour logo with permission."
Kensei Hirata betting profile: The American Express,Kensei Hirata betting profile: The American Express - PGA TOUR,Kensei Hirata has not competed in The American Express in the last five years. He'll tee off at Pete Dye Stadium Course Jan. 22-25 with an opportunity to make h,,,the-american-express,https://www.pgatour.com/article/news/betting-profile/2026/the-american-express/kensei-hirata-pga-tour-betting-stats-the-american-express-2026,"1 Min Read Detailed view of The PGA TOUR flag during the second round of the Korn Ferry Tour Qualifying Tournament at Landings Club-Marshwood Course on November 6, 2022 in Savannah, Georgia. (Andrew Wevers/PGA TOUR) Kensei Hirata has not competed in The American Express in the last five years. He'll tee off at Pete Dye Stadium Course Jan. 22-25 with an opportunity to make his mark in the 2026 tournament.",At The American Express | Hirata's recent results | Hirata's recent performances | Hirata's Strokes Gained rankings | Hirata's advanced stats and rankings | Jacob Bridgeman betting profile: The American Express | Zach Johnson betting profile: The American Express | Sami Valimaki betting profile: The American Express | THE TOUR | Partnerships | Quick Links | Shop | Apps,"This is Hirata's first time competing in The American Express in the past five years. | Sepp Straka won this tournament in 2025, finishing at 25-under. | Hirata's best finish over his last ten appearances came at the Sony Open in Hawaii, where he finished tied for 21st with a score of 10-under. | He has an average of 0.215 Strokes Gained: Off-the-Tee in his past five tournaments. | Hirata has an average of 0.046 Strokes Gained: Approach the Green in his past five tournaments. | He has an average of -0.185 Strokes Gained: Putting in his past five tournaments. | Hirata has averaged 0.092 Strokes Gained: Total in his past five tournaments. | Hirata posted a Strokes Gained: Off-the-Tee average of 0.615 (19th) this season, while his average Driving Distance of 312.6 yards ranked 34th on TOUR. | In terms of Strokes Gained: Approach the Green this season, Hirata sported a 0.828 mark that ranked 18th on TOUR. He ranked second with an 80.56% Greens in Regulation rate. | On the greens, Hirata delivered a -0.086 Strokes Gained: Putting mark this season, which placed him 61st on TOUR. In addition, he ranked 112th with a Putts Per Round average of 32.25, and he ranked 61st by breaking par 19.44% of the time. | Hirata has earned 33 FedExCup Regular Season points this season, ranking 24th. | PGA TOUR","1 Min Read
Detailed view of The PGA TOUR flag during the second round of the Korn Ferry Tour Qualifying Tournament at Landings Club-Marshwood Course on November 6, 2022 in Savannah, Georgia. (Andrew Wevers/PGA TOUR)
Kensei Hirata has not competed in The American Express in the last five years. He'll tee off at Pete Dye Stadium Course Jan. 22-25 with an opportunity to make his mark in the 2026 tournament.
All stats in this article are accurate for Hirata as of the start of The American Express.
Responsible sports betting starts with a game plan. Set a budget. Keep it social. Play with friends. Learn the game and know the odds. Play with trusted, licensed operators. CLICK HERE to learn more at HaveAGamePlan.org.
Note: Using player performance data from ShotLink powered by CDW, the PGA TOUR has created this story using AWS Gen AI technology. While we strive for accuracy and quality, please note that the information provided may not be entirely error-free.
The American Express
PGA TOUR, PGA TOUR Champions, and the Swinging Golfer design are registered trademarks. The Korn Ferry trademark is also a registered trademark, and is used in the Korn Ferry Tour logo with permission.","1 Min Read

Detailed view of The PGA TOUR flag during the second round of the Korn Ferry Tour Qualifying Tournament at Landings Club-Marshwood Course on November 6, 2022 in Savannah, Georgia. (Andrew Wevers/PGA TOUR)

Kensei Hirata has not competed in The American Express in the last five years. He'll tee off at Pete Dye Stadium Course Jan. 22-25 with an opportunity to make his mark in the 2026 tournament.

## At The American Express

- This is Hirata's first time competing in The American Express in the past five years.

- Sepp Straka won this tournament in 2025, finishing at 25-under.

## Hirata's recent results

## Hirata's recent performances

- Hirata's best finish over his last ten appearances came at the Sony Open in Hawaii, where he finished tied for 21st with a score of 10-under.

- He has an average of 0.215 Strokes Gained: Off-the-Tee in his past five tournaments.

- Hirata has an average of 0.046 Strokes Gained: Approach the Green in his past five tournaments.

- He has an average of -0.185 Strokes Gained: Putting in his past five tournaments.

- Hirata has averaged 0.092 Strokes Gained: Total in his past five tournaments.

## Hirata's Strokes Gained rankings

## Hirata's advanced stats and rankings

- Hirata posted a Strokes Gained: Off-the-Tee average of 0.615 (19th) this season, while his average Driving Distance of 312.6 yards ranked 34th on TOUR.

- In terms of Strokes Gained: Approach the Green this season, Hirata sported a 0.828 mark that ranked 18th on TOUR. He ranked second with an 80.56% Greens in Regulation rate.

- On the greens, Hirata delivered a -0.086 Strokes Gained: Putting mark this season, which placed him 61st on TOUR. In addition, he ranked 112th with a Putts Per Round average of 32.25, and he ranked 61st by breaking par 19.44% of the time.

- Hirata has earned 33 FedExCup Regular Season points this season, ranking 24th.

All stats in this article are accurate for Hirata as of the start of The American Express.

Responsible sports betting starts with a game plan. Set a budget. Keep it social. Play with friends. Learn the game and know the odds. Play with trusted, licensed operators. CLICK HERE to learn more at HaveAGamePlan.org.

Note: Using player performance data from ShotLink powered by CDW, the PGA TOUR has created this story using AWS Gen AI technology. While we strive for accuracy and quality, please note that the information provided may not be entirely error-free.

The American Express

- PGA TOUR

PGA TOUR, PGA TOUR Champions, and the Swinging Golfer design are registered trademarks. The Korn Ferry trademark is also a registered trademark, and is used in the Korn Ferry Tour logo with permission."
Kevin Streelman betting profile: The American Express,Kevin Streelman betting profile: The American Express - PGA TOUR,"Kevin Streelman has missed the cut in his last four appearances at The American Express, including a missed cut at one-over-par in 2025. He'll tee off at Pete D",,,the-american-express,https://www.pgatour.com/article/news/betting-profile/2026/the-american-express/kevin-streelman-pga-tour-betting-stats-the-american-express-2026,"1 Min Read Kevin Streelman of the United States prepares to play his shot from the seventh tee during the first round of The RSM Classic 2025 at Sea Island Resort Plantation Course on November 20, 2025 in St Simons Island, Georgia. (Mike Mulholland/Getty Images) Kevin Streelman has missed the cut in his last four appearances at The American Express, including a missed cut at one-over-par in 2025. He'll tee off at Pete Dye Stadium Course Jan. 22-25 with hopes of turning around his fortunes at the 2026 The American Express.",Streelman's recent history at The American Express | At The American Express | Streelman's recent results | Streelman's recent performances | Streelman's Strokes Gained rankings | Streelman's advanced stats and rankings | Jacob Bridgeman betting profile: The American Express | Zach Johnson betting profile: The American Express | Sami Valimaki betting profile: The American Express | THE TOUR | Partnerships | Quick Links | Shop | Apps,"In Streelman's most recent appearance at The American Express, in 2025, he missed the cut after posting a score of one-over-par. | Streelman has missed the cut in his last four appearances at this event, dating back to 2021. | Sepp Straka won this tournament in 2025, finishing at 25-under. | Streelman has finished in the top 20 once over his last ten appearances. | He had his best finish at the Farmers Insurance Open, where he finished tied for 15th with a score of one-under. | Streelman has an average of -0.099 Strokes Gained: Off-the-Tee in his past five tournaments. | He has an average of 0.105 Strokes Gained: Approach the Green in his past five tournaments. | Streelman has an average of -0.376 Strokes Gained: Around-the-Green in his past five tournaments. | He has an average of -0.041 Strokes Gained: Putting in his past five tournaments. | Streelman has averaged -0.411 Strokes Gained: Total in his past five tournaments. | Streelman posted a -0.099 Strokes Gained: Off-the-Tee average in his past five tournaments. | In terms of Strokes Gained: Approach the Green in his past five starts, Streelman sported a 0.105 mark. | Around the greens, Streelman delivered a -0.376 Strokes Gained: Around-the-Green mark in his past five tournaments. | On the greens, Streelman posted a -0.041 Strokes Gained: Putting average in his past five starts. | PGA TOUR","1 Min Read
Kevin Streelman of the United States prepares to play his shot from the seventh tee during the first round of The RSM Classic 2025 at Sea Island Resort Plantation Course on November 20, 2025 in St Simons Island, Georgia. (Mike Mulholland/Getty Images)
Kevin Streelman has missed the cut in his last four appearances at The American Express, including a missed cut at one-over-par in 2025. He'll tee off at Pete Dye Stadium Course Jan. 22-25 with hopes of turning around his fortunes at the 2026 The American Express.
All stats in this article are accurate for Streelman as of the start of The American Express.
Responsible sports betting starts with a game plan. Set a budget. Keep it social. Play with friends. Learn the game and know the odds. Play with trusted, licensed operators. CLICK HERE to learn more at HaveAGamePlan.org.
Note: Using player performance data from ShotLink powered by CDW, the PGA TOUR has created this story using AWS Gen AI technology. While we strive for accuracy and quality, please note that the information provided may not be entirely error-free.
The American Express
PGA TOUR, PGA TOUR Champions, and the Swinging Golfer design are registered trademarks. The Korn Ferry trademark is also a registered trademark, and is used in the Korn Ferry Tour logo with permission.","1 Min Read

Kevin Streelman of the United States prepares to play his shot from the seventh tee during the first round of The RSM Classic 2025 at Sea Island Resort Plantation Course on November 20, 2025 in St Simons Island, Georgia. (Mike Mulholland/Getty Images)

Kevin Streelman has missed the cut in his last four appearances at The American Express, including a missed cut at one-over-par in 2025. He'll tee off at Pete Dye Stadium Course Jan. 22-25 with hopes of turning around his fortunes at the 2026 The American Express.

## Streelman's recent history at The American Express

## At The American Express

- In Streelman's most recent appearance at The American Express, in 2025, he missed the cut after posting a score of one-over-par.

- Streelman has missed the cut in his last four appearances at this event, dating back to 2021.

- Sepp Straka won this tournament in 2025, finishing at 25-under.

## Streelman's recent results

## Streelman's recent performances

- Streelman has finished in the top 20 once over his last ten appearances.

- He had his best finish at the Farmers Insurance Open, where he finished tied for 15th with a score of one-under.

- Streelman has an average of -0.099 Strokes Gained: Off-the-Tee in his past five tournaments.

- He has an average of 0.105 Strokes Gained: Approach the Green in his past five tournaments.

- Streelman has an average of -0.376 Strokes Gained: Around-the-Green in his past five tournaments.

- He has an average of -0.041 Strokes Gained: Putting in his past five tournaments.

- Streelman has averaged -0.411 Strokes Gained: Total in his past five tournaments.

## Streelman's Strokes Gained rankings

## Streelman's advanced stats and rankings

- Streelman posted a -0.099 Strokes Gained: Off-the-Tee average in his past five tournaments.

- In terms of Strokes Gained: Approach the Green in his past five starts, Streelman sported a 0.105 mark.

- Around the greens, Streelman delivered a -0.376 Strokes Gained: Around-the-Green mark in his past five tournaments.

- On the greens, Streelman posted a -0.041 Strokes Gained: Putting average in his past five starts.

All stats in this article are accurate for Streelman as of the start of The American Express.

Responsible sports betting starts with a game plan. Set a budget. Keep it social. Play with friends. Learn the game and know the odds. Play with trusted, licensed operators. CLICK HERE to learn more at HaveAGamePlan.org.

Note: Using player performance data from ShotLink powered by CDW, the PGA TOUR has created this story using AWS Gen AI technology. While we strive for accuracy and quality, please note that the information provided may not be entirely error-free.

The American Express

- PGA TOUR

PGA TOUR, PGA TOUR Champions, and the Swinging Golfer design are registered trademarks. The Korn Ferry trademark is also a registered trademark, and is used in the Korn Ferry Tour logo with permission."
Rafael Campos betting profile: The American Express,Rafael Campos betting profile: The American Express - PGA TOUR,"Rafael Campos missed the cut in his last appearance at The American Express in 2025, shooting 2-under. He'll tee off at Pete Dye Stadium Course Jan. 22-25 with",,,the-american-express,https://www.pgatour.com/article/news/betting-profile/2026/the-american-express/rafael-campos-pga-tour-betting-stats-the-american-express-2026,"1 Min Read Rafael Campos of Puerto Rico prepares to play a shot on the eighth hole during the first round of the Sony Open in Hawaii 2026 at Waialae Country Club on January 15, 2026 in Honolulu, Hawaii. (Mike Mulholland/Getty Images) Rafael Campos missed the cut in his last appearance at The American Express in 2025, shooting 2-under. He'll tee off at Pete Dye Stadium Course Jan. 22-25 with hopes of making the weekend this time around in the 2026 American Express.",Campos's recent history at The American Express | At The American Express | Campos's recent results | Campos's recent performances | Campos's Strokes Gained rankings | Campos's advanced stats and rankings | Scottie Scheffler betting profile: The American Express | Harris English betting profile: The American Express | Sam Ryder betting profile: The American Express | THE TOUR | Partnerships | Quick Links | Shop | Apps,"In Campos's most recent appearance at The American Express, in 2025, he missed the cut after posting a score of 2-under. | Sepp Straka won this tournament in 2025, finishing at 25-under. | His best finish over his last ten appearances came at the Sanderson Farms Championship, where he finished tied for 62nd with a score of 5-under. | Campos has an average of -0.031 Strokes Gained: Off-the-Tee in his past five tournaments. | He has an average of -0.496 Strokes Gained: Approach the Green in his past five tournaments. | Campos has averaged -0.286 Strokes Gained: Total in his past five tournaments. | Campos posts a Strokes Gained: Off-the-Tee average of 0.446 (32nd) this season, while his average Driving Distance of 299.5 yards ranks 89th on TOUR. | In terms of Strokes Gained: Approach the Green this season, Campos sports a -2.072 mark that ranks 117th on TOUR. He ranks 49th with a 69.44% Greens in Regulation rate. | On the greens, Campos delivers a 0.542 Strokes Gained: Putting mark this season, which places him 28th on TOUR. In addition, he ranks 87th with a Putts Per Round average of 31.00, and he ranks 109th by breaking par 11.11% of the time. | PGA TOUR","1 Min Read
Rafael Campos of Puerto Rico prepares to play a shot on the eighth hole during the first round of the Sony Open in Hawaii 2026 at Waialae Country Club on January 15, 2026 in Honolulu, Hawaii. (Mike Mulholland/Getty Images)
Rafael Campos missed the cut in his last appearance at The American Express in 2025, shooting 2-under. He'll tee off at Pete Dye Stadium Course Jan. 22-25 with hopes of making the weekend this time around in the 2026 American Express.
All stats in this article are accurate for Campos as of the start of The American Express.
Responsible sports betting starts with a game plan. Set a budget. Keep it social. Play with friends. Learn the game and know the odds. Play with trusted, licensed operators. CLICK HERE to learn more at HaveAGamePlan.org.
Note: Using player performance data from ShotLink powered by CDW, the PGA TOUR has created this story using AWS Gen AI technology. While we strive for accuracy and quality, please note that the information provided may not be entirely error-free.
The American Express
PGA TOUR, PGA TOUR Champions, and the Swinging Golfer design are registered trademarks. The Korn Ferry trademark is also a registered trademark, and is used in the Korn Ferry Tour logo with permission.","1 Min Read

Rafael Campos of Puerto Rico prepares to play a shot on the eighth hole during the first round of the Sony Open in Hawaii 2026 at Waialae Country Club on January 15, 2026 in Honolulu, Hawaii. (Mike Mulholland/Getty Images)

Rafael Campos missed the cut in his last appearance at The American Express in 2025, shooting 2-under. He'll tee off at Pete Dye Stadium Course Jan. 22-25 with hopes of making the weekend this time around in the 2026 American Express.

## Campos's recent history at The American Express

## At The American Express

- In Campos's most recent appearance at The American Express, in 2025, he missed the cut after posting a score of 2-under.

- Sepp Straka won this tournament in 2025, finishing at 25-under.

## Campos's recent results

## Campos's recent performances

- His best finish over his last ten appearances came at the Sanderson Farms Championship, where he finished tied for 62nd with a score of 5-under.

- Campos has an average of -0.031 Strokes Gained: Off-the-Tee in his past five tournaments.

- He has an average of -0.496 Strokes Gained: Approach the Green in his past five tournaments.

- Campos has averaged -0.286 Strokes Gained: Total in his past five tournaments.

## Campos's Strokes Gained rankings

## Campos's advanced stats and rankings

- Campos posts a Strokes Gained: Off-the-Tee average of 0.446 (32nd) this season, while his average Driving Distance of 299.5 yards ranks 89th on TOUR.

- In terms of Strokes Gained: Approach the Green this season, Campos sports a -2.072 mark that ranks 117th on TOUR. He ranks 49th with a 69.44% Greens in Regulation rate.

- On the greens, Campos delivers a 0.542 Strokes Gained: Putting mark this season, which places him 28th on TOUR. In addition, he ranks 87th with a Putts Per Round average of 31.00, and he ranks 109th by breaking par 11.11% of the time.

All stats in this article are accurate for Campos as of the start of The American Express.

Responsible sports betting starts with a game plan. Set a budget. Keep it social. Play with friends. Learn the game and know the odds. Play with trusted, licensed operators. CLICK HERE to learn more at HaveAGamePlan.org.

Note: Using player performance data from ShotLink powered by CDW, the PGA TOUR has created this story using AWS Gen AI technology. While we strive for accuracy and quality, please note that the information provided may not be entirely error-free.

The American Express

- PGA TOUR

PGA TOUR, PGA TOUR Champions, and the Swinging Golfer design are registered trademarks. The Korn Ferry trademark is also a registered trademark, and is used in the Korn Ferry Tour logo with permission."
Lanto Griffin betting profile: The American Express,Lanto Griffin betting profile: The American Express - PGA TOUR,Lanto Griffin finished tied for third with a score of 20-under at The American Express in 2022. He'll tee off at Pete Dye Stadium Course Jan. 22-25 with hopes o,,,the-american-express,https://www.pgatour.com/article/news/betting-profile/2026/the-american-express/lanto-griffin-pga-tour-betting-stats-the-american-express-2026,"1 Min Read Lanto Griffin plays a shot from the 9th tee during the second round of PGA TOUR Q-School presented by Korn Ferry on the Dye's Valley Course at TPC Sawgrass on December 12, 2025 in Ponte Vedra Beach, Florida. (James Gilbert/Getty Images) Lanto Griffin finished tied for third with a score of 20-under at The American Express in 2022. He'll tee off at Pete Dye Stadium Course Jan. 22-25 with hopes of returning to that form in the 2026 tournament.",Griffin's recent history at The American Express | At The American Express | Griffin's recent results | Griffin's recent performances | Griffin's Strokes Gained rankings | Griffin's advanced stats and rankings | Scottie Scheffler betting profile: The American Express | Harris English betting profile: The American Express | Sam Ryder betting profile: The American Express | THE TOUR | Partnerships | Quick Links | Shop | Apps,"In Griffin's most recent appearance at The American Express, in 2025, he finished tied for 34th after posting a score of 13-under. | Griffin's best finish at this event came in 2022, when he finished tied for third at 20-under. | Sepp Straka won this tournament in 2025, finishing at 25-under. | Griffin has one top-five finish and two top-20 finishes over his last ten appearances. | He had his best finish at the Procore Championship, where he finished third with a score of 17-under. | Griffin has an average of -0.397 Strokes Gained: Off-the-Tee in his past five tournaments. | Griffin has an average of -0.133 Strokes Gained: Approach the Green in his past five tournaments. | Griffin has an average of -0.043 Strokes Gained: Around-the-Green in his past five tournaments. | Griffin has an average of 0.106 Strokes Gained: Putting in his past five tournaments. | Griffin has averaged -0.467 Strokes Gained: Total in his past five tournaments. | Griffin posted an average of -0.397 Strokes Gained: Off-the-Tee in his past five tournaments, indicating struggles with his driving performance. | In terms of Strokes Gained: Approach the Green, Griffin averaged -0.133 in his past five tournaments, showing room for improvement with his iron play. | Griffin's putting has been his strongest area recently, averaging 0.106 Strokes Gained: Putting in his past five tournaments. | PGA TOUR","1 Min Read
Lanto Griffin plays a shot from the 9th tee during the second round of PGA TOUR Q-School presented by Korn Ferry on the Dye's Valley Course at TPC Sawgrass on December 12, 2025 in Ponte Vedra Beach, Florida. (James Gilbert/Getty Images)
Lanto Griffin finished tied for third with a score of 20-under at The American Express in 2022. He'll tee off at Pete Dye Stadium Course Jan. 22-25 with hopes of returning to that form in the 2026 tournament.
All stats in this article are accurate for Griffin as of the start of The American Express.
Responsible sports betting starts with a game plan. Set a budget. Keep it social. Play with friends. Learn the game and know the odds. Play with trusted, licensed operators. CLICK HERE to learn more at HaveAGamePlan.org.
Note: Using player performance data from ShotLink powered by CDW, the PGA TOUR has created this story using AWS Gen AI technology. While we strive for accuracy and quality, please note that the information provided may not be entirely error-free.
The American Express
PGA TOUR, PGA TOUR Champions, and the Swinging Golfer design are registered trademarks. The Korn Ferry trademark is also a registered trademark, and is used in the Korn Ferry Tour logo with permission.","1 Min Read

Lanto Griffin plays a shot from the 9th tee during the second round of PGA TOUR Q-School presented by Korn Ferry on the Dye's Valley Course at TPC Sawgrass on December 12, 2025 in Ponte Vedra Beach, Florida. (James Gilbert/Getty Images)

Lanto Griffin finished tied for third with a score of 20-under at The American Express in 2022. He'll tee off at Pete Dye Stadium Course Jan. 22-25 with hopes of returning to that form in the 2026 tournament.

## Griffin's recent history at The American Express

## At The American Express

- In Griffin's most recent appearance at The American Express, in 2025, he finished tied for 34th after posting a score of 13-under.

- Griffin's best finish at this event came in 2022, when he finished tied for third at 20-under.

- Sepp Straka won this tournament in 2025, finishing at 25-under.

## Griffin's recent results

## Griffin's recent performances

- Griffin has one top-five finish and two top-20 finishes over his last ten appearances.

- He had his best finish at the Procore Championship, where he finished third with a score of 17-under.

- Griffin has an average of -0.397 Strokes Gained: Off-the-Tee in his past five tournaments.

- Griffin has an average of -0.133 Strokes Gained: Approach the Green in his past five tournaments.

- Griffin has an average of -0.043 Strokes Gained: Around-the-Green in his past five tournaments.

- Griffin has an average of 0.106 Strokes Gained: Putting in his past five tournaments.

- Griffin has averaged -0.467 Strokes Gained: Total in his past five tournaments.

## Griffin's Strokes Gained rankings

## Griffin's advanced stats and rankings

- Griffin posted an average of -0.397 Strokes Gained: Off-the-Tee in his past five tournaments, indicating struggles with his driving performance.

- In terms of Strokes Gained: Approach the Green, Griffin averaged -0.133 in his past five tournaments, showing room for improvement with his iron play.

- Griffin's putting has been his strongest area recently, averaging 0.106 Strokes Gained: Putting in his past five tournaments.

All stats in this article are accurate for Griffin as of the start of The American Express.

Responsible sports betting starts with a game plan. Set a budget. Keep it social. Play with friends. Learn the game and know the odds. Play with trusted, licensed operators. CLICK HERE to learn more at HaveAGamePlan.org.

Note: Using player performance data from ShotLink powered by CDW, the PGA TOUR has created this story using AWS Gen AI technology. While we strive for accuracy and quality, please note that the information provided may not be entirely error-free.

The American Express

- PGA TOUR

PGA TOUR, PGA TOUR Champions, and the Swinging Golfer design are registered trademarks. The Korn Ferry trademark is also a registered trademark, and is used in the Korn Ferry Tour logo with permission."
Adam Long betting profile: The American Express,Adam Long betting profile: The American Express - PGA TOUR,Adam Long has missed the cut in his last three appearances at The American Express. He'll tee off at Pete Dye Stadium Course Jan. 22-25 with hopes of making the,,,the-american-express,https://www.pgatour.com/article/news/betting-profile/2026/the-american-express/adam-long-pga-tour-betting-stats-the-american-express-2026,"1 Min Read Detailed view of The PGA TOUR flag during the second round of the Korn Ferry Tour Qualifying Tournament at Landings Club-Marshwood Course on November 6, 2022 in Savannah, Georgia. (Andrew Wevers/PGA TOUR) Adam Long has missed the cut in his last three appearances at The American Express. He'll tee off at Pete Dye Stadium Course Jan. 22-25 with hopes of making the weekend at the 2026 tournament.",Long's recent history at The American Express | At The American Express | Long's recent results | Long's recent performances | Long's Strokes Gained rankings | Long's advanced stats and rankings | Jacob Bridgeman betting profile: The American Express | Zach Johnson betting profile: The American Express | Sami Valimaki betting profile: The American Express | THE TOUR | Partnerships | Quick Links | Shop | Apps,"In Long's most recent appearance at The American Express, in 2024, he missed the cut after posting a score of 3-under. | Long's best finish at this event came in 2021, when he finished 69th at 1-over. | Sepp Straka won this tournament in 2025, finishing at 25-under. | Long's best finish over his last ten appearances came at the Puerto Rico Open, where he missed the cut with a score of 1-under. | Long has an average of -0.461 Strokes Gained: Off-the-Tee in his past five tournaments. | He has an average of -0.485 Strokes Gained: Approach the Green in his past five tournaments. | Long has averaged -1.216 Strokes Gained: Total in his past five tournaments. | Long posted a Strokes Gained: Off-the-Tee average of -0.461 in his past five tournaments, indicating struggles off the tee. | In terms of Strokes Gained: Approach the Green, Long recorded a -0.485 mark in his past five starts, showing challenges with iron play. | On the greens, Long delivered a -0.194 Strokes Gained: Putting mark in his past five tournaments, reflecting below-average putting performance. | PGA TOUR","1 Min Read
Detailed view of The PGA TOUR flag during the second round of the Korn Ferry Tour Qualifying Tournament at Landings Club-Marshwood Course on November 6, 2022 in Savannah, Georgia. (Andrew Wevers/PGA TOUR)
Adam Long has missed the cut in his last three appearances at The American Express. He'll tee off at Pete Dye Stadium Course Jan. 22-25 with hopes of making the weekend at the 2026 tournament.
All stats in this article are accurate for Long as of the start of The American Express.
Responsible sports betting starts with a game plan. Set a budget. Keep it social. Play with friends. Learn the game and know the odds. Play with trusted, licensed operators. CLICK HERE to learn more at HaveAGamePlan.org.
Note: Using player performance data from ShotLink powered by CDW, the PGA TOUR has created this story using AWS Gen AI technology. While we strive for accuracy and quality, please note that the information provided may not be entirely error-free.
The American Express
PGA TOUR, PGA TOUR Champions, and the Swinging Golfer design are registered trademarks. The Korn Ferry trademark is also a registered trademark, and is used in the Korn Ferry Tour logo with permission.","1 Min Read

Detailed view of The PGA TOUR flag during the second round of the Korn Ferry Tour Qualifying Tournament at Landings Club-Marshwood Course on November 6, 2022 in Savannah, Georgia. (Andrew Wevers/PGA TOUR)

Adam Long has missed the cut in his last three appearances at The American Express. He'll tee off at Pete Dye Stadium Course Jan. 22-25 with hopes of making the weekend at the 2026 tournament.

## Long's recent history at The American Express

## At The American Express

- In Long's most recent appearance at The American Express, in 2024, he missed the cut after posting a score of 3-under.

- Long's best finish at this event came in 2021, when he finished 69th at 1-over.

- Sepp Straka won this tournament in 2025, finishing at 25-under.

## Long's recent results

## Long's recent performances

- Long's best finish over his last ten appearances came at the Puerto Rico Open, where he missed the cut with a score of 1-under.

- Long has an average of -0.461 Strokes Gained: Off-the-Tee in his past five tournaments.

- He has an average of -0.485 Strokes Gained: Approach the Green in his past five tournaments.

- Long has averaged -1.216 Strokes Gained: Total in his past five tournaments.

## Long's Strokes Gained rankings

## Long's advanced stats and rankings

- Long posted a Strokes Gained: Off-the-Tee average of -0.461 in his past five tournaments, indicating struggles off the tee.

- In terms of Strokes Gained: Approach the Green, Long recorded a -0.485 mark in his past five starts, showing challenges with iron play.

- On the greens, Long delivered a -0.194 Strokes Gained: Putting mark in his past five tournaments, reflecting below-average putting performance.

All stats in this article are accurate for Long as of the start of The American Express.

Responsible sports betting starts with a game plan. Set a budget. Keep it social. Play with friends. Learn the game and know the odds. Play with trusted, licensed operators. CLICK HERE to learn more at HaveAGamePlan.org.

Note: Using player performance data from ShotLink powered by CDW, the PGA TOUR has created this story using AWS Gen AI technology. While we strive for accuracy and quality, please note that the information provided may not be entirely error-free.

The American Express

- PGA TOUR

PGA TOUR, PGA TOUR Champions, and the Swinging Golfer design are registered trademarks. The Korn Ferry trademark is also a registered trademark, and is used in the Korn Ferry Tour logo with permission."
David Lipsky betting profile: The American Express,David Lipsky betting profile: The American Express - PGA TOUR,David Lipsky missed the cut in his most recent appearance at The American Express in 2025. He'll tee off at Pete Dye Stadium Course Jan. 22-25 with hopes of mak,,,the-american-express,https://www.pgatour.com/article/news/betting-profile/2026/the-american-express/david-lipsky-pga-tour-betting-stats-the-american-express-2026,"1 Min Read David Lipsky of the United States prepares to play a shot on the sixth hole during the first round of The RSM Classic 2025 at Sea Island Resort Plantation Course on November 20, 2025 in St Simons Island, Georgia. (Mike Mulholland/Getty Images) David Lipsky missed the cut in his most recent appearance at The American Express in 2025. He'll tee off at Pete Dye Stadium Course Jan. 22-25 with hopes of making the weekend this time around in the 2026 American Express.",Lipsky's recent history at The American Express | At The American Express | Lipsky's recent results | Lipsky's recent performances | Lipsky's Strokes Gained rankings | Lipsky's advanced stats and rankings | Scottie Scheffler betting profile: The American Express | Harris English betting profile: The American Express | Sam Ryder betting profile: The American Express | THE TOUR | Partnerships | Quick Links | Shop | Apps,"In Lipsky's most recent appearance at The American Express, in 2025, he missed the cut after posting a score of 3-under. | Lipsky's best finish at this event came in 2022, when he finished tied for 14th at 14-under. | Sepp Straka won this tournament in 2025, finishing at 25-under. | Lipsky has finished in the top five once over his last ten appearances. | He had his best finish at the 3M Open, where he finished tied for third with a score of 20-under. | Lipsky has an average of -0.137 Strokes Gained: Off-the-Tee in his past five tournaments. | Lipsky has an average of -0.009 Strokes Gained: Approach the Green in his past five tournaments. | Lipsky has an average of 0.253 Strokes Gained: Around-the-Green in his past five tournaments. | He has an average of -0.215 Strokes Gained: Putting in his past five tournaments. | Lipsky has averaged -0.108 Strokes Gained: Total in his past five tournaments. | Lipsky posted a Strokes Gained: Off-the-Tee average of -0.137 in his past five tournaments, indicating struggles with his driving performance. | In terms of Strokes Gained: Approach the Green in his past five tournaments, Lipsky sported a -0.009 mark, showing relatively solid iron play. | Around the greens, Lipsky delivered a 0.253 Strokes Gained: Around-the-Green mark in his past five tournaments, which has been a strength in his recent performances. | On the greens, Lipsky delivered a -0.215 Strokes Gained: Putting mark in his past five tournaments, indicating room for improvement with the putter. | PGA TOUR","1 Min Read
David Lipsky of the United States prepares to play a shot on the sixth hole during the first round of The RSM Classic 2025 at Sea Island Resort Plantation Course on November 20, 2025 in St Simons Island, Georgia. (Mike Mulholland/Getty Images)
David Lipsky missed the cut in his most recent appearance at The American Express in 2025. He'll tee off at Pete Dye Stadium Course Jan. 22-25 with hopes of making the weekend this time around in the 2026 American Express.
All stats in this article are accurate for Lipsky as of the start of The American Express.
Responsible sports betting starts with a game plan. Set a budget. Keep it social. Play with friends. Learn the game and know the odds. Play with trusted, licensed operators. CLICK HERE to learn more at HaveAGamePlan.org.
Note: Using player performance data from ShotLink powered by CDW, the PGA TOUR has created this story using AWS Gen AI technology. While we strive for accuracy and quality, please note that the information provided may not be entirely error-free.
The American Express
PGA TOUR, PGA TOUR Champions, and the Swinging Golfer design are registered trademarks. The Korn Ferry trademark is also a registered trademark, and is used in the Korn Ferry Tour logo with permission.","1 Min Read

David Lipsky of the United States prepares to play a shot on the sixth hole during the first round of The RSM Classic 2025 at Sea Island Resort Plantation Course on November 20, 2025 in St Simons Island, Georgia. (Mike Mulholland/Getty Images)

David Lipsky missed the cut in his most recent appearance at The American Express in 2025. He'll tee off at Pete Dye Stadium Course Jan. 22-25 with hopes of making the weekend this time around in the 2026 American Express.

## Lipsky's recent history at The American Express

## At The American Express

- In Lipsky's most recent appearance at The American Express, in 2025, he missed the cut after posting a score of 3-under.

- Lipsky's best finish at this event came in 2022, when he finished tied for 14th at 14-under.

- Sepp Straka won this tournament in 2025, finishing at 25-under.

## Lipsky's recent results

## Lipsky's recent performances

- Lipsky has finished in the top five once over his last ten appearances.

- He had his best finish at the 3M Open, where he finished tied for third with a score of 20-under.

- Lipsky has an average of -0.137 Strokes Gained: Off-the-Tee in his past five tournaments.

- Lipsky has an average of -0.009 Strokes Gained: Approach the Green in his past five tournaments.

- Lipsky has an average of 0.253 Strokes Gained: Around-the-Green in his past five tournaments.

- He has an average of -0.215 Strokes Gained: Putting in his past five tournaments.

- Lipsky has averaged -0.108 Strokes Gained: Total in his past five tournaments.

## Lipsky's Strokes Gained rankings

## Lipsky's advanced stats and rankings

- Lipsky posted a Strokes Gained: Off-the-Tee average of -0.137 in his past five tournaments, indicating struggles with his driving performance.

- In terms of Strokes Gained: Approach the Green in his past five tournaments, Lipsky sported a -0.009 mark, showing relatively solid iron play.

- Around the greens, Lipsky delivered a 0.253 Strokes Gained: Around-the-Green mark in his past five tournaments, which has been a strength in his recent performances.

- On the greens, Lipsky delivered a -0.215 Strokes Gained: Putting mark in his past five tournaments, indicating room for improvement with the putter.

All stats in this article are accurate for Lipsky as of the start of The American Express.

Responsible sports betting starts with a game plan. Set a budget. Keep it social. Play with friends. Learn the game and know the odds. Play with trusted, licensed operators. CLICK HERE to learn more at HaveAGamePlan.org.

Note: Using player performance data from ShotLink powered by CDW, the PGA TOUR has created this story using AWS Gen AI technology. While we strive for accuracy and quality, please note that the information provided may not be entirely error-free.

The American Express

- PGA TOUR

PGA TOUR, PGA TOUR Champions, and the Swinging Golfer design are registered trademarks. The Korn Ferry trademark is also a registered trademark, and is used in the Korn Ferry Tour logo with permission."
Erik van Rooyen betting profile: The American Express,Erik van Rooyen betting profile: The American Express - PGA TOUR,Erik van Rooyen missed the cut at 3-under in his most recent appearance at The American Express. He'll tee off at Pete Dye Stadium Course Jan. 22-25 with his si,,,the-american-express,https://www.pgatour.com/article/news/betting-profile/2026/the-american-express/erik-van-rooyen-pga-tour-betting-stats-the-american-express-2026,"1 Min Read Erik van Rooyen of South Africa plays his shot from the second tee during the second round of the Sony Open in Hawaii 2026 at Waialae Country Club on January 16, 2026 in Honolulu, Hawaii. (Cliff Hawkins/Getty Images) Erik van Rooyen missed the cut at 3-under in his most recent appearance at The American Express. He'll tee off at Pete Dye Stadium Course Jan. 22-25 with his sights set higher this time around in the 2026 American Express.",van Rooyen's recent history at The American Express | At The American Express | van Rooyen's recent results | van Rooyen's recent performances | van Rooyen's Strokes Gained rankings | van Rooyen's advanced stats and rankings | Jacob Bridgeman betting profile: The American Express | Zach Johnson betting profile: The American Express | Sami Valimaki betting profile: The American Express | THE TOUR | Partnerships | Quick Links | Shop | Apps,"In van Rooyen's most recent appearance at The American Express, in 2025, he missed the cut after posting a score of 3-under. | van Rooyen's best finish at this event came in 2023, when he finished tied for sixth at 23-under. | Sepp Straka won this tournament in 2025, finishing at 25-under. | van Rooyen has finished in the top five once over his last ten appearances. | He had his best finish at the Barracuda Championship, where he finished second. | van Rooyen has an average of 0.163 Strokes Gained: Off-the-Tee in his past five tournaments. | He has an average of -0.527 Strokes Gained: Approach the Green in his past five tournaments. | van Rooyen has averaged -1.155 Strokes Gained: Total in his past five tournaments. | van Rooyen posted a Strokes Gained: Off-the-Tee average of 0.605 (20th) this season, while his average Driving Distance of 302.0 yards ranked 81st on TOUR. | In terms of Strokes Gained: Approach the Green this season, van Rooyen sported a -0.809 mark that ranked 97th on TOUR. He ranked 69th with a 66.67% Greens in Regulation rate. | On the greens, van Rooyen delivered a 0.010 Strokes Gained: Putting mark this season, which placed him 57th on TOUR. In addition, he ranked 40th with a Putts Per Round average of 29.50, and he ranked 37th by breaking par 22.22% of the time. | PGA TOUR","1 Min Read
Erik van Rooyen of South Africa plays his shot from the second tee during the second round of the Sony Open in Hawaii 2026 at Waialae Country Club on January 16, 2026 in Honolulu, Hawaii. (Cliff Hawkins/Getty Images)
Erik van Rooyen missed the cut at 3-under in his most recent appearance at The American Express. He'll tee off at Pete Dye Stadium Course Jan. 22-25 with his sights set higher this time around in the 2026 American Express.
All stats in this article are accurate for van Rooyen as of the start of The American Express.
Responsible sports betting starts with a game plan. Set a budget. Keep it social. Play with friends. Learn the game and know the odds. Play with trusted, licensed operators. CLICK HERE to learn more at HaveAGamePlan.org.
Note: Using player performance data from ShotLink powered by CDW, the PGA TOUR has created this story using AWS Gen AI technology. While we strive for accuracy and quality, please note that the information provided may not be entirely error-free.
The American Express
PGA TOUR, PGA TOUR Champions, and the Swinging Golfer design are registered trademarks. The Korn Ferry trademark is also a registered trademark, and is used in the Korn Ferry Tour logo with permission.","1 Min Read

Erik van Rooyen of South Africa plays his shot from the second tee during the second round of the Sony Open in Hawaii 2026 at Waialae Country Club on January 16, 2026 in Honolulu, Hawaii. (Cliff Hawkins/Getty Images)

Erik van Rooyen missed the cut at 3-under in his most recent appearance at The American Express. He'll tee off at Pete Dye Stadium Course Jan. 22-25 with his sights set higher this time around in the 2026 American Express.

## van Rooyen's recent history at The American Express

## At The American Express

- In van Rooyen's most recent appearance at The American Express, in 2025, he missed the cut after posting a score of 3-under.

- van Rooyen's best finish at this event came in 2023, when he finished tied for sixth at 23-under.

- Sepp Straka won this tournament in 2025, finishing at 25-under.

## van Rooyen's recent results

## van Rooyen's recent performances

- van Rooyen has finished in the top five once over his last ten appearances.

- He had his best finish at the Barracuda Championship, where he finished second.

- van Rooyen has an average of 0.163 Strokes Gained: Off-the-Tee in his past five tournaments.

- He has an average of -0.527 Strokes Gained: Approach the Green in his past five tournaments.

- van Rooyen has averaged -1.155 Strokes Gained: Total in his past five tournaments.

## van Rooyen's Strokes Gained rankings

## van Rooyen's advanced stats and rankings

- van Rooyen posted a Strokes Gained: Off-the-Tee average of 0.605 (20th) this season, while his average Driving Distance of 302.0 yards ranked 81st on TOUR.

- In terms of Strokes Gained: Approach the Green this season, van Rooyen sported a -0.809 mark that ranked 97th on TOUR. He ranked 69th with a 66.67% Greens in Regulation rate.

- On the greens, van Rooyen delivered a 0.010 Strokes Gained: Putting mark this season, which placed him 57th on TOUR. In addition, he ranked 40th with a Putts Per Round average of 29.50, and he ranked 37th by breaking par 22.22% of the time.

All stats in this article are accurate for van Rooyen as of the start of The American Express.

Responsible sports betting starts with a game plan. Set a budget. Keep it social. Play with friends. Learn the game and know the odds. Play with trusted, licensed operators. CLICK HERE to learn more at HaveAGamePlan.org.

Note: Using player performance data from ShotLink powered by CDW, the PGA TOUR has created this story using AWS Gen AI technology. While we strive for accuracy and quality, please note that the information provided may not be entirely error-free.

The American Express

- PGA TOUR

PGA TOUR, PGA TOUR Champions, and the Swinging Golfer design are registered trademarks. The Korn Ferry trademark is also a registered trademark, and is used in the Korn Ferry Tour logo with permission."
Matt Wallace betting profile: The American Express,Matt Wallace betting profile: The American Express - PGA TOUR,Matt Wallace missed the cut at 12-under the last time he played in this tournament. He'll tee off at Pete Dye Stadium Course Jan. 22-25 with his sights set high,,,the-american-express,https://www.pgatour.com/article/news/betting-profile/2026/the-american-express/matt-wallace-pga-tour-betting-stats-the-american-express-2026,"1 Min Read Matt Wallace of England plays his second shot on the fourth hole on day four of the Dubai Invitational 2026 at Dubai Creek Resort on January 18, 2026 in Dubai, United Arab Emirates. (Ross Kinnaird/Getty Images) Matt Wallace missed the cut at 12-under the last time he played in this tournament. He'll tee off at Pete Dye Stadium Course Jan. 22-25 with his sights set higher this time around in the 2026 American Express.",Wallace's recent history at The American Express | At The American Express | Wallace's recent results | Wallace's recent performances | Wallace's Strokes Gained rankings | Wallace's advanced stats and rankings | Jacob Bridgeman betting profile: The American Express | Zach Johnson betting profile: The American Express | Sami Valimaki betting profile: The American Express | THE TOUR | Partnerships | Quick Links | Shop | Apps,"In Wallace's most recent appearance at The American Express, in 2024, he missed the cut after posting a score of 12-under. | Sepp Straka won this tournament in 2025, finishing at 25-under. | Wallace has finished in the top ten twice over his last ten appearances. | He had his best finish at the 3M Open, where he finished tied for third with a score of 20-under. | Wallace has an average of -0.012 Strokes Gained: Off-the-Tee in his past five tournaments. | He has an average of 0.159 Strokes Gained: Approach the Green in his past five tournaments. | Wallace has averaged 0.048 Strokes Gained: Total in his past five tournaments. | Wallace posted an average of -0.012 Strokes Gained: Off-the-Tee in his past five tournaments, indicating slightly below-average performance off the tee. | In terms of Strokes Gained: Approach the Green in his past five tournaments, Wallace delivered a positive 0.159 mark, showing strength in his iron play. | Around the greens, Wallace averaged -0.102 Strokes Gained: Around-the-Green in his past five tournaments, highlighting an area for improvement in his short game. | PGA TOUR","1 Min Read
Matt Wallace of England plays his second shot on the fourth hole on day four of the Dubai Invitational 2026 at Dubai Creek Resort on January 18, 2026 in Dubai, United Arab Emirates. (Ross Kinnaird/Getty Images)
Matt Wallace missed the cut at 12-under the last time he played in this tournament. He'll tee off at Pete Dye Stadium Course Jan. 22-25 with his sights set higher this time around in the 2026 American Express.
All stats in this article are accurate for Wallace as of the start of The American Express.
Responsible sports betting starts with a game plan. Set a budget. Keep it social. Play with friends. Learn the game and know the odds. Play with trusted, licensed operators. CLICK HERE to learn more at HaveAGamePlan.org.
Note: Using player performance data from ShotLink powered by CDW, the PGA TOUR has created this story using AWS Gen AI technology. While we strive for accuracy and quality, please note that the information provided may not be entirely error-free.
The American Express
PGA TOUR, PGA TOUR Champions, and the Swinging Golfer design are registered trademarks. The Korn Ferry trademark is also a registered trademark, and is used in the Korn Ferry Tour logo with permission.","1 Min Read

Matt Wallace of England plays his second shot on the fourth hole on day four of the Dubai Invitational 2026 at Dubai Creek Resort on January 18, 2026 in Dubai, United Arab Emirates. (Ross Kinnaird/Getty Images)

Matt Wallace missed the cut at 12-under the last time he played in this tournament. He'll tee off at Pete Dye Stadium Course Jan. 22-25 with his sights set higher this time around in the 2026 American Express.

## Wallace's recent history at The American Express

## At The American Express

- In Wallace's most recent appearance at The American Express, in 2024, he missed the cut after posting a score of 12-under.

- Sepp Straka won this tournament in 2025, finishing at 25-under.

## Wallace's recent results

## Wallace's recent performances

- Wallace has finished in the top ten twice over his last ten appearances.

- He had his best finish at the 3M Open, where he finished tied for third with a score of 20-under.

- Wallace has an average of -0.012 Strokes Gained: Off-the-Tee in his past five tournaments.

- He has an average of 0.159 Strokes Gained: Approach the Green in his past five tournaments.

- Wallace has averaged 0.048 Strokes Gained: Total in his past five tournaments.

## Wallace's Strokes Gained rankings

## Wallace's advanced stats and rankings

- Wallace posted an average of -0.012 Strokes Gained: Off-the-Tee in his past five tournaments, indicating slightly below-average performance off the tee.

- In terms of Strokes Gained: Approach the Green in his past five tournaments, Wallace delivered a positive 0.159 mark, showing strength in his iron play.

- Around the greens, Wallace averaged -0.102 Strokes Gained: Around-the-Green in his past five tournaments, highlighting an area for improvement in his short game.

All stats in this article are accurate for Wallace as of the start of The American Express.

Responsible sports betting starts with a game plan. Set a budget. Keep it social. Play with friends. Learn the game and know the odds. Play with trusted, licensed operators. CLICK HERE to learn more at HaveAGamePlan.org.

Note: Using player performance data from ShotLink powered by CDW, the PGA TOUR has created this story using AWS Gen AI technology. While we strive for accuracy and quality, please note that the information provided may not be entirely error-free.

The American Express

- PGA TOUR

PGA TOUR, PGA TOUR Champions, and the Swinging Golfer design are registered trademarks. The Korn Ferry trademark is also a registered trademark, and is used in the Korn Ferry Tour logo with permission."
Taylor Moore betting profile: The American Express,Taylor Moore betting profile: The American Express - PGA TOUR,Taylor Moore finished tied for seventh at 19-under in his most recent appearance at The American Express. He'll tee off at Pete Dye Stadium Course Jan. 22-25 wi,,,the-american-express,https://www.pgatour.com/article/news/betting-profile/2026/the-american-express/taylor-moore-pga-tour-betting-stats-the-american-express-2026,"1 Min Read Taylor Moore hits a tee shot on the fifth hole prior to The RSM Classic 2025 at Sea Island Resort on November 19, 2025 in St Simons Island, Georgia. (Mike Mulholland/Getty Images) Taylor Moore finished tied for seventh at 19-under in his most recent appearance at The American Express. He'll tee off at Pete Dye Stadium Course Jan. 22-25 with hopes of improving on that strong showing in the 2026 tournament.",Moore's recent history at The American Express | At The American Express | Moore's recent results | Moore's recent performances | Moore's Strokes Gained rankings | Moore's advanced stats and rankings | Jacob Bridgeman betting profile: The American Express | Zach Johnson betting profile: The American Express | Sami Valimaki betting profile: The American Express | THE TOUR | Partnerships | Quick Links | Shop | Apps,"In Moore's most recent appearance at The American Express, in 2025, he finished tied for seventh after posting a score of 19-under. | Moore's best finish at this event came in 2025, when he finished tied for seventh at 19-under. | Sepp Straka won this tournament in 2025, finishing at 25-under. | Moore's best finish over his last ten appearances came at the 3M Open, where he finished tied for 14th with a score of 16-under. | Moore has an average of -0.311 Strokes Gained: Off-the-Tee in his past five tournaments. | He has an average of -0.261 Strokes Gained: Approach the Green in his past five tournaments. | Moore has an average of -0.084 Strokes Gained: Around-the-Green in his past five tournaments. | He has an average of 0.144 Strokes Gained: Putting in his past five tournaments. | Moore has averaged -0.512 Strokes Gained: Total in his past five tournaments. | Moore averaged -0.311 Strokes Gained: Off-the-Tee in his past five tournaments. | In terms of Strokes Gained: Approach the Green, Moore posted a -0.261 mark in his past five tournaments. | Around the greens, Moore delivered a -0.084 Strokes Gained: Around-the-Green average in his past five tournaments. | On the greens, Moore posted a 0.144 Strokes Gained: Putting mark in his past five tournaments. | PGA TOUR","1 Min Read
Taylor Moore hits a tee shot on the fifth hole prior to The RSM Classic 2025 at Sea Island Resort on November 19, 2025 in St Simons Island, Georgia. (Mike Mulholland/Getty Images)
Taylor Moore finished tied for seventh at 19-under in his most recent appearance at The American Express. He'll tee off at Pete Dye Stadium Course Jan. 22-25 with hopes of improving on that strong showing in the 2026 tournament.
All stats in this article are accurate for Moore as of the start of The American Express.
Responsible sports betting starts with a game plan. Set a budget. Keep it social. Play with friends. Learn the game and know the odds. Play with trusted, licensed operators. CLICK HERE to learn more at HaveAGamePlan.org.
Note: Using player performance data from ShotLink powered by CDW, the PGA TOUR has created this story using AWS Gen AI technology. While we strive for accuracy and quality, please note that the information provided may not be entirely error-free.
The American Express
PGA TOUR, PGA TOUR Champions, and the Swinging Golfer design are registered trademarks. The Korn Ferry trademark is also a registered trademark, and is used in the Korn Ferry Tour logo with permission.","1 Min Read

Taylor Moore hits a tee shot on the fifth hole prior to The RSM Classic 2025 at Sea Island Resort on November 19, 2025 in St Simons Island, Georgia. (Mike Mulholland/Getty Images)

Taylor Moore finished tied for seventh at 19-under in his most recent appearance at The American Express. He'll tee off at Pete Dye Stadium Course Jan. 22-25 with hopes of improving on that strong showing in the 2026 tournament.

## Moore's recent history at The American Express

## At The American Express

- In Moore's most recent appearance at The American Express, in 2025, he finished tied for seventh after posting a score of 19-under.

- Moore's best finish at this event came in 2025, when he finished tied for seventh at 19-under.

- Sepp Straka won this tournament in 2025, finishing at 25-under.

## Moore's recent results

## Moore's recent performances

- Moore's best finish over his last ten appearances came at the 3M Open, where he finished tied for 14th with a score of 16-under.

- Moore has an average of -0.311 Strokes Gained: Off-the-Tee in his past five tournaments.

- He has an average of -0.261 Strokes Gained: Approach the Green in his past five tournaments.

- Moore has an average of -0.084 Strokes Gained: Around-the-Green in his past five tournaments.

- He has an average of 0.144 Strokes Gained: Putting in his past five tournaments.

- Moore has averaged -0.512 Strokes Gained: Total in his past five tournaments.

## Moore's Strokes Gained rankings

## Moore's advanced stats and rankings

- Moore averaged -0.311 Strokes Gained: Off-the-Tee in his past five tournaments.

- In terms of Strokes Gained: Approach the Green, Moore posted a -0.261 mark in his past five tournaments.

- Around the greens, Moore delivered a -0.084 Strokes Gained: Around-the-Green average in his past five tournaments.

- On the greens, Moore posted a 0.144 Strokes Gained: Putting mark in his past five tournaments.

All stats in this article are accurate for Moore as of the start of The American Express.

Responsible sports betting starts with a game plan. Set a budget. Keep it social. Play with friends. Learn the game and know the odds. Play with trusted, licensed operators. CLICK HERE to learn more at HaveAGamePlan.org.

Note: Using player performance data from ShotLink powered by CDW, the PGA TOUR has created this story using AWS Gen AI technology. While we strive for accuracy and quality, please note that the information provided may not be entirely error-free.

The American Express

- PGA TOUR

PGA TOUR, PGA TOUR Champions, and the Swinging Golfer design are registered trademarks. The Korn Ferry trademark is also a registered trademark, and is used in the Korn Ferry Tour logo with permission."
Rico Hoey betting profile: The American Express,Rico Hoey betting profile: The American Express - PGA TOUR,Rico Hoey finished tied for 58th at -10 in his most recent appearance at The American Express in 2025. He'll tee off at Pete Dye Stadium Course Jan. 22-25 with,,,the-american-express,https://www.pgatour.com/article/news/betting-profile/2026/the-american-express/rico-hoey-pga-tour-betting-stats-the-american-express-2026,"1 Min Read Richard Hoey of the Philippines plays a shot on the 17th hole during the third round of the Kentucky Championship at Keene Trace Golf Club on July 13, 2024 in Nicholasville, Kentucky. (Andy Lyons/Getty Images) Rico Hoey finished tied for 58th at -10 in his most recent appearance at The American Express in 2025. He'll tee off at Pete Dye Stadium Course Jan. 22-25 with hopes of improving upon his recent performances at this tournament.",Hoey's recent history at The American Express | At The American Express | Hoey's recent results | Hoey's recent performances | Hoey's Strokes Gained rankings | Hoey's advanced stats and rankings | Jacob Bridgeman betting profile: The American Express | Zach Johnson betting profile: The American Express | Sami Valimaki betting profile: The American Express | THE TOUR | Partnerships | Quick Links | Shop | Apps,"In Hoey's most recent appearance at The American Express, in 2025, he finished tied for 58th after posting a score of 10-under. | Sepp Straka won this tournament in 2025, finishing at 25-under. | Hoey has finished in the top ten four times over his last ten appearances. | He has two top-five finishes in his last ten starts. | He had his best finish at the Bank of Utah Championship, where he finished second with a score of 18-under. | Hoey has an average of 0.334 Strokes Gained: Off-the-Tee in his past five tournaments. | He has an average of 0.750 Strokes Gained: Approach the Green in his past five tournaments. | Hoey has averaged 0.950 Strokes Gained: Total in his past five tournaments. | Hoey has posted a Strokes Gained: Off-the-Tee average of 0.346 (38th) this season, while his average Driving Distance of 302.3 yards ranks 80th on TOUR. | In terms of Strokes Gained: Approach the Green, Hoey has delivered a 0.061 mark that ranks 54th on TOUR. He ranks 60th with a 68.06% Greens in Regulation rate. | On the greens, Hoey has posted a 0.168 Strokes Gained: Putting mark, which places him 50th on TOUR. In addition, he ranks 33rd with a Putts Per Round average of 29.25, and he ranks 75th by breaking par 18.06% of the time. | Hoey has earned 8 FedExCup Regular Season points (49th) this season. | PGA TOUR","1 Min Read
Richard Hoey of the Philippines plays a shot on the 17th hole during the third round of the Kentucky Championship at Keene Trace Golf Club on July 13, 2024 in Nicholasville, Kentucky. (Andy Lyons/Getty Images)
Rico Hoey finished tied for 58th at -10 in his most recent appearance at The American Express in 2025. He'll tee off at Pete Dye Stadium Course Jan. 22-25 with hopes of improving upon his recent performances at this tournament.
All stats in this article are accurate for Hoey as of the start of The American Express.
Responsible sports betting starts with a game plan. Set a budget. Keep it social. Play with friends. Learn the game and know the odds. Play with trusted, licensed operators. CLICK HERE to learn more at HaveAGamePlan.org.
Note: Using player performance data from ShotLink powered by CDW, the PGA TOUR has created this story using AWS Gen AI technology. While we strive for accuracy and quality, please note that the information provided may not be entirely error-free.
The American Express
PGA TOUR, PGA TOUR Champions, and the Swinging Golfer design are registered trademarks. The Korn Ferry trademark is also a registered trademark, and is used in the Korn Ferry Tour logo with permission.","1 Min Read

Richard Hoey of the Philippines plays a shot on the 17th hole during the third round of the Kentucky Championship at Keene Trace Golf Club on July 13, 2024 in Nicholasville, Kentucky. (Andy Lyons/Getty Images)

Rico Hoey finished tied for 58th at -10 in his most recent appearance at The American Express in 2025. He'll tee off at Pete Dye Stadium Course Jan. 22-25 with hopes of improving upon his recent performances at this tournament.

## Hoey's recent history at The American Express

## At The American Express

- In Hoey's most recent appearance at The American Express, in 2025, he finished tied for 58th after posting a score of 10-under.

- Sepp Straka won this tournament in 2025, finishing at 25-under.

## Hoey's recent results

## Hoey's recent performances

- Hoey has finished in the top ten four times over his last ten appearances.

- He has two top-five finishes in his last ten starts.

- He had his best finish at the Bank of Utah Championship, where he finished second with a score of 18-under.

- Hoey has an average of 0.334 Strokes Gained: Off-the-Tee in his past five tournaments.

- He has an average of 0.750 Strokes Gained: Approach the Green in his past five tournaments.

- Hoey has averaged 0.950 Strokes Gained: Total in his past five tournaments.

## Hoey's Strokes Gained rankings

## Hoey's advanced stats and rankings

- Hoey has posted a Strokes Gained: Off-the-Tee average of 0.346 (38th) this season, while his average Driving Distance of 302.3 yards ranks 80th on TOUR.

- In terms of Strokes Gained: Approach the Green, Hoey has delivered a 0.061 mark that ranks 54th on TOUR. He ranks 60th with a 68.06% Greens in Regulation rate.

- On the greens, Hoey has posted a 0.168 Strokes Gained: Putting mark, which places him 50th on TOUR. In addition, he ranks 33rd with a Putts Per Round average of 29.25, and he ranks 75th by breaking par 18.06% of the time.

- Hoey has earned 8 FedExCup Regular Season points (49th) this season.

All stats in this article are accurate for Hoey as of the start of The American Express.

Responsible sports betting starts with a game plan. Set a budget. Keep it social. Play with friends. Learn the game and know the odds. Play with trusted, licensed operators. CLICK HERE to learn more at HaveAGamePlan.org.

Note: Using player performance data from ShotLink powered by CDW, the PGA TOUR has created this story using AWS Gen AI technology. While we strive for accuracy and quality, please note that the information provided may not be entirely error-free.

The American Express

- PGA TOUR

PGA TOUR, PGA TOUR Champions, and the Swinging Golfer design are registered trademarks. The Korn Ferry trademark is also a registered trademark, and is used in the Korn Ferry Tour logo with permission."
Matti Schmid betting profile: The American Express,Matti Schmid betting profile: The American Express - PGA TOUR,Schmid finished tied for sixth with a score of 23-under in his 2023 appearance at this tournament. He'll tee off at Pete Dye Stadium Course Jan. 22-25 with hope,,,the-american-express,https://www.pgatour.com/article/news/betting-profile/2026/the-american-express/matti-schmid-pga-tour-betting-stats-the-american-express-2026,"1 Min Read Matti Schmid of Germany plays his shot from the 10th tee during the final round of the Butterfield Bermuda Championship 2025 at Port Royal Golf Course on November 16, 2025 in Southampton, Bermuda. (Mike Mulholland/Getty Images) Schmid finished tied for sixth with a score of 23-under in his 2023 appearance at this tournament. He'll tee off at Pete Dye Stadium Course Jan. 22-25 with hopes of improving upon his recent missed cuts at The American Express.",Schmid's recent history at The American Express | At The American Express | Schmid's recent results | Schmid's recent performances | Schmid's Strokes Gained rankings | Schmid's advanced stats and rankings | Jacob Bridgeman betting profile: The American Express | Zach Johnson betting profile: The American Express | Sami Valimaki betting profile: The American Express | THE TOUR | Partnerships | Quick Links | Shop | Apps,"In Schmid's most recent appearance at The American Express, in 2025, he missed the cut after posting a score of 4-under. | Schmid's best finish at this event came in 2023, when he finished tied for sixth at 23-under. | Sepp Straka won this tournament in 2025, finishing at 25-under. | Schmid has finished in the top 10 once over his last ten appearances. | He had his best finish at the World Wide Technology Championship, where he finished tied for eighth with a score of 24-under. | Schmid has an average of -0.120 Strokes Gained: Off-the-Tee in his past five tournaments. | He has an average of 0.177 Strokes Gained: Approach the Green in his past five tournaments. | Schmid has averaged 0.298 Strokes Gained: Total in his past five tournaments. | Schmid has posted a Strokes Gained: Off-the-Tee average of -0.334 (86th) in 2026, while his average Driving Distance of 304.0 yards ranks 71st on TOUR. | In terms of Strokes Gained: Approach the Green in 2026, Schmid sports a -0.956 mark that ranks 99th on TOUR. He ranks 69th with a 66.67% Greens in Regulation rate. | Around the green, Schmid has delivered a 0.280 Strokes Gained: Around-the-Green mark in 2026, which places him 35th on TOUR. | On the greens, Schmid has delivered a -0.082 Strokes Gained: Putting mark in 2026, which places him 60th on TOUR. In addition, he ranks 69th with a Putts Per Round average of 30.50, and he ranks 37th by breaking par 22.22% of the time. | PGA TOUR","1 Min Read
Matti Schmid of Germany plays his shot from the 10th tee during the final round of the Butterfield Bermuda Championship 2025 at Port Royal Golf Course on November 16, 2025 in Southampton, Bermuda. (Mike Mulholland/Getty Images)
Schmid finished tied for sixth with a score of 23-under in his 2023 appearance at this tournament. He'll tee off at Pete Dye Stadium Course Jan. 22-25 with hopes of improving upon his recent missed cuts at The American Express.
All stats in this article are accurate for Schmid as of the start of The American Express.
Responsible sports betting starts with a game plan. Set a budget. Keep it social. Play with friends. Learn the game and know the odds. Play with trusted, licensed operators. CLICK HERE to learn more at HaveAGamePlan.org.
Note: Using player performance data from ShotLink powered by CDW, the PGA TOUR has created this story using AWS Gen AI technology. While we strive for accuracy and quality, please note that the information provided may not be entirely error-free.
The American Express
PGA TOUR, PGA TOUR Champions, and the Swinging Golfer design are registered trademarks. The Korn Ferry trademark is also a registered trademark, and is used in the Korn Ferry Tour logo with permission.","1 Min Read

Matti Schmid of Germany plays his shot from the 10th tee during the final round of the Butterfield Bermuda Championship 2025 at Port Royal Golf Course on November 16, 2025 in Southampton, Bermuda. (Mike Mulholland/Getty Images)

Schmid finished tied for sixth with a score of 23-under in his 2023 appearance at this tournament. He'll tee off at Pete Dye Stadium Course Jan. 22-25 with hopes of improving upon his recent missed cuts at The American Express.

## Schmid's recent history at The American Express

## At The American Express

- In Schmid's most recent appearance at The American Express, in 2025, he missed the cut after posting a score of 4-under.

- Schmid's best finish at this event came in 2023, when he finished tied for sixth at 23-under.

- Sepp Straka won this tournament in 2025, finishing at 25-under.

## Schmid's recent results

## Schmid's recent performances

- Schmid has finished in the top 10 once over his last ten appearances.

- He had his best finish at the World Wide Technology Championship, where he finished tied for eighth with a score of 24-under.

- Schmid has an average of -0.120 Strokes Gained: Off-the-Tee in his past five tournaments.

- He has an average of 0.177 Strokes Gained: Approach the Green in his past five tournaments.

- Schmid has averaged 0.298 Strokes Gained: Total in his past five tournaments.

## Schmid's Strokes Gained rankings

## Schmid's advanced stats and rankings

- Schmid has posted a Strokes Gained: Off-the-Tee average of -0.334 (86th) in 2026, while his average Driving Distance of 304.0 yards ranks 71st on TOUR.

- In terms of Strokes Gained: Approach the Green in 2026, Schmid sports a -0.956 mark that ranks 99th on TOUR. He ranks 69th with a 66.67% Greens in Regulation rate.

- Around the green, Schmid has delivered a 0.280 Strokes Gained: Around-the-Green mark in 2026, which places him 35th on TOUR.

- On the greens, Schmid has delivered a -0.082 Strokes Gained: Putting mark in 2026, which places him 60th on TOUR. In addition, he ranks 69th with a Putts Per Round average of 30.50, and he ranks 37th by breaking par 22.22% of the time.

All stats in this article are accurate for Schmid as of the start of The American Express.

Responsible sports betting starts with a game plan. Set a budget. Keep it social. Play with friends. Learn the game and know the odds. Play with trusted, licensed operators. CLICK HERE to learn more at HaveAGamePlan.org.

Note: Using player performance data from ShotLink powered by CDW, the PGA TOUR has created this story using AWS Gen AI technology. While we strive for accuracy and quality, please note that the information provided may not be entirely error-free.

The American Express

- PGA TOUR

PGA TOUR, PGA TOUR Champions, and the Swinging Golfer design are registered trademarks. The Korn Ferry trademark is also a registered trademark, and is used in the Korn Ferry Tour logo with permission."
Ryo Hisatsune betting profile: The American Express,Ryo Hisatsune betting profile: The American Express - PGA TOUR,Ryo Hisatsune finished tied for 43rd at 12-under in his most recent appearance at this tournament. He'll tee off at Pete Dye Stadium Course Jan. 22-25 with hope,,,the-american-express,https://www.pgatour.com/article/news/betting-profile/2026/the-american-express/ryo-hisatsune-pga-tour-betting-stats-the-american-express-2026,"1 Min Read Detailed view of The PGA TOUR flag during the second round of the Korn Ferry Tour Qualifying Tournament at Landings Club-Marshwood Course on November 6, 2022 in Savannah, Georgia. (Andrew Wevers/PGA TOUR) Ryo Hisatsune finished tied for 43rd at 12-under in his most recent appearance at this tournament. He'll tee off at Pete Dye Stadium Course Jan. 22-25 with hopes of improving upon that performance in the 2026 American Express.",Hisatsune's recent history at The American Express | At The American Express | Hisatsune's recent results | Hisatsune's recent performances | Hisatsune's Strokes Gained rankings | Hisatsune's advanced stats and rankings | Scottie Scheffler betting profile: The American Express | Harris English betting profile: The American Express | Sam Ryder betting profile: The American Express | THE TOUR | Partnerships | Quick Links | Shop | Apps,"In Hisatsune's most recent appearance at The American Express, in 2025, he finished tied for 43rd after posting a score of 12-under. | Hisatsune's best finish at this event came in 2024, when he finished tied for 11th at 23-under. | Sepp Straka won this tournament in 2025, finishing at 25-under. | Hisatsune has finished in the top 20 once over his last ten appearances. | He had his best finish at the Procore Championship, where he finished tied for 13th with a score of 10-under. | Hisatsune has an average of -0.016 Strokes Gained: Off-the-Tee in his past five tournaments. | He has an average of -0.058 Strokes Gained: Approach the Green in his past five tournaments. | He has an average of -0.631 Strokes Gained: Putting in his past five tournaments. | Hisatsune has averaged -0.820 Strokes Gained: Total in his past five tournaments. | Hisatsune posted a Strokes Gained: Off-the-Tee average of 0.529 (25th) this season, while his average Driving Distance of 307.0 yards ranked 63rd on TOUR. | In terms of Strokes Gained: Approach the Green this season, Hisatsune sported a -0.524 mark that ranked 82nd on TOUR. He ranked 32nd with a 72.22% Greens in Regulation rate. | Around the greens, Hisatsune delivered a 0.488 Strokes Gained: Around-the-Green mark this season, which placed him 19th on TOUR. | On the greens, Hisatsune delivered a -1.084 Strokes Gained: Putting mark this season, which placed him 97th on TOUR. In addition, he ranked 97th with a Putts Per Round average of 31.50, and he ranked 109th by breaking par 11.11% of the time. | PGA TOUR","1 Min Read
Detailed view of The PGA TOUR flag during the second round of the Korn Ferry Tour Qualifying Tournament at Landings Club-Marshwood Course on November 6, 2022 in Savannah, Georgia. (Andrew Wevers/PGA TOUR)
Ryo Hisatsune finished tied for 43rd at 12-under in his most recent appearance at this tournament. He'll tee off at Pete Dye Stadium Course Jan. 22-25 with hopes of improving upon that performance in the 2026 American Express.
All stats in this article are accurate for Hisatsune as of the start of The American Express.
Responsible sports betting starts with a game plan. Set a budget. Keep it social. Play with friends. Learn the game and know the odds. Play with trusted, licensed operators. CLICK HERE to learn more at HaveAGamePlan.org.
Note: Using player performance data from ShotLink powered by CDW, the PGA TOUR has created this story using AWS Gen AI technology. While we strive for accuracy and quality, please note that the information provided may not be entirely error-free.
The American Express
PGA TOUR, PGA TOUR Champions, and the Swinging Golfer design are registered trademarks. The Korn Ferry trademark is also a registered trademark, and is used in the Korn Ferry Tour logo with permission.","1 Min Read

Detailed view of The PGA TOUR flag during the second round of the Korn Ferry Tour Qualifying Tournament at Landings Club-Marshwood Course on November 6, 2022 in Savannah, Georgia. (Andrew Wevers/PGA TOUR)

Ryo Hisatsune finished tied for 43rd at 12-under in his most recent appearance at this tournament. He'll tee off at Pete Dye Stadium Course Jan. 22-25 with hopes of improving upon that performance in the 2026 American Express.

## Hisatsune's recent history at The American Express

## At The American Express

- In Hisatsune's most recent appearance at The American Express, in 2025, he finished tied for 43rd after posting a score of 12-under.

- Hisatsune's best finish at this event came in 2024, when he finished tied for 11th at 23-under.

- Sepp Straka won this tournament in 2025, finishing at 25-under.

## Hisatsune's recent results

## Hisatsune's recent performances

- Hisatsune has finished in the top 20 once over his last ten appearances.

- He had his best finish at the Procore Championship, where he finished tied for 13th with a score of 10-under.

- Hisatsune has an average of -0.016 Strokes Gained: Off-the-Tee in his past five tournaments.

- He has an average of -0.058 Strokes Gained: Approach the Green in his past five tournaments.

- He has an average of -0.631 Strokes Gained: Putting in his past five tournaments.

- Hisatsune has averaged -0.820 Strokes Gained: Total in his past five tournaments.

## Hisatsune's Strokes Gained rankings

## Hisatsune's advanced stats and rankings

- Hisatsune posted a Strokes Gained: Off-the-Tee average of 0.529 (25th) this season, while his average Driving Distance of 307.0 yards ranked 63rd on TOUR.

- In terms of Strokes Gained: Approach the Green this season, Hisatsune sported a -0.524 mark that ranked 82nd on TOUR. He ranked 32nd with a 72.22% Greens in Regulation rate.

- Around the greens, Hisatsune delivered a 0.488 Strokes Gained: Around-the-Green mark this season, which placed him 19th on TOUR.

- On the greens, Hisatsune delivered a -1.084 Strokes Gained: Putting mark this season, which placed him 97th on TOUR. In addition, he ranked 97th with a Putts Per Round average of 31.50, and he ranked 109th by breaking par 11.11% of the time.

All stats in this article are accurate for Hisatsune as of the start of The American Express.

Responsible sports betting starts with a game plan. Set a budget. Keep it social. Play with friends. Learn the game and know the odds. Play with trusted, licensed operators. CLICK HERE to learn more at HaveAGamePlan.org.

Note: Using player performance data from ShotLink powered by CDW, the PGA TOUR has created this story using AWS Gen AI technology. While we strive for accuracy and quality, please note that the information provided may not be entirely error-free.

The American Express

- PGA TOUR

PGA TOUR, PGA TOUR Champions, and the Swinging Golfer design are registered trademarks. The Korn Ferry trademark is also a registered trademark, and is used in the Korn Ferry Tour logo with permission."
Justin Rose betting profile: The American Express,Justin Rose betting profile: The American Express - PGA TOUR,Justin Rose finished tied for 26th at 18-under in his most recent appearance at The American Express in 2023. He'll tee off at Pete Dye Stadium Course Jan. 22-2,,,the-american-express,https://www.pgatour.com/article/news/betting-profile/2026/the-american-express/justin-rose-pga-tour-betting-stats-the-american-express-2026,"1 Min Read Justin Rose of England plays his tee shot on the 13th hole during the final round of the Hero World Challenge 2025 at Albany Golf Course on December 07, 2025 in Nassau, Bahamas. (David Cannon/Getty Images) Justin Rose finished tied for 26th at 18-under in his most recent appearance at The American Express in 2023. He'll tee off at Pete Dye Stadium Course Jan. 22-25 with his sights set higher this time around in the 2026 The American Express.",Rose's recent history at The American Express | At The American Express | Rose's recent results | Rose's recent performances | Rose's Strokes Gained rankings | Rose's advanced stats and rankings | Scottie Scheffler betting profile: The American Express | Harris English betting profile: The American Express | Sam Ryder betting profile: The American Express | THE TOUR | Partnerships | Quick Links | Shop | Apps,"In Rose's most recent appearance at The American Express, in 2023, he finished tied for 26th after posting a score of 18-under. | Sepp Straka won this tournament in 2025, finishing at 25-under. | Rose has finished in the top 20 three times over his last ten appearances. | He had his best finish at the FedEx St. Jude Championship, where he finished first with a score of 16-under. | Rose has an average of 0.041 Strokes Gained: Off-the-Tee in his past five tournaments. | He has an average of 0.496 Strokes Gained: Approach the Green in his past five tournaments. | He has an average of 0.054 Strokes Gained: Around-the-Green in his past five tournaments. | He has an average of 0.117 Strokes Gained: Putting in his past five tournaments. | Rose has averaged 0.708 Strokes Gained: Total in his past five tournaments. | Rose averaged 0.041 Strokes Gained: Off-the-Tee in his past five tournaments, showing solid performance off the tee. | His Strokes Gained: Approach the Green averaged 0.496 in his past five starts, indicating strong iron play. | Rose posted an average of 0.054 Strokes Gained: Around-the-Green in his past five tournaments. | His putting averaged 0.117 Strokes Gained: Putting over his past five starts. | Overall, Rose averaged 0.708 Strokes Gained: Total in his past five tournaments. | PGA TOUR","1 Min Read
Justin Rose of England plays his tee shot on the 13th hole during the final round of the Hero World Challenge 2025 at Albany Golf Course on December 07, 2025 in Nassau, Bahamas. (David Cannon/Getty Images)
Justin Rose finished tied for 26th at 18-under in his most recent appearance at The American Express in 2023. He'll tee off at Pete Dye Stadium Course Jan. 22-25 with his sights set higher this time around in the 2026 The American Express.
All stats in this article are accurate for Rose as of the start of The American Express.
Responsible sports betting starts with a game plan. Set a budget. Keep it social. Play with friends. Learn the game and know the odds. Play with trusted, licensed operators. CLICK HERE to learn more at HaveAGamePlan.org.
Note: Using player performance data from ShotLink powered by CDW, the PGA TOUR has created this story using AWS Gen AI technology. While we strive for accuracy and quality, please note that the information provided may not be entirely error-free.
The American Express
PGA TOUR, PGA TOUR Champions, and the Swinging Golfer design are registered trademarks. The Korn Ferry trademark is also a registered trademark, and is used in the Korn Ferry Tour logo with permission.","1 Min Read

Justin Rose of England plays his tee shot on the 13th hole during the final round of the Hero World Challenge 2025 at Albany Golf Course on December 07, 2025 in Nassau, Bahamas. (David Cannon/Getty Images)

Justin Rose finished tied for 26th at 18-under in his most recent appearance at The American Express in 2023. He'll tee off at Pete Dye Stadium Course Jan. 22-25 with his sights set higher this time around in the 2026 The American Express.

## Rose's recent history at The American Express

## At The American Express

- In Rose's most recent appearance at The American Express, in 2023, he finished tied for 26th after posting a score of 18-under.

- Sepp Straka won this tournament in 2025, finishing at 25-under.

## Rose's recent results

## Rose's recent performances

- Rose has finished in the top 20 three times over his last ten appearances.

- He had his best finish at the FedEx St. Jude Championship, where he finished first with a score of 16-under.

- Rose has an average of 0.041 Strokes Gained: Off-the-Tee in his past five tournaments.

- He has an average of 0.496 Strokes Gained: Approach the Green in his past five tournaments.

- He has an average of 0.054 Strokes Gained: Around-the-Green in his past five tournaments.

- He has an average of 0.117 Strokes Gained: Putting in his past five tournaments.

- Rose has averaged 0.708 Strokes Gained: Total in his past five tournaments.

## Rose's Strokes Gained rankings

## Rose's advanced stats and rankings

- Rose averaged 0.041 Strokes Gained: Off-the-Tee in his past five tournaments, showing solid performance off the tee.

- His Strokes Gained: Approach the Green averaged 0.496 in his past five starts, indicating strong iron play.

- Rose posted an average of 0.054 Strokes Gained: Around-the-Green in his past five tournaments.

- His putting averaged 0.117 Strokes Gained: Putting over his past five starts.

- Overall, Rose averaged 0.708 Strokes Gained: Total in his past five tournaments.

All stats in this article are accurate for Rose as of the start of The American Express.

Responsible sports betting starts with a game plan. Set a budget. Keep it social. Play with friends. Learn the game and know the odds. Play with trusted, licensed operators. CLICK HERE to learn more at HaveAGamePlan.org.

Note: Using player performance data from ShotLink powered by CDW, the PGA TOUR has created this story using AWS Gen AI technology. While we strive for accuracy and quality, please note that the information provided may not be entirely error-free.

The American Express

- PGA TOUR

PGA TOUR, PGA TOUR Champions, and the Swinging Golfer design are registered trademarks. The Korn Ferry trademark is also a registered trademark, and is used in the Korn Ferry Tour logo with permission."
Si Woo Kim betting profile: The American Express,Si Woo Kim betting profile: The American Express - PGA TOUR,Si Woo Kim won The American Express in 2021 with a score of 23-under. He'll tee off at Pete Dye Stadium Course Jan. 22-25 with his sights set on another victory,,,the-american-express,https://www.pgatour.com/article/news/betting-profile/2026/the-american-express/si-woo-kim-pga-tour-betting-stats-the-american-express-2026,"1 Min Read Si Woo Kim of South Korea plays his shot from the second tee during the final round of the Sony Open in Hawaii 2026 at Waialae Country Club on January 18, 2026 in Honolulu, Hawaii. (Mike Mulholland/Getty Images) Si Woo Kim won The American Express in 2021 with a score of 23-under. He'll tee off at Pete Dye Stadium Course Jan. 22-25 with his sights set on another victory at The American Express.",Kim's recent history at The American Express | At The American Express | Kim's recent results | Kim's recent performances | Kim's Strokes Gained rankings | Kim's advanced stats and rankings | Scottie Scheffler betting profile: The American Express | Harris English betting profile: The American Express | Sam Ryder betting profile: The American Express | THE TOUR | Partnerships | Quick Links | Shop | Apps,"In Kim's most recent appearance at The American Express, in 2025, he finished tied for 51st after posting a score of 11-under. | Kim's best finish at this event came in 2021, when he won at 23-under. | Sepp Straka won this tournament in 2025, finishing at 25-under. | Kim has finished in the top 20 six times over his last ten appearances. | He had his best finish at The RSM Classic, where he finished tied for fourth with a score of 19-under. | Kim has an average of 0.655 Strokes Gained: Off-the-Tee in his past five tournaments. | He has an average of 0.464 Strokes Gained: Approach the Green in his past five tournaments. | Kim has averaged 1.225 Strokes Gained: Total in his past five tournaments. | Kim posted a Strokes Gained: Off-the-Tee average of 1.065 (third) this season, while his average Driving Distance of 309.4 yards ranked 48th on TOUR. | In terms of Strokes Gained: Approach the Green this season, Kim sported a 1.617 mark that ranked third on TOUR. He ranked first with an 81.94% Greens in Regulation rate. | On the greens, Kim delivered a -1.176 Strokes Gained: Putting mark this season, which placed him 101st on TOUR. In addition, he ranked 96th with a Putts Per Round average of 31.25, and he ranked 10th by breaking par 26.39% of the time. | Kim has earned 68 FedExCup Regular Season points this season, ranking 11th. | PGA TOUR","1 Min Read
Si Woo Kim of South Korea plays his shot from the second tee during the final round of the Sony Open in Hawaii 2026 at Waialae Country Club on January 18, 2026 in Honolulu, Hawaii. (Mike Mulholland/Getty Images)
Si Woo Kim won The American Express in 2021 with a score of 23-under. He'll tee off at Pete Dye Stadium Course Jan. 22-25 with his sights set on another victory at The American Express.
All stats in this article are accurate for Kim as of the start of The American Express.
Responsible sports betting starts with a game plan. Set a budget. Keep it social. Play with friends. Learn the game and know the odds. Play with trusted, licensed operators. CLICK HERE to learn more at HaveAGamePlan.org.
Note: Using player performance data from ShotLink powered by CDW, the PGA TOUR has created this story using AWS Gen AI technology. While we strive for accuracy and quality, please note that the information provided may not be entirely error-free.
The American Express
PGA TOUR, PGA TOUR Champions, and the Swinging Golfer design are registered trademarks. The Korn Ferry trademark is also a registered trademark, and is used in the Korn Ferry Tour logo with permission.","1 Min Read

Si Woo Kim of South Korea plays his shot from the second tee during the final round of the Sony Open in Hawaii 2026 at Waialae Country Club on January 18, 2026 in Honolulu, Hawaii. (Mike Mulholland/Getty Images)

Si Woo Kim won The American Express in 2021 with a score of 23-under. He'll tee off at Pete Dye Stadium Course Jan. 22-25 with his sights set on another victory at The American Express.

## Kim's recent history at The American Express

## At The American Express

- In Kim's most recent appearance at The American Express, in 2025, he finished tied for 51st after posting a score of 11-under.

- Kim's best finish at this event came in 2021, when he won at 23-under.

- Sepp Straka won this tournament in 2025, finishing at 25-under.

## Kim's recent results

## Kim's recent performances

- Kim has finished in the top 20 six times over his last ten appearances.

- He had his best finish at The RSM Classic, where he finished tied for fourth with a score of 19-under.

- Kim has an average of 0.655 Strokes Gained: Off-the-Tee in his past five tournaments.

- He has an average of 0.464 Strokes Gained: Approach the Green in his past five tournaments.

- Kim has averaged 1.225 Strokes Gained: Total in his past five tournaments.

## Kim's Strokes Gained rankings

## Kim's advanced stats and rankings

- Kim posted a Strokes Gained: Off-the-Tee average of 1.065 (third) this season, while his average Driving Distance of 309.4 yards ranked 48th on TOUR.

- In terms of Strokes Gained: Approach the Green this season, Kim sported a 1.617 mark that ranked third on TOUR. He ranked first with an 81.94% Greens in Regulation rate.

- On the greens, Kim delivered a -1.176 Strokes Gained: Putting mark this season, which placed him 101st on TOUR. In addition, he ranked 96th with a Putts Per Round average of 31.25, and he ranked 10th by breaking par 26.39% of the time.

- Kim has earned 68 FedExCup Regular Season points this season, ranking 11th.

All stats in this article are accurate for Kim as of the start of The American Express.

Responsible sports betting starts with a game plan. Set a budget. Keep it social. Play with friends. Learn the game and know the odds. Play with trusted, licensed operators. CLICK HERE to learn more at HaveAGamePlan.org.

Note: Using player performance data from ShotLink powered by CDW, the PGA TOUR has created this story using AWS Gen AI technology. While we strive for accuracy and quality, please note that the information provided may not be entirely error-free.

The American Express

- PGA TOUR

PGA TOUR, PGA TOUR Champions, and the Swinging Golfer design are registered trademarks. The Korn Ferry trademark is also a registered trademark, and is used in the Korn Ferry Tour logo with permission."
Scottie Scheffler betting profile: The American Express,Scottie Scheffler betting profile: The American Express - PGA TOUR,"Scottie Scheffler returns to The American Express, set to tee off at Pete Dye Stadium Course from Jan. 22-25. Scheffler looks to improve upon his performance fr",,,the-american-express,https://www.pgatour.com/article/news/betting-profile/2026/the-american-express/scottie-scheffler-pga-tour-betting-stats-the-american-express-2026,"1 Min Read Scottie Scheffler plays a tee shot on the 13th hole during the final round of the Hero World Challenge at Albany Golf Course on December 7, 2025 in Naussau, New Providence. (Ben Jared/PGA TOUR via Getty Images) Scottie Scheffler returns to The American Express, set to tee off at Pete Dye Stadium Course from Jan. 22-25. Scheffler looks to improve upon his performance from the 2024 tournament where he finished tied for 17th at 21-under.",Scheffler's recent history at The American Express | At The American Express | Scheffler's recent results | Scheffler's recent performances | Scheffler's Strokes Gained rankings | Scheffler's advanced stats and rankings | Harris English betting profile: The American Express | Sam Ryder betting profile: The American Express | Brian Campbell betting profile: The American Express | THE TOUR | Partnerships | Quick Links | Shop | Apps,"In Scheffler's most recent appearance at The American Express, in 2024, he finished tied for 17th after posting a score of 21-under. | Scheffler's best finish at this event came in 2023, when he finished tied for 11th at 22-under. | Sepp Straka won this tournament in 2025, finishing at 25-under. | Scheffler has finished in the top 10 in all 10 of his last 10 appearances. | Scheffler has finished in the top five in seven of his last 10 appearances. | He won four tournaments over his last 10 appearances, with his best finish at the Procore Championship, where he finished first with a score of 19-under. | Scheffler has an average of 0.934 Strokes Gained: Off-the-Tee in his past five tournaments. | He has an average of 1.064 Strokes Gained: Approach the Green in his past five tournaments. | Scheffler has an average of 0.271 Strokes Gained: Around-the-Green in his past five tournaments. | He has an average of 0.598 Strokes Gained: Putting in his past five tournaments. | Scheffler has averaged 2.868 Strokes Gained: Total in his past five tournaments. | In his past five tournaments, Scheffler posted a Strokes Gained: Off-the-Tee average of 0.934. | In terms of Strokes Gained: Approach the Green in his past five tournaments, Scheffler sported a 1.064 mark. | Around the greens, Scheffler delivered a 0.271 Strokes Gained: Around-the-Green mark in his past five tournaments. | On the greens, Scheffler posted a 0.598 Strokes Gained: Putting average in his past five tournaments. | Scheffler averaged 2.868 Strokes Gained: Total in his past five tournaments. | PGA TOUR","1 Min Read
Scottie Scheffler plays a tee shot on the 13th hole during the final round of the Hero World Challenge at Albany Golf Course on December 7, 2025 in Naussau, New Providence. (Ben Jared/PGA TOUR via Getty Images)
Scottie Scheffler returns to The American Express, set to tee off at Pete Dye Stadium Course from Jan. 22-25. Scheffler looks to improve upon his performance from the 2024 tournament where he finished tied for 17th at 21-under.
All stats in this article are accurate for Scheffler as of the start of The American Express.
Responsible sports betting starts with a game plan. Set a budget. Keep it social. Play with friends. Learn the game and know the odds. Play with trusted, licensed operators. CLICK HERE to learn more at HaveAGamePlan.org.
Note: Using player performance data from ShotLink powered by CDW, the PGA TOUR has created this story using AWS Gen AI technology. While we strive for accuracy and quality, please note that the information provided may not be entirely error-free.
The American Express
PGA TOUR, PGA TOUR Champions, and the Swinging Golfer design are registered trademarks. The Korn Ferry trademark is also a registered trademark, and is used in the Korn Ferry Tour logo with permission.","1 Min Read

Scottie Scheffler plays a tee shot on the 13th hole during the final round of the Hero World Challenge at Albany Golf Course on December 7, 2025 in Naussau, New Providence. (Ben Jared/PGA TOUR via Getty Images)

Scottie Scheffler returns to The American Express, set to tee off at Pete Dye Stadium Course from Jan. 22-25. Scheffler looks to improve upon his performance from the 2024 tournament where he finished tied for 17th at 21-under.

## Scheffler's recent history at The American Express

## At The American Express

- In Scheffler's most recent appearance at The American Express, in 2024, he finished tied for 17th after posting a score of 21-under.

- Scheffler's best finish at this event came in 2023, when he finished tied for 11th at 22-under.

- Sepp Straka won this tournament in 2025, finishing at 25-under.

## Scheffler's recent results

## Scheffler's recent performances

- Scheffler has finished in the top 10 in all 10 of his last 10 appearances.

- Scheffler has finished in the top five in seven of his last 10 appearances.

- He won four tournaments over his last 10 appearances, with his best finish at the Procore Championship, where he finished first with a score of 19-under.

- Scheffler has an average of 0.934 Strokes Gained: Off-the-Tee in his past five tournaments.

- He has an average of 1.064 Strokes Gained: Approach the Green in his past five tournaments.

- Scheffler has an average of 0.271 Strokes Gained: Around-the-Green in his past five tournaments.

- He has an average of 0.598 Strokes Gained: Putting in his past five tournaments.

- Scheffler has averaged 2.868 Strokes Gained: Total in his past five tournaments.

## Scheffler's Strokes Gained rankings

## Scheffler's advanced stats and rankings

- In his past five tournaments, Scheffler posted a Strokes Gained: Off-the-Tee average of 0.934.

- In terms of Strokes Gained: Approach the Green in his past five tournaments, Scheffler sported a 1.064 mark.

- Around the greens, Scheffler delivered a 0.271 Strokes Gained: Around-the-Green mark in his past five tournaments.

- On the greens, Scheffler posted a 0.598 Strokes Gained: Putting average in his past five tournaments.

- Scheffler averaged 2.868 Strokes Gained: Total in his past five tournaments.

All stats in this article are accurate for Scheffler as of the start of The American Express.

Responsible sports betting starts with a game plan. Set a budget. Keep it social. Play with friends. Learn the game and know the odds. Play with trusted, licensed operators. CLICK HERE to learn more at HaveAGamePlan.org.

Note: Using player performance data from ShotLink powered by CDW, the PGA TOUR has created this story using AWS Gen AI technology. While we strive for accuracy and quality, please note that the information provided may not be entirely error-free.

The American Express

- PGA TOUR

PGA TOUR, PGA TOUR Champions, and the Swinging Golfer design are registered trademarks. The Korn Ferry trademark is also a registered trademark, and is used in the Korn Ferry Tour logo with permission."
Davis Riley betting profile: The American Express,Davis Riley betting profile: The American Express - PGA TOUR,Davis Riley missed the cut at The American Express last year after shooting 4-over. He'll tee off at Pete Dye Stadium Course Jan. 22-25 with his sights set high,,,the-american-express,https://www.pgatour.com/article/news/betting-profile/2026/the-american-express/davis-riley-pga-tour-betting-stats-the-american-express-2026,"1 Min Read Detailed view of The PGA TOUR flag during the second round of the Korn Ferry Tour Qualifying Tournament at Landings Club-Marshwood Course on November 6, 2022 in Savannah, Georgia. (Andrew Wevers/PGA TOUR) Davis Riley missed the cut at The American Express last year after shooting 4-over. He'll tee off at Pete Dye Stadium Course Jan. 22-25 with his sights set higher this time around in the 2026 The American Express.",Riley's recent history at The American Express | At The American Express | Riley's recent results | Riley's recent performances | Riley's Strokes Gained rankings | Riley's advanced stats and rankings | Scottie Scheffler betting profile: The American Express | Harris English betting profile: The American Express | Sam Ryder betting profile: The American Express | THE TOUR | Partnerships | Quick Links | Shop | Apps,"In Riley's most recent appearance at The American Express, in 2025, he missed the cut after posting a score of 4-over. | Riley's best finish at this event came in 2022, when he finished tied for 59th at 7-under. | Sepp Straka won this tournament in 2025, finishing at 25-under. | Riley has finished in the top ten once over his last ten appearances. | He had his best finish at the Sony Open in Hawaii, where he finished tied for sixth with a score of 11-under. | Riley has an average of -0.697 Strokes Gained: Off-the-Tee in his past five tournaments. | He has an average of -0.578 Strokes Gained: Approach the Green in his past five tournaments. | Riley has averaged -1.058 Strokes Gained: Total in his past five tournaments. | Riley posted a Strokes Gained: Off-the-Tee average of -0.836 (108th) this season, while his average Driving Distance of 278.4 yards ranked 119th on TOUR. | In terms of Strokes Gained: Approach the Green this season, Riley sported a -0.064 mark that ranked 63rd on TOUR. He ranked 85th with a 63.89% Greens in Regulation rate. | On the greens, Riley delivered a 2.761 Strokes Gained: Putting mark this season, which placed him first on TOUR. In addition, he ranked fourth with a Putts Per Round average of 27.50, and he ranked first by breaking par 33.33% of the time. | Riley ranks sixth with 86 FedExCup Regular Season points this season. | PGA TOUR","1 Min Read
Detailed view of The PGA TOUR flag during the second round of the Korn Ferry Tour Qualifying Tournament at Landings Club-Marshwood Course on November 6, 2022 in Savannah, Georgia. (Andrew Wevers/PGA TOUR)
Davis Riley missed the cut at The American Express last year after shooting 4-over. He'll tee off at Pete Dye Stadium Course Jan. 22-25 with his sights set higher this time around in the 2026 The American Express.
All stats in this article are accurate for Riley as of the start of The American Express.
Responsible sports betting starts with a game plan. Set a budget. Keep it social. Play with friends. Learn the game and know the odds. Play with trusted, licensed operators. CLICK HERE to learn more at HaveAGamePlan.org.
Note: Using player performance data from ShotLink powered by CDW, the PGA TOUR has created this story using AWS Gen AI technology. While we strive for accuracy and quality, please note that the information provided may not be entirely error-free.
The American Express
PGA TOUR, PGA TOUR Champions, and the Swinging Golfer design are registered trademarks. The Korn Ferry trademark is also a registered trademark, and is used in the Korn Ferry Tour logo with permission.","1 Min Read

Detailed view of The PGA TOUR flag during the second round of the Korn Ferry Tour Qualifying Tournament at Landings Club-Marshwood Course on November 6, 2022 in Savannah, Georgia. (Andrew Wevers/PGA TOUR)

Davis Riley missed the cut at The American Express last year after shooting 4-over. He'll tee off at Pete Dye Stadium Course Jan. 22-25 with his sights set higher this time around in the 2026 The American Express.

## Riley's recent history at The American Express

## At The American Express

- In Riley's most recent appearance at The American Express, in 2025, he missed the cut after posting a score of 4-over.

- Riley's best finish at this event came in 2022, when he finished tied for 59th at 7-under.

- Sepp Straka won this tournament in 2025, finishing at 25-under.

## Riley's recent results

## Riley's recent performances

- Riley has finished in the top ten once over his last ten appearances.

- He had his best finish at the Sony Open in Hawaii, where he finished tied for sixth with a score of 11-under.

- Riley has an average of -0.697 Strokes Gained: Off-the-Tee in his past five tournaments.

- He has an average of -0.578 Strokes Gained: Approach the Green in his past five tournaments.

- Riley has averaged -1.058 Strokes Gained: Total in his past five tournaments.

## Riley's Strokes Gained rankings

## Riley's advanced stats and rankings

- Riley posted a Strokes Gained: Off-the-Tee average of -0.836 (108th) this season, while his average Driving Distance of 278.4 yards ranked 119th on TOUR.

- In terms of Strokes Gained: Approach the Green this season, Riley sported a -0.064 mark that ranked 63rd on TOUR. He ranked 85th with a 63.89% Greens in Regulation rate.

- On the greens, Riley delivered a 2.761 Strokes Gained: Putting mark this season, which placed him first on TOUR. In addition, he ranked fourth with a Putts Per Round average of 27.50, and he ranked first by breaking par 33.33% of the time.

- Riley ranks sixth with 86 FedExCup Regular Season points this season.

All stats in this article are accurate for Riley as of the start of The American Express.

Responsible sports betting starts with a game plan. Set a budget. Keep it social. Play with friends. Learn the game and know the odds. Play with trusted, licensed operators. CLICK HERE to learn more at HaveAGamePlan.org.

Note: Using player performance data from ShotLink powered by CDW, the PGA TOUR has created this story using AWS Gen AI technology. While we strive for accuracy and quality, please note that the information provided may not be entirely error-free.

The American Express

- PGA TOUR

PGA TOUR, PGA TOUR Champions, and the Swinging Golfer design are registered trademarks. The Korn Ferry trademark is also a registered trademark, and is used in the Korn Ferry Tour logo with permission."
Kurt Kitayama betting profile: The American Express,Kurt Kitayama betting profile: The American Express - PGA TOUR,Kurt Kitayama finished tied for 58th at 10-under in his most recent appearance at The American Express in 2025. He'll tee off at Pete Dye Stadium Course Jan. 22,,,the-american-express,https://www.pgatour.com/article/news/betting-profile/2026/the-american-express/kurt-kitayama-pga-tour-betting-stats-the-american-express-2026,"1 Min Read Kurt Kitayama of the United States reacts to his shot from the second tee during the third round of the Sony Open in Hawaii 2026 at Waialae Country Club on January 17, 2026 in Honolulu, Hawaii. (Mike Mulholland/Getty Images) Kurt Kitayama finished tied for 58th at 10-under in his most recent appearance at The American Express in 2025. He'll tee off at Pete Dye Stadium Course Jan. 22-25 with his sights set higher this time around in the 2026 American Express.",Kitayama's recent history at The American Express | At The American Express | Kitayama's recent results | Kitayama's recent performances | Kitayama's Strokes Gained rankings | Kitayama's advanced stats and rankings | Scottie Scheffler betting profile: The American Express | Harris English betting profile: The American Express | Sam Ryder betting profile: The American Express | THE TOUR | Partnerships | Quick Links | Shop | Apps,"In Kitayama's most recent appearance at The American Express, in 2025, he finished tied for 58th after posting a score of 10-under. | Sepp Straka won this tournament in 2025, finishing at 25-under. | Kitayama has finished in the top 10 three times over his last 10 appearances. | He had his best finish at the 3M Open, where he finished first with a score of 23-under. | Kitayama has an average of 0.524 Strokes Gained: Off-the-Tee in his past five tournaments. | He has an average of 0.398 Strokes Gained: Approach the Green in his past five tournaments. | He has an average of -0.177 Strokes Gained: Putting in his past five tournaments. | Kitayama has averaged 0.801 Strokes Gained: Total in his past five tournaments. | Kitayama posted a Strokes Gained: Off-the-Tee average of 0.598 (21st) this season, while his average Driving Distance of 302.6 yards ranks 76th on TOUR. | In terms of Strokes Gained: Approach the Green this season, Kitayama sports a 0.393 mark that ranks 37th on TOUR. He ranks 10th with a 77.78% Greens in Regulation rate. | On the greens, Kitayama delivers a -0.503 Strokes Gained: Putting mark this season, which places him 76th on TOUR. In addition, he ranks 80th with a Putts Per Round average of 30.75, and he ranks 61st by breaking par 19.44% of the time. | Kitayama currently ranks 39th on TOUR with 12 FedExCup Regular Season points and ranks 10th in Bogey Avoidance at 11.11%. | PGA TOUR","1 Min Read
Kurt Kitayama of the United States reacts to his shot from the second tee during the third round of the Sony Open in Hawaii 2026 at Waialae Country Club on January 17, 2026 in Honolulu, Hawaii. (Mike Mulholland/Getty Images)
Kurt Kitayama finished tied for 58th at 10-under in his most recent appearance at The American Express in 2025. He'll tee off at Pete Dye Stadium Course Jan. 22-25 with his sights set higher this time around in the 2026 American Express.
All stats in this article are accurate for Kitayama as of the start of The American Express.
Responsible sports betting starts with a game plan. Set a budget. Keep it social. Play with friends. Learn the game and know the odds. Play with trusted, licensed operators. CLICK HERE to learn more at HaveAGamePlan.org.
Note: Using player performance data from ShotLink powered by CDW, the PGA TOUR has created this story using AWS Gen AI technology. While we strive for accuracy and quality, please note that the information provided may not be entirely error-free.
The American Express
PGA TOUR, PGA TOUR Champions, and the Swinging Golfer design are registered trademarks. The Korn Ferry trademark is also a registered trademark, and is used in the Korn Ferry Tour logo with permission.","1 Min Read

Kurt Kitayama of the United States reacts to his shot from the second tee during the third round of the Sony Open in Hawaii 2026 at Waialae Country Club on January 17, 2026 in Honolulu, Hawaii. (Mike Mulholland/Getty Images)

Kurt Kitayama finished tied for 58th at 10-under in his most recent appearance at The American Express in 2025. He'll tee off at Pete Dye Stadium Course Jan. 22-25 with his sights set higher this time around in the 2026 American Express.

## Kitayama's recent history at The American Express

## At The American Express

- In Kitayama's most recent appearance at The American Express, in 2025, he finished tied for 58th after posting a score of 10-under.

- Sepp Straka won this tournament in 2025, finishing at 25-under.

## Kitayama's recent results

## Kitayama's recent performances

- Kitayama has finished in the top 10 three times over his last 10 appearances.

- He had his best finish at the 3M Open, where he finished first with a score of 23-under.

- Kitayama has an average of 0.524 Strokes Gained: Off-the-Tee in his past five tournaments.

- He has an average of 0.398 Strokes Gained: Approach the Green in his past five tournaments.

- He has an average of -0.177 Strokes Gained: Putting in his past five tournaments.

- Kitayama has averaged 0.801 Strokes Gained: Total in his past five tournaments.

## Kitayama's Strokes Gained rankings

## Kitayama's advanced stats and rankings

- Kitayama posted a Strokes Gained: Off-the-Tee average of 0.598 (21st) this season, while his average Driving Distance of 302.6 yards ranks 76th on TOUR.

- In terms of Strokes Gained: Approach the Green this season, Kitayama sports a 0.393 mark that ranks 37th on TOUR. He ranks 10th with a 77.78% Greens in Regulation rate.

- On the greens, Kitayama delivers a -0.503 Strokes Gained: Putting mark this season, which places him 76th on TOUR. In addition, he ranks 80th with a Putts Per Round average of 30.75, and he ranks 61st by breaking par 19.44% of the time.

- Kitayama currently ranks 39th on TOUR with 12 FedExCup Regular Season points and ranks 10th in Bogey Avoidance at 11.11%.

All stats in this article are accurate for Kitayama as of the start of The American Express.

Responsible sports betting starts with a game plan. Set a budget. Keep it social. Play with friends. Learn the game and know the odds. Play with trusted, licensed operators. CLICK HERE to learn more at HaveAGamePlan.org.

Note: Using player performance data from ShotLink powered by CDW, the PGA TOUR has created this story using AWS Gen AI technology. While we strive for accuracy and quality, please note that the information provided may not be entirely error-free.

The American Express

- PGA TOUR

PGA TOUR, PGA TOUR Champions, and the Swinging Golfer design are registered trademarks. The Korn Ferry trademark is also a registered trademark, and is used in the Korn Ferry Tour logo with permission."
PGATOUR.COM,PGATOUR.COM - Official Home of Golf and the FedExCup - PGA TOUR,"The official web site of the PGA TOUR. Providing the only Real-Time Live Scoring for the PGA TOUR, Champions Tour and Korn Ferry Tour. Home of official PGA TOUR",,,the-american-express,https://www.pgatour.com/article/news/betting-profile/2026/the-american-express/j-t-poston-pga-tour-betting-stats-the-american-express-2026,"The American Express PGA TOUR, PGA TOUR Champions, and the Swinging Golfer design are registered trademarks. The Korn Ferry trademark is also a registered trademark, and is used in the Korn Ferry Tour logo with permission.",THE TOUR | Partnerships | Quick Links | Shop | Apps,PGA TOUR,"The American Express
PGA TOUR, PGA TOUR Champions, and the Swinging Golfer design are registered trademarks. The Korn Ferry trademark is also a registered trademark, and is used in the Korn Ferry Tour logo with permission.","The American Express

- PGA TOUR

PGA TOUR, PGA TOUR Champions, and the Swinging Golfer design are registered trademarks. The Korn Ferry trademark is also a registered trademark, and is used in the Korn Ferry Tour logo with permission."
Matthieu Pavon betting profile: The American Express,Matthieu Pavon betting profile: The American Express - PGA TOUR,Matthieu Pavon finished tied for 39th at 17-under in his most recent appearance at this tournament in 2024. He'll tee off at Pete Dye Stadium Course Jan. 22-25,,,the-american-express,https://www.pgatour.com/article/news/betting-profile/2026/the-american-express/matthieu-pavon-pga-tour-betting-stats-the-american-express-2026,"1 Min Read Matthieu Pavon of France lines up a putt on the 13th green during the second round of the Sony Open in Hawaii 2026 at Waialae Country Club on January 16, 2026 in Honolulu, Hawaii. (Mike Mulholland/Getty Images) Matthieu Pavon finished tied for 39th at 17-under in his most recent appearance at this tournament in 2024. He'll tee off at Pete Dye Stadium Course Jan. 22-25 with hopes of improving upon that performance in the 2026 The American Express.",Pavon's recent history at The American Express | At The American Express | Pavon's recent results | Pavon's recent performances | Pavon's Strokes Gained rankings | Pavon's advanced stats and rankings | Scottie Scheffler betting profile: The American Express | Harris English betting profile: The American Express | Sam Ryder betting profile: The American Express | THE TOUR | Partnerships | Quick Links | Shop | Apps,"In Pavon's most recent appearance at The American Express, in 2024, he finished tied for 39th after posting a score of 17-under. | Sepp Straka won this tournament in 2025, finishing at 25-under. | Pavon's best finish over his last ten appearances was a tie for 31st at the World Wide Technology Championship, where he finished at 16-under. | He has an average of -0.010 Strokes Gained: Off-the-Tee in his past five tournaments. | Pavon has an average of -0.365 Strokes Gained: Approach the Green in his past five tournaments. | He has an average of -0.248 Strokes Gained: Around-the-Green in his past five tournaments. | Pavon has an average of -0.172 Strokes Gained: Putting in his past five tournaments. | He has averaged -0.793 Strokes Gained: Total in his past five tournaments. | Pavon has posted a Strokes Gained: Off-the-Tee average of -0.504 (93rd) this season, while his average Driving Distance of 310.8 yards ranks 42nd on TOUR. | In terms of Strokes Gained: Approach the Green this season, Pavon sports a -0.715 mark that ranks 93rd on TOUR. He ranks 103rd with a 58.33% Greens in Regulation rate. | Around the greens, Pavon has delivered a 0.150 Strokes Gained: Around-the-Green mark this season, which places him 48th on TOUR. | On the greens, Pavon has delivered a 1.036 Strokes Gained: Putting mark this season, which places him 16th on TOUR. In addition, he ranks sixth with a Putts Per Round average of 27.75, and he ranks 28th by breaking par 23.61% of the time. | Pavon has earned 6 FedExCup Regular Season points (54th) this season, with an 18.06% Bogey Avoidance rate that ranks 73rd on TOUR. | PGA TOUR","1 Min Read
Matthieu Pavon of France lines up a putt on the 13th green during the second round of the Sony Open in Hawaii 2026 at Waialae Country Club on January 16, 2026 in Honolulu, Hawaii. (Mike Mulholland/Getty Images)
Matthieu Pavon finished tied for 39th at 17-under in his most recent appearance at this tournament in 2024. He'll tee off at Pete Dye Stadium Course Jan. 22-25 with hopes of improving upon that performance in the 2026 The American Express.
All stats in this article are accurate for Pavon as of the start of The American Express.
Responsible sports betting starts with a game plan. Set a budget. Keep it social. Play with friends. Learn the game and know the odds. Play with trusted, licensed operators. CLICK HERE to learn more at HaveAGamePlan.org.
Note: Using player performance data from ShotLink powered by CDW, the PGA TOUR has created this story using AWS Gen AI technology. While we strive for accuracy and quality, please note that the information provided may not be entirely error-free.
The American Express
PGA TOUR, PGA TOUR Champions, and the Swinging Golfer design are registered trademarks. The Korn Ferry trademark is also a registered trademark, and is used in the Korn Ferry Tour logo with permission.","1 Min Read

Matthieu Pavon of France lines up a putt on the 13th green during the second round of the Sony Open in Hawaii 2026 at Waialae Country Club on January 16, 2026 in Honolulu, Hawaii. (Mike Mulholland/Getty Images)

Matthieu Pavon finished tied for 39th at 17-under in his most recent appearance at this tournament in 2024. He'll tee off at Pete Dye Stadium Course Jan. 22-25 with hopes of improving upon that performance in the 2026 The American Express.

## Pavon's recent history at The American Express

## At The American Express

- In Pavon's most recent appearance at The American Express, in 2024, he finished tied for 39th after posting a score of 17-under.

- Sepp Straka won this tournament in 2025, finishing at 25-under.

## Pavon's recent results

## Pavon's recent performances

- Pavon's best finish over his last ten appearances was a tie for 31st at the World Wide Technology Championship, where he finished at 16-under.

- He has an average of -0.010 Strokes Gained: Off-the-Tee in his past five tournaments.

- Pavon has an average of -0.365 Strokes Gained: Approach the Green in his past five tournaments.

- He has an average of -0.248 Strokes Gained: Around-the-Green in his past five tournaments.

- Pavon has an average of -0.172 Strokes Gained: Putting in his past five tournaments.

- He has averaged -0.793 Strokes Gained: Total in his past five tournaments.

## Pavon's Strokes Gained rankings

## Pavon's advanced stats and rankings

- Pavon has posted a Strokes Gained: Off-the-Tee average of -0.504 (93rd) this season, while his average Driving Distance of 310.8 yards ranks 42nd on TOUR.

- In terms of Strokes Gained: Approach the Green this season, Pavon sports a -0.715 mark that ranks 93rd on TOUR. He ranks 103rd with a 58.33% Greens in Regulation rate.

- Around the greens, Pavon has delivered a 0.150 Strokes Gained: Around-the-Green mark this season, which places him 48th on TOUR.

- On the greens, Pavon has delivered a 1.036 Strokes Gained: Putting mark this season, which places him 16th on TOUR. In addition, he ranks sixth with a Putts Per Round average of 27.75, and he ranks 28th by breaking par 23.61% of the time.

- Pavon has earned 6 FedExCup Regular Season points (54th) this season, with an 18.06% Bogey Avoidance rate that ranks 73rd on TOUR.

All stats in this article are accurate for Pavon as of the start of The American Express.

Responsible sports betting starts with a game plan. Set a budget. Keep it social. Play with friends. Learn the game and know the odds. Play with trusted, licensed operators. CLICK HERE to learn more at HaveAGamePlan.org.

Note: Using player performance data from ShotLink powered by CDW, the PGA TOUR has created this story using AWS Gen AI technology. While we strive for accuracy and quality, please note that the information provided may not be entirely error-free.

The American Express

- PGA TOUR

PGA TOUR, PGA TOUR Champions, and the Swinging Golfer design are registered trademarks. The Korn Ferry trademark is also a registered trademark, and is used in the Korn Ferry Tour logo with permission."
Cam Davis betting profile: The American Express,Cam Davis betting profile: The American Express - PGA TOUR,Cam Davis finished tied for 18th at 16-under in his most recent appearance at The American Express in 2025. He'll tee off at Pete Dye Stadium Course Jan. 22-25,,,the-american-express,https://www.pgatour.com/article/news/betting-profile/2026/the-american-express/cam-davis-pga-tour-betting-stats-the-american-express-2026,"1 Min Read Cam Davis of Australia hits a tee shot on the seventh hole during the final round of the FedEx St. Jude Championship 2025 at TPC Southwind on August 10, 2025 in Memphis, Tennessee. (Andy Lyons/Getty Images) Cam Davis finished tied for 18th at 16-under in his most recent appearance at The American Express in 2025. He'll tee off at Pete Dye Stadium Course Jan. 22-25 with his sights set higher this time around in the 2026 The American Express.",Davis's recent history at The American Express | At The American Express | Davis's recent results | Davis's recent performances | Davis's Strokes Gained rankings | Davis's advanced stats and rankings | Jacob Bridgeman betting profile: The American Express | Zach Johnson betting profile: The American Express | Sami Valimaki betting profile: The American Express | THE TOUR | Partnerships | Quick Links | Shop | Apps,"In Davis's most recent appearance at The American Express, in 2025, he finished tied for 18th after posting a score of 16-under. | Davis's best finish at this event came in 2021, when he finished third at 20-under. | Sepp Straka won this tournament in 2025, finishing at 25-under. | Davis had his best finish at the Wyndham Championship, where he finished tied for 44th with a score of 4-under. | Davis has an average of -0.025 Strokes Gained: Off-the-Tee in his past five tournaments. | He has an average of -0.118 Strokes Gained: Approach the Green in his past five tournaments. | Davis has an average of -0.577 Strokes Gained: Around-the-Green in his past five tournaments. | He has an average of -0.178 Strokes Gained: Putting in his past five tournaments. | Davis has averaged -0.898 Strokes Gained: Total in his past five tournaments. | Davis posted a Strokes Gained: Off-the-Tee average of -0.403 (87th) this season, while his average Driving Distance of 309.0 yards ranked 51st on TOUR. | In terms of Strokes Gained: Approach the Green this season, Davis sported a 0.268 mark that ranked 41st on TOUR. He ranked 49th with a 69.44% Greens in Regulation rate. | On the greens, Davis delivered a -1.161 Strokes Gained: Putting mark this season, which placed him 100th on TOUR. In addition, he ranked 87th with a Putts Per Round average of 31.00. | Davis ranked 93rd with a -1.592 Strokes Gained: Total average this season, and he ranked 63rd with a 16.67% Bogey Avoidance rate. | PGA TOUR","1 Min Read
Cam Davis of Australia hits a tee shot on the seventh hole during the final round of the FedEx St. Jude Championship 2025 at TPC Southwind on August 10, 2025 in Memphis, Tennessee. (Andy Lyons/Getty Images)
Cam Davis finished tied for 18th at 16-under in his most recent appearance at The American Express in 2025. He'll tee off at Pete Dye Stadium Course Jan. 22-25 with his sights set higher this time around in the 2026 The American Express.
All stats in this article are accurate for Davis as of the start of The American Express.
Responsible sports betting starts with a game plan. Set a budget. Keep it social. Play with friends. Learn the game and know the odds. Play with trusted, licensed operators. CLICK HERE to learn more at HaveAGamePlan.org.
Note: Using player performance data from ShotLink powered by CDW, the PGA TOUR has created this story using AWS Gen AI technology. While we strive for accuracy and quality, please note that the information provided may not be entirely error-free.
The American Express
PGA TOUR, PGA TOUR Champions, and the Swinging Golfer design are registered trademarks. The Korn Ferry trademark is also a registered trademark, and is used in the Korn Ferry Tour logo with permission.","1 Min Read

Cam Davis of Australia hits a tee shot on the seventh hole during the final round of the FedEx St. Jude Championship 2025 at TPC Southwind on August 10, 2025 in Memphis, Tennessee. (Andy Lyons/Getty Images)

Cam Davis finished tied for 18th at 16-under in his most recent appearance at The American Express in 2025. He'll tee off at Pete Dye Stadium Course Jan. 22-25 with his sights set higher this time around in the 2026 The American Express.

## Davis's recent history at The American Express

## At The American Express

- In Davis's most recent appearance at The American Express, in 2025, he finished tied for 18th after posting a score of 16-under.

- Davis's best finish at this event came in 2021, when he finished third at 20-under.

- Sepp Straka won this tournament in 2025, finishing at 25-under.

## Davis's recent results

## Davis's recent performances

- Davis had his best finish at the Wyndham Championship, where he finished tied for 44th with a score of 4-under.

- Davis has an average of -0.025 Strokes Gained: Off-the-Tee in his past five tournaments.

- He has an average of -0.118 Strokes Gained: Approach the Green in his past five tournaments.

- Davis has an average of -0.577 Strokes Gained: Around-the-Green in his past five tournaments.

- He has an average of -0.178 Strokes Gained: Putting in his past five tournaments.

- Davis has averaged -0.898 Strokes Gained: Total in his past five tournaments.

## Davis's Strokes Gained rankings

## Davis's advanced stats and rankings

- Davis posted a Strokes Gained: Off-the-Tee average of -0.403 (87th) this season, while his average Driving Distance of 309.0 yards ranked 51st on TOUR.

- In terms of Strokes Gained: Approach the Green this season, Davis sported a 0.268 mark that ranked 41st on TOUR. He ranked 49th with a 69.44% Greens in Regulation rate.

- On the greens, Davis delivered a -1.161 Strokes Gained: Putting mark this season, which placed him 100th on TOUR. In addition, he ranked 87th with a Putts Per Round average of 31.00.

- Davis ranked 93rd with a -1.592 Strokes Gained: Total average this season, and he ranked 63rd with a 16.67% Bogey Avoidance rate.

All stats in this article are accurate for Davis as of the start of The American Express.

Responsible sports betting starts with a game plan. Set a budget. Keep it social. Play with friends. Learn the game and know the odds. Play with trusted, licensed operators. CLICK HERE to learn more at HaveAGamePlan.org.

Note: Using player performance data from ShotLink powered by CDW, the PGA TOUR has created this story using AWS Gen AI technology. While we strive for accuracy and quality, please note that the information provided may not be entirely error-free.

The American Express

- PGA TOUR

PGA TOUR, PGA TOUR Champions, and the Swinging Golfer design are registered trademarks. The Korn Ferry trademark is also a registered trademark, and is used in the Korn Ferry Tour logo with permission."
Andrew Novak betting profile: The American Express,Andrew Novak betting profile: The American Express - PGA TOUR,Andrew Novak has missed the cut in his last four appearances at The American Express. He'll tee off at Pete Dye Stadium Course Jan. 22-25 with hopes of breaking,,,the-american-express,https://www.pgatour.com/article/news/betting-profile/2026/the-american-express/andrew-novak-pga-tour-betting-stats-the-american-express-2026,"1 Min Read Andrew Novak of the United States hits a tee shot on the third hole during the final round of the Grant Thornton Invitational 2025 at Tiburon Golf Club on December 14, 2025 in Naples, Florida. (Johnnie Izquierdo/Getty Images) Andrew Novak has missed the cut in his last four appearances at The American Express. He'll tee off at Pete Dye Stadium Course Jan. 22-25 with hopes of breaking through for his first weekend appearance at this event.",Novak's recent history at The American Express | At The American Express | Novak's recent results | Novak's recent performances | Novak's Strokes Gained rankings | Novak's advanced stats and rankings | Jacob Bridgeman betting profile: The American Express | Zach Johnson betting profile: The American Express | Sami Valimaki betting profile: The American Express | THE TOUR | Partnerships | Quick Links | Shop | Apps,"In Novak's most recent appearance at The American Express, in 2025, he missed the cut after posting a score of 5-over. | Novak's best score at The American Express came in 2022 when he shot 6-under par but still missed the cut. | Sepp Straka won this tournament in 2025, finishing at 25-under. | Novak has finished in the top 20 three times over his last ten appearances. | Novak has finished in the top 10 twice over his last ten appearances. | He had his best finish at the FedEx St. Jude Championship, where he finished tied for sixth with a score of 10-under. | Novak has an average of -0.365 Strokes Gained: Off-the-Tee in his past five tournaments. | He has an average of -0.310 Strokes Gained: Approach the Green in his past five tournaments. | Novak has an average of -0.453 Strokes Gained: Around-the-Green in his past five tournaments. | He has an average of -0.284 Strokes Gained: Putting in his past five tournaments. | Novak has averaged -1.411 Strokes Gained: Total in his past five tournaments. | Novak averaged -0.365 Strokes Gained: Off-the-Tee in his past five tournaments. | In terms of Strokes Gained: Approach the Green, Novak averaged -0.310 in his past five tournaments. | Around the green, Novak posted a -0.453 Strokes Gained: Around-the-Green average in his past five tournaments. | On the greens, Novak delivered a -0.284 Strokes Gained: Putting mark in his past five tournaments. | PGA TOUR","1 Min Read
Andrew Novak of the United States hits a tee shot on the third hole during the final round of the Grant Thornton Invitational 2025 at Tiburon Golf Club on December 14, 2025 in Naples, Florida. (Johnnie Izquierdo/Getty Images)
Andrew Novak has missed the cut in his last four appearances at The American Express. He'll tee off at Pete Dye Stadium Course Jan. 22-25 with hopes of breaking through for his first weekend appearance at this event.
All stats in this article are accurate for Novak as of the start of The American Express.
Responsible sports betting starts with a game plan. Set a budget. Keep it social. Play with friends. Learn the game and know the odds. Play with trusted, licensed operators. CLICK HERE to learn more at HaveAGamePlan.org.
Note: Using player performance data from ShotLink powered by CDW, the PGA TOUR has created this story using AWS Gen AI technology. While we strive for accuracy and quality, please note that the information provided may not be entirely error-free.
The American Express
PGA TOUR, PGA TOUR Champions, and the Swinging Golfer design are registered trademarks. The Korn Ferry trademark is also a registered trademark, and is used in the Korn Ferry Tour logo with permission.","1 Min Read

Andrew Novak of the United States hits a tee shot on the third hole during the final round of the Grant Thornton Invitational 2025 at Tiburon Golf Club on December 14, 2025 in Naples, Florida. (Johnnie Izquierdo/Getty Images)

Andrew Novak has missed the cut in his last four appearances at The American Express. He'll tee off at Pete Dye Stadium Course Jan. 22-25 with hopes of breaking through for his first weekend appearance at this event.

## Novak's recent history at The American Express

## At The American Express

- In Novak's most recent appearance at The American Express, in 2025, he missed the cut after posting a score of 5-over.

- Novak's best score at The American Express came in 2022 when he shot 6-under par but still missed the cut.

- Sepp Straka won this tournament in 2025, finishing at 25-under.

## Novak's recent results

## Novak's recent performances

- Novak has finished in the top 20 three times over his last ten appearances.

- Novak has finished in the top 10 twice over his last ten appearances.

- He had his best finish at the FedEx St. Jude Championship, where he finished tied for sixth with a score of 10-under.

- Novak has an average of -0.365 Strokes Gained: Off-the-Tee in his past five tournaments.

- He has an average of -0.310 Strokes Gained: Approach the Green in his past five tournaments.

- Novak has an average of -0.453 Strokes Gained: Around-the-Green in his past five tournaments.

- He has an average of -0.284 Strokes Gained: Putting in his past five tournaments.

- Novak has averaged -1.411 Strokes Gained: Total in his past five tournaments.

## Novak's Strokes Gained rankings

## Novak's advanced stats and rankings

- Novak averaged -0.365 Strokes Gained: Off-the-Tee in his past five tournaments.

- In terms of Strokes Gained: Approach the Green, Novak averaged -0.310 in his past five tournaments.

- Around the green, Novak posted a -0.453 Strokes Gained: Around-the-Green average in his past five tournaments.

- On the greens, Novak delivered a -0.284 Strokes Gained: Putting mark in his past five tournaments.

All stats in this article are accurate for Novak as of the start of The American Express.

Responsible sports betting starts with a game plan. Set a budget. Keep it social. Play with friends. Learn the game and know the odds. Play with trusted, licensed operators. CLICK HERE to learn more at HaveAGamePlan.org.

Note: Using player performance data from ShotLink powered by CDW, the PGA TOUR has created this story using AWS Gen AI technology. While we strive for accuracy and quality, please note that the information provided may not be entirely error-free.

The American Express

- PGA TOUR

PGA TOUR, PGA TOUR Champions, and the Swinging Golfer design are registered trademarks. The Korn Ferry trademark is also a registered trademark, and is used in the Korn Ferry Tour logo with permission."
Davis Thompson betting profile: The American Express,Davis Thompson betting profile: The American Express - PGA TOUR,Davis Thompson finished tied for 51st at 11-under in his most recent appearance at The American Express. He'll tee off at Pete Dye Stadium Course Jan. 22-25 wit,,,the-american-express,https://www.pgatour.com/article/news/betting-profile/2026/the-american-express/davis-thompson-pga-tour-betting-stats-the-american-express-2026,"1 Min Read Detailed view of The PGA TOUR flag during the second round of the Korn Ferry Tour Qualifying Tournament at Landings Club-Marshwood Course on November 6, 2022 in Savannah, Georgia. (Andrew Wevers/PGA TOUR) Davis Thompson finished tied for 51st at 11-under in his most recent appearance at The American Express. He'll tee off at Pete Dye Stadium Course Jan. 22-25 with his sights set higher this time around in the 2026 The American Express.",Thompson's recent history at The American Express | At The American Express | Thompson's recent results | Thompson's recent performances | Thompson's Strokes Gained rankings | Thompson's advanced stats and rankings | Scottie Scheffler betting profile: The American Express | Harris English betting profile: The American Express | Sam Ryder betting profile: The American Express | THE TOUR | Partnerships | Quick Links | Shop | Apps,"In Thompson's most recent appearance at The American Express, in 2025, he finished tied for 51st after posting a score of 11-under. | Thompson's best finish at this event came in 2023, when he finished second at 26-under. | Sepp Straka won this tournament in 2025, finishing at 25-under. | Thompson has three top-20 finishes over his last ten appearances. | He had his best finish at the Wyndham Championship, where he finished tied for 11th with a score of 12-under. | Thompson has an average of 0.609 Strokes Gained: Off-the-Tee in his past five tournaments. | He has an average of 0.083 Strokes Gained: Approach the Green in his past five tournaments. | Thompson has averaged 0.695 Strokes Gained: Total in his past five tournaments. | Thompson posted a Strokes Gained: Off-the-Tee average of 0.609 in his past five tournaments, showing strong performance off the tee. | In terms of Strokes Gained: Approach the Green in his past five tournaments, Thompson sported a 0.083 mark. | Around the green, Thompson delivered a 0.018 Strokes Gained: Around-the-Green mark in his past five tournaments, while his Strokes Gained: Putting averaged -0.014. | PGA TOUR","1 Min Read
Detailed view of The PGA TOUR flag during the second round of the Korn Ferry Tour Qualifying Tournament at Landings Club-Marshwood Course on November 6, 2022 in Savannah, Georgia. (Andrew Wevers/PGA TOUR)
Davis Thompson finished tied for 51st at 11-under in his most recent appearance at The American Express. He'll tee off at Pete Dye Stadium Course Jan. 22-25 with his sights set higher this time around in the 2026 The American Express.
All stats in this article are accurate for Thompson as of the start of The American Express.
Responsible sports betting starts with a game plan. Set a budget. Keep it social. Play with friends. Learn the game and know the odds. Play with trusted, licensed operators. CLICK HERE to learn more at HaveAGamePlan.org.
Note: Using player performance data from ShotLink powered by CDW, the PGA TOUR has created this story using AWS Gen AI technology. While we strive for accuracy and quality, please note that the information provided may not be entirely error-free.
The American Express
PGA TOUR, PGA TOUR Champions, and the Swinging Golfer design are registered trademarks. The Korn Ferry trademark is also a registered trademark, and is used in the Korn Ferry Tour logo with permission.","1 Min Read

Detailed view of The PGA TOUR flag during the second round of the Korn Ferry Tour Qualifying Tournament at Landings Club-Marshwood Course on November 6, 2022 in Savannah, Georgia. (Andrew Wevers/PGA TOUR)

Davis Thompson finished tied for 51st at 11-under in his most recent appearance at The American Express. He'll tee off at Pete Dye Stadium Course Jan. 22-25 with his sights set higher this time around in the 2026 The American Express.

## Thompson's recent history at The American Express

## At The American Express

- In Thompson's most recent appearance at The American Express, in 2025, he finished tied for 51st after posting a score of 11-under.

- Thompson's best finish at this event came in 2023, when he finished second at 26-under.

- Sepp Straka won this tournament in 2025, finishing at 25-under.

## Thompson's recent results

## Thompson's recent performances

- Thompson has three top-20 finishes over his last ten appearances.

- He had his best finish at the Wyndham Championship, where he finished tied for 11th with a score of 12-under.

- Thompson has an average of 0.609 Strokes Gained: Off-the-Tee in his past five tournaments.

- He has an average of 0.083 Strokes Gained: Approach the Green in his past five tournaments.

- Thompson has averaged 0.695 Strokes Gained: Total in his past five tournaments.

## Thompson's Strokes Gained rankings

## Thompson's advanced stats and rankings

- Thompson posted a Strokes Gained: Off-the-Tee average of 0.609 in his past five tournaments, showing strong performance off the tee.

- In terms of Strokes Gained: Approach the Green in his past five tournaments, Thompson sported a 0.083 mark.

- Around the green, Thompson delivered a 0.018 Strokes Gained: Around-the-Green mark in his past five tournaments, while his Strokes Gained: Putting averaged -0.014.

All stats in this article are accurate for Thompson as of the start of The American Express.

Responsible sports betting starts with a game plan. Set a budget. Keep it social. Play with friends. Learn the game and know the odds. Play with trusted, licensed operators. CLICK HERE to learn more at HaveAGamePlan.org.

Note: Using player performance data from ShotLink powered by CDW, the PGA TOUR has created this story using AWS Gen AI technology. While we strive for accuracy and quality, please note that the information provided may not be entirely error-free.

The American Express

- PGA TOUR

PGA TOUR, PGA TOUR Champions, and the Swinging Golfer design are registered trademarks. The Korn Ferry trademark is also a registered trademark, and is used in the Korn Ferry Tour logo with permission."
Michael Brennan betting profile: The American Express,Michael Brennan betting profile: The American Express - PGA TOUR,Michael Brennan has not competed in The American Express in the last five years. He'll tee off at Pete Dye Stadium Course Jan. 22-25 with an opportunity to make,,,the-american-express,https://www.pgatour.com/article/news/betting-profile/2026/the-american-express/michael-brennan-pga-tour-betting-stats-the-american-express-2026,"1 Min Read Michael Brennan hits his shot on the 11th tee during the second round of Sony Open in Hawaii at Waialae Country Club on January 16, 2026 in Honolulu, Hawaii. (Tracy Wilcox/PGA TOUR via Getty Images) Michael Brennan has not competed in The American Express in the last five years. He'll tee off at Pete Dye Stadium Course Jan. 22-25 with an opportunity to make his mark in the 2026 tournament.",At The American Express | Brennan's recent results | Brennan's recent performances | Brennan's Strokes Gained rankings | Brennan's advanced stats and rankings | Scottie Scheffler betting profile: The American Express | Harris English betting profile: The American Express | Sam Ryder betting profile: The American Express | THE TOUR | Partnerships | Quick Links | Shop | Apps,"This is Brennan's first time competing in The American Express in the past five years. | Sepp Straka won this tournament in 2025, finishing at 25-under. | Brennan has finished in the top 20 twice over his last ten appearances. | He had his best finish at the Bank of Utah Championship, where he finished first with a score of 22-under. | Brennan has an average of 0.492 Strokes Gained: Off-the-Tee in his past five tournaments. | He has an average of 0.019 Strokes Gained: Approach the Green in his past five tournaments. | He has an average of -0.030 Strokes Gained: Around-the-Green in his past five tournaments. | He has an average of 0.187 Strokes Gained: Putting in his past five tournaments. | Brennan has averaged 0.668 Strokes Gained: Total in his past five tournaments. | Brennan posted a Strokes Gained: Off-the-Tee average of 0.734 (14th) this season, while his average Driving Distance of 342.3 yards ranked first on TOUR. | In terms of Strokes Gained: Approach the Green this season, Brennan sported a -1.374 mark that ranked 108th on TOUR. He ranked 85th with a 63.89% Greens in Regulation rate. | On the greens, Brennan delivered a -1.374 Strokes Gained: Putting mark this season, which placed him 106th on TOUR. In addition, he ranked 87th with a Putts Per Round average of 31.00, and he ranked 61st by breaking par 19.44% of the time. | Brennan ranked 112th with a 30.56% Bogey Avoidance rate this season. | PGA TOUR","1 Min Read
Michael Brennan hits his shot on the 11th tee during the second round of Sony Open in Hawaii at Waialae Country Club on January 16, 2026 in Honolulu, Hawaii. (Tracy Wilcox/PGA TOUR via Getty Images)
Michael Brennan has not competed in The American Express in the last five years. He'll tee off at Pete Dye Stadium Course Jan. 22-25 with an opportunity to make his mark in the 2026 tournament.
All stats in this article are accurate for Brennan as of the start of The American Express.
Responsible sports betting starts with a game plan. Set a budget. Keep it social. Play with friends. Learn the game and know the odds. Play with trusted, licensed operators. CLICK HERE to learn more at HaveAGamePlan.org.
Note: Using player performance data from ShotLink powered by CDW, the PGA TOUR has created this story using AWS Gen AI technology. While we strive for accuracy and quality, please note that the information provided may not be entirely error-free.
The American Express
PGA TOUR, PGA TOUR Champions, and the Swinging Golfer design are registered trademarks. The Korn Ferry trademark is also a registered trademark, and is used in the Korn Ferry Tour logo with permission.","1 Min Read

Michael Brennan hits his shot on the 11th tee during the second round of Sony Open in Hawaii at Waialae Country Club on January 16, 2026 in Honolulu, Hawaii. (Tracy Wilcox/PGA TOUR via Getty Images)

Michael Brennan has not competed in The American Express in the last five years. He'll tee off at Pete Dye Stadium Course Jan. 22-25 with an opportunity to make his mark in the 2026 tournament.

## At The American Express

- This is Brennan's first time competing in The American Express in the past five years.

- Sepp Straka won this tournament in 2025, finishing at 25-under.

## Brennan's recent results

## Brennan's recent performances

- Brennan has finished in the top 20 twice over his last ten appearances.

- He had his best finish at the Bank of Utah Championship, where he finished first with a score of 22-under.

- Brennan has an average of 0.492 Strokes Gained: Off-the-Tee in his past five tournaments.

- He has an average of 0.019 Strokes Gained: Approach the Green in his past five tournaments.

- He has an average of -0.030 Strokes Gained: Around-the-Green in his past five tournaments.

- He has an average of 0.187 Strokes Gained: Putting in his past five tournaments.

- Brennan has averaged 0.668 Strokes Gained: Total in his past five tournaments.

## Brennan's Strokes Gained rankings

## Brennan's advanced stats and rankings

- Brennan posted a Strokes Gained: Off-the-Tee average of 0.734 (14th) this season, while his average Driving Distance of 342.3 yards ranked first on TOUR.

- In terms of Strokes Gained: Approach the Green this season, Brennan sported a -1.374 mark that ranked 108th on TOUR. He ranked 85th with a 63.89% Greens in Regulation rate.

- On the greens, Brennan delivered a -1.374 Strokes Gained: Putting mark this season, which placed him 106th on TOUR. In addition, he ranked 87th with a Putts Per Round average of 31.00, and he ranked 61st by breaking par 19.44% of the time.

- Brennan ranked 112th with a 30.56% Bogey Avoidance rate this season.

All stats in this article are accurate for Brennan as of the start of The American Express.

Responsible sports betting starts with a game plan. Set a budget. Keep it social. Play with friends. Learn the game and know the odds. Play with trusted, licensed operators. CLICK HERE to learn more at HaveAGamePlan.org.

Note: Using player performance data from ShotLink powered by CDW, the PGA TOUR has created this story using AWS Gen AI technology. While we strive for accuracy and quality, please note that the information provided may not be entirely error-free.

The American Express

- PGA TOUR

PGA TOUR, PGA TOUR Champions, and the Swinging Golfer design are registered trademarks. The Korn Ferry trademark is also a registered trademark, and is used in the Korn Ferry Tour logo with permission."
Tony Finau betting profile: The American Express,Tony Finau betting profile: The American Express - PGA TOUR,"Tony Finau missed the cut in his most recent appearance at The American Express in 2025, shooting 7-under. He'll tee off at Pete Dye Stadium Course Jan. 22-25 w",,,the-american-express,https://www.pgatour.com/article/news/betting-profile/2026/the-american-express/tony-finau-pga-tour-betting-stats-the-american-express-2026,"1 Min Read Tony Finau of the United States plays his shot from the 11th tee during the second round of the Sony Open in Hawaii 2026 at Waialae Country Club on January 16, 2026 in Honolulu, Hawaii. (Mike Mulholland/Getty Images) Tony Finau missed the cut in his most recent appearance at The American Express in 2025, shooting 7-under. He'll tee off at Pete Dye Stadium Course Jan. 22-25 with his sights set higher this time around in the 2026 American Express.",Finau's recent history at The American Express | At The American Express | Finau's recent results | Finau's recent performances | Finau's Strokes Gained rankings | Finau's advanced stats and rankings | Scottie Scheffler betting profile: The American Express | Harris English betting profile: The American Express | Sam Ryder betting profile: The American Express | THE TOUR | Partnerships | Quick Links | Shop | Apps,"In Finau's most recent appearance at The American Express, in 2025, he missed the cut after posting a score of 7-under. | Finau's best finish at this event came in 2021, when he finished fourth at 19-under. | Sepp Straka won this tournament in 2025, finishing at 25-under. | Finau has finished in the top 20 twice over his last ten appearances. | He had his best finish at the Truist Championship, where he finished tied for 15th with a score of 8-under. | Finau has an average of -0.257 Strokes Gained: Off-the-Tee in his past five tournaments. | He has an average of -0.734 Strokes Gained: Approach the Green in his past five tournaments. | He has an average of 0.001 Strokes Gained: Putting in his past five tournaments. | Finau has averaged -0.959 Strokes Gained: Total in his past five tournaments. | Finau has posted a Strokes Gained: Off-the-Tee average of -0.645 (98th) this season, while his average Driving Distance of 308.3 yards ranks 55th on TOUR. | In terms of Strokes Gained: Approach the Green this season, Finau has a -2.197 mark that ranks 118th on TOUR. He ranks 116th with a 52.78% Greens in Regulation rate. | On the greens, Finau has delivered a -1.057 Strokes Gained: Putting mark this season, which places him 96th on TOUR. In addition, he ranks 60th with a Putts Per Round average of 30.00, and he ranks 109th by breaking par 11.11% of the time. | PGA TOUR","1 Min Read
Tony Finau of the United States plays his shot from the 11th tee during the second round of the Sony Open in Hawaii 2026 at Waialae Country Club on January 16, 2026 in Honolulu, Hawaii. (Mike Mulholland/Getty Images)
Tony Finau missed the cut in his most recent appearance at The American Express in 2025, shooting 7-under. He'll tee off at Pete Dye Stadium Course Jan. 22-25 with his sights set higher this time around in the 2026 American Express.
All stats in this article are accurate for Finau as of the start of The American Express.
Responsible sports betting starts with a game plan. Set a budget. Keep it social. Play with friends. Learn the game and know the odds. Play with trusted, licensed operators. CLICK HERE to learn more at HaveAGamePlan.org.
Note: Using player performance data from ShotLink powered by CDW, the PGA TOUR has created this story using AWS Gen AI technology. While we strive for accuracy and quality, please note that the information provided may not be entirely error-free.
The American Express
PGA TOUR, PGA TOUR Champions, and the Swinging Golfer design are registered trademarks. The Korn Ferry trademark is also a registered trademark, and is used in the Korn Ferry Tour logo with permission.","1 Min Read

Tony Finau of the United States plays his shot from the 11th tee during the second round of the Sony Open in Hawaii 2026 at Waialae Country Club on January 16, 2026 in Honolulu, Hawaii. (Mike Mulholland/Getty Images)

Tony Finau missed the cut in his most recent appearance at The American Express in 2025, shooting 7-under. He'll tee off at Pete Dye Stadium Course Jan. 22-25 with his sights set higher this time around in the 2026 American Express.

## Finau's recent history at The American Express

## At The American Express

- In Finau's most recent appearance at The American Express, in 2025, he missed the cut after posting a score of 7-under.

- Finau's best finish at this event came in 2021, when he finished fourth at 19-under.

- Sepp Straka won this tournament in 2025, finishing at 25-under.

## Finau's recent results

## Finau's recent performances

- Finau has finished in the top 20 twice over his last ten appearances.

- He had his best finish at the Truist Championship, where he finished tied for 15th with a score of 8-under.

- Finau has an average of -0.257 Strokes Gained: Off-the-Tee in his past five tournaments.

- He has an average of -0.734 Strokes Gained: Approach the Green in his past five tournaments.

- He has an average of 0.001 Strokes Gained: Putting in his past five tournaments.

- Finau has averaged -0.959 Strokes Gained: Total in his past five tournaments.

## Finau's Strokes Gained rankings

## Finau's advanced stats and rankings

- Finau has posted a Strokes Gained: Off-the-Tee average of -0.645 (98th) this season, while his average Driving Distance of 308.3 yards ranks 55th on TOUR.

- In terms of Strokes Gained: Approach the Green this season, Finau has a -2.197 mark that ranks 118th on TOUR. He ranks 116th with a 52.78% Greens in Regulation rate.

- On the greens, Finau has delivered a -1.057 Strokes Gained: Putting mark this season, which places him 96th on TOUR. In addition, he ranks 60th with a Putts Per Round average of 30.00, and he ranks 109th by breaking par 11.11% of the time.

All stats in this article are accurate for Finau as of the start of The American Express.

Responsible sports betting starts with a game plan. Set a budget. Keep it social. Play with friends. Learn the game and know the odds. Play with trusted, licensed operators. CLICK HERE to learn more at HaveAGamePlan.org.

Note: Using player performance data from ShotLink powered by CDW, the PGA TOUR has created this story using AWS Gen AI technology. While we strive for accuracy and quality, please note that the information provided may not be entirely error-free.

The American Express

- PGA TOUR

PGA TOUR, PGA TOUR Champions, and the Swinging Golfer design are registered trademarks. The Korn Ferry trademark is also a registered trademark, and is used in the Korn Ferry Tour logo with permission."
Michael Block betting profile: The American Express,Michael Block betting profile: The American Express - PGA TOUR,"Michael Block has missed the cut in his three previous appearances at The American Express, most recently posting a 6-under total in 2024. He'll tee off at Pete",,,the-american-express,https://www.pgatour.com/article/news/betting-profile/2026/the-american-express/michael-block-pga-tour-betting-stats-the-american-express-2026,"1 Min Read Michael Block of the United States plays his shot from the sixth tee during the first round of the Charles Schwab Challenge 2025 at Colonial Country Club on May 22, 2025 in Fort Worth, Texas. (Sam Hodde/Getty Images) Michael Block has missed the cut in his three previous appearances at The American Express, most recently posting a 6-under total in 2024. He'll tee off at Pete Dye Stadium Course Jan. 22-25 looking to make his first cut at this La Quinta, California event.",Block's recent history at The American Express | At The American Express | Block's recent results | Block's recent performances | Block's Strokes Gained rankings | Block's advanced stats and rankings | Scottie Scheffler betting profile: The American Express | Harris English betting profile: The American Express | Sam Ryder betting profile: The American Express | THE TOUR | Partnerships | Quick Links | Shop | Apps,"In Block's most recent appearance at The American Express, in 2024, he missed the cut after posting a score of 6-under. | Sepp Straka won this tournament in 2025, finishing at 25-under. | Block's best finish over his last ten appearances was a missed cut at the Charles Schwab Challenge, where he posted a score of 3-over. | Block has an average of -0.813 Strokes Gained: Off-the-Tee in his past five tournaments. | He has an average of -0.715 Strokes Gained: Approach the Green in his past five tournaments. | Block has averaged -2.949 Strokes Gained: Total in his past five tournaments. | Block posted an average of -0.813 Strokes Gained: Off-the-Tee in his past five tournaments. | In terms of Strokes Gained: Approach the Green, Block averaged -0.715 in his past five tournaments. | On the greens, Block delivered a -0.316 Strokes Gained: Putting mark in his past five tournaments. | PGA TOUR","1 Min Read
Michael Block of the United States plays his shot from the sixth tee during the first round of the Charles Schwab Challenge 2025 at Colonial Country Club on May 22, 2025 in Fort Worth, Texas. (Sam Hodde/Getty Images)
Michael Block has missed the cut in his three previous appearances at The American Express, most recently posting a 6-under total in 2024. He'll tee off at Pete Dye Stadium Course Jan. 22-25 looking to make his first cut at this La Quinta, California event.
All stats in this article are accurate for Block as of the start of The American Express.
Responsible sports betting starts with a game plan. Set a budget. Keep it social. Play with friends. Learn the game and know the odds. Play with trusted, licensed operators. CLICK HERE to learn more at HaveAGamePlan.org.
Note: Using player performance data from ShotLink powered by CDW, the PGA TOUR has created this story using AWS Gen AI technology. While we strive for accuracy and quality, please note that the information provided may not be entirely error-free.
The American Express
PGA TOUR, PGA TOUR Champions, and the Swinging Golfer design are registered trademarks. The Korn Ferry trademark is also a registered trademark, and is used in the Korn Ferry Tour logo with permission.","1 Min Read

Michael Block of the United States plays his shot from the sixth tee during the first round of the Charles Schwab Challenge 2025 at Colonial Country Club on May 22, 2025 in Fort Worth, Texas. (Sam Hodde/Getty Images)

Michael Block has missed the cut in his three previous appearances at The American Express, most recently posting a 6-under total in 2024. He'll tee off at Pete Dye Stadium Course Jan. 22-25 looking to make his first cut at this La Quinta, California event.

## Block's recent history at The American Express

## At The American Express

- In Block's most recent appearance at The American Express, in 2024, he missed the cut after posting a score of 6-under.

- Sepp Straka won this tournament in 2025, finishing at 25-under.

## Block's recent results

## Block's recent performances

- Block's best finish over his last ten appearances was a missed cut at the Charles Schwab Challenge, where he posted a score of 3-over.

- Block has an average of -0.813 Strokes Gained: Off-the-Tee in his past five tournaments.

- He has an average of -0.715 Strokes Gained: Approach the Green in his past five tournaments.

- Block has averaged -2.949 Strokes Gained: Total in his past five tournaments.

## Block's Strokes Gained rankings

## Block's advanced stats and rankings

- Block posted an average of -0.813 Strokes Gained: Off-the-Tee in his past five tournaments.

- In terms of Strokes Gained: Approach the Green, Block averaged -0.715 in his past five tournaments.

- On the greens, Block delivered a -0.316 Strokes Gained: Putting mark in his past five tournaments.

All stats in this article are accurate for Block as of the start of The American Express.

Responsible sports betting starts with a game plan. Set a budget. Keep it social. Play with friends. Learn the game and know the odds. Play with trusted, licensed operators. CLICK HERE to learn more at HaveAGamePlan.org.

Note: Using player performance data from ShotLink powered by CDW, the PGA TOUR has created this story using AWS Gen AI technology. While we strive for accuracy and quality, please note that the information provided may not be entirely error-free.

The American Express

- PGA TOUR

PGA TOUR, PGA TOUR Champions, and the Swinging Golfer design are registered trademarks. The Korn Ferry trademark is also a registered trademark, and is used in the Korn Ferry Tour logo with permission."
John Parry betting profile: The American Express,John Parry betting profile: The American Express - PGA TOUR,"John Parry returns to The American Express, set to tee off at Pete Dye Stadium Course from Jan. 22-25, 2026. Parry has not competed in the tournament in the las",,,the-american-express,https://www.pgatour.com/article/news/betting-profile/2026/the-american-express/john-parry-pga-tour-betting-stats-the-american-express-2026,"1 Min Read John Parry of England watches his tee shot on the first hole during the final round of Sony Open in Hawaii at Waialae Country Club on January 18, 2026 in Honolulu, Hawaii. (Tracy Wilcox/PGA TOUR via Getty Images) All stats in this article are accurate for Parry as of the start of The American Express.",At The American Express | Parry's recent results | Parry's recent performances | Parry's Strokes Gained rankings | Parry's advanced stats and rankings | Scottie Scheffler betting profile: The American Express | Harris English betting profile: The American Express | Sam Ryder betting profile: The American Express | THE TOUR | Partnerships | Quick Links | Shop | Apps,"Parry has not competed in The American Express in the past five years. | Sepp Straka won this tournament in 2025, finishing at 25-under. | Parry has finished in the top 20 twice over his last ten appearances. | He had his best finish at The Open Championship, where he finished tied for 16th with a score of 7-under. | Parry has an average of 0.051 Strokes Gained: Off-the-Tee in his past five tournaments. | He has an average of 0.242 Strokes Gained: Approach the Green in his past five tournaments. | Parry has averaged -0.348 Strokes Gained: Total in his past five tournaments. | Parry posted a Strokes Gained: Off-the-Tee average of 0.465 (31st) this season, while his average Driving Distance of 292.4 yards ranked 104th on TOUR. | In terms of Strokes Gained: Approach the Green this season, Parry sported a -0.421 mark that ranked 78th on TOUR. He ranked sixth with a 79.17% Greens in Regulation rate. | On the greens, Parry delivered a 1.263 Strokes Gained: Putting mark this season, which placed him ninth on TOUR. In addition, he ranked 69th with a Putts Per Round average of 30.50, and he ranked 37th by breaking par 22.22% of the time. | Parry has earned 43 FedExCup Regular Season points this season, which ranks 19th on TOUR. His Bogey Avoidance rate of 11.11% ranks 10th on TOUR. | PGA TOUR","1 Min Read
John Parry of England watches his tee shot on the first hole during the final round of Sony Open in Hawaii at Waialae Country Club on January 18, 2026 in Honolulu, Hawaii. (Tracy Wilcox/PGA TOUR via Getty Images)
All stats in this article are accurate for Parry as of the start of The American Express.
Responsible sports betting starts with a game plan. Set a budget. Keep it social. Play with friends. Learn the game and know the odds. Play with trusted, licensed operators. CLICK HERE to learn more at HaveAGamePlan.org.
Note: Using player performance data from ShotLink powered by CDW, the PGA TOUR has created this story using AWS Gen AI technology. While we strive for accuracy and quality, please note that the information provided may not be entirely error-free.
The American Express
PGA TOUR, PGA TOUR Champions, and the Swinging Golfer design are registered trademarks. The Korn Ferry trademark is also a registered trademark, and is used in the Korn Ferry Tour logo with permission.","1 Min Read

John Parry of England watches his tee shot on the first hole during the final round of Sony Open in Hawaii at Waialae Country Club on January 18, 2026 in Honolulu, Hawaii. (Tracy Wilcox/PGA TOUR via Getty Images)

## At The American Express

- Parry has not competed in The American Express in the past five years.

- Sepp Straka won this tournament in 2025, finishing at 25-under.

## Parry's recent results

## Parry's recent performances

- Parry has finished in the top 20 twice over his last ten appearances.

- He had his best finish at The Open Championship, where he finished tied for 16th with a score of 7-under.

- Parry has an average of 0.051 Strokes Gained: Off-the-Tee in his past five tournaments.

- He has an average of 0.242 Strokes Gained: Approach the Green in his past five tournaments.

- Parry has averaged -0.348 Strokes Gained: Total in his past five tournaments.

## Parry's Strokes Gained rankings

## Parry's advanced stats and rankings

- Parry posted a Strokes Gained: Off-the-Tee average of 0.465 (31st) this season, while his average Driving Distance of 292.4 yards ranked 104th on TOUR.

- In terms of Strokes Gained: Approach the Green this season, Parry sported a -0.421 mark that ranked 78th on TOUR. He ranked sixth with a 79.17% Greens in Regulation rate.

- On the greens, Parry delivered a 1.263 Strokes Gained: Putting mark this season, which placed him ninth on TOUR. In addition, he ranked 69th with a Putts Per Round average of 30.50, and he ranked 37th by breaking par 22.22% of the time.

- Parry has earned 43 FedExCup Regular Season points this season, which ranks 19th on TOUR. His Bogey Avoidance rate of 11.11% ranks 10th on TOUR.

All stats in this article are accurate for Parry as of the start of The American Express.

Responsible sports betting starts with a game plan. Set a budget. Keep it social. Play with friends. Learn the game and know the odds. Play with trusted, licensed operators. CLICK HERE to learn more at HaveAGamePlan.org.

Note: Using player performance data from ShotLink powered by CDW, the PGA TOUR has created this story using AWS Gen AI technology. While we strive for accuracy and quality, please note that the information provided may not be entirely error-free.

The American Express

- PGA TOUR

PGA TOUR, PGA TOUR Champions, and the Swinging Golfer design are registered trademarks. The Korn Ferry trademark is also a registered trademark, and is used in the Korn Ferry Tour logo with permission."
Chan Kim betting profile: The American Express,Chan Kim betting profile: The American Express - PGA TOUR,Chan Kim missed the cut at 6-under the last time he played in this tournament. He'll tee off at Pete Dye Stadium Course Jan. 22-25 with hopes of improving upon,,,the-american-express,https://www.pgatour.com/article/news/betting-profile/2026/the-american-express/chan-kim-pga-tour-betting-stats-the-american-express-2026,"1 Min Read Detailed view of The PGA TOUR flag during the second round of the Korn Ferry Tour Qualifying Tournament at Landings Club-Marshwood Course on November 6, 2022 in Savannah, Georgia. (Andrew Wevers/PGA TOUR) Chan Kim missed the cut at 6-under the last time he played in this tournament. He'll tee off at Pete Dye Stadium Course Jan. 22-25 with hopes of improving upon his recent form at The American Express.",Kim's recent history at The American Express | At The American Express | Kim's recent results | Kim's recent performances | Kim's Strokes Gained rankings | Kim's advanced stats and rankings | Scottie Scheffler betting profile: The American Express | Harris English betting profile: The American Express | Sam Ryder betting profile: The American Express | THE TOUR | Partnerships | Quick Links | Shop | Apps,"In Kim's most recent appearance at The American Express, in 2025, he missed the cut after posting a score of 6-under. | Kim's best finish at this event came in 2024, when he finished tied for 14th at 22-under. | Sepp Straka won this tournament in 2025, finishing at 25-under. | Kim's best finish over his last ten appearances came at the Butterfield Bermuda Championship, where he finished tied for 22nd with a score of 3-under. | Kim has an average of 0.083 Strokes Gained: Off-the-Tee in his past five tournaments. | He has an average of 0.069 Strokes Gained: Approach the Green in his past five tournaments. | Kim has an average of 0.093 Strokes Gained: Around-the-Green in his past five tournaments. | He has an average of -0.361 Strokes Gained: Putting in his past five tournaments. | Kim has averaged -0.116 Strokes Gained: Total in his past five tournaments. | Kim averaged 0.083 Strokes Gained: Off-the-Tee in his past five tournaments, showing solid performance from the tee. | In terms of Strokes Gained: Approach the Green, Kim posted a 0.069 average in his past five tournaments. | Around the green, Kim delivered a 0.093 Strokes Gained: Around-the-Green mark in his past five tournaments. | On the greens, Kim struggled with a -0.361 Strokes Gained: Putting average in his past five tournaments. | PGA TOUR","1 Min Read
Detailed view of The PGA TOUR flag during the second round of the Korn Ferry Tour Qualifying Tournament at Landings Club-Marshwood Course on November 6, 2022 in Savannah, Georgia. (Andrew Wevers/PGA TOUR)
Chan Kim missed the cut at 6-under the last time he played in this tournament. He'll tee off at Pete Dye Stadium Course Jan. 22-25 with hopes of improving upon his recent form at The American Express.
All stats in this article are accurate for Kim as of the start of The American Express.
Responsible sports betting starts with a game plan. Set a budget. Keep it social. Play with friends. Learn the game and know the odds. Play with trusted, licensed operators. CLICK HERE to learn more at HaveAGamePlan.org.
Note: Using player performance data from ShotLink powered by CDW, the PGA TOUR has created this story using AWS Gen AI technology. While we strive for accuracy and quality, please note that the information provided may not be entirely error-free.
The American Express
PGA TOUR, PGA TOUR Champions, and the Swinging Golfer design are registered trademarks. The Korn Ferry trademark is also a registered trademark, and is used in the Korn Ferry Tour logo with permission.","1 Min Read

Detailed view of The PGA TOUR flag during the second round of the Korn Ferry Tour Qualifying Tournament at Landings Club-Marshwood Course on November 6, 2022 in Savannah, Georgia. (Andrew Wevers/PGA TOUR)

Chan Kim missed the cut at 6-under the last time he played in this tournament. He'll tee off at Pete Dye Stadium Course Jan. 22-25 with hopes of improving upon his recent form at The American Express.

## Kim's recent history at The American Express

## At The American Express

- In Kim's most recent appearance at The American Express, in 2025, he missed the cut after posting a score of 6-under.

- Kim's best finish at this event came in 2024, when he finished tied for 14th at 22-under.

- Sepp Straka won this tournament in 2025, finishing at 25-under.

## Kim's recent results

## Kim's recent performances

- Kim's best finish over his last ten appearances came at the Butterfield Bermuda Championship, where he finished tied for 22nd with a score of 3-under.

- Kim has an average of 0.083 Strokes Gained: Off-the-Tee in his past five tournaments.

- He has an average of 0.069 Strokes Gained: Approach the Green in his past five tournaments.

- Kim has an average of 0.093 Strokes Gained: Around-the-Green in his past five tournaments.

- He has an average of -0.361 Strokes Gained: Putting in his past five tournaments.

- Kim has averaged -0.116 Strokes Gained: Total in his past five tournaments.

## Kim's Strokes Gained rankings

## Kim's advanced stats and rankings

- Kim averaged 0.083 Strokes Gained: Off-the-Tee in his past five tournaments, showing solid performance from the tee.

- In terms of Strokes Gained: Approach the Green, Kim posted a 0.069 average in his past five tournaments.

- Around the green, Kim delivered a 0.093 Strokes Gained: Around-the-Green mark in his past five tournaments.

- On the greens, Kim struggled with a -0.361 Strokes Gained: Putting average in his past five tournaments.

All stats in this article are accurate for Kim as of the start of The American Express.

Responsible sports betting starts with a game plan. Set a budget. Keep it social. Play with friends. Learn the game and know the odds. Play with trusted, licensed operators. CLICK HERE to learn more at HaveAGamePlan.org.

Note: Using player performance data from ShotLink powered by CDW, the PGA TOUR has created this story using AWS Gen AI technology. While we strive for accuracy and quality, please note that the information provided may not be entirely error-free.

The American Express

- PGA TOUR

PGA TOUR, PGA TOUR Champions, and the Swinging Golfer design are registered trademarks. The Korn Ferry trademark is also a registered trademark, and is used in the Korn Ferry Tour logo with permission."
Marcelo Rozo betting profile: The American Express,Marcelo Rozo betting profile: The American Express - PGA TOUR,Marcelo Rozo has not competed in The American Express in the last five years. He'll tee off at Pete Dye Stadium Course Jan. 22-25 with hopes of making his mark,,,the-american-express,https://www.pgatour.com/article/news/betting-profile/2026/the-american-express/marcelo-rozo-pga-tour-betting-stats-the-american-express-2026,"1 Min Read Marcelo Rozo of Colombia plays a shot from the 11th tee during the third round of PGA TOUR Q-School presented by Korn Ferry on the Dye's Valley Course at TPC Sawgrass on December 13, 2025 in Ponte Vedra Beach, Florida. (James Gilbert/Getty Images) Marcelo Rozo has not competed in The American Express in the last five years. He'll tee off at Pete Dye Stadium Course Jan. 22-25 with hopes of making his mark in the 2026 tournament.",At The American Express | Rozo's recent results | Rozo's recent performances | Rozo's Strokes Gained rankings | Rozo's advanced stats and rankings | Scottie Scheffler betting profile: The American Express | Harris English betting profile: The American Express | Sam Ryder betting profile: The American Express | THE TOUR | Partnerships | Quick Links | Shop | Apps,"This is Rozo's first time competing in The American Express in the past five years. | Sepp Straka won this tournament in 2025, finishing at 25-under. | Rozo's best finish over his last ten appearances was a missed cut at the Sony Open in Hawaii at eight-over. | Rozo has an average of -0.118 Strokes Gained: Off-the-Tee in his past five tournaments. | He has an average of -0.113 Strokes Gained: Approach the Green in his past five tournaments. | Rozo has averaged -0.240 Strokes Gained: Total in his past five tournaments. | Rozo has posted a Strokes Gained: Off-the-Tee average of -1.525 (117th) this season, while his average Driving Distance of 290.8 yards ranks 108th on TOUR. | In terms of Strokes Gained: Approach the Green this season, Rozo sports a 0.827 mark that ranks 19th on TOUR. He ranks 49th with a 69.44% Greens in Regulation rate. | On the greens, Rozo has delivered a -2.770 Strokes Gained: Putting mark this season, which places him 119th on TOUR. In addition, he ranks 119th with a Putts Per Round average of 34.00, and he ranks 96th by breaking par 13.89% of the time. | PGA TOUR","1 Min Read
Marcelo Rozo of Colombia plays a shot from the 11th tee during the third round of PGA TOUR Q-School presented by Korn Ferry on the Dye's Valley Course at TPC Sawgrass on December 13, 2025 in Ponte Vedra Beach, Florida. (James Gilbert/Getty Images)
Marcelo Rozo has not competed in The American Express in the last five years. He'll tee off at Pete Dye Stadium Course Jan. 22-25 with hopes of making his mark in the 2026 tournament.
All stats in this article are accurate for Rozo as of the start of The American Express.
Responsible sports betting starts with a game plan. Set a budget. Keep it social. Play with friends. Learn the game and know the odds. Play with trusted, licensed operators. CLICK HERE to learn more at HaveAGamePlan.org.
Note: Using player performance data from ShotLink powered by CDW, the PGA TOUR has created this story using AWS Gen AI technology. While we strive for accuracy and quality, please note that the information provided may not be entirely error-free.
The American Express
PGA TOUR, PGA TOUR Champions, and the Swinging Golfer design are registered trademarks. The Korn Ferry trademark is also a registered trademark, and is used in the Korn Ferry Tour logo with permission.","1 Min Read

Marcelo Rozo of Colombia plays a shot from the 11th tee during the third round of PGA TOUR Q-School presented by Korn Ferry on the Dye's Valley Course at TPC Sawgrass on December 13, 2025 in Ponte Vedra Beach, Florida. (James Gilbert/Getty Images)

Marcelo Rozo has not competed in The American Express in the last five years. He'll tee off at Pete Dye Stadium Course Jan. 22-25 with hopes of making his mark in the 2026 tournament.

## At The American Express

- This is Rozo's first time competing in The American Express in the past five years.

- Sepp Straka won this tournament in 2025, finishing at 25-under.

## Rozo's recent results

## Rozo's recent performances

- Rozo's best finish over his last ten appearances was a missed cut at the Sony Open in Hawaii at eight-over.

- Rozo has an average of -0.118 Strokes Gained: Off-the-Tee in his past five tournaments.

- He has an average of -0.113 Strokes Gained: Approach the Green in his past five tournaments.

- Rozo has averaged -0.240 Strokes Gained: Total in his past five tournaments.

## Rozo's Strokes Gained rankings

## Rozo's advanced stats and rankings

- Rozo has posted a Strokes Gained: Off-the-Tee average of -1.525 (117th) this season, while his average Driving Distance of 290.8 yards ranks 108th on TOUR.

- In terms of Strokes Gained: Approach the Green this season, Rozo sports a 0.827 mark that ranks 19th on TOUR. He ranks 49th with a 69.44% Greens in Regulation rate.

- On the greens, Rozo has delivered a -2.770 Strokes Gained: Putting mark this season, which places him 119th on TOUR. In addition, he ranks 119th with a Putts Per Round average of 34.00, and he ranks 96th by breaking par 13.89% of the time.

All stats in this article are accurate for Rozo as of the start of The American Express.

Responsible sports betting starts with a game plan. Set a budget. Keep it social. Play with friends. Learn the game and know the odds. Play with trusted, licensed operators. CLICK HERE to learn more at HaveAGamePlan.org.

Note: Using player performance data from ShotLink powered by CDW, the PGA TOUR has created this story using AWS Gen AI technology. While we strive for accuracy and quality, please note that the information provided may not be entirely error-free.

The American Express

- PGA TOUR

PGA TOUR, PGA TOUR Champions, and the Swinging Golfer design are registered trademarks. The Korn Ferry trademark is also a registered trademark, and is used in the Korn Ferry Tour logo with permission."
Frankie Capan III betting profile: The American Express,Frankie Capan III betting profile: The American Express - PGA TOUR,Frankie Capan III finished tied for 12th at 17-under the last time he played in this tournament. He'll tee off at Pete Dye Stadium Course Jan. 22-25 with his si,,,the-american-express,https://www.pgatour.com/article/news/betting-profile/2026/the-american-express/frankie-capan-iii-pga-tour-betting-stats-the-american-express-2026,"1 Min Read Frankie Capan III of the United States plays his shot from the fourth tee during the first round of The Bahamas Golf Classic at Atlantis Paradise Island 2026 at Ocean Club Golf Course on January 11, 2026 in Paradise Island, Bahamas. (Johnnie Izquierdo/Getty Images) Frankie Capan III finished tied for 12th at 17-under the last time he played in this tournament. He'll tee off at Pete Dye Stadium Course Jan. 22-25 with his sights set higher this time around in the 2026 American Express.",Capan III's recent history at The American Express | At The American Express | Capan III's recent results | Capan III's recent performances | Capan III's Strokes Gained rankings | Capan III's advanced stats and rankings | Scottie Scheffler betting profile: The American Express | Harris English betting profile: The American Express | Sam Ryder betting profile: The American Express | THE TOUR | Partnerships | Quick Links | Shop | Apps,"In Capan III's most recent appearance at The American Express, in 2025, he finished tied for 12th after posting a score of 17-under. | Sepp Straka won this tournament in 2025, finishing at 25-under. | Capan III has finished in the top five once and in the top 10 twice over his last ten appearances. | He had his best finish at the Butterfield Bermuda Championship, where he finished tied for third with a score of 10-under. | Capan III has an average of -0.478 Strokes Gained: Off-the-Tee in his past five tournaments. | He has an average of 0.001 Strokes Gained: Approach the Green in his past five tournaments. | Capan III has averaged -0.512 Strokes Gained: Total in his past five tournaments. | Capan III averaged -0.478 Strokes Gained: Off-the-Tee in his past five tournaments. | He posted a 0.001 average for Strokes Gained: Approach the Green in his past five tournaments. | Around the greens, Capan III delivered a 0.128 Strokes Gained: Around-the-Green mark in his past five tournaments, while his Strokes Gained: Putting averaged -0.164 over that same span. | PGA TOUR","1 Min Read
Frankie Capan III of the United States plays his shot from the fourth tee during the first round of The Bahamas Golf Classic at Atlantis Paradise Island 2026 at Ocean Club Golf Course on January 11, 2026 in Paradise Island, Bahamas. (Johnnie Izquierdo/Getty Images)
Frankie Capan III finished tied for 12th at 17-under the last time he played in this tournament. He'll tee off at Pete Dye Stadium Course Jan. 22-25 with his sights set higher this time around in the 2026 American Express.
All stats in this article are accurate for Capan III as of the start of The American Express.
Responsible sports betting starts with a game plan. Set a budget. Keep it social. Play with friends. Learn the game and know the odds. Play with trusted, licensed operators. CLICK HERE to learn more at HaveAGamePlan.org.
Note: Using player performance data from ShotLink powered by CDW, the PGA TOUR has created this story using AWS Gen AI technology. While we strive for accuracy and quality, please note that the information provided may not be entirely error-free.
The American Express
PGA TOUR, PGA TOUR Champions, and the Swinging Golfer design are registered trademarks. The Korn Ferry trademark is also a registered trademark, and is used in the Korn Ferry Tour logo with permission.","1 Min Read

Frankie Capan III of the United States plays his shot from the fourth tee during the first round of The Bahamas Golf Classic at Atlantis Paradise Island 2026 at Ocean Club Golf Course on January 11, 2026 in Paradise Island, Bahamas. (Johnnie Izquierdo/Getty Images)

Frankie Capan III finished tied for 12th at 17-under the last time he played in this tournament. He'll tee off at Pete Dye Stadium Course Jan. 22-25 with his sights set higher this time around in the 2026 American Express.

## Capan III's recent history at The American Express

## At The American Express

- In Capan III's most recent appearance at The American Express, in 2025, he finished tied for 12th after posting a score of 17-under.

- Sepp Straka won this tournament in 2025, finishing at 25-under.

## Capan III's recent results

## Capan III's recent performances

- Capan III has finished in the top five once and in the top 10 twice over his last ten appearances.

- He had his best finish at the Butterfield Bermuda Championship, where he finished tied for third with a score of 10-under.

- Capan III has an average of -0.478 Strokes Gained: Off-the-Tee in his past five tournaments.

- He has an average of 0.001 Strokes Gained: Approach the Green in his past five tournaments.

- Capan III has averaged -0.512 Strokes Gained: Total in his past five tournaments.

## Capan III's Strokes Gained rankings

## Capan III's advanced stats and rankings

- Capan III averaged -0.478 Strokes Gained: Off-the-Tee in his past five tournaments.

- He posted a 0.001 average for Strokes Gained: Approach the Green in his past five tournaments.

- Around the greens, Capan III delivered a 0.128 Strokes Gained: Around-the-Green mark in his past five tournaments, while his Strokes Gained: Putting averaged -0.164 over that same span.

All stats in this article are accurate for Capan III as of the start of The American Express.

Responsible sports betting starts with a game plan. Set a budget. Keep it social. Play with friends. Learn the game and know the odds. Play with trusted, licensed operators. CLICK HERE to learn more at HaveAGamePlan.org.

Note: Using player performance data from ShotLink powered by CDW, the PGA TOUR has created this story using AWS Gen AI technology. While we strive for accuracy and quality, please note that the information provided may not be entirely error-free.

The American Express

- PGA TOUR

PGA TOUR, PGA TOUR Champions, and the Swinging Golfer design are registered trademarks. The Korn Ferry trademark is also a registered trademark, and is used in the Korn Ferry Tour logo with permission."
Max Greyserman betting profile: The American Express,Max Greyserman betting profile: The American Express - PGA TOUR,Max Greyserman finished tied for seventh at 19-under in his most recent appearance at this tournament in 2025. He'll tee off at Pete Dye Stadium Course Jan. 22-,,,the-american-express,https://www.pgatour.com/article/news/betting-profile/2026/the-american-express/max-greyserman-pga-tour-betting-stats-the-american-express-2026,"1 Min Read Max Greyserman of the United States lines up a putt on the 17th green during the final round of the Baycurrent Classic Presented by LEXUS at Yokohama Country Club on October 12, 2025 in Yokohama, Kanagawa, Japan. (Yoshimasa Nakano/Getty Images) Max Greyserman finished tied for seventh at 19-under in his most recent appearance at this tournament in 2025. He'll tee off at Pete Dye Stadium Course Jan. 22-25 with his sights set on improving upon that strong showing in the 2026 American Express.",Greyserman's recent history at The American Express | At The American Express | Greyserman's recent results | Greyserman's recent performances | Greyserman's Strokes Gained rankings | Greyserman's advanced stats and rankings | Scottie Scheffler betting profile: The American Express | Harris English betting profile: The American Express | Sam Ryder betting profile: The American Express | THE TOUR | Partnerships | Quick Links | Shop | Apps,"In Greyserman's most recent appearance at The American Express, in 2025, he finished tied for seventh after posting a score of 19-under. | Sepp Straka won this tournament in 2025, finishing at 25-under. | Greyserman has finished in the top five twice over his last ten appearances. | He had his best finish at the Baycurrent Classic, where he finished second with a score of 18-under. | Greyserman has an average of -0.321 Strokes Gained: Off-the-Tee in his past five tournaments. | He has an average of 0.268 Strokes Gained: Approach the Green in his past five tournaments. | He has an average of 0.442 Strokes Gained: Putting in his past five tournaments. | Greyserman has averaged 0.291 Strokes Gained: Total in his past five tournaments. | Greyserman posted a Strokes Gained: Off-the-Tee average of -0.321 in his past five tournaments, indicating room for improvement off the tee. | In terms of Strokes Gained: Approach the Green in his past five starts, Greyserman recorded a positive 0.268 mark showing solid iron play. | On the greens, Greyserman delivered a strong 0.442 Strokes Gained: Putting mark in his past five tournaments, highlighting putting as a strength in his recent performances. | PGA TOUR","1 Min Read
Max Greyserman of the United States lines up a putt on the 17th green during the final round of the Baycurrent Classic Presented by LEXUS at Yokohama Country Club on October 12, 2025 in Yokohama, Kanagawa, Japan. (Yoshimasa Nakano/Getty Images)
Max Greyserman finished tied for seventh at 19-under in his most recent appearance at this tournament in 2025. He'll tee off at Pete Dye Stadium Course Jan. 22-25 with his sights set on improving upon that strong showing in the 2026 American Express.
All stats in this article are accurate for Greyserman as of the start of The American Express.
Responsible sports betting starts with a game plan. Set a budget. Keep it social. Play with friends. Learn the game and know the odds. Play with trusted, licensed operators. CLICK HERE to learn more at HaveAGamePlan.org.
Note: Using player performance data from ShotLink powered by CDW, the PGA TOUR has created this story using AWS Gen AI technology. While we strive for accuracy and quality, please note that the information provided may not be entirely error-free.
The American Express
PGA TOUR, PGA TOUR Champions, and the Swinging Golfer design are registered trademarks. The Korn Ferry trademark is also a registered trademark, and is used in the Korn Ferry Tour logo with permission.","1 Min Read

Max Greyserman of the United States lines up a putt on the 17th green during the final round of the Baycurrent Classic Presented by LEXUS at Yokohama Country Club on October 12, 2025 in Yokohama, Kanagawa, Japan. (Yoshimasa Nakano/Getty Images)

Max Greyserman finished tied for seventh at 19-under in his most recent appearance at this tournament in 2025. He'll tee off at Pete Dye Stadium Course Jan. 22-25 with his sights set on improving upon that strong showing in the 2026 American Express.

## Greyserman's recent history at The American Express

## At The American Express

- In Greyserman's most recent appearance at The American Express, in 2025, he finished tied for seventh after posting a score of 19-under.

- Sepp Straka won this tournament in 2025, finishing at 25-under.

## Greyserman's recent results

## Greyserman's recent performances

- Greyserman has finished in the top five twice over his last ten appearances.

- He had his best finish at the Baycurrent Classic, where he finished second with a score of 18-under.

- Greyserman has an average of -0.321 Strokes Gained: Off-the-Tee in his past five tournaments.

- He has an average of 0.268 Strokes Gained: Approach the Green in his past five tournaments.

- He has an average of 0.442 Strokes Gained: Putting in his past five tournaments.

- Greyserman has averaged 0.291 Strokes Gained: Total in his past five tournaments.

## Greyserman's Strokes Gained rankings

## Greyserman's advanced stats and rankings

- Greyserman posted a Strokes Gained: Off-the-Tee average of -0.321 in his past five tournaments, indicating room for improvement off the tee.

- In terms of Strokes Gained: Approach the Green in his past five starts, Greyserman recorded a positive 0.268 mark showing solid iron play.

- On the greens, Greyserman delivered a strong 0.442 Strokes Gained: Putting mark in his past five tournaments, highlighting putting as a strength in his recent performances.

All stats in this article are accurate for Greyserman as of the start of The American Express.

Responsible sports betting starts with a game plan. Set a budget. Keep it social. Play with friends. Learn the game and know the odds. Play with trusted, licensed operators. CLICK HERE to learn more at HaveAGamePlan.org.

Note: Using player performance data from ShotLink powered by CDW, the PGA TOUR has created this story using AWS Gen AI technology. While we strive for accuracy and quality, please note that the information provided may not be entirely error-free.

The American Express

- PGA TOUR

PGA TOUR, PGA TOUR Champions, and the Swinging Golfer design are registered trademarks. The Korn Ferry trademark is also a registered trademark, and is used in the Korn Ferry Tour logo with permission."
Alejandro Tosti betting profile: The American Express,Alejandro Tosti betting profile: The American Express - PGA TOUR,Alejandro Tosti finished tied for 58th at 10-under in his most recent appearance at this tournament. He'll tee off at Pete Dye Stadium Course Jan. 22-25 with ho,,,the-american-express,https://www.pgatour.com/article/news/betting-profile/2026/the-american-express/alejandro-tosti-pga-tour-betting-stats-the-american-express-2026,"1 Min Read Alejandro Tosti of Argentina lines up a putt on the tenth green during the first round of the Sony Open in Hawaii 2026 at Waialae Country Club on January 15, 2026 in Honolulu, Hawaii. (Cliff Hawkins/Getty Images) Alejandro Tosti finished tied for 58th at 10-under in his most recent appearance at this tournament. He'll tee off at Pete Dye Stadium Course Jan. 22-25 with hopes of improving upon his past performances at The American Express.",Tosti's recent history at The American Express | At The American Express | Tosti's recent results | Tosti's recent performances | Tosti's Strokes Gained rankings | Tosti's advanced stats and rankings | Scottie Scheffler betting profile: The American Express | Harris English betting profile: The American Express | Sam Ryder betting profile: The American Express | THE TOUR | Partnerships | Quick Links | Shop | Apps,"In Tosti's most recent appearance at The American Express, in 2025, he finished tied for 58th after posting a score of 10-under. | Sepp Straka won this tournament in 2025, finishing at 25-under. | Tosti's best finish over his last ten appearances was a tie for 54th at the ONEflight Myrtle Beach Classic, where he finished at 2-under. | Tosti has an average of 0.228 Strokes Gained: Off-the-Tee in his past five tournaments. | He has an average of -0.270 Strokes Gained: Approach the Green in his past five tournaments. | Tosti has an average of -0.346 Strokes Gained: Around-the-Green in his past five tournaments. | He has an average of 0.022 Strokes Gained: Putting in his past five tournaments. | Tosti has averaged -0.366 Strokes Gained: Total in his past five tournaments. | Tosti has posted a Strokes Gained: Off-the-Tee average of -0.136 (74th) this season, while his average Driving Distance of 309.8 yards ranks 46th on TOUR. | In terms of Strokes Gained: Approach the Green this season, Tosti sports a -0.591 mark that ranks 87th on TOUR. He ranks 69th with a 66.67% Greens in Regulation rate. | Tosti's strength lies in his short game, where he delivers a 0.562 Strokes Gained: Around-the-Green mark this season, which places him 16th on TOUR. | On the greens, Tosti has struggled with a -1.926 Strokes Gained: Putting mark this season, which places him 113th on TOUR. In addition, he ranks 69th with a Putts Per Round average of 30.50, and he ranks 96th by breaking par 13.89% of the time. | PGA TOUR","1 Min Read
Alejandro Tosti of Argentina lines up a putt on the tenth green during the first round of the Sony Open in Hawaii 2026 at Waialae Country Club on January 15, 2026 in Honolulu, Hawaii. (Cliff Hawkins/Getty Images)
Alejandro Tosti finished tied for 58th at 10-under in his most recent appearance at this tournament. He'll tee off at Pete Dye Stadium Course Jan. 22-25 with hopes of improving upon his past performances at The American Express.
All stats in this article are accurate for Tosti as of the start of The American Express.
Responsible sports betting starts with a game plan. Set a budget. Keep it social. Play with friends. Learn the game and know the odds. Play with trusted, licensed operators. CLICK HERE to learn more at HaveAGamePlan.org.
Note: Using player performance data from ShotLink powered by CDW, the PGA TOUR has created this story using AWS Gen AI technology. While we strive for accuracy and quality, please note that the information provided may not be entirely error-free.
The American Express
PGA TOUR, PGA TOUR Champions, and the Swinging Golfer design are registered trademarks. The Korn Ferry trademark is also a registered trademark, and is used in the Korn Ferry Tour logo with permission.","1 Min Read

Alejandro Tosti of Argentina lines up a putt on the tenth green during the first round of the Sony Open in Hawaii 2026 at Waialae Country Club on January 15, 2026 in Honolulu, Hawaii. (Cliff Hawkins/Getty Images)

Alejandro Tosti finished tied for 58th at 10-under in his most recent appearance at this tournament. He'll tee off at Pete Dye Stadium Course Jan. 22-25 with hopes of improving upon his past performances at The American Express.

## Tosti's recent history at The American Express

## At The American Express

- In Tosti's most recent appearance at The American Express, in 2025, he finished tied for 58th after posting a score of 10-under.

- Sepp Straka won this tournament in 2025, finishing at 25-under.

## Tosti's recent results

## Tosti's recent performances

- Tosti's best finish over his last ten appearances was a tie for 54th at the ONEflight Myrtle Beach Classic, where he finished at 2-under.

- Tosti has an average of 0.228 Strokes Gained: Off-the-Tee in his past five tournaments.

- He has an average of -0.270 Strokes Gained: Approach the Green in his past five tournaments.

- Tosti has an average of -0.346 Strokes Gained: Around-the-Green in his past five tournaments.

- He has an average of 0.022 Strokes Gained: Putting in his past five tournaments.

- Tosti has averaged -0.366 Strokes Gained: Total in his past five tournaments.

## Tosti's Strokes Gained rankings

## Tosti's advanced stats and rankings

- Tosti has posted a Strokes Gained: Off-the-Tee average of -0.136 (74th) this season, while his average Driving Distance of 309.8 yards ranks 46th on TOUR.

- In terms of Strokes Gained: Approach the Green this season, Tosti sports a -0.591 mark that ranks 87th on TOUR. He ranks 69th with a 66.67% Greens in Regulation rate.

- Tosti's strength lies in his short game, where he delivers a 0.562 Strokes Gained: Around-the-Green mark this season, which places him 16th on TOUR.

- On the greens, Tosti has struggled with a -1.926 Strokes Gained: Putting mark this season, which places him 113th on TOUR. In addition, he ranks 69th with a Putts Per Round average of 30.50, and he ranks 96th by breaking par 13.89% of the time.

All stats in this article are accurate for Tosti as of the start of The American Express.

Responsible sports betting starts with a game plan. Set a budget. Keep it social. Play with friends. Learn the game and know the odds. Play with trusted, licensed operators. CLICK HERE to learn more at HaveAGamePlan.org.

Note: Using player performance data from ShotLink powered by CDW, the PGA TOUR has created this story using AWS Gen AI technology. While we strive for accuracy and quality, please note that the information provided may not be entirely error-free.

The American Express

- PGA TOUR

PGA TOUR, PGA TOUR Champions, and the Swinging Golfer design are registered trademarks. The Korn Ferry trademark is also a registered trademark, and is used in the Korn Ferry Tour logo with permission."
Isaiah Salinda betting profile: The American Express,Isaiah Salinda betting profile: The American Express - PGA TOUR,"Isaiah Salinda missed the cut at The American Express in 2025, shooting 7-under. He returns to Pete Dye Stadium Course in La Quinta, California, Jan. 22-25 for",,,the-american-express,https://www.pgatour.com/article/news/betting-profile/2026/the-american-express/isaiah-salinda-pga-tour-betting-stats-the-american-express-2026,"1 Min Read Isaiah Salinda of the United States lines up a putt on the sixth green during the first round of The RSM Classic 2025 at Sea Island Resort Plantation Course on November 20, 2025 in St Simons Island, Georgia. (Mike Mulholland/Getty Images) Isaiah Salinda missed the cut at The American Express in 2025, shooting 7-under. He returns to Pete Dye Stadium Course in La Quinta, California, Jan. 22-25 for the 2026 American Express.",Salinda's recent history at The American Express | At The American Express | Salinda's recent results | Salinda's recent performances | Salinda's Strokes Gained rankings | Salinda's advanced stats and rankings | Scottie Scheffler betting profile: The American Express | Harris English betting profile: The American Express | Sam Ryder betting profile: The American Express | THE TOUR | Partnerships | Quick Links | Shop | Apps,"In Salinda's most recent appearance at The American Express, in 2025, he missed the cut after posting a score of 7-under. | Sepp Straka won this tournament in 2025, finishing at 25-under. | Salinda has finished in the top 20 twice over his last ten appearances. | He had his best finish at the Procore Championship, where he finished tied for 13th with a score of 10-under. | Salinda has an average of -0.101 Strokes Gained: Off-the-Tee in his past five tournaments. | He has an average of 0.580 Strokes Gained: Approach the Green in his past five tournaments. | Salinda has averaged -0.296 Strokes Gained: Total in his past five tournaments. | Salinda has posted a Strokes Gained: Off-the-Tee average of 0.658 (18th) this season, while his average Driving Distance of 313.8 yards ranks 33rd on TOUR. | In terms of Strokes Gained: Approach the Green this season, Salinda sports a -1.241 mark that ranks 105th on TOUR. He ranks 85th with a 63.89% Greens in Regulation rate. | On the greens, Salinda has delivered a -1.295 Strokes Gained: Putting mark this season, which places him 103rd on TOUR. In addition, he ranks 87th with a Putts Per Round average of 31.00, and he ranks 109th by breaking par 11.11% of the time. | PGA TOUR","1 Min Read
Isaiah Salinda of the United States lines up a putt on the sixth green during the first round of The RSM Classic 2025 at Sea Island Resort Plantation Course on November 20, 2025 in St Simons Island, Georgia. (Mike Mulholland/Getty Images)
Isaiah Salinda missed the cut at The American Express in 2025, shooting 7-under. He returns to Pete Dye Stadium Course in La Quinta, California, Jan. 22-25 for the 2026 American Express.
All stats in this article are accurate for Salinda as of the start of The American Express.
Responsible sports betting starts with a game plan. Set a budget. Keep it social. Play with friends. Learn the game and know the odds. Play with trusted, licensed operators. CLICK HERE to learn more at HaveAGamePlan.org.
Note: Using player performance data from ShotLink powered by CDW, the PGA TOUR has created this story using AWS Gen AI technology. While we strive for accuracy and quality, please note that the information provided may not be entirely error-free.
The American Express
PGA TOUR, PGA TOUR Champions, and the Swinging Golfer design are registered trademarks. The Korn Ferry trademark is also a registered trademark, and is used in the Korn Ferry Tour logo with permission.","1 Min Read

Isaiah Salinda of the United States lines up a putt on the sixth green during the first round of The RSM Classic 2025 at Sea Island Resort Plantation Course on November 20, 2025 in St Simons Island, Georgia. (Mike Mulholland/Getty Images)

Isaiah Salinda missed the cut at The American Express in 2025, shooting 7-under. He returns to Pete Dye Stadium Course in La Quinta, California, Jan. 22-25 for the 2026 American Express.

## Salinda's recent history at The American Express

## At The American Express

- In Salinda's most recent appearance at The American Express, in 2025, he missed the cut after posting a score of 7-under.

- Sepp Straka won this tournament in 2025, finishing at 25-under.

## Salinda's recent results

## Salinda's recent performances

- Salinda has finished in the top 20 twice over his last ten appearances.

- He had his best finish at the Procore Championship, where he finished tied for 13th with a score of 10-under.

- Salinda has an average of -0.101 Strokes Gained: Off-the-Tee in his past five tournaments.

- He has an average of 0.580 Strokes Gained: Approach the Green in his past five tournaments.

- Salinda has averaged -0.296 Strokes Gained: Total in his past five tournaments.

## Salinda's Strokes Gained rankings

## Salinda's advanced stats and rankings

- Salinda has posted a Strokes Gained: Off-the-Tee average of 0.658 (18th) this season, while his average Driving Distance of 313.8 yards ranks 33rd on TOUR.

- In terms of Strokes Gained: Approach the Green this season, Salinda sports a -1.241 mark that ranks 105th on TOUR. He ranks 85th with a 63.89% Greens in Regulation rate.

- On the greens, Salinda has delivered a -1.295 Strokes Gained: Putting mark this season, which places him 103rd on TOUR. In addition, he ranks 87th with a Putts Per Round average of 31.00, and he ranks 109th by breaking par 11.11% of the time.

All stats in this article are accurate for Salinda as of the start of The American Express.

Responsible sports betting starts with a game plan. Set a budget. Keep it social. Play with friends. Learn the game and know the odds. Play with trusted, licensed operators. CLICK HERE to learn more at HaveAGamePlan.org.

Note: Using player performance data from ShotLink powered by CDW, the PGA TOUR has created this story using AWS Gen AI technology. While we strive for accuracy and quality, please note that the information provided may not be entirely error-free.

The American Express

- PGA TOUR

PGA TOUR, PGA TOUR Champions, and the Swinging Golfer design are registered trademarks. The Korn Ferry trademark is also a registered trademark, and is used in the Korn Ferry Tour logo with permission."
PGATOUR.COM,PGATOUR.COM - Official Home of Golf and the FedExCup - PGA TOUR,"The official web site of the PGA TOUR. Providing the only Real-Time Live Scoring for the PGA TOUR, Champions Tour and Korn Ferry Tour. Home of official PGA TOUR",,,the-american-express,https://www.pgatour.com/article/news/betting-profile/2026/the-american-express/s-h-kim-pga-tour-betting-stats-the-american-express-2026,"The American Express PGA TOUR, PGA TOUR Champions, and the Swinging Golfer design are registered trademarks. The Korn Ferry trademark is also a registered trademark, and is used in the Korn Ferry Tour logo with permission.",THE TOUR | Partnerships | Quick Links | Shop | Apps,PGA TOUR,"The American Express
PGA TOUR, PGA TOUR Champions, and the Swinging Golfer design are registered trademarks. The Korn Ferry trademark is also a registered trademark, and is used in the Korn Ferry Tour logo with permission.","The American Express

- PGA TOUR

PGA TOUR, PGA TOUR Champions, and the Swinging Golfer design are registered trademarks. The Korn Ferry trademark is also a registered trademark, and is used in the Korn Ferry Tour logo with permission."
Sudarshan Yellamaraju betting profile: The American Express,Sudarshan Yellamaraju betting profile: The American Express - PGA TOUR,Sudarshan Yellamaraju has not competed in The American Express in the last five years. He'll tee off at Pete Dye Stadium Course Jan. 22-25 with hopes of making,,,the-american-express,https://www.pgatour.com/article/news/betting-profile/2026/the-american-express/sudarshan-yellamaraju-pga-tour-betting-stats-the-american-express-2026,"1 Min Read Sudarshan Yellamaraju of Canada plays his shot from the second tee during the third round of the Sony Open in Hawaii 2026 at Waialae Country Club on January 17, 2026 in Honolulu, Hawaii. (Mike Mulholland/Getty Images) Sudarshan Yellamaraju has not competed in The American Express in the last five years. He'll tee off at Pete Dye Stadium Course Jan. 22-25 with hopes of making a strong debut at this California event.",At The American Express | Yellamaraju's recent results | Yellamaraju's recent performances | Yellamaraju's Strokes Gained rankings | Yellamaraju's advanced stats and rankings | Scottie Scheffler betting profile: The American Express | Harris English betting profile: The American Express | Sam Ryder betting profile: The American Express | THE TOUR | Partnerships | Quick Links | Shop | Apps,"This is Yellamaraju's first time competing in The American Express in the past five years. | Sepp Straka won this tournament in 2025, finishing at 25-under. | Yellamaraju has finished in the top 20 once over his last ten appearances. | He had his best finish at the Sony Open in Hawaii, where he finished tied for 13th with a score of 9-under. | Yellamaraju has an average of -0.041 Strokes Gained: Off-the-Tee in his past five tournaments. | He has an average of -0.288 Strokes Gained: Putting in his past five tournaments. | Yellamaraju has averaged -0.472 Strokes Gained: Total in his past five tournaments. | Yellamaraju posted a Strokes Gained: Off-the-Tee average of 0.539 (24th) this season, while his average Driving Distance of 328.5 yards ranked third on TOUR. | In terms of Strokes Gained: Approach the Green this season, Yellamaraju sported a 0.254 mark that ranked 44th on TOUR. He ranked 49th with a 69.44% Greens in Regulation rate. | On the greens, Yellamaraju delivered a 0.480 Strokes Gained: Putting mark this season, which placed him 30th on TOUR. In addition, he ranked 15th with a Putts Per Round average of 28.50, and he ranked fifth by breaking par 27.78% of the time. | Yellamaraju has earned 54 FedExCup Regular Season points this season, ranking 13th. | PGA TOUR","1 Min Read
Sudarshan Yellamaraju of Canada plays his shot from the second tee during the third round of the Sony Open in Hawaii 2026 at Waialae Country Club on January 17, 2026 in Honolulu, Hawaii. (Mike Mulholland/Getty Images)
Sudarshan Yellamaraju has not competed in The American Express in the last five years. He'll tee off at Pete Dye Stadium Course Jan. 22-25 with hopes of making a strong debut at this California event.
All stats in this article are accurate for Yellamaraju as of the start of The American Express.
Responsible sports betting starts with a game plan. Set a budget. Keep it social. Play with friends. Learn the game and know the odds. Play with trusted, licensed operators. CLICK HERE to learn more at HaveAGamePlan.org.
Note: Using player performance data from ShotLink powered by CDW, the PGA TOUR has created this story using AWS Gen AI technology. While we strive for accuracy and quality, please note that the information provided may not be entirely error-free.
The American Express
PGA TOUR, PGA TOUR Champions, and the Swinging Golfer design are registered trademarks. The Korn Ferry trademark is also a registered trademark, and is used in the Korn Ferry Tour logo with permission.","1 Min Read

Sudarshan Yellamaraju of Canada plays his shot from the second tee during the third round of the Sony Open in Hawaii 2026 at Waialae Country Club on January 17, 2026 in Honolulu, Hawaii. (Mike Mulholland/Getty Images)

Sudarshan Yellamaraju has not competed in The American Express in the last five years. He'll tee off at Pete Dye Stadium Course Jan. 22-25 with hopes of making a strong debut at this California event.

## At The American Express

- This is Yellamaraju's first time competing in The American Express in the past five years.

- Sepp Straka won this tournament in 2025, finishing at 25-under.

## Yellamaraju's recent results

## Yellamaraju's recent performances

- Yellamaraju has finished in the top 20 once over his last ten appearances.

- He had his best finish at the Sony Open in Hawaii, where he finished tied for 13th with a score of 9-under.

- Yellamaraju has an average of -0.041 Strokes Gained: Off-the-Tee in his past five tournaments.

- He has an average of -0.288 Strokes Gained: Putting in his past five tournaments.

- Yellamaraju has averaged -0.472 Strokes Gained: Total in his past five tournaments.

## Yellamaraju's Strokes Gained rankings

## Yellamaraju's advanced stats and rankings

- Yellamaraju posted a Strokes Gained: Off-the-Tee average of 0.539 (24th) this season, while his average Driving Distance of 328.5 yards ranked third on TOUR.

- In terms of Strokes Gained: Approach the Green this season, Yellamaraju sported a 0.254 mark that ranked 44th on TOUR. He ranked 49th with a 69.44% Greens in Regulation rate.

- On the greens, Yellamaraju delivered a 0.480 Strokes Gained: Putting mark this season, which placed him 30th on TOUR. In addition, he ranked 15th with a Putts Per Round average of 28.50, and he ranked fifth by breaking par 27.78% of the time.

- Yellamaraju has earned 54 FedExCup Regular Season points this season, ranking 13th.

All stats in this article are accurate for Yellamaraju as of the start of The American Express.

Responsible sports betting starts with a game plan. Set a budget. Keep it social. Play with friends. Learn the game and know the odds. Play with trusted, licensed operators. CLICK HERE to learn more at HaveAGamePlan.org.

Note: Using player performance data from ShotLink powered by CDW, the PGA TOUR has created this story using AWS Gen AI technology. While we strive for accuracy and quality, please note that the information provided may not be entirely error-free.

The American Express

- PGA TOUR

PGA TOUR, PGA TOUR Champions, and the Swinging Golfer design are registered trademarks. The Korn Ferry trademark is also a registered trademark, and is used in the Korn Ferry Tour logo with permission."
Brice Garnett betting profile: The American Express,Brice Garnett betting profile: The American Express - PGA TOUR,Garnett finished tied for 34th at 13-under in his most recent appearance at this tournament. He'll tee off at Pete Dye Stadium Course Jan. 22-25 with hopes of i,,,the-american-express,https://www.pgatour.com/article/news/betting-profile/2026/the-american-express/brice-garnett-pga-tour-betting-stats-the-american-express-2026,"1 Min Read Brice Garnett of the United States plays his shot from the 17th tee during the first round of the Sony Open in Hawaii 2026 at Waialae Country Club on January 15, 2026 in Honolulu, Hawaii. (Cliff Hawkins/Getty Images) Garnett finished tied for 34th at 13-under in his most recent appearance at this tournament. He'll tee off at Pete Dye Stadium Course Jan. 22-25 with hopes of improving on that result in the 2026 American Express.",Garnett's recent history at The American Express | At The American Express | Garnett's recent results | Garnett's recent performances | Garnett's Strokes Gained rankings | Garnett's advanced stats and rankings | Jacob Bridgeman betting profile: The American Express | Zach Johnson betting profile: The American Express | Sami Valimaki betting profile: The American Express | THE TOUR | Partnerships | Quick Links | Shop | Apps,"In Garnett's most recent appearance at The American Express, in 2025, he finished tied for 34th after posting a score of 13-under. | Sepp Straka won this tournament in 2025, finishing at 25-under. | Garnett's best finish over his last ten appearances came at the Sanderson Farms Championship, where he finished tied for 21st with a score of 12-under. | Garnett has an average of -0.128 Strokes Gained: Off-the-Tee in his past five tournaments. | He has an average of -0.039 Strokes Gained: Approach the Green in his past five tournaments. | Garnett has averaged -0.171 Strokes Gained: Around-the-Green in his past five tournaments. | He has an average of 0.041 Strokes Gained: Putting in his past five tournaments. | Garnett has averaged -0.297 Strokes Gained: Total in his past five tournaments. | Garnett posted a Strokes Gained: Approach the Green average of 0.936 (14th) this season, while his Greens in Regulation Percentage of 72.22% ranked 32nd on TOUR. | In terms of Strokes Gained: Off-the-Tee this season, Garnett sported a -0.501 mark that ranked 92nd on TOUR. His average Driving Distance of 296.8 yards ranked 97th. | On the greens, Garnett delivered a -0.106 Strokes Gained: Putting mark this season, which placed him 63rd on TOUR. In addition, he ranked 40th with a Putts Per Round average of 29.50, and he ranked 54th by breaking par 20.83% of the time. | Garnett has earned 21 FedExCup Regular Season points this season, ranking 31st. | PGA TOUR","1 Min Read
Brice Garnett of the United States plays his shot from the 17th tee during the first round of the Sony Open in Hawaii 2026 at Waialae Country Club on January 15, 2026 in Honolulu, Hawaii. (Cliff Hawkins/Getty Images)
Garnett finished tied for 34th at 13-under in his most recent appearance at this tournament. He'll tee off at Pete Dye Stadium Course Jan. 22-25 with hopes of improving on that result in the 2026 American Express.
All stats in this article are accurate for Garnett as of the start of The American Express.
Responsible sports betting starts with a game plan. Set a budget. Keep it social. Play with friends. Learn the game and know the odds. Play with trusted, licensed operators. CLICK HERE to learn more at HaveAGamePlan.org.
Note: Using player performance data from ShotLink powered by CDW, the PGA TOUR has created this story using AWS Gen AI technology. While we strive for accuracy and quality, please note that the information provided may not be entirely error-free.
The American Express
PGA TOUR, PGA TOUR Champions, and the Swinging Golfer design are registered trademarks. The Korn Ferry trademark is also a registered trademark, and is used in the Korn Ferry Tour logo with permission.","1 Min Read

Brice Garnett of the United States plays his shot from the 17th tee during the first round of the Sony Open in Hawaii 2026 at Waialae Country Club on January 15, 2026 in Honolulu, Hawaii. (Cliff Hawkins/Getty Images)

Garnett finished tied for 34th at 13-under in his most recent appearance at this tournament. He'll tee off at Pete Dye Stadium Course Jan. 22-25 with hopes of improving on that result in the 2026 American Express.

## Garnett's recent history at The American Express

## At The American Express

- In Garnett's most recent appearance at The American Express, in 2025, he finished tied for 34th after posting a score of 13-under.

- Sepp Straka won this tournament in 2025, finishing at 25-under.

## Garnett's recent results

## Garnett's recent performances

- Garnett's best finish over his last ten appearances came at the Sanderson Farms Championship, where he finished tied for 21st with a score of 12-under.

- Garnett has an average of -0.128 Strokes Gained: Off-the-Tee in his past five tournaments.

- He has an average of -0.039 Strokes Gained: Approach the Green in his past five tournaments.

- Garnett has averaged -0.171 Strokes Gained: Around-the-Green in his past five tournaments.

- He has an average of 0.041 Strokes Gained: Putting in his past five tournaments.

- Garnett has averaged -0.297 Strokes Gained: Total in his past five tournaments.

## Garnett's Strokes Gained rankings

## Garnett's advanced stats and rankings

- Garnett posted a Strokes Gained: Approach the Green average of 0.936 (14th) this season, while his Greens in Regulation Percentage of 72.22% ranked 32nd on TOUR.

- In terms of Strokes Gained: Off-the-Tee this season, Garnett sported a -0.501 mark that ranked 92nd on TOUR. His average Driving Distance of 296.8 yards ranked 97th.

- On the greens, Garnett delivered a -0.106 Strokes Gained: Putting mark this season, which placed him 63rd on TOUR. In addition, he ranked 40th with a Putts Per Round average of 29.50, and he ranked 54th by breaking par 20.83% of the time.

- Garnett has earned 21 FedExCup Regular Season points this season, ranking 31st.

All stats in this article are accurate for Garnett as of the start of The American Express.

Responsible sports betting starts with a game plan. Set a budget. Keep it social. Play with friends. Learn the game and know the odds. Play with trusted, licensed operators. CLICK HERE to learn more at HaveAGamePlan.org.

Note: Using player performance data from ShotLink powered by CDW, the PGA TOUR has created this story using AWS Gen AI technology. While we strive for accuracy and quality, please note that the information provided may not be entirely error-free.

The American Express

- PGA TOUR

PGA TOUR, PGA TOUR Champions, and the Swinging Golfer design are registered trademarks. The Korn Ferry trademark is also a registered trademark, and is used in the Korn Ferry Tour logo with permission."
Rickie Fowler betting profile: The American Express,Rickie Fowler betting profile: The American Express - PGA TOUR,"Rickie Fowler returns to The American Express, set to tee off at Pete Dye Stadium Course from Jan. 22-25, 2026. Fowler looks to improve upon his performance fro",,,the-american-express,https://www.pgatour.com/article/news/betting-profile/2026/the-american-express/rickie-fowler-pga-tour-betting-stats-the-american-express-2026,"1 Min Read Rickie Fowler of the United States plays a second shot on the 12th hole during the final round of the BMW Championship 2025 at Caves Valley Golf Club on August 17, 2025 in Owings Mills, Maryland. (Andy Lyons/Getty Images) Rickie Fowler returns to The American Express, set to tee off at Pete Dye Stadium Course from Jan. 22-25, 2026. Fowler looks to improve upon his performance from last year's tournament where he finished tied for 21st.",Fowler's recent history at The American Express | At The American Express | Fowler's recent results | Fowler's recent performances | Fowler's Strokes Gained rankings | Fowler's advanced stats and rankings | Scottie Scheffler betting profile: The American Express | Harris English betting profile: The American Express | Sam Ryder betting profile: The American Express | THE TOUR | Partnerships | Quick Links | Shop | Apps,"In Fowler's most recent appearance at The American Express, in 2025, he finished tied for 21st after posting a score of 15-under. | Sepp Straka won this tournament in 2025, finishing at 25-under. | Fowler has finished in the top 10 three times over his last ten appearances. | He had his best finish at the FedEx St. Jude Championship, where he finished tied for sixth with a score of 10-under. | Fowler has an average of 0.448 Strokes Gained: Off-the-Tee in his past five tournaments. | He has an average of 0.213 Strokes Gained: Approach the Green in his past five tournaments. | Fowler has averaged 1.020 Strokes Gained: Total in his past five tournaments. | Fowler posted a Strokes Gained: Off-the-Tee average of 0.448 in his past five tournaments, demonstrating solid performance off the tee. | In terms of Strokes Gained: Approach the Green, Fowler showed a 0.213 mark in his past five starts. | On the greens, Fowler delivered a 0.334 Strokes Gained: Putting mark in his past five tournaments. | PGA TOUR","1 Min Read
Rickie Fowler of the United States plays a second shot on the 12th hole during the final round of the BMW Championship 2025 at Caves Valley Golf Club on August 17, 2025 in Owings Mills, Maryland. (Andy Lyons/Getty Images)
Rickie Fowler returns to The American Express, set to tee off at Pete Dye Stadium Course from Jan. 22-25, 2026. Fowler looks to improve upon his performance from last year's tournament where he finished tied for 21st.
All stats in this article are accurate for Fowler as of the start of The American Express.
Responsible sports betting starts with a game plan. Set a budget. Keep it social. Play with friends. Learn the game and know the odds. Play with trusted, licensed operators. CLICK HERE to learn more at HaveAGamePlan.org.
Note: Using player performance data from ShotLink powered by CDW, the PGA TOUR has created this story using AWS Gen AI technology. While we strive for accuracy and quality, please note that the information provided may not be entirely error-free.
The American Express
PGA TOUR, PGA TOUR Champions, and the Swinging Golfer design are registered trademarks. The Korn Ferry trademark is also a registered trademark, and is used in the Korn Ferry Tour logo with permission.","1 Min Read

Rickie Fowler of the United States plays a second shot on the 12th hole during the final round of the BMW Championship 2025 at Caves Valley Golf Club on August 17, 2025 in Owings Mills, Maryland. (Andy Lyons/Getty Images)

Rickie Fowler returns to The American Express, set to tee off at Pete Dye Stadium Course from Jan. 22-25, 2026. Fowler looks to improve upon his performance from last year's tournament where he finished tied for 21st.

## Fowler's recent history at The American Express

## At The American Express

- In Fowler's most recent appearance at The American Express, in 2025, he finished tied for 21st after posting a score of 15-under.

- Sepp Straka won this tournament in 2025, finishing at 25-under.

## Fowler's recent results

## Fowler's recent performances

- Fowler has finished in the top 10 three times over his last ten appearances.

- He had his best finish at the FedEx St. Jude Championship, where he finished tied for sixth with a score of 10-under.

- Fowler has an average of 0.448 Strokes Gained: Off-the-Tee in his past five tournaments.

- He has an average of 0.213 Strokes Gained: Approach the Green in his past five tournaments.

- Fowler has averaged 1.020 Strokes Gained: Total in his past five tournaments.

## Fowler's Strokes Gained rankings

## Fowler's advanced stats and rankings

- Fowler posted a Strokes Gained: Off-the-Tee average of 0.448 in his past five tournaments, demonstrating solid performance off the tee.

- In terms of Strokes Gained: Approach the Green, Fowler showed a 0.213 mark in his past five starts.

- On the greens, Fowler delivered a 0.334 Strokes Gained: Putting mark in his past five tournaments.

All stats in this article are accurate for Fowler as of the start of The American Express.

Responsible sports betting starts with a game plan. Set a budget. Keep it social. Play with friends. Learn the game and know the odds. Play with trusted, licensed operators. CLICK HERE to learn more at HaveAGamePlan.org.

Note: Using player performance data from ShotLink powered by CDW, the PGA TOUR has created this story using AWS Gen AI technology. While we strive for accuracy and quality, please note that the information provided may not be entirely error-free.

The American Express

- PGA TOUR

PGA TOUR, PGA TOUR Champions, and the Swinging Golfer design are registered trademarks. The Korn Ferry trademark is also a registered trademark, and is used in the Korn Ferry Tour logo with permission."
Harry Higgs betting profile: the American Express,Harry Higgs betting profile: the American Express - PGA TOUR,Harry Higgs finished tied for 34th at 13-under in his most recent appearance at The American Express. He'll tee off at the Pete Dye Stadium Course Jan. 22-25 wi,,,the-american-express,https://www.pgatour.com/article/news/betting-profile/2026/the-american-express/harry-higgs-pga-tour-betting-stats-the-american-express-2026,"1 Min Read Detailed view of The PGA TOUR flag during the second round of the Korn Ferry Tour Qualifying Tournament at Landings Club-Marshwood Course on November 6, 2022 in Savannah, Georgia. (Andrew Wevers/PGA TOUR) Harry Higgs finished tied for 34th at 13-under in his most recent appearance at The American Express. He'll tee off at the Pete Dye Stadium Course Jan. 22-25 with hopes of improving on that result in the 2026 tournament.",Higgs's recent history at the American Express | At the American Express | Higgs's recent results | Higgs's recent performances | Higgs's Strokes Gained rankings | Higgs's advanced stats and rankings | Scottie Scheffler betting profile: The American Express | Harris English betting profile: The American Express | Sam Ryder betting profile: The American Express | THE TOUR | Partnerships | Quick Links | Shop | Apps,"In Higgs's most recent appearance at The American Express, in 2025, he finished tied for 34th after posting a score of 13-under. | Higgs's best finish at this event came in 2023, when he finished tied for 18th at 20-under. | Sepp Straka won this tournament in 2025, finishing at 25-under. | Higgs had his best finish at the 3M Open, where he finished tied for 25th with a score of 14-under. | Higgs has an average of -0.232 Strokes Gained: Off-the-Tee in his past five tournaments. | He has an average of -0.463 Strokes Gained: Approach the Green in his past five tournaments. | Higgs has an average of -0.214 Strokes Gained: Around-the-Green in his past five tournaments. | He has an average of -0.093 Strokes Gained: Putting in his past five tournaments. | Higgs has averaged -1.002 Strokes Gained: Total in his past five tournaments. | Higgs posted a Strokes Gained: Off-the-Tee average of -0.232 in his past five tournaments. | In terms of Strokes Gained: Approach the Green, Higgs averaged -0.463 over his last five starts. | Around the green, Higgs delivered a -0.214 Strokes Gained: Around-the-Green mark in his past five tournaments. | On the greens, Higgs averaged -0.093 Strokes Gained: Putting over his last five starts. | PGA TOUR","1 Min Read
Detailed view of The PGA TOUR flag during the second round of the Korn Ferry Tour Qualifying Tournament at Landings Club-Marshwood Course on November 6, 2022 in Savannah, Georgia. (Andrew Wevers/PGA TOUR)
Harry Higgs finished tied for 34th at 13-under in his most recent appearance at The American Express. He'll tee off at the Pete Dye Stadium Course Jan. 22-25 with hopes of improving on that result in the 2026 tournament.
All stats in this article are accurate for Higgs as of the start of the American Express.
Responsible sports betting starts with a game plan. Set a budget. Keep it social. Play with friends. Learn the game and know the odds. Play with trusted, licensed operators. CLICK HERE to learn more at HaveAGamePlan.org.
Note: Using player performance data from ShotLink powered by CDW, the PGA TOUR has created this story using AWS Gen AI technology. While we strive for accuracy and quality, please note that the information provided may not be entirely error-free.
The American Express
PGA TOUR, PGA TOUR Champions, and the Swinging Golfer design are registered trademarks. The Korn Ferry trademark is also a registered trademark, and is used in the Korn Ferry Tour logo with permission.","1 Min Read

Detailed view of The PGA TOUR flag during the second round of the Korn Ferry Tour Qualifying Tournament at Landings Club-Marshwood Course on November 6, 2022 in Savannah, Georgia. (Andrew Wevers/PGA TOUR)

Harry Higgs finished tied for 34th at 13-under in his most recent appearance at The American Express. He'll tee off at the Pete Dye Stadium Course Jan. 22-25 with hopes of improving on that result in the 2026 tournament.

## Higgs's recent history at the American Express

## At the American Express

- In Higgs's most recent appearance at The American Express, in 2025, he finished tied for 34th after posting a score of 13-under.

- Higgs's best finish at this event came in 2023, when he finished tied for 18th at 20-under.

- Sepp Straka won this tournament in 2025, finishing at 25-under.

## Higgs's recent results

## Higgs's recent performances

- Higgs had his best finish at the 3M Open, where he finished tied for 25th with a score of 14-under.

- Higgs has an average of -0.232 Strokes Gained: Off-the-Tee in his past five tournaments.

- He has an average of -0.463 Strokes Gained: Approach the Green in his past five tournaments.

- Higgs has an average of -0.214 Strokes Gained: Around-the-Green in his past five tournaments.

- He has an average of -0.093 Strokes Gained: Putting in his past five tournaments.

- Higgs has averaged -1.002 Strokes Gained: Total in his past five tournaments.

## Higgs's Strokes Gained rankings

## Higgs's advanced stats and rankings

- Higgs posted a Strokes Gained: Off-the-Tee average of -0.232 in his past five tournaments.

- In terms of Strokes Gained: Approach the Green, Higgs averaged -0.463 over his last five starts.

- Around the green, Higgs delivered a -0.214 Strokes Gained: Around-the-Green mark in his past five tournaments.

- On the greens, Higgs averaged -0.093 Strokes Gained: Putting over his last five starts.

All stats in this article are accurate for Higgs as of the start of the American Express.

Responsible sports betting starts with a game plan. Set a budget. Keep it social. Play with friends. Learn the game and know the odds. Play with trusted, licensed operators. CLICK HERE to learn more at HaveAGamePlan.org.

Note: Using player performance data from ShotLink powered by CDW, the PGA TOUR has created this story using AWS Gen AI technology. While we strive for accuracy and quality, please note that the information provided may not be entirely error-free.

The American Express

- PGA TOUR

PGA TOUR, PGA TOUR Champions, and the Swinging Golfer design are registered trademarks. The Korn Ferry trademark is also a registered trademark, and is used in the Korn Ferry Tour logo with permission."
Peter Malnati betting profile: The American Express,Peter Malnati betting profile: The American Express - PGA TOUR,"Peter Malnati has missed the cut at The American Express in each of his last five appearances, most recently shooting 6-under in 2025. He'll tee off at Pete Dye",,,the-american-express,https://www.pgatour.com/article/news/betting-profile/2026/the-american-express/peter-malnati-pga-tour-betting-stats-the-american-express-2026,"1 Min Read Peter Malnati of the United States plays his shot from the fifth tee during the first round of the Procore Championship 2025 at Silverado Resort and Spa on September 11, 2025 in Napa, California. (Mike Mulholland/Getty Images) Peter Malnati has missed the cut at The American Express in each of his last five appearances, most recently shooting 6-under in 2025. He'll tee off at Pete Dye Stadium Course Jan. 22-25 with hopes of finally making the weekend at this California event.",Malnati's recent history at The American Express | At The American Express | Malnati's recent results | Malnati's recent performances | Malnati's Strokes Gained rankings | Malnati's advanced stats and rankings | Jacob Bridgeman betting profile: The American Express | Zach Johnson betting profile: The American Express | Sami Valimaki betting profile: The American Express | THE TOUR | Partnerships | Quick Links | Shop | Apps,"In Malnati's most recent appearance at The American Express, in 2025, he missed the cut after posting a score of 6-under. | This marks his fifth consecutive missed cut at this event, dating back to 2021. | Sepp Straka won this tournament in 2025, finishing at 25-under. | Malnati has finished in the top 20 once over his last ten appearances. | He had his best finish at the ISCO Championship, where he finished tied for 14th with a score of 3-under. | Malnati has an average of -0.850 Strokes Gained: Off-the-Tee in his past five tournaments. | He has an average of 0.707 Strokes Gained: Putting in his past five tournaments. | Malnati has averaged 0.039 Strokes Gained: Total in his past five tournaments. | Malnati has posted a Strokes Gained: Off-the-Tee average of -1.235 (114th) this season, while his average Driving Distance of 293.5 yards ranks 102nd on TOUR. | In terms of Strokes Gained: Approach the Green this season, Malnati sports a -2.020 mark that ranks 116th on TOUR. He ranks 85th with a 63.89% Greens in Regulation rate. | On the greens, Malnati has delivered a 1.368 Strokes Gained: Putting mark this season, which places him sixth on TOUR. In addition, he ranks 22nd with a Putts Per Round average of 29.00, and he ranks 61st by breaking par 19.44% of the time. | PGA TOUR","1 Min Read
Peter Malnati of the United States plays his shot from the fifth tee during the first round of the Procore Championship 2025 at Silverado Resort and Spa on September 11, 2025 in Napa, California. (Mike Mulholland/Getty Images)
Peter Malnati has missed the cut at The American Express in each of his last five appearances, most recently shooting 6-under in 2025. He'll tee off at Pete Dye Stadium Course Jan. 22-25 with hopes of finally making the weekend at this California event.
All stats in this article are accurate for Malnati as of the start of The American Express.
Responsible sports betting starts with a game plan. Set a budget. Keep it social. Play with friends. Learn the game and know the odds. Play with trusted, licensed operators. CLICK HERE to learn more at HaveAGamePlan.org.
Note: Using player performance data from ShotLink powered by CDW, the PGA TOUR has created this story using AWS Gen AI technology. While we strive for accuracy and quality, please note that the information provided may not be entirely error-free.
The American Express
PGA TOUR, PGA TOUR Champions, and the Swinging Golfer design are registered trademarks. The Korn Ferry trademark is also a registered trademark, and is used in the Korn Ferry Tour logo with permission.","1 Min Read

Peter Malnati of the United States plays his shot from the fifth tee during the first round of the Procore Championship 2025 at Silverado Resort and Spa on September 11, 2025 in Napa, California. (Mike Mulholland/Getty Images)

Peter Malnati has missed the cut at The American Express in each of his last five appearances, most recently shooting 6-under in 2025. He'll tee off at Pete Dye Stadium Course Jan. 22-25 with hopes of finally making the weekend at this California event.

## Malnati's recent history at The American Express

## At The American Express

- In Malnati's most recent appearance at The American Express, in 2025, he missed the cut after posting a score of 6-under.

- This marks his fifth consecutive missed cut at this event, dating back to 2021.

- Sepp Straka won this tournament in 2025, finishing at 25-under.

## Malnati's recent results

## Malnati's recent performances

- Malnati has finished in the top 20 once over his last ten appearances.

- He had his best finish at the ISCO Championship, where he finished tied for 14th with a score of 3-under.

- Malnati has an average of -0.850 Strokes Gained: Off-the-Tee in his past five tournaments.

- He has an average of 0.707 Strokes Gained: Putting in his past five tournaments.

- Malnati has averaged 0.039 Strokes Gained: Total in his past five tournaments.

## Malnati's Strokes Gained rankings

## Malnati's advanced stats and rankings

- Malnati has posted a Strokes Gained: Off-the-Tee average of -1.235 (114th) this season, while his average Driving Distance of 293.5 yards ranks 102nd on TOUR.

- In terms of Strokes Gained: Approach the Green this season, Malnati sports a -2.020 mark that ranks 116th on TOUR. He ranks 85th with a 63.89% Greens in Regulation rate.

- On the greens, Malnati has delivered a 1.368 Strokes Gained: Putting mark this season, which places him sixth on TOUR. In addition, he ranks 22nd with a Putts Per Round average of 29.00, and he ranks 61st by breaking par 19.44% of the time.

All stats in this article are accurate for Malnati as of the start of The American Express.

Responsible sports betting starts with a game plan. Set a budget. Keep it social. Play with friends. Learn the game and know the odds. Play with trusted, licensed operators. CLICK HERE to learn more at HaveAGamePlan.org.

Note: Using player performance data from ShotLink powered by CDW, the PGA TOUR has created this story using AWS Gen AI technology. While we strive for accuracy and quality, please note that the information provided may not be entirely error-free.

The American Express

- PGA TOUR

PGA TOUR, PGA TOUR Champions, and the Swinging Golfer design are registered trademarks. The Korn Ferry trademark is also a registered trademark, and is used in the Korn Ferry Tour logo with permission."
Beau Hossler betting profile: The American Express,Beau Hossler betting profile: The American Express - PGA TOUR,Beau Hossler finished tied for 12th at 17-under in his most recent appearance at this event in 2025. He'll tee off at Pete Dye Stadium Course Jan. 22-25 with ho,,,the-american-express,https://www.pgatour.com/article/news/betting-profile/2026/the-american-express/beau-hossler-pga-tour-betting-stats-the-american-express-2026,"1 Min Read Beau Hossler of the United States plays a shot from a bunker on the ninth hole during the second round of The RSM Classic 2025 at Sea Island Resort Plantation Course on November 21, 2025 in St Simons Island, Georgia. (Mike Mulholland/Getty Images) Beau Hossler finished tied for 12th at 17-under in his most recent appearance at this event in 2025. He'll tee off at Pete Dye Stadium Course Jan. 22-25 with hopes of improving on that result in the 2026 American Express.",Hossler's recent history at The American Express | At The American Express | Hossler's recent results | Hossler's recent performances | Hossler's Strokes Gained rankings | Hossler's advanced stats and rankings | Scottie Scheffler betting profile: The American Express | Harris English betting profile: The American Express | Sam Ryder betting profile: The American Express | THE TOUR | Partnerships | Quick Links | Shop | Apps,"In Hossler's most recent appearance at The American Express, in 2025, he finished tied for 12th after posting a score of 17-under. | Sepp Straka won this tournament in 2025, finishing at 25-under. | Hossler has finished in the top 20 twice over his last ten appearances. | He had his best finish at the Wyndham Championship, where he finished tied for 15th with a score of 11-under. | Hossler has an average of 0.199 Strokes Gained: Off-the-Tee in his past five tournaments. | He has an average of -0.322 Strokes Gained: Approach the Green in his past five tournaments. | Hossler has averaged -0.015 Strokes Gained: Total in his past five tournaments. | Hossler has posted a Strokes Gained: Off-the-Tee average of 0.001 (63rd) this season, while his average Driving Distance of 294.0 yards ranks 101st on TOUR. | In terms of Strokes Gained: Approach the Green this season, Hossler has a -1.042 mark that ranks 102nd on TOUR. He ranks 109th with a 55.56% Greens in Regulation rate. | On the greens, Hossler has delivered a 0.209 Strokes Gained: Putting mark this season, which places him 45th on TOUR. In addition, he ranks fourth with a Putts Per Round average of 27.50, and he ranks 80th by breaking par 16.67% of the time. | PGA TOUR","1 Min Read
Beau Hossler of the United States plays a shot from a bunker on the ninth hole during the second round of The RSM Classic 2025 at Sea Island Resort Plantation Course on November 21, 2025 in St Simons Island, Georgia. (Mike Mulholland/Getty Images)
Beau Hossler finished tied for 12th at 17-under in his most recent appearance at this event in 2025. He'll tee off at Pete Dye Stadium Course Jan. 22-25 with hopes of improving on that result in the 2026 American Express.
All stats in this article are accurate for Hossler as of the start of The American Express.
Responsible sports betting starts with a game plan. Set a budget. Keep it social. Play with friends. Learn the game and know the odds. Play with trusted, licensed operators. CLICK HERE to learn more at HaveAGamePlan.org.
Note: Using player performance data from ShotLink powered by CDW, the PGA TOUR has created this story using AWS Gen AI technology. While we strive for accuracy and quality, please note that the information provided may not be entirely error-free.
The American Express
PGA TOUR, PGA TOUR Champions, and the Swinging Golfer design are registered trademarks. The Korn Ferry trademark is also a registered trademark, and is used in the Korn Ferry Tour logo with permission.","1 Min Read

Beau Hossler of the United States plays a shot from a bunker on the ninth hole during the second round of The RSM Classic 2025 at Sea Island Resort Plantation Course on November 21, 2025 in St Simons Island, Georgia. (Mike Mulholland/Getty Images)

Beau Hossler finished tied for 12th at 17-under in his most recent appearance at this event in 2025. He'll tee off at Pete Dye Stadium Course Jan. 22-25 with hopes of improving on that result in the 2026 American Express.

## Hossler's recent history at The American Express

## At The American Express

- In Hossler's most recent appearance at The American Express, in 2025, he finished tied for 12th after posting a score of 17-under.

- Sepp Straka won this tournament in 2025, finishing at 25-under.

## Hossler's recent results

## Hossler's recent performances

- Hossler has finished in the top 20 twice over his last ten appearances.

- He had his best finish at the Wyndham Championship, where he finished tied for 15th with a score of 11-under.

- Hossler has an average of 0.199 Strokes Gained: Off-the-Tee in his past five tournaments.

- He has an average of -0.322 Strokes Gained: Approach the Green in his past five tournaments.

- Hossler has averaged -0.015 Strokes Gained: Total in his past five tournaments.

## Hossler's Strokes Gained rankings

## Hossler's advanced stats and rankings

- Hossler has posted a Strokes Gained: Off-the-Tee average of 0.001 (63rd) this season, while his average Driving Distance of 294.0 yards ranks 101st on TOUR.

- In terms of Strokes Gained: Approach the Green this season, Hossler has a -1.042 mark that ranks 102nd on TOUR. He ranks 109th with a 55.56% Greens in Regulation rate.

- On the greens, Hossler has delivered a 0.209 Strokes Gained: Putting mark this season, which places him 45th on TOUR. In addition, he ranks fourth with a Putts Per Round average of 27.50, and he ranks 80th by breaking par 16.67% of the time.

All stats in this article are accurate for Hossler as of the start of The American Express.

Responsible sports betting starts with a game plan. Set a budget. Keep it social. Play with friends. Learn the game and know the odds. Play with trusted, licensed operators. CLICK HERE to learn more at HaveAGamePlan.org.

Note: Using player performance data from ShotLink powered by CDW, the PGA TOUR has created this story using AWS Gen AI technology. While we strive for accuracy and quality, please note that the information provided may not be entirely error-free.

The American Express

- PGA TOUR

PGA TOUR, PGA TOUR Champions, and the Swinging Golfer design are registered trademarks. The Korn Ferry trademark is also a registered trademark, and is used in the Korn Ferry Tour logo with permission."
Tom Hoge betting profile: The American Express,Tom Hoge betting profile: The American Express - PGA TOUR,"Tom Hoge finished second at The American Express in 2022 with a score of 21-under. He returns to Pete Dye Stadium Course in La Quinta, California, Jan. 22-25, l",,,the-american-express,https://www.pgatour.com/article/news/betting-profile/2026/the-american-express/tom-hoge-pga-tour-betting-stats-the-american-express-2026,"1 Min Read Tom Hoge hits his shot on the second tee during the second round of Sony Open in Hawaii at Waialae Country Club on January 16, 2026 in Honolulu, Hawaii. (Tracy Wilcox/PGA TOUR via Getty Images) Tom Hoge finished second at The American Express in 2022 with a score of 21-under. He returns to Pete Dye Stadium Course in La Quinta, California, Jan. 22-25, looking to improve upon last year's tied for 29th finish.",Hoge's recent history at The American Express | At The American Express | Hoge's recent results | Hoge's recent performances | Hoge's Strokes Gained rankings | Hoge's advanced stats and rankings | Scottie Scheffler betting profile: The American Express | Harris English betting profile: The American Express | Sam Ryder betting profile: The American Express | THE TOUR | Partnerships | Quick Links | Shop | Apps,"In Hoge's most recent appearance at The American Express, in 2025, he finished tied for 29th after posting a score of 14-under. | Hoge's best finish at this event came in 2022, when he finished second at 21-under. | Sepp Straka won this tournament in 2025, finishing at 25-under. | Hoge's best finish over his last ten appearances came at the World Wide Technology Championship, where he finished tied for 21st with a score of 18-under. | He has an average of -0.275 Strokes Gained: Off-the-Tee in his past five tournaments. | Hoge has an average of 0.340 Strokes Gained: Approach the Green in his past five tournaments. | He has an average of -0.064 Strokes Gained: Around-the-Green in his past five tournaments. | Hoge has an average of -0.562 Strokes Gained: Putting in his past five tournaments. | He has averaged -0.562 Strokes Gained: Total in his past five tournaments. | Hoge posted a Strokes Gained: Off-the-Tee average of -0.063 (67th) this season, while his average Driving Distance of 303.5 yards ranked 73rd on TOUR. | In terms of Strokes Gained: Approach the Green this season, Hoge sported a 0.172 mark that ranked 47th on TOUR. He ranked 82nd with a 65.28% Greens in Regulation rate. | On the greens, Hoge delivered a 0.260 Strokes Gained: Putting mark this season, which placed him 44th on TOUR. In addition, he ranked 22nd with a Putts Per Round average of 29.00, and he ranked 37th by breaking par 22.22% of the time. | Hoge has earned 12 FedExCup Regular Season points this season, ranking 39th. | PGA TOUR","1 Min Read
Tom Hoge hits his shot on the second tee during the second round of Sony Open in Hawaii at Waialae Country Club on January 16, 2026 in Honolulu, Hawaii. (Tracy Wilcox/PGA TOUR via Getty Images)
Tom Hoge finished second at The American Express in 2022 with a score of 21-under. He returns to Pete Dye Stadium Course in La Quinta, California, Jan. 22-25, looking to improve upon last year's tied for 29th finish.
All stats in this article are accurate for Hoge as of the start of The American Express.
Responsible sports betting starts with a game plan. Set a budget. Keep it social. Play with friends. Learn the game and know the odds. Play with trusted, licensed operators. CLICK HERE to learn more at HaveAGamePlan.org.
Note: Using player performance data from ShotLink powered by CDW, the PGA TOUR has created this story using AWS Gen AI technology. While we strive for accuracy and quality, please note that the information provided may not be entirely error-free.
The American Express
PGA TOUR, PGA TOUR Champions, and the Swinging Golfer design are registered trademarks. The Korn Ferry trademark is also a registered trademark, and is used in the Korn Ferry Tour logo with permission.","1 Min Read

Tom Hoge hits his shot on the second tee during the second round of Sony Open in Hawaii at Waialae Country Club on January 16, 2026 in Honolulu, Hawaii. (Tracy Wilcox/PGA TOUR via Getty Images)

Tom Hoge finished second at The American Express in 2022 with a score of 21-under. He returns to Pete Dye Stadium Course in La Quinta, California, Jan. 22-25, looking to improve upon last year's tied for 29th finish.

## Hoge's recent history at The American Express

## At The American Express

- In Hoge's most recent appearance at The American Express, in 2025, he finished tied for 29th after posting a score of 14-under.

- Hoge's best finish at this event came in 2022, when he finished second at 21-under.

- Sepp Straka won this tournament in 2025, finishing at 25-under.

## Hoge's recent results

## Hoge's recent performances

- Hoge's best finish over his last ten appearances came at the World Wide Technology Championship, where he finished tied for 21st with a score of 18-under.

- He has an average of -0.275 Strokes Gained: Off-the-Tee in his past five tournaments.

- Hoge has an average of 0.340 Strokes Gained: Approach the Green in his past five tournaments.

- He has an average of -0.064 Strokes Gained: Around-the-Green in his past five tournaments.

- Hoge has an average of -0.562 Strokes Gained: Putting in his past five tournaments.

- He has averaged -0.562 Strokes Gained: Total in his past five tournaments.

## Hoge's Strokes Gained rankings

## Hoge's advanced stats and rankings

- Hoge posted a Strokes Gained: Off-the-Tee average of -0.063 (67th) this season, while his average Driving Distance of 303.5 yards ranked 73rd on TOUR.

- In terms of Strokes Gained: Approach the Green this season, Hoge sported a 0.172 mark that ranked 47th on TOUR. He ranked 82nd with a 65.28% Greens in Regulation rate.

- On the greens, Hoge delivered a 0.260 Strokes Gained: Putting mark this season, which placed him 44th on TOUR. In addition, he ranked 22nd with a Putts Per Round average of 29.00, and he ranked 37th by breaking par 22.22% of the time.

- Hoge has earned 12 FedExCup Regular Season points this season, ranking 39th.

All stats in this article are accurate for Hoge as of the start of The American Express.

Responsible sports betting starts with a game plan. Set a budget. Keep it social. Play with friends. Learn the game and know the odds. Play with trusted, licensed operators. CLICK HERE to learn more at HaveAGamePlan.org.

Note: Using player performance data from ShotLink powered by CDW, the PGA TOUR has created this story using AWS Gen AI technology. While we strive for accuracy and quality, please note that the information provided may not be entirely error-free.

The American Express

- PGA TOUR

PGA TOUR, PGA TOUR Champions, and the Swinging Golfer design are registered trademarks. The Korn Ferry trademark is also a registered trademark, and is used in the Korn Ferry Tour logo with permission."
Joel Dahmen betting profile: The American Express,Joel Dahmen betting profile: The American Express - PGA TOUR,"Joel Dahmen has missed the cut in his last three appearances at The American Express, including 2025 when he shot 8-under. He'll tee off at Pete Dye Stadium Cou",,,the-american-express,https://www.pgatour.com/article/news/betting-profile/2026/the-american-express/joel-dahmen-pga-tour-betting-stats-the-american-express-2026,"1 Min Read Joel Dahmen of the United States plays a shot on the sixth hole during the first round of The RSM Classic 2025 at Sea Island Resort Plantation Course on November 20, 2025 in St Simons Island, Georgia. (Mike Mulholland/Getty Images) Joel Dahmen has missed the cut in his last three appearances at The American Express, including 2025 when he shot 8-under. He'll tee off at Pete Dye Stadium Course Jan. 22-25 looking to reverse his fortunes at this California tournament.",Dahmen's recent history at The American Express | At The American Express | Dahmen's recent results | Dahmen's recent performances | Dahmen's Strokes Gained rankings | Dahmen's advanced stats and rankings | Scottie Scheffler betting profile: The American Express | Harris English betting profile: The American Express | Sam Ryder betting profile: The American Express | THE TOUR | Partnerships | Quick Links | Shop | Apps,"In Dahmen's most recent appearance at The American Express, in 2025, he missed the cut after posting a score of 8-under. | Sepp Straka won this tournament in 2025, finishing at 25-under. | Dahmen has finished in the top 20 twice over his last ten appearances. | He had his best finish at the Wyndham Championship, where he finished tied for 15th with a score of 11-under. | Dahmen has an average of 0.406 Strokes Gained: Off-the-Tee in his past five tournaments. | He has an average of -0.421 Strokes Gained: Approach the Green in his past five tournaments. | Dahmen has averaged -0.465 Strokes Gained: Total in his past five tournaments. | Dahmen averaged 0.406 Strokes Gained: Off-the-Tee in his past five tournaments, showing strength in his driving game. | His Strokes Gained: Approach the Green averaged -0.421 in his past five starts, indicating challenges with iron play. | Around the greens, Dahmen posted a -0.098 average in his past five tournaments, showing relatively solid short game performance. | On the putting surface, Dahmen struggled with a -0.352 Strokes Gained: Putting average in his past five tournaments. | PGA TOUR","1 Min Read
Joel Dahmen of the United States plays a shot on the sixth hole during the first round of The RSM Classic 2025 at Sea Island Resort Plantation Course on November 20, 2025 in St Simons Island, Georgia. (Mike Mulholland/Getty Images)
Joel Dahmen has missed the cut in his last three appearances at The American Express, including 2025 when he shot 8-under. He'll tee off at Pete Dye Stadium Course Jan. 22-25 looking to reverse his fortunes at this California tournament.
All stats in this article are accurate for Dahmen as of the start of The American Express.
Responsible sports betting starts with a game plan. Set a budget. Keep it social. Play with friends. Learn the game and know the odds. Play with trusted, licensed operators. CLICK HERE to learn more at HaveAGamePlan.org.
Note: Using player performance data from ShotLink powered by CDW, the PGA TOUR has created this story using AWS Gen AI technology. While we strive for accuracy and quality, please note that the information provided may not be entirely error-free.
The American Express
PGA TOUR, PGA TOUR Champions, and the Swinging Golfer design are registered trademarks. The Korn Ferry trademark is also a registered trademark, and is used in the Korn Ferry Tour logo with permission.","1 Min Read

Joel Dahmen of the United States plays a shot on the sixth hole during the first round of The RSM Classic 2025 at Sea Island Resort Plantation Course on November 20, 2025 in St Simons Island, Georgia. (Mike Mulholland/Getty Images)

Joel Dahmen has missed the cut in his last three appearances at The American Express, including 2025 when he shot 8-under. He'll tee off at Pete Dye Stadium Course Jan. 22-25 looking to reverse his fortunes at this California tournament.

## Dahmen's recent history at The American Express

## At The American Express

- In Dahmen's most recent appearance at The American Express, in 2025, he missed the cut after posting a score of 8-under.

- Sepp Straka won this tournament in 2025, finishing at 25-under.

## Dahmen's recent results

## Dahmen's recent performances

- Dahmen has finished in the top 20 twice over his last ten appearances.

- He had his best finish at the Wyndham Championship, where he finished tied for 15th with a score of 11-under.

- Dahmen has an average of 0.406 Strokes Gained: Off-the-Tee in his past five tournaments.

- He has an average of -0.421 Strokes Gained: Approach the Green in his past five tournaments.

- Dahmen has averaged -0.465 Strokes Gained: Total in his past five tournaments.

## Dahmen's Strokes Gained rankings

## Dahmen's advanced stats and rankings

- Dahmen averaged 0.406 Strokes Gained: Off-the-Tee in his past five tournaments, showing strength in his driving game.

- His Strokes Gained: Approach the Green averaged -0.421 in his past five starts, indicating challenges with iron play.

- Around the greens, Dahmen posted a -0.098 average in his past five tournaments, showing relatively solid short game performance.

- On the putting surface, Dahmen struggled with a -0.352 Strokes Gained: Putting average in his past five tournaments.

All stats in this article are accurate for Dahmen as of the start of The American Express.

Responsible sports betting starts with a game plan. Set a budget. Keep it social. Play with friends. Learn the game and know the odds. Play with trusted, licensed operators. CLICK HERE to learn more at HaveAGamePlan.org.

Note: Using player performance data from ShotLink powered by CDW, the PGA TOUR has created this story using AWS Gen AI technology. While we strive for accuracy and quality, please note that the information provided may not be entirely error-free.

The American Express

- PGA TOUR

PGA TOUR, PGA TOUR Champions, and the Swinging Golfer design are registered trademarks. The Korn Ferry trademark is also a registered trademark, and is used in the Korn Ferry Tour logo with permission."
Michael Kim betting profile: The American Express,Michael Kim betting profile: The American Express - PGA TOUR,Michael Kim finished tied for 43rd at 12-under in his most recent appearance at The American Express in 2025. He'll tee off at Pete Dye Stadium Course Jan. 22-2,,,the-american-express,https://www.pgatour.com/article/news/betting-profile/2026/the-american-express/michael-kim-pga-tour-betting-stats-the-american-express-2026,"1 Min Read Michael Kim of the United States plays his shot from the second tee during the first round of the Sony Open in Hawaii 2026 at Waialae Country Club on January 15, 2026 in Honolulu, Hawaii. (Mike Mulholland/Getty Images) Michael Kim finished tied for 43rd at 12-under in his most recent appearance at The American Express in 2025. He'll tee off at Pete Dye Stadium Course Jan. 22-25 with hopes of improving upon that performance in the 2026 tournament.",Kim's recent history at The American Express | At The American Express | Kim's recent results | Kim's recent performances | Kim's Strokes Gained rankings | Kim's advanced stats and rankings | Scottie Scheffler betting profile: The American Express | Harris English betting profile: The American Express | Sam Ryder betting profile: The American Express | THE TOUR | Partnerships | Quick Links | Shop | Apps,"In Kim's most recent appearance at The American Express, in 2025, he finished tied for 43rd after posting a score of 12-under. | Kim's best finish at this event came in 2024, when he finished tied for sixth at 25-under. | Sepp Straka won this tournament in 2025, finishing at 25-under. | Kim has finished in the top 10 once over his last ten appearances. | He had his best finish at the BMW Championship, where he finished tenth with a score of 6-under. | Kim has an average of 0.251 Strokes Gained: Off-the-Tee in his past five tournaments. | He has an average of 0.078 Strokes Gained: Approach the Green in his past five tournaments. | Kim has averaged -0.271 Strokes Gained: Total in his past five tournaments. | Kim posted a Strokes Gained: Off-the-Tee average of -1.462 (116th) this season, while his average Driving Distance of 299.0 yards ranked 90th on TOUR. | In terms of Strokes Gained: Approach the Green this season, Kim sported a 0.482 mark that ranked 34th on TOUR. He ranked 82nd with a 65.28% Greens in Regulation rate. | On the greens, Kim delivered a 1.656 Strokes Gained: Putting mark this season, which placed him third on TOUR. In addition, he ranked 15th with a Putts Per Round average of 28.50, and he ranked 28th by breaking par 23.61% of the time. | Kim has earned 21 FedExCup Regular Season points this season, ranking 31st. | PGA TOUR","1 Min Read
Michael Kim of the United States plays his shot from the second tee during the first round of the Sony Open in Hawaii 2026 at Waialae Country Club on January 15, 2026 in Honolulu, Hawaii. (Mike Mulholland/Getty Images)
Michael Kim finished tied for 43rd at 12-under in his most recent appearance at The American Express in 2025. He'll tee off at Pete Dye Stadium Course Jan. 22-25 with hopes of improving upon that performance in the 2026 tournament.
All stats in this article are accurate for Kim as of the start of The American Express.
Responsible sports betting starts with a game plan. Set a budget. Keep it social. Play with friends. Learn the game and know the odds. Play with trusted, licensed operators. CLICK HERE to learn more at HaveAGamePlan.org.
Note: Using player performance data from ShotLink powered by CDW, the PGA TOUR has created this story using AWS Gen AI technology. While we strive for accuracy and quality, please note that the information provided may not be entirely error-free.
The American Express
PGA TOUR, PGA TOUR Champions, and the Swinging Golfer design are registered trademarks. The Korn Ferry trademark is also a registered trademark, and is used in the Korn Ferry Tour logo with permission.","1 Min Read

Michael Kim of the United States plays his shot from the second tee during the first round of the Sony Open in Hawaii 2026 at Waialae Country Club on January 15, 2026 in Honolulu, Hawaii. (Mike Mulholland/Getty Images)

Michael Kim finished tied for 43rd at 12-under in his most recent appearance at The American Express in 2025. He'll tee off at Pete Dye Stadium Course Jan. 22-25 with hopes of improving upon that performance in the 2026 tournament.

## Kim's recent history at The American Express

## At The American Express

- In Kim's most recent appearance at The American Express, in 2025, he finished tied for 43rd after posting a score of 12-under.

- Kim's best finish at this event came in 2024, when he finished tied for sixth at 25-under.

- Sepp Straka won this tournament in 2025, finishing at 25-under.

## Kim's recent results

## Kim's recent performances

- Kim has finished in the top 10 once over his last ten appearances.

- He had his best finish at the BMW Championship, where he finished tenth with a score of 6-under.

- Kim has an average of 0.251 Strokes Gained: Off-the-Tee in his past five tournaments.

- He has an average of 0.078 Strokes Gained: Approach the Green in his past five tournaments.

- Kim has averaged -0.271 Strokes Gained: Total in his past five tournaments.

## Kim's Strokes Gained rankings

## Kim's advanced stats and rankings

- Kim posted a Strokes Gained: Off-the-Tee average of -1.462 (116th) this season, while his average Driving Distance of 299.0 yards ranked 90th on TOUR.

- In terms of Strokes Gained: Approach the Green this season, Kim sported a 0.482 mark that ranked 34th on TOUR. He ranked 82nd with a 65.28% Greens in Regulation rate.

- On the greens, Kim delivered a 1.656 Strokes Gained: Putting mark this season, which placed him third on TOUR. In addition, he ranked 15th with a Putts Per Round average of 28.50, and he ranked 28th by breaking par 23.61% of the time.

- Kim has earned 21 FedExCup Regular Season points this season, ranking 31st.

All stats in this article are accurate for Kim as of the start of The American Express.

Responsible sports betting starts with a game plan. Set a budget. Keep it social. Play with friends. Learn the game and know the odds. Play with trusted, licensed operators. CLICK HERE to learn more at HaveAGamePlan.org.

Note: Using player performance data from ShotLink powered by CDW, the PGA TOUR has created this story using AWS Gen AI technology. While we strive for accuracy and quality, please note that the information provided may not be entirely error-free.

The American Express

- PGA TOUR

PGA TOUR, PGA TOUR Champions, and the Swinging Golfer design are registered trademarks. The Korn Ferry trademark is also a registered trademark, and is used in the Korn Ferry Tour logo with permission."
Denny McCarthy betting profile: The American Express,Denny McCarthy betting profile: The American Express - PGA TOUR,Denny McCarthy finished tied for 50th at 14-under the last time he played in this tournament. He'll tee off at Pete Dye Stadium Course Jan. 22-25 with his sight,,,the-american-express,https://www.pgatour.com/article/news/betting-profile/2026/the-american-express/denny-mccarthy-pga-tour-betting-stats-the-american-express-2026,"1 Min Read Denny McCarthy of the United States prepares to play his shot from the second tee during the second round of the Sony Open in Hawaii 2026 at Waialae Country Club on January 16, 2026 in Honolulu, Hawaii. (Cliff Hawkins/Getty Images) Denny McCarthy finished tied for 50th at 14-under the last time he played in this tournament. He'll tee off at Pete Dye Stadium Course Jan. 22-25 with his sights set higher this time around in the 2026 American Express.",McCarthy's recent history at The American Express | At The American Express | McCarthy's recent results | McCarthy's recent performances | McCarthy's Strokes Gained rankings | McCarthy's advanced stats and rankings | Scottie Scheffler betting profile: The American Express | Harris English betting profile: The American Express | Sam Ryder betting profile: The American Express | THE TOUR | Partnerships | Quick Links | Shop | Apps,"In McCarthy's most recent appearance at The American Express, in 2023, he finished tied for 50th after posting a score of 14-under. | McCarthy's best finish at this event came in 2022, when he finished tied for sixth at 19-under. | Sepp Straka won this tournament in 2025, finishing at 25-under. | McCarthy has finished in the top 20 three times over his last 10 appearances. | He had his best finish at the Wyndham Championship, where he finished tied for 11th with a score of 12-under. | McCarthy has an average of -0.471 Strokes Gained: Off-the-Tee in his past five tournaments. | He has an average of 0.139 Strokes Gained: Approach the Green in his past five tournaments. | He has an average of 0.978 Strokes Gained: Putting in his past five tournaments. | McCarthy has averaged 0.460 Strokes Gained: Total in his past five tournaments. | McCarthy posted a Strokes Gained: Off-the-Tee average of 0.553 (23rd) this season, while his average Driving Distance of 310.9 yards ranked 41st on TOUR. | In terms of Strokes Gained: Approach the Green this season, McCarthy sported a -0.218 mark that ranked 71st on TOUR. He ranked 32nd with a 72.22% Greens in Regulation rate. | On the greens, McCarthy delivered a 0.493 Strokes Gained: Putting mark this season, which placed him 29th on TOUR. In addition, he ranked 80th with a Putts Per Round average of 30.75, and he ranked 37th by breaking par 22.22% of the time. | McCarthy has earned 12 FedExCup Regular Season points this season, ranking 39th. | PGA TOUR","1 Min Read
Denny McCarthy of the United States prepares to play his shot from the second tee during the second round of the Sony Open in Hawaii 2026 at Waialae Country Club on January 16, 2026 in Honolulu, Hawaii. (Cliff Hawkins/Getty Images)
Denny McCarthy finished tied for 50th at 14-under the last time he played in this tournament. He'll tee off at Pete Dye Stadium Course Jan. 22-25 with his sights set higher this time around in the 2026 American Express.
All stats in this article are accurate for McCarthy as of the start of The American Express.
Responsible sports betting starts with a game plan. Set a budget. Keep it social. Play with friends. Learn the game and know the odds. Play with trusted, licensed operators. CLICK HERE to learn more at HaveAGamePlan.org.
Note: Using player performance data from ShotLink powered by CDW, the PGA TOUR has created this story using AWS Gen AI technology. While we strive for accuracy and quality, please note that the information provided may not be entirely error-free.
The American Express
PGA TOUR, PGA TOUR Champions, and the Swinging Golfer design are registered trademarks. The Korn Ferry trademark is also a registered trademark, and is used in the Korn Ferry Tour logo with permission.","1 Min Read

Denny McCarthy of the United States prepares to play his shot from the second tee during the second round of the Sony Open in Hawaii 2026 at Waialae Country Club on January 16, 2026 in Honolulu, Hawaii. (Cliff Hawkins/Getty Images)

Denny McCarthy finished tied for 50th at 14-under the last time he played in this tournament. He'll tee off at Pete Dye Stadium Course Jan. 22-25 with his sights set higher this time around in the 2026 American Express.

## McCarthy's recent history at The American Express

## At The American Express

- In McCarthy's most recent appearance at The American Express, in 2023, he finished tied for 50th after posting a score of 14-under.

- McCarthy's best finish at this event came in 2022, when he finished tied for sixth at 19-under.

- Sepp Straka won this tournament in 2025, finishing at 25-under.

## McCarthy's recent results

## McCarthy's recent performances

- McCarthy has finished in the top 20 three times over his last 10 appearances.

- He had his best finish at the Wyndham Championship, where he finished tied for 11th with a score of 12-under.

- McCarthy has an average of -0.471 Strokes Gained: Off-the-Tee in his past five tournaments.

- He has an average of 0.139 Strokes Gained: Approach the Green in his past five tournaments.

- He has an average of 0.978 Strokes Gained: Putting in his past five tournaments.

- McCarthy has averaged 0.460 Strokes Gained: Total in his past five tournaments.

## McCarthy's Strokes Gained rankings

## McCarthy's advanced stats and rankings

- McCarthy posted a Strokes Gained: Off-the-Tee average of 0.553 (23rd) this season, while his average Driving Distance of 310.9 yards ranked 41st on TOUR.

- In terms of Strokes Gained: Approach the Green this season, McCarthy sported a -0.218 mark that ranked 71st on TOUR. He ranked 32nd with a 72.22% Greens in Regulation rate.

- On the greens, McCarthy delivered a 0.493 Strokes Gained: Putting mark this season, which placed him 29th on TOUR. In addition, he ranked 80th with a Putts Per Round average of 30.75, and he ranked 37th by breaking par 22.22% of the time.

- McCarthy has earned 12 FedExCup Regular Season points this season, ranking 39th.

All stats in this article are accurate for McCarthy as of the start of The American Express.

Responsible sports betting starts with a game plan. Set a budget. Keep it social. Play with friends. Learn the game and know the odds. Play with trusted, licensed operators. CLICK HERE to learn more at HaveAGamePlan.org.

Note: Using player performance data from ShotLink powered by CDW, the PGA TOUR has created this story using AWS Gen AI technology. While we strive for accuracy and quality, please note that the information provided may not be entirely error-free.

The American Express

- PGA TOUR

PGA TOUR, PGA TOUR Champions, and the Swinging Golfer design are registered trademarks. The Korn Ferry trademark is also a registered trademark, and is used in the Korn Ferry Tour logo with permission."
Chad Ramey betting profile: The American Express,Chad Ramey betting profile: The American Express - PGA TOUR,Chad Ramey has missed the cut in his last three appearances at The American Express. He'll tee off at Pete Dye Stadium Course Jan. 22-25 with hopes of making hi,,,the-american-express,https://www.pgatour.com/article/news/betting-profile/2026/the-american-express/chad-ramey-pga-tour-betting-stats-the-american-express-2026,"1 Min Read Chad Ramey of the United States watches his shot from the 10th tee during the second round of the Butterfield Bermuda Championship 2025 at Port Royal Golf Course on November 14, 2025 in Southampton, Bermuda. (Kenneth Richmond/Getty Images) Chad Ramey has missed the cut in his last three appearances at The American Express. He'll tee off at Pete Dye Stadium Course Jan. 22-25 with hopes of making his first weekend at this tournament.",Ramey's recent history at The American Express | At The American Express | Ramey's recent results | Ramey's recent performances | Ramey's Strokes Gained rankings | Ramey's advanced stats and rankings | Jacob Bridgeman betting profile: The American Express | Zach Johnson betting profile: The American Express | Sami Valimaki betting profile: The American Express | THE TOUR | Partnerships | Quick Links | Shop | Apps,"In Ramey's most recent appearance at The American Express, in 2025, he missed the cut after posting a score of 8-under. | Ramey has missed the cut in all three of his appearances at this tournament in the past five years. | Sepp Straka won this tournament in 2025, finishing at 25-under. | Ramey has one top-five finish over his last ten appearances. | He had his best finish at the World Wide Technology Championship, where he finished tied for second with a score of 27-under. | Ramey has an average of 0.388 Strokes Gained: Off-the-Tee in his past five tournaments. | He has an average of -0.196 Strokes Gained: Approach the Green in his past five tournaments. | He has averaged 0.206 Strokes Gained: Total in his past five tournaments. | Ramey has posted a Strokes Gained: Off-the-Tee average of -0.087 (70th) this season, while his average Driving Distance of 306.5 yards ranks 66th on TOUR. | In terms of Strokes Gained: Approach the Green this season, Ramey sports a -0.582 mark that ranks 86th on TOUR. He ranks 97th with a 62.50% Greens in Regulation rate. | On the greens, Ramey has delivered a 0.033 Strokes Gained: Putting mark this season, which places him 56th on TOUR. In addition, he ranks 22nd with a Putts Per Round average of 29.00, and he ranks 75th by breaking par 18.06% of the time. | Ramey currently has 3 FedExCup Regular Season points, ranking 70th. | PGA TOUR","1 Min Read
Chad Ramey of the United States watches his shot from the 10th tee during the second round of the Butterfield Bermuda Championship 2025 at Port Royal Golf Course on November 14, 2025 in Southampton, Bermuda. (Kenneth Richmond/Getty Images)
Chad Ramey has missed the cut in his last three appearances at The American Express. He'll tee off at Pete Dye Stadium Course Jan. 22-25 with hopes of making his first weekend at this tournament.
All stats in this article are accurate for Ramey as of the start of The American Express.
Responsible sports betting starts with a game plan. Set a budget. Keep it social. Play with friends. Learn the game and know the odds. Play with trusted, licensed operators. CLICK HERE to learn more at HaveAGamePlan.org.
Note: Using player performance data from ShotLink powered by CDW, the PGA TOUR has created this story using AWS Gen AI technology. While we strive for accuracy and quality, please note that the information provided may not be entirely error-free.
The American Express
PGA TOUR, PGA TOUR Champions, and the Swinging Golfer design are registered trademarks. The Korn Ferry trademark is also a registered trademark, and is used in the Korn Ferry Tour logo with permission.","1 Min Read

Chad Ramey of the United States watches his shot from the 10th tee during the second round of the Butterfield Bermuda Championship 2025 at Port Royal Golf Course on November 14, 2025 in Southampton, Bermuda. (Kenneth Richmond/Getty Images)

Chad Ramey has missed the cut in his last three appearances at The American Express. He'll tee off at Pete Dye Stadium Course Jan. 22-25 with hopes of making his first weekend at this tournament.

## Ramey's recent history at The American Express

## At The American Express

- In Ramey's most recent appearance at The American Express, in 2025, he missed the cut after posting a score of 8-under.

- Ramey has missed the cut in all three of his appearances at this tournament in the past five years.

- Sepp Straka won this tournament in 2025, finishing at 25-under.

## Ramey's recent results

## Ramey's recent performances

- Ramey has one top-five finish over his last ten appearances.

- He had his best finish at the World Wide Technology Championship, where he finished tied for second with a score of 27-under.

- Ramey has an average of 0.388 Strokes Gained: Off-the-Tee in his past five tournaments.

- He has an average of -0.196 Strokes Gained: Approach the Green in his past five tournaments.

- He has averaged 0.206 Strokes Gained: Total in his past five tournaments.

## Ramey's Strokes Gained rankings

## Ramey's advanced stats and rankings

- Ramey has posted a Strokes Gained: Off-the-Tee average of -0.087 (70th) this season, while his average Driving Distance of 306.5 yards ranks 66th on TOUR.

- In terms of Strokes Gained: Approach the Green this season, Ramey sports a -0.582 mark that ranks 86th on TOUR. He ranks 97th with a 62.50% Greens in Regulation rate.

- On the greens, Ramey has delivered a 0.033 Strokes Gained: Putting mark this season, which places him 56th on TOUR. In addition, he ranks 22nd with a Putts Per Round average of 29.00, and he ranks 75th by breaking par 18.06% of the time.

- Ramey currently has 3 FedExCup Regular Season points, ranking 70th.

All stats in this article are accurate for Ramey as of the start of The American Express.

Responsible sports betting starts with a game plan. Set a budget. Keep it social. Play with friends. Learn the game and know the odds. Play with trusted, licensed operators. CLICK HERE to learn more at HaveAGamePlan.org.

Note: Using player performance data from ShotLink powered by CDW, the PGA TOUR has created this story using AWS Gen AI technology. While we strive for accuracy and quality, please note that the information provided may not be entirely error-free.

The American Express

- PGA TOUR

PGA TOUR, PGA TOUR Champions, and the Swinging Golfer design are registered trademarks. The Korn Ferry trademark is also a registered trademark, and is used in the Korn Ferry Tour logo with permission."
Eric Cole betting profile: The American Express,Eric Cole betting profile: The American Express - PGA TOUR,"Eric Cole has competed at The American Express three straight years with mixed results, including a tied for 21st finish in 2024. He'll tee off at Pete Dye Stad",,,the-american-express,https://www.pgatour.com/article/news/betting-profile/2026/the-american-express/eric-cole-pga-tour-betting-stats-the-american-express-2026,"1 Min Read Eric Cole of the United States plays his shot from the 15th tee during the second round of the Sony Open in Hawaii 2026 at Waialae Country Club on January 16, 2026 in Honolulu, Hawaii. (Mike Mulholland/Getty Images) Eric Cole has competed at The American Express three straight years with mixed results, including a tied for 21st finish in 2024. He'll tee off at Pete Dye Stadium Course Jan. 22-25 looking to improve upon his tied for 68th showing in 2025.",Cole's recent history at The American Express | At The American Express | Cole's recent results | Cole's recent performances | Cole's Strokes Gained rankings | Cole's advanced stats and rankings | Jacob Bridgeman betting profile: The American Express | Zach Johnson betting profile: The American Express | Sami Valimaki betting profile: The American Express | THE TOUR | Partnerships | Quick Links | Shop | Apps,"In Cole's most recent appearance at The American Express, in 2025, he finished tied for 68th after posting a score of 7-under. | Cole's best finish at this event came in 2024, when he finished tied for 21st at 20-under. | Sepp Straka won this tournament in 2025, finishing at 25-under. | Cole has finished in the top ten twice over his last ten appearances. | He had his best finish at the Sanderson Farms Championship, where he finished tied for ninth with a score of 16-under. | Cole has an average of -0.520 Strokes Gained: Off-the-Tee in his past five tournaments. | He has an average of 0.670 Strokes Gained: Approach the Green in his past five tournaments. | He has an average of -0.093 Strokes Gained: Around-the-Green in his past five tournaments. | Cole has an average of 0.488 Strokes Gained: Putting in his past five tournaments. | Cole has averaged 0.545 Strokes Gained: Total in his past five tournaments. | Cole posts a Strokes Gained: Off-the-Tee average of -1.254 (115th) this season, while his average Driving Distance of 293.3 yards ranks 103rd on TOUR. | In terms of Strokes Gained: Approach the Green this season, Cole sports a 0.777 mark that ranks 20th on TOUR. He ranks 109th with a 55.56% Greens in Regulation rate. | Around the greens, Cole delivers a 0.818 Strokes Gained: Around-the-Green mark this season, which places him sixth on TOUR. | On the greens, Cole delivers a -0.932 Strokes Gained: Putting mark this season, which places him 94th on TOUR. In addition, he ranks ninth with a Putts Per Round average of 28.00, and he ranks 80th by breaking par 16.67% of the time. | PGA TOUR","1 Min Read
Eric Cole of the United States plays his shot from the 15th tee during the second round of the Sony Open in Hawaii 2026 at Waialae Country Club on January 16, 2026 in Honolulu, Hawaii. (Mike Mulholland/Getty Images)
Eric Cole has competed at The American Express three straight years with mixed results, including a tied for 21st finish in 2024. He'll tee off at Pete Dye Stadium Course Jan. 22-25 looking to improve upon his tied for 68th showing in 2025.
All stats in this article are accurate for Cole as of the start of The American Express.
Responsible sports betting starts with a game plan. Set a budget. Keep it social. Play with friends. Learn the game and know the odds. Play with trusted, licensed operators. CLICK HERE to learn more at HaveAGamePlan.org.
Note: Using player performance data from ShotLink powered by CDW, the PGA TOUR has created this story using AWS Gen AI technology. While we strive for accuracy and quality, please note that the information provided may not be entirely error-free.
The American Express
PGA TOUR, PGA TOUR Champions, and the Swinging Golfer design are registered trademarks. The Korn Ferry trademark is also a registered trademark, and is used in the Korn Ferry Tour logo with permission.","1 Min Read

Eric Cole of the United States plays his shot from the 15th tee during the second round of the Sony Open in Hawaii 2026 at Waialae Country Club on January 16, 2026 in Honolulu, Hawaii. (Mike Mulholland/Getty Images)

Eric Cole has competed at The American Express three straight years with mixed results, including a tied for 21st finish in 2024. He'll tee off at Pete Dye Stadium Course Jan. 22-25 looking to improve upon his tied for 68th showing in 2025.

## Cole's recent history at The American Express

## At The American Express

- In Cole's most recent appearance at The American Express, in 2025, he finished tied for 68th after posting a score of 7-under.

- Cole's best finish at this event came in 2024, when he finished tied for 21st at 20-under.

- Sepp Straka won this tournament in 2025, finishing at 25-under.

## Cole's recent results

## Cole's recent performances

- Cole has finished in the top ten twice over his last ten appearances.

- He had his best finish at the Sanderson Farms Championship, where he finished tied for ninth with a score of 16-under.

- Cole has an average of -0.520 Strokes Gained: Off-the-Tee in his past five tournaments.

- He has an average of 0.670 Strokes Gained: Approach the Green in his past five tournaments.

- He has an average of -0.093 Strokes Gained: Around-the-Green in his past five tournaments.

- Cole has an average of 0.488 Strokes Gained: Putting in his past five tournaments.

- Cole has averaged 0.545 Strokes Gained: Total in his past five tournaments.

## Cole's Strokes Gained rankings

## Cole's advanced stats and rankings

- Cole posts a Strokes Gained: Off-the-Tee average of -1.254 (115th) this season, while his average Driving Distance of 293.3 yards ranks 103rd on TOUR.

- In terms of Strokes Gained: Approach the Green this season, Cole sports a 0.777 mark that ranks 20th on TOUR. He ranks 109th with a 55.56% Greens in Regulation rate.

- Around the greens, Cole delivers a 0.818 Strokes Gained: Around-the-Green mark this season, which places him sixth on TOUR.

- On the greens, Cole delivers a -0.932 Strokes Gained: Putting mark this season, which places him 94th on TOUR. In addition, he ranks ninth with a Putts Per Round average of 28.00, and he ranks 80th by breaking par 16.67% of the time.

All stats in this article are accurate for Cole as of the start of The American Express.

Responsible sports betting starts with a game plan. Set a budget. Keep it social. Play with friends. Learn the game and know the odds. Play with trusted, licensed operators. CLICK HERE to learn more at HaveAGamePlan.org.

Note: Using player performance data from ShotLink powered by CDW, the PGA TOUR has created this story using AWS Gen AI technology. While we strive for accuracy and quality, please note that the information provided may not be entirely error-free.

The American Express

- PGA TOUR

PGA TOUR, PGA TOUR Champions, and the Swinging Golfer design are registered trademarks. The Korn Ferry trademark is also a registered trademark, and is used in the Korn Ferry Tour logo with permission."
Nico Echavarria betting profile: The American Express,Nico Echavarria betting profile: The American Express - PGA TOUR,"Nico Echavarria missed the cut at The American Express in 2025, shooting 6-under. He'll tee off at Pete Dye Stadium Course Jan. 22-25 with his sights set on mak",,,the-american-express,https://www.pgatour.com/article/news/betting-profile/2026/the-american-express/nico-echavarria-pga-tour-betting-stats-the-american-express-2026,"1 Min Read Nico Echavarria of Colombia reacts after making birdie on the eighth green during the second round of the 125th U.S. OPEN at Oakmont Country Club on June 13, 2025 in Oakmont, Pennsylvania. (Andrew Redington/Getty Images) Nico Echavarria missed the cut at The American Express in 2025, shooting 6-under. He'll tee off at Pete Dye Stadium Course Jan. 22-25 with his sights set on making the weekend this time around in the 2026 American Express.",Echavarria's recent history at The American Express | At The American Express | Echavarria's recent results | Echavarria's recent performances | Echavarria's Strokes Gained rankings | Echavarria's advanced stats and rankings | Jacob Bridgeman betting profile: The American Express | Zach Johnson betting profile: The American Express | Sami Valimaki betting profile: The American Express | THE TOUR | Partnerships | Quick Links | Shop | Apps,"In Echavarria's most recent appearance at The American Express, in 2025, he missed the cut after posting a score of 6-under. | Sepp Straka won this tournament in 2025, finishing at 25-under. | Echavarria has finished in the top ten twice over his last ten appearances. | He had his best finish at The RSM Classic, where he finished tied for fourth with a score of 19-under. | Echavarria has an average of -0.139 Strokes Gained: Off-the-Tee in his past five tournaments. | He has an average of 0.550 Strokes Gained: Putting in his past five tournaments. | Echavarria has averaged 0.646 Strokes Gained: Total in his past five tournaments. | Echavarria has posted a Strokes Gained: Off-the-Tee average of -0.262 (80th) this season, while his average Driving Distance of 297.0 yards ranks 96th on TOUR. | In terms of Strokes Gained: Approach the Green this season, Echavarria sports a -0.573 mark that ranks 85th on TOUR. He ranks 69th with a 66.67% Greens in Regulation rate. | On the greens, Echavarria has delivered a -2.618 Strokes Gained: Putting mark this season, which places him 117th on TOUR. In addition, he ranks 117th with a Putts Per Round average of 33.50, and he ranks 109th by breaking par 11.11% of the time. | PGA TOUR","1 Min Read
Nico Echavarria of Colombia reacts after making birdie on the eighth green during the second round of the 125th U.S. OPEN at Oakmont Country Club on June 13, 2025 in Oakmont, Pennsylvania. (Andrew Redington/Getty Images)
Nico Echavarria missed the cut at The American Express in 2025, shooting 6-under. He'll tee off at Pete Dye Stadium Course Jan. 22-25 with his sights set on making the weekend this time around in the 2026 American Express.
All stats in this article are accurate for Echavarria as of the start of The American Express.
Responsible sports betting starts with a game plan. Set a budget. Keep it social. Play with friends. Learn the game and know the odds. Play with trusted, licensed operators. CLICK HERE to learn more at HaveAGamePlan.org.
Note: Using player performance data from ShotLink powered by CDW, the PGA TOUR has created this story using AWS Gen AI technology. While we strive for accuracy and quality, please note that the information provided may not be entirely error-free.
The American Express
PGA TOUR, PGA TOUR Champions, and the Swinging Golfer design are registered trademarks. The Korn Ferry trademark is also a registered trademark, and is used in the Korn Ferry Tour logo with permission.","1 Min Read

Nico Echavarria of Colombia reacts after making birdie on the eighth green during the second round of the 125th U.S. OPEN at Oakmont Country Club on June 13, 2025 in Oakmont, Pennsylvania. (Andrew Redington/Getty Images)

Nico Echavarria missed the cut at The American Express in 2025, shooting 6-under. He'll tee off at Pete Dye Stadium Course Jan. 22-25 with his sights set on making the weekend this time around in the 2026 American Express.

## Echavarria's recent history at The American Express

## At The American Express

- In Echavarria's most recent appearance at The American Express, in 2025, he missed the cut after posting a score of 6-under.

- Sepp Straka won this tournament in 2025, finishing at 25-under.

## Echavarria's recent results

## Echavarria's recent performances

- Echavarria has finished in the top ten twice over his last ten appearances.

- He had his best finish at The RSM Classic, where he finished tied for fourth with a score of 19-under.

- Echavarria has an average of -0.139 Strokes Gained: Off-the-Tee in his past five tournaments.

- He has an average of 0.550 Strokes Gained: Putting in his past five tournaments.

- Echavarria has averaged 0.646 Strokes Gained: Total in his past five tournaments.

## Echavarria's Strokes Gained rankings

## Echavarria's advanced stats and rankings

- Echavarria has posted a Strokes Gained: Off-the-Tee average of -0.262 (80th) this season, while his average Driving Distance of 297.0 yards ranks 96th on TOUR.

- In terms of Strokes Gained: Approach the Green this season, Echavarria sports a -0.573 mark that ranks 85th on TOUR. He ranks 69th with a 66.67% Greens in Regulation rate.

- On the greens, Echavarria has delivered a -2.618 Strokes Gained: Putting mark this season, which places him 117th on TOUR. In addition, he ranks 117th with a Putts Per Round average of 33.50, and he ranks 109th by breaking par 11.11% of the time.

All stats in this article are accurate for Echavarria as of the start of The American Express.

Responsible sports betting starts with a game plan. Set a budget. Keep it social. Play with friends. Learn the game and know the odds. Play with trusted, licensed operators. CLICK HERE to learn more at HaveAGamePlan.org.

Note: Using player performance data from ShotLink powered by CDW, the PGA TOUR has created this story using AWS Gen AI technology. While we strive for accuracy and quality, please note that the information provided may not be entirely error-free.

The American Express

- PGA TOUR

PGA TOUR, PGA TOUR Champions, and the Swinging Golfer design are registered trademarks. The Korn Ferry trademark is also a registered trademark, and is used in the Korn Ferry Tour logo with permission."
Chris Kirk betting profile: The American Express,Chris Kirk betting profile: The American Express - PGA TOUR,Chris Kirk finished tied for 34th at 13-under at The American Express in 2025. He'll tee off at Pete Dye Stadium Course Jan. 22-25 with his sights set higher th,,,the-american-express,https://www.pgatour.com/article/news/betting-profile/2026/the-american-express/chris-kirk-pga-tour-betting-stats-the-american-express-2026,"1 Min Read Chris Kirk of the United States plays his shot from the second tee during the second round of the Sony Open in Hawaii 2026 at Waialae Country Club on January 16, 2026 in Honolulu, Hawaii. (Cliff Hawkins/Getty Images) Chris Kirk finished tied for 34th at 13-under at The American Express in 2025. He'll tee off at Pete Dye Stadium Course Jan. 22-25 with his sights set higher this time around in the 2026 American Express.",Kirk's recent history at The American Express | At The American Express | Kirk's recent results | Kirk's recent performances | Kirk's Strokes Gained rankings | Kirk's advanced stats and rankings | Scottie Scheffler betting profile: The American Express | Harris English betting profile: The American Express | Sam Ryder betting profile: The American Express | THE TOUR | Partnerships | Quick Links | Shop | Apps,"In Kirk's most recent appearance at The American Express, in 2025, he finished tied for 34th after posting a score of 13-under. | Kirk's best finish at this event came in 2023, when he finished tied for third at 25-under. | Sepp Straka won this tournament in 2025, finishing at 25-under. | Kirk has finished in the top 20 five times over his last ten appearances. | Kirk has finished in the top 10 three times over his last ten appearances. | Kirk has finished in the top five twice over his last ten appearances. | He had his best finish at the Rocket Classic, where he finished tied for second with a score of 22-under. | Kirk has an average of 0.218 Strokes Gained: Off-the-Tee in his past five tournaments. | He has an average of 0.904 Strokes Gained: Approach the Green in his past five tournaments. | Kirk has averaged 1.558 Strokes Gained: Total in his past five tournaments. | Kirk is posting a Strokes Gained: Off-the-Tee average of 0.419 (34th) this season, while his average Driving Distance of 318.5 yards ranks 17th on TOUR. | In terms of Strokes Gained: Approach the Green this season, Kirk sports a 0.485 mark that ranks 32nd on TOUR. He ranks 22nd with a 75.00% Greens in Regulation rate. | On the greens, Kirk has delivered a -0.925 Strokes Gained: Putting mark this season, which places him 93rd on TOUR. In addition, he ranks 103rd with a Putts Per Round average of 32.00, and he ranks 80th by breaking par 16.67% of the time. | PGA TOUR","1 Min Read
Chris Kirk of the United States plays his shot from the second tee during the second round of the Sony Open in Hawaii 2026 at Waialae Country Club on January 16, 2026 in Honolulu, Hawaii. (Cliff Hawkins/Getty Images)
Chris Kirk finished tied for 34th at 13-under at The American Express in 2025. He'll tee off at Pete Dye Stadium Course Jan. 22-25 with his sights set higher this time around in the 2026 American Express.
All stats in this article are accurate for Kirk as of the start of The American Express.
Responsible sports betting starts with a game plan. Set a budget. Keep it social. Play with friends. Learn the game and know the odds. Play with trusted, licensed operators. CLICK HERE to learn more at HaveAGamePlan.org.
Note: Using player performance data from ShotLink powered by CDW, the PGA TOUR has created this story using AWS Gen AI technology. While we strive for accuracy and quality, please note that the information provided may not be entirely error-free.
The American Express
PGA TOUR, PGA TOUR Champions, and the Swinging Golfer design are registered trademarks. The Korn Ferry trademark is also a registered trademark, and is used in the Korn Ferry Tour logo with permission.","1 Min Read

Chris Kirk of the United States plays his shot from the second tee during the second round of the Sony Open in Hawaii 2026 at Waialae Country Club on January 16, 2026 in Honolulu, Hawaii. (Cliff Hawkins/Getty Images)

Chris Kirk finished tied for 34th at 13-under at The American Express in 2025. He'll tee off at Pete Dye Stadium Course Jan. 22-25 with his sights set higher this time around in the 2026 American Express.

## Kirk's recent history at The American Express

## At The American Express

- In Kirk's most recent appearance at The American Express, in 2025, he finished tied for 34th after posting a score of 13-under.

- Kirk's best finish at this event came in 2023, when he finished tied for third at 25-under.

- Sepp Straka won this tournament in 2025, finishing at 25-under.

## Kirk's recent results

## Kirk's recent performances

- Kirk has finished in the top 20 five times over his last ten appearances.

- Kirk has finished in the top 10 three times over his last ten appearances.

- Kirk has finished in the top five twice over his last ten appearances.

- He had his best finish at the Rocket Classic, where he finished tied for second with a score of 22-under.

- Kirk has an average of 0.218 Strokes Gained: Off-the-Tee in his past five tournaments.

- He has an average of 0.904 Strokes Gained: Approach the Green in his past five tournaments.

- Kirk has averaged 1.558 Strokes Gained: Total in his past five tournaments.

## Kirk's Strokes Gained rankings

## Kirk's advanced stats and rankings

- Kirk is posting a Strokes Gained: Off-the-Tee average of 0.419 (34th) this season, while his average Driving Distance of 318.5 yards ranks 17th on TOUR.

- In terms of Strokes Gained: Approach the Green this season, Kirk sports a 0.485 mark that ranks 32nd on TOUR. He ranks 22nd with a 75.00% Greens in Regulation rate.

- On the greens, Kirk has delivered a -0.925 Strokes Gained: Putting mark this season, which places him 93rd on TOUR. In addition, he ranks 103rd with a Putts Per Round average of 32.00, and he ranks 80th by breaking par 16.67% of the time.

All stats in this article are accurate for Kirk as of the start of The American Express.

Responsible sports betting starts with a game plan. Set a budget. Keep it social. Play with friends. Learn the game and know the odds. Play with trusted, licensed operators. CLICK HERE to learn more at HaveAGamePlan.org.

Note: Using player performance data from ShotLink powered by CDW, the PGA TOUR has created this story using AWS Gen AI technology. While we strive for accuracy and quality, please note that the information provided may not be entirely error-free.

The American Express

- PGA TOUR

PGA TOUR, PGA TOUR Champions, and the Swinging Golfer design are registered trademarks. The Korn Ferry trademark is also a registered trademark, and is used in the Korn Ferry Tour logo with permission."
Gary Woodland betting profile: The American Express,Gary Woodland betting profile: The American Express - PGA TOUR,"Gary Woodland last played The American Express in 2022, where he missed the cut after posting a score of 4-under. He'll tee off at Pete Dye Stadium Course Jan.",,,the-american-express,https://www.pgatour.com/article/news/betting-profile/2026/the-american-express/gary-woodland-pga-tour-betting-stats-the-american-express-2026,"1 Min Read Gary Woodland of the United States plays his shot from the second tee during the second round of the Sony Open in Hawaii 2026 at Waialae Country Club on January 16, 2026 in Honolulu, Hawaii. (Cliff Hawkins/Getty Images) Gary Woodland last played The American Express in 2022, where he missed the cut after posting a score of 4-under. He'll tee off at Pete Dye Stadium Course Jan. 22-25 with his sights set higher this time around in the 2026 The American Express.",Woodland's recent history at The American Express | At The American Express | Woodland's recent results | Woodland's recent performances | Woodland's Strokes Gained rankings | Woodland's advanced stats and rankings | Scottie Scheffler betting profile: The American Express | Harris English betting profile: The American Express | Sam Ryder betting profile: The American Express | THE TOUR | Partnerships | Quick Links | Shop | Apps,"In Woodland's most recent appearance at The American Express, in 2022, he missed the cut after posting a score of 4-under. | Woodland's best finish at this event came in 2021, when he finished tied for 16th at 12-under. | Sepp Straka won this tournament in 2025, finishing at 25-under. | Woodland has finished in the top-20 twice over his last ten appearances. | He had his best finish at the Procore Championship, where he finished tied for 19th with a score of 9-under. | Woodland has an average of 0.409 Strokes Gained: Off-the-Tee in his past five tournaments. | He has an average of 0.388 Strokes Gained: Approach the Green in his past five tournaments. | Woodland has averaged 0.460 Strokes Gained: Total in his past five tournaments. | Woodland posted a Strokes Gained: Off-the-Tee average of 1.014 (fifth) this season, while his average Driving Distance of 333.8 yards ranked second on TOUR. | In terms of Strokes Gained: Approach the Green this season, Woodland sported a -1.663 mark that ranked 112th on TOUR. He ranked 85th with a 63.89% Greens in Regulation rate. | On the greens, Woodland delivered a -0.630 Strokes Gained: Putting mark this season, which placed him 80th on TOUR. In addition, he ranked 69th with a Putts Per Round average of 30.50, and he ranked 96th by breaking par 13.89% of the time. | PGA TOUR","1 Min Read
Gary Woodland of the United States plays his shot from the second tee during the second round of the Sony Open in Hawaii 2026 at Waialae Country Club on January 16, 2026 in Honolulu, Hawaii. (Cliff Hawkins/Getty Images)
Gary Woodland last played The American Express in 2022, where he missed the cut after posting a score of 4-under. He'll tee off at Pete Dye Stadium Course Jan. 22-25 with his sights set higher this time around in the 2026 The American Express.
All stats in this article are accurate for Woodland as of the start of The American Express.
Responsible sports betting starts with a game plan. Set a budget. Keep it social. Play with friends. Learn the game and know the odds. Play with trusted, licensed operators. CLICK HERE to learn more at HaveAGamePlan.org.
Note: Using player performance data from ShotLink powered by CDW, the PGA TOUR has created this story using AWS Gen AI technology. While we strive for accuracy and quality, please note that the information provided may not be entirely error-free.
The American Express
PGA TOUR, PGA TOUR Champions, and the Swinging Golfer design are registered trademarks. The Korn Ferry trademark is also a registered trademark, and is used in the Korn Ferry Tour logo with permission.","1 Min Read

Gary Woodland of the United States plays his shot from the second tee during the second round of the Sony Open in Hawaii 2026 at Waialae Country Club on January 16, 2026 in Honolulu, Hawaii. (Cliff Hawkins/Getty Images)

Gary Woodland last played The American Express in 2022, where he missed the cut after posting a score of 4-under. He'll tee off at Pete Dye Stadium Course Jan. 22-25 with his sights set higher this time around in the 2026 The American Express.

## Woodland's recent history at The American Express

## At The American Express

- In Woodland's most recent appearance at The American Express, in 2022, he missed the cut after posting a score of 4-under.

- Woodland's best finish at this event came in 2021, when he finished tied for 16th at 12-under.

- Sepp Straka won this tournament in 2025, finishing at 25-under.

## Woodland's recent results

## Woodland's recent performances

- Woodland has finished in the top-20 twice over his last ten appearances.

- He had his best finish at the Procore Championship, where he finished tied for 19th with a score of 9-under.

- Woodland has an average of 0.409 Strokes Gained: Off-the-Tee in his past five tournaments.

- He has an average of 0.388 Strokes Gained: Approach the Green in his past five tournaments.

- Woodland has averaged 0.460 Strokes Gained: Total in his past five tournaments.

## Woodland's Strokes Gained rankings

## Woodland's advanced stats and rankings

- Woodland posted a Strokes Gained: Off-the-Tee average of 1.014 (fifth) this season, while his average Driving Distance of 333.8 yards ranked second on TOUR.

- In terms of Strokes Gained: Approach the Green this season, Woodland sported a -1.663 mark that ranked 112th on TOUR. He ranked 85th with a 63.89% Greens in Regulation rate.

- On the greens, Woodland delivered a -0.630 Strokes Gained: Putting mark this season, which placed him 80th on TOUR. In addition, he ranked 69th with a Putts Per Round average of 30.50, and he ranked 96th by breaking par 13.89% of the time.

All stats in this article are accurate for Woodland as of the start of The American Express.

Responsible sports betting starts with a game plan. Set a budget. Keep it social. Play with friends. Learn the game and know the odds. Play with trusted, licensed operators. CLICK HERE to learn more at HaveAGamePlan.org.

Note: Using player performance data from ShotLink powered by CDW, the PGA TOUR has created this story using AWS Gen AI technology. While we strive for accuracy and quality, please note that the information provided may not be entirely error-free.

The American Express

- PGA TOUR

PGA TOUR, PGA TOUR Champions, and the Swinging Golfer design are registered trademarks. The Korn Ferry trademark is also a registered trademark, and is used in the Korn Ferry Tour logo with permission."
Russell Henley betting profile: The American Express,Russell Henley betting profile: The American Express - PGA TOUR,Russell Henley finished tied for 14th at 14-under in his most recent appearance at The American Express in 2022. He'll tee off at Pete Dye Stadium Course Jan. 2,,,the-american-express,https://www.pgatour.com/article/news/betting-profile/2026/the-american-express/russell-henley-pga-tour-betting-stats-the-american-express-2026,"1 Min Read Russell Henley of the United States plays his shot from the second tee during the final round of the Sony Open in Hawaii 2026 at Waialae Country Club on January 18, 2026 in Honolulu, Hawaii. (Mike Mulholland/Getty Images) Russell Henley finished tied for 14th at 14-under in his most recent appearance at The American Express in 2022. He'll tee off at Pete Dye Stadium Course Jan. 22-25 with his sights set higher this time around in the 2026 American Express.",Henley's recent history at The American Express | At The American Express | Henley's recent results | Henley's recent performances | Henley's Strokes Gained rankings | Henley's advanced stats and rankings | Scottie Scheffler betting profile: The American Express | Harris English betting profile: The American Express | Sam Ryder betting profile: The American Express | THE TOUR | Partnerships | Quick Links | Shop | Apps,"In Henley's most recent appearance at The American Express, in 2022, he finished tied for 14th after posting a score of 14-under. | Sepp Straka won this tournament in 2025, finishing at 25-under. | Henley has finished in the top five three times and in the top 10 five times over his last ten appearances. | Henley has an average of 0.302 Strokes Gained: Off-the-Tee in his past five tournaments. | He has an average of 0.470 Strokes Gained: Approach the Green in his past five tournaments. | He has averaged 0.983 Strokes Gained: Total in his past five tournaments. | Henley ranks sixth on TOUR with a 1.285 Strokes Gained: Approach the Green average in 2026. His 72.22% Greens in Regulation rate ranks 32nd on TOUR. | He has posted a 0.461 Strokes Gained: Putting mark that ranks 31st on TOUR. In addition, he ranks 40th with a Putts Per Round average of 29.50, and he ranks 10th by breaking par 26.39% of the time. | Henley's -0.532 Strokes Gained: Off-the-Tee mark ranks 94th on TOUR, while his average Driving Distance of 309.3 yards ranks 50th. | He currently sits 19th on TOUR with 43 FedExCup Regular Season points and has delivered a 1.218 Strokes Gained: Total average that also ranks 19th. | PGA TOUR","1 Min Read
Russell Henley of the United States plays his shot from the second tee during the final round of the Sony Open in Hawaii 2026 at Waialae Country Club on January 18, 2026 in Honolulu, Hawaii. (Mike Mulholland/Getty Images)
Russell Henley finished tied for 14th at 14-under in his most recent appearance at The American Express in 2022. He'll tee off at Pete Dye Stadium Course Jan. 22-25 with his sights set higher this time around in the 2026 American Express.
All stats in this article are accurate for Henley as of the start of The American Express.
Responsible sports betting starts with a game plan. Set a budget. Keep it social. Play with friends. Learn the game and know the odds. Play with trusted, licensed operators. CLICK HERE to learn more at HaveAGamePlan.org.
Note: Using player performance data from ShotLink powered by CDW, the PGA TOUR has created this story using AWS Gen AI technology. While we strive for accuracy and quality, please note that the information provided may not be entirely error-free.
The American Express
PGA TOUR, PGA TOUR Champions, and the Swinging Golfer design are registered trademarks. The Korn Ferry trademark is also a registered trademark, and is used in the Korn Ferry Tour logo with permission.","1 Min Read

Russell Henley of the United States plays his shot from the second tee during the final round of the Sony Open in Hawaii 2026 at Waialae Country Club on January 18, 2026 in Honolulu, Hawaii. (Mike Mulholland/Getty Images)

Russell Henley finished tied for 14th at 14-under in his most recent appearance at The American Express in 2022. He'll tee off at Pete Dye Stadium Course Jan. 22-25 with his sights set higher this time around in the 2026 American Express.

## Henley's recent history at The American Express

## At The American Express

- In Henley's most recent appearance at The American Express, in 2022, he finished tied for 14th after posting a score of 14-under.

- Sepp Straka won this tournament in 2025, finishing at 25-under.

## Henley's recent results

## Henley's recent performances

- Henley has finished in the top five three times and in the top 10 five times over his last ten appearances.

- Henley has an average of 0.302 Strokes Gained: Off-the-Tee in his past five tournaments.

- He has an average of 0.470 Strokes Gained: Approach the Green in his past five tournaments.

- He has averaged 0.983 Strokes Gained: Total in his past five tournaments.

## Henley's Strokes Gained rankings

## Henley's advanced stats and rankings

- Henley ranks sixth on TOUR with a 1.285 Strokes Gained: Approach the Green average in 2026. His 72.22% Greens in Regulation rate ranks 32nd on TOUR.

- He has posted a 0.461 Strokes Gained: Putting mark that ranks 31st on TOUR. In addition, he ranks 40th with a Putts Per Round average of 29.50, and he ranks 10th by breaking par 26.39% of the time.

- Henley's -0.532 Strokes Gained: Off-the-Tee mark ranks 94th on TOUR, while his average Driving Distance of 309.3 yards ranks 50th.

- He currently sits 19th on TOUR with 43 FedExCup Regular Season points and has delivered a 1.218 Strokes Gained: Total average that also ranks 19th.

All stats in this article are accurate for Henley as of the start of The American Express.

Responsible sports betting starts with a game plan. Set a budget. Keep it social. Play with friends. Learn the game and know the odds. Play with trusted, licensed operators. CLICK HERE to learn more at HaveAGamePlan.org.

Note: Using player performance data from ShotLink powered by CDW, the PGA TOUR has created this story using AWS Gen AI technology. While we strive for accuracy and quality, please note that the information provided may not be entirely error-free.

The American Express

- PGA TOUR

PGA TOUR, PGA TOUR Champions, and the Swinging Golfer design are registered trademarks. The Korn Ferry trademark is also a registered trademark, and is used in the Korn Ferry Tour logo with permission."
Wyndham Clark betting profile: The American Express,Wyndham Clark betting profile: The American Express - PGA TOUR,Wyndham Clark missed the cut at 5-under in his most recent appearance at The American Express in 2025. He'll tee off at Pete Dye Stadium Course Jan. 22-25 with,,,the-american-express,https://www.pgatour.com/article/news/betting-profile/2026/the-american-express/wyndham-clark-pga-tour-betting-stats-the-american-express-2026,"1 Min Read Wyndham Clark of the United States looks on while playing the third hole during the final round of the Grant Thornton Invitational 2025 at Tiburon Golf Club on December 14, 2025 in Naples, Florida. (Johnnie Izquierdo/Getty Images) Wyndham Clark missed the cut at 5-under in his most recent appearance at The American Express in 2025. He'll tee off at Pete Dye Stadium Course Jan. 22-25 with his sights set on making the weekend this time around in the 2026 American Express.",Clark's recent history at The American Express | At The American Express | Clark's recent results | Clark's recent performances | Clark's Strokes Gained rankings | Clark's advanced stats and rankings | Scottie Scheffler betting profile: The American Express | Harris English betting profile: The American Express | Sam Ryder betting profile: The American Express | THE TOUR | Partnerships | Quick Links | Shop | Apps,"In Clark's most recent appearance at The American Express, in 2025, he missed the cut after posting a score of 5-under. | Clark's best finish at this event came in 2022, when he finished 13th at 15-under. | Sepp Straka won this tournament in 2025, finishing at 25-under. | Clark has finished in the top twenty four times over his last ten appearances. | He had his best finish at The Open Championship, where he finished tied for fourth with a score of 11-under. | Clark has an average of -0.174 Strokes Gained: Off-the-Tee in his past five tournaments. | He has an average of -0.496 Strokes Gained: Approach the Green in his past five tournaments. | He has an average of 0.234 Strokes Gained: Around-the-Green in his past five tournaments. | Clark has an average of 0.179 Strokes Gained: Putting in his past five tournaments. | He has averaged -0.256 Strokes Gained: Total in his past five tournaments. | Clark posted a -0.174 Strokes Gained: Off-the-Tee average in his past five tournaments. | In terms of Strokes Gained: Approach the Green in his past five tournaments, Clark recorded a -0.496 mark. | Around the green, Clark delivered a 0.234 Strokes Gained: Around-the-Green mark in his past five tournaments. | On the greens, Clark posted a 0.179 Strokes Gained: Putting average in his past five tournaments. | PGA TOUR","1 Min Read
Wyndham Clark of the United States looks on while playing the third hole during the final round of the Grant Thornton Invitational 2025 at Tiburon Golf Club on December 14, 2025 in Naples, Florida. (Johnnie Izquierdo/Getty Images)
Wyndham Clark missed the cut at 5-under in his most recent appearance at The American Express in 2025. He'll tee off at Pete Dye Stadium Course Jan. 22-25 with his sights set on making the weekend this time around in the 2026 American Express.
All stats in this article are accurate for Clark as of the start of The American Express.
Responsible sports betting starts with a game plan. Set a budget. Keep it social. Play with friends. Learn the game and know the odds. Play with trusted, licensed operators. CLICK HERE to learn more at HaveAGamePlan.org.
Note: Using player performance data from ShotLink powered by CDW, the PGA TOUR has created this story using AWS Gen AI technology. While we strive for accuracy and quality, please note that the information provided may not be entirely error-free.
The American Express
PGA TOUR, PGA TOUR Champions, and the Swinging Golfer design are registered trademarks. The Korn Ferry trademark is also a registered trademark, and is used in the Korn Ferry Tour logo with permission.","1 Min Read

Wyndham Clark of the United States looks on while playing the third hole during the final round of the Grant Thornton Invitational 2025 at Tiburon Golf Club on December 14, 2025 in Naples, Florida. (Johnnie Izquierdo/Getty Images)

Wyndham Clark missed the cut at 5-under in his most recent appearance at The American Express in 2025. He'll tee off at Pete Dye Stadium Course Jan. 22-25 with his sights set on making the weekend this time around in the 2026 American Express.

## Clark's recent history at The American Express

## At The American Express

- In Clark's most recent appearance at The American Express, in 2025, he missed the cut after posting a score of 5-under.

- Clark's best finish at this event came in 2022, when he finished 13th at 15-under.

- Sepp Straka won this tournament in 2025, finishing at 25-under.

## Clark's recent results

## Clark's recent performances

- Clark has finished in the top twenty four times over his last ten appearances.

- He had his best finish at The Open Championship, where he finished tied for fourth with a score of 11-under.

- Clark has an average of -0.174 Strokes Gained: Off-the-Tee in his past five tournaments.

- He has an average of -0.496 Strokes Gained: Approach the Green in his past five tournaments.

- He has an average of 0.234 Strokes Gained: Around-the-Green in his past five tournaments.

- Clark has an average of 0.179 Strokes Gained: Putting in his past five tournaments.

- He has averaged -0.256 Strokes Gained: Total in his past five tournaments.

## Clark's Strokes Gained rankings

## Clark's advanced stats and rankings

- Clark posted a -0.174 Strokes Gained: Off-the-Tee average in his past five tournaments.

- In terms of Strokes Gained: Approach the Green in his past five tournaments, Clark recorded a -0.496 mark.

- Around the green, Clark delivered a 0.234 Strokes Gained: Around-the-Green mark in his past five tournaments.

- On the greens, Clark posted a 0.179 Strokes Gained: Putting average in his past five tournaments.

All stats in this article are accurate for Clark as of the start of The American Express.

Responsible sports betting starts with a game plan. Set a budget. Keep it social. Play with friends. Learn the game and know the odds. Play with trusted, licensed operators. CLICK HERE to learn more at HaveAGamePlan.org.

Note: Using player performance data from ShotLink powered by CDW, the PGA TOUR has created this story using AWS Gen AI technology. While we strive for accuracy and quality, please note that the information provided may not be entirely error-free.

The American Express

- PGA TOUR

PGA TOUR, PGA TOUR Champions, and the Swinging Golfer design are registered trademarks. The Korn Ferry trademark is also a registered trademark, and is used in the Korn Ferry Tour logo with permission."
Robert MacIntyre betting profile: The American Express,Robert MacIntyre betting profile: The American Express - PGA TOUR,"Robert MacIntyre missed the cut the last time he played in this tournament in 2024, shooting 5-under. He'll tee off at Pete Dye Stadium Course Jan. 22-25 with h",,,the-american-express,https://www.pgatour.com/article/news/betting-profile/2026/the-american-express/robert-macintyre-pga-tour-betting-stats-the-american-express-2026,"1 Min Read Robert MacIntyre of Scotland and caddie Michael Burrow prepare to play his shot from the first tee during the final round of the Sony Open in Hawaii 2026 at Waialae Country Club on January 18, 2026 in Honolulu, Hawaii. (Cliff Hawkins/Getty Images) Robert MacIntyre missed the cut the last time he played in this tournament in 2024, shooting 5-under. He'll tee off at Pete Dye Stadium Course Jan. 22-25 with his sights set higher this time around in the 2026 American Express.",MacIntyre's recent history at The American Express | At The American Express | MacIntyre's recent results | MacIntyre's recent performances | MacIntyre's Strokes Gained rankings | MacIntyre's advanced stats and rankings | Scottie Scheffler betting profile: The American Express | Harris English betting profile: The American Express | Sam Ryder betting profile: The American Express | THE TOUR | Partnerships | Quick Links | Shop | Apps,"In MacIntyre's most recent appearance at The American Express, in 2024, he missed the cut after posting a score of 5-under. | Sepp Straka won this tournament in 2025, finishing at 25-under. | MacIntyre has finished in the top five three times and in the top 10 four times over his last ten appearances. | He had his best finish at the BMW Championship, where he finished second with a score of 13-under. | MacIntyre has an average of -0.118 Strokes Gained: Off-the-Tee in his past five tournaments. | He has an average of -0.235 Strokes Gained: Approach the Green in his past five tournaments. | He has averaged 0.718 Strokes Gained: Total in his past five tournaments. | MacIntyre posted a Strokes Gained: Off-the-Tee average of 0.843 (11th) this season, while his average Driving Distance of 311.0 yards ranked 40th on TOUR. | In terms of Strokes Gained: Approach the Green this season, MacIntyre sported a 0.860 mark that ranked 17th on TOUR. He ranked sixth with a 79.17% Greens in Regulation rate. | On the greens, MacIntyre delivered a 0.314 Strokes Gained: Putting mark this season, which placed him 41st on TOUR. In addition, he ranked 40th with a Putts Per Round average of 29.50, and he ranked fifth by breaking par 27.78% of the time. | MacIntyre ranks fourth in Strokes Gained: Total with an average of 2.218 this season, and he ranks fourth in FedExCup Regular Season points with 123. | PGA TOUR","1 Min Read
Robert MacIntyre of Scotland and caddie Michael Burrow prepare to play his shot from the first tee during the final round of the Sony Open in Hawaii 2026 at Waialae Country Club on January 18, 2026 in Honolulu, Hawaii. (Cliff Hawkins/Getty Images)
Robert MacIntyre missed the cut the last time he played in this tournament in 2024, shooting 5-under. He'll tee off at Pete Dye Stadium Course Jan. 22-25 with his sights set higher this time around in the 2026 American Express.
All stats in this article are accurate for MacIntyre as of the start of The American Express.
Responsible sports betting starts with a game plan. Set a budget. Keep it social. Play with friends. Learn the game and know the odds. Play with trusted, licensed operators. CLICK HERE to learn more at HaveAGamePlan.org.
Note: Using player performance data from ShotLink powered by CDW, the PGA TOUR has created this story using AWS Gen AI technology. While we strive for accuracy and quality, please note that the information provided may not be entirely error-free.
The American Express
PGA TOUR, PGA TOUR Champions, and the Swinging Golfer design are registered trademarks. The Korn Ferry trademark is also a registered trademark, and is used in the Korn Ferry Tour logo with permission.","1 Min Read

Robert MacIntyre of Scotland and caddie Michael Burrow prepare to play his shot from the first tee during the final round of the Sony Open in Hawaii 2026 at Waialae Country Club on January 18, 2026 in Honolulu, Hawaii. (Cliff Hawkins/Getty Images)

Robert MacIntyre missed the cut the last time he played in this tournament in 2024, shooting 5-under. He'll tee off at Pete Dye Stadium Course Jan. 22-25 with his sights set higher this time around in the 2026 American Express.

## MacIntyre's recent history at The American Express

## At The American Express

- In MacIntyre's most recent appearance at The American Express, in 2024, he missed the cut after posting a score of 5-under.

- Sepp Straka won this tournament in 2025, finishing at 25-under.

## MacIntyre's recent results

## MacIntyre's recent performances

- MacIntyre has finished in the top five three times and in the top 10 four times over his last ten appearances.

- He had his best finish at the BMW Championship, where he finished second with a score of 13-under.

- MacIntyre has an average of -0.118 Strokes Gained: Off-the-Tee in his past five tournaments.

- He has an average of -0.235 Strokes Gained: Approach the Green in his past five tournaments.

- He has averaged 0.718 Strokes Gained: Total in his past five tournaments.

## MacIntyre's Strokes Gained rankings

## MacIntyre's advanced stats and rankings

- MacIntyre posted a Strokes Gained: Off-the-Tee average of 0.843 (11th) this season, while his average Driving Distance of 311.0 yards ranked 40th on TOUR.

- In terms of Strokes Gained: Approach the Green this season, MacIntyre sported a 0.860 mark that ranked 17th on TOUR. He ranked sixth with a 79.17% Greens in Regulation rate.

- On the greens, MacIntyre delivered a 0.314 Strokes Gained: Putting mark this season, which placed him 41st on TOUR. In addition, he ranked 40th with a Putts Per Round average of 29.50, and he ranked fifth by breaking par 27.78% of the time.

- MacIntyre ranks fourth in Strokes Gained: Total with an average of 2.218 this season, and he ranks fourth in FedExCup Regular Season points with 123.

All stats in this article are accurate for MacIntyre as of the start of The American Express.

Responsible sports betting starts with a game plan. Set a budget. Keep it social. Play with friends. Learn the game and know the odds. Play with trusted, licensed operators. CLICK HERE to learn more at HaveAGamePlan.org.

Note: Using player performance data from ShotLink powered by CDW, the PGA TOUR has created this story using AWS Gen AI technology. While we strive for accuracy and quality, please note that the information provided may not be entirely error-free.

The American Express

- PGA TOUR

PGA TOUR, PGA TOUR Champions, and the Swinging Golfer design are registered trademarks. The Korn Ferry trademark is also a registered trademark, and is used in the Korn Ferry Tour logo with permission."
Kevin Yu betting profile: The American Express,Kevin Yu betting profile: The American Express - PGA TOUR,Kevin Yu returns to The American Express after missing the cut in 2025. He'll tee off at Pete Dye Stadium Course Jan. 22-25 with hopes of improving upon his rec,,,the-american-express,https://www.pgatour.com/article/news/betting-profile/2026/the-american-express/kevin-yu-pga-tour-betting-stats-the-american-express-2026,"1 Min Read Kevin Yu of Chinese Taipei plays his shot from the 13th tee during the first round of the Butterfield Bermuda Championship 2025 at Port Royal Golf Course on November 13, 2025 in Southampton, Bermuda. (Mike Mulholland/Getty Images) Kevin Yu returns to The American Express after missing the cut in 2025. He'll tee off at Pete Dye Stadium Course Jan. 22-25 with hopes of improving upon his recent struggles at this tournament.",Yu's recent history at The American Express | At The American Express | Yu's recent results | Yu's recent performances | Yu's Strokes Gained rankings | Yu's advanced stats and rankings | Scottie Scheffler betting profile: The American Express | Harris English betting profile: The American Express | Sam Ryder betting profile: The American Express | THE TOUR | Partnerships | Quick Links | Shop | Apps,"In Yu's most recent appearance at The American Express, in 2025, he missed the cut after posting a score of 8-under. | Yu's best finish at this event came in 2024, when he finished tied for third at 27-under. | Sepp Straka won this tournament in 2025, finishing at 25-under. | Yu has three top-20 finishes over his last ten appearances. | He had his best finish at the Sanderson Farms Championship, where he finished tied for 11th with a score of 15-under. | Yu has an average of 0.561 Strokes Gained: Off-the-Tee in his past five tournaments. | He has an average of -0.149 Strokes Gained: Approach the Green in his past five tournaments. | Yu has averaged 1.040 Strokes Gained: Total in his past five tournaments. | Yu has shown strong performance off the tee in his past five tournaments, averaging 0.561 Strokes Gained: Off-the-Tee. | His putting has been a strength recently, with an average of 0.614 Strokes Gained: Putting over his last five starts. | Yu's overall game has been solid, posting a 1.040 average in Strokes Gained: Total across his past five tournaments. | PGA TOUR","1 Min Read
Kevin Yu of Chinese Taipei plays his shot from the 13th tee during the first round of the Butterfield Bermuda Championship 2025 at Port Royal Golf Course on November 13, 2025 in Southampton, Bermuda. (Mike Mulholland/Getty Images)
Kevin Yu returns to The American Express after missing the cut in 2025. He'll tee off at Pete Dye Stadium Course Jan. 22-25 with hopes of improving upon his recent struggles at this tournament.
All stats in this article are accurate for Yu as of the start of The American Express.
Responsible sports betting starts with a game plan. Set a budget. Keep it social. Play with friends. Learn the game and know the odds. Play with trusted, licensed operators. CLICK HERE to learn more at HaveAGamePlan.org.
Note: Using player performance data from ShotLink powered by CDW, the PGA TOUR has created this story using AWS Gen AI technology. While we strive for accuracy and quality, please note that the information provided may not be entirely error-free.
The American Express
PGA TOUR, PGA TOUR Champions, and the Swinging Golfer design are registered trademarks. The Korn Ferry trademark is also a registered trademark, and is used in the Korn Ferry Tour logo with permission.","1 Min Read

Kevin Yu of Chinese Taipei plays his shot from the 13th tee during the first round of the Butterfield Bermuda Championship 2025 at Port Royal Golf Course on November 13, 2025 in Southampton, Bermuda. (Mike Mulholland/Getty Images)

Kevin Yu returns to The American Express after missing the cut in 2025. He'll tee off at Pete Dye Stadium Course Jan. 22-25 with hopes of improving upon his recent struggles at this tournament.

## Yu's recent history at The American Express

## At The American Express

- In Yu's most recent appearance at The American Express, in 2025, he missed the cut after posting a score of 8-under.

- Yu's best finish at this event came in 2024, when he finished tied for third at 27-under.

- Sepp Straka won this tournament in 2025, finishing at 25-under.

## Yu's recent results

## Yu's recent performances

- Yu has three top-20 finishes over his last ten appearances.

- He had his best finish at the Sanderson Farms Championship, where he finished tied for 11th with a score of 15-under.

- Yu has an average of 0.561 Strokes Gained: Off-the-Tee in his past five tournaments.

- He has an average of -0.149 Strokes Gained: Approach the Green in his past five tournaments.

- Yu has averaged 1.040 Strokes Gained: Total in his past five tournaments.

## Yu's Strokes Gained rankings

## Yu's advanced stats and rankings

- Yu has shown strong performance off the tee in his past five tournaments, averaging 0.561 Strokes Gained: Off-the-Tee.

- His putting has been a strength recently, with an average of 0.614 Strokes Gained: Putting over his last five starts.

- Yu's overall game has been solid, posting a 1.040 average in Strokes Gained: Total across his past five tournaments.

All stats in this article are accurate for Yu as of the start of The American Express.

Responsible sports betting starts with a game plan. Set a budget. Keep it social. Play with friends. Learn the game and know the odds. Play with trusted, licensed operators. CLICK HERE to learn more at HaveAGamePlan.org.

Note: Using player performance data from ShotLink powered by CDW, the PGA TOUR has created this story using AWS Gen AI technology. While we strive for accuracy and quality, please note that the information provided may not be entirely error-free.

The American Express

- PGA TOUR

PGA TOUR, PGA TOUR Champions, and the Swinging Golfer design are registered trademarks. The Korn Ferry trademark is also a registered trademark, and is used in the Korn Ferry Tour logo with permission."
Akshay Bhatia betting profile: The American Express,Akshay Bhatia betting profile: The American Express - PGA TOUR,"Akshay Bhatia returns to The American Express, set to tee off at Pete Dye Stadium Course from Jan. 22-25, 2026. Bhatia looks to improve upon his performance fro",,,the-american-express,https://www.pgatour.com/article/news/betting-profile/2026/the-american-express/akshay-bhatia-pga-tour-betting-stats-the-american-express-2026,"1 Min Read Akshay Bhatia of the United States lines up a putt on the seventh green during the third round of the Hero World Challenge 2025 at Albany Golf Course on December 06, 2025 in Nassau, Bahamas. (Jared C. Tilton/Getty Images) Akshay Bhatia returns to The American Express, set to tee off at Pete Dye Stadium Course from Jan. 22-25, 2026. Bhatia looks to improve upon his performance from his last two appearances at this tournament where he missed the cut.",Bhatia's recent history at The American Express | At The American Express | Bhatia's recent results | Bhatia's recent performances | Bhatia's Strokes Gained rankings | Bhatia's advanced stats and rankings | Scottie Scheffler betting profile: The American Express | Harris English betting profile: The American Express | Sam Ryder betting profile: The American Express | THE TOUR | Partnerships | Quick Links | Shop | Apps,"In Bhatia's most recent appearance at The American Express, in 2024, he missed the cut after posting a score of 12-under. | Sepp Straka won this tournament in 2025, finishing at 25-under. | Bhatia has finished in the top 10 once over his last ten appearances. | He had his best finish at the FedEx St. Jude Championship, where he finished tied for sixth with a score of 10-under. | Bhatia has an average of -0.017 Strokes Gained: Off-the-Tee in his past five tournaments. | He has an average of 0.376 Strokes Gained: Approach the Green in his past five tournaments. | Bhatia has averaged 0.082 Strokes Gained: Total in his past five tournaments. | In his past five tournaments, Bhatia posted a Strokes Gained: Off-the-Tee average of -0.017, indicating he lost ground to the field off the tee. | Bhatia showed strength in his approach game, sporting a 0.376 Strokes Gained: Approach the Green mark in his past five starts. | Around the greens, Bhatia delivered a -0.239 Strokes Gained: Around-the-Green mark in his past five tournaments. On the greens, he averaged -0.038 Strokes Gained: Putting over this span. | PGA TOUR","1 Min Read
Akshay Bhatia of the United States lines up a putt on the seventh green during the third round of the Hero World Challenge 2025 at Albany Golf Course on December 06, 2025 in Nassau, Bahamas. (Jared C. Tilton/Getty Images)
Akshay Bhatia returns to The American Express, set to tee off at Pete Dye Stadium Course from Jan. 22-25, 2026. Bhatia looks to improve upon his performance from his last two appearances at this tournament where he missed the cut.
All stats in this article are accurate for Bhatia as of the start of The American Express.
Responsible sports betting starts with a game plan. Set a budget. Keep it social. Play with friends. Learn the game and know the odds. Play with trusted, licensed operators. CLICK HERE to learn more at HaveAGamePlan.org.
Note: Using player performance data from ShotLink powered by CDW, the PGA TOUR has created this story using AWS Gen AI technology. While we strive for accuracy and quality, please note that the information provided may not be entirely error-free.
The American Express
PGA TOUR, PGA TOUR Champions, and the Swinging Golfer design are registered trademarks. The Korn Ferry trademark is also a registered trademark, and is used in the Korn Ferry Tour logo with permission.","1 Min Read

Akshay Bhatia of the United States lines up a putt on the seventh green during the third round of the Hero World Challenge 2025 at Albany Golf Course on December 06, 2025 in Nassau, Bahamas. (Jared C. Tilton/Getty Images)

Akshay Bhatia returns to The American Express, set to tee off at Pete Dye Stadium Course from Jan. 22-25, 2026. Bhatia looks to improve upon his performance from his last two appearances at this tournament where he missed the cut.

## Bhatia's recent history at The American Express

## At The American Express

- In Bhatia's most recent appearance at The American Express, in 2024, he missed the cut after posting a score of 12-under.

- Sepp Straka won this tournament in 2025, finishing at 25-under.

## Bhatia's recent results

## Bhatia's recent performances

- Bhatia has finished in the top 10 once over his last ten appearances.

- He had his best finish at the FedEx St. Jude Championship, where he finished tied for sixth with a score of 10-under.

- Bhatia has an average of -0.017 Strokes Gained: Off-the-Tee in his past five tournaments.

- He has an average of 0.376 Strokes Gained: Approach the Green in his past five tournaments.

- Bhatia has averaged 0.082 Strokes Gained: Total in his past five tournaments.

## Bhatia's Strokes Gained rankings

## Bhatia's advanced stats and rankings

- In his past five tournaments, Bhatia posted a Strokes Gained: Off-the-Tee average of -0.017, indicating he lost ground to the field off the tee.

- Bhatia showed strength in his approach game, sporting a 0.376 Strokes Gained: Approach the Green mark in his past five starts.

- Around the greens, Bhatia delivered a -0.239 Strokes Gained: Around-the-Green mark in his past five tournaments. On the greens, he averaged -0.038 Strokes Gained: Putting over this span.

All stats in this article are accurate for Bhatia as of the start of The American Express.

Responsible sports betting starts with a game plan. Set a budget. Keep it social. Play with friends. Learn the game and know the odds. Play with trusted, licensed operators. CLICK HERE to learn more at HaveAGamePlan.org.

Note: Using player performance data from ShotLink powered by CDW, the PGA TOUR has created this story using AWS Gen AI technology. While we strive for accuracy and quality, please note that the information provided may not be entirely error-free.

The American Express

- PGA TOUR

PGA TOUR, PGA TOUR Champions, and the Swinging Golfer design are registered trademarks. The Korn Ferry trademark is also a registered trademark, and is used in the Korn Ferry Tour logo with permission."
Harry Hall betting profile: The American Express,Harry Hall betting profile: The American Express - PGA TOUR,Harry Hall finished tied for 21st with a score of 15-under in his most recent appearance at this tournament in 2025. He'll tee off at Pete Dye Stadium Course Ja,,,the-american-express,https://www.pgatour.com/article/news/betting-profile/2026/the-american-express/harry-hall-pga-tour-betting-stats-the-american-express-2026,"1 Min Read Harry Hall of England plays his shot from the fourth tee during the final round of the Sony Open in Hawaii 2026 at Waialae Country Club on January 18, 2026 in Honolulu, Hawaii. (Mike Mulholland/Getty Images) Harry Hall finished tied for 21st with a score of 15-under in his most recent appearance at this tournament in 2025. He'll tee off at Pete Dye Stadium Course Jan. 22-25 with hopes of improving upon that performance in the 2026 The American Express.",Hall's recent history at The American Express | At The American Express | Hall's recent results | Hall's recent performances | Hall's Strokes Gained rankings | Hall's advanced stats and rankings | Jacob Bridgeman betting profile: The American Express | Zach Johnson betting profile: The American Express | Sami Valimaki betting profile: The American Express | THE TOUR | Partnerships | Quick Links | Shop | Apps,"In Hall's most recent appearance at The American Express, in 2025, he finished tied for 21st after posting a score of 15-under. | Sepp Straka won this tournament in 2025, finishing at 25-under. | Hall has finished in the top ten three times over his last ten appearances. | He had his best finish at the Sony Open in Hawaii, where he finished tied for sixth with a score of 11-under. | Hall has an average of -0.263 Strokes Gained: Off-the-Tee in his past five tournaments. | He has an average of -0.140 Strokes Gained: Approach the Green in his past five tournaments. | Hall has averaged 1.033 Strokes Gained: Total in his past five tournaments. | Hall posts a Strokes Gained: Off-the-Tee average of 0.720 (16th) this season, while his average Driving Distance of 311.1 yards ranks 39th on TOUR. | In terms of Strokes Gained: Approach the Green this season, Hall sports a 0.326 mark that ranks 39th on TOUR. He ranks 10th with a 77.78% Greens in Regulation rate. | On the greens, Hall delivers a 0.687 Strokes Gained: Putting mark this season, which places him 24th on TOUR. In addition, he ranks 60th with a Putts Per Round average of 30.00, and he leads TOUR with a first-ranked 6.94% Bogey Avoidance rate. | Hall currently ranks sixth in FedExCup Regular Season points with 86 points. | PGA TOUR","1 Min Read
Harry Hall of England plays his shot from the fourth tee during the final round of the Sony Open in Hawaii 2026 at Waialae Country Club on January 18, 2026 in Honolulu, Hawaii. (Mike Mulholland/Getty Images)
Harry Hall finished tied for 21st with a score of 15-under in his most recent appearance at this tournament in 2025. He'll tee off at Pete Dye Stadium Course Jan. 22-25 with hopes of improving upon that performance in the 2026 The American Express.
All stats in this article are accurate for Hall as of the start of The American Express.
Responsible sports betting starts with a game plan. Set a budget. Keep it social. Play with friends. Learn the game and know the odds. Play with trusted, licensed operators. CLICK HERE to learn more at HaveAGamePlan.org.
Note: Using player performance data from ShotLink powered by CDW, the PGA TOUR has created this story using AWS Gen AI technology. While we strive for accuracy and quality, please note that the information provided may not be entirely error-free.
The American Express
PGA TOUR, PGA TOUR Champions, and the Swinging Golfer design are registered trademarks. The Korn Ferry trademark is also a registered trademark, and is used in the Korn Ferry Tour logo with permission.","1 Min Read

Harry Hall of England plays his shot from the fourth tee during the final round of the Sony Open in Hawaii 2026 at Waialae Country Club on January 18, 2026 in Honolulu, Hawaii. (Mike Mulholland/Getty Images)

Harry Hall finished tied for 21st with a score of 15-under in his most recent appearance at this tournament in 2025. He'll tee off at Pete Dye Stadium Course Jan. 22-25 with hopes of improving upon that performance in the 2026 The American Express.

## Hall's recent history at The American Express

## At The American Express

- In Hall's most recent appearance at The American Express, in 2025, he finished tied for 21st after posting a score of 15-under.

- Sepp Straka won this tournament in 2025, finishing at 25-under.

## Hall's recent results

## Hall's recent performances

- Hall has finished in the top ten three times over his last ten appearances.

- He had his best finish at the Sony Open in Hawaii, where he finished tied for sixth with a score of 11-under.

- Hall has an average of -0.263 Strokes Gained: Off-the-Tee in his past five tournaments.

- He has an average of -0.140 Strokes Gained: Approach the Green in his past five tournaments.

- Hall has averaged 1.033 Strokes Gained: Total in his past five tournaments.

## Hall's Strokes Gained rankings

## Hall's advanced stats and rankings

- Hall posts a Strokes Gained: Off-the-Tee average of 0.720 (16th) this season, while his average Driving Distance of 311.1 yards ranks 39th on TOUR.

- In terms of Strokes Gained: Approach the Green this season, Hall sports a 0.326 mark that ranks 39th on TOUR. He ranks 10th with a 77.78% Greens in Regulation rate.

- On the greens, Hall delivers a 0.687 Strokes Gained: Putting mark this season, which places him 24th on TOUR. In addition, he ranks 60th with a Putts Per Round average of 30.00, and he leads TOUR with a first-ranked 6.94% Bogey Avoidance rate.

- Hall currently ranks sixth in FedExCup Regular Season points with 86 points.

All stats in this article are accurate for Hall as of the start of The American Express.

Responsible sports betting starts with a game plan. Set a budget. Keep it social. Play with friends. Learn the game and know the odds. Play with trusted, licensed operators. CLICK HERE to learn more at HaveAGamePlan.org.

Note: Using player performance data from ShotLink powered by CDW, the PGA TOUR has created this story using AWS Gen AI technology. While we strive for accuracy and quality, please note that the information provided may not be entirely error-free.

The American Express

- PGA TOUR

PGA TOUR, PGA TOUR Champions, and the Swinging Golfer design are registered trademarks. The Korn Ferry trademark is also a registered trademark, and is used in the Korn Ferry Tour logo with permission."
Nick Dunlap betting profile: The American Express,Nick Dunlap betting profile: The American Express - PGA TOUR,"Nick Dunlap won The American Express in 2024, shooting 29-under for his maiden PGA TOUR victory. He returns to Pete Dye Stadium Course in La Quinta, California,",,,the-american-express,https://www.pgatour.com/article/news/betting-profile/2026/the-american-express/nick-dunlap-pga-tour-betting-stats-the-american-express-2026,"1 Min Read Nick Dunlap watches his tee shot on the first hole during the third round of Sony Open in Hawaii at Waialae Country Club on January 17, 2026 in Honolulu, Hawaii. (Tracy Wilcox/PGA TOUR via Getty Images) Nick Dunlap won The American Express in 2024, shooting 29-under for his maiden PGA TOUR victory. He returns to Pete Dye Stadium Course in La Quinta, California, Jan. 22-25, looking to defend his title after finishing tied for 34th at 13-under in 2025.",Dunlap's recent history at The American Express | At The American Express | Dunlap's recent results | Dunlap's recent performances | Dunlap's Strokes Gained rankings | Dunlap's advanced stats and rankings | Jacob Bridgeman betting profile: The American Express | Zach Johnson betting profile: The American Express | Sami Valimaki betting profile: The American Express | THE TOUR | Partnerships | Quick Links | Shop | Apps,"In Dunlap's most recent appearance at The American Express, in 2025, he finished tied for 34th after posting a score of 13-under. | Dunlap's best finish at this event came in 2024, when he finished first at 29-under. | Sepp Straka won this tournament in 2025, finishing at 25-under. | Dunlap has finished in the top 10 once over his last ten appearances. | He had his best finish at the World Wide Technology Championship, where he finished tied for eighth with a score of 24-under. | Dunlap has an average of -0.719 Strokes Gained: Off-the-Tee in his past five tournaments. | He has an average of -0.304 Strokes Gained: Putting in his past five tournaments. | Dunlap has averaged -0.737 Strokes Gained: Total in his past five tournaments. | Dunlap ranks second on TOUR this season with a 1.697 Strokes Gained: Approach the Green average, while his 72.22% Greens in Regulation rate ranks 32nd. | His Strokes Gained: Off-the-Tee mark of -1.733 ranks 118th on TOUR, with an average Driving Distance of 290.9 yards ranking 107th. | Dunlap has posted a -0.087 Strokes Gained: Putting average that ranks 62nd on TOUR. He averages 29.50 putts per round (40th) and breaks par 23.61% of the time (28th). | PGA TOUR","1 Min Read
Nick Dunlap watches his tee shot on the first hole during the third round of Sony Open in Hawaii at Waialae Country Club on January 17, 2026 in Honolulu, Hawaii. (Tracy Wilcox/PGA TOUR via Getty Images)
Nick Dunlap won The American Express in 2024, shooting 29-under for his maiden PGA TOUR victory. He returns to Pete Dye Stadium Course in La Quinta, California, Jan. 22-25, looking to defend his title after finishing tied for 34th at 13-under in 2025.
All stats in this article are accurate for Dunlap as of the start of The American Express.
Responsible sports betting starts with a game plan. Set a budget. Keep it social. Play with friends. Learn the game and know the odds. Play with trusted, licensed operators. CLICK HERE to learn more at HaveAGamePlan.org.
Note: Using player performance data from ShotLink powered by CDW, the PGA TOUR has created this story using AWS Gen AI technology. While we strive for accuracy and quality, please note that the information provided may not be entirely error-free.
The American Express
PGA TOUR, PGA TOUR Champions, and the Swinging Golfer design are registered trademarks. The Korn Ferry trademark is also a registered trademark, and is used in the Korn Ferry Tour logo with permission.","1 Min Read

Nick Dunlap watches his tee shot on the first hole during the third round of Sony Open in Hawaii at Waialae Country Club on January 17, 2026 in Honolulu, Hawaii. (Tracy Wilcox/PGA TOUR via Getty Images)

Nick Dunlap won The American Express in 2024, shooting 29-under for his maiden PGA TOUR victory. He returns to Pete Dye Stadium Course in La Quinta, California, Jan. 22-25, looking to defend his title after finishing tied for 34th at 13-under in 2025.

## Dunlap's recent history at The American Express

## At The American Express

- In Dunlap's most recent appearance at The American Express, in 2025, he finished tied for 34th after posting a score of 13-under.

- Dunlap's best finish at this event came in 2024, when he finished first at 29-under.

- Sepp Straka won this tournament in 2025, finishing at 25-under.

## Dunlap's recent results

## Dunlap's recent performances

- Dunlap has finished in the top 10 once over his last ten appearances.

- He had his best finish at the World Wide Technology Championship, where he finished tied for eighth with a score of 24-under.

- Dunlap has an average of -0.719 Strokes Gained: Off-the-Tee in his past five tournaments.

- He has an average of -0.304 Strokes Gained: Putting in his past five tournaments.

- Dunlap has averaged -0.737 Strokes Gained: Total in his past five tournaments.

## Dunlap's Strokes Gained rankings

## Dunlap's advanced stats and rankings

- Dunlap ranks second on TOUR this season with a 1.697 Strokes Gained: Approach the Green average, while his 72.22% Greens in Regulation rate ranks 32nd.

- His Strokes Gained: Off-the-Tee mark of -1.733 ranks 118th on TOUR, with an average Driving Distance of 290.9 yards ranking 107th.

- Dunlap has posted a -0.087 Strokes Gained: Putting average that ranks 62nd on TOUR. He averages 29.50 putts per round (40th) and breaks par 23.61% of the time (28th).

All stats in this article are accurate for Dunlap as of the start of The American Express.

Responsible sports betting starts with a game plan. Set a budget. Keep it social. Play with friends. Learn the game and know the odds. Play with trusted, licensed operators. CLICK HERE to learn more at HaveAGamePlan.org.

Note: Using player performance data from ShotLink powered by CDW, the PGA TOUR has created this story using AWS Gen AI technology. While we strive for accuracy and quality, please note that the information provided may not be entirely error-free.

The American Express

- PGA TOUR

PGA TOUR, PGA TOUR Champions, and the Swinging Golfer design are registered trademarks. The Korn Ferry trademark is also a registered trademark, and is used in the Korn Ferry Tour logo with permission."
Jacob Bridgeman betting profile: The American Express,Jacob Bridgeman betting profile: The American Express - PGA TOUR,Jacob Bridgeman finished tied for 21st at 15-under in his most recent appearance at The American Express. He returns to Pete Dye Stadium Course Jan. 22-25 looki,,,the-american-express,https://www.pgatour.com/article/news/betting-profile/2026/the-american-express/jacob-bridgeman-pga-tour-betting-stats-the-american-express-2026,"1 Min Read Detailed view of The PGA TOUR flag during the second round of the Korn Ferry Tour Qualifying Tournament at Landings Club-Marshwood Course on November 6, 2022 in Savannah, Georgia. (Andrew Wevers/PGA TOUR) Jacob Bridgeman finished tied for 21st at 15-under in his most recent appearance at The American Express. He returns to Pete Dye Stadium Course Jan. 22-25 looking to improve on that performance at the 2026 American Express.",Bridgeman's recent history at The American Express | At The American Express | Bridgeman's recent results | Bridgeman's recent performances | Bridgeman's Strokes Gained rankings | Bridgeman's advanced stats and rankings | Scottie Scheffler betting profile: The American Express | Harris English betting profile: The American Express | Sam Ryder betting profile: The American Express | THE TOUR | Partnerships | Quick Links | Shop | Apps,"In Bridgeman's most recent appearance at The American Express, in 2025, he finished tied for 21st after posting a score of 15-under. | Sepp Straka won this tournament in 2025, finishing at 25-under. | Bridgeman has finished in the top five once and in the top 20 three times over his last ten appearances. | He had his best finish at the Sony Open in Hawaii, where he finished tied for fourth with a score of 12-under. | Bridgeman has an average of -0.201 Strokes Gained: Off-the-Tee in his past five tournaments. | He has an average of -0.203 Strokes Gained: Approach the Green in his past five tournaments. | He has an average of -0.502 Strokes Gained: Putting in his past five tournaments. | Bridgeman has averaged -0.674 Strokes Gained: Total in his past five tournaments. | Bridgeman posted a Strokes Gained: Off-the-Tee average of 0.021 (60th) this season, while his average Driving Distance of 314.3 yards ranked 27th on TOUR. | In terms of Strokes Gained: Approach the Green this season, Bridgeman sported a 0.710 mark that ranked 22nd on TOUR. He ranked 22nd with a 75.00% Greens in Regulation rate. | On the greens, Bridgeman delivered a 1.119 Strokes Gained: Putting mark this season, which placed him 12th on TOUR. In addition, he ranked 19th with a Putts Per Round average of 28.75, and he ranked third by breaking par 29.17% of the time. | Bridgeman currently sits fourth in FedExCup Regular Season points with 123 points. | PGA TOUR","1 Min Read
Detailed view of The PGA TOUR flag during the second round of the Korn Ferry Tour Qualifying Tournament at Landings Club-Marshwood Course on November 6, 2022 in Savannah, Georgia. (Andrew Wevers/PGA TOUR)
Jacob Bridgeman finished tied for 21st at 15-under in his most recent appearance at The American Express. He returns to Pete Dye Stadium Course Jan. 22-25 looking to improve on that performance at the 2026 American Express.
All stats in this article are accurate for Bridgeman as of the start of The American Express.
Responsible sports betting starts with a game plan. Set a budget. Keep it social. Play with friends. Learn the game and know the odds. Play with trusted, licensed operators. CLICK HERE to learn more at HaveAGamePlan.org.
Note: Using player performance data from ShotLink powered by CDW, the PGA TOUR has created this story using AWS Gen AI technology. While we strive for accuracy and quality, please note that the information provided may not be entirely error-free.
The American Express
PGA TOUR, PGA TOUR Champions, and the Swinging Golfer design are registered trademarks. The Korn Ferry trademark is also a registered trademark, and is used in the Korn Ferry Tour logo with permission.","1 Min Read

Detailed view of The PGA TOUR flag during the second round of the Korn Ferry Tour Qualifying Tournament at Landings Club-Marshwood Course on November 6, 2022 in Savannah, Georgia. (Andrew Wevers/PGA TOUR)

Jacob Bridgeman finished tied for 21st at 15-under in his most recent appearance at The American Express. He returns to Pete Dye Stadium Course Jan. 22-25 looking to improve on that performance at the 2026 American Express.

## Bridgeman's recent history at The American Express

## At The American Express

- In Bridgeman's most recent appearance at The American Express, in 2025, he finished tied for 21st after posting a score of 15-under.

- Sepp Straka won this tournament in 2025, finishing at 25-under.

## Bridgeman's recent results

## Bridgeman's recent performances

- Bridgeman has finished in the top five once and in the top 20 three times over his last ten appearances.

- He had his best finish at the Sony Open in Hawaii, where he finished tied for fourth with a score of 12-under.

- Bridgeman has an average of -0.201 Strokes Gained: Off-the-Tee in his past five tournaments.

- He has an average of -0.203 Strokes Gained: Approach the Green in his past five tournaments.

- He has an average of -0.502 Strokes Gained: Putting in his past five tournaments.

- Bridgeman has averaged -0.674 Strokes Gained: Total in his past five tournaments.

## Bridgeman's Strokes Gained rankings

## Bridgeman's advanced stats and rankings

- Bridgeman posted a Strokes Gained: Off-the-Tee average of 0.021 (60th) this season, while his average Driving Distance of 314.3 yards ranked 27th on TOUR.

- In terms of Strokes Gained: Approach the Green this season, Bridgeman sported a 0.710 mark that ranked 22nd on TOUR. He ranked 22nd with a 75.00% Greens in Regulation rate.

- On the greens, Bridgeman delivered a 1.119 Strokes Gained: Putting mark this season, which placed him 12th on TOUR. In addition, he ranked 19th with a Putts Per Round average of 28.75, and he ranked third by breaking par 29.17% of the time.

- Bridgeman currently sits fourth in FedExCup Regular Season points with 123 points.

All stats in this article are accurate for Bridgeman as of the start of The American Express.

Responsible sports betting starts with a game plan. Set a budget. Keep it social. Play with friends. Learn the game and know the odds. Play with trusted, licensed operators. CLICK HERE to learn more at HaveAGamePlan.org.

Note: Using player performance data from ShotLink powered by CDW, the PGA TOUR has created this story using AWS Gen AI technology. While we strive for accuracy and quality, please note that the information provided may not be entirely error-free.

The American Express

- PGA TOUR

PGA TOUR, PGA TOUR Champions, and the Swinging Golfer design are registered trademarks. The Korn Ferry trademark is also a registered trademark, and is used in the Korn Ferry Tour logo with permission."
Ryan Gerard betting profile: The American Express,Ryan Gerard betting profile: The American Express - PGA TOUR,Ryan Gerard finished tied for 51st at 11-under at The American Express last year. He'll tee off at Pete Dye Stadium Course Jan. 22-25 with hopes of improving hi,,,the-american-express,https://www.pgatour.com/article/news/betting-profile/2026/the-american-express/ryan-gerard-pga-tour-betting-stats-the-american-express-2026,"1 Min Read Ryan Gerard of the United States plays a shot on the 18th hole during the final round of the Sony Open in Hawaii 2026 at Waialae Country Club on January 18, 2026 in Honolulu, Hawaii. (Cliff Hawkins/Getty Images) Ryan Gerard finished tied for 51st at 11-under at The American Express last year. He'll tee off at Pete Dye Stadium Course Jan. 22-25 with hopes of improving his position in the 2026 The American Express.",Gerard's recent history at The American Express | At The American Express | Gerard's recent results | Gerard's recent performances | Gerard's Strokes Gained rankings | Gerard's advanced stats and rankings | Scottie Scheffler betting profile: The American Express | Harris English betting profile: The American Express | Sam Ryder betting profile: The American Express | THE TOUR | Partnerships | Quick Links | Shop | Apps,"In Gerard's most recent appearance at The American Express, in 2025, he finished tied for 51st after posting a score of 11-under. | Sepp Straka won this tournament in 2025, finishing at 25-under. | Gerard has finished in the top 20 three times over his last ten appearances. | He had his best finish at the Barracuda Championship, where he finished first. | Gerard has an average of -0.109 Strokes Gained: Off-the-Tee in his past five tournaments. | He has an average of 0.403 Strokes Gained: Approach the Green in his past five tournaments. | He has an average of -0.722 Strokes Gained: Putting in his past five tournaments. | Gerard has averaged -0.299 Strokes Gained: Total in his past five tournaments. | Gerard posted a Strokes Gained: Off-the-Tee average of 0.397 (35th) this season, while his average Driving Distance of 307.8 yards ranked 60th on TOUR. | In terms of Strokes Gained: Approach the Green this season, Gerard sported a 1.549 mark that ranked fourth on TOUR. He ranked 10th with a 77.78% Greens in Regulation rate. | On the greens, Gerard delivered a 0.308 Strokes Gained: Putting mark this season, which placed him 42nd on TOUR. In addition, he ranked 40th with a Putts Per Round average of 29.50, and he ranked fifth by breaking par 27.78% of the time. | Gerard's overall Strokes Gained: Total of 2.718 ranked second on TOUR this season, and his Bogey Avoidance rate of 8.33% ranked fourth. | He has earned 300 FedExCup Regular Season points, ranking second. | PGA TOUR","1 Min Read
Ryan Gerard of the United States plays a shot on the 18th hole during the final round of the Sony Open in Hawaii 2026 at Waialae Country Club on January 18, 2026 in Honolulu, Hawaii. (Cliff Hawkins/Getty Images)
Ryan Gerard finished tied for 51st at 11-under at The American Express last year. He'll tee off at Pete Dye Stadium Course Jan. 22-25 with hopes of improving his position in the 2026 The American Express.
All stats in this article are accurate for Gerard as of the start of The American Express.
Responsible sports betting starts with a game plan. Set a budget. Keep it social. Play with friends. Learn the game and know the odds. Play with trusted, licensed operators. CLICK HERE to learn more at HaveAGamePlan.org.
Note: Using player performance data from ShotLink powered by CDW, the PGA TOUR has created this story using AWS Gen AI technology. While we strive for accuracy and quality, please note that the information provided may not be entirely error-free.
The American Express
PGA TOUR, PGA TOUR Champions, and the Swinging Golfer design are registered trademarks. The Korn Ferry trademark is also a registered trademark, and is used in the Korn Ferry Tour logo with permission.","1 Min Read

Ryan Gerard of the United States plays a shot on the 18th hole during the final round of the Sony Open in Hawaii 2026 at Waialae Country Club on January 18, 2026 in Honolulu, Hawaii. (Cliff Hawkins/Getty Images)

Ryan Gerard finished tied for 51st at 11-under at The American Express last year. He'll tee off at Pete Dye Stadium Course Jan. 22-25 with hopes of improving his position in the 2026 The American Express.

## Gerard's recent history at The American Express

## At The American Express

- In Gerard's most recent appearance at The American Express, in 2025, he finished tied for 51st after posting a score of 11-under.

- Sepp Straka won this tournament in 2025, finishing at 25-under.

## Gerard's recent results

## Gerard's recent performances

- Gerard has finished in the top 20 three times over his last ten appearances.

- He had his best finish at the Barracuda Championship, where he finished first.

- Gerard has an average of -0.109 Strokes Gained: Off-the-Tee in his past five tournaments.

- He has an average of 0.403 Strokes Gained: Approach the Green in his past five tournaments.

- He has an average of -0.722 Strokes Gained: Putting in his past five tournaments.

- Gerard has averaged -0.299 Strokes Gained: Total in his past five tournaments.

## Gerard's Strokes Gained rankings

## Gerard's advanced stats and rankings

- Gerard posted a Strokes Gained: Off-the-Tee average of 0.397 (35th) this season, while his average Driving Distance of 307.8 yards ranked 60th on TOUR.

- In terms of Strokes Gained: Approach the Green this season, Gerard sported a 1.549 mark that ranked fourth on TOUR. He ranked 10th with a 77.78% Greens in Regulation rate.

- On the greens, Gerard delivered a 0.308 Strokes Gained: Putting mark this season, which placed him 42nd on TOUR. In addition, he ranked 40th with a Putts Per Round average of 29.50, and he ranked fifth by breaking par 27.78% of the time.

- Gerard's overall Strokes Gained: Total of 2.718 ranked second on TOUR this season, and his Bogey Avoidance rate of 8.33% ranked fourth.

- He has earned 300 FedExCup Regular Season points, ranking second.

All stats in this article are accurate for Gerard as of the start of The American Express.

Responsible sports betting starts with a game plan. Set a budget. Keep it social. Play with friends. Learn the game and know the odds. Play with trusted, licensed operators. CLICK HERE to learn more at HaveAGamePlan.org.

Note: Using player performance data from ShotLink powered by CDW, the PGA TOUR has created this story using AWS Gen AI technology. While we strive for accuracy and quality, please note that the information provided may not be entirely error-free.

The American Express

- PGA TOUR

PGA TOUR, PGA TOUR Champions, and the Swinging Golfer design are registered trademarks. The Korn Ferry trademark is also a registered trademark, and is used in the Korn Ferry Tour logo with permission."
Karl Vilips betting profile: The American Express,Karl Vilips betting profile: The American Express - PGA TOUR,Karl Vilips has not competed in The American Express in the last five years. He'll tee off at Pete Dye Stadium Course Jan. 22-25 with an opportunity to make his,,,the-american-express,https://www.pgatour.com/article/news/betting-profile/2026/the-american-express/karl-vilips-pga-tour-betting-stats-the-american-express-2026,"1 Min Read Karl Vilips of Australia alongside his caddie prepares to play his second shot on the 14th hole on day two of the Crown Australian Open 2025 at The Royal Melbourne Golf Club on December 05, 2025 in Melbourne, Australia. (Morgan Hancock/Getty Images) Karl Vilips has not competed in The American Express in the last five years. He'll tee off at Pete Dye Stadium Course Jan. 22-25 with an opportunity to make his mark in the 2026 tournament.",At The American Express | Vilips' recent results | Vilips' recent performances | Vilips' Strokes Gained rankings | Vilips' advanced stats and rankings | Jacob Bridgeman betting profile: The American Express | Zach Johnson betting profile: The American Express | Sami Valimaki betting profile: The American Express | THE TOUR | Partnerships | Quick Links | Shop | Apps,"This is Vilips' first time competing in The American Express in the past five years. | Sepp Straka won this tournament in 2025, finishing at 25-under. | Vilips has finished in the top-20 once over his last ten appearances. | He had his best finish at the Wyndham Championship, where he finished tied for nineteenth with a score of 10-under. | Vilips has an average of -0.369 Strokes Gained: Off-the-Tee in his past five tournaments. | He has an average of -0.186 Strokes Gained: Approach the Green in his past five tournaments. | Vilips has an average of 0.386 Strokes Gained: Around-the-Green in his past five tournaments. | He has an average of -0.006 Strokes Gained: Putting in his past five tournaments. | Vilips has averaged -0.174 Strokes Gained: Total in his past five tournaments. | Vilips posted an average of -0.369 Strokes Gained: Off-the-Tee over his past five tournaments. | In terms of Strokes Gained: Approach the Green over his past five starts, Vilips recorded a -0.186 mark. | Around the greens, Vilips delivered a positive 0.386 Strokes Gained: Around-the-Green average over his past five tournaments. | On the greens, Vilips posted a -0.006 Strokes Gained: Putting mark over his past five starts. | PGA TOUR","1 Min Read
Karl Vilips of Australia alongside his caddie prepares to play his second shot on the 14th hole on day two of the Crown Australian Open 2025 at The Royal Melbourne Golf Club on December 05, 2025 in Melbourne, Australia. (Morgan Hancock/Getty Images)
Karl Vilips has not competed in The American Express in the last five years. He'll tee off at Pete Dye Stadium Course Jan. 22-25 with an opportunity to make his mark in the 2026 tournament.
All stats in this article are accurate for Vilips as of the start of The American Express.
Responsible sports betting starts with a game plan. Set a budget. Keep it social. Play with friends. Learn the game and know the odds. Play with trusted, licensed operators. CLICK HERE to learn more at HaveAGamePlan.org.
Note: Using player performance data from ShotLink powered by CDW, the PGA TOUR has created this story using AWS Gen AI technology. While we strive for accuracy and quality, please note that the information provided may not be entirely error-free.
The American Express
PGA TOUR, PGA TOUR Champions, and the Swinging Golfer design are registered trademarks. The Korn Ferry trademark is also a registered trademark, and is used in the Korn Ferry Tour logo with permission.","1 Min Read

Karl Vilips of Australia alongside his caddie prepares to play his second shot on the 14th hole on day two of the Crown Australian Open 2025 at The Royal Melbourne Golf Club on December 05, 2025 in Melbourne, Australia. (Morgan Hancock/Getty Images)

Karl Vilips has not competed in The American Express in the last five years. He'll tee off at Pete Dye Stadium Course Jan. 22-25 with an opportunity to make his mark in the 2026 tournament.

## At The American Express

- This is Vilips' first time competing in The American Express in the past five years.

- Sepp Straka won this tournament in 2025, finishing at 25-under.

## Vilips' recent results

## Vilips' recent performances

- Vilips has finished in the top-20 once over his last ten appearances.

- He had his best finish at the Wyndham Championship, where he finished tied for nineteenth with a score of 10-under.

- Vilips has an average of -0.369 Strokes Gained: Off-the-Tee in his past five tournaments.

- He has an average of -0.186 Strokes Gained: Approach the Green in his past five tournaments.

- Vilips has an average of 0.386 Strokes Gained: Around-the-Green in his past five tournaments.

- He has an average of -0.006 Strokes Gained: Putting in his past five tournaments.

- Vilips has averaged -0.174 Strokes Gained: Total in his past five tournaments.

## Vilips' Strokes Gained rankings

## Vilips' advanced stats and rankings

- Vilips posted an average of -0.369 Strokes Gained: Off-the-Tee over his past five tournaments.

- In terms of Strokes Gained: Approach the Green over his past five starts, Vilips recorded a -0.186 mark.

- Around the greens, Vilips delivered a positive 0.386 Strokes Gained: Around-the-Green average over his past five tournaments.

- On the greens, Vilips posted a -0.006 Strokes Gained: Putting mark over his past five starts.

All stats in this article are accurate for Vilips as of the start of The American Express.

Responsible sports betting starts with a game plan. Set a budget. Keep it social. Play with friends. Learn the game and know the odds. Play with trusted, licensed operators. CLICK HERE to learn more at HaveAGamePlan.org.

Note: Using player performance data from ShotLink powered by CDW, the PGA TOUR has created this story using AWS Gen AI technology. While we strive for accuracy and quality, please note that the information provided may not be entirely error-free.

The American Express

- PGA TOUR

PGA TOUR, PGA TOUR Champions, and the Swinging Golfer design are registered trademarks. The Korn Ferry trademark is also a registered trademark, and is used in the Korn Ferry Tour logo with permission."
Jason Dufner betting profile: The American Express,Jason Dufner betting profile: The American Express - PGA TOUR,"Jason Dufner has missed the cut in his last three appearances at The American Express, most recently shooting 2-under in 2025. He'll tee off at Pete Dye Stadium",,,the-american-express,https://www.pgatour.com/article/news/betting-profile/2026/the-american-express/jason-dufner-pga-tour-betting-stats-the-american-express-2026,"1 Min Read Jason Dufner of the United States plays his shot from the eighth tee during the first round of The RSM Classic 2025 at Sea Island Resort Seaside Course on November 20, 2025 in St Simons Island, Georgia. (Jonathan Bachman/Getty Images) Jason Dufner has missed the cut in his last three appearances at The American Express, most recently shooting 2-under in 2025. He'll tee off at Pete Dye Stadium Course Jan. 22-25 with hopes of making the weekend this time around in the 2026 American Express.",Dufner's recent history at The American Express | At The American Express | Dufner's recent results | Dufner's recent performances | Dufner's Strokes Gained rankings | Dufner's advanced stats and rankings | Scottie Scheffler betting profile: The American Express | Harris English betting profile: The American Express | Sam Ryder betting profile: The American Express | THE TOUR | Partnerships | Quick Links | Shop | Apps,"In Dufner's most recent appearance at The American Express, in 2025, he missed the cut after posting a score of 2-under. | Dufner's best finish at this event came in 2022, when he finished tied for 40th at 10-under. | Sepp Straka won this tournament in 2025, finishing at 25-under. | Dufner had his best finish at the Procore Championship, where he finished tied for 30th with a score of 7-under. | Dufner has an average of -0.226 Strokes Gained: Off-the-Tee in his past five tournaments. | He has an average of -0.743 Strokes Gained: Approach the Green in his past five tournaments. | He has an average of -0.299 Strokes Gained: Around-the-Green in his past five tournaments. | Dufner has an average of 0.033 Strokes Gained: Putting in his past five tournaments. | Dufner has averaged -1.235 Strokes Gained: Total in his past five tournaments. | Dufner posted a Strokes Gained: Off-the-Tee average of -0.226 in his past five tournaments, indicating struggles with his driving. | In terms of Strokes Gained: Approach the Green in his past five tournaments, Dufner sported a -0.743 mark, showing challenges with his iron play. | On the greens, Dufner delivered a 0.033 Strokes Gained: Putting mark in his past five tournaments, which was his strongest area of his game during this stretch. | PGA TOUR","1 Min Read
Jason Dufner of the United States plays his shot from the eighth tee during the first round of The RSM Classic 2025 at Sea Island Resort Seaside Course on November 20, 2025 in St Simons Island, Georgia. (Jonathan Bachman/Getty Images)
Jason Dufner has missed the cut in his last three appearances at The American Express, most recently shooting 2-under in 2025. He'll tee off at Pete Dye Stadium Course Jan. 22-25 with hopes of making the weekend this time around in the 2026 American Express.
All stats in this article are accurate for Dufner as of the start of The American Express.
Responsible sports betting starts with a game plan. Set a budget. Keep it social. Play with friends. Learn the game and know the odds. Play with trusted, licensed operators. CLICK HERE to learn more at HaveAGamePlan.org.
Note: Using player performance data from ShotLink powered by CDW, the PGA TOUR has created this story using AWS Gen AI technology. While we strive for accuracy and quality, please note that the information provided may not be entirely error-free.
The American Express
PGA TOUR, PGA TOUR Champions, and the Swinging Golfer design are registered trademarks. The Korn Ferry trademark is also a registered trademark, and is used in the Korn Ferry Tour logo with permission.","1 Min Read

Jason Dufner of the United States plays his shot from the eighth tee during the first round of The RSM Classic 2025 at Sea Island Resort Seaside Course on November 20, 2025 in St Simons Island, Georgia. (Jonathan Bachman/Getty Images)

Jason Dufner has missed the cut in his last three appearances at The American Express, most recently shooting 2-under in 2025. He'll tee off at Pete Dye Stadium Course Jan. 22-25 with hopes of making the weekend this time around in the 2026 American Express.

## Dufner's recent history at The American Express

## At The American Express

- In Dufner's most recent appearance at The American Express, in 2025, he missed the cut after posting a score of 2-under.

- Dufner's best finish at this event came in 2022, when he finished tied for 40th at 10-under.

- Sepp Straka won this tournament in 2025, finishing at 25-under.

## Dufner's recent results

## Dufner's recent performances

- Dufner had his best finish at the Procore Championship, where he finished tied for 30th with a score of 7-under.

- Dufner has an average of -0.226 Strokes Gained: Off-the-Tee in his past five tournaments.

- He has an average of -0.743 Strokes Gained: Approach the Green in his past five tournaments.

- He has an average of -0.299 Strokes Gained: Around-the-Green in his past five tournaments.

- Dufner has an average of 0.033 Strokes Gained: Putting in his past five tournaments.

- Dufner has averaged -1.235 Strokes Gained: Total in his past five tournaments.

## Dufner's Strokes Gained rankings

## Dufner's advanced stats and rankings

- Dufner posted a Strokes Gained: Off-the-Tee average of -0.226 in his past five tournaments, indicating struggles with his driving.

- In terms of Strokes Gained: Approach the Green in his past five tournaments, Dufner sported a -0.743 mark, showing challenges with his iron play.

- On the greens, Dufner delivered a 0.033 Strokes Gained: Putting mark in his past five tournaments, which was his strongest area of his game during this stretch.

All stats in this article are accurate for Dufner as of the start of The American Express.

Responsible sports betting starts with a game plan. Set a budget. Keep it social. Play with friends. Learn the game and know the odds. Play with trusted, licensed operators. CLICK HERE to learn more at HaveAGamePlan.org.

Note: Using player performance data from ShotLink powered by CDW, the PGA TOUR has created this story using AWS Gen AI technology. While we strive for accuracy and quality, please note that the information provided may not be entirely error-free.

The American Express

- PGA TOUR

PGA TOUR, PGA TOUR Champions, and the Swinging Golfer design are registered trademarks. The Korn Ferry trademark is also a registered trademark, and is used in the Korn Ferry Tour logo with permission."
Adrien Saddier betting profile: The American Express,Adrien Saddier betting profile: The American Express - PGA TOUR,"Adrien Saddier has not competed in The American Express in the last five years. He'll be looking to make his mark at Pete Dye Stadium Course in La Quinta, Calif",,,the-american-express,https://www.pgatour.com/article/news/betting-profile/2026/the-american-express/adrien-saddier-pga-tour-betting-stats-the-american-express-2026,"1 Min Read Adrien Saddier of France plays his shot from the second tee during the second round of the Sony Open in Hawaii 2026 at Waialae Country Club on January 16, 2026 in Honolulu, Hawaii. (Cliff Hawkins/Getty Images) Adrien Saddier has not competed in The American Express in the last five years. He'll be looking to make his mark at Pete Dye Stadium Course in La Quinta, California from Jan. 22-25, 2026.",At The American Express | Saddier's recent results | Saddier's recent performances | Saddier's Strokes Gained rankings | Saddier's advanced stats and rankings | Scottie Scheffler betting profile: The American Express | Harris English betting profile: The American Express | Sam Ryder betting profile: The American Express | THE TOUR | Partnerships | Quick Links | Shop | Apps,"This is Saddier's first time competing in The American Express in the past five years. | Sepp Straka won this tournament in 2025, finishing at 25-under. | Saddier's best finish over his last ten appearances came at The Open Championship, where he finished tied for 52nd at even par. | He has an average of -0.027 Strokes Gained: Off-the-Tee in his past five tournaments. | Saddier has an average of 0.630 Strokes Gained: Approach the Green in his past five tournaments. | He has an average of -0.311 Strokes Gained: Around-the-Green in his past five tournaments. | Saddier has an average of 0.250 Strokes Gained: Putting in his past five tournaments. | He has averaged 0.542 Strokes Gained: Total in his past five tournaments. | Saddier posted a Strokes Gained: Off-the-Tee average of -0.778 (103rd) this season, while his average Driving Distance of 296.3 yards ranked 99th on TOUR. | In terms of Strokes Gained: Approach the Green this season, Saddier sported a -1.445 mark that ranked 109th on TOUR. He ranked 119th with a 47.22% Greens in Regulation rate. | On the greens, Saddier delivered a 0.345 Strokes Gained: Putting mark this season, which placed him 37th on TOUR. In addition, he ranked second with a Putts Per Round average of 27.00, and he ranked 17th by breaking par 25.00% of the time. | PGA TOUR","1 Min Read
Adrien Saddier of France plays his shot from the second tee during the second round of the Sony Open in Hawaii 2026 at Waialae Country Club on January 16, 2026 in Honolulu, Hawaii. (Cliff Hawkins/Getty Images)
Adrien Saddier has not competed in The American Express in the last five years. He'll be looking to make his mark at Pete Dye Stadium Course in La Quinta, California from Jan. 22-25, 2026.
All stats in this article are accurate for Saddier as of the start of The American Express.
Responsible sports betting starts with a game plan. Set a budget. Keep it social. Play with friends. Learn the game and know the odds. Play with trusted, licensed operators. CLICK HERE to learn more at HaveAGamePlan.org.
Note: Using player performance data from ShotLink powered by CDW, the PGA TOUR has created this story using AWS Gen AI technology. While we strive for accuracy and quality, please note that the information provided may not be entirely error-free.
The American Express
PGA TOUR, PGA TOUR Champions, and the Swinging Golfer design are registered trademarks. The Korn Ferry trademark is also a registered trademark, and is used in the Korn Ferry Tour logo with permission.","1 Min Read

Adrien Saddier of France plays his shot from the second tee during the second round of the Sony Open in Hawaii 2026 at Waialae Country Club on January 16, 2026 in Honolulu, Hawaii. (Cliff Hawkins/Getty Images)

Adrien Saddier has not competed in The American Express in the last five years. He'll be looking to make his mark at Pete Dye Stadium Course in La Quinta, California from Jan. 22-25, 2026.

## At The American Express

- This is Saddier's first time competing in The American Express in the past five years.

- Sepp Straka won this tournament in 2025, finishing at 25-under.

## Saddier's recent results

## Saddier's recent performances

- Saddier's best finish over his last ten appearances came at The Open Championship, where he finished tied for 52nd at even par.

- He has an average of -0.027 Strokes Gained: Off-the-Tee in his past five tournaments.

- Saddier has an average of 0.630 Strokes Gained: Approach the Green in his past five tournaments.

- He has an average of -0.311 Strokes Gained: Around-the-Green in his past five tournaments.

- Saddier has an average of 0.250 Strokes Gained: Putting in his past five tournaments.

- He has averaged 0.542 Strokes Gained: Total in his past five tournaments.

## Saddier's Strokes Gained rankings

## Saddier's advanced stats and rankings

- Saddier posted a Strokes Gained: Off-the-Tee average of -0.778 (103rd) this season, while his average Driving Distance of 296.3 yards ranked 99th on TOUR.

- In terms of Strokes Gained: Approach the Green this season, Saddier sported a -1.445 mark that ranked 109th on TOUR. He ranked 119th with a 47.22% Greens in Regulation rate.

- On the greens, Saddier delivered a 0.345 Strokes Gained: Putting mark this season, which placed him 37th on TOUR. In addition, he ranked second with a Putts Per Round average of 27.00, and he ranked 17th by breaking par 25.00% of the time.

All stats in this article are accurate for Saddier as of the start of The American Express.

Responsible sports betting starts with a game plan. Set a budget. Keep it social. Play with friends. Learn the game and know the odds. Play with trusted, licensed operators. CLICK HERE to learn more at HaveAGamePlan.org.

Note: Using player performance data from ShotLink powered by CDW, the PGA TOUR has created this story using AWS Gen AI technology. While we strive for accuracy and quality, please note that the information provided may not be entirely error-free.

The American Express

- PGA TOUR

PGA TOUR, PGA TOUR Champions, and the Swinging Golfer design are registered trademarks. The Korn Ferry trademark is also a registered trademark, and is used in the Korn Ferry Tour logo with permission."
Sam Ryder betting profile: The American Express,Sam Ryder betting profile: The American Express - PGA TOUR,Sam Ryder finished tied for 43rd at 12-under in his most recent appearance at The American Express in 2025. He'll tee off at Pete Dye Stadium Course Jan. 22-25,,,the-american-express,https://www.pgatour.com/article/news/betting-profile/2026/the-american-express/sam-ryder-pga-tour-betting-stats-the-american-express-2026,"1 Min Read Sam Ryder plays a shot from the 9th tee during the second round of PGA TOUR Q-School presented by Korn Ferry on the Dye's Valley Course at TPC Sawgrass on December 12, 2025 in Ponte Vedra Beach, Florida. (James Gilbert/Getty Images) Sam Ryder finished tied for 43rd at 12-under in his most recent appearance at The American Express in 2025. He'll tee off at Pete Dye Stadium Course Jan. 22-25 with hopes of improving upon that performance in the 2026 tournament.",Ryder's recent history at The American Express | At The American Express | Ryder's recent results | Ryder's recent performances | Ryder's Strokes Gained rankings | Ryder's advanced stats and rankings | Jacob Bridgeman betting profile: The American Express | Zach Johnson betting profile: The American Express | Sami Valimaki betting profile: The American Express | THE TOUR | Partnerships | Quick Links | Shop | Apps,"In Ryder's most recent appearance at The American Express, in 2025, he finished tied for 43rd after posting a score of 12-under. | Sepp Straka won this tournament in 2025, finishing at 25-under. | Ryder has finished in the top 20 three times over his last ten appearances. | He had his best finish at the Barracuda Championship, where he finished tied for 14th. | Ryder has an average of -0.018 Strokes Gained: Off-the-Tee in his past five tournaments. | He has an average of 0.164 Strokes Gained: Approach the Green in his past five tournaments. | He has an average of -0.325 Strokes Gained: Around-the-Green in his past five tournaments. | Ryder has an average of 0.399 Strokes Gained: Putting in his past five tournaments. | He has averaged 0.221 Strokes Gained: Total in his past five tournaments. | Ryder posted an average of -0.018 Strokes Gained: Off-the-Tee in his past five tournaments. | In terms of Strokes Gained: Approach the Green, Ryder sported a 0.164 mark in his past five starts. | On the greens, Ryder delivered a 0.399 Strokes Gained: Putting mark in his past five tournaments. | PGA TOUR","1 Min Read
Sam Ryder plays a shot from the 9th tee during the second round of PGA TOUR Q-School presented by Korn Ferry on the Dye's Valley Course at TPC Sawgrass on December 12, 2025 in Ponte Vedra Beach, Florida. (James Gilbert/Getty Images)
Sam Ryder finished tied for 43rd at 12-under in his most recent appearance at The American Express in 2025. He'll tee off at Pete Dye Stadium Course Jan. 22-25 with hopes of improving upon that performance in the 2026 tournament.
All stats in this article are accurate for Ryder as of the start of The American Express.
Responsible sports betting starts with a game plan. Set a budget. Keep it social. Play with friends. Learn the game and know the odds. Play with trusted, licensed operators. CLICK HERE to learn more at HaveAGamePlan.org.
Note: Using player performance data from ShotLink powered by CDW, the PGA TOUR has created this story using AWS Gen AI technology. While we strive for accuracy and quality, please note that the information provided may not be entirely error-free.
The American Express
PGA TOUR, PGA TOUR Champions, and the Swinging Golfer design are registered trademarks. The Korn Ferry trademark is also a registered trademark, and is used in the Korn Ferry Tour logo with permission.","1 Min Read

Sam Ryder plays a shot from the 9th tee during the second round of PGA TOUR Q-School presented by Korn Ferry on the Dye's Valley Course at TPC Sawgrass on December 12, 2025 in Ponte Vedra Beach, Florida. (James Gilbert/Getty Images)

Sam Ryder finished tied for 43rd at 12-under in his most recent appearance at The American Express in 2025. He'll tee off at Pete Dye Stadium Course Jan. 22-25 with hopes of improving upon that performance in the 2026 tournament.

## Ryder's recent history at The American Express

## At The American Express

- In Ryder's most recent appearance at The American Express, in 2025, he finished tied for 43rd after posting a score of 12-under.

- Sepp Straka won this tournament in 2025, finishing at 25-under.

## Ryder's recent results

## Ryder's recent performances

- Ryder has finished in the top 20 three times over his last ten appearances.

- He had his best finish at the Barracuda Championship, where he finished tied for 14th.

- Ryder has an average of -0.018 Strokes Gained: Off-the-Tee in his past five tournaments.

- He has an average of 0.164 Strokes Gained: Approach the Green in his past five tournaments.

- He has an average of -0.325 Strokes Gained: Around-the-Green in his past five tournaments.

- Ryder has an average of 0.399 Strokes Gained: Putting in his past five tournaments.

- He has averaged 0.221 Strokes Gained: Total in his past five tournaments.

## Ryder's Strokes Gained rankings

## Ryder's advanced stats and rankings

- Ryder posted an average of -0.018 Strokes Gained: Off-the-Tee in his past five tournaments.

- In terms of Strokes Gained: Approach the Green, Ryder sported a 0.164 mark in his past five starts.

- On the greens, Ryder delivered a 0.399 Strokes Gained: Putting mark in his past five tournaments.

All stats in this article are accurate for Ryder as of the start of The American Express.

Responsible sports betting starts with a game plan. Set a budget. Keep it social. Play with friends. Learn the game and know the odds. Play with trusted, licensed operators. CLICK HERE to learn more at HaveAGamePlan.org.

Note: Using player performance data from ShotLink powered by CDW, the PGA TOUR has created this story using AWS Gen AI technology. While we strive for accuracy and quality, please note that the information provided may not be entirely error-free.

The American Express

- PGA TOUR

PGA TOUR, PGA TOUR Champions, and the Swinging Golfer design are registered trademarks. The Korn Ferry trademark is also a registered trademark, and is used in the Korn Ferry Tour logo with permission."
Justin Lower betting profile: The American Express,Justin Lower betting profile: The American Express - PGA TOUR,Justin Lower shot 22-under and finished tied for third in his most recent appearance at this tournament. He'll tee off at Pete Dye Stadium Course Jan. 22-25 wit,,,the-american-express,https://www.pgatour.com/article/news/betting-profile/2026/the-american-express/justin-lower-pga-tour-betting-stats-the-american-express-2026,"1 Min Read Justin Lower plays a shot from the 11th tee during the third round of PGA TOUR Q-School presented by Korn Ferry on the Dye's Valley Course at TPC Sawgrass on December 13, 2025 in Ponte Vedra Beach, Florida. (James Gilbert/Getty Images) Justin Lower shot 22-under and finished tied for third in his most recent appearance at this tournament. He'll tee off at Pete Dye Stadium Course Jan. 22-25 with hopes of improving upon that strong showing in the 2026 American Express.",Lower's recent history at The American Express | At The American Express | Lower's recent results | Lower's recent performances | Lower's Strokes Gained rankings | Lower's advanced stats and rankings | Scottie Scheffler betting profile: The American Express | Harris English betting profile: The American Express | Sam Ryder betting profile: The American Express | THE TOUR | Partnerships | Quick Links | Shop | Apps,"In Lower's most recent appearance at The American Express, in 2025, he finished tied for third after posting a score of 22-under. | Sepp Straka won this tournament in 2025, finishing at 25-under. | Lower has one top-five finish over his last ten appearances. | He had his best finish at the Bank of Utah Championship, where he finished tied for third with a score of 16-under. | Lower has an average of 0.163 Strokes Gained: Off-the-Tee in his past five tournaments. | He has an average of 0.353 Strokes Gained: Approach the Green in his past five tournaments. | Lower has averaged 0.613 Strokes Gained: Total in his past five tournaments. | Lower posted a 0.163 Strokes Gained: Off-the-Tee average in his past five tournaments. | In terms of Strokes Gained: Approach the Green in his past five tournaments, Lower sported a 0.353 mark. | On the greens, Lower delivered a 0.022 Strokes Gained: Putting mark in his past five tournaments. | PGA TOUR","1 Min Read
Justin Lower plays a shot from the 11th tee during the third round of PGA TOUR Q-School presented by Korn Ferry on the Dye's Valley Course at TPC Sawgrass on December 13, 2025 in Ponte Vedra Beach, Florida. (James Gilbert/Getty Images)
Justin Lower shot 22-under and finished tied for third in his most recent appearance at this tournament. He'll tee off at Pete Dye Stadium Course Jan. 22-25 with hopes of improving upon that strong showing in the 2026 American Express.
All stats in this article are accurate for Lower as of the start of The American Express.
Responsible sports betting starts with a game plan. Set a budget. Keep it social. Play with friends. Learn the game and know the odds. Play with trusted, licensed operators. CLICK HERE to learn more at HaveAGamePlan.org.
Note: Using player performance data from ShotLink powered by CDW, the PGA TOUR has created this story using AWS Gen AI technology. While we strive for accuracy and quality, please note that the information provided may not be entirely error-free.
The American Express
PGA TOUR, PGA TOUR Champions, and the Swinging Golfer design are registered trademarks. The Korn Ferry trademark is also a registered trademark, and is used in the Korn Ferry Tour logo with permission.","1 Min Read

Justin Lower plays a shot from the 11th tee during the third round of PGA TOUR Q-School presented by Korn Ferry on the Dye's Valley Course at TPC Sawgrass on December 13, 2025 in Ponte Vedra Beach, Florida. (James Gilbert/Getty Images)

Justin Lower shot 22-under and finished tied for third in his most recent appearance at this tournament. He'll tee off at Pete Dye Stadium Course Jan. 22-25 with hopes of improving upon that strong showing in the 2026 American Express.

## Lower's recent history at The American Express

## At The American Express

- In Lower's most recent appearance at The American Express, in 2025, he finished tied for third after posting a score of 22-under.

- Sepp Straka won this tournament in 2025, finishing at 25-under.

## Lower's recent results

## Lower's recent performances

- Lower has one top-five finish over his last ten appearances.

- He had his best finish at the Bank of Utah Championship, where he finished tied for third with a score of 16-under.

- Lower has an average of 0.163 Strokes Gained: Off-the-Tee in his past five tournaments.

- He has an average of 0.353 Strokes Gained: Approach the Green in his past five tournaments.

- Lower has averaged 0.613 Strokes Gained: Total in his past five tournaments.

## Lower's Strokes Gained rankings

## Lower's advanced stats and rankings

- Lower posted a 0.163 Strokes Gained: Off-the-Tee average in his past five tournaments.

- In terms of Strokes Gained: Approach the Green in his past five tournaments, Lower sported a 0.353 mark.

- On the greens, Lower delivered a 0.022 Strokes Gained: Putting mark in his past five tournaments.

All stats in this article are accurate for Lower as of the start of The American Express.

Responsible sports betting starts with a game plan. Set a budget. Keep it social. Play with friends. Learn the game and know the odds. Play with trusted, licensed operators. CLICK HERE to learn more at HaveAGamePlan.org.

Note: Using player performance data from ShotLink powered by CDW, the PGA TOUR has created this story using AWS Gen AI technology. While we strive for accuracy and quality, please note that the information provided may not be entirely error-free.

The American Express

- PGA TOUR

PGA TOUR, PGA TOUR Champions, and the Swinging Golfer design are registered trademarks. The Korn Ferry trademark is also a registered trademark, and is used in the Korn Ferry Tour logo with permission."
Austin Smotherman betting profile: The American Express,Austin Smotherman betting profile: The American Express - PGA TOUR,"Austin Smotherman missed the cut at The American Express in 2022, shooting 4-over. He'll tee off at Pete Dye Stadium Course Jan. 22-25 with his sights set highe",,,the-american-express,https://www.pgatour.com/article/news/betting-profile/2026/the-american-express/austin-smotherman-pga-tour-betting-stats-the-american-express-2026,"1 Min Read Austin Smotherman of the United States plays his shot from the second tee during the second round of the Sony Open in Hawaii 2026 at Waialae Country Club on January 16, 2026 in Honolulu, Hawaii. (Cliff Hawkins/Getty Images) Austin Smotherman missed the cut at The American Express in 2022, shooting 4-over. He'll tee off at Pete Dye Stadium Course Jan. 22-25 with his sights set higher this time around in the 2026 American Express.",Smotherman's recent history at The American Express | At The American Express | Smotherman's recent results | Smotherman's recent performances | Smotherman's Strokes Gained rankings | Smotherman's advanced stats and rankings | Jacob Bridgeman betting profile: The American Express | Zach Johnson betting profile: The American Express | Sami Valimaki betting profile: The American Express | THE TOUR | Partnerships | Quick Links | Shop | Apps,"In Smotherman's most recent appearance at The American Express, in 2022, he missed the cut after posting a score of 4-over. | Sepp Straka won this tournament in 2025, finishing at 25-under. | Smotherman has finished in the top five twice over his last ten appearances. | Smotherman has finished in the top 10 three times over his last ten appearances. | He had his best finish at the Memorial Health Championship presented by LRS, where he finished first with a score of 25-under. | Smotherman has an average of 0.163 Strokes Gained: Off-the-Tee in his past five tournaments. | He has an average of 0.335 Strokes Gained: Approach the Green in his past five tournaments. | Smotherman has averaged 0.115 Strokes Gained: Total in his past five tournaments. | Smotherman has posted a Strokes Gained: Off-the-Tee average of 0.033 (57th) this season, while his average Driving Distance of 307.3 yards ranks 62nd on TOUR. | In terms of Strokes Gained: Approach the Green this season, Smotherman sports a 0.587 mark that ranks 26th on TOUR. He ranks 103rd with a 58.33% Greens in Regulation rate. | On the greens, Smotherman has delivered a -0.668 Strokes Gained: Putting mark this season, which places him 82nd on TOUR. In addition, he ranks ninth with a Putts Per Round average of 28.00, and he ranks 96th by breaking par 13.89% of the time. | PGA TOUR","1 Min Read
Austin Smotherman of the United States plays his shot from the second tee during the second round of the Sony Open in Hawaii 2026 at Waialae Country Club on January 16, 2026 in Honolulu, Hawaii. (Cliff Hawkins/Getty Images)
Austin Smotherman missed the cut at The American Express in 2022, shooting 4-over. He'll tee off at Pete Dye Stadium Course Jan. 22-25 with his sights set higher this time around in the 2026 American Express.
All stats in this article are accurate for Smotherman as of the start of The American Express.
Responsible sports betting starts with a game plan. Set a budget. Keep it social. Play with friends. Learn the game and know the odds. Play with trusted, licensed operators. CLICK HERE to learn more at HaveAGamePlan.org.
Note: Using player performance data from ShotLink powered by CDW, the PGA TOUR has created this story using AWS Gen AI technology. While we strive for accuracy and quality, please note that the information provided may not be entirely error-free.
The American Express
PGA TOUR, PGA TOUR Champions, and the Swinging Golfer design are registered trademarks. The Korn Ferry trademark is also a registered trademark, and is used in the Korn Ferry Tour logo with permission.","1 Min Read

Austin Smotherman of the United States plays his shot from the second tee during the second round of the Sony Open in Hawaii 2026 at Waialae Country Club on January 16, 2026 in Honolulu, Hawaii. (Cliff Hawkins/Getty Images)

Austin Smotherman missed the cut at The American Express in 2022, shooting 4-over. He'll tee off at Pete Dye Stadium Course Jan. 22-25 with his sights set higher this time around in the 2026 American Express.

## Smotherman's recent history at The American Express

## At The American Express

- In Smotherman's most recent appearance at The American Express, in 2022, he missed the cut after posting a score of 4-over.

- Sepp Straka won this tournament in 2025, finishing at 25-under.

## Smotherman's recent results

## Smotherman's recent performances

- Smotherman has finished in the top five twice over his last ten appearances.

- Smotherman has finished in the top 10 three times over his last ten appearances.

- He had his best finish at the Memorial Health Championship presented by LRS, where he finished first with a score of 25-under.

- Smotherman has an average of 0.163 Strokes Gained: Off-the-Tee in his past five tournaments.

- He has an average of 0.335 Strokes Gained: Approach the Green in his past five tournaments.

- Smotherman has averaged 0.115 Strokes Gained: Total in his past five tournaments.

## Smotherman's Strokes Gained rankings

## Smotherman's advanced stats and rankings

- Smotherman has posted a Strokes Gained: Off-the-Tee average of 0.033 (57th) this season, while his average Driving Distance of 307.3 yards ranks 62nd on TOUR.

- In terms of Strokes Gained: Approach the Green this season, Smotherman sports a 0.587 mark that ranks 26th on TOUR. He ranks 103rd with a 58.33% Greens in Regulation rate.

- On the greens, Smotherman has delivered a -0.668 Strokes Gained: Putting mark this season, which places him 82nd on TOUR. In addition, he ranks ninth with a Putts Per Round average of 28.00, and he ranks 96th by breaking par 13.89% of the time.

All stats in this article are accurate for Smotherman as of the start of The American Express.

Responsible sports betting starts with a game plan. Set a budget. Keep it social. Play with friends. Learn the game and know the odds. Play with trusted, licensed operators. CLICK HERE to learn more at HaveAGamePlan.org.

Note: Using player performance data from ShotLink powered by CDW, the PGA TOUR has created this story using AWS Gen AI technology. While we strive for accuracy and quality, please note that the information provided may not be entirely error-free.

The American Express

- PGA TOUR

PGA TOUR, PGA TOUR Champions, and the Swinging Golfer design are registered trademarks. The Korn Ferry trademark is also a registered trademark, and is used in the Korn Ferry Tour logo with permission."
Hank Lebioda betting profile: The American Express,Hank Lebioda betting profile: The American Express - PGA TOUR,Hank Lebioda missed the cut at The American Express in 2023 after posting a score of 4-over. He'll tee off at Pete Dye Stadium Course Jan. 22-25 with his sights,,,the-american-express,https://www.pgatour.com/article/news/betting-profile/2026/the-american-express/hank-lebioda-pga-tour-betting-stats-the-american-express-2026,"1 Min Read Hank Lebioda hits a tee shot on the first hole during the first round of the Compliance Solutions Championship at The Patriot Golf Club on October 2, 2025 in Owasso, Oklahoma. (Justin Edmonds/Getty Images) Hank Lebioda missed the cut at The American Express in 2023 after posting a score of 4-over. He'll tee off at Pete Dye Stadium Course Jan. 22-25 with his sights set higher this time around in the 2026 American Express.",Lebioda's recent history at The American Express | At The American Express | Lebioda's recent results | Lebioda's recent performances | Lebioda's Strokes Gained rankings | Lebioda's advanced stats and rankings | Scottie Scheffler betting profile: The American Express | Harris English betting profile: The American Express | Sam Ryder betting profile: The American Express | THE TOUR | Partnerships | Quick Links | Shop | Apps,"In Lebioda's most recent appearance at The American Express, in 2023, he missed the cut after posting a score of 4-over. | Lebioda's best finish at this event came in 2022, when he finished tied for 49th at nine-under. | Sepp Straka won this tournament in 2025, finishing at twenty-five-under. | Lebioda has finished in the top ten once and in the top twenty three times over his last ten appearances. | He had his best finish at the Korn Ferry Tour Championship presented by United Leasing & Finance, where he finished tied for sixth with a score of eight-under. | Lebioda has an average of 0.086 Strokes Gained: Off-the-Tee in his past five tournaments. | He has an average of -0.223 Strokes Gained: Approach the Green in his past five tournaments. | Lebioda has averaged -0.170 Strokes Gained: Total in his past five tournaments. | Lebioda posted a Strokes Gained: Off-the-Tee average of -0.769 (102nd) this season, while his average Driving Distance of 288.8 yards ranked 111th on TOUR. | In terms of Strokes Gained: Approach the Green this season, Lebioda sported a -0.645 mark that ranked 89th on TOUR. He ranked 10th with a 77.78% Greens in Regulation rate. | On the greens, Lebioda delivered a -0.712 Strokes Gained: Putting mark this season, which placed him 83rd on TOUR. In addition, he ranked 114th with a Putts Per Round average of 32.50, and he ranked 119th by breaking par 5.56% of the time. | PGA TOUR","1 Min Read
Hank Lebioda hits a tee shot on the first hole during the first round of the Compliance Solutions Championship at The Patriot Golf Club on October 2, 2025 in Owasso, Oklahoma. (Justin Edmonds/Getty Images)
Hank Lebioda missed the cut at The American Express in 2023 after posting a score of 4-over. He'll tee off at Pete Dye Stadium Course Jan. 22-25 with his sights set higher this time around in the 2026 American Express.
All stats in this article are accurate for Lebioda as of the start of The American Express.
Responsible sports betting starts with a game plan. Set a budget. Keep it social. Play with friends. Learn the game and know the odds. Play with trusted, licensed operators. CLICK HERE to learn more at HaveAGamePlan.org.
Note: Using player performance data from ShotLink powered by CDW, the PGA TOUR has created this story using AWS Gen AI technology. While we strive for accuracy and quality, please note that the information provided may not be entirely error-free.
The American Express
PGA TOUR, PGA TOUR Champions, and the Swinging Golfer design are registered trademarks. The Korn Ferry trademark is also a registered trademark, and is used in the Korn Ferry Tour logo with permission.","1 Min Read

Hank Lebioda hits a tee shot on the first hole during the first round of the Compliance Solutions Championship at The Patriot Golf Club on October 2, 2025 in Owasso, Oklahoma. (Justin Edmonds/Getty Images)

Hank Lebioda missed the cut at The American Express in 2023 after posting a score of 4-over. He'll tee off at Pete Dye Stadium Course Jan. 22-25 with his sights set higher this time around in the 2026 American Express.

## Lebioda's recent history at The American Express

## At The American Express

- In Lebioda's most recent appearance at The American Express, in 2023, he missed the cut after posting a score of 4-over.

- Lebioda's best finish at this event came in 2022, when he finished tied for 49th at nine-under.

- Sepp Straka won this tournament in 2025, finishing at twenty-five-under.

## Lebioda's recent results

## Lebioda's recent performances

- Lebioda has finished in the top ten once and in the top twenty three times over his last ten appearances.

- He had his best finish at the Korn Ferry Tour Championship presented by United Leasing & Finance, where he finished tied for sixth with a score of eight-under.

- Lebioda has an average of 0.086 Strokes Gained: Off-the-Tee in his past five tournaments.

- He has an average of -0.223 Strokes Gained: Approach the Green in his past five tournaments.

- Lebioda has averaged -0.170 Strokes Gained: Total in his past five tournaments.

## Lebioda's Strokes Gained rankings

## Lebioda's advanced stats and rankings

- Lebioda posted a Strokes Gained: Off-the-Tee average of -0.769 (102nd) this season, while his average Driving Distance of 288.8 yards ranked 111th on TOUR.

- In terms of Strokes Gained: Approach the Green this season, Lebioda sported a -0.645 mark that ranked 89th on TOUR. He ranked 10th with a 77.78% Greens in Regulation rate.

- On the greens, Lebioda delivered a -0.712 Strokes Gained: Putting mark this season, which placed him 83rd on TOUR. In addition, he ranked 114th with a Putts Per Round average of 32.50, and he ranked 119th by breaking par 5.56% of the time.

All stats in this article are accurate for Lebioda as of the start of The American Express.

Responsible sports betting starts with a game plan. Set a budget. Keep it social. Play with friends. Learn the game and know the odds. Play with trusted, licensed operators. CLICK HERE to learn more at HaveAGamePlan.org.

Note: Using player performance data from ShotLink powered by CDW, the PGA TOUR has created this story using AWS Gen AI technology. While we strive for accuracy and quality, please note that the information provided may not be entirely error-free.

The American Express

- PGA TOUR

PGA TOUR, PGA TOUR Champions, and the Swinging Golfer design are registered trademarks. The Korn Ferry trademark is also a registered trademark, and is used in the Korn Ferry Tour logo with permission."
Danny Walker betting profile: The American Express,Danny Walker betting profile: The American Express - PGA TOUR,"Danny Walker missed the cut at The American Express last year, shooting 4-under. He'll tee off at Pete Dye Stadium Course Jan. 22-25 with his sights set higher",,,the-american-express,https://www.pgatour.com/article/news/betting-profile/2026/the-american-express/danny-walker-pga-tour-betting-stats-the-american-express-2026,"1 Min Read Danny Walker of the United States prepares to play his shot from the 11th tee during the first round of the Sony Open in Hawaii 2026 at Waialae Country Club on January 15, 2026 in Honolulu, Hawaii. (Cliff Hawkins/Getty Images) Danny Walker missed the cut at The American Express last year, shooting 4-under. He'll tee off at Pete Dye Stadium Course Jan. 22-25 with his sights set higher this time around in the 2026 American Express.",Walker's recent history at The American Express | At The American Express | Walker's recent results | Walker's recent performances | Walker's Strokes Gained rankings | Walker's advanced stats and rankings | Jacob Bridgeman betting profile: The American Express | Zach Johnson betting profile: The American Express | Sami Valimaki betting profile: The American Express | THE TOUR | Partnerships | Quick Links | Shop | Apps,"In Walker's most recent appearance at The American Express, in 2025, he missed the cut after posting a score of 4-under. | Sepp Straka won this tournament in 2025, finishing at 25-under. | Walker has finished in the top five once over his last ten appearances. | He had his best finish at the Sanderson Farms Championship, where he finished tied for third with a score of 19-under. | Walker has an average of -0.091 Strokes Gained: Off-the-Tee in his past five tournaments. | He has an average of -0.729 Strokes Gained: Approach the Green in his past five tournaments. | Walker has averaged -0.358 Strokes Gained: Total in his past five tournaments. | Walker posted a Strokes Gained: Off-the-Tee average of -0.284 (84th) this season, while his average Driving Distance of 315.5 yards ranked 20th on TOUR. | In terms of Strokes Gained: Approach the Green this season, Walker sported a -0.471 mark that ranked 80th on TOUR. He ranked 109th with a 55.56% Greens in Regulation rate. | On the greens, Walker delivered a -1.042 Strokes Gained: Putting mark this season, which placed him 95th on TOUR. In addition, he ranked 22nd with a Putts Per Round average of 29.00, and he ranked 61st by breaking par 19.44% of the time. | PGA TOUR","1 Min Read
Danny Walker of the United States prepares to play his shot from the 11th tee during the first round of the Sony Open in Hawaii 2026 at Waialae Country Club on January 15, 2026 in Honolulu, Hawaii. (Cliff Hawkins/Getty Images)
Danny Walker missed the cut at The American Express last year, shooting 4-under. He'll tee off at Pete Dye Stadium Course Jan. 22-25 with his sights set higher this time around in the 2026 American Express.
All stats in this article are accurate for Walker as of the start of The American Express.
Responsible sports betting starts with a game plan. Set a budget. Keep it social. Play with friends. Learn the game and know the odds. Play with trusted, licensed operators. CLICK HERE to learn more at HaveAGamePlan.org.
Note: Using player performance data from ShotLink powered by CDW, the PGA TOUR has created this story using AWS Gen AI technology. While we strive for accuracy and quality, please note that the information provided may not be entirely error-free.
The American Express
PGA TOUR, PGA TOUR Champions, and the Swinging Golfer design are registered trademarks. The Korn Ferry trademark is also a registered trademark, and is used in the Korn Ferry Tour logo with permission.","1 Min Read

Danny Walker of the United States prepares to play his shot from the 11th tee during the first round of the Sony Open in Hawaii 2026 at Waialae Country Club on January 15, 2026 in Honolulu, Hawaii. (Cliff Hawkins/Getty Images)

Danny Walker missed the cut at The American Express last year, shooting 4-under. He'll tee off at Pete Dye Stadium Course Jan. 22-25 with his sights set higher this time around in the 2026 American Express.

## Walker's recent history at The American Express

## At The American Express

- In Walker's most recent appearance at The American Express, in 2025, he missed the cut after posting a score of 4-under.

- Sepp Straka won this tournament in 2025, finishing at 25-under.

## Walker's recent results

## Walker's recent performances

- Walker has finished in the top five once over his last ten appearances.

- He had his best finish at the Sanderson Farms Championship, where he finished tied for third with a score of 19-under.

- Walker has an average of -0.091 Strokes Gained: Off-the-Tee in his past five tournaments.

- He has an average of -0.729 Strokes Gained: Approach the Green in his past five tournaments.

- Walker has averaged -0.358 Strokes Gained: Total in his past five tournaments.

## Walker's Strokes Gained rankings

## Walker's advanced stats and rankings

- Walker posted a Strokes Gained: Off-the-Tee average of -0.284 (84th) this season, while his average Driving Distance of 315.5 yards ranked 20th on TOUR.

- In terms of Strokes Gained: Approach the Green this season, Walker sported a -0.471 mark that ranked 80th on TOUR. He ranked 109th with a 55.56% Greens in Regulation rate.

- On the greens, Walker delivered a -1.042 Strokes Gained: Putting mark this season, which placed him 95th on TOUR. In addition, he ranked 22nd with a Putts Per Round average of 29.00, and he ranked 61st by breaking par 19.44% of the time.

All stats in this article are accurate for Walker as of the start of The American Express.

Responsible sports betting starts with a game plan. Set a budget. Keep it social. Play with friends. Learn the game and know the odds. Play with trusted, licensed operators. CLICK HERE to learn more at HaveAGamePlan.org.

Note: Using player performance data from ShotLink powered by CDW, the PGA TOUR has created this story using AWS Gen AI technology. While we strive for accuracy and quality, please note that the information provided may not be entirely error-free.

The American Express

- PGA TOUR

PGA TOUR, PGA TOUR Champions, and the Swinging Golfer design are registered trademarks. The Korn Ferry trademark is also a registered trademark, and is used in the Korn Ferry Tour logo with permission."
Dylan Wu betting profile: The American Express,Dylan Wu betting profile: The American Express - PGA TOUR,"Dylan Wu finished tied for 32nd at 17-under in 2023, his most recent appearance at this tournament. He'll tee off at Pete Dye Stadium Course Jan. 22-25 with hop",,,the-american-express,https://www.pgatour.com/article/news/betting-profile/2026/the-american-express/dylan-wu-pga-tour-betting-stats-the-american-express-2026,"1 Min Read Dylan Wu of the United States watches his shot from the first tee during the third round of the Sony Open in Hawaii 2026 at Waialae Country Club on January 17, 2026 in Honolulu, Hawaii. (Cliff Hawkins/Getty Images) Dylan Wu finished tied for 32nd at 17-under in 2023, his most recent appearance at this tournament. He'll tee off at Pete Dye Stadium Course Jan. 22-25 with hopes of improving on that performance in the 2026 American Express.",Wu's recent history at The American Express | At The American Express | Wu's recent results | Wu's recent performances | Wu's Strokes Gained rankings | Wu's advanced stats and rankings | Jacob Bridgeman betting profile: The American Express | Zach Johnson betting profile: The American Express | Sami Valimaki betting profile: The American Express | THE TOUR | Partnerships | Quick Links | Shop | Apps,"In Wu's most recent appearance at The American Express, in 2024, he missed the cut after posting a score of 4-under. | Wu's best finish at this event came in 2023, when he finished tied for 32nd at 17-under. | Sepp Straka won this tournament in 2025, finishing at 25-under. | Wu has one top-20 finish over his last ten appearances. | He had his best finish at the Butterfield Bermuda Championship, where he finished tied for 18th with a score of 4-under. | Wu has an average of 0.129 Strokes Gained: Off-the-Tee in his past five tournaments. | He has an average of -0.156 Strokes Gained: Approach the Green in his past five tournaments. | Wu has averaged -0.529 Strokes Gained: Total in his past five tournaments. | Wu posted a Strokes Gained: Off-the-Tee average of 0.162 (47th) this season, while his average Driving Distance of 308.3 yards ranked 55th on TOUR. | In terms of Strokes Gained: Approach the Green this season, Wu sported a 0.530 mark that ranked 30th on TOUR. He ranked sixth with a 79.17% Greens in Regulation rate. | On the greens, Wu delivered a 0.754 Strokes Gained: Putting mark this season, which placed him 22nd on TOUR. In addition, he ranked 60th with a Putts Per Round average of 30.00, and he ranked 17th by breaking par 25.00% of the time. | Wu has earned 21 FedExCup Regular Season points this season, ranking 31st. | PGA TOUR","1 Min Read
Dylan Wu of the United States watches his shot from the first tee during the third round of the Sony Open in Hawaii 2026 at Waialae Country Club on January 17, 2026 in Honolulu, Hawaii. (Cliff Hawkins/Getty Images)
Dylan Wu finished tied for 32nd at 17-under in 2023, his most recent appearance at this tournament. He'll tee off at Pete Dye Stadium Course Jan. 22-25 with hopes of improving on that performance in the 2026 American Express.
All stats in this article are accurate for Wu as of the start of The American Express.
Responsible sports betting starts with a game plan. Set a budget. Keep it social. Play with friends. Learn the game and know the odds. Play with trusted, licensed operators. CLICK HERE to learn more at HaveAGamePlan.org.
Note: Using player performance data from ShotLink powered by CDW, the PGA TOUR has created this story using AWS Gen AI technology. While we strive for accuracy and quality, please note that the information provided may not be entirely error-free.
The American Express
PGA TOUR, PGA TOUR Champions, and the Swinging Golfer design are registered trademarks. The Korn Ferry trademark is also a registered trademark, and is used in the Korn Ferry Tour logo with permission.","1 Min Read

Dylan Wu of the United States watches his shot from the first tee during the third round of the Sony Open in Hawaii 2026 at Waialae Country Club on January 17, 2026 in Honolulu, Hawaii. (Cliff Hawkins/Getty Images)

Dylan Wu finished tied for 32nd at 17-under in 2023, his most recent appearance at this tournament. He'll tee off at Pete Dye Stadium Course Jan. 22-25 with hopes of improving on that performance in the 2026 American Express.

## Wu's recent history at The American Express

## At The American Express

- In Wu's most recent appearance at The American Express, in 2024, he missed the cut after posting a score of 4-under.

- Wu's best finish at this event came in 2023, when he finished tied for 32nd at 17-under.

- Sepp Straka won this tournament in 2025, finishing at 25-under.

## Wu's recent results

## Wu's recent performances

- Wu has one top-20 finish over his last ten appearances.

- He had his best finish at the Butterfield Bermuda Championship, where he finished tied for 18th with a score of 4-under.

- Wu has an average of 0.129 Strokes Gained: Off-the-Tee in his past five tournaments.

- He has an average of -0.156 Strokes Gained: Approach the Green in his past five tournaments.

- Wu has averaged -0.529 Strokes Gained: Total in his past five tournaments.

## Wu's Strokes Gained rankings

## Wu's advanced stats and rankings

- Wu posted a Strokes Gained: Off-the-Tee average of 0.162 (47th) this season, while his average Driving Distance of 308.3 yards ranked 55th on TOUR.

- In terms of Strokes Gained: Approach the Green this season, Wu sported a 0.530 mark that ranked 30th on TOUR. He ranked sixth with a 79.17% Greens in Regulation rate.

- On the greens, Wu delivered a 0.754 Strokes Gained: Putting mark this season, which placed him 22nd on TOUR. In addition, he ranked 60th with a Putts Per Round average of 30.00, and he ranked 17th by breaking par 25.00% of the time.

- Wu has earned 21 FedExCup Regular Season points this season, ranking 31st.

All stats in this article are accurate for Wu as of the start of The American Express.

Responsible sports betting starts with a game plan. Set a budget. Keep it social. Play with friends. Learn the game and know the odds. Play with trusted, licensed operators. CLICK HERE to learn more at HaveAGamePlan.org.

Note: Using player performance data from ShotLink powered by CDW, the PGA TOUR has created this story using AWS Gen AI technology. While we strive for accuracy and quality, please note that the information provided may not be entirely error-free.

The American Express

- PGA TOUR

PGA TOUR, PGA TOUR Champions, and the Swinging Golfer design are registered trademarks. The Korn Ferry trademark is also a registered trademark, and is used in the Korn Ferry Tour logo with permission."
Gordon Sargent betting profile: The American Express,Gordon Sargent betting profile: The American Express - PGA TOUR,Gordon Sargent will make his first appearance at The American Express in the past five years when he tees off at Pete Dye Stadium Course from Jan. 22-25. The to,,,the-american-express,https://www.pgatour.com/article/news/betting-profile/2026/the-american-express/gordon-sargent-pga-tour-betting-stats-the-american-express-2026,"1 Min Read Gordon Sargent of the United States plays his shot from the fourth tee during the first round of the Sony Open in Hawaii 2026 at Waialae Country Club on January 15, 2026 in Honolulu, Hawaii. (Mike Mulholland/Getty Images) All stats in this article are accurate for Sargent as of the start of The American Express.",At The American Express | Sargent's recent results | Sargent's recent performances | Sargent's Strokes Gained rankings | Sargent's advanced stats and rankings | Jacob Bridgeman betting profile: The American Express | Zach Johnson betting profile: The American Express | Sami Valimaki betting profile: The American Express | THE TOUR | Partnerships | Quick Links | Shop | Apps,"This will be Sargent's first time competing in The American Express in the past five years. | Sepp Straka won this tournament in 2025, finishing at 25-under. | He had his best finish at the ISCO Championship, where he finished tied for 24th with a score of 2-under. | Sargent has an average of 0.020 Strokes Gained: Off-the-Tee in his past five tournaments. | He has an average of -0.651 Strokes Gained: Approach the Green in his past five tournaments. | Sargent has an average of 0.051 Strokes Gained: Around-the-Green in his past five tournaments. | He has an average of 0.114 Strokes Gained: Putting in his past five tournaments. | Sargent has averaged -0.466 Strokes Gained: Total in his past five tournaments. | Sargent has posted a Strokes Gained: Off-the-Tee average of -0.074 (68th) this season, while his average Driving Distance of 284.3 yards ranks 118th on TOUR. | In terms of Strokes Gained: Approach the Green this season, Sargent sports a -0.495 mark that ranks 81st on TOUR. He ranks 85th with a 63.89% Greens in Regulation rate. | On the greens, Sargent has delivered a -1.085 Strokes Gained: Putting mark this season, which places him 98th on TOUR. In addition, he ranks 103rd with a Putts Per Round average of 32.00, and he ranks 96th by breaking par 13.89% of the time. | PGA TOUR","1 Min Read
Gordon Sargent of the United States plays his shot from the fourth tee during the first round of the Sony Open in Hawaii 2026 at Waialae Country Club on January 15, 2026 in Honolulu, Hawaii. (Mike Mulholland/Getty Images)
All stats in this article are accurate for Sargent as of the start of The American Express.
Responsible sports betting starts with a game plan. Set a budget. Keep it social. Play with friends. Learn the game and know the odds. Play with trusted, licensed operators. CLICK HERE to learn more at HaveAGamePlan.org.
Note: Using player performance data from ShotLink powered by CDW, the PGA TOUR has created this story using AWS Gen AI technology. While we strive for accuracy and quality, please note that the information provided may not be entirely error-free.
The American Express
PGA TOUR, PGA TOUR Champions, and the Swinging Golfer design are registered trademarks. The Korn Ferry trademark is also a registered trademark, and is used in the Korn Ferry Tour logo with permission.","1 Min Read

Gordon Sargent of the United States plays his shot from the fourth tee during the first round of the Sony Open in Hawaii 2026 at Waialae Country Club on January 15, 2026 in Honolulu, Hawaii. (Mike Mulholland/Getty Images)

## At The American Express

- This will be Sargent's first time competing in The American Express in the past five years.

- Sepp Straka won this tournament in 2025, finishing at 25-under.

## Sargent's recent results

## Sargent's recent performances

- He had his best finish at the ISCO Championship, where he finished tied for 24th with a score of 2-under.

- Sargent has an average of 0.020 Strokes Gained: Off-the-Tee in his past five tournaments.

- He has an average of -0.651 Strokes Gained: Approach the Green in his past five tournaments.

- Sargent has an average of 0.051 Strokes Gained: Around-the-Green in his past five tournaments.

- He has an average of 0.114 Strokes Gained: Putting in his past five tournaments.

- Sargent has averaged -0.466 Strokes Gained: Total in his past five tournaments.

## Sargent's Strokes Gained rankings

## Sargent's advanced stats and rankings

- Sargent has posted a Strokes Gained: Off-the-Tee average of -0.074 (68th) this season, while his average Driving Distance of 284.3 yards ranks 118th on TOUR.

- In terms of Strokes Gained: Approach the Green this season, Sargent sports a -0.495 mark that ranks 81st on TOUR. He ranks 85th with a 63.89% Greens in Regulation rate.

- On the greens, Sargent has delivered a -1.085 Strokes Gained: Putting mark this season, which places him 98th on TOUR. In addition, he ranks 103rd with a Putts Per Round average of 32.00, and he ranks 96th by breaking par 13.89% of the time.

All stats in this article are accurate for Sargent as of the start of The American Express.

Responsible sports betting starts with a game plan. Set a budget. Keep it social. Play with friends. Learn the game and know the odds. Play with trusted, licensed operators. CLICK HERE to learn more at HaveAGamePlan.org.

Note: Using player performance data from ShotLink powered by CDW, the PGA TOUR has created this story using AWS Gen AI technology. While we strive for accuracy and quality, please note that the information provided may not be entirely error-free.

The American Express

- PGA TOUR

PGA TOUR, PGA TOUR Champions, and the Swinging Golfer design are registered trademarks. The Korn Ferry trademark is also a registered trademark, and is used in the Korn Ferry Tour logo with permission."
David Ford betting profile: The American Express,David Ford betting profile: The American Express - PGA TOUR,David Ford has not competed in The American Express in the last five years. He'll tee off at Pete Dye Stadium Course Jan. 22-25 with hopes of making his mark in,,,the-american-express,https://www.pgatour.com/article/news/betting-profile/2026/the-american-express/david-ford-pga-tour-betting-stats-the-american-express-2026,"1 Min Read David Ford of the United States plays a shot on the 18th hole during the third round of the Sony Open in Hawaii 2026 at Waialae Country Club on January 17, 2026 in Honolulu, Hawaii. (Mike Mulholland/Getty Images) David Ford has not competed in The American Express in the last five years. He'll tee off at Pete Dye Stadium Course Jan. 22-25 with hopes of making his mark in the 2026 tournament.",At The American Express | Ford's recent results | Ford's recent performances | Ford's Strokes Gained rankings | Ford's advanced stats and rankings | Scottie Scheffler betting profile: The American Express | Harris English betting profile: The American Express | Sam Ryder betting profile: The American Express | THE TOUR | Partnerships | Quick Links | Shop | Apps,"Sepp Straka won this tournament in 2025, finishing at 25-under. | Ford has one top-five finish over his last ten appearances. | He had his best finish at the Bank of Utah Championship, where he finished tied for third with a score of 16-under. | Ford has an average of 0.467 Strokes Gained: Off-the-Tee in his past five tournaments. | He has an average of 0.326 Strokes Gained: Approach the Green in his past five tournaments. | Ford has averaged 0.738 Strokes Gained: Total in his past five tournaments. | Ford posted a Strokes Gained: Off-the-Tee average of 0.942 (eighth) this season, while his average Driving Distance of 319.3 yards ranked 15th on TOUR. | In terms of Strokes Gained: Approach the Green this season, Ford sported a 0.040 mark that ranked 55th on TOUR. He ranked 10th with a 77.78% Greens in Regulation rate. | On the greens, Ford delivered a -0.613 Strokes Gained: Putting mark this season, which placed him 78th on TOUR. In addition, he ranked 112th with a Putts Per Round average of 32.25, and he ranked 75th by breaking par 18.06% of the time. | Ford has earned 8 FedExCup Regular Season points this season (49th). | PGA TOUR","1 Min Read
David Ford of the United States plays a shot on the 18th hole during the third round of the Sony Open in Hawaii 2026 at Waialae Country Club on January 17, 2026 in Honolulu, Hawaii. (Mike Mulholland/Getty Images)
David Ford has not competed in The American Express in the last five years. He'll tee off at Pete Dye Stadium Course Jan. 22-25 with hopes of making his mark in the 2026 tournament.
All stats in this article are accurate for Ford as of the start of The American Express.
Responsible sports betting starts with a game plan. Set a budget. Keep it social. Play with friends. Learn the game and know the odds. Play with trusted, licensed operators. CLICK HERE to learn more at HaveAGamePlan.org.
Note: Using player performance data from ShotLink powered by CDW, the PGA TOUR has created this story using AWS Gen AI technology. While we strive for accuracy and quality, please note that the information provided may not be entirely error-free.
The American Express
PGA TOUR, PGA TOUR Champions, and the Swinging Golfer design are registered trademarks. The Korn Ferry trademark is also a registered trademark, and is used in the Korn Ferry Tour logo with permission.","1 Min Read

David Ford of the United States plays a shot on the 18th hole during the third round of the Sony Open in Hawaii 2026 at Waialae Country Club on January 17, 2026 in Honolulu, Hawaii. (Mike Mulholland/Getty Images)

David Ford has not competed in The American Express in the last five years. He'll tee off at Pete Dye Stadium Course Jan. 22-25 with hopes of making his mark in the 2026 tournament.

## At The American Express

- Sepp Straka won this tournament in 2025, finishing at 25-under.

## Ford's recent results

## Ford's recent performances

- Ford has one top-five finish over his last ten appearances.

- He had his best finish at the Bank of Utah Championship, where he finished tied for third with a score of 16-under.

- Ford has an average of 0.467 Strokes Gained: Off-the-Tee in his past five tournaments.

- He has an average of 0.326 Strokes Gained: Approach the Green in his past five tournaments.

- Ford has averaged 0.738 Strokes Gained: Total in his past five tournaments.

## Ford's Strokes Gained rankings

## Ford's advanced stats and rankings

- Ford posted a Strokes Gained: Off-the-Tee average of 0.942 (eighth) this season, while his average Driving Distance of 319.3 yards ranked 15th on TOUR.

- In terms of Strokes Gained: Approach the Green this season, Ford sported a 0.040 mark that ranked 55th on TOUR. He ranked 10th with a 77.78% Greens in Regulation rate.

- On the greens, Ford delivered a -0.613 Strokes Gained: Putting mark this season, which placed him 78th on TOUR. In addition, he ranked 112th with a Putts Per Round average of 32.25, and he ranked 75th by breaking par 18.06% of the time.

- Ford has earned 8 FedExCup Regular Season points this season (49th).

All stats in this article are accurate for Ford as of the start of The American Express.

Responsible sports betting starts with a game plan. Set a budget. Keep it social. Play with friends. Learn the game and know the odds. Play with trusted, licensed operators. CLICK HERE to learn more at HaveAGamePlan.org.

Note: Using player performance data from ShotLink powered by CDW, the PGA TOUR has created this story using AWS Gen AI technology. While we strive for accuracy and quality, please note that the information provided may not be entirely error-free.

The American Express

- PGA TOUR

PGA TOUR, PGA TOUR Champions, and the Swinging Golfer design are registered trademarks. The Korn Ferry trademark is also a registered trademark, and is used in the Korn Ferry Tour logo with permission."
Neal Shipley betting profile: The American Express,Neal Shipley betting profile: The American Express - PGA TOUR,Neal Shipley is making his debut at The American Express in the past five years. He'll tee off at Pete Dye Stadium Course Jan. 22-25 with hopes of making his ma,,,the-american-express,https://www.pgatour.com/article/news/betting-profile/2026/the-american-express/neal-shipley-pga-tour-betting-stats-the-american-express-2026,"1 Min Read Neal Shipley of the United States plays a shot on the ninth hole during the second round of the Sony Open in Hawaii 2026 at Waialae Country Club on January 16, 2026 in Honolulu, Hawaii. (Cliff Hawkins/Getty Images) Neal Shipley is making his debut at The American Express in the past five years. He'll tee off at Pete Dye Stadium Course Jan. 22-25 with hopes of making his mark in La Quinta, California.",At The American Express | Shipley's recent results | Shipley's recent performances | Shipley's Strokes Gained rankings | Shipley's advanced stats and rankings | Scottie Scheffler betting profile: The American Express | Harris English betting profile: The American Express | Sam Ryder betting profile: The American Express | THE TOUR | Partnerships | Quick Links | Shop | Apps,"This is Shipley's first time competing in The American Express in the past five years. | Sepp Straka won this tournament in 2025, finishing at 25-under. | He had his best finish at the Valspar Championship, where he finished tied for 47th with a score of 1-over. | Shipley has an average of 0.173 Strokes Gained: Off-the-Tee in his past five tournaments. | He has an average of 0.262 Strokes Gained: Putting in his past five tournaments. | Shipley has averaged 0.204 Strokes Gained: Total in his past five tournaments. | Shipley posted a Strokes Gained: Off-the-Tee average of -0.091 (71st) this season, while his average Driving Distance of 322.8 yards ranked eighth on TOUR. | In terms of Strokes Gained: Approach the Green this season, Shipley sported a -1.608 mark that ranked 110th on TOUR. He ranked 103rd with a 58.33% Greens in Regulation rate. | On the greens, Shipley delivered a -2.167 Strokes Gained: Putting mark this season, which placed him 114th on TOUR. In addition, he ranked 114th with a Putts Per Round average of 32.50, and he ranked 96th by breaking par 13.89% of the time. | PGA TOUR","1 Min Read
Neal Shipley of the United States plays a shot on the ninth hole during the second round of the Sony Open in Hawaii 2026 at Waialae Country Club on January 16, 2026 in Honolulu, Hawaii. (Cliff Hawkins/Getty Images)
Neal Shipley is making his debut at The American Express in the past five years. He'll tee off at Pete Dye Stadium Course Jan. 22-25 with hopes of making his mark in La Quinta, California.
All stats in this article are accurate for Shipley as of the start of The American Express.
Responsible sports betting starts with a game plan. Set a budget. Keep it social. Play with friends. Learn the game and know the odds. Play with trusted, licensed operators. CLICK HERE to learn more at HaveAGamePlan.org.
Note: Using player performance data from ShotLink powered by CDW, the PGA TOUR has created this story using AWS Gen AI technology. While we strive for accuracy and quality, please note that the information provided may not be entirely error-free.
The American Express
PGA TOUR, PGA TOUR Champions, and the Swinging Golfer design are registered trademarks. The Korn Ferry trademark is also a registered trademark, and is used in the Korn Ferry Tour logo with permission.","1 Min Read

Neal Shipley of the United States plays a shot on the ninth hole during the second round of the Sony Open in Hawaii 2026 at Waialae Country Club on January 16, 2026 in Honolulu, Hawaii. (Cliff Hawkins/Getty Images)

Neal Shipley is making his debut at The American Express in the past five years. He'll tee off at Pete Dye Stadium Course Jan. 22-25 with hopes of making his mark in La Quinta, California.

## At The American Express

- This is Shipley's first time competing in The American Express in the past five years.

- Sepp Straka won this tournament in 2025, finishing at 25-under.

## Shipley's recent results

## Shipley's recent performances

- He had his best finish at the Valspar Championship, where he finished tied for 47th with a score of 1-over.

- Shipley has an average of 0.173 Strokes Gained: Off-the-Tee in his past five tournaments.

- He has an average of 0.262 Strokes Gained: Putting in his past five tournaments.

- Shipley has averaged 0.204 Strokes Gained: Total in his past five tournaments.

## Shipley's Strokes Gained rankings

## Shipley's advanced stats and rankings

- Shipley posted a Strokes Gained: Off-the-Tee average of -0.091 (71st) this season, while his average Driving Distance of 322.8 yards ranked eighth on TOUR.

- In terms of Strokes Gained: Approach the Green this season, Shipley sported a -1.608 mark that ranked 110th on TOUR. He ranked 103rd with a 58.33% Greens in Regulation rate.

- On the greens, Shipley delivered a -2.167 Strokes Gained: Putting mark this season, which placed him 114th on TOUR. In addition, he ranked 114th with a Putts Per Round average of 32.50, and he ranked 96th by breaking par 13.89% of the time.

All stats in this article are accurate for Shipley as of the start of The American Express.

Responsible sports betting starts with a game plan. Set a budget. Keep it social. Play with friends. Learn the game and know the odds. Play with trusted, licensed operators. CLICK HERE to learn more at HaveAGamePlan.org.

Note: Using player performance data from ShotLink powered by CDW, the PGA TOUR has created this story using AWS Gen AI technology. While we strive for accuracy and quality, please note that the information provided may not be entirely error-free.

The American Express

- PGA TOUR

PGA TOUR, PGA TOUR Champions, and the Swinging Golfer design are registered trademarks. The Korn Ferry trademark is also a registered trademark, and is used in the Korn Ferry Tour logo with permission."
Blades Brown betting profile: The American Express,Blades Brown betting profile: The American Express - PGA TOUR,"Blades Brown missed the cut at The American Express last year, shooting 6-under. He'll tee off at Pete Dye Stadium Course Jan. 22-25 with his sights set on maki",,,the-american-express,https://www.pgatour.com/article/news/betting-profile/2026/the-american-express/blades-brown-pga-tour-betting-stats-the-american-express-2026,"1 Min Read Blades Brown of the United States plays his shot from the fourth tee during the second round of The Bahamas Golf Classic at Atlantis Paradise Island 2026 at Ocean Club Golf Course on January 12, 2026 in Paradise Island, Bahamas. (Johnnie Izquierdo/Getty Images) Blades Brown missed the cut at The American Express last year, shooting 6-under. He'll tee off at Pete Dye Stadium Course Jan. 22-25 with his sights set on making the weekend this time around in the 2026 American Express.",Brown's recent history at The American Express | At The American Express | Brown's recent results | Brown's recent performances | Brown's Strokes Gained rankings | Brown's advanced stats and rankings | Scottie Scheffler betting profile: The American Express | Harris English betting profile: The American Express | Sam Ryder betting profile: The American Express | THE TOUR | Partnerships | Quick Links | Shop | Apps,"In Brown's most recent appearance at The American Express, in 2025, he missed the cut after posting a score of 6-under. | Sepp Straka won this tournament in 2025, finishing at 25-under. | Brown's best finish over his last ten appearances came at the Butterfield Bermuda Championship, where he finished tied for 34th with a score of 1-under. | Brown has an average of 0.137 Strokes Gained: Off-the-Tee in his past five tournaments. | He has an average of -0.085 Strokes Gained: Approach the Green in his past five tournaments. | Brown has an average of -0.412 Strokes Gained: Around-the-Green in his past five tournaments. | He has an average of 0.104 Strokes Gained: Putting in his past five tournaments. | Brown has averaged -0.256 Strokes Gained: Total in his past five tournaments. | Brown posted a Strokes Gained: Off-the-Tee average of 0.137 in his past five tournaments, showing solid performance off the tee. | His Strokes Gained: Around-the-Green struggled in recent starts with an average of -0.412, indicating room for improvement in his short game. | Brown delivered a positive Strokes Gained: Putting mark of 0.104 in his past five tournaments, demonstrating competent putting performance. | PGA TOUR","1 Min Read
Blades Brown of the United States plays his shot from the fourth tee during the second round of The Bahamas Golf Classic at Atlantis Paradise Island 2026 at Ocean Club Golf Course on January 12, 2026 in Paradise Island, Bahamas. (Johnnie Izquierdo/Getty Images)
Blades Brown missed the cut at The American Express last year, shooting 6-under. He'll tee off at Pete Dye Stadium Course Jan. 22-25 with his sights set on making the weekend this time around in the 2026 American Express.
All stats in this article are accurate for Brown as of the start of The American Express.
Responsible sports betting starts with a game plan. Set a budget. Keep it social. Play with friends. Learn the game and know the odds. Play with trusted, licensed operators. CLICK HERE to learn more at HaveAGamePlan.org.
Note: Using player performance data from ShotLink powered by CDW, the PGA TOUR has created this story using AWS Gen AI technology. While we strive for accuracy and quality, please note that the information provided may not be entirely error-free.
The American Express
PGA TOUR, PGA TOUR Champions, and the Swinging Golfer design are registered trademarks. The Korn Ferry trademark is also a registered trademark, and is used in the Korn Ferry Tour logo with permission.","1 Min Read

Blades Brown of the United States plays his shot from the fourth tee during the second round of The Bahamas Golf Classic at Atlantis Paradise Island 2026 at Ocean Club Golf Course on January 12, 2026 in Paradise Island, Bahamas. (Johnnie Izquierdo/Getty Images)

Blades Brown missed the cut at The American Express last year, shooting 6-under. He'll tee off at Pete Dye Stadium Course Jan. 22-25 with his sights set on making the weekend this time around in the 2026 American Express.

## Brown's recent history at The American Express

## At The American Express

- In Brown's most recent appearance at The American Express, in 2025, he missed the cut after posting a score of 6-under.

- Sepp Straka won this tournament in 2025, finishing at 25-under.

## Brown's recent results

## Brown's recent performances

- Brown's best finish over his last ten appearances came at the Butterfield Bermuda Championship, where he finished tied for 34th with a score of 1-under.

- Brown has an average of 0.137 Strokes Gained: Off-the-Tee in his past five tournaments.

- He has an average of -0.085 Strokes Gained: Approach the Green in his past five tournaments.

- Brown has an average of -0.412 Strokes Gained: Around-the-Green in his past five tournaments.

- He has an average of 0.104 Strokes Gained: Putting in his past five tournaments.

- Brown has averaged -0.256 Strokes Gained: Total in his past five tournaments.

## Brown's Strokes Gained rankings

## Brown's advanced stats and rankings

- Brown posted a Strokes Gained: Off-the-Tee average of 0.137 in his past five tournaments, showing solid performance off the tee.

- His Strokes Gained: Around-the-Green struggled in recent starts with an average of -0.412, indicating room for improvement in his short game.

- Brown delivered a positive Strokes Gained: Putting mark of 0.104 in his past five tournaments, demonstrating competent putting performance.

All stats in this article are accurate for Brown as of the start of The American Express.

Responsible sports betting starts with a game plan. Set a budget. Keep it social. Play with friends. Learn the game and know the odds. Play with trusted, licensed operators. CLICK HERE to learn more at HaveAGamePlan.org.

Note: Using player performance data from ShotLink powered by CDW, the PGA TOUR has created this story using AWS Gen AI technology. While we strive for accuracy and quality, please note that the information provided may not be entirely error-free.

The American Express

- PGA TOUR

PGA TOUR, PGA TOUR Champions, and the Swinging Golfer design are registered trademarks. The Korn Ferry trademark is also a registered trademark, and is used in the Korn Ferry Tour logo with permission."
Matt Kuchar betting profile: The American Express,Matt Kuchar betting profile: The American Express - PGA TOUR,Matt Kuchar finished tied for 43rd at 12-under in his most recent appearance at The American Express in 2025. He'll tee off at Pete Dye Stadium Course Jan. 22-2,,,the-american-express,https://www.pgatour.com/article/news/betting-profile/2026/the-american-express/matt-kuchar-pga-tour-betting-stats-the-american-express-2026,"1 Min Read Matt Kuchar hits his tee shot on the second hole during the final round of the PNC Championship 2025 at Ritz-Carlton Golf Club on December 21, 2025 in Orlando, Florida. (Mike Ehrmann/Getty Images) Matt Kuchar finished tied for 43rd at 12-under in his most recent appearance at The American Express in 2025. He'll tee off at Pete Dye Stadium Course Jan. 22-25 with hopes of improving on that performance in the 2026 tournament.",Kuchar's recent history at The American Express | At The American Express | Kuchar's recent results | Kuchar's recent performances | Kuchar's Strokes Gained rankings | Kuchar's advanced stats and rankings | Scottie Scheffler betting profile: The American Express | Harris English betting profile: The American Express | Sam Ryder betting profile: The American Express | THE TOUR | Partnerships | Quick Links | Shop | Apps,"In Kuchar's most recent appearance at The American Express, in 2025, he finished tied for 43rd after posting a score of 12-under. | Sepp Straka won this tournament in 2025, finishing at 25-under. | Kuchar has finished in the top 20 four times over his last ten appearances. | He had his best finish at the John Deere Classic, where he finished tied for fifth with a score of 16-under. | Kuchar has an average of -0.097 Strokes Gained: Off-the-Tee in his past five tournaments. | He has an average of -0.039 Strokes Gained: Approach the Green in his past five tournaments. | Kuchar has an average of 0.062 Strokes Gained: Around-the-Green in his past five tournaments. | He has an average of 0.501 Strokes Gained: Putting in his past five tournaments. | Kuchar has averaged 0.427 Strokes Gained: Total in his past five tournaments. | Kuchar posted a -0.097 Strokes Gained: Off-the-Tee average in his past five tournaments, while maintaining a solid overall game approach. | In terms of Strokes Gained: Approach the Green in his recent performances, Kuchar recorded a -0.039 mark across his last five starts. | On the greens, Kuchar delivered a strong 0.501 Strokes Gained: Putting mark in his past five tournaments, which has been a key strength in his recent play. | PGA TOUR","1 Min Read
Matt Kuchar hits his tee shot on the second hole during the final round of the PNC Championship 2025 at Ritz-Carlton Golf Club on December 21, 2025 in Orlando, Florida. (Mike Ehrmann/Getty Images)
Matt Kuchar finished tied for 43rd at 12-under in his most recent appearance at The American Express in 2025. He'll tee off at Pete Dye Stadium Course Jan. 22-25 with hopes of improving on that performance in the 2026 tournament.
All stats in this article are accurate for Kuchar as of the start of The American Express.
Responsible sports betting starts with a game plan. Set a budget. Keep it social. Play with friends. Learn the game and know the odds. Play with trusted, licensed operators. CLICK HERE to learn more at HaveAGamePlan.org.
Note: Using player performance data from ShotLink powered by CDW, the PGA TOUR has created this story using AWS Gen AI technology. While we strive for accuracy and quality, please note that the information provided may not be entirely error-free.
The American Express
PGA TOUR, PGA TOUR Champions, and the Swinging Golfer design are registered trademarks. The Korn Ferry trademark is also a registered trademark, and is used in the Korn Ferry Tour logo with permission.","1 Min Read

Matt Kuchar hits his tee shot on the second hole during the final round of the PNC Championship 2025 at Ritz-Carlton Golf Club on December 21, 2025 in Orlando, Florida. (Mike Ehrmann/Getty Images)

Matt Kuchar finished tied for 43rd at 12-under in his most recent appearance at The American Express in 2025. He'll tee off at Pete Dye Stadium Course Jan. 22-25 with hopes of improving on that performance in the 2026 tournament.

## Kuchar's recent history at The American Express

## At The American Express

- In Kuchar's most recent appearance at The American Express, in 2025, he finished tied for 43rd after posting a score of 12-under.

- Sepp Straka won this tournament in 2025, finishing at 25-under.

## Kuchar's recent results

## Kuchar's recent performances

- Kuchar has finished in the top 20 four times over his last ten appearances.

- He had his best finish at the John Deere Classic, where he finished tied for fifth with a score of 16-under.

- Kuchar has an average of -0.097 Strokes Gained: Off-the-Tee in his past five tournaments.

- He has an average of -0.039 Strokes Gained: Approach the Green in his past five tournaments.

- Kuchar has an average of 0.062 Strokes Gained: Around-the-Green in his past five tournaments.

- He has an average of 0.501 Strokes Gained: Putting in his past five tournaments.

- Kuchar has averaged 0.427 Strokes Gained: Total in his past five tournaments.

## Kuchar's Strokes Gained rankings

## Kuchar's advanced stats and rankings

- Kuchar posted a -0.097 Strokes Gained: Off-the-Tee average in his past five tournaments, while maintaining a solid overall game approach.

- In terms of Strokes Gained: Approach the Green in his recent performances, Kuchar recorded a -0.039 mark across his last five starts.

- On the greens, Kuchar delivered a strong 0.501 Strokes Gained: Putting mark in his past five tournaments, which has been a key strength in his recent play.

All stats in this article are accurate for Kuchar as of the start of The American Express.

Responsible sports betting starts with a game plan. Set a budget. Keep it social. Play with friends. Learn the game and know the odds. Play with trusted, licensed operators. CLICK HERE to learn more at HaveAGamePlan.org.

Note: Using player performance data from ShotLink powered by CDW, the PGA TOUR has created this story using AWS Gen AI technology. While we strive for accuracy and quality, please note that the information provided may not be entirely error-free.

The American Express

- PGA TOUR

PGA TOUR, PGA TOUR Champions, and the Swinging Golfer design are registered trademarks. The Korn Ferry trademark is also a registered trademark, and is used in the Korn Ferry Tour logo with permission."
Adam Scott betting profile: The American Express,Adam Scott betting profile: The American Express - PGA TOUR,Adam Scott has not competed in The American Express in the past five years. He'll tee off at Pete Dye Stadium Course Jan. 22-25 with his sights set on making an,,,the-american-express,https://www.pgatour.com/article/news/betting-profile/2026/the-american-express/adam-scott-pga-tour-betting-stats-the-american-express-2026,"1 Min Read Adam Scott of Australia watches his shot on the 14th tee during the second round of the Sony Open in Hawaii 2026 at Waialae Country Club on January 16, 2026 in Honolulu, Hawaii. (Mike Mulholland/Getty Images) All stats in this article are accurate for Scott as of the start of The American Express.",At The American Express | Scott's recent results | Scott's recent performances | Scott's Strokes Gained rankings | Scott's advanced stats and rankings | Scottie Scheffler betting profile: The American Express | Harris English betting profile: The American Express | Sam Ryder betting profile: The American Express | THE TOUR | Partnerships | Quick Links | Shop | Apps,"Scott has not competed in The American Express in the past five years. | Sepp Straka won this tournament in 2025, finishing at 25-under. | Scott has finished in the top 20 three times over his last ten appearances. | He had his best finish at the U.S. Open, where he finished tied for 12th with a score of 6-over. | Scott has an average of 0.440 Strokes Gained: Off-the-Tee in his past five tournaments. | He has an average of 0.280 Strokes Gained: Approach the Green in his past five tournaments. | Scott has averaged 0.556 Strokes Gained: Total in his past five tournaments. | Scott posted a Strokes Gained: Off-the-Tee average of 0.806 (12th) in 2026, while his average Driving Distance of 306.4 yards ranked 67th on TOUR. | In terms of Strokes Gained: Approach the Green in 2026, Scott sported a 0.483 mark that ranked 33rd on TOUR. He ranked 32nd with a 72.22% Greens in Regulation rate. | On the greens, Scott delivered a -0.453 Strokes Gained: Putting mark in 2026, which placed him 74th on TOUR. In addition, he ranked 67th with a Putts Per Round average of 30.25, and he ranked 80th by breaking par 16.67% of the time. | Scott's 0.468 Strokes Gained: Total average ranked 40th on TOUR in 2026, and he earned 12 FedExCup Regular Season points. | PGA TOUR","1 Min Read
Adam Scott of Australia watches his shot on the 14th tee during the second round of the Sony Open in Hawaii 2026 at Waialae Country Club on January 16, 2026 in Honolulu, Hawaii. (Mike Mulholland/Getty Images)
All stats in this article are accurate for Scott as of the start of The American Express.
Responsible sports betting starts with a game plan. Set a budget. Keep it social. Play with friends. Learn the game and know the odds. Play with trusted, licensed operators. CLICK HERE to learn more at HaveAGamePlan.org.
Note: Using player performance data from ShotLink powered by CDW, the PGA TOUR has created this story using AWS Gen AI technology. While we strive for accuracy and quality, please note that the information provided may not be entirely error-free.
The American Express
PGA TOUR, PGA TOUR Champions, and the Swinging Golfer design are registered trademarks. The Korn Ferry trademark is also a registered trademark, and is used in the Korn Ferry Tour logo with permission.","1 Min Read

Adam Scott of Australia watches his shot on the 14th tee during the second round of the Sony Open in Hawaii 2026 at Waialae Country Club on January 16, 2026 in Honolulu, Hawaii. (Mike Mulholland/Getty Images)

## At The American Express

- Scott has not competed in The American Express in the past five years.

- Sepp Straka won this tournament in 2025, finishing at 25-under.

## Scott's recent results

## Scott's recent performances

- Scott has finished in the top 20 three times over his last ten appearances.

- He had his best finish at the U.S. Open, where he finished tied for 12th with a score of 6-over.

- Scott has an average of 0.440 Strokes Gained: Off-the-Tee in his past five tournaments.

- He has an average of 0.280 Strokes Gained: Approach the Green in his past five tournaments.

- Scott has averaged 0.556 Strokes Gained: Total in his past five tournaments.

## Scott's Strokes Gained rankings

## Scott's advanced stats and rankings

- Scott posted a Strokes Gained: Off-the-Tee average of 0.806 (12th) in 2026, while his average Driving Distance of 306.4 yards ranked 67th on TOUR.

- In terms of Strokes Gained: Approach the Green in 2026, Scott sported a 0.483 mark that ranked 33rd on TOUR. He ranked 32nd with a 72.22% Greens in Regulation rate.

- On the greens, Scott delivered a -0.453 Strokes Gained: Putting mark in 2026, which placed him 74th on TOUR. In addition, he ranked 67th with a Putts Per Round average of 30.25, and he ranked 80th by breaking par 16.67% of the time.

- Scott's 0.468 Strokes Gained: Total average ranked 40th on TOUR in 2026, and he earned 12 FedExCup Regular Season points.

All stats in this article are accurate for Scott as of the start of The American Express.

Responsible sports betting starts with a game plan. Set a budget. Keep it social. Play with friends. Learn the game and know the odds. Play with trusted, licensed operators. CLICK HERE to learn more at HaveAGamePlan.org.

Note: Using player performance data from ShotLink powered by CDW, the PGA TOUR has created this story using AWS Gen AI technology. While we strive for accuracy and quality, please note that the information provided may not be entirely error-free.

The American Express

- PGA TOUR

PGA TOUR, PGA TOUR Champions, and the Swinging Golfer design are registered trademarks. The Korn Ferry trademark is also a registered trademark, and is used in the Korn Ferry Tour logo with permission."
Camilo Villegas betting profile: The American Express,Camilo Villegas betting profile: The American Express - PGA TOUR,Camilo Villegas finished tied for seventh at 19-under in his most recent appearance at The American Express in 2025. He'll tee off at Pete Dye Stadium Course Ja,,,the-american-express,https://www.pgatour.com/article/news/betting-profile/2026/the-american-express/camilo-villegas-pga-tour-betting-stats-the-american-express-2026,"1 Min Read Camilo Villegas of Colombia looks on prior to his shot on the 4th tee during the first round of The Bahamas Great Abaco Classic at The Abaco Club 2026 at The Abaco Club on January 18, 2026 in Great Abaco, Bahamas. (Johnnie Izquierdo/Getty Images) Camilo Villegas finished tied for seventh at 19-under in his most recent appearance at The American Express in 2025. He'll tee off at Pete Dye Stadium Course Jan. 22-25 with hopes of building on that strong performance in the 2026 tournament.",Villegas's recent history at The American Express | At The American Express | Villegas's recent results | Villegas's recent performances | Villegas's Strokes Gained rankings | Villegas's advanced stats and rankings | Scottie Scheffler betting profile: The American Express | Harris English betting profile: The American Express | Sam Ryder betting profile: The American Express | THE TOUR | Partnerships | Quick Links | Shop | Apps,"In Villegas's most recent appearance at The American Express, in 2025, he finished tied for seventh after posting a score of 19-under. | Sepp Straka won this tournament in 2025, finishing at 25-under. | He has one top-10 finish over his last ten appearances. | He had his best finish at the Butterfield Bermuda Championship, where he finished tied for ninth with a score of 8-under. | Villegas has an average of -0.633 Strokes Gained: Off-the-Tee in his past five tournaments. | He has an average of -0.047 Strokes Gained: Approach the Green in his past five tournaments. | Villegas has averaged -0.269 Strokes Gained: Total in his past five tournaments. | In his past five tournaments, Villegas posted a Strokes Gained: Off-the-Tee average of -0.633, indicating struggles with his driving performance. | His Strokes Gained: Approach the Green mark of -0.047 over his last five starts shows he has been close to neutral with his iron play. | Around the greens, Villegas has been solid with a positive 0.283 Strokes Gained: Around-the-Green average in his past five tournaments. | PGA TOUR","1 Min Read
Camilo Villegas of Colombia looks on prior to his shot on the 4th tee during the first round of The Bahamas Great Abaco Classic at The Abaco Club 2026 at The Abaco Club on January 18, 2026 in Great Abaco, Bahamas. (Johnnie Izquierdo/Getty Images)
Camilo Villegas finished tied for seventh at 19-under in his most recent appearance at The American Express in 2025. He'll tee off at Pete Dye Stadium Course Jan. 22-25 with hopes of building on that strong performance in the 2026 tournament.
All stats in this article are accurate for Villegas as of the start of The American Express.
Responsible sports betting starts with a game plan. Set a budget. Keep it social. Play with friends. Learn the game and know the odds. Play with trusted, licensed operators. CLICK HERE to learn more at HaveAGamePlan.org.
Note: Using player performance data from ShotLink powered by CDW, the PGA TOUR has created this story using AWS Gen AI technology. While we strive for accuracy and quality, please note that the information provided may not be entirely error-free.
The American Express
PGA TOUR, PGA TOUR Champions, and the Swinging Golfer design are registered trademarks. The Korn Ferry trademark is also a registered trademark, and is used in the Korn Ferry Tour logo with permission.","1 Min Read

Camilo Villegas of Colombia looks on prior to his shot on the 4th tee during the first round of The Bahamas Great Abaco Classic at The Abaco Club 2026 at The Abaco Club on January 18, 2026 in Great Abaco, Bahamas. (Johnnie Izquierdo/Getty Images)

Camilo Villegas finished tied for seventh at 19-under in his most recent appearance at The American Express in 2025. He'll tee off at Pete Dye Stadium Course Jan. 22-25 with hopes of building on that strong performance in the 2026 tournament.

## Villegas's recent history at The American Express

## At The American Express

- In Villegas's most recent appearance at The American Express, in 2025, he finished tied for seventh after posting a score of 19-under.

- Sepp Straka won this tournament in 2025, finishing at 25-under.

## Villegas's recent results

## Villegas's recent performances

- He has one top-10 finish over his last ten appearances.

- He had his best finish at the Butterfield Bermuda Championship, where he finished tied for ninth with a score of 8-under.

- Villegas has an average of -0.633 Strokes Gained: Off-the-Tee in his past five tournaments.

- He has an average of -0.047 Strokes Gained: Approach the Green in his past five tournaments.

- Villegas has averaged -0.269 Strokes Gained: Total in his past five tournaments.

## Villegas's Strokes Gained rankings

## Villegas's advanced stats and rankings

- In his past five tournaments, Villegas posted a Strokes Gained: Off-the-Tee average of -0.633, indicating struggles with his driving performance.

- His Strokes Gained: Approach the Green mark of -0.047 over his last five starts shows he has been close to neutral with his iron play.

- Around the greens, Villegas has been solid with a positive 0.283 Strokes Gained: Around-the-Green average in his past five tournaments.

All stats in this article are accurate for Villegas as of the start of The American Express.

Responsible sports betting starts with a game plan. Set a budget. Keep it social. Play with friends. Learn the game and know the odds. Play with trusted, licensed operators. CLICK HERE to learn more at HaveAGamePlan.org.

Note: Using player performance data from ShotLink powered by CDW, the PGA TOUR has created this story using AWS Gen AI technology. While we strive for accuracy and quality, please note that the information provided may not be entirely error-free.

The American Express

- PGA TOUR

PGA TOUR, PGA TOUR Champions, and the Swinging Golfer design are registered trademarks. The Korn Ferry trademark is also a registered trademark, and is used in the Korn Ferry Tour logo with permission."
Jason Day betting profile: The American Express,Jason Day betting profile: The American Express - PGA TOUR,Jason Day finished tied for third at 22-under at The American Express last year. He'll tee off at Pete Dye Stadium Course Jan. 22-25 with his sights set on impr,,,the-american-express,https://www.pgatour.com/article/news/betting-profile/2026/the-american-express/jason-day-pga-tour-betting-stats-the-american-express-2026,"1 Min Read Jason Day of Australia hits a tee shot on the 14th hole during the final round of the Grant Thornton Invitational 2025 at Tiburon Golf Club on December 14, 2025 in Naples, Florida. (Sam Navarro/Getty Images) Jason Day finished tied for third at 22-under at The American Express last year. He'll tee off at Pete Dye Stadium Course Jan. 22-25 with his sights set on improving upon that strong performance in the 2026 tournament.",Day's recent history at The American Express | At The American Express | Day's recent results | Day's recent performances | Day's Strokes Gained rankings | Day's advanced stats and rankings | Scottie Scheffler betting profile: The American Express | Harris English betting profile: The American Express | Sam Ryder betting profile: The American Express | THE TOUR | Partnerships | Quick Links | Shop | Apps,"In Day's most recent appearance at The American Express, in 2025, he finished tied for third after posting a score of 22-under. | Day's best finish at this event came in 2025, when he finished tied for third at 22-under. | Sepp Straka won this tournament in 2025, finishing at 25-under. | Day has finished in the top 10 twice over his last ten appearances. | Day has finished in the top 20 three times over his last ten appearances. | He had his best finish at the Travelers Championship, where he finished tied for fourth with a score of 13-under. | Day has an average of 0.143 Strokes Gained: Off-the-Tee in his past five tournaments. | He has an average of -0.418 Strokes Gained: Approach the Green in his past five tournaments. | Day has averaged 0.081 Strokes Gained: Total in his past five tournaments. | Day averaged 0.143 Strokes Gained: Off-the-Tee in his past five tournaments. | In terms of Strokes Gained: Approach the Green, Day posted a -0.418 mark in his past five tournaments. | Day delivered a 0.140 Strokes Gained: Putting mark in his past five tournaments. | PGA TOUR","1 Min Read
Jason Day of Australia hits a tee shot on the 14th hole during the final round of the Grant Thornton Invitational 2025 at Tiburon Golf Club on December 14, 2025 in Naples, Florida. (Sam Navarro/Getty Images)
Jason Day finished tied for third at 22-under at The American Express last year. He'll tee off at Pete Dye Stadium Course Jan. 22-25 with his sights set on improving upon that strong performance in the 2026 tournament.
All stats in this article are accurate for Day as of the start of The American Express.
Responsible sports betting starts with a game plan. Set a budget. Keep it social. Play with friends. Learn the game and know the odds. Play with trusted, licensed operators. CLICK HERE to learn more at HaveAGamePlan.org.
Note: Using player performance data from ShotLink powered by CDW, the PGA TOUR has created this story using AWS Gen AI technology. While we strive for accuracy and quality, please note that the information provided may not be entirely error-free.
The American Express
PGA TOUR, PGA TOUR Champions, and the Swinging Golfer design are registered trademarks. The Korn Ferry trademark is also a registered trademark, and is used in the Korn Ferry Tour logo with permission.","1 Min Read

Jason Day of Australia hits a tee shot on the 14th hole during the final round of the Grant Thornton Invitational 2025 at Tiburon Golf Club on December 14, 2025 in Naples, Florida. (Sam Navarro/Getty Images)

Jason Day finished tied for third at 22-under at The American Express last year. He'll tee off at Pete Dye Stadium Course Jan. 22-25 with his sights set on improving upon that strong performance in the 2026 tournament.

## Day's recent history at The American Express

## At The American Express

- In Day's most recent appearance at The American Express, in 2025, he finished tied for third after posting a score of 22-under.

- Day's best finish at this event came in 2025, when he finished tied for third at 22-under.

- Sepp Straka won this tournament in 2025, finishing at 25-under.

## Day's recent results

## Day's recent performances

- Day has finished in the top 10 twice over his last ten appearances.

- Day has finished in the top 20 three times over his last ten appearances.

- He had his best finish at the Travelers Championship, where he finished tied for fourth with a score of 13-under.

- Day has an average of 0.143 Strokes Gained: Off-the-Tee in his past five tournaments.

- He has an average of -0.418 Strokes Gained: Approach the Green in his past five tournaments.

- Day has averaged 0.081 Strokes Gained: Total in his past five tournaments.

## Day's Strokes Gained rankings

## Day's advanced stats and rankings

- Day averaged 0.143 Strokes Gained: Off-the-Tee in his past five tournaments.

- In terms of Strokes Gained: Approach the Green, Day posted a -0.418 mark in his past five tournaments.

- Day delivered a 0.140 Strokes Gained: Putting mark in his past five tournaments.

All stats in this article are accurate for Day as of the start of The American Express.

Responsible sports betting starts with a game plan. Set a budget. Keep it social. Play with friends. Learn the game and know the odds. Play with trusted, licensed operators. CLICK HERE to learn more at HaveAGamePlan.org.

Note: Using player performance data from ShotLink powered by CDW, the PGA TOUR has created this story using AWS Gen AI technology. While we strive for accuracy and quality, please note that the information provided may not be entirely error-free.

The American Express

- PGA TOUR

PGA TOUR, PGA TOUR Champions, and the Swinging Golfer design are registered trademarks. The Korn Ferry trademark is also a registered trademark, and is used in the Korn Ferry Tour logo with permission."
Alex Noren betting profile: The American Express,Alex Noren betting profile: The American Express - PGA TOUR,Alex Noren finished tied for 25th at 19-under in his most recent appearance at The American Express in 2024. He'll tee off at Pete Dye Stadium Course Jan. 22-25,,,the-american-express,https://www.pgatour.com/article/news/betting-profile/2026/the-american-express/alex-noren-pga-tour-betting-stats-the-american-express-2026,"1 Min Read Alex Noren of Sweden watches his shot on the 12th tee box during the final round of the Hero World Challenge at Albany Golf Course on December 7, 2025 in Naussau, New Providence. (Ben Jared/PGA TOUR via Getty Images) Alex Noren finished tied for 25th at 19-under in his most recent appearance at The American Express in 2024. He'll tee off at Pete Dye Stadium Course Jan. 22-25 with his sights set higher this time around in the 2026 American Express.",Noren's recent history at The American Express | At The American Express | Noren's recent results | Noren's recent performances | Noren's Strokes Gained rankings | Noren's advanced stats and rankings | Scottie Scheffler betting profile: The American Express | Harris English betting profile: The American Express | Sam Ryder betting profile: The American Express | THE TOUR | Partnerships | Quick Links | Shop | Apps,"In Noren's most recent appearance at The American Express, in 2024, he finished tied for 25th after posting a score of 19-under. | Sepp Straka won this tournament in 2025, finishing at 25-under. | Noren has finished in the top five once and in the top 10 twice over his last ten appearances. | He had his best finish at the Wyndham Championship, where he finished tied for third with a score of 15-under. | Noren has an average of 0.161 Strokes Gained: Off-the-Tee in his past five tournaments. | He has an average of 0.492 Strokes Gained: Approach the Green in his past five tournaments. | Noren has an average of 0.330 Strokes Gained: Around-the-Green in his past five tournaments. | He has an average of 1.080 Strokes Gained: Putting in his past five tournaments. | Noren has averaged 2.064 Strokes Gained: Total in his past five tournaments. | Noren has an average of 0.161 Strokes Gained: Off-the-Tee in his past five tournaments. | In terms of Strokes Gained: Approach the Green, Noren has delivered a 0.492 mark in his past five tournaments. | Noren has posted a 0.330 Strokes Gained: Around-the-Green average in his past five tournaments. | On the greens, Noren has delivered a 1.080 Strokes Gained: Putting mark in his past five tournaments. | PGA TOUR","1 Min Read
Alex Noren of Sweden watches his shot on the 12th tee box during the final round of the Hero World Challenge at Albany Golf Course on December 7, 2025 in Naussau, New Providence. (Ben Jared/PGA TOUR via Getty Images)
Alex Noren finished tied for 25th at 19-under in his most recent appearance at The American Express in 2024. He'll tee off at Pete Dye Stadium Course Jan. 22-25 with his sights set higher this time around in the 2026 American Express.
All stats in this article are accurate for Noren as of the start of The American Express.
Responsible sports betting starts with a game plan. Set a budget. Keep it social. Play with friends. Learn the game and know the odds. Play with trusted, licensed operators. CLICK HERE to learn more at HaveAGamePlan.org.
Note: Using player performance data from ShotLink powered by CDW, the PGA TOUR has created this story using AWS Gen AI technology. While we strive for accuracy and quality, please note that the information provided may not be entirely error-free.
The American Express
PGA TOUR, PGA TOUR Champions, and the Swinging Golfer design are registered trademarks. The Korn Ferry trademark is also a registered trademark, and is used in the Korn Ferry Tour logo with permission.","1 Min Read

Alex Noren of Sweden watches his shot on the 12th tee box during the final round of the Hero World Challenge at Albany Golf Course on December 7, 2025 in Naussau, New Providence. (Ben Jared/PGA TOUR via Getty Images)

Alex Noren finished tied for 25th at 19-under in his most recent appearance at The American Express in 2024. He'll tee off at Pete Dye Stadium Course Jan. 22-25 with his sights set higher this time around in the 2026 American Express.

## Noren's recent history at The American Express

## At The American Express

- In Noren's most recent appearance at The American Express, in 2024, he finished tied for 25th after posting a score of 19-under.

- Sepp Straka won this tournament in 2025, finishing at 25-under.

## Noren's recent results

## Noren's recent performances

- Noren has finished in the top five once and in the top 10 twice over his last ten appearances.

- He had his best finish at the Wyndham Championship, where he finished tied for third with a score of 15-under.

- Noren has an average of 0.161 Strokes Gained: Off-the-Tee in his past five tournaments.

- He has an average of 0.492 Strokes Gained: Approach the Green in his past five tournaments.

- Noren has an average of 0.330 Strokes Gained: Around-the-Green in his past five tournaments.

- He has an average of 1.080 Strokes Gained: Putting in his past five tournaments.

- Noren has averaged 2.064 Strokes Gained: Total in his past five tournaments.

## Noren's Strokes Gained rankings

## Noren's advanced stats and rankings

- Noren has an average of 0.161 Strokes Gained: Off-the-Tee in his past five tournaments.

- In terms of Strokes Gained: Approach the Green, Noren has delivered a 0.492 mark in his past five tournaments.

- Noren has posted a 0.330 Strokes Gained: Around-the-Green average in his past five tournaments.

- On the greens, Noren has delivered a 1.080 Strokes Gained: Putting mark in his past five tournaments.

All stats in this article are accurate for Noren as of the start of The American Express.

Responsible sports betting starts with a game plan. Set a budget. Keep it social. Play with friends. Learn the game and know the odds. Play with trusted, licensed operators. CLICK HERE to learn more at HaveAGamePlan.org.

Note: Using player performance data from ShotLink powered by CDW, the PGA TOUR has created this story using AWS Gen AI technology. While we strive for accuracy and quality, please note that the information provided may not be entirely error-free.

The American Express

- PGA TOUR

PGA TOUR, PGA TOUR Champions, and the Swinging Golfer design are registered trademarks. The Korn Ferry trademark is also a registered trademark, and is used in the Korn Ferry Tour logo with permission."
Matt Fitzpatrick betting profile: The American Express,Matt Fitzpatrick betting profile: The American Express - PGA TOUR,Matt Fitzpatrick has not competed in The American Express in the last five years. He'll tee off at Pete Dye Stadium Course Jan. 22-25 with hopes of making his m,,,the-american-express,https://www.pgatour.com/article/news/betting-profile/2026/the-american-express/matt-fitzpatrick-pga-tour-betting-stats-the-american-express-2026,"1 Min Read Matt Fitzpatrick of England prepares to play his second shot on the ninth hole during day two of The 153rd Open Championship at Royal Portrush Golf Club on July 18, 2025 in Portrush, Northern Ireland. (Andrew Redington/Getty Images) Matt Fitzpatrick has not competed in The American Express in the last five years. He'll tee off at Pete Dye Stadium Course Jan. 22-25 with hopes of making his mark at this California desert tournament.",At The American Express | Fitzpatrick's recent results | Fitzpatrick's recent performances | Fitzpatrick's Strokes Gained rankings | Fitzpatrick's advanced stats and rankings | Scottie Scheffler betting profile: The American Express | Harris English betting profile: The American Express | Sam Ryder betting profile: The American Express | THE TOUR | Partnerships | Quick Links | Shop | Apps,"This is Fitzpatrick's first time competing in The American Express in the past five years. | Sepp Straka won this tournament in 2025, finishing at 25-under. | Fitzpatrick has finished in the top 10 five times over his last ten appearances. | He has finished in the top 20 seven times over his last ten appearances. | He had his best finish at The Open Championship, where he finished tied for fourth with a score of 11-under. | Fitzpatrick has an average of -0.179 Strokes Gained: Off-the-Tee in his past five tournaments. | He has an average of 0.226 Strokes Gained: Approach the Green in his past five tournaments. | Fitzpatrick has averaged 1.287 Strokes Gained: Total in his past five tournaments. | Fitzpatrick posted a -0.179 Strokes Gained: Off-the-Tee average in his past five tournaments. | In terms of Strokes Gained: Approach the Green, Fitzpatrick sported a 0.226 mark in his past five tournaments. | On the greens, Fitzpatrick delivered a 0.909 Strokes Gained: Putting mark in his past five tournaments. | PGA TOUR","1 Min Read
Matt Fitzpatrick of England prepares to play his second shot on the ninth hole during day two of The 153rd Open Championship at Royal Portrush Golf Club on July 18, 2025 in Portrush, Northern Ireland. (Andrew Redington/Getty Images)
Matt Fitzpatrick has not competed in The American Express in the last five years. He'll tee off at Pete Dye Stadium Course Jan. 22-25 with hopes of making his mark at this California desert tournament.
All stats in this article are accurate for Fitzpatrick as of the start of The American Express.
Responsible sports betting starts with a game plan. Set a budget. Keep it social. Play with friends. Learn the game and know the odds. Play with trusted, licensed operators. CLICK HERE to learn more at HaveAGamePlan.org.
Note: Using player performance data from ShotLink powered by CDW, the PGA TOUR has created this story using AWS Gen AI technology. While we strive for accuracy and quality, please note that the information provided may not be entirely error-free.
The American Express
PGA TOUR, PGA TOUR Champions, and the Swinging Golfer design are registered trademarks. The Korn Ferry trademark is also a registered trademark, and is used in the Korn Ferry Tour logo with permission.","1 Min Read

Matt Fitzpatrick of England prepares to play his second shot on the ninth hole during day two of The 153rd Open Championship at Royal Portrush Golf Club on July 18, 2025 in Portrush, Northern Ireland. (Andrew Redington/Getty Images)

Matt Fitzpatrick has not competed in The American Express in the last five years. He'll tee off at Pete Dye Stadium Course Jan. 22-25 with hopes of making his mark at this California desert tournament.

## At The American Express

- This is Fitzpatrick's first time competing in The American Express in the past five years.

- Sepp Straka won this tournament in 2025, finishing at 25-under.

## Fitzpatrick's recent results

## Fitzpatrick's recent performances

- Fitzpatrick has finished in the top 10 five times over his last ten appearances.

- He has finished in the top 20 seven times over his last ten appearances.

- He had his best finish at The Open Championship, where he finished tied for fourth with a score of 11-under.

- Fitzpatrick has an average of -0.179 Strokes Gained: Off-the-Tee in his past five tournaments.

- He has an average of 0.226 Strokes Gained: Approach the Green in his past five tournaments.

- Fitzpatrick has averaged 1.287 Strokes Gained: Total in his past five tournaments.

## Fitzpatrick's Strokes Gained rankings

## Fitzpatrick's advanced stats and rankings

- Fitzpatrick posted a -0.179 Strokes Gained: Off-the-Tee average in his past five tournaments.

- In terms of Strokes Gained: Approach the Green, Fitzpatrick sported a 0.226 mark in his past five tournaments.

- On the greens, Fitzpatrick delivered a 0.909 Strokes Gained: Putting mark in his past five tournaments.

All stats in this article are accurate for Fitzpatrick as of the start of The American Express.

Responsible sports betting starts with a game plan. Set a budget. Keep it social. Play with friends. Learn the game and know the odds. Play with trusted, licensed operators. CLICK HERE to learn more at HaveAGamePlan.org.

Note: Using player performance data from ShotLink powered by CDW, the PGA TOUR has created this story using AWS Gen AI technology. While we strive for accuracy and quality, please note that the information provided may not be entirely error-free.

The American Express

- PGA TOUR

PGA TOUR, PGA TOUR Champions, and the Swinging Golfer design are registered trademarks. The Korn Ferry trademark is also a registered trademark, and is used in the Korn Ferry Tour logo with permission."
Adam Svensson betting profile: The American Express,Adam Svensson betting profile: The American Express - PGA TOUR,Adam Svensson finished tied for 49th at The American Express in 2022 and missed the cut in 2025. He'll tee off at Pete Dye Stadium Course Jan. 22-25 with his si,,,the-american-express,https://www.pgatour.com/article/news/betting-profile/2026/the-american-express/adam-svensson-pga-tour-betting-stats-the-american-express-2026,"1 Min Read Adam Svensson of Canada plays his shot from the 15th tee during the final round of the Sony Open in Hawaii 2026 at Waialae Country Club on January 18, 2026 in Honolulu, Hawaii. (Cliff Hawkins/Getty Images) Adam Svensson finished tied for 49th at The American Express in 2022 and missed the cut in 2025. He'll tee off at Pete Dye Stadium Course Jan. 22-25 with his sights set on improving his performance at the 2026 American Express.",Svensson's recent history at The American Express | At The American Express | Svensson's recent results | Svensson's recent performances | Svensson's Strokes Gained rankings | Svensson's advanced stats and rankings | Jacob Bridgeman betting profile: The American Express | Zach Johnson betting profile: The American Express | Sami Valimaki betting profile: The American Express | THE TOUR | Partnerships | Quick Links | Shop | Apps,"In Svensson's most recent appearance at The American Express, in 2025, he missed the cut after posting a score of 4-under. | Svensson's best finish at this event came in 2022, when he finished tied for 49th at 9-under. | Sepp Straka won this tournament in 2025, finishing at 25-under. | Svensson has finished in the top 20 once over his last ten appearances. | He had his best finish at the 3M Open, where he finished tied for 14th with a score of 16-under. | Svensson has an average of -0.166 Strokes Gained: Off-the-Tee in his past five tournaments. | He has an average of 0.171 Strokes Gained: Approach the Green in his past five tournaments. | He has an average of 0.166 Strokes Gained: Around-the-Green in his past five tournaments. | Svensson has an average of -0.432 Strokes Gained: Putting in his past five tournaments. | Svensson has averaged -0.262 Strokes Gained: Total in his past five tournaments. | Svensson has posted a Strokes Gained: Off-the-Tee average of 0.364 (36th) this season, while his average Driving Distance of 308.0 yards ranks 58th on TOUR. | In terms of Strokes Gained: Approach the Green this season, Svensson sports a 0.323 mark that ranks 40th on TOUR. He ranks 85th with a 63.89% Greens in Regulation rate. | Around the greens, Svensson delivers a 0.531 Strokes Gained: Around-the-Green mark this season, which places him 18th on TOUR. | On the greens, Svensson has delivered a -0.751 Strokes Gained: Putting mark this season, which places him 85th on TOUR. In addition, he ranks 22nd with a Putts Per Round average of 29.00, and he ranks 54th by breaking par 20.83% of the time. | Svensson has earned 12 FedExCup Regular Season points (39th) this season. | PGA TOUR","1 Min Read
Adam Svensson of Canada plays his shot from the 15th tee during the final round of the Sony Open in Hawaii 2026 at Waialae Country Club on January 18, 2026 in Honolulu, Hawaii. (Cliff Hawkins/Getty Images)
Adam Svensson finished tied for 49th at The American Express in 2022 and missed the cut in 2025. He'll tee off at Pete Dye Stadium Course Jan. 22-25 with his sights set on improving his performance at the 2026 American Express.
All stats in this article are accurate for Svensson as of the start of The American Express.
Responsible sports betting starts with a game plan. Set a budget. Keep it social. Play with friends. Learn the game and know the odds. Play with trusted, licensed operators. CLICK HERE to learn more at HaveAGamePlan.org.
Note: Using player performance data from ShotLink powered by CDW, the PGA TOUR has created this story using AWS Gen AI technology. While we strive for accuracy and quality, please note that the information provided may not be entirely error-free.
The American Express
PGA TOUR, PGA TOUR Champions, and the Swinging Golfer design are registered trademarks. The Korn Ferry trademark is also a registered trademark, and is used in the Korn Ferry Tour logo with permission.","1 Min Read

Adam Svensson of Canada plays his shot from the 15th tee during the final round of the Sony Open in Hawaii 2026 at Waialae Country Club on January 18, 2026 in Honolulu, Hawaii. (Cliff Hawkins/Getty Images)

Adam Svensson finished tied for 49th at The American Express in 2022 and missed the cut in 2025. He'll tee off at Pete Dye Stadium Course Jan. 22-25 with his sights set on improving his performance at the 2026 American Express.

## Svensson's recent history at The American Express

## At The American Express

- In Svensson's most recent appearance at The American Express, in 2025, he missed the cut after posting a score of 4-under.

- Svensson's best finish at this event came in 2022, when he finished tied for 49th at 9-under.

- Sepp Straka won this tournament in 2025, finishing at 25-under.

## Svensson's recent results

## Svensson's recent performances

- Svensson has finished in the top 20 once over his last ten appearances.

- He had his best finish at the 3M Open, where he finished tied for 14th with a score of 16-under.

- Svensson has an average of -0.166 Strokes Gained: Off-the-Tee in his past five tournaments.

- He has an average of 0.171 Strokes Gained: Approach the Green in his past five tournaments.

- He has an average of 0.166 Strokes Gained: Around-the-Green in his past five tournaments.

- Svensson has an average of -0.432 Strokes Gained: Putting in his past five tournaments.

- Svensson has averaged -0.262 Strokes Gained: Total in his past five tournaments.

## Svensson's Strokes Gained rankings

## Svensson's advanced stats and rankings

- Svensson has posted a Strokes Gained: Off-the-Tee average of 0.364 (36th) this season, while his average Driving Distance of 308.0 yards ranks 58th on TOUR.

- In terms of Strokes Gained: Approach the Green this season, Svensson sports a 0.323 mark that ranks 40th on TOUR. He ranks 85th with a 63.89% Greens in Regulation rate.

- Around the greens, Svensson delivers a 0.531 Strokes Gained: Around-the-Green mark this season, which places him 18th on TOUR.

- On the greens, Svensson has delivered a -0.751 Strokes Gained: Putting mark this season, which places him 85th on TOUR. In addition, he ranks 22nd with a Putts Per Round average of 29.00, and he ranks 54th by breaking par 20.83% of the time.

- Svensson has earned 12 FedExCup Regular Season points (39th) this season.

All stats in this article are accurate for Svensson as of the start of The American Express.

Responsible sports betting starts with a game plan. Set a budget. Keep it social. Play with friends. Learn the game and know the odds. Play with trusted, licensed operators. CLICK HERE to learn more at HaveAGamePlan.org.

Note: Using player performance data from ShotLink powered by CDW, the PGA TOUR has created this story using AWS Gen AI technology. While we strive for accuracy and quality, please note that the information provided may not be entirely error-free.

The American Express

- PGA TOUR

PGA TOUR, PGA TOUR Champions, and the Swinging Golfer design are registered trademarks. The Korn Ferry trademark is also a registered trademark, and is used in the Korn Ferry Tour logo with permission."
Adam Schenk betting profile: The American Express,Adam Schenk betting profile: The American Express - PGA TOUR,Adam Schenk withdrew from The American Express in 2025 after shooting 74 in his first round. He'll tee off at Pete Dye Stadium Course Jan. 22-25 with hopes of a,,,the-american-express,https://www.pgatour.com/article/news/betting-profile/2026/the-american-express/adam-schenk-pga-tour-betting-stats-the-american-express-2026,"1 Min Read Adam Schenk of the United States plays his shot from the second tee during the first round of the Sony Open in Hawaii 2026 at Waialae Country Club on January 15, 2026 in Honolulu, Hawaii. (Mike Mulholland/Getty Images) Adam Schenk withdrew from The American Express in 2025 after shooting 74 in his first round. He'll tee off at Pete Dye Stadium Course Jan. 22-25 with hopes of a better showing in the 2026 American Express.",Schenk's recent history at The American Express | At The American Express | Schenk's recent results | Schenk's recent performances | Schenk's Strokes Gained rankings | Schenk's advanced stats and rankings | Jacob Bridgeman betting profile: The American Express | Zach Johnson betting profile: The American Express | Sami Valimaki betting profile: The American Express | THE TOUR | Partnerships | Quick Links | Shop | Apps,"In Schenk's most recent appearance at The American Express, in 2025, he withdrew after shooting 74 in the first round. | Schenk's best finish at this event came in 2021, when he finished tied for 37th at 9-under. | Sepp Straka won this tournament in 2025, finishing at 25-under. | Schenk has one victory over his last ten appearances. | He had his best finish at the Butterfield Bermuda Championship, where he finished first with a score of 12-under. | Schenk has an average of -0.050 Strokes Gained: Off-the-Tee in his past five tournaments. | He has an average of 0.331 Strokes Gained: Approach the Green in his past five tournaments. | Schenk has averaged 0.101 Strokes Gained: Total in his past five tournaments. | Schenk ranks 109th in Strokes Gained: Off-the-Tee with a -0.866 average in 2026, while his average Driving Distance of 312.5 yards ranks 35th on TOUR. | In terms of Strokes Gained: Approach the Green in 2026, Schenk posts a -1.912 mark that ranks 113th on TOUR. He ranks 116th with a 52.78% Greens in Regulation rate. | On the greens, Schenk delivers a -1.896 Strokes Gained: Putting mark in 2026, which places him 112th on TOUR. In addition, he ranks 87th with a Putts Per Round average of 31.00, and he ranks 80th by breaking par 16.67% of the time. | PGA TOUR","1 Min Read
Adam Schenk of the United States plays his shot from the second tee during the first round of the Sony Open in Hawaii 2026 at Waialae Country Club on January 15, 2026 in Honolulu, Hawaii. (Mike Mulholland/Getty Images)
Adam Schenk withdrew from The American Express in 2025 after shooting 74 in his first round. He'll tee off at Pete Dye Stadium Course Jan. 22-25 with hopes of a better showing in the 2026 American Express.
All stats in this article are accurate for Schenk as of the start of The American Express.
Responsible sports betting starts with a game plan. Set a budget. Keep it social. Play with friends. Learn the game and know the odds. Play with trusted, licensed operators. CLICK HERE to learn more at HaveAGamePlan.org.
Note: Using player performance data from ShotLink powered by CDW, the PGA TOUR has created this story using AWS Gen AI technology. While we strive for accuracy and quality, please note that the information provided may not be entirely error-free.
The American Express
PGA TOUR, PGA TOUR Champions, and the Swinging Golfer design are registered trademarks. The Korn Ferry trademark is also a registered trademark, and is used in the Korn Ferry Tour logo with permission.","1 Min Read

Adam Schenk of the United States plays his shot from the second tee during the first round of the Sony Open in Hawaii 2026 at Waialae Country Club on January 15, 2026 in Honolulu, Hawaii. (Mike Mulholland/Getty Images)

Adam Schenk withdrew from The American Express in 2025 after shooting 74 in his first round. He'll tee off at Pete Dye Stadium Course Jan. 22-25 with hopes of a better showing in the 2026 American Express.

## Schenk's recent history at The American Express

## At The American Express

- In Schenk's most recent appearance at The American Express, in 2025, he withdrew after shooting 74 in the first round.

- Schenk's best finish at this event came in 2021, when he finished tied for 37th at 9-under.

- Sepp Straka won this tournament in 2025, finishing at 25-under.

## Schenk's recent results

## Schenk's recent performances

- Schenk has one victory over his last ten appearances.

- He had his best finish at the Butterfield Bermuda Championship, where he finished first with a score of 12-under.

- Schenk has an average of -0.050 Strokes Gained: Off-the-Tee in his past five tournaments.

- He has an average of 0.331 Strokes Gained: Approach the Green in his past five tournaments.

- Schenk has averaged 0.101 Strokes Gained: Total in his past five tournaments.

## Schenk's Strokes Gained rankings

## Schenk's advanced stats and rankings

- Schenk ranks 109th in Strokes Gained: Off-the-Tee with a -0.866 average in 2026, while his average Driving Distance of 312.5 yards ranks 35th on TOUR.

- In terms of Strokes Gained: Approach the Green in 2026, Schenk posts a -1.912 mark that ranks 113th on TOUR. He ranks 116th with a 52.78% Greens in Regulation rate.

- On the greens, Schenk delivers a -1.896 Strokes Gained: Putting mark in 2026, which places him 112th on TOUR. In addition, he ranks 87th with a Putts Per Round average of 31.00, and he ranks 80th by breaking par 16.67% of the time.

All stats in this article are accurate for Schenk as of the start of The American Express.

Responsible sports betting starts with a game plan. Set a budget. Keep it social. Play with friends. Learn the game and know the odds. Play with trusted, licensed operators. CLICK HERE to learn more at HaveAGamePlan.org.

Note: Using player performance data from ShotLink powered by CDW, the PGA TOUR has created this story using AWS Gen AI technology. While we strive for accuracy and quality, please note that the information provided may not be entirely error-free.

The American Express

- PGA TOUR

PGA TOUR, PGA TOUR Champions, and the Swinging Golfer design are registered trademarks. The Korn Ferry trademark is also a registered trademark, and is used in the Korn Ferry Tour logo with permission."
Carson Young betting profile: The American Express,Carson Young betting profile: The American Express - PGA TOUR,Carson Young shot 14-under and finished tied for 29th the last time he played in this tournament. He'll tee off at Pete Dye Stadium Course Jan. 22-25 with his s,,,the-american-express,https://www.pgatour.com/article/news/betting-profile/2026/the-american-express/carson-young-pga-tour-betting-stats-the-american-express-2026,"1 Min Read Carson Young of the United States prepares to play his shot from the second tee during the second round of The RSM Classic 2025 at Sea Island Resort Plantation Course on November 21, 2025 in St Simons Island, Georgia. (Mike Mulholland/Getty Images) Carson Young shot 14-under and finished tied for 29th the last time he played in this tournament. He'll tee off at Pete Dye Stadium Course Jan. 22-25 with his sights set higher this time around in the 2026 The American Express.",Young's recent history at The American Express | At The American Express | Young's recent results | Young's recent performances | Young's Strokes Gained rankings | Young's advanced stats and rankings | Scottie Scheffler betting profile: The American Express | Harris English betting profile: The American Express | Sam Ryder betting profile: The American Express | THE TOUR | Partnerships | Quick Links | Shop | Apps,"In Young's most recent appearance at The American Express, in 2025, he finished tied for 29th after posting a score of 14-under. | Young's best finish at this event came in 2024, when he finished tied for 17th at 21-under. | Sepp Straka won this tournament in 2025, finishing at 25-under. | Young has finished in the top 20 twice over his last ten appearances. | He had his best finish at the World Wide Technology Championship, where he finished tied for sixth with a score of 25-under. | Young has an average of -0.418 Strokes Gained: Off-the-Tee in his past five tournaments. | He has an average of 0.024 Strokes Gained: Approach the Green in his past five tournaments. | Young has averaged -0.652 Strokes Gained: Total in his past five tournaments. | Young posted a Strokes Gained: Off-the-Tee average of -0.418 in his past five tournaments, indicating he has lost strokes off the tee compared to the field. | In terms of Strokes Gained: Approach the Green, Young had a slight positive mark of 0.024 in his past five starts, suggesting he has been competitive with his iron play. | On the greens, Young delivered a 0.020 Strokes Gained: Putting mark in his past five tournaments, showing consistency on the putting surface. | PGA TOUR","1 Min Read
Carson Young of the United States prepares to play his shot from the second tee during the second round of The RSM Classic 2025 at Sea Island Resort Plantation Course on November 21, 2025 in St Simons Island, Georgia. (Mike Mulholland/Getty Images)
Carson Young shot 14-under and finished tied for 29th the last time he played in this tournament. He'll tee off at Pete Dye Stadium Course Jan. 22-25 with his sights set higher this time around in the 2026 The American Express.
All stats in this article are accurate for Young as of the start of The American Express.
Responsible sports betting starts with a game plan. Set a budget. Keep it social. Play with friends. Learn the game and know the odds. Play with trusted, licensed operators. CLICK HERE to learn more at HaveAGamePlan.org.
Note: Using player performance data from ShotLink powered by CDW, the PGA TOUR has created this story using AWS Gen AI technology. While we strive for accuracy and quality, please note that the information provided may not be entirely error-free.
The American Express
PGA TOUR, PGA TOUR Champions, and the Swinging Golfer design are registered trademarks. The Korn Ferry trademark is also a registered trademark, and is used in the Korn Ferry Tour logo with permission.","1 Min Read

Carson Young of the United States prepares to play his shot from the second tee during the second round of The RSM Classic 2025 at Sea Island Resort Plantation Course on November 21, 2025 in St Simons Island, Georgia. (Mike Mulholland/Getty Images)

Carson Young shot 14-under and finished tied for 29th the last time he played in this tournament. He'll tee off at Pete Dye Stadium Course Jan. 22-25 with his sights set higher this time around in the 2026 The American Express.

## Young's recent history at The American Express

## At The American Express

- In Young's most recent appearance at The American Express, in 2025, he finished tied for 29th after posting a score of 14-under.

- Young's best finish at this event came in 2024, when he finished tied for 17th at 21-under.

- Sepp Straka won this tournament in 2025, finishing at 25-under.

## Young's recent results

## Young's recent performances

- Young has finished in the top 20 twice over his last ten appearances.

- He had his best finish at the World Wide Technology Championship, where he finished tied for sixth with a score of 25-under.

- Young has an average of -0.418 Strokes Gained: Off-the-Tee in his past five tournaments.

- He has an average of 0.024 Strokes Gained: Approach the Green in his past five tournaments.

- Young has averaged -0.652 Strokes Gained: Total in his past five tournaments.

## Young's Strokes Gained rankings

## Young's advanced stats and rankings

- Young posted a Strokes Gained: Off-the-Tee average of -0.418 in his past five tournaments, indicating he has lost strokes off the tee compared to the field.

- In terms of Strokes Gained: Approach the Green, Young had a slight positive mark of 0.024 in his past five starts, suggesting he has been competitive with his iron play.

- On the greens, Young delivered a 0.020 Strokes Gained: Putting mark in his past five tournaments, showing consistency on the putting surface.

All stats in this article are accurate for Young as of the start of The American Express.

Responsible sports betting starts with a game plan. Set a budget. Keep it social. Play with friends. Learn the game and know the odds. Play with trusted, licensed operators. CLICK HERE to learn more at HaveAGamePlan.org.

Note: Using player performance data from ShotLink powered by CDW, the PGA TOUR has created this story using AWS Gen AI technology. While we strive for accuracy and quality, please note that the information provided may not be entirely error-free.

The American Express

- PGA TOUR

PGA TOUR, PGA TOUR Champions, and the Swinging Golfer design are registered trademarks. The Korn Ferry trademark is also a registered trademark, and is used in the Korn Ferry Tour logo with permission."
Austin Eckroat betting profile: The American Express,Austin Eckroat betting profile: The American Express - PGA TOUR,Austin Eckroat finished tied for 25th at 19-under in his most recent appearance at this tournament in 2024. He'll tee off at Pete Dye Stadium Course Jan. 22-25,,,the-american-express,https://www.pgatour.com/article/news/betting-profile/2026/the-american-express/austin-eckroat-pga-tour-betting-stats-the-american-express-2026,"1 Min Read Austin Eckroat of the United States watches his shot from the second tee during the second round of The RSM Classic 2025 at Sea Island Resort Plantation Course on November 21, 2025 in St Simons Island, Georgia. (Mike Mulholland/Getty Images) Austin Eckroat finished tied for 25th at 19-under in his most recent appearance at this tournament in 2024. He'll tee off at Pete Dye Stadium Course Jan. 22-25 with his sights set higher this time around in the 2026 American Express.",Eckroat's recent history at The American Express | At The American Express | Eckroat's recent results | Eckroat's recent performances | Eckroat's Strokes Gained rankings | Eckroat's advanced stats and rankings | Jacob Bridgeman betting profile: The American Express | Zach Johnson betting profile: The American Express | Sami Valimaki betting profile: The American Express | THE TOUR | Partnerships | Quick Links | Shop | Apps,"In Eckroat's most recent appearance at The American Express, in 2024, he finished tied for 25th after posting a score of 19-under. | Eckroat's best finish at this event came in 2024, when he finished tied for 25th at 19-under. | Sepp Straka won this tournament in 2025, finishing at 25-under. | Eckroat has finished in the top 20 twice over his last ten appearances. | He had his best finish at the Procore Championship, where he finished tied for 11th with a score of 11-under. | Eckroat has an average of 0.054 Strokes Gained: Off-the-Tee in his past five tournaments. | He has an average of 0.321 Strokes Gained: Approach the Green in his past five tournaments. | He has an average of -0.411 Strokes Gained: Around-the-Green in his past five tournaments. | Eckroat has an average of 0.315 Strokes Gained: Putting in his past five tournaments. | Eckroat has averaged 0.279 Strokes Gained: Total in his past five tournaments. | Eckroat posted a Strokes Gained: Off-the-Tee average of -0.795 (105th) this season, while his average Driving Distance of 289.8 yards ranked 110th on TOUR. | In terms of Strokes Gained: Approach the Green this season, Eckroat sported a 0.946 mark that ranked 12th on TOUR. He ranked 32nd with a 72.22% Greens in Regulation rate. | On the greens, Eckroat delivered a 0.061 Strokes Gained: Putting mark this season, which placed him 55th on TOUR. In addition, he ranked 69th with a Putts Per Round average of 30.50, and he ranked 80th by breaking par 16.67% of the time. | Eckroat ranked 63rd in Bogey Avoidance at 16.67% this season. | PGA TOUR","1 Min Read
Austin Eckroat of the United States watches his shot from the second tee during the second round of The RSM Classic 2025 at Sea Island Resort Plantation Course on November 21, 2025 in St Simons Island, Georgia. (Mike Mulholland/Getty Images)
Austin Eckroat finished tied for 25th at 19-under in his most recent appearance at this tournament in 2024. He'll tee off at Pete Dye Stadium Course Jan. 22-25 with his sights set higher this time around in the 2026 American Express.
All stats in this article are accurate for Eckroat as of the start of The American Express.
Responsible sports betting starts with a game plan. Set a budget. Keep it social. Play with friends. Learn the game and know the odds. Play with trusted, licensed operators. CLICK HERE to learn more at HaveAGamePlan.org.
Note: Using player performance data from ShotLink powered by CDW, the PGA TOUR has created this story using AWS Gen AI technology. While we strive for accuracy and quality, please note that the information provided may not be entirely error-free.
The American Express
PGA TOUR, PGA TOUR Champions, and the Swinging Golfer design are registered trademarks. The Korn Ferry trademark is also a registered trademark, and is used in the Korn Ferry Tour logo with permission.","1 Min Read

Austin Eckroat of the United States watches his shot from the second tee during the second round of The RSM Classic 2025 at Sea Island Resort Plantation Course on November 21, 2025 in St Simons Island, Georgia. (Mike Mulholland/Getty Images)

Austin Eckroat finished tied for 25th at 19-under in his most recent appearance at this tournament in 2024. He'll tee off at Pete Dye Stadium Course Jan. 22-25 with his sights set higher this time around in the 2026 American Express.

## Eckroat's recent history at The American Express

## At The American Express

- In Eckroat's most recent appearance at The American Express, in 2024, he finished tied for 25th after posting a score of 19-under.

- Eckroat's best finish at this event came in 2024, when he finished tied for 25th at 19-under.

- Sepp Straka won this tournament in 2025, finishing at 25-under.

## Eckroat's recent results

## Eckroat's recent performances

- Eckroat has finished in the top 20 twice over his last ten appearances.

- He had his best finish at the Procore Championship, where he finished tied for 11th with a score of 11-under.

- Eckroat has an average of 0.054 Strokes Gained: Off-the-Tee in his past five tournaments.

- He has an average of 0.321 Strokes Gained: Approach the Green in his past five tournaments.

- He has an average of -0.411 Strokes Gained: Around-the-Green in his past five tournaments.

- Eckroat has an average of 0.315 Strokes Gained: Putting in his past five tournaments.

- Eckroat has averaged 0.279 Strokes Gained: Total in his past five tournaments.

## Eckroat's Strokes Gained rankings

## Eckroat's advanced stats and rankings

- Eckroat posted a Strokes Gained: Off-the-Tee average of -0.795 (105th) this season, while his average Driving Distance of 289.8 yards ranked 110th on TOUR.

- In terms of Strokes Gained: Approach the Green this season, Eckroat sported a 0.946 mark that ranked 12th on TOUR. He ranked 32nd with a 72.22% Greens in Regulation rate.

- On the greens, Eckroat delivered a 0.061 Strokes Gained: Putting mark this season, which placed him 55th on TOUR. In addition, he ranked 69th with a Putts Per Round average of 30.50, and he ranked 80th by breaking par 16.67% of the time.

- Eckroat ranked 63rd in Bogey Avoidance at 16.67% this season.

All stats in this article are accurate for Eckroat as of the start of The American Express.

Responsible sports betting starts with a game plan. Set a budget. Keep it social. Play with friends. Learn the game and know the odds. Play with trusted, licensed operators. CLICK HERE to learn more at HaveAGamePlan.org.

Note: Using player performance data from ShotLink powered by CDW, the PGA TOUR has created this story using AWS Gen AI technology. While we strive for accuracy and quality, please note that the information provided may not be entirely error-free.

The American Express

- PGA TOUR

PGA TOUR, PGA TOUR Champions, and the Swinging Golfer design are registered trademarks. The Korn Ferry trademark is also a registered trademark, and is used in the Korn Ferry Tour logo with permission."
Matt McCarty betting profile: The American Express,Matt McCarty betting profile: The American Express - PGA TOUR,"Matt McCarty returns to The American Express, set to tee off at Pete Dye Stadium Course from Jan. 22-25, 2026. McCarty looks to improve upon his performance fro",,,the-american-express,https://www.pgatour.com/article/news/betting-profile/2026/the-american-express/matt-mccarty-pga-tour-betting-stats-the-american-express-2026,"1 Min Read Matt McCarty of the United States plays his second shot on the 14th hole on day two of the Crown Australian Open 2025 at The Royal Melbourne Golf Club on December 05, 2025 in Melbourne, Australia. (Morgan Hancock/Getty Images) Matt McCarty returns to The American Express, set to tee off at Pete Dye Stadium Course from Jan. 22-25, 2026. McCarty looks to improve upon his performance from last year's tournament where he missed the cut at 6-under.",McCarty's recent history at The American Express | At The American Express | McCarty's recent results | McCarty's recent performances | McCarty's Strokes Gained rankings | McCarty's advanced stats and rankings | Jacob Bridgeman betting profile: The American Express | Zach Johnson betting profile: The American Express | Sami Valimaki betting profile: The American Express | THE TOUR | Partnerships | Quick Links | Shop | Apps,"In McCarty's most recent appearance at The American Express, in 2025, he missed the cut after posting a score of 6-under. | Sepp Straka won this tournament in 2025, finishing at 25-under. | McCarty has finished in the top 10 twice over his last ten appearances. | McCarty has finished in the top 20 four times over his last ten appearances. | He had his best finish at the Bank of Utah Championship, where he finished tied for third with a score of 16-under. | McCarty has an average of 0.244 Strokes Gained: Off-the-Tee in his past five tournaments. | He has an average of -0.043 Strokes Gained: Approach the Green in his past five tournaments. | McCarty has averaged 0.951 Strokes Gained: Total in his past five tournaments. | McCarty posted a Strokes Gained: Off-the-Tee average of 0.591 (22nd) this season, while his average Driving Distance of 309.4 yards ranked 48th on TOUR. | In terms of Strokes Gained: Approach the Green this season, McCarty sported a 0.553 mark that ranked 29th on TOUR. He ranked 10th with a 77.78% Greens in Regulation rate. | McCarty struggled around the green this season with a -0.979 Strokes Gained: Around-the-Green mark, which placed him 115th on TOUR. | On the greens, McCarty delivered a -0.198 Strokes Gained: Putting mark this season, which placed him 68th on TOUR. In addition, he ranked 97th with a Putts Per Round average of 31.50, and he ranked 37th by breaking par 22.22% of the time. | McCarty has earned six FedExCup Regular Season points this season, ranking 54th. | PGA TOUR","1 Min Read
Matt McCarty of the United States plays his second shot on the 14th hole on day two of the Crown Australian Open 2025 at The Royal Melbourne Golf Club on December 05, 2025 in Melbourne, Australia. (Morgan Hancock/Getty Images)
Matt McCarty returns to The American Express, set to tee off at Pete Dye Stadium Course from Jan. 22-25, 2026. McCarty looks to improve upon his performance from last year's tournament where he missed the cut at 6-under.
All stats in this article are accurate for McCarty as of the start of The American Express.
Responsible sports betting starts with a game plan. Set a budget. Keep it social. Play with friends. Learn the game and know the odds. Play with trusted, licensed operators. CLICK HERE to learn more at HaveAGamePlan.org.
Note: Using player performance data from ShotLink powered by CDW, the PGA TOUR has created this story using AWS Gen AI technology. While we strive for accuracy and quality, please note that the information provided may not be entirely error-free.
The American Express
PGA TOUR, PGA TOUR Champions, and the Swinging Golfer design are registered trademarks. The Korn Ferry trademark is also a registered trademark, and is used in the Korn Ferry Tour logo with permission.","1 Min Read

Matt McCarty of the United States plays his second shot on the 14th hole on day two of the Crown Australian Open 2025 at The Royal Melbourne Golf Club on December 05, 2025 in Melbourne, Australia. (Morgan Hancock/Getty Images)

Matt McCarty returns to The American Express, set to tee off at Pete Dye Stadium Course from Jan. 22-25, 2026. McCarty looks to improve upon his performance from last year's tournament where he missed the cut at 6-under.

## McCarty's recent history at The American Express

## At The American Express

- In McCarty's most recent appearance at The American Express, in 2025, he missed the cut after posting a score of 6-under.

- Sepp Straka won this tournament in 2025, finishing at 25-under.

## McCarty's recent results

## McCarty's recent performances

- McCarty has finished in the top 10 twice over his last ten appearances.

- McCarty has finished in the top 20 four times over his last ten appearances.

- He had his best finish at the Bank of Utah Championship, where he finished tied for third with a score of 16-under.

- McCarty has an average of 0.244 Strokes Gained: Off-the-Tee in his past five tournaments.

- He has an average of -0.043 Strokes Gained: Approach the Green in his past five tournaments.

- McCarty has averaged 0.951 Strokes Gained: Total in his past five tournaments.

## McCarty's Strokes Gained rankings

## McCarty's advanced stats and rankings

- McCarty posted a Strokes Gained: Off-the-Tee average of 0.591 (22nd) this season, while his average Driving Distance of 309.4 yards ranked 48th on TOUR.

- In terms of Strokes Gained: Approach the Green this season, McCarty sported a 0.553 mark that ranked 29th on TOUR. He ranked 10th with a 77.78% Greens in Regulation rate.

- McCarty struggled around the green this season with a -0.979 Strokes Gained: Around-the-Green mark, which placed him 115th on TOUR.

- On the greens, McCarty delivered a -0.198 Strokes Gained: Putting mark this season, which placed him 68th on TOUR. In addition, he ranked 97th with a Putts Per Round average of 31.50, and he ranked 37th by breaking par 22.22% of the time.

- McCarty has earned six FedExCup Regular Season points this season, ranking 54th.

All stats in this article are accurate for McCarty as of the start of The American Express.

Responsible sports betting starts with a game plan. Set a budget. Keep it social. Play with friends. Learn the game and know the odds. Play with trusted, licensed operators. CLICK HERE to learn more at HaveAGamePlan.org.

Note: Using player performance data from ShotLink powered by CDW, the PGA TOUR has created this story using AWS Gen AI technology. While we strive for accuracy and quality, please note that the information provided may not be entirely error-free.

The American Express

- PGA TOUR

PGA TOUR, PGA TOUR Champions, and the Swinging Golfer design are registered trademarks. The Korn Ferry trademark is also a registered trademark, and is used in the Korn Ferry Tour logo with permission."
William Mouw betting profile: The American Express,William Mouw betting profile: The American Express - PGA TOUR,William Mouw missed the cut at even par in his most recent appearance at The American Express in 2025. He returns to Pete Dye Stadium Course Jan. 22-25 looking,,,the-american-express,https://www.pgatour.com/article/news/betting-profile/2026/the-american-express/william-mouw-pga-tour-betting-stats-the-american-express-2026,"1 Min Read William Mouw of the United States plays his shot from the second tee during the second round of the Sony Open in Hawaii 2026 at Waialae Country Club on January 16, 2026 in Honolulu, Hawaii. (Cliff Hawkins/Getty Images) All stats in this article are accurate for Mouw as of the start of The American Express.",Mouw's recent history at The American Express | At The American Express | Mouw's recent results | Mouw's recent performances | Mouw's Strokes Gained rankings | Mouw's advanced stats and rankings | Scottie Scheffler betting profile: The American Express | Harris English betting profile: The American Express | Sam Ryder betting profile: The American Express | THE TOUR | Partnerships | Quick Links | Shop | Apps,"In Mouw's most recent appearance at The American Express, in 2025, he missed the cut after posting a score of even par. | Sepp Straka won this tournament in 2025, finishing at 25-under. | Mouw has finished in the top 20 three times over his last ten appearances. | He had his best finish at the ISCO Championship, where he finished first with a score of 10-under. | Mouw has an average of -0.109 Strokes Gained: Off-the-Tee in his past five tournaments. | He has an average of 0.088 Strokes Gained: Approach the Green in his past five tournaments. | He has averaged -0.003 Strokes Gained: Total in his past five tournaments. | Mouw has posted a Strokes Gained: Off-the-Tee average of -0.913 (110th) this season, while his average Driving Distance of 300.8 yards ranks 86th on TOUR. | In terms of Strokes Gained: Approach the Green this season, Mouw sports a 0.939 mark that ranks 13th on TOUR. He ranks 69th with a 66.67% Greens in Regulation rate. | On the greens, Mouw has delivered a -0.216 Strokes Gained: Putting mark this season, which places him 69th on TOUR. In addition, he ranks 57th with a Putts Per Round average of 29.75, and he ranks 80th by breaking par 16.67% of the time. | Mouw has earned 3 FedExCup Regular Season points (70th) this season. | PGA TOUR","1 Min Read
William Mouw of the United States plays his shot from the second tee during the second round of the Sony Open in Hawaii 2026 at Waialae Country Club on January 16, 2026 in Honolulu, Hawaii. (Cliff Hawkins/Getty Images)
All stats in this article are accurate for Mouw as of the start of The American Express.
Responsible sports betting starts with a game plan. Set a budget. Keep it social. Play with friends. Learn the game and know the odds. Play with trusted, licensed operators. CLICK HERE to learn more at HaveAGamePlan.org.
Note: Using player performance data from ShotLink powered by CDW, the PGA TOUR has created this story using AWS Gen AI technology. While we strive for accuracy and quality, please note that the information provided may not be entirely error-free.
The American Express
PGA TOUR, PGA TOUR Champions, and the Swinging Golfer design are registered trademarks. The Korn Ferry trademark is also a registered trademark, and is used in the Korn Ferry Tour logo with permission.","1 Min Read

William Mouw of the United States plays his shot from the second tee during the second round of the Sony Open in Hawaii 2026 at Waialae Country Club on January 16, 2026 in Honolulu, Hawaii. (Cliff Hawkins/Getty Images)

## Mouw's recent history at The American Express

## At The American Express

- In Mouw's most recent appearance at The American Express, in 2025, he missed the cut after posting a score of even par.

- Sepp Straka won this tournament in 2025, finishing at 25-under.

## Mouw's recent results

## Mouw's recent performances

- Mouw has finished in the top 20 three times over his last ten appearances.

- He had his best finish at the ISCO Championship, where he finished first with a score of 10-under.

- Mouw has an average of -0.109 Strokes Gained: Off-the-Tee in his past five tournaments.

- He has an average of 0.088 Strokes Gained: Approach the Green in his past five tournaments.

- He has averaged -0.003 Strokes Gained: Total in his past five tournaments.

## Mouw's Strokes Gained rankings

## Mouw's advanced stats and rankings

- Mouw has posted a Strokes Gained: Off-the-Tee average of -0.913 (110th) this season, while his average Driving Distance of 300.8 yards ranks 86th on TOUR.

- In terms of Strokes Gained: Approach the Green this season, Mouw sports a 0.939 mark that ranks 13th on TOUR. He ranks 69th with a 66.67% Greens in Regulation rate.

- On the greens, Mouw has delivered a -0.216 Strokes Gained: Putting mark this season, which places him 69th on TOUR. In addition, he ranks 57th with a Putts Per Round average of 29.75, and he ranks 80th by breaking par 16.67% of the time.

- Mouw has earned 3 FedExCup Regular Season points (70th) this season.

All stats in this article are accurate for Mouw as of the start of The American Express.

Responsible sports betting starts with a game plan. Set a budget. Keep it social. Play with friends. Learn the game and know the odds. Play with trusted, licensed operators. CLICK HERE to learn more at HaveAGamePlan.org.

Note: Using player performance data from ShotLink powered by CDW, the PGA TOUR has created this story using AWS Gen AI technology. While we strive for accuracy and quality, please note that the information provided may not be entirely error-free.

The American Express

- PGA TOUR

PGA TOUR, PGA TOUR Champions, and the Swinging Golfer design are registered trademarks. The Korn Ferry trademark is also a registered trademark, and is used in the Korn Ferry Tour logo with permission."
Charley Hoffman betting profile: The American Express,Charley Hoffman betting profile: The American Express - PGA TOUR,Charley Hoffman finished tied for fifth at 20-under in his most recent appearance at The American Express in 2025. He'll tee off at Pete Dye Stadium Course Jan.,,,the-american-express,https://www.pgatour.com/article/news/betting-profile/2026/the-american-express/charley-hoffman-pga-tour-betting-stats-the-american-express-2026,"1 Min Read Charley Hoffman of the United States chips on the ninth green during the first round of the RBC Canadian Open 2025 at TPC Toronto at Osprey Valley on June 05, 2025 in Caledon, Ontario. (Minas Panagiotakis/Getty Images) Charley Hoffman finished tied for fifth at 20-under in his most recent appearance at The American Express in 2025. He'll tee off at Pete Dye Stadium Course Jan. 22-25 with hopes of building on that strong performance in the 2026 tournament.",Hoffman's recent history at The American Express | At The American Express | Hoffman's recent results | Hoffman's recent performances | Hoffman's Strokes Gained rankings | Hoffman's advanced stats and rankings | Scottie Scheffler betting profile: The American Express | Harris English betting profile: The American Express | Sam Ryder betting profile: The American Express | THE TOUR | Partnerships | Quick Links | Shop | Apps,"In Hoffman's most recent appearance at The American Express, in 2025, he finished tied for fifth after posting a score of 20-under. | Sepp Straka won this tournament in 2025, finishing at 25-under. | Hoffman has finished in the top 10 once over his last ten appearances. | He had his best finish at the Corales Puntacana Championship, where he finished tied for ninth with a score of 11-under. | Hoffman has an average of -0.239 Strokes Gained: Off-the-Tee in his past five tournaments. | He has an average of -0.243 Strokes Gained: Approach the Green in his past five tournaments. | He has an average of -0.502 Strokes Gained: Putting in his past five tournaments. | Hoffman has averaged -1.019 Strokes Gained: Total in his past five tournaments. | Hoffman averaged -0.239 Strokes Gained: Off-the-Tee in his past five tournaments. | His Strokes Gained: Approach the Green averaged -0.243 in his past five starts. | Around the greens, Hoffman posted an average of -0.035 Strokes Gained: Around-the-Green in his past five tournaments. | His putting struggled with an average of -0.502 Strokes Gained: Putting over his past five starts. | PGA TOUR","1 Min Read
Charley Hoffman of the United States chips on the ninth green during the first round of the RBC Canadian Open 2025 at TPC Toronto at Osprey Valley on June 05, 2025 in Caledon, Ontario. (Minas Panagiotakis/Getty Images)
Charley Hoffman finished tied for fifth at 20-under in his most recent appearance at The American Express in 2025. He'll tee off at Pete Dye Stadium Course Jan. 22-25 with hopes of building on that strong performance in the 2026 tournament.
All stats in this article are accurate for Hoffman as of the start of The American Express.
Responsible sports betting starts with a game plan. Set a budget. Keep it social. Play with friends. Learn the game and know the odds. Play with trusted, licensed operators. CLICK HERE to learn more at HaveAGamePlan.org.
Note: Using player performance data from ShotLink powered by CDW, the PGA TOUR has created this story using AWS Gen AI technology. While we strive for accuracy and quality, please note that the information provided may not be entirely error-free.
The American Express
PGA TOUR, PGA TOUR Champions, and the Swinging Golfer design are registered trademarks. The Korn Ferry trademark is also a registered trademark, and is used in the Korn Ferry Tour logo with permission.","1 Min Read

Charley Hoffman of the United States chips on the ninth green during the first round of the RBC Canadian Open 2025 at TPC Toronto at Osprey Valley on June 05, 2025 in Caledon, Ontario. (Minas Panagiotakis/Getty Images)

Charley Hoffman finished tied for fifth at 20-under in his most recent appearance at The American Express in 2025. He'll tee off at Pete Dye Stadium Course Jan. 22-25 with hopes of building on that strong performance in the 2026 tournament.

## Hoffman's recent history at The American Express

## At The American Express

- In Hoffman's most recent appearance at The American Express, in 2025, he finished tied for fifth after posting a score of 20-under.

- Sepp Straka won this tournament in 2025, finishing at 25-under.

## Hoffman's recent results

## Hoffman's recent performances

- Hoffman has finished in the top 10 once over his last ten appearances.

- He had his best finish at the Corales Puntacana Championship, where he finished tied for ninth with a score of 11-under.

- Hoffman has an average of -0.239 Strokes Gained: Off-the-Tee in his past five tournaments.

- He has an average of -0.243 Strokes Gained: Approach the Green in his past five tournaments.

- He has an average of -0.502 Strokes Gained: Putting in his past five tournaments.

- Hoffman has averaged -1.019 Strokes Gained: Total in his past five tournaments.

## Hoffman's Strokes Gained rankings

## Hoffman's advanced stats and rankings

- Hoffman averaged -0.239 Strokes Gained: Off-the-Tee in his past five tournaments.

- His Strokes Gained: Approach the Green averaged -0.243 in his past five starts.

- Around the greens, Hoffman posted an average of -0.035 Strokes Gained: Around-the-Green in his past five tournaments.

- His putting struggled with an average of -0.502 Strokes Gained: Putting over his past five starts.

All stats in this article are accurate for Hoffman as of the start of The American Express.

Responsible sports betting starts with a game plan. Set a budget. Keep it social. Play with friends. Learn the game and know the odds. Play with trusted, licensed operators. CLICK HERE to learn more at HaveAGamePlan.org.

Note: Using player performance data from ShotLink powered by CDW, the PGA TOUR has created this story using AWS Gen AI technology. While we strive for accuracy and quality, please note that the information provided may not be entirely error-free.

The American Express

- PGA TOUR

PGA TOUR, PGA TOUR Champions, and the Swinging Golfer design are registered trademarks. The Korn Ferry trademark is also a registered trademark, and is used in the Korn Ferry Tour logo with permission."
Zach Johnson betting profile: The American Express,Zach Johnson betting profile: The American Express - PGA TOUR,Zach Johnson missed the cut at The American Express last year after posting a score of 7-under. He'll tee off at Pete Dye Stadium Course Jan. 22-25 with his sig,,,the-american-express,https://www.pgatour.com/article/news/betting-profile/2026/the-american-express/zach-johnson-pga-tour-betting-stats-the-american-express-2026,"1 Min Read Zach Johnson of the United States plays a shot from a bunker on the first hole during the second round of the Sony Open in Hawaii 2026 at Waialae Country Club on January 16, 2026 in Honolulu, Hawaii. (Cliff Hawkins/Getty Images) Zach Johnson missed the cut at The American Express last year after posting a score of 7-under. He'll tee off at Pete Dye Stadium Course Jan. 22-25 with his sights set higher this time around in the 2026 American Express.",Johnson's recent history at The American Express | At The American Express | Johnson's recent results | Johnson's recent performances | Johnson's Strokes Gained rankings | Johnson's advanced stats and rankings | Jacob Bridgeman betting profile: The American Express | Sami Valimaki betting profile: The American Express | Sam Ryder betting profile: The American Express | THE TOUR | Partnerships | Quick Links | Shop | Apps,"In Johnson's most recent appearance at The American Express, in 2025, he missed the cut after posting a score of 7-under. | Johnson's best finish at this event came in 2022, when he finished tied for 14th at 14-under. | Sepp Straka won this tournament in 2025, finishing at 25-under. | Johnson's best finish over his last ten appearances was a tie for 29th at the Sanderson Farms Championship, where he finished at 11-under. | Johnson has an average of -0.424 Strokes Gained: Off-the-Tee in his past five tournaments. | He has an average of 0.470 Strokes Gained: Approach the Green in his past five tournaments. | Johnson has averaged 0.294 Strokes Gained: Total in his past five tournaments. | Johnson posted a Strokes Gained: Off-the-Tee average of -0.215 (77th) this season, while his average Driving Distance of 292.1 yards ranked 105th on TOUR. | In terms of Strokes Gained: Approach the Green this season, Johnson sported a -0.630 mark that ranked 88th on TOUR. He ranked 97th with a 62.50% Greens in Regulation rate. | On the greens, Johnson delivered a 0.428 Strokes Gained: Putting mark this season, which placed him 32nd on TOUR. In addition, he ranked 22nd with a Putts Per Round average of 29.00, and he ranked 75th by breaking par 18.06% of the time. | Johnson currently has 4 FedExCup Regular Season points this season, ranking 60th. | PGA TOUR","1 Min Read
Zach Johnson of the United States plays a shot from a bunker on the first hole during the second round of the Sony Open in Hawaii 2026 at Waialae Country Club on January 16, 2026 in Honolulu, Hawaii. (Cliff Hawkins/Getty Images)
Zach Johnson missed the cut at The American Express last year after posting a score of 7-under. He'll tee off at Pete Dye Stadium Course Jan. 22-25 with his sights set higher this time around in the 2026 American Express.
All stats in this article are accurate for Johnson as of the start of The American Express.
Responsible sports betting starts with a game plan. Set a budget. Keep it social. Play with friends. Learn the game and know the odds. Play with trusted, licensed operators. CLICK HERE to learn more at HaveAGamePlan.org.
Note: Using player performance data from ShotLink powered by CDW, the PGA TOUR has created this story using AWS Gen AI technology. While we strive for accuracy and quality, please note that the information provided may not be entirely error-free.
The American Express
PGA TOUR, PGA TOUR Champions, and the Swinging Golfer design are registered trademarks. The Korn Ferry trademark is also a registered trademark, and is used in the Korn Ferry Tour logo with permission.","1 Min Read

Zach Johnson of the United States plays a shot from a bunker on the first hole during the second round of the Sony Open in Hawaii 2026 at Waialae Country Club on January 16, 2026 in Honolulu, Hawaii. (Cliff Hawkins/Getty Images)

Zach Johnson missed the cut at The American Express last year after posting a score of 7-under. He'll tee off at Pete Dye Stadium Course Jan. 22-25 with his sights set higher this time around in the 2026 American Express.

## Johnson's recent history at The American Express

## At The American Express

- In Johnson's most recent appearance at The American Express, in 2025, he missed the cut after posting a score of 7-under.

- Johnson's best finish at this event came in 2022, when he finished tied for 14th at 14-under.

- Sepp Straka won this tournament in 2025, finishing at 25-under.

## Johnson's recent results

## Johnson's recent performances

- Johnson's best finish over his last ten appearances was a tie for 29th at the Sanderson Farms Championship, where he finished at 11-under.

- Johnson has an average of -0.424 Strokes Gained: Off-the-Tee in his past five tournaments.

- He has an average of 0.470 Strokes Gained: Approach the Green in his past five tournaments.

- Johnson has averaged 0.294 Strokes Gained: Total in his past five tournaments.

## Johnson's Strokes Gained rankings

## Johnson's advanced stats and rankings

- Johnson posted a Strokes Gained: Off-the-Tee average of -0.215 (77th) this season, while his average Driving Distance of 292.1 yards ranked 105th on TOUR.

- In terms of Strokes Gained: Approach the Green this season, Johnson sported a -0.630 mark that ranked 88th on TOUR. He ranked 97th with a 62.50% Greens in Regulation rate.

- On the greens, Johnson delivered a 0.428 Strokes Gained: Putting mark this season, which placed him 32nd on TOUR. In addition, he ranked 22nd with a Putts Per Round average of 29.00, and he ranked 75th by breaking par 18.06% of the time.

- Johnson currently has 4 FedExCup Regular Season points this season, ranking 60th.

All stats in this article are accurate for Johnson as of the start of The American Express.

Responsible sports betting starts with a game plan. Set a budget. Keep it social. Play with friends. Learn the game and know the odds. Play with trusted, licensed operators. CLICK HERE to learn more at HaveAGamePlan.org.

Note: Using player performance data from ShotLink powered by CDW, the PGA TOUR has created this story using AWS Gen AI technology. While we strive for accuracy and quality, please note that the information provided may not be entirely error-free.

The American Express

- PGA TOUR

PGA TOUR, PGA TOUR Champions, and the Swinging Golfer design are registered trademarks. The Korn Ferry trademark is also a registered trademark, and is used in the Korn Ferry Tour logo with permission."
Brandt Snedeker betting profile: The American Express,Brandt Snedeker betting profile: The American Express - PGA TOUR,Brandt Snedeker finished tied for 51st at 11-under in his most recent appearance at The American Express in 2025. He'll tee off at Pete Dye Stadium Course Jan.,,,the-american-express,https://www.pgatour.com/article/news/betting-profile/2026/the-american-express/brandt-snedeker-pga-tour-betting-stats-the-american-express-2026,"1 Min Read Brandt Snedeker of the United States plays his shot from the 13th tee during the final round of The RSM Classic 2025 at Sea Island Resort on November 23, 2025 in St Simons Island, Georgia. (Mike Mulholland/Getty Images) Brandt Snedeker finished tied for 51st at 11-under in his most recent appearance at The American Express in 2025. He'll tee off at Pete Dye Stadium Course Jan. 22-25 with hopes of improving on that performance in the 2026 tournament.",Snedeker's recent history at The American Express | At The American Express | Snedeker's recent results | Snedeker's recent performances | Snedeker's Strokes Gained rankings | Snedeker's advanced stats and rankings | Jacob Bridgeman betting profile: The American Express | Zach Johnson betting profile: The American Express | Sami Valimaki betting profile: The American Express | THE TOUR | Partnerships | Quick Links | Shop | Apps,"In Snedeker's most recent appearance at The American Express, in 2025, he finished tied for 51st after posting a score of 11-under. | Snedeker's best finish at this event came in 2022, when he finished tied for 14th at 14-under. | Sepp Straka won this tournament in 2025, finishing at 25-under. | Snedeker has finished in the top 10 once and in the top 20 twice over his last ten appearances. | He had his best finish at the Bank of Utah Championship, where he finished tied for ninth with a score of 15-under. | Snedeker has an average of -0.186 Strokes Gained: Off-the-Tee in his past five tournaments. | He has an average of 0.400 Strokes Gained: Approach the Green in his past five tournaments. | Snedeker has averaged 0.572 Strokes Gained: Total in his past five tournaments. | Snedeker posted a -0.186 Strokes Gained: Off-the-Tee average in his past five tournaments. | In terms of Strokes Gained: Approach the Green, Snedeker sported a 0.400 mark in his past five tournaments. | On the greens, Snedeker delivered a 0.123 Strokes Gained: Putting mark in his past five tournaments. | PGA TOUR","1 Min Read
Brandt Snedeker of the United States plays his shot from the 13th tee during the final round of The RSM Classic 2025 at Sea Island Resort on November 23, 2025 in St Simons Island, Georgia. (Mike Mulholland/Getty Images)
Brandt Snedeker finished tied for 51st at 11-under in his most recent appearance at The American Express in 2025. He'll tee off at Pete Dye Stadium Course Jan. 22-25 with hopes of improving on that performance in the 2026 tournament.
All stats in this article are accurate for Snedeker as of the start of The American Express.
Responsible sports betting starts with a game plan. Set a budget. Keep it social. Play with friends. Learn the game and know the odds. Play with trusted, licensed operators. CLICK HERE to learn more at HaveAGamePlan.org.
Note: Using player performance data from ShotLink powered by CDW, the PGA TOUR has created this story using AWS Gen AI technology. While we strive for accuracy and quality, please note that the information provided may not be entirely error-free.
The American Express
PGA TOUR, PGA TOUR Champions, and the Swinging Golfer design are registered trademarks. The Korn Ferry trademark is also a registered trademark, and is used in the Korn Ferry Tour logo with permission.","1 Min Read

Brandt Snedeker of the United States plays his shot from the 13th tee during the final round of The RSM Classic 2025 at Sea Island Resort on November 23, 2025 in St Simons Island, Georgia. (Mike Mulholland/Getty Images)

Brandt Snedeker finished tied for 51st at 11-under in his most recent appearance at The American Express in 2025. He'll tee off at Pete Dye Stadium Course Jan. 22-25 with hopes of improving on that performance in the 2026 tournament.

## Snedeker's recent history at The American Express

## At The American Express

- In Snedeker's most recent appearance at The American Express, in 2025, he finished tied for 51st after posting a score of 11-under.

- Snedeker's best finish at this event came in 2022, when he finished tied for 14th at 14-under.

- Sepp Straka won this tournament in 2025, finishing at 25-under.

## Snedeker's recent results

## Snedeker's recent performances

- Snedeker has finished in the top 10 once and in the top 20 twice over his last ten appearances.

- He had his best finish at the Bank of Utah Championship, where he finished tied for ninth with a score of 15-under.

- Snedeker has an average of -0.186 Strokes Gained: Off-the-Tee in his past five tournaments.

- He has an average of 0.400 Strokes Gained: Approach the Green in his past five tournaments.

- Snedeker has averaged 0.572 Strokes Gained: Total in his past five tournaments.

## Snedeker's Strokes Gained rankings

## Snedeker's advanced stats and rankings

- Snedeker posted a -0.186 Strokes Gained: Off-the-Tee average in his past five tournaments.

- In terms of Strokes Gained: Approach the Green, Snedeker sported a 0.400 mark in his past five tournaments.

- On the greens, Snedeker delivered a 0.123 Strokes Gained: Putting mark in his past five tournaments.

All stats in this article are accurate for Snedeker as of the start of The American Express.

Responsible sports betting starts with a game plan. Set a budget. Keep it social. Play with friends. Learn the game and know the odds. Play with trusted, licensed operators. CLICK HERE to learn more at HaveAGamePlan.org.

Note: Using player performance data from ShotLink powered by CDW, the PGA TOUR has created this story using AWS Gen AI technology. While we strive for accuracy and quality, please note that the information provided may not be entirely error-free.

The American Express

- PGA TOUR

PGA TOUR, PGA TOUR Champions, and the Swinging Golfer design are registered trademarks. The Korn Ferry trademark is also a registered trademark, and is used in the Korn Ferry Tour logo with permission."
Patton Kizzire betting profile: The American Express,Patton Kizzire betting profile: The American Express - PGA TOUR,Kizzire last played this tournament in 2025 and missed the cut. He'll tee off at Pete Dye Stadium Course Jan. 22-25 with hopes of improving upon his recent stru,,,the-american-express,https://www.pgatour.com/article/news/betting-profile/2026/the-american-express/patton-kizzire-pga-tour-betting-stats-the-american-express-2026,"1 Min Read Patton Kizzire of the United States reacts to his shot from the first tee during the third round of the Sony Open in Hawaii 2026 at Waialae Country Club on January 17, 2026 in Honolulu, Hawaii. (Cliff Hawkins/Getty Images) Kizzire last played this tournament in 2025 and missed the cut. He'll tee off at Pete Dye Stadium Course Jan. 22-25 with hopes of improving upon his recent struggles in the 2026 American Express.",Kizzire's recent history at The American Express | At The American Express | Kizzire's recent results | Kizzire's recent performances | Kizzire's Strokes Gained rankings | Kizzire's advanced stats and rankings | Jacob Bridgeman betting profile: The American Express | Zach Johnson betting profile: The American Express | Sami Valimaki betting profile: The American Express | THE TOUR | Partnerships | Quick Links | Shop | Apps,"In Kizzire's most recent appearance at The American Express, in 2025, he missed the cut after posting a score of 7-under. | Kizzire's best finish at this event came in 2023, when he finished tied for 11th at 22-under. | Sepp Straka won this tournament in 2025, finishing at 25-under. | Kizzire's best finish over his last ten appearances was tied for 24th at the Sony Open in Hawaii, where he finished 7-under. | He has an average of -0.434 Strokes Gained: Off-the-Tee in his past five tournaments. | Kizzire has an average of 0.231 Strokes Gained: Approach the Green in his past five tournaments. | He has an average of 0.421 Strokes Gained: Around-the-Green in his past five tournaments. | Kizzire has averaged 0.445 Strokes Gained: Total in his past five tournaments. | Kizzire ranks fourth on TOUR in Strokes Gained: Putting with a 1.565 average and leads TOUR with 26.75 Putts Per Round. | His Strokes Gained: Around-the-Green average of 0.248 ranks 36th on TOUR this season. | Kizzire ranks 107th in Strokes Gained: Off-the-Tee with a -0.822 average, while his 306.9-yard Driving Distance ranks 64th. | He has earned 33 FedExCup Regular Season points, which ranks 24th, and his 0.968 Strokes Gained: Total average also ranks 24th on TOUR. | PGA TOUR","1 Min Read
Patton Kizzire of the United States reacts to his shot from the first tee during the third round of the Sony Open in Hawaii 2026 at Waialae Country Club on January 17, 2026 in Honolulu, Hawaii. (Cliff Hawkins/Getty Images)
Kizzire last played this tournament in 2025 and missed the cut. He'll tee off at Pete Dye Stadium Course Jan. 22-25 with hopes of improving upon his recent struggles in the 2026 American Express.
All stats in this article are accurate for Kizzire as of the start of The American Express.
Responsible sports betting starts with a game plan. Set a budget. Keep it social. Play with friends. Learn the game and know the odds. Play with trusted, licensed operators. CLICK HERE to learn more at HaveAGamePlan.org.
Note: Using player performance data from ShotLink powered by CDW, the PGA TOUR has created this story using AWS Gen AI technology. While we strive for accuracy and quality, please note that the information provided may not be entirely error-free.
The American Express
PGA TOUR, PGA TOUR Champions, and the Swinging Golfer design are registered trademarks. The Korn Ferry trademark is also a registered trademark, and is used in the Korn Ferry Tour logo with permission.","1 Min Read

Patton Kizzire of the United States reacts to his shot from the first tee during the third round of the Sony Open in Hawaii 2026 at Waialae Country Club on January 17, 2026 in Honolulu, Hawaii. (Cliff Hawkins/Getty Images)

Kizzire last played this tournament in 2025 and missed the cut. He'll tee off at Pete Dye Stadium Course Jan. 22-25 with hopes of improving upon his recent struggles in the 2026 American Express.

## Kizzire's recent history at The American Express

## At The American Express

- In Kizzire's most recent appearance at The American Express, in 2025, he missed the cut after posting a score of 7-under.

- Kizzire's best finish at this event came in 2023, when he finished tied for 11th at 22-under.

- Sepp Straka won this tournament in 2025, finishing at 25-under.

## Kizzire's recent results

## Kizzire's recent performances

- Kizzire's best finish over his last ten appearances was tied for 24th at the Sony Open in Hawaii, where he finished 7-under.

- He has an average of -0.434 Strokes Gained: Off-the-Tee in his past five tournaments.

- Kizzire has an average of 0.231 Strokes Gained: Approach the Green in his past five tournaments.

- He has an average of 0.421 Strokes Gained: Around-the-Green in his past five tournaments.

- Kizzire has averaged 0.445 Strokes Gained: Total in his past five tournaments.

## Kizzire's Strokes Gained rankings

## Kizzire's advanced stats and rankings

- Kizzire ranks fourth on TOUR in Strokes Gained: Putting with a 1.565 average and leads TOUR with 26.75 Putts Per Round.

- His Strokes Gained: Around-the-Green average of 0.248 ranks 36th on TOUR this season.

- Kizzire ranks 107th in Strokes Gained: Off-the-Tee with a -0.822 average, while his 306.9-yard Driving Distance ranks 64th.

- He has earned 33 FedExCup Regular Season points, which ranks 24th, and his 0.968 Strokes Gained: Total average also ranks 24th on TOUR.

All stats in this article are accurate for Kizzire as of the start of The American Express.

Responsible sports betting starts with a game plan. Set a budget. Keep it social. Play with friends. Learn the game and know the odds. Play with trusted, licensed operators. CLICK HERE to learn more at HaveAGamePlan.org.

Note: Using player performance data from ShotLink powered by CDW, the PGA TOUR has created this story using AWS Gen AI technology. While we strive for accuracy and quality, please note that the information provided may not be entirely error-free.

The American Express

- PGA TOUR

PGA TOUR, PGA TOUR Champions, and the Swinging Golfer design are registered trademarks. The Korn Ferry trademark is also a registered trademark, and is used in the Korn Ferry Tour logo with permission."
Andrew Landry betting profile: The American Express,Andrew Landry betting profile: The American Express - PGA TOUR,Andrew Landry missed the cut in his most recent appearance at The American Express in 2024. He'll tee off at Pete Dye Stadium Course Jan. 22-25 with his sights,,,the-american-express,https://www.pgatour.com/article/news/betting-profile/2026/the-american-express/andrew-landry-pga-tour-betting-stats-the-american-express-2026,"1 Min Read Andrew Landry of the United States chips onto the seventeenth green during the first round of the Pinnacle Bank Championship presented by Woodhouse 2025 at The Club at Indian Creek on August 07, 2025 in Omaha, Nebraska. (Jay Biggerstaff/Getty Images) Andrew Landry missed the cut in his most recent appearance at The American Express in 2024. He'll tee off at Pete Dye Stadium Course Jan. 22-25 with his sights set on making the weekend this time around in the 2026 American Express.",Landry's recent history at The American Express | At The American Express | Landry's recent results | Landry's recent performances | Landry's Strokes Gained rankings | Landry's advanced stats and rankings | Scottie Scheffler betting profile: The American Express | Harris English betting profile: The American Express | Sam Ryder betting profile: The American Express | THE TOUR | Partnerships | Quick Links | Shop | Apps,"In Landry's most recent appearance at The American Express, in 2024, he missed the cut after posting a score of even par. | Landry's best finish at this event came in 2023, when he finished 68th at 5-under. | Sepp Straka won this tournament in 2025, finishing at 25-under. | Landry's best finish over his last ten appearances was tied for 55th at the Memorial Health Championship presented by LRS, where he finished at 11-under. | Landry has an average of -0.315 Strokes Gained: Off-the-Tee in his past five tournaments. | He has an average of -1.123 Strokes Gained: Approach the Green in his past five tournaments. | Landry has an average of 0.094 Strokes Gained: Around-the-Green in his past five tournaments. | He has an average of -0.197 Strokes Gained: Putting in his past five tournaments. | Landry has averaged -1.541 Strokes Gained: Total in his past five tournaments. | Landry posted a Strokes Gained: Off-the-Tee average of -0.315 in his past five tournaments, indicating struggles with his driving performance. | In terms of Strokes Gained: Approach the Green, Landry had a -1.123 mark in his past five tournaments, showing significant room for improvement with his iron play. | Around the greens, Landry delivered a 0.094 Strokes Gained: Around-the-Green mark in his past five tournaments, which was his strongest area during this stretch. | On the greens, Landry had a -0.197 Strokes Gained: Putting average in his past five tournaments. | PGA TOUR","1 Min Read
Andrew Landry of the United States chips onto the seventeenth green during the first round of the Pinnacle Bank Championship presented by Woodhouse 2025 at The Club at Indian Creek on August 07, 2025 in Omaha, Nebraska. (Jay Biggerstaff/Getty Images)
Andrew Landry missed the cut in his most recent appearance at The American Express in 2024. He'll tee off at Pete Dye Stadium Course Jan. 22-25 with his sights set on making the weekend this time around in the 2026 American Express.
All stats in this article are accurate for Landry as of the start of The American Express.
Responsible sports betting starts with a game plan. Set a budget. Keep it social. Play with friends. Learn the game and know the odds. Play with trusted, licensed operators. CLICK HERE to learn more at HaveAGamePlan.org.
Note: Using player performance data from ShotLink powered by CDW, the PGA TOUR has created this story using AWS Gen AI technology. While we strive for accuracy and quality, please note that the information provided may not be entirely error-free.
The American Express
PGA TOUR, PGA TOUR Champions, and the Swinging Golfer design are registered trademarks. The Korn Ferry trademark is also a registered trademark, and is used in the Korn Ferry Tour logo with permission.","1 Min Read

Andrew Landry of the United States chips onto the seventeenth green during the first round of the Pinnacle Bank Championship presented by Woodhouse 2025 at The Club at Indian Creek on August 07, 2025 in Omaha, Nebraska. (Jay Biggerstaff/Getty Images)

Andrew Landry missed the cut in his most recent appearance at The American Express in 2024. He'll tee off at Pete Dye Stadium Course Jan. 22-25 with his sights set on making the weekend this time around in the 2026 American Express.

## Landry's recent history at The American Express

## At The American Express

- In Landry's most recent appearance at The American Express, in 2024, he missed the cut after posting a score of even par.

- Landry's best finish at this event came in 2023, when he finished 68th at 5-under.

- Sepp Straka won this tournament in 2025, finishing at 25-under.

## Landry's recent results

## Landry's recent performances

- Landry's best finish over his last ten appearances was tied for 55th at the Memorial Health Championship presented by LRS, where he finished at 11-under.

- Landry has an average of -0.315 Strokes Gained: Off-the-Tee in his past five tournaments.

- He has an average of -1.123 Strokes Gained: Approach the Green in his past five tournaments.

- Landry has an average of 0.094 Strokes Gained: Around-the-Green in his past five tournaments.

- He has an average of -0.197 Strokes Gained: Putting in his past five tournaments.

- Landry has averaged -1.541 Strokes Gained: Total in his past five tournaments.

## Landry's Strokes Gained rankings

## Landry's advanced stats and rankings

- Landry posted a Strokes Gained: Off-the-Tee average of -0.315 in his past five tournaments, indicating struggles with his driving performance.

- In terms of Strokes Gained: Approach the Green, Landry had a -1.123 mark in his past five tournaments, showing significant room for improvement with his iron play.

- Around the greens, Landry delivered a 0.094 Strokes Gained: Around-the-Green mark in his past five tournaments, which was his strongest area during this stretch.

- On the greens, Landry had a -0.197 Strokes Gained: Putting average in his past five tournaments.

All stats in this article are accurate for Landry as of the start of The American Express.

Responsible sports betting starts with a game plan. Set a budget. Keep it social. Play with friends. Learn the game and know the odds. Play with trusted, licensed operators. CLICK HERE to learn more at HaveAGamePlan.org.

Note: Using player performance data from ShotLink powered by CDW, the PGA TOUR has created this story using AWS Gen AI technology. While we strive for accuracy and quality, please note that the information provided may not be entirely error-free.

The American Express

- PGA TOUR

PGA TOUR, PGA TOUR Champions, and the Swinging Golfer design are registered trademarks. The Korn Ferry trademark is also a registered trademark, and is used in the Korn Ferry Tour logo with permission."
Andrew Putnam betting profile: The American Express,Andrew Putnam betting profile: The American Express - PGA TOUR,"Andrew Putnam returns to The American Express, set to tee off at Pete Dye Stadium Course from Jan. 22-25, 2026. Putnam looks to improve upon his performance fro",,,the-american-express,https://www.pgatour.com/article/news/betting-profile/2026/the-american-express/andrew-putnam-pga-tour-betting-stats-the-american-express-2026,"1 Min Read Andrew Putnam of the United States plays his shot from the 14th tee during the final round of The RSM Classic 2025 at Sea Island Resort on November 23, 2025 in St Simons Island, Georgia. (Mike Mulholland/Getty Images) Andrew Putnam returns to The American Express, set to tee off at Pete Dye Stadium Course from Jan. 22-25, 2026. Putnam looks to improve upon his performance from last year's tournament where he missed the cut.",Putnam's recent history at The American Express | At The American Express | Putnam's recent results | Putnam's recent performances | Putnam's Strokes Gained rankings | Putnam's advanced stats and rankings | Jacob Bridgeman betting profile: The American Express | Zach Johnson betting profile: The American Express | Sami Valimaki betting profile: The American Express | THE TOUR | Partnerships | Quick Links | Shop | Apps,"In Putnam's most recent appearance at The American Express, in 2025, he missed the cut after posting a score of 7-under. | Putnam's best finish at this event came in 2022, when he finished tied for 14th at 14-under. | Sepp Straka won this tournament in 2025, finishing at 25-under. | Putnam has finished in the top 20 once over his last ten appearances. | He had his best finish at the Barracuda Championship, where he finished tied for 11th. | Putnam has an average of -0.212 Strokes Gained: Off-the-Tee in his past five tournaments. | He has an average of -0.088 Strokes Gained: Approach the Green in his past five tournaments. | Putnam has an average of 0.210 Strokes Gained: Around-the-Green in his past five tournaments. | He has an average of 0.162 Strokes Gained: Putting in his past five tournaments. | Putnam has averaged 0.072 Strokes Gained: Total in his past five tournaments. | Putnam posted an average of -0.212 Strokes Gained: Off-the-Tee in his past five tournaments. | He recorded an average of -0.088 Strokes Gained: Approach the Green in his past five tournaments. | Around the greens, Putnam delivered a 0.210 Strokes Gained: Around-the-Green mark in his past five tournaments. | On the greens, Putnam posted a 0.162 Strokes Gained: Putting average in his past five tournaments. | PGA TOUR","1 Min Read
Andrew Putnam of the United States plays his shot from the 14th tee during the final round of The RSM Classic 2025 at Sea Island Resort on November 23, 2025 in St Simons Island, Georgia. (Mike Mulholland/Getty Images)
Andrew Putnam returns to The American Express, set to tee off at Pete Dye Stadium Course from Jan. 22-25, 2026. Putnam looks to improve upon his performance from last year's tournament where he missed the cut.
All stats in this article are accurate for Putnam as of the start of The American Express.
Responsible sports betting starts with a game plan. Set a budget. Keep it social. Play with friends. Learn the game and know the odds. Play with trusted, licensed operators. CLICK HERE to learn more at HaveAGamePlan.org.
Note: Using player performance data from ShotLink powered by CDW, the PGA TOUR has created this story using AWS Gen AI technology. While we strive for accuracy and quality, please note that the information provided may not be entirely error-free.
The American Express
PGA TOUR, PGA TOUR Champions, and the Swinging Golfer design are registered trademarks. The Korn Ferry trademark is also a registered trademark, and is used in the Korn Ferry Tour logo with permission.","1 Min Read

Andrew Putnam of the United States plays his shot from the 14th tee during the final round of The RSM Classic 2025 at Sea Island Resort on November 23, 2025 in St Simons Island, Georgia. (Mike Mulholland/Getty Images)

Andrew Putnam returns to The American Express, set to tee off at Pete Dye Stadium Course from Jan. 22-25, 2026. Putnam looks to improve upon his performance from last year's tournament where he missed the cut.

## Putnam's recent history at The American Express

## At The American Express

- In Putnam's most recent appearance at The American Express, in 2025, he missed the cut after posting a score of 7-under.

- Putnam's best finish at this event came in 2022, when he finished tied for 14th at 14-under.

- Sepp Straka won this tournament in 2025, finishing at 25-under.

## Putnam's recent results

## Putnam's recent performances

- Putnam has finished in the top 20 once over his last ten appearances.

- He had his best finish at the Barracuda Championship, where he finished tied for 11th.

- Putnam has an average of -0.212 Strokes Gained: Off-the-Tee in his past five tournaments.

- He has an average of -0.088 Strokes Gained: Approach the Green in his past five tournaments.

- Putnam has an average of 0.210 Strokes Gained: Around-the-Green in his past five tournaments.

- He has an average of 0.162 Strokes Gained: Putting in his past five tournaments.

- Putnam has averaged 0.072 Strokes Gained: Total in his past five tournaments.

## Putnam's Strokes Gained rankings

## Putnam's advanced stats and rankings

- Putnam posted an average of -0.212 Strokes Gained: Off-the-Tee in his past five tournaments.

- He recorded an average of -0.088 Strokes Gained: Approach the Green in his past five tournaments.

- Around the greens, Putnam delivered a 0.210 Strokes Gained: Around-the-Green mark in his past five tournaments.

- On the greens, Putnam posted a 0.162 Strokes Gained: Putting average in his past five tournaments.

All stats in this article are accurate for Putnam as of the start of The American Express.

Responsible sports betting starts with a game plan. Set a budget. Keep it social. Play with friends. Learn the game and know the odds. Play with trusted, licensed operators. CLICK HERE to learn more at HaveAGamePlan.org.

Note: Using player performance data from ShotLink powered by CDW, the PGA TOUR has created this story using AWS Gen AI technology. While we strive for accuracy and quality, please note that the information provided may not be entirely error-free.

The American Express

- PGA TOUR

PGA TOUR, PGA TOUR Champions, and the Swinging Golfer design are registered trademarks. The Korn Ferry trademark is also a registered trademark, and is used in the Korn Ferry Tour logo with permission."
Keith Mitchell betting profile: The American Express,Keith Mitchell betting profile: The American Express - PGA TOUR,Keith Mitchell finished tied for 21st at 15-under in his most recent appearance at The American Express. He'll tee off at Pete Dye Stadium Course Jan. 22-25 wit,,,the-american-express,https://www.pgatour.com/article/news/betting-profile/2026/the-american-express/keith-mitchell-pga-tour-betting-stats-the-american-express-2026,"1 Min Read Keith Mitchell of the United States and Megan Khang's caddie look on while playing the 14th hole during the final round of the Grant Thornton Invitational 2025 at Tiburon Golf Club on December 14, 2025 in Naples, Florida. (Johnnie Izquierdo/Getty Images) Keith Mitchell finished tied for 21st at 15-under in his most recent appearance at The American Express. He'll tee off at Pete Dye Stadium Course Jan. 22-25 with his sights set higher this time around in the 2026 American Express.",Mitchell's recent history at The American Express | At The American Express | Mitchell's recent results | Mitchell's recent performances | Mitchell's Strokes Gained rankings | Mitchell's advanced stats and rankings | Scottie Scheffler betting profile: The American Express | Harris English betting profile: The American Express | Sam Ryder betting profile: The American Express | THE TOUR | Partnerships | Quick Links | Shop | Apps,"In Mitchell's most recent appearance at The American Express, in 2025, he finished tied for 21st after posting a score of 15-under. | Mitchell's best finish at this event came in 2024, when he finished tied for ninth at 24-under. | Sepp Straka won this tournament in 2025, finishing at 25-under. | Mitchell has finished in the top ten once and in the top 20 twice over his last ten appearances. | He had his best finish at the Baycurrent Classic, where he finished tied for tenth with a score of 11-under. | Mitchell has an average of 0.191 Strokes Gained: Off-the-Tee in his past five tournaments. | He has an average of 0.031 Strokes Gained: Approach the Green in his past five tournaments. | Mitchell has averaged 0.378 Strokes Gained: Total in his past five tournaments. | Mitchell is posting a Strokes Gained: Off-the-Tee average of 0.885 (tenth) this season, while his average Driving Distance of 315.4 yards ranks 21st on TOUR. | In terms of Strokes Gained: Approach the Green this season, Mitchell sports a -0.408 mark that ranks 77th on TOUR. He ranks 22nd with a 75.00% Greens in Regulation rate. | On the greens, Mitchell delivers a -0.411 Strokes Gained: Putting mark this season, which places him 72nd on TOUR. In addition, he ranks 87th with a Putts Per Round average of 31.00, and he ranks 54th by breaking par 20.83% of the time. | PGA TOUR","1 Min Read
Keith Mitchell of the United States and Megan Khang's caddie look on while playing the 14th hole during the final round of the Grant Thornton Invitational 2025 at Tiburon Golf Club on December 14, 2025 in Naples, Florida. (Johnnie Izquierdo/Getty Images)
Keith Mitchell finished tied for 21st at 15-under in his most recent appearance at The American Express. He'll tee off at Pete Dye Stadium Course Jan. 22-25 with his sights set higher this time around in the 2026 American Express.
All stats in this article are accurate for Mitchell as of the start of The American Express.
Responsible sports betting starts with a game plan. Set a budget. Keep it social. Play with friends. Learn the game and know the odds. Play with trusted, licensed operators. CLICK HERE to learn more at HaveAGamePlan.org.
Note: Using player performance data from ShotLink powered by CDW, the PGA TOUR has created this story using AWS Gen AI technology. While we strive for accuracy and quality, please note that the information provided may not be entirely error-free.
The American Express
PGA TOUR, PGA TOUR Champions, and the Swinging Golfer design are registered trademarks. The Korn Ferry trademark is also a registered trademark, and is used in the Korn Ferry Tour logo with permission.","1 Min Read

Keith Mitchell of the United States and Megan Khang's caddie look on while playing the 14th hole during the final round of the Grant Thornton Invitational 2025 at Tiburon Golf Club on December 14, 2025 in Naples, Florida. (Johnnie Izquierdo/Getty Images)

Keith Mitchell finished tied for 21st at 15-under in his most recent appearance at The American Express. He'll tee off at Pete Dye Stadium Course Jan. 22-25 with his sights set higher this time around in the 2026 American Express.

## Mitchell's recent history at The American Express

## At The American Express

- In Mitchell's most recent appearance at The American Express, in 2025, he finished tied for 21st after posting a score of 15-under.

- Mitchell's best finish at this event came in 2024, when he finished tied for ninth at 24-under.

- Sepp Straka won this tournament in 2025, finishing at 25-under.

## Mitchell's recent results

## Mitchell's recent performances

- Mitchell has finished in the top ten once and in the top 20 twice over his last ten appearances.

- He had his best finish at the Baycurrent Classic, where he finished tied for tenth with a score of 11-under.

- Mitchell has an average of 0.191 Strokes Gained: Off-the-Tee in his past five tournaments.

- He has an average of 0.031 Strokes Gained: Approach the Green in his past five tournaments.

- Mitchell has averaged 0.378 Strokes Gained: Total in his past five tournaments.

## Mitchell's Strokes Gained rankings

## Mitchell's advanced stats and rankings

- Mitchell is posting a Strokes Gained: Off-the-Tee average of 0.885 (tenth) this season, while his average Driving Distance of 315.4 yards ranks 21st on TOUR.

- In terms of Strokes Gained: Approach the Green this season, Mitchell sports a -0.408 mark that ranks 77th on TOUR. He ranks 22nd with a 75.00% Greens in Regulation rate.

- On the greens, Mitchell delivers a -0.411 Strokes Gained: Putting mark this season, which places him 72nd on TOUR. In addition, he ranks 87th with a Putts Per Round average of 31.00, and he ranks 54th by breaking par 20.83% of the time.

All stats in this article are accurate for Mitchell as of the start of The American Express.

Responsible sports betting starts with a game plan. Set a budget. Keep it social. Play with friends. Learn the game and know the odds. Play with trusted, licensed operators. CLICK HERE to learn more at HaveAGamePlan.org.

Note: Using player performance data from ShotLink powered by CDW, the PGA TOUR has created this story using AWS Gen AI technology. While we strive for accuracy and quality, please note that the information provided may not be entirely error-free.

The American Express

- PGA TOUR

PGA TOUR, PGA TOUR Champions, and the Swinging Golfer design are registered trademarks. The Korn Ferry trademark is also a registered trademark, and is used in the Korn Ferry Tour logo with permission."
Christiaan Bezuidenhout betting profile: The American Express,Christiaan Bezuidenhout betting profile: The American Express - PGA TOUR,"Christiaan Bezuidenhout finished second at The American Express in 2024, shooting 28-under, but missed the cut in his most recent appearance in 2025. He'll tee",,,the-american-express,https://www.pgatour.com/article/news/betting-profile/2026/the-american-express/christiaan-bezuidenhout-pga-tour-betting-stats-the-american-express-2026,"1 Min Read Christiaan Bezuidenhout of South Africa plays his tee shot on the 1st hole on day three of the Alfred Dunhill Championship 2026 at Royal Johannesburg on December 13, 2025 in Johannesburg, South Africa. (Luke Walker/Getty Images) Christiaan Bezuidenhout finished second at The American Express in 2024, shooting 28-under, but missed the cut in his most recent appearance in 2025. He'll tee off at Pete Dye Stadium Course Jan. 22-25 with his sights set on claiming his first victory at The American Express.",Bezuidenhout's recent history at The American Express | At The American Express | Bezuidenhout's recent results | Bezuidenhout's recent performances | Bezuidenhout's Strokes Gained rankings | Bezuidenhout's advanced stats and rankings | Jacob Bridgeman betting profile: The American Express | Zach Johnson betting profile: The American Express | Sami Valimaki betting profile: The American Express | THE TOUR | Partnerships | Quick Links | Shop | Apps,"In Bezuidenhout's most recent appearance at The American Express, in 2025, he missed the cut after posting a score of 3-under. | Bezuidenhout's best finish at this event came in 2024, when he finished second at 28-under. | Sepp Straka won this tournament in 2025, finishing at 25-under. | Bezuidenhout has finished in the top-10 twice over his last 10 appearances. | He had his best finish at the Sanderson Farms Championship, where he finished tied for sixth with a score of 17-under. | Bezuidenhout has an average of -0.147 Strokes Gained: Off-the-Tee in his past five tournaments. | He has an average of 0.469 Strokes Gained: Approach the Green in his past five tournaments. | Bezuidenhout has averaged 1.042 Strokes Gained: Total in his past five tournaments. | Bezuidenhout has an average of -0.147 Strokes Gained: Off-the-Tee in his past five tournaments. | He has averaged 0.469 Strokes Gained: Approach the Green in his past five tournaments. | Bezuidenhout has an average of 0.513 Strokes Gained: Around-the-Green in his past five tournaments. | PGA TOUR","1 Min Read
Christiaan Bezuidenhout of South Africa plays his tee shot on the 1st hole on day three of the Alfred Dunhill Championship 2026 at Royal Johannesburg on December 13, 2025 in Johannesburg, South Africa. (Luke Walker/Getty Images)
Christiaan Bezuidenhout finished second at The American Express in 2024, shooting 28-under, but missed the cut in his most recent appearance in 2025. He'll tee off at Pete Dye Stadium Course Jan. 22-25 with his sights set on claiming his first victory at The American Express.
All stats in this article are accurate for Bezuidenhout as of the start of The American Express.
Responsible sports betting starts with a game plan. Set a budget. Keep it social. Play with friends. Learn the game and know the odds. Play with trusted, licensed operators. CLICK HERE to learn more at HaveAGamePlan.org.
Note: Using player performance data from ShotLink powered by CDW, the PGA TOUR has created this story using AWS Gen AI technology. While we strive for accuracy and quality, please note that the information provided may not be entirely error-free.
The American Express
PGA TOUR, PGA TOUR Champions, and the Swinging Golfer design are registered trademarks. The Korn Ferry trademark is also a registered trademark, and is used in the Korn Ferry Tour logo with permission.","1 Min Read

Christiaan Bezuidenhout of South Africa plays his tee shot on the 1st hole on day three of the Alfred Dunhill Championship 2026 at Royal Johannesburg on December 13, 2025 in Johannesburg, South Africa. (Luke Walker/Getty Images)

Christiaan Bezuidenhout finished second at The American Express in 2024, shooting 28-under, but missed the cut in his most recent appearance in 2025. He'll tee off at Pete Dye Stadium Course Jan. 22-25 with his sights set on claiming his first victory at The American Express.

## Bezuidenhout's recent history at The American Express

## At The American Express

- In Bezuidenhout's most recent appearance at The American Express, in 2025, he missed the cut after posting a score of 3-under.

- Bezuidenhout's best finish at this event came in 2024, when he finished second at 28-under.

- Sepp Straka won this tournament in 2025, finishing at 25-under.

## Bezuidenhout's recent results

## Bezuidenhout's recent performances

- Bezuidenhout has finished in the top-10 twice over his last 10 appearances.

- He had his best finish at the Sanderson Farms Championship, where he finished tied for sixth with a score of 17-under.

- Bezuidenhout has an average of -0.147 Strokes Gained: Off-the-Tee in his past five tournaments.

- He has an average of 0.469 Strokes Gained: Approach the Green in his past five tournaments.

- Bezuidenhout has averaged 1.042 Strokes Gained: Total in his past five tournaments.

## Bezuidenhout's Strokes Gained rankings

## Bezuidenhout's advanced stats and rankings

- Bezuidenhout has an average of -0.147 Strokes Gained: Off-the-Tee in his past five tournaments.

- He has averaged 0.469 Strokes Gained: Approach the Green in his past five tournaments.

- Bezuidenhout has an average of 0.513 Strokes Gained: Around-the-Green in his past five tournaments.

All stats in this article are accurate for Bezuidenhout as of the start of The American Express.

Responsible sports betting starts with a game plan. Set a budget. Keep it social. Play with friends. Learn the game and know the odds. Play with trusted, licensed operators. CLICK HERE to learn more at HaveAGamePlan.org.

Note: Using player performance data from ShotLink powered by CDW, the PGA TOUR has created this story using AWS Gen AI technology. While we strive for accuracy and quality, please note that the information provided may not be entirely error-free.

The American Express

- PGA TOUR

PGA TOUR, PGA TOUR Champions, and the Swinging Golfer design are registered trademarks. The Korn Ferry trademark is also a registered trademark, and is used in the Korn Ferry Tour logo with permission."
Alex Smalley betting profile: The American Express,Alex Smalley betting profile: The American Express - PGA TOUR,Alex Smalley finished 11th at -18 in his most recent appearance at The American Express in 2025. He'll tee off at Pete Dye Stadium Course Jan. 22-25 with his si,,,the-american-express,https://www.pgatour.com/article/news/betting-profile/2026/the-american-express/alex-smalley-pga-tour-betting-stats-the-american-express-2026,"1 Min Read Alex Smalley of the United States plays his shot from the 17th tee during the third round of the Sony Open in Hawaii 2026 at Waialae Country Club on January 17, 2026 in Honolulu, Hawaii. (Cliff Hawkins/Getty Images) Alex Smalley finished 11th at -18 in his most recent appearance at The American Express in 2025. He'll tee off at Pete Dye Stadium Course Jan. 22-25 with his sights set on improving upon that solid performance in the 2026 American Express.",Smalley's recent history at The American Express | At The American Express | Smalley's recent results | Smalley's recent performances | Smalley's Strokes Gained rankings | Smalley's advanced stats and rankings | Scottie Scheffler betting profile: The American Express | Harris English betting profile: The American Express | Sam Ryder betting profile: The American Express | THE TOUR | Partnerships | Quick Links | Shop | Apps,"In Smalley's most recent appearance at The American Express, in 2025, he finished 11th after posting a score of 18-under. | Sepp Straka won this tournament in 2025, finishing at 25-under. | Smalley has finished in the top five twice over his last ten appearances. | He had his best finish at the Butterfield Bermuda Championship, where he finished tied for third with a score of 10-under. | Smalley has an average of 0.009 Strokes Gained: Off-the-Tee in his past five tournaments. | He has an average of 0.045 Strokes Gained: Approach the Green in his past five tournaments. | He has an average of 0.119 Strokes Gained: Around-the-Green in his past five tournaments. | He has an average of -0.588 Strokes Gained: Putting in his past five tournaments. | Smalley has averaged -0.414 Strokes Gained: Total in his past five tournaments. | Smalley posted a Strokes Gained: Off-the-Tee average of 0.022 (59th) in 2026, while his average Driving Distance of 328.3 yards ranked fourth on TOUR. | In terms of Strokes Gained: Approach the Green in 2026, Smalley sported a -0.246 mark that ranked 73rd on TOUR. He ranked 69th with a 66.67% Greens in Regulation rate. | On the greens, Smalley delivered a 0.362 Strokes Gained: Putting mark in 2026, which placed him 34th on TOUR. In addition, he ranked 57th with a Putts Per Round average of 29.75, and he ranked 10th by breaking par 26.39% of the time. | Smalley earned 12 FedExCup Regular Season points in 2026, ranking 39th, while his Bogey Avoidance rate of 18.06% ranked 73rd on TOUR. | PGA TOUR","1 Min Read
Alex Smalley of the United States plays his shot from the 17th tee during the third round of the Sony Open in Hawaii 2026 at Waialae Country Club on January 17, 2026 in Honolulu, Hawaii. (Cliff Hawkins/Getty Images)
Alex Smalley finished 11th at -18 in his most recent appearance at The American Express in 2025. He'll tee off at Pete Dye Stadium Course Jan. 22-25 with his sights set on improving upon that solid performance in the 2026 American Express.
All stats in this article are accurate for Smalley as of the start of The American Express.
Responsible sports betting starts with a game plan. Set a budget. Keep it social. Play with friends. Learn the game and know the odds. Play with trusted, licensed operators. CLICK HERE to learn more at HaveAGamePlan.org.
Note: Using player performance data from ShotLink powered by CDW, the PGA TOUR has created this story using AWS Gen AI technology. While we strive for accuracy and quality, please note that the information provided may not be entirely error-free.
The American Express
PGA TOUR, PGA TOUR Champions, and the Swinging Golfer design are registered trademarks. The Korn Ferry trademark is also a registered trademark, and is used in the Korn Ferry Tour logo with permission.","1 Min Read

Alex Smalley of the United States plays his shot from the 17th tee during the third round of the Sony Open in Hawaii 2026 at Waialae Country Club on January 17, 2026 in Honolulu, Hawaii. (Cliff Hawkins/Getty Images)

Alex Smalley finished 11th at -18 in his most recent appearance at The American Express in 2025. He'll tee off at Pete Dye Stadium Course Jan. 22-25 with his sights set on improving upon that solid performance in the 2026 American Express.

## Smalley's recent history at The American Express

## At The American Express

- In Smalley's most recent appearance at The American Express, in 2025, he finished 11th after posting a score of 18-under.

- Sepp Straka won this tournament in 2025, finishing at 25-under.

## Smalley's recent results

## Smalley's recent performances

- Smalley has finished in the top five twice over his last ten appearances.

- He had his best finish at the Butterfield Bermuda Championship, where he finished tied for third with a score of 10-under.

- Smalley has an average of 0.009 Strokes Gained: Off-the-Tee in his past five tournaments.

- He has an average of 0.045 Strokes Gained: Approach the Green in his past five tournaments.

- He has an average of 0.119 Strokes Gained: Around-the-Green in his past five tournaments.

- He has an average of -0.588 Strokes Gained: Putting in his past five tournaments.

- Smalley has averaged -0.414 Strokes Gained: Total in his past five tournaments.

## Smalley's Strokes Gained rankings

## Smalley's advanced stats and rankings

- Smalley posted a Strokes Gained: Off-the-Tee average of 0.022 (59th) in 2026, while his average Driving Distance of 328.3 yards ranked fourth on TOUR.

- In terms of Strokes Gained: Approach the Green in 2026, Smalley sported a -0.246 mark that ranked 73rd on TOUR. He ranked 69th with a 66.67% Greens in Regulation rate.

- On the greens, Smalley delivered a 0.362 Strokes Gained: Putting mark in 2026, which placed him 34th on TOUR. In addition, he ranked 57th with a Putts Per Round average of 29.75, and he ranked 10th by breaking par 26.39% of the time.

- Smalley earned 12 FedExCup Regular Season points in 2026, ranking 39th, while his Bogey Avoidance rate of 18.06% ranked 73rd on TOUR.

All stats in this article are accurate for Smalley as of the start of The American Express.

Responsible sports betting starts with a game plan. Set a budget. Keep it social. Play with friends. Learn the game and know the odds. Play with trusted, licensed operators. CLICK HERE to learn more at HaveAGamePlan.org.

Note: Using player performance data from ShotLink powered by CDW, the PGA TOUR has created this story using AWS Gen AI technology. While we strive for accuracy and quality, please note that the information provided may not be entirely error-free.

The American Express

- PGA TOUR

PGA TOUR, PGA TOUR Champions, and the Swinging Golfer design are registered trademarks. The Korn Ferry trademark is also a registered trademark, and is used in the Korn Ferry Tour logo with permission."
PGATOUR.COM,PGATOUR.COM - Official Home of Golf and the FedExCup - PGA TOUR,"The official web site of the PGA TOUR. Providing the only Real-Time Live Scoring for the PGA TOUR, Champions Tour and Korn Ferry Tour. Home of official PGA TOUR",,,the-american-express,https://www.pgatour.com/article/news/betting-profile/2026/the-american-express/rasmus-h-jgaard-pga-tour-betting-stats-the-american-express-2026,"The American Express PGA TOUR, PGA TOUR Champions, and the Swinging Golfer design are registered trademarks. The Korn Ferry trademark is also a registered trademark, and is used in the Korn Ferry Tour logo with permission.",THE TOUR | Partnerships | Quick Links | Shop | Apps,PGA TOUR,"The American Express
PGA TOUR, PGA TOUR Champions, and the Swinging Golfer design are registered trademarks. The Korn Ferry trademark is also a registered trademark, and is used in the Korn Ferry Tour logo with permission.","The American Express

- PGA TOUR

PGA TOUR, PGA TOUR Champions, and the Swinging Golfer design are registered trademarks. The Korn Ferry trademark is also a registered trademark, and is used in the Korn Ferry Tour logo with permission."
Max McGreevy betting profile: The American Express,Max McGreevy betting profile: The American Express - PGA TOUR,"Max McGreevy has missed the cut in each of his last three appearances at The American Express, most recently shooting 4-under in 2025. He'll tee off at Pete Dye",,,the-american-express,https://www.pgatour.com/article/news/betting-profile/2026/the-american-express/max-mcgreevy-pga-tour-betting-stats-the-american-express-2026,"1 Min Read Max McGreevy of the United States prepares to play his shot from the 11th tee during the second round of the Sony Open in Hawaii 2026 at Waialae Country Club on January 16, 2026 in Honolulu, Hawaii. (Mike Mulholland/Getty Images) All stats in this article are accurate for McGreevy as of the start of The American Express.",McGreevy's recent history at The American Express | At The American Express | McGreevy's recent results | McGreevy's recent performances | McGreevy's Strokes Gained rankings | McGreevy's advanced stats and rankings | Scottie Scheffler betting profile: The American Express | Harris English betting profile: The American Express | Sam Ryder betting profile: The American Express | THE TOUR | Partnerships | Quick Links | Shop | Apps,"In McGreevy's most recent appearance at The American Express, in 2025, he missed the cut after posting a score of 4-under. | Sepp Straka won this tournament in 2025, finishing at 25-under. | McGreevy has finished in the top five twice over his last ten appearances. | He had his best finish at The RSM Classic, where he finished second with a score of 22-under. | McGreevy has an average of 0.380 Strokes Gained: Off-the-Tee in his past five tournaments. | He has an average of 0.272 Strokes Gained: Approach the Green in his past five tournaments. | McGreevy has averaged 0.950 Strokes Gained: Total in his past five tournaments. | McGreevy posted a Strokes Gained: Off-the-Tee average of -0.271 (82nd) this season, while his average Driving Distance of 314.3 yards ranked 27th on TOUR. | In terms of Strokes Gained: Approach the Green this season, McGreevy sported a 1.305 mark that ranked fifth on TOUR. He ranked second with an 80.56% Greens in Regulation rate. | On the greens, McGreevy delivered a -1.875 Strokes Gained: Putting mark this season, which placed him 111th on TOUR. In addition, he ranked 119th with a Putts Per Round average of 34.00, and he ranked 80th by breaking par 16.67% of the time. | PGA TOUR","1 Min Read
Max McGreevy of the United States prepares to play his shot from the 11th tee during the second round of the Sony Open in Hawaii 2026 at Waialae Country Club on January 16, 2026 in Honolulu, Hawaii. (Mike Mulholland/Getty Images)
All stats in this article are accurate for McGreevy as of the start of The American Express.
Responsible sports betting starts with a game plan. Set a budget. Keep it social. Play with friends. Learn the game and know the odds. Play with trusted, licensed operators. CLICK HERE to learn more at HaveAGamePlan.org.
Note: Using player performance data from ShotLink powered by CDW, the PGA TOUR has created this story using AWS Gen AI technology. While we strive for accuracy and quality, please note that the information provided may not be entirely error-free.
The American Express
PGA TOUR, PGA TOUR Champions, and the Swinging Golfer design are registered trademarks. The Korn Ferry trademark is also a registered trademark, and is used in the Korn Ferry Tour logo with permission.","1 Min Read

Max McGreevy of the United States prepares to play his shot from the 11th tee during the second round of the Sony Open in Hawaii 2026 at Waialae Country Club on January 16, 2026 in Honolulu, Hawaii. (Mike Mulholland/Getty Images)

## McGreevy's recent history at The American Express

## At The American Express

- In McGreevy's most recent appearance at The American Express, in 2025, he missed the cut after posting a score of 4-under.

- Sepp Straka won this tournament in 2025, finishing at 25-under.

## McGreevy's recent results

## McGreevy's recent performances

- McGreevy has finished in the top five twice over his last ten appearances.

- He had his best finish at The RSM Classic, where he finished second with a score of 22-under.

- McGreevy has an average of 0.380 Strokes Gained: Off-the-Tee in his past five tournaments.

- He has an average of 0.272 Strokes Gained: Approach the Green in his past five tournaments.

- McGreevy has averaged 0.950 Strokes Gained: Total in his past five tournaments.

## McGreevy's Strokes Gained rankings

## McGreevy's advanced stats and rankings

- McGreevy posted a Strokes Gained: Off-the-Tee average of -0.271 (82nd) this season, while his average Driving Distance of 314.3 yards ranked 27th on TOUR.

- In terms of Strokes Gained: Approach the Green this season, McGreevy sported a 1.305 mark that ranked fifth on TOUR. He ranked second with an 80.56% Greens in Regulation rate.

- On the greens, McGreevy delivered a -1.875 Strokes Gained: Putting mark this season, which placed him 111th on TOUR. In addition, he ranked 119th with a Putts Per Round average of 34.00, and he ranked 80th by breaking par 16.67% of the time.

All stats in this article are accurate for McGreevy as of the start of The American Express.

Responsible sports betting starts with a game plan. Set a budget. Keep it social. Play with friends. Learn the game and know the odds. Play with trusted, licensed operators. CLICK HERE to learn more at HaveAGamePlan.org.

Note: Using player performance data from ShotLink powered by CDW, the PGA TOUR has created this story using AWS Gen AI technology. While we strive for accuracy and quality, please note that the information provided may not be entirely error-free.

The American Express

- PGA TOUR

PGA TOUR, PGA TOUR Champions, and the Swinging Golfer design are registered trademarks. The Korn Ferry trademark is also a registered trademark, and is used in the Korn Ferry Tour logo with permission."
Chandler Phillips betting profile: The American Express,Chandler Phillips betting profile: The American Express - PGA TOUR,Chandler Phillips finished tied for 25th at nineteen-under in 2024 and missed the cut at eight-under in 2025 at The American Express. He'll tee off at Pete Dye,,,the-american-express,https://www.pgatour.com/article/news/betting-profile/2026/the-american-express/chandler-phillips-pga-tour-betting-stats-the-american-express-2026,"1 Min Read Chandler Phillips of the United States lines up a putt on the first green during the final round of the Sony Open in Hawaii 2026 at Waialae Country Club on January 18, 2026 in Honolulu, Hawaii. (Mike Mulholland/Getty Images) Chandler Phillips finished tied for 25th at nineteen-under in 2024 and missed the cut at eight-under in 2025 at The American Express. He'll tee off at Pete Dye Stadium Course Jan. 22-25 with his sights set on improving his performance in the 2026 American Express.",Phillips's recent history at The American Express | At The American Express | Phillips's recent results | Phillips's recent performances | Phillips's Strokes Gained rankings | Phillips's advanced stats and rankings | Scottie Scheffler betting profile: The American Express | Harris English betting profile: The American Express | Sam Ryder betting profile: The American Express | THE TOUR | Partnerships | Quick Links | Shop | Apps,"In Phillips's most recent appearance at The American Express, in 2025, he missed the cut after posting a score of eight-under. | Phillips's best finish at this event came in 2024, when he finished tied for 25th at nineteen-under. | Sepp Straka won this tournament in 2025, finishing at 25-under. | Phillips has finished in the top 20 twice over his last ten appearances. | He had his best finish at the Butterfield Bermuda Championship, where he finished second with a score of eleven-under. | Phillips has an average of -0.322 Strokes Gained: Off-the-Tee in his past five tournaments. | He has an average of -0.262 Strokes Gained: Approach the Green in his past five tournaments. | Phillips has averaged -0.316 Strokes Gained: Total in his past five tournaments. | Phillips has posted a Strokes Gained: Off-the-Tee average of -0.093 (72nd) this season, while his average Driving Distance of 302.4 yards ranks 78th on TOUR. | In terms of Strokes Gained: Approach the Green this season, Phillips sports a 0.021 mark that ranks 57th on TOUR. He ranks 69th with a 66.67% Greens in Regulation rate. | On the greens, Phillips delivers a 1.208 Strokes Gained: Putting mark this season, which places him 10th on TOUR. In addition, he ranks 14th with a Putts Per Round average of 28.25, and he ranks 10th by breaking par 26.39% of the time. | Phillips has earned 43 FedExCup Regular Season points this season, ranking 19th. | PGA TOUR","1 Min Read
Chandler Phillips of the United States lines up a putt on the first green during the final round of the Sony Open in Hawaii 2026 at Waialae Country Club on January 18, 2026 in Honolulu, Hawaii. (Mike Mulholland/Getty Images)
Chandler Phillips finished tied for 25th at nineteen-under in 2024 and missed the cut at eight-under in 2025 at The American Express. He'll tee off at Pete Dye Stadium Course Jan. 22-25 with his sights set on improving his performance in the 2026 American Express.
All stats in this article are accurate for Phillips as of the start of The American Express.
Responsible sports betting starts with a game plan. Set a budget. Keep it social. Play with friends. Learn the game and know the odds. Play with trusted, licensed operators. CLICK HERE to learn more at HaveAGamePlan.org.
Note: Using player performance data from ShotLink powered by CDW, the PGA TOUR has created this story using AWS Gen AI technology. While we strive for accuracy and quality, please note that the information provided may not be entirely error-free.
The American Express
PGA TOUR, PGA TOUR Champions, and the Swinging Golfer design are registered trademarks. The Korn Ferry trademark is also a registered trademark, and is used in the Korn Ferry Tour logo with permission.","1 Min Read

Chandler Phillips of the United States lines up a putt on the first green during the final round of the Sony Open in Hawaii 2026 at Waialae Country Club on January 18, 2026 in Honolulu, Hawaii. (Mike Mulholland/Getty Images)

Chandler Phillips finished tied for 25th at nineteen-under in 2024 and missed the cut at eight-under in 2025 at The American Express. He'll tee off at Pete Dye Stadium Course Jan. 22-25 with his sights set on improving his performance in the 2026 American Express.

## Phillips's recent history at The American Express

## At The American Express

- In Phillips's most recent appearance at The American Express, in 2025, he missed the cut after posting a score of eight-under.

- Phillips's best finish at this event came in 2024, when he finished tied for 25th at nineteen-under.

- Sepp Straka won this tournament in 2025, finishing at 25-under.

## Phillips's recent results

## Phillips's recent performances

- Phillips has finished in the top 20 twice over his last ten appearances.

- He had his best finish at the Butterfield Bermuda Championship, where he finished second with a score of eleven-under.

- Phillips has an average of -0.322 Strokes Gained: Off-the-Tee in his past five tournaments.

- He has an average of -0.262 Strokes Gained: Approach the Green in his past five tournaments.

- Phillips has averaged -0.316 Strokes Gained: Total in his past five tournaments.

## Phillips's Strokes Gained rankings

## Phillips's advanced stats and rankings

- Phillips has posted a Strokes Gained: Off-the-Tee average of -0.093 (72nd) this season, while his average Driving Distance of 302.4 yards ranks 78th on TOUR.

- In terms of Strokes Gained: Approach the Green this season, Phillips sports a 0.021 mark that ranks 57th on TOUR. He ranks 69th with a 66.67% Greens in Regulation rate.

- On the greens, Phillips delivers a 1.208 Strokes Gained: Putting mark this season, which places him 10th on TOUR. In addition, he ranks 14th with a Putts Per Round average of 28.25, and he ranks 10th by breaking par 26.39% of the time.

- Phillips has earned 43 FedExCup Regular Season points this season, ranking 19th.

All stats in this article are accurate for Phillips as of the start of The American Express.

Responsible sports betting starts with a game plan. Set a budget. Keep it social. Play with friends. Learn the game and know the odds. Play with trusted, licensed operators. CLICK HERE to learn more at HaveAGamePlan.org.

Note: Using player performance data from ShotLink powered by CDW, the PGA TOUR has created this story using AWS Gen AI technology. While we strive for accuracy and quality, please note that the information provided may not be entirely error-free.

The American Express

- PGA TOUR

PGA TOUR, PGA TOUR Champions, and the Swinging Golfer design are registered trademarks. The Korn Ferry trademark is also a registered trademark, and is used in the Korn Ferry Tour logo with permission."
Jhonattan Vegas betting profile: The American Express,Jhonattan Vegas betting profile: The American Express - PGA TOUR,"Jhonattan Vegas has missed the cut in each of his last four appearances at The American Express, with his most recent showing in 2025 resulting in a 6-under tot",,,the-american-express,https://www.pgatour.com/article/news/betting-profile/2026/the-american-express/jhonattan-vegas-pga-tour-betting-stats-the-american-express-2026,"1 Min Read Jhonattan Vegas of Venezuela plays his second shot on the 10th hole on day one of the Amgen Irish Open 2025 at The K Club on September 04, 2025 in Straffan, Ireland. (Warren Little/Getty Images) Jhonattan Vegas has missed the cut in each of his last four appearances at The American Express, with his most recent showing in 2025 resulting in a 6-under total. He'll tee off at Pete Dye Stadium Course Jan. 22-25 looking to make his first cut at this event since at least 2021.",Vegas's recent history at The American Express | At The American Express | Vegas's recent results | Vegas's recent performances | Vegas's Strokes Gained rankings | Vegas's advanced stats and rankings | Scottie Scheffler betting profile: The American Express | Harris English betting profile: The American Express | Sam Ryder betting profile: The American Express | THE TOUR | Partnerships | Quick Links | Shop | Apps,"In Vegas's most recent appearance at The American Express, in 2025, he missed the cut after posting a score of 6-under. | Sepp Straka won this tournament in 2025, finishing at 25-under. | Vegas has finished in the top five once and in the top 20 twice over his last ten appearances. | He had his best finish at the PGA Championship, where he finished tied for fifth with a score of 5-under. | Vegas has an average of 0.195 Strokes Gained: Off-the-Tee in his past five tournaments. | He has an average of 0.066 Strokes Gained: Approach the Green in his past five tournaments. | He has an average of -0.268 Strokes Gained: Around-the-Green in his past five tournaments. | Vegas has averaged -0.265 Strokes Gained: Putting in his past five tournaments. | He has averaged -0.271 Strokes Gained: Total in his past five tournaments. | Vegas averaged 0.195 Strokes Gained: Off-the-Tee in his past five tournaments. | He posted a 0.066 Strokes Gained: Approach the Green average in his past five tournaments. | Vegas struggled with his short game, averaging -0.268 Strokes Gained: Around-the-Green in his past five tournaments. | On the greens, Vegas posted a -0.265 Strokes Gained: Putting mark in his past five tournaments. | Overall, Vegas averaged -0.271 Strokes Gained: Total in his past five tournaments. | PGA TOUR","1 Min Read
Jhonattan Vegas of Venezuela plays his second shot on the 10th hole on day one of the Amgen Irish Open 2025 at The K Club on September 04, 2025 in Straffan, Ireland. (Warren Little/Getty Images)
Jhonattan Vegas has missed the cut in each of his last four appearances at The American Express, with his most recent showing in 2025 resulting in a 6-under total. He'll tee off at Pete Dye Stadium Course Jan. 22-25 looking to make his first cut at this event since at least 2021.
All stats in this article are accurate for Vegas as of the start of The American Express.
Responsible sports betting starts with a game plan. Set a budget. Keep it social. Play with friends. Learn the game and know the odds. Play with trusted, licensed operators. CLICK HERE to learn more at HaveAGamePlan.org.
Note: Using player performance data from ShotLink powered by CDW, the PGA TOUR has created this story using AWS Gen AI technology. While we strive for accuracy and quality, please note that the information provided may not be entirely error-free.
The American Express
PGA TOUR, PGA TOUR Champions, and the Swinging Golfer design are registered trademarks. The Korn Ferry trademark is also a registered trademark, and is used in the Korn Ferry Tour logo with permission.","1 Min Read

Jhonattan Vegas of Venezuela plays his second shot on the 10th hole on day one of the Amgen Irish Open 2025 at The K Club on September 04, 2025 in Straffan, Ireland. (Warren Little/Getty Images)

Jhonattan Vegas has missed the cut in each of his last four appearances at The American Express, with his most recent showing in 2025 resulting in a 6-under total. He'll tee off at Pete Dye Stadium Course Jan. 22-25 looking to make his first cut at this event since at least 2021.

## Vegas's recent history at The American Express

## At The American Express

- In Vegas's most recent appearance at The American Express, in 2025, he missed the cut after posting a score of 6-under.

- Sepp Straka won this tournament in 2025, finishing at 25-under.

## Vegas's recent results

## Vegas's recent performances

- Vegas has finished in the top five once and in the top 20 twice over his last ten appearances.

- He had his best finish at the PGA Championship, where he finished tied for fifth with a score of 5-under.

- Vegas has an average of 0.195 Strokes Gained: Off-the-Tee in his past five tournaments.

- He has an average of 0.066 Strokes Gained: Approach the Green in his past five tournaments.

- He has an average of -0.268 Strokes Gained: Around-the-Green in his past five tournaments.

- Vegas has averaged -0.265 Strokes Gained: Putting in his past five tournaments.

- He has averaged -0.271 Strokes Gained: Total in his past five tournaments.

## Vegas's Strokes Gained rankings

## Vegas's advanced stats and rankings

- Vegas averaged 0.195 Strokes Gained: Off-the-Tee in his past five tournaments.

- He posted a 0.066 Strokes Gained: Approach the Green average in his past five tournaments.

- Vegas struggled with his short game, averaging -0.268 Strokes Gained: Around-the-Green in his past five tournaments.

- On the greens, Vegas posted a -0.265 Strokes Gained: Putting mark in his past five tournaments.

- Overall, Vegas averaged -0.271 Strokes Gained: Total in his past five tournaments.

All stats in this article are accurate for Vegas as of the start of The American Express.

Responsible sports betting starts with a game plan. Set a budget. Keep it social. Play with friends. Learn the game and know the odds. Play with trusted, licensed operators. CLICK HERE to learn more at HaveAGamePlan.org.

Note: Using player performance data from ShotLink powered by CDW, the PGA TOUR has created this story using AWS Gen AI technology. While we strive for accuracy and quality, please note that the information provided may not be entirely error-free.

The American Express

- PGA TOUR

PGA TOUR, PGA TOUR Champions, and the Swinging Golfer design are registered trademarks. The Korn Ferry trademark is also a registered trademark, and is used in the Korn Ferry Tour logo with permission."
Brian Harman betting profile: The American Express,Brian Harman betting profile: The American Express - PGA TOUR,Brian Harman finished third at 20-under the last time he played this tournament in 2022. He'll tee off at Pete Dye Stadium Course Jan. 22-25 with hopes of retur,,,the-american-express,https://www.pgatour.com/article/news/betting-profile/2026/the-american-express/brian-harman-pga-tour-betting-stats-the-american-express-2026,"1 Min Read Brian Harman of the United States plays his shot from the second tee during the third round of the Sony Open in Hawaii 2026 at Waialae Country Club on January 17, 2026 in Honolulu, Hawaii. (Mike Mulholland/Getty Images) Brian Harman finished third at 20-under the last time he played this tournament in 2022. He'll tee off at Pete Dye Stadium Course Jan. 22-25 with hopes of returning to contention at the 2026 American Express.",Harman's recent history at The American Express | At The American Express | Harman's recent results | Harman's recent performances | Harman's Strokes Gained rankings | Harman's advanced stats and rankings | Scottie Scheffler betting profile: The American Express | Harris English betting profile: The American Express | Sam Ryder betting profile: The American Express | THE TOUR | Partnerships | Quick Links | Shop | Apps,"In Harman's most recent appearance at The American Express, in 2025, he missed the cut after posting a score of 4-under. | Harman's best finish at this event came in 2022, when he finished third at 20-under. | Sepp Straka won this tournament in 2025, finishing at 25-under. | Harman has finished in the top 10 twice over his last ten appearances. | He had his best finish at the Travelers Championship, where he finished eighth with a score of 10-under. | Harman has an average of -0.264 Strokes Gained: Off-the-Tee in his past five tournaments. | He has an average of 0.208 Strokes Gained: Approach the Green in his past five tournaments. | He has an average of -0.177 Strokes Gained: Putting in his past five tournaments. | Harman has averaged -0.003 Strokes Gained: Total in his past five tournaments. | Harman posted a Strokes Gained: Off-the-Tee average of -0.045 (66th) this season, while his average Driving Distance of 310.0 yards ranked 45th on TOUR. | In terms of Strokes Gained: Approach the Green this season, Harman sported a -0.425 mark that ranked 79th on TOUR. He ranked 32nd with a 72.22% Greens in Regulation rate. | On the greens, Harman delivered a 0.205 Strokes Gained: Putting mark this season, which placed him 46th on TOUR. In addition, he ranked 80th with a Putts Per Round average of 30.75, and he ranked 54th by breaking par 20.83% of the time. | PGA TOUR","1 Min Read
Brian Harman of the United States plays his shot from the second tee during the third round of the Sony Open in Hawaii 2026 at Waialae Country Club on January 17, 2026 in Honolulu, Hawaii. (Mike Mulholland/Getty Images)
Brian Harman finished third at 20-under the last time he played this tournament in 2022. He'll tee off at Pete Dye Stadium Course Jan. 22-25 with hopes of returning to contention at the 2026 American Express.
All stats in this article are accurate for Harman as of the start of The American Express.
Responsible sports betting starts with a game plan. Set a budget. Keep it social. Play with friends. Learn the game and know the odds. Play with trusted, licensed operators. CLICK HERE to learn more at HaveAGamePlan.org.
Note: Using player performance data from ShotLink powered by CDW, the PGA TOUR has created this story using AWS Gen AI technology. While we strive for accuracy and quality, please note that the information provided may not be entirely error-free.
The American Express
PGA TOUR, PGA TOUR Champions, and the Swinging Golfer design are registered trademarks. The Korn Ferry trademark is also a registered trademark, and is used in the Korn Ferry Tour logo with permission.","1 Min Read

Brian Harman of the United States plays his shot from the second tee during the third round of the Sony Open in Hawaii 2026 at Waialae Country Club on January 17, 2026 in Honolulu, Hawaii. (Mike Mulholland/Getty Images)

Brian Harman finished third at 20-under the last time he played this tournament in 2022. He'll tee off at Pete Dye Stadium Course Jan. 22-25 with hopes of returning to contention at the 2026 American Express.

## Harman's recent history at The American Express

## At The American Express

- In Harman's most recent appearance at The American Express, in 2025, he missed the cut after posting a score of 4-under.

- Harman's best finish at this event came in 2022, when he finished third at 20-under.

- Sepp Straka won this tournament in 2025, finishing at 25-under.

## Harman's recent results

## Harman's recent performances

- Harman has finished in the top 10 twice over his last ten appearances.

- He had his best finish at the Travelers Championship, where he finished eighth with a score of 10-under.

- Harman has an average of -0.264 Strokes Gained: Off-the-Tee in his past five tournaments.

- He has an average of 0.208 Strokes Gained: Approach the Green in his past five tournaments.

- He has an average of -0.177 Strokes Gained: Putting in his past five tournaments.

- Harman has averaged -0.003 Strokes Gained: Total in his past five tournaments.

## Harman's Strokes Gained rankings

## Harman's advanced stats and rankings

- Harman posted a Strokes Gained: Off-the-Tee average of -0.045 (66th) this season, while his average Driving Distance of 310.0 yards ranked 45th on TOUR.

- In terms of Strokes Gained: Approach the Green this season, Harman sported a -0.425 mark that ranked 79th on TOUR. He ranked 32nd with a 72.22% Greens in Regulation rate.

- On the greens, Harman delivered a 0.205 Strokes Gained: Putting mark this season, which placed him 46th on TOUR. In addition, he ranked 80th with a Putts Per Round average of 30.75, and he ranked 54th by breaking par 20.83% of the time.

All stats in this article are accurate for Harman as of the start of The American Express.

Responsible sports betting starts with a game plan. Set a budget. Keep it social. Play with friends. Learn the game and know the odds. Play with trusted, licensed operators. CLICK HERE to learn more at HaveAGamePlan.org.

Note: Using player performance data from ShotLink powered by CDW, the PGA TOUR has created this story using AWS Gen AI technology. While we strive for accuracy and quality, please note that the information provided may not be entirely error-free.

The American Express

- PGA TOUR

PGA TOUR, PGA TOUR Champions, and the Swinging Golfer design are registered trademarks. The Korn Ferry trademark is also a registered trademark, and is used in the Korn Ferry Tour logo with permission."
Nick Taylor betting profile: The American Express,Nick Taylor betting profile: The American Express - PGA TOUR,Nick Taylor finished tied for 12th at 17-under in his most recent appearance at The American Express in 2025. He'll tee off at Pete Dye Stadium Course Jan. 22-2,,,the-american-express,https://www.pgatour.com/article/news/betting-profile/2026/the-american-express/nick-taylor-pga-tour-betting-stats-the-american-express-2026,"1 Min Read Nick Taylor of Canada chips on the 18th green during the final round of the Sony Open in Hawaii 2026 at Waialae Country Club on January 18, 2026 in Honolulu, Hawaii. (Cliff Hawkins/Getty Images) Nick Taylor finished tied for 12th at 17-under in his most recent appearance at The American Express in 2025. He'll tee off at Pete Dye Stadium Course Jan. 22-25 with his sights set higher this time around in the 2026 The American Express.",Taylor's recent history at The American Express | At The American Express | Taylor's recent results | Taylor's recent performances | Taylor's Strokes Gained rankings | Taylor's advanced stats and rankings | Jacob Bridgeman betting profile: The American Express | Zach Johnson betting profile: The American Express | Sami Valimaki betting profile: The American Express | THE TOUR | Partnerships | Quick Links | Shop | Apps,"In Taylor's most recent appearance at The American Express, in 2025, he finished tied for 12th after posting a score of 17-under. | Sepp Straka won this tournament in 2025, finishing at 25-under. | Taylor has finished in the top-20 four times over his last ten appearances. | He had his best finish at the Sony Open in Hawaii, where he finished tied for 13th with a score of 9-under. | Taylor has an average of -0.134 Strokes Gained: Off-the-Tee in his past five tournaments. | He has an average of -0.366 Strokes Gained: Approach the Green in his past five tournaments. | Taylor has averaged -0.408 Strokes Gained: Total in his past five tournaments. | Taylor ranks second on TOUR in Greens in Regulation Percentage at 80.56% and has earned 54 FedExCup Regular Season points, which ranks 13th. | His Strokes Gained: Approach the Green average of 0.977 ranks 11th on TOUR, while his Strokes Gained: Total mark of 1.468 places him 13th. | Taylor's Driving Distance of 301.0 yards ranks 84th on TOUR, and he ranks 25th in Bogey Avoidance at 12.50%. | PGA TOUR","1 Min Read
Nick Taylor of Canada chips on the 18th green during the final round of the Sony Open in Hawaii 2026 at Waialae Country Club on January 18, 2026 in Honolulu, Hawaii. (Cliff Hawkins/Getty Images)
Nick Taylor finished tied for 12th at 17-under in his most recent appearance at The American Express in 2025. He'll tee off at Pete Dye Stadium Course Jan. 22-25 with his sights set higher this time around in the 2026 The American Express.
All stats in this article are accurate for Taylor as of the start of The American Express.
Responsible sports betting starts with a game plan. Set a budget. Keep it social. Play with friends. Learn the game and know the odds. Play with trusted, licensed operators. CLICK HERE to learn more at HaveAGamePlan.org.
Note: Using player performance data from ShotLink powered by CDW, the PGA TOUR has created this story using AWS Gen AI technology. While we strive for accuracy and quality, please note that the information provided may not be entirely error-free.
The American Express
PGA TOUR, PGA TOUR Champions, and the Swinging Golfer design are registered trademarks. The Korn Ferry trademark is also a registered trademark, and is used in the Korn Ferry Tour logo with permission.","1 Min Read

Nick Taylor of Canada chips on the 18th green during the final round of the Sony Open in Hawaii 2026 at Waialae Country Club on January 18, 2026 in Honolulu, Hawaii. (Cliff Hawkins/Getty Images)

Nick Taylor finished tied for 12th at 17-under in his most recent appearance at The American Express in 2025. He'll tee off at Pete Dye Stadium Course Jan. 22-25 with his sights set higher this time around in the 2026 The American Express.

## Taylor's recent history at The American Express

## At The American Express

- In Taylor's most recent appearance at The American Express, in 2025, he finished tied for 12th after posting a score of 17-under.

- Sepp Straka won this tournament in 2025, finishing at 25-under.

## Taylor's recent results

## Taylor's recent performances

- Taylor has finished in the top-20 four times over his last ten appearances.

- He had his best finish at the Sony Open in Hawaii, where he finished tied for 13th with a score of 9-under.

- Taylor has an average of -0.134 Strokes Gained: Off-the-Tee in his past five tournaments.

- He has an average of -0.366 Strokes Gained: Approach the Green in his past five tournaments.

- Taylor has averaged -0.408 Strokes Gained: Total in his past five tournaments.

## Taylor's Strokes Gained rankings

## Taylor's advanced stats and rankings

- Taylor ranks second on TOUR in Greens in Regulation Percentage at 80.56% and has earned 54 FedExCup Regular Season points, which ranks 13th.

- His Strokes Gained: Approach the Green average of 0.977 ranks 11th on TOUR, while his Strokes Gained: Total mark of 1.468 places him 13th.

- Taylor's Driving Distance of 301.0 yards ranks 84th on TOUR, and he ranks 25th in Bogey Avoidance at 12.50%.

All stats in this article are accurate for Taylor as of the start of The American Express.

Responsible sports betting starts with a game plan. Set a budget. Keep it social. Play with friends. Learn the game and know the odds. Play with trusted, licensed operators. CLICK HERE to learn more at HaveAGamePlan.org.

Note: Using player performance data from ShotLink powered by CDW, the PGA TOUR has created this story using AWS Gen AI technology. While we strive for accuracy and quality, please note that the information provided may not be entirely error-free.

The American Express

- PGA TOUR

PGA TOUR, PGA TOUR Champions, and the Swinging Golfer design are registered trademarks. The Korn Ferry trademark is also a registered trademark, and is used in the Korn Ferry Tour logo with permission."
Patrick Cantlay betting profile: The American Express,Patrick Cantlay betting profile: The American Express - PGA TOUR,Patrick Cantlay finished tied for fifth at 20-under the last time he played in this tournament. He'll tee off at Pete Dye Stadium Course Jan. 22-25 with his sig,,,the-american-express,https://www.pgatour.com/article/news/betting-profile/2026/the-american-express/patrick-cantlay-pga-tour-betting-stats-the-american-express-2026,"1 Min Read Patrick Cantlay of Team United States plays his shot from the first tee during the Sunday singles matches of the 2025 Ryder Cup at Black Course at Bethpage State Park Golf Course on September 28, 2025 in Farmingdale, New York. (Andrew Redington/Getty Images) Patrick Cantlay finished tied for fifth at 20-under the last time he played in this tournament. He'll tee off at Pete Dye Stadium Course Jan. 22-25 with his sights set higher this time around in the 2026 The American Express.",Cantlay's recent history at The American Express | At The American Express | Cantlay's recent results | Cantlay's recent performances | Cantlay's Strokes Gained rankings | Cantlay's advanced stats and rankings | Jacob Bridgeman betting profile: The American Express | Zach Johnson betting profile: The American Express | Sami Valimaki betting profile: The American Express | THE TOUR | Partnerships | Quick Links | Shop | Apps,"In Cantlay's most recent appearance at The American Express, in 2025, he finished tied for fifth after posting a score of 20-under. | Cantlay's best finish at this event came in 2021, when he finished second at 22-under. | Sepp Straka won this tournament in 2025, finishing at 25-under. | Cantlay has finished in the top five once and in the top 10 twice over his last ten appearances. | Cantlay has an average of 0.175 Strokes Gained: Off-the-Tee in his past five tournaments. | He has an average of 0.408 Strokes Gained: Approach the Green in his past five tournaments. | Cantlay has an average of -0.135 Strokes Gained: Around-the-Green in his past five tournaments. | He has an average of 0.310 Strokes Gained: Putting in his past five tournaments. | Cantlay has averaged 0.758 Strokes Gained: Total in his past five tournaments. | In his past five tournaments, Cantlay posted a Strokes Gained: Off-the-Tee average of 0.175. | In terms of Strokes Gained: Approach the Green in his past five tournaments, Cantlay sported a 0.408 mark. | On the greens, Cantlay delivered a 0.310 Strokes Gained: Putting mark in his past five tournaments. His around-the-green performance averaged -0.135 strokes gained. | PGA TOUR","1 Min Read
Patrick Cantlay of Team United States plays his shot from the first tee during the Sunday singles matches of the 2025 Ryder Cup at Black Course at Bethpage State Park Golf Course on September 28, 2025 in Farmingdale, New York. (Andrew Redington/Getty Images)
Patrick Cantlay finished tied for fifth at 20-under the last time he played in this tournament. He'll tee off at Pete Dye Stadium Course Jan. 22-25 with his sights set higher this time around in the 2026 The American Express.
All stats in this article are accurate for Cantlay as of the start of The American Express.
Responsible sports betting starts with a game plan. Set a budget. Keep it social. Play with friends. Learn the game and know the odds. Play with trusted, licensed operators. CLICK HERE to learn more at HaveAGamePlan.org.
Note: Using player performance data from ShotLink powered by CDW, the PGA TOUR has created this story using AWS Gen AI technology. While we strive for accuracy and quality, please note that the information provided may not be entirely error-free.
The American Express
PGA TOUR, PGA TOUR Champions, and the Swinging Golfer design are registered trademarks. The Korn Ferry trademark is also a registered trademark, and is used in the Korn Ferry Tour logo with permission.","1 Min Read

Patrick Cantlay of Team United States plays his shot from the first tee during the Sunday singles matches of the 2025 Ryder Cup at Black Course at Bethpage State Park Golf Course on September 28, 2025 in Farmingdale, New York. (Andrew Redington/Getty Images)

Patrick Cantlay finished tied for fifth at 20-under the last time he played in this tournament. He'll tee off at Pete Dye Stadium Course Jan. 22-25 with his sights set higher this time around in the 2026 The American Express.

## Cantlay's recent history at The American Express

## At The American Express

- In Cantlay's most recent appearance at The American Express, in 2025, he finished tied for fifth after posting a score of 20-under.

- Cantlay's best finish at this event came in 2021, when he finished second at 22-under.

- Sepp Straka won this tournament in 2025, finishing at 25-under.

## Cantlay's recent results

## Cantlay's recent performances

- Cantlay has finished in the top five once and in the top 10 twice over his last ten appearances.

- Cantlay has an average of 0.175 Strokes Gained: Off-the-Tee in his past five tournaments.

- He has an average of 0.408 Strokes Gained: Approach the Green in his past five tournaments.

- Cantlay has an average of -0.135 Strokes Gained: Around-the-Green in his past five tournaments.

- He has an average of 0.310 Strokes Gained: Putting in his past five tournaments.

- Cantlay has averaged 0.758 Strokes Gained: Total in his past five tournaments.

## Cantlay's Strokes Gained rankings

## Cantlay's advanced stats and rankings

- In his past five tournaments, Cantlay posted a Strokes Gained: Off-the-Tee average of 0.175.

- In terms of Strokes Gained: Approach the Green in his past five tournaments, Cantlay sported a 0.408 mark.

- On the greens, Cantlay delivered a 0.310 Strokes Gained: Putting mark in his past five tournaments. His around-the-green performance averaged -0.135 strokes gained.

All stats in this article are accurate for Cantlay as of the start of The American Express.

Responsible sports betting starts with a game plan. Set a budget. Keep it social. Play with friends. Learn the game and know the odds. Play with trusted, licensed operators. CLICK HERE to learn more at HaveAGamePlan.org.

Note: Using player performance data from ShotLink powered by CDW, the PGA TOUR has created this story using AWS Gen AI technology. While we strive for accuracy and quality, please note that the information provided may not be entirely error-free.

The American Express

- PGA TOUR

PGA TOUR, PGA TOUR Champions, and the Swinging Golfer design are registered trademarks. The Korn Ferry trademark is also a registered trademark, and is used in the Korn Ferry Tour logo with permission."
Stephan Jaeger betting profile: The American Express,Stephan Jaeger betting profile: The American Express - PGA TOUR,Stephan Jaeger finished tied for 52nd at 15-under in his most recent appearance at The American Express in 2024. He'll tee off at Pete Dye Stadium Course Jan. 2,,,the-american-express,https://www.pgatour.com/article/news/betting-profile/2026/the-american-express/stephan-jaeger-pga-tour-betting-stats-the-american-express-2026,"1 Min Read Stephan Jaeger of Germany plays his shot from the fourth tee during the third round of the Bank of Utah Championship 2025 at Black Desert Resort on October 25, 2025 in St George, Utah. (Justin Edmonds/Getty Images) Stephan Jaeger finished tied for 52nd at 15-under in his most recent appearance at The American Express in 2024. He'll tee off at Pete Dye Stadium Course Jan. 22-25 with hopes of improving upon his recent performances at this California tournament.",Jaeger's recent history at The American Express | At The American Express | Jaeger's recent results | Jaeger's recent performances | Jaeger's Strokes Gained rankings | Jaeger's advanced stats and rankings | Jacob Bridgeman betting profile: The American Express | Zach Johnson betting profile: The American Express | Sami Valimaki betting profile: The American Express | THE TOUR | Partnerships | Quick Links | Shop | Apps,"In Jaeger's most recent appearance at The American Express, in 2024, he finished tied for 52nd after posting a score of 15-under. | His best finish at this event came in 2023, when he finished tied for 36th at 16-under. | Sepp Straka won this tournament in 2025, finishing at 25-under. | Jaeger has finished in the top 20 once over his last ten appearances. | He had his best finish at the Bank of Utah Championship, where he finished tied for 11th with a score of 14-under. | Jaeger has an average of -0.680 Strokes Gained: Off-the-Tee in his past five tournaments. | He has an average of 0.038 Strokes Gained: Approach the Green in his past five tournaments. | Jaeger has averaged 0.456 Strokes Gained: Total in his past five tournaments. | Jaeger posted a Strokes Gained: Off-the-Tee average of -0.680 in his past five tournaments, while his Strokes Gained: Around-the-Green averaged 0.797. | In terms of Strokes Gained: Approach the Green in his past five starts, Jaeger sported a 0.038 mark. | On the greens, Jaeger delivered a 0.302 Strokes Gained: Putting mark in his past five tournaments. | PGA TOUR","1 Min Read
Stephan Jaeger of Germany plays his shot from the fourth tee during the third round of the Bank of Utah Championship 2025 at Black Desert Resort on October 25, 2025 in St George, Utah. (Justin Edmonds/Getty Images)
Stephan Jaeger finished tied for 52nd at 15-under in his most recent appearance at The American Express in 2024. He'll tee off at Pete Dye Stadium Course Jan. 22-25 with hopes of improving upon his recent performances at this California tournament.
All stats in this article are accurate for Jaeger as of the start of The American Express.
Responsible sports betting starts with a game plan. Set a budget. Keep it social. Play with friends. Learn the game and know the odds. Play with trusted, licensed operators. CLICK HERE to learn more at HaveAGamePlan.org.
Note: Using player performance data from ShotLink powered by CDW, the PGA TOUR has created this story using AWS Gen AI technology. While we strive for accuracy and quality, please note that the information provided may not be entirely error-free.
The American Express
PGA TOUR, PGA TOUR Champions, and the Swinging Golfer design are registered trademarks. The Korn Ferry trademark is also a registered trademark, and is used in the Korn Ferry Tour logo with permission.","1 Min Read

Stephan Jaeger of Germany plays his shot from the fourth tee during the third round of the Bank of Utah Championship 2025 at Black Desert Resort on October 25, 2025 in St George, Utah. (Justin Edmonds/Getty Images)

Stephan Jaeger finished tied for 52nd at 15-under in his most recent appearance at The American Express in 2024. He'll tee off at Pete Dye Stadium Course Jan. 22-25 with hopes of improving upon his recent performances at this California tournament.

## Jaeger's recent history at The American Express

## At The American Express

- In Jaeger's most recent appearance at The American Express, in 2024, he finished tied for 52nd after posting a score of 15-under.

- His best finish at this event came in 2023, when he finished tied for 36th at 16-under.

- Sepp Straka won this tournament in 2025, finishing at 25-under.

## Jaeger's recent results

## Jaeger's recent performances

- Jaeger has finished in the top 20 once over his last ten appearances.

- He had his best finish at the Bank of Utah Championship, where he finished tied for 11th with a score of 14-under.

- Jaeger has an average of -0.680 Strokes Gained: Off-the-Tee in his past five tournaments.

- He has an average of 0.038 Strokes Gained: Approach the Green in his past five tournaments.

- Jaeger has averaged 0.456 Strokes Gained: Total in his past five tournaments.

## Jaeger's Strokes Gained rankings

## Jaeger's advanced stats and rankings

- Jaeger posted a Strokes Gained: Off-the-Tee average of -0.680 in his past five tournaments, while his Strokes Gained: Around-the-Green averaged 0.797.

- In terms of Strokes Gained: Approach the Green in his past five starts, Jaeger sported a 0.038 mark.

- On the greens, Jaeger delivered a 0.302 Strokes Gained: Putting mark in his past five tournaments.

All stats in this article are accurate for Jaeger as of the start of The American Express.

Responsible sports betting starts with a game plan. Set a budget. Keep it social. Play with friends. Learn the game and know the odds. Play with trusted, licensed operators. CLICK HERE to learn more at HaveAGamePlan.org.

Note: Using player performance data from ShotLink powered by CDW, the PGA TOUR has created this story using AWS Gen AI technology. While we strive for accuracy and quality, please note that the information provided may not be entirely error-free.

The American Express

- PGA TOUR

PGA TOUR, PGA TOUR Champions, and the Swinging Golfer design are registered trademarks. The Korn Ferry trademark is also a registered trademark, and is used in the Korn Ferry Tour logo with permission."
Sepp Straka betting profile: The American Express,Sepp Straka betting profile: The American Express - PGA TOUR,"Sepp Straka won The American Express in 2025, shooting 25-under at Pete Dye Stadium Course. He'll return to La Quinta, California Jan. 22-25 looking to defend h",,,the-american-express,https://www.pgatour.com/article/news/betting-profile/2026/the-american-express/sepp-straka-pga-tour-betting-stats-the-american-express-2026,"1 Min Read Sepp Straka of Austria plays his tee shot on the 13th hole during the final round of the Hero World Challenge 2025 at Albany Golf Course on December 07, 2025 in Nassau, Bahamas. (David Cannon/Getty Images) Sepp Straka won The American Express in 2025, shooting 25-under at Pete Dye Stadium Course. He'll return to La Quinta, California Jan. 22-25 looking to defend his title at the 2026 American Express.",Straka's recent history at The American Express | At The American Express | Straka's recent results | Straka's recent performances | Straka's Strokes Gained rankings | Straka's advanced stats and rankings | Scottie Scheffler betting profile: The American Express | Harris English betting profile: The American Express | Sam Ryder betting profile: The American Express | THE TOUR | Partnerships | Quick Links | Shop | Apps,"Straka won this tournament in 2025, finishing at 25-under. | Straka has finished in the top 20 five times over his last ten appearances. | Straka has finished in the top 10 three times over his last ten appearances. | Straka has finished in the top five twice over his last ten appearances. | He had his best finish at the Truist Championship, where he won with a score of 16-under. | Straka has an average of 0.036 Strokes Gained: Off-the-Tee in his past five tournaments. | He has an average of -0.190 Strokes Gained: Approach the Green in his past five tournaments. | Straka has an average of 0.156 Strokes Gained: Around-the-Green in his past five tournaments. | He has an average of 0.339 Strokes Gained: Putting in his past five tournaments. | Straka has averaged 0.341 Strokes Gained: Total in his past five tournaments. | Straka posted a 0.036 Strokes Gained: Off-the-Tee average in his past five tournaments. | In terms of Strokes Gained: Approach the Green, Straka recorded a -0.190 mark in his past five tournaments. | Around the green, Straka delivered a 0.156 Strokes Gained: Around-the-Green average in his past five tournaments. | On the greens, Straka posted a 0.339 Strokes Gained: Putting mark in his past five tournaments. | PGA TOUR","1 Min Read
Sepp Straka of Austria plays his tee shot on the 13th hole during the final round of the Hero World Challenge 2025 at Albany Golf Course on December 07, 2025 in Nassau, Bahamas. (David Cannon/Getty Images)
Sepp Straka won The American Express in 2025, shooting 25-under at Pete Dye Stadium Course. He'll return to La Quinta, California Jan. 22-25 looking to defend his title at the 2026 American Express.
All stats in this article are accurate for Straka as of the start of The American Express.
Responsible sports betting starts with a game plan. Set a budget. Keep it social. Play with friends. Learn the game and know the odds. Play with trusted, licensed operators. CLICK HERE to learn more at HaveAGamePlan.org.
Note: Using player performance data from ShotLink powered by CDW, the PGA TOUR has created this story using AWS Gen AI technology. While we strive for accuracy and quality, please note that the information provided may not be entirely error-free.
The American Express
PGA TOUR, PGA TOUR Champions, and the Swinging Golfer design are registered trademarks. The Korn Ferry trademark is also a registered trademark, and is used in the Korn Ferry Tour logo with permission.","1 Min Read

Sepp Straka of Austria plays his tee shot on the 13th hole during the final round of the Hero World Challenge 2025 at Albany Golf Course on December 07, 2025 in Nassau, Bahamas. (David Cannon/Getty Images)

Sepp Straka won The American Express in 2025, shooting 25-under at Pete Dye Stadium Course. He'll return to La Quinta, California Jan. 22-25 looking to defend his title at the 2026 American Express.

## Straka's recent history at The American Express

## At The American Express

- Straka won this tournament in 2025, finishing at 25-under.

## Straka's recent results

## Straka's recent performances

- Straka has finished in the top 20 five times over his last ten appearances.

- Straka has finished in the top 10 three times over his last ten appearances.

- Straka has finished in the top five twice over his last ten appearances.

- He had his best finish at the Truist Championship, where he won with a score of 16-under.

- Straka has an average of 0.036 Strokes Gained: Off-the-Tee in his past five tournaments.

- He has an average of -0.190 Strokes Gained: Approach the Green in his past five tournaments.

- Straka has an average of 0.156 Strokes Gained: Around-the-Green in his past five tournaments.

- He has an average of 0.339 Strokes Gained: Putting in his past five tournaments.

- Straka has averaged 0.341 Strokes Gained: Total in his past five tournaments.

## Straka's Strokes Gained rankings

## Straka's advanced stats and rankings

- Straka posted a 0.036 Strokes Gained: Off-the-Tee average in his past five tournaments.

- In terms of Strokes Gained: Approach the Green, Straka recorded a -0.190 mark in his past five tournaments.

- Around the green, Straka delivered a 0.156 Strokes Gained: Around-the-Green average in his past five tournaments.

- On the greens, Straka posted a 0.339 Strokes Gained: Putting mark in his past five tournaments.

All stats in this article are accurate for Straka as of the start of The American Express.

Responsible sports betting starts with a game plan. Set a budget. Keep it social. Play with friends. Learn the game and know the odds. Play with trusted, licensed operators. CLICK HERE to learn more at HaveAGamePlan.org.

Note: Using player performance data from ShotLink powered by CDW, the PGA TOUR has created this story using AWS Gen AI technology. While we strive for accuracy and quality, please note that the information provided may not be entirely error-free.

The American Express

- PGA TOUR

PGA TOUR, PGA TOUR Champions, and the Swinging Golfer design are registered trademarks. The Korn Ferry trademark is also a registered trademark, and is used in the Korn Ferry Tour logo with permission."
Max Homa betting profile: The American Express,Max Homa betting profile: The American Express - PGA TOUR,Max Homa finished tied for 21st at 11-under in his last appearance at The American Express in 2021. He'll tee off at Pete Dye Stadium Course Jan. 22-25 with his,,,the-american-express,https://www.pgatour.com/article/news/betting-profile/2026/the-american-express/max-homa-pga-tour-betting-stats-the-american-express-2026,"1 Min Read Max Homa of the United States lines up a putt on the seventh green during the final round of the Bank of Utah Championship 2025 at Black Desert Resort on October 26, 2025 in St George, Utah. (Mike Mulholland/Getty Images) Max Homa finished tied for 21st at 11-under in his last appearance at The American Express in 2021. He'll tee off at Pete Dye Stadium Course Jan. 22-25 with his sights set higher this time around in the 2026 American Express.",Homa's recent history at The American Express | At The American Express | Homa's recent results | Homa's recent performances | Homa's Strokes Gained rankings | Homa's advanced stats and rankings | Scottie Scheffler betting profile: The American Express | Harris English betting profile: The American Express | Sam Ryder betting profile: The American Express | THE TOUR | Partnerships | Quick Links | Shop | Apps,"In Homa's most recent appearance at The American Express, in 2021, he finished tied for 21st after posting a score of 11-under. | Sepp Straka won this tournament in 2025, finishing at 25-under. | Homa has finished in the top five once and in the top ten twice over his last ten appearances. | He had his best finish at the John Deere Classic, where he finished tied for fifth with a score of 16-under. | Homa has an average of -0.044 Strokes Gained: Off-the-Tee in his past five tournaments. | He has an average of 0.670 Strokes Gained: Approach the Green in his past five tournaments. | He has an average of 0.053 Strokes Gained: Around-the-Green in his past five tournaments. | Homa has an average of 0.248 Strokes Gained: Putting in his past five tournaments. | He has averaged 0.928 Strokes Gained: Total in his past five tournaments. | Homa averaged -0.044 Strokes Gained: Off-the-Tee in his past five tournaments, indicating slight difficulty with his driving performance. | His Strokes Gained: Approach the Green average of 0.670 in his past five starts shows strong iron play and approach shot accuracy. | Around the greens, Homa posted a 0.053 average in his past five tournaments, demonstrating solid short game performance. | Homa's putting has been a strength recently, with an average of 0.248 Strokes Gained: Putting over his past five starts. | PGA TOUR","1 Min Read
Max Homa of the United States lines up a putt on the seventh green during the final round of the Bank of Utah Championship 2025 at Black Desert Resort on October 26, 2025 in St George, Utah. (Mike Mulholland/Getty Images)
Max Homa finished tied for 21st at 11-under in his last appearance at The American Express in 2021. He'll tee off at Pete Dye Stadium Course Jan. 22-25 with his sights set higher this time around in the 2026 American Express.
All stats in this article are accurate for Homa as of the start of The American Express.
Responsible sports betting starts with a game plan. Set a budget. Keep it social. Play with friends. Learn the game and know the odds. Play with trusted, licensed operators. CLICK HERE to learn more at HaveAGamePlan.org.
Note: Using player performance data from ShotLink powered by CDW, the PGA TOUR has created this story using AWS Gen AI technology. While we strive for accuracy and quality, please note that the information provided may not be entirely error-free.
The American Express
PGA TOUR, PGA TOUR Champions, and the Swinging Golfer design are registered trademarks. The Korn Ferry trademark is also a registered trademark, and is used in the Korn Ferry Tour logo with permission.","1 Min Read

Max Homa of the United States lines up a putt on the seventh green during the final round of the Bank of Utah Championship 2025 at Black Desert Resort on October 26, 2025 in St George, Utah. (Mike Mulholland/Getty Images)

Max Homa finished tied for 21st at 11-under in his last appearance at The American Express in 2021. He'll tee off at Pete Dye Stadium Course Jan. 22-25 with his sights set higher this time around in the 2026 American Express.

## Homa's recent history at The American Express

## At The American Express

- In Homa's most recent appearance at The American Express, in 2021, he finished tied for 21st after posting a score of 11-under.

- Sepp Straka won this tournament in 2025, finishing at 25-under.

## Homa's recent results

## Homa's recent performances

- Homa has finished in the top five once and in the top ten twice over his last ten appearances.

- He had his best finish at the John Deere Classic, where he finished tied for fifth with a score of 16-under.

- Homa has an average of -0.044 Strokes Gained: Off-the-Tee in his past five tournaments.

- He has an average of 0.670 Strokes Gained: Approach the Green in his past five tournaments.

- He has an average of 0.053 Strokes Gained: Around-the-Green in his past five tournaments.

- Homa has an average of 0.248 Strokes Gained: Putting in his past five tournaments.

- He has averaged 0.928 Strokes Gained: Total in his past five tournaments.

## Homa's Strokes Gained rankings

## Homa's advanced stats and rankings

- Homa averaged -0.044 Strokes Gained: Off-the-Tee in his past five tournaments, indicating slight difficulty with his driving performance.

- His Strokes Gained: Approach the Green average of 0.670 in his past five starts shows strong iron play and approach shot accuracy.

- Around the greens, Homa posted a 0.053 average in his past five tournaments, demonstrating solid short game performance.

- Homa's putting has been a strength recently, with an average of 0.248 Strokes Gained: Putting over his past five starts.

All stats in this article are accurate for Homa as of the start of The American Express.

Responsible sports betting starts with a game plan. Set a budget. Keep it social. Play with friends. Learn the game and know the odds. Play with trusted, licensed operators. CLICK HERE to learn more at HaveAGamePlan.org.

Note: Using player performance data from ShotLink powered by CDW, the PGA TOUR has created this story using AWS Gen AI technology. While we strive for accuracy and quality, please note that the information provided may not be entirely error-free.

The American Express

- PGA TOUR

PGA TOUR, PGA TOUR Champions, and the Swinging Golfer design are registered trademarks. The Korn Ferry trademark is also a registered trademark, and is used in the Korn Ferry Tour logo with permission."
Brian Campbell betting profile: The American Express,Brian Campbell betting profile: The American Express - PGA TOUR,Brian Campbell finished tied for 51st at 11-under at last year's American Express. He'll tee off at Pete Dye Stadium Course Jan. 22-25 with his sights set highe,,,the-american-express,https://www.pgatour.com/article/news/betting-profile/2026/the-american-express/brian-campbell-pga-tour-betting-stats-the-american-express-2026,"1 Min Read Brian Campbell of the United States plays his shot from the second tee during the second round of the Sony Open in Hawaii 2026 at Waialae Country Club on January 16, 2026 in Honolulu, Hawaii. (Cliff Hawkins/Getty Images) Brian Campbell finished tied for 51st at 11-under at last year's American Express. He'll tee off at Pete Dye Stadium Course Jan. 22-25 with his sights set higher this time around in the 2026 American Express.",Campbell's recent history at The American Express | At The American Express | Campbell's recent results | Campbell's recent performances | Campbell's Strokes Gained rankings | Campbell's advanced stats and rankings | Scottie Scheffler betting profile: The American Express | Harris English betting profile: The American Express | Sam Ryder betting profile: The American Express | THE TOUR | Partnerships | Quick Links | Shop | Apps,"In Campbell's most recent appearance at The American Express, in 2025, he finished tied for 51st after posting a score of 11-under. | Sepp Straka won this tournament in 2025, finishing at 25-under. | Campbell has finished in the top twenty twice over his last ten appearances. | Campbell has one victory over his last ten appearances. | He had his best finish at the John Deere Classic, where he finished first with a score of 18-under. | Campbell has an average of -0.697 Strokes Gained: Off-the-Tee in his past five tournaments. | He has an average of -0.703 Strokes Gained: Approach the Green in his past five tournaments. | Campbell has averaged -1.853 Strokes Gained: Total in his past five tournaments. | Campbell posted a Strokes Gained: Off-the-Tee average of -0.722 (99th) this season, while his average Driving Distance of 284.5 yards ranked 117th on TOUR. | In terms of Strokes Gained: Approach the Green this season, Campbell sported a -0.703 mark that ranked 92nd on TOUR. He ranked 109th with a 55.56% Greens in Regulation rate. | Campbell's Strokes Gained: Around-the-Green average of 0.649 ranked 14th on TOUR this season. | On the greens, Campbell delivered a -0.316 Strokes Gained: Putting mark this season, which placed him 71st on TOUR. In addition, he ranked ninth with a Putts Per Round average of 28.00, and he ranked 96th by breaking par 13.89% of the time. | PGA TOUR","1 Min Read
Brian Campbell of the United States plays his shot from the second tee during the second round of the Sony Open in Hawaii 2026 at Waialae Country Club on January 16, 2026 in Honolulu, Hawaii. (Cliff Hawkins/Getty Images)
Brian Campbell finished tied for 51st at 11-under at last year's American Express. He'll tee off at Pete Dye Stadium Course Jan. 22-25 with his sights set higher this time around in the 2026 American Express.
All stats in this article are accurate for Campbell as of the start of The American Express.
Responsible sports betting starts with a game plan. Set a budget. Keep it social. Play with friends. Learn the game and know the odds. Play with trusted, licensed operators. CLICK HERE to learn more at HaveAGamePlan.org.
Note: Using player performance data from ShotLink powered by CDW, the PGA TOUR has created this story using AWS Gen AI technology. While we strive for accuracy and quality, please note that the information provided may not be entirely error-free.
The American Express
PGA TOUR, PGA TOUR Champions, and the Swinging Golfer design are registered trademarks. The Korn Ferry trademark is also a registered trademark, and is used in the Korn Ferry Tour logo with permission.","1 Min Read

Brian Campbell of the United States plays his shot from the second tee during the second round of the Sony Open in Hawaii 2026 at Waialae Country Club on January 16, 2026 in Honolulu, Hawaii. (Cliff Hawkins/Getty Images)

Brian Campbell finished tied for 51st at 11-under at last year's American Express. He'll tee off at Pete Dye Stadium Course Jan. 22-25 with his sights set higher this time around in the 2026 American Express.

## Campbell's recent history at The American Express

## At The American Express

- In Campbell's most recent appearance at The American Express, in 2025, he finished tied for 51st after posting a score of 11-under.

- Sepp Straka won this tournament in 2025, finishing at 25-under.

## Campbell's recent results

## Campbell's recent performances

- Campbell has finished in the top twenty twice over his last ten appearances.

- Campbell has one victory over his last ten appearances.

- He had his best finish at the John Deere Classic, where he finished first with a score of 18-under.

- Campbell has an average of -0.697 Strokes Gained: Off-the-Tee in his past five tournaments.

- He has an average of -0.703 Strokes Gained: Approach the Green in his past five tournaments.

- Campbell has averaged -1.853 Strokes Gained: Total in his past five tournaments.

## Campbell's Strokes Gained rankings

## Campbell's advanced stats and rankings

- Campbell posted a Strokes Gained: Off-the-Tee average of -0.722 (99th) this season, while his average Driving Distance of 284.5 yards ranked 117th on TOUR.

- In terms of Strokes Gained: Approach the Green this season, Campbell sported a -0.703 mark that ranked 92nd on TOUR. He ranked 109th with a 55.56% Greens in Regulation rate.

- Campbell's Strokes Gained: Around-the-Green average of 0.649 ranked 14th on TOUR this season.

- On the greens, Campbell delivered a -0.316 Strokes Gained: Putting mark this season, which placed him 71st on TOUR. In addition, he ranked ninth with a Putts Per Round average of 28.00, and he ranked 96th by breaking par 13.89% of the time.

All stats in this article are accurate for Campbell as of the start of The American Express.

Responsible sports betting starts with a game plan. Set a budget. Keep it social. Play with friends. Learn the game and know the odds. Play with trusted, licensed operators. CLICK HERE to learn more at HaveAGamePlan.org.

Note: Using player performance data from ShotLink powered by CDW, the PGA TOUR has created this story using AWS Gen AI technology. While we strive for accuracy and quality, please note that the information provided may not be entirely error-free.

The American Express

- PGA TOUR

PGA TOUR, PGA TOUR Champions, and the Swinging Golfer design are registered trademarks. The Korn Ferry trademark is also a registered trademark, and is used in the Korn Ferry Tour logo with permission."
Taylor Pendrith betting profile: The American Express,Taylor Pendrith betting profile: The American Express - PGA TOUR,"Taylor Pendrith returns to The American Express, set to tee off at Pete Dye Stadium Course from Jan. 22-25, 2026. Pendrith looks to make his first cut at this e",,,the-american-express,https://www.pgatour.com/article/news/betting-profile/2026/the-american-express/taylor-pendrith-pga-tour-betting-stats-the-american-express-2026,"1 Min Read Taylor Pendrith of Canada plays his shot from the first tee during the final round of the Sony Open in Hawaii 2026 at Waialae Country Club on January 18, 2026 in Honolulu, Hawaii. (Cliff Hawkins/Getty Images) Taylor Pendrith returns to The American Express, set to tee off at Pete Dye Stadium Course from Jan. 22-25, 2026. Pendrith looks to make his first cut at this event after missing the cut in his three previous appearances.",Pendrith's recent history at The American Express | At The American Express | Pendrith's recent results | Pendrith's recent performances | Pendrith's Strokes Gained rankings | Pendrith's advanced stats and rankings | Scottie Scheffler betting profile: The American Express | Harris English betting profile: The American Express | Sam Ryder betting profile: The American Express | THE TOUR | Partnerships | Quick Links | Shop | Apps,"In Pendrith's most recent appearance at The American Express, in 2024, he missed the cut after posting a score of 4-under. | Pendrith has missed the cut in all three of his appearances at this event over the past five years. | Sepp Straka won this tournament in 2025, finishing at 25-under. | Pendrith has finished in the top 20 four times over his last ten appearances. | He had his best finish at the Sony Open in Hawaii, where he finished tied for sixth with a score of 11-under. | Pendrith has an average of 0.376 Strokes Gained: Off-the-Tee in his past five tournaments. | He has an average of -0.222 Strokes Gained: Approach the Green in his past five tournaments. | He has an average of 0.170 Strokes Gained: Around-the-Green in his past five tournaments. | Pendrith has averaged 0.587 Strokes Gained: Total in his past five tournaments. | Pendrith posted a Strokes Gained: Off-the-Tee average of 0.257 (42nd) this season, while his average Driving Distance of 324.8 yards ranks fifth on TOUR. | In terms of Strokes Gained: Approach the Green this season, Pendrith sports a 0.140 mark that ranks 48th on TOUR. He ranks 60th with a 68.06% Greens in Regulation rate. | Pendrith ranks 10th in Strokes Gained: Around-the-Green with a 0.775 average this season. | On the greens, Pendrith delivered a 0.795 Strokes Gained: Putting mark this season, which places him 21st on TOUR. In addition, he ranks sixth with a Putts Per Round average of 27.75, and he ranks 10th by breaking par 26.39% of the time. | Pendrith ranks sixth with 86 FedExCup Regular Season points and eighth in Bogey Avoidance at 9.72%. | PGA TOUR","1 Min Read
Taylor Pendrith of Canada plays his shot from the first tee during the final round of the Sony Open in Hawaii 2026 at Waialae Country Club on January 18, 2026 in Honolulu, Hawaii. (Cliff Hawkins/Getty Images)
Taylor Pendrith returns to The American Express, set to tee off at Pete Dye Stadium Course from Jan. 22-25, 2026. Pendrith looks to make his first cut at this event after missing the cut in his three previous appearances.
All stats in this article are accurate for Pendrith as of the start of The American Express.
Responsible sports betting starts with a game plan. Set a budget. Keep it social. Play with friends. Learn the game and know the odds. Play with trusted, licensed operators. CLICK HERE to learn more at HaveAGamePlan.org.
Note: Using player performance data from ShotLink powered by CDW, the PGA TOUR has created this story using AWS Gen AI technology. While we strive for accuracy and quality, please note that the information provided may not be entirely error-free.
The American Express
PGA TOUR, PGA TOUR Champions, and the Swinging Golfer design are registered trademarks. The Korn Ferry trademark is also a registered trademark, and is used in the Korn Ferry Tour logo with permission.","1 Min Read

Taylor Pendrith of Canada plays his shot from the first tee during the final round of the Sony Open in Hawaii 2026 at Waialae Country Club on January 18, 2026 in Honolulu, Hawaii. (Cliff Hawkins/Getty Images)

Taylor Pendrith returns to The American Express, set to tee off at Pete Dye Stadium Course from Jan. 22-25, 2026. Pendrith looks to make his first cut at this event after missing the cut in his three previous appearances.

## Pendrith's recent history at The American Express

## At The American Express

- In Pendrith's most recent appearance at The American Express, in 2024, he missed the cut after posting a score of 4-under.

- Pendrith has missed the cut in all three of his appearances at this event over the past five years.

- Sepp Straka won this tournament in 2025, finishing at 25-under.

## Pendrith's recent results

## Pendrith's recent performances

- Pendrith has finished in the top 20 four times over his last ten appearances.

- He had his best finish at the Sony Open in Hawaii, where he finished tied for sixth with a score of 11-under.

- Pendrith has an average of 0.376 Strokes Gained: Off-the-Tee in his past five tournaments.

- He has an average of -0.222 Strokes Gained: Approach the Green in his past five tournaments.

- He has an average of 0.170 Strokes Gained: Around-the-Green in his past five tournaments.

- Pendrith has averaged 0.587 Strokes Gained: Total in his past five tournaments.

## Pendrith's Strokes Gained rankings

## Pendrith's advanced stats and rankings

- Pendrith posted a Strokes Gained: Off-the-Tee average of 0.257 (42nd) this season, while his average Driving Distance of 324.8 yards ranks fifth on TOUR.

- In terms of Strokes Gained: Approach the Green this season, Pendrith sports a 0.140 mark that ranks 48th on TOUR. He ranks 60th with a 68.06% Greens in Regulation rate.

- Pendrith ranks 10th in Strokes Gained: Around-the-Green with a 0.775 average this season.

- On the greens, Pendrith delivered a 0.795 Strokes Gained: Putting mark this season, which places him 21st on TOUR. In addition, he ranks sixth with a Putts Per Round average of 27.75, and he ranks 10th by breaking par 26.39% of the time.

- Pendrith ranks sixth with 86 FedExCup Regular Season points and eighth in Bogey Avoidance at 9.72%.

All stats in this article are accurate for Pendrith as of the start of The American Express.

Responsible sports betting starts with a game plan. Set a budget. Keep it social. Play with friends. Learn the game and know the odds. Play with trusted, licensed operators. CLICK HERE to learn more at HaveAGamePlan.org.

Note: Using player performance data from ShotLink powered by CDW, the PGA TOUR has created this story using AWS Gen AI technology. While we strive for accuracy and quality, please note that the information provided may not be entirely error-free.

The American Express

- PGA TOUR

PGA TOUR, PGA TOUR Champions, and the Swinging Golfer design are registered trademarks. The Korn Ferry trademark is also a registered trademark, and is used in the Korn Ferry Tour logo with permission."
Sam Burns betting profile: The American Express,Sam Burns betting profile: The American Express - PGA TOUR,Sam Burns finished tied for 29th at 14-under in his most recent appearance at The American Express. He'll tee off at Pete Dye Stadium Course Jan. 22-25 with his,,,the-american-express,https://www.pgatour.com/article/news/betting-profile/2026/the-american-express/sam-burns-pga-tour-betting-stats-the-american-express-2026,"1 Min Read Sam Burns of the United States plays his tee shot on the first hole during the final round of the Hero World Challenge 2025 at Albany Golf Course on December 07, 2025 in Nassau, Bahamas. (David Cannon/Getty Images) Sam Burns finished tied for 29th at 14-under in his most recent appearance at The American Express. He'll tee off at Pete Dye Stadium Course Jan. 22-25 with his sights set higher this time around in the 2026 American Express.",Burns's recent history at The American Express | At The American Express | Burns's recent results | Burns's recent performances | Burns's Strokes Gained rankings | Burns's advanced stats and rankings | Jacob Bridgeman betting profile: The American Express | Zach Johnson betting profile: The American Express | Sami Valimaki betting profile: The American Express | THE TOUR | Partnerships | Quick Links | Shop | Apps,"In Burns's most recent appearance at The American Express, in 2025, he finished tied for 29th after posting a score of 14-under. | Burns's best finish at this event came in 2024, when he finished tied for sixth at 25-under. | Sepp Straka won this tournament in 2025, finishing at 25-under. | Burns has finished in the top 20 six times over his last ten appearances. | Burns has finished in the top 10 four times over his last ten appearances. | Burns has finished in the top five twice over his last ten appearances. | He had his best finish at the RBC Canadian Open, where he finished second with a score of 18-under. | Burns has an average of 0.066 Strokes Gained: Off-the-Tee in his past five tournaments. | He has an average of 0.287 Strokes Gained: Approach the Green in his past five tournaments. | Burns has an average of -0.286 Strokes Gained: Around-the-Green in his past five tournaments. | He has an average of 1.151 Strokes Gained: Putting in his past five tournaments. | Burns has averaged 1.217 Strokes Gained: Total in his past five tournaments. | Burns has an average of 0.066 Strokes Gained: Off-the-Tee in his past five tournaments. | In terms of Strokes Gained: Approach the Green, Burns posted a 0.287 mark in his past five tournaments. | Burns has an average of -0.286 Strokes Gained: Around-the-Green in his past five tournaments. | On the greens, Burns delivered a 1.151 Strokes Gained: Putting mark in his past five tournaments. | Burns has averaged 1.217 Strokes Gained: Total in his past five tournaments. | PGA TOUR","1 Min Read
Sam Burns of the United States plays his tee shot on the first hole during the final round of the Hero World Challenge 2025 at Albany Golf Course on December 07, 2025 in Nassau, Bahamas. (David Cannon/Getty Images)
Sam Burns finished tied for 29th at 14-under in his most recent appearance at The American Express. He'll tee off at Pete Dye Stadium Course Jan. 22-25 with his sights set higher this time around in the 2026 American Express.
All stats in this article are accurate for Burns as of the start of The American Express.
Responsible sports betting starts with a game plan. Set a budget. Keep it social. Play with friends. Learn the game and know the odds. Play with trusted, licensed operators. CLICK HERE to learn more at HaveAGamePlan.org.
Note: Using player performance data from ShotLink powered by CDW, the PGA TOUR has created this story using AWS Gen AI technology. While we strive for accuracy and quality, please note that the information provided may not be entirely error-free.
The American Express
PGA TOUR, PGA TOUR Champions, and the Swinging Golfer design are registered trademarks. The Korn Ferry trademark is also a registered trademark, and is used in the Korn Ferry Tour logo with permission.","1 Min Read

Sam Burns of the United States plays his tee shot on the first hole during the final round of the Hero World Challenge 2025 at Albany Golf Course on December 07, 2025 in Nassau, Bahamas. (David Cannon/Getty Images)

Sam Burns finished tied for 29th at 14-under in his most recent appearance at The American Express. He'll tee off at Pete Dye Stadium Course Jan. 22-25 with his sights set higher this time around in the 2026 American Express.

## Burns's recent history at The American Express

## At The American Express

- In Burns's most recent appearance at The American Express, in 2025, he finished tied for 29th after posting a score of 14-under.

- Burns's best finish at this event came in 2024, when he finished tied for sixth at 25-under.

- Sepp Straka won this tournament in 2025, finishing at 25-under.

## Burns's recent results

## Burns's recent performances

- Burns has finished in the top 20 six times over his last ten appearances.

- Burns has finished in the top 10 four times over his last ten appearances.

- Burns has finished in the top five twice over his last ten appearances.

- He had his best finish at the RBC Canadian Open, where he finished second with a score of 18-under.

- Burns has an average of 0.066 Strokes Gained: Off-the-Tee in his past five tournaments.

- He has an average of 0.287 Strokes Gained: Approach the Green in his past five tournaments.

- Burns has an average of -0.286 Strokes Gained: Around-the-Green in his past five tournaments.

- He has an average of 1.151 Strokes Gained: Putting in his past five tournaments.

- Burns has averaged 1.217 Strokes Gained: Total in his past five tournaments.

## Burns's Strokes Gained rankings

## Burns's advanced stats and rankings

- Burns has an average of 0.066 Strokes Gained: Off-the-Tee in his past five tournaments.

- In terms of Strokes Gained: Approach the Green, Burns posted a 0.287 mark in his past five tournaments.

- Burns has an average of -0.286 Strokes Gained: Around-the-Green in his past five tournaments.

- On the greens, Burns delivered a 1.151 Strokes Gained: Putting mark in his past five tournaments.

- Burns has averaged 1.217 Strokes Gained: Total in his past five tournaments.

All stats in this article are accurate for Burns as of the start of The American Express.

Responsible sports betting starts with a game plan. Set a budget. Keep it social. Play with friends. Learn the game and know the odds. Play with trusted, licensed operators. CLICK HERE to learn more at HaveAGamePlan.org.

Note: Using player performance data from ShotLink powered by CDW, the PGA TOUR has created this story using AWS Gen AI technology. While we strive for accuracy and quality, please note that the information provided may not be entirely error-free.

The American Express

- PGA TOUR

PGA TOUR, PGA TOUR Champions, and the Swinging Golfer design are registered trademarks. The Korn Ferry trademark is also a registered trademark, and is used in the Korn Ferry Tour logo with permission."
Ben Griffin betting profile: The American Express,Ben Griffin betting profile: The American Express - PGA TOUR,Ben Griffin finished tied for seventh at 19-under in his most recent appearance at this tournament. He'll tee off at Pete Dye Stadium Course Jan. 22-25 with his,,,the-american-express,https://www.pgatour.com/article/news/betting-profile/2026/the-american-express/ben-griffin-pga-tour-betting-stats-the-american-express-2026,1 Min Read Ben Griffin finished tied for seventh at 19-under in his most recent appearance at this tournament. He'll tee off at Pete Dye Stadium Course Jan. 22-25 with his sights set higher this time around in the 2026 American Express. All stats in this article are accurate for Griffin as of the start of The American Express.,Griffin's recent history at The American Express | At The American Express | Griffin's recent results | Griffin's recent performances | Griffin's Strokes Gained rankings | Griffin's advanced stats and rankings | Scottie Scheffler betting profile: The American Express | Harris English betting profile: The American Express | Sam Ryder betting profile: The American Express | THE TOUR | Partnerships | Quick Links | Shop | Apps,"In Griffin's most recent appearance at The American Express, in 2025, he finished tied for seventh after posting a score of 19-under. | Sepp Straka won this tournament in 2025, finishing at 25-under. | Griffin has finished in the top 10 four times over his last ten appearances. | Griffin has finished in the top 5 twice over his last ten appearances. | He had his best finish at the World Wide Technology Championship, where he finished first with a score of 29-under. | Griffin has an average of -0.084 Strokes Gained: Off-the-Tee in his past five tournaments. | He has an average of 0.608 Strokes Gained: Approach the Green in his past five tournaments. | Griffin has averaged 1.433 Strokes Gained: Total in his past five tournaments. | Griffin posted a Strokes Gained: Off-the-Tee average of 1.005 (sixth) this season, while his average Driving Distance of 303.4 yards ranked 74th on TOUR. | In terms of Strokes Gained: Approach the Green this season, Griffin sported a -0.693 mark that ranked 91st on TOUR. He ranked 32nd with a 72.22% Greens in Regulation rate. | Griffin delivered a fourth-ranked Strokes Gained: Around-the-Green mark of 0.909 this season. | On the greens, Griffin delivered a -0.003 Strokes Gained: Putting mark this season, which placed him 58th on TOUR. In addition, he ranked 40th with a Putts Per Round average of 29.50, and he ranked 37th by breaking par 22.22% of the time. | Griffin has earned 43 FedExCup Regular Season points this season, ranking 19th. | PGA TOUR","1 Min Read
Ben Griffin finished tied for seventh at 19-under in his most recent appearance at this tournament. He'll tee off at Pete Dye Stadium Course Jan. 22-25 with his sights set higher this time around in the 2026 American Express.
All stats in this article are accurate for Griffin as of the start of The American Express.
Responsible sports betting starts with a game plan. Set a budget. Keep it social. Play with friends. Learn the game and know the odds. Play with trusted, licensed operators. CLICK HERE to learn more at HaveAGamePlan.org.
Note: Using player performance data from ShotLink powered by CDW, the PGA TOUR has created this story using AWS Gen AI technology. While we strive for accuracy and quality, please note that the information provided may not be entirely error-free.
The American Express
PGA TOUR, PGA TOUR Champions, and the Swinging Golfer design are registered trademarks. The Korn Ferry trademark is also a registered trademark, and is used in the Korn Ferry Tour logo with permission.","1 Min Read

Ben Griffin finished tied for seventh at 19-under in his most recent appearance at this tournament. He'll tee off at Pete Dye Stadium Course Jan. 22-25 with his sights set higher this time around in the 2026 American Express.

## Griffin's recent history at The American Express

## At The American Express

- In Griffin's most recent appearance at The American Express, in 2025, he finished tied for seventh after posting a score of 19-under.

- Sepp Straka won this tournament in 2025, finishing at 25-under.

## Griffin's recent results

## Griffin's recent performances

- Griffin has finished in the top 10 four times over his last ten appearances.

- Griffin has finished in the top 5 twice over his last ten appearances.

- He had his best finish at the World Wide Technology Championship, where he finished first with a score of 29-under.

- Griffin has an average of -0.084 Strokes Gained: Off-the-Tee in his past five tournaments.

- He has an average of 0.608 Strokes Gained: Approach the Green in his past five tournaments.

- Griffin has averaged 1.433 Strokes Gained: Total in his past five tournaments.

## Griffin's Strokes Gained rankings

## Griffin's advanced stats and rankings

- Griffin posted a Strokes Gained: Off-the-Tee average of 1.005 (sixth) this season, while his average Driving Distance of 303.4 yards ranked 74th on TOUR.

- In terms of Strokes Gained: Approach the Green this season, Griffin sported a -0.693 mark that ranked 91st on TOUR. He ranked 32nd with a 72.22% Greens in Regulation rate.

- Griffin delivered a fourth-ranked Strokes Gained: Around-the-Green mark of 0.909 this season.

- On the greens, Griffin delivered a -0.003 Strokes Gained: Putting mark this season, which placed him 58th on TOUR. In addition, he ranked 40th with a Putts Per Round average of 29.50, and he ranked 37th by breaking par 22.22% of the time.

- Griffin has earned 43 FedExCup Regular Season points this season, ranking 19th.

All stats in this article are accurate for Griffin as of the start of The American Express.

Responsible sports betting starts with a game plan. Set a budget. Keep it social. Play with friends. Learn the game and know the odds. Play with trusted, licensed operators. CLICK HERE to learn more at HaveAGamePlan.org.

Note: Using player performance data from ShotLink powered by CDW, the PGA TOUR has created this story using AWS Gen AI technology. While we strive for accuracy and quality, please note that the information provided may not be entirely error-free.

The American Express

- PGA TOUR

PGA TOUR, PGA TOUR Champions, and the Swinging Golfer design are registered trademarks. The Korn Ferry trademark is also a registered trademark, and is used in the Korn Ferry Tour logo with permission."
Steven Fisk betting profile: The American Express,Steven Fisk betting profile: The American Express - PGA TOUR,"Steven Fisk missed the cut at The American Express last year with a total score of 2-under after shooting rounds of 73, 74, and 67. He'll tee off at Pete Dye St",,,the-american-express,https://www.pgatour.com/article/news/betting-profile/2026/the-american-express/steven-fisk-pga-tour-betting-stats-the-american-express-2026,"1 Min Read Steven Fisk of the United States reacts to his tee shot from the second tee during the second round of the Sony Open in Hawaii 2026 at Waialae Country Club on January 16, 2026 in Honolulu, Hawaii. (Cliff Hawkins/Getty Images) Steven Fisk missed the cut at The American Express last year with a total score of 2-under after shooting rounds of 73, 74, and 67. He'll tee off at Pete Dye Stadium Course Jan. 22-25 with his sights set on making the weekend this time around in the 2026 The American Express.",Fisk's recent history at The American Express | At The American Express | Fisk's recent results | Fisk's recent performances | Fisk's Strokes Gained rankings | Fisk's advanced stats and rankings | Scottie Scheffler betting profile: The American Express | Harris English betting profile: The American Express | Sam Ryder betting profile: The American Express | THE TOUR | Partnerships | Quick Links | Shop | Apps,"In Fisk's most recent appearance at The American Express, in 2025, he missed the cut after posting a score of 2-under. | Sepp Straka won this tournament in 2025, finishing at 25-under. | Fisk has one victory over his last ten appearances. | He had his best finish at the Sanderson Farms Championship, where he finished first with a score of 24-under. | Fisk has an average of 0.103 Strokes Gained: Off-the-Tee in his past five tournaments. | He has an average of 0.009 Strokes Gained: Approach the Green in his past five tournaments. | Fisk has averaged 0.723 Strokes Gained: Total in his past five tournaments. | Fisk posted a Strokes Gained: Off-the-Tee average of 0.011 (62nd) this season, while his average Driving Distance of 298.0 yards ranked 93rd on TOUR. | In terms of Strokes Gained: Approach the Green this season, Fisk sported a -0.237 mark that ranked 72nd on TOUR. He ranked 49th with a 69.44% Greens in Regulation rate. | Around the green, Fisk delivered a -0.790 Strokes Gained: Around-the-Green mark this season, which placed him 107th on TOUR. | On the greens, Fisk delivered a 0.424 Strokes Gained: Putting mark this season, which placed him 33rd on TOUR. In addition, he ranked 40th with a Putts Per Round average of 29.50, and he ranked 17th by breaking par 25.00% of the time. | PGA TOUR","1 Min Read
Steven Fisk of the United States reacts to his tee shot from the second tee during the second round of the Sony Open in Hawaii 2026 at Waialae Country Club on January 16, 2026 in Honolulu, Hawaii. (Cliff Hawkins/Getty Images)
Steven Fisk missed the cut at The American Express last year with a total score of 2-under after shooting rounds of 73, 74, and 67. He'll tee off at Pete Dye Stadium Course Jan. 22-25 with his sights set on making the weekend this time around in the 2026 The American Express.
All stats in this article are accurate for Fisk as of the start of The American Express.
Responsible sports betting starts with a game plan. Set a budget. Keep it social. Play with friends. Learn the game and know the odds. Play with trusted, licensed operators. CLICK HERE to learn more at HaveAGamePlan.org.
Note: Using player performance data from ShotLink powered by CDW, the PGA TOUR has created this story using AWS Gen AI technology. While we strive for accuracy and quality, please note that the information provided may not be entirely error-free.
The American Express
PGA TOUR, PGA TOUR Champions, and the Swinging Golfer design are registered trademarks. The Korn Ferry trademark is also a registered trademark, and is used in the Korn Ferry Tour logo with permission.","1 Min Read

Steven Fisk of the United States reacts to his tee shot from the second tee during the second round of the Sony Open in Hawaii 2026 at Waialae Country Club on January 16, 2026 in Honolulu, Hawaii. (Cliff Hawkins/Getty Images)

Steven Fisk missed the cut at The American Express last year with a total score of 2-under after shooting rounds of 73, 74, and 67. He'll tee off at Pete Dye Stadium Course Jan. 22-25 with his sights set on making the weekend this time around in the 2026 The American Express.

## Fisk's recent history at The American Express

## At The American Express

- In Fisk's most recent appearance at The American Express, in 2025, he missed the cut after posting a score of 2-under.

- Sepp Straka won this tournament in 2025, finishing at 25-under.

## Fisk's recent results

## Fisk's recent performances

- Fisk has one victory over his last ten appearances.

- He had his best finish at the Sanderson Farms Championship, where he finished first with a score of 24-under.

- Fisk has an average of 0.103 Strokes Gained: Off-the-Tee in his past five tournaments.

- He has an average of 0.009 Strokes Gained: Approach the Green in his past five tournaments.

- Fisk has averaged 0.723 Strokes Gained: Total in his past five tournaments.

## Fisk's Strokes Gained rankings

## Fisk's advanced stats and rankings

- Fisk posted a Strokes Gained: Off-the-Tee average of 0.011 (62nd) this season, while his average Driving Distance of 298.0 yards ranked 93rd on TOUR.

- In terms of Strokes Gained: Approach the Green this season, Fisk sported a -0.237 mark that ranked 72nd on TOUR. He ranked 49th with a 69.44% Greens in Regulation rate.

- Around the green, Fisk delivered a -0.790 Strokes Gained: Around-the-Green mark this season, which placed him 107th on TOUR.

- On the greens, Fisk delivered a 0.424 Strokes Gained: Putting mark this season, which placed him 33rd on TOUR. In addition, he ranked 40th with a Putts Per Round average of 29.50, and he ranked 17th by breaking par 25.00% of the time.

All stats in this article are accurate for Fisk as of the start of The American Express.

Responsible sports betting starts with a game plan. Set a budget. Keep it social. Play with friends. Learn the game and know the odds. Play with trusted, licensed operators. CLICK HERE to learn more at HaveAGamePlan.org.

Note: Using player performance data from ShotLink powered by CDW, the PGA TOUR has created this story using AWS Gen AI technology. While we strive for accuracy and quality, please note that the information provided may not be entirely error-free.

The American Express

- PGA TOUR

PGA TOUR, PGA TOUR Champions, and the Swinging Golfer design are registered trademarks. The Korn Ferry trademark is also a registered trademark, and is used in the Korn Ferry Tour logo with permission."
Zach Bauchou betting profile: The American Express,Zach Bauchou betting profile: The American Express - PGA TOUR,"Zach Bauchou has not competed in The American Express in the last five years and will make his return to Pete Dye Stadium Course in La Quinta, California Jan. 2",,,the-american-express,https://www.pgatour.com/article/news/betting-profile/2026/the-american-express/zach-bauchou-pga-tour-betting-stats-the-american-express-2026,"1 Min Read Zach Bauchou of the United States hits a tee shot on the 12th hole during the final round of the Korn Ferry Tour Championship presented by United Leasing & Finance 2025 at French Lick Golf Resort on October 12, 2025 in French Lick, Indiana. (Mike Mulholland/Getty Images) All stats in this article are accurate for Bauchou as of the start of The American Express.",At The American Express | Bauchou's recent results | Bauchou's recent performances | Bauchou's Strokes Gained rankings | Bauchou's advanced stats and rankings | Jacob Bridgeman betting profile: The American Express | Zach Johnson betting profile: The American Express | Sami Valimaki betting profile: The American Express | THE TOUR | Partnerships | Quick Links | Shop | Apps,"This marks Bauchou's first time competing in The American Express in the past five years. | Sepp Straka won this tournament in 2025, finishing at 25-under. | Bauchou's best finish over his last ten appearances came at the Sony Open in Hawaii, where he finished 70th at even par. | He has an average of -0.405 Strokes Gained: Off-the-Tee in his past five tournaments. | Bauchou has an average of -0.089 Strokes Gained: Approach the Green in his past five tournaments. | He has an average of -0.459 Strokes Gained: Around-the-Green in his past five tournaments. | Bauchou has an average of -0.593 Strokes Gained: Putting in his past five tournaments. | He has averaged -1.563 Strokes Gained: Total in his past five tournaments. | Bauchou has posted a Strokes Gained: Off-the-Tee average of -0.097 (73rd) this season, while his average Driving Distance of 310.5 yards ranks 43rd on TOUR. | In terms of Strokes Gained: Approach the Green this season, Bauchou sports a 0.260 mark that ranks 42nd on TOUR. He ranks 31st with a 73.61% Greens in Regulation rate. | Around the greens, Bauchou has delivered a -0.530 Strokes Gained: Around-the-Green mark this season, which places him 93rd on TOUR. | On the greens, Bauchou has a -0.415 Strokes Gained: Putting mark this season, which ranks 73rd on TOUR. He ranks 97th with a Putts Per Round average of 31.50. | Bauchou has earned 3 FedExCup Regular Season points this season, ranking 69th. He ranks 92nd with a 20.83% Bogey Avoidance rate and 61st by breaking par 19.44% of the time. | PGA TOUR","1 Min Read
Zach Bauchou of the United States hits a tee shot on the 12th hole during the final round of the Korn Ferry Tour Championship presented by United Leasing & Finance 2025 at French Lick Golf Resort on October 12, 2025 in French Lick, Indiana. (Mike Mulholland/Getty Images)
All stats in this article are accurate for Bauchou as of the start of The American Express.
Responsible sports betting starts with a game plan. Set a budget. Keep it social. Play with friends. Learn the game and know the odds. Play with trusted, licensed operators. CLICK HERE to learn more at HaveAGamePlan.org.
Note: Using player performance data from ShotLink powered by CDW, the PGA TOUR has created this story using AWS Gen AI technology. While we strive for accuracy and quality, please note that the information provided may not be entirely error-free.
The American Express
PGA TOUR, PGA TOUR Champions, and the Swinging Golfer design are registered trademarks. The Korn Ferry trademark is also a registered trademark, and is used in the Korn Ferry Tour logo with permission.","1 Min Read

Zach Bauchou of the United States hits a tee shot on the 12th hole during the final round of the Korn Ferry Tour Championship presented by United Leasing & Finance 2025 at French Lick Golf Resort on October 12, 2025 in French Lick, Indiana. (Mike Mulholland/Getty Images)

## At The American Express

- This marks Bauchou's first time competing in The American Express in the past five years.

- Sepp Straka won this tournament in 2025, finishing at 25-under.

## Bauchou's recent results

## Bauchou's recent performances

- Bauchou's best finish over his last ten appearances came at the Sony Open in Hawaii, where he finished 70th at even par.

- He has an average of -0.405 Strokes Gained: Off-the-Tee in his past five tournaments.

- Bauchou has an average of -0.089 Strokes Gained: Approach the Green in his past five tournaments.

- He has an average of -0.459 Strokes Gained: Around-the-Green in his past five tournaments.

- Bauchou has an average of -0.593 Strokes Gained: Putting in his past five tournaments.

- He has averaged -1.563 Strokes Gained: Total in his past five tournaments.

## Bauchou's Strokes Gained rankings

## Bauchou's advanced stats and rankings

- Bauchou has posted a Strokes Gained: Off-the-Tee average of -0.097 (73rd) this season, while his average Driving Distance of 310.5 yards ranks 43rd on TOUR.

- In terms of Strokes Gained: Approach the Green this season, Bauchou sports a 0.260 mark that ranks 42nd on TOUR. He ranks 31st with a 73.61% Greens in Regulation rate.

- Around the greens, Bauchou has delivered a -0.530 Strokes Gained: Around-the-Green mark this season, which places him 93rd on TOUR.

- On the greens, Bauchou has a -0.415 Strokes Gained: Putting mark this season, which ranks 73rd on TOUR. He ranks 97th with a Putts Per Round average of 31.50.

- Bauchou has earned 3 FedExCup Regular Season points this season, ranking 69th. He ranks 92nd with a 20.83% Bogey Avoidance rate and 61st by breaking par 19.44% of the time.

All stats in this article are accurate for Bauchou as of the start of The American Express.

Responsible sports betting starts with a game plan. Set a budget. Keep it social. Play with friends. Learn the game and know the odds. Play with trusted, licensed operators. CLICK HERE to learn more at HaveAGamePlan.org.

Note: Using player performance data from ShotLink powered by CDW, the PGA TOUR has created this story using AWS Gen AI technology. While we strive for accuracy and quality, please note that the information provided may not be entirely error-free.

The American Express

- PGA TOUR

PGA TOUR, PGA TOUR Champions, and the Swinging Golfer design are registered trademarks. The Korn Ferry trademark is also a registered trademark, and is used in the Korn Ferry Tour logo with permission."
Jimmy Stanger betting profile: The American Express,Jimmy Stanger betting profile: The American Express - PGA TOUR,Jimmy Stanger finished tied for 14th at 22-under the last time he played in this tournament. He'll tee off at Pete Dye Stadium Course Jan. 22-25 with his sights,,,the-american-express,https://www.pgatour.com/article/news/betting-profile/2026/the-american-express/jimmy-stanger-pga-tour-betting-stats-the-american-express-2026,"1 Min Read Jimmy Stanger of the United States hits a tee shot on the seventh hole during continuation of the the second round of the Veritex Bank Championship 2025 at Texas Rangers Golf Club on April 25, 2025 in Arlington, Texas. (Sam Hodde/Getty Images) Jimmy Stanger finished tied for 14th at 22-under the last time he played in this tournament. He'll tee off at Pete Dye Stadium Course Jan. 22-25 with his sights set higher this time around in the 2026 American Express.",Stanger's recent history at The American Express | At The American Express | Stanger's recent results | Stanger's recent performances | Stanger's Strokes Gained rankings | Stanger's advanced stats and rankings | Jacob Bridgeman betting profile: The American Express | Zach Johnson betting profile: The American Express | Sami Valimaki betting profile: The American Express | THE TOUR | Partnerships | Quick Links | Shop | Apps,"In Stanger's most recent appearance at The American Express, in 2024, he finished tied for 14th after posting a score of 22-under. | Sepp Straka won this tournament in 2025, finishing at 25-under. | Based on available data, Stanger missed the cut at The Bahamas Golf Classic at Atlantis Paradise Island. | Stanger has an average of 0.339 Strokes Gained: Off-the-Tee in his past five tournaments. | He has an average of -0.406 Strokes Gained: Approach the Green in his past five tournaments. | Stanger has averaged -1.237 Strokes Gained: Total in his past five tournaments. | Stanger posted a Strokes Gained: Off-the-Tee average of 0.339 in his past five tournaments, showing strength in his driving game. | In terms of Strokes Gained: Approach the Green, Stanger averaged -0.406 in his past five starts, indicating room for improvement with his iron play. | On the greens, Stanger delivered a -0.790 Strokes Gained: Putting mark in his past five tournaments, suggesting putting has been a significant challenge for him recently. | PGA TOUR","1 Min Read
Jimmy Stanger of the United States hits a tee shot on the seventh hole during continuation of the the second round of the Veritex Bank Championship 2025 at Texas Rangers Golf Club on April 25, 2025 in Arlington, Texas. (Sam Hodde/Getty Images)
Jimmy Stanger finished tied for 14th at 22-under the last time he played in this tournament. He'll tee off at Pete Dye Stadium Course Jan. 22-25 with his sights set higher this time around in the 2026 American Express.
All stats in this article are accurate for Stanger as of the start of The American Express.
Responsible sports betting starts with a game plan. Set a budget. Keep it social. Play with friends. Learn the game and know the odds. Play with trusted, licensed operators. CLICK HERE to learn more at HaveAGamePlan.org.
Note: Using player performance data from ShotLink powered by CDW, the PGA TOUR has created this story using AWS Gen AI technology. While we strive for accuracy and quality, please note that the information provided may not be entirely error-free.
The American Express
PGA TOUR, PGA TOUR Champions, and the Swinging Golfer design are registered trademarks. The Korn Ferry trademark is also a registered trademark, and is used in the Korn Ferry Tour logo with permission.","1 Min Read

Jimmy Stanger of the United States hits a tee shot on the seventh hole during continuation of the the second round of the Veritex Bank Championship 2025 at Texas Rangers Golf Club on April 25, 2025 in Arlington, Texas. (Sam Hodde/Getty Images)

Jimmy Stanger finished tied for 14th at 22-under the last time he played in this tournament. He'll tee off at Pete Dye Stadium Course Jan. 22-25 with his sights set higher this time around in the 2026 American Express.

## Stanger's recent history at The American Express

## At The American Express

- In Stanger's most recent appearance at The American Express, in 2024, he finished tied for 14th after posting a score of 22-under.

- Sepp Straka won this tournament in 2025, finishing at 25-under.

## Stanger's recent results

## Stanger's recent performances

- Based on available data, Stanger missed the cut at The Bahamas Golf Classic at Atlantis Paradise Island.

- Stanger has an average of 0.339 Strokes Gained: Off-the-Tee in his past five tournaments.

- He has an average of -0.406 Strokes Gained: Approach the Green in his past five tournaments.

- Stanger has averaged -1.237 Strokes Gained: Total in his past five tournaments.

## Stanger's Strokes Gained rankings

## Stanger's advanced stats and rankings

- Stanger posted a Strokes Gained: Off-the-Tee average of 0.339 in his past five tournaments, showing strength in his driving game.

- In terms of Strokes Gained: Approach the Green, Stanger averaged -0.406 in his past five starts, indicating room for improvement with his iron play.

- On the greens, Stanger delivered a -0.790 Strokes Gained: Putting mark in his past five tournaments, suggesting putting has been a significant challenge for him recently.

All stats in this article are accurate for Stanger as of the start of The American Express.

Responsible sports betting starts with a game plan. Set a budget. Keep it social. Play with friends. Learn the game and know the odds. Play with trusted, licensed operators. CLICK HERE to learn more at HaveAGamePlan.org.

Note: Using player performance data from ShotLink powered by CDW, the PGA TOUR has created this story using AWS Gen AI technology. While we strive for accuracy and quality, please note that the information provided may not be entirely error-free.

The American Express

- PGA TOUR

PGA TOUR, PGA TOUR Champions, and the Swinging Golfer design are registered trademarks. The Korn Ferry trademark is also a registered trademark, and is used in the Korn Ferry Tour logo with permission."
Kris Ventura betting profile: The American Express,Kris Ventura betting profile: The American Express - PGA TOUR,Kris Ventura finished tied for 58th at 10-under in his most recent appearance at The American Express in 2025. He'll tee off at Pete Dye Stadium Course Jan. 22-,,,the-american-express,https://www.pgatour.com/article/news/betting-profile/2026/the-american-express/kris-ventura-pga-tour-betting-stats-the-american-express-2026,"1 Min Read Kris Ventura of Norway lines up a putt on the 16th green during the first round of The RSM Classic 2025 at Sea Island Resort Seaside Course on November 20, 2025 in St Simons Island, Georgia. (Jonathan Bachman/Getty Images) Kris Ventura finished tied for 58th at 10-under in his most recent appearance at The American Express in 2025. He'll tee off at Pete Dye Stadium Course Jan. 22-25 with hopes of improving upon his past performance in the 2026 American Express.",Ventura's recent history at The American Express | At The American Express | Ventura's recent results | Ventura's recent performances | Ventura's Strokes Gained rankings | Ventura's advanced stats and rankings | Jacob Bridgeman betting profile: The American Express | Zach Johnson betting profile: The American Express | Sami Valimaki betting profile: The American Express | THE TOUR | Partnerships | Quick Links | Shop | Apps,"In Ventura's most recent appearance at The American Express, in 2025, he finished tied for 58th after posting a score of 10-under. | Sepp Straka won this tournament in 2025, finishing at 25-under. | Ventura has finished in the top 20 once over his last ten appearances. | He had his best finish at the Bank of Utah Championship, where he finished tied for 11th with a score of 14-under. | Ventura has an average of 0.312 Strokes Gained: Off-the-Tee in his past five tournaments. | He has an average of -0.019 Strokes Gained: Approach the Green in his past five tournaments. | He has an average of -0.050 Strokes Gained: Around-the-Green in his past five tournaments. | Ventura has an average of 0.591 Strokes Gained: Putting in his past five tournaments. | He has averaged 0.834 Strokes Gained: Total in his past five tournaments. | Ventura has posted a positive Strokes Gained: Off-the-Tee average of 0.312 in his past five starts. | His Strokes Gained: Approach the Green mark of -0.019 in his past five tournaments shows slight room for improvement. | Ventura has been strong on the greens in his recent play, delivering a 0.591 Strokes Gained: Putting average in his past five tournaments. | PGA TOUR","1 Min Read
Kris Ventura of Norway lines up a putt on the 16th green during the first round of The RSM Classic 2025 at Sea Island Resort Seaside Course on November 20, 2025 in St Simons Island, Georgia. (Jonathan Bachman/Getty Images)
Kris Ventura finished tied for 58th at 10-under in his most recent appearance at The American Express in 2025. He'll tee off at Pete Dye Stadium Course Jan. 22-25 with hopes of improving upon his past performance in the 2026 American Express.
All stats in this article are accurate for Ventura as of the start of The American Express.
Responsible sports betting starts with a game plan. Set a budget. Keep it social. Play with friends. Learn the game and know the odds. Play with trusted, licensed operators. CLICK HERE to learn more at HaveAGamePlan.org.
Note: Using player performance data from ShotLink powered by CDW, the PGA TOUR has created this story using AWS Gen AI technology. While we strive for accuracy and quality, please note that the information provided may not be entirely error-free.
The American Express
PGA TOUR, PGA TOUR Champions, and the Swinging Golfer design are registered trademarks. The Korn Ferry trademark is also a registered trademark, and is used in the Korn Ferry Tour logo with permission.","1 Min Read

Kris Ventura of Norway lines up a putt on the 16th green during the first round of The RSM Classic 2025 at Sea Island Resort Seaside Course on November 20, 2025 in St Simons Island, Georgia. (Jonathan Bachman/Getty Images)

Kris Ventura finished tied for 58th at 10-under in his most recent appearance at The American Express in 2025. He'll tee off at Pete Dye Stadium Course Jan. 22-25 with hopes of improving upon his past performance in the 2026 American Express.

## Ventura's recent history at The American Express

## At The American Express

- In Ventura's most recent appearance at The American Express, in 2025, he finished tied for 58th after posting a score of 10-under.

- Sepp Straka won this tournament in 2025, finishing at 25-under.

## Ventura's recent results

## Ventura's recent performances

- Ventura has finished in the top 20 once over his last ten appearances.

- He had his best finish at the Bank of Utah Championship, where he finished tied for 11th with a score of 14-under.

- Ventura has an average of 0.312 Strokes Gained: Off-the-Tee in his past five tournaments.

- He has an average of -0.019 Strokes Gained: Approach the Green in his past five tournaments.

- He has an average of -0.050 Strokes Gained: Around-the-Green in his past five tournaments.

- Ventura has an average of 0.591 Strokes Gained: Putting in his past five tournaments.

- He has averaged 0.834 Strokes Gained: Total in his past five tournaments.

## Ventura's Strokes Gained rankings

## Ventura's advanced stats and rankings

- Ventura has posted a positive Strokes Gained: Off-the-Tee average of 0.312 in his past five starts.

- His Strokes Gained: Approach the Green mark of -0.019 in his past five tournaments shows slight room for improvement.

- Ventura has been strong on the greens in his recent play, delivering a 0.591 Strokes Gained: Putting average in his past five tournaments.

All stats in this article are accurate for Ventura as of the start of The American Express.

Responsible sports betting starts with a game plan. Set a budget. Keep it social. Play with friends. Learn the game and know the odds. Play with trusted, licensed operators. CLICK HERE to learn more at HaveAGamePlan.org.

Note: Using player performance data from ShotLink powered by CDW, the PGA TOUR has created this story using AWS Gen AI technology. While we strive for accuracy and quality, please note that the information provided may not be entirely error-free.

The American Express

- PGA TOUR

PGA TOUR, PGA TOUR Champions, and the Swinging Golfer design are registered trademarks. The Korn Ferry trademark is also a registered trademark, and is used in the Korn Ferry Tour logo with permission."
Chandler Blanchet betting profile: The American Express,Chandler Blanchet betting profile: The American Express - PGA TOUR,Chandler Blanchet has not competed in this tournament in the last five years. He'll tee off at Pete Dye Stadium Course Jan. 22-25 with an opportunity to make hi,,,the-american-express,https://www.pgatour.com/article/news/betting-profile/2026/the-american-express/chandler-blanchet-pga-tour-betting-stats-the-american-express-2026,"1 Min Read Chandler Blanchet of the United States reacts to an approach shot on the 14th hole during the third round of the Korn Ferry Tour Championship presented by United Leasing & Finance 2025 at French Lick Golf Resort on October 11, 2025 in French Lick, Indiana. (Mike Mulholland/Getty Images) Chandler Blanchet has not competed in this tournament in the last five years. He'll tee off at Pete Dye Stadium Course Jan. 22-25 with an opportunity to make his mark in the 2026 American Express.",At The American Express | Blanchet's recent results | Blanchet's recent performances | Blanchet's Strokes Gained rankings | Blanchet's advanced stats and rankings | Jacob Bridgeman betting profile: The American Express | Zach Johnson betting profile: The American Express | Sami Valimaki betting profile: The American Express | THE TOUR | Partnerships | Quick Links | Shop | Apps,"This is Blanchet's first time competing in The American Express in the past five years. | Sepp Straka won this tournament in 2025, finishing at 25-under. | Blanchet's best finish over his last ten appearances was a missed cut at the Sony Open in Hawaii, where he posted a score of 7-over. | He has an average of -0.241 Strokes Gained: Off-the-Tee in his past five tournaments. | Blanchet has an average of -0.159 Strokes Gained: Approach the Green in his past five tournaments. | He has averaged -0.531 Strokes Gained: Total in his past five tournaments. | Blanchet posted a Strokes Gained: Off-the-Tee average of -0.805 (106th) this season, while his average Driving Distance of 290.5 yards ranked 109th on TOUR. | In terms of Strokes Gained: Approach the Green this season, Blanchet sported a 0.063 mark that ranked 53rd on TOUR. He ranked 103rd with a 58.33% Greens in Regulation rate. | On the greens, Blanchet delivered a -2.298 Strokes Gained: Putting mark this season, which placed him 116th on TOUR. In addition, he ranked 103rd with a Putts Per Round average of 32.00, and he ranked 116th by breaking par eight point three three percent of the time. | PGA TOUR","1 Min Read
Chandler Blanchet of the United States reacts to an approach shot on the 14th hole during the third round of the Korn Ferry Tour Championship presented by United Leasing & Finance 2025 at French Lick Golf Resort on October 11, 2025 in French Lick, Indiana. (Mike Mulholland/Getty Images)
Chandler Blanchet has not competed in this tournament in the last five years. He'll tee off at Pete Dye Stadium Course Jan. 22-25 with an opportunity to make his mark in the 2026 American Express.
All stats in this article are accurate for Blanchet as of the start of The American Express.
Responsible sports betting starts with a game plan. Set a budget. Keep it social. Play with friends. Learn the game and know the odds. Play with trusted, licensed operators. CLICK HERE to learn more at HaveAGamePlan.org.
Note: Using player performance data from ShotLink powered by CDW, the PGA TOUR has created this story using AWS Gen AI technology. While we strive for accuracy and quality, please note that the information provided may not be entirely error-free.
The American Express
PGA TOUR, PGA TOUR Champions, and the Swinging Golfer design are registered trademarks. The Korn Ferry trademark is also a registered trademark, and is used in the Korn Ferry Tour logo with permission.","1 Min Read

Chandler Blanchet of the United States reacts to an approach shot on the 14th hole during the third round of the Korn Ferry Tour Championship presented by United Leasing & Finance 2025 at French Lick Golf Resort on October 11, 2025 in French Lick, Indiana. (Mike Mulholland/Getty Images)

Chandler Blanchet has not competed in this tournament in the last five years. He'll tee off at Pete Dye Stadium Course Jan. 22-25 with an opportunity to make his mark in the 2026 American Express.

## At The American Express

- This is Blanchet's first time competing in The American Express in the past five years.

- Sepp Straka won this tournament in 2025, finishing at 25-under.

## Blanchet's recent results

## Blanchet's recent performances

- Blanchet's best finish over his last ten appearances was a missed cut at the Sony Open in Hawaii, where he posted a score of 7-over.

- He has an average of -0.241 Strokes Gained: Off-the-Tee in his past five tournaments.

- Blanchet has an average of -0.159 Strokes Gained: Approach the Green in his past five tournaments.

- He has averaged -0.531 Strokes Gained: Total in his past five tournaments.

## Blanchet's Strokes Gained rankings

## Blanchet's advanced stats and rankings

- Blanchet posted a Strokes Gained: Off-the-Tee average of -0.805 (106th) this season, while his average Driving Distance of 290.5 yards ranked 109th on TOUR.

- In terms of Strokes Gained: Approach the Green this season, Blanchet sported a 0.063 mark that ranked 53rd on TOUR. He ranked 103rd with a 58.33% Greens in Regulation rate.

- On the greens, Blanchet delivered a -2.298 Strokes Gained: Putting mark this season, which placed him 116th on TOUR. In addition, he ranked 103rd with a Putts Per Round average of 32.00, and he ranked 116th by breaking par eight point three three percent of the time.

All stats in this article are accurate for Blanchet as of the start of The American Express.

Responsible sports betting starts with a game plan. Set a budget. Keep it social. Play with friends. Learn the game and know the odds. Play with trusted, licensed operators. CLICK HERE to learn more at HaveAGamePlan.org.

Note: Using player performance data from ShotLink powered by CDW, the PGA TOUR has created this story using AWS Gen AI technology. While we strive for accuracy and quality, please note that the information provided may not be entirely error-free.

The American Express

- PGA TOUR

PGA TOUR, PGA TOUR Champions, and the Swinging Golfer design are registered trademarks. The Korn Ferry trademark is also a registered trademark, and is used in the Korn Ferry Tour logo with permission."
Ricky Castillo betting profile: The American Express,Ricky Castillo betting profile: The American Express - PGA TOUR,Ricky Castillo finished tied for 43rd at 12-under in his most recent appearance at this tournament. He'll tee off at Pete Dye Stadium Course Jan. 22-25 with his,,,the-american-express,https://www.pgatour.com/article/news/betting-profile/2026/the-american-express/ricky-castillo-pga-tour-betting-stats-the-american-express-2026,"1 Min Read Ricky Castillo of the United States plays his shot from the first tee during the final round of the Sony Open in Hawaii 2026 at Waialae Country Club on January 18, 2026 in Honolulu, Hawaii. (Cliff Hawkins/Getty Images) Ricky Castillo finished tied for 43rd at 12-under in his most recent appearance at this tournament. He'll tee off at Pete Dye Stadium Course Jan. 22-25 with his sights set higher this time around in the 2026 American Express.",Castillo's recent history at The American Express | At The American Express | Castillo's recent results | Castillo's recent performances | Castillo's Strokes Gained rankings | Castillo's advanced stats and rankings | Scottie Scheffler betting profile: The American Express | Harris English betting profile: The American Express | Sam Ryder betting profile: The American Express | THE TOUR | Partnerships | Quick Links | Shop | Apps,"In Castillo's most recent appearance at The American Express, in 2025, he finished tied for 43rd after posting a score of 12-under. | Sepp Straka won this tournament in 2025, finishing at 25-under. | Castillo has finished in the top five once over his last ten appearances. | He had his best finish at The RSM Classic, where he finished third with a score of 21-under. | Castillo has an average of 0.175 Strokes Gained: Off-the-Tee in his past five tournaments. | He has an average of -0.477 Strokes Gained: Approach the Green in his past five tournaments. | He has an average of 0.791 Strokes Gained: Putting in his past five tournaments. | Castillo has averaged 0.563 Strokes Gained: Total in his past five tournaments. | Castillo posted a Strokes Gained: Off-the-Tee average of 0.901 (ninth) this season, while his average Driving Distance of 318.1 yards ranked 18th on TOUR. | In terms of Strokes Gained: Approach the Green this season, Castillo sported a -0.799 mark that ranked 96th on TOUR. He ranked 60th with a 68.06% Greens in Regulation rate. | On the greens, Castillo delivered a 1.010 Strokes Gained: Putting mark this season, which placed him 17th on TOUR. In addition, he ranked 22nd with a Putts Per Round average of 29.00, and he ranked 17th by breaking par 25.00% of the time. | Castillo has earned 21 FedExCup Regular Season points this season, ranking 31st. | PGA TOUR","1 Min Read
Ricky Castillo of the United States plays his shot from the first tee during the final round of the Sony Open in Hawaii 2026 at Waialae Country Club on January 18, 2026 in Honolulu, Hawaii. (Cliff Hawkins/Getty Images)
Ricky Castillo finished tied for 43rd at 12-under in his most recent appearance at this tournament. He'll tee off at Pete Dye Stadium Course Jan. 22-25 with his sights set higher this time around in the 2026 American Express.
All stats in this article are accurate for Castillo as of the start of The American Express.
Responsible sports betting starts with a game plan. Set a budget. Keep it social. Play with friends. Learn the game and know the odds. Play with trusted, licensed operators. CLICK HERE to learn more at HaveAGamePlan.org.
Note: Using player performance data from ShotLink powered by CDW, the PGA TOUR has created this story using AWS Gen AI technology. While we strive for accuracy and quality, please note that the information provided may not be entirely error-free.
The American Express
PGA TOUR, PGA TOUR Champions, and the Swinging Golfer design are registered trademarks. The Korn Ferry trademark is also a registered trademark, and is used in the Korn Ferry Tour logo with permission.","1 Min Read

Ricky Castillo of the United States plays his shot from the first tee during the final round of the Sony Open in Hawaii 2026 at Waialae Country Club on January 18, 2026 in Honolulu, Hawaii. (Cliff Hawkins/Getty Images)

Ricky Castillo finished tied for 43rd at 12-under in his most recent appearance at this tournament. He'll tee off at Pete Dye Stadium Course Jan. 22-25 with his sights set higher this time around in the 2026 American Express.

## Castillo's recent history at The American Express

## At The American Express

- In Castillo's most recent appearance at The American Express, in 2025, he finished tied for 43rd after posting a score of 12-under.

- Sepp Straka won this tournament in 2025, finishing at 25-under.

## Castillo's recent results

## Castillo's recent performances

- Castillo has finished in the top five once over his last ten appearances.

- He had his best finish at The RSM Classic, where he finished third with a score of 21-under.

- Castillo has an average of 0.175 Strokes Gained: Off-the-Tee in his past five tournaments.

- He has an average of -0.477 Strokes Gained: Approach the Green in his past five tournaments.

- He has an average of 0.791 Strokes Gained: Putting in his past five tournaments.

- Castillo has averaged 0.563 Strokes Gained: Total in his past five tournaments.

## Castillo's Strokes Gained rankings

## Castillo's advanced stats and rankings

- Castillo posted a Strokes Gained: Off-the-Tee average of 0.901 (ninth) this season, while his average Driving Distance of 318.1 yards ranked 18th on TOUR.

- In terms of Strokes Gained: Approach the Green this season, Castillo sported a -0.799 mark that ranked 96th on TOUR. He ranked 60th with a 68.06% Greens in Regulation rate.

- On the greens, Castillo delivered a 1.010 Strokes Gained: Putting mark this season, which placed him 17th on TOUR. In addition, he ranked 22nd with a Putts Per Round average of 29.00, and he ranked 17th by breaking par 25.00% of the time.

- Castillo has earned 21 FedExCup Regular Season points this season, ranking 31st.

All stats in this article are accurate for Castillo as of the start of The American Express.

Responsible sports betting starts with a game plan. Set a budget. Keep it social. Play with friends. Learn the game and know the odds. Play with trusted, licensed operators. CLICK HERE to learn more at HaveAGamePlan.org.

Note: Using player performance data from ShotLink powered by CDW, the PGA TOUR has created this story using AWS Gen AI technology. While we strive for accuracy and quality, please note that the information provided may not be entirely error-free.

The American Express

- PGA TOUR

PGA TOUR, PGA TOUR Champions, and the Swinging Golfer design are registered trademarks. The Korn Ferry trademark is also a registered trademark, and is used in the Korn Ferry Tour logo with permission."
Keita Nakajima betting profile: The American Express,Keita Nakajima betting profile: The American Express - PGA TOUR,Keita Nakajima has not competed in The American Express tournament in the last five years. He'll tee off at Pete Dye Stadium Course Jan. 22-25 with his sights s,,,the-american-express,https://www.pgatour.com/article/news/betting-profile/2026/the-american-express/keita-nakajima-pga-tour-betting-stats-the-american-express-2026,"1 Min Read Keita Nakajima of Japan plays his shot from the second tee during the second round of the Sony Open in Hawaii 2026 at Waialae Country Club on January 16, 2026 in Honolulu, Hawaii. (Cliff Hawkins/Getty Images) All stats in this article are accurate for Nakajima as of the start of The American Express.",At The American Express | Nakajima's recent results | Nakajima's recent performances | Nakajima's Strokes Gained rankings | Nakajima's advanced stats and rankings | Scottie Scheffler betting profile: The American Express | Harris English betting profile: The American Express | Sam Ryder betting profile: The American Express | THE TOUR | Partnerships | Quick Links | Shop | Apps,"This is Nakajima's first time competing in The American Express in the past five years. | Sepp Straka won this tournament in 2025, finishing at 25-under. | Nakajima had his best finish at the Baycurrent Classic, where he finished tied for 40th with a score of 4-under. | Nakajima has an average of -0.074 Strokes Gained: Off-the-Tee in his past five tournaments. | He has an average of -0.066 Strokes Gained: Approach the Green in his past five tournaments. | He has an average of -0.450 Strokes Gained: Putting in his past five tournaments. | Nakajima has averaged -0.649 Strokes Gained: Total in his past five tournaments. | Nakajima posted a Strokes Gained: Off-the-Tee average of 0.028 (58th) this season, while his average Driving Distance of 297.3 yards ranked 95th on TOUR. | In terms of Strokes Gained: Approach the Green this season, Nakajima sported a -0.691 mark that ranked 90th on TOUR. He ranked 49th with a 69.44% Greens in Regulation rate. | On the greens, Nakajima delivered a -1.386 Strokes Gained: Putting mark this season, which placed him 107th on TOUR. In addition, he ranked 103rd with a Putts Per Round average of 32.00, and he ranked 109th by breaking par 11.11% of the time. | PGA TOUR","1 Min Read
Keita Nakajima of Japan plays his shot from the second tee during the second round of the Sony Open in Hawaii 2026 at Waialae Country Club on January 16, 2026 in Honolulu, Hawaii. (Cliff Hawkins/Getty Images)
All stats in this article are accurate for Nakajima as of the start of The American Express.
Responsible sports betting starts with a game plan. Set a budget. Keep it social. Play with friends. Learn the game and know the odds. Play with trusted, licensed operators. CLICK HERE to learn more at HaveAGamePlan.org.
Note: Using player performance data from ShotLink powered by CDW, the PGA TOUR has created this story using AWS Gen AI technology. While we strive for accuracy and quality, please note that the information provided may not be entirely error-free.
The American Express
PGA TOUR, PGA TOUR Champions, and the Swinging Golfer design are registered trademarks. The Korn Ferry trademark is also a registered trademark, and is used in the Korn Ferry Tour logo with permission.","1 Min Read

Keita Nakajima of Japan plays his shot from the second tee during the second round of the Sony Open in Hawaii 2026 at Waialae Country Club on January 16, 2026 in Honolulu, Hawaii. (Cliff Hawkins/Getty Images)

## At The American Express

- This is Nakajima's first time competing in The American Express in the past five years.

- Sepp Straka won this tournament in 2025, finishing at 25-under.

## Nakajima's recent results

## Nakajima's recent performances

- Nakajima had his best finish at the Baycurrent Classic, where he finished tied for 40th with a score of 4-under.

- Nakajima has an average of -0.074 Strokes Gained: Off-the-Tee in his past five tournaments.

- He has an average of -0.066 Strokes Gained: Approach the Green in his past five tournaments.

- He has an average of -0.450 Strokes Gained: Putting in his past five tournaments.

- Nakajima has averaged -0.649 Strokes Gained: Total in his past five tournaments.

## Nakajima's Strokes Gained rankings

## Nakajima's advanced stats and rankings

- Nakajima posted a Strokes Gained: Off-the-Tee average of 0.028 (58th) this season, while his average Driving Distance of 297.3 yards ranked 95th on TOUR.

- In terms of Strokes Gained: Approach the Green this season, Nakajima sported a -0.691 mark that ranked 90th on TOUR. He ranked 49th with a 69.44% Greens in Regulation rate.

- On the greens, Nakajima delivered a -1.386 Strokes Gained: Putting mark this season, which placed him 107th on TOUR. In addition, he ranked 103rd with a Putts Per Round average of 32.00, and he ranked 109th by breaking par 11.11% of the time.

All stats in this article are accurate for Nakajima as of the start of The American Express.

Responsible sports betting starts with a game plan. Set a budget. Keep it social. Play with friends. Learn the game and know the odds. Play with trusted, licensed operators. CLICK HERE to learn more at HaveAGamePlan.org.

Note: Using player performance data from ShotLink powered by CDW, the PGA TOUR has created this story using AWS Gen AI technology. While we strive for accuracy and quality, please note that the information provided may not be entirely error-free.

The American Express

- PGA TOUR

PGA TOUR, PGA TOUR Champions, and the Swinging Golfer design are registered trademarks. The Korn Ferry trademark is also a registered trademark, and is used in the Korn Ferry Tour logo with permission."
PGATOUR.COM,PGATOUR.COM - Official Home of Golf and the FedExCup - PGA TOUR,"The official web site of the PGA TOUR. Providing the only Real-Time Live Scoring for the PGA TOUR, Champions Tour and Korn Ferry Tour. Home of official PGA TOUR",,,the-american-express,https://www.pgatour.com/article/news/betting-profile/2026/the-american-express/a-j-ewart-pga-tour-betting-stats-the-american-express-2026,"The American Express PGA TOUR, PGA TOUR Champions, and the Swinging Golfer design are registered trademarks. The Korn Ferry trademark is also a registered trademark, and is used in the Korn Ferry Tour logo with permission.",THE TOUR | Partnerships | Quick Links | Shop | Apps,PGA TOUR,"The American Express
PGA TOUR, PGA TOUR Champions, and the Swinging Golfer design are registered trademarks. The Korn Ferry trademark is also a registered trademark, and is used in the Korn Ferry Tour logo with permission.","The American Express

- PGA TOUR

PGA TOUR, PGA TOUR Champions, and the Swinging Golfer design are registered trademarks. The Korn Ferry trademark is also a registered trademark, and is used in the Korn Ferry Tour logo with permission."
Adrien Dumont de Chassart betting profile: The American Express,Adrien Dumont de Chassart betting profile: The American Express - PGA TOUR,Adrien Dumont de Chassart missed the cut at The American Express in 2024 after posting a score of 11-under. He'll tee off at Pete Dye Stadium Course Jan. 22-25,,,the-american-express,https://www.pgatour.com/article/news/betting-profile/2026/the-american-express/adrien-dumont-de-chassart-pga-tour-betting-stats-the-american-express-2026,"1 Min Read Adrien Dumont de Chassart of Belgium watches his tee shot on the first hole during the third round of Sony Open in Hawaii at Waialae Country Club on January 17, 2026 in Honolulu, Hawaii. (Tracy Wilcox/PGA TOUR via Getty Images) Adrien Dumont de Chassart missed the cut at The American Express in 2024 after posting a score of 11-under. He'll tee off at Pete Dye Stadium Course Jan. 22-25 with hopes of making the weekend this time around in the 2026 American Express.",Dumont de Chassart's recent history at The American Express | At The American Express | Dumont de Chassart's recent results | Dumont de Chassart's recent performances | Dumont de Chassart's Strokes Gained rankings | Dumont de Chassart's advanced stats and rankings | Scottie Scheffler betting profile: The American Express | Harris English betting profile: The American Express | Sam Ryder betting profile: The American Express | THE TOUR | Partnerships | Quick Links | Shop | Apps,"In Dumont de Chassart's most recent appearance at The American Express, in 2024, he missed the cut after posting a score of 11-under. | Sepp Straka won this tournament in 2025, finishing at 25-under. | Dumont de Chassart's best finish over his last ten appearances came at the Sony Open in Hawaii, where he finished tied for 24th with a score of 7-under. | He has an average of -0.267 Strokes Gained: Off-the-Tee in his past five tournaments. | Dumont de Chassart has an average of -0.276 Strokes Gained: Approach the Green in his past five tournaments. | He has an average of -0.126 Strokes Gained: Around-the-Green in his past five tournaments. | Dumont de Chassart has an average of -0.198 Strokes Gained: Putting in his past five tournaments. | He has averaged -0.867 Strokes Gained: Total in his past five tournaments. | Dumont de Chassart has posted a Strokes Gained: Off-the-Tee average of 0.732 (15th) this season, while his average Driving Distance of 316.0 yards ranks 19th on TOUR. | In terms of Strokes Gained: Approach the Green this season, Dumont de Chassart has a -0.028 mark that ranks 60th on TOUR. He ranks 46th with a 70.83% Greens in Regulation rate. | Around the greens, Dumont de Chassart ranks third on TOUR with a 1.063 Strokes Gained: Around-the-Green mark this season. | On the greens, Dumont de Chassart has delivered a -0.800 Strokes Gained: Putting mark this season, which places him 88th on TOUR. In addition, he ranks 40th with a Putts Per Round average of 29.50, and he ranks 37th by breaking par 22.22% of the time. | Dumont de Chassart has earned 33 FedExCup Regular Season points this season. | PGA TOUR","1 Min Read
Adrien Dumont de Chassart of Belgium watches his tee shot on the first hole during the third round of Sony Open in Hawaii at Waialae Country Club on January 17, 2026 in Honolulu, Hawaii. (Tracy Wilcox/PGA TOUR via Getty Images)
Adrien Dumont de Chassart missed the cut at The American Express in 2024 after posting a score of 11-under. He'll tee off at Pete Dye Stadium Course Jan. 22-25 with hopes of making the weekend this time around in the 2026 American Express.
All stats in this article are accurate for Dumont de Chassart as of the start of The American Express.
Responsible sports betting starts with a game plan. Set a budget. Keep it social. Play with friends. Learn the game and know the odds. Play with trusted, licensed operators. CLICK HERE to learn more at HaveAGamePlan.org.
Note: Using player performance data from ShotLink powered by CDW, the PGA TOUR has created this story using AWS Gen AI technology. While we strive for accuracy and quality, please note that the information provided may not be entirely error-free.
The American Express
PGA TOUR, PGA TOUR Champions, and the Swinging Golfer design are registered trademarks. The Korn Ferry trademark is also a registered trademark, and is used in the Korn Ferry Tour logo with permission.","1 Min Read

Adrien Dumont de Chassart of Belgium watches his tee shot on the first hole during the third round of Sony Open in Hawaii at Waialae Country Club on January 17, 2026 in Honolulu, Hawaii. (Tracy Wilcox/PGA TOUR via Getty Images)

Adrien Dumont de Chassart missed the cut at The American Express in 2024 after posting a score of 11-under. He'll tee off at Pete Dye Stadium Course Jan. 22-25 with hopes of making the weekend this time around in the 2026 American Express.

## Dumont de Chassart's recent history at The American Express

## At The American Express

- In Dumont de Chassart's most recent appearance at The American Express, in 2024, he missed the cut after posting a score of 11-under.

- Sepp Straka won this tournament in 2025, finishing at 25-under.

## Dumont de Chassart's recent results

## Dumont de Chassart's recent performances

- Dumont de Chassart's best finish over his last ten appearances came at the Sony Open in Hawaii, where he finished tied for 24th with a score of 7-under.

- He has an average of -0.267 Strokes Gained: Off-the-Tee in his past five tournaments.

- Dumont de Chassart has an average of -0.276 Strokes Gained: Approach the Green in his past five tournaments.

- He has an average of -0.126 Strokes Gained: Around-the-Green in his past five tournaments.

- Dumont de Chassart has an average of -0.198 Strokes Gained: Putting in his past five tournaments.

- He has averaged -0.867 Strokes Gained: Total in his past five tournaments.

## Dumont de Chassart's Strokes Gained rankings

## Dumont de Chassart's advanced stats and rankings

- Dumont de Chassart has posted a Strokes Gained: Off-the-Tee average of 0.732 (15th) this season, while his average Driving Distance of 316.0 yards ranks 19th on TOUR.

- In terms of Strokes Gained: Approach the Green this season, Dumont de Chassart has a -0.028 mark that ranks 60th on TOUR. He ranks 46th with a 70.83% Greens in Regulation rate.

- Around the greens, Dumont de Chassart ranks third on TOUR with a 1.063 Strokes Gained: Around-the-Green mark this season.

- On the greens, Dumont de Chassart has delivered a -0.800 Strokes Gained: Putting mark this season, which places him 88th on TOUR. In addition, he ranks 40th with a Putts Per Round average of 29.50, and he ranks 37th by breaking par 22.22% of the time.

- Dumont de Chassart has earned 33 FedExCup Regular Season points this season.

All stats in this article are accurate for Dumont de Chassart as of the start of The American Express.

Responsible sports betting starts with a game plan. Set a budget. Keep it social. Play with friends. Learn the game and know the odds. Play with trusted, licensed operators. CLICK HERE to learn more at HaveAGamePlan.org.

Note: Using player performance data from ShotLink powered by CDW, the PGA TOUR has created this story using AWS Gen AI technology. While we strive for accuracy and quality, please note that the information provided may not be entirely error-free.

The American Express

- PGA TOUR

PGA TOUR, PGA TOUR Champions, and the Swinging Golfer design are registered trademarks. The Korn Ferry trademark is also a registered trademark, and is used in the Korn Ferry Tour logo with permission."
Luke Clanton betting profile: The American Express,Luke Clanton betting profile: The American Express - PGA TOUR,"Luke Clanton makes his debut at The American Express, which takes place at Pete Dye Stadium Course in La Quinta, California from Jan. 22-25. This marks his firs",,,the-american-express,https://www.pgatour.com/article/news/betting-profile/2026/the-american-express/luke-clanton-pga-tour-betting-stats-the-american-express-2026,"1 Min Read Luke Clanton of the United States plays his shot from the 11th tee during the second round of the Sony Open in Hawaii 2026 at Waialae Country Club on January 16, 2026 in Honolulu, Hawaii. (Mike Mulholland/Getty Images) Luke Clanton makes his debut at The American Express, which takes place at Pete Dye Stadium Course in La Quinta, California from Jan. 22-25. This marks his first appearance at this tournament in the past five years.",At The American Express | Clanton's recent results | Clanton's recent performances | Clanton's Strokes Gained rankings | Clanton's advanced stats and rankings | Scottie Scheffler betting profile: The American Express | Harris English betting profile: The American Express | Sam Ryder betting profile: The American Express | THE TOUR | Partnerships | Quick Links | Shop | Apps,"This is Clanton's first time competing in The American Express in the past five years. | Sepp Straka won this tournament in 2025, finishing at 25-under. | Clanton had his best finish at the Sanderson Farms Championship, where he finished tied for 29th with a score of 11-under. | Clanton has an average of -0.060 Strokes Gained: Off-the-Tee in his past five tournaments. | He has an average of 0.152 Strokes Gained: Approach the Green in his past five tournaments. | Clanton has an average of -0.159 Strokes Gained: Around-the-Green in his past five tournaments. | He has an average of 0.065 Strokes Gained: Putting in his past five tournaments. | Clanton has averaged -0.003 Strokes Gained: Total in his past five tournaments. | Clanton has posted a Strokes Gained: Off-the-Tee average of -0.176 (76th) this season, while his average Driving Distance of 276.8 yards ranks 120th on TOUR. | In terms of Strokes Gained: Approach the Green this season, Clanton sports a 0.390 mark that ranks 38th on TOUR. He ranks 22nd with a 75.00% Greens in Regulation rate. | On the greens, Clanton has delivered a -1.591 Strokes Gained: Putting mark this season, which places him 110th on TOUR. In addition, he ranks 103rd with a Putts Per Round average of 32.00, and he ranks 61st by breaking par 19.44% of the time. | PGA TOUR","1 Min Read
Luke Clanton of the United States plays his shot from the 11th tee during the second round of the Sony Open in Hawaii 2026 at Waialae Country Club on January 16, 2026 in Honolulu, Hawaii. (Mike Mulholland/Getty Images)
Luke Clanton makes his debut at The American Express, which takes place at Pete Dye Stadium Course in La Quinta, California from Jan. 22-25. This marks his first appearance at this tournament in the past five years.
All stats in this article are accurate for Clanton as of the start of The American Express.
Responsible sports betting starts with a game plan. Set a budget. Keep it social. Play with friends. Learn the game and know the odds. Play with trusted, licensed operators. CLICK HERE to learn more at HaveAGamePlan.org.
Note: Using player performance data from ShotLink powered by CDW, the PGA TOUR has created this story using AWS Gen AI technology. While we strive for accuracy and quality, please note that the information provided may not be entirely error-free.
The American Express
PGA TOUR, PGA TOUR Champions, and the Swinging Golfer design are registered trademarks. The Korn Ferry trademark is also a registered trademark, and is used in the Korn Ferry Tour logo with permission.","1 Min Read

Luke Clanton of the United States plays his shot from the 11th tee during the second round of the Sony Open in Hawaii 2026 at Waialae Country Club on January 16, 2026 in Honolulu, Hawaii. (Mike Mulholland/Getty Images)

Luke Clanton makes his debut at The American Express, which takes place at Pete Dye Stadium Course in La Quinta, California from Jan. 22-25. This marks his first appearance at this tournament in the past five years.

## At The American Express

- This is Clanton's first time competing in The American Express in the past five years.

- Sepp Straka won this tournament in 2025, finishing at 25-under.

## Clanton's recent results

## Clanton's recent performances

- Clanton had his best finish at the Sanderson Farms Championship, where he finished tied for 29th with a score of 11-under.

- Clanton has an average of -0.060 Strokes Gained: Off-the-Tee in his past five tournaments.

- He has an average of 0.152 Strokes Gained: Approach the Green in his past five tournaments.

- Clanton has an average of -0.159 Strokes Gained: Around-the-Green in his past five tournaments.

- He has an average of 0.065 Strokes Gained: Putting in his past five tournaments.

- Clanton has averaged -0.003 Strokes Gained: Total in his past five tournaments.

## Clanton's Strokes Gained rankings

## Clanton's advanced stats and rankings

- Clanton has posted a Strokes Gained: Off-the-Tee average of -0.176 (76th) this season, while his average Driving Distance of 276.8 yards ranks 120th on TOUR.

- In terms of Strokes Gained: Approach the Green this season, Clanton sports a 0.390 mark that ranks 38th on TOUR. He ranks 22nd with a 75.00% Greens in Regulation rate.

- On the greens, Clanton has delivered a -1.591 Strokes Gained: Putting mark this season, which places him 110th on TOUR. In addition, he ranks 103rd with a Putts Per Round average of 32.00, and he ranks 61st by breaking par 19.44% of the time.

All stats in this article are accurate for Clanton as of the start of The American Express.

Responsible sports betting starts with a game plan. Set a budget. Keep it social. Play with friends. Learn the game and know the odds. Play with trusted, licensed operators. CLICK HERE to learn more at HaveAGamePlan.org.

Note: Using player performance data from ShotLink powered by CDW, the PGA TOUR has created this story using AWS Gen AI technology. While we strive for accuracy and quality, please note that the information provided may not be entirely error-free.

The American Express

- PGA TOUR

PGA TOUR, PGA TOUR Champions, and the Swinging Golfer design are registered trademarks. The Korn Ferry trademark is also a registered trademark, and is used in the Korn Ferry Tour logo with permission."
