event_id,event_name,year,event_completed,dg_id,player_name,fin_text,dg_win,dg_top3,dg_top5,dg_top10,dg_top20,dg_top30,dg_make_cut,dg_frl,dg_model,fetched_at
6,Sony Open in Hawaii,2021,2021-01-17,11049,"Simpson, Webb",T4,0.07275,0.169675,0.244325,0.377975,0.550475,0.66365,0.844975,0.032075,baseline_history_fit,2026-04-18T18:31:06.533165+00:00
6,Sony Open in Hawaii,2021,2021-01-17,14577,"English, Harris",T32,0.06065,0.1467,0.21505,0.344375,0.515875,0.628475,0.827275,0.031425,baseline_history_fit,2026-04-18T18:31:06.533165+00:00
6,Sony Open in Hawaii,2021,2021-01-17,13562,"Matsuyama, Hideki",T19,0.048025,0.119425,0.177375,0.291375,0.458275,0.57545,0.798575,0.0269,baseline_history_fit,2026-04-18T18:31:06.533165+00:00
6,Sony Open in Hawaii,2021,2021-01-17,17606,"Berger, Daniel",T7,0.044075,0.114525,0.17575,0.293775,0.461475,0.579775,0.804925,0.02415,baseline_history_fit,2026-04-18T18:31:06.533165+00:00
6,Sony Open in Hawaii,2021,2021-01-17,22085,"Morikawa, Collin",T7,0.042375,0.107425,0.1617,0.270025,0.43255,0.551225,0.78655,0.025525,baseline_history_fit,2026-04-18T18:31:06.533165+00:00
6,Sony Open in Hawaii,2021,2021-01-17,17488,"Im, Sungjae",T56,0.03935,0.1072,0.16245,0.27495,0.4447,0.567475,0.80235,0.024525,baseline_history_fit,2026-04-18T18:31:06.533165+00:00
6,Sony Open in Hawaii,2021,2021-01-17,18079,"Niemann, Joaquin",T2,0.0274,0.07755,0.120725,0.214,0.36335,0.4787,0.747775,0.0196,baseline_history_fit,2026-04-18T18:31:06.533165+00:00
6,Sony Open in Hawaii,2021,2021-01-17,18238,"Ancer, Abraham",CUT,0.0265,0.073625,0.116975,0.2112,0.364625,0.485475,0.74845,0.018675,baseline_history_fit,2026-04-18T18:31:06.533165+00:00
6,Sony Open in Hawaii,2021,2021-01-17,15856,"Smith, Cameron",T62,0.02515,0.0697,0.11255,0.2043,0.349925,0.46805,0.740975,0.019325,baseline_history_fit,2026-04-18T18:31:06.533165+00:00
6,Sony Open in Hawaii,2021,2021-01-17,14578,"Henley, Russell",T11,0.0248,0.0661,0.103225,0.18665,0.328175,0.4475,0.728275,0.01735,baseline_history_fit,2026-04-18T18:31:06.533165+00:00
6,Sony Open in Hawaii,2021,2021-01-17,7820,"Palmer, Ryan",T41,0.02325,0.066075,0.10495,0.191825,0.3337,0.4461,0.7239,0.016725,baseline_history_fit,2026-04-18T18:31:06.533165+00:00
6,Sony Open in Hawaii,2021,2021-01-17,11276,"Horschel, Billy",T7,0.020825,0.0625,0.099575,0.183875,0.32755,0.4462,0.72785,0.016325,baseline_history_fit,2026-04-18T18:31:06.533165+00:00
6,Sony Open in Hawaii,2021,2021-01-17,7452,"Na, Kevin",1,0.020525,0.06,0.09535,0.1763,0.307575,0.4244,0.71175,0.016,baseline_history_fit,2026-04-18T18:31:06.533165+00:00
6,Sony Open in Hawaii,2021,2021-01-17,11328,"Kisner, Kevin",T32,0.02035,0.057525,0.094525,0.17625,0.31715,0.434725,0.722775,0.015625,baseline_history_fit,2026-04-18T18:31:06.533165+00:00
6,Sony Open in Hawaii,2021,2021-01-17,5689,"Garcia, Sergio",T47,0.019075,0.05735,0.092725,0.172475,0.313875,0.4288,0.71835,0.013325,baseline_history_fit,2026-04-18T18:31:06.533165+00:00
6,Sony Open in Hawaii,2021,2021-01-17,8825,"Harman, Brian",T56,0.01845,0.055325,0.0923,0.172625,0.312575,0.432075,0.724425,0.014325,baseline_history_fit,2026-04-18T18:31:06.533165+00:00
6,Sony Open in Hawaii,2021,2021-01-17,6430,"Scott, Adam",T41,0.0181,0.054475,0.08845,0.164175,0.30005,0.409175,0.703375,0.014475,baseline_history_fit,2026-04-18T18:31:06.533165+00:00
6,Sony Open in Hawaii,2021,2021-01-17,6169,"Kuchar, Matt",CUT,0.015725,0.047925,0.08035,0.15475,0.28545,0.396675,0.695675,0.013525,baseline_history_fit,2026-04-18T18:31:06.533165+00:00
6,Sony Open in Hawaii,2021,2021-01-17,6892,"Howell III, Charles",T19,0.015425,0.046125,0.076175,0.147975,0.2806,0.3916,0.688725,0.013175,baseline_history_fit,2026-04-18T18:31:06.533165+00:00
6,Sony Open in Hawaii,2021,2021-01-17,12425,"Todd, Brendon",T41,0.015225,0.04635,0.0773,0.151425,0.279425,0.389675,0.6916,0.014775,baseline_history_fit,2026-04-18T18:31:06.533165+00:00
6,Sony Open in Hawaii,2021,2021-01-17,20770,"Munoz, Sebastian",T65,0.0133,0.042325,0.0716,0.141375,0.2682,0.378725,0.68195,0.01305,baseline_history_fit,2026-04-18T18:31:06.533165+00:00
6,Sony Open in Hawaii,2021,2021-01-17,13872,"Bradley, Keegan",CUT,0.012925,0.04025,0.067625,0.13275,0.253125,0.3582,0.668675,0.011725,baseline_history_fit,2026-04-18T18:31:06.533165+00:00
6,Sony Open in Hawaii,2021,2021-01-17,6986,"Johnson, Zach",T62,0.0123,0.041675,0.06825,0.13665,0.258075,0.367575,0.68075,0.010925,baseline_history_fit,2026-04-18T18:31:06.533165+00:00
6,Sony Open in Hawaii,2021,2021-01-17,12337,"Kokrak, Jason",T56,0.012175,0.039825,0.066275,0.131225,0.2521,0.362225,0.673325,0.011925,baseline_history_fit,2026-04-18T18:31:06.533165+00:00
6,Sony Open in Hawaii,2021,2021-01-17,12808,"Grillo, Emiliano",T47,0.011775,0.0361,0.0622,0.12575,0.243025,0.351275,0.663875,0.0115,baseline_history_fit,2026-04-18T18:31:06.533165+00:00
6,Sony Open in Hawaii,2021,2021-01-17,14609,"Kim, Si Woo",T25,0.01145,0.0338,0.057375,0.116175,0.22625,0.3243,0.640525,0.01325,baseline_history_fit,2026-04-18T18:31:06.533165+00:00
6,Sony Open in Hawaii,2021,2021-01-17,7899,"Piercy, Scott",CUT,0.00985,0.03075,0.053025,0.107975,0.216875,0.3188,0.63725,0.0102,baseline_history_fit,2026-04-18T18:31:06.533165+00:00
6,Sony Open in Hawaii,2021,2021-01-17,14735,"Ortiz, Carlos",T14,0.009775,0.032425,0.054225,0.11265,0.2281,0.335725,0.65675,0.011,baseline_history_fit,2026-04-18T18:31:06.533165+00:00
6,Sony Open in Hawaii,2021,2021-01-17,18580,"Gooch, Talor",CUT,0.00935,0.02865,0.049225,0.103275,0.205675,0.304625,0.62735,0.009825,baseline_history_fit,2026-04-18T18:31:06.533165+00:00
6,Sony Open in Hawaii,2021,2021-01-17,15330,"Griffin, Lanto",T41,0.0089,0.0288,0.05105,0.10525,0.21525,0.321975,0.6471,0.009575,baseline_history_fit,2026-04-18T18:31:06.533165+00:00
6,Sony Open in Hawaii,2021,2021-01-17,13831,"Knox, Russell",CUT,0.008725,0.02755,0.0475,0.09845,0.20065,0.2984,0.620225,0.00975,baseline_history_fit,2026-04-18T18:31:06.533165+00:00
6,Sony Open in Hawaii,2021,2021-01-17,6283,"Sabbatini, Rory",CUT,0.0082,0.029325,0.05035,0.107825,0.215125,0.314675,0.6359,0.0098,baseline_history_fit,2026-04-18T18:31:06.533165+00:00
6,Sony Open in Hawaii,2021,2021-01-17,7961,"Reavie, Chez",T67,0.008075,0.0266,0.0467,0.097875,0.2008,0.3007,0.625725,0.009225,baseline_history_fit,2026-04-18T18:31:06.533165+00:00
6,Sony Open in Hawaii,2021,2021-01-17,17550,"Van Rooyen, Erik",CUT,0.0076,0.026675,0.046325,0.099575,0.20585,0.3088,0.63055,0.0099,baseline_history_fit,2026-04-18T18:31:06.533165+00:00
6,Sony Open in Hawaii,2021,2021-01-17,7649,"Leishman, Marc",T4,0.0075,0.0244,0.04305,0.093575,0.195425,0.289425,0.61755,0.00795,baseline_history_fit,2026-04-18T18:31:06.533165+00:00
6,Sony Open in Hawaii,2021,2021-01-17,2881,"Furyk, Jim",T47,0.00725,0.0248,0.043375,0.090925,0.190425,0.285375,0.60995,0.008475,baseline_history_fit,2026-04-18T18:31:06.533165+00:00
6,Sony Open in Hawaii,2021,2021-01-17,12423,"Kirk, Chris",T2,0.007225,0.02445,0.0425,0.089675,0.18805,0.282625,0.60525,0.008075,baseline_history_fit,2026-04-18T18:31:06.533165+00:00
6,Sony Open in Hawaii,2021,2021-01-17,15575,"Hoge, Tom",CUT,0.00715,0.024825,0.043475,0.091625,0.19465,0.294375,0.62,0.008975,baseline_history_fit,2026-04-18T18:31:06.533165+00:00
6,Sony Open in Hawaii,2021,2021-01-17,11374,"Hahn, James",T41,0.006725,0.02275,0.0405,0.0862,0.182775,0.2774,0.604125,0.00805,baseline_history_fit,2026-04-18T18:31:06.533165+00:00
6,Sony Open in Hawaii,2021,2021-01-17,17511,"Straka, Sepp",T25,0.0062,0.0205,0.03575,0.078025,0.16785,0.258325,0.590475,0.007825,baseline_history_fit,2026-04-18T18:31:06.533165+00:00
6,Sony Open in Hawaii,2021,2021-01-17,15556,"Hughes, Mackenzie",T19,0.006125,0.022175,0.0377,0.081175,0.175075,0.269475,0.602025,0.0083,baseline_history_fit,2026-04-18T18:31:06.533165+00:00
6,Sony Open in Hawaii,2021,2021-01-17,21554,"Poston, J.T.",CUT,0.006125,0.02085,0.03825,0.0827,0.1744,0.267725,0.599475,0.008475,baseline_history_fit,2026-04-18T18:31:06.533165+00:00
6,Sony Open in Hawaii,2021,2021-01-17,8605,"Jones, Matt",T11,0.00595,0.02005,0.035975,0.079425,0.1711,0.262825,0.591475,0.007675,baseline_history_fit,2026-04-18T18:31:06.533165+00:00
6,Sony Open in Hawaii,2021,2021-01-17,5665,"Cink, Stewart",T19,0.0059,0.018975,0.0328,0.073825,0.1569,0.2459,0.57475,0.00745,baseline_history_fit,2026-04-18T18:31:06.533165+00:00
6,Sony Open in Hawaii,2021,2021-01-17,16433,"NeSmith, Matt",CUT,0.005625,0.0203,0.0357,0.078625,0.169325,0.258275,0.58955,0.007075,baseline_history_fit,2026-04-18T18:31:06.533165+00:00
6,Sony Open in Hawaii,2021,2021-01-17,8820,"Snedeker, Brandt",CUT,0.0054,0.019025,0.0334,0.070425,0.1538,0.23655,0.566025,0.007025,baseline_history_fit,2026-04-18T18:31:06.533165+00:00
6,Sony Open in Hawaii,2021,2021-01-17,5951,"Gay, Brian",72,0.0053,0.017675,0.0317,0.070675,0.153775,0.2423,0.57555,0.00675,baseline_history_fit,2026-04-18T18:31:06.533165+00:00
6,Sony Open in Hawaii,2021,2021-01-17,19729,"Kanaya, Takumi",CUT,0.005275,0.0183,0.03305,0.0733,0.15615,0.240075,0.562975,0.007125,baseline_history_fit,2026-04-18T18:31:06.533165+00:00
6,Sony Open in Hawaii,2021,2021-01-17,17786,"Davis, Cam",31,0.00515,0.016475,0.0294,0.06805,0.150325,0.2356,0.569075,0.007375,baseline_history_fit,2026-04-18T18:31:06.533165+00:00
6,Sony Open in Hawaii,2021,2021-01-17,13022,"Stuard, Brian",T47,0.005125,0.01935,0.0349,0.076275,0.1609,0.252575,0.58585,0.007325,baseline_history_fit,2026-04-18T18:31:06.533165+00:00
6,Sony Open in Hawaii,2021,2021-01-17,12069,"Stanley, Kyle",CUT,0.0051,0.016775,0.030775,0.0676,0.150025,0.238075,0.57045,0.00725,baseline_history_fit,2026-04-18T18:31:06.533165+00:00
6,Sony Open in Hawaii,2021,2021-01-17,6762,"Perez, Pat",T32,0.005075,0.017325,0.03355,0.075375,0.164875,0.254675,0.585175,0.00725,baseline_history_fit,2026-04-18T18:31:06.533165+00:00
6,Sony Open in Hawaii,2021,2021-01-17,24550,"Ghim, Doug",CUT,0.004675,0.0152,0.027525,0.06145,0.139275,0.221575,0.553125,0.0065,baseline_history_fit,2026-04-18T18:31:06.533165+00:00
6,Sony Open in Hawaii,2021,2021-01-17,16333,"Hubbard, Mark",T32,0.0046,0.016,0.028375,0.068025,0.150775,0.23815,0.575975,0.00665,baseline_history_fit,2026-04-18T18:31:06.533165+00:00
6,Sony Open in Hawaii,2021,2021-01-17,13126,"Taylor, Nick",T11,0.004575,0.017425,0.031725,0.0704,0.158275,0.2465,0.58315,0.007175,baseline_history_fit,2026-04-18T18:31:06.533165+00:00
6,Sony Open in Hawaii,2021,2021-01-17,14140,"Higgs, Harry",T32,0.00455,0.015225,0.027825,0.062075,0.141025,0.22375,0.556975,0.0073,baseline_history_fit,2026-04-18T18:31:06.533165+00:00
6,Sony Open in Hawaii,2021,2021-01-17,14926,"Malnati, Peter",T14,0.00455,0.016975,0.029075,0.063825,0.141725,0.2238,0.5542,0.00705,baseline_history_fit,2026-04-18T18:31:06.533165+00:00
6,Sony Open in Hawaii,2021,2021-01-17,19477,"Schenk, Adam",CUT,0.004475,0.0149,0.028225,0.064375,0.146775,0.235925,0.57475,0.006425,baseline_history_fit,2026-04-18T18:31:06.533165+00:00
6,Sony Open in Hawaii,2021,2021-01-17,11826,"Lee, Danny",CUT,0.00405,0.01395,0.024625,0.0561,0.1284,0.20595,0.53515,0.0063,baseline_history_fit,2026-04-18T18:31:06.533165+00:00
6,Sony Open in Hawaii,2021,2021-01-17,13470,"Kizzire, Patton",T7,0.00405,0.013075,0.024025,0.05395,0.1249,0.203475,0.533825,0.006175,baseline_history_fit,2026-04-18T18:31:06.533165+00:00
6,Sony Open in Hawaii,2021,2021-01-17,13367,"Merritt, Troy",T56,0.00395,0.013625,0.024975,0.05815,0.134425,0.2167,0.554075,0.005675,baseline_history_fit,2026-04-18T18:31:06.533165+00:00
6,Sony Open in Hawaii,2021,2021-01-17,5768,"Hoffman, Charley",T14,0.0037,0.011825,0.0209,0.048875,0.114575,0.18785,0.522025,0.00565,baseline_history_fit,2026-04-18T18:31:06.533165+00:00
6,Sony Open in Hawaii,2021,2021-01-17,12946,"Thompson, Michael",T25,0.0037,0.0139,0.02555,0.05995,0.1401,0.224875,0.557625,0.0065,baseline_history_fit,2026-04-18T18:31:06.533165+00:00
6,Sony Open in Hawaii,2021,2021-01-17,11657,"Norlander, Henrik",CUT,0.003625,0.01475,0.02775,0.0652,0.149025,0.235175,0.5692,0.006425,baseline_history_fit,2026-04-18T18:31:06.533165+00:00
6,Sony Open in Hawaii,2021,2021-01-17,5151,"Kelly, Jerry",73,0.0036,0.011075,0.0214,0.050625,0.114175,0.1862,0.518375,0.005075,baseline_history_fit,2026-04-18T18:31:06.533165+00:00
6,Sony Open in Hawaii,2021,2021-01-17,10943,"Lashley, Nate",CUT,0.0034,0.012125,0.0213,0.049725,0.114925,0.1881,0.516575,0.005475,baseline_history_fit,2026-04-18T18:31:06.533165+00:00
6,Sony Open in Hawaii,2021,2021-01-17,12669,"Lahiri, Anirban",T62,0.0034,0.011425,0.020725,0.048175,0.1132,0.1851,0.514925,0.005625,baseline_history_fit,2026-04-18T18:31:06.533165+00:00
6,Sony Open in Hawaii,2021,2021-01-17,15475,"Pan, C.T.",CUT,0.00335,0.01185,0.0215,0.0513,0.1216,0.198375,0.531,0.0053,baseline_history_fit,2026-04-18T18:31:06.533165+00:00
6,Sony Open in Hawaii,2021,2021-01-17,19364,"Werenski, Richy",CUT,0.003175,0.0113,0.020825,0.049175,0.1161,0.193175,0.530625,0.005975,baseline_history_fit,2026-04-18T18:31:06.533165+00:00
6,Sony Open in Hawaii,2021,2021-01-17,13026,"Zhang, Xinjun",CUT,0.003175,0.01125,0.020225,0.0491,0.118,0.1978,0.537175,0.005125,baseline_history_fit,2026-04-18T18:31:06.533165+00:00
6,Sony Open in Hawaii,2021,2021-01-17,7960,"List, Luke",CUT,0.0031,0.0114,0.020125,0.046175,0.10985,0.18265,0.5103,0.00535,baseline_history_fit,2026-04-18T18:31:06.533165+00:00
6,Sony Open in Hawaii,2021,2021-01-17,6930,"Taylor, Vaughn",T25,0.003075,0.013675,0.025525,0.058875,0.135,0.2163,0.55105,0.0064,baseline_history_fit,2026-04-18T18:31:06.533165+00:00
6,Sony Open in Hawaii,2021,2021-01-17,11952,"Grace, Branden",CUT,0.003025,0.011275,0.0222,0.0531,0.12455,0.2063,0.53975,0.005575,baseline_history_fit,2026-04-18T18:31:06.533165+00:00
6,Sony Open in Hawaii,2021,2021-01-17,18579,"Cook, Austin",T47,0.00295,0.010875,0.0194,0.0469,0.11365,0.187575,0.5161,0.0053,baseline_history_fit,2026-04-18T18:31:06.533165+00:00
6,Sony Open in Hawaii,2021,2021-01-17,14081,"Hoag, Bo",CUT,0.0029,0.010225,0.01895,0.04595,0.110675,0.185525,0.51995,0.0054,baseline_history_fit,2026-04-18T18:31:06.533165+00:00
6,Sony Open in Hawaii,2021,2021-01-17,11451,"Garnett, Brice",T32,0.0029,0.011875,0.023,0.0537,0.12685,0.206475,0.541525,0.0053,baseline_history_fit,2026-04-18T18:31:06.533165+00:00
6,Sony Open in Hawaii,2021,2021-01-17,14852,"Streb, Robert",T67,0.002625,0.009,0.01795,0.04355,0.104,0.1762,0.504125,0.0066,baseline_history_fit,2026-04-18T18:31:06.533165+00:00
6,Sony Open in Hawaii,2021,2021-01-17,14050,"Sloan, Roger",CUT,0.002575,0.0092,0.0164,0.04015,0.0996,0.1652,0.4886,0.00435,baseline_history_fit,2026-04-18T18:31:06.533165+00:00
6,Sony Open in Hawaii,2021,2021-01-17,14000,"Landry, Andrew",CUT,0.00255,0.00875,0.017125,0.042875,0.100875,0.164875,0.49215,0.00455,baseline_history_fit,2026-04-18T18:31:06.533165+00:00
6,Sony Open in Hawaii,2021,2021-01-17,21943,"Lebioda, Hank",CUT,0.0024,0.009275,0.01685,0.0425,0.105275,0.1746,0.508,0.004875,baseline_history_fit,2026-04-18T18:31:06.533165+00:00
6,Sony Open in Hawaii,2021,2021-01-17,12846,"Herman, Jim",T32,0.00235,0.0083,0.017075,0.0407,0.0964,0.163575,0.488525,0.004775,baseline_history_fit,2026-04-18T18:31:06.533165+00:00
6,Sony Open in Hawaii,2021,2021-01-17,21236,"Bryan, Wesley",T32,0.002275,0.0081,0.0138,0.034525,0.0844,0.14305,0.448175,0.0041,baseline_history_fit,2026-04-18T18:31:06.533165+00:00
6,Sony Open in Hawaii,2021,2021-01-17,19865,"Hardy, Nick",T14,0.0022,0.007725,0.015225,0.03685,0.0884,0.151775,0.47585,0.004375,baseline_history_fit,2026-04-18T18:31:06.533165+00:00
6,Sony Open in Hawaii,2021,2021-01-17,21237,"Hickok, Kramer",T19,0.002175,0.008,0.015875,0.0369,0.0926,0.15885,0.4848,0.0048,baseline_history_fit,2026-04-18T18:31:06.533165+00:00
6,Sony Open in Hawaii,2021,2021-01-17,13971,"Baker, Chris",T56,0.0021,0.007175,0.014775,0.037125,0.091375,0.1555,0.479775,0.004575,baseline_history_fit,2026-04-18T18:31:06.533165+00:00
6,Sony Open in Hawaii,2021,2021-01-17,11082,"Burgoon, Bronson",CUT,0.0019,0.00695,0.013125,0.033425,0.08535,0.144925,0.469075,0.004225,baseline_history_fit,2026-04-18T18:31:06.533165+00:00
6,Sony Open in Hawaii,2021,2021-01-17,12131,"Anderson, Mark",CUT,0.0018,0.006825,0.01255,0.032075,0.084025,0.14815,0.47855,0.003975,baseline_history_fit,2026-04-18T18:31:06.533165+00:00
6,Sony Open in Hawaii,2021,2021-01-17,8002,"Oppenheim, Rob",CUT,0.0018,0.007175,0.013375,0.033375,0.087175,0.150875,0.4751,0.004725,baseline_history_fit,2026-04-18T18:31:06.533165+00:00
6,Sony Open in Hawaii,2021,2021-01-17,11019,"Steele, Brendan",T4,0.001775,0.006725,0.013375,0.031,0.07545,0.131425,0.446325,0.004425,baseline_history_fit,2026-04-18T18:31:06.533165+00:00
6,Sony Open in Hawaii,2021,2021-01-17,7340,"Hearn, David",CUT,0.00175,0.0078,0.015425,0.03955,0.099175,0.172075,0.505875,0.00435,baseline_history_fit,2026-04-18T18:31:06.533165+00:00
6,Sony Open in Hawaii,2021,2021-01-17,8469,"Armour, Ryan",T32,0.001725,0.0068,0.01285,0.03395,0.08525,0.148125,0.475675,0.00365,baseline_history_fit,2026-04-18T18:31:06.533165+00:00
6,Sony Open in Hawaii,2021,2021-01-17,14704,"Putnam, Andrew",CUT,0.001625,0.006375,0.012425,0.031825,0.080425,0.140275,0.462125,0.003775,baseline_history_fit,2026-04-18T18:31:06.533165+00:00
6,Sony Open in Hawaii,2021,2021-01-17,16715,"Ryder, Sam",CUT,0.0016,0.00725,0.01395,0.035575,0.089125,0.15455,0.483575,0.003425,baseline_history_fit,2026-04-18T18:31:06.533165+00:00
6,Sony Open in Hawaii,2021,2021-01-17,18635,"Shelton, Robby",T25,0.00155,0.00625,0.012425,0.029225,0.07315,0.12915,0.4386,0.0041,baseline_history_fit,2026-04-18T18:31:06.533165+00:00
6,Sony Open in Hawaii,2021,2021-01-17,17536,"Spaun, J.J.",CUT,0.001425,0.005125,0.0105,0.02765,0.07375,0.13115,0.45315,0.0041,baseline_history_fit,2026-04-18T18:31:06.533165+00:00
6,Sony Open in Hawaii,2021,2021-01-17,17365,"Mitchell, Keith",T14,0.001375,0.00565,0.011275,0.029175,0.073375,0.1281,0.44785,0.0042,baseline_history_fit,2026-04-18T18:31:06.533165+00:00
6,Sony Open in Hawaii,2021,2021-01-17,7097,"Wilkinson, Tim",CUT,0.001325,0.0055,0.0104,0.02765,0.0718,0.128875,0.44475,0.00385,baseline_history_fit,2026-04-18T18:31:06.533165+00:00
6,Sony Open in Hawaii,2021,2021-01-17,14706,"Swafford, Hudson",T25,0.001325,0.006525,0.01215,0.030075,0.075475,0.1312,0.4519,0.0034,baseline_history_fit,2026-04-18T18:31:06.533165+00:00
6,Sony Open in Hawaii,2021,2021-01-17,17509,"Seiffert, Chase",CUT,0.001275,0.00485,0.0094,0.0235,0.063775,0.11645,0.430375,0.003575,baseline_history_fit,2026-04-18T18:31:06.533165+00:00
6,Sony Open in Hawaii,2021,2021-01-17,12232,"Ishikawa, Ryo",CUT,0.001075,0.004725,0.0089,0.02335,0.061575,0.11105,0.415675,0.0037,baseline_history_fit,2026-04-18T18:31:06.533165+00:00
6,Sony Open in Hawaii,2021,2021-01-17,11330,"Brown, Scott",T47,0.001025,0.00385,0.007325,0.02015,0.055125,0.101575,0.403525,0.0031,baseline_history_fit,2026-04-18T18:31:06.533165+00:00
6,Sony Open in Hawaii,2021,2021-01-17,6252,"Baddeley, Aaron",T41,0.001,0.004075,0.008475,0.020725,0.058475,0.110275,0.4223,0.0028,baseline_history_fit,2026-04-18T18:31:06.533165+00:00
6,Sony Open in Hawaii,2021,2021-01-17,1804,"Choi, K.J.",71,0.000875,0.004475,0.008675,0.02265,0.060675,0.107425,0.411675,0.00275,baseline_history_fit,2026-04-18T18:31:06.533165+00:00
6,Sony Open in Hawaii,2021,2021-01-17,7881,"Kang, Sung",CUT,0.00085,0.00395,0.007825,0.021375,0.0544,0.10175,0.404075,0.003625,baseline_history_fit,2026-04-18T18:31:06.533165+00:00
6,Sony Open in Hawaii,2021,2021-01-17,26660,"Gordon, Will",CUT,0.000825,0.004275,0.008275,0.022675,0.061625,0.111,0.418675,0.0029,baseline_history_fit,2026-04-18T18:31:06.533165+00:00
6,Sony Open in Hawaii,2021,2021-01-17,13404,"Gligic, Michael",CUT,0.000825,0.003325,0.007225,0.0192,0.054925,0.102475,0.41015,0.00295,baseline_history_fit,2026-04-18T18:31:06.533165+00:00
6,Sony Open in Hawaii,2021,2021-01-17,13497,"Lee, K.H.",T19,0.0008,0.004,0.007975,0.0224,0.060325,0.10825,0.418975,0.003175,baseline_history_fit,2026-04-18T18:31:06.533165+00:00
6,Sony Open in Hawaii,2021,2021-01-17,10104,"Power, Seamus",CUT,0.0008,0.00365,0.007675,0.02095,0.056775,0.105,0.40685,0.003275,baseline_history_fit,2026-04-18T18:31:06.533165+00:00
6,Sony Open in Hawaii,2021,2021-01-17,7900,"Haas, Bill",CUT,0.000775,0.004075,0.0083,0.02205,0.060225,0.110425,0.420675,0.0027,baseline_history_fit,2026-04-18T18:31:06.533165+00:00
6,Sony Open in Hawaii,2021,2021-01-17,17584,"McCumber, Tyler",CUT,0.000775,0.00315,0.0066,0.0178,0.05015,0.09335,0.3905,0.00275,baseline_history_fit,2026-04-18T18:31:06.533165+00:00
6,Sony Open in Hawaii,2021,2021-01-17,13127,"Tway, Kevin",CUT,0.000675,0.002925,0.006,0.016325,0.0493,0.09425,0.395525,0.00225,baseline_history_fit,2026-04-18T18:31:06.533165+00:00
6,Sony Open in Hawaii,2021,2021-01-17,14655,"Murray, Grayson",CUT,0.00065,0.0019,0.003525,0.0097,0.028875,0.057825,0.308975,0.002475,baseline_history_fit,2026-04-18T18:31:06.533165+00:00
6,Sony Open in Hawaii,2021,2021-01-17,7293,"Walker, Jimmy",CUT,0.000625,0.002425,0.005225,0.0131,0.037825,0.07415,0.354325,0.002425,baseline_history_fit,2026-04-18T18:31:06.533165+00:00
6,Sony Open in Hawaii,2021,2021-01-17,7236,"Trahan, D.J.",CUT,0.000625,0.002275,0.004975,0.014325,0.042525,0.081525,0.368425,0.0018,baseline_history_fit,2026-04-18T18:31:06.533165+00:00
6,Sony Open in Hawaii,2021,2021-01-17,7955,"Watney, Nick",CUT,0.000625,0.0021,0.00505,0.014,0.0411,0.080775,0.3724,0.0023,baseline_history_fit,2026-04-18T18:31:06.533165+00:00
6,Sony Open in Hawaii,2021,2021-01-17,18695,"Hagy, Brandon",CUT,0.000575,0.002625,0.00635,0.017925,0.04835,0.090925,0.39105,0.0031,baseline_history_fit,2026-04-18T18:31:06.533165+00:00
6,Sony Open in Hawaii,2021,2021-01-17,8571,"Gomez, Fabian",CUT,0.000525,0.0042,0.0084,0.022475,0.06035,0.109625,0.415825,0.003525,baseline_history_fit,2026-04-18T18:31:06.533165+00:00
6,Sony Open in Hawaii,2021,2021-01-17,11382,"Lovemark, Jamie",T67,0.000475,0.002325,0.005225,0.015,0.044,0.08145,0.3642,0.0025,baseline_history_fit,2026-04-18T18:31:06.533165+00:00
6,Sony Open in Hawaii,2021,2021-01-17,8769,"Potter Jr, Ted",CUT,0.000425,0.00205,0.0043,0.01285,0.037925,0.07075,0.3481,0.0023,baseline_history_fit,2026-04-18T18:31:06.533165+00:00
6,Sony Open in Hawaii,2021,2021-01-17,12477,"McGirt, William",CUT,0.000375,0.0017,0.003275,0.01005,0.0318,0.059875,0.322075,0.0016,baseline_history_fit,2026-04-18T18:31:06.533165+00:00
6,Sony Open in Hawaii,2021,2021-01-17,14904,"Kinoshita, Ryosuke",T67,0.0003,0.001525,0.003275,0.00925,0.030125,0.060525,0.3272,0.00195,baseline_history_fit,2026-04-18T18:31:06.533165+00:00
6,Sony Open in Hawaii,2021,2021-01-17,653,"Singh, Vijay",CUT,0.0003,0.001225,0.0024,0.0071,0.023375,0.0483,0.2959,0.001575,baseline_history_fit,2026-04-18T18:31:06.533165+00:00
6,Sony Open in Hawaii,2021,2021-01-17,13531,"Kodaira, Satoshi",T56,0.0003,0.001975,0.004125,0.0124,0.03745,0.07175,0.348425,0.002475,baseline_history_fit,2026-04-18T18:31:06.533165+00:00
6,Sony Open in Hawaii,2021,2021-01-17,5513,"Weir, Mike",T47,0.000275,0.00155,0.003525,0.010375,0.031725,0.062525,0.33225,0.00155,baseline_history_fit,2026-04-18T18:31:06.533165+00:00
6,Sony Open in Hawaii,2021,2021-01-17,6629,"Yang, Y.E.",CUT,0.00015,0.000725,0.0015,0.00485,0.0166,0.034925,0.255475,0.00125,baseline_history_fit,2026-04-18T18:31:06.533165+00:00
6,Sony Open in Hawaii,2021,2021-01-17,3464,"Love III, Davis",CUT,0.000125,0.000425,0.000825,0.002575,0.010425,0.0237,0.212975,0.000675,baseline_history_fit,2026-04-18T18:31:06.533165+00:00
6,Sony Open in Hawaii,2021,2021-01-17,14209,"Kozuma, Jinichiro",CUT,7.5e-05,0.000225,0.0007,0.002575,0.01005,0.022075,0.2179,0.000925,baseline_history_fit,2026-04-18T18:31:06.533165+00:00
6,Sony Open in Hawaii,2021,2021-01-17,10185,"Every, Matt",CUT,7.5e-05,0.000725,0.00155,0.0045,0.014075,0.02945,0.236075,0.001325,baseline_history_fit,2026-04-18T18:31:06.533165+00:00
6,Sony Open in Hawaii,2021,2021-01-17,17068,"Daffue, MJ",CUT,7.5e-05,0.000525,0.000925,0.0042,0.0143,0.031625,0.2488,0.001025,baseline_history_fit,2026-04-18T18:31:06.533165+00:00
6,Sony Open in Hawaii,2021,2021-01-17,19909,"Gellerman, Michael",CUT,7.5e-05,0.000475,0.001275,0.00465,0.016925,0.037475,0.269,0.00105,baseline_history_fit,2026-04-18T18:31:06.533165+00:00
6,Sony Open in Hawaii,2021,2021-01-17,19948,"Taylor, Ben",CUT,7.5e-05,0.0007,0.0017,0.0057,0.021025,0.04405,0.2903,0.001075,baseline_history_fit,2026-04-18T18:31:06.533165+00:00
6,Sony Open in Hawaii,2021,2021-01-17,15239,"Ledesma, Nelson",T47,5e-05,0.000475,0.001075,0.003475,0.0134,0.03025,0.2451,0.001225,baseline_history_fit,2026-04-18T18:31:06.533165+00:00
6,Sony Open in Hawaii,2021,2021-01-17,5605,"Bertsch, Shane",CUT,5e-05,0.000275,0.00035,0.00145,0.0065,0.015575,0.1796,0.000525,baseline_history_fit,2026-04-18T18:31:06.533165+00:00
6,Sony Open in Hawaii,2021,2021-01-17,13342,"Gibson, Rhein",CUT,5e-05,0.00025,0.000825,0.00335,0.013125,0.0296,0.248575,0.0008,baseline_history_fit,2026-04-18T18:31:06.533165+00:00
6,Sony Open in Hawaii,2021,2021-01-17,11640,"Gonzales, Andres",CUT,5e-05,0.00025,0.0006,0.002325,0.007625,0.017725,0.190625,0.000575,baseline_history_fit,2026-04-18T18:31:06.533165+00:00
6,Sony Open in Hawaii,2021,2021-01-17,9635,"Hur, In-hoi",CUT,2.5e-05,0.000225,0.000675,0.0022,0.007725,0.01705,0.184975,0.0008,baseline_history_fit,2026-04-18T18:31:06.533165+00:00
6,Sony Open in Hawaii,2021,2021-01-17,12909,"Campos, Rafael",CUT,2.5e-05,0.0002,0.000625,0.002275,0.009175,0.020375,0.208475,0.000875,baseline_history_fit,2026-04-18T18:31:06.533165+00:00
6,Sony Open in Hawaii,2021,2021-01-17,7636,"Mahan, Hunter",CUT,2.5e-05,0.0001,0.000325,0.00145,0.005825,0.01555,0.18265,0.000475,baseline_history_fit,2026-04-18T18:31:06.533165+00:00
6,Sony Open in Hawaii,2021,2021-01-17,13338,"Dugas, Eric",CUT,2.5e-05,2.5e-05,2.5e-05,0.0002,0.001,0.0032,0.092675,0.000125,baseline_history_fit,2026-04-18T18:31:06.533165+00:00
6,Sony Open in Hawaii,2021,2021-01-17,17543,"Kim, Michael",T65,0.0,0.0001,0.000325,0.001175,0.00525,0.01255,0.1642,0.00055,baseline_history_fit,2026-04-18T18:31:06.533165+00:00
6,Sony Open in Hawaii,2021,2021-01-17,28023,"Kawai, Evan",CUT,0.0,0.0,0.0,0.0,0.0,0.0,0.001675,0.0,baseline_history_fit,2026-04-18T18:31:06.533165+00:00
6,Sony Open in Hawaii,2021,2021-01-17,15634,"Trainer, Martin",T47,0.0,0.0,2.5e-05,0.0003,0.00125,0.0036,0.09,0.000125,baseline_history_fit,2026-04-18T18:31:06.533165+00:00
6,Sony Open in Hawaii,2021,2021-01-17,9168,"McLachlin, Parker",CUT,0.0,0.0,7.5e-05,0.00025,0.00135,0.00335,0.0849,0.0002,baseline_history_fit,2026-04-18T18:31:06.533165+00:00
6,Sony Open in Hawaii,2021,2021-01-17,6457,"Van Pelt, Bo",CUT,0.0,0.0001,0.00025,0.001325,0.005,0.012025,0.1614,0.00045,baseline_history_fit,2026-04-18T18:31:06.533165+00:00
2,The American Express,2021,2021-01-24,15466,"Cantlay, Patrick",2,0.066025,0.157225,0.226425,0.3501,0.51065,0.6163,0.801575,0.045825,baseline_history_fit,2026-04-18T18:31:06.719448+00:00
2,The American Express,2021,2021-01-24,18417,"Scheffler, Scottie",CUT,0.0589,0.143825,0.209425,0.3302,0.495,0.600475,0.795275,0.014575,baseline_history_fit,2026-04-18T18:31:06.719448+00:00
2,The American Express,2021,2021-01-24,14838,"Reed, Patrick",CUT,0.05325,0.134925,0.197825,0.31865,0.4862,0.5963,0.7917,0.01325,baseline_history_fit,2026-04-18T18:31:06.719448+00:00
2,The American Express,2021,2021-01-24,11676,"Finau, Tony",4,0.052,0.127025,0.184175,0.298825,0.458825,0.569675,0.7783,0.013425,baseline_history_fit,2026-04-18T18:31:06.719448+00:00
2,The American Express,2021,2021-01-24,17488,"Im, Sungjae",T12,0.048575,0.120575,0.179575,0.2943,0.4565,0.5684,0.778425,0.03745,baseline_history_fit,2026-04-18T18:31:06.719448+00:00
2,The American Express,2021,2021-01-24,16243,"Koepka, Brooks",CUT,0.0395,0.097825,0.1459,0.246975,0.393675,0.5044,0.741075,0.031075,baseline_history_fit,2026-04-18T18:31:06.719448+00:00
2,The American Express,2021,2021-01-24,18238,"Ancer, Abraham",T5,0.02975,0.081175,0.12815,0.22375,0.369675,0.483125,0.7308,0.00955,baseline_history_fit,2026-04-18T18:31:06.719448+00:00
2,The American Express,2021,2021-01-24,23542,"Champ, Cameron",CUT,0.026775,0.074475,0.114675,0.202625,0.341125,0.44915,0.703325,0.027575,baseline_history_fit,2026-04-18T18:31:06.719448+00:00
2,The American Express,2021,2021-01-24,25919,"Wolff, Matthew",T40,0.0202,0.056425,0.089975,0.167125,0.296325,0.399325,0.67445,0.00735,baseline_history_fit,2026-04-18T18:31:06.719448+00:00
2,The American Express,2021,2021-01-24,19483,"Burns, Sam",CUT,0.018875,0.05515,0.087775,0.16045,0.284525,0.388975,0.663525,0.0216,baseline_history_fit,2026-04-18T18:31:06.719448+00:00
2,The American Express,2021,2021-01-24,12965,"Fowler, Rickie",T21,0.018525,0.052975,0.085025,0.1602,0.28575,0.391675,0.667125,0.02135,baseline_history_fit,2026-04-18T18:31:06.719448+00:00
2,The American Express,2021,2021-01-24,14578,"Henley, Russell",CUT,0.0185,0.055025,0.0889,0.1653,0.295925,0.40075,0.67505,0.006925,baseline_history_fit,2026-04-18T18:31:06.719448+00:00
2,The American Express,2021,2021-01-24,14609,"Kim, Si Woo",1,0.016325,0.047225,0.0759,0.144275,0.2618,0.361325,0.63955,0.007625,baseline_history_fit,2026-04-18T18:31:06.719448+00:00
2,The American Express,2021,2021-01-24,7452,"Na, Kevin",CUT,0.016275,0.0484,0.0789,0.14835,0.26985,0.371675,0.65175,0.006425,baseline_history_fit,2026-04-18T18:31:06.719448+00:00
2,The American Express,2021,2021-01-24,8825,"Harman, Brian",T8,0.01525,0.047525,0.08195,0.155775,0.284275,0.396175,0.67395,0.020525,baseline_history_fit,2026-04-18T18:31:06.719448+00:00
2,The American Express,2021,2021-01-24,22051,"Wise, Aaron",CUT,0.01475,0.042575,0.068875,0.13545,0.24865,0.3513,0.638325,0.018325,baseline_history_fit,2026-04-18T18:31:06.719448+00:00
2,The American Express,2021,2021-01-24,17786,"Davis, Cam",3,0.014475,0.0422,0.069875,0.1361,0.25535,0.358925,0.64595,0.018525,baseline_history_fit,2026-04-18T18:31:06.719448+00:00
2,The American Express,2021,2021-01-24,18580,"Gooch, Talor",T21,0.01405,0.0441,0.072825,0.1398,0.2591,0.36385,0.647625,0.00585,baseline_history_fit,2026-04-18T18:31:06.719448+00:00
2,The American Express,2021,2021-01-24,7108,"Casey, Paul",T8,0.013975,0.04125,0.0699,0.133025,0.245125,0.345075,0.6305,0.017425,baseline_history_fit,2026-04-18T18:31:06.719448+00:00
2,The American Express,2021,2021-01-24,13872,"Bradley, Keegan",CUT,0.01265,0.039025,0.064775,0.127225,0.243575,0.34355,0.635075,0.00555,baseline_history_fit,2026-04-18T18:31:06.719448+00:00
2,The American Express,2021,2021-01-24,6892,"Howell III, Charles",CUT,0.01245,0.0392,0.0643,0.1283,0.242475,0.344575,0.63435,0.017275,baseline_history_fit,2026-04-18T18:31:06.719448+00:00
2,The American Express,2021,2021-01-24,17550,"Van Rooyen, Erik",T56,0.01235,0.0396,0.066125,0.130125,0.2461,0.34725,0.637875,0.01735,baseline_history_fit,2026-04-18T18:31:06.719448+00:00
2,The American Express,2021,2021-01-24,23604,"Clark, Wyndham",T54,0.011775,0.032,0.054,0.1078,0.210625,0.303825,0.598325,0.00455,baseline_history_fit,2026-04-18T18:31:06.719448+00:00
2,The American Express,2021,2021-01-24,17511,"Straka, Sepp",CUT,0.01135,0.0339,0.0557,0.11205,0.2172,0.3144,0.613225,0.015675,baseline_history_fit,2026-04-18T18:31:06.719448+00:00
2,The American Express,2021,2021-01-24,12808,"Grillo, Emiliano",T37,0.010925,0.03395,0.0571,0.113925,0.22485,0.324025,0.6248,0.016525,baseline_history_fit,2026-04-18T18:31:06.719448+00:00
2,The American Express,2021,2021-01-24,15473,"Long, Adam",69,0.0109,0.0348,0.058575,0.11545,0.222225,0.31945,0.613475,0.005175,baseline_history_fit,2026-04-18T18:31:06.719448+00:00
2,The American Express,2021,2021-01-24,14013,"Tringale, Cameron",T56,0.010775,0.032075,0.0544,0.112575,0.2185,0.31885,0.615125,0.0149,baseline_history_fit,2026-04-18T18:31:06.719448+00:00
2,The American Express,2021,2021-01-24,15330,"Griffin, Lanto",CUT,0.010325,0.034425,0.057725,0.114625,0.22515,0.3256,0.622375,0.004975,baseline_history_fit,2026-04-18T18:31:06.719448+00:00
2,The American Express,2021,2021-01-24,24481,"Redman, Doc",70,0.008775,0.027525,0.047975,0.097525,0.19655,0.288625,0.58785,0.0157,baseline_history_fit,2026-04-18T18:31:06.719448+00:00
2,The American Express,2021,2021-01-24,14606,"Huh, John",T21,0.00825,0.026525,0.0446,0.091125,0.18445,0.27285,0.576925,0.0138,baseline_history_fit,2026-04-18T18:31:06.719448+00:00
2,The American Express,2021,2021-01-24,14509,"Dahmen, Joel",CUT,0.008225,0.026825,0.046575,0.095275,0.18625,0.27445,0.576325,0.004575,baseline_history_fit,2026-04-18T18:31:06.719448+00:00
2,The American Express,2021,2021-01-24,8480,"Streelman, Kevin",CUT,0.008075,0.0279,0.047125,0.095125,0.188975,0.27935,0.578375,0.0146,baseline_history_fit,2026-04-18T18:31:06.719448+00:00
2,The American Express,2021,2021-01-24,7399,"Glover, Lucas",CUT,0.007875,0.027675,0.048175,0.09595,0.193925,0.287,0.5868,0.01305,baseline_history_fit,2026-04-18T18:31:06.719448+00:00
2,The American Express,2021,2021-01-24,14459,"An, Byeong Hun",T8,0.007675,0.02485,0.042725,0.086325,0.17755,0.267325,0.568125,0.013875,baseline_history_fit,2026-04-18T18:31:06.719448+00:00
2,The American Express,2021,2021-01-24,18634,"McNealy, Maverick",71,0.007425,0.02555,0.04465,0.09275,0.1858,0.274175,0.577575,0.013625,baseline_history_fit,2026-04-18T18:31:06.719448+00:00
2,The American Express,2021,2021-01-24,21554,"Poston, J.T.",CUT,0.007225,0.02395,0.04215,0.089175,0.18325,0.27445,0.57805,0.013675,baseline_history_fit,2026-04-18T18:31:06.719448+00:00
2,The American Express,2021,2021-01-24,7960,"List, Luke",T21,0.007175,0.022475,0.039275,0.085325,0.1741,0.259175,0.56545,0.012675,baseline_history_fit,2026-04-18T18:31:06.719448+00:00
2,The American Express,2021,2021-01-24,17538,"Homa, Max",T21,0.00715,0.024,0.041225,0.0864,0.1759,0.260125,0.5578,0.013175,baseline_history_fit,2026-04-18T18:31:06.719448+00:00
2,The American Express,2021,2021-01-24,6986,"Johnson, Zach",T62,0.0068,0.024575,0.043125,0.0924,0.18765,0.28185,0.585725,0.00395,baseline_history_fit,2026-04-18T18:31:06.719448+00:00
2,The American Express,2021,2021-01-24,16283,"Rodgers, Patrick",CUT,0.006725,0.021,0.035775,0.076725,0.158975,0.243175,0.550225,0.003125,baseline_history_fit,2026-04-18T18:31:06.719448+00:00
2,The American Express,2021,2021-01-24,13470,"Kizzire, Patton",53,0.006525,0.021575,0.03805,0.079725,0.16405,0.2463,0.55315,0.003625,baseline_history_fit,2026-04-18T18:31:06.719448+00:00
2,The American Express,2021,2021-01-24,16433,"NeSmith, Matt",CUT,0.0064,0.020825,0.0371,0.08115,0.16735,0.2528,0.558425,0.003425,baseline_history_fit,2026-04-18T18:31:06.719448+00:00
2,The American Express,2021,2021-01-24,8605,"Jones, Matt",T21,0.00605,0.019275,0.034375,0.075,0.16215,0.24585,0.553425,0.003025,baseline_history_fit,2026-04-18T18:31:06.719448+00:00
2,The American Express,2021,2021-01-24,15575,"Hoge, Tom",CUT,0.00605,0.020425,0.037075,0.079325,0.167975,0.255825,0.564175,0.00305,baseline_history_fit,2026-04-18T18:31:06.719448+00:00
2,The American Express,2021,2021-01-24,13965,"Hadwin, Adam",T32,0.005975,0.02015,0.035325,0.074625,0.157325,0.242375,0.548,0.00285,baseline_history_fit,2026-04-18T18:31:06.719448+00:00
2,The American Express,2021,2021-01-24,13126,"Taylor, Nick",T47,0.00585,0.02035,0.0364,0.07915,0.1681,0.256975,0.561875,0.01115,baseline_history_fit,2026-04-18T18:31:06.719448+00:00
2,The American Express,2021,2021-01-24,19870,"McCarthy, Denny",CUT,0.0058,0.021575,0.0378,0.0815,0.172125,0.2625,0.566875,0.00305,baseline_history_fit,2026-04-18T18:31:06.719448+00:00
2,The American Express,2021,2021-01-24,13831,"Knox, Russell",T16,0.005625,0.01735,0.03175,0.072125,0.15575,0.24005,0.547725,0.012,baseline_history_fit,2026-04-18T18:31:06.719448+00:00
2,The American Express,2021,2021-01-24,19477,"Schenk, Adam",T37,0.0056,0.018975,0.033525,0.073125,0.15795,0.245675,0.556725,0.0117,baseline_history_fit,2026-04-18T18:31:06.719448+00:00
2,The American Express,2021,2021-01-24,12423,"Kirk, Chris",T16,0.00555,0.01835,0.03185,0.07155,0.152525,0.232325,0.54425,0.003075,baseline_history_fit,2026-04-18T18:31:06.719448+00:00
2,The American Express,2021,2021-01-24,5768,"Hoffman, Charley",WD,0.0054,0.0204,0.036075,0.077075,0.159325,0.242,0.549275,0.00335,baseline_history_fit,2026-04-18T18:31:06.719448+00:00
2,The American Express,2021,2021-01-24,11374,"Hahn, James",T32,0.005275,0.01715,0.0313,0.0683,0.147425,0.230025,0.536575,0.008575,baseline_history_fit,2026-04-18T18:31:06.719448+00:00
2,The American Express,2021,2021-01-24,12577,"Woodland, Gary",T16,0.0052,0.018,0.032325,0.071775,0.150075,0.230425,0.53635,0.00305,baseline_history_fit,2026-04-18T18:31:06.719448+00:00
2,The American Express,2021,2021-01-24,14926,"Malnati, Peter",CUT,0.00505,0.0167,0.029325,0.06445,0.1387,0.217075,0.523125,0.01085,baseline_history_fit,2026-04-18T18:31:06.719448+00:00
2,The American Express,2021,2021-01-24,7489,"Moore, Ryan",CUT,0.005025,0.017375,0.030775,0.066225,0.143975,0.21925,0.518575,0.00245,baseline_history_fit,2026-04-18T18:31:06.719448+00:00
2,The American Express,2021,2021-01-24,1547,"Mickelson, Phil",CUT,0.0049,0.0151,0.026425,0.0596,0.129225,0.20185,0.504,0.0101,baseline_history_fit,2026-04-18T18:31:06.719448+00:00
2,The American Express,2021,2021-01-24,10419,"Noren, Alex",T40,0.00475,0.01775,0.031925,0.06875,0.150025,0.232175,0.5362,0.01035,baseline_history_fit,2026-04-18T18:31:06.719448+00:00
2,The American Express,2021,2021-01-24,9586,"Laird, Martin",T47,0.0047,0.017575,0.03285,0.07185,0.15575,0.239,0.543625,0.01065,baseline_history_fit,2026-04-18T18:31:06.719448+00:00
2,The American Express,2021,2021-01-24,11019,"Steele, Brendan",T21,0.0046,0.0175,0.030475,0.066525,0.1403,0.216825,0.520825,0.010575,baseline_history_fit,2026-04-18T18:31:06.719448+00:00
2,The American Express,2021,2021-01-24,15651,"Ventura, Kris",CUT,0.004575,0.0158,0.02775,0.0618,0.1342,0.2085,0.515575,0.00915,baseline_history_fit,2026-04-18T18:31:06.719448+00:00
2,The American Express,2021,2021-01-24,7899,"Piercy, Scott",CUT,0.00445,0.0165,0.0299,0.06855,0.14695,0.228275,0.536275,0.0028,baseline_history_fit,2026-04-18T18:31:06.719448+00:00
2,The American Express,2021,2021-01-24,7398,"Schwartzel, Charl",T54,0.00445,0.016225,0.027725,0.060925,0.133525,0.20915,0.508975,0.003,baseline_history_fit,2026-04-18T18:31:06.719448+00:00
2,The American Express,2021,2021-01-24,19364,"Werenski, Richy",T21,0.00385,0.012325,0.023175,0.05315,0.1251,0.20165,0.5101,0.0095,baseline_history_fit,2026-04-18T18:31:06.719448+00:00
2,The American Express,2021,2021-01-24,11826,"Lee, Danny",CUT,0.00385,0.013275,0.025,0.056975,0.12765,0.20265,0.5084,0.002625,baseline_history_fit,2026-04-18T18:31:06.719448+00:00
2,The American Express,2021,2021-01-24,14967,"Hadley, Chesson",CUT,0.003575,0.013,0.023025,0.052425,0.118425,0.188975,0.4931,0.002275,baseline_history_fit,2026-04-18T18:31:06.719448+00:00
2,The American Express,2021,2021-01-24,12359,"Stallings, Scott",CUT,0.00355,0.0115,0.02225,0.049775,0.1145,0.184025,0.4893,0.007775,baseline_history_fit,2026-04-18T18:31:06.719448+00:00
2,The American Express,2021,2021-01-24,24550,"Ghim, Doug",T5,0.003525,0.0139,0.02635,0.0598,0.129725,0.2037,0.509825,0.002875,baseline_history_fit,2026-04-18T18:31:06.719448+00:00
2,The American Express,2021,2021-01-24,11657,"Norlander, Henrik",T12,0.003475,0.012275,0.022025,0.052125,0.119,0.1948,0.504875,0.0083,baseline_history_fit,2026-04-18T18:31:06.719448+00:00
2,The American Express,2021,2021-01-24,7961,"Reavie, Chez",CUT,0.003425,0.01225,0.0234,0.05495,0.124075,0.198925,0.508025,0.002275,baseline_history_fit,2026-04-18T18:31:06.719448+00:00
2,The American Express,2021,2021-01-24,18187,"Duncan, Tyler",T56,0.003375,0.0116,0.020475,0.04835,0.111775,0.1811,0.488125,0.00835,baseline_history_fit,2026-04-18T18:31:06.719448+00:00
2,The American Express,2021,2021-01-24,26660,"Gordon, Will",T64,0.002925,0.0105,0.020175,0.0462,0.107275,0.174125,0.47665,0.007575,baseline_history_fit,2026-04-18T18:31:06.719448+00:00
2,The American Express,2021,2021-01-24,12669,"Lahiri, Anirban",CUT,0.002775,0.0097,0.017325,0.0407,0.098425,0.1599,0.457075,0.001775,baseline_history_fit,2026-04-18T18:31:06.719448+00:00
2,The American Express,2021,2021-01-24,8820,"Snedeker, Brandt",CUT,0.002675,0.009825,0.018775,0.0435,0.10085,0.16655,0.472625,0.001875,baseline_history_fit,2026-04-18T18:31:06.719448+00:00
2,The American Express,2021,2021-01-24,21237,"Hickok, Kramer",T21,0.002675,0.009975,0.019225,0.042925,0.100925,0.167025,0.4729,0.002,baseline_history_fit,2026-04-18T18:31:06.719448+00:00
2,The American Express,2021,2021-01-24,18579,"Cook, Austin",T32,0.002675,0.009225,0.01765,0.042125,0.09995,0.163575,0.46445,0.0019,baseline_history_fit,2026-04-18T18:31:06.719448+00:00
2,The American Express,2021,2021-01-24,6283,"Sabbatini, Rory",T12,0.0026,0.01115,0.021,0.0502,0.1159,0.185475,0.497925,0.0026,baseline_history_fit,2026-04-18T18:31:06.719448+00:00
2,The American Express,2021,2021-01-24,6930,"Taylor, Vaughn",T60,0.002525,0.009025,0.016325,0.0389,0.0951,0.159325,0.458625,0.001725,baseline_history_fit,2026-04-18T18:31:06.719448+00:00
2,The American Express,2021,2021-01-24,14050,"Sloan, Roger",T40,0.0025,0.00925,0.01595,0.037475,0.090225,0.152375,0.4484,0.007625,baseline_history_fit,2026-04-18T18:31:06.719448+00:00
2,The American Express,2021,2021-01-24,13022,"Stuard, Brian",T47,0.0025,0.00895,0.01685,0.04025,0.09355,0.15465,0.4552,0.001775,baseline_history_fit,2026-04-18T18:31:06.719448+00:00
2,The American Express,2021,2021-01-24,15475,"Pan, C.T.",CUT,0.002475,0.00915,0.01625,0.0403,0.098925,0.166775,0.474325,0.0016,baseline_history_fit,2026-04-18T18:31:06.719448+00:00
2,The American Express,2021,2021-01-24,11082,"Burgoon, Bronson",T37,0.002475,0.008825,0.017675,0.040475,0.095025,0.155275,0.455925,0.006975,baseline_history_fit,2026-04-18T18:31:06.719448+00:00
2,The American Express,2021,2021-01-24,13367,"Merritt, Troy",CUT,0.002425,0.008625,0.01665,0.0407,0.099225,0.1645,0.4687,0.007625,baseline_history_fit,2026-04-18T18:31:06.719448+00:00
2,The American Express,2021,2021-01-24,14698,"Bramlett, Joseph",CUT,0.002325,0.009,0.017125,0.040425,0.09705,0.159875,0.460875,0.001975,baseline_history_fit,2026-04-18T18:31:06.719448+00:00
2,The American Express,2021,2021-01-24,12946,"Thompson, Michael",T5,0.002325,0.01005,0.018325,0.0446,0.106125,0.172275,0.478325,0.008375,baseline_history_fit,2026-04-18T18:31:06.719448+00:00
2,The American Express,2021,2021-01-24,11451,"Garnett, Brice",CUT,0.0023,0.008625,0.016,0.0393,0.09615,0.1595,0.466075,0.0069,baseline_history_fit,2026-04-18T18:31:06.719448+00:00
2,The American Express,2021,2021-01-24,16333,"Hubbard, Mark",CUT,0.00225,0.00885,0.0175,0.04115,0.10035,0.16825,0.478275,0.001975,baseline_history_fit,2026-04-18T18:31:06.719448+00:00
2,The American Express,2021,2021-01-24,14081,"Hoag, Bo",T16,0.00225,0.00895,0.01695,0.041425,0.099575,0.164875,0.4746,0.006475,baseline_history_fit,2026-04-18T18:31:06.719448+00:00
2,The American Express,2021,2021-01-24,6762,"Perez, Pat",CUT,0.0022,0.00955,0.0197,0.0467,0.11015,0.182475,0.495325,0.00775,baseline_history_fit,2026-04-18T18:31:06.719448+00:00
2,The American Express,2021,2021-01-24,18635,"Shelton, Robby",CUT,0.002125,0.008025,0.014525,0.03535,0.08355,0.138725,0.429975,0.001875,baseline_history_fit,2026-04-18T18:31:06.719448+00:00
2,The American Express,2021,2021-01-24,7655,"Molinari, Francesco",T8,0.00205,0.00695,0.01385,0.0339,0.084775,0.14265,0.437375,0.00135,baseline_history_fit,2026-04-18T18:31:06.719448+00:00
2,The American Express,2021,2021-01-24,21943,"Lebioda, Hank",T62,0.002025,0.0086,0.016125,0.03905,0.092975,0.157675,0.4605,0.002025,baseline_history_fit,2026-04-18T18:31:06.719448+00:00
2,The American Express,2021,2021-01-24,12069,"Stanley, Kyle",T32,0.002025,0.00735,0.01425,0.035325,0.08615,0.14585,0.4448,0.0067,baseline_history_fit,2026-04-18T18:31:06.719448+00:00
2,The American Express,2021,2021-01-24,13026,"Zhang, Xinjun",CUT,0.001975,0.007475,0.015075,0.037125,0.090725,0.153825,0.45785,0.001625,baseline_history_fit,2026-04-18T18:31:06.719448+00:00
2,The American Express,2021,2021-01-24,14706,"Swafford, Hudson",CUT,0.001925,0.007525,0.0152,0.035625,0.084825,0.14335,0.43775,0.006425,baseline_history_fit,2026-04-18T18:31:06.719448+00:00
2,The American Express,2021,2021-01-24,14000,"Landry, Andrew",T64,0.00185,0.00775,0.01435,0.033975,0.083375,0.14125,0.439875,0.00175,baseline_history_fit,2026-04-18T18:31:06.719448+00:00
2,The American Express,2021,2021-01-24,14007,"Martin, Ben",T56,0.0018,0.00685,0.0133,0.0321,0.079825,0.136175,0.428575,0.001625,baseline_history_fit,2026-04-18T18:31:06.719448+00:00
2,The American Express,2021,2021-01-24,13497,"Lee, K.H.",T32,0.001775,0.006575,0.01195,0.03025,0.0777,0.134975,0.42815,0.006075,baseline_history_fit,2026-04-18T18:31:06.719448+00:00
2,The American Express,2021,2021-01-24,15470,"Hossler, Beau",CUT,0.00175,0.0055,0.01115,0.02715,0.07055,0.120525,0.40975,0.00115,baseline_history_fit,2026-04-18T18:31:06.719448+00:00
2,The American Express,2021,2021-01-24,9171,"Villegas, Camilo",CUT,0.001725,0.0059,0.0112,0.0262,0.066425,0.1138,0.3927,0.0013,baseline_history_fit,2026-04-18T18:31:06.719448+00:00
2,The American Express,2021,2021-01-24,16715,"Ryder, Sam",T47,0.0017,0.0071,0.01365,0.03315,0.0821,0.143625,0.443525,0.006225,baseline_history_fit,2026-04-18T18:31:06.719448+00:00
2,The American Express,2021,2021-01-24,26096,"Bhatia, Akshay",CUT,0.001625,0.006075,0.01135,0.028875,0.0696,0.118825,0.4013,0.001525,baseline_history_fit,2026-04-18T18:31:06.719448+00:00
2,The American Express,2021,2021-01-24,7301,"Dufner, Jason",CUT,0.00155,0.0064,0.01205,0.0287,0.071825,0.1264,0.417975,0.005175,baseline_history_fit,2026-04-18T18:31:06.719448+00:00
2,The American Express,2021,2021-01-24,17536,"Spaun, J.J.",CUT,0.001525,0.0053,0.01055,0.025175,0.067275,0.117775,0.41065,0.004775,baseline_history_fit,2026-04-18T18:31:06.719448+00:00
2,The American Express,2021,2021-01-24,25908,"Whaley, Vince",CUT,0.001375,0.005625,0.01135,0.0275,0.071675,0.124175,0.4132,0.005875,baseline_history_fit,2026-04-18T18:31:06.719448+00:00
2,The American Express,2021,2021-01-24,10943,"Lashley, Nate",CUT,0.00135,0.00495,0.00995,0.0251,0.067625,0.11845,0.402025,0.001075,baseline_history_fit,2026-04-18T18:31:06.719448+00:00
2,The American Express,2021,2021-01-24,12846,"Herman, Jim",CUT,0.0013,0.005825,0.01105,0.0289,0.0729,0.1259,0.4167,0.001425,baseline_history_fit,2026-04-18T18:31:06.719448+00:00
2,The American Express,2021,2021-01-24,5874,"Percy, Cameron",CUT,0.001275,0.004925,0.0094,0.023675,0.064225,0.111175,0.394625,0.0011,baseline_history_fit,2026-04-18T18:31:06.719448+00:00
2,The American Express,2021,2021-01-24,4818,"Stricker, Steve",CUT,0.00125,0.0053,0.009775,0.025025,0.06445,0.111725,0.38805,0.001475,baseline_history_fit,2026-04-18T18:31:06.719448+00:00
2,The American Express,2021,2021-01-24,13971,"Baker, Chris",CUT,0.001225,0.005525,0.0111,0.02805,0.0685,0.119475,0.40675,0.00645,baseline_history_fit,2026-04-18T18:31:06.719448+00:00
2,The American Express,2021,2021-01-24,13404,"Gligic, Michael",CUT,0.0012,0.004675,0.0095,0.0245,0.062725,0.1127,0.39955,0.001425,baseline_history_fit,2026-04-18T18:31:06.719448+00:00
2,The American Express,2021,2021-01-24,17584,"McCumber, Tyler",T40,0.001175,0.004075,0.00795,0.020375,0.05545,0.102,0.38135,0.001025,baseline_history_fit,2026-04-18T18:31:06.719448+00:00
2,The American Express,2021,2021-01-24,18695,"Hagy, Brandon",T21,0.00115,0.0052,0.009725,0.024625,0.0651,0.1155,0.398575,0.005475,baseline_history_fit,2026-04-18T18:31:06.719448+00:00
2,The American Express,2021,2021-01-24,17509,"Seiffert, Chase",T12,0.00115,0.00405,0.0086,0.022875,0.05985,0.105125,0.388125,0.001175,baseline_history_fit,2026-04-18T18:31:06.719448+00:00
2,The American Express,2021,2021-01-24,7626,"O'Hair, Sean",CUT,0.001125,0.00485,0.00945,0.021525,0.0538,0.096925,0.366775,0.0048,baseline_history_fit,2026-04-18T18:31:06.719448+00:00
2,The American Express,2021,2021-01-24,8479,"Harrington, Scott",CUT,0.0011,0.004175,0.0086,0.021625,0.05545,0.0977,0.37355,0.001125,baseline_history_fit,2026-04-18T18:31:06.719448+00:00
2,The American Express,2021,2021-01-24,11117,"Noh, S.Y.",CUT,0.001,0.0032,0.006025,0.01585,0.0415,0.0768,0.32395,0.003475,baseline_history_fit,2026-04-18T18:31:06.719448+00:00
2,The American Express,2021,2021-01-24,7955,"Watney, Nick",CUT,0.000975,0.003725,0.007725,0.0191,0.05365,0.09725,0.375725,0.0041,baseline_history_fit,2026-04-18T18:31:06.719448+00:00
2,The American Express,2021,2021-01-24,27194,"Hall, Harry",T47,0.000925,0.004075,0.0082,0.02185,0.057125,0.10025,0.3696,0.00425,baseline_history_fit,2026-04-18T18:31:06.719448+00:00
2,The American Express,2021,2021-01-24,6252,"Baddeley, Aaron",CUT,0.000775,0.00325,0.006625,0.016775,0.049,0.092525,0.369925,0.0034,baseline_history_fit,2026-04-18T18:31:06.719448+00:00
2,The American Express,2021,2021-01-24,14655,"Murray, Grayson",CUT,0.000775,0.003175,0.0063,0.016925,0.04595,0.08295,0.341925,0.001075,baseline_history_fit,2026-04-18T18:31:06.719448+00:00
2,The American Express,2021,2021-01-24,26211,"Augenstein, John",CUT,0.00075,0.003125,0.0059,0.017325,0.0477,0.08795,0.355525,0.00075,baseline_history_fit,2026-04-18T18:31:06.719448+00:00
2,The American Express,2021,2021-01-24,12131,"Anderson, Mark",CUT,0.0007,0.00305,0.0062,0.0175,0.049125,0.091975,0.37115,0.000775,baseline_history_fit,2026-04-18T18:31:06.719448+00:00
2,The American Express,2021,2021-01-24,14704,"Putnam, Andrew",T21,0.0007,0.00345,0.0071,0.018475,0.0515,0.092775,0.3717,0.003825,baseline_history_fit,2026-04-18T18:31:06.719448+00:00
2,The American Express,2021,2021-01-24,13127,"Tway, Kevin",CUT,0.000675,0.0031,0.0071,0.0198,0.055025,0.10065,0.3822,0.001225,baseline_history_fit,2026-04-18T18:31:06.719448+00:00
2,The American Express,2021,2021-01-24,7881,"Kang, Sung",CUT,0.00065,0.0025,0.005475,0.0147,0.04205,0.076825,0.33635,0.00115,baseline_history_fit,2026-04-18T18:31:06.719448+00:00
2,The American Express,2021,2021-01-24,7097,"Wilkinson, Tim",CUT,0.000625,0.002275,0.00455,0.012775,0.036375,0.070125,0.331375,0.003975,baseline_history_fit,2026-04-18T18:31:06.719448+00:00
2,The American Express,2021,2021-01-24,5951,"Gay, Brian",CUT,0.000625,0.002925,0.006425,0.0192,0.0535,0.096975,0.380225,0.0043,baseline_history_fit,2026-04-18T18:31:06.719448+00:00
2,The American Express,2021,2021-01-24,8469,"Armour, Ryan",T16,0.0006,0.00355,0.0075,0.019975,0.05225,0.09515,0.366175,0.00385,baseline_history_fit,2026-04-18T18:31:06.719448+00:00
2,The American Express,2021,2021-01-24,11330,"Brown, Scott",CUT,0.0006,0.0028,0.0064,0.01615,0.047325,0.085225,0.358675,0.00445,baseline_history_fit,2026-04-18T18:31:06.719448+00:00
2,The American Express,2021,2021-01-24,8002,"Oppenheim, Rob",T47,0.0006,0.00295,0.0062,0.017475,0.0494,0.089725,0.366275,0.000975,baseline_history_fit,2026-04-18T18:31:06.719448+00:00
2,The American Express,2021,2021-01-24,8085,"Teater, Josh",T40,0.000575,0.00265,0.004825,0.012475,0.036725,0.069775,0.3285,0.00095,baseline_history_fit,2026-04-18T18:31:06.719448+00:00
2,The American Express,2021,2021-01-24,24766,"Kim, Tom",CUT,0.000575,0.002575,0.00475,0.0133,0.0388,0.071875,0.3257,0.003625,baseline_history_fit,2026-04-18T18:31:06.719448+00:00
2,The American Express,2021,2021-01-24,11382,"Lovemark, Jamie",T40,0.000575,0.003625,0.006975,0.01855,0.048875,0.087925,0.352875,0.00375,baseline_history_fit,2026-04-18T18:31:06.719448+00:00
2,The American Express,2021,2021-01-24,7340,"Hearn, David",T64,0.000475,0.002375,0.004775,0.0135,0.0414,0.07985,0.349825,0.000975,baseline_history_fit,2026-04-18T18:31:06.719448+00:00
2,The American Express,2021,2021-01-24,7900,"Haas, Bill",CUT,0.00045,0.0026,0.0055,0.016275,0.045525,0.0866,0.359625,0.00375,baseline_history_fit,2026-04-18T18:31:06.719448+00:00
2,The American Express,2021,2021-01-24,8571,"Gomez, Fabian",CUT,0.00035,0.00145,0.00305,0.008975,0.02675,0.0543,0.29185,0.0007,baseline_history_fit,2026-04-18T18:31:06.719448+00:00
2,The American Express,2021,2021-01-24,14776,"Cappelen, Sebastian",T64,0.00035,0.0015,0.0033,0.009,0.027475,0.054425,0.29105,0.0025,baseline_history_fit,2026-04-18T18:31:06.719448+00:00
2,The American Express,2021,2021-01-24,13531,"Kodaira, Satoshi",CUT,0.00025,0.0009,0.00165,0.0051,0.0178,0.03625,0.2486,0.00185,baseline_history_fit,2026-04-18T18:31:06.719448+00:00
2,The American Express,2021,2021-01-24,7293,"Walker, Jimmy",T60,0.000225,0.000525,0.0012,0.0044,0.015775,0.032775,0.233225,0.0003,baseline_history_fit,2026-04-18T18:31:06.719448+00:00
2,The American Express,2021,2021-01-24,19948,"Taylor, Ben",CUT,0.0002,0.00125,0.002325,0.006525,0.0206,0.04215,0.25815,0.00175,baseline_history_fit,2026-04-18T18:31:06.719448+00:00
2,The American Express,2021,2021-01-24,8769,"Potter Jr, Ted",CUT,0.000175,0.000825,0.001875,0.0059,0.02025,0.03945,0.249475,0.000475,baseline_history_fit,2026-04-18T18:31:06.719448+00:00
2,The American Express,2021,2021-01-24,15852,"Kraft, Kelly",CUT,0.000125,0.00115,0.00245,0.008475,0.024625,0.0483,0.2753,0.00075,baseline_history_fit,2026-04-18T18:31:06.719448+00:00
2,The American Express,2021,2021-01-24,15239,"Ledesma, Nelson",68,0.000125,0.000875,0.001875,0.00525,0.0164,0.0333,0.242875,0.00045,baseline_history_fit,2026-04-18T18:31:06.719448+00:00
2,The American Express,2021,2021-01-24,4163,"Donald, Luke",CUT,0.0001,0.000675,0.0019,0.006275,0.019975,0.040425,0.251825,0.002375,baseline_history_fit,2026-04-18T18:31:06.719448+00:00
2,The American Express,2021,2021-01-24,13342,"Gibson, Rhein",T40,0.0001,0.0003,0.00075,0.002225,0.0088,0.02035,0.18775,0.001375,baseline_history_fit,2026-04-18T18:31:06.719448+00:00
2,The American Express,2021,2021-01-24,19909,"Gellerman, Michael",CUT,7.5e-05,0.000325,0.00085,0.002325,0.007525,0.019075,0.18415,0.0012,baseline_history_fit,2026-04-18T18:31:06.719448+00:00
2,The American Express,2021,2021-01-24,7636,"Mahan, Hunter",CUT,2.5e-05,7.5e-05,0.0002,0.0008,0.004,0.010975,0.1432,0.00065,baseline_history_fit,2026-04-18T18:31:06.719448+00:00
2,The American Express,2021,2021-01-24,12909,"Campos, Rafael",CUT,2.5e-05,0.000425,0.00095,0.002775,0.009625,0.02055,0.1927,0.0006,baseline_history_fit,2026-04-18T18:31:06.719448+00:00
2,The American Express,2021,2021-01-24,12333,"Block, Michael",CUT,0.0,0.0,0.0,0.0,2.5e-05,7.5e-05,0.013575,0.0,baseline_history_fit,2026-04-18T18:31:06.719448+00:00
2,The American Express,2021,2021-01-24,15634,"Trainer, Martin",CUT,0.0,2.5e-05,7.5e-05,0.00035,0.002225,0.005575,0.112575,2.5e-05,baseline_history_fit,2026-04-18T18:31:06.719448+00:00
2,The American Express,2021,2021-01-24,4107,"Wilson, Mark",-,0.0,0.0,5e-05,0.00035,0.00145,0.0035,0.07635,0.00035,baseline_history_fit,2026-04-18T18:31:06.719448+00:00
2,The American Express,2021,2021-01-24,17543,"Kim, Michael",CUT,0.0,0.00015,0.0004,0.001275,0.00485,0.010925,0.1377,0.000875,baseline_history_fit,2026-04-18T18:31:06.719448+00:00
2,The American Express,2021,2021-01-24,7602,"Stadler, Kevin",CUT,0.0,0.0,0.0,0.0,0.000175,0.000625,0.03485,0.000225,baseline_history_fit,2026-04-18T18:31:06.719448+00:00
2,The American Express,2021,2021-01-24,5207,"Senden, John",CUT,0.0,0.0,2.5e-05,7.5e-05,0.000625,0.001725,0.056575,2.5e-05,baseline_history_fit,2026-04-18T18:31:06.719448+00:00
2,The American Express,2021,2021-01-24,6457,"Van Pelt, Bo",CUT,0.0,2.5e-05,0.000125,0.000775,0.0026,0.0069,0.112625,0.0001,baseline_history_fit,2026-04-18T18:31:06.719448+00:00
2,The American Express,2021,2021-01-24,112,"Jones, Steve",CUT,0.0,0.0,0.0,0.0,2.5e-05,0.0001,0.0188,0.0,baseline_history_fit,2026-04-18T18:31:06.719448+00:00
4,Farmers Insurance Open,2021,2021-01-31,19195,"Rahm, Jon",T7,0.1319,0.276075,0.36995,0.518675,0.681875,0.771375,0.88645,0.017675,baseline_history_fit,2026-04-18T18:31:06.951738+00:00
4,Farmers Insurance Open,2021,2021-01-31,10091,"McIlroy, Rory",T16,0.089,0.20815,0.291025,0.4314,0.601025,0.70035,0.848375,0.01435,baseline_history_fit,2026-04-18T18:31:06.951738+00:00
4,Farmers Insurance Open,2021,2021-01-31,19895,"Schauffele, Xander",T2,0.072575,0.172825,0.24695,0.386425,0.559675,0.667825,0.838025,0.057725,baseline_history_fit,2026-04-18T18:31:06.951738+00:00
4,Farmers Insurance Open,2021,2021-01-31,11676,"Finau, Tony",T2,0.0529,0.135925,0.20225,0.329825,0.504275,0.6172,0.810325,0.0083,baseline_history_fit,2026-04-18T18:31:06.951738+00:00
4,Farmers Insurance Open,2021,2021-01-31,14577,"English, Harris",CUT,0.040775,0.11015,0.16835,0.2881,0.4565,0.571875,0.78745,0.007375,baseline_history_fit,2026-04-18T18:31:06.951738+00:00
4,Farmers Insurance Open,2021,2021-01-31,13562,"Matsuyama, Hideki",T53,0.0379,0.104175,0.160725,0.275875,0.43795,0.55265,0.773225,0.0079,baseline_history_fit,2026-04-18T18:31:06.951738+00:00
4,Farmers Insurance Open,2021,2021-01-31,14838,"Reed, Patrick",1,0.030225,0.087375,0.1415,0.250475,0.413375,0.5329,0.768425,0.0353,baseline_history_fit,2026-04-18T18:31:06.951738+00:00
4,Farmers Insurance Open,2021,2021-01-31,18841,"Hovland, Viktor",T2,0.02745,0.0775,0.12535,0.2251,0.37865,0.4978,0.745225,0.032725,baseline_history_fit,2026-04-18T18:31:06.951738+00:00
4,Farmers Insurance Open,2021,2021-01-31,18417,"Scheffler, Scottie",CUT,0.02385,0.070075,0.1147,0.211475,0.368025,0.4859,0.7397,0.0313,baseline_history_fit,2026-04-18T18:31:06.951738+00:00
4,Farmers Insurance Open,2021,2021-01-31,9771,"Day, Jason",CUT,0.0219,0.0679,0.1074,0.197525,0.3408,0.45625,0.716975,0.004375,baseline_history_fit,2026-04-18T18:31:06.951738+00:00
4,Farmers Insurance Open,2021,2021-01-31,16243,"Koepka, Brooks",CUT,0.0199,0.060475,0.098575,0.184275,0.330525,0.442975,0.710275,0.0045,baseline_history_fit,2026-04-18T18:31:06.951738+00:00
4,Farmers Insurance Open,2021,2021-01-31,17488,"Im, Sungjae",T32,0.01795,0.056125,0.0936,0.183275,0.328075,0.4491,0.7199,0.02615,baseline_history_fit,2026-04-18T18:31:06.951738+00:00
4,Farmers Insurance Open,2021,2021-01-31,11276,"Horschel, Billy",CUT,0.017275,0.053925,0.089875,0.172775,0.3152,0.429625,0.70275,0.0046,baseline_history_fit,2026-04-18T18:31:06.951738+00:00
4,Farmers Insurance Open,2021,2021-01-31,7334,"Watson, Bubba",CUT,0.016175,0.05085,0.084275,0.162625,0.298775,0.413275,0.6913,0.02415,baseline_history_fit,2026-04-18T18:31:06.951738+00:00
4,Farmers Insurance Open,2021,2021-01-31,15856,"Smith, Cameron",CUT,0.015275,0.04985,0.08325,0.16265,0.29915,0.411025,0.69125,0.023025,baseline_history_fit,2026-04-18T18:31:06.951738+00:00
4,Farmers Insurance Open,2021,2021-01-31,12965,"Fowler, Rickie",T53,0.015,0.0482,0.080875,0.157225,0.2913,0.402775,0.688475,0.0259,baseline_history_fit,2026-04-18T18:31:06.951738+00:00
4,Farmers Insurance Open,2021,2021-01-31,6430,"Scott, Adam",T10,0.0149,0.04535,0.0773,0.152325,0.28245,0.392675,0.678325,0.022,baseline_history_fit,2026-04-18T18:31:06.951738+00:00
4,Farmers Insurance Open,2021,2021-01-31,14609,"Kim, Si Woo",CUT,0.01365,0.0432,0.073,0.1422,0.268925,0.374975,0.66475,0.02485,baseline_history_fit,2026-04-18T18:31:06.951738+00:00
4,Farmers Insurance Open,2021,2021-01-31,25919,"Wolff, Matthew",WD,0.013025,0.044325,0.073575,0.14695,0.279275,0.389475,0.675275,0.0034,baseline_history_fit,2026-04-18T18:31:06.951738+00:00
4,Farmers Insurance Open,2021,2021-01-31,19428,"Zalatoris, Will",T7,0.011825,0.03915,0.067875,0.134275,0.2597,0.369025,0.661675,0.0224,baseline_history_fit,2026-04-18T18:31:06.951738+00:00
4,Farmers Insurance Open,2021,2021-01-31,17786,"Davis, Cam",T32,0.011425,0.0368,0.0626,0.129275,0.248625,0.35675,0.655525,0.020775,baseline_history_fit,2026-04-18T18:31:06.951738+00:00
4,Farmers Insurance Open,2021,2021-01-31,7820,"Palmer, Ryan",T2,0.010925,0.035225,0.060375,0.122625,0.24125,0.345875,0.638975,0.003225,baseline_history_fit,2026-04-18T18:31:06.951738+00:00
4,Farmers Insurance Open,2021,2021-01-31,18580,"Gooch, Talor",T48,0.00965,0.03235,0.056225,0.117275,0.23425,0.337075,0.6336,0.019925,baseline_history_fit,2026-04-18T18:31:06.951738+00:00
4,Farmers Insurance Open,2021,2021-01-31,6892,"Howell III, Charles",CUT,0.009575,0.03435,0.05845,0.120825,0.24005,0.34735,0.6475,0.003225,baseline_history_fit,2026-04-18T18:31:06.951738+00:00
4,Farmers Insurance Open,2021,2021-01-31,19483,"Burns, Sam",T18,0.009475,0.032675,0.0559,0.117375,0.23205,0.33515,0.635725,0.0183,baseline_history_fit,2026-04-18T18:31:06.951738+00:00
4,Farmers Insurance Open,2021,2021-01-31,23542,"Champ, Cameron",CUT,0.009175,0.029425,0.052375,0.111825,0.22495,0.3258,0.628825,0.019475,baseline_history_fit,2026-04-18T18:31:06.951738+00:00
4,Farmers Insurance Open,2021,2021-01-31,12577,"Woodland, Gary",T48,0.008225,0.0282,0.050475,0.106275,0.216975,0.318975,0.62215,0.0187,baseline_history_fit,2026-04-18T18:31:06.951738+00:00
4,Farmers Insurance Open,2021,2021-01-31,14606,"Huh, John",T65,0.0075,0.0271,0.04975,0.106675,0.2178,0.322225,0.620575,0.002425,baseline_history_fit,2026-04-18T18:31:06.951738+00:00
4,Farmers Insurance Open,2021,2021-01-31,12337,"Kokrak, Jason",T29,0.007425,0.02665,0.047975,0.100075,0.2052,0.304425,0.6161,0.01605,baseline_history_fit,2026-04-18T18:31:06.951738+00:00
4,Farmers Insurance Open,2021,2021-01-31,23604,"Clark, Wyndham",T32,0.007425,0.025575,0.044,0.0962,0.19845,0.294875,0.605125,0.01485,baseline_history_fit,2026-04-18T18:31:06.951738+00:00
4,Farmers Insurance Open,2021,2021-01-31,7672,"Oosthuizen, Louis",T29,0.0074,0.025,0.044675,0.09675,0.198275,0.2976,0.602425,0.0026,baseline_history_fit,2026-04-18T18:31:06.951738+00:00
4,Farmers Insurance Open,2021,2021-01-31,14013,"Tringale, Cameron",T18,0.007375,0.027225,0.047675,0.10375,0.21705,0.323,0.630775,0.002775,baseline_history_fit,2026-04-18T18:31:06.951738+00:00
4,Farmers Insurance Open,2021,2021-01-31,17576,"Conners, Corey",T37,0.006475,0.023775,0.041825,0.09145,0.1933,0.2881,0.596575,0.00205,baseline_history_fit,2026-04-18T18:31:06.951738+00:00
4,Farmers Insurance Open,2021,2021-01-31,5768,"Hoffman, Charley",WD,0.00615,0.022075,0.039025,0.084625,0.1789,0.2712,0.583425,0.015425,baseline_history_fit,2026-04-18T18:31:06.951738+00:00
4,Farmers Insurance Open,2021,2021-01-31,14735,"Ortiz, Carlos",T29,0.006075,0.02435,0.044125,0.0957,0.200775,0.302975,0.6157,0.002175,baseline_history_fit,2026-04-18T18:31:06.951738+00:00
4,Farmers Insurance Open,2021,2021-01-31,14459,"An, Byeong Hun",T75,0.0059,0.0229,0.0406,0.086325,0.1865,0.282075,0.58875,0.002225,baseline_history_fit,2026-04-18T18:31:06.951738+00:00
4,Farmers Insurance Open,2021,2021-01-31,13508,"Vegas, Jhonattan",CUT,0.005575,0.019475,0.035925,0.07815,0.165,0.2531,0.565275,0.01405,baseline_history_fit,2026-04-18T18:31:06.951738+00:00
4,Farmers Insurance Open,2021,2021-01-31,7649,"Leishman, Marc",T18,0.005425,0.018525,0.034275,0.078675,0.17075,0.2591,0.5706,0.001925,baseline_history_fit,2026-04-18T18:31:06.951738+00:00
4,Farmers Insurance Open,2021,2021-01-31,8605,"Jones, Matt",T48,0.00535,0.02055,0.03795,0.083725,0.182725,0.278525,0.5888,0.001875,baseline_history_fit,2026-04-18T18:31:06.951738+00:00
4,Farmers Insurance Open,2021,2021-01-31,12808,"Grillo, Emiliano",CUT,0.005325,0.018975,0.0346,0.08015,0.1734,0.2672,0.580375,0.002175,baseline_history_fit,2026-04-18T18:31:06.951738+00:00
4,Farmers Insurance Open,2021,2021-01-31,7960,"List, Luke",T10,0.005075,0.018225,0.0331,0.07125,0.15915,0.250525,0.569525,0.0143,baseline_history_fit,2026-04-18T18:31:06.951738+00:00
4,Farmers Insurance Open,2021,2021-01-31,15556,"Hughes, Mackenzie",CUT,0.004925,0.017825,0.0321,0.07305,0.1639,0.25465,0.569475,0.0138,baseline_history_fit,2026-04-18T18:31:06.951738+00:00
4,Farmers Insurance Open,2021,2021-01-31,17538,"Homa, Max",T18,0.0047,0.0172,0.03225,0.074175,0.15585,0.242875,0.555575,0.002225,baseline_history_fit,2026-04-18T18:31:06.951738+00:00
4,Farmers Insurance Open,2021,2021-01-31,7399,"Glover, Lucas",T42,0.004425,0.016525,0.031925,0.0739,0.164175,0.254875,0.57465,0.0019,baseline_history_fit,2026-04-18T18:31:06.951738+00:00
4,Farmers Insurance Open,2021,2021-01-31,8480,"Streelman, Kevin",T37,0.00435,0.018,0.0324,0.07405,0.16005,0.247775,0.5606,0.014925,baseline_history_fit,2026-04-18T18:31:06.951738+00:00
4,Farmers Insurance Open,2021,2021-01-31,16283,"Rodgers, Patrick",CUT,0.0043,0.017125,0.03155,0.070375,0.15635,0.24575,0.5631,0.012925,baseline_history_fit,2026-04-18T18:31:06.951738+00:00
4,Farmers Insurance Open,2021,2021-01-31,17550,"Van Rooyen, Erik",CUT,0.004275,0.016775,0.03125,0.070875,0.1564,0.243825,0.56485,0.001775,baseline_history_fit,2026-04-18T18:31:06.951738+00:00
4,Farmers Insurance Open,2021,2021-01-31,14636,"Spieth, Jordan",CUT,0.00425,0.0149,0.028375,0.0651,0.1463,0.228425,0.5446,0.0126,baseline_history_fit,2026-04-18T18:31:06.951738+00:00
4,Farmers Insurance Open,2021,2021-01-31,15330,"Griffin, Lanto",T7,0.004075,0.015925,0.02995,0.072025,0.15905,0.2494,0.5708,0.012775,baseline_history_fit,2026-04-18T18:31:06.951738+00:00
4,Farmers Insurance Open,2021,2021-01-31,14509,"Dahmen, Joel",CUT,0.004,0.01565,0.0304,0.0682,0.15225,0.2365,0.54675,0.002125,baseline_history_fit,2026-04-18T18:31:06.951738+00:00
4,Farmers Insurance Open,2021,2021-01-31,11955,"Frittelli, Dylan",T53,0.003875,0.01495,0.0291,0.069375,0.155425,0.242875,0.5657,0.01345,baseline_history_fit,2026-04-18T18:31:06.951738+00:00
4,Farmers Insurance Open,2021,2021-01-31,17511,"Straka, Sepp",T32,0.0038,0.01315,0.0238,0.05685,0.13195,0.2115,0.535025,0.011675,baseline_history_fit,2026-04-18T18:31:06.951738+00:00
4,Farmers Insurance Open,2021,2021-01-31,7489,"Moore, Ryan",CUT,0.0038,0.01385,0.026725,0.062,0.144175,0.229825,0.547225,0.01225,baseline_history_fit,2026-04-18T18:31:06.951738+00:00
4,Farmers Insurance Open,2021,2021-01-31,1547,"Mickelson, Phil",T53,0.00345,0.0122,0.022425,0.053475,0.123275,0.199325,0.51175,0.011025,baseline_history_fit,2026-04-18T18:31:06.951738+00:00
4,Farmers Insurance Open,2021,2021-01-31,6283,"Sabbatini, Rory",T10,0.003275,0.012875,0.024,0.05745,0.1334,0.216225,0.531825,0.001225,baseline_history_fit,2026-04-18T18:31:06.951738+00:00
4,Farmers Insurance Open,2021,2021-01-31,12359,"Stallings, Scott",CUT,0.00315,0.010875,0.020675,0.050025,0.119725,0.199,0.520725,0.0096,baseline_history_fit,2026-04-18T18:31:06.951738+00:00
4,Farmers Insurance Open,2021,2021-01-31,9586,"Laird, Martin",CUT,0.003025,0.012325,0.02365,0.055125,0.127775,0.207675,0.52885,0.0095,baseline_history_fit,2026-04-18T18:31:06.951738+00:00
4,Farmers Insurance Open,2021,2021-01-31,18634,"McNealy, Maverick",CUT,0.003025,0.0132,0.02495,0.05955,0.13615,0.2157,0.53015,0.001325,baseline_history_fit,2026-04-18T18:31:06.951738+00:00
4,Farmers Insurance Open,2021,2021-01-31,13831,"Knox, Russell",CUT,0.003025,0.0125,0.0231,0.057125,0.132425,0.21455,0.53745,0.0108,baseline_history_fit,2026-04-18T18:31:06.951738+00:00
4,Farmers Insurance Open,2021,2021-01-31,24550,"Ghim, Doug",T37,0.002925,0.011375,0.022175,0.053175,0.12535,0.20555,0.518375,0.001475,baseline_history_fit,2026-04-18T18:31:06.951738+00:00
4,Farmers Insurance Open,2021,2021-01-31,7655,"Molinari, Francesco",T10,0.002875,0.01105,0.021125,0.05045,0.121175,0.198775,0.516075,0.001425,baseline_history_fit,2026-04-18T18:31:06.951738+00:00
4,Farmers Insurance Open,2021,2021-01-31,11374,"Hahn, James",CUT,0.00285,0.010275,0.02035,0.04935,0.121825,0.1998,0.5225,0.00895,baseline_history_fit,2026-04-18T18:31:06.951738+00:00
4,Farmers Insurance Open,2021,2021-01-31,10419,"Noren, Alex",T37,0.00285,0.0138,0.026275,0.060825,0.142825,0.22915,0.55055,0.0108,baseline_history_fit,2026-04-18T18:31:06.951738+00:00
4,Farmers Insurance Open,2021,2021-01-31,19870,"McCarthy, Denny",T73,0.002675,0.0124,0.02345,0.0568,0.133525,0.2171,0.5397,0.010325,baseline_history_fit,2026-04-18T18:31:06.951738+00:00
4,Farmers Insurance Open,2021,2021-01-31,7398,"Schwartzel, Charl",T18,0.0025,0.010475,0.021475,0.05255,0.122325,0.197375,0.50585,0.0017,baseline_history_fit,2026-04-18T18:31:06.951738+00:00
4,Farmers Insurance Open,2021,2021-01-31,21554,"Poston, J.T.",T18,0.0025,0.009475,0.01865,0.045825,0.1094,0.179675,0.501325,0.009775,baseline_history_fit,2026-04-18T18:31:06.951738+00:00
4,Farmers Insurance Open,2021,2021-01-31,15575,"Hoge, Tom",CUT,0.0025,0.009075,0.0184,0.04565,0.114975,0.18925,0.514025,0.00905,baseline_history_fit,2026-04-18T18:31:06.951738+00:00
4,Farmers Insurance Open,2021,2021-01-31,13965,"Hadwin, Adam",T18,0.00245,0.011125,0.021375,0.05355,0.126675,0.20895,0.5216,0.001275,baseline_history_fit,2026-04-18T18:31:06.951738+00:00
4,Farmers Insurance Open,2021,2021-01-31,8820,"Snedeker, Brandt",T32,0.0023,0.009075,0.0181,0.045075,0.1105,0.183875,0.5002,0.001125,baseline_history_fit,2026-04-18T18:31:06.951738+00:00
4,Farmers Insurance Open,2021,2021-01-31,14140,"Higgs, Harry",T65,0.002275,0.009275,0.018425,0.046675,0.1108,0.1849,0.501225,0.00135,baseline_history_fit,2026-04-18T18:31:06.951738+00:00
4,Farmers Insurance Open,2021,2021-01-31,24481,"Redman, Doc",CUT,0.00225,0.009575,0.01845,0.045675,0.109925,0.1824,0.497875,0.0011,baseline_history_fit,2026-04-18T18:31:06.951738+00:00
4,Farmers Insurance Open,2021,2021-01-31,6762,"Perez, Pat",T69,0.0022,0.008425,0.01715,0.0448,0.10865,0.178225,0.498575,0.00095,baseline_history_fit,2026-04-18T18:31:06.951738+00:00
4,Farmers Insurance Open,2021,2021-01-31,19477,"Schenk, Adam",CUT,0.00205,0.00915,0.0179,0.044625,0.11195,0.185375,0.50315,0.001075,baseline_history_fit,2026-04-18T18:31:06.951738+00:00
4,Farmers Insurance Open,2021,2021-01-31,15651,"Ventura, Kris",CUT,0.001975,0.007525,0.015025,0.039825,0.0997,0.169525,0.48795,0.008275,baseline_history_fit,2026-04-18T18:31:06.951738+00:00
4,Farmers Insurance Open,2021,2021-01-31,16602,"Varner III, Harold",CUT,0.00195,0.008125,0.0161,0.0402,0.100625,0.16665,0.474875,0.0009,baseline_history_fit,2026-04-18T18:31:06.951738+00:00
4,Farmers Insurance Open,2021,2021-01-31,19364,"Werenski, Richy",T60,0.001875,0.00765,0.01575,0.03845,0.09975,0.170725,0.4829,0.001025,baseline_history_fit,2026-04-18T18:31:06.951738+00:00
4,Farmers Insurance Open,2021,2021-01-31,7959,"Holmes, J.B.",CUT,0.001775,0.006775,0.012625,0.0321,0.076675,0.130575,0.42665,0.0009,baseline_history_fit,2026-04-18T18:31:06.951738+00:00
4,Farmers Insurance Open,2021,2021-01-31,11826,"Lee, Danny",T65,0.001725,0.007375,0.014925,0.03725,0.09145,0.1589,0.469175,0.001175,baseline_history_fit,2026-04-18T18:31:06.951738+00:00
4,Farmers Insurance Open,2021,2021-01-31,18695,"Hagy, Brandon",T42,0.0017,0.007425,0.014025,0.0337,0.085125,0.144375,0.45575,0.0085,baseline_history_fit,2026-04-18T18:31:06.951738+00:00
4,Farmers Insurance Open,2021,2021-01-31,14926,"Malnati, Peter",T10,0.0016,0.006425,0.01325,0.0341,0.088425,0.1499,0.455025,0.001075,baseline_history_fit,2026-04-18T18:31:06.951738+00:00
4,Farmers Insurance Open,2021,2021-01-31,16433,"NeSmith, Matt",T48,0.001575,0.006125,0.0123,0.0314,0.084225,0.1439,0.452425,0.0067,baseline_history_fit,2026-04-18T18:31:06.951738+00:00
4,Farmers Insurance Open,2021,2021-01-31,7899,"Piercy, Scott",-,0.001575,0.00625,0.0132,0.032525,0.085175,0.14915,0.457875,0.001025,baseline_history_fit,2026-04-18T18:31:06.951738+00:00
4,Farmers Insurance Open,2021,2021-01-31,15470,"Hossler, Beau",CUT,0.00145,0.00525,0.0109,0.027575,0.0724,0.128025,0.428875,0.006975,baseline_history_fit,2026-04-18T18:31:06.951738+00:00
4,Farmers Insurance Open,2021,2021-01-31,12669,"Lahiri, Anirban",CUT,0.00145,0.00545,0.011225,0.029475,0.075875,0.13185,0.435625,0.00725,baseline_history_fit,2026-04-18T18:31:06.951738+00:00
4,Farmers Insurance Open,2021,2021-01-31,22050,"Suh, Justin",T37,0.001425,0.005,0.009575,0.0267,0.06965,0.12205,0.419925,0.0064,baseline_history_fit,2026-04-18T18:31:06.951738+00:00
4,Farmers Insurance Open,2021,2021-01-31,17365,"Mitchell, Keith",CUT,0.001275,0.0054,0.01075,0.027975,0.074675,0.1315,0.43955,0.00065,baseline_history_fit,2026-04-18T18:31:06.951738+00:00
4,Farmers Insurance Open,2021,2021-01-31,26660,"Gordon, Will",T42,0.00125,0.0059,0.01135,0.0292,0.07575,0.1336,0.443225,0.007025,baseline_history_fit,2026-04-18T18:31:06.951738+00:00
4,Farmers Insurance Open,2021,2021-01-31,13367,"Merritt, Troy",72,0.00125,0.004925,0.009525,0.026175,0.069475,0.127025,0.431,0.000625,baseline_history_fit,2026-04-18T18:31:06.951738+00:00
4,Farmers Insurance Open,2021,2021-01-31,14050,"Sloan, Roger",T53,0.0012,0.004125,0.00895,0.0258,0.0701,0.125875,0.43265,0.006575,baseline_history_fit,2026-04-18T18:31:06.951738+00:00
4,Farmers Insurance Open,2021,2021-01-31,21237,"Hickok, Kramer",CUT,0.001175,0.005375,0.010825,0.0268,0.0712,0.130425,0.433225,0.00085,baseline_history_fit,2026-04-18T18:31:06.951738+00:00
4,Farmers Insurance Open,2021,2021-01-31,14081,"Hoag, Bo",T18,0.001175,0.004775,0.01055,0.02975,0.07905,0.138475,0.4414,0.0008,baseline_history_fit,2026-04-18T18:31:06.951738+00:00
4,Farmers Insurance Open,2021,2021-01-31,13022,"Stuard, Brian",CUT,0.001125,0.003875,0.008025,0.022575,0.06335,0.112075,0.415275,0.0008,baseline_history_fit,2026-04-18T18:31:06.951738+00:00
4,Farmers Insurance Open,2021,2021-01-31,14852,"Streb, Robert",CUT,0.001075,0.00435,0.008975,0.024725,0.065,0.116425,0.41835,0.0061,baseline_history_fit,2026-04-18T18:31:06.951738+00:00
4,Farmers Insurance Open,2021,2021-01-31,10423,"Brehm, Ryan",CUT,0.001075,0.0044,0.00945,0.024,0.063,0.11245,0.4037,0.00085,baseline_history_fit,2026-04-18T18:31:06.951738+00:00
4,Farmers Insurance Open,2021,2021-01-31,11657,"Norlander, Henrik",T2,0.001075,0.005475,0.01215,0.0331,0.0855,0.14725,0.4579,0.00085,baseline_history_fit,2026-04-18T18:31:06.951738+00:00
4,Farmers Insurance Open,2021,2021-01-31,9171,"Villegas, Camilo",WD,0.001075,0.00425,0.008375,0.023975,0.066025,0.11795,0.40845,0.0008,baseline_history_fit,2026-04-18T18:31:06.951738+00:00
4,Farmers Insurance Open,2021,2021-01-31,12069,"Stanley, Kyle",T18,0.00105,0.004975,0.011975,0.032575,0.08625,0.148275,0.458625,0.001,baseline_history_fit,2026-04-18T18:31:06.951738+00:00
4,Farmers Insurance Open,2021,2021-01-31,14967,"Hadley, Chesson",CUT,0.001025,0.00515,0.010475,0.026725,0.0713,0.127225,0.431,0.00085,baseline_history_fit,2026-04-18T18:31:06.951738+00:00
4,Farmers Insurance Open,2021,2021-01-31,18187,"Duncan, Tyler",CUT,0.001,0.0045,0.00895,0.0237,0.066925,0.120525,0.421625,0.000925,baseline_history_fit,2026-04-18T18:31:06.951738+00:00
4,Farmers Insurance Open,2021,2021-01-31,11382,"Lovemark, Jamie",CUT,0.000975,0.0042,0.00875,0.0254,0.067125,0.1207,0.411825,0.000875,baseline_history_fit,2026-04-18T18:31:06.951738+00:00
4,Farmers Insurance Open,2021,2021-01-31,18635,"Shelton, Robby",T16,0.0009,0.003475,0.0065,0.019525,0.0537,0.10055,0.3809,0.000775,baseline_history_fit,2026-04-18T18:31:06.951738+00:00
4,Farmers Insurance Open,2021,2021-01-31,11082,"Burgoon, Bronson",T42,0.000875,0.0047,0.009325,0.0257,0.0691,0.123625,0.429125,0.006025,baseline_history_fit,2026-04-18T18:31:06.951738+00:00
4,Farmers Insurance Open,2021,2021-01-31,17509,"Seiffert, Chase",T60,0.00085,0.00325,0.006725,0.018625,0.05425,0.097875,0.38105,0.000675,baseline_history_fit,2026-04-18T18:31:06.951738+00:00
4,Farmers Insurance Open,2021,2021-01-31,13026,"Zhang, Xinjun",T60,0.000825,0.003475,0.007925,0.0228,0.065425,0.119275,0.428225,0.005175,baseline_history_fit,2026-04-18T18:31:06.951738+00:00
4,Farmers Insurance Open,2021,2021-01-31,14698,"Bramlett, Joseph",T18,0.0008,0.00405,0.008775,0.021925,0.0596,0.10895,0.403425,0.00605,baseline_history_fit,2026-04-18T18:31:06.951738+00:00
4,Farmers Insurance Open,2021,2021-01-31,15164,"Lewis, Tom",T42,0.0008,0.004,0.008475,0.02145,0.055825,0.103375,0.39365,0.00615,baseline_history_fit,2026-04-18T18:31:06.951738+00:00
4,Farmers Insurance Open,2021,2021-01-31,5874,"Percy, Cameron",T48,0.000725,0.003075,0.00615,0.018725,0.05365,0.09905,0.389,0.0005,baseline_history_fit,2026-04-18T18:31:06.951738+00:00
4,Farmers Insurance Open,2021,2021-01-31,13127,"Tway, Kevin",CUT,0.000725,0.003325,0.0068,0.0194,0.056275,0.105125,0.403,0.005175,baseline_history_fit,2026-04-18T18:31:06.951738+00:00
4,Farmers Insurance Open,2021,2021-01-31,25908,"Whaley, Vince",CUT,0.000725,0.003375,0.00725,0.021125,0.057725,0.107375,0.40705,0.00545,baseline_history_fit,2026-04-18T18:31:06.951738+00:00
4,Farmers Insurance Open,2021,2021-01-31,21943,"Lebioda, Hank",CUT,0.0007,0.003075,0.006625,0.0197,0.055875,0.107675,0.405275,0.005925,baseline_history_fit,2026-04-18T18:31:06.951738+00:00
4,Farmers Insurance Open,2021,2021-01-31,13497,"Lee, K.H.",CUT,0.00065,0.0029,0.00645,0.017225,0.05275,0.101125,0.39255,0.0009,baseline_history_fit,2026-04-18T18:31:06.951738+00:00
4,Farmers Insurance Open,2021,2021-01-31,16715,"Ryder, Sam",T10,0.000625,0.00315,0.006875,0.019275,0.054975,0.101225,0.395175,0.000525,baseline_history_fit,2026-04-18T18:31:06.951738+00:00
4,Farmers Insurance Open,2021,2021-01-31,17584,"McCumber, Tyler",T75,0.000625,0.002975,0.00645,0.01865,0.05535,0.101675,0.392175,0.00085,baseline_history_fit,2026-04-18T18:31:06.951738+00:00
4,Farmers Insurance Open,2021,2021-01-31,27597,"Ogletree, Andy",CUT,0.0006,0.00295,0.005425,0.0148,0.0453,0.0841,0.355775,0.00405,baseline_history_fit,2026-04-18T18:31:06.951738+00:00
4,Farmers Insurance Open,2021,2021-01-31,6252,"Baddeley, Aaron",CUT,0.00055,0.0031,0.006425,0.017525,0.05285,0.0993,0.383175,0.0007,baseline_history_fit,2026-04-18T18:31:06.951738+00:00
4,Farmers Insurance Open,2021,2021-01-31,17536,"Spaun, J.J.",CUT,0.00055,0.002975,0.00575,0.017025,0.048875,0.0919,0.375,0.0005,baseline_history_fit,2026-04-18T18:31:06.951738+00:00
4,Farmers Insurance Open,2021,2021-01-31,7900,"Haas, Bill",T42,0.000525,0.00275,0.00595,0.01635,0.0481,0.09285,0.37755,0.000325,baseline_history_fit,2026-04-18T18:31:06.951738+00:00
4,Farmers Insurance Open,2021,2021-01-31,26651,"Young, Cameron",CUT,0.000525,0.00265,0.005675,0.015875,0.044175,0.08195,0.3497,0.00375,baseline_history_fit,2026-04-18T18:31:06.951738+00:00
4,Farmers Insurance Open,2021,2021-01-31,14655,"Murray, Grayson",79,0.000475,0.0019,0.0037,0.01085,0.031975,0.06175,0.30995,0.00365,baseline_history_fit,2026-04-18T18:31:06.951738+00:00
4,Farmers Insurance Open,2021,2021-01-31,7301,"Dufner, Jason",T77,0.000425,0.00205,0.00525,0.0157,0.045175,0.085425,0.3625,0.00055,baseline_history_fit,2026-04-18T18:31:06.951738+00:00
4,Farmers Insurance Open,2021,2021-01-31,4818,"Stricker, Steve",T60,0.000425,0.00215,0.0042,0.012125,0.03525,0.07,0.32855,0.0005,baseline_history_fit,2026-04-18T18:31:06.951738+00:00
4,Farmers Insurance Open,2021,2021-01-31,13404,"Gligic, Michael",CUT,0.000425,0.0014,0.003225,0.00995,0.032975,0.064675,0.327225,0.000425,baseline_history_fit,2026-04-18T18:31:06.951738+00:00
4,Farmers Insurance Open,2021,2021-01-31,11117,"Noh, S.Y.",CUT,0.000375,0.002025,0.003775,0.011425,0.03615,0.069475,0.3352,0.004075,baseline_history_fit,2026-04-18T18:31:06.951738+00:00
4,Farmers Insurance Open,2021,2021-01-31,7955,"Watney, Nick",CUT,0.00035,0.0021,0.005,0.015,0.04435,0.0859,0.363625,0.004725,baseline_history_fit,2026-04-18T18:31:06.951738+00:00
4,Farmers Insurance Open,2021,2021-01-31,8479,"Harrington, Scott",CUT,0.000325,0.001675,0.004,0.01195,0.035175,0.0691,0.331925,0.000425,baseline_history_fit,2026-04-18T18:31:06.951738+00:00
4,Farmers Insurance Open,2021,2021-01-31,12131,"Anderson, Mark",CUT,0.000325,0.00185,0.0037,0.011075,0.035325,0.069375,0.330825,0.00035,baseline_history_fit,2026-04-18T18:31:06.951738+00:00
4,Farmers Insurance Open,2021,2021-01-31,13971,"Baker, Chris",CUT,0.000225,0.00145,0.0033,0.009875,0.029625,0.059575,0.317325,0.00415,baseline_history_fit,2026-04-18T18:31:06.951738+00:00
4,Farmers Insurance Open,2021,2021-01-31,8002,"Oppenheim, Rob",CUT,0.000225,0.00165,0.0039,0.01195,0.038125,0.074875,0.347225,0.004225,baseline_history_fit,2026-04-18T18:31:06.951738+00:00
4,Farmers Insurance Open,2021,2021-01-31,11330,"Brown, Scott",CUT,0.000225,0.00145,0.003175,0.009375,0.029625,0.060525,0.31795,0.003825,baseline_history_fit,2026-04-18T18:31:06.951738+00:00
4,Farmers Insurance Open,2021,2021-01-31,14776,"Cappelen, Sebastian",CUT,0.000175,0.000925,0.002375,0.006825,0.02385,0.050975,0.29665,0.003025,baseline_history_fit,2026-04-18T18:31:06.951738+00:00
4,Farmers Insurance Open,2021,2021-01-31,7293,"Walker, Jimmy",CUT,0.000175,0.001125,0.002625,0.0086,0.02635,0.053525,0.300075,0.0029,baseline_history_fit,2026-04-18T18:31:06.951738+00:00
4,Farmers Insurance Open,2021,2021-01-31,7097,"Wilkinson, Tim",T73,0.000175,0.000775,0.001925,0.0059,0.019825,0.0438,0.282025,0.00245,baseline_history_fit,2026-04-18T18:31:06.951738+00:00
4,Farmers Insurance Open,2021,2021-01-31,7340,"Hearn, David",CUT,0.000175,0.0008,0.001725,0.0053,0.018175,0.040325,0.27365,0.0021,baseline_history_fit,2026-04-18T18:31:06.951738+00:00
4,Farmers Insurance Open,2021,2021-01-31,1804,"Choi, K.J.",T69,0.00015,0.00085,0.001725,0.0043,0.016025,0.0358,0.249025,0.0018,baseline_history_fit,2026-04-18T18:31:06.951738+00:00
4,Farmers Insurance Open,2021,2021-01-31,16382,"Knous, Jim",CUT,0.0001,0.0003,0.000825,0.00265,0.009,0.020525,0.1896,0.0014,baseline_history_fit,2026-04-18T18:31:06.951738+00:00
4,Farmers Insurance Open,2021,2021-01-31,15852,"Kraft, Kelly",T60,0.0001,0.00095,0.001625,0.005475,0.019275,0.0403,0.260725,0.00035,baseline_history_fit,2026-04-18T18:31:06.951738+00:00
4,Farmers Insurance Open,2021,2021-01-31,8571,"Gomez, Fabian",WD,0.0001,0.0006,0.001825,0.0053,0.020325,0.041775,0.26885,0.003025,baseline_history_fit,2026-04-18T18:31:06.951738+00:00
4,Farmers Insurance Open,2021,2021-01-31,13531,"Kodaira, Satoshi",CUT,7.5e-05,0.000225,0.00065,0.002075,0.008575,0.020675,0.198225,0.000125,baseline_history_fit,2026-04-18T18:31:06.951738+00:00
4,Farmers Insurance Open,2021,2021-01-31,19948,"Taylor, Ben",CUT,7.5e-05,0.0005,0.001125,0.00425,0.01525,0.033475,0.2456,0.002425,baseline_history_fit,2026-04-18T18:31:06.951738+00:00
4,Farmers Insurance Open,2021,2021-01-31,8769,"Potter Jr, Ted",T18,5e-05,0.00025,0.000775,0.003675,0.01205,0.0272,0.2219,0.000125,baseline_history_fit,2026-04-18T18:31:06.951738+00:00
4,Farmers Insurance Open,2021,2021-01-31,24450,"Strafaci, Tyler",CUT,5e-05,0.00015,0.000375,0.0011,0.005,0.012125,0.15225,7.5e-05,baseline_history_fit,2026-04-18T18:31:06.951738+00:00
4,Farmers Insurance Open,2021,2021-01-31,15239,"Ledesma, Nelson",CUT,2.5e-05,0.000475,0.00085,0.0036,0.013525,0.029375,0.230575,0.0002,baseline_history_fit,2026-04-18T18:31:06.951738+00:00
4,Farmers Insurance Open,2021,2021-01-31,10185,"Every, Matt",CUT,2.5e-05,5e-05,0.00035,0.0008,0.002925,0.006375,0.11295,0.000125,baseline_history_fit,2026-04-18T18:31:06.951738+00:00
4,Farmers Insurance Open,2021,2021-01-31,21549,"Mack III, Willie",CUT,0.0,0.0,5e-05,0.000125,0.000375,0.001,0.043025,0.0,baseline_history_fit,2026-04-18T18:31:06.951738+00:00
4,Farmers Insurance Open,2021,2021-01-31,22086,"Du Toit, Jared",CUT,0.0,5e-05,0.000125,0.00035,0.001925,0.0054,0.1071,0.000375,baseline_history_fit,2026-04-18T18:31:06.951738+00:00
4,Farmers Insurance Open,2021,2021-01-31,16598,"Lee, Tain",T69,0.0,5e-05,0.0001,0.00025,0.0011,0.003275,0.078,5e-05,baseline_history_fit,2026-04-18T18:31:06.951738+00:00
4,Farmers Insurance Open,2021,2021-01-31,11640,"Gonzales, Andres",CUT,0.0,0.000175,0.000575,0.00195,0.008125,0.01845,0.18725,0.001275,baseline_history_fit,2026-04-18T18:31:06.951738+00:00
4,Farmers Insurance Open,2021,2021-01-31,7602,"Stadler, Kevin",T77,0.0,0.0,2.5e-05,7.5e-05,0.000525,0.001475,0.051475,0.000375,baseline_history_fit,2026-04-18T18:31:06.951738+00:00
4,Farmers Insurance Open,2021,2021-01-31,5207,"Senden, John",CUT,0.0,0.0,5e-05,0.0001,0.000275,0.00075,0.0462,0.000225,baseline_history_fit,2026-04-18T18:31:06.951738+00:00
4,Farmers Insurance Open,2021,2021-01-31,7636,"Mahan, Hunter",CUT,0.0,2.5e-05,0.0002,0.000625,0.0022,0.006775,0.12485,2.5e-05,baseline_history_fit,2026-04-18T18:31:06.951738+00:00
4,Farmers Insurance Open,2021,2021-01-31,17543,"Kim, Michael",T53,0.0,2.5e-05,7.5e-05,0.000775,0.002725,0.007575,0.12775,0.00075,baseline_history_fit,2026-04-18T18:31:06.951738+00:00
4,Farmers Insurance Open,2021,2021-01-31,13342,"Gibson, Rhein",T53,0.0,0.000175,0.000575,0.00255,0.01075,0.02625,0.2185,0.001725,baseline_history_fit,2026-04-18T18:31:06.951738+00:00
4,Farmers Insurance Open,2021,2021-01-31,19909,"Gellerman, Michael",CUT,0.0,2.5e-05,0.000125,0.00065,0.002775,0.007825,0.1276,0.00095,baseline_history_fit,2026-04-18T18:31:06.951738+00:00
4,Farmers Insurance Open,2021,2021-01-31,15634,"Trainer, Martin",WD,0.0,2.5e-05,0.0001,0.00035,0.00265,0.0067,0.1154,0.0,baseline_history_fit,2026-04-18T18:31:06.951738+00:00
4,Farmers Insurance Open,2021,2021-01-31,12909,"Campos, Rafael",CUT,0.0,2.5e-05,0.00015,0.0011,0.00435,0.010475,0.14685,0.001125,baseline_history_fit,2026-04-18T18:31:06.951738+00:00
4,Farmers Insurance Open,2021,2021-01-31,28039,"Mendoza, Kyle",T65,0.0,2.5e-05,0.0001,0.000325,0.00125,0.002625,0.065225,2.5e-05,baseline_history_fit,2026-04-18T18:31:06.951738+00:00
3,Waste Management Phoenix Open,2021,2021-02-07,19195,"Rahm, Jon",T13,0.14195,0.3017,0.397525,0.548475,0.71275,0.802375,0.915925,0.0532,baseline_history_fit,2026-04-18T18:31:07.166905+00:00
3,Waste Management Phoenix Open,2021,2021-02-07,14139,"Thomas, Justin",T13,0.08995,0.204675,0.290225,0.440425,0.6155,0.72065,0.877725,0.039,baseline_history_fit,2026-04-18T18:31:07.166905+00:00
3,Waste Management Phoenix Open,2021,2021-02-07,19895,"Schauffele, Xander",T2,0.070625,0.17595,0.257175,0.399325,0.5797,0.690825,0.863,0.04185,baseline_history_fit,2026-04-18T18:31:07.166905+00:00
3,Waste Management Phoenix Open,2021,2021-02-07,10091,"McIlroy, Rory",T13,0.064175,0.161175,0.23505,0.370025,0.547825,0.66405,0.8503,0.03745,baseline_history_fit,2026-04-18T18:31:07.166905+00:00
3,Waste Management Phoenix Open,2021,2021-02-07,11049,"Simpson, Webb",T42,0.05065,0.1364,0.206625,0.344075,0.525175,0.64515,0.850375,0.026075,baseline_history_fit,2026-04-18T18:31:07.166905+00:00
3,Waste Management Phoenix Open,2021,2021-02-07,13562,"Matsuyama, Hideki",T42,0.044725,0.118775,0.1822,0.307225,0.484425,0.6055,0.82645,0.024375,baseline_history_fit,2026-04-18T18:31:07.166905+00:00
3,Waste Management Phoenix Open,2021,2021-02-07,14577,"English, Harris",CUT,0.0379,0.106225,0.16385,0.28465,0.459925,0.584625,0.817675,0.02185,baseline_history_fit,2026-04-18T18:31:07.166905+00:00
3,Waste Management Phoenix Open,2021,2021-02-07,17606,"Berger, Daniel",CUT,0.033975,0.095475,0.15045,0.27055,0.443275,0.567775,0.809325,0.021875,baseline_history_fit,2026-04-18T18:31:07.166905+00:00
3,Waste Management Phoenix Open,2021,2021-02-07,18417,"Scheffler, Scottie",T7,0.022675,0.06975,0.115275,0.213425,0.3731,0.49655,0.774025,0.0176,baseline_history_fit,2026-04-18T18:31:07.166905+00:00
3,Waste Management Phoenix Open,2021,2021-02-07,17488,"Im, Sungjae",T17,0.020425,0.0626,0.103625,0.20145,0.359475,0.4858,0.77035,0.01865,baseline_history_fit,2026-04-18T18:31:07.166905+00:00
3,Waste Management Phoenix Open,2021,2021-02-07,12965,"Fowler, Rickie",CUT,0.01835,0.058175,0.098025,0.186375,0.334225,0.4586,0.74355,0.017175,baseline_history_fit,2026-04-18T18:31:07.166905+00:00
3,Waste Management Phoenix Open,2021,2021-02-07,7334,"Watson, Bubba",T22,0.0172,0.0544,0.091375,0.176875,0.3257,0.445675,0.738275,0.0174,baseline_history_fit,2026-04-18T18:31:07.166905+00:00
3,Waste Management Phoenix Open,2021,2021-02-07,11276,"Horschel, Billy",T53,0.016525,0.0549,0.09215,0.1769,0.3264,0.449325,0.746925,0.013625,baseline_history_fit,2026-04-18T18:31:07.166905+00:00
3,Waste Management Phoenix Open,2021,2021-02-07,19428,"Zalatoris, Will",T17,0.014525,0.0466,0.08035,0.15705,0.298375,0.4184,0.72255,0.015875,baseline_history_fit,2026-04-18T18:31:07.166905+00:00
3,Waste Management Phoenix Open,2021,2021-02-07,16243,"Koepka, Brooks",1,0.0127,0.04215,0.072425,0.1456,0.281475,0.3981,0.711175,0.0137,baseline_history_fit,2026-04-18T18:31:07.166905+00:00
3,Waste Management Phoenix Open,2021,2021-02-07,9771,"Day, Jason",CUT,0.01195,0.0404,0.0693,0.14115,0.277,0.39065,0.7024,0.01465,baseline_history_fit,2026-04-18T18:31:07.166905+00:00
3,Waste Management Phoenix Open,2021,2021-02-07,7820,"Palmer, Ryan",T42,0.011925,0.040225,0.0705,0.14175,0.2708,0.385275,0.6987,0.014625,baseline_history_fit,2026-04-18T18:31:07.166905+00:00
3,Waste Management Phoenix Open,2021,2021-02-07,17576,"Conners, Corey",T17,0.011825,0.0411,0.07035,0.144025,0.283025,0.40165,0.719925,0.01195,baseline_history_fit,2026-04-18T18:31:07.166905+00:00
3,Waste Management Phoenix Open,2021,2021-02-07,7672,"Oosthuizen, Louis",T11,0.0108,0.0362,0.064325,0.1344,0.260525,0.37675,0.699975,0.010975,baseline_history_fit,2026-04-18T18:31:07.166905+00:00
3,Waste Management Phoenix Open,2021,2021-02-07,14578,"Henley, Russell",T30,0.009825,0.03585,0.0618,0.1299,0.25485,0.369125,0.69715,0.010625,baseline_history_fit,2026-04-18T18:31:07.166905+00:00
3,Waste Management Phoenix Open,2021,2021-02-07,14609,"Kim, Si Woo",T50,0.009175,0.03085,0.05495,0.115525,0.233275,0.34335,0.6654,0.01335,baseline_history_fit,2026-04-18T18:31:07.166905+00:00
3,Waste Management Phoenix Open,2021,2021-02-07,6169,"Kuchar, Matt",T42,0.008575,0.03245,0.05845,0.121825,0.244325,0.3577,0.68435,0.00955,baseline_history_fit,2026-04-18T18:31:07.166905+00:00
3,Waste Management Phoenix Open,2021,2021-02-07,8825,"Harman, Brian",T36,0.0085,0.031325,0.0578,0.127025,0.257925,0.377475,0.69935,0.01235,baseline_history_fit,2026-04-18T18:31:07.166905+00:00
3,Waste Management Phoenix Open,2021,2021-02-07,7489,"Moore, Ryan",CUT,0.0079,0.029675,0.05215,0.112475,0.22875,0.33855,0.6683,0.0113,baseline_history_fit,2026-04-18T18:31:07.166905+00:00
3,Waste Management Phoenix Open,2021,2021-02-07,25919,"Wolff, Matthew",T36,0.007875,0.027925,0.0507,0.108675,0.223725,0.332775,0.6684,0.0094,baseline_history_fit,2026-04-18T18:31:07.166905+00:00
3,Waste Management Phoenix Open,2021,2021-02-07,12577,"Woodland, Gary",CUT,0.0076,0.024975,0.04545,0.099975,0.213425,0.321825,0.65815,0.00875,baseline_history_fit,2026-04-18T18:31:07.166905+00:00
3,Waste Management Phoenix Open,2021,2021-02-07,18580,"Gooch, Talor",CUT,0.007525,0.025675,0.045,0.0998,0.208,0.313775,0.651375,0.00825,baseline_history_fit,2026-04-18T18:31:07.166905+00:00
3,Waste Management Phoenix Open,2021,2021-02-07,14606,"Huh, John",CUT,0.00745,0.02705,0.0471,0.104175,0.216525,0.32395,0.664525,0.008925,baseline_history_fit,2026-04-18T18:31:07.166905+00:00
3,Waste Management Phoenix Open,2021,2021-02-07,19483,"Burns, Sam",T22,0.007125,0.02645,0.0471,0.10195,0.2083,0.3144,0.645475,0.011025,baseline_history_fit,2026-04-18T18:31:07.166905+00:00
3,Waste Management Phoenix Open,2021,2021-02-07,14735,"Ortiz, Carlos",T4,0.006525,0.0255,0.0449,0.098025,0.215,0.32165,0.657675,0.01115,baseline_history_fit,2026-04-18T18:31:07.166905+00:00
3,Waste Management Phoenix Open,2021,2021-02-07,14013,"Tringale, Cameron",T17,0.006525,0.022475,0.04225,0.0949,0.2021,0.308875,0.653725,0.006975,baseline_history_fit,2026-04-18T18:31:07.166905+00:00
3,Waste Management Phoenix Open,2021,2021-02-07,14459,"An, Byeong Hun",T53,0.0063,0.0222,0.0421,0.092975,0.198275,0.3016,0.640725,0.0104,baseline_history_fit,2026-04-18T18:31:07.166905+00:00
3,Waste Management Phoenix Open,2021,2021-02-07,8480,"Streelman, Kevin",T22,0.006075,0.021975,0.040125,0.088175,0.1908,0.291675,0.631625,0.010625,baseline_history_fit,2026-04-18T18:31:07.166905+00:00
3,Waste Management Phoenix Open,2021,2021-02-07,6986,"Johnson, Zach",T42,0.00585,0.020725,0.03825,0.086475,0.190525,0.293575,0.6356,0.009225,baseline_history_fit,2026-04-18T18:31:07.166905+00:00
3,Waste Management Phoenix Open,2021,2021-02-07,20770,"Munoz, Sebastian",CUT,0.005775,0.02075,0.039075,0.0875,0.1871,0.2909,0.6311,0.008725,baseline_history_fit,2026-04-18T18:31:07.166905+00:00
3,Waste Management Phoenix Open,2021,2021-02-07,13872,"Bradley, Keegan",T22,0.0054,0.02025,0.037525,0.087475,0.189725,0.2888,0.63575,0.0075,baseline_history_fit,2026-04-18T18:31:07.166905+00:00
3,Waste Management Phoenix Open,2021,2021-02-07,23542,"Champ, Cameron",CUT,0.005175,0.0185,0.034725,0.078075,0.1705,0.266825,0.60955,0.00905,baseline_history_fit,2026-04-18T18:31:07.166905+00:00
3,Waste Management Phoenix Open,2021,2021-02-07,11955,"Frittelli, Dylan",CUT,0.0051,0.0195,0.035575,0.08225,0.182525,0.28165,0.631625,0.006075,baseline_history_fit,2026-04-18T18:31:07.166905+00:00
3,Waste Management Phoenix Open,2021,2021-02-07,12423,"Kirk, Chris",CUT,0.005075,0.018875,0.034325,0.08145,0.181325,0.281175,0.629825,0.006625,baseline_history_fit,2026-04-18T18:31:07.166905+00:00
3,Waste Management Phoenix Open,2021,2021-02-07,17538,"Homa, Max",T42,0.005075,0.019,0.034675,0.0791,0.173,0.267875,0.608825,0.009875,baseline_history_fit,2026-04-18T18:31:07.166905+00:00
3,Waste Management Phoenix Open,2021,2021-02-07,22051,"Wise, Aaron",66,0.0049,0.018375,0.033275,0.077775,0.173025,0.270875,0.622325,0.00625,baseline_history_fit,2026-04-18T18:31:07.166905+00:00
3,Waste Management Phoenix Open,2021,2021-02-07,7399,"Glover, Lucas",T58,0.004825,0.01775,0.03365,0.078875,0.175275,0.27515,0.62465,0.008075,baseline_history_fit,2026-04-18T18:31:07.166905+00:00
3,Waste Management Phoenix Open,2021,2021-02-07,23604,"Clark, Wyndham",T36,0.00455,0.016625,0.03205,0.0756,0.16565,0.261275,0.605475,0.00925,baseline_history_fit,2026-04-18T18:31:07.166905+00:00
3,Waste Management Phoenix Open,2021,2021-02-07,12808,"Grillo, Emiliano",T22,0.004525,0.01805,0.03395,0.077425,0.17845,0.278925,0.62505,0.009775,baseline_history_fit,2026-04-18T18:31:07.166905+00:00
3,Waste Management Phoenix Open,2021,2021-02-07,15473,"Long, Adam",CUT,0.0044,0.016725,0.031825,0.074775,0.16915,0.2665,0.618875,0.006975,baseline_history_fit,2026-04-18T18:31:07.166905+00:00
3,Waste Management Phoenix Open,2021,2021-02-07,9586,"Laird, Martin",CUT,0.004275,0.015875,0.029275,0.0699,0.160775,0.2553,0.605825,0.005875,baseline_history_fit,2026-04-18T18:31:07.166905+00:00
3,Waste Management Phoenix Open,2021,2021-02-07,11019,"Steele, Brendan",T30,0.004275,0.017075,0.032,0.07495,0.164225,0.256425,0.602925,0.006575,baseline_history_fit,2026-04-18T18:31:07.166905+00:00
3,Waste Management Phoenix Open,2021,2021-02-07,7960,"List, Luke",T30,0.004175,0.017275,0.032725,0.074575,0.169625,0.263575,0.606575,0.0078,baseline_history_fit,2026-04-18T18:31:07.166905+00:00
3,Waste Management Phoenix Open,2021,2021-02-07,13965,"Hadwin, Adam",T50,0.004075,0.01525,0.029425,0.070225,0.16465,0.256675,0.609575,0.006575,baseline_history_fit,2026-04-18T18:31:07.166905+00:00
3,Waste Management Phoenix Open,2021,2021-02-07,8605,"Jones, Matt",T30,0.0038,0.014775,0.0278,0.065275,0.152525,0.241575,0.594025,0.007125,baseline_history_fit,2026-04-18T18:31:07.166905+00:00
3,Waste Management Phoenix Open,2021,2021-02-07,17550,"Van Rooyen, Erik",CUT,0.003775,0.01325,0.02595,0.062775,0.146525,0.2366,0.592475,0.007375,baseline_history_fit,2026-04-18T18:31:07.166905+00:00
3,Waste Management Phoenix Open,2021,2021-02-07,12425,"Todd, Brendon",T22,0.003675,0.014875,0.029825,0.0672,0.1507,0.2422,0.598075,0.00655,baseline_history_fit,2026-04-18T18:31:07.166905+00:00
3,Waste Management Phoenix Open,2021,2021-02-07,6283,"Sabbatini, Rory",CUT,0.00365,0.015525,0.029825,0.069825,0.1588,0.25225,0.601775,0.00795,baseline_history_fit,2026-04-18T18:31:07.166905+00:00
3,Waste Management Phoenix Open,2021,2021-02-07,14636,"Spieth, Jordan",T4,0.00355,0.015,0.0271,0.062,0.144275,0.234,0.58905,0.006025,baseline_history_fit,2026-04-18T18:31:07.166905+00:00
3,Waste Management Phoenix Open,2021,2021-02-07,24481,"Redman, Doc",CUT,0.0034,0.0143,0.02755,0.063825,0.14615,0.237175,0.59305,0.005725,baseline_history_fit,2026-04-18T18:31:07.166905+00:00
3,Waste Management Phoenix Open,2021,2021-02-07,14509,"Dahmen, Joel",CUT,0.003375,0.0138,0.0261,0.06285,0.143375,0.23035,0.578625,0.0074,baseline_history_fit,2026-04-18T18:31:07.166905+00:00
3,Waste Management Phoenix Open,2021,2021-02-07,17511,"Straka, Sepp",CUT,0.003225,0.012575,0.02405,0.058475,0.13655,0.223,0.572475,0.0059,baseline_history_fit,2026-04-18T18:31:07.166905+00:00
3,Waste Management Phoenix Open,2021,2021-02-07,13831,"Knox, Russell",T53,0.0032,0.012925,0.0253,0.059125,0.140875,0.228175,0.57835,0.00645,baseline_history_fit,2026-04-18T18:31:07.166905+00:00
3,Waste Management Phoenix Open,2021,2021-02-07,21554,"Poston, J.T.",T11,0.003075,0.01105,0.021425,0.052875,0.127125,0.20845,0.5583,0.006775,baseline_history_fit,2026-04-18T18:31:07.166905+00:00
3,Waste Management Phoenix Open,2021,2021-02-07,11657,"Norlander, Henrik",T22,0.002925,0.01115,0.02155,0.0545,0.1301,0.216325,0.572275,0.006725,baseline_history_fit,2026-04-18T18:31:07.166905+00:00
3,Waste Management Phoenix Open,2021,2021-02-07,7398,"Schwartzel, Charl",CUT,0.00285,0.010525,0.0204,0.051125,0.125825,0.209275,0.5593,0.00415,baseline_history_fit,2026-04-18T18:31:07.166905+00:00
3,Waste Management Phoenix Open,2021,2021-02-07,19870,"McCarthy, Denny",CUT,0.0028,0.012125,0.02235,0.056675,0.135875,0.222725,0.585525,0.00425,baseline_history_fit,2026-04-18T18:31:07.166905+00:00
3,Waste Management Phoenix Open,2021,2021-02-07,11374,"Hahn, James",10,0.002675,0.01195,0.02335,0.05865,0.138725,0.22845,0.578125,0.006475,baseline_history_fit,2026-04-18T18:31:07.166905+00:00
3,Waste Management Phoenix Open,2021,2021-02-07,7961,"Reavie, Chez",CUT,0.002625,0.0105,0.020275,0.05165,0.12795,0.212125,0.569425,0.0048,baseline_history_fit,2026-04-18T18:31:07.166905+00:00
3,Waste Management Phoenix Open,2021,2021-02-07,13470,"Kizzire, Patton",T50,0.0026,0.010325,0.020975,0.04995,0.122325,0.2054,0.5557,0.00655,baseline_history_fit,2026-04-18T18:31:07.166905+00:00
3,Waste Management Phoenix Open,2021,2021-02-07,5768,"Hoffman, Charley",CUT,0.002575,0.012625,0.02465,0.058875,0.137025,0.2232,0.56435,0.007,baseline_history_fit,2026-04-18T18:31:07.166905+00:00
3,Waste Management Phoenix Open,2021,2021-02-07,13126,"Taylor, Nick",CUT,0.002525,0.010725,0.0199,0.049925,0.1233,0.20535,0.5518,0.006075,baseline_history_fit,2026-04-18T18:31:07.166905+00:00
3,Waste Management Phoenix Open,2021,2021-02-07,14140,"Higgs, Harry",CUT,0.00245,0.007925,0.01705,0.0428,0.10755,0.18405,0.539625,0.005275,baseline_history_fit,2026-04-18T18:31:07.166905+00:00
3,Waste Management Phoenix Open,2021,2021-02-07,16602,"Varner III, Harold",T13,0.0024,0.0106,0.021,0.052275,0.12635,0.21135,0.563975,0.00505,baseline_history_fit,2026-04-18T18:31:07.166905+00:00
3,Waste Management Phoenix Open,2021,2021-02-07,11826,"Lee, Danny",CUT,0.00225,0.0089,0.017975,0.044975,0.110975,0.1832,0.535925,0.00505,baseline_history_fit,2026-04-18T18:31:07.166905+00:00
3,Waste Management Phoenix Open,2021,2021-02-07,16283,"Rodgers, Patrick",CUT,0.002225,0.009525,0.0188,0.04685,0.113475,0.189075,0.54345,0.005325,baseline_history_fit,2026-04-18T18:31:07.166905+00:00
3,Waste Management Phoenix Open,2021,2021-02-07,5665,"Cink, Stewart",T58,0.0021,0.008575,0.016375,0.041675,0.10605,0.178525,0.52815,0.003825,baseline_history_fit,2026-04-18T18:31:07.166905+00:00
3,Waste Management Phoenix Open,2021,2021-02-07,19865,"Hardy, Nick",T42,0.00205,0.009625,0.018375,0.045475,0.11355,0.188275,0.542,0.004275,baseline_history_fit,2026-04-18T18:31:07.166905+00:00
3,Waste Management Phoenix Open,2021,2021-02-07,13022,"Stuard, Brian",T58,0.001975,0.00855,0.01765,0.042325,0.10775,0.1824,0.536075,0.00565,baseline_history_fit,2026-04-18T18:31:07.166905+00:00
3,Waste Management Phoenix Open,2021,2021-02-07,19477,"Schenk, Adam",CUT,0.001975,0.007625,0.016375,0.0432,0.110425,0.188525,0.543225,0.00615,baseline_history_fit,2026-04-18T18:31:07.166905+00:00
3,Waste Management Phoenix Open,2021,2021-02-07,12946,"Thompson, Michael",CUT,0.00195,0.008575,0.01595,0.040625,0.104675,0.177575,0.5295,0.00395,baseline_history_fit,2026-04-18T18:31:07.166905+00:00
3,Waste Management Phoenix Open,2021,2021-02-07,12069,"Stanley, Kyle",T36,0.00185,0.008125,0.01705,0.044125,0.11165,0.190025,0.5395,0.00565,baseline_history_fit,2026-04-18T18:31:07.166905+00:00
3,Waste Management Phoenix Open,2021,2021-02-07,6762,"Perez, Pat",CUT,0.00175,0.006725,0.014675,0.03815,0.099,0.17215,0.524375,0.0046,baseline_history_fit,2026-04-18T18:31:07.166905+00:00
3,Waste Management Phoenix Open,2021,2021-02-07,6930,"Taylor, Vaughn",CUT,0.001625,0.008,0.0162,0.04085,0.1018,0.173325,0.52905,0.00365,baseline_history_fit,2026-04-18T18:31:07.166905+00:00
3,Waste Management Phoenix Open,2021,2021-02-07,7959,"Holmes, J.B.",CUT,0.0015,0.005575,0.011925,0.033225,0.084775,0.14775,0.4844,0.004675,baseline_history_fit,2026-04-18T18:31:07.166905+00:00
3,Waste Management Phoenix Open,2021,2021-02-07,19364,"Werenski, Richy",T22,0.001475,0.0066,0.01415,0.03705,0.097775,0.170525,0.519425,0.004975,baseline_history_fit,2026-04-18T18:31:07.166905+00:00
3,Waste Management Phoenix Open,2021,2021-02-07,15575,"Hoge, Tom",CUT,0.00145,0.006875,0.015225,0.041375,0.10755,0.183725,0.539575,0.00535,baseline_history_fit,2026-04-18T18:31:07.166905+00:00
3,Waste Management Phoenix Open,2021,2021-02-07,16433,"NeSmith, Matt",T7,0.00145,0.006325,0.01345,0.035725,0.0919,0.159575,0.508,0.00495,baseline_history_fit,2026-04-18T18:31:07.166905+00:00
3,Waste Management Phoenix Open,2021,2021-02-07,18187,"Duncan, Tyler",CUT,0.0014,0.0069,0.012975,0.035325,0.094275,0.166425,0.5242,0.004175,baseline_history_fit,2026-04-18T18:31:07.166905+00:00
3,Waste Management Phoenix Open,2021,2021-02-07,12359,"Stallings, Scott",T36,0.001325,0.00525,0.010325,0.030925,0.085,0.148825,0.499475,0.00395,baseline_history_fit,2026-04-18T18:31:07.166905+00:00
3,Waste Management Phoenix Open,2021,2021-02-07,16333,"Hubbard, Mark",T30,0.001325,0.0051,0.010975,0.0301,0.08345,0.151625,0.499325,0.004275,baseline_history_fit,2026-04-18T18:31:07.166905+00:00
3,Waste Management Phoenix Open,2021,2021-02-07,16715,"Ryder, Sam",57,0.0013,0.00595,0.0116,0.0308,0.08425,0.15225,0.49995,0.004375,baseline_history_fit,2026-04-18T18:31:07.166905+00:00
3,Waste Management Phoenix Open,2021,2021-02-07,14081,"Hoag, Bo",T36,0.0013,0.006925,0.013575,0.036625,0.096325,0.166425,0.520725,0.0045,baseline_history_fit,2026-04-18T18:31:07.166905+00:00
3,Waste Management Phoenix Open,2021,2021-02-07,13367,"Merritt, Troy",CUT,0.0012,0.00475,0.00995,0.02745,0.0776,0.14035,0.4958,0.00355,baseline_history_fit,2026-04-18T18:31:07.166905+00:00
3,Waste Management Phoenix Open,2021,2021-02-07,15475,"Pan, C.T.",CUT,0.001125,0.005525,0.01115,0.029425,0.078925,0.142775,0.492325,0.003425,baseline_history_fit,2026-04-18T18:31:07.166905+00:00
3,Waste Management Phoenix Open,2021,2021-02-07,18635,"Shelton, Robby",T53,0.0011,0.004575,0.0096,0.025375,0.071,0.1294,0.46615,0.003525,baseline_history_fit,2026-04-18T18:31:07.166905+00:00
3,Waste Management Phoenix Open,2021,2021-02-07,4818,"Stricker, Steve",T4,0.001025,0.004,0.0084,0.024,0.0683,0.12205,0.459175,0.002975,baseline_history_fit,2026-04-18T18:31:07.166905+00:00
3,Waste Management Phoenix Open,2021,2021-02-07,5716,"Harrington, Padraig",CUT,0.001025,0.005125,0.010675,0.029775,0.080875,0.14375,0.4899,0.0029,baseline_history_fit,2026-04-18T18:31:07.166905+00:00
3,Waste Management Phoenix Open,2021,2021-02-07,17365,"Mitchell, Keith",CUT,0.001025,0.004525,0.0093,0.024575,0.068275,0.122625,0.460325,0.0043,baseline_history_fit,2026-04-18T18:31:07.166905+00:00
3,Waste Management Phoenix Open,2021,2021-02-07,18579,"Cook, Austin",CUT,0.001,0.0053,0.01135,0.03015,0.078875,0.141625,0.484125,0.00385,baseline_history_fit,2026-04-18T18:31:07.166905+00:00
3,Waste Management Phoenix Open,2021,2021-02-07,13026,"Zhang, Xinjun",65,0.00095,0.003625,0.00775,0.022625,0.067175,0.1217,0.47085,0.002775,baseline_history_fit,2026-04-18T18:31:07.166905+00:00
3,Waste Management Phoenix Open,2021,2021-02-07,5951,"Gay, Brian",CUT,0.000925,0.0047,0.008725,0.025125,0.0688,0.12655,0.460975,0.004225,baseline_history_fit,2026-04-18T18:31:07.166905+00:00
3,Waste Management Phoenix Open,2021,2021-02-07,15164,"Lewis, Tom",CUT,0.0008,0.0039,0.008125,0.021925,0.06015,0.1117,0.4417,0.002475,baseline_history_fit,2026-04-18T18:31:07.166905+00:00
3,Waste Management Phoenix Open,2021,2021-02-07,11451,"Garnett, Brice",CUT,0.000725,0.003625,0.007575,0.02185,0.065925,0.124025,0.465425,0.00285,baseline_history_fit,2026-04-18T18:31:07.166905+00:00
3,Waste Management Phoenix Open,2021,2021-02-07,26660,"Gordon, Will",CUT,0.000625,0.002925,0.00735,0.020225,0.06015,0.1133,0.443575,0.002925,baseline_history_fit,2026-04-18T18:31:07.166905+00:00
3,Waste Management Phoenix Open,2021,2021-02-07,15470,"Hossler, Beau",CUT,0.000575,0.003025,0.0062,0.0175,0.051875,0.099175,0.42085,0.00295,baseline_history_fit,2026-04-18T18:31:07.166905+00:00
3,Waste Management Phoenix Open,2021,2021-02-07,13497,"Lee, K.H.",T2,0.00055,0.0028,0.006175,0.01825,0.057125,0.106325,0.436825,0.002325,baseline_history_fit,2026-04-18T18:31:07.166905+00:00
3,Waste Management Phoenix Open,2021,2021-02-07,14706,"Swafford, Hudson",CUT,0.000475,0.0021,0.00425,0.01315,0.0412,0.07875,0.383625,0.0022,baseline_history_fit,2026-04-18T18:31:07.166905+00:00
3,Waste Management Phoenix Open,2021,2021-02-07,8469,"Armour, Ryan",CUT,0.000475,0.002175,0.0049,0.0154,0.04835,0.095975,0.42,0.002275,baseline_history_fit,2026-04-18T18:31:07.166905+00:00
3,Waste Management Phoenix Open,2021,2021-02-07,14852,"Streb, Robert",CUT,0.000425,0.00305,0.006875,0.0202,0.056025,0.103875,0.430775,0.002775,baseline_history_fit,2026-04-18T18:31:07.166905+00:00
3,Waste Management Phoenix Open,2021,2021-02-07,7301,"Dufner, Jason",CUT,0.000425,0.00255,0.0056,0.017,0.0514,0.100025,0.4246,0.003025,baseline_history_fit,2026-04-18T18:31:07.166905+00:00
3,Waste Management Phoenix Open,2021,2021-02-07,14704,"Putnam, Andrew",T7,0.000425,0.001775,0.004375,0.0128,0.039825,0.079025,0.387975,0.001725,baseline_history_fit,2026-04-18T18:31:07.166905+00:00
3,Waste Management Phoenix Open,2021,2021-02-07,10943,"Lashley, Nate",T17,0.0004,0.001725,0.00365,0.011325,0.037325,0.073525,0.365475,0.002475,baseline_history_fit,2026-04-18T18:31:07.166905+00:00
3,Waste Management Phoenix Open,2021,2021-02-07,9171,"Villegas, Camilo",CUT,0.0004,0.002425,0.004575,0.01445,0.045025,0.088025,0.3919,0.0025,baseline_history_fit,2026-04-18T18:31:07.166905+00:00
3,Waste Management Phoenix Open,2021,2021-02-07,26211,"Augenstein, John",CUT,0.000375,0.0018,0.003475,0.0113,0.036925,0.076775,0.3738,0.001625,baseline_history_fit,2026-04-18T18:31:07.166905+00:00
3,Waste Management Phoenix Open,2021,2021-02-07,19872,"Riley, Davis",T58,0.000375,0.001675,0.00385,0.012,0.036975,0.074925,0.373425,0.001575,baseline_history_fit,2026-04-18T18:31:07.166905+00:00
3,Waste Management Phoenix Open,2021,2021-02-07,11382,"Lovemark, Jamie",CUT,0.00035,0.00155,0.00335,0.010125,0.0325,0.06665,0.352275,0.002125,baseline_history_fit,2026-04-18T18:31:07.166905+00:00
3,Waste Management Phoenix Open,2021,2021-02-07,25908,"Whaley, Vince",CUT,0.000325,0.001575,0.003175,0.011175,0.038425,0.076875,0.3795,0.00215,baseline_history_fit,2026-04-18T18:31:07.166905+00:00
3,Waste Management Phoenix Open,2021,2021-02-07,14655,"Murray, Grayson",T42,0.000325,0.001075,0.002325,0.007525,0.0265,0.054575,0.3278,0.0017,baseline_history_fit,2026-04-18T18:31:07.166905+00:00
3,Waste Management Phoenix Open,2021,2021-02-07,11330,"Brown, Scott",CUT,0.0003,0.00105,0.00265,0.008825,0.030375,0.062575,0.35215,0.002,baseline_history_fit,2026-04-18T18:31:07.166905+00:00
3,Waste Management Phoenix Open,2021,2021-02-07,5151,"Kelly, Jerry",CUT,0.00025,0.001125,0.002475,0.007525,0.0277,0.057475,0.3409,0.001375,baseline_history_fit,2026-04-18T18:31:07.166905+00:00
3,Waste Management Phoenix Open,2021,2021-02-07,13127,"Tway, Kevin",CUT,0.000225,0.0012,0.00325,0.01045,0.033625,0.0692,0.374125,0.001475,baseline_history_fit,2026-04-18T18:31:07.166905+00:00
3,Waste Management Phoenix Open,2021,2021-02-07,7881,"Kang, Sung",CUT,0.000175,0.000975,0.002,0.007125,0.0219,0.04665,0.302975,0.0018,baseline_history_fit,2026-04-18T18:31:07.166905+00:00
3,Waste Management Phoenix Open,2021,2021-02-07,8769,"Potter Jr, Ted",64,0.000175,0.000925,0.0026,0.007675,0.026275,0.05395,0.329225,0.001325,baseline_history_fit,2026-04-18T18:31:07.166905+00:00
3,Waste Management Phoenix Open,2021,2021-02-07,12477,"McGirt, William",CUT,0.00015,0.0009,0.00185,0.006275,0.023225,0.05025,0.323425,0.001275,baseline_history_fit,2026-04-18T18:31:07.166905+00:00
3,Waste Management Phoenix Open,2021,2021-02-07,8479,"Harrington, Scott",CUT,0.00015,0.00085,0.002475,0.0074,0.0255,0.0564,0.33815,0.001325,baseline_history_fit,2026-04-18T18:31:07.166905+00:00
3,Waste Management Phoenix Open,2021,2021-02-07,15852,"Kraft, Kelly",CUT,0.000125,0.000975,0.002125,0.00705,0.0236,0.052775,0.325375,0.001275,baseline_history_fit,2026-04-18T18:31:07.166905+00:00
3,Waste Management Phoenix Open,2021,2021-02-07,4163,"Donald, Luke",CUT,0.0001,0.00065,0.0018,0.0053,0.017925,0.0398,0.285175,0.001225,baseline_history_fit,2026-04-18T18:31:07.166905+00:00
3,Waste Management Phoenix Open,2021,2021-02-07,13531,"Kodaira, Satoshi",63,0.0001,0.0006,0.00125,0.00445,0.017225,0.037575,0.28495,0.00135,baseline_history_fit,2026-04-18T18:31:07.166905+00:00
3,Waste Management Phoenix Open,2021,2021-02-07,7293,"Walker, Jimmy",CUT,0.0001,0.000425,0.0009,0.0039,0.014975,0.0333,0.26925,0.0011,baseline_history_fit,2026-04-18T18:31:07.166905+00:00
3,Waste Management Phoenix Open,2021,2021-02-07,17543,"Kim, Michael",T58,2.5e-05,0.000175,0.000275,0.000875,0.003775,0.010725,0.16035,0.000275,baseline_history_fit,2026-04-18T18:31:07.166905+00:00
3,Waste Management Phoenix Open,2021,2021-02-07,15634,"Trainer, Martin",CUT,0.0,0.0,2.5e-05,0.0001,0.00085,0.0026,0.09595,0.000125,baseline_history_fit,2026-04-18T18:31:07.166905+00:00
3,Waste Management Phoenix Open,2021,2021-02-07,7636,"Mahan, Hunter",CUT,0.0,0.0001,0.000275,0.0011,0.004225,0.010375,0.168725,0.000375,baseline_history_fit,2026-04-18T18:31:07.166905+00:00
3,Waste Management Phoenix Open,2021,2021-02-07,7602,"Stadler, Kevin",CUT,0.0,0.0,0.0,5e-05,0.0007,0.002575,0.088025,0.000225,baseline_history_fit,2026-04-18T18:31:07.166905+00:00
3,Waste Management Phoenix Open,2021,2021-02-07,6457,"Van Pelt, Bo",T30,0.0,5e-05,0.000175,0.0008,0.002825,0.007975,0.1532,0.00025,baseline_history_fit,2026-04-18T18:31:07.166905+00:00
3,Waste Management Phoenix Open,2021,2021-02-07,19029,"Anguiano, Mark",CUT,0.0,2.5e-05,0.0001,0.000775,0.003475,0.008675,0.145125,0.000225,baseline_history_fit,2026-04-18T18:31:07.166905+00:00
3,Waste Management Phoenix Open,2021,2021-02-07,10622,"Mueller, Jesse",CUT,0.0,0.0,0.0,0.0,0.00025,0.0006,0.04555,2.5e-05,baseline_history_fit,2026-04-18T18:31:07.166905+00:00
5,AT&T Pebble Beach Pro-Am,2021,2021-02-14,15466,"Cantlay, Patrick",T3,0.1194,0.248575,0.334425,0.471825,0.630375,0.7245,0.86025,0.048275,baseline_history_fit,2026-04-18T18:31:07.343638+00:00
5,AT&T Pebble Beach Pro-Am,2021,2021-02-14,9771,"Day, Jason",T7,0.056975,0.136275,0.199275,0.31515,0.47805,0.586675,0.790175,0.027925,baseline_history_fit,2026-04-18T18:31:07.343638+00:00
5,AT&T Pebble Beach Pro-Am,2021,2021-02-14,17606,"Berger, Daniel",1,0.056725,0.140775,0.207,0.33205,0.503175,0.61265,0.80885,0.026425,baseline_history_fit,2026-04-18T18:31:07.343638+00:00
5,AT&T Pebble Beach Pro-Am,2021,2021-02-14,19428,"Zalatoris, Will",T55,0.04445,0.110025,0.1675,0.27545,0.434875,0.5461,0.766,0.025425,baseline_history_fit,2026-04-18T18:31:07.343638+00:00
5,AT&T Pebble Beach Pro-Am,2021,2021-02-14,7108,"Casey, Paul",T5,0.03475,0.092925,0.143225,0.2452,0.3973,0.506475,0.74895,0.01975,baseline_history_fit,2026-04-18T18:31:07.343638+00:00
5,AT&T Pebble Beach Pro-Am,2021,2021-02-14,14636,"Spieth, Jordan",T3,0.030425,0.08285,0.1273,0.2222,0.370025,0.482425,0.7277,0.0206,baseline_history_fit,2026-04-18T18:31:07.343638+00:00
5,AT&T Pebble Beach Pro-Am,2021,2021-02-14,14013,"Tringale, Cameron",T7,0.029,0.08105,0.12875,0.225625,0.37735,0.490825,0.736525,0.020425,baseline_history_fit,2026-04-18T18:31:07.343638+00:00
5,AT&T Pebble Beach Pro-Am,2021,2021-02-14,14609,"Kim, Si Woo",CUT,0.02845,0.076225,0.1168,0.205375,0.346175,0.455575,0.712125,0.02135,baseline_history_fit,2026-04-18T18:31:07.343638+00:00
5,AT&T Pebble Beach Pro-Am,2021,2021-02-14,17786,"Davis, Cam",T14,0.0254,0.073075,0.11445,0.204525,0.347975,0.459575,0.713475,0.018,baseline_history_fit,2026-04-18T18:31:07.343638+00:00
5,AT&T Pebble Beach Pro-Am,2021,2021-02-14,12965,"Fowler, Rickie",CUT,0.02485,0.07105,0.111075,0.197275,0.3362,0.448025,0.7083,0.018025,baseline_history_fit,2026-04-18T18:31:07.343638+00:00
5,AT&T Pebble Beach Pro-Am,2021,2021-02-14,19483,"Burns, Sam",T39,0.0212,0.061925,0.097175,0.178725,0.309975,0.415575,0.68375,0.0162,baseline_history_fit,2026-04-18T18:31:07.343638+00:00
5,AT&T Pebble Beach Pro-Am,2021,2021-02-14,8480,"Streelman, Kevin",13,0.020675,0.059375,0.0959,0.1772,0.3109,0.421575,0.689425,0.01365,baseline_history_fit,2026-04-18T18:31:07.343638+00:00
5,AT&T Pebble Beach Pro-Am,2021,2021-02-14,8605,"Jones, Matt",T34,0.0188,0.054125,0.08925,0.168825,0.3038,0.41595,0.6932,0.01625,baseline_history_fit,2026-04-18T18:31:07.343638+00:00
5,AT&T Pebble Beach Pro-Am,2021,2021-02-14,8825,"Harman, Brian",T39,0.018225,0.056875,0.092825,0.1764,0.3182,0.4324,0.702775,0.017175,baseline_history_fit,2026-04-18T18:31:07.343638+00:00
5,AT&T Pebble Beach Pro-Am,2021,2021-02-14,17538,"Homa, Max",T7,0.0151,0.0457,0.073,0.141575,0.2621,0.36595,0.651575,0.01235,baseline_history_fit,2026-04-18T18:31:07.343638+00:00
5,AT&T Pebble Beach Pro-Am,2021,2021-02-14,7655,"Molinari, Francesco",59,0.013025,0.038425,0.064725,0.12885,0.245075,0.347425,0.634525,0.010375,baseline_history_fit,2026-04-18T18:31:07.343638+00:00
5,AT&T Pebble Beach Pro-Am,2021,2021-02-14,1547,"Mickelson, Phil",CUT,0.011875,0.037875,0.06425,0.120325,0.2307,0.328325,0.620375,0.011575,baseline_history_fit,2026-04-18T18:31:07.343638+00:00
5,AT&T Pebble Beach Pro-Am,2021,2021-02-14,13126,"Taylor, Nick",T39,0.01095,0.034,0.0586,0.119525,0.2325,0.33745,0.6346,0.011575,baseline_history_fit,2026-04-18T18:31:07.343638+00:00
5,AT&T Pebble Beach Pro-Am,2021,2021-02-14,10419,"Noren, Alex",CUT,0.01065,0.03335,0.058825,0.11765,0.234075,0.3403,0.639725,0.0107,baseline_history_fit,2026-04-18T18:31:07.343638+00:00
5,AT&T Pebble Beach Pro-Am,2021,2021-02-14,14509,"Dahmen, Joel",T60,0.010625,0.0344,0.0575,0.1167,0.22435,0.3237,0.619875,0.0134,baseline_history_fit,2026-04-18T18:31:07.343638+00:00
5,AT&T Pebble Beach Pro-Am,2021,2021-02-14,24550,"Ghim, Doug",T21,0.009875,0.030225,0.051,0.1025,0.201175,0.2939,0.599125,0.0107,baseline_history_fit,2026-04-18T18:31:07.343638+00:00
5,AT&T Pebble Beach Pro-Am,2021,2021-02-14,6283,"Sabbatini, Rory",CUT,0.0098,0.03185,0.05475,0.11125,0.219175,0.31795,0.619275,0.0104,baseline_history_fit,2026-04-18T18:31:07.343638+00:00
5,AT&T Pebble Beach Pro-Am,2021,2021-02-14,14926,"Malnati, Peter",CUT,0.0095,0.032725,0.056175,0.1154,0.22095,0.316425,0.6129,0.00865,baseline_history_fit,2026-04-18T18:31:07.343638+00:00
5,AT&T Pebble Beach Pro-Am,2021,2021-02-14,15473,"Long, Adam",CUT,0.009475,0.03145,0.055125,0.10965,0.215175,0.314675,0.616725,0.0095,baseline_history_fit,2026-04-18T18:31:07.343638+00:00
5,AT&T Pebble Beach Pro-Am,2021,2021-02-14,11374,"Hahn, James",CUT,0.009475,0.029225,0.05115,0.1032,0.206675,0.30525,0.614875,0.007325,baseline_history_fit,2026-04-18T18:31:07.343638+00:00
5,AT&T Pebble Beach Pro-Am,2021,2021-02-14,12423,"Kirk, Chris",T16,0.0092,0.030125,0.05275,0.1073,0.213475,0.307625,0.60725,0.008075,baseline_history_fit,2026-04-18T18:31:07.343638+00:00
5,AT&T Pebble Beach Pro-Am,2021,2021-02-14,11657,"Norlander, Henrik",T26,0.00915,0.030375,0.051825,0.1083,0.21565,0.3134,0.617,0.0103,baseline_history_fit,2026-04-18T18:31:07.343638+00:00
5,AT&T Pebble Beach Pro-Am,2021,2021-02-14,13831,"Knox, Russell",T7,0.00885,0.03095,0.052125,0.1084,0.212075,0.311725,0.6157,0.010675,baseline_history_fit,2026-04-18T18:31:07.343638+00:00
5,AT&T Pebble Beach Pro-Am,2021,2021-02-14,13470,"Kizzire, Patton",T39,0.008575,0.026975,0.04585,0.096725,0.190325,0.279975,0.5849,0.010075,baseline_history_fit,2026-04-18T18:31:07.343638+00:00
5,AT&T Pebble Beach Pro-Am,2021,2021-02-14,16283,"Rodgers, Patrick",CUT,0.008575,0.02775,0.0474,0.1016,0.20425,0.29995,0.60125,0.00965,baseline_history_fit,2026-04-18T18:31:07.343638+00:00
5,AT&T Pebble Beach Pro-Am,2021,2021-02-14,5768,"Hoffman, Charley",T7,0.00845,0.027225,0.048175,0.098975,0.198625,0.2909,0.59555,0.00875,baseline_history_fit,2026-04-18T18:31:07.343638+00:00
5,AT&T Pebble Beach Pro-Am,2021,2021-02-14,16602,"Varner III, Harold",CUT,0.008375,0.0266,0.0465,0.09835,0.199275,0.294125,0.594175,0.010675,baseline_history_fit,2026-04-18T18:31:07.343638+00:00
5,AT&T Pebble Beach Pro-Am,2021,2021-02-14,7489,"Moore, Ryan",T26,0.008075,0.025275,0.044625,0.095175,0.1923,0.286725,0.58985,0.010425,baseline_history_fit,2026-04-18T18:31:07.343638+00:00
5,AT&T Pebble Beach Pro-Am,2021,2021-02-14,12359,"Stallings, Scott",T30,0.0079,0.026575,0.045575,0.098525,0.202,0.295075,0.604725,0.007475,baseline_history_fit,2026-04-18T18:31:07.343638+00:00
5,AT&T Pebble Beach Pro-Am,2021,2021-02-14,19870,"McCarthy, Denny",CUT,0.0071,0.024225,0.043325,0.09365,0.193225,0.289525,0.601275,0.00805,baseline_history_fit,2026-04-18T18:31:07.343638+00:00
5,AT&T Pebble Beach Pro-Am,2021,2021-02-14,5665,"Cink, Stewart",CUT,0.0068,0.022275,0.04035,0.0856,0.176825,0.26695,0.574325,0.00765,baseline_history_fit,2026-04-18T18:31:07.343638+00:00
5,AT&T Pebble Beach Pro-Am,2021,2021-02-14,12946,"Thompson, Michael",T34,0.006775,0.024525,0.042975,0.090875,0.185875,0.278175,0.58685,0.009925,baseline_history_fit,2026-04-18T18:31:07.343638+00:00
5,AT&T Pebble Beach Pro-Am,2021,2021-02-14,14081,"Hoag, Bo",CUT,0.0067,0.0227,0.039825,0.084175,0.17875,0.2722,0.582375,0.008725,baseline_history_fit,2026-04-18T18:31:07.343638+00:00
5,AT&T Pebble Beach Pro-Am,2021,2021-02-14,8820,"Snedeker, Brandt",CUT,0.006675,0.0225,0.039925,0.084025,0.17345,0.266675,0.5764,0.0066,baseline_history_fit,2026-04-18T18:31:07.343638+00:00
5,AT&T Pebble Beach Pro-Am,2021,2021-02-14,16433,"NeSmith, Matt",T16,0.00665,0.024475,0.042525,0.09075,0.185875,0.2765,0.58265,0.00815,baseline_history_fit,2026-04-18T18:31:07.343638+00:00
5,AT&T Pebble Beach Pro-Am,2021,2021-02-14,18634,"McNealy, Maverick",2,0.0066,0.024525,0.043925,0.09225,0.190225,0.28285,0.591775,0.008475,baseline_history_fit,2026-04-18T18:31:07.343638+00:00
5,AT&T Pebble Beach Pro-Am,2021,2021-02-14,15575,"Hoge, Tom",12,0.0065,0.022375,0.0397,0.085325,0.177875,0.268375,0.58205,0.009125,baseline_history_fit,2026-04-18T18:31:07.343638+00:00
5,AT&T Pebble Beach Pro-Am,2021,2021-02-14,7899,"Piercy, Scott",T50,0.006475,0.022125,0.03875,0.08415,0.177425,0.266975,0.57365,0.007425,baseline_history_fit,2026-04-18T18:31:07.343638+00:00
5,AT&T Pebble Beach Pro-Am,2021,2021-02-14,12069,"Stanley, Kyle",T39,0.006475,0.02195,0.038975,0.082775,0.173075,0.2649,0.5764,0.0085,baseline_history_fit,2026-04-18T18:31:07.343638+00:00
5,AT&T Pebble Beach Pro-Am,2021,2021-02-14,13508,"Vegas, Jhonattan",T50,0.0064,0.0225,0.0408,0.085575,0.173675,0.26065,0.566925,0.0095,baseline_history_fit,2026-04-18T18:31:07.343638+00:00
5,AT&T Pebble Beach Pro-Am,2021,2021-02-14,6762,"Perez, Pat",T26,0.006025,0.021,0.0386,0.084,0.17655,0.27,0.580925,0.008975,baseline_history_fit,2026-04-18T18:31:07.343638+00:00
5,AT&T Pebble Beach Pro-Am,2021,2021-02-14,19477,"Schenk, Adam",CUT,0.005725,0.022775,0.040225,0.087175,0.182,0.277025,0.589725,0.006675,baseline_history_fit,2026-04-18T18:31:07.343638+00:00
5,AT&T Pebble Beach Pro-Am,2021,2021-02-14,14140,"Higgs, Harry",CUT,0.005625,0.020925,0.03625,0.080375,0.1715,0.26245,0.571225,0.00725,baseline_history_fit,2026-04-18T18:31:07.343638+00:00
5,AT&T Pebble Beach Pro-Am,2021,2021-02-14,7961,"Reavie, Chez",T16,0.00555,0.0182,0.0325,0.073,0.15925,0.245425,0.5569,0.006775,baseline_history_fit,2026-04-18T18:31:07.343638+00:00
5,AT&T Pebble Beach Pro-Am,2021,2021-02-14,11019,"Steele, Brendan",T34,0.005475,0.022075,0.03775,0.081075,0.16945,0.25665,0.561725,0.007775,baseline_history_fit,2026-04-18T18:31:07.343638+00:00
5,AT&T Pebble Beach Pro-Am,2021,2021-02-14,18695,"Hagy, Brandon",CUT,0.004975,0.01845,0.0342,0.0755,0.158,0.24095,0.54805,0.0066,baseline_history_fit,2026-04-18T18:31:07.343638+00:00
5,AT&T Pebble Beach Pro-Am,2021,2021-02-14,14967,"Hadley, Chesson",CUT,0.0049,0.01785,0.033,0.0735,0.158075,0.241375,0.5526,0.007825,baseline_history_fit,2026-04-18T18:31:07.343638+00:00
5,AT&T Pebble Beach Pro-Am,2021,2021-02-14,2881,"Furyk, Jim",T21,0.0048,0.01715,0.03105,0.06885,0.15195,0.234325,0.5434,0.00465,baseline_history_fit,2026-04-18T18:31:07.343638+00:00
5,AT&T Pebble Beach Pro-Am,2021,2021-02-14,15651,"Ventura, Kris",CUT,0.004725,0.01705,0.029475,0.067,0.147025,0.230625,0.541925,0.006125,baseline_history_fit,2026-04-18T18:31:07.343638+00:00
5,AT&T Pebble Beach Pro-Am,2021,2021-02-14,14698,"Bramlett, Joseph",T63,0.0047,0.016175,0.02945,0.065625,0.1449,0.22795,0.544125,0.006625,baseline_history_fit,2026-04-18T18:31:07.343638+00:00
5,AT&T Pebble Beach Pro-Am,2021,2021-02-14,11082,"Burgoon, Bronson",T47,0.004625,0.01495,0.0278,0.06465,0.1435,0.220575,0.530375,0.00635,baseline_history_fit,2026-04-18T18:31:07.343638+00:00
5,AT&T Pebble Beach Pro-Am,2021,2021-02-14,7457,"Cabrera Bello, Rafa",CUT,0.00425,0.0145,0.027375,0.063475,0.141675,0.2264,0.5444,0.0071,baseline_history_fit,2026-04-18T18:31:07.343638+00:00
5,AT&T Pebble Beach Pro-Am,2021,2021-02-14,16715,"Ryder, Sam",CUT,0.004175,0.0145,0.025375,0.06,0.133625,0.216175,0.529775,0.0071,baseline_history_fit,2026-04-18T18:31:07.343638+00:00
5,AT&T Pebble Beach Pro-Am,2021,2021-02-14,6930,"Taylor, Vaughn",T21,0.004125,0.015325,0.02785,0.06185,0.136975,0.21585,0.522525,0.00795,baseline_history_fit,2026-04-18T18:31:07.343638+00:00
5,AT&T Pebble Beach Pro-Am,2021,2021-02-14,16333,"Hubbard, Mark",T55,0.0039,0.015625,0.029625,0.063675,0.143075,0.225825,0.54115,0.007775,baseline_history_fit,2026-04-18T18:31:07.343638+00:00
5,AT&T Pebble Beach Pro-Am,2021,2021-02-14,15475,"Pan, C.T.",65,0.0039,0.01255,0.022875,0.0545,0.121325,0.1974,0.511075,0.0062,baseline_history_fit,2026-04-18T18:31:07.343638+00:00
5,AT&T Pebble Beach Pro-Am,2021,2021-02-14,7959,"Holmes, J.B.",CUT,0.00385,0.01375,0.024675,0.056925,0.127,0.20025,0.5036,0.006475,baseline_history_fit,2026-04-18T18:31:07.343638+00:00
5,AT&T Pebble Beach Pro-Am,2021,2021-02-14,13367,"Merritt, Troy",T16,0.0037,0.012825,0.024575,0.0569,0.12795,0.2056,0.518975,0.005025,baseline_history_fit,2026-04-18T18:31:07.343638+00:00
5,AT&T Pebble Beach Pro-Am,2021,2021-02-14,15470,"Hossler, Beau",T47,0.003575,0.012875,0.023975,0.05465,0.1208,0.19355,0.498275,0.0059,baseline_history_fit,2026-04-18T18:31:07.343638+00:00
5,AT&T Pebble Beach Pro-Am,2021,2021-02-14,17365,"Mitchell, Keith",CUT,0.0034,0.013475,0.02535,0.05705,0.1302,0.205925,0.522375,0.0064,baseline_history_fit,2026-04-18T18:31:07.343638+00:00
5,AT&T Pebble Beach Pro-Am,2021,2021-02-14,14704,"Putnam, Andrew",T55,0.003225,0.012825,0.0232,0.0533,0.1227,0.1995,0.50675,0.00455,baseline_history_fit,2026-04-18T18:31:07.343638+00:00
5,AT&T Pebble Beach Pro-Am,2021,2021-02-14,15164,"Lewis, Tom",T14,0.003225,0.012725,0.024075,0.053825,0.120175,0.190675,0.497175,0.006525,baseline_history_fit,2026-04-18T18:31:07.343638+00:00
5,AT&T Pebble Beach Pro-Am,2021,2021-02-14,11952,"Grace, Branden",T34,0.0032,0.0123,0.02235,0.0522,0.121275,0.196575,0.507375,0.00445,baseline_history_fit,2026-04-18T18:31:07.343638+00:00
5,AT&T Pebble Beach Pro-Am,2021,2021-02-14,26660,"Gordon, Will",T21,0.0031,0.01175,0.0222,0.0505,0.11945,0.19275,0.50315,0.005425,baseline_history_fit,2026-04-18T18:31:07.343638+00:00
5,AT&T Pebble Beach Pro-Am,2021,2021-02-14,5874,"Percy, Cameron",T21,0.003025,0.01095,0.01985,0.0475,0.11365,0.187475,0.49795,0.005875,baseline_history_fit,2026-04-18T18:31:07.343638+00:00
5,AT&T Pebble Beach Pro-Am,2021,2021-02-14,14050,"Sloan, Roger",CUT,0.0029,0.010925,0.020325,0.0482,0.110975,0.18125,0.494125,0.0044,baseline_history_fit,2026-04-18T18:31:07.343638+00:00
5,AT&T Pebble Beach Pro-Am,2021,2021-02-14,12846,"Herman, Jim",CUT,0.002875,0.011425,0.0202,0.04785,0.108875,0.17795,0.4835,0.006375,baseline_history_fit,2026-04-18T18:31:07.343638+00:00
5,AT&T Pebble Beach Pro-Am,2021,2021-02-14,13305,"Chappell, Kevin",CUT,0.00285,0.010825,0.019225,0.0449,0.104775,0.173925,0.47965,0.005025,baseline_history_fit,2026-04-18T18:31:07.343638+00:00
5,AT&T Pebble Beach Pro-Am,2021,2021-02-14,14007,"Martin, Ben",CUT,0.002825,0.011875,0.022,0.04965,0.1126,0.18405,0.494025,0.004875,baseline_history_fit,2026-04-18T18:31:07.343638+00:00
5,AT&T Pebble Beach Pro-Am,2021,2021-02-14,18187,"Duncan, Tyler",CUT,0.0028,0.01005,0.01895,0.046225,0.110325,0.181275,0.49285,0.00605,baseline_history_fit,2026-04-18T18:31:07.343638+00:00
5,AT&T Pebble Beach Pro-Am,2021,2021-02-14,17509,"Seiffert, Chase",CUT,0.002675,0.01055,0.019125,0.0459,0.1088,0.1782,0.4855,0.004725,baseline_history_fit,2026-04-18T18:31:07.343638+00:00
5,AT&T Pebble Beach Pro-Am,2021,2021-02-14,10943,"Lashley, Nate",T5,0.0026,0.0089,0.016975,0.04015,0.096875,0.159725,0.46255,0.0057,baseline_history_fit,2026-04-18T18:31:07.343638+00:00
5,AT&T Pebble Beach Pro-Am,2021,2021-02-14,13022,"Stuard, Brian",T16,0.0026,0.011475,0.02185,0.05105,0.12205,0.1948,0.507275,0.0081,baseline_history_fit,2026-04-18T18:31:07.343638+00:00
5,AT&T Pebble Beach Pro-Am,2021,2021-02-14,26096,"Bhatia, Akshay",T30,0.00255,0.009625,0.0172,0.0398,0.09545,0.156825,0.457825,0.00495,baseline_history_fit,2026-04-18T18:31:07.343638+00:00
5,AT&T Pebble Beach Pro-Am,2021,2021-02-14,5951,"Gay, Brian",T34,0.0024,0.0094,0.017275,0.041525,0.10115,0.16805,0.47345,0.004125,baseline_history_fit,2026-04-18T18:31:07.343638+00:00
5,AT&T Pebble Beach Pro-Am,2021,2021-02-14,21237,"Hickok, Kramer",CUT,0.002375,0.011425,0.0216,0.051425,0.115,0.187725,0.4974,0.003925,baseline_history_fit,2026-04-18T18:31:07.343638+00:00
5,AT&T Pebble Beach Pro-Am,2021,2021-02-14,18579,"Cook, Austin",CUT,0.002375,0.009725,0.019075,0.04635,0.1103,0.179325,0.489575,0.005775,baseline_history_fit,2026-04-18T18:31:07.343638+00:00
5,AT&T Pebble Beach Pro-Am,2021,2021-02-14,11451,"Garnett, Brice",CUT,0.002375,0.008875,0.0175,0.0421,0.103975,0.170925,0.482975,0.005025,baseline_history_fit,2026-04-18T18:31:07.343638+00:00
5,AT&T Pebble Beach Pro-Am,2021,2021-02-14,13026,"Zhang, Xinjun",CUT,0.0023,0.00955,0.01885,0.04675,0.1124,0.184175,0.504025,0.0045,baseline_history_fit,2026-04-18T18:31:07.343638+00:00
5,AT&T Pebble Beach Pro-Am,2021,2021-02-14,8002,"Oppenheim, Rob",T39,0.0023,0.007425,0.0135,0.03255,0.08015,0.139375,0.441975,0.00365,baseline_history_fit,2026-04-18T18:31:07.343638+00:00
5,AT&T Pebble Beach Pro-Am,2021,2021-02-14,19872,"Riley, Davis",CUT,0.002175,0.00925,0.016575,0.04,0.097325,0.16215,0.46745,0.005,baseline_history_fit,2026-04-18T18:31:07.343638+00:00
5,AT&T Pebble Beach Pro-Am,2021,2021-02-14,6252,"Baddeley, Aaron",CUT,0.002175,0.0082,0.016225,0.037075,0.093275,0.15825,0.462875,0.00345,baseline_history_fit,2026-04-18T18:31:07.343638+00:00
5,AT&T Pebble Beach Pro-Am,2021,2021-02-14,10423,"Brehm, Ryan",CUT,0.002125,0.007775,0.014575,0.036675,0.0889,0.149925,0.45125,0.0045,baseline_history_fit,2026-04-18T18:31:07.343638+00:00
5,AT&T Pebble Beach Pro-Am,2021,2021-02-14,7626,"O'Hair, Sean",CUT,0.0021,0.007625,0.01385,0.03575,0.08655,0.1463,0.4402,0.003425,baseline_history_fit,2026-04-18T18:31:07.343638+00:00
5,AT&T Pebble Beach Pro-Am,2021,2021-02-14,17584,"McCumber, Tyler",CUT,0.00205,0.0072,0.01455,0.036125,0.0888,0.151425,0.450675,0.00415,baseline_history_fit,2026-04-18T18:31:07.343638+00:00
5,AT&T Pebble Beach Pro-Am,2021,2021-02-14,14655,"Murray, Grayson",CUT,0.002,0.00735,0.014,0.0326,0.078025,0.131775,0.420625,0.003575,baseline_history_fit,2026-04-18T18:31:07.343638+00:00
5,AT&T Pebble Beach Pro-Am,2021,2021-02-14,21943,"Lebioda, Hank",T39,0.001975,0.00815,0.016,0.040825,0.09835,0.162775,0.471925,0.004125,baseline_history_fit,2026-04-18T18:31:07.343638+00:00
5,AT&T Pebble Beach Pro-Am,2021,2021-02-14,7900,"Haas, Bill",CUT,0.001975,0.007025,0.01275,0.032075,0.08035,0.138825,0.442975,0.004,baseline_history_fit,2026-04-18T18:31:07.343638+00:00
5,AT&T Pebble Beach Pro-Am,2021,2021-02-14,25908,"Whaley, Vince",T50,0.0018,0.006,0.011275,0.0292,0.0746,0.128025,0.425125,0.003425,baseline_history_fit,2026-04-18T18:31:07.343638+00:00
5,AT&T Pebble Beach Pro-Am,2021,2021-02-14,8469,"Armour, Ryan",T47,0.001725,0.007075,0.013875,0.0337,0.085325,0.146625,0.4509,0.003225,baseline_history_fit,2026-04-18T18:31:07.343638+00:00
5,AT&T Pebble Beach Pro-Am,2021,2021-02-14,11117,"Noh, S.Y.",CUT,0.0017,0.007775,0.01555,0.03745,0.090925,0.152075,0.446925,0.0043,baseline_history_fit,2026-04-18T18:31:07.343638+00:00
5,AT&T Pebble Beach Pro-Am,2021,2021-02-14,12321,"Aphibarnrat, Kiradech",CUT,0.00165,0.0076,0.014425,0.03585,0.08475,0.14075,0.441825,0.005125,baseline_history_fit,2026-04-18T18:31:07.343638+00:00
5,AT&T Pebble Beach Pro-Am,2021,2021-02-14,11357,"Uihlein, Peter",T60,0.00155,0.007025,0.01315,0.031775,0.07735,0.136425,0.429475,0.003875,baseline_history_fit,2026-04-18T18:31:07.343638+00:00
5,AT&T Pebble Beach Pro-Am,2021,2021-02-14,8085,"Teater, Josh",T50,0.00155,0.006475,0.0123,0.033325,0.0841,0.143125,0.447925,0.003825,baseline_history_fit,2026-04-18T18:31:07.343638+00:00
5,AT&T Pebble Beach Pro-Am,2021,2021-02-14,10104,"Power, Seamus",CUT,0.0013,0.0057,0.0107,0.027675,0.0708,0.1235,0.41175,0.003225,baseline_history_fit,2026-04-18T18:31:07.343638+00:00
5,AT&T Pebble Beach Pro-Am,2021,2021-02-14,14000,"Landry, Andrew",CUT,0.001275,0.0052,0.010625,0.02735,0.0704,0.122775,0.417275,0.003175,baseline_history_fit,2026-04-18T18:31:07.343638+00:00
5,AT&T Pebble Beach Pro-Am,2021,2021-02-14,15852,"Kraft, Kelly",CUT,0.001175,0.004975,0.00965,0.024325,0.064225,0.1121,0.399825,0.003775,baseline_history_fit,2026-04-18T18:31:07.343638+00:00
5,AT&T Pebble Beach Pro-Am,2021,2021-02-14,7955,"Watney, Nick",CUT,0.00115,0.004825,0.010375,0.026425,0.06805,0.118825,0.4099,0.0031,baseline_history_fit,2026-04-18T18:31:07.343638+00:00
5,AT&T Pebble Beach Pro-Am,2021,2021-02-14,17536,"Spaun, J.J.",CUT,0.00115,0.004175,0.00895,0.02365,0.06185,0.111225,0.3994,0.00285,baseline_history_fit,2026-04-18T18:31:07.343638+00:00
5,AT&T Pebble Beach Pro-Am,2021,2021-02-14,8479,"Harrington, Scott",66,0.001025,0.004475,0.008175,0.0207,0.05565,0.102525,0.387775,0.00235,baseline_history_fit,2026-04-18T18:31:07.343638+00:00
5,AT&T Pebble Beach Pro-Am,2021,2021-02-14,7301,"Dufner, Jason",T26,0.001,0.0048,0.010275,0.02555,0.068575,0.121675,0.42005,0.0043,baseline_history_fit,2026-04-18T18:31:07.343638+00:00
5,AT&T Pebble Beach Pro-Am,2021,2021-02-14,27597,"Ogletree, Andy",CUT,0.000975,0.00455,0.00945,0.023975,0.062325,0.109525,0.396525,0.003,baseline_history_fit,2026-04-18T18:31:07.343638+00:00
5,AT&T Pebble Beach Pro-Am,2021,2021-02-14,4163,"Donald, Luke",CUT,0.000975,0.00485,0.009725,0.0256,0.067675,0.119275,0.40595,0.00205,baseline_history_fit,2026-04-18T18:31:07.343638+00:00
5,AT&T Pebble Beach Pro-Am,2021,2021-02-14,8769,"Potter Jr, Ted",CUT,0.00095,0.003825,0.008175,0.0206,0.056125,0.101275,0.381675,0.0029,baseline_history_fit,2026-04-18T18:31:07.343638+00:00
5,AT&T Pebble Beach Pro-Am,2021,2021-02-14,6846,"Barnes, Ricky",CUT,0.0009,0.003725,0.006875,0.017275,0.0452,0.084425,0.3501,0.0022,baseline_history_fit,2026-04-18T18:31:07.343638+00:00
5,AT&T Pebble Beach Pro-Am,2021,2021-02-14,7097,"Wilkinson, Tim",T30,0.0009,0.0037,0.007225,0.019175,0.052975,0.0955,0.379,0.002775,baseline_history_fit,2026-04-18T18:31:07.343638+00:00
5,AT&T Pebble Beach Pro-Am,2021,2021-02-14,7881,"Kang, Sung",T63,0.000875,0.003225,0.006325,0.0166,0.046,0.083375,0.352025,0.002775,baseline_history_fit,2026-04-18T18:31:07.343638+00:00
5,AT&T Pebble Beach Pro-Am,2021,2021-02-14,7293,"Walker, Jimmy",CUT,0.00085,0.003925,0.008425,0.022125,0.05985,0.107775,0.3914,0.003075,baseline_history_fit,2026-04-18T18:31:07.343638+00:00
5,AT&T Pebble Beach Pro-Am,2021,2021-02-14,11330,"Brown, Scott",T30,0.00085,0.004825,0.0092,0.024575,0.064875,0.11335,0.400975,0.003775,baseline_history_fit,2026-04-18T18:31:07.343638+00:00
5,AT&T Pebble Beach Pro-Am,2021,2021-02-14,13971,"Baker, Chris",CUT,0.00085,0.004075,0.007575,0.0217,0.058775,0.1041,0.389925,0.00265,baseline_history_fit,2026-04-18T18:31:07.343638+00:00
5,AT&T Pebble Beach Pro-Am,2021,2021-02-14,7236,"Trahan, D.J.",CUT,0.000825,0.003775,0.00755,0.02055,0.0559,0.100925,0.38095,0.002475,baseline_history_fit,2026-04-18T18:31:07.343638+00:00
5,AT&T Pebble Beach Pro-Am,2021,2021-02-14,15720,"Roach, Wes",67,0.0008,0.00395,0.007775,0.02115,0.05585,0.100025,0.38105,0.002275,baseline_history_fit,2026-04-18T18:31:07.343638+00:00
5,AT&T Pebble Beach Pro-Am,2021,2021-02-14,16841,"Lee, Min Woo",CUT,0.000775,0.003675,0.007575,0.020125,0.0554,0.099625,0.378575,0.002775,baseline_history_fit,2026-04-18T18:31:07.343638+00:00
5,AT&T Pebble Beach Pro-Am,2021,2021-02-14,13404,"Gligic, Michael",CUT,0.000775,0.00305,0.0061,0.0168,0.04835,0.08955,0.365875,0.00265,baseline_history_fit,2026-04-18T18:31:07.343638+00:00
5,AT&T Pebble Beach Pro-Am,2021,2021-02-14,12131,"Anderson, Mark",CUT,0.000775,0.003325,0.007325,0.021125,0.0585,0.107175,0.397375,0.003425,baseline_history_fit,2026-04-18T18:31:07.343638+00:00
5,AT&T Pebble Beach Pro-Am,2021,2021-02-14,10081,"Bae, Sangmoon",CUT,0.00075,0.003,0.005725,0.014575,0.0422,0.0793,0.334175,0.002475,baseline_history_fit,2026-04-18T18:31:07.343638+00:00
5,AT&T Pebble Beach Pro-Am,2021,2021-02-14,8571,"Gomez, Fabian",CUT,0.0007,0.00255,0.00525,0.014175,0.042075,0.07815,0.3485,0.0015,baseline_history_fit,2026-04-18T18:31:07.343638+00:00
5,AT&T Pebble Beach Pro-Am,2021,2021-02-14,6931,"Byrd, Jonathan",CUT,0.0005,0.002525,0.0058,0.015725,0.046325,0.085,0.353375,0.00285,baseline_history_fit,2026-04-18T18:31:07.343638+00:00
5,AT&T Pebble Beach Pro-Am,2021,2021-02-14,7340,"Hearn, David",CUT,0.0005,0.002375,0.004775,0.012675,0.03735,0.073625,0.339375,0.001125,baseline_history_fit,2026-04-18T18:31:07.343638+00:00
5,AT&T Pebble Beach Pro-Am,2021,2021-02-14,13342,"Gibson, Rhein",CUT,0.000375,0.00205,0.0044,0.012475,0.0345,0.06795,0.322425,0.002375,baseline_history_fit,2026-04-18T18:31:07.343638+00:00
5,AT&T Pebble Beach Pro-Am,2021,2021-02-14,19948,"Taylor, Ben",T50,0.00035,0.0016,0.00335,0.01,0.0314,0.061425,0.309375,0.00165,baseline_history_fit,2026-04-18T18:31:07.343638+00:00
5,AT&T Pebble Beach Pro-Am,2021,2021-02-14,5625,"Chalmers, Greg",CUT,0.000325,0.000925,0.001875,0.00575,0.01805,0.03655,0.23365,0.00105,baseline_history_fit,2026-04-18T18:31:07.343638+00:00
5,AT&T Pebble Beach Pro-Am,2021,2021-02-14,14776,"Cappelen, Sebastian",T55,0.000325,0.002025,0.004375,0.01325,0.039725,0.0759,0.3426,0.002125,baseline_history_fit,2026-04-18T18:31:07.343638+00:00
5,AT&T Pebble Beach Pro-Am,2021,2021-02-14,1804,"Choi, K.J.",CUT,0.0003,0.00185,0.003925,0.012425,0.0361,0.068925,0.326925,0.001375,baseline_history_fit,2026-04-18T18:31:07.343638+00:00
5,AT&T Pebble Beach Pro-Am,2021,2021-02-14,5668,"Pampling, Rod",CUT,0.00025,0.0011,0.002775,0.007975,0.025825,0.05125,0.2848,0.0013,baseline_history_fit,2026-04-18T18:31:07.343638+00:00
5,AT&T Pebble Beach Pro-Am,2021,2021-02-14,15239,"Ledesma, Nelson",CUT,0.00025,0.001175,0.002575,0.007825,0.02565,0.051725,0.289625,0.001625,baseline_history_fit,2026-04-18T18:31:07.343638+00:00
5,AT&T Pebble Beach Pro-Am,2021,2021-02-14,17564,"Bozzelli, Dominic",CUT,0.000225,0.00075,0.00145,0.00415,0.013875,0.0295,0.2195,0.0014,baseline_history_fit,2026-04-18T18:31:07.343638+00:00
5,AT&T Pebble Beach Pro-Am,2021,2021-02-14,6457,"Van Pelt, Bo",CUT,0.0002,0.00075,0.001475,0.004375,0.014625,0.031075,0.224425,0.00105,baseline_history_fit,2026-04-18T18:31:07.343638+00:00
5,AT&T Pebble Beach Pro-Am,2021,2021-02-14,12643,"Castro, Roberto",CUT,0.0002,0.000925,0.002475,0.00745,0.02365,0.04765,0.27125,0.0014,baseline_history_fit,2026-04-18T18:31:07.343638+00:00
5,AT&T Pebble Beach Pro-Am,2021,2021-02-14,7927,"Wagner, Johnson",CUT,0.0002,0.001,0.002625,0.007625,0.0241,0.04965,0.282875,0.0014,baseline_history_fit,2026-04-18T18:31:07.343638+00:00
5,AT&T Pebble Beach Pro-Am,2021,2021-02-14,13531,"Kodaira, Satoshi",CUT,0.0002,0.0011,0.0026,0.008,0.026475,0.0526,0.28735,0.001475,baseline_history_fit,2026-04-18T18:31:07.343638+00:00
5,AT&T Pebble Beach Pro-Am,2021,2021-02-14,14036,"Sucher, Zack",T60,0.00015,0.000825,0.001775,0.0053,0.017875,0.036,0.2386,0.00155,baseline_history_fit,2026-04-18T18:31:07.343638+00:00
5,AT&T Pebble Beach Pro-Am,2021,2021-02-14,9643,"Blaum, Ryan",CUT,0.000125,0.000925,0.0022,0.0068,0.02235,0.045675,0.262875,0.00115,baseline_history_fit,2026-04-18T18:31:07.343638+00:00
5,AT&T Pebble Beach Pro-Am,2021,2021-02-14,16382,"Knous, Jim",CUT,0.000125,0.000725,0.001425,0.00485,0.016475,0.035825,0.236925,0.001325,baseline_history_fit,2026-04-18T18:31:07.343638+00:00
5,AT&T Pebble Beach Pro-Am,2021,2021-02-14,10185,"Every, Matt",WD,0.000125,0.00055,0.0013,0.003475,0.011675,0.025325,0.205675,0.001025,baseline_history_fit,2026-04-18T18:31:07.343638+00:00
5,AT&T Pebble Beach Pro-Am,2021,2021-02-14,757,"Lehman, Tom",CUT,0.0001,0.00035,0.00055,0.00225,0.006925,0.015925,0.16965,0.000275,baseline_history_fit,2026-04-18T18:31:07.343638+00:00
5,AT&T Pebble Beach Pro-Am,2021,2021-02-14,17543,"Kim, Michael",CUT,0.0001,0.0007,0.001925,0.006025,0.0197,0.039125,0.248925,0.00125,baseline_history_fit,2026-04-18T18:31:07.343638+00:00
5,AT&T Pebble Beach Pro-Am,2021,2021-02-14,14012,"Stefani, Shawn",CUT,7.5e-05,0.00045,0.0009,0.00285,0.0098,0.021825,0.197,0.000725,baseline_history_fit,2026-04-18T18:31:07.343638+00:00
5,AT&T Pebble Beach Pro-Am,2021,2021-02-14,12909,"Campos, Rafael",CUT,7.5e-05,0.000575,0.0015,0.00425,0.013375,0.028075,0.217425,0.001025,baseline_history_fit,2026-04-18T18:31:07.343638+00:00
5,AT&T Pebble Beach Pro-Am,2021,2021-02-14,19909,"Gellerman, Michael",CUT,5e-05,0.000325,0.0006,0.00215,0.008275,0.01905,0.186725,0.00065,baseline_history_fit,2026-04-18T18:31:07.343638+00:00
5,AT&T Pebble Beach Pro-Am,2021,2021-02-14,6761,"Points, D.A.",CUT,2.5e-05,5e-05,0.00015,0.00055,0.002275,0.0066,0.118375,0.0004,baseline_history_fit,2026-04-18T18:31:07.343638+00:00
5,AT&T Pebble Beach Pro-Am,2021,2021-02-14,15634,"Trainer, Martin",CUT,2.5e-05,0.0001,0.00035,0.0013,0.004825,0.012825,0.153375,0.00045,baseline_history_fit,2026-04-18T18:31:07.343638+00:00
5,AT&T Pebble Beach Pro-Am,2021,2021-02-14,7636,"Mahan, Hunter",CUT,2.5e-05,0.0002,0.00055,0.00195,0.006975,0.0164,0.174225,0.0005,baseline_history_fit,2026-04-18T18:31:07.343638+00:00
5,AT&T Pebble Beach Pro-Am,2021,2021-02-14,7602,"Stadler, Kevin",CUT,2.5e-05,2.5e-05,7.5e-05,0.000325,0.00195,0.005775,0.103975,0.00045,baseline_history_fit,2026-04-18T18:31:07.343638+00:00
5,AT&T Pebble Beach Pro-Am,2021,2021-02-14,28038,"Johnson, Kamaiu",CUT,2.5e-05,0.0001,0.000275,0.000975,0.00345,0.007925,0.10765,0.000275,baseline_history_fit,2026-04-18T18:31:07.343638+00:00
5,AT&T Pebble Beach Pro-Am,2021,2021-02-14,5207,"Senden, John",T39,2.5e-05,2.5e-05,2.5e-05,5e-05,0.000475,0.0011,0.05465,7.5e-05,baseline_history_fit,2026-04-18T18:31:07.343638+00:00
5,AT&T Pebble Beach Pro-Am,2021,2021-02-14,22916,"Pigman, Kenny",CUT,2.5e-05,5e-05,0.000175,0.0009,0.003375,0.008175,0.11055,0.000275,baseline_history_fit,2026-04-18T18:31:07.343638+00:00
5,AT&T Pebble Beach Pro-Am,2021,2021-02-14,4761,"Duval, David",CUT,0.0,0.0,0.0,0.0,0.0,2.5e-05,0.0083,2.5e-05,baseline_history_fit,2026-04-18T18:31:07.343638+00:00
5,AT&T Pebble Beach Pro-Am,2021,2021-02-14,8092,"Hall, Kevin",CUT,0.0,0.0,0.0,0.0001,0.000425,0.00105,0.041625,0.0002,baseline_history_fit,2026-04-18T18:31:07.343638+00:00
5,AT&T Pebble Beach Pro-Am,2021,2021-02-14,5466,"Gogel, Matt",CUT,0.0,0.0001,0.000275,0.000925,0.003175,0.0075,0.108525,0.000425,baseline_history_fit,2026-04-18T18:31:07.343638+00:00
5,AT&T Pebble Beach Pro-Am,2021,2021-02-14,863,"Daly, John",CUT,0.0,7.5e-05,0.0001,0.000575,0.002375,0.006725,0.11235,0.000375,baseline_history_fit,2026-04-18T18:31:07.343638+00:00
7,The Genesis Invitational,2021,2021-02-21,12422,"Johnson, Dustin",T8,0.133,0.284825,0.37885,0.5347,0.7037,0.79315,0.9142,0.06095,baseline_history_fit,2026-04-18T18:31:07.518504+00:00
7,The Genesis Invitational,2021,2021-02-21,19195,"Rahm, Jon",T5,0.07885,0.193675,0.27825,0.43005,0.615,0.7278,0.8896,0.04395,baseline_history_fit,2026-04-18T18:31:07.518504+00:00
7,The Genesis Invitational,2021,2021-02-21,14139,"Thomas, Justin",CUT,0.0752,0.18295,0.266025,0.41115,0.596375,0.7091,0.88395,0.0379,baseline_history_fit,2026-04-18T18:31:07.518504+00:00
7,The Genesis Invitational,2021,2021-02-21,19895,"Schauffele, Xander",T15,0.06755,0.173025,0.2548,0.40185,0.585,0.701925,0.87885,0.033025,baseline_history_fit,2026-04-18T18:31:07.518504+00:00
7,The Genesis Invitational,2021,2021-02-21,19841,"DeChambeau, Bryson",CUT,0.060725,0.154525,0.232325,0.3711,0.5591,0.677575,0.871525,0.029575,baseline_history_fit,2026-04-18T18:31:07.518504+00:00
7,The Genesis Invitational,2021,2021-02-21,10091,"McIlroy, Rory",CUT,0.059825,0.1503,0.22515,0.364,0.5467,0.6668,0.8679,0.03305,baseline_history_fit,2026-04-18T18:31:07.518504+00:00
7,The Genesis Invitational,2021,2021-02-21,15466,"Cantlay, Patrick",T15,0.047375,0.1261,0.190725,0.32445,0.504825,0.6283,0.847025,0.031475,baseline_history_fit,2026-04-18T18:31:07.518504+00:00
7,The Genesis Invitational,2021,2021-02-21,11676,"Finau, Tony",2,0.033775,0.09725,0.15435,0.2754,0.4481,0.575825,0.81995,0.02815,baseline_history_fit,2026-04-18T18:31:07.518504+00:00
7,The Genesis Invitational,2021,2021-02-21,18417,"Scheffler, Scottie",T20,0.02415,0.0695,0.11355,0.2146,0.37565,0.50395,0.793275,0.01625,baseline_history_fit,2026-04-18T18:31:07.518504+00:00
7,The Genesis Invitational,2021,2021-02-21,18841,"Hovland, Viktor",T5,0.023525,0.072975,0.11855,0.220475,0.38445,0.51255,0.788825,0.021775,baseline_history_fit,2026-04-18T18:31:07.518504+00:00
7,The Genesis Invitational,2021,2021-02-21,13562,"Matsuyama, Hideki",CUT,0.022475,0.071025,0.115275,0.215975,0.379,0.50585,0.783475,0.020425,baseline_history_fit,2026-04-18T18:31:07.518504+00:00
7,The Genesis Invitational,2021,2021-02-21,6430,"Scott, Adam",T38,0.016575,0.05395,0.0896,0.17625,0.3247,0.448425,0.75345,0.016375,baseline_history_fit,2026-04-18T18:31:07.518504+00:00
7,The Genesis Invitational,2021,2021-02-21,16243,"Koepka, Brooks",T38,0.0156,0.049325,0.085,0.16645,0.3116,0.435625,0.7536,0.013775,baseline_history_fit,2026-04-18T18:31:07.518504+00:00
7,The Genesis Invitational,2021,2021-02-21,5689,"Garcia, Sergio",CUT,0.015125,0.047425,0.083275,0.167575,0.319975,0.448575,0.76545,0.0126,baseline_history_fit,2026-04-18T18:31:07.518504+00:00
7,The Genesis Invitational,2021,2021-02-21,18079,"Niemann, Joaquin",T43,0.0151,0.051725,0.0871,0.171,0.320875,0.447175,0.7526,0.01825,baseline_history_fit,2026-04-18T18:31:07.518504+00:00
7,The Genesis Invitational,2021,2021-02-21,15856,"Smith, Cameron",4,0.01085,0.036225,0.065625,0.137525,0.27415,0.39505,0.730425,0.011875,baseline_history_fit,2026-04-18T18:31:07.518504+00:00
7,The Genesis Invitational,2021,2021-02-21,7334,"Watson, Bubba",CUT,0.01065,0.034725,0.063625,0.1334,0.266775,0.3859,0.7167,0.012875,baseline_history_fit,2026-04-18T18:31:07.518504+00:00
7,The Genesis Invitational,2021,2021-02-21,22085,"Morikawa, Collin",T43,0.010475,0.03675,0.065625,0.13635,0.2719,0.391025,0.7193,0.0137,baseline_history_fit,2026-04-18T18:31:07.518504+00:00
7,The Genesis Invitational,2021,2021-02-21,14013,"Tringale, Cameron",T26,0.01025,0.03545,0.064025,0.138325,0.275275,0.39825,0.725275,0.012125,baseline_history_fit,2026-04-18T18:31:07.518504+00:00
7,The Genesis Invitational,2021,2021-02-21,19428,"Zalatoris, Will",T15,0.010125,0.036025,0.063325,0.13455,0.268175,0.391125,0.7242,0.01345,baseline_history_fit,2026-04-18T18:31:07.518504+00:00
7,The Genesis Invitational,2021,2021-02-21,14636,"Spieth, Jordan",T15,0.010025,0.036375,0.063475,0.132825,0.2641,0.382275,0.718025,0.01095,baseline_history_fit,2026-04-18T18:31:07.518504+00:00
7,The Genesis Invitational,2021,2021-02-21,14609,"Kim, Si Woo",CUT,0.009275,0.034275,0.0601,0.125975,0.251175,0.3651,0.70535,0.011625,baseline_history_fit,2026-04-18T18:31:07.518504+00:00
7,The Genesis Invitational,2021,2021-02-21,14735,"Ortiz, Carlos",CUT,0.00885,0.030175,0.054325,0.117975,0.246025,0.366525,0.713075,0.00945,baseline_history_fit,2026-04-18T18:31:07.518504+00:00
7,The Genesis Invitational,2021,2021-02-21,18238,"Ancer, Abraham",CUT,0.008625,0.031425,0.057,0.123075,0.254375,0.376475,0.7216,0.01065,baseline_history_fit,2026-04-18T18:31:07.518504+00:00
7,The Genesis Invitational,2021,2021-02-21,17786,"Davis, Cam",T43,0.00815,0.03005,0.054,0.1159,0.23895,0.35305,0.7012,0.009875,baseline_history_fit,2026-04-18T18:31:07.518504+00:00
7,The Genesis Invitational,2021,2021-02-21,7452,"Na, Kevin",T38,0.0078,0.02825,0.05065,0.10905,0.2272,0.33775,0.690975,0.009475,baseline_history_fit,2026-04-18T18:31:07.518504+00:00
7,The Genesis Invitational,2021,2021-02-21,17646,"Fitzpatrick, Matt",T5,0.007625,0.0266,0.04845,0.108,0.226725,0.339675,0.687,0.0098,baseline_history_fit,2026-04-18T18:31:07.518504+00:00
7,The Genesis Invitational,2021,2021-02-21,12337,"Kokrak, Jason",T32,0.006775,0.024475,0.04605,0.10285,0.214575,0.3253,0.685725,0.008875,baseline_history_fit,2026-04-18T18:31:07.518504+00:00
7,The Genesis Invitational,2021,2021-02-21,17538,"Homa, Max",1,0.0065,0.023175,0.04165,0.09285,0.199275,0.30325,0.659675,0.009375,baseline_history_fit,2026-04-18T18:31:07.518504+00:00
7,The Genesis Invitational,2021,2021-02-21,14578,"Henley, Russell",T38,0.0063,0.023275,0.0429,0.096525,0.208675,0.321425,0.680625,0.00795,baseline_history_fit,2026-04-18T18:31:07.518504+00:00
7,The Genesis Invitational,2021,2021-02-21,19483,"Burns, Sam",3,0.00605,0.02455,0.043725,0.098825,0.211625,0.320725,0.6776,0.008675,baseline_history_fit,2026-04-18T18:31:07.518504+00:00
7,The Genesis Invitational,2021,2021-02-21,25919,"Wolff, Matthew",T64,0.005975,0.022625,0.04175,0.096075,0.20645,0.31585,0.671775,0.010125,baseline_history_fit,2026-04-18T18:31:07.518504+00:00
7,The Genesis Invitational,2021,2021-02-21,8825,"Harman, Brian",T43,0.0057,0.02225,0.04115,0.09475,0.2105,0.32695,0.69745,0.006625,baseline_history_fit,2026-04-18T18:31:07.518504+00:00
7,The Genesis Invitational,2021,2021-02-21,18580,"Gooch, Talor",T12,0.005375,0.019925,0.036825,0.08575,0.18935,0.292725,0.6435,0.008575,baseline_history_fit,2026-04-18T18:31:07.518504+00:00
7,The Genesis Invitational,2021,2021-02-21,17576,"Conners, Corey",CUT,0.005375,0.022375,0.040775,0.0932,0.20455,0.3184,0.673475,0.009,baseline_history_fit,2026-04-18T18:31:07.518504+00:00
7,The Genesis Invitational,2021,2021-02-21,12965,"Fowler, Rickie",T20,0.0052,0.0196,0.037125,0.084775,0.191425,0.295725,0.666475,0.00815,baseline_history_fit,2026-04-18T18:31:07.518504+00:00
7,The Genesis Invitational,2021,2021-02-21,23604,"Clark, Wyndham",T8,0.004975,0.0198,0.037175,0.0846,0.18645,0.290075,0.6458,0.0094,baseline_history_fit,2026-04-18T18:31:07.518504+00:00
7,The Genesis Invitational,2021,2021-02-21,7960,"List, Luke",CUT,0.004875,0.0203,0.03775,0.08775,0.191925,0.3,0.6648,0.0076,baseline_history_fit,2026-04-18T18:31:07.518504+00:00
7,The Genesis Invitational,2021,2021-02-21,6892,"Howell III, Charles",CUT,0.0047,0.0173,0.032475,0.0768,0.172675,0.27625,0.647425,0.006825,baseline_history_fit,2026-04-18T18:31:07.518504+00:00
7,The Genesis Invitational,2021,2021-02-21,6169,"Kuchar, Matt",CUT,0.0047,0.01905,0.034325,0.0807,0.18395,0.288525,0.660775,0.00755,baseline_history_fit,2026-04-18T18:31:07.518504+00:00
7,The Genesis Invitational,2021,2021-02-21,11955,"Frittelli, Dylan",CUT,0.0042,0.015725,0.0311,0.07235,0.167825,0.265875,0.632575,0.00775,baseline_history_fit,2026-04-18T18:31:07.518504+00:00
7,The Genesis Invitational,2021,2021-02-21,15330,"Griffin, Lanto",T26,0.004075,0.016175,0.0306,0.072525,0.1707,0.2709,0.6461,0.006325,baseline_history_fit,2026-04-18T18:31:07.518504+00:00
7,The Genesis Invitational,2021,2021-02-21,8480,"Streelman, Kevin",T52,0.0039,0.015175,0.029425,0.069125,0.162575,0.2578,0.621375,0.0083,baseline_history_fit,2026-04-18T18:31:07.518504+00:00
7,The Genesis Invitational,2021,2021-02-21,20770,"Munoz, Sebastian",T43,0.00385,0.0149,0.02875,0.069525,0.161275,0.258875,0.629575,0.00715,baseline_history_fit,2026-04-18T18:31:07.518504+00:00
7,The Genesis Invitational,2021,2021-02-21,5768,"Hoffman, Charley",T52,0.003825,0.0147,0.028425,0.0671,0.15625,0.250425,0.613675,0.008425,baseline_history_fit,2026-04-18T18:31:07.518504+00:00
7,The Genesis Invitational,2021,2021-02-21,13872,"Bradley, Keegan",T60,0.0037,0.015425,0.030125,0.072325,0.16585,0.259875,0.6242,0.007775,baseline_history_fit,2026-04-18T18:31:07.518504+00:00
7,The Genesis Invitational,2021,2021-02-21,7649,"Leishman, Marc",T32,0.00345,0.0148,0.028375,0.0696,0.1609,0.2566,0.633325,0.0073,baseline_history_fit,2026-04-18T18:31:07.518504+00:00
7,The Genesis Invitational,2021,2021-02-21,13965,"Hadwin, Adam",T26,0.003425,0.01345,0.0269,0.06585,0.15605,0.2516,0.626475,0.005275,baseline_history_fit,2026-04-18T18:31:07.518504+00:00
7,The Genesis Invitational,2021,2021-02-21,12577,"Woodland, Gary",CUT,0.003425,0.011275,0.02135,0.0511,0.1278,0.21245,0.594475,0.006175,baseline_history_fit,2026-04-18T18:31:07.518504+00:00
7,The Genesis Invitational,2021,2021-02-21,18634,"McNealy, Maverick",CUT,0.003375,0.011575,0.023175,0.055825,0.13715,0.2276,0.59845,0.00625,baseline_history_fit,2026-04-18T18:31:07.518504+00:00
7,The Genesis Invitational,2021,2021-02-21,21554,"Poston, J.T.",T43,0.002975,0.011675,0.0226,0.05595,0.1383,0.225975,0.59475,0.007025,baseline_history_fit,2026-04-18T18:31:07.518504+00:00
7,The Genesis Invitational,2021,2021-02-21,12808,"Grillo, Emiliano",CUT,0.00295,0.0133,0.02465,0.06135,0.145975,0.240875,0.608575,0.0074,baseline_history_fit,2026-04-18T18:31:07.518504+00:00
7,The Genesis Invitational,2021,2021-02-21,7398,"Schwartzel, Charl",T62,0.002875,0.013275,0.02575,0.06,0.142025,0.232325,0.5973,0.007,baseline_history_fit,2026-04-18T18:31:07.518504+00:00
7,The Genesis Invitational,2021,2021-02-21,24550,"Ghim, Doug",CUT,0.002775,0.011275,0.0224,0.05645,0.136475,0.2264,0.6051,0.004775,baseline_history_fit,2026-04-18T18:31:07.518504+00:00
7,The Genesis Invitational,2021,2021-02-21,16283,"Rodgers, Patrick",T12,0.00265,0.01045,0.02095,0.051975,0.128,0.21765,0.594275,0.00525,baseline_history_fit,2026-04-18T18:31:07.518504+00:00
7,The Genesis Invitational,2021,2021-02-21,12425,"Todd, Brendon",CUT,0.00255,0.01045,0.020775,0.052275,0.129175,0.214325,0.581825,0.00615,baseline_history_fit,2026-04-18T18:31:07.518504+00:00
7,The Genesis Invitational,2021,2021-02-21,15556,"Hughes, Mackenzie",T32,0.002525,0.0105,0.0197,0.05065,0.1286,0.215875,0.5814,0.0055,baseline_history_fit,2026-04-18T18:31:07.518504+00:00
7,The Genesis Invitational,2021,2021-02-21,8605,"Jones, Matt",T8,0.0025,0.010725,0.021225,0.0545,0.135475,0.22475,0.6,0.0062,baseline_history_fit,2026-04-18T18:31:07.518504+00:00
7,The Genesis Invitational,2021,2021-02-21,11657,"Norlander, Henrik",CUT,0.00235,0.011125,0.021425,0.054575,0.13365,0.223275,0.604275,0.0053,baseline_history_fit,2026-04-18T18:31:07.518504+00:00
7,The Genesis Invitational,2021,2021-02-21,13126,"Taylor, Nick",T20,0.00235,0.0103,0.02055,0.0525,0.131625,0.219275,0.6022,0.0051,baseline_history_fit,2026-04-18T18:31:07.518504+00:00
7,The Genesis Invitational,2021,2021-02-21,7655,"Molinari, Francesco",T8,0.002325,0.010275,0.02005,0.05125,0.1238,0.2061,0.571175,0.005825,baseline_history_fit,2026-04-18T18:31:07.518504+00:00
7,The Genesis Invitational,2021,2021-02-21,11019,"Steele, Brendan",T43,0.002325,0.0101,0.021125,0.05315,0.12885,0.215525,0.5922,0.005525,baseline_history_fit,2026-04-18T18:31:07.518504+00:00
7,The Genesis Invitational,2021,2021-02-21,16433,"NeSmith, Matt",T20,0.002225,0.0084,0.017025,0.043175,0.11225,0.1917,0.5559,0.005875,baseline_history_fit,2026-04-18T18:31:07.518504+00:00
7,The Genesis Invitational,2021,2021-02-21,14926,"Malnati, Peter",CUT,0.002175,0.00925,0.019225,0.050225,0.123325,0.2038,0.58225,0.005025,baseline_history_fit,2026-04-18T18:31:07.518504+00:00
7,The Genesis Invitational,2021,2021-02-21,17511,"Straka, Sepp",T43,0.0021,0.0095,0.018125,0.047525,0.120925,0.202425,0.56745,0.00705,baseline_history_fit,2026-04-18T18:31:07.518504+00:00
7,The Genesis Invitational,2021,2021-02-21,16602,"Varner III, Harold",T62,0.0021,0.010525,0.021175,0.053475,0.13425,0.222,0.58985,0.00645,baseline_history_fit,2026-04-18T18:31:07.518504+00:00
7,The Genesis Invitational,2021,2021-02-21,11374,"Hahn, James",T15,0.00205,0.0087,0.0179,0.046075,0.11515,0.19875,0.567625,0.0051,baseline_history_fit,2026-04-18T18:31:07.518504+00:00
7,The Genesis Invitational,2021,2021-02-21,15473,"Long, Adam",CUT,0.00205,0.01025,0.020275,0.052625,0.1303,0.2199,0.586825,0.00665,baseline_history_fit,2026-04-18T18:31:07.518504+00:00
7,The Genesis Invitational,2021,2021-02-21,13831,"Knox, Russell",CUT,0.001875,0.009575,0.01955,0.05185,0.1315,0.217875,0.596725,0.004475,baseline_history_fit,2026-04-18T18:31:07.518504+00:00
7,The Genesis Invitational,2021,2021-02-21,14081,"Hoag, Bo",T32,0.00185,0.00655,0.01375,0.0375,0.102175,0.179075,0.5607,0.004175,baseline_history_fit,2026-04-18T18:31:07.518504+00:00
7,The Genesis Invitational,2021,2021-02-21,10419,"Noren, Alex",T12,0.00185,0.00995,0.0204,0.051925,0.129375,0.219475,0.60375,0.0049,baseline_history_fit,2026-04-18T18:31:07.518504+00:00
7,The Genesis Invitational,2021,2021-02-21,19870,"McCarthy, Denny",CUT,0.001825,0.00875,0.01645,0.0428,0.112675,0.194225,0.572725,0.005325,baseline_history_fit,2026-04-18T18:31:07.518504+00:00
7,The Genesis Invitational,2021,2021-02-21,7399,"Glover, Lucas",CUT,0.0018,0.007,0.0148,0.04015,0.104925,0.185625,0.5552,0.00505,baseline_history_fit,2026-04-18T18:31:07.518504+00:00
7,The Genesis Invitational,2021,2021-02-21,14509,"Dahmen, Joel",CUT,0.00175,0.008275,0.016675,0.043175,0.109025,0.186825,0.5549,0.005975,baseline_history_fit,2026-04-18T18:31:07.518504+00:00
7,The Genesis Invitational,2021,2021-02-21,2881,"Furyk, Jim",T26,0.001575,0.00685,0.014475,0.0403,0.10505,0.180525,0.547675,0.004875,baseline_history_fit,2026-04-18T18:31:07.518504+00:00
7,The Genesis Invitational,2021,2021-02-21,6762,"Perez, Pat",CUT,0.001575,0.007575,0.015525,0.04125,0.108325,0.186825,0.5741,0.0042,baseline_history_fit,2026-04-18T18:31:07.518504+00:00
7,The Genesis Invitational,2021,2021-02-21,12069,"Stanley, Kyle",T32,0.00145,0.006325,0.013225,0.03665,0.0989,0.17255,0.557925,0.003325,baseline_history_fit,2026-04-18T18:31:07.518504+00:00
7,The Genesis Invitational,2021,2021-02-21,19364,"Werenski, Richy",T57,0.001375,0.00695,0.01405,0.036525,0.094625,0.16475,0.53055,0.004875,baseline_history_fit,2026-04-18T18:31:07.518504+00:00
7,The Genesis Invitational,2021,2021-02-21,6930,"Taylor, Vaughn",CUT,0.001325,0.00585,0.0124,0.0331,0.09025,0.160975,0.537475,0.002925,baseline_history_fit,2026-04-18T18:31:07.518504+00:00
7,The Genesis Invitational,2021,2021-02-21,15575,"Hoge, Tom",T52,0.0013,0.007525,0.013925,0.0365,0.1001,0.177975,0.560775,0.00385,baseline_history_fit,2026-04-18T18:31:07.518504+00:00
7,The Genesis Invitational,2021,2021-02-21,5665,"Cink, Stewart",CUT,0.001275,0.005525,0.011875,0.032925,0.086025,0.154275,0.517775,0.004225,baseline_history_fit,2026-04-18T18:31:07.518504+00:00
7,The Genesis Invitational,2021,2021-02-21,11826,"Lee, Danny",T52,0.00125,0.0054,0.0116,0.03085,0.0853,0.1532,0.5155,0.00405,baseline_history_fit,2026-04-18T18:31:07.518504+00:00
7,The Genesis Invitational,2021,2021-02-21,24481,"Redman, Doc",CUT,0.00125,0.006825,0.01465,0.0404,0.102325,0.1791,0.552975,0.005025,baseline_history_fit,2026-04-18T18:31:07.518504+00:00
7,The Genesis Invitational,2021,2021-02-21,14140,"Higgs, Harry",CUT,0.0012,0.006075,0.012075,0.034125,0.09275,0.16625,0.544325,0.003825,baseline_history_fit,2026-04-18T18:31:07.518504+00:00
7,The Genesis Invitational,2021,2021-02-21,18635,"Shelton, Robby",CUT,0.001175,0.003975,0.008425,0.024625,0.070975,0.1286,0.49555,0.003375,baseline_history_fit,2026-04-18T18:31:07.518504+00:00
7,The Genesis Invitational,2021,2021-02-21,9586,"Laird, Martin",CUT,0.001175,0.00575,0.01185,0.0324,0.089075,0.1589,0.523175,0.00485,baseline_history_fit,2026-04-18T18:31:07.518504+00:00
7,The Genesis Invitational,2021,2021-02-21,5716,"Harrington, Padraig",CUT,0.0011,0.0051,0.01015,0.0273,0.0767,0.1414,0.5151,0.003225,baseline_history_fit,2026-04-18T18:31:07.518504+00:00
7,The Genesis Invitational,2021,2021-02-21,13022,"Stuard, Brian",CUT,0.0011,0.005,0.01025,0.0294,0.082675,0.1503,0.5324,0.003825,baseline_history_fit,2026-04-18T18:31:07.518504+00:00
7,The Genesis Invitational,2021,2021-02-21,7959,"Holmes, J.B.",T57,0.001025,0.004275,0.00925,0.0259,0.0704,0.126775,0.49275,0.0033,baseline_history_fit,2026-04-18T18:31:07.518504+00:00
7,The Genesis Invitational,2021,2021-02-21,12946,"Thompson, Michael",CUT,0.001025,0.005225,0.0112,0.03165,0.090325,0.161425,0.525725,0.003975,baseline_history_fit,2026-04-18T18:31:07.518504+00:00
7,The Genesis Invitational,2021,2021-02-21,13497,"Lee, K.H.",66,0.001025,0.004825,0.01075,0.02995,0.08205,0.145975,0.51475,0.004175,baseline_history_fit,2026-04-18T18:31:07.518504+00:00
7,The Genesis Invitational,2021,2021-02-21,21236,"Bryan, Wesley",T43,0.001025,0.004725,0.010275,0.0263,0.071925,0.12685,0.4798,0.003,baseline_history_fit,2026-04-18T18:31:07.518504+00:00
7,The Genesis Invitational,2021,2021-02-21,7899,"Piercy, Scott",T64,0.001,0.00485,0.01025,0.028725,0.08015,0.1434,0.50685,0.003875,baseline_history_fit,2026-04-18T18:31:07.518504+00:00
7,The Genesis Invitational,2021,2021-02-21,11952,"Grace, Branden",T20,0.001,0.0046,0.010825,0.031025,0.084875,0.15485,0.53025,0.003125,baseline_history_fit,2026-04-18T18:31:07.518504+00:00
7,The Genesis Invitational,2021,2021-02-21,14704,"Putnam, Andrew",T32,0.00095,0.003325,0.0071,0.021775,0.06515,0.122475,0.4898,0.002325,baseline_history_fit,2026-04-18T18:31:07.518504+00:00
7,The Genesis Invitational,2021,2021-02-21,15475,"Pan, C.T.",T20,0.0009,0.00425,0.00885,0.024,0.068975,0.1272,0.48255,0.00325,baseline_history_fit,2026-04-18T18:31:07.518504+00:00
7,The Genesis Invitational,2021,2021-02-21,7961,"Reavie, Chez",CUT,0.000875,0.004425,0.009775,0.0278,0.0782,0.144975,0.517525,0.003325,baseline_history_fit,2026-04-18T18:31:07.518504+00:00
7,The Genesis Invitational,2021,2021-02-21,8820,"Snedeker, Brandt",CUT,0.00075,0.003375,0.00715,0.019875,0.0595,0.114775,0.4703,0.003225,baseline_history_fit,2026-04-18T18:31:07.518504+00:00
7,The Genesis Invitational,2021,2021-02-21,18579,"Cook, Austin",CUT,0.000725,0.004,0.008575,0.02375,0.0672,0.1246,0.490425,0.002975,baseline_history_fit,2026-04-18T18:31:07.518504+00:00
7,The Genesis Invitational,2021,2021-02-21,16333,"Hubbard, Mark",CUT,0.000675,0.003625,0.00735,0.0218,0.067325,0.124325,0.484475,0.004,baseline_history_fit,2026-04-18T18:31:07.518504+00:00
7,The Genesis Invitational,2021,2021-02-21,10943,"Lashley, Nate",T57,0.0006,0.003775,0.00845,0.0239,0.067125,0.123875,0.487225,0.002525,baseline_history_fit,2026-04-18T18:31:07.518504+00:00
7,The Genesis Invitational,2021,2021-02-21,17584,"McCumber, Tyler",T52,0.00055,0.00205,0.00445,0.013,0.04045,0.080275,0.4188,0.001975,baseline_history_fit,2026-04-18T18:31:07.518504+00:00
7,The Genesis Invitational,2021,2021-02-21,18187,"Duncan, Tyler",T38,0.000475,0.002625,0.005825,0.01815,0.055,0.1057,0.45975,0.002575,baseline_history_fit,2026-04-18T18:31:07.518504+00:00
7,The Genesis Invitational,2021,2021-02-21,13367,"Merritt, Troy",CUT,0.000425,0.002875,0.00685,0.02225,0.066,0.126725,0.4897,0.003775,baseline_history_fit,2026-04-18T18:31:07.518504+00:00
7,The Genesis Invitational,2021,2021-02-21,14852,"Streb, Robert",CUT,0.000375,0.001975,0.00475,0.014625,0.0444,0.0875,0.41935,0.0026,baseline_history_fit,2026-04-18T18:31:07.518504+00:00
7,The Genesis Invitational,2021,2021-02-21,13026,"Zhang, Xinjun",CUT,0.000375,0.002,0.004875,0.0155,0.0518,0.100875,0.448675,0.002425,baseline_history_fit,2026-04-18T18:31:07.518504+00:00
7,The Genesis Invitational,2021,2021-02-21,5951,"Gay, Brian",T60,0.000275,0.00155,0.003525,0.011925,0.036975,0.0774,0.41685,0.0016,baseline_history_fit,2026-04-18T18:31:07.518504+00:00
7,The Genesis Invitational,2021,2021-02-21,14000,"Landry, Andrew",T26,0.000275,0.0017,0.0042,0.011575,0.035475,0.0728,0.384175,0.00235,baseline_history_fit,2026-04-18T18:31:07.518504+00:00
7,The Genesis Invitational,2021,2021-02-21,12846,"Herman, Jim",CUT,0.00025,0.001425,0.003425,0.009925,0.033575,0.06855,0.388625,0.001825,baseline_history_fit,2026-04-18T18:31:07.518504+00:00
7,The Genesis Invitational,2021,2021-02-21,7881,"Kang, Sung",67,0.00025,0.0011,0.002225,0.007425,0.02465,0.052775,0.34385,0.001675,baseline_history_fit,2026-04-18T18:31:07.518504+00:00
7,The Genesis Invitational,2021,2021-02-21,9171,"Villegas, Camilo",CUT,0.000225,0.001225,0.0027,0.0095,0.03115,0.065625,0.363075,0.001825,baseline_history_fit,2026-04-18T18:31:07.518504+00:00
7,The Genesis Invitational,2021,2021-02-21,26211,"Augenstein, John",CUT,0.000175,0.000575,0.001425,0.0051,0.017875,0.039275,0.300125,0.000775,baseline_history_fit,2026-04-18T18:31:07.518504+00:00
7,The Genesis Invitational,2021,2021-02-21,7293,"Walker, Jimmy",CUT,0.00015,0.000925,0.00255,0.0086,0.030275,0.062925,0.377175,0.001225,baseline_history_fit,2026-04-18T18:31:07.518504+00:00
7,The Genesis Invitational,2021,2021-02-21,7589,"Kim, Tae Hoon",CUT,0.00015,0.000425,0.001125,0.0039,0.015075,0.0345,0.291525,0.000675,baseline_history_fit,2026-04-18T18:31:07.518504+00:00
7,The Genesis Invitational,2021,2021-02-21,8469,"Armour, Ryan",CUT,0.000125,0.001275,0.0032,0.010875,0.034425,0.0732,0.392575,0.0023,baseline_history_fit,2026-04-18T18:31:07.518504+00:00
7,The Genesis Invitational,2021,2021-02-21,8479,"Harrington, Scott",T26,0.000125,0.00105,0.002525,0.00785,0.026925,0.05925,0.373325,0.001725,baseline_history_fit,2026-04-18T18:31:07.518504+00:00
7,The Genesis Invitational,2021,2021-02-21,24450,"Strafaci, Tyler",WD,2.5e-05,0.0001,0.000175,0.0009,0.00405,0.010925,0.195725,0.00035,baseline_history_fit,2026-04-18T18:31:07.518504+00:00
7,The Genesis Invitational,2021,2021-02-21,26982,"Flanagan, Angus",CUT,0.0,7.5e-05,0.00025,0.001175,0.004875,0.0131,0.1943,0.000325,baseline_history_fit,2026-04-18T18:31:07.518504+00:00
7,The Genesis Invitational,2021,2021-02-21,21549,"Mack III, Willie",CUT,0.0,0.0,0.0,0.0001,0.0009,0.00255,0.093775,0.000125,baseline_history_fit,2026-04-18T18:31:07.518504+00:00
7,The Genesis Invitational,2021,2021-02-21,21875,"Widing, Tim",CUT,0.0,7.5e-05,0.00015,0.00095,0.00435,0.012875,0.198275,0.000425,baseline_history_fit,2026-04-18T18:31:07.518504+00:00
10,The Honda Classic,2021,2021-03-21,17488,"Im, Sungjae",T8,0.061875,0.14545,0.2089,0.32855,0.49105,0.604425,0.80825,0.025975,baseline_history_fit,2026-04-18T18:31:07.678671+00:00
10,The Honda Classic,2021,2021-03-21,18079,"Niemann, Joaquin",T25,0.04995,0.119825,0.176925,0.287225,0.4407,0.551075,0.77455,0.02905,baseline_history_fit,2026-04-18T18:31:07.678671+00:00
10,The Honda Classic,2021,2021-03-21,14013,"Tringale, Cameron",T13,0.0294,0.0776,0.119725,0.21255,0.3562,0.46895,0.73115,0.01895,baseline_history_fit,2026-04-18T18:31:07.678671+00:00
10,The Honda Classic,2021,2021-03-21,14578,"Henley, Russell",T3,0.026375,0.07385,0.1126,0.19895,0.3315,0.44335,0.70725,0.0192,baseline_history_fit,2026-04-18T18:31:07.678671+00:00
10,The Honda Classic,2021,2021-03-21,18580,"Gooch, Talor",T46,0.02335,0.064275,0.100625,0.18275,0.314325,0.423225,0.6947,0.01885,baseline_history_fit,2026-04-18T18:31:07.678671+00:00
10,The Honda Classic,2021,2021-03-21,17786,"Davis, Cam",T33,0.023325,0.062325,0.095725,0.17265,0.3055,0.4102,0.69585,0.01275,baseline_history_fit,2026-04-18T18:31:07.678671+00:00
10,The Honda Classic,2021,2021-03-21,12965,"Fowler, Rickie",T65,0.0226,0.0625,0.0986,0.179075,0.310775,0.418675,0.69875,0.01325,baseline_history_fit,2026-04-18T18:31:07.678671+00:00
10,The Honda Classic,2021,2021-03-21,13900,"Lowry, Shane",T36,0.020275,0.0558,0.086475,0.156675,0.278725,0.38355,0.667825,0.0159,baseline_history_fit,2026-04-18T18:31:07.678671+00:00
10,The Honda Classic,2021,2021-03-21,6430,"Scott, Adam",T13,0.019875,0.055675,0.08805,0.15775,0.28,0.382075,0.667125,0.0161,baseline_history_fit,2026-04-18T18:31:07.678671+00:00
10,The Honda Classic,2021,2021-03-21,12423,"Kirk, Chris",T25,0.01755,0.0512,0.082175,0.153825,0.276875,0.3845,0.676775,0.0124,baseline_history_fit,2026-04-18T18:31:07.678671+00:00
10,The Honda Classic,2021,2021-03-21,8480,"Streelman, Kevin",T36,0.017,0.049125,0.079925,0.1458,0.26595,0.3682,0.666025,0.0121,baseline_history_fit,2026-04-18T18:31:07.678671+00:00
10,The Honda Classic,2021,2021-03-21,13872,"Bradley, Keegan",T30,0.01655,0.046875,0.0753,0.14055,0.257325,0.362675,0.661575,0.010875,baseline_history_fit,2026-04-18T18:31:07.678671+00:00
10,The Honda Classic,2021,2021-03-21,11955,"Frittelli, Dylan",CUT,0.015725,0.04755,0.0767,0.140475,0.259175,0.362275,0.656325,0.01425,baseline_history_fit,2026-04-18T18:31:07.678671+00:00
10,The Honda Classic,2021,2021-03-21,7960,"List, Luke",CUT,0.01565,0.042325,0.069,0.131075,0.243625,0.342925,0.639225,0.013675,baseline_history_fit,2026-04-18T18:31:07.678671+00:00
10,The Honda Classic,2021,2021-03-21,23604,"Clark, Wyndham",CUT,0.01545,0.0441,0.070175,0.134675,0.2459,0.34515,0.641575,0.013875,baseline_history_fit,2026-04-18T18:31:07.678671+00:00
10,The Honda Classic,2021,2021-03-21,14606,"Huh, John",T19,0.0147,0.041975,0.066975,0.1279,0.240425,0.33765,0.636825,0.010875,baseline_history_fit,2026-04-18T18:31:07.678671+00:00
10,The Honda Classic,2021,2021-03-21,11019,"Steele, Brendan",T3,0.01385,0.040875,0.069475,0.133,0.241425,0.3408,0.6374,0.01385,baseline_history_fit,2026-04-18T18:31:07.678671+00:00
10,The Honda Classic,2021,2021-03-21,7489,"Moore, Ryan",CUT,0.0136,0.0379,0.062025,0.119475,0.228175,0.325025,0.62825,0.010625,baseline_history_fit,2026-04-18T18:31:07.678671+00:00
10,The Honda Classic,2021,2021-03-21,17550,"Van Rooyen, Erik",T60,0.012875,0.036725,0.061,0.11935,0.229975,0.329775,0.6393,0.009575,baseline_history_fit,2026-04-18T18:31:07.678671+00:00
10,The Honda Classic,2021,2021-03-21,15473,"Long, Adam",CUT,0.012625,0.0364,0.060525,0.11825,0.224275,0.3211,0.62455,0.014275,baseline_history_fit,2026-04-18T18:31:07.678671+00:00
10,The Honda Classic,2021,2021-03-21,8605,"Jones, Matt",1,0.0126,0.036175,0.06005,0.118375,0.2278,0.32785,0.632975,0.012575,baseline_history_fit,2026-04-18T18:31:07.678671+00:00
10,The Honda Classic,2021,2021-03-21,21554,"Poston, J.T.",CUT,0.012575,0.0389,0.06345,0.121075,0.2277,0.32675,0.626775,0.01355,baseline_history_fit,2026-04-18T18:31:07.678671+00:00
10,The Honda Classic,2021,2021-03-21,24550,"Ghim, Doug",CUT,0.0121,0.03715,0.06085,0.122225,0.2318,0.3258,0.62225,0.01215,baseline_history_fit,2026-04-18T18:31:07.678671+00:00
10,The Honda Classic,2021,2021-03-21,6283,"Sabbatini, Rory",CUT,0.0117,0.03345,0.054325,0.108925,0.20965,0.30205,0.608475,0.011575,baseline_history_fit,2026-04-18T18:31:07.678671+00:00
10,The Honda Classic,2021,2021-03-21,13508,"Vegas, Jhonattan",T30,0.0115,0.0356,0.06185,0.119325,0.2225,0.317575,0.61395,0.01235,baseline_history_fit,2026-04-18T18:31:07.678671+00:00
10,The Honda Classic,2021,2021-03-21,13831,"Knox, Russell",CUT,0.011275,0.03335,0.05535,0.109075,0.216025,0.31335,0.626475,0.009025,baseline_history_fit,2026-04-18T18:31:07.678671+00:00
10,The Honda Classic,2021,2021-03-21,15556,"Hughes, Mackenzie",T36,0.01115,0.0332,0.054825,0.1072,0.209125,0.3027,0.605925,0.010625,baseline_history_fit,2026-04-18T18:31:07.678671+00:00
10,The Honda Classic,2021,2021-03-21,22051,"Wise, Aaron",T13,0.011025,0.0335,0.056175,0.1115,0.217575,0.314725,0.624875,0.0103,baseline_history_fit,2026-04-18T18:31:07.678671+00:00
10,The Honda Classic,2021,2021-03-21,25213,"Wu, Brandon",CUT,0.0109,0.033175,0.054825,0.107475,0.208075,0.299925,0.59895,0.010675,baseline_history_fit,2026-04-18T18:31:07.678671+00:00
10,The Honda Classic,2021,2021-03-21,16602,"Varner III, Harold",T19,0.0109,0.033675,0.05535,0.11075,0.2157,0.30885,0.608525,0.011025,baseline_history_fit,2026-04-18T18:31:07.678671+00:00
10,The Honda Classic,2021,2021-03-21,10419,"Noren, Alex",T46,0.01085,0.032375,0.0543,0.1103,0.216375,0.316,0.631125,0.008575,baseline_history_fit,2026-04-18T18:31:07.678671+00:00
10,The Honda Classic,2021,2021-03-21,12946,"Thompson, Michael",T19,0.010575,0.032675,0.055075,0.107775,0.208725,0.307375,0.619425,0.00805,baseline_history_fit,2026-04-18T18:31:07.678671+00:00
10,The Honda Classic,2021,2021-03-21,13470,"Kizzire, Patton",CUT,0.010475,0.033025,0.054275,0.10755,0.207,0.299275,0.6126,0.00905,baseline_history_fit,2026-04-18T18:31:07.678671+00:00
10,The Honda Classic,2021,2021-03-21,6986,"Johnson, Zach",T8,0.010075,0.028975,0.0485,0.09945,0.198875,0.291825,0.60325,0.010225,baseline_history_fit,2026-04-18T18:31:07.678671+00:00
10,The Honda Classic,2021,2021-03-21,7399,"Glover, Lucas",T19,0.010075,0.03095,0.0516,0.1042,0.206425,0.298025,0.604225,0.010425,baseline_history_fit,2026-04-18T18:31:07.678671+00:00
10,The Honda Classic,2021,2021-03-21,13126,"Taylor, Nick",CUT,0.0099,0.030425,0.051025,0.099775,0.19715,0.29115,0.60995,0.0075,baseline_history_fit,2026-04-18T18:31:07.678671+00:00
10,The Honda Classic,2021,2021-03-21,18634,"McNealy, Maverick",CUT,0.00985,0.02955,0.049525,0.1015,0.20315,0.296825,0.61575,0.008875,baseline_history_fit,2026-04-18T18:31:07.678671+00:00
10,The Honda Classic,2021,2021-03-21,4052,"Westwood, Lee",CUT,0.00975,0.028825,0.05045,0.099175,0.197875,0.290725,0.6083,0.0089,baseline_history_fit,2026-04-18T18:31:07.678671+00:00
10,The Honda Classic,2021,2021-03-21,20706,"Wallace, Matt",CUT,0.0096,0.031175,0.05095,0.1018,0.2012,0.29485,0.6137,0.00885,baseline_history_fit,2026-04-18T18:31:07.678671+00:00
10,The Honda Classic,2021,2021-03-21,19870,"McCarthy, Denny",T3,0.009525,0.03155,0.05255,0.107575,0.213475,0.3119,0.631075,0.0082,baseline_history_fit,2026-04-18T18:31:07.678671+00:00
10,The Honda Classic,2021,2021-03-21,13965,"Hadwin, Adam",T8,0.00935,0.030475,0.05175,0.104175,0.2031,0.29815,0.607175,0.011125,baseline_history_fit,2026-04-18T18:31:07.678671+00:00
10,The Honda Classic,2021,2021-03-21,19364,"Werenski, Richy",CUT,0.009025,0.028825,0.0488,0.096975,0.18985,0.28185,0.595175,0.011225,baseline_history_fit,2026-04-18T18:31:07.678671+00:00
10,The Honda Classic,2021,2021-03-21,17511,"Straka, Sepp",T33,0.0089,0.02955,0.0483,0.097625,0.197,0.2877,0.60325,0.009,baseline_history_fit,2026-04-18T18:31:07.678671+00:00
10,The Honda Classic,2021,2021-03-21,16433,"NeSmith, Matt",T36,0.00885,0.02705,0.046725,0.09255,0.18625,0.27685,0.584125,0.010275,baseline_history_fit,2026-04-18T18:31:07.678671+00:00
10,The Honda Classic,2021,2021-03-21,16283,"Rodgers, Patrick",CUT,0.00865,0.026825,0.0466,0.09295,0.1841,0.2736,0.5837,0.0107,baseline_history_fit,2026-04-18T18:31:07.678671+00:00
10,The Honda Classic,2021,2021-03-21,7398,"Schwartzel, Charl",T53,0.008225,0.0257,0.0421,0.0902,0.177475,0.2666,0.5762,0.010125,baseline_history_fit,2026-04-18T18:31:07.678671+00:00
10,The Honda Classic,2021,2021-03-21,14081,"Hoag, Bo",CUT,0.008225,0.027875,0.048875,0.1006,0.20115,0.2995,0.62015,0.007825,baseline_history_fit,2026-04-18T18:31:07.678671+00:00
10,The Honda Classic,2021,2021-03-21,14459,"An, Byeong Hun",CUT,0.008175,0.0252,0.044175,0.0882,0.179575,0.2687,0.580975,0.010925,baseline_history_fit,2026-04-18T18:31:07.678671+00:00
10,The Honda Classic,2021,2021-03-21,1435,"Poulter, Ian",CUT,0.008025,0.026525,0.045025,0.09235,0.19265,0.2846,0.59975,0.00985,baseline_history_fit,2026-04-18T18:31:07.678671+00:00
10,The Honda Classic,2021,2021-03-21,15575,"Hoge, Tom",CUT,0.00785,0.0247,0.042675,0.087375,0.18015,0.26995,0.59565,0.006625,baseline_history_fit,2026-04-18T18:31:07.678671+00:00
10,The Honda Classic,2021,2021-03-21,11657,"Norlander, Henrik",CUT,0.00785,0.02435,0.0417,0.08585,0.174925,0.261975,0.578175,0.00645,baseline_history_fit,2026-04-18T18:31:07.678671+00:00
10,The Honda Classic,2021,2021-03-21,14926,"Malnati, Peter",CUT,0.007525,0.0231,0.03955,0.0816,0.16465,0.247225,0.56465,0.0074,baseline_history_fit,2026-04-18T18:31:07.678671+00:00
10,The Honda Classic,2021,2021-03-21,11374,"Hahn, James",-,0.0074,0.02455,0.0429,0.08885,0.18135,0.269025,0.590525,0.006875,baseline_history_fit,2026-04-18T18:31:07.678671+00:00
10,The Honda Classic,2021,2021-03-21,19477,"Schenk, Adam",T36,0.00725,0.0217,0.03785,0.07955,0.167975,0.25835,0.581125,0.006725,baseline_history_fit,2026-04-18T18:31:07.678671+00:00
10,The Honda Classic,2021,2021-03-21,5665,"Cink, Stewart",T19,0.007075,0.022775,0.038225,0.0784,0.161675,0.246,0.564975,0.007675,baseline_history_fit,2026-04-18T18:31:07.678671+00:00
10,The Honda Classic,2021,2021-03-21,13022,"Stuard, Brian",CUT,0.00695,0.021025,0.035925,0.074675,0.156,0.239025,0.562625,0.006425,baseline_history_fit,2026-04-18T18:31:07.678671+00:00
10,The Honda Classic,2021,2021-03-21,12359,"Stallings, Scott",CUT,0.0069,0.02255,0.039925,0.083725,0.170275,0.260825,0.579975,0.00695,baseline_history_fit,2026-04-18T18:31:07.678671+00:00
10,The Honda Classic,2021,2021-03-21,14140,"Higgs, Harry",T19,0.006325,0.021475,0.037475,0.0799,0.162,0.2461,0.57015,0.006675,baseline_history_fit,2026-04-18T18:31:07.678671+00:00
10,The Honda Classic,2021,2021-03-21,13497,"Lee, K.H.",CUT,0.006225,0.020025,0.035175,0.0759,0.158575,0.242525,0.563775,0.006975,baseline_history_fit,2026-04-18T18:31:07.678671+00:00
10,The Honda Classic,2021,2021-03-21,4818,"Stricker, Steve",T13,0.0058,0.01975,0.033,0.06835,0.143925,0.221875,0.540125,0.006225,baseline_history_fit,2026-04-18T18:31:07.678671+00:00
10,The Honda Classic,2021,2021-03-21,7961,"Reavie, Chez",CUT,0.0053,0.01865,0.032675,0.0683,0.14555,0.22685,0.54295,0.008425,baseline_history_fit,2026-04-18T18:31:07.678671+00:00
10,The Honda Classic,2021,2021-03-21,11082,"Burgoon, Bronson",T67,0.005075,0.016825,0.0294,0.062525,0.132425,0.2099,0.5329,0.00525,baseline_history_fit,2026-04-18T18:31:07.678671+00:00
10,The Honda Classic,2021,2021-03-21,26660,"Gordon, Will",T36,0.005025,0.017625,0.03175,0.067825,0.141025,0.22055,0.541425,0.0055,baseline_history_fit,2026-04-18T18:31:07.678671+00:00
10,The Honda Classic,2021,2021-03-21,6762,"Perez, Pat",T46,0.005,0.018025,0.0327,0.06975,0.150275,0.234625,0.556075,0.007875,baseline_history_fit,2026-04-18T18:31:07.678671+00:00
10,The Honda Classic,2021,2021-03-21,5874,"Percy, Cameron",CUT,0.004875,0.017475,0.030375,0.066175,0.143525,0.22275,0.53955,0.007575,baseline_history_fit,2026-04-18T18:31:07.678671+00:00
10,The Honda Classic,2021,2021-03-21,17064,"Herbert, Lucas",T46,0.004875,0.0158,0.027225,0.06095,0.12995,0.206825,0.528725,0.0049,baseline_history_fit,2026-04-18T18:31:07.678671+00:00
10,The Honda Classic,2021,2021-03-21,21236,"Bryan, Wesley",CUT,0.004675,0.015375,0.026275,0.055625,0.119225,0.186125,0.487775,0.00625,baseline_history_fit,2026-04-18T18:31:07.678671+00:00
10,The Honda Classic,2021,2021-03-21,16333,"Hubbard, Mark",T46,0.004675,0.015475,0.02755,0.05915,0.1308,0.208925,0.5282,0.0071,baseline_history_fit,2026-04-18T18:31:07.678671+00:00
10,The Honda Classic,2021,2021-03-21,8117,"Kaymer, Martin",CUT,0.004625,0.01515,0.02715,0.0583,0.126925,0.19925,0.51315,0.00705,baseline_history_fit,2026-04-18T18:31:07.678671+00:00
10,The Honda Classic,2021,2021-03-21,14050,"Sloan, Roger",T25,0.004575,0.0152,0.0278,0.06205,0.134775,0.210875,0.5322,0.004725,baseline_history_fit,2026-04-18T18:31:07.678671+00:00
10,The Honda Classic,2021,2021-03-21,15164,"Lewis, Tom",T36,0.0045,0.0153,0.0268,0.059575,0.129375,0.204675,0.524525,0.005775,baseline_history_fit,2026-04-18T18:31:07.678671+00:00
10,The Honda Classic,2021,2021-03-21,2881,"Furyk, Jim",CUT,0.004475,0.015075,0.0264,0.0591,0.1312,0.20885,0.532125,0.004625,baseline_history_fit,2026-04-18T18:31:07.678671+00:00
10,The Honda Classic,2021,2021-03-21,18187,"Duncan, Tyler",CUT,0.004325,0.015925,0.028425,0.0611,0.134975,0.211025,0.536475,0.00575,baseline_history_fit,2026-04-18T18:31:07.678671+00:00
10,The Honda Classic,2021,2021-03-21,11451,"Garnett, Brice",T25,0.004075,0.01425,0.025875,0.0593,0.1325,0.210025,0.537625,0.00515,baseline_history_fit,2026-04-18T18:31:07.678671+00:00
10,The Honda Classic,2021,2021-03-21,15475,"Pan, C.T.",T3,0.00405,0.013875,0.025025,0.057775,0.128825,0.20245,0.521225,0.006875,baseline_history_fit,2026-04-18T18:31:07.678671+00:00
10,The Honda Classic,2021,2021-03-21,1547,"Mickelson, Phil",T25,0.004,0.01315,0.022725,0.04905,0.1087,0.1738,0.4789,0.007175,baseline_history_fit,2026-04-18T18:31:07.678671+00:00
10,The Honda Classic,2021,2021-03-21,13367,"Merritt, Troy",CUT,0.003925,0.011975,0.022125,0.0474,0.111275,0.1807,0.50935,0.00495,baseline_history_fit,2026-04-18T18:31:07.678671+00:00
10,The Honda Classic,2021,2021-03-21,7301,"Dufner, Jason",T53,0.003875,0.0136,0.024625,0.05395,0.11985,0.192625,0.50985,0.006125,baseline_history_fit,2026-04-18T18:31:07.678671+00:00
10,The Honda Classic,2021,2021-03-21,6930,"Taylor, Vaughn",CUT,0.00375,0.01295,0.024175,0.053225,0.116925,0.18845,0.5103,0.0052,baseline_history_fit,2026-04-18T18:31:07.678671+00:00
10,The Honda Classic,2021,2021-03-21,12669,"Lahiri, Anirban",CUT,0.003625,0.012325,0.02135,0.0454,0.104925,0.17235,0.48105,0.0062,baseline_history_fit,2026-04-18T18:31:07.678671+00:00
10,The Honda Classic,2021,2021-03-21,16715,"Ryder, Sam",T8,0.00355,0.01275,0.022725,0.05095,0.116575,0.187475,0.51245,0.004925,baseline_history_fit,2026-04-18T18:31:07.678671+00:00
10,The Honda Classic,2021,2021-03-21,17509,"Seiffert, Chase",T3,0.003525,0.0112,0.020075,0.045325,0.103175,0.167425,0.475325,0.005975,baseline_history_fit,2026-04-18T18:31:07.678671+00:00
10,The Honda Classic,2021,2021-03-21,17584,"McCumber, Tyler",T33,0.003425,0.012025,0.02065,0.04685,0.1079,0.175825,0.493775,0.00545,baseline_history_fit,2026-04-18T18:31:07.678671+00:00
10,The Honda Classic,2021,2021-03-21,18695,"Hagy, Brandon",2,0.003375,0.011225,0.020425,0.0456,0.1029,0.167175,0.4874,0.004825,baseline_history_fit,2026-04-18T18:31:07.678671+00:00
10,The Honda Classic,2021,2021-03-21,14967,"Hadley, Chesson",CUT,0.003375,0.010475,0.0195,0.0446,0.101,0.16435,0.4696,0.0055,baseline_history_fit,2026-04-18T18:31:07.678671+00:00
10,The Honda Classic,2021,2021-03-21,7457,"Cabrera Bello, Rafa",CUT,0.00335,0.011075,0.020075,0.04615,0.105,0.174375,0.4958,0.004275,baseline_history_fit,2026-04-18T18:31:07.678671+00:00
10,The Honda Classic,2021,2021-03-21,18579,"Cook, Austin",CUT,0.003275,0.01025,0.0193,0.04505,0.1035,0.169125,0.49305,0.0039,baseline_history_fit,2026-04-18T18:31:07.678671+00:00
10,The Honda Classic,2021,2021-03-21,10943,"Lashley, Nate",T36,0.0032,0.011225,0.019975,0.0442,0.102075,0.1652,0.472375,0.0065,baseline_history_fit,2026-04-18T18:31:07.678671+00:00
10,The Honda Classic,2021,2021-03-21,17365,"Mitchell, Keith",T53,0.003125,0.01125,0.020825,0.0468,0.10835,0.176375,0.49715,0.00465,baseline_history_fit,2026-04-18T18:31:07.678671+00:00
10,The Honda Classic,2021,2021-03-21,5716,"Harrington, Padraig",CUT,0.0031,0.010925,0.0195,0.04375,0.1011,0.167775,0.4857,0.003725,baseline_history_fit,2026-04-18T18:31:07.678671+00:00
10,The Honda Classic,2021,2021-03-21,14698,"Bramlett, Joseph",CUT,0.003075,0.00995,0.0189,0.0425,0.099825,0.1658,0.483125,0.004825,baseline_history_fit,2026-04-18T18:31:07.678671+00:00
10,The Honda Classic,2021,2021-03-21,15651,"Ventura, Kris",CUT,0.003,0.010625,0.0196,0.045975,0.10615,0.1726,0.484175,0.006125,baseline_history_fit,2026-04-18T18:31:07.678671+00:00
10,The Honda Classic,2021,2021-03-21,18635,"Shelton, Robby",CUT,0.00295,0.01055,0.019075,0.042575,0.09835,0.1604,0.47455,0.00435,baseline_history_fit,2026-04-18T18:31:07.678671+00:00
10,The Honda Classic,2021,2021-03-21,21943,"Lebioda, Hank",CUT,0.00285,0.01015,0.018825,0.042825,0.099325,0.165525,0.476825,0.005675,baseline_history_fit,2026-04-18T18:31:07.678671+00:00
10,The Honda Classic,2021,2021-03-21,8469,"Armour, Ryan",T58,0.00275,0.008125,0.015975,0.038225,0.091625,0.151475,0.464925,0.0054,baseline_history_fit,2026-04-18T18:31:07.678671+00:00
10,The Honda Classic,2021,2021-03-21,14655,"Murray, Grayson",CUT,0.002725,0.009375,0.01665,0.038275,0.088975,0.1463,0.43975,0.00535,baseline_history_fit,2026-04-18T18:31:07.678671+00:00
10,The Honda Classic,2021,2021-03-21,14000,"Landry, Andrew",CUT,0.0025,0.0086,0.01635,0.03875,0.091625,0.15405,0.468,0.004225,baseline_history_fit,2026-04-18T18:31:07.678671+00:00
10,The Honda Classic,2021,2021-03-21,8002,"Oppenheim, Rob",CUT,0.0024,0.0088,0.016,0.0389,0.089125,0.151275,0.456875,0.005675,baseline_history_fit,2026-04-18T18:31:07.678671+00:00
10,The Honda Classic,2021,2021-03-21,7548,"McDowell, Graeme",CUT,0.0021,0.007975,0.014375,0.0343,0.081175,0.1361,0.4382,0.0041,baseline_history_fit,2026-04-18T18:31:07.678671+00:00
10,The Honda Classic,2021,2021-03-21,11330,"Brown, Scott",CUT,0.0021,0.0079,0.015175,0.036625,0.084625,0.1428,0.4528,0.0041,baseline_history_fit,2026-04-18T18:31:07.678671+00:00
10,The Honda Classic,2021,2021-03-21,11382,"Lovemark, Jamie",CUT,0.00205,0.00685,0.012725,0.0307,0.074475,0.127025,0.4288,0.0033,baseline_history_fit,2026-04-18T18:31:07.678671+00:00
10,The Honda Classic,2021,2021-03-21,15470,"Hossler, Beau",T60,0.001975,0.006925,0.01345,0.032825,0.078225,0.12985,0.427975,0.004875,baseline_history_fit,2026-04-18T18:31:07.678671+00:00
10,The Honda Classic,2021,2021-03-21,25908,"Whaley, Vince",T36,0.001875,0.00705,0.014125,0.03275,0.07845,0.133975,0.435275,0.004575,baseline_history_fit,2026-04-18T18:31:07.678671+00:00
10,The Honda Classic,2021,2021-03-21,8479,"Harrington, Scott",T53,0.001875,0.006575,0.0125,0.0296,0.07155,0.124425,0.4189,0.00475,baseline_history_fit,2026-04-18T18:31:07.678671+00:00
10,The Honda Classic,2021,2021-03-21,4163,"Donald, Luke",CUT,0.001725,0.0062,0.01125,0.025875,0.065575,0.1159,0.414475,0.002525,baseline_history_fit,2026-04-18T18:31:07.678671+00:00
10,The Honda Classic,2021,2021-03-21,8769,"Potter Jr, Ted",64,0.001725,0.006425,0.012175,0.02935,0.072275,0.122275,0.4166,0.004375,baseline_history_fit,2026-04-18T18:31:07.678671+00:00
10,The Honda Classic,2021,2021-03-21,7959,"Holmes, J.B.",T46,0.0017,0.007475,0.013325,0.03105,0.073075,0.121625,0.421725,0.003275,baseline_history_fit,2026-04-18T18:31:07.678671+00:00
10,The Honda Classic,2021,2021-03-21,7626,"O'Hair, Sean",WD,0.001675,0.007075,0.014175,0.0307,0.08095,0.137075,0.43675,0.003375,baseline_history_fit,2026-04-18T18:31:07.678671+00:00
10,The Honda Classic,2021,2021-03-21,9171,"Villegas, Camilo",T8,0.001675,0.00585,0.011125,0.027,0.066175,0.114375,0.400325,0.0036,baseline_history_fit,2026-04-18T18:31:07.678671+00:00
10,The Honda Classic,2021,2021-03-21,14852,"Streb, Robert",T13,0.001625,0.0074,0.013625,0.031,0.076425,0.13325,0.430625,0.004375,baseline_history_fit,2026-04-18T18:31:07.678671+00:00
10,The Honda Classic,2021,2021-03-21,12321,"Aphibarnrat, Kiradech",T67,0.0015,0.005375,0.01,0.02565,0.063075,0.11155,0.3974,0.00475,baseline_history_fit,2026-04-18T18:31:07.678671+00:00
10,The Honda Classic,2021,2021-03-21,13305,"Chappell, Kevin",T13,0.001375,0.0056,0.010225,0.02445,0.0612,0.107975,0.395525,0.00335,baseline_history_fit,2026-04-18T18:31:07.678671+00:00
10,The Honda Classic,2021,2021-03-21,12846,"Herman, Jim",T53,0.0013,0.00525,0.009225,0.023825,0.061625,0.10825,0.396275,0.003925,baseline_history_fit,2026-04-18T18:31:07.678671+00:00
10,The Honda Classic,2021,2021-03-21,15852,"Kraft, Kelly",CUT,0.001275,0.003675,0.007025,0.0193,0.051925,0.0936,0.3679,0.002975,baseline_history_fit,2026-04-18T18:31:07.678671+00:00
10,The Honda Classic,2021,2021-03-21,13026,"Zhang, Xinjun",CUT,0.001275,0.0058,0.011675,0.02975,0.077425,0.134725,0.44125,0.0036,baseline_history_fit,2026-04-18T18:31:07.678671+00:00
10,The Honda Classic,2021,2021-03-21,12909,"Campos, Rafael",CUT,0.00115,0.0045,0.008975,0.02185,0.053925,0.096375,0.378325,0.002525,baseline_history_fit,2026-04-18T18:31:07.678671+00:00
10,The Honda Classic,2021,2021-03-21,17536,"Spaun, J.J.",CUT,0.0011,0.00335,0.006475,0.016975,0.047125,0.0862,0.373225,0.001675,baseline_history_fit,2026-04-18T18:31:07.678671+00:00
10,The Honda Classic,2021,2021-03-21,5951,"Gay, Brian",T46,0.001025,0.004325,0.00795,0.02,0.054575,0.099825,0.39595,0.00275,baseline_history_fit,2026-04-18T18:31:07.678671+00:00
10,The Honda Classic,2021,2021-03-21,12232,"Ishikawa, Ryo",CUT,0.000975,0.003975,0.007275,0.018825,0.0523,0.09425,0.370225,0.003325,baseline_history_fit,2026-04-18T18:31:07.678671+00:00
10,The Honda Classic,2021,2021-03-21,14706,"Swafford, Hudson",CUT,0.000925,0.0032,0.0066,0.017525,0.046675,0.0868,0.3673,0.001925,baseline_history_fit,2026-04-18T18:31:07.678671+00:00
10,The Honda Classic,2021,2021-03-21,7236,"Trahan, D.J.",T60,0.0009,0.004225,0.008125,0.0205,0.053425,0.09635,0.377675,0.002675,baseline_history_fit,2026-04-18T18:31:07.678671+00:00
10,The Honda Classic,2021,2021-03-21,14776,"Cappelen, Sebastian",CUT,0.00085,0.0033,0.005725,0.014275,0.041575,0.0756,0.353275,0.00195,baseline_history_fit,2026-04-18T18:31:07.678671+00:00
10,The Honda Classic,2021,2021-03-21,5994,"Stenson, Henrik",CUT,0.00085,0.003225,0.00635,0.01745,0.047625,0.08595,0.368825,0.001875,baseline_history_fit,2026-04-18T18:31:07.678671+00:00
10,The Honda Classic,2021,2021-03-21,11117,"Noh, S.Y.",CUT,0.000775,0.00345,0.00705,0.019425,0.0505,0.092075,0.361075,0.00225,baseline_history_fit,2026-04-18T18:31:07.678671+00:00
10,The Honda Classic,2021,2021-03-21,7340,"Hearn, David",CUT,0.0006,0.003075,0.00585,0.016225,0.04415,0.08185,0.366775,0.002,baseline_history_fit,2026-04-18T18:31:07.678671+00:00
10,The Honda Classic,2021,2021-03-21,6556,"Compton, Erik",CUT,0.000525,0.00205,0.004225,0.0121,0.034825,0.06575,0.321875,0.002225,baseline_history_fit,2026-04-18T18:31:07.678671+00:00
10,The Honda Classic,2021,2021-03-21,7881,"Kang, Sung",CUT,0.000475,0.001825,0.00365,0.01075,0.029225,0.0563,0.297725,0.002675,baseline_history_fit,2026-04-18T18:31:07.678671+00:00
10,The Honda Classic,2021,2021-03-21,13404,"Gligic, Michael",CUT,0.000425,0.002225,0.004825,0.012225,0.0345,0.06495,0.32505,0.002475,baseline_history_fit,2026-04-18T18:31:07.678671+00:00
10,The Honda Classic,2021,2021-03-21,13531,"Kodaira, Satoshi",T36,0.000425,0.002825,0.00545,0.01475,0.0402,0.074125,0.342975,0.002,baseline_history_fit,2026-04-18T18:31:07.678671+00:00
10,The Honda Classic,2021,2021-03-21,12477,"McGirt, William",T60,0.0003,0.001925,0.003775,0.010275,0.02835,0.055125,0.2995,0.00135,baseline_history_fit,2026-04-18T18:31:07.678671+00:00
10,The Honda Classic,2021,2021-03-21,1804,"Choi, K.J.",CUT,0.0003,0.00135,0.002375,0.006975,0.022975,0.04615,0.27545,0.001825,baseline_history_fit,2026-04-18T18:31:07.678671+00:00
10,The Honda Classic,2021,2021-03-21,653,"Singh, Vijay",CUT,0.000275,0.0007,0.001225,0.00355,0.012975,0.027475,0.229275,0.000675,baseline_history_fit,2026-04-18T18:31:07.678671+00:00
10,The Honda Classic,2021,2021-03-21,7293,"Walker, Jimmy",T58,0.000275,0.00115,0.002775,0.00925,0.027675,0.051925,0.29185,0.0023,baseline_history_fit,2026-04-18T18:31:07.678671+00:00
10,The Honda Classic,2021,2021-03-21,17543,"Kim, Michael",CUT,0.000175,0.00075,0.001725,0.004825,0.015425,0.0315,0.2304,0.001775,baseline_history_fit,2026-04-18T18:31:07.678671+00:00
10,The Honda Classic,2021,2021-03-21,13342,"Gibson, Rhein",CUT,0.00015,0.001175,0.00275,0.0081,0.024075,0.048725,0.291375,0.001675,baseline_history_fit,2026-04-18T18:31:07.678671+00:00
10,The Honda Classic,2021,2021-03-21,6457,"Van Pelt, Bo",CUT,0.00015,0.000575,0.001225,0.00375,0.013475,0.02755,0.22925,0.000975,baseline_history_fit,2026-04-18T18:31:07.678671+00:00
10,The Honda Classic,2021,2021-03-21,21997,"Koepka, Chase",T30,7.5e-05,0.000225,0.00045,0.00165,0.006225,0.014825,0.160075,0.000275,baseline_history_fit,2026-04-18T18:31:07.678671+00:00
10,The Honda Classic,2021,2021-03-21,25335,"Stallings Jr., Stephen",T65,5e-05,0.000125,0.00035,0.00125,0.0052,0.0136,0.165875,0.000575,baseline_history_fit,2026-04-18T18:31:07.678671+00:00
10,The Honda Classic,2021,2021-03-21,15634,"Trainer, Martin",CUT,0.0,5e-05,0.000125,0.000525,0.002325,0.00605,0.1104,0.000275,baseline_history_fit,2026-04-18T18:31:07.678671+00:00
10,The Honda Classic,2021,2021-03-21,28038,"Johnson, Kamaiu",CUT,0.0,0.0,0.0,0.0,2.5e-05,5e-05,0.01125,5e-05,baseline_history_fit,2026-04-18T18:31:07.678671+00:00
10,The Honda Classic,2021,2021-03-21,16591,"Rozo, Marcelo",CUT,0.0,2.5e-05,0.0002,0.001175,0.004725,0.01115,0.156175,0.00035,baseline_history_fit,2026-04-18T18:31:07.678671+00:00
10,The Honda Classic,2021,2021-03-21,7636,"Mahan, Hunter",CUT,0.0,0.000125,0.00025,0.000925,0.003875,0.00955,0.135675,0.000575,baseline_history_fit,2026-04-18T18:31:07.678671+00:00
10,The Honda Classic,2021,2021-03-21,22988,"Zaback, Zach",CUT,0.0,0.0002,0.000275,0.000925,0.003225,0.006925,0.10925,0.0004,baseline_history_fit,2026-04-18T18:31:07.678671+00:00
10,The Honda Classic,2021,2021-03-21,7836,"Morin, Alan",CUT,0.0,0.0,0.0,0.0,0.00025,0.000525,0.031825,0.0,baseline_history_fit,2026-04-18T18:31:07.678671+00:00
9,Arnold Palmer Invitational presented by Mastercard,2021,2021-03-07,10091,"McIlroy, Rory",T10,0.08635,0.194025,0.2682,0.4033,0.5726,0.681275,0.8644,0.041225,baseline_history_fit,2026-04-18T18:31:07.813859+00:00
9,Arnold Palmer Invitational presented by Mastercard,2021,2021-03-07,19841,"DeChambeau, Bryson",1,0.084425,0.18655,0.262925,0.397075,0.57275,0.682225,0.862675,0.040375,baseline_history_fit,2026-04-18T18:31:07.813859+00:00
9,Arnold Palmer Invitational presented by Mastercard,2021,2021-03-07,18841,"Hovland, Viktor",T49,0.05715,0.14265,0.208525,0.333925,0.508275,0.624075,0.84125,0.030475,baseline_history_fit,2026-04-18T18:31:07.813859+00:00
9,Arnold Palmer Invitational presented by Mastercard,2021,2021-03-07,14796,"Hatton, Tyrrell",T21,0.040575,0.1052,0.1567,0.26475,0.430425,0.54985,0.8042,0.02565,baseline_history_fit,2026-04-18T18:31:07.813859+00:00
9,Arnold Palmer Invitational presented by Mastercard,2021,2021-03-07,14838,"Reed, Patrick",CUT,0.037025,0.0994,0.152975,0.2629,0.4306,0.554375,0.80845,0.022025,baseline_history_fit,2026-04-18T18:31:07.813859+00:00
9,Arnold Palmer Invitational presented by Mastercard,2021,2021-03-07,17488,"Im, Sungjae",T21,0.0306,0.08535,0.13055,0.233175,0.39595,0.517225,0.795275,0.0195,baseline_history_fit,2026-04-18T18:31:07.813859+00:00
9,Arnold Palmer Invitational presented by Mastercard,2021,2021-03-07,17646,"Fitzpatrick, Matt",T10,0.02725,0.07725,0.12175,0.219475,0.377625,0.500825,0.78275,0.0196,baseline_history_fit,2026-04-18T18:31:07.813859+00:00
9,Arnold Palmer Invitational presented by Mastercard,2021,2021-03-07,13562,"Matsuyama, Hideki",T18,0.02695,0.075425,0.11865,0.21475,0.36495,0.4842,0.76875,0.022175,baseline_history_fit,2026-04-18T18:31:07.813859+00:00
9,Arnold Palmer Invitational presented by Mastercard,2021,2021-03-07,11276,"Horschel, Billy",CUT,0.02405,0.070825,0.11185,0.203675,0.35605,0.47875,0.767775,0.0182,baseline_history_fit,2026-04-18T18:31:07.813859+00:00
9,Arnold Palmer Invitational presented by Mastercard,2021,2021-03-07,9771,"Day, Jason",T31,0.023975,0.066525,0.106525,0.19515,0.345675,0.463625,0.760475,0.016225,baseline_history_fit,2026-04-18T18:31:07.813859+00:00
9,Arnold Palmer Invitational presented by Mastercard,2021,2021-03-07,7108,"Casey, Paul",T10,0.0197,0.057475,0.091675,0.1733,0.310575,0.42805,0.73455,0.01565,baseline_history_fit,2026-04-18T18:31:07.813859+00:00
9,Arnold Palmer Invitational presented by Mastercard,2021,2021-03-07,19428,"Zalatoris, Will",T10,0.019625,0.055075,0.090875,0.17375,0.3169,0.436525,0.742125,0.015725,baseline_history_fit,2026-04-18T18:31:07.813859+00:00
9,Arnold Palmer Invitational presented by Mastercard,2021,2021-03-07,14577,"English, Harris",T26,0.01925,0.059475,0.098575,0.1827,0.32485,0.44775,0.751,0.016325,baseline_history_fit,2026-04-18T18:31:07.813859+00:00
9,Arnold Palmer Invitational presented by Mastercard,2021,2021-03-07,7672,"Oosthuizen, Louis",-,0.0172,0.052075,0.0858,0.16275,0.299125,0.416475,0.727375,0.01655,baseline_history_fit,2026-04-18T18:31:07.813859+00:00
9,Arnold Palmer Invitational presented by Mastercard,2021,2021-03-07,7452,"Na, Kevin",T43,0.0154,0.045925,0.0757,0.149925,0.280025,0.3921,0.7169,0.013075,baseline_history_fit,2026-04-18T18:31:07.813859+00:00
9,Arnold Palmer Invitational presented by Mastercard,2021,2021-03-07,12294,"Fleetwood, Tommy",T10,0.014875,0.04505,0.07685,0.14995,0.2786,0.391925,0.71185,0.0148,baseline_history_fit,2026-04-18T18:31:07.813859+00:00
9,Arnold Palmer Invitational presented by Mastercard,2021,2021-03-07,12337,"Kokrak, Jason",T8,0.014675,0.045325,0.076575,0.150575,0.276675,0.390175,0.71005,0.014925,baseline_history_fit,2026-04-18T18:31:07.813859+00:00
9,Arnold Palmer Invitational presented by Mastercard,2021,2021-03-07,19483,"Burns, Sam",CUT,0.01405,0.042725,0.070725,0.136975,0.2585,0.368875,0.693875,0.014225,baseline_history_fit,2026-04-18T18:31:07.813859+00:00
9,Arnold Palmer Invitational presented by Mastercard,2021,2021-03-07,12965,"Fowler, Rickie",72,0.013225,0.0394,0.064975,0.126725,0.24695,0.3577,0.6928,0.0115,baseline_history_fit,2026-04-18T18:31:07.813859+00:00
9,Arnold Palmer Invitational presented by Mastercard,2021,2021-03-07,17538,"Homa, Max",T10,0.0121,0.037075,0.06365,0.12595,0.242525,0.34995,0.686325,0.01125,baseline_history_fit,2026-04-18T18:31:07.813859+00:00
9,Arnold Palmer Invitational presented by Mastercard,2021,2021-03-07,7655,"Molinari, Francesco",CUT,0.01195,0.03745,0.062075,0.123075,0.237175,0.34325,0.67405,0.012575,baseline_history_fit,2026-04-18T18:31:07.813859+00:00
9,Arnold Palmer Invitational presented by Mastercard,2021,2021-03-07,6093,"Rose, Justin",WD,0.010525,0.036275,0.06035,0.12295,0.2364,0.3472,0.681025,0.011875,baseline_history_fit,2026-04-18T18:31:07.813859+00:00
9,Arnold Palmer Invitational presented by Mastercard,2021,2021-03-07,18580,"Gooch, Talor",T43,0.010475,0.033225,0.05585,0.113775,0.2321,0.33995,0.6792,0.0113,baseline_history_fit,2026-04-18T18:31:07.813859+00:00
9,Arnold Palmer Invitational presented by Mastercard,2021,2021-03-07,14636,"Spieth, Jordan",T4,0.0103,0.032975,0.05555,0.1142,0.225375,0.3302,0.676025,0.012,baseline_history_fit,2026-04-18T18:31:07.813859+00:00
9,Arnold Palmer Invitational presented by Mastercard,2021,2021-03-07,14013,"Tringale, Cameron",T31,0.010275,0.032925,0.056675,0.118725,0.2394,0.3522,0.69045,0.010125,baseline_history_fit,2026-04-18T18:31:07.813859+00:00
9,Arnold Palmer Invitational presented by Mastercard,2021,2021-03-07,17786,"Davis, Cam",CUT,0.010225,0.03435,0.058575,0.118225,0.2347,0.341775,0.679075,0.01235,baseline_history_fit,2026-04-18T18:31:07.813859+00:00
9,Arnold Palmer Invitational presented by Mastercard,2021,2021-03-07,17576,"Conners, Corey",3,0.0102,0.0364,0.0637,0.12725,0.252225,0.367,0.70395,0.010525,baseline_history_fit,2026-04-18T18:31:07.813859+00:00
9,Arnold Palmer Invitational presented by Mastercard,2021,2021-03-07,18103,"Bezuidenhout, Christiaan",7,0.010025,0.031975,0.055475,0.11525,0.22705,0.335375,0.6789,0.009725,baseline_history_fit,2026-04-18T18:31:07.813859+00:00
9,Arnold Palmer Invitational presented by Mastercard,2021,2021-03-07,23604,"Clark, Wyndham",CUT,0.0092,0.02925,0.052125,0.1062,0.215825,0.3196,0.66565,0.008925,baseline_history_fit,2026-04-18T18:31:07.813859+00:00
9,Arnold Palmer Invitational presented by Mastercard,2021,2021-03-07,15330,"Griffin, Lanto",T21,0.009,0.029025,0.050675,0.10585,0.215975,0.323,0.672025,0.010425,baseline_history_fit,2026-04-18T18:31:07.813859+00:00
9,Arnold Palmer Invitational presented by Mastercard,2021,2021-03-07,14609,"Kim, Si Woo",WD,0.008775,0.027925,0.04745,0.1002,0.20405,0.30585,0.648675,0.010925,baseline_history_fit,2026-04-18T18:31:07.813859+00:00
9,Arnold Palmer Invitational presented by Mastercard,2021,2021-03-07,12808,"Grillo, Emiliano",T21,0.008575,0.03135,0.053475,0.111025,0.219725,0.32545,0.669825,0.010325,baseline_history_fit,2026-04-18T18:31:07.813859+00:00
9,Arnold Palmer Invitational presented by Mastercard,2021,2021-03-07,11328,"Kisner, Kevin",T36,0.0084,0.026475,0.046525,0.09835,0.205575,0.30845,0.6619,0.00935,baseline_history_fit,2026-04-18T18:31:07.813859+00:00
9,Arnold Palmer Invitational presented by Mastercard,2021,2021-03-07,13872,"Bradley, Keegan",T10,0.007975,0.024625,0.04365,0.093525,0.19855,0.2985,0.650575,0.008475,baseline_history_fit,2026-04-18T18:31:07.813859+00:00
9,Arnold Palmer Invitational presented by Mastercard,2021,2021-03-07,20770,"Munoz, Sebastian",T49,0.007525,0.025075,0.0441,0.091775,0.191775,0.29005,0.646,0.0089,baseline_history_fit,2026-04-18T18:31:07.813859+00:00
9,Arnold Palmer Invitational presented by Mastercard,2021,2021-03-07,6986,"Johnson, Zach",T49,0.0074,0.023525,0.041775,0.08905,0.1917,0.292025,0.647175,0.00815,baseline_history_fit,2026-04-18T18:31:07.813859+00:00
9,Arnold Palmer Invitational presented by Mastercard,2021,2021-03-07,13900,"Lowry, Shane",CUT,0.0072,0.023,0.04095,0.087725,0.184875,0.2828,0.6393,0.0081,baseline_history_fit,2026-04-18T18:31:07.813859+00:00
9,Arnold Palmer Invitational presented by Mastercard,2021,2021-03-07,23542,"Champ, Cameron",CUT,0.007,0.023575,0.04175,0.088625,0.1854,0.281375,0.632375,0.008425,baseline_history_fit,2026-04-18T18:31:07.813859+00:00
9,Arnold Palmer Invitational presented by Mastercard,2021,2021-03-07,11955,"Frittelli, Dylan",CUT,0.00695,0.023375,0.041125,0.089725,0.188075,0.28745,0.644525,0.0083,baseline_history_fit,2026-04-18T18:31:07.813859+00:00
9,Arnold Palmer Invitational presented by Mastercard,2021,2021-03-07,14459,"An, Byeong Hun",T43,0.006675,0.023375,0.03935,0.085425,0.181725,0.275825,0.6331,0.009175,baseline_history_fit,2026-04-18T18:31:07.813859+00:00
9,Arnold Palmer Invitational presented by Mastercard,2021,2021-03-07,7960,"List, Luke",T63,0.006675,0.023225,0.042125,0.0881,0.18675,0.2867,0.637175,0.00925,baseline_history_fit,2026-04-18T18:31:07.813859+00:00
9,Arnold Palmer Invitational presented by Mastercard,2021,2021-03-07,6892,"Howell III, Charles",T36,0.006375,0.0218,0.039525,0.087425,0.1848,0.27985,0.632725,0.0089,baseline_history_fit,2026-04-18T18:31:07.813859+00:00
9,Arnold Palmer Invitational presented by Mastercard,2021,2021-03-07,8605,"Jones, Matt",CUT,0.006375,0.0218,0.03815,0.084175,0.18175,0.2795,0.6419,0.00815,baseline_history_fit,2026-04-18T18:31:07.813859+00:00
9,Arnold Palmer Invitational presented by Mastercard,2021,2021-03-07,7649,"Leishman, Marc",CUT,0.006025,0.021175,0.038275,0.08165,0.17405,0.270275,0.631525,0.008775,baseline_history_fit,2026-04-18T18:31:07.813859+00:00
9,Arnold Palmer Invitational presented by Mastercard,2021,2021-03-07,12423,"Kirk, Chris",T8,0.0059,0.019525,0.035425,0.08035,0.169425,0.263075,0.621775,0.0078,baseline_history_fit,2026-04-18T18:31:07.813859+00:00
9,Arnold Palmer Invitational presented by Mastercard,2021,2021-03-07,17550,"Van Rooyen, Erik",T57,0.00575,0.018575,0.03555,0.0799,0.173825,0.2679,0.6317,0.00805,baseline_history_fit,2026-04-18T18:31:07.813859+00:00
9,Arnold Palmer Invitational presented by Mastercard,2021,2021-03-07,12425,"Todd, Brendon",T57,0.005475,0.018725,0.0342,0.07555,0.1672,0.26125,0.619175,0.0078,baseline_history_fit,2026-04-18T18:31:07.813859+00:00
9,Arnold Palmer Invitational presented by Mastercard,2021,2021-03-07,15473,"Long, Adam",CUT,0.0053,0.018825,0.034775,0.07515,0.166375,0.2604,0.62315,0.007425,baseline_history_fit,2026-04-18T18:31:07.813859+00:00
9,Arnold Palmer Invitational presented by Mastercard,2021,2021-03-07,13831,"Knox, Russell",70,0.005125,0.016675,0.0304,0.067775,0.1525,0.241025,0.603675,0.005475,baseline_history_fit,2026-04-18T18:31:07.813859+00:00
9,Arnold Palmer Invitational presented by Mastercard,2021,2021-03-07,13965,"Hadwin, Adam",CUT,0.0049,0.0164,0.0306,0.071125,0.1566,0.249375,0.61065,0.0076,baseline_history_fit,2026-04-18T18:31:07.813859+00:00
9,Arnold Palmer Invitational presented by Mastercard,2021,2021-03-07,5768,"Hoffman, Charley",T10,0.0049,0.01855,0.03255,0.0731,0.159625,0.2487,0.60725,0.006425,baseline_history_fit,2026-04-18T18:31:07.813859+00:00
9,Arnold Palmer Invitational presented by Mastercard,2021,2021-03-07,14606,"Huh, John",T63,0.004875,0.018025,0.0326,0.07205,0.157475,0.247075,0.5999,0.007225,baseline_history_fit,2026-04-18T18:31:07.813859+00:00
9,Arnold Palmer Invitational presented by Mastercard,2021,2021-03-07,11019,"Steele, Brendan",T18,0.004875,0.01605,0.028975,0.0628,0.143425,0.23265,0.5929,0.006975,baseline_history_fit,2026-04-18T18:31:07.813859+00:00
9,Arnold Palmer Invitational presented by Mastercard,2021,2021-03-07,22051,"Wise, Aaron",CUT,0.004825,0.01675,0.031875,0.0719,0.159425,0.25005,0.604575,0.00615,baseline_history_fit,2026-04-18T18:31:07.813859+00:00
9,Arnold Palmer Invitational presented by Mastercard,2021,2021-03-07,21554,"Poston, J.T.",CUT,0.004825,0.017075,0.0298,0.066675,0.14905,0.23845,0.59515,0.00715,baseline_history_fit,2026-04-18T18:31:07.813859+00:00
9,Arnold Palmer Invitational presented by Mastercard,2021,2021-03-07,23323,"MacIntyre, Robert",T36,0.00475,0.0167,0.029225,0.066875,0.150725,0.24035,0.603625,0.006525,baseline_history_fit,2026-04-18T18:31:07.813859+00:00
9,Arnold Palmer Invitational presented by Mastercard,2021,2021-03-07,24481,"Redman, Doc",T66,0.0045,0.0152,0.0282,0.064675,0.14425,0.2322,0.600825,0.006625,baseline_history_fit,2026-04-18T18:31:07.813859+00:00
9,Arnold Palmer Invitational presented by Mastercard,2021,2021-03-07,7399,"Glover, Lucas",T66,0.0044,0.016875,0.030525,0.0691,0.155325,0.246825,0.611675,0.005325,baseline_history_fit,2026-04-18T18:31:07.813859+00:00
9,Arnold Palmer Invitational presented by Mastercard,2021,2021-03-07,18634,"McNealy, Maverick",T49,0.004375,0.01775,0.031425,0.071925,0.160225,0.2533,0.614875,0.0079,baseline_history_fit,2026-04-18T18:31:07.813859+00:00
9,Arnold Palmer Invitational presented by Mastercard,2021,2021-03-07,11657,"Norlander, Henrik",71,0.004325,0.016,0.02965,0.067425,0.1523,0.241425,0.604825,0.006325,baseline_history_fit,2026-04-18T18:31:07.813859+00:00
9,Arnold Palmer Invitational presented by Mastercard,2021,2021-03-07,13126,"Taylor, Nick",CUT,0.004325,0.0141,0.0265,0.059925,0.140675,0.2228,0.581975,0.0067,baseline_history_fit,2026-04-18T18:31:07.813859+00:00
9,Arnold Palmer Invitational presented by Mastercard,2021,2021-03-07,24550,"Ghim, Doug",T36,0.004175,0.01585,0.0288,0.0644,0.144275,0.23005,0.595575,0.006025,baseline_history_fit,2026-04-18T18:31:07.813859+00:00
9,Arnold Palmer Invitational presented by Mastercard,2021,2021-03-07,16433,"NeSmith, Matt",CUT,0.00415,0.016075,0.0299,0.068025,0.151325,0.24185,0.6039,0.006475,baseline_history_fit,2026-04-18T18:31:07.813859+00:00
9,Arnold Palmer Invitational presented by Mastercard,2021,2021-03-07,16283,"Rodgers, Patrick",T57,0.0041,0.014225,0.0266,0.060575,0.138925,0.22765,0.593875,0.0057,baseline_history_fit,2026-04-18T18:31:07.813859+00:00
9,Arnold Palmer Invitational presented by Mastercard,2021,2021-03-07,11826,"Lee, Danny",T49,0.004025,0.01485,0.026925,0.06215,0.13745,0.223075,0.584475,0.0063,baseline_history_fit,2026-04-18T18:31:07.813859+00:00
9,Arnold Palmer Invitational presented by Mastercard,2021,2021-03-07,17511,"Straka, Sepp",CUT,0.004,0.01425,0.0267,0.0598,0.136075,0.221925,0.58205,0.007325,baseline_history_fit,2026-04-18T18:31:07.813859+00:00
9,Arnold Palmer Invitational presented by Mastercard,2021,2021-03-07,1435,"Poulter, Ian",T26,0.00385,0.0143,0.0265,0.0647,0.1474,0.23755,0.6004,0.005375,baseline_history_fit,2026-04-18T18:31:07.813859+00:00
9,Arnold Palmer Invitational presented by Mastercard,2021,2021-03-07,14509,"Dahmen, Joel",CUT,0.003775,0.014275,0.02635,0.060625,0.13735,0.22035,0.5821,0.006325,baseline_history_fit,2026-04-18T18:31:07.813859+00:00
9,Arnold Palmer Invitational presented by Mastercard,2021,2021-03-07,10419,"Noren, Alex",T49,0.00365,0.01435,0.028025,0.065825,0.14965,0.241175,0.605875,0.007225,baseline_history_fit,2026-04-18T18:31:07.813859+00:00
9,Arnold Palmer Invitational presented by Mastercard,2021,2021-03-07,19870,"McCarthy, Denny",T26,0.003575,0.012475,0.022825,0.054725,0.131375,0.2173,0.58585,0.005925,baseline_history_fit,2026-04-18T18:31:07.813859+00:00
9,Arnold Palmer Invitational presented by Mastercard,2021,2021-03-07,7398,"Schwartzel, Charl",CUT,0.00355,0.014825,0.0276,0.060675,0.13765,0.222675,0.58465,0.006125,baseline_history_fit,2026-04-18T18:31:07.813859+00:00
9,Arnold Palmer Invitational presented by Mastercard,2021,2021-03-07,20706,"Wallace, Matt",T18,0.00345,0.01275,0.0242,0.057325,0.13395,0.21725,0.5793,0.007325,baseline_history_fit,2026-04-18T18:31:07.813859+00:00
9,Arnold Palmer Invitational presented by Mastercard,2021,2021-03-07,15575,"Hoge, Tom",CUT,0.003425,0.011375,0.020175,0.04785,0.11645,0.1955,0.559375,0.0052,baseline_history_fit,2026-04-18T18:31:07.813859+00:00
9,Arnold Palmer Invitational presented by Mastercard,2021,2021-03-07,12069,"Stanley, Kyle",CUT,0.003325,0.013425,0.02385,0.055925,0.1337,0.218275,0.578775,0.00675,baseline_history_fit,2026-04-18T18:31:07.813859+00:00
9,Arnold Palmer Invitational presented by Mastercard,2021,2021-03-07,16602,"Varner III, Harold",T21,0.00325,0.01275,0.023625,0.054625,0.12715,0.209125,0.570825,0.006075,baseline_history_fit,2026-04-18T18:31:07.813859+00:00
9,Arnold Palmer Invitational presented by Mastercard,2021,2021-03-07,11952,"Grace, Branden",T26,0.00305,0.010825,0.0214,0.0527,0.1244,0.205125,0.57285,0.0046,baseline_history_fit,2026-04-18T18:31:07.813859+00:00
9,Arnold Palmer Invitational presented by Mastercard,2021,2021-03-07,9586,"Laird, Martin",T43,0.00295,0.010225,0.01935,0.047075,0.11255,0.189775,0.5489,0.0055,baseline_history_fit,2026-04-18T18:31:07.813859+00:00
9,Arnold Palmer Invitational presented by Mastercard,2021,2021-03-07,14081,"Hoag, Bo",T26,0.0029,0.011425,0.020525,0.047575,0.116625,0.19615,0.56285,0.0057,baseline_history_fit,2026-04-18T18:31:07.813859+00:00
9,Arnold Palmer Invitational presented by Mastercard,2021,2021-03-07,9531,"Wiesberger, Bernd",T31,0.002775,0.010525,0.019975,0.048025,0.11365,0.189275,0.551525,0.0051,baseline_history_fit,2026-04-18T18:31:07.813859+00:00
9,Arnold Palmer Invitational presented by Mastercard,2021,2021-03-07,20730,"Perez, Victor",T68,0.00265,0.009275,0.018175,0.045525,0.108075,0.18065,0.539775,0.005825,baseline_history_fit,2026-04-18T18:31:07.813859+00:00
9,Arnold Palmer Invitational presented by Mastercard,2021,2021-03-07,19364,"Werenski, Richy",T4,0.002475,0.0101,0.02065,0.047025,0.111725,0.189475,0.552575,0.005725,baseline_history_fit,2026-04-18T18:31:07.813859+00:00
9,Arnold Palmer Invitational presented by Mastercard,2021,2021-03-07,4818,"Stricker, Steve",T63,0.0024,0.010425,0.018825,0.04635,0.1063,0.179675,0.535825,0.004825,baseline_history_fit,2026-04-18T18:31:07.813859+00:00
9,Arnold Palmer Invitational presented by Mastercard,2021,2021-03-07,26660,"Gordon, Will",T49,0.0024,0.008475,0.016825,0.0413,0.101275,0.171925,0.527175,0.00525,baseline_history_fit,2026-04-18T18:31:07.813859+00:00
9,Arnold Palmer Invitational presented by Mastercard,2021,2021-03-07,13470,"Kizzire, Patton",T57,0.0024,0.0105,0.0214,0.050325,0.117175,0.19565,0.550825,0.006025,baseline_history_fit,2026-04-18T18:31:07.813859+00:00
9,Arnold Palmer Invitational presented by Mastercard,2021,2021-03-07,6283,"Sabbatini, Rory",CUT,0.0024,0.010275,0.019875,0.04755,0.115525,0.190575,0.5581,0.005775,baseline_history_fit,2026-04-18T18:31:07.813859+00:00
9,Arnold Palmer Invitational presented by Mastercard,2021,2021-03-07,14926,"Malnati, Peter",CUT,0.002125,0.009625,0.0181,0.04225,0.105625,0.178775,0.539225,0.005775,baseline_history_fit,2026-04-18T18:31:07.813859+00:00
9,Arnold Palmer Invitational presented by Mastercard,2021,2021-03-07,18635,"Shelton, Robby",CUT,0.00185,0.0058,0.0111,0.02745,0.0711,0.12645,0.46895,0.0037,baseline_history_fit,2026-04-18T18:31:07.813859+00:00
9,Arnold Palmer Invitational presented by Mastercard,2021,2021-03-07,18579,"Cook, Austin",CUT,0.001825,0.0065,0.01275,0.0323,0.0817,0.14265,0.488975,0.004175,baseline_history_fit,2026-04-18T18:31:07.813859+00:00
9,Arnold Palmer Invitational presented by Mastercard,2021,2021-03-07,14704,"Putnam, Andrew",T4,0.001725,0.008375,0.0158,0.0374,0.094675,0.1617,0.522575,0.003625,baseline_history_fit,2026-04-18T18:31:07.813859+00:00
9,Arnold Palmer Invitational presented by Mastercard,2021,2021-03-07,13022,"Stuard, Brian",CUT,0.00165,0.006825,0.013525,0.03415,0.08675,0.15335,0.5113,0.004225,baseline_history_fit,2026-04-18T18:31:07.813859+00:00
9,Arnold Palmer Invitational presented by Mastercard,2021,2021-03-07,5874,"Percy, Cameron",CUT,0.001525,0.007125,0.013525,0.034,0.0901,0.157625,0.51635,0.0044,baseline_history_fit,2026-04-18T18:31:07.813859+00:00
9,Arnold Palmer Invitational presented by Mastercard,2021,2021-03-07,15475,"Pan, C.T.",CUT,0.0015,0.0067,0.013075,0.03345,0.08815,0.1575,0.51885,0.00395,baseline_history_fit,2026-04-18T18:31:07.813859+00:00
9,Arnold Palmer Invitational presented by Mastercard,2021,2021-03-07,13497,"Lee, K.H.",CUT,0.001475,0.005975,0.012075,0.031175,0.08045,0.141775,0.49725,0.004,baseline_history_fit,2026-04-18T18:31:07.813859+00:00
9,Arnold Palmer Invitational presented by Mastercard,2021,2021-03-07,12669,"Lahiri, Anirban",CUT,0.001475,0.005725,0.01195,0.030125,0.076625,0.134425,0.4828,0.003125,baseline_history_fit,2026-04-18T18:31:07.813859+00:00
9,Arnold Palmer Invitational presented by Mastercard,2021,2021-03-07,16333,"Hubbard, Mark",T43,0.001475,0.00605,0.0115,0.0303,0.0769,0.137575,0.499275,0.003775,baseline_history_fit,2026-04-18T18:31:07.813859+00:00
9,Arnold Palmer Invitational presented by Mastercard,2021,2021-03-07,15651,"Ventura, Kris",T36,0.001475,0.005625,0.0111,0.028625,0.07615,0.133825,0.487775,0.0034,baseline_history_fit,2026-04-18T18:31:07.813859+00:00
9,Arnold Palmer Invitational presented by Mastercard,2021,2021-03-07,18187,"Duncan, Tyler",T57,0.001425,0.007025,0.01375,0.033725,0.08655,0.1482,0.50755,0.004625,baseline_history_fit,2026-04-18T18:31:07.813859+00:00
9,Arnold Palmer Invitational presented by Mastercard,2021,2021-03-07,8820,"Snedeker, Brandt",T68,0.001425,0.0084,0.015425,0.03655,0.092525,0.158225,0.515925,0.00425,baseline_history_fit,2026-04-18T18:31:07.813859+00:00
9,Arnold Palmer Invitational presented by Mastercard,2021,2021-03-07,12920,"Willett, Danny",T31,0.001325,0.005225,0.0105,0.02825,0.074425,0.13365,0.483275,0.00395,baseline_history_fit,2026-04-18T18:31:07.813859+00:00
9,Arnold Palmer Invitational presented by Mastercard,2021,2021-03-07,5994,"Stenson, Henrik",CUT,0.001275,0.0048,0.010025,0.02685,0.07,0.127475,0.480125,0.00225,baseline_history_fit,2026-04-18T18:31:07.813859+00:00
9,Arnold Palmer Invitational presented by Mastercard,2021,2021-03-07,4052,"Westwood, Lee",2,0.0012,0.0055,0.011325,0.029225,0.0774,0.1378,0.49335,0.003475,baseline_history_fit,2026-04-18T18:31:07.813859+00:00
9,Arnold Palmer Invitational presented by Mastercard,2021,2021-03-07,7961,"Reavie, Chez",T49,0.001125,0.006175,0.0121,0.0326,0.0845,0.148325,0.50005,0.00455,baseline_history_fit,2026-04-18T18:31:07.813859+00:00
9,Arnold Palmer Invitational presented by Mastercard,2021,2021-03-07,17365,"Mitchell, Keith",T43,0.001075,0.004775,0.0099,0.026475,0.068675,0.126325,0.4754,0.003375,baseline_history_fit,2026-04-18T18:31:07.813859+00:00
9,Arnold Palmer Invitational presented by Mastercard,2021,2021-03-07,5951,"Gay, Brian",CUT,0.00085,0.003775,0.007775,0.02205,0.059625,0.110475,0.4493,0.00325,baseline_history_fit,2026-04-18T18:31:07.813859+00:00
9,Arnold Palmer Invitational presented by Mastercard,2021,2021-03-07,5716,"Harrington, Padraig",T31,0.0008,0.00305,0.00665,0.0174,0.048975,0.09325,0.4236,0.0023,baseline_history_fit,2026-04-18T18:31:07.813859+00:00
9,Arnold Palmer Invitational presented by Mastercard,2021,2021-03-07,17584,"McCumber, Tyler",CUT,0.000775,0.00325,0.00665,0.018225,0.05415,0.100675,0.4355,0.00265,baseline_history_fit,2026-04-18T18:31:07.813859+00:00
9,Arnold Palmer Invitational presented by Mastercard,2021,2021-03-07,9171,"Villegas, Camilo",CUT,0.000725,0.002725,0.005675,0.015,0.04255,0.08055,0.390075,0.002325,baseline_history_fit,2026-04-18T18:31:07.813859+00:00
9,Arnold Palmer Invitational presented by Mastercard,2021,2021-03-07,7548,"McDowell, Graeme",CUT,0.0007,0.0037,0.007225,0.020975,0.05575,0.10465,0.444575,0.002775,baseline_history_fit,2026-04-18T18:31:07.813859+00:00
9,Arnold Palmer Invitational presented by Mastercard,2021,2021-03-07,12846,"Herman, Jim",CUT,0.000675,0.0026,0.005425,0.014725,0.04365,0.083675,0.4054,0.002225,baseline_history_fit,2026-04-18T18:31:07.813859+00:00
9,Arnold Palmer Invitational presented by Mastercard,2021,2021-03-07,14368,"Janewattananond, Jazz",T57,0.000675,0.003075,0.00665,0.0176,0.048975,0.092925,0.42445,0.00235,baseline_history_fit,2026-04-18T18:31:07.813859+00:00
9,Arnold Palmer Invitational presented by Mastercard,2021,2021-03-07,21237,"Hickok, Kramer",CUT,0.000675,0.0031,0.00675,0.018725,0.054625,0.10165,0.43665,0.00255,baseline_history_fit,2026-04-18T18:31:07.813859+00:00
9,Arnold Palmer Invitational presented by Mastercard,2021,2021-03-07,7301,"Dufner, Jason",T36,0.0006,0.003225,0.0063,0.017775,0.05045,0.09525,0.42765,0.002625,baseline_history_fit,2026-04-18T18:31:07.813859+00:00
9,Arnold Palmer Invitational presented by Mastercard,2021,2021-03-07,14706,"Swafford, Hudson",CUT,0.00055,0.002475,0.005025,0.014225,0.0405,0.07845,0.3837,0.002075,baseline_history_fit,2026-04-18T18:31:07.813859+00:00
9,Arnold Palmer Invitational presented by Mastercard,2021,2021-03-07,14852,"Streb, Robert",CUT,0.00055,0.0027,0.005425,0.014225,0.04265,0.0837,0.4047,0.002975,baseline_history_fit,2026-04-18T18:31:07.813859+00:00
9,Arnold Palmer Invitational presented by Mastercard,2021,2021-03-07,26211,"Augenstein, John",CUT,0.00035,0.0013,0.002525,0.0071,0.022575,0.04805,0.3279,0.0013,baseline_history_fit,2026-04-18T18:31:07.813859+00:00
9,Arnold Palmer Invitational presented by Mastercard,2021,2021-03-07,7881,"Kang, Sung",CUT,0.000325,0.001175,0.002375,0.006975,0.0234,0.04905,0.328975,0.002225,baseline_history_fit,2026-04-18T18:31:07.813859+00:00
9,Arnold Palmer Invitational presented by Mastercard,2021,2021-03-07,20722,"Schmid, Matti",CUT,0.0001,0.000575,0.0018,0.0054,0.0187,0.03895,0.29265,0.001125,baseline_history_fit,2026-04-18T18:31:07.813859+00:00
9,Arnold Palmer Invitational presented by Mastercard,2021,2021-03-07,10185,"Every, Matt",CUT,2.5e-05,0.00035,0.000775,0.002125,0.007725,0.017475,0.209975,0.001075,baseline_history_fit,2026-04-18T18:31:07.813859+00:00
9,Arnold Palmer Invitational presented by Mastercard,2021,2021-03-07,5621,"Herron, Tim",CUT,0.0,7.5e-05,0.0003,0.0009,0.00355,0.009625,0.162275,0.0005,baseline_history_fit,2026-04-18T18:31:07.813859+00:00
9,Arnold Palmer Invitational presented by Mastercard,2021,2021-03-07,2878,"Gamez, Robert",DQ,0.0,0.0,0.0,0.0,0.0,0.0,0.002125,0.0,baseline_history_fit,2026-04-18T18:31:07.813859+00:00
9,Arnold Palmer Invitational presented by Mastercard,2021,2021-03-07,8263,"Perry, Rod",CUT,0.0,0.0,0.0,0.0,0.000175,0.00045,0.03805,0.0,baseline_history_fit,2026-04-18T18:31:07.813859+00:00
9,Arnold Palmer Invitational presented by Mastercard,2021,2021-03-07,28038,"Johnson, Kamaiu",CUT,0.0,0.0,0.0,0.0,2.5e-05,5e-05,0.015025,0.0,baseline_history_fit,2026-04-18T18:31:07.813859+00:00
9,Arnold Palmer Invitational presented by Mastercard,2021,2021-03-07,3702,"Goydos, Paul",CUT,0.0,5e-05,0.000475,0.00165,0.00655,0.016975,0.2204,0.0006,baseline_history_fit,2026-04-18T18:31:07.813859+00:00
483,Puerto Rico Open,2021,2021-02-28,12808,"Grillo, Emiliano",T11,0.05185,0.13085,0.193425,0.320325,0.503875,0.635925,0.85745,0.02585,baseline_history_fit,2026-04-18T18:31:07.967741+00:00
483,Puerto Rico Open,2021,2021-02-28,17780,"Pendrith, Taylor",T53,0.040275,0.10735,0.16285,0.277575,0.456175,0.586,0.84005,0.02835,baseline_history_fit,2026-04-18T18:31:07.967741+00:00
483,Puerto Rico Open,2021,2021-02-28,14459,"An, Byeong Hun",T35,0.039325,0.103,0.156525,0.267925,0.441825,0.570975,0.827125,0.023275,baseline_history_fit,2026-04-18T18:31:07.967741+00:00
483,Puerto Rico Open,2021,2021-02-28,16283,"Rodgers, Patrick",T30,0.0342,0.090925,0.139275,0.2482,0.41895,0.55355,0.82515,0.0267,baseline_history_fit,2026-04-18T18:31:07.967741+00:00
483,Puerto Rico Open,2021,2021-02-28,20706,"Wallace, Matt",CUT,0.034025,0.092025,0.1442,0.253475,0.426875,0.5573,0.822975,0.0206,baseline_history_fit,2026-04-18T18:31:07.967741+00:00
483,Puerto Rico Open,2021,2021-02-28,13944,"Pieters, Thomas",T15,0.032475,0.089425,0.139025,0.245325,0.411925,0.545075,0.821825,0.026075,baseline_history_fit,2026-04-18T18:31:07.967741+00:00
483,Puerto Rico Open,2021,2021-02-28,25213,"Wu, Brandon",T7,0.0307,0.08285,0.1308,0.23085,0.394975,0.524525,0.799225,0.018975,baseline_history_fit,2026-04-18T18:31:07.967741+00:00
483,Puerto Rico Open,2021,2021-02-28,18662,"Schniederjans, Ollie",CUT,0.028775,0.08035,0.127675,0.23115,0.397925,0.5282,0.807275,0.018675,baseline_history_fit,2026-04-18T18:31:07.967741+00:00
483,Puerto Rico Open,2021,2021-02-28,1435,"Poulter, Ian",T35,0.027725,0.077475,0.120925,0.224275,0.395675,0.532225,0.808825,0.017825,baseline_history_fit,2026-04-18T18:31:07.967741+00:00
483,Puerto Rico Open,2021,2021-02-28,23482,"Sigg, Greyson",CUT,0.027,0.07685,0.1246,0.224775,0.387775,0.5188,0.809375,0.022725,baseline_history_fit,2026-04-18T18:31:07.967741+00:00
483,Puerto Rico Open,2021,2021-02-28,13508,"Vegas, Jhonattan",2,0.026225,0.0717,0.11435,0.208225,0.366625,0.49385,0.7867,0.017975,baseline_history_fit,2026-04-18T18:31:07.967741+00:00
483,Puerto Rico Open,2021,2021-02-28,25157,"Hodges, Lee",T13,0.026225,0.073825,0.117975,0.215125,0.38025,0.51305,0.803475,0.021475,baseline_history_fit,2026-04-18T18:31:07.967741+00:00
483,Puerto Rico Open,2021,2021-02-28,7399,"Glover, Lucas",T39,0.025825,0.07345,0.115975,0.2117,0.373725,0.50685,0.7967,0.01675,baseline_history_fit,2026-04-18T18:31:07.967741+00:00
483,Puerto Rico Open,2021,2021-02-28,15164,"Lewis, Tom",CUT,0.02195,0.059425,0.095725,0.181675,0.328525,0.451525,0.77225,0.018875,baseline_history_fit,2026-04-18T18:31:07.967741+00:00
483,Puerto Rico Open,2021,2021-02-28,11952,"Grace, Branden",1,0.02195,0.063275,0.101525,0.194075,0.352825,0.486675,0.796325,0.01895,baseline_history_fit,2026-04-18T18:31:07.967741+00:00
483,Puerto Rico Open,2021,2021-02-28,19477,"Schenk, Adam",T27,0.021125,0.059775,0.09815,0.188075,0.346125,0.479375,0.78445,0.014525,baseline_history_fit,2026-04-18T18:31:07.967741+00:00
483,Puerto Rico Open,2021,2021-02-28,26660,"Gordon, Will",T27,0.01975,0.05785,0.093975,0.1809,0.332125,0.4609,0.7789,0.01755,baseline_history_fit,2026-04-18T18:31:07.967741+00:00
483,Puerto Rico Open,2021,2021-02-28,22050,"Suh, Justin",T35,0.0196,0.058225,0.094625,0.17685,0.323225,0.450425,0.7624,0.01475,baseline_history_fit,2026-04-18T18:31:07.967741+00:00
483,Puerto Rico Open,2021,2021-02-28,11082,"Burgoon, Bronson",T39,0.0187,0.053225,0.0866,0.16785,0.315575,0.4447,0.773075,0.015975,baseline_history_fit,2026-04-18T18:31:07.967741+00:00
483,Puerto Rico Open,2021,2021-02-28,5874,"Percy, Cameron",T7,0.01845,0.055225,0.090675,0.172775,0.324975,0.453575,0.77735,0.01435,baseline_history_fit,2026-04-18T18:31:07.967741+00:00
483,Puerto Rico Open,2021,2021-02-28,14050,"Sloan, Roger",T22,0.018,0.0519,0.08715,0.166725,0.315125,0.4448,0.7695,0.017525,baseline_history_fit,2026-04-18T18:31:07.967741+00:00
483,Puerto Rico Open,2021,2021-02-28,14704,"Putnam, Andrew",T5,0.01725,0.050825,0.08295,0.162275,0.308125,0.440525,0.76035,0.014025,baseline_history_fit,2026-04-18T18:31:07.967741+00:00
483,Puerto Rico Open,2021,2021-02-28,12669,"Lahiri, Anirban",T39,0.0172,0.051275,0.081475,0.159625,0.303025,0.42895,0.7589,0.01695,baseline_history_fit,2026-04-18T18:31:07.967741+00:00
483,Puerto Rico Open,2021,2021-02-28,15651,"Ventura, Kris",T49,0.0155,0.046825,0.077225,0.151625,0.2907,0.41345,0.747,0.013375,baseline_history_fit,2026-04-18T18:31:07.967741+00:00
483,Puerto Rico Open,2021,2021-02-28,16394,"Jaeger, Stephan",T58,0.01535,0.0462,0.0754,0.15155,0.291925,0.416125,0.75275,0.017125,baseline_history_fit,2026-04-18T18:31:07.967741+00:00
483,Puerto Rico Open,2021,2021-02-28,21237,"Hickok, Kramer",CUT,0.014375,0.04425,0.074575,0.14945,0.290875,0.41655,0.7546,0.014175,baseline_history_fit,2026-04-18T18:31:07.967741+00:00
483,Puerto Rico Open,2021,2021-02-28,14698,"Bramlett, Joseph",T49,0.014125,0.043075,0.07415,0.149675,0.28815,0.415975,0.7564,0.015325,baseline_history_fit,2026-04-18T18:31:07.967741+00:00
483,Puerto Rico Open,2021,2021-02-28,18695,"Hagy, Brandon",CUT,0.013875,0.041275,0.06905,0.138125,0.270925,0.393675,0.729525,0.011725,baseline_history_fit,2026-04-18T18:31:07.967741+00:00
483,Puerto Rico Open,2021,2021-02-28,16715,"Ryder, Sam",T39,0.013575,0.040975,0.06995,0.143825,0.2865,0.411575,0.745775,0.01155,baseline_history_fit,2026-04-18T18:31:07.967741+00:00
483,Puerto Rico Open,2021,2021-02-28,15470,"Hossler, Beau",CUT,0.013275,0.040425,0.069,0.14055,0.275,0.398325,0.73815,0.0158,baseline_history_fit,2026-04-18T18:31:07.967741+00:00
483,Puerto Rico Open,2021,2021-02-28,6930,"Taylor, Vaughn",T39,0.0127,0.040175,0.067525,0.1361,0.2712,0.397625,0.742625,0.013375,baseline_history_fit,2026-04-18T18:31:07.967741+00:00
483,Puerto Rico Open,2021,2021-02-28,19872,"Riley, Davis",T39,0.0122,0.03665,0.06465,0.131525,0.2628,0.387675,0.734,0.01575,baseline_history_fit,2026-04-18T18:31:07.967741+00:00
483,Puerto Rico Open,2021,2021-02-28,11451,"Garnett, Brice",T5,0.01125,0.037075,0.0639,0.13275,0.26595,0.391425,0.741725,0.013425,baseline_history_fit,2026-04-18T18:31:07.967741+00:00
483,Puerto Rico Open,2021,2021-02-28,17509,"Seiffert, Chase",T15,0.0109,0.03325,0.057775,0.12115,0.245225,0.365625,0.722675,0.01265,baseline_history_fit,2026-04-18T18:31:07.967741+00:00
483,Puerto Rico Open,2021,2021-02-28,14007,"Martin, Ben",73,0.0106,0.033875,0.059125,0.12305,0.25045,0.3727,0.725025,0.01355,baseline_history_fit,2026-04-18T18:31:07.967741+00:00
483,Puerto Rico Open,2021,2021-02-28,12321,"Aphibarnrat, Kiradech",CUT,0.010175,0.031875,0.05455,0.1113,0.22435,0.33675,0.69685,0.014675,baseline_history_fit,2026-04-18T18:31:07.967741+00:00
483,Puerto Rico Open,2021,2021-02-28,11330,"Brown, Scott",T53,0.009925,0.032525,0.055625,0.116875,0.23955,0.356175,0.7066,0.010275,baseline_history_fit,2026-04-18T18:31:07.967741+00:00
483,Puerto Rico Open,2021,2021-02-28,13026,"Zhang, Xinjun",T30,0.009275,0.0302,0.05395,0.116025,0.24465,0.3674,0.722625,0.00855,baseline_history_fit,2026-04-18T18:31:07.967741+00:00
483,Puerto Rico Open,2021,2021-02-28,5716,"Harrington, Padraig",T58,0.009,0.029175,0.050025,0.1081,0.231575,0.34735,0.707975,0.01075,baseline_history_fit,2026-04-18T18:31:07.967741+00:00
483,Puerto Rico Open,2021,2021-02-28,25908,"Whaley, Vince",T15,0.0083,0.027975,0.0469,0.10195,0.215825,0.330975,0.70215,0.01095,baseline_history_fit,2026-04-18T18:31:07.967741+00:00
483,Puerto Rico Open,2021,2021-02-28,8085,"Teater, Josh",T22,0.008175,0.02735,0.0469,0.10105,0.2182,0.3341,0.708425,0.011025,baseline_history_fit,2026-04-18T18:31:07.967741+00:00
483,Puerto Rico Open,2021,2021-02-28,8002,"Oppenheim, Rob",T7,0.0078,0.026325,0.045625,0.09845,0.207325,0.320525,0.686925,0.008675,baseline_history_fit,2026-04-18T18:31:07.967741+00:00
483,Puerto Rico Open,2021,2021-02-28,11357,"Uihlein, Peter",T39,0.007775,0.026675,0.0495,0.10145,0.214375,0.32825,0.690675,0.00925,baseline_history_fit,2026-04-18T18:31:07.967741+00:00
483,Puerto Rico Open,2021,2021-02-28,10104,"Power, Seamus",T22,0.006875,0.023725,0.04105,0.0888,0.1933,0.298725,0.669325,0.010675,baseline_history_fit,2026-04-18T18:31:07.967741+00:00
483,Puerto Rico Open,2021,2021-02-28,19455,"Pereira, Mito",CUT,0.006775,0.022875,0.041525,0.091025,0.1969,0.305325,0.670225,0.008,baseline_history_fit,2026-04-18T18:31:07.967741+00:00
483,Puerto Rico Open,2021,2021-02-28,7900,"Haas, Bill",T30,0.006775,0.022075,0.039775,0.090175,0.1952,0.30705,0.678275,0.007075,baseline_history_fit,2026-04-18T18:31:07.967741+00:00
483,Puerto Rico Open,2021,2021-02-28,6252,"Baddeley, Aaron",T30,0.006425,0.02365,0.042775,0.0932,0.20305,0.317475,0.68535,0.007825,baseline_history_fit,2026-04-18T18:31:07.967741+00:00
483,Puerto Rico Open,2021,2021-02-28,16566,"Barjon, Paul",T58,0.006375,0.02255,0.041925,0.09015,0.19875,0.31105,0.676425,0.007975,baseline_history_fit,2026-04-18T18:31:07.967741+00:00
483,Puerto Rico Open,2021,2021-02-28,7097,"Wilkinson, Tim",T27,0.006325,0.022275,0.039825,0.08745,0.195375,0.3038,0.6673,0.007475,baseline_history_fit,2026-04-18T18:31:07.967741+00:00
483,Puerto Rico Open,2021,2021-02-28,10423,"Brehm, Ryan",T11,0.00575,0.0204,0.0369,0.08105,0.17835,0.281825,0.64795,0.0082,baseline_history_fit,2026-04-18T18:31:07.967741+00:00
483,Puerto Rico Open,2021,2021-02-28,24766,"Kim, Tom",T15,0.00565,0.0195,0.03495,0.080275,0.178525,0.2821,0.662525,0.0082,baseline_history_fit,2026-04-18T18:31:07.967741+00:00
483,Puerto Rico Open,2021,2021-02-28,12131,"Anderson, Mark",T63,0.005225,0.019575,0.034775,0.079575,0.180725,0.28815,0.663125,0.0061,baseline_history_fit,2026-04-18T18:31:07.967741+00:00
483,Puerto Rico Open,2021,2021-02-28,14655,"Murray, Grayson",T3,0.005175,0.0189,0.0324,0.071625,0.15655,0.25075,0.631125,0.009475,baseline_history_fit,2026-04-18T18:31:07.967741+00:00
483,Puerto Rico Open,2021,2021-02-28,13971,"Baker, Chris",CUT,0.004725,0.017225,0.03145,0.071775,0.1629,0.26475,0.64675,0.0067,baseline_history_fit,2026-04-18T18:31:07.967741+00:00
483,Puerto Rico Open,2021,2021-02-28,17536,"Spaun, J.J.",T68,0.00465,0.018225,0.03325,0.074625,0.1707,0.279925,0.665425,0.008525,baseline_history_fit,2026-04-18T18:31:07.967741+00:00
483,Puerto Rico Open,2021,2021-02-28,8769,"Potter Jr, Ted",T7,0.00455,0.01605,0.030075,0.0669,0.15245,0.249625,0.62105,0.006625,baseline_history_fit,2026-04-18T18:31:07.967741+00:00
483,Puerto Rico Open,2021,2021-02-28,8571,"Gomez, Fabian",T15,0.0042,0.014475,0.02845,0.064375,0.1501,0.2471,0.62495,0.006575,baseline_history_fit,2026-04-18T18:31:07.967741+00:00
483,Puerto Rico Open,2021,2021-02-28,6931,"Byrd, Jonathan",T39,0.0041,0.015375,0.027425,0.061875,0.142775,0.2368,0.62335,0.00785,baseline_history_fit,2026-04-18T18:31:07.967741+00:00
483,Puerto Rico Open,2021,2021-02-28,7236,"Trahan, D.J.",T22,0.004025,0.0144,0.028025,0.066175,0.155225,0.25345,0.6283,0.006025,baseline_history_fit,2026-04-18T18:31:07.967741+00:00
483,Puerto Rico Open,2021,2021-02-28,7340,"Hearn, David",CUT,0.003875,0.0153,0.029575,0.0712,0.1657,0.270325,0.6588,0.007275,baseline_history_fit,2026-04-18T18:31:07.967741+00:00
483,Puerto Rico Open,2021,2021-02-28,14776,"Cappelen, Sebastian",CUT,0.0038,0.0141,0.026125,0.0623,0.14645,0.2445,0.631125,0.007575,baseline_history_fit,2026-04-18T18:31:07.967741+00:00
483,Puerto Rico Open,2021,2021-02-28,12909,"Campos, Rafael",T3,0.0037,0.013875,0.026025,0.05955,0.13685,0.225325,0.6074,0.00775,baseline_history_fit,2026-04-18T18:31:07.967741+00:00
483,Puerto Rico Open,2021,2021-02-28,15720,"Roach, Wes",T13,0.003275,0.0118,0.02215,0.051725,0.12595,0.214425,0.598675,0.005,baseline_history_fit,2026-04-18T18:31:07.967741+00:00
483,Puerto Rico Open,2021,2021-02-28,12643,"Castro, Roberto",T39,0.00315,0.011425,0.020775,0.0512,0.1263,0.215575,0.595125,0.005075,baseline_history_fit,2026-04-18T18:31:07.967741+00:00
483,Puerto Rico Open,2021,2021-02-28,23656,"Young, Carson",CUT,0.003075,0.011275,0.019975,0.045475,0.110775,0.185725,0.560525,0.004075,baseline_history_fit,2026-04-18T18:31:07.967741+00:00
483,Puerto Rico Open,2021,2021-02-28,13531,"Kodaira, Satoshi",T49,0.003075,0.011,0.0206,0.04865,0.119975,0.20555,0.596125,0.006325,baseline_history_fit,2026-04-18T18:31:07.967741+00:00
483,Puerto Rico Open,2021,2021-02-28,10081,"Bae, Sangmoon",CUT,0.00305,0.01015,0.019875,0.050475,0.12395,0.209175,0.602475,0.006525,baseline_history_fit,2026-04-18T18:31:07.967741+00:00
483,Puerto Rico Open,2021,2021-02-28,9643,"Blaum, Ryan",T53,0.002775,0.009575,0.01875,0.044375,0.1125,0.1959,0.5858,0.0055,baseline_history_fit,2026-04-18T18:31:07.967741+00:00
483,Puerto Rico Open,2021,2021-02-28,19948,"Taylor, Ben",CUT,0.00275,0.01155,0.021125,0.050375,0.126925,0.21295,0.602375,0.006125,baseline_history_fit,2026-04-18T18:31:07.967741+00:00
483,Puerto Rico Open,2021,2021-02-28,25335,"Stallings Jr., Stephen",CUT,0.00265,0.0095,0.017,0.041475,0.099625,0.168925,0.53765,0.004875,baseline_history_fit,2026-04-18T18:31:07.967741+00:00
483,Puerto Rico Open,2021,2021-02-28,7955,"Watney, Nick",CUT,0.002575,0.0092,0.017675,0.043275,0.109725,0.1928,0.585925,0.005525,baseline_history_fit,2026-04-18T18:31:07.967741+00:00
483,Puerto Rico Open,2021,2021-02-28,13404,"Gligic, Michael",T63,0.002575,0.011275,0.020325,0.05065,0.122225,0.21015,0.602575,0.007025,baseline_history_fit,2026-04-18T18:31:07.967741+00:00
483,Puerto Rico Open,2021,2021-02-28,6846,"Barnes, Ricky",CUT,0.002425,0.008725,0.01755,0.044525,0.112575,0.1949,0.589475,0.005525,baseline_history_fit,2026-04-18T18:31:07.967741+00:00
483,Puerto Rico Open,2021,2021-02-28,13342,"Gibson, Rhein",CUT,0.00205,0.007775,0.01605,0.04115,0.1051,0.1837,0.567175,0.004425,baseline_history_fit,2026-04-18T18:31:07.967741+00:00
483,Puerto Rico Open,2021,2021-02-28,15239,"Ledesma, Nelson",T15,0.001575,0.005725,0.011675,0.031075,0.084025,0.153425,0.53725,0.0046,baseline_history_fit,2026-04-18T18:31:07.967741+00:00
483,Puerto Rico Open,2021,2021-02-28,26013,"Nimmer, Bryson",T39,0.001525,0.006625,0.0128,0.03345,0.089075,0.15995,0.54275,0.004925,baseline_history_fit,2026-04-18T18:31:07.967741+00:00
483,Puerto Rico Open,2021,2021-02-28,14036,"Sucher, Zack",T66,0.001275,0.005875,0.01135,0.028725,0.080675,0.147375,0.517525,0.003275,baseline_history_fit,2026-04-18T18:31:07.967741+00:00
483,Puerto Rico Open,2021,2021-02-28,5701,"Atwal, Arjun",CUT,0.0012,0.005375,0.01045,0.028925,0.08155,0.14425,0.5132,0.00265,baseline_history_fit,2026-04-18T18:31:07.967741+00:00
483,Puerto Rico Open,2021,2021-02-28,7927,"Wagner, Johnson",CUT,0.001175,0.005325,0.01075,0.028,0.077325,0.146125,0.53475,0.0035,baseline_history_fit,2026-04-18T18:31:07.967741+00:00
483,Puerto Rico Open,2021,2021-02-28,5467,"Pride, Dicky",CUT,0.00115,0.0052,0.009575,0.025,0.0683,0.124075,0.481525,0.00275,baseline_history_fit,2026-04-18T18:31:07.967741+00:00
483,Puerto Rico Open,2021,2021-02-28,19909,"Gellerman, Michael",T58,0.001125,0.00445,0.0092,0.023525,0.066825,0.1267,0.5049,0.003575,baseline_history_fit,2026-04-18T18:31:07.967741+00:00
483,Puerto Rico Open,2021,2021-02-28,17543,"Kim, Michael",74,0.001025,0.00515,0.010675,0.026975,0.07255,0.1341,0.509725,0.003675,baseline_history_fit,2026-04-18T18:31:07.967741+00:00
483,Puerto Rico Open,2021,2021-02-28,12169,"Gainey, Tommy",T68,0.000925,0.0039,0.00765,0.02215,0.060825,0.11645,0.474175,0.0028,baseline_history_fit,2026-04-18T18:31:07.967741+00:00
483,Puerto Rico Open,2021,2021-02-28,14012,"Stefani, Shawn",CUT,0.0009,0.003525,0.0071,0.01925,0.0557,0.108325,0.4678,0.00245,baseline_history_fit,2026-04-18T18:31:07.967741+00:00
483,Puerto Rico Open,2021,2021-02-28,6419,"McNeill, George",T68,0.000875,0.003675,0.008275,0.022225,0.064575,0.120375,0.473925,0.00225,baseline_history_fit,2026-04-18T18:31:07.967741+00:00
483,Puerto Rico Open,2021,2021-02-28,22919,"Cannon, Will",T66,0.0008,0.003975,0.007275,0.020975,0.058125,0.11155,0.459425,0.00195,baseline_history_fit,2026-04-18T18:31:07.967741+00:00
483,Puerto Rico Open,2021,2021-02-28,16711,"Ernst, Derek",CUT,0.000775,0.00355,0.008225,0.020225,0.06075,0.1164,0.490525,0.003575,baseline_history_fit,2026-04-18T18:31:07.967741+00:00
483,Puerto Rico Open,2021,2021-02-28,14815,"Lingmerth, David",T53,0.000725,0.003425,0.00735,0.020425,0.06025,0.11575,0.488825,0.003775,baseline_history_fit,2026-04-18T18:31:07.967741+00:00
483,Puerto Rico Open,2021,2021-02-28,25036,"Holt, Ian",CUT,0.000575,0.003125,0.0063,0.017475,0.051675,0.0991,0.44455,0.002025,baseline_history_fit,2026-04-18T18:31:07.967741+00:00
483,Puerto Rico Open,2021,2021-02-28,10185,"Every, Matt",CUT,0.00055,0.002425,0.00525,0.01455,0.041575,0.08215,0.420225,0.003175,baseline_history_fit,2026-04-18T18:31:07.967741+00:00
483,Puerto Rico Open,2021,2021-02-28,9584,"Merrick, John",CUT,0.0005,0.0022,0.0051,0.014325,0.0442,0.0854,0.42265,0.002125,baseline_history_fit,2026-04-18T18:31:07.967741+00:00
483,Puerto Rico Open,2021,2021-02-28,7751,"Romero, Andres",T30,0.000475,0.002125,0.0043,0.01165,0.0352,0.07215,0.388525,0.002,baseline_history_fit,2026-04-18T18:31:07.967741+00:00
483,Puerto Rico Open,2021,2021-02-28,23606,"Meyer, Dylan",T63,0.00035,0.0018,0.00335,0.011125,0.035825,0.073275,0.395825,0.001625,baseline_history_fit,2026-04-18T18:31:07.967741+00:00
483,Puerto Rico Open,2021,2021-02-28,4614,"Couch, Chris",CUT,0.000325,0.001475,0.00285,0.009,0.02875,0.06145,0.37085,0.0016,baseline_history_fit,2026-04-18T18:31:07.967741+00:00
483,Puerto Rico Open,2021,2021-02-28,6457,"Van Pelt, Bo",T15,0.000325,0.001525,0.003575,0.01185,0.035125,0.073325,0.415575,0.002025,baseline_history_fit,2026-04-18T18:31:07.967741+00:00
483,Puerto Rico Open,2021,2021-02-28,7048,"Pettersson, Carl",CUT,0.000275,0.0013,0.0025,0.00885,0.028375,0.05875,0.3565,0.0015,baseline_history_fit,2026-04-18T18:31:07.967741+00:00
483,Puerto Rico Open,2021,2021-02-28,11922,"Saavedra, Sebastian L.",CUT,0.000225,0.0011,0.002275,0.007425,0.023225,0.048725,0.335725,0.00145,baseline_history_fit,2026-04-18T18:31:07.967741+00:00
483,Puerto Rico Open,2021,2021-02-28,7636,"Mahan, Hunter",CUT,0.000225,0.00095,0.001875,0.00655,0.0237,0.0531,0.366775,0.000975,baseline_history_fit,2026-04-18T18:31:07.967741+00:00
483,Puerto Rico Open,2021,2021-02-28,17564,"Bozzelli, Dominic",CUT,0.000225,0.001275,0.00285,0.00835,0.0283,0.059725,0.368725,0.002225,baseline_history_fit,2026-04-18T18:31:07.967741+00:00
483,Puerto Rico Open,2021,2021-02-28,5625,"Chalmers, Greg",T22,0.000225,0.00125,0.00235,0.0072,0.024375,0.0529,0.3457,0.001325,baseline_history_fit,2026-04-18T18:31:07.967741+00:00
483,Puerto Rico Open,2021,2021-02-28,15634,"Trainer, Martin",CUT,0.000225,0.0011,0.002375,0.008175,0.028575,0.0606,0.3744,0.00145,baseline_history_fit,2026-04-18T18:31:07.967741+00:00
483,Puerto Rico Open,2021,2021-02-28,6222,"Henry, J.J.",CUT,0.000175,0.00085,0.001775,0.00625,0.023275,0.0519,0.3591,0.001325,baseline_history_fit,2026-04-18T18:31:07.967741+00:00
483,Puerto Rico Open,2021,2021-02-28,1805,"Johnson, Richard S.",T68,0.000125,0.000475,0.001375,0.003925,0.015425,0.034275,0.2837,0.00085,baseline_history_fit,2026-04-18T18:31:07.967741+00:00
483,Puerto Rico Open,2021,2021-02-28,5859,"Hensby, Mark",CUT,0.000125,0.001,0.002625,0.00795,0.0276,0.060225,0.375775,0.001125,baseline_history_fit,2026-04-18T18:31:07.967741+00:00
483,Puerto Rico Open,2021,2021-02-28,16591,"Rozo, Marcelo",T68,0.000125,0.000625,0.00145,0.0049,0.018825,0.042975,0.33575,0.001325,baseline_history_fit,2026-04-18T18:31:07.967741+00:00
483,Puerto Rico Open,2021,2021-02-28,13118,"Beljan, Charlie",T35,0.000125,0.000975,0.002125,0.006175,0.021625,0.046175,0.33005,0.00145,baseline_history_fit,2026-04-18T18:31:07.967741+00:00
483,Puerto Rico Open,2021,2021-02-28,6789,"Garrigus, Robert",CUT,7.5e-05,0.000325,0.000875,0.0036,0.013225,0.030725,0.297825,0.001575,baseline_history_fit,2026-04-18T18:31:07.967741+00:00
483,Puerto Rico Open,2021,2021-02-28,18122,"Montenegro, Marcos",CUT,7.5e-05,0.000325,0.000925,0.0038,0.01385,0.0325,0.2946,0.00045,baseline_history_fit,2026-04-18T18:31:07.967741+00:00
483,Puerto Rico Open,2021,2021-02-28,28077,"Collet, Tyler",CUT,7.5e-05,0.00045,0.0012,0.003725,0.01285,0.02855,0.24885,0.001025,baseline_history_fit,2026-04-18T18:31:07.967741+00:00
483,Puerto Rico Open,2021,2021-02-28,8767,"De Jonge, Brendon",CUT,5e-05,0.00025,0.00035,0.0015,0.00785,0.0206,0.237075,0.00105,baseline_history_fit,2026-04-18T18:31:07.967741+00:00
483,Puerto Rico Open,2021,2021-02-28,20547,"Ward, Dalton",T53,5e-05,0.000175,0.00055,0.002225,0.008775,0.022,0.250575,0.000575,baseline_history_fit,2026-04-18T18:31:07.967741+00:00
483,Puerto Rico Open,2021,2021-02-28,27709,"Smith, Zach",CUT,5e-05,0.000225,0.0004,0.00095,0.0048,0.012375,0.18965,0.000525,baseline_history_fit,2026-04-18T18:31:07.967741+00:00
483,Puerto Rico Open,2021,2021-02-28,6761,"Points, D.A.",CUT,5e-05,0.0005,0.0012,0.00415,0.0161,0.04005,0.329925,0.0012,baseline_history_fit,2026-04-18T18:31:07.967741+00:00
483,Puerto Rico Open,2021,2021-02-28,6300,"Rollins, John",CUT,5e-05,0.00015,0.000525,0.0019,0.007875,0.018175,0.2272,0.000575,baseline_history_fit,2026-04-18T18:31:07.967741+00:00
483,Puerto Rico Open,2021,2021-02-28,8024,"Axley, Eric",CUT,5e-05,0.0001,0.00045,0.001625,0.00685,0.0169,0.22435,0.000675,baseline_history_fit,2026-04-18T18:31:07.967741+00:00
483,Puerto Rico Open,2021,2021-02-28,18631,"Kaufman, Smylie",CUT,2.5e-05,0.000125,0.000275,0.0008,0.004,0.010175,0.174825,0.000425,baseline_history_fit,2026-04-18T18:31:07.967741+00:00
483,Puerto Rico Open,2021,2021-02-28,9168,"McLachlin, Parker",CUT,2.5e-05,7.5e-05,0.000175,0.0006,0.00315,0.00925,0.1835,0.000225,baseline_history_fit,2026-04-18T18:31:07.967741+00:00
483,Puerto Rico Open,2021,2021-02-28,6462,"Bohn, Jason",T49,2.5e-05,0.000125,0.0003,0.0009,0.0032,0.008775,0.1673,0.000175,baseline_history_fit,2026-04-18T18:31:07.967741+00:00
483,Puerto Rico Open,2021,2021-02-28,2035,"Chopra, Daniel",CUT,2.5e-05,0.0002,0.00055,0.001725,0.006525,0.017475,0.22905,0.0006,baseline_history_fit,2026-04-18T18:31:07.967741+00:00
483,Puerto Rico Open,2021,2021-02-28,5708,"Lickliter II, Frank",CUT,0.0,0.0,0.0,0.0,2.5e-05,0.00015,0.03565,5e-05,baseline_history_fit,2026-04-18T18:31:07.967741+00:00
483,Puerto Rico Open,2021,2021-02-28,5207,"Senden, John",75,0.0,0.00015,0.000275,0.00135,0.006125,0.01595,0.223075,0.00055,baseline_history_fit,2026-04-18T18:31:07.967741+00:00
483,Puerto Rico Open,2021,2021-02-28,3436,"Franco, Carlos",CUT,0.0,0.0001,0.00025,0.000825,0.003425,0.008925,0.182425,0.000375,baseline_history_fit,2026-04-18T18:31:07.967741+00:00
483,Puerto Rico Open,2021,2021-02-28,23094,"Nido, Chris",CUT,0.0,2.5e-05,0.00015,0.000275,0.00165,0.004025,0.12945,0.000175,baseline_history_fit,2026-04-18T18:31:07.967741+00:00
483,Puerto Rico Open,2021,2021-02-28,28078,"Nieves, Roberto",CUT,0.0,0.0,0.0,0.0,7.5e-05,0.00025,0.046825,5e-05,baseline_history_fit,2026-04-18T18:31:07.967741+00:00
483,Puerto Rico Open,2021,2021-02-28,7170,"Slocum, Heath",CUT,0.0,7.5e-05,0.000175,0.00065,0.0026,0.0072,0.148725,0.000125,baseline_history_fit,2026-04-18T18:31:07.967741+00:00
483,Puerto Rico Open,2021,2021-02-28,7470,"MacKenzie, Will",CUT,0.0,5e-05,0.000225,0.0011,0.004775,0.0125,0.18845,0.000325,baseline_history_fit,2026-04-18T18:31:07.967741+00:00
483,Puerto Rico Open,2021,2021-02-28,3581,"Kaye, Jonathan",CUT,0.0,2.5e-05,7.5e-05,0.0005,0.0014,0.004125,0.121575,0.00025,baseline_history_fit,2026-04-18T18:31:07.967741+00:00
483,Puerto Rico Open,2021,2021-02-28,5906,"Purdy, Ted",CUT,0.0,0.0,0.0,2.5e-05,0.000425,0.001325,0.075825,0.00015,baseline_history_fit,2026-04-18T18:31:07.967741+00:00
483,Puerto Rico Open,2021,2021-02-28,5183,"Uresti, Omar",CUT,0.0,2.5e-05,0.000125,0.000375,0.0023,0.0062,0.162025,0.00035,baseline_history_fit,2026-04-18T18:31:07.967741+00:00
483,Puerto Rico Open,2021,2021-02-28,4949,"Allenby, Robert",CUT,0.0,5e-05,0.000125,0.00045,0.001825,0.004725,0.133375,0.0003,baseline_history_fit,2026-04-18T18:31:07.967741+00:00
483,Puerto Rico Open,2021,2021-02-28,16044,"Figueroa, Edward",T58,0.0,0.0,0.0,5e-05,0.0005,0.001475,0.085025,0.000125,baseline_history_fit,2026-04-18T18:31:07.967741+00:00
483,Puerto Rico Open,2021,2021-02-28,27624,"Trosper, Donnie",CUT,0.0,0.0001,0.000175,0.000475,0.00235,0.0067,0.148425,0.000175,baseline_history_fit,2026-04-18T18:31:07.967741+00:00
11,THE PLAYERS Championship,2021,2021-03-14,19195,"Rahm, Jon",T9,0.06515,0.152125,0.217425,0.33565,0.4929,0.59695,0.78485,0.0254,baseline_history_fit,2026-04-18T18:31:08.155530+00:00
11,THE PLAYERS Championship,2021,2021-03-14,12422,"Johnson, Dustin",T48,0.036275,0.094025,0.14125,0.23405,0.37525,0.477475,0.714975,0.01825,baseline_history_fit,2026-04-18T18:31:08.155530+00:00
11,THE PLAYERS Championship,2021,2021-03-14,19895,"Schauffele, Xander",CUT,0.034775,0.089075,0.13665,0.22995,0.37515,0.4859,0.718225,0.021875,baseline_history_fit,2026-04-18T18:31:08.155530+00:00
11,THE PLAYERS Championship,2021,2021-03-14,11049,"Simpson, Webb",CUT,0.0326,0.086875,0.132025,0.226025,0.3703,0.47675,0.71385,0.02035,baseline_history_fit,2026-04-18T18:31:08.155530+00:00
11,THE PLAYERS Championship,2021,2021-03-14,19841,"DeChambeau, Bryson",T3,0.03165,0.079975,0.12365,0.211375,0.350625,0.4576,0.6957,0.0164,baseline_history_fit,2026-04-18T18:31:08.155530+00:00
11,THE PLAYERS Championship,2021,2021-03-14,18841,"Hovland, Viktor",CUT,0.031325,0.081575,0.125075,0.217275,0.356675,0.4602,0.7023,0.021675,baseline_history_fit,2026-04-18T18:31:08.155530+00:00
11,THE PLAYERS Championship,2021,2021-03-14,14139,"Thomas, Justin",1,0.0311,0.0833,0.1254,0.2159,0.354725,0.46185,0.702775,0.020175,baseline_history_fit,2026-04-18T18:31:08.155530+00:00
11,THE PLAYERS Championship,2021,2021-03-14,10091,"McIlroy, Rory",CUT,0.03085,0.079325,0.1203,0.20975,0.34495,0.4521,0.693,0.022025,baseline_history_fit,2026-04-18T18:31:08.155530+00:00
11,THE PLAYERS Championship,2021,2021-03-14,15466,"Cantlay, Patrick",CUT,0.028275,0.07745,0.116325,0.2005,0.33435,0.44065,0.687975,0.01865,baseline_history_fit,2026-04-18T18:31:08.155530+00:00
11,THE PLAYERS Championship,2021,2021-03-14,22085,"Morikawa, Collin",T41,0.02655,0.072775,0.11165,0.195975,0.3285,0.4351,0.683925,0.0148,baseline_history_fit,2026-04-18T18:31:08.155530+00:00
11,THE PLAYERS Championship,2021,2021-03-14,17606,"Berger, Daniel",T9,0.022675,0.063575,0.0987,0.179,0.30875,0.414625,0.676575,0.0122,baseline_history_fit,2026-04-18T18:31:08.155530+00:00
11,THE PLAYERS Championship,2021,2021-03-14,11676,"Finau, Tony",CUT,0.0206,0.05775,0.090575,0.165025,0.289675,0.395875,0.66035,0.0153,baseline_history_fit,2026-04-18T18:31:08.155530+00:00
11,THE PLAYERS Championship,2021,2021-03-14,14796,"Hatton, Tyrrell",CUT,0.020475,0.058625,0.0943,0.171625,0.29535,0.398125,0.656475,0.0167,baseline_history_fit,2026-04-18T18:31:08.155530+00:00
11,THE PLAYERS Championship,2021,2021-03-14,18417,"Scheffler, Scottie",CUT,0.019525,0.05645,0.090325,0.16695,0.292375,0.3939,0.656375,0.016125,baseline_history_fit,2026-04-18T18:31:08.155530+00:00
11,THE PLAYERS Championship,2021,2021-03-14,13562,"Matsuyama, Hideki",CUT,0.0194,0.0552,0.087525,0.1595,0.28395,0.387025,0.653875,0.0158,baseline_history_fit,2026-04-18T18:31:08.155530+00:00
11,THE PLAYERS Championship,2021,2021-03-14,17488,"Im, Sungjae",T17,0.019375,0.05395,0.0871,0.163875,0.29355,0.40155,0.66745,0.015725,baseline_history_fit,2026-04-18T18:31:08.155530+00:00
11,THE PLAYERS Championship,2021,2021-03-14,17646,"Fitzpatrick, Matt",T9,0.018725,0.052025,0.0834,0.15645,0.278475,0.38065,0.65305,0.015325,baseline_history_fit,2026-04-18T18:31:08.155530+00:00
11,THE PLAYERS Championship,2021,2021-03-14,14838,"Reed, Patrick",T22,0.01715,0.0487,0.0805,0.150175,0.270875,0.370375,0.6461,0.0117,baseline_history_fit,2026-04-18T18:31:08.155530+00:00
11,THE PLAYERS Championship,2021,2021-03-14,17576,"Conners, Corey",7,0.016525,0.0484,0.077925,0.14645,0.2677,0.368625,0.644625,0.014375,baseline_history_fit,2026-04-18T18:31:08.155530+00:00
11,THE PLAYERS Championship,2021,2021-03-14,5689,"Garcia, Sergio",T9,0.01495,0.0455,0.0729,0.139875,0.2589,0.359825,0.6336,0.013025,baseline_history_fit,2026-04-18T18:31:08.155530+00:00
11,THE PLAYERS Championship,2021,2021-03-14,11276,"Horschel, Billy",T58,0.01455,0.043275,0.07055,0.134825,0.249375,0.34885,0.626125,0.01315,baseline_history_fit,2026-04-18T18:31:08.155530+00:00
11,THE PLAYERS Championship,2021,2021-03-14,18238,"Ancer, Abraham",T22,0.0144,0.041775,0.07065,0.137025,0.250825,0.348425,0.62545,0.010325,baseline_history_fit,2026-04-18T18:31:08.155530+00:00
11,THE PLAYERS Championship,2021,2021-03-14,7108,"Casey, Paul",T5,0.013225,0.03965,0.065375,0.1243,0.234225,0.32575,0.607825,0.012925,baseline_history_fit,2026-04-18T18:31:08.155530+00:00
11,THE PLAYERS Championship,2021,2021-03-14,18079,"Niemann, Joaquin",T29,0.011775,0.0374,0.0619,0.118475,0.2259,0.32115,0.60385,0.0089,baseline_history_fit,2026-04-18T18:31:08.155530+00:00
11,THE PLAYERS Championship,2021,2021-03-14,7672,"Oosthuizen, Louis",T41,0.011675,0.036225,0.06145,0.118425,0.224675,0.31655,0.60045,0.012875,baseline_history_fit,2026-04-18T18:31:08.155530+00:00
11,THE PLAYERS Championship,2021,2021-03-14,9771,"Day, Jason",T35,0.01085,0.03265,0.056875,0.11385,0.2178,0.308925,0.5954,0.008325,baseline_history_fit,2026-04-18T18:31:08.155530+00:00
11,THE PLAYERS Championship,2021,2021-03-14,19428,"Zalatoris, Will",21,0.0102,0.0312,0.05085,0.103975,0.200975,0.28895,0.57885,0.008525,baseline_history_fit,2026-04-18T18:31:08.155530+00:00
11,THE PLAYERS Championship,2021,2021-03-14,7452,"Na, Kevin",WD,0.0102,0.031875,0.0534,0.108325,0.203575,0.29485,0.581225,0.0118,baseline_history_fit,2026-04-18T18:31:08.155530+00:00
11,THE PLAYERS Championship,2021,2021-03-14,14577,"English, Harris",-,0.009775,0.030025,0.05185,0.102575,0.204475,0.294925,0.58085,0.010975,baseline_history_fit,2026-04-18T18:31:08.155530+00:00
11,THE PLAYERS Championship,2021,2021-03-14,14578,"Henley, Russell",CUT,0.009125,0.030525,0.0521,0.103675,0.201125,0.2906,0.580075,0.01135,baseline_history_fit,2026-04-18T18:31:08.155530+00:00
11,THE PLAYERS Championship,2021,2021-03-14,7489,"Moore, Ryan",T35,0.008475,0.02515,0.043525,0.085825,0.1707,0.25355,0.54335,0.006875,baseline_history_fit,2026-04-18T18:31:08.155530+00:00
11,THE PLAYERS Championship,2021,2021-03-14,12808,"Grillo, Emiliano",CUT,0.00845,0.027425,0.0468,0.093625,0.186475,0.2753,0.564925,0.007975,baseline_history_fit,2026-04-18T18:31:08.155530+00:00
11,THE PLAYERS Championship,2021,2021-03-14,12425,"Todd, Brendon",T35,0.00785,0.024075,0.0422,0.08445,0.174275,0.25685,0.5461,0.0094,baseline_history_fit,2026-04-18T18:31:08.155530+00:00
11,THE PLAYERS Championship,2021,2021-03-14,15856,"Smith, Cameron",T17,0.0075,0.024175,0.04205,0.08805,0.177425,0.263,0.553575,0.009475,baseline_history_fit,2026-04-18T18:31:08.155530+00:00
11,THE PLAYERS Championship,2021,2021-03-14,6430,"Scott, Adam",T48,0.007475,0.02295,0.0406,0.081725,0.1663,0.2461,0.537075,0.006775,baseline_history_fit,2026-04-18T18:31:08.155530+00:00
11,THE PLAYERS Championship,2021,2021-03-14,13872,"Bradley, Keegan",T29,0.007325,0.0231,0.038825,0.081775,0.165275,0.2446,0.539675,0.008725,baseline_history_fit,2026-04-18T18:31:08.155530+00:00
11,THE PLAYERS Championship,2021,2021-03-14,11328,"Kisner, Kevin",CUT,0.00725,0.025425,0.0432,0.08855,0.179475,0.2649,0.55705,0.00965,baseline_history_fit,2026-04-18T18:31:08.155530+00:00
11,THE PLAYERS Championship,2021,2021-03-14,12294,"Fleetwood, Tommy",CUT,0.00715,0.02295,0.039625,0.081925,0.168425,0.251025,0.54615,0.0065,baseline_history_fit,2026-04-18T18:31:08.155530+00:00
11,THE PLAYERS Championship,2021,2021-03-14,12423,"Kirk, Chris",T48,0.007125,0.02185,0.03735,0.07905,0.161175,0.239725,0.5325,0.00645,baseline_history_fit,2026-04-18T18:31:08.155530+00:00
11,THE PLAYERS Championship,2021,2021-03-14,12337,"Kokrak, Jason",T9,0.006825,0.0232,0.038675,0.08065,0.1648,0.24545,0.540925,0.007475,baseline_history_fit,2026-04-18T18:31:08.155530+00:00
11,THE PLAYERS Championship,2021,2021-03-14,6169,"Kuchar, Matt",CUT,0.006775,0.022275,0.037875,0.0805,0.169175,0.253075,0.549525,0.0085,baseline_history_fit,2026-04-18T18:31:08.155530+00:00
11,THE PLAYERS Championship,2021,2021-03-14,8825,"Harman, Brian",T3,0.00645,0.022325,0.038475,0.0809,0.16995,0.2567,0.55735,0.006025,baseline_history_fit,2026-04-18T18:31:08.155530+00:00
11,THE PLAYERS Championship,2021,2021-03-14,8480,"Streelman, Kevin",CUT,0.006325,0.019425,0.0337,0.072575,0.151125,0.229325,0.523,0.006625,baseline_history_fit,2026-04-18T18:31:08.155530+00:00
11,THE PLAYERS Championship,2021,2021-03-14,18103,"Bezuidenhout, Christiaan",T41,0.00605,0.02185,0.0374,0.0792,0.15875,0.23965,0.531975,0.0083,baseline_history_fit,2026-04-18T18:31:08.155530+00:00
11,THE PLAYERS Championship,2021,2021-03-14,14013,"Tringale, Cameron",CUT,0.006,0.019225,0.0345,0.0754,0.1605,0.244725,0.540125,0.006025,baseline_history_fit,2026-04-18T18:31:08.155530+00:00
11,THE PLAYERS Championship,2021,2021-03-14,17538,"Homa, Max",CUT,0.0058,0.0183,0.0322,0.0696,0.1416,0.216825,0.5109,0.007875,baseline_history_fit,2026-04-18T18:31:08.155530+00:00
11,THE PLAYERS Championship,2021,2021-03-14,14609,"Kim, Si Woo",T9,0.005775,0.018975,0.033125,0.0678,0.140775,0.216975,0.5099,0.008975,baseline_history_fit,2026-04-18T18:31:08.155530+00:00
11,THE PLAYERS Championship,2021,2021-03-14,6093,"Rose, Justin",-,0.005525,0.0182,0.03055,0.065725,0.136925,0.210425,0.499875,0.006,baseline_history_fit,2026-04-18T18:31:08.155530+00:00
11,THE PLAYERS Championship,2021,2021-03-14,13900,"Lowry, Shane",8,0.004975,0.016375,0.0281,0.06175,0.134925,0.208225,0.50275,0.00525,baseline_history_fit,2026-04-18T18:31:08.155530+00:00
11,THE PLAYERS Championship,2021,2021-03-14,6986,"Johnson, Zach",T41,0.004975,0.017275,0.0293,0.06385,0.1375,0.211925,0.51205,0.004975,baseline_history_fit,2026-04-18T18:31:08.155530+00:00
11,THE PLAYERS Championship,2021,2021-03-14,18580,"Gooch, Talor",T5,0.004875,0.016275,0.02815,0.0603,0.130025,0.2044,0.4999,0.00595,baseline_history_fit,2026-04-18T18:31:08.155530+00:00
11,THE PLAYERS Championship,2021,2021-03-14,14735,"Ortiz, Carlos",CUT,0.0048,0.016675,0.029875,0.065125,0.14255,0.218725,0.51345,0.0076,baseline_history_fit,2026-04-18T18:31:08.155530+00:00
11,THE PLAYERS Championship,2021,2021-03-14,7655,"Molinari, Francesco",CUT,0.004575,0.01615,0.028525,0.061325,0.1327,0.204975,0.4942,0.00515,baseline_history_fit,2026-04-18T18:31:08.155530+00:00
11,THE PLAYERS Championship,2021,2021-03-14,11657,"Norlander, Henrik",CUT,0.0045,0.014725,0.02725,0.0606,0.1292,0.20035,0.499625,0.0063,baseline_history_fit,2026-04-18T18:31:08.155530+00:00
11,THE PLAYERS Championship,2021,2021-03-14,14636,"Spieth, Jordan",T48,0.0044,0.013775,0.0248,0.05555,0.118325,0.187775,0.48165,0.004625,baseline_history_fit,2026-04-18T18:31:08.155530+00:00
11,THE PLAYERS Championship,2021,2021-03-14,11019,"Steele, Brendan",T41,0.00435,0.014175,0.025925,0.05645,0.1201,0.18955,0.482175,0.0048,baseline_history_fit,2026-04-18T18:31:08.155530+00:00
11,THE PLAYERS Championship,2021,2021-03-14,7334,"Watson, Bubba",CUT,0.004275,0.01465,0.025325,0.056075,0.1236,0.1955,0.49065,0.00475,baseline_history_fit,2026-04-18T18:31:08.155530+00:00
11,THE PLAYERS Championship,2021,2021-03-14,19483,"Burns, Sam",CUT,0.004225,0.013375,0.02465,0.052325,0.11305,0.178925,0.46785,0.006725,baseline_history_fit,2026-04-18T18:31:08.155530+00:00
11,THE PLAYERS Championship,2021,2021-03-14,7820,"Palmer, Ryan",T17,0.00415,0.013675,0.024875,0.056775,0.1251,0.1964,0.48845,0.004975,baseline_history_fit,2026-04-18T18:31:08.155530+00:00
11,THE PLAYERS Championship,2021,2021-03-14,20770,"Munoz, Sebastian",CUT,0.004125,0.015,0.0267,0.060725,0.129075,0.201975,0.494975,0.00715,baseline_history_fit,2026-04-18T18:31:08.155530+00:00
11,THE PLAYERS Championship,2021,2021-03-14,1435,"Poulter, Ian",CUT,0.004025,0.013,0.02405,0.0534,0.1208,0.193025,0.488725,0.0067,baseline_history_fit,2026-04-18T18:31:08.155530+00:00
11,THE PLAYERS Championship,2021,2021-03-14,12965,"Fowler, Rickie",CUT,0.004,0.01415,0.0254,0.05595,0.121725,0.19515,0.49335,0.0071,baseline_history_fit,2026-04-18T18:31:08.155530+00:00
11,THE PLAYERS Championship,2021,2021-03-14,17786,"Davis, Cam",CUT,0.003975,0.0132,0.022825,0.051175,0.115375,0.181025,0.47855,0.005025,baseline_history_fit,2026-04-18T18:31:08.155530+00:00
11,THE PLAYERS Championship,2021,2021-03-14,15473,"Long, Adam",T22,0.00395,0.012225,0.02185,0.05035,0.114225,0.178175,0.47475,0.005575,baseline_history_fit,2026-04-18T18:31:08.155530+00:00
11,THE PLAYERS Championship,2021,2021-03-14,24550,"Ghim, Doug",T29,0.003875,0.01385,0.02445,0.052275,0.118125,0.185175,0.473825,0.006725,baseline_history_fit,2026-04-18T18:31:08.155530+00:00
11,THE PLAYERS Championship,2021,2021-03-14,15330,"Griffin, Lanto",T35,0.003775,0.015075,0.027675,0.05925,0.1286,0.203325,0.501275,0.006825,baseline_history_fit,2026-04-18T18:31:08.155530+00:00
11,THE PLAYERS Championship,2021,2021-03-14,14509,"Dahmen, Joel",CUT,0.00365,0.01215,0.02225,0.050175,0.113775,0.179325,0.47,0.007125,baseline_history_fit,2026-04-18T18:31:08.155530+00:00
11,THE PLAYERS Championship,2021,2021-03-14,24481,"Redman, Doc",CUT,0.003625,0.011875,0.0215,0.049225,0.1107,0.1774,0.471825,0.006375,baseline_history_fit,2026-04-18T18:31:08.155530+00:00
11,THE PLAYERS Championship,2021,2021-03-14,7961,"Reavie, Chez",CUT,0.003475,0.01425,0.025125,0.0546,0.120575,0.1939,0.48735,0.0051,baseline_history_fit,2026-04-18T18:31:08.155530+00:00
11,THE PLAYERS Championship,2021,2021-03-14,13831,"Knox, Russell",T67,0.0034,0.01345,0.023875,0.054075,0.1185,0.1883,0.483175,0.006475,baseline_history_fit,2026-04-18T18:31:08.155530+00:00
11,THE PLAYERS Championship,2021,2021-03-14,5768,"Hoffman, Charley",T17,0.003325,0.011425,0.01975,0.0441,0.09905,0.161175,0.445075,0.00555,baseline_history_fit,2026-04-18T18:31:08.155530+00:00
11,THE PLAYERS Championship,2021,2021-03-14,13508,"Vegas, Jhonattan",T61,0.0033,0.01165,0.022025,0.049975,0.109075,0.174925,0.46295,0.004225,baseline_history_fit,2026-04-18T18:31:08.155530+00:00
11,THE PLAYERS Championship,2021,2021-03-14,7399,"Glover, Lucas",T48,0.003275,0.0106,0.019125,0.04395,0.100475,0.16405,0.455975,0.006075,baseline_history_fit,2026-04-18T18:31:08.155530+00:00
11,THE PLAYERS Championship,2021,2021-03-14,16433,"NeSmith, Matt",CUT,0.003175,0.01205,0.02265,0.0511,0.11415,0.1832,0.4716,0.0049,baseline_history_fit,2026-04-18T18:31:08.155530+00:00
11,THE PLAYERS Championship,2021,2021-03-14,6283,"Sabbatini, Rory",T67,0.00315,0.01125,0.02205,0.05155,0.1141,0.180925,0.47395,0.00465,baseline_history_fit,2026-04-18T18:31:08.155530+00:00
11,THE PLAYERS Championship,2021,2021-03-14,19870,"McCarthy, Denny",T55,0.003075,0.01035,0.018525,0.044,0.10255,0.16965,0.466425,0.004125,baseline_history_fit,2026-04-18T18:31:08.155530+00:00
11,THE PLAYERS Championship,2021,2021-03-14,13965,"Hadwin, Adam",T29,0.00305,0.01045,0.0195,0.04415,0.10235,0.1648,0.45585,0.004,baseline_history_fit,2026-04-18T18:31:08.155530+00:00
11,THE PLAYERS Championship,2021,2021-03-14,11955,"Frittelli, Dylan",T22,0.00295,0.0104,0.018675,0.041475,0.096225,0.157225,0.444075,0.004575,baseline_history_fit,2026-04-18T18:31:08.155530+00:00
11,THE PLAYERS Championship,2021,2021-03-14,14081,"Hoag, Bo",CUT,0.00285,0.0095,0.0178,0.041,0.096325,0.15885,0.452575,0.0039,baseline_history_fit,2026-04-18T18:31:08.155530+00:00
11,THE PLAYERS Championship,2021,2021-03-14,9586,"Laird, Martin",T69,0.002825,0.01,0.017625,0.039625,0.0903,0.149175,0.43205,0.003325,baseline_history_fit,2026-04-18T18:31:08.155530+00:00
11,THE PLAYERS Championship,2021,2021-03-14,19364,"Werenski, Richy",CUT,0.002675,0.010475,0.01915,0.042425,0.097975,0.15725,0.448725,0.003775,baseline_history_fit,2026-04-18T18:31:08.155530+00:00
11,THE PLAYERS Championship,2021,2021-03-14,14459,"An, Byeong Hun",CUT,0.002575,0.008825,0.016625,0.0376,0.087275,0.145525,0.429175,0.005975,baseline_history_fit,2026-04-18T18:31:08.155530+00:00
11,THE PLAYERS Championship,2021,2021-03-14,15575,"Hoge, Tom",T22,0.00255,0.00915,0.017,0.04055,0.0945,0.159525,0.45325,0.00485,baseline_history_fit,2026-04-18T18:31:08.155530+00:00
11,THE PLAYERS Championship,2021,2021-03-14,16602,"Varner III, Harold",T61,0.002525,0.00935,0.017075,0.0402,0.0948,0.156,0.4446,0.003775,baseline_history_fit,2026-04-18T18:31:08.155530+00:00
11,THE PLAYERS Championship,2021,2021-03-14,18187,"Duncan, Tyler",CUT,0.002525,0.009525,0.017,0.039075,0.094,0.154375,0.44515,0.00385,baseline_history_fit,2026-04-18T18:31:08.155530+00:00
11,THE PLAYERS Championship,2021,2021-03-14,12069,"Stanley, Kyle",CUT,0.002525,0.0105,0.018825,0.044675,0.10345,0.1697,0.463925,0.0051,baseline_history_fit,2026-04-18T18:31:08.155530+00:00
11,THE PLAYERS Championship,2021,2021-03-14,11952,"Grace, Branden",CUT,0.002475,0.0084,0.01555,0.036975,0.09005,0.149275,0.437225,0.0039,baseline_history_fit,2026-04-18T18:31:08.155530+00:00
11,THE PLAYERS Championship,2021,2021-03-14,11374,"Hahn, James",T41,0.00245,0.00905,0.016775,0.039575,0.091875,0.15225,0.43965,0.00305,baseline_history_fit,2026-04-18T18:31:08.155530+00:00
11,THE PLAYERS Championship,2021,2021-03-14,22051,"Wise, Aaron",T65,0.002375,0.00835,0.01685,0.0396,0.092925,0.151275,0.4379,0.003575,baseline_history_fit,2026-04-18T18:31:08.155530+00:00
11,THE PLAYERS Championship,2021,2021-03-14,23323,"MacIntyre, Robert",CUT,0.002225,0.00845,0.01645,0.039125,0.088825,0.1474,0.435975,0.004725,baseline_history_fit,2026-04-18T18:31:08.155530+00:00
11,THE PLAYERS Championship,2021,2021-03-14,6762,"Perez, Pat",CUT,0.0022,0.0071,0.013875,0.03425,0.084,0.14015,0.4279,0.003375,baseline_history_fit,2026-04-18T18:31:08.155530+00:00
11,THE PLAYERS Championship,2021,2021-03-14,13022,"Stuard, Brian",T58,0.0022,0.0083,0.016325,0.038375,0.09135,0.1503,0.4395,0.003975,baseline_history_fit,2026-04-18T18:31:08.155530+00:00
11,THE PLAYERS Championship,2021,2021-03-14,7960,"List, Luke",CUT,0.002175,0.00745,0.013775,0.03285,0.080575,0.133725,0.4112,0.00325,baseline_history_fit,2026-04-18T18:31:08.155530+00:00
11,THE PLAYERS Championship,2021,2021-03-14,12946,"Thompson, Michael",T48,0.00215,0.007625,0.015,0.037,0.0887,0.14695,0.427875,0.0049,baseline_history_fit,2026-04-18T18:31:08.155530+00:00
11,THE PLAYERS Championship,2021,2021-03-14,21554,"Poston, J.T.",T22,0.002125,0.008075,0.015675,0.03575,0.0857,0.1431,0.4273,0.004775,baseline_history_fit,2026-04-18T18:31:08.155530+00:00
11,THE PLAYERS Championship,2021,2021-03-14,7301,"Dufner, Jason",CUT,0.00205,0.00695,0.01295,0.031475,0.075675,0.12885,0.406575,0.0029,baseline_history_fit,2026-04-18T18:31:08.155530+00:00
11,THE PLAYERS Championship,2021,2021-03-14,15556,"Hughes, Mackenzie",CUT,0.002,0.007225,0.014,0.035275,0.085025,0.14,0.4278,0.003975,baseline_history_fit,2026-04-18T18:31:08.155530+00:00
11,THE PLAYERS Championship,2021,2021-03-14,13126,"Taylor, Nick",T48,0.002,0.008275,0.014775,0.03735,0.089525,0.1467,0.431875,0.0045,baseline_history_fit,2026-04-18T18:31:08.155530+00:00
11,THE PLAYERS Championship,2021,2021-03-14,18634,"McNealy, Maverick",CUT,0.001975,0.00795,0.015775,0.0382,0.08855,0.149525,0.432925,0.00375,baseline_history_fit,2026-04-18T18:31:08.155530+00:00
11,THE PLAYERS Championship,2021,2021-03-14,6892,"Howell III, Charles",T9,0.001975,0.008125,0.014225,0.0341,0.081425,0.1368,0.420325,0.004525,baseline_history_fit,2026-04-18T18:31:08.155530+00:00
11,THE PLAYERS Championship,2021,2021-03-14,14704,"Putnam, Andrew",CUT,0.001875,0.007,0.012875,0.03185,0.07735,0.13165,0.419725,0.00455,baseline_history_fit,2026-04-18T18:31:08.155530+00:00
11,THE PLAYERS Championship,2021,2021-03-14,10419,"Noren, Alex",CUT,0.00185,0.006925,0.013,0.032875,0.0831,0.141675,0.43505,0.005,baseline_history_fit,2026-04-18T18:31:08.155530+00:00
11,THE PLAYERS Championship,2021,2021-03-14,8605,"Jones, Matt",T55,0.00185,0.0076,0.0153,0.036425,0.087875,0.148675,0.440425,0.003575,baseline_history_fit,2026-04-18T18:31:08.155530+00:00
11,THE PLAYERS Championship,2021,2021-03-14,9531,"Wiesberger, Bernd",CUT,0.001775,0.006175,0.011825,0.027725,0.069375,0.120075,0.400325,0.00345,baseline_history_fit,2026-04-18T18:31:08.155530+00:00
11,THE PLAYERS Championship,2021,2021-03-14,23542,"Champ, Cameron",CUT,0.001725,0.006575,0.012075,0.0301,0.0751,0.127625,0.40375,0.003675,baseline_history_fit,2026-04-18T18:31:08.155530+00:00
11,THE PLAYERS Championship,2021,2021-03-14,12577,"Woodland, Gary",CUT,0.001675,0.0066,0.013,0.0328,0.07965,0.13295,0.4126,0.0044,baseline_history_fit,2026-04-18T18:31:08.155530+00:00
11,THE PLAYERS Championship,2021,2021-03-14,16333,"Hubbard, Mark",CUT,0.001675,0.007275,0.0145,0.034,0.0814,0.138625,0.42415,0.0034,baseline_history_fit,2026-04-18T18:31:08.155530+00:00
11,THE PLAYERS Championship,2021,2021-03-14,4052,"Westwood, Lee",2,0.00165,0.006125,0.011675,0.02935,0.073075,0.12445,0.405975,0.00455,baseline_history_fit,2026-04-18T18:31:08.155530+00:00
11,THE PLAYERS Championship,2021,2021-03-14,12359,"Stallings, Scott",CUT,0.001625,0.0048,0.0096,0.024325,0.062825,0.1094,0.384525,0.00395,baseline_history_fit,2026-04-18T18:31:08.155530+00:00
11,THE PLAYERS Championship,2021,2021-03-14,7649,"Leishman, Marc",CUT,0.001575,0.007075,0.01295,0.029525,0.075325,0.12705,0.405425,0.00295,baseline_history_fit,2026-04-18T18:31:08.155530+00:00
11,THE PLAYERS Championship,2021,2021-03-14,11451,"Garnett, Brice",CUT,0.00155,0.005925,0.011925,0.0297,0.07455,0.128125,0.409075,0.003625,baseline_history_fit,2026-04-18T18:31:08.155530+00:00
11,THE PLAYERS Championship,2021,2021-03-14,13470,"Kizzire, Patton",T35,0.00155,0.005325,0.0092,0.022075,0.058275,0.102625,0.369675,0.002675,baseline_history_fit,2026-04-18T18:31:08.155530+00:00
11,THE PLAYERS Championship,2021,2021-03-14,6930,"Taylor, Vaughn",CUT,0.001475,0.005975,0.0114,0.0297,0.072675,0.1229,0.395775,0.00405,baseline_history_fit,2026-04-18T18:31:08.155530+00:00
11,THE PLAYERS Championship,2021,2021-03-14,11826,"Lee, Danny",CUT,0.00145,0.006325,0.0123,0.03095,0.07455,0.12685,0.404975,0.003375,baseline_history_fit,2026-04-18T18:31:08.155530+00:00
11,THE PLAYERS Championship,2021,2021-03-14,7899,"Piercy, Scott",T69,0.00145,0.005925,0.01185,0.0281,0.0689,0.1176,0.389025,0.002925,baseline_history_fit,2026-04-18T18:31:08.155530+00:00
11,THE PLAYERS Championship,2021,2021-03-14,8820,"Snedeker, Brandt",CUT,0.001425,0.004625,0.00885,0.0221,0.058975,0.10485,0.3761,0.002625,baseline_history_fit,2026-04-18T18:31:08.155530+00:00
11,THE PLAYERS Championship,2021,2021-03-14,23604,"Clark, Wyndham",CUT,0.0014,0.00555,0.011475,0.02665,0.06705,0.1179,0.38955,0.003725,baseline_history_fit,2026-04-18T18:31:08.155530+00:00
11,THE PLAYERS Championship,2021,2021-03-14,7398,"Schwartzel, Charl",CUT,0.001325,0.00445,0.008825,0.02315,0.059475,0.105975,0.370175,0.00315,baseline_history_fit,2026-04-18T18:31:08.155530+00:00
11,THE PLAYERS Championship,2021,2021-03-14,5874,"Percy, Cameron",T29,0.0013,0.00615,0.01145,0.0287,0.071475,0.120475,0.3982,0.0027,baseline_history_fit,2026-04-18T18:31:08.155530+00:00
11,THE PLAYERS Championship,2021,2021-03-14,17511,"Straka, Sepp",CUT,0.0013,0.006225,0.01245,0.0302,0.0735,0.12545,0.4041,0.00395,baseline_history_fit,2026-04-18T18:31:08.155530+00:00
11,THE PLAYERS Championship,2021,2021-03-14,20730,"Perez, Victor",T9,0.00125,0.004675,0.00935,0.02435,0.061975,0.108275,0.38585,0.00365,baseline_history_fit,2026-04-18T18:31:08.155530+00:00
11,THE PLAYERS Championship,2021,2021-03-14,10943,"Lashley, Nate",71,0.00125,0.00425,0.008925,0.021475,0.0552,0.09635,0.355475,0.002725,baseline_history_fit,2026-04-18T18:31:08.155530+00:00
11,THE PLAYERS Championship,2021,2021-03-14,18579,"Cook, Austin",CUT,0.001225,0.005275,0.0101,0.024075,0.062175,0.1059,0.37595,0.0036,baseline_history_fit,2026-04-18T18:31:08.155530+00:00
11,THE PLAYERS Championship,2021,2021-03-14,13367,"Merritt, Troy",CUT,0.001125,0.003575,0.00695,0.019275,0.0531,0.09655,0.366725,0.003225,baseline_history_fit,2026-04-18T18:31:08.155530+00:00
11,THE PLAYERS Championship,2021,2021-03-14,8469,"Armour, Ryan",T55,0.001075,0.004625,0.0091,0.023875,0.06,0.107375,0.376075,0.0024,baseline_history_fit,2026-04-18T18:31:08.155530+00:00
11,THE PLAYERS Championship,2021,2021-03-14,14926,"Malnati, Peter",CUT,0.00105,0.00405,0.008125,0.0198,0.052725,0.09345,0.357975,0.002275,baseline_history_fit,2026-04-18T18:31:08.155530+00:00
11,THE PLAYERS Championship,2021,2021-03-14,14000,"Landry, Andrew",CUT,0.00105,0.004125,0.008025,0.019825,0.05175,0.090675,0.3494,0.002375,baseline_history_fit,2026-04-18T18:31:08.155530+00:00
11,THE PLAYERS Championship,2021,2021-03-14,5665,"Cink, Stewart",CUT,0.001025,0.004375,0.0091,0.022925,0.05745,0.09845,0.3633,0.002975,baseline_history_fit,2026-04-18T18:31:08.155530+00:00
11,THE PLAYERS Championship,2021,2021-03-14,19477,"Schenk, Adam",CUT,0.001025,0.004425,0.0083,0.0218,0.057675,0.101325,0.37425,0.003075,baseline_history_fit,2026-04-18T18:31:08.155530+00:00
11,THE PLAYERS Championship,2021,2021-03-14,15475,"Pan, C.T.",CUT,0.000975,0.003975,0.008175,0.02185,0.0577,0.102425,0.3682,0.003225,baseline_history_fit,2026-04-18T18:31:08.155530+00:00
11,THE PLAYERS Championship,2021,2021-03-14,14140,"Higgs, Harry",T29,0.00095,0.00415,0.00835,0.02115,0.053625,0.097125,0.360275,0.003125,baseline_history_fit,2026-04-18T18:31:08.155530+00:00
11,THE PLAYERS Championship,2021,2021-03-14,5994,"Stenson, Henrik",CUT,0.000925,0.004,0.008325,0.022425,0.058925,0.104425,0.3693,0.0034,baseline_history_fit,2026-04-18T18:31:08.155530+00:00
11,THE PLAYERS Championship,2021,2021-03-14,13497,"Lee, K.H.",T41,0.000875,0.00365,0.0069,0.018725,0.04915,0.0865,0.34665,0.00265,baseline_history_fit,2026-04-18T18:31:08.155530+00:00
11,THE PLAYERS Championship,2021,2021-03-14,16715,"Ryder, Sam",CUT,0.0008,0.00305,0.006525,0.0166,0.046775,0.08825,0.34785,0.002725,baseline_history_fit,2026-04-18T18:31:08.155530+00:00
11,THE PLAYERS Championship,2021,2021-03-14,12846,"Herman, Jim",CUT,0.000775,0.003175,0.00665,0.017925,0.047775,0.085975,0.3349,0.002425,baseline_history_fit,2026-04-18T18:31:08.155530+00:00
11,THE PLAYERS Championship,2021,2021-03-14,16283,"Rodgers, Patrick",T65,0.000775,0.003175,0.00575,0.014975,0.0444,0.0819,0.334125,0.002175,baseline_history_fit,2026-04-18T18:31:08.155530+00:00
11,THE PLAYERS Championship,2021,2021-03-14,15164,"Lewis, Tom",CUT,0.0007,0.00315,0.005775,0.0154,0.041725,0.075075,0.316025,0.00175,baseline_history_fit,2026-04-18T18:31:08.155530+00:00
11,THE PLAYERS Championship,2021,2021-03-14,21237,"Hickok, Kramer",T58,0.000575,0.002675,0.005675,0.014125,0.039825,0.074125,0.32295,0.001825,baseline_history_fit,2026-04-18T18:31:08.155530+00:00
11,THE PLAYERS Championship,2021,2021-03-14,17365,"Mitchell, Keith",CUT,0.0005,0.00215,0.00365,0.011575,0.0317,0.0603,0.2927,0.0024,baseline_history_fit,2026-04-18T18:31:08.155530+00:00
11,THE PLAYERS Championship,2021,2021-03-14,5151,"Kelly, Jerry",CUT,0.00045,0.001875,0.004175,0.01185,0.034275,0.06495,0.302025,0.002475,baseline_history_fit,2026-04-18T18:31:08.155530+00:00
11,THE PLAYERS Championship,2021,2021-03-14,14852,"Streb, Robert",CUT,0.00045,0.001525,0.00365,0.010525,0.0301,0.058825,0.28825,0.0017,baseline_history_fit,2026-04-18T18:31:08.155530+00:00
11,THE PLAYERS Championship,2021,2021-03-14,1547,"Mickelson, Phil",T35,0.0004,0.001425,0.002875,0.0078,0.02215,0.0438,0.2522,0.001625,baseline_history_fit,2026-04-18T18:31:08.155530+00:00
11,THE PLAYERS Championship,2021,2021-03-14,11330,"Brown, Scott",T61,0.000375,0.001975,0.004275,0.0114,0.0321,0.06115,0.288075,0.00225,baseline_history_fit,2026-04-18T18:31:08.155530+00:00
11,THE PLAYERS Championship,2021,2021-03-14,7548,"McDowell, Graeme",CUT,0.00035,0.002,0.00365,0.010175,0.02975,0.05525,0.28035,0.00195,baseline_history_fit,2026-04-18T18:31:08.155530+00:00
11,THE PLAYERS Championship,2021,2021-03-14,12669,"Lahiri, Anirban",CUT,0.000325,0.0019,0.004075,0.011225,0.031075,0.059975,0.29175,0.00175,baseline_history_fit,2026-04-18T18:31:08.155530+00:00
11,THE PLAYERS Championship,2021,2021-03-14,5951,"Gay, Brian",CUT,0.0003,0.001475,0.0031,0.008425,0.02565,0.0487,0.267675,0.0017,baseline_history_fit,2026-04-18T18:31:08.155530+00:00
11,THE PLAYERS Championship,2021,2021-03-14,18635,"Shelton, Robby",CUT,0.0003,0.0019,0.00395,0.011425,0.0322,0.060225,0.290075,0.00175,baseline_history_fit,2026-04-18T18:31:08.155530+00:00
11,THE PLAYERS Championship,2021,2021-03-14,14706,"Swafford, Hudson",CUT,0.00025,0.00095,0.001975,0.005225,0.01735,0.03805,0.2352,0.001325,baseline_history_fit,2026-04-18T18:31:08.155530+00:00
11,THE PLAYERS Championship,2021,2021-03-14,8479,"Harrington, Scott",T61,0.000225,0.00075,0.001725,0.005325,0.017725,0.0366,0.234325,0.001,baseline_history_fit,2026-04-18T18:31:08.155530+00:00
11,THE PLAYERS Championship,2021,2021-03-14,13026,"Zhang, Xinjun",CUT,0.0002,0.001925,0.003825,0.011025,0.031925,0.0641,0.30495,0.00185,baseline_history_fit,2026-04-18T18:31:08.155530+00:00
11,THE PLAYERS Championship,2021,2021-03-14,15470,"Hossler, Beau",CUT,0.00015,0.000975,0.00195,0.006575,0.0209,0.041425,0.24295,0.001375,baseline_history_fit,2026-04-18T18:31:08.155530+00:00
11,THE PLAYERS Championship,2021,2021-03-14,17584,"McCumber, Tyler",T22,0.00015,0.0011,0.002225,0.0065,0.021,0.0417,0.2513,0.001475,baseline_history_fit,2026-04-18T18:31:08.155530+00:00
11,THE PLAYERS Championship,2021,2021-03-14,7293,"Walker, Jimmy",CUT,5e-05,0.00035,0.000625,0.001725,0.0063,0.013975,0.150775,0.00055,baseline_history_fit,2026-04-18T18:31:08.155530+00:00
11,THE PLAYERS Championship,2021,2021-03-14,7881,"Kang, Sung",CUT,5e-05,0.0004,0.0011,0.003525,0.0109,0.0234,0.190225,0.001175,baseline_history_fit,2026-04-18T18:31:08.155530+00:00
475,Valspar Championship,2021,2021-05-02,14139,"Thomas, Justin",T13,0.06965,0.1613,0.231375,0.3654,0.531675,0.6416,0.826775,0.030675,baseline_history_fit,2026-04-18T18:31:08.347922+00:00
475,Valspar Championship,2021,2021-05-02,12422,"Johnson, Dustin",T48,0.0545,0.13565,0.1971,0.312575,0.47735,0.589225,0.799775,0.027375,baseline_history_fit,2026-04-18T18:31:08.347922+00:00
475,Valspar Championship,2021,2021-05-02,17576,"Conners, Corey",T21,0.0498,0.125675,0.18795,0.3075,0.4755,0.588,0.792575,0.0311,baseline_history_fit,2026-04-18T18:31:08.347922+00:00
475,Valspar Championship,2021,2021-05-02,18841,"Hovland, Viktor",T3,0.04845,0.124075,0.18525,0.303725,0.46775,0.582575,0.79555,0.0246,baseline_history_fit,2026-04-18T18:31:08.347922+00:00
475,Valspar Championship,2021,2021-05-02,14838,"Reed, Patrick",CUT,0.040025,0.104475,0.158525,0.2706,0.430075,0.54415,0.77115,0.0266,baseline_history_fit,2026-04-18T18:31:08.347922+00:00
475,Valspar Championship,2021,2021-05-02,18417,"Scheffler, Scottie",T29,0.037475,0.097675,0.14955,0.258625,0.417625,0.53195,0.77165,0.021225,baseline_history_fit,2026-04-18T18:31:08.347922+00:00
475,Valspar Championship,2021,2021-05-02,18238,"Ancer, Abraham",5,0.030875,0.085975,0.135275,0.236025,0.3969,0.514275,0.752825,0.02205,baseline_history_fit,2026-04-18T18:31:08.347922+00:00
475,Valspar Championship,2021,2021-05-02,14578,"Henley, Russell",CUT,0.029775,0.081425,0.12825,0.227825,0.381575,0.4982,0.74115,0.020125,baseline_history_fit,2026-04-18T18:31:08.347922+00:00
475,Valspar Championship,2021,2021-05-02,17488,"Im, Sungjae",T29,0.02795,0.07715,0.12125,0.216875,0.374075,0.489925,0.7485,0.017075,baseline_history_fit,2026-04-18T18:31:08.347922+00:00
475,Valspar Championship,2021,2021-05-02,7672,"Oosthuizen, Louis",T8,0.02625,0.071875,0.1153,0.2055,0.352125,0.466675,0.73405,0.014825,baseline_history_fit,2026-04-18T18:31:08.347922+00:00
475,Valspar Championship,2021,2021-05-02,7108,"Casey, Paul",T21,0.026125,0.073075,0.115525,0.2078,0.358575,0.471075,0.722425,0.02075,baseline_history_fit,2026-04-18T18:31:08.347922+00:00
475,Valspar Championship,2021,2021-05-02,18079,"Niemann, Joaquin",T8,0.026025,0.075475,0.11885,0.21435,0.364675,0.48405,0.7417,0.017825,baseline_history_fit,2026-04-18T18:31:08.347922+00:00
475,Valspar Championship,2021,2021-05-02,14013,"Tringale, Cameron",T3,0.02245,0.0661,0.106275,0.19315,0.342525,0.458625,0.726975,0.0145,baseline_history_fit,2026-04-18T18:31:08.347922+00:00
475,Valspar Championship,2021,2021-05-02,7820,"Palmer, Ryan",T63,0.019475,0.05785,0.0953,0.175225,0.30575,0.416975,0.69695,0.014475,baseline_history_fit,2026-04-18T18:31:08.347922+00:00
475,Valspar Championship,2021,2021-05-02,12808,"Grillo, Emiliano",CUT,0.018325,0.0557,0.090575,0.172425,0.3109,0.4226,0.693475,0.0168,baseline_history_fit,2026-04-18T18:31:08.347922+00:00
475,Valspar Championship,2021,2021-05-02,6093,"Rose, Justin",CUT,0.01815,0.053575,0.086825,0.165275,0.298125,0.408525,0.689925,0.014175,baseline_history_fit,2026-04-18T18:31:08.347922+00:00
475,Valspar Championship,2021,2021-05-02,12337,"Kokrak, Jason",T13,0.0179,0.0518,0.086075,0.160325,0.291825,0.401925,0.676725,0.016225,baseline_history_fit,2026-04-18T18:31:08.347922+00:00
475,Valspar Championship,2021,2021-05-02,8480,"Streelman, Kevin",CUT,0.017625,0.05045,0.08455,0.161275,0.29645,0.40555,0.68025,0.016975,baseline_history_fit,2026-04-18T18:31:08.347922+00:00
475,Valspar Championship,2021,2021-05-02,12423,"Kirk, Chris",CUT,0.017125,0.051375,0.0847,0.161325,0.2937,0.4039,0.682475,0.014125,baseline_history_fit,2026-04-18T18:31:08.347922+00:00
475,Valspar Championship,2021,2021-05-02,7452,"Na, Kevin",T29,0.01605,0.04755,0.07705,0.149675,0.276325,0.384375,0.6612,0.015575,baseline_history_fit,2026-04-18T18:31:08.347922+00:00
475,Valspar Championship,2021,2021-05-02,5768,"Hoffman, Charley",T18,0.0159,0.046425,0.07635,0.144275,0.2685,0.3756,0.6616,0.01595,baseline_history_fit,2026-04-18T18:31:08.347922+00:00
475,Valspar Championship,2021,2021-05-02,7399,"Glover, Lucas",T48,0.013975,0.0423,0.07205,0.141825,0.26465,0.374675,0.67305,0.01065,baseline_history_fit,2026-04-18T18:31:08.347922+00:00
475,Valspar Championship,2021,2021-05-02,6892,"Howell III, Charles",T39,0.013375,0.04235,0.068875,0.13745,0.2629,0.3723,0.671,0.011275,baseline_history_fit,2026-04-18T18:31:08.347922+00:00
475,Valspar Championship,2021,2021-05-02,17538,"Homa, Max",T6,0.011875,0.039,0.06625,0.12925,0.2447,0.348475,0.64605,0.011375,baseline_history_fit,2026-04-18T18:31:08.347922+00:00
475,Valspar Championship,2021,2021-05-02,24550,"Ghim, Doug",CUT,0.010725,0.034325,0.058575,0.11785,0.2267,0.331825,0.62875,0.012025,baseline_history_fit,2026-04-18T18:31:08.347922+00:00
475,Valspar Championship,2021,2021-05-02,7334,"Watson, Bubba",T13,0.010275,0.0323,0.05415,0.1114,0.2232,0.323825,0.6254,0.011275,baseline_history_fit,2026-04-18T18:31:08.347922+00:00
475,Valspar Championship,2021,2021-05-02,17786,"Davis, Cam",CUT,0.010225,0.0298,0.049975,0.1036,0.210775,0.3106,0.622725,0.0086,baseline_history_fit,2026-04-18T18:31:08.347922+00:00
475,Valspar Championship,2021,2021-05-02,13872,"Bradley, Keegan",2,0.009275,0.0305,0.051975,0.1089,0.219025,0.317675,0.619675,0.010675,baseline_history_fit,2026-04-18T18:31:08.347922+00:00
475,Valspar Championship,2021,2021-05-02,7489,"Moore, Ryan",T39,0.009225,0.029225,0.05185,0.106875,0.209925,0.30785,0.609975,0.01135,baseline_history_fit,2026-04-18T18:31:08.347922+00:00
475,Valspar Championship,2021,2021-05-02,18580,"Gooch, Talor",CUT,0.0089,0.027575,0.049075,0.102075,0.21075,0.3102,0.62255,0.009675,baseline_history_fit,2026-04-18T18:31:08.347922+00:00
475,Valspar Championship,2021,2021-05-02,14606,"Huh, John",CUT,0.00885,0.02665,0.0455,0.097725,0.19695,0.29335,0.593875,0.0095,baseline_history_fit,2026-04-18T18:31:08.347922+00:00
475,Valspar Championship,2021,2021-05-02,13965,"Hadwin, Adam",CUT,0.0081,0.0282,0.0491,0.102325,0.2075,0.3058,0.610325,0.01045,baseline_history_fit,2026-04-18T18:31:08.347922+00:00
475,Valspar Championship,2021,2021-05-02,15575,"Hoge, Tom",CUT,0.00795,0.02575,0.046025,0.095375,0.1965,0.294825,0.613725,0.009025,baseline_history_fit,2026-04-18T18:31:08.347922+00:00
475,Valspar Championship,2021,2021-05-02,11328,"Kisner, Kevin",CUT,0.0077,0.025725,0.0456,0.097,0.1981,0.2946,0.601625,0.011,baseline_history_fit,2026-04-18T18:31:08.347922+00:00
475,Valspar Championship,2021,2021-05-02,12577,"Woodland, Gary",CUT,0.007575,0.02515,0.043475,0.0914,0.18805,0.2824,0.5907,0.009025,baseline_history_fit,2026-04-18T18:31:08.347922+00:00
475,Valspar Championship,2021,2021-05-02,19870,"McCarthy, Denny",T39,0.007275,0.026225,0.046425,0.09945,0.20645,0.30695,0.623225,0.00815,baseline_history_fit,2026-04-18T18:31:08.347922+00:00
475,Valspar Championship,2021,2021-05-02,15330,"Griffin, Lanto",CUT,0.006975,0.0215,0.03675,0.0819,0.179875,0.273075,0.58245,0.008525,baseline_history_fit,2026-04-18T18:31:08.347922+00:00
475,Valspar Championship,2021,2021-05-02,13831,"Knox, Russell",T21,0.0068,0.02235,0.0403,0.085825,0.18105,0.275825,0.594375,0.007675,baseline_history_fit,2026-04-18T18:31:08.347922+00:00
475,Valspar Championship,2021,2021-05-02,16433,"NeSmith, Matt",T21,0.00665,0.02135,0.037675,0.08145,0.169,0.25965,0.570475,0.00885,baseline_history_fit,2026-04-18T18:31:08.347922+00:00
475,Valspar Championship,2021,2021-05-02,6986,"Johnson, Zach",T29,0.00595,0.02165,0.038175,0.0811,0.1741,0.2693,0.58985,0.007375,baseline_history_fit,2026-04-18T18:31:08.347922+00:00
475,Valspar Championship,2021,2021-05-02,15473,"Long, Adam",CUT,0.005925,0.020925,0.0363,0.07685,0.164975,0.252225,0.570175,0.00705,baseline_history_fit,2026-04-18T18:31:08.347922+00:00
475,Valspar Championship,2021,2021-05-02,11952,"Grace, Branden",T54,0.00585,0.020575,0.03715,0.081525,0.176225,0.269925,0.589375,0.0065,baseline_history_fit,2026-04-18T18:31:08.347922+00:00
475,Valspar Championship,2021,2021-05-02,7961,"Reavie, Chez",CUT,0.0055,0.01835,0.0329,0.0742,0.158325,0.248025,0.5602,0.008875,baseline_history_fit,2026-04-18T18:31:08.347922+00:00
475,Valspar Championship,2021,2021-05-02,10419,"Noren, Alex",T21,0.005475,0.020225,0.0366,0.077825,0.167975,0.2615,0.584325,0.006025,baseline_history_fit,2026-04-18T18:31:08.347922+00:00
475,Valspar Championship,2021,2021-05-02,19483,"Burns, Sam",1,0.00545,0.01905,0.03345,0.073625,0.1539,0.2379,0.55,0.009325,baseline_history_fit,2026-04-18T18:31:08.347922+00:00
475,Valspar Championship,2021,2021-05-02,13470,"Kizzire, Patton",T60,0.005325,0.017375,0.0322,0.069375,0.148975,0.234575,0.557125,0.0059,baseline_history_fit,2026-04-18T18:31:08.347922+00:00
475,Valspar Championship,2021,2021-05-02,9586,"Laird, Martin",CUT,0.0051,0.016125,0.028825,0.065425,0.14635,0.2263,0.538075,0.006975,baseline_history_fit,2026-04-18T18:31:08.347922+00:00
475,Valspar Championship,2021,2021-05-02,15556,"Hughes, Mackenzie",CUT,0.00505,0.01835,0.033075,0.07505,0.1617,0.249775,0.56385,0.0077,baseline_history_fit,2026-04-18T18:31:08.347922+00:00
475,Valspar Championship,2021,2021-05-02,17550,"Van Rooyen, Erik",CUT,0.004775,0.01805,0.0323,0.069825,0.15585,0.24305,0.569775,0.006325,baseline_history_fit,2026-04-18T18:31:08.347922+00:00
475,Valspar Championship,2021,2021-05-02,7960,"List, Luke",CUT,0.00465,0.0163,0.029175,0.067,0.147175,0.232625,0.555575,0.00615,baseline_history_fit,2026-04-18T18:31:08.347922+00:00
475,Valspar Championship,2021,2021-05-02,1435,"Poulter, Ian",T21,0.004625,0.01785,0.032025,0.07235,0.163225,0.2545,0.5817,0.00655,baseline_history_fit,2026-04-18T18:31:08.347922+00:00
475,Valspar Championship,2021,2021-05-02,6283,"Sabbatini, Rory",CUT,0.004375,0.016175,0.0296,0.067275,0.147525,0.235775,0.558275,0.006675,baseline_history_fit,2026-04-18T18:31:08.347922+00:00
475,Valspar Championship,2021,2021-05-02,13126,"Taylor, Nick",CUT,0.004375,0.0154,0.026575,0.06045,0.13935,0.22285,0.53785,0.0065,baseline_history_fit,2026-04-18T18:31:08.347922+00:00
475,Valspar Championship,2021,2021-05-02,21554,"Poston, J.T.",T54,0.00435,0.01715,0.030875,0.067475,0.15035,0.231475,0.551325,0.00725,baseline_history_fit,2026-04-18T18:31:08.347922+00:00
475,Valspar Championship,2021,2021-05-02,13508,"Vegas, Jhonattan",T48,0.004325,0.014475,0.0253,0.05735,0.1292,0.2048,0.515775,0.007275,baseline_history_fit,2026-04-18T18:31:08.347922+00:00
475,Valspar Championship,2021,2021-05-02,19364,"Werenski, Richy",CUT,0.00425,0.0147,0.025675,0.05985,0.136125,0.2181,0.541675,0.0055,baseline_history_fit,2026-04-18T18:31:08.347922+00:00
475,Valspar Championship,2021,2021-05-02,11374,"Hahn, James",CUT,0.004125,0.015675,0.0271,0.0647,0.14515,0.22605,0.542325,0.007025,baseline_history_fit,2026-04-18T18:31:08.347922+00:00
475,Valspar Championship,2021,2021-05-02,17509,"Seiffert, Chase",CUT,0.004125,0.01485,0.027625,0.05945,0.13565,0.215675,0.53745,0.005175,baseline_history_fit,2026-04-18T18:31:08.347922+00:00
475,Valspar Championship,2021,2021-05-02,14081,"Hoag, Bo",CUT,0.004025,0.014675,0.0267,0.063725,0.1426,0.22815,0.55345,0.00535,baseline_history_fit,2026-04-18T18:31:08.347922+00:00
475,Valspar Championship,2021,2021-05-02,12920,"Willett, Danny",CUT,0.003625,0.012025,0.0221,0.05205,0.11985,0.196225,0.516275,0.0053,baseline_history_fit,2026-04-18T18:31:08.347922+00:00
475,Valspar Championship,2021,2021-05-02,8820,"Snedeker, Brandt",T11,0.00355,0.0138,0.0252,0.05805,0.1289,0.205725,0.530025,0.0054,baseline_history_fit,2026-04-18T18:31:08.347922+00:00
475,Valspar Championship,2021,2021-05-02,8469,"Armour, Ryan",CUT,0.0034,0.0113,0.0206,0.0478,0.116525,0.1899,0.499325,0.0056,baseline_history_fit,2026-04-18T18:31:08.347922+00:00
475,Valspar Championship,2021,2021-05-02,12069,"Stanley, Kyle",T39,0.0034,0.012975,0.024225,0.0556,0.1296,0.211475,0.5353,0.005375,baseline_history_fit,2026-04-18T18:31:08.347922+00:00
475,Valspar Championship,2021,2021-05-02,12359,"Stallings, Scott",T29,0.00325,0.013475,0.024575,0.0581,0.136975,0.220925,0.54355,0.004875,baseline_history_fit,2026-04-18T18:31:08.347922+00:00
475,Valspar Championship,2021,2021-05-02,16333,"Hubbard, Mark",CUT,0.003175,0.0122,0.023375,0.05445,0.12275,0.2008,0.526475,0.005225,baseline_history_fit,2026-04-18T18:31:08.347922+00:00
475,Valspar Championship,2021,2021-05-02,11826,"Lee, Danny",T21,0.003175,0.012025,0.02305,0.053375,0.122625,0.20065,0.52325,0.004875,baseline_history_fit,2026-04-18T18:31:08.347922+00:00
475,Valspar Championship,2021,2021-05-02,14050,"Sloan, Roger",CUT,0.003075,0.011275,0.021025,0.04915,0.1138,0.18835,0.5084,0.00455,baseline_history_fit,2026-04-18T18:31:08.347922+00:00
475,Valspar Championship,2021,2021-05-02,7398,"Schwartzel, Charl",T21,0.002775,0.009825,0.01925,0.0476,0.11545,0.186325,0.51085,0.00435,baseline_history_fit,2026-04-18T18:31:08.347922+00:00
475,Valspar Championship,2021,2021-05-02,5874,"Percy, Cameron",CUT,0.002575,0.0098,0.018525,0.0444,0.104775,0.174325,0.49125,0.003725,baseline_history_fit,2026-04-18T18:31:08.347922+00:00
475,Valspar Championship,2021,2021-05-02,16715,"Ryder, Sam",CUT,0.00255,0.009025,0.0171,0.042075,0.102775,0.17275,0.47855,0.005225,baseline_history_fit,2026-04-18T18:31:08.347922+00:00
475,Valspar Championship,2021,2021-05-02,6762,"Perez, Pat",T29,0.002475,0.00925,0.01765,0.04275,0.107025,0.179825,0.490775,0.00485,baseline_history_fit,2026-04-18T18:31:08.347922+00:00
475,Valspar Championship,2021,2021-05-02,15164,"Lewis, Tom",T48,0.002475,0.009025,0.017275,0.041875,0.099125,0.16465,0.47845,0.00505,baseline_history_fit,2026-04-18T18:31:08.347922+00:00
475,Valspar Championship,2021,2021-05-02,14704,"Putnam, Andrew",CUT,0.002475,0.0103,0.02005,0.048375,0.1145,0.185575,0.4951,0.005325,baseline_history_fit,2026-04-18T18:31:08.347922+00:00
475,Valspar Championship,2021,2021-05-02,18187,"Duncan, Tyler",T39,0.00245,0.0103,0.0198,0.04685,0.112775,0.1841,0.498925,0.00555,baseline_history_fit,2026-04-18T18:31:08.347922+00:00
475,Valspar Championship,2021,2021-05-02,7301,"Dufner, Jason",T57,0.002425,0.008825,0.01815,0.0427,0.103275,0.170875,0.481225,0.005075,baseline_history_fit,2026-04-18T18:31:08.347922+00:00
475,Valspar Championship,2021,2021-05-02,23604,"Clark, Wyndham",T60,0.002375,0.00905,0.016375,0.041025,0.099125,0.16445,0.48355,0.004525,baseline_history_fit,2026-04-18T18:31:08.347922+00:00
475,Valspar Championship,2021,2021-05-02,13497,"Lee, K.H.",T29,0.00235,0.0107,0.019525,0.048125,0.113925,0.186075,0.4981,0.005625,baseline_history_fit,2026-04-18T18:31:08.347922+00:00
475,Valspar Championship,2021,2021-05-02,11657,"Norlander, Henrik",T48,0.00225,0.009475,0.01825,0.04305,0.10365,0.1736,0.49665,0.004175,baseline_history_fit,2026-04-18T18:31:08.347922+00:00
475,Valspar Championship,2021,2021-05-02,13022,"Stuard, Brian",CUT,0.00225,0.00955,0.01985,0.0468,0.1136,0.1872,0.502275,0.005725,baseline_history_fit,2026-04-18T18:31:08.347922+00:00
475,Valspar Championship,2021,2021-05-02,24481,"Redman, Doc",T39,0.002075,0.0087,0.0169,0.039925,0.097325,0.166425,0.4807,0.004575,baseline_history_fit,2026-04-18T18:31:08.347922+00:00
475,Valspar Championship,2021,2021-05-02,7899,"Piercy, Scott",CUT,0.00205,0.0076,0.01455,0.037175,0.0913,0.152625,0.45765,0.005225,baseline_history_fit,2026-04-18T18:31:08.347922+00:00
475,Valspar Championship,2021,2021-05-02,23838,"Hojgaard, Rasmus",CUT,0.0019,0.0071,0.01315,0.031925,0.081725,0.140475,0.457025,0.0031,baseline_history_fit,2026-04-18T18:31:08.347922+00:00
475,Valspar Championship,2021,2021-05-02,14000,"Landry, Andrew",CUT,0.00185,0.0065,0.0128,0.030625,0.077175,0.13565,0.442325,0.004075,baseline_history_fit,2026-04-18T18:31:08.347922+00:00
475,Valspar Championship,2021,2021-05-02,18579,"Cook, Austin",CUT,0.00185,0.007,0.012375,0.0316,0.080075,0.139675,0.4432,0.0047,baseline_history_fit,2026-04-18T18:31:08.347922+00:00
475,Valspar Championship,2021,2021-05-02,14459,"An, Byeong Hun",67,0.00175,0.006675,0.01265,0.031475,0.081075,0.14035,0.439775,0.004775,baseline_history_fit,2026-04-18T18:31:08.347922+00:00
475,Valspar Championship,2021,2021-05-02,1547,"Mickelson, Phil",CUT,0.001625,0.0056,0.010925,0.02815,0.07095,0.124075,0.409425,0.0041,baseline_history_fit,2026-04-18T18:31:08.347922+00:00
475,Valspar Championship,2021,2021-05-02,19866,"Horsfield, Sam",CUT,0.001625,0.00645,0.0127,0.03365,0.08325,0.14125,0.437125,0.004775,baseline_history_fit,2026-04-18T18:31:08.347922+00:00
475,Valspar Championship,2021,2021-05-02,14698,"Bramlett, Joseph",T63,0.001575,0.0056,0.0105,0.027875,0.071625,0.126325,0.429325,0.0029,baseline_history_fit,2026-04-18T18:31:08.347922+00:00
475,Valspar Championship,2021,2021-05-02,19477,"Schenk, Adam",T18,0.00155,0.007175,0.01385,0.035775,0.0929,0.1614,0.48415,0.003175,baseline_history_fit,2026-04-18T18:31:08.347922+00:00
475,Valspar Championship,2021,2021-05-02,13367,"Merritt, Troy",T8,0.0015,0.00605,0.011675,0.030725,0.08,0.140275,0.45855,0.0035,baseline_history_fit,2026-04-18T18:31:08.347922+00:00
475,Valspar Championship,2021,2021-05-02,9171,"Villegas, Camilo",T11,0.00145,0.0057,0.01075,0.027525,0.072825,0.12665,0.426175,0.00385,baseline_history_fit,2026-04-18T18:31:08.347922+00:00
475,Valspar Championship,2021,2021-05-02,12909,"Campos, Rafael",CUT,0.001375,0.0052,0.01005,0.025425,0.06485,0.115,0.412,0.003375,baseline_history_fit,2026-04-18T18:31:08.347922+00:00
475,Valspar Championship,2021,2021-05-02,16283,"Rodgers, Patrick",CUT,0.001325,0.004675,0.008925,0.023775,0.0651,0.1161,0.41115,0.00335,baseline_history_fit,2026-04-18T18:31:08.347922+00:00
475,Valspar Championship,2021,2021-05-02,14967,"Hadley, Chesson",CUT,0.0012,0.00445,0.0098,0.0265,0.069525,0.12345,0.4301,0.00325,baseline_history_fit,2026-04-18T18:31:08.347922+00:00
475,Valspar Championship,2021,2021-05-02,21236,"Bryan, Wesley",T48,0.001175,0.0042,0.0083,0.021075,0.058425,0.10555,0.38285,0.004325,baseline_history_fit,2026-04-18T18:31:08.347922+00:00
475,Valspar Championship,2021,2021-05-02,13305,"Chappell, Kevin",-,0.001125,0.004275,0.008525,0.022875,0.0626,0.11435,0.408575,0.0026,baseline_history_fit,2026-04-18T18:31:08.347922+00:00
475,Valspar Championship,2021,2021-05-02,7548,"McDowell, Graeme",CUT,0.0011,0.004025,0.008675,0.02265,0.059775,0.10785,0.40795,0.00235,baseline_history_fit,2026-04-18T18:31:08.347922+00:00
475,Valspar Championship,2021,2021-05-02,11082,"Burgoon, Bronson",T13,0.001075,0.00475,0.009525,0.0265,0.069,0.123025,0.4361,0.002875,baseline_history_fit,2026-04-18T18:31:08.347922+00:00
475,Valspar Championship,2021,2021-05-02,17365,"Mitchell, Keith",69,0.001025,0.0046,0.008775,0.023475,0.0635,0.11225,0.40145,0.0037,baseline_history_fit,2026-04-18T18:31:08.347922+00:00
475,Valspar Championship,2021,2021-05-02,21237,"Hickok, Kramer",T57,0.001,0.00455,0.00875,0.022675,0.062275,0.112675,0.40705,0.002825,baseline_history_fit,2026-04-18T18:31:08.347922+00:00
475,Valspar Championship,2021,2021-05-02,7097,"Wilkinson, Tim",CUT,0.001,0.004125,0.008725,0.023475,0.061875,0.111425,0.39995,0.0036,baseline_history_fit,2026-04-18T18:31:08.347922+00:00
475,Valspar Championship,2021,2021-05-02,14926,"Malnati, Peter",CUT,0.00095,0.0056,0.011775,0.0297,0.077925,0.1333,0.43905,0.003325,baseline_history_fit,2026-04-18T18:31:08.347922+00:00
475,Valspar Championship,2021,2021-05-02,11357,"Uihlein, Peter",T57,0.00095,0.003875,0.0077,0.021175,0.0593,0.109025,0.410275,0.002825,baseline_history_fit,2026-04-18T18:31:08.347922+00:00
475,Valspar Championship,2021,2021-05-02,18695,"Hagy, Brandon",T60,0.000925,0.003325,0.006,0.017175,0.047175,0.08815,0.357225,0.00365,baseline_history_fit,2026-04-18T18:31:08.347922+00:00
475,Valspar Championship,2021,2021-05-02,6252,"Baddeley, Aaron",CUT,0.000925,0.0039,0.008675,0.023175,0.06385,0.11845,0.415125,0.0032,baseline_history_fit,2026-04-18T18:31:08.347922+00:00
475,Valspar Championship,2021,2021-05-02,25908,"Whaley, Vince",T29,0.0009,0.0038,0.00805,0.02205,0.059675,0.108125,0.394425,0.003575,baseline_history_fit,2026-04-18T18:31:08.347922+00:00
475,Valspar Championship,2021,2021-05-02,12846,"Herman, Jim",CUT,0.00085,0.003825,0.007025,0.0193,0.05305,0.09745,0.3774,0.00275,baseline_history_fit,2026-04-18T18:31:08.347922+00:00
475,Valspar Championship,2021,2021-05-02,6930,"Taylor, Vaughn",T6,0.00085,0.0042,0.008925,0.023325,0.06175,0.1131,0.41835,0.0027,baseline_history_fit,2026-04-18T18:31:08.347922+00:00
475,Valspar Championship,2021,2021-05-02,11382,"Lovemark, Jamie",CUT,0.000825,0.002725,0.0062,0.01705,0.049425,0.08865,0.357625,0.0029,baseline_history_fit,2026-04-18T18:31:08.347922+00:00
475,Valspar Championship,2021,2021-05-02,7457,"Cabrera Bello, Rafa",CUT,0.0008,0.0047,0.008475,0.022825,0.060525,0.11435,0.41975,0.002725,baseline_history_fit,2026-04-18T18:31:08.347922+00:00
475,Valspar Championship,2021,2021-05-02,8479,"Harrington, Scott",DQ,0.0007,0.0031,0.005975,0.015675,0.045575,0.086875,0.3708,0.002475,baseline_history_fit,2026-04-18T18:31:08.347922+00:00
475,Valspar Championship,2021,2021-05-02,1804,"Choi, K.J.",CUT,0.0006,0.00255,0.00485,0.013675,0.03915,0.07405,0.3355,0.001975,baseline_history_fit,2026-04-18T18:31:08.347922+00:00
475,Valspar Championship,2021,2021-05-02,7236,"Trahan, D.J.",CUT,0.000575,0.00225,0.00505,0.014225,0.041,0.079375,0.36405,0.001825,baseline_history_fit,2026-04-18T18:31:08.347922+00:00
475,Valspar Championship,2021,2021-05-02,21943,"Lebioda, Hank",T13,0.000575,0.002825,0.005825,0.014725,0.04425,0.0844,0.3556,0.0027,baseline_history_fit,2026-04-18T18:31:08.347922+00:00
475,Valspar Championship,2021,2021-05-02,11330,"Brown, Scott",T39,0.000575,0.003075,0.00665,0.0183,0.050775,0.091375,0.376875,0.002825,baseline_history_fit,2026-04-18T18:31:08.347922+00:00
475,Valspar Championship,2021,2021-05-02,15852,"Kraft, Kelly",CUT,0.00055,0.00225,0.004825,0.01405,0.039425,0.073,0.33125,0.0026,baseline_history_fit,2026-04-18T18:31:08.347922+00:00
475,Valspar Championship,2021,2021-05-02,10423,"Brehm, Ryan",CUT,0.000525,0.00195,0.00385,0.01,0.030375,0.059925,0.31555,0.002125,baseline_history_fit,2026-04-18T18:31:08.347922+00:00
475,Valspar Championship,2021,2021-05-02,13531,"Kodaira, Satoshi",CUT,0.000525,0.0028,0.00575,0.01665,0.047775,0.0901,0.37225,0.002225,baseline_history_fit,2026-04-18T18:31:08.347922+00:00
475,Valspar Championship,2021,2021-05-02,7340,"Hearn, David",CUT,0.0005,0.00185,0.00475,0.0151,0.044875,0.08505,0.3594,0.0025,baseline_history_fit,2026-04-18T18:31:08.347922+00:00
475,Valspar Championship,2021,2021-05-02,15651,"Ventura, Kris",CUT,0.00045,0.0022,0.004775,0.01375,0.03935,0.0754,0.33935,0.002325,baseline_history_fit,2026-04-18T18:31:08.347922+00:00
475,Valspar Championship,2021,2021-05-02,8002,"Oppenheim, Rob",CUT,0.000375,0.002375,0.00485,0.014775,0.0413,0.078575,0.34335,0.0026,baseline_history_fit,2026-04-18T18:31:08.347922+00:00
475,Valspar Championship,2021,2021-05-02,5951,"Gay, Brian",CUT,0.00035,0.00125,0.003125,0.00905,0.029275,0.058575,0.316875,0.001525,baseline_history_fit,2026-04-18T18:31:08.347922+00:00
475,Valspar Championship,2021,2021-05-02,7959,"Holmes, J.B.",68,0.000325,0.00125,0.002825,0.008225,0.0251,0.048525,0.27505,0.0018,baseline_history_fit,2026-04-18T18:31:08.347922+00:00
475,Valspar Championship,2021,2021-05-02,12321,"Aphibarnrat, Kiradech",CUT,0.000325,0.001775,0.003525,0.01065,0.031975,0.06355,0.315675,0.001425,baseline_history_fit,2026-04-18T18:31:08.347922+00:00
475,Valspar Championship,2021,2021-05-02,18635,"Shelton, Robby",CUT,0.0003,0.001825,0.00375,0.011525,0.0351,0.0676,0.321925,0.0025,baseline_history_fit,2026-04-18T18:31:08.347922+00:00
475,Valspar Championship,2021,2021-05-02,8769,"Potter Jr, Ted",T18,0.000275,0.00125,0.003175,0.00865,0.027025,0.054825,0.305775,0.0017,baseline_history_fit,2026-04-18T18:31:08.347922+00:00
475,Valspar Championship,2021,2021-05-02,13127,"Tway, Kevin",CUT,0.00025,0.00125,0.00265,0.008725,0.028075,0.057475,0.30145,0.0018,baseline_history_fit,2026-04-18T18:31:08.347922+00:00
475,Valspar Championship,2021,2021-05-02,14706,"Swafford, Hudson",CUT,0.00025,0.001425,0.0028,0.0083,0.026025,0.053475,0.2889,0.001675,baseline_history_fit,2026-04-18T18:31:08.347922+00:00
475,Valspar Championship,2021,2021-05-02,14655,"Murray, Grayson",CUT,0.00025,0.001225,0.002625,0.00685,0.0209,0.04205,0.254125,0.001325,baseline_history_fit,2026-04-18T18:31:08.347922+00:00
475,Valspar Championship,2021,2021-05-02,13026,"Zhang, Xinjun",CUT,0.00025,0.001125,0.002525,0.00865,0.028375,0.058425,0.31145,0.0018,baseline_history_fit,2026-04-18T18:31:08.347922+00:00
475,Valspar Championship,2021,2021-05-02,12477,"McGirt, William",CUT,0.000225,0.00125,0.00235,0.00835,0.0255,0.0508,0.2837,0.001825,baseline_history_fit,2026-04-18T18:31:08.347922+00:00
475,Valspar Championship,2021,2021-05-02,5994,"Stenson, Henrik",T63,0.000225,0.001875,0.0045,0.012725,0.0388,0.07325,0.333475,0.0021,baseline_history_fit,2026-04-18T18:31:08.347922+00:00
475,Valspar Championship,2021,2021-05-02,14776,"Cappelen, Sebastian",CUT,0.0002,0.000575,0.001175,0.00415,0.01435,0.0315,0.243325,0.000975,baseline_history_fit,2026-04-18T18:31:08.347922+00:00
475,Valspar Championship,2021,2021-05-02,15470,"Hossler, Beau",T39,0.000175,0.001475,0.002825,0.0082,0.02655,0.053575,0.2907,0.00215,baseline_history_fit,2026-04-18T18:31:08.347922+00:00
475,Valspar Championship,2021,2021-05-02,7626,"O'Hair, Sean",CUT,0.00015,0.0007,0.001475,0.004075,0.014475,0.03145,0.22765,0.00125,baseline_history_fit,2026-04-18T18:31:08.347922+00:00
475,Valspar Championship,2021,2021-05-02,17536,"Spaun, J.J.",CUT,0.00015,0.0007,0.001525,0.004825,0.01865,0.0402,0.270825,0.00105,baseline_history_fit,2026-04-18T18:31:08.347922+00:00
475,Valspar Championship,2021,2021-05-02,4163,"Donald, Luke",T54,0.00015,0.001225,0.002675,0.009,0.030275,0.061375,0.31985,0.0014,baseline_history_fit,2026-04-18T18:31:08.347922+00:00
475,Valspar Championship,2021,2021-05-02,7881,"Kang, Sung",CUT,0.000125,0.00035,0.00065,0.00265,0.009625,0.023,0.19825,0.001175,baseline_history_fit,2026-04-18T18:31:08.347922+00:00
475,Valspar Championship,2021,2021-05-02,13404,"Gligic, Michael",T29,0.0001,0.000575,0.00155,0.0054,0.0197,0.0424,0.273725,0.001225,baseline_history_fit,2026-04-18T18:31:08.347922+00:00
475,Valspar Championship,2021,2021-05-02,6457,"Van Pelt, Bo",T39,0.0001,0.000375,0.0008,0.0037,0.01285,0.02925,0.2199,0.0009,baseline_history_fit,2026-04-18T18:31:08.347922+00:00
475,Valspar Championship,2021,2021-05-02,8182,"Blixt, Jonas",CUT,0.0001,0.0005,0.00115,0.00335,0.010775,0.02345,0.2023,0.00125,baseline_history_fit,2026-04-18T18:31:08.347922+00:00
475,Valspar Championship,2021,2021-05-02,21997,"Koepka, Chase",T63,0.0001,0.00085,0.001925,0.006775,0.024275,0.049575,0.286925,0.00105,baseline_history_fit,2026-04-18T18:31:08.347922+00:00
475,Valspar Championship,2021,2021-05-02,17543,"Kim, Michael",CUT,5e-05,0.000175,0.0003,0.0013,0.00675,0.01505,0.1753,0.0003,baseline_history_fit,2026-04-18T18:31:08.347922+00:00
475,Valspar Championship,2021,2021-05-02,7955,"Watney, Nick",CUT,5e-05,0.000225,0.0005,0.001575,0.006625,0.014725,0.15945,0.000575,baseline_history_fit,2026-04-18T18:31:08.347922+00:00
475,Valspar Championship,2021,2021-05-02,15239,"Ledesma, Nelson",CUT,5e-05,0.00045,0.00105,0.003275,0.01165,0.02505,0.2209,0.00065,baseline_history_fit,2026-04-18T18:31:08.347922+00:00
475,Valspar Championship,2021,2021-05-02,7293,"Walker, Jimmy",T29,2.5e-05,0.00055,0.00125,0.003675,0.0127,0.0292,0.231575,0.00115,baseline_history_fit,2026-04-18T18:31:08.347922+00:00
475,Valspar Championship,2021,2021-05-02,15634,"Trainer, Martin",CUT,0.0,0.0,2.5e-05,5e-05,0.000425,0.001775,0.065875,0.00015,baseline_history_fit,2026-04-18T18:31:08.347922+00:00
475,Valspar Championship,2021,2021-05-02,8263,"Perry, Rod",CUT,0.0,0.0,0.0,5e-05,0.00015,0.00055,0.033025,0.0001,baseline_history_fit,2026-04-18T18:31:08.347922+00:00
475,Valspar Championship,2021,2021-05-02,7602,"Stadler, Kevin",CUT,0.0,5e-05,0.000125,0.0004,0.0015,0.0048,0.095,0.000275,baseline_history_fit,2026-04-18T18:31:08.347922+00:00
475,Valspar Championship,2021,2021-05-02,2035,"Chopra, Daniel",CUT,0.0,0.0,0.0,7.5e-05,0.000125,0.000725,0.036725,0.000125,baseline_history_fit,2026-04-18T18:31:08.347922+00:00
475,Valspar Championship,2021,2021-05-02,6761,"Points, D.A.",CUT,0.0,7.5e-05,0.00015,0.00055,0.0026,0.006725,0.11725,0.0003,baseline_history_fit,2026-04-18T18:31:08.347922+00:00
475,Valspar Championship,2021,2021-05-02,26211,"Augenstein, John",CUT,0.0,0.00025,0.0008,0.0027,0.009175,0.022775,0.193675,0.00105,baseline_history_fit,2026-04-18T18:31:08.347922+00:00
475,Valspar Championship,2021,2021-05-02,28261,"Hahn, Jordan",CUT,0.0,5e-05,0.0001,0.0003,0.000775,0.00255,0.077275,7.5e-05,baseline_history_fit,2026-04-18T18:31:08.347922+00:00
475,Valspar Championship,2021,2021-05-02,7636,"Mahan, Hunter",CUT,0.0,0.000125,0.00015,0.00045,0.00175,0.003925,0.09075,0.0004,baseline_history_fit,2026-04-18T18:31:08.347922+00:00
475,Valspar Championship,2021,2021-05-02,7612,"Adamonis, Brad",CUT,0.0,0.0,0.0,0.00015,0.000525,0.0019,0.065325,7.5e-05,baseline_history_fit,2026-04-18T18:31:08.347922+00:00
475,Valspar Championship,2021,2021-05-02,25408,"Visacki, Michael",CUT,0.0,0.0,0.0,2.5e-05,5e-05,0.0003,0.030475,2.5e-05,baseline_history_fit,2026-04-18T18:31:08.347922+00:00
20,Hewlett Packard Enterprise Houston Open,2021,2021-11-14,19483,"Burns, Sam",T7,0.0458,0.108975,0.160825,0.262475,0.411,0.52245,0.771125,0.023,baseline_history_fit,2026-04-18T18:31:08.571857+00:00
20,Hewlett Packard Enterprise Houston Open,2021,2021-11-14,18417,"Scheffler, Scottie",T2,0.04255,0.1025,0.151675,0.2545,0.406175,0.52275,0.7745,0.02265,baseline_history_fit,2026-04-18T18:31:08.571857+00:00
20,Hewlett Packard Enterprise Houston Open,2021,2021-11-14,17488,"Im, Sungjae",T19,0.04115,0.102225,0.15125,0.252375,0.40595,0.518225,0.768975,0.020125,baseline_history_fit,2026-04-18T18:31:08.571857+00:00
20,Hewlett Packard Enterprise Houston Open,2021,2021-11-14,15856,"Smith, Cameron",T15,0.040575,0.1012,0.151725,0.251275,0.40265,0.513575,0.763925,0.022,baseline_history_fit,2026-04-18T18:31:08.571857+00:00
20,Hewlett Packard Enterprise Houston Open,2021,2021-11-14,11676,"Finau, Tony",CUT,0.03085,0.07925,0.121875,0.211175,0.356375,0.47475,0.74535,0.020075,baseline_history_fit,2026-04-18T18:31:08.571857+00:00
20,Hewlett Packard Enterprise Houston Open,2021,2021-11-14,14796,"Hatton, Tyrrell",CUT,0.0264,0.070475,0.10815,0.18875,0.3234,0.435975,0.7183,0.015275,baseline_history_fit,2026-04-18T18:31:08.571857+00:00
20,Hewlett Packard Enterprise Houston Open,2021,2021-11-14,16243,"Koepka, Brooks",CUT,0.02515,0.06685,0.10465,0.188275,0.32255,0.432875,0.71795,0.015375,baseline_history_fit,2026-04-18T18:31:08.571857+00:00
20,Hewlett Packard Enterprise Houston Open,2021,2021-11-14,22051,"Wise, Aaron",T26,0.024625,0.066575,0.1024,0.18255,0.3166,0.429725,0.7156,0.01585,baseline_history_fit,2026-04-18T18:31:08.571857+00:00
20,Hewlett Packard Enterprise Houston Open,2021,2021-11-14,18580,"Gooch, Talor",60,0.02275,0.060625,0.0956,0.172325,0.30735,0.417425,0.701675,0.017375,baseline_history_fit,2026-04-18T18:31:08.571857+00:00
20,Hewlett Packard Enterprise Houston Open,2021,2021-11-14,18634,"McNealy, Maverick",T19,0.022125,0.061925,0.0969,0.176875,0.3063,0.4166,0.708575,0.015,baseline_history_fit,2026-04-18T18:31:08.571857+00:00
20,Hewlett Packard Enterprise Houston Open,2021,2021-11-14,18079,"Niemann, Joaquin",CUT,0.02145,0.060225,0.09465,0.1766,0.31275,0.4253,0.712575,0.017775,baseline_history_fit,2026-04-18T18:31:08.571857+00:00
20,Hewlett Packard Enterprise Houston Open,2021,2021-11-14,14578,"Henley, Russell",T7,0.0205,0.055975,0.087425,0.158875,0.2855,0.39445,0.69,0.0165,baseline_history_fit,2026-04-18T18:31:08.571857+00:00
20,Hewlett Packard Enterprise Houston Open,2021,2021-11-14,6430,"Scott, Adam",T54,0.0193,0.0513,0.081775,0.151025,0.2733,0.37595,0.67835,0.016225,baseline_history_fit,2026-04-18T18:31:08.571857+00:00
20,Hewlett Packard Enterprise Houston Open,2021,2021-11-14,14013,"Tringale, Cameron",T7,0.0173,0.052125,0.08355,0.155025,0.28705,0.39605,0.697675,0.0125,baseline_history_fit,2026-04-18T18:31:08.571857+00:00
20,Hewlett Packard Enterprise Houston Open,2021,2021-11-14,13900,"Lowry, Shane",CUT,0.017225,0.050425,0.0807,0.1501,0.2781,0.3858,0.691375,0.012025,baseline_history_fit,2026-04-18T18:31:08.571857+00:00
20,Hewlett Packard Enterprise Houston Open,2021,2021-11-14,16602,"Varner III, Harold",WD,0.016225,0.048925,0.07935,0.1468,0.27185,0.378025,0.67885,0.01335,baseline_history_fit,2026-04-18T18:31:08.571857+00:00
20,Hewlett Packard Enterprise Houston Open,2021,2021-11-14,10104,"Power, Seamus",CUT,0.01495,0.04375,0.071275,0.13785,0.25655,0.3602,0.6698,0.01205,baseline_history_fit,2026-04-18T18:31:08.571857+00:00
20,Hewlett Packard Enterprise Houston Open,2021,2021-11-14,14838,"Reed, Patrick",T61,0.0142,0.041225,0.068425,0.1327,0.250275,0.35405,0.6648,0.012975,baseline_history_fit,2026-04-18T18:31:08.571857+00:00
20,Hewlett Packard Enterprise Houston Open,2021,2021-11-14,18103,"Bezuidenhout, Christiaan",CUT,0.012625,0.0403,0.06535,0.12815,0.24235,0.346125,0.658,0.01215,baseline_history_fit,2026-04-18T18:31:08.571857+00:00
20,Hewlett Packard Enterprise Houston Open,2021,2021-11-14,12337,"Kokrak, Jason",1,0.0125,0.037075,0.061125,0.1203,0.227875,0.3272,0.641625,0.012825,baseline_history_fit,2026-04-18T18:31:08.571857+00:00
20,Hewlett Packard Enterprise Houston Open,2021,2021-11-14,13508,"Vegas, Jhonattan",T26,0.01245,0.0359,0.05935,0.11595,0.2223,0.320675,0.64185,0.009075,baseline_history_fit,2026-04-18T18:31:08.571857+00:00
20,Hewlett Packard Enterprise Houston Open,2021,2021-11-14,1435,"Poulter, Ian",CUT,0.012275,0.03825,0.0633,0.126325,0.242325,0.348325,0.665875,0.01015,baseline_history_fit,2026-04-18T18:31:08.571857+00:00
20,Hewlett Packard Enterprise Houston Open,2021,2021-11-14,5768,"Hoffman, Charley",-,0.0122,0.03565,0.06025,0.1178,0.22415,0.3235,0.644225,0.01055,baseline_history_fit,2026-04-18T18:31:08.571857+00:00
20,Hewlett Packard Enterprise Houston Open,2021,2021-11-14,17550,"Van Rooyen, Erik",T54,0.0119,0.034875,0.059525,0.1159,0.222725,0.32145,0.643075,0.0101,baseline_history_fit,2026-04-18T18:31:08.571857+00:00
20,Hewlett Packard Enterprise Houston Open,2021,2021-11-14,21944,"Moore, Taylor",CUT,0.011175,0.0349,0.06,0.11745,0.227275,0.3308,0.647525,0.011475,baseline_history_fit,2026-04-18T18:31:08.571857+00:00
20,Hewlett Packard Enterprise Houston Open,2021,2021-11-14,8825,"Harman, Brian",T54,0.01055,0.03185,0.054375,0.1102,0.21805,0.32135,0.646975,0.009525,baseline_history_fit,2026-04-18T18:31:08.571857+00:00
20,Hewlett Packard Enterprise Houston Open,2021,2021-11-14,12577,"Woodland, Gary",CUT,0.01035,0.03115,0.05275,0.1051,0.206525,0.302475,0.6249,0.0107,baseline_history_fit,2026-04-18T18:31:08.571857+00:00
20,Hewlett Packard Enterprise Houston Open,2021,2021-11-14,25919,"Wolff, Matthew",T11,0.01025,0.02975,0.05055,0.10365,0.2031,0.296025,0.616225,0.011,baseline_history_fit,2026-04-18T18:31:08.571857+00:00
20,Hewlett Packard Enterprise Houston Open,2021,2021-11-14,8480,"Streelman, Kevin",T50,0.010225,0.032025,0.05465,0.109025,0.215,0.3114,0.634925,0.01055,baseline_history_fit,2026-04-18T18:31:08.571857+00:00
20,Hewlett Packard Enterprise Houston Open,2021,2021-11-14,17538,"Homa, Max",T35,0.010075,0.03185,0.05355,0.105275,0.20235,0.29555,0.6212,0.01,baseline_history_fit,2026-04-18T18:31:08.571857+00:00
20,Hewlett Packard Enterprise Houston Open,2021,2021-11-14,19840,"Ramey, Chad",CUT,0.0097,0.032025,0.0549,0.110075,0.21765,0.3201,0.644925,0.009,baseline_history_fit,2026-04-18T18:31:08.571857+00:00
20,Hewlett Packard Enterprise Houston Open,2021,2021-11-14,14509,"Dahmen, Joel",T5,0.009625,0.03165,0.0517,0.09965,0.196075,0.289325,0.613325,0.0113,baseline_history_fit,2026-04-18T18:31:08.571857+00:00
20,Hewlett Packard Enterprise Houston Open,2021,2021-11-14,7960,"List, Luke",T11,0.009375,0.02895,0.050275,0.1029,0.20575,0.303375,0.633425,0.009225,baseline_history_fit,2026-04-18T18:31:08.571857+00:00
20,Hewlett Packard Enterprise Houston Open,2021,2021-11-14,15556,"Hughes, Mackenzie",T29,0.00935,0.0296,0.050075,0.10275,0.2042,0.299675,0.624225,0.00965,baseline_history_fit,2026-04-18T18:31:08.571857+00:00
20,Hewlett Packard Enterprise Houston Open,2021,2021-11-14,7649,"Leishman, Marc",T19,0.009275,0.030725,0.051275,0.099625,0.199875,0.29485,0.619675,0.010975,baseline_history_fit,2026-04-18T18:31:08.571857+00:00
20,Hewlett Packard Enterprise Houston Open,2021,2021-11-14,9771,"Day, Jason",T54,0.008625,0.02755,0.04865,0.097525,0.1945,0.28935,0.618325,0.008025,baseline_history_fit,2026-04-18T18:31:08.571857+00:00
20,Hewlett Packard Enterprise Houston Open,2021,2021-11-14,19455,"Pereira, Mito",T29,0.008475,0.02805,0.049,0.098775,0.19455,0.2866,0.6119,0.01015,baseline_history_fit,2026-04-18T18:31:08.571857+00:00
20,Hewlett Packard Enterprise Houston Open,2021,2021-11-14,18474,"Smalley, Alex",T15,0.008075,0.02585,0.043275,0.08525,0.172775,0.2604,0.591125,0.007875,baseline_history_fit,2026-04-18T18:31:08.571857+00:00
20,Hewlett Packard Enterprise Houston Open,2021,2021-11-14,20770,"Munoz, Sebastian",CUT,0.00805,0.02425,0.04165,0.085725,0.17455,0.2626,0.595775,0.008375,baseline_history_fit,2026-04-18T18:31:08.571857+00:00
20,Hewlett Packard Enterprise Houston Open,2021,2021-11-14,7961,"Reavie, Chez",T41,0.007925,0.024675,0.04125,0.086975,0.17755,0.269575,0.60155,0.00685,baseline_history_fit,2026-04-18T18:31:08.571857+00:00
20,Hewlett Packard Enterprise Houston Open,2021,2021-11-14,15475,"Pan, C.T.",CUT,0.00785,0.025325,0.04325,0.088125,0.179675,0.2721,0.5979,0.0093,baseline_history_fit,2026-04-18T18:31:08.571857+00:00
20,Hewlett Packard Enterprise Houston Open,2021,2021-11-14,17780,"Pendrith, Taylor",CUT,0.00765,0.022375,0.038475,0.079925,0.1674,0.257825,0.587575,0.008575,baseline_history_fit,2026-04-18T18:31:08.571857+00:00
20,Hewlett Packard Enterprise Houston Open,2021,2021-11-14,7820,"Palmer, Ryan",T26,0.007625,0.026525,0.045275,0.0927,0.185875,0.27645,0.60795,0.0093,baseline_history_fit,2026-04-18T18:31:08.571857+00:00
20,Hewlett Packard Enterprise Houston Open,2021,2021-11-14,15330,"Griffin, Lanto",T64,0.00745,0.0257,0.0432,0.08995,0.18435,0.27645,0.609125,0.0096,baseline_history_fit,2026-04-18T18:31:08.571857+00:00
20,Hewlett Packard Enterprise Houston Open,2021,2021-11-14,9586,"Laird, Martin",CUT,0.0074,0.0253,0.043175,0.0896,0.179725,0.2726,0.60345,0.00815,baseline_history_fit,2026-04-18T18:31:08.571857+00:00
20,Hewlett Packard Enterprise Houston Open,2021,2021-11-14,16394,"Jaeger, Stephan",T35,0.007125,0.0224,0.0378,0.079275,0.16215,0.246675,0.579925,0.007075,baseline_history_fit,2026-04-18T18:31:08.571857+00:00
20,Hewlett Packard Enterprise Houston Open,2021,2021-11-14,13831,"Knox, Russell",CUT,0.0069,0.022575,0.039375,0.081825,0.169425,0.259575,0.59225,0.00715,baseline_history_fit,2026-04-18T18:31:08.571857+00:00
20,Hewlett Packard Enterprise Houston Open,2021,2021-11-14,17786,"Davis, Cam",CUT,0.006875,0.02305,0.0395,0.079625,0.1664,0.252125,0.583275,0.0065,baseline_history_fit,2026-04-18T18:31:08.571857+00:00
20,Hewlett Packard Enterprise Houston Open,2021,2021-11-14,15016,"Schwab, Matthias",T35,0.006875,0.02155,0.038,0.082725,0.1705,0.2636,0.594025,0.0077,baseline_history_fit,2026-04-18T18:31:08.571857+00:00
20,Hewlett Packard Enterprise Houston Open,2021,2021-11-14,12069,"Stanley, Kyle",CUT,0.00635,0.01955,0.034375,0.07615,0.156275,0.23835,0.5697,0.007625,baseline_history_fit,2026-04-18T18:31:08.571857+00:00
20,Hewlett Packard Enterprise Houston Open,2021,2021-11-14,18554,"Rai, Aaron",T19,0.006325,0.021175,0.036325,0.0786,0.1652,0.2554,0.58995,0.0071,baseline_history_fit,2026-04-18T18:31:08.571857+00:00
20,Hewlett Packard Enterprise Houston Open,2021,2021-11-14,12359,"Stallings, Scott",T61,0.006275,0.018175,0.030825,0.065025,0.141275,0.22355,0.550325,0.0079,baseline_history_fit,2026-04-18T18:31:08.571857+00:00
20,Hewlett Packard Enterprise Houston Open,2021,2021-11-14,14140,"Higgs, Harry",T50,0.00625,0.01975,0.035975,0.075775,0.16035,0.2415,0.575425,0.006925,baseline_history_fit,2026-04-18T18:31:08.571857+00:00
20,Hewlett Packard Enterprise Houston Open,2021,2021-11-14,15575,"Hoge, Tom",T46,0.00615,0.02045,0.035075,0.076875,0.160725,0.2483,0.584225,0.007425,baseline_history_fit,2026-04-18T18:31:08.571857+00:00
20,Hewlett Packard Enterprise Houston Open,2021,2021-11-14,11952,"Grace, Branden",CUT,0.00575,0.0209,0.0356,0.077375,0.16175,0.24935,0.582925,0.008575,baseline_history_fit,2026-04-18T18:31:08.571857+00:00
20,Hewlett Packard Enterprise Houston Open,2021,2021-11-14,14606,"Huh, John",CUT,0.005725,0.019175,0.033775,0.070725,0.151025,0.23205,0.56215,0.00635,baseline_history_fit,2026-04-18T18:31:08.571857+00:00
20,Hewlett Packard Enterprise Houston Open,2021,2021-11-14,17365,"Mitchell, Keith",T41,0.0057,0.01935,0.03345,0.071325,0.15175,0.23375,0.5591,0.00855,baseline_history_fit,2026-04-18T18:31:08.571857+00:00
20,Hewlett Packard Enterprise Houston Open,2021,2021-11-14,11374,"Hahn, James",CUT,0.005575,0.01805,0.031125,0.0685,0.15055,0.233325,0.575375,0.006025,baseline_history_fit,2026-04-18T18:31:08.571857+00:00
20,Hewlett Packard Enterprise Houston Open,2021,2021-11-14,14706,"Swafford, Hudson",T35,0.0054,0.01645,0.02965,0.065925,0.1419,0.220825,0.5523,0.00655,baseline_history_fit,2026-04-18T18:31:08.571857+00:00
20,Hewlett Packard Enterprise Houston Open,2021,2021-11-14,5665,"Cink, Stewart",CUT,0.00515,0.0176,0.031775,0.069325,0.147425,0.226825,0.55455,0.008225,baseline_history_fit,2026-04-18T18:31:08.571857+00:00
20,Hewlett Packard Enterprise Houston Open,2021,2021-11-14,19477,"Schenk, Adam",T29,0.005075,0.017,0.0311,0.06485,0.14085,0.22405,0.56315,0.005375,baseline_history_fit,2026-04-18T18:31:08.571857+00:00
20,Hewlett Packard Enterprise Houston Open,2021,2021-11-14,11657,"Norlander, Henrik",67,0.004975,0.01865,0.033725,0.072875,0.153875,0.239675,0.57045,0.006825,baseline_history_fit,2026-04-18T18:31:08.571857+00:00
20,Hewlett Packard Enterprise Houston Open,2021,2021-11-14,15473,"Long, Adam",T11,0.004975,0.016075,0.029575,0.062675,0.1366,0.216825,0.553175,0.0061,baseline_history_fit,2026-04-18T18:31:08.571857+00:00
20,Hewlett Packard Enterprise Houston Open,2021,2021-11-14,4052,"Westwood, Lee",CUT,0.00495,0.016025,0.02835,0.061175,0.130675,0.20625,0.536175,0.0082,baseline_history_fit,2026-04-18T18:31:08.571857+00:00
20,Hewlett Packard Enterprise Houston Open,2021,2021-11-14,6762,"Perez, Pat",CUT,0.004875,0.0166,0.02985,0.067175,0.149625,0.235075,0.5759,0.00585,baseline_history_fit,2026-04-18T18:31:08.571857+00:00
20,Hewlett Packard Enterprise Houston Open,2021,2021-11-14,13997,"Svensson, Adam",CUT,0.00475,0.015875,0.0284,0.062625,0.1366,0.217425,0.556275,0.0062,baseline_history_fit,2026-04-18T18:31:08.571857+00:00
20,Hewlett Packard Enterprise Houston Open,2021,2021-11-14,14704,"Putnam, Andrew",T41,0.00465,0.016575,0.02995,0.06515,0.1403,0.21985,0.5593,0.00555,baseline_history_fit,2026-04-18T18:31:08.571857+00:00
20,Hewlett Packard Enterprise Houston Open,2021,2021-11-14,7899,"Piercy, Scott",T19,0.0046,0.015475,0.0273,0.0588,0.1276,0.202225,0.531925,0.006775,baseline_history_fit,2026-04-18T18:31:08.571857+00:00
20,Hewlett Packard Enterprise Houston Open,2021,2021-11-14,25908,"Whaley, Vince",T15,0.00455,0.01585,0.028875,0.063,0.135825,0.2151,0.55345,0.005975,baseline_history_fit,2026-04-18T18:31:08.571857+00:00
20,Hewlett Packard Enterprise Houston Open,2021,2021-11-14,13022,"Stuard, Brian",66,0.00455,0.0144,0.025575,0.058,0.126625,0.2041,0.538275,0.00745,baseline_history_fit,2026-04-18T18:31:08.571857+00:00
20,Hewlett Packard Enterprise Houston Open,2021,2021-11-14,23482,"Sigg, Greyson",CUT,0.004525,0.016925,0.029125,0.06255,0.137775,0.21615,0.545075,0.007775,baseline_history_fit,2026-04-18T18:31:08.571857+00:00
20,Hewlett Packard Enterprise Houston Open,2021,2021-11-14,19870,"McCarthy, Denny",T11,0.004425,0.0154,0.028475,0.064125,0.144275,0.226625,0.5646,0.00645,baseline_history_fit,2026-04-18T18:31:08.571857+00:00
20,Hewlett Packard Enterprise Houston Open,2021,2021-11-14,14050,"Sloan, Roger",CUT,0.004275,0.01575,0.027025,0.059025,0.13295,0.21135,0.54345,0.00585,baseline_history_fit,2026-04-18T18:31:08.571857+00:00
20,Hewlett Packard Enterprise Houston Open,2021,2021-11-14,12920,"Willett, Danny",CUT,0.0041,0.013525,0.026025,0.0581,0.1283,0.2029,0.5342,0.006675,baseline_history_fit,2026-04-18T18:31:08.571857+00:00
20,Hewlett Packard Enterprise Houston Open,2021,2021-11-14,12669,"Lahiri, Anirban",CUT,0.004,0.013,0.0228,0.05075,0.1161,0.18635,0.516425,0.0064,baseline_history_fit,2026-04-18T18:31:08.571857+00:00
20,Hewlett Packard Enterprise Houston Open,2021,2021-11-14,7301,"Dufner, Jason",CUT,0.003975,0.013575,0.0236,0.05405,0.1226,0.19755,0.53485,0.0057,baseline_history_fit,2026-04-18T18:31:08.571857+00:00
20,Hewlett Packard Enterprise Houston Open,2021,2021-11-14,21237,"Hickok, Kramer",4,0.0039,0.013475,0.024625,0.053825,0.1203,0.19215,0.527625,0.005375,baseline_history_fit,2026-04-18T18:31:08.571857+00:00
20,Hewlett Packard Enterprise Houston Open,2021,2021-11-14,10943,"Lashley, Nate",CUT,0.003875,0.013,0.02255,0.050675,0.1143,0.1849,0.509875,0.00685,baseline_history_fit,2026-04-18T18:31:08.571857+00:00
20,Hewlett Packard Enterprise Houston Open,2021,2021-11-14,7655,"Molinari, Francesco",WD,0.00365,0.0129,0.0233,0.049925,0.111475,0.178175,0.499675,0.00615,baseline_history_fit,2026-04-18T18:31:08.571857+00:00
20,Hewlett Packard Enterprise Houston Open,2021,2021-11-14,23014,"Theegala, Sahith",T61,0.0036,0.013575,0.024225,0.053525,0.117225,0.18815,0.5126,0.006575,baseline_history_fit,2026-04-18T18:31:08.571857+00:00
20,Hewlett Packard Enterprise Houston Open,2021,2021-11-14,17536,"Spaun, J.J.",T46,0.003525,0.012675,0.0222,0.050275,0.1137,0.1847,0.515425,0.004825,baseline_history_fit,2026-04-18T18:31:08.571857+00:00
20,Hewlett Packard Enterprise Houston Open,2021,2021-11-14,14852,"Streb, Robert",T7,0.0035,0.0115,0.02085,0.0481,0.10825,0.17715,0.500975,0.0064,baseline_history_fit,2026-04-18T18:31:08.571857+00:00
20,Hewlett Packard Enterprise Houston Open,2021,2021-11-14,11451,"Garnett, Brice",T50,0.003425,0.013775,0.025,0.056,0.127475,0.204725,0.539075,0.006775,baseline_history_fit,2026-04-18T18:31:08.571857+00:00
20,Hewlett Packard Enterprise Houston Open,2021,2021-11-14,21943,"Lebioda, Hank",T15,0.0034,0.012575,0.022925,0.051975,0.118825,0.189875,0.5239,0.0043,baseline_history_fit,2026-04-18T18:31:08.571857+00:00
20,Hewlett Packard Enterprise Houston Open,2021,2021-11-14,8820,"Snedeker, Brandt",CUT,0.0034,0.01195,0.022375,0.050075,0.114,0.1851,0.515125,0.00625,baseline_history_fit,2026-04-18T18:31:08.571857+00:00
20,Hewlett Packard Enterprise Houston Open,2021,2021-11-14,14698,"Bramlett, Joseph",CUT,0.003375,0.013575,0.0244,0.053975,0.12055,0.19275,0.521025,0.007675,baseline_history_fit,2026-04-18T18:31:08.571857+00:00
20,Hewlett Packard Enterprise Houston Open,2021,2021-11-14,11955,"Frittelli, Dylan",T19,0.00335,0.01295,0.02275,0.054625,0.121775,0.19285,0.520675,0.00615,baseline_history_fit,2026-04-18T18:31:08.571857+00:00
20,Hewlett Packard Enterprise Houston Open,2021,2021-11-14,18187,"Duncan, Tyler",T29,0.003275,0.0119,0.02185,0.051025,0.118,0.188325,0.524475,0.00515,baseline_history_fit,2026-04-18T18:31:08.571857+00:00
20,Hewlett Packard Enterprise Houston Open,2021,2021-11-14,23604,"Clark, Wyndham",T41,0.003,0.01,0.0181,0.04095,0.097625,0.1605,0.488425,0.0041,baseline_history_fit,2026-04-18T18:31:08.571857+00:00
20,Hewlett Packard Enterprise Houston Open,2021,2021-11-14,16715,"Ryder, Sam",CUT,0.002775,0.010725,0.01855,0.044425,0.105625,0.1751,0.5033,0.005875,baseline_history_fit,2026-04-18T18:31:08.571857+00:00
20,Hewlett Packard Enterprise Houston Open,2021,2021-11-14,6986,"Johnson, Zach",T54,0.002725,0.0103,0.019275,0.043725,0.1053,0.1747,0.50685,0.0052,baseline_history_fit,2026-04-18T18:31:08.571857+00:00
20,Hewlett Packard Enterprise Houston Open,2021,2021-11-14,19872,"Riley, Davis",T29,0.002725,0.0108,0.0194,0.046575,0.10655,0.17405,0.500475,0.0061,baseline_history_fit,2026-04-18T18:31:08.571857+00:00
20,Hewlett Packard Enterprise Houston Open,2021,2021-11-14,13126,"Taylor, Nick",T41,0.002625,0.0088,0.0165,0.0421,0.10015,0.16795,0.4952,0.00455,baseline_history_fit,2026-04-18T18:31:08.571857+00:00
20,Hewlett Packard Enterprise Houston Open,2021,2021-11-14,11357,"Uihlein, Peter",CUT,0.002575,0.01045,0.0189,0.04465,0.10325,0.1707,0.503425,0.005375,baseline_history_fit,2026-04-18T18:31:08.571857+00:00
20,Hewlett Packard Enterprise Houston Open,2021,2021-11-14,18695,"Hagy, Brandon",CUT,0.002525,0.0094,0.016725,0.03605,0.085775,0.141625,0.4566,0.005425,baseline_history_fit,2026-04-18T18:31:08.571857+00:00
20,Hewlett Packard Enterprise Houston Open,2021,2021-11-14,18761,"Mullinax, Trey",CUT,0.002525,0.009175,0.0169,0.039425,0.093925,0.153,0.474375,0.005725,baseline_history_fit,2026-04-18T18:31:08.571857+00:00
20,Hewlett Packard Enterprise Houston Open,2021,2021-11-14,21554,"Poston, J.T.",CUT,0.0025,0.00985,0.019,0.04295,0.102425,0.16725,0.499125,0.00465,baseline_history_fit,2026-04-18T18:31:08.571857+00:00
20,Hewlett Packard Enterprise Houston Open,2021,2021-11-14,12846,"Herman, Jim",T54,0.002475,0.0081,0.0161,0.0371,0.086825,0.146525,0.46995,0.004075,baseline_history_fit,2026-04-18T18:31:08.571857+00:00
20,Hewlett Packard Enterprise Houston Open,2021,2021-11-14,15980,"Lipsky, David",CUT,0.002475,0.009575,0.0181,0.0414,0.09655,0.159225,0.4903,0.0038,baseline_history_fit,2026-04-18T18:31:08.571857+00:00
20,Hewlett Packard Enterprise Houston Open,2021,2021-11-14,16433,"NeSmith, Matt",T46,0.002475,0.008475,0.017125,0.04095,0.097025,0.1627,0.49775,0.0039,baseline_history_fit,2026-04-18T18:31:08.571857+00:00
20,Hewlett Packard Enterprise Houston Open,2021,2021-11-14,14000,"Landry, Andrew",CUT,0.002325,0.0086,0.016225,0.0369,0.08835,0.14895,0.475325,0.004625,baseline_history_fit,2026-04-18T18:31:08.571857+00:00
20,Hewlett Packard Enterprise Houston Open,2021,2021-11-14,25157,"Hodges, Lee",T46,0.002225,0.008725,0.015525,0.038925,0.0941,0.15865,0.492275,0.00405,baseline_history_fit,2026-04-18T18:31:08.571857+00:00
20,Hewlett Packard Enterprise Houston Open,2021,2021-11-14,11082,"Burgoon, Bronson",T35,0.00205,0.0068,0.013575,0.03255,0.08055,0.138825,0.458325,0.004875,baseline_history_fit,2026-04-18T18:31:08.571857+00:00
20,Hewlett Packard Enterprise Houston Open,2021,2021-11-14,17511,"Straka, Sepp",CUT,0.001975,0.007175,0.012925,0.03275,0.0811,0.1404,0.46335,0.0053,baseline_history_fit,2026-04-18T18:31:08.571857+00:00
20,Hewlett Packard Enterprise Houston Open,2021,2021-11-14,5994,"Stenson, Henrik",CUT,0.001975,0.007125,0.013525,0.03175,0.077825,0.133875,0.458125,0.004375,baseline_history_fit,2026-04-18T18:31:08.571857+00:00
20,Hewlett Packard Enterprise Houston Open,2021,2021-11-14,9883,"Van Der Walt, Dawie",CUT,0.0019,0.007475,0.013925,0.033625,0.080975,0.14085,0.46595,0.003775,baseline_history_fit,2026-04-18T18:31:08.571857+00:00
20,Hewlett Packard Enterprise Houston Open,2021,2021-11-14,13127,"Tway, Kevin",T2,0.001825,0.007225,0.013425,0.033475,0.0849,0.143975,0.470925,0.003075,baseline_history_fit,2026-04-18T18:31:08.571857+00:00
20,Hewlett Packard Enterprise Houston Open,2021,2021-11-14,23505,"McGreevy, Max",T19,0.001775,0.006575,0.012475,0.03065,0.07655,0.135875,0.460025,0.00295,baseline_history_fit,2026-04-18T18:31:08.571857+00:00
20,Hewlett Packard Enterprise Houston Open,2021,2021-11-14,17584,"McCumber, Tyler",CUT,0.00175,0.00595,0.01175,0.02975,0.071325,0.12375,0.442825,0.00335,baseline_history_fit,2026-04-18T18:31:08.571857+00:00
20,Hewlett Packard Enterprise Houston Open,2021,2021-11-14,14926,"Malnati, Peter",CUT,0.0017,0.006525,0.012325,0.02995,0.07165,0.125225,0.442175,0.003525,baseline_history_fit,2026-04-18T18:31:08.571857+00:00
20,Hewlett Packard Enterprise Houston Open,2021,2021-11-14,14967,"Hadley, Chesson",CUT,0.001675,0.006075,0.011525,0.027975,0.071425,0.122175,0.42795,0.00435,baseline_history_fit,2026-04-18T18:31:08.571857+00:00
20,Hewlett Packard Enterprise Houston Open,2021,2021-11-14,24481,"Redman, Doc",CUT,0.001625,0.007075,0.0131,0.031275,0.078325,0.13285,0.45395,0.004925,baseline_history_fit,2026-04-18T18:31:08.571857+00:00
20,Hewlett Packard Enterprise Houston Open,2021,2021-11-14,19364,"Werenski, Richy",T50,0.001525,0.00525,0.00945,0.022975,0.061225,0.10905,0.41705,0.004,baseline_history_fit,2026-04-18T18:31:08.571857+00:00
20,Hewlett Packard Enterprise Houston Open,2021,2021-11-14,7881,"Kang, Sung",WD,0.00145,0.005,0.009675,0.0241,0.058875,0.1032,0.399975,0.0051,baseline_history_fit,2026-04-18T18:31:08.571857+00:00
20,Hewlett Packard Enterprise Houston Open,2021,2021-11-14,7548,"McDowell, Graeme",CUT,0.001425,0.006025,0.010725,0.0259,0.06445,0.11105,0.41425,0.0037,baseline_history_fit,2026-04-18T18:31:08.571857+00:00
20,Hewlett Packard Enterprise Houston Open,2021,2021-11-14,7293,"Walker, Jimmy",CUT,0.00105,0.004725,0.00945,0.023575,0.06115,0.107825,0.4127,0.003875,baseline_history_fit,2026-04-18T18:31:08.571857+00:00
20,Hewlett Packard Enterprise Houston Open,2021,2021-11-14,16566,"Barjon, Paul",CUT,0.001,0.00365,0.00715,0.019675,0.05275,0.09955,0.40405,0.0025,baseline_history_fit,2026-04-18T18:31:08.571857+00:00
20,Hewlett Packard Enterprise Houston Open,2021,2021-11-14,7900,"Haas, Bill",CUT,0.000925,0.0039,0.007575,0.021025,0.05385,0.09935,0.404525,0.002825,baseline_history_fit,2026-04-18T18:31:08.571857+00:00
20,Hewlett Packard Enterprise Houston Open,2021,2021-11-14,7955,"Watney, Nick",CUT,0.0009,0.003425,0.00655,0.017975,0.049525,0.0901,0.3902,0.00295,baseline_history_fit,2026-04-18T18:31:08.571857+00:00
20,Hewlett Packard Enterprise Houston Open,2021,2021-11-14,17068,"Daffue, MJ",T64,0.000825,0.0038,0.0071,0.0179,0.047275,0.087025,0.3773,0.002375,baseline_history_fit,2026-04-18T18:31:08.571857+00:00
20,Hewlett Packard Enterprise Houston Open,2021,2021-11-14,5951,"Gay, Brian",CUT,0.00045,0.0026,0.005175,0.01435,0.0388,0.07425,0.3562,0.0024,baseline_history_fit,2026-04-18T18:31:08.571857+00:00
20,Hewlett Packard Enterprise Houston Open,2021,2021-11-14,17381,"Silverman, Ben",CUT,0.00045,0.001725,0.003825,0.009875,0.028425,0.05665,0.305375,0.002075,baseline_history_fit,2026-04-18T18:31:08.571857+00:00
20,Hewlett Packard Enterprise Houston Open,2021,2021-11-14,15852,"Kraft, Kelly",T29,0.00045,0.001925,0.003825,0.01125,0.03205,0.063675,0.32665,0.001975,baseline_history_fit,2026-04-18T18:31:08.571857+00:00
20,Hewlett Packard Enterprise Houston Open,2021,2021-11-14,29037,"Sisk, Cameron",CUT,0.000425,0.001325,0.003025,0.0089,0.02845,0.055375,0.3135,0.001375,baseline_history_fit,2026-04-18T18:31:08.571857+00:00
20,Hewlett Packard Enterprise Houston Open,2021,2021-11-14,9604,"Stroud, Chris",T35,0.000225,0.0009,0.00195,0.0069,0.022475,0.0447,0.28975,0.0012,baseline_history_fit,2026-04-18T18:31:08.571857+00:00
20,Hewlett Packard Enterprise Houston Open,2021,2021-11-14,10081,"Bae, Sangmoon",CUT,0.000175,0.0005,0.00135,0.00455,0.015025,0.031725,0.253175,0.001125,baseline_history_fit,2026-04-18T18:31:08.571857+00:00
20,Hewlett Packard Enterprise Houston Open,2021,2021-11-14,21997,"Koepka, Chase",CUT,0.000175,0.001175,0.0023,0.00645,0.019625,0.039675,0.266025,0.001175,baseline_history_fit,2026-04-18T18:31:08.571857+00:00
20,Hewlett Packard Enterprise Houston Open,2021,2021-11-14,18185,"Cazaubon, Rodolfo",CUT,0.000125,0.000925,0.0021,0.00615,0.019125,0.03785,0.26035,0.000975,baseline_history_fit,2026-04-18T18:31:08.571857+00:00
20,Hewlett Packard Enterprise Houston Open,2021,2021-11-14,15634,"Trainer, Martin",T5,7.5e-05,0.000275,0.0006,0.00175,0.006725,0.01545,0.183625,0.0007,baseline_history_fit,2026-04-18T18:31:08.571857+00:00
20,Hewlett Packard Enterprise Houston Open,2021,2021-11-14,14012,"Stefani, Shawn",CUT,5e-05,0.00025,0.0008,0.00285,0.00935,0.02065,0.200275,0.000725,baseline_history_fit,2026-04-18T18:31:08.571857+00:00
20,Hewlett Packard Enterprise Houston Open,2021,2021-11-14,16213,"Arendell, Connor",WD,0.0,0.0002,0.00055,0.001725,0.007175,0.01715,0.183,0.0009,baseline_history_fit,2026-04-18T18:31:08.571857+00:00
20,Hewlett Packard Enterprise Houston Open,2021,2021-11-14,29036,"Mendez, Gilbert",CUT,0.0,2.5e-05,2.5e-05,5e-05,0.000175,0.0011,0.045375,0.000225,baseline_history_fit,2026-04-18T18:31:08.571857+00:00
41,Valero Texas Open,2021,2021-04-04,11676,"Finau, Tony",CUT,0.062425,0.146975,0.21095,0.3291,0.49585,0.6072,0.811025,0.029325,baseline_history_fit,2026-04-18T18:31:08.726779+00:00
41,Valero Texas Open,2021,2021-04-04,18417,"Scheffler, Scottie",T54,0.05285,0.12935,0.18545,0.297825,0.45465,0.567475,0.782375,0.02795,baseline_history_fit,2026-04-18T18:31:08.726779+00:00
41,Valero Texas Open,2021,2021-04-04,13562,"Matsuyama, Hideki",T30,0.042225,0.10595,0.159075,0.263,0.417725,0.53145,0.7685,0.022975,baseline_history_fit,2026-04-18T18:31:08.726779+00:00
41,Valero Texas Open,2021,2021-04-04,14636,"Spieth, Jordan",1,0.0344,0.0862,0.129375,0.220775,0.3665,0.476075,0.7294,0.02095,baseline_history_fit,2026-04-18T18:31:08.726779+00:00
41,Valero Texas Open,2021,2021-04-04,14013,"Tringale, Cameron",T9,0.033675,0.08995,0.1358,0.239025,0.394825,0.50995,0.7626,0.01865,baseline_history_fit,2026-04-18T18:31:08.726779+00:00
41,Valero Texas Open,2021,2021-04-04,18238,"Ancer, Abraham",T23,0.0297,0.08205,0.12645,0.21885,0.3652,0.479075,0.7316,0.02115,baseline_history_fit,2026-04-18T18:31:08.726779+00:00
41,Valero Texas Open,2021,2021-04-04,17576,"Conners, Corey",T14,0.026625,0.07015,0.110325,0.1982,0.339425,0.451775,0.718225,0.0181,baseline_history_fit,2026-04-18T18:31:08.726779+00:00
41,Valero Texas Open,2021,2021-04-04,14609,"Kim, Si Woo",T23,0.0252,0.06815,0.10645,0.18825,0.323325,0.431625,0.70585,0.01985,baseline_history_fit,2026-04-18T18:31:08.726779+00:00
41,Valero Texas Open,2021,2021-04-04,7820,"Palmer, Ryan",T17,0.025075,0.070225,0.1088,0.1915,0.3292,0.4374,0.704725,0.01855,baseline_history_fit,2026-04-18T18:31:08.726779+00:00
41,Valero Texas Open,2021,2021-04-04,5768,"Hoffman, Charley",2,0.023625,0.06715,0.1047,0.1866,0.32225,0.43105,0.708475,0.017475,baseline_history_fit,2026-04-18T18:31:08.726779+00:00
41,Valero Texas Open,2021,2021-04-04,14606,"Huh, John",T69,0.0172,0.047275,0.075175,0.142275,0.2655,0.371775,0.674375,0.01135,baseline_history_fit,2026-04-18T18:31:08.726779+00:00
41,Valero Texas Open,2021,2021-04-04,17786,"Davis, Cam",T69,0.01685,0.04875,0.078525,0.1475,0.26855,0.3703,0.6596,0.013925,baseline_history_fit,2026-04-18T18:31:08.726779+00:00
41,Valero Texas Open,2021,2021-04-04,15330,"Griffin, Lanto",T34,0.015875,0.04645,0.0753,0.1446,0.26965,0.377125,0.676125,0.01355,baseline_history_fit,2026-04-18T18:31:08.726779+00:00
41,Valero Texas Open,2021,2021-04-04,6892,"Howell III, Charles",CUT,0.015725,0.046,0.0736,0.139825,0.25705,0.3587,0.652025,0.012775,baseline_history_fit,2026-04-18T18:31:08.726779+00:00
41,Valero Texas Open,2021,2021-04-04,12423,"Kirk, Chris",T6,0.015625,0.046875,0.075775,0.146775,0.269525,0.3733,0.66075,0.0139,baseline_history_fit,2026-04-18T18:31:08.726779+00:00
41,Valero Texas Open,2021,2021-04-04,6169,"Kuchar, Matt",T12,0.014675,0.0454,0.07575,0.1468,0.2706,0.37815,0.67855,0.01275,baseline_history_fit,2026-04-18T18:31:08.726779+00:00
41,Valero Texas Open,2021,2021-04-04,20770,"Munoz, Sebastian",T9,0.014525,0.042925,0.070025,0.13595,0.25305,0.356425,0.660675,0.012775,baseline_history_fit,2026-04-18T18:31:08.726779+00:00
41,Valero Texas Open,2021,2021-04-04,11019,"Steele, Brendan",77,0.0137,0.040575,0.0679,0.130125,0.241475,0.34255,0.63615,0.01255,baseline_history_fit,2026-04-18T18:31:08.726779+00:00
41,Valero Texas Open,2021,2021-04-04,6986,"Johnson, Zach",CUT,0.012925,0.03855,0.06495,0.12805,0.243725,0.3499,0.6595,0.0099,baseline_history_fit,2026-04-18T18:31:08.726779+00:00
41,Valero Texas Open,2021,2021-04-04,19483,"Burns, Sam",CUT,0.0124,0.0369,0.0614,0.119275,0.2219,0.3186,0.62945,0.011275,baseline_history_fit,2026-04-18T18:31:08.726779+00:00
41,Valero Texas Open,2021,2021-04-04,16602,"Varner III, Harold",CUT,0.012175,0.037275,0.0625,0.123725,0.237475,0.340725,0.64725,0.0106,baseline_history_fit,2026-04-18T18:31:08.726779+00:00
41,Valero Texas Open,2021,2021-04-04,13872,"Bradley, Keegan",T23,0.011375,0.03415,0.05495,0.11125,0.2163,0.3122,0.61435,0.010475,baseline_history_fit,2026-04-18T18:31:08.726779+00:00
41,Valero Texas Open,2021,2021-04-04,15473,"Long, Adam",CUT,0.0113,0.034475,0.0576,0.11225,0.21965,0.31715,0.627875,0.01025,baseline_history_fit,2026-04-18T18:31:08.726779+00:00
41,Valero Texas Open,2021,2021-04-04,22051,"Wise, Aaron",T44,0.0112,0.0329,0.0542,0.108475,0.212025,0.310125,0.61625,0.00995,baseline_history_fit,2026-04-18T18:31:08.726779+00:00
41,Valero Texas Open,2021,2021-04-04,24550,"Ghim, Doug",T44,0.011025,0.032325,0.05375,0.107525,0.210375,0.305875,0.620975,0.0104,baseline_history_fit,2026-04-18T18:31:08.726779+00:00
41,Valero Texas Open,2021,2021-04-04,7489,"Moore, Ryan",76,0.011,0.03195,0.05505,0.109825,0.212875,0.307775,0.61155,0.009825,baseline_history_fit,2026-04-18T18:31:08.726779+00:00
41,Valero Texas Open,2021,2021-04-04,13508,"Vegas, Jhonattan",CUT,0.010875,0.033075,0.05445,0.106475,0.20735,0.30215,0.616375,0.010925,baseline_history_fit,2026-04-18T18:31:08.726779+00:00
41,Valero Texas Open,2021,2021-04-04,14704,"Putnam, Andrew",CUT,0.0107,0.031125,0.052025,0.105875,0.2095,0.307225,0.6236,0.00935,baseline_history_fit,2026-04-18T18:31:08.726779+00:00
41,Valero Texas Open,2021,2021-04-04,19870,"McCarthy, Denny",T34,0.010025,0.0314,0.05385,0.109725,0.213975,0.312775,0.6207,0.01055,baseline_history_fit,2026-04-18T18:31:08.726779+00:00
41,Valero Texas Open,2021,2021-04-04,12965,"Fowler, Rickie",T17,0.009975,0.031825,0.052925,0.1038,0.204825,0.29995,0.606425,0.0101,baseline_history_fit,2026-04-18T18:31:08.726779+00:00
41,Valero Texas Open,2021,2021-04-04,14509,"Dahmen, Joel",74,0.0099,0.029925,0.051225,0.1036,0.20355,0.297525,0.61595,0.00975,baseline_history_fit,2026-04-18T18:31:08.726779+00:00
41,Valero Texas Open,2021,2021-04-04,13126,"Taylor, Nick",T59,0.00915,0.028,0.048225,0.097775,0.1981,0.29495,0.61935,0.008875,baseline_history_fit,2026-04-18T18:31:08.726779+00:00
41,Valero Texas Open,2021,2021-04-04,7960,"List, Luke",T17,0.00905,0.029325,0.04895,0.1003,0.20155,0.296825,0.61485,0.009775,baseline_history_fit,2026-04-18T18:31:08.726779+00:00
41,Valero Texas Open,2021,2021-04-04,13965,"Hadwin, Adam",T23,0.00895,0.0295,0.051225,0.10275,0.20595,0.30435,0.62455,0.009575,baseline_history_fit,2026-04-18T18:31:08.726779+00:00
41,Valero Texas Open,2021,2021-04-04,11952,"Grace, Branden",T23,0.00875,0.02515,0.0432,0.09025,0.18705,0.280475,0.594175,0.008125,baseline_history_fit,2026-04-18T18:31:08.726779+00:00
41,Valero Texas Open,2021,2021-04-04,17511,"Straka, Sepp",T67,0.00875,0.02785,0.046875,0.096225,0.19255,0.284075,0.593525,0.009975,baseline_history_fit,2026-04-18T18:31:08.726779+00:00
41,Valero Texas Open,2021,2021-04-04,13831,"Knox, Russell",CUT,0.0087,0.0275,0.046425,0.09235,0.18825,0.2809,0.60075,0.00815,baseline_history_fit,2026-04-18T18:31:08.726779+00:00
41,Valero Texas Open,2021,2021-04-04,14459,"An, Byeong Hun",CUT,0.008025,0.025825,0.04495,0.090975,0.18045,0.268475,0.59105,0.008975,baseline_history_fit,2026-04-18T18:31:08.726779+00:00
41,Valero Texas Open,2021,2021-04-04,23542,"Champ, Cameron",T34,0.00775,0.0265,0.04555,0.0946,0.1895,0.27965,0.5999,0.008875,baseline_history_fit,2026-04-18T18:31:08.726779+00:00
41,Valero Texas Open,2021,2021-04-04,16433,"NeSmith, Matt",T34,0.007525,0.02475,0.0424,0.089025,0.182975,0.271875,0.5984,0.0087,baseline_history_fit,2026-04-18T18:31:08.726779+00:00
41,Valero Texas Open,2021,2021-04-04,12577,"Woodland, Gary",T6,0.007475,0.0261,0.04575,0.0934,0.185025,0.27485,0.5857,0.00985,baseline_history_fit,2026-04-18T18:31:08.726779+00:00
41,Valero Texas Open,2021,2021-04-04,17550,"Van Rooyen, Erik",T14,0.0072,0.024475,0.042225,0.087825,0.179925,0.272475,0.58105,0.008225,baseline_history_fit,2026-04-18T18:31:08.726779+00:00
41,Valero Texas Open,2021,2021-04-04,6762,"Perez, Pat",T67,0.00715,0.023075,0.04065,0.0849,0.17575,0.27025,0.597225,0.00675,baseline_history_fit,2026-04-18T18:31:08.726779+00:00
41,Valero Texas Open,2021,2021-04-04,20706,"Wallace, Matt",3,0.00685,0.022125,0.039475,0.08245,0.175175,0.263475,0.588275,0.008375,baseline_history_fit,2026-04-18T18:31:08.726779+00:00
41,Valero Texas Open,2021,2021-04-04,7398,"Schwartzel, Charl",T69,0.006725,0.022475,0.038425,0.08035,0.16705,0.252475,0.574325,0.007175,baseline_history_fit,2026-04-18T18:31:08.726779+00:00
41,Valero Texas Open,2021,2021-04-04,13470,"Kizzire, Patton",T9,0.00665,0.02175,0.039175,0.0832,0.1723,0.2585,0.56865,0.009325,baseline_history_fit,2026-04-18T18:31:08.726779+00:00
41,Valero Texas Open,2021,2021-04-04,9586,"Laird, Martin",T30,0.006625,0.0222,0.038175,0.080075,0.164725,0.24995,0.570475,0.0082,baseline_history_fit,2026-04-18T18:31:08.726779+00:00
41,Valero Texas Open,2021,2021-04-04,14140,"Higgs, Harry",CUT,0.0066,0.022325,0.0375,0.080425,0.169175,0.259225,0.582425,0.008,baseline_history_fit,2026-04-18T18:31:08.726779+00:00
41,Valero Texas Open,2021,2021-04-04,5874,"Percy, Cameron",DQ,0.006575,0.02185,0.03735,0.079925,0.1637,0.251225,0.56095,0.007525,baseline_history_fit,2026-04-18T18:31:08.726779+00:00
41,Valero Texas Open,2021,2021-04-04,14081,"Hoag, Bo",CUT,0.00655,0.02315,0.039125,0.084,0.17405,0.264125,0.580675,0.0079,baseline_history_fit,2026-04-18T18:31:08.726779+00:00
41,Valero Texas Open,2021,2021-04-04,16283,"Rodgers, Patrick",CUT,0.006175,0.0189,0.033725,0.0742,0.155975,0.240875,0.5584,0.007625,baseline_history_fit,2026-04-18T18:31:08.726779+00:00
41,Valero Texas Open,2021,2021-04-04,9531,"Wiesberger, Bernd",CUT,0.0061,0.019525,0.0346,0.0737,0.154825,0.242175,0.55625,0.007475,baseline_history_fit,2026-04-18T18:31:08.726779+00:00
41,Valero Texas Open,2021,2021-04-04,26660,"Gordon, Will",78,0.005925,0.01825,0.0319,0.06825,0.145125,0.22495,0.551675,0.006275,baseline_history_fit,2026-04-18T18:31:08.726779+00:00
41,Valero Texas Open,2021,2021-04-04,11826,"Lee, Danny",WD,0.005925,0.02155,0.037,0.078325,0.160575,0.243625,0.5593,0.00785,baseline_history_fit,2026-04-18T18:31:08.726779+00:00
41,Valero Texas Open,2021,2021-04-04,17509,"Seiffert, Chase",T44,0.0059,0.018675,0.034125,0.0713,0.153075,0.234825,0.556575,0.007025,baseline_history_fit,2026-04-18T18:31:08.726779+00:00
41,Valero Texas Open,2021,2021-04-04,14926,"Malnati, Peter",CUT,0.005875,0.019125,0.0334,0.07085,0.146925,0.22555,0.544225,0.008225,baseline_history_fit,2026-04-18T18:31:08.726779+00:00
41,Valero Texas Open,2021,2021-04-04,24481,"Redman, Doc",T44,0.00585,0.018175,0.031325,0.06835,0.1481,0.231375,0.54295,0.0069,baseline_history_fit,2026-04-18T18:31:08.726779+00:00
41,Valero Texas Open,2021,2021-04-04,7399,"Glover, Lucas",4,0.005825,0.020375,0.03555,0.07605,0.1627,0.2503,0.5763,0.0067,baseline_history_fit,2026-04-18T18:31:08.726779+00:00
41,Valero Texas Open,2021,2021-04-04,1547,"Mickelson, Phil",CUT,0.005775,0.017575,0.0307,0.06465,0.13755,0.2133,0.536675,0.00695,baseline_history_fit,2026-04-18T18:31:08.726779+00:00
41,Valero Texas Open,2021,2021-04-04,15575,"Hoge, Tom",T12,0.0056,0.0202,0.0353,0.0759,0.160775,0.24595,0.559125,0.00805,baseline_history_fit,2026-04-18T18:31:08.726779+00:00
41,Valero Texas Open,2021,2021-04-04,16715,"Ryder, Sam",CUT,0.00535,0.018825,0.035025,0.0739,0.1578,0.24295,0.55645,0.0073,baseline_history_fit,2026-04-18T18:31:08.726779+00:00
41,Valero Texas Open,2021,2021-04-04,12359,"Stallings, Scott",T59,0.005325,0.0197,0.035525,0.0773,0.161025,0.246975,0.562925,0.00795,baseline_history_fit,2026-04-18T18:31:08.726779+00:00
41,Valero Texas Open,2021,2021-04-04,11451,"Garnett, Brice",CUT,0.0051,0.0169,0.0308,0.0659,0.1458,0.23165,0.550825,0.0066,baseline_history_fit,2026-04-18T18:31:08.726779+00:00
41,Valero Texas Open,2021,2021-04-04,18695,"Hagy, Brandon",T17,0.005025,0.016425,0.028,0.061175,0.131875,0.2069,0.530425,0.006275,baseline_history_fit,2026-04-18T18:31:08.726779+00:00
41,Valero Texas Open,2021,2021-04-04,23482,"Sigg, Greyson",T59,0.004925,0.01675,0.029775,0.062925,0.134825,0.211075,0.523525,0.006825,baseline_history_fit,2026-04-18T18:31:08.726779+00:00
41,Valero Texas Open,2021,2021-04-04,13305,"Chappell, Kevin",CUT,0.0049,0.01695,0.030025,0.0635,0.13695,0.2142,0.524425,0.0064,baseline_history_fit,2026-04-18T18:31:08.726779+00:00
41,Valero Texas Open,2021,2021-04-04,11657,"Norlander, Henrik",CUT,0.004825,0.01695,0.03125,0.06725,0.14475,0.226775,0.5422,0.0069,baseline_history_fit,2026-04-18T18:31:08.726779+00:00
41,Valero Texas Open,2021,2021-04-04,6283,"Sabbatini, Rory",T30,0.004825,0.017475,0.031725,0.068825,0.146825,0.228175,0.552825,0.006725,baseline_history_fit,2026-04-18T18:31:08.726779+00:00
41,Valero Texas Open,2021,2021-04-04,14050,"Sloan, Roger",CUT,0.004825,0.016525,0.0294,0.06455,0.140825,0.21895,0.535575,0.00635,baseline_history_fit,2026-04-18T18:31:08.726779+00:00
41,Valero Texas Open,2021,2021-04-04,12920,"Willett, Danny",CUT,0.0048,0.016825,0.029125,0.06385,0.139275,0.2164,0.532025,0.007325,baseline_history_fit,2026-04-18T18:31:08.726779+00:00
41,Valero Texas Open,2021,2021-04-04,13497,"Lee, K.H.",T23,0.004675,0.01535,0.026025,0.058875,0.12925,0.205725,0.518425,0.0061,baseline_history_fit,2026-04-18T18:31:08.726779+00:00
41,Valero Texas Open,2021,2021-04-04,26096,"Bhatia, Akshay",CUT,0.004,0.01365,0.02415,0.052325,0.1162,0.184725,0.5067,0.004975,baseline_history_fit,2026-04-18T18:31:08.726779+00:00
41,Valero Texas Open,2021,2021-04-04,2881,"Furyk, Jim",CUT,0.0038,0.013825,0.02505,0.058325,0.129575,0.206375,0.53975,0.0058,baseline_history_fit,2026-04-18T18:31:08.726779+00:00
41,Valero Texas Open,2021,2021-04-04,19477,"Schenk, Adam",CUT,0.003725,0.0151,0.0284,0.06465,0.142775,0.22475,0.543925,0.00675,baseline_history_fit,2026-04-18T18:31:08.726779+00:00
41,Valero Texas Open,2021,2021-04-04,14967,"Hadley, Chesson",T23,0.00365,0.012175,0.022975,0.0519,0.116975,0.186125,0.510325,0.00575,baseline_history_fit,2026-04-18T18:31:08.726779+00:00
41,Valero Texas Open,2021,2021-04-04,10943,"Lashley, Nate",CUT,0.00365,0.012675,0.0226,0.05205,0.117575,0.18935,0.515825,0.005675,baseline_history_fit,2026-04-18T18:31:08.726779+00:00
41,Valero Texas Open,2021,2021-04-04,25908,"Whaley, Vince",T34,0.003575,0.01225,0.022725,0.050725,0.1156,0.1859,0.509925,0.00505,baseline_history_fit,2026-04-18T18:31:08.726779+00:00
41,Valero Texas Open,2021,2021-04-04,14698,"Bramlett, Joseph",T34,0.003475,0.01295,0.023175,0.053725,0.1189,0.18945,0.51375,0.00545,baseline_history_fit,2026-04-18T18:31:08.726779+00:00
41,Valero Texas Open,2021,2021-04-04,15164,"Lewis, Tom",T54,0.003425,0.01295,0.022275,0.0497,0.113725,0.177925,0.48195,0.00645,baseline_history_fit,2026-04-18T18:31:08.726779+00:00
41,Valero Texas Open,2021,2021-04-04,18579,"Cook, Austin",CUT,0.00325,0.010175,0.0188,0.0421,0.09995,0.16495,0.4923,0.005025,baseline_history_fit,2026-04-18T18:31:08.726779+00:00
41,Valero Texas Open,2021,2021-04-04,17365,"Mitchell, Keith",T17,0.003175,0.0111,0.021125,0.047325,0.10655,0.1751,0.496425,0.005175,baseline_history_fit,2026-04-18T18:31:08.726779+00:00
41,Valero Texas Open,2021,2021-04-04,8820,"Snedeker, Brandt",T6,0.00305,0.012025,0.021775,0.05025,0.1137,0.182725,0.496825,0.005025,baseline_history_fit,2026-04-18T18:31:08.726779+00:00
41,Valero Texas Open,2021,2021-04-04,18635,"Shelton, Robby",CUT,0.003,0.009875,0.01825,0.0432,0.102825,0.167625,0.487275,0.00515,baseline_history_fit,2026-04-18T18:31:08.726779+00:00
41,Valero Texas Open,2021,2021-04-04,13022,"Stuard, Brian",CUT,0.002975,0.0101,0.018875,0.044625,0.1052,0.173225,0.50075,0.004725,baseline_history_fit,2026-04-18T18:31:08.726779+00:00
41,Valero Texas Open,2021,2021-04-04,11082,"Burgoon, Bronson",CUT,0.00295,0.0105,0.01885,0.04195,0.098125,0.165375,0.481275,0.005725,baseline_history_fit,2026-04-18T18:31:08.726779+00:00
41,Valero Texas Open,2021,2021-04-04,18187,"Duncan, Tyler",T44,0.0029,0.010275,0.019025,0.044025,0.099975,0.167525,0.48215,0.005225,baseline_history_fit,2026-04-18T18:31:08.726779+00:00
41,Valero Texas Open,2021,2021-04-04,15651,"Ventura, Kris",75,0.002875,0.0101,0.018475,0.043,0.0974,0.1617,0.482275,0.004575,baseline_history_fit,2026-04-18T18:31:08.726779+00:00
41,Valero Texas Open,2021,2021-04-04,12069,"Stanley, Kyle",T14,0.00285,0.011,0.0206,0.046325,0.108225,0.177325,0.501925,0.004625,baseline_history_fit,2026-04-18T18:31:08.726779+00:00
41,Valero Texas Open,2021,2021-04-04,13367,"Merritt, Troy",T34,0.0027,0.009675,0.019125,0.046625,0.10915,0.1789,0.49475,0.005475,baseline_history_fit,2026-04-18T18:31:08.726779+00:00
41,Valero Texas Open,2021,2021-04-04,12669,"Lahiri, Anirban",5,0.002525,0.0099,0.0184,0.0438,0.1012,0.164975,0.4729,0.00435,baseline_history_fit,2026-04-18T18:31:08.726779+00:00
41,Valero Texas Open,2021,2021-04-04,21236,"Bryan, Wesley",CUT,0.00245,0.008525,0.01625,0.0361,0.083725,0.140675,0.43075,0.0049,baseline_history_fit,2026-04-18T18:31:08.726779+00:00
41,Valero Texas Open,2021,2021-04-04,7548,"McDowell, Graeme",T54,0.002425,0.007625,0.014025,0.033925,0.081175,0.139575,0.439625,0.004225,baseline_history_fit,2026-04-18T18:31:08.726779+00:00
41,Valero Texas Open,2021,2021-04-04,14007,"Martin, Ben",T34,0.0024,0.007875,0.0151,0.035475,0.0868,0.14615,0.455625,0.00395,baseline_history_fit,2026-04-18T18:31:08.726779+00:00
41,Valero Texas Open,2021,2021-04-04,9171,"Villegas, Camilo",T17,0.00235,0.0073,0.0139,0.033625,0.080825,0.135575,0.4454,0.00435,baseline_history_fit,2026-04-18T18:31:08.726779+00:00
41,Valero Texas Open,2021,2021-04-04,14000,"Landry, Andrew",CUT,0.002325,0.007325,0.013425,0.0321,0.0805,0.1359,0.4393,0.00505,baseline_history_fit,2026-04-18T18:31:08.726779+00:00
41,Valero Texas Open,2021,2021-04-04,5951,"Gay, Brian",CUT,0.002275,0.007,0.013725,0.033575,0.0829,0.143375,0.458825,0.0035,baseline_history_fit,2026-04-18T18:31:08.726779+00:00
41,Valero Texas Open,2021,2021-04-04,10423,"Brehm, Ryan",CUT,0.00215,0.008625,0.015925,0.037225,0.09055,0.152875,0.47015,0.0047,baseline_history_fit,2026-04-18T18:31:08.726779+00:00
41,Valero Texas Open,2021,2021-04-04,7959,"Holmes, J.B.",CUT,0.002075,0.007575,0.014725,0.03465,0.082575,0.13705,0.44215,0.0042,baseline_history_fit,2026-04-18T18:31:08.726779+00:00
41,Valero Texas Open,2021,2021-04-04,12909,"Campos, Rafael",T34,0.001975,0.0078,0.014325,0.033525,0.08045,0.13675,0.431975,0.0046,baseline_history_fit,2026-04-18T18:31:08.726779+00:00
41,Valero Texas Open,2021,2021-04-04,21943,"Lebioda, Hank",CUT,0.00195,0.007125,0.014025,0.036175,0.086975,0.147025,0.469975,0.0036,baseline_history_fit,2026-04-18T18:31:08.726779+00:00
41,Valero Texas Open,2021,2021-04-04,7301,"Dufner, Jason",CUT,0.00195,0.006525,0.0135,0.032775,0.078975,0.13785,0.431075,0.0035,baseline_history_fit,2026-04-18T18:31:08.726779+00:00
41,Valero Texas Open,2021,2021-04-04,15470,"Hossler, Beau",T69,0.00195,0.007425,0.01395,0.034325,0.08195,0.139825,0.44925,0.00445,baseline_history_fit,2026-04-18T18:31:08.726779+00:00
41,Valero Texas Open,2021,2021-04-04,7457,"Cabrera Bello, Rafa",T44,0.001775,0.00715,0.013725,0.034125,0.083025,0.1438,0.461075,0.0034,baseline_history_fit,2026-04-18T18:31:08.726779+00:00
41,Valero Texas Open,2021,2021-04-04,11117,"Noh, S.Y.",T54,0.00175,0.00695,0.01275,0.0308,0.07465,0.128325,0.43595,0.00335,baseline_history_fit,2026-04-18T18:31:08.726779+00:00
41,Valero Texas Open,2021,2021-04-04,8469,"Armour, Ryan",CUT,0.0017,0.006575,0.012675,0.030825,0.076675,0.133975,0.43615,0.0035,baseline_history_fit,2026-04-18T18:31:08.726779+00:00
41,Valero Texas Open,2021,2021-04-04,11330,"Brown, Scott",CUT,0.001625,0.006075,0.011625,0.0274,0.0719,0.122475,0.417325,0.0035,baseline_history_fit,2026-04-18T18:31:08.726779+00:00
41,Valero Texas Open,2021,2021-04-04,6930,"Taylor, Vaughn",T44,0.00155,0.0064,0.0117,0.028675,0.07205,0.12665,0.42645,0.003975,baseline_history_fit,2026-04-18T18:31:08.726779+00:00
41,Valero Texas Open,2021,2021-04-04,5716,"Harrington, Padraig",T69,0.001525,0.006075,0.0116,0.028925,0.0739,0.129075,0.4436,0.0028,baseline_history_fit,2026-04-18T18:31:08.726779+00:00
41,Valero Texas Open,2021,2021-04-04,8002,"Oppenheim, Rob",CUT,0.001475,0.00545,0.011,0.0286,0.07065,0.12235,0.433525,0.003575,baseline_history_fit,2026-04-18T18:31:08.726779+00:00
41,Valero Texas Open,2021,2021-04-04,21237,"Hickok, Kramer",CUT,0.001475,0.005675,0.01105,0.0281,0.07305,0.1271,0.424325,0.0035,baseline_history_fit,2026-04-18T18:31:08.726779+00:00
41,Valero Texas Open,2021,2021-04-04,8479,"Harrington, Scott",CUT,0.001425,0.00565,0.011475,0.027775,0.072075,0.1246,0.43525,0.0034,baseline_history_fit,2026-04-18T18:31:08.726779+00:00
41,Valero Texas Open,2021,2021-04-04,12321,"Aphibarnrat, Kiradech",CUT,0.0014,0.004475,0.008525,0.0219,0.056225,0.099825,0.38325,0.00315,baseline_history_fit,2026-04-18T18:31:08.726779+00:00
41,Valero Texas Open,2021,2021-04-04,13026,"Zhang, Xinjun",CUT,0.0013,0.005675,0.010975,0.02865,0.073475,0.130925,0.45395,0.003625,baseline_history_fit,2026-04-18T18:31:08.726779+00:00
41,Valero Texas Open,2021,2021-04-04,8769,"Potter Jr, Ted",CUT,0.001275,0.005475,0.00995,0.023125,0.059125,0.104025,0.38235,0.003425,baseline_history_fit,2026-04-18T18:31:08.726779+00:00
41,Valero Texas Open,2021,2021-04-04,4163,"Donald, Luke",CUT,0.00105,0.003575,0.007325,0.0181,0.05155,0.094,0.371925,0.0027,baseline_history_fit,2026-04-18T18:31:08.726779+00:00
41,Valero Texas Open,2021,2021-04-04,13404,"Gligic, Michael",CUT,0.0009,0.0032,0.006375,0.0167,0.046375,0.0867,0.36425,0.00245,baseline_history_fit,2026-04-18T18:31:08.726779+00:00
41,Valero Texas Open,2021,2021-04-04,7236,"Trahan, D.J.",T59,0.000875,0.0039,0.008775,0.02175,0.0611,0.106375,0.396625,0.0031,baseline_history_fit,2026-04-18T18:31:08.726779+00:00
41,Valero Texas Open,2021,2021-04-04,7340,"Hearn, David",CUT,0.000825,0.003525,0.007375,0.019225,0.05345,0.1,0.38765,0.002875,baseline_history_fit,2026-04-18T18:31:08.726779+00:00
41,Valero Texas Open,2021,2021-04-04,13531,"Kodaira, Satoshi",CUT,0.0007,0.002975,0.0056,0.0153,0.041675,0.077525,0.3423,0.00215,baseline_history_fit,2026-04-18T18:31:08.726779+00:00
41,Valero Texas Open,2021,2021-04-04,14776,"Cappelen, Sebastian",T59,0.000625,0.003075,0.006075,0.014675,0.04125,0.07865,0.34785,0.002575,baseline_history_fit,2026-04-18T18:31:08.726779+00:00
41,Valero Texas Open,2021,2021-04-04,7293,"Walker, Jimmy",T59,0.000625,0.00255,0.006075,0.01485,0.04215,0.0769,0.3368,0.0024,baseline_history_fit,2026-04-18T18:31:08.726779+00:00
41,Valero Texas Open,2021,2021-04-04,28159,"Meissner, Mac",CUT,0.0006,0.002175,0.00455,0.01225,0.0364,0.071175,0.34095,0.00165,baseline_history_fit,2026-04-18T18:31:08.726779+00:00
41,Valero Texas Open,2021,2021-04-04,15852,"Kraft, Kelly",T44,0.00055,0.002875,0.0057,0.014775,0.042025,0.080125,0.3587,0.002075,baseline_history_fit,2026-04-18T18:31:08.726779+00:00
41,Valero Texas Open,2021,2021-04-04,7626,"O'Hair, Sean",CUT,0.000425,0.001725,0.003975,0.01215,0.0344,0.06665,0.32235,0.0019,baseline_history_fit,2026-04-18T18:31:08.726779+00:00
41,Valero Texas Open,2021,2021-04-04,7881,"Kang, Sung",T59,0.000425,0.001575,0.003675,0.010575,0.02975,0.058225,0.315075,0.002125,baseline_history_fit,2026-04-18T18:31:08.726779+00:00
41,Valero Texas Open,2021,2021-04-04,17536,"Spaun, J.J.",CUT,0.000425,0.001925,0.003775,0.0119,0.03515,0.0679,0.32825,0.002025,baseline_history_fit,2026-04-18T18:31:08.726779+00:00
41,Valero Texas Open,2021,2021-04-04,1804,"Choi, K.J.",T30,0.0004,0.002025,0.004175,0.0119,0.03575,0.06815,0.337625,0.002175,baseline_history_fit,2026-04-18T18:31:08.726779+00:00
41,Valero Texas Open,2021,2021-04-04,16598,"Lee, Tain",T59,0.000375,0.0019,0.004,0.0103,0.028325,0.0549,0.287025,0.00155,baseline_history_fit,2026-04-18T18:31:08.726779+00:00
41,Valero Texas Open,2021,2021-04-04,7955,"Watney, Nick",CUT,0.000325,0.0015,0.002825,0.0094,0.0294,0.057925,0.318075,0.00185,baseline_history_fit,2026-04-18T18:31:08.726779+00:00
41,Valero Texas Open,2021,2021-04-04,13342,"Gibson, Rhein",CUT,0.000325,0.0016,0.00355,0.009075,0.02765,0.054275,0.298075,0.0018,baseline_history_fit,2026-04-18T18:31:08.726779+00:00
41,Valero Texas Open,2021,2021-04-04,5994,"Stenson, Henrik",CUT,0.000275,0.0017,0.00395,0.01085,0.0319,0.06225,0.32715,0.001375,baseline_history_fit,2026-04-18T18:31:08.726779+00:00
41,Valero Texas Open,2021,2021-04-04,17543,"Kim, Michael",CUT,0.00025,0.00095,0.002125,0.005275,0.016375,0.0344,0.2363,0.00105,baseline_history_fit,2026-04-18T18:31:08.726779+00:00
41,Valero Texas Open,2021,2021-04-04,26653,"Eckroat, Austin",CUT,0.0002,0.00125,0.00275,0.007925,0.024325,0.049775,0.283675,0.001875,baseline_history_fit,2026-04-18T18:31:08.726779+00:00
41,Valero Texas Open,2021,2021-04-04,28158,"Bennett, Sam",CUT,0.000175,0.0007,0.001325,0.00485,0.014675,0.0316,0.230125,0.0012,baseline_history_fit,2026-04-18T18:31:08.726779+00:00
41,Valero Texas Open,2021,2021-04-04,6457,"Van Pelt, Bo",T34,0.0001,0.000425,0.000875,0.003175,0.01175,0.027,0.21765,0.00085,baseline_history_fit,2026-04-18T18:31:08.726779+00:00
41,Valero Texas Open,2021,2021-04-04,6761,"Points, D.A.",CUT,2.5e-05,0.0001,0.0002,0.0012,0.0033,0.008125,0.128275,0.000375,baseline_history_fit,2026-04-18T18:31:08.726779+00:00
41,Valero Texas Open,2021,2021-04-04,3464,"Love III, Davis",CUT,0.0,0.0,5e-05,0.0005,0.001675,0.004225,0.105375,0.0003,baseline_history_fit,2026-04-18T18:31:08.726779+00:00
41,Valero Texas Open,2021,2021-04-04,7602,"Stadler, Kevin",T54,0.0,2.5e-05,2.5e-05,0.00025,0.00195,0.005,0.11205,0.000275,baseline_history_fit,2026-04-18T18:31:08.726779+00:00
41,Valero Texas Open,2021,2021-04-04,7636,"Mahan, Hunter",CUT,0.0,2.5e-05,7.5e-05,0.000775,0.0026,0.007375,0.1299,0.000325,baseline_history_fit,2026-04-18T18:31:08.726779+00:00
41,Valero Texas Open,2021,2021-04-04,19618,"Fidone, Sam",T44,0.0,0.00075,0.001675,0.004825,0.01585,0.0324,0.234875,0.001025,baseline_history_fit,2026-04-18T18:31:08.726779+00:00
41,Valero Texas Open,2021,2021-04-04,22689,"Grimes, Patrick",CUT,0.0,2.5e-05,5e-05,0.00015,0.0007,0.0023,0.08275,0.00015,baseline_history_fit,2026-04-18T18:31:08.726779+00:00
41,Valero Texas Open,2021,2021-04-04,14519,"Sainz Jr, Carlos",CUT,0.0,0.0,2.5e-05,0.000275,0.001525,0.00405,0.094775,0.0002,baseline_history_fit,2026-04-18T18:31:08.726779+00:00
41,Valero Texas Open,2021,2021-04-04,12847,"Killeen, J.J.",CUT,0.0,0.0,0.0,5e-05,0.0001,0.000525,0.031225,2.5e-05,baseline_history_fit,2026-04-18T18:31:08.726779+00:00
41,Valero Texas Open,2021,2021-04-04,15634,"Trainer, Martin",T44,0.0,7.5e-05,0.000225,0.000725,0.0031,0.007525,0.12935,0.0003,baseline_history_fit,2026-04-18T18:31:08.726779+00:00
