market,player_name,dg_id,book,odds_american,implied_prob,is_dg_model,is_sharp,event_name,last_updated
win,"Scheffler, Scottie",18417,bovada,+400,0.2,False,False,RBC Heritage,2026-04-16 01:13:04 UTC
win,"Scheffler, Scottie",18417,fanduel,+390,0.204082,False,False,RBC Heritage,2026-04-16 01:13:04 UTC
win,"Scheffler, Scottie",18417,betcris,+405,0.19802,False,True,RBC Heritage,2026-04-16 01:13:04 UTC
win,"Scheffler, Scottie",18417,caesars,+325,0.235294,False,False,RBC Heritage,2026-04-16 01:13:04 UTC
win,"Scheffler, Scottie",18417,draftkings,+380,0.208333,False,False,RBC Heritage,2026-04-16 01:13:04 UTC
win,"Scheffler, Scottie",18417,betmgm,+400,0.2,False,False,RBC Heritage,2026-04-16 01:13:04 UTC
win,"Scheffler, Scottie",18417,unibet,+360,0.217391,False,False,RBC Heritage,2026-04-16 01:13:04 UTC
win,"Scheffler, Scottie",18417,pointsbet,+425,0.190476,False,False,RBC Heritage,2026-04-16 01:13:04 UTC
win,"Scheffler, Scottie",18417,bet365,+375,0.210526,False,True,RBC Heritage,2026-04-16 01:13:04 UTC
win,"Scheffler, Scottie",18417,pinnacle,+406,0.197628,False,True,RBC Heritage,2026-04-16 01:13:04 UTC
win,"Scheffler, Scottie",18417,betonline,+450,0.181818,False,False,RBC Heritage,2026-04-16 01:13:04 UTC
win,"Scheffler, Scottie",18417,datagolf,+628,0.137363,True,False,RBC Heritage,2026-04-16 01:13:04 UTC
win,"Schauffele, Xander",19895,bovada,+1400,0.066667,False,False,RBC Heritage,2026-04-16 01:13:04 UTC
win,"Schauffele, Xander",19895,fanduel,+1600,0.058824,False,False,RBC Heritage,2026-04-16 01:13:04 UTC
win,"Schauffele, Xander",19895,betcris,+1400,0.066667,False,True,RBC Heritage,2026-04-16 01:13:04 UTC
win,"Schauffele, Xander",19895,caesars,+1200,0.076923,False,False,RBC Heritage,2026-04-16 01:13:04 UTC
win,"Schauffele, Xander",19895,draftkings,+1475,0.063492,False,False,RBC Heritage,2026-04-16 01:13:04 UTC
win,"Schauffele, Xander",19895,betmgm,+1400,0.066667,False,False,RBC Heritage,2026-04-16 01:13:04 UTC
win,"Schauffele, Xander",19895,unibet,+1200,0.076923,False,False,RBC Heritage,2026-04-16 01:13:04 UTC
win,"Schauffele, Xander",19895,pointsbet,+1700,0.055556,False,False,RBC Heritage,2026-04-16 01:13:04 UTC
win,"Schauffele, Xander",19895,bet365,+1400,0.066667,False,True,RBC Heritage,2026-04-16 01:13:04 UTC
win,"Schauffele, Xander",19895,pinnacle,+1737,0.054437,False,True,RBC Heritage,2026-04-16 01:13:04 UTC
win,"Schauffele, Xander",19895,betonline,+1600,0.058824,False,False,RBC Heritage,2026-04-16 01:13:04 UTC
win,"Schauffele, Xander",19895,datagolf,+1755,0.053908,True,False,RBC Heritage,2026-04-16 01:13:04 UTC
win,"Fitzpatrick, Matt",17646,bovada,+1600,0.058824,False,False,RBC Heritage,2026-04-16 01:13:04 UTC
win,"Fitzpatrick, Matt",17646,fanduel,+1600,0.058824,False,False,RBC Heritage,2026-04-16 01:13:04 UTC
win,"Fitzpatrick, Matt",17646,betcris,+1650,0.057143,False,True,RBC Heritage,2026-04-16 01:13:04 UTC
win,"Fitzpatrick, Matt",17646,caesars,+1600,0.058824,False,False,RBC Heritage,2026-04-16 01:13:04 UTC
win,"Fitzpatrick, Matt",17646,draftkings,+1650,0.057143,False,False,RBC Heritage,2026-04-16 01:13:04 UTC
win,"Fitzpatrick, Matt",17646,betmgm,+1600,0.058824,False,False,RBC Heritage,2026-04-16 01:13:04 UTC
win,"Fitzpatrick, Matt",17646,unibet,+1500,0.0625,False,False,RBC Heritage,2026-04-16 01:13:04 UTC
win,"Fitzpatrick, Matt",17646,pointsbet,+1700,0.055556,False,False,RBC Heritage,2026-04-16 01:13:04 UTC
win,"Fitzpatrick, Matt",17646,bet365,+1600,0.058824,False,True,RBC Heritage,2026-04-16 01:13:04 UTC
win,"Fitzpatrick, Matt",17646,pinnacle,+1684,0.056054,False,True,RBC Heritage,2026-04-16 01:13:04 UTC
win,"Fitzpatrick, Matt",17646,betonline,+1800,0.052632,False,False,RBC Heritage,2026-04-16 01:13:04 UTC
win,"Fitzpatrick, Matt",17646,datagolf,+1759,0.053792,True,False,RBC Heritage,2026-04-16 01:13:04 UTC
win,"Young, Cameron",26651,bovada,+1800,0.052632,False,False,RBC Heritage,2026-04-16 01:13:04 UTC
win,"Young, Cameron",26651,fanduel,+2000,0.047619,False,False,RBC Heritage,2026-04-16 01:13:04 UTC
win,"Young, Cameron",26651,betcris,+2000,0.047619,False,True,RBC Heritage,2026-04-16 01:13:04 UTC
win,"Young, Cameron",26651,caesars,+1200,0.076923,False,False,RBC Heritage,2026-04-16 01:13:04 UTC
win,"Young, Cameron",26651,draftkings,+1700,0.055556,False,False,RBC Heritage,2026-04-16 01:13:04 UTC
win,"Young, Cameron",26651,betmgm,+1600,0.058824,False,False,RBC Heritage,2026-04-16 01:13:04 UTC
win,"Young, Cameron",26651,unibet,+1500,0.0625,False,False,RBC Heritage,2026-04-16 01:13:04 UTC
win,"Young, Cameron",26651,pointsbet,+2000,0.047619,False,False,RBC Heritage,2026-04-16 01:13:04 UTC
win,"Young, Cameron",26651,bet365,+1600,0.058824,False,True,RBC Heritage,2026-04-16 01:13:04 UTC
win,"Young, Cameron",26651,pinnacle,+1874,0.050659,False,True,RBC Heritage,2026-04-16 01:13:04 UTC
win,"Young, Cameron",26651,betonline,+2000,0.047619,False,False,RBC Heritage,2026-04-16 01:13:04 UTC
win,"Young, Cameron",26651,datagolf,+1816,0.052192,True,False,RBC Heritage,2026-04-16 01:13:04 UTC
win,"Henley, Russell",14578,bovada,+1800,0.052632,False,False,RBC Heritage,2026-04-16 01:13:04 UTC
win,"Henley, Russell",14578,fanduel,+1600,0.058824,False,False,RBC Heritage,2026-04-16 01:13:04 UTC
win,"Henley, Russell",14578,betcris,+1250,0.074074,False,True,RBC Heritage,2026-04-16 01:13:04 UTC
win,"Henley, Russell",14578,caesars,+1750,0.054054,False,False,RBC Heritage,2026-04-16 01:13:04 UTC
win,"Henley, Russell",14578,draftkings,+1750,0.054054,False,False,RBC Heritage,2026-04-16 01:13:04 UTC
win,"Henley, Russell",14578,betmgm,+1600,0.058824,False,False,RBC Heritage,2026-04-16 01:13:04 UTC
win,"Henley, Russell",14578,unibet,+1500,0.0625,False,False,RBC Heritage,2026-04-16 01:13:04 UTC
win,"Henley, Russell",14578,pointsbet,+1700,0.055556,False,False,RBC Heritage,2026-04-16 01:13:04 UTC
win,"Henley, Russell",14578,bet365,+1400,0.066667,False,True,RBC Heritage,2026-04-16 01:13:04 UTC
win,"Henley, Russell",14578,pinnacle,+1675,0.056338,False,True,RBC Heritage,2026-04-16 01:13:04 UTC
win,"Henley, Russell",14578,betonline,+1600,0.058824,False,False,RBC Heritage,2026-04-16 01:13:04 UTC
win,"Henley, Russell",14578,datagolf,+1911,0.049727,True,False,RBC Heritage,2026-04-16 01:13:04 UTC
win,"Fleetwood, Tommy",12294,bovada,+2200,0.043478,False,False,RBC Heritage,2026-04-16 01:13:04 UTC
win,"Fleetwood, Tommy",12294,fanduel,+2000,0.047619,False,False,RBC Heritage,2026-04-16 01:13:04 UTC
win,"Fleetwood, Tommy",12294,betcris,+2050,0.046512,False,True,RBC Heritage,2026-04-16 01:13:04 UTC
win,"Fleetwood, Tommy",12294,caesars,+2000,0.047619,False,False,RBC Heritage,2026-04-16 01:13:04 UTC
win,"Fleetwood, Tommy",12294,draftkings,+1850,0.051282,False,False,RBC Heritage,2026-04-16 01:13:04 UTC
win,"Fleetwood, Tommy",12294,betmgm,+2000,0.047619,False,False,RBC Heritage,2026-04-16 01:13:04 UTC
win,"Fleetwood, Tommy",12294,unibet,+2000,0.047619,False,False,RBC Heritage,2026-04-16 01:13:04 UTC
win,"Fleetwood, Tommy",12294,pointsbet,+2000,0.047619,False,False,RBC Heritage,2026-04-16 01:13:04 UTC
win,"Fleetwood, Tommy",12294,bet365,+2000,0.047619,False,True,RBC Heritage,2026-04-16 01:13:04 UTC
win,"Fleetwood, Tommy",12294,pinnacle,+2485,0.038685,False,True,RBC Heritage,2026-04-16 01:13:04 UTC
win,"Fleetwood, Tommy",12294,betonline,+2200,0.043478,False,False,RBC Heritage,2026-04-16 01:13:04 UTC
win,"Fleetwood, Tommy",12294,datagolf,+2520,0.038168,True,False,RBC Heritage,2026-04-16 01:13:04 UTC
win,"Morikawa, Collin",22085,bovada,+2500,0.038462,False,False,RBC Heritage,2026-04-16 01:13:04 UTC
win,"Morikawa, Collin",22085,fanduel,+2500,0.038462,False,False,RBC Heritage,2026-04-16 01:13:04 UTC
win,"Morikawa, Collin",22085,betcris,+2250,0.042553,False,True,RBC Heritage,2026-04-16 01:13:04 UTC
win,"Morikawa, Collin",22085,caesars,+2400,0.04,False,False,RBC Heritage,2026-04-16 01:13:04 UTC
win,"Morikawa, Collin",22085,draftkings,+2300,0.041667,False,False,RBC Heritage,2026-04-16 01:13:04 UTC
win,"Morikawa, Collin",22085,betmgm,+2200,0.043478,False,False,RBC Heritage,2026-04-16 01:13:04 UTC
win,"Morikawa, Collin",22085,unibet,+2500,0.038462,False,False,RBC Heritage,2026-04-16 01:13:04 UTC
win,"Morikawa, Collin",22085,pointsbet,+2500,0.038462,False,False,RBC Heritage,2026-04-16 01:13:04 UTC
win,"Morikawa, Collin",22085,bet365,+2500,0.038462,False,True,RBC Heritage,2026-04-16 01:13:04 UTC
win,"Morikawa, Collin",22085,pinnacle,+3031,0.031939,False,True,RBC Heritage,2026-04-16 01:13:04 UTC
win,"Morikawa, Collin",22085,betonline,+2800,0.034483,False,False,RBC Heritage,2026-04-16 01:13:04 UTC
win,"Morikawa, Collin",22085,datagolf,+2714,0.035537,True,False,RBC Heritage,2026-04-16 01:13:04 UTC
win,"Kim, Si Woo",14609,bovada,+3000,0.032258,False,False,RBC Heritage,2026-04-16 01:13:04 UTC
win,"Kim, Si Woo",14609,fanduel,+3000,0.032258,False,False,RBC Heritage,2026-04-16 01:13:04 UTC
win,"Kim, Si Woo",14609,betcris,+2850,0.033898,False,True,RBC Heritage,2026-04-16 01:13:04 UTC
win,"Kim, Si Woo",14609,caesars,+2700,0.035714,False,False,RBC Heritage,2026-04-16 01:13:04 UTC
win,"Kim, Si Woo",14609,draftkings,+2900,0.033333,False,False,RBC Heritage,2026-04-16 01:13:04 UTC
win,"Kim, Si Woo",14609,betmgm,+3300,0.029412,False,False,RBC Heritage,2026-04-16 01:13:04 UTC
win,"Kim, Si Woo",14609,unibet,+2800,0.034483,False,False,RBC Heritage,2026-04-16 01:13:04 UTC
win,"Kim, Si Woo",14609,pointsbet,+2800,0.034483,False,False,RBC Heritage,2026-04-16 01:13:04 UTC
win,"Kim, Si Woo",14609,bet365,+2800,0.034483,False,True,RBC Heritage,2026-04-16 01:13:04 UTC
win,"Kim, Si Woo",14609,pinnacle,+3358,0.028918,False,True,RBC Heritage,2026-04-16 01:13:04 UTC
win,"Kim, Si Woo",14609,betonline,+2800,0.034483,False,False,RBC Heritage,2026-04-16 01:13:04 UTC
win,"Kim, Si Woo",14609,datagolf,+3080,0.031447,True,False,RBC Heritage,2026-04-16 01:13:04 UTC
win,"Aberg, Ludvig",23950,bovada,+2500,0.038462,False,False,RBC Heritage,2026-04-16 01:13:04 UTC
win,"Aberg, Ludvig",23950,fanduel,+2200,0.043478,False,False,RBC Heritage,2026-04-16 01:13:04 UTC
win,"Aberg, Ludvig",23950,betcris,+1950,0.04878,False,True,RBC Heritage,2026-04-16 01:13:04 UTC
win,"Aberg, Ludvig",23950,caesars,+2000,0.047619,False,False,RBC Heritage,2026-04-16 01:13:04 UTC
win,"Aberg, Ludvig",23950,draftkings,+2050,0.046512,False,False,RBC Heritage,2026-04-16 01:13:04 UTC
win,"Aberg, Ludvig",23950,betmgm,+2200,0.043478,False,False,RBC Heritage,2026-04-16 01:13:04 UTC
win,"Aberg, Ludvig",23950,unibet,+2200,0.043478,False,False,RBC Heritage,2026-04-16 01:13:04 UTC
win,"Aberg, Ludvig",23950,pointsbet,+2200,0.043478,False,False,RBC Heritage,2026-04-16 01:13:04 UTC
win,"Aberg, Ludvig",23950,bet365,+2200,0.043478,False,True,RBC Heritage,2026-04-16 01:13:04 UTC
win,"Aberg, Ludvig",23950,pinnacle,+1880,0.050505,False,True,RBC Heritage,2026-04-16 01:13:04 UTC
win,"Aberg, Ludvig",23950,betonline,+2200,0.043478,False,False,RBC Heritage,2026-04-16 01:13:04 UTC
win,"Aberg, Ludvig",23950,datagolf,+3180,0.030488,True,False,RBC Heritage,2026-04-16 01:13:04 UTC
win,"Cantlay, Patrick",15466,bovada,+2200,0.043478,False,False,RBC Heritage,2026-04-16 01:13:04 UTC
win,"Cantlay, Patrick",15466,fanduel,+2500,0.038462,False,False,RBC Heritage,2026-04-16 01:13:04 UTC
win,"Cantlay, Patrick",15466,betcris,+2050,0.046512,False,True,RBC Heritage,2026-04-16 01:13:04 UTC
win,"Cantlay, Patrick",15466,caesars,+2200,0.043478,False,False,RBC Heritage,2026-04-16 01:13:04 UTC
win,"Cantlay, Patrick",15466,draftkings,+2450,0.039216,False,False,RBC Heritage,2026-04-16 01:13:04 UTC
win,"Cantlay, Patrick",15466,betmgm,+2200,0.043478,False,False,RBC Heritage,2026-04-16 01:13:04 UTC
win,"Cantlay, Patrick",15466,unibet,+2000,0.047619,False,False,RBC Heritage,2026-04-16 01:13:04 UTC
win,"Cantlay, Patrick",15466,pointsbet,+2500,0.038462,False,False,RBC Heritage,2026-04-16 01:13:04 UTC
win,"Cantlay, Patrick",15466,bet365,+2000,0.047619,False,True,RBC Heritage,2026-04-16 01:13:04 UTC
win,"Cantlay, Patrick",15466,pinnacle,+2516,0.038226,False,True,RBC Heritage,2026-04-16 01:13:04 UTC
win,"Cantlay, Patrick",15466,betonline,+2800,0.034483,False,False,RBC Heritage,2026-04-16 01:13:04 UTC
win,"Cantlay, Patrick",15466,datagolf,+3710,0.026247,True,False,RBC Heritage,2026-04-16 01:13:04 UTC
win,"MacIntyre, Robert",23323,bovada,+3500,0.027778,False,False,RBC Heritage,2026-04-16 01:13:04 UTC
win,"MacIntyre, Robert",23323,fanduel,+3500,0.027778,False,False,RBC Heritage,2026-04-16 01:13:04 UTC
win,"MacIntyre, Robert",23323,betcris,+3550,0.027397,False,True,RBC Heritage,2026-04-16 01:13:04 UTC
win,"MacIntyre, Robert",23323,caesars,+3500,0.027778,False,False,RBC Heritage,2026-04-16 01:13:04 UTC
win,"MacIntyre, Robert",23323,draftkings,+3100,0.03125,False,False,RBC Heritage,2026-04-16 01:13:04 UTC
win,"MacIntyre, Robert",23323,betmgm,+4000,0.02439,False,False,RBC Heritage,2026-04-16 01:13:04 UTC
win,"MacIntyre, Robert",23323,unibet,+3300,0.029412,False,False,RBC Heritage,2026-04-16 01:13:04 UTC
win,"MacIntyre, Robert",23323,pointsbet,+3500,0.027778,False,False,RBC Heritage,2026-04-16 01:13:04 UTC
win,"MacIntyre, Robert",23323,bet365,+3500,0.027778,False,True,RBC Heritage,2026-04-16 01:13:04 UTC
win,"MacIntyre, Robert",23323,pinnacle,+3841,0.025374,False,True,RBC Heritage,2026-04-16 01:13:04 UTC
win,"MacIntyre, Robert",23323,betonline,+4000,0.02439,False,False,RBC Heritage,2026-04-16 01:13:04 UTC
win,"MacIntyre, Robert",23323,datagolf,+3971,0.024564,True,False,RBC Heritage,2026-04-16 01:13:04 UTC
win,"McNealy, Maverick",18634,bovada,+3500,0.027778,False,False,RBC Heritage,2026-04-16 01:13:04 UTC
win,"McNealy, Maverick",18634,fanduel,+3300,0.029412,False,False,RBC Heritage,2026-04-16 01:13:04 UTC
win,"McNealy, Maverick",18634,betcris,+3850,0.025316,False,True,RBC Heritage,2026-04-16 01:13:04 UTC
win,"McNealy, Maverick",18634,caesars,+3500,0.027778,False,False,RBC Heritage,2026-04-16 01:13:04 UTC
win,"McNealy, Maverick",18634,draftkings,+3700,0.026316,False,False,RBC Heritage,2026-04-16 01:13:04 UTC
win,"McNealy, Maverick",18634,betmgm,+3300,0.029412,False,False,RBC Heritage,2026-04-16 01:13:04 UTC
win,"McNealy, Maverick",18634,unibet,+2800,0.034483,False,False,RBC Heritage,2026-04-16 01:13:04 UTC
win,"McNealy, Maverick",18634,pointsbet,+3000,0.032258,False,False,RBC Heritage,2026-04-16 01:13:04 UTC
win,"McNealy, Maverick",18634,bet365,+3000,0.032258,False,True,RBC Heritage,2026-04-16 01:13:04 UTC
win,"McNealy, Maverick",18634,pinnacle,+3522,0.027609,False,True,RBC Heritage,2026-04-16 01:13:04 UTC
win,"McNealy, Maverick",18634,betonline,+4000,0.02439,False,False,RBC Heritage,2026-04-16 01:13:04 UTC
win,"McNealy, Maverick",18634,datagolf,+4388,0.022282,True,False,RBC Heritage,2026-04-16 01:13:04 UTC
win,"Knapp, Jake",19396,bovada,+4000,0.02439,False,False,RBC Heritage,2026-04-16 01:13:04 UTC
win,"Knapp, Jake",19396,fanduel,+4000,0.02439,False,False,RBC Heritage,2026-04-16 01:13:04 UTC
win,"Knapp, Jake",19396,betcris,+3850,0.025316,False,True,RBC Heritage,2026-04-16 01:13:04 UTC
win,"Knapp, Jake",19396,caesars,+3300,0.029412,False,False,RBC Heritage,2026-04-16 01:13:04 UTC
win,"Knapp, Jake",19396,draftkings,+3800,0.025641,False,False,RBC Heritage,2026-04-16 01:13:04 UTC
win,"Knapp, Jake",19396,betmgm,+3300,0.029412,False,False,RBC Heritage,2026-04-16 01:13:04 UTC
win,"Knapp, Jake",19396,unibet,+3300,0.029412,False,False,RBC Heritage,2026-04-16 01:13:04 UTC
win,"Knapp, Jake",19396,pointsbet,+4000,0.02439,False,False,RBC Heritage,2026-04-16 01:13:04 UTC
win,"Knapp, Jake",19396,bet365,+4000,0.02439,False,True,RBC Heritage,2026-04-16 01:13:04 UTC
win,"Knapp, Jake",19396,pinnacle,+3204,0.030266,False,True,RBC Heritage,2026-04-16 01:13:04 UTC
win,"Knapp, Jake",19396,betonline,+4000,0.02439,False,False,RBC Heritage,2026-04-16 01:13:04 UTC
win,"Knapp, Jake",19396,datagolf,+4826,0.0203,True,False,RBC Heritage,2026-04-16 01:13:04 UTC
win,"Bridgeman, Jacob",29433,bovada,+5000,0.019608,False,False,RBC Heritage,2026-04-16 01:13:04 UTC
win,"Bridgeman, Jacob",29433,fanduel,+4500,0.021739,False,False,RBC Heritage,2026-04-16 01:13:04 UTC
win,"Bridgeman, Jacob",29433,betcris,+5250,0.018692,False,True,RBC Heritage,2026-04-16 01:13:04 UTC
win,"Bridgeman, Jacob",29433,caesars,+4000,0.02439,False,False,RBC Heritage,2026-04-16 01:13:04 UTC
win,"Bridgeman, Jacob",29433,draftkings,+4400,0.022222,False,False,RBC Heritage,2026-04-16 01:13:04 UTC
win,"Bridgeman, Jacob",29433,betmgm,+4500,0.021739,False,False,RBC Heritage,2026-04-16 01:13:04 UTC
win,"Bridgeman, Jacob",29433,unibet,+4500,0.021739,False,False,RBC Heritage,2026-04-16 01:13:04 UTC
win,"Bridgeman, Jacob",29433,pointsbet,+5000,0.019608,False,False,RBC Heritage,2026-04-16 01:13:04 UTC
win,"Bridgeman, Jacob",29433,bet365,+4500,0.021739,False,True,RBC Heritage,2026-04-16 01:13:04 UTC
win,"Bridgeman, Jacob",29433,pinnacle,+5483,0.017912,False,True,RBC Heritage,2026-04-16 01:13:04 UTC
win,"Bridgeman, Jacob",29433,betonline,+4000,0.02439,False,False,RBC Heritage,2026-04-16 01:13:04 UTC
win,"Bridgeman, Jacob",29433,datagolf,+5497,0.017867,True,False,RBC Heritage,2026-04-16 01:13:04 UTC
win,"Hovland, Viktor",18841,bovada,+4000,0.02439,False,False,RBC Heritage,2026-04-16 01:13:04 UTC
win,"Hovland, Viktor",18841,fanduel,+4000,0.02439,False,False,RBC Heritage,2026-04-16 01:13:04 UTC
win,"Hovland, Viktor",18841,betcris,+4200,0.023256,False,True,RBC Heritage,2026-04-16 01:13:04 UTC
win,"Hovland, Viktor",18841,caesars,+2800,0.034483,False,False,RBC Heritage,2026-04-16 01:13:04 UTC
win,"Hovland, Viktor",18841,draftkings,+3400,0.028571,False,False,RBC Heritage,2026-04-16 01:13:04 UTC
win,"Hovland, Viktor",18841,betmgm,+3300,0.029412,False,False,RBC Heritage,2026-04-16 01:13:04 UTC
win,"Hovland, Viktor",18841,unibet,+3300,0.029412,False,False,RBC Heritage,2026-04-16 01:13:04 UTC
win,"Hovland, Viktor",18841,pointsbet,+4000,0.02439,False,False,RBC Heritage,2026-04-16 01:13:04 UTC
win,"Hovland, Viktor",18841,bet365,+3500,0.027778,False,True,RBC Heritage,2026-04-16 01:13:04 UTC
win,"Hovland, Viktor",18841,pinnacle,+3520,0.027624,False,True,RBC Heritage,2026-04-16 01:13:04 UTC
win,"Hovland, Viktor",18841,betonline,+4500,0.021739,False,False,RBC Heritage,2026-04-16 01:13:04 UTC
win,"Hovland, Viktor",18841,datagolf,+5731,0.01715,True,False,RBC Heritage,2026-04-16 01:13:04 UTC
win,"Burns, Sam",19483,bovada,+4000,0.02439,False,False,RBC Heritage,2026-04-16 01:13:04 UTC
win,"Burns, Sam",19483,fanduel,+3500,0.027778,False,False,RBC Heritage,2026-04-16 01:13:04 UTC
win,"Burns, Sam",19483,betcris,+3550,0.027397,False,True,RBC Heritage,2026-04-16 01:13:04 UTC
win,"Burns, Sam",19483,caesars,+3500,0.027778,False,False,RBC Heritage,2026-04-16 01:13:04 UTC
win,"Burns, Sam",19483,draftkings,+3400,0.028571,False,False,RBC Heritage,2026-04-16 01:13:04 UTC
win,"Burns, Sam",19483,betmgm,+3300,0.029412,False,False,RBC Heritage,2026-04-16 01:13:04 UTC
win,"Burns, Sam",19483,unibet,+3300,0.029412,False,False,RBC Heritage,2026-04-16 01:13:04 UTC
win,"Burns, Sam",19483,pointsbet,+3500,0.027778,False,False,RBC Heritage,2026-04-16 01:13:04 UTC
win,"Burns, Sam",19483,bet365,+3500,0.027778,False,True,RBC Heritage,2026-04-16 01:13:04 UTC
win,"Burns, Sam",19483,pinnacle,+4771,0.02053,False,True,RBC Heritage,2026-04-16 01:13:04 UTC
win,"Burns, Sam",19483,betonline,+4000,0.02439,False,False,RBC Heritage,2026-04-16 01:13:04 UTC
win,"Burns, Sam",19483,datagolf,+5823,0.016883,True,False,RBC Heritage,2026-04-16 01:13:04 UTC
win,"Lee, Min Woo",16841,bovada,+5500,0.017857,False,False,RBC Heritage,2026-04-16 01:13:04 UTC
win,"Lee, Min Woo",16841,fanduel,+5000,0.019608,False,False,RBC Heritage,2026-04-16 01:13:04 UTC
win,"Lee, Min Woo",16841,betcris,+5250,0.018692,False,True,RBC Heritage,2026-04-16 01:13:04 UTC
win,"Lee, Min Woo",16841,caesars,+5000,0.019608,False,False,RBC Heritage,2026-04-16 01:13:04 UTC
win,"Lee, Min Woo",16841,draftkings,+5100,0.019231,False,False,RBC Heritage,2026-04-16 01:13:04 UTC
win,"Lee, Min Woo",16841,betmgm,+5500,0.017857,False,False,RBC Heritage,2026-04-16 01:13:04 UTC
win,"Lee, Min Woo",16841,unibet,+6000,0.016393,False,False,RBC Heritage,2026-04-16 01:13:04 UTC
win,"Lee, Min Woo",16841,pointsbet,+5000,0.019608,False,False,RBC Heritage,2026-04-16 01:13:04 UTC
win,"Lee, Min Woo",16841,bet365,+5500,0.017857,False,True,RBC Heritage,2026-04-16 01:13:04 UTC
win,"Lee, Min Woo",16841,pinnacle,+5936,0.016567,False,True,RBC Heritage,2026-04-16 01:13:04 UTC
win,"Lee, Min Woo",16841,betonline,+5500,0.017857,False,False,RBC Heritage,2026-04-16 01:13:04 UTC
win,"Lee, Min Woo",16841,datagolf,+5841,0.016832,True,False,RBC Heritage,2026-04-16 01:13:04 UTC
win,"Noren, Alex",10419,bovada,+7000,0.014085,False,False,RBC Heritage,2026-04-16 01:13:04 UTC
win,"Noren, Alex",10419,fanduel,+5500,0.017857,False,False,RBC Heritage,2026-04-16 01:13:04 UTC
win,"Noren, Alex",10419,betcris,+6550,0.015038,False,True,RBC Heritage,2026-04-16 01:13:04 UTC
win,"Noren, Alex",10419,caesars,+4500,0.021739,False,False,RBC Heritage,2026-04-16 01:13:04 UTC
win,"Noren, Alex",10419,draftkings,+6200,0.015873,False,False,RBC Heritage,2026-04-16 01:13:04 UTC
win,"Noren, Alex",10419,betmgm,+6600,0.014925,False,False,RBC Heritage,2026-04-16 01:13:04 UTC
win,"Noren, Alex",10419,unibet,+6000,0.016393,False,False,RBC Heritage,2026-04-16 01:13:04 UTC
win,"Noren, Alex",10419,pointsbet,+5000,0.019608,False,False,RBC Heritage,2026-04-16 01:13:04 UTC
win,"Noren, Alex",10419,bet365,+5500,0.017857,False,True,RBC Heritage,2026-04-16 01:13:04 UTC
win,"Noren, Alex",10419,pinnacle,+7467,0.013215,False,True,RBC Heritage,2026-04-16 01:13:04 UTC
win,"Noren, Alex",10419,betonline,+7000,0.014085,False,False,RBC Heritage,2026-04-16 01:13:04 UTC
win,"Noren, Alex",10419,datagolf,+6479,0.0152,True,False,RBC Heritage,2026-04-16 01:13:04 UTC
win,"Spieth, Jordan",14636,bovada,+2200,0.043478,False,False,RBC Heritage,2026-04-16 01:13:04 UTC
win,"Spieth, Jordan",14636,fanduel,+3000,0.032258,False,False,RBC Heritage,2026-04-16 01:13:04 UTC
win,"Spieth, Jordan",14636,betcris,+3250,0.029851,False,True,RBC Heritage,2026-04-16 01:13:04 UTC
win,"Spieth, Jordan",14636,caesars,+2500,0.038462,False,False,RBC Heritage,2026-04-16 01:13:04 UTC
win,"Spieth, Jordan",14636,draftkings,+2900,0.033333,False,False,RBC Heritage,2026-04-16 01:13:04 UTC
win,"Spieth, Jordan",14636,betmgm,+2800,0.034483,False,False,RBC Heritage,2026-04-16 01:13:04 UTC
win,"Spieth, Jordan",14636,unibet,+2500,0.038462,False,False,RBC Heritage,2026-04-16 01:13:04 UTC
win,"Spieth, Jordan",14636,pointsbet,+2800,0.034483,False,False,RBC Heritage,2026-04-16 01:13:04 UTC
win,"Spieth, Jordan",14636,bet365,+2000,0.047619,False,True,RBC Heritage,2026-04-16 01:13:04 UTC
win,"Spieth, Jordan",14636,pinnacle,+2920,0.033113,False,True,RBC Heritage,2026-04-16 01:13:04 UTC
win,"Spieth, Jordan",14636,betonline,+3000,0.032258,False,False,RBC Heritage,2026-04-16 01:13:04 UTC
win,"Spieth, Jordan",14636,datagolf,+6545,0.015049,True,False,RBC Heritage,2026-04-16 01:13:04 UTC
win,"Spaun, J.J.",17536,bovada,+6000,0.016393,False,False,RBC Heritage,2026-04-16 01:13:04 UTC
win,"Spaun, J.J.",17536,fanduel,+5500,0.017857,False,False,RBC Heritage,2026-04-16 01:13:04 UTC
win,"Spaun, J.J.",17536,betcris,+7050,0.013986,False,True,RBC Heritage,2026-04-16 01:13:04 UTC
win,"Spaun, J.J.",17536,caesars,+5500,0.017857,False,False,RBC Heritage,2026-04-16 01:13:04 UTC
win,"Spaun, J.J.",17536,draftkings,+5300,0.018519,False,False,RBC Heritage,2026-04-16 01:13:04 UTC
win,"Spaun, J.J.",17536,betmgm,+6000,0.016393,False,False,RBC Heritage,2026-04-16 01:13:04 UTC
win,"Spaun, J.J.",17536,unibet,+5000,0.019608,False,False,RBC Heritage,2026-04-16 01:13:04 UTC
win,"Spaun, J.J.",17536,pointsbet,+5000,0.019608,False,False,RBC Heritage,2026-04-16 01:13:04 UTC
win,"Spaun, J.J.",17536,bet365,+5000,0.019608,False,True,RBC Heritage,2026-04-16 01:13:04 UTC
win,"Spaun, J.J.",17536,pinnacle,+7277,0.013556,False,True,RBC Heritage,2026-04-16 01:13:04 UTC
win,"Spaun, J.J.",17536,betonline,+7500,0.013158,False,False,RBC Heritage,2026-04-16 01:13:04 UTC
win,"Spaun, J.J.",17536,datagolf,+6820,0.014451,True,False,RBC Heritage,2026-04-16 01:13:04 UTC
win,"English, Harris",14577,bovada,+6000,0.016393,False,False,RBC Heritage,2026-04-16 01:13:04 UTC
win,"English, Harris",14577,fanduel,+7000,0.014085,False,False,RBC Heritage,2026-04-16 01:13:04 UTC
win,"English, Harris",14577,betcris,+8050,0.01227,False,True,RBC Heritage,2026-04-16 01:13:04 UTC
win,"English, Harris",14577,caesars,+7000,0.014085,False,False,RBC Heritage,2026-04-16 01:13:04 UTC
win,"English, Harris",14577,draftkings,+6000,0.016393,False,False,RBC Heritage,2026-04-16 01:13:04 UTC
win,"English, Harris",14577,betmgm,+7000,0.014085,False,False,RBC Heritage,2026-04-16 01:13:04 UTC
win,"English, Harris",14577,unibet,+6000,0.016393,False,False,RBC Heritage,2026-04-16 01:13:04 UTC
win,"English, Harris",14577,pointsbet,+7000,0.014085,False,False,RBC Heritage,2026-04-16 01:13:04 UTC
win,"English, Harris",14577,bet365,+6000,0.016393,False,True,RBC Heritage,2026-04-16 01:13:04 UTC
win,"English, Harris",14577,pinnacle,+7921,0.012467,False,True,RBC Heritage,2026-04-16 01:13:04 UTC
win,"English, Harris",14577,betonline,+7000,0.014085,False,False,RBC Heritage,2026-04-16 01:13:04 UTC
win,"English, Harris",14577,datagolf,+7438,0.013266,True,False,RBC Heritage,2026-04-16 01:13:04 UTC
win,"Day, Jason",9771,bovada,+6000,0.016393,False,False,RBC Heritage,2026-04-16 01:13:04 UTC
win,"Day, Jason",9771,fanduel,+6000,0.016393,False,False,RBC Heritage,2026-04-16 01:13:04 UTC
win,"Day, Jason",9771,betcris,+6850,0.014388,False,True,RBC Heritage,2026-04-16 01:13:04 UTC
win,"Day, Jason",9771,caesars,+6000,0.016393,False,False,RBC Heritage,2026-04-16 01:13:04 UTC
win,"Day, Jason",9771,draftkings,+5100,0.019231,False,False,RBC Heritage,2026-04-16 01:13:04 UTC
win,"Day, Jason",9771,betmgm,+5000,0.019608,False,False,RBC Heritage,2026-04-16 01:13:04 UTC
win,"Day, Jason",9771,unibet,+5000,0.019608,False,False,RBC Heritage,2026-04-16 01:13:04 UTC
win,"Day, Jason",9771,pointsbet,+6000,0.016393,False,False,RBC Heritage,2026-04-16 01:13:04 UTC
win,"Day, Jason",9771,bet365,+5500,0.017857,False,True,RBC Heritage,2026-04-16 01:13:04 UTC
win,"Day, Jason",9771,pinnacle,+7757,0.012728,False,True,RBC Heritage,2026-04-16 01:13:04 UTC
win,"Day, Jason",9771,betonline,+7500,0.013158,False,False,RBC Heritage,2026-04-16 01:13:04 UTC
win,"Day, Jason",9771,datagolf,+7573,0.013033,True,False,RBC Heritage,2026-04-16 01:13:04 UTC
win,"Gerard, Ryan",29767,bovada,+8000,0.012346,False,False,RBC Heritage,2026-04-16 01:13:04 UTC
win,"Gerard, Ryan",29767,fanduel,+6500,0.015152,False,False,RBC Heritage,2026-04-16 01:13:04 UTC
win,"Gerard, Ryan",29767,betcris,+9050,0.010929,False,True,RBC Heritage,2026-04-16 01:13:04 UTC
win,"Gerard, Ryan",29767,caesars,+6500,0.015152,False,False,RBC Heritage,2026-04-16 01:13:04 UTC
win,"Gerard, Ryan",29767,draftkings,+7400,0.013333,False,False,RBC Heritage,2026-04-16 01:13:04 UTC
win,"Gerard, Ryan",29767,betmgm,+7000,0.014085,False,False,RBC Heritage,2026-04-16 01:13:04 UTC
win,"Gerard, Ryan",29767,unibet,+6600,0.014925,False,False,RBC Heritage,2026-04-16 01:13:04 UTC
win,"Gerard, Ryan",29767,pointsbet,+6600,0.014925,False,False,RBC Heritage,2026-04-16 01:13:04 UTC
win,"Gerard, Ryan",29767,bet365,+7000,0.014085,False,True,RBC Heritage,2026-04-16 01:13:04 UTC
win,"Gerard, Ryan",29767,pinnacle,+8981,0.011012,False,True,RBC Heritage,2026-04-16 01:13:04 UTC
win,"Gerard, Ryan",29767,betonline,+8500,0.011628,False,False,RBC Heritage,2026-04-16 01:13:04 UTC
win,"Gerard, Ryan",29767,datagolf,+8119,0.012167,True,False,RBC Heritage,2026-04-16 01:13:04 UTC
win,"Griffin, Ben",24968,bovada,+6500,0.015152,False,False,RBC Heritage,2026-04-16 01:13:04 UTC
win,"Griffin, Ben",24968,fanduel,+6500,0.015152,False,False,RBC Heritage,2026-04-16 01:13:04 UTC
win,"Griffin, Ben",24968,betcris,+8550,0.011561,False,True,RBC Heritage,2026-04-16 01:13:04 UTC
win,"Griffin, Ben",24968,caesars,+6500,0.015152,False,False,RBC Heritage,2026-04-16 01:13:04 UTC
win,"Griffin, Ben",24968,draftkings,+5400,0.018182,False,False,RBC Heritage,2026-04-16 01:13:04 UTC
win,"Griffin, Ben",24968,betmgm,+5500,0.017857,False,False,RBC Heritage,2026-04-16 01:13:04 UTC
win,"Griffin, Ben",24968,unibet,+5500,0.017857,False,False,RBC Heritage,2026-04-16 01:13:04 UTC
win,"Griffin, Ben",24968,pointsbet,+6600,0.014925,False,False,RBC Heritage,2026-04-16 01:13:04 UTC
win,"Griffin, Ben",24968,bet365,+5500,0.017857,False,True,RBC Heritage,2026-04-16 01:13:04 UTC
win,"Griffin, Ben",24968,pinnacle,+8948,0.011052,False,True,RBC Heritage,2026-04-16 01:13:04 UTC
win,"Griffin, Ben",24968,betonline,+9000,0.010989,False,False,RBC Heritage,2026-04-16 01:13:04 UTC
win,"Griffin, Ben",24968,datagolf,+8339,0.01185,True,False,RBC Heritage,2026-04-16 01:13:04 UTC
win,"Straka, Sepp",17511,bovada,+4500,0.021739,False,False,RBC Heritage,2026-04-16 01:13:04 UTC
win,"Straka, Sepp",17511,fanduel,+4000,0.02439,False,False,RBC Heritage,2026-04-16 01:13:04 UTC
win,"Straka, Sepp",17511,betcris,+4500,0.021739,False,True,RBC Heritage,2026-04-16 01:13:04 UTC
win,"Straka, Sepp",17511,caesars,+4000,0.02439,False,False,RBC Heritage,2026-04-16 01:13:04 UTC
win,"Straka, Sepp",17511,draftkings,+4400,0.022222,False,False,RBC Heritage,2026-04-16 01:13:04 UTC
win,"Straka, Sepp",17511,betmgm,+5000,0.019608,False,False,RBC Heritage,2026-04-16 01:13:04 UTC
win,"Straka, Sepp",17511,unibet,+3300,0.029412,False,False,RBC Heritage,2026-04-16 01:13:04 UTC
win,"Straka, Sepp",17511,pointsbet,+4000,0.02439,False,False,RBC Heritage,2026-04-16 01:13:04 UTC
win,"Straka, Sepp",17511,bet365,+3500,0.027778,False,True,RBC Heritage,2026-04-16 01:13:04 UTC
win,"Straka, Sepp",17511,pinnacle,+4427,0.02209,False,True,RBC Heritage,2026-04-16 01:13:04 UTC
win,"Straka, Sepp",17511,betonline,+5500,0.017857,False,False,RBC Heritage,2026-04-16 01:13:04 UTC
win,"Straka, Sepp",17511,datagolf,+8496,0.011633,True,False,RBC Heritage,2026-04-16 01:13:04 UTC
win,"Thomas, Justin",14139,bovada,+4500,0.021739,False,False,RBC Heritage,2026-04-16 01:13:04 UTC
win,"Thomas, Justin",14139,fanduel,+5000,0.019608,False,False,RBC Heritage,2026-04-16 01:13:04 UTC
win,"Thomas, Justin",14139,betcris,+5500,0.017857,False,True,RBC Heritage,2026-04-16 01:13:04 UTC
win,"Thomas, Justin",14139,caesars,+5500,0.017857,False,False,RBC Heritage,2026-04-16 01:13:04 UTC
win,"Thomas, Justin",14139,draftkings,+4300,0.022727,False,False,RBC Heritage,2026-04-16 01:13:04 UTC
win,"Thomas, Justin",14139,betmgm,+4000,0.02439,False,False,RBC Heritage,2026-04-16 01:13:04 UTC
win,"Thomas, Justin",14139,unibet,+4000,0.02439,False,False,RBC Heritage,2026-04-16 01:13:04 UTC
win,"Thomas, Justin",14139,pointsbet,+5000,0.019608,False,False,RBC Heritage,2026-04-16 01:13:04 UTC
win,"Thomas, Justin",14139,bet365,+4000,0.02439,False,True,RBC Heritage,2026-04-16 01:13:04 UTC
win,"Thomas, Justin",14139,pinnacle,+6216,0.015833,False,True,RBC Heritage,2026-04-16 01:13:04 UTC
win,"Thomas, Justin",14139,betonline,+5000,0.019608,False,False,RBC Heritage,2026-04-16 01:13:04 UTC
win,"Thomas, Justin",14139,datagolf,+8698,0.011366,True,False,RBC Heritage,2026-04-16 01:13:04 UTC
win,"Bhatia, Akshay",26096,bovada,+5500,0.017857,False,False,RBC Heritage,2026-04-16 01:13:04 UTC
win,"Bhatia, Akshay",26096,fanduel,+5500,0.017857,False,False,RBC Heritage,2026-04-16 01:13:04 UTC
win,"Bhatia, Akshay",26096,betcris,+6000,0.016393,False,True,RBC Heritage,2026-04-16 01:13:04 UTC
win,"Bhatia, Akshay",26096,caesars,+5500,0.017857,False,False,RBC Heritage,2026-04-16 01:13:04 UTC
win,"Bhatia, Akshay",26096,draftkings,+5900,0.016667,False,False,RBC Heritage,2026-04-16 01:13:04 UTC
win,"Bhatia, Akshay",26096,betmgm,+5500,0.017857,False,False,RBC Heritage,2026-04-16 01:13:04 UTC
win,"Bhatia, Akshay",26096,unibet,+5500,0.017857,False,False,RBC Heritage,2026-04-16 01:13:04 UTC
win,"Bhatia, Akshay",26096,pointsbet,+5000,0.019608,False,False,RBC Heritage,2026-04-16 01:13:04 UTC
win,"Bhatia, Akshay",26096,bet365,+5500,0.017857,False,True,RBC Heritage,2026-04-16 01:13:04 UTC
win,"Bhatia, Akshay",26096,pinnacle,+4327,0.022589,False,True,RBC Heritage,2026-04-16 01:13:04 UTC
win,"Bhatia, Akshay",26096,betonline,+5500,0.017857,False,False,RBC Heritage,2026-04-16 01:13:04 UTC
win,"Bhatia, Akshay",26096,datagolf,+9117,0.01085,True,False,RBC Heritage,2026-04-16 01:13:04 UTC
win,"Stevens, Sam",25569,bovada,+9000,0.010989,False,False,RBC Heritage,2026-04-16 01:13:04 UTC
win,"Stevens, Sam",25569,fanduel,+10000,0.009901,False,False,RBC Heritage,2026-04-16 01:13:04 UTC
win,"Stevens, Sam",25569,betcris,+10082,0.009821,False,True,RBC Heritage,2026-04-16 01:13:04 UTC
win,"Stevens, Sam",25569,caesars,+8000,0.012346,False,False,RBC Heritage,2026-04-16 01:13:04 UTC
win,"Stevens, Sam",25569,draftkings,+7800,0.012658,False,False,RBC Heritage,2026-04-16 01:13:04 UTC
win,"Stevens, Sam",25569,betmgm,+9000,0.010989,False,False,RBC Heritage,2026-04-16 01:13:04 UTC
win,"Stevens, Sam",25569,unibet,+7500,0.013158,False,False,RBC Heritage,2026-04-16 01:13:04 UTC
win,"Stevens, Sam",25569,pointsbet,+9000,0.010989,False,False,RBC Heritage,2026-04-16 01:13:04 UTC
win,"Stevens, Sam",25569,bet365,+9000,0.010989,False,True,RBC Heritage,2026-04-16 01:13:04 UTC
win,"Stevens, Sam",25569,pinnacle,+10951,0.009049,False,True,RBC Heritage,2026-04-16 01:13:04 UTC
win,"Stevens, Sam",25569,betonline,+9000,0.010989,False,False,RBC Heritage,2026-04-16 01:13:04 UTC
win,"Stevens, Sam",25569,datagolf,+9304,0.010634,True,False,RBC Heritage,2026-04-16 01:13:04 UTC
win,"Gotterup, Chris",27774,bovada,+5500,0.017857,False,False,RBC Heritage,2026-04-16 01:13:04 UTC
win,"Gotterup, Chris",27774,fanduel,+6000,0.016393,False,False,RBC Heritage,2026-04-16 01:13:04 UTC
win,"Gotterup, Chris",27774,betcris,+8050,0.01227,False,True,RBC Heritage,2026-04-16 01:13:04 UTC
win,"Gotterup, Chris",27774,caesars,+5000,0.019608,False,False,RBC Heritage,2026-04-16 01:13:04 UTC
win,"Gotterup, Chris",27774,draftkings,+5200,0.018868,False,False,RBC Heritage,2026-04-16 01:13:04 UTC
win,"Gotterup, Chris",27774,betmgm,+4500,0.021739,False,False,RBC Heritage,2026-04-16 01:13:04 UTC
win,"Gotterup, Chris",27774,unibet,+4500,0.021739,False,False,RBC Heritage,2026-04-16 01:13:04 UTC
win,"Gotterup, Chris",27774,pointsbet,+6000,0.016393,False,False,RBC Heritage,2026-04-16 01:13:04 UTC
win,"Gotterup, Chris",27774,bet365,+4500,0.021739,False,True,RBC Heritage,2026-04-16 01:13:04 UTC
win,"Gotterup, Chris",27774,pinnacle,+6712,0.01468,False,True,RBC Heritage,2026-04-16 01:13:04 UTC
win,"Gotterup, Chris",27774,betonline,+8000,0.012346,False,False,RBC Heritage,2026-04-16 01:13:04 UTC
win,"Gotterup, Chris",27774,datagolf,+9531,0.010383,True,False,RBC Heritage,2026-04-16 01:13:04 UTC
win,"Lowry, Shane",13900,bovada,+5500,0.017857,False,False,RBC Heritage,2026-04-16 01:13:04 UTC
win,"Lowry, Shane",13900,fanduel,+5500,0.017857,False,False,RBC Heritage,2026-04-16 01:13:04 UTC
win,"Lowry, Shane",13900,betcris,+6850,0.014388,False,True,RBC Heritage,2026-04-16 01:13:04 UTC
win,"Lowry, Shane",13900,caesars,+5500,0.017857,False,False,RBC Heritage,2026-04-16 01:13:04 UTC
win,"Lowry, Shane",13900,draftkings,+5300,0.018519,False,False,RBC Heritage,2026-04-16 01:13:04 UTC
win,"Lowry, Shane",13900,betmgm,+4500,0.021739,False,False,RBC Heritage,2026-04-16 01:13:04 UTC
win,"Lowry, Shane",13900,unibet,+5000,0.019608,False,False,RBC Heritage,2026-04-16 01:13:04 UTC
win,"Lowry, Shane",13900,pointsbet,+5000,0.019608,False,False,RBC Heritage,2026-04-16 01:13:04 UTC
win,"Lowry, Shane",13900,bet365,+5000,0.019608,False,True,RBC Heritage,2026-04-16 01:13:04 UTC
win,"Lowry, Shane",13900,pinnacle,+7789,0.012676,False,True,RBC Heritage,2026-04-16 01:13:04 UTC
win,"Lowry, Shane",13900,betonline,+8000,0.012346,False,False,RBC Heritage,2026-04-16 01:13:04 UTC
win,"Lowry, Shane",13900,datagolf,+10156,0.00975,True,False,RBC Heritage,2026-04-16 01:13:04 UTC
win,"Hisatsune, Ryo",22760,bovada,+5500,0.017857,False,False,RBC Heritage,2026-04-16 01:13:04 UTC
win,"Hisatsune, Ryo",22760,fanduel,+6000,0.016393,False,False,RBC Heritage,2026-04-16 01:13:04 UTC
win,"Hisatsune, Ryo",22760,betcris,+7050,0.013986,False,True,RBC Heritage,2026-04-16 01:13:04 UTC
win,"Hisatsune, Ryo",22760,caesars,+6000,0.016393,False,False,RBC Heritage,2026-04-16 01:13:04 UTC
win,"Hisatsune, Ryo",22760,draftkings,+8600,0.011494,False,False,RBC Heritage,2026-04-16 01:13:04 UTC
win,"Hisatsune, Ryo",22760,betmgm,+6000,0.016393,False,False,RBC Heritage,2026-04-16 01:13:04 UTC
win,"Hisatsune, Ryo",22760,unibet,+5500,0.017857,False,False,RBC Heritage,2026-04-16 01:13:04 UTC
win,"Hisatsune, Ryo",22760,pointsbet,+6000,0.016393,False,False,RBC Heritage,2026-04-16 01:13:04 UTC
win,"Hisatsune, Ryo",22760,bet365,+5500,0.017857,False,True,RBC Heritage,2026-04-16 01:13:04 UTC
win,"Hisatsune, Ryo",22760,pinnacle,+5872,0.016745,False,True,RBC Heritage,2026-04-16 01:13:04 UTC
win,"Hisatsune, Ryo",22760,betonline,+8000,0.012346,False,False,RBC Heritage,2026-04-16 01:13:04 UTC
win,"Hisatsune, Ryo",22760,datagolf,+10711,0.00925,True,False,RBC Heritage,2026-04-16 01:13:04 UTC
win,"Hojgaard, Nicolai",23602,bovada,+8000,0.012346,False,False,RBC Heritage,2026-04-16 01:13:04 UTC
win,"Hojgaard, Nicolai",23602,fanduel,+8000,0.012346,False,False,RBC Heritage,2026-04-16 01:13:04 UTC
win,"Hojgaard, Nicolai",23602,betcris,+7050,0.013986,False,True,RBC Heritage,2026-04-16 01:13:04 UTC
win,"Hojgaard, Nicolai",23602,caesars,+7500,0.013158,False,False,RBC Heritage,2026-04-16 01:13:04 UTC
win,"Hojgaard, Nicolai",23602,draftkings,+8600,0.011494,False,False,RBC Heritage,2026-04-16 01:13:04 UTC
win,"Hojgaard, Nicolai",23602,betmgm,+8000,0.012346,False,False,RBC Heritage,2026-04-16 01:13:04 UTC
win,"Hojgaard, Nicolai",23602,unibet,+7500,0.013158,False,False,RBC Heritage,2026-04-16 01:13:04 UTC
win,"Hojgaard, Nicolai",23602,pointsbet,+8000,0.012346,False,False,RBC Heritage,2026-04-16 01:13:04 UTC
win,"Hojgaard, Nicolai",23602,bet365,+8000,0.012346,False,True,RBC Heritage,2026-04-16 01:13:04 UTC
win,"Hojgaard, Nicolai",23602,pinnacle,+10295,0.00962,False,True,RBC Heritage,2026-04-16 01:13:04 UTC
win,"Hojgaard, Nicolai",23602,betonline,+9000,0.010989,False,False,RBC Heritage,2026-04-16 01:13:04 UTC
win,"Hojgaard, Nicolai",23602,datagolf,+11505,0.008617,True,False,RBC Heritage,2026-04-16 01:13:04 UTC
win,"Fowler, Rickie",12965,bovada,+8000,0.012346,False,False,RBC Heritage,2026-04-16 01:13:04 UTC
win,"Fowler, Rickie",12965,fanduel,+10000,0.009901,False,False,RBC Heritage,2026-04-16 01:13:04 UTC
win,"Fowler, Rickie",12965,betcris,+8439,0.011711,False,True,RBC Heritage,2026-04-16 01:13:04 UTC
win,"Fowler, Rickie",12965,caesars,+10000,0.009901,False,False,RBC Heritage,2026-04-16 01:13:04 UTC
win,"Fowler, Rickie",12965,draftkings,+6300,0.015625,False,False,RBC Heritage,2026-04-16 01:13:04 UTC
win,"Fowler, Rickie",12965,betmgm,+8000,0.012346,False,False,RBC Heritage,2026-04-16 01:13:04 UTC
win,"Fowler, Rickie",12965,unibet,+6600,0.014925,False,False,RBC Heritage,2026-04-16 01:13:04 UTC
win,"Fowler, Rickie",12965,pointsbet,+9000,0.010989,False,False,RBC Heritage,2026-04-16 01:13:04 UTC
win,"Fowler, Rickie",12965,bet365,+6600,0.014925,False,True,RBC Heritage,2026-04-16 01:13:04 UTC
win,"Fowler, Rickie",12965,pinnacle,+9940,0.00996,False,True,RBC Heritage,2026-04-16 01:13:04 UTC
win,"Fowler, Rickie",12965,betonline,+10000,0.009901,False,False,RBC Heritage,2026-04-16 01:13:04 UTC
win,"Fowler, Rickie",12965,datagolf,+11711,0.008467,True,False,RBC Heritage,2026-04-16 01:13:04 UTC
win,"Bradley, Keegan",13872,bovada,+10000,0.009901,False,False,RBC Heritage,2026-04-16 01:13:04 UTC
win,"Bradley, Keegan",13872,fanduel,+10000,0.009901,False,False,RBC Heritage,2026-04-16 01:13:04 UTC
win,"Bradley, Keegan",13872,betcris,+9370,0.01056,False,True,RBC Heritage,2026-04-16 01:13:04 UTC
win,"Bradley, Keegan",13872,caesars,+10000,0.009901,False,False,RBC Heritage,2026-04-16 01:13:04 UTC
win,"Bradley, Keegan",13872,draftkings,+8800,0.011236,False,False,RBC Heritage,2026-04-16 01:13:04 UTC
win,"Bradley, Keegan",13872,betmgm,+9000,0.010989,False,False,RBC Heritage,2026-04-16 01:13:04 UTC
win,"Bradley, Keegan",13872,unibet,+9000,0.010989,False,False,RBC Heritage,2026-04-16 01:13:04 UTC
win,"Bradley, Keegan",13872,pointsbet,+10000,0.009901,False,False,RBC Heritage,2026-04-16 01:13:04 UTC
win,"Bradley, Keegan",13872,bet365,+9000,0.010989,False,True,RBC Heritage,2026-04-16 01:13:04 UTC
win,"Bradley, Keegan",13872,pinnacle,+10547,0.009392,False,True,RBC Heritage,2026-04-16 01:13:04 UTC
win,"Bradley, Keegan",13872,betonline,+11500,0.008621,False,False,RBC Heritage,2026-04-16 01:13:04 UTC
win,"Bradley, Keegan",13872,datagolf,+12220,0.008117,True,False,RBC Heritage,2026-04-16 01:13:04 UTC
win,"Conners, Corey",17576,bovada,+9000,0.010989,False,False,RBC Heritage,2026-04-16 01:13:04 UTC
win,"Conners, Corey",17576,fanduel,+10000,0.009901,False,False,RBC Heritage,2026-04-16 01:13:04 UTC
win,"Conners, Corey",17576,betcris,+10340,0.009579,False,True,RBC Heritage,2026-04-16 01:13:04 UTC
win,"Conners, Corey",17576,caesars,+8000,0.012346,False,False,RBC Heritage,2026-04-16 01:13:04 UTC
win,"Conners, Corey",17576,draftkings,+8600,0.011494,False,False,RBC Heritage,2026-04-16 01:13:04 UTC
win,"Conners, Corey",17576,betmgm,+8000,0.012346,False,False,RBC Heritage,2026-04-16 01:13:04 UTC
win,"Conners, Corey",17576,unibet,+7500,0.013158,False,False,RBC Heritage,2026-04-16 01:13:04 UTC
win,"Conners, Corey",17576,pointsbet,+9000,0.010989,False,False,RBC Heritage,2026-04-16 01:13:04 UTC
win,"Conners, Corey",17576,bet365,+8000,0.012346,False,True,RBC Heritage,2026-04-16 01:13:04 UTC
win,"Conners, Corey",17576,pinnacle,+11365,0.008722,False,True,RBC Heritage,2026-04-16 01:13:04 UTC
win,"Conners, Corey",17576,betonline,+11000,0.009009,False,False,RBC Heritage,2026-04-16 01:13:04 UTC
win,"Conners, Corey",17576,datagolf,+12915,0.007683,True,False,RBC Heritage,2026-04-16 01:13:04 UTC
win,"Poston, J.T.",21554,bovada,+7000,0.014085,False,False,RBC Heritage,2026-04-16 01:13:04 UTC
win,"Poston, J.T.",21554,fanduel,+8000,0.012346,False,False,RBC Heritage,2026-04-16 01:13:04 UTC
win,"Poston, J.T.",21554,betcris,+10429,0.009498,False,True,RBC Heritage,2026-04-16 01:13:04 UTC
win,"Poston, J.T.",21554,caesars,+7000,0.014085,False,False,RBC Heritage,2026-04-16 01:13:04 UTC
win,"Poston, J.T.",21554,draftkings,+8600,0.011494,False,False,RBC Heritage,2026-04-16 01:13:04 UTC
win,"Poston, J.T.",21554,betmgm,+7000,0.014085,False,False,RBC Heritage,2026-04-16 01:13:04 UTC
win,"Poston, J.T.",21554,unibet,+6000,0.016393,False,False,RBC Heritage,2026-04-16 01:13:04 UTC
win,"Poston, J.T.",21554,pointsbet,+8000,0.012346,False,False,RBC Heritage,2026-04-16 01:13:04 UTC
win,"Poston, J.T.",21554,bet365,+6000,0.016393,False,True,RBC Heritage,2026-04-16 01:13:04 UTC
win,"Poston, J.T.",21554,pinnacle,+10326,0.009591,False,True,RBC Heritage,2026-04-16 01:13:04 UTC
win,"Poston, J.T.",21554,betonline,+11000,0.009009,False,False,RBC Heritage,2026-04-16 01:13:04 UTC
win,"Poston, J.T.",21554,datagolf,+12915,0.007683,True,False,RBC Heritage,2026-04-16 01:13:04 UTC
win,"Kitayama, Kurt",21891,bovada,+10000,0.009901,False,False,RBC Heritage,2026-04-16 01:13:04 UTC
win,"Kitayama, Kurt",21891,fanduel,+10000,0.009901,False,False,RBC Heritage,2026-04-16 01:13:04 UTC
win,"Kitayama, Kurt",21891,betcris,+8851,0.011172,False,True,RBC Heritage,2026-04-16 01:13:04 UTC
win,"Kitayama, Kurt",21891,caesars,+8000,0.012346,False,False,RBC Heritage,2026-04-16 01:13:04 UTC
win,"Kitayama, Kurt",21891,draftkings,+9400,0.010526,False,False,RBC Heritage,2026-04-16 01:13:04 UTC
win,"Kitayama, Kurt",21891,betmgm,+8000,0.012346,False,False,RBC Heritage,2026-04-16 01:13:04 UTC
win,"Kitayama, Kurt",21891,unibet,+7500,0.013158,False,False,RBC Heritage,2026-04-16 01:13:04 UTC
win,"Kitayama, Kurt",21891,pointsbet,+9000,0.010989,False,False,RBC Heritage,2026-04-16 01:13:04 UTC
win,"Kitayama, Kurt",21891,bet365,+8000,0.012346,False,True,RBC Heritage,2026-04-16 01:13:04 UTC
win,"Kitayama, Kurt",21891,pinnacle,+12473,0.007954,False,True,RBC Heritage,2026-04-16 01:13:04 UTC
win,"Kitayama, Kurt",21891,betonline,+11000,0.009009,False,False,RBC Heritage,2026-04-16 01:13:04 UTC
win,"Kitayama, Kurt",21891,datagolf,+12943,0.007667,True,False,RBC Heritage,2026-04-16 01:13:04 UTC
win,"McCarty, Matt",28635,bovada,+15000,0.006623,False,False,RBC Heritage,2026-04-16 01:13:04 UTC
win,"McCarty, Matt",28635,fanduel,+12500,0.007937,False,False,RBC Heritage,2026-04-16 01:13:04 UTC
win,"McCarty, Matt",28635,betcris,+13750,0.00722,False,True,RBC Heritage,2026-04-16 01:13:04 UTC
win,"McCarty, Matt",28635,caesars,+15000,0.006623,False,False,RBC Heritage,2026-04-16 01:13:04 UTC
win,"McCarty, Matt",28635,draftkings,+14500,0.006849,False,False,RBC Heritage,2026-04-16 01:13:04 UTC
win,"McCarty, Matt",28635,betmgm,+15000,0.006623,False,False,RBC Heritage,2026-04-16 01:13:04 UTC
win,"McCarty, Matt",28635,unibet,+12000,0.008264,False,False,RBC Heritage,2026-04-16 01:13:04 UTC
win,"McCarty, Matt",28635,pointsbet,+15000,0.006623,False,False,RBC Heritage,2026-04-16 01:13:04 UTC
win,"McCarty, Matt",28635,bet365,+11000,0.009009,False,True,RBC Heritage,2026-04-16 01:13:04 UTC
win,"McCarty, Matt",28635,pinnacle,+14470,0.006863,False,True,RBC Heritage,2026-04-16 01:13:04 UTC
win,"McCarty, Matt",28635,betonline,+13500,0.007353,False,False,RBC Heritage,2026-04-16 01:13:04 UTC
win,"McCarty, Matt",28635,datagolf,+14051,0.007067,True,False,RBC Heritage,2026-04-16 01:13:04 UTC
win,"Clark, Wyndham",23604,bovada,+9000,0.010989,False,False,RBC Heritage,2026-04-16 01:13:04 UTC
win,"Clark, Wyndham",23604,fanduel,+8000,0.012346,False,False,RBC Heritage,2026-04-16 01:13:04 UTC
win,"Clark, Wyndham",23604,betcris,+6359,0.015482,False,True,RBC Heritage,2026-04-16 01:13:04 UTC
win,"Clark, Wyndham",23604,caesars,+7500,0.013158,False,False,RBC Heritage,2026-04-16 01:13:04 UTC
win,"Clark, Wyndham",23604,draftkings,+11000,0.009009,False,False,RBC Heritage,2026-04-16 01:13:04 UTC
win,"Clark, Wyndham",23604,betmgm,+8000,0.012346,False,False,RBC Heritage,2026-04-16 01:13:04 UTC
win,"Clark, Wyndham",23604,unibet,+7500,0.013158,False,False,RBC Heritage,2026-04-16 01:13:04 UTC
win,"Clark, Wyndham",23604,pointsbet,+8000,0.012346,False,False,RBC Heritage,2026-04-16 01:13:04 UTC
win,"Clark, Wyndham",23604,bet365,+8000,0.012346,False,True,RBC Heritage,2026-04-16 01:13:04 UTC
win,"Clark, Wyndham",23604,pinnacle,+9291,0.010648,False,True,RBC Heritage,2026-04-16 01:13:04 UTC
win,"Clark, Wyndham",23604,betonline,+9000,0.010989,False,False,RBC Heritage,2026-04-16 01:13:04 UTC
win,"Clark, Wyndham",23604,datagolf,+14323,0.006933,True,False,RBC Heritage,2026-04-16 01:13:04 UTC
win,"Thorbjornsen, Michael",26649,bovada,+9000,0.010989,False,False,RBC Heritage,2026-04-16 01:13:04 UTC
win,"Thorbjornsen, Michael",26649,fanduel,+10000,0.009901,False,False,RBC Heritage,2026-04-16 01:13:04 UTC
win,"Thorbjornsen, Michael",26649,betcris,+7280,0.01355,False,True,RBC Heritage,2026-04-16 01:13:04 UTC
win,"Thorbjornsen, Michael",26649,caesars,+10000,0.009901,False,False,RBC Heritage,2026-04-16 01:13:04 UTC
win,"Thorbjornsen, Michael",26649,draftkings,+8600,0.011494,False,False,RBC Heritage,2026-04-16 01:13:04 UTC
win,"Thorbjornsen, Michael",26649,betmgm,+8000,0.012346,False,False,RBC Heritage,2026-04-16 01:13:04 UTC
win,"Thorbjornsen, Michael",26649,unibet,+7000,0.014085,False,False,RBC Heritage,2026-04-16 01:13:04 UTC
win,"Thorbjornsen, Michael",26649,pointsbet,+12500,0.007937,False,False,RBC Heritage,2026-04-16 01:13:04 UTC
win,"Thorbjornsen, Michael",26649,bet365,+8000,0.012346,False,True,RBC Heritage,2026-04-16 01:13:04 UTC
win,"Thorbjornsen, Michael",26649,pinnacle,+13254,0.007488,False,True,RBC Heritage,2026-04-16 01:13:04 UTC
win,"Thorbjornsen, Michael",26649,betonline,+11000,0.009009,False,False,RBC Heritage,2026-04-16 01:13:04 UTC
win,"Thorbjornsen, Michael",26649,datagolf,+14463,0.006867,True,False,RBC Heritage,2026-04-16 01:13:04 UTC
win,"Theegala, Sahith",23014,bovada,+5500,0.017857,False,False,RBC Heritage,2026-04-16 01:13:04 UTC
win,"Theegala, Sahith",23014,fanduel,+6000,0.016393,False,False,RBC Heritage,2026-04-16 01:13:04 UTC
win,"Theegala, Sahith",23014,betcris,+7450,0.013245,False,True,RBC Heritage,2026-04-16 01:13:04 UTC
win,"Theegala, Sahith",23014,caesars,+6000,0.016393,False,False,RBC Heritage,2026-04-16 01:13:04 UTC
win,"Theegala, Sahith",23014,draftkings,+7800,0.012658,False,False,RBC Heritage,2026-04-16 01:13:04 UTC
win,"Theegala, Sahith",23014,betmgm,+6000,0.016393,False,False,RBC Heritage,2026-04-16 01:13:04 UTC
win,"Theegala, Sahith",23014,unibet,+6000,0.016393,False,False,RBC Heritage,2026-04-16 01:13:04 UTC
win,"Theegala, Sahith",23014,pointsbet,+6000,0.016393,False,False,RBC Heritage,2026-04-16 01:13:04 UTC
win,"Theegala, Sahith",23014,bet365,+5500,0.017857,False,True,RBC Heritage,2026-04-16 01:13:04 UTC
win,"Theegala, Sahith",23014,pinnacle,+7445,0.013254,False,True,RBC Heritage,2026-04-16 01:13:04 UTC
win,"Theegala, Sahith",23014,betonline,+7500,0.013158,False,False,RBC Heritage,2026-04-16 01:13:04 UTC
win,"Theegala, Sahith",23014,datagolf,+14463,0.006867,True,False,RBC Heritage,2026-04-16 01:13:04 UTC
win,"Taylor, Nick",13126,bovada,+12500,0.007937,False,False,RBC Heritage,2026-04-16 01:13:04 UTC
win,"Taylor, Nick",13126,fanduel,+10000,0.009901,False,False,RBC Heritage,2026-04-16 01:13:04 UTC
win,"Taylor, Nick",13126,betcris,+11500,0.008621,False,True,RBC Heritage,2026-04-16 01:13:04 UTC
win,"Taylor, Nick",13126,caesars,+10000,0.009901,False,False,RBC Heritage,2026-04-16 01:13:04 UTC
win,"Taylor, Nick",13126,draftkings,+9000,0.010989,False,False,RBC Heritage,2026-04-16 01:13:04 UTC
win,"Taylor, Nick",13126,betmgm,+10000,0.009901,False,False,RBC Heritage,2026-04-16 01:13:04 UTC
win,"Taylor, Nick",13126,unibet,+10000,0.009901,False,False,RBC Heritage,2026-04-16 01:13:04 UTC
win,"Taylor, Nick",13126,pointsbet,+10000,0.009901,False,False,RBC Heritage,2026-04-16 01:13:04 UTC
win,"Taylor, Nick",13126,bet365,+10000,0.009901,False,True,RBC Heritage,2026-04-16 01:13:04 UTC
win,"Taylor, Nick",13126,pinnacle,+11322,0.008755,False,True,RBC Heritage,2026-04-16 01:13:04 UTC
win,"Taylor, Nick",13126,betonline,+13500,0.007353,False,False,RBC Heritage,2026-04-16 01:13:04 UTC
win,"Taylor, Nick",13126,datagolf,+14715,0.00675,True,False,RBC Heritage,2026-04-16 01:13:04 UTC
win,"Berger, Daniel",17606,bovada,+5500,0.017857,False,False,RBC Heritage,2026-04-16 01:13:04 UTC
win,"Berger, Daniel",17606,fanduel,+6000,0.016393,False,False,RBC Heritage,2026-04-16 01:13:04 UTC
win,"Berger, Daniel",17606,betcris,+9136,0.010827,False,True,RBC Heritage,2026-04-16 01:13:04 UTC
win,"Berger, Daniel",17606,caesars,+6000,0.016393,False,False,RBC Heritage,2026-04-16 01:13:04 UTC
win,"Berger, Daniel",17606,draftkings,+8200,0.012048,False,False,RBC Heritage,2026-04-16 01:13:04 UTC
win,"Berger, Daniel",17606,betmgm,+8000,0.012346,False,False,RBC Heritage,2026-04-16 01:13:04 UTC
win,"Berger, Daniel",17606,unibet,+5500,0.017857,False,False,RBC Heritage,2026-04-16 01:13:04 UTC
win,"Berger, Daniel",17606,pointsbet,+6000,0.016393,False,False,RBC Heritage,2026-04-16 01:13:04 UTC
win,"Berger, Daniel",17606,bet365,+5500,0.017857,False,True,RBC Heritage,2026-04-16 01:13:04 UTC
win,"Berger, Daniel",17606,pinnacle,+7500,0.013158,False,True,RBC Heritage,2026-04-16 01:13:04 UTC
win,"Berger, Daniel",17606,betonline,+7000,0.014085,False,False,RBC Heritage,2026-04-16 01:13:04 UTC
win,"Berger, Daniel",17606,datagolf,+15128,0.006567,True,False,RBC Heritage,2026-04-16 01:13:04 UTC
win,"Im, Sungjae",17488,bovada,+10000,0.009901,False,False,RBC Heritage,2026-04-16 01:13:04 UTC
win,"Im, Sungjae",17488,fanduel,+8000,0.012346,False,False,RBC Heritage,2026-04-16 01:13:04 UTC
win,"Im, Sungjae",17488,betcris,+9111,0.010857,False,True,RBC Heritage,2026-04-16 01:13:04 UTC
win,"Im, Sungjae",17488,caesars,+7000,0.014085,False,False,RBC Heritage,2026-04-16 01:13:04 UTC
win,"Im, Sungjae",17488,draftkings,+9600,0.010309,False,False,RBC Heritage,2026-04-16 01:13:04 UTC
win,"Im, Sungjae",17488,betmgm,+10000,0.009901,False,False,RBC Heritage,2026-04-16 01:13:04 UTC
win,"Im, Sungjae",17488,unibet,+9000,0.010989,False,False,RBC Heritage,2026-04-16 01:13:04 UTC
win,"Im, Sungjae",17488,pointsbet,+8000,0.012346,False,False,RBC Heritage,2026-04-16 01:13:04 UTC
win,"Im, Sungjae",17488,bet365,+9000,0.010989,False,True,RBC Heritage,2026-04-16 01:13:04 UTC
win,"Im, Sungjae",17488,pinnacle,+10203,0.009706,False,True,RBC Heritage,2026-04-16 01:13:04 UTC
win,"Im, Sungjae",17488,betonline,+11000,0.009009,False,False,RBC Heritage,2026-04-16 01:13:04 UTC
win,"Im, Sungjae",17488,datagolf,+15444,0.006433,True,False,RBC Heritage,2026-04-16 01:13:04 UTC
win,"Harman, Brian",8825,bovada,+5500,0.017857,False,False,RBC Heritage,2026-04-16 01:13:04 UTC
win,"Harman, Brian",8825,fanduel,+6000,0.016393,False,False,RBC Heritage,2026-04-16 01:13:04 UTC
win,"Harman, Brian",8825,betcris,+6550,0.015038,False,True,RBC Heritage,2026-04-16 01:13:04 UTC
win,"Harman, Brian",8825,caesars,+6000,0.016393,False,False,RBC Heritage,2026-04-16 01:13:04 UTC
win,"Harman, Brian",8825,draftkings,+8200,0.012048,False,False,RBC Heritage,2026-04-16 01:13:04 UTC
win,"Harman, Brian",8825,betmgm,+6000,0.016393,False,False,RBC Heritage,2026-04-16 01:13:04 UTC
win,"Harman, Brian",8825,unibet,+6000,0.016393,False,False,RBC Heritage,2026-04-16 01:13:04 UTC
win,"Harman, Brian",8825,pointsbet,+6000,0.016393,False,False,RBC Heritage,2026-04-16 01:13:04 UTC
win,"Harman, Brian",8825,bet365,+6000,0.016393,False,True,RBC Heritage,2026-04-16 01:13:04 UTC
win,"Harman, Brian",8825,pinnacle,+7276,0.013557,False,True,RBC Heritage,2026-04-16 01:13:04 UTC
win,"Harman, Brian",8825,betonline,+6000,0.016393,False,False,RBC Heritage,2026-04-16 01:13:04 UTC
win,"Harman, Brian",8825,datagolf,+16073,0.006183,True,False,RBC Heritage,2026-04-16 01:13:04 UTC
win,"Hall, Harry",27194,bovada,+12500,0.007937,False,False,RBC Heritage,2026-04-16 01:13:04 UTC
win,"Hall, Harry",27194,fanduel,+10000,0.009901,False,False,RBC Heritage,2026-04-16 01:13:04 UTC
win,"Hall, Harry",27194,betcris,+13784,0.007203,False,True,RBC Heritage,2026-04-16 01:13:04 UTC
win,"Hall, Harry",27194,caesars,+10000,0.009901,False,False,RBC Heritage,2026-04-16 01:13:04 UTC
win,"Hall, Harry",27194,draftkings,+8400,0.011765,False,False,RBC Heritage,2026-04-16 01:13:04 UTC
win,"Hall, Harry",27194,betmgm,+8000,0.012346,False,False,RBC Heritage,2026-04-16 01:13:04 UTC
win,"Hall, Harry",27194,unibet,+7500,0.013158,False,False,RBC Heritage,2026-04-16 01:13:04 UTC
win,"Hall, Harry",27194,pointsbet,+10000,0.009901,False,False,RBC Heritage,2026-04-16 01:13:04 UTC
win,"Hall, Harry",27194,bet365,+8000,0.012346,False,True,RBC Heritage,2026-04-16 01:13:04 UTC
win,"Hall, Harry",27194,pinnacle,+16389,0.006065,False,True,RBC Heritage,2026-04-16 01:13:04 UTC
win,"Hall, Harry",27194,betonline,+17500,0.005682,False,False,RBC Heritage,2026-04-16 01:13:04 UTC
win,"Hall, Harry",27194,datagolf,+16754,0.005933,True,False,RBC Heritage,2026-04-16 01:13:04 UTC
win,"Wallace, Matt",20706,bovada,+10000,0.009901,False,False,RBC Heritage,2026-04-16 01:13:04 UTC
win,"Wallace, Matt",20706,fanduel,+10000,0.009901,False,False,RBC Heritage,2026-04-16 01:13:04 UTC
win,"Wallace, Matt",20706,betcris,+13507,0.007349,False,True,RBC Heritage,2026-04-16 01:13:04 UTC
win,"Wallace, Matt",20706,caesars,+10000,0.009901,False,False,RBC Heritage,2026-04-16 01:13:04 UTC
win,"Wallace, Matt",20706,draftkings,+16500,0.006024,False,False,RBC Heritage,2026-04-16 01:13:04 UTC
win,"Wallace, Matt",20706,betmgm,+12500,0.007937,False,False,RBC Heritage,2026-04-16 01:13:04 UTC
win,"Wallace, Matt",20706,unibet,+11000,0.009009,False,False,RBC Heritage,2026-04-16 01:13:04 UTC
win,"Wallace, Matt",20706,pointsbet,+10000,0.009901,False,False,RBC Heritage,2026-04-16 01:13:04 UTC
win,"Wallace, Matt",20706,bet365,+11000,0.009009,False,True,RBC Heritage,2026-04-16 01:13:04 UTC
win,"Wallace, Matt",20706,pinnacle,+15570,0.006382,False,True,RBC Heritage,2026-04-16 01:13:04 UTC
win,"Wallace, Matt",20706,betonline,+13500,0.007353,False,False,RBC Heritage,2026-04-16 01:13:04 UTC
win,"Wallace, Matt",20706,datagolf,+21252,0.004683,True,False,RBC Heritage,2026-04-16 01:13:04 UTC
win,"Putnam, Andrew",14704,bovada,+15000,0.006623,False,False,RBC Heritage,2026-04-16 01:13:04 UTC
win,"Putnam, Andrew",14704,fanduel,+12500,0.007937,False,False,RBC Heritage,2026-04-16 01:13:04 UTC
win,"Putnam, Andrew",14704,betcris,+15508,0.006407,False,True,RBC Heritage,2026-04-16 01:13:04 UTC
win,"Putnam, Andrew",14704,caesars,+12500,0.007937,False,False,RBC Heritage,2026-04-16 01:13:04 UTC
win,"Putnam, Andrew",14704,draftkings,+18500,0.005376,False,False,RBC Heritage,2026-04-16 01:13:04 UTC
win,"Putnam, Andrew",14704,betmgm,+15000,0.006623,False,False,RBC Heritage,2026-04-16 01:13:04 UTC
win,"Putnam, Andrew",14704,unibet,+12000,0.008264,False,False,RBC Heritage,2026-04-16 01:13:04 UTC
win,"Putnam, Andrew",14704,pointsbet,+15000,0.006623,False,False,RBC Heritage,2026-04-16 01:13:04 UTC
win,"Putnam, Andrew",14704,bet365,+12500,0.007937,False,True,RBC Heritage,2026-04-16 01:13:04 UTC
win,"Putnam, Andrew",14704,pinnacle,+15348,0.006473,False,True,RBC Heritage,2026-04-16 01:13:04 UTC
win,"Putnam, Andrew",14704,betonline,+17500,0.005682,False,False,RBC Heritage,2026-04-16 01:13:04 UTC
win,"Putnam, Andrew",14704,datagolf,+21639,0.0046,True,False,RBC Heritage,2026-04-16 01:13:04 UTC
win,"Cauley, Bud",14502,bovada,+17500,0.005682,False,False,RBC Heritage,2026-04-16 01:13:04 UTC
win,"Cauley, Bud",14502,fanduel,+17500,0.005682,False,False,RBC Heritage,2026-04-16 01:13:04 UTC
win,"Cauley, Bud",14502,betcris,+20394,0.004879,False,True,RBC Heritage,2026-04-16 01:13:04 UTC
win,"Cauley, Bud",14502,caesars,+20000,0.004975,False,False,RBC Heritage,2026-04-16 01:13:04 UTC
win,"Cauley, Bud",14502,draftkings,+16500,0.006024,False,False,RBC Heritage,2026-04-16 01:13:04 UTC
win,"Cauley, Bud",14502,betmgm,+15000,0.006623,False,False,RBC Heritage,2026-04-16 01:13:04 UTC
win,"Cauley, Bud",14502,unibet,+14000,0.007092,False,False,RBC Heritage,2026-04-16 01:13:04 UTC
win,"Cauley, Bud",14502,pointsbet,+30000,0.003322,False,False,RBC Heritage,2026-04-16 01:13:04 UTC
win,"Cauley, Bud",14502,bet365,+15000,0.006623,False,True,RBC Heritage,2026-04-16 01:13:04 UTC
win,"Cauley, Bud",14502,pinnacle,+21431,0.004644,False,True,RBC Heritage,2026-04-16 01:13:04 UTC
win,"Cauley, Bud",14502,betonline,+25000,0.003984,False,False,RBC Heritage,2026-04-16 01:13:04 UTC
win,"Cauley, Bud",14502,datagolf,+23066,0.004317,True,False,RBC Heritage,2026-04-16 01:13:04 UTC
win,"Smith, Jordan",18586,bovada,+20000,0.004975,False,False,RBC Heritage,2026-04-16 01:13:04 UTC
win,"Smith, Jordan",18586,fanduel,+17500,0.005682,False,False,RBC Heritage,2026-04-16 01:13:04 UTC
win,"Smith, Jordan",18586,betcris,+19379,0.005134,False,True,RBC Heritage,2026-04-16 01:13:04 UTC
win,"Smith, Jordan",18586,caesars,+15000,0.006623,False,False,RBC Heritage,2026-04-16 01:13:04 UTC
win,"Smith, Jordan",18586,draftkings,+17500,0.005682,False,False,RBC Heritage,2026-04-16 01:13:04 UTC
win,"Smith, Jordan",18586,betmgm,+15000,0.006623,False,False,RBC Heritage,2026-04-16 01:13:04 UTC
win,"Smith, Jordan",18586,unibet,+16000,0.006211,False,False,RBC Heritage,2026-04-16 01:13:04 UTC
win,"Smith, Jordan",18586,pointsbet,+20000,0.004975,False,False,RBC Heritage,2026-04-16 01:13:04 UTC
win,"Smith, Jordan",18586,bet365,+17500,0.005682,False,True,RBC Heritage,2026-04-16 01:13:04 UTC
win,"Smith, Jordan",18586,pinnacle,+22366,0.004451,False,True,RBC Heritage,2026-04-16 01:13:04 UTC
win,"Smith, Jordan",18586,betonline,+22500,0.004425,False,False,RBC Heritage,2026-04-16 01:13:04 UTC
win,"Smith, Jordan",18586,datagolf,+23156,0.0043,True,False,RBC Heritage,2026-04-16 01:13:04 UTC
win,"Woodland, Gary",12577,bovada,+12500,0.007937,False,False,RBC Heritage,2026-04-16 01:13:04 UTC
win,"Woodland, Gary",12577,fanduel,+12500,0.007937,False,False,RBC Heritage,2026-04-16 01:13:04 UTC
win,"Woodland, Gary",12577,betcris,+18870,0.005271,False,True,RBC Heritage,2026-04-16 01:13:04 UTC
win,"Woodland, Gary",12577,caesars,+12500,0.007937,False,False,RBC Heritage,2026-04-16 01:13:04 UTC
win,"Woodland, Gary",12577,draftkings,+15500,0.00641,False,False,RBC Heritage,2026-04-16 01:13:04 UTC
win,"Woodland, Gary",12577,betmgm,+10000,0.009901,False,False,RBC Heritage,2026-04-16 01:13:04 UTC
win,"Woodland, Gary",12577,unibet,+11000,0.009009,False,False,RBC Heritage,2026-04-16 01:13:04 UTC
win,"Woodland, Gary",12577,pointsbet,+15000,0.006623,False,False,RBC Heritage,2026-04-16 01:13:04 UTC
win,"Woodland, Gary",12577,bet365,+11000,0.009009,False,True,RBC Heritage,2026-04-16 01:13:04 UTC
win,"Woodland, Gary",12577,pinnacle,+18743,0.005307,False,True,RBC Heritage,2026-04-16 01:13:04 UTC
win,"Woodland, Gary",12577,betonline,+20000,0.004975,False,False,RBC Heritage,2026-04-16 01:13:04 UTC
win,"Woodland, Gary",12577,datagolf,+26449,0.003767,True,False,RBC Heritage,2026-04-16 01:13:04 UTC
win,"Homa, Max",17538,bovada,+10000,0.009901,False,False,RBC Heritage,2026-04-16 01:13:04 UTC
win,"Homa, Max",17538,fanduel,+10000,0.009901,False,False,RBC Heritage,2026-04-16 01:13:04 UTC
win,"Homa, Max",17538,betcris,+15202,0.006535,False,True,RBC Heritage,2026-04-16 01:13:04 UTC
win,"Homa, Max",17538,caesars,+8000,0.012346,False,False,RBC Heritage,2026-04-16 01:13:04 UTC
win,"Homa, Max",17538,draftkings,+12500,0.007937,False,False,RBC Heritage,2026-04-16 01:13:04 UTC
win,"Homa, Max",17538,betmgm,+9000,0.010989,False,False,RBC Heritage,2026-04-16 01:13:04 UTC
win,"Homa, Max",17538,unibet,+10000,0.009901,False,False,RBC Heritage,2026-04-16 01:13:04 UTC
win,"Homa, Max",17538,pointsbet,+12500,0.007937,False,False,RBC Heritage,2026-04-16 01:13:04 UTC
win,"Homa, Max",17538,bet365,+10000,0.009901,False,True,RBC Heritage,2026-04-16 01:13:04 UTC
win,"Homa, Max",17538,pinnacle,+13412,0.007401,False,True,RBC Heritage,2026-04-16 01:13:04 UTC
win,"Homa, Max",17538,betonline,+15000,0.006623,False,False,RBC Heritage,2026-04-16 01:13:04 UTC
win,"Homa, Max",17538,datagolf,+27807,0.003583,True,False,RBC Heritage,2026-04-16 01:13:04 UTC
win,"Novak, Andrew",23475,bovada,+12500,0.007937,False,False,RBC Heritage,2026-04-16 01:13:04 UTC
win,"Novak, Andrew",23475,fanduel,+15000,0.006623,False,False,RBC Heritage,2026-04-16 01:13:04 UTC
win,"Novak, Andrew",23475,betcris,+14958,0.006641,False,True,RBC Heritage,2026-04-16 01:13:04 UTC
win,"Novak, Andrew",23475,caesars,+15000,0.006623,False,False,RBC Heritage,2026-04-16 01:13:04 UTC
win,"Novak, Andrew",23475,draftkings,+15000,0.006623,False,False,RBC Heritage,2026-04-16 01:13:04 UTC
win,"Novak, Andrew",23475,betmgm,+12500,0.007937,False,False,RBC Heritage,2026-04-16 01:13:04 UTC
win,"Novak, Andrew",23475,unibet,+12000,0.008264,False,False,RBC Heritage,2026-04-16 01:13:04 UTC
win,"Novak, Andrew",23475,pointsbet,+17500,0.005682,False,False,RBC Heritage,2026-04-16 01:13:04 UTC
win,"Novak, Andrew",23475,bet365,+12500,0.007937,False,True,RBC Heritage,2026-04-16 01:13:04 UTC
win,"Novak, Andrew",23475,pinnacle,+16913,0.005878,False,True,RBC Heritage,2026-04-16 01:13:04 UTC
win,"Novak, Andrew",23475,betonline,+22500,0.004425,False,False,RBC Heritage,2026-04-16 01:13:04 UTC
win,"Novak, Andrew",23475,datagolf,+28886,0.00345,True,False,RBC Heritage,2026-04-16 01:13:04 UTC
win,"Yellamaraju, Sudarshan",29925,bovada,+7000,0.014085,False,False,RBC Heritage,2026-04-16 01:13:04 UTC
win,"Yellamaraju, Sudarshan",29925,fanduel,+8000,0.012346,False,False,RBC Heritage,2026-04-16 01:13:04 UTC
win,"Yellamaraju, Sudarshan",29925,betcris,+11850,0.008368,False,True,RBC Heritage,2026-04-16 01:13:04 UTC
win,"Yellamaraju, Sudarshan",29925,caesars,+7500,0.013158,False,False,RBC Heritage,2026-04-16 01:13:04 UTC
win,"Yellamaraju, Sudarshan",29925,draftkings,+11500,0.008621,False,False,RBC Heritage,2026-04-16 01:13:04 UTC
win,"Yellamaraju, Sudarshan",29925,betmgm,+7000,0.014085,False,False,RBC Heritage,2026-04-16 01:13:04 UTC
win,"Yellamaraju, Sudarshan",29925,unibet,+7000,0.014085,False,False,RBC Heritage,2026-04-16 01:13:04 UTC
win,"Yellamaraju, Sudarshan",29925,pointsbet,+8000,0.012346,False,False,RBC Heritage,2026-04-16 01:13:04 UTC
win,"Yellamaraju, Sudarshan",29925,bet365,+8000,0.012346,False,True,RBC Heritage,2026-04-16 01:13:04 UTC
win,"Yellamaraju, Sudarshan",29925,pinnacle,+11085,0.008941,False,True,RBC Heritage,2026-04-16 01:13:04 UTC
win,"Yellamaraju, Sudarshan",29925,betonline,+12500,0.007937,False,False,RBC Heritage,2026-04-16 01:13:04 UTC
win,"Yellamaraju, Sudarshan",29925,datagolf,+31646,0.00315,True,False,RBC Heritage,2026-04-16 01:13:04 UTC
win,"Brennan, Michael",29197,bovada,+20000,0.004975,False,False,RBC Heritage,2026-04-16 01:13:04 UTC
win,"Brennan, Michael",29197,fanduel,+17500,0.005682,False,False,RBC Heritage,2026-04-16 01:13:04 UTC
win,"Brennan, Michael",29197,betcris,+18681,0.005325,False,True,RBC Heritage,2026-04-16 01:13:04 UTC
win,"Brennan, Michael",29197,caesars,+15000,0.006623,False,False,RBC Heritage,2026-04-16 01:13:04 UTC
win,"Brennan, Michael",29197,draftkings,+25000,0.003984,False,False,RBC Heritage,2026-04-16 01:13:04 UTC
win,"Brennan, Michael",29197,betmgm,+17500,0.005682,False,False,RBC Heritage,2026-04-16 01:13:04 UTC
win,"Brennan, Michael",29197,unibet,+16000,0.006211,False,False,RBC Heritage,2026-04-16 01:13:04 UTC
win,"Brennan, Michael",29197,pointsbet,+20000,0.004975,False,False,RBC Heritage,2026-04-16 01:13:04 UTC
win,"Brennan, Michael",29197,bet365,+17500,0.005682,False,True,RBC Heritage,2026-04-16 01:13:04 UTC
win,"Brennan, Michael",29197,pinnacle,+23081,0.004314,False,True,RBC Heritage,2026-04-16 01:13:04 UTC
win,"Brennan, Michael",29197,betonline,+25000,0.003984,False,False,RBC Heritage,2026-04-16 01:13:04 UTC
win,"Brennan, Michael",29197,datagolf,+31815,0.003133,True,False,RBC Heritage,2026-04-16 01:13:04 UTC
win,"Castillo, Ricky",27819,bovada,+20000,0.004975,False,False,RBC Heritage,2026-04-16 01:13:04 UTC
win,"Castillo, Ricky",27819,fanduel,+22500,0.004425,False,False,RBC Heritage,2026-04-16 01:13:04 UTC
win,"Castillo, Ricky",27819,betcris,+28023,0.003556,False,True,RBC Heritage,2026-04-16 01:13:04 UTC
win,"Castillo, Ricky",27819,caesars,+22500,0.004425,False,False,RBC Heritage,2026-04-16 01:13:04 UTC
win,"Castillo, Ricky",27819,draftkings,+18000,0.005525,False,False,RBC Heritage,2026-04-16 01:13:04 UTC
win,"Castillo, Ricky",27819,betmgm,+15000,0.006623,False,False,RBC Heritage,2026-04-16 01:13:04 UTC
win,"Castillo, Ricky",27819,unibet,+16000,0.006211,False,False,RBC Heritage,2026-04-16 01:13:04 UTC
win,"Castillo, Ricky",27819,pointsbet,+30000,0.003322,False,False,RBC Heritage,2026-04-16 01:13:04 UTC
win,"Castillo, Ricky",27819,bet365,+17500,0.005682,False,True,RBC Heritage,2026-04-16 01:13:04 UTC
win,"Castillo, Ricky",27819,pinnacle,+30339,0.003285,False,True,RBC Heritage,2026-04-16 01:13:04 UTC
win,"Castillo, Ricky",27819,betonline,+30000,0.003322,False,False,RBC Heritage,2026-04-16 01:13:04 UTC
win,"Castillo, Ricky",27819,datagolf,+32158,0.0031,True,False,RBC Heritage,2026-04-16 01:13:04 UTC
win,"McCarthy, Denny",19870,bovada,+20000,0.004975,False,False,RBC Heritage,2026-04-16 01:13:04 UTC
win,"McCarthy, Denny",19870,fanduel,+22500,0.004425,False,False,RBC Heritage,2026-04-16 01:13:04 UTC
win,"McCarthy, Denny",19870,betcris,+22939,0.00434,False,True,RBC Heritage,2026-04-16 01:13:04 UTC
win,"McCarthy, Denny",19870,caesars,+17500,0.005682,False,False,RBC Heritage,2026-04-16 01:13:04 UTC
win,"McCarthy, Denny",19870,draftkings,+16000,0.006211,False,False,RBC Heritage,2026-04-16 01:13:04 UTC
win,"McCarthy, Denny",19870,betmgm,+15000,0.006623,False,False,RBC Heritage,2026-04-16 01:13:04 UTC
win,"McCarthy, Denny",19870,unibet,+16000,0.006211,False,False,RBC Heritage,2026-04-16 01:13:04 UTC
win,"McCarthy, Denny",19870,pointsbet,+30000,0.003322,False,False,RBC Heritage,2026-04-16 01:13:04 UTC
win,"McCarthy, Denny",19870,bet365,+17500,0.005682,False,True,RBC Heritage,2026-04-16 01:13:04 UTC
win,"McCarthy, Denny",19870,pinnacle,+25517,0.003904,False,True,RBC Heritage,2026-04-16 01:13:04 UTC
win,"McCarthy, Denny",19870,betonline,+30000,0.003322,False,False,RBC Heritage,2026-04-16 01:13:04 UTC
win,"McCarthy, Denny",19870,datagolf,+32158,0.0031,True,False,RBC Heritage,2026-04-16 01:13:04 UTC
win,"Penge, Marco",22465,bovada,+12500,0.007937,False,False,RBC Heritage,2026-04-16 01:13:04 UTC
win,"Penge, Marco",22465,fanduel,+12500,0.007937,False,False,RBC Heritage,2026-04-16 01:13:04 UTC
win,"Penge, Marco",22465,betcris,+13350,0.007435,False,True,RBC Heritage,2026-04-16 01:13:04 UTC
win,"Penge, Marco",22465,caesars,+15000,0.006623,False,False,RBC Heritage,2026-04-16 01:13:04 UTC
win,"Penge, Marco",22465,draftkings,+16500,0.006024,False,False,RBC Heritage,2026-04-16 01:13:04 UTC
win,"Penge, Marco",22465,betmgm,+12500,0.007937,False,False,RBC Heritage,2026-04-16 01:13:04 UTC
win,"Penge, Marco",22465,unibet,+11000,0.009009,False,False,RBC Heritage,2026-04-16 01:13:04 UTC
win,"Penge, Marco",22465,pointsbet,+15000,0.006623,False,False,RBC Heritage,2026-04-16 01:13:04 UTC
win,"Penge, Marco",22465,bet365,+12500,0.007937,False,True,RBC Heritage,2026-04-16 01:13:04 UTC
win,"Penge, Marco",22465,pinnacle,+11638,0.008519,False,True,RBC Heritage,2026-04-16 01:13:04 UTC
win,"Penge, Marco",22465,betonline,+15000,0.006623,False,False,RBC Heritage,2026-04-16 01:13:04 UTC
win,"Penge, Marco",22465,datagolf,+32332,0.003083,True,False,RBC Heritage,2026-04-16 01:13:04 UTC
win,"Smotherman, Austin",22985,bovada,+20000,0.004975,False,False,RBC Heritage,2026-04-16 01:13:04 UTC
win,"Smotherman, Austin",22985,fanduel,+17500,0.005682,False,False,RBC Heritage,2026-04-16 01:13:04 UTC
win,"Smotherman, Austin",22985,betcris,+25481,0.003909,False,True,RBC Heritage,2026-04-16 01:13:04 UTC
win,"Smotherman, Austin",22985,caesars,+20000,0.004975,False,False,RBC Heritage,2026-04-16 01:13:04 UTC
win,"Smotherman, Austin",22985,draftkings,+20000,0.004975,False,False,RBC Heritage,2026-04-16 01:13:04 UTC
win,"Smotherman, Austin",22985,betmgm,+17500,0.005682,False,False,RBC Heritage,2026-04-16 01:13:04 UTC
win,"Smotherman, Austin",22985,unibet,+20000,0.004975,False,False,RBC Heritage,2026-04-16 01:13:04 UTC
win,"Smotherman, Austin",22985,pointsbet,+30000,0.003322,False,False,RBC Heritage,2026-04-16 01:13:04 UTC
win,"Smotherman, Austin",22985,bet365,+20000,0.004975,False,True,RBC Heritage,2026-04-16 01:13:04 UTC
win,"Smotherman, Austin",22985,pinnacle,+25865,0.003851,False,True,RBC Heritage,2026-04-16 01:13:04 UTC
win,"Smotherman, Austin",22985,betonline,+27500,0.003623,False,False,RBC Heritage,2026-04-16 01:13:04 UTC
win,"Smotherman, Austin",22985,datagolf,+35194,0.002833,True,False,RBC Heritage,2026-04-16 01:13:04 UTC
win,"Coody, Pierceson",28309,bovada,+20000,0.004975,False,False,RBC Heritage,2026-04-16 01:13:04 UTC
win,"Coody, Pierceson",28309,fanduel,+17500,0.005682,False,False,RBC Heritage,2026-04-16 01:13:04 UTC
win,"Coody, Pierceson",28309,betcris,+21922,0.004541,False,True,RBC Heritage,2026-04-16 01:13:04 UTC
win,"Coody, Pierceson",28309,caesars,+20000,0.004975,False,False,RBC Heritage,2026-04-16 01:13:04 UTC
win,"Coody, Pierceson",28309,draftkings,+17500,0.005682,False,False,RBC Heritage,2026-04-16 01:13:04 UTC
win,"Coody, Pierceson",28309,betmgm,+15000,0.006623,False,False,RBC Heritage,2026-04-16 01:13:04 UTC
win,"Coody, Pierceson",28309,unibet,+16000,0.006211,False,False,RBC Heritage,2026-04-16 01:13:04 UTC
win,"Coody, Pierceson",28309,pointsbet,+30000,0.003322,False,False,RBC Heritage,2026-04-16 01:13:04 UTC
win,"Coody, Pierceson",28309,bet365,+17500,0.005682,False,True,RBC Heritage,2026-04-16 01:13:04 UTC
win,"Coody, Pierceson",28309,pinnacle,+30059,0.003316,False,True,RBC Heritage,2026-04-16 01:13:04 UTC
win,"Coody, Pierceson",28309,betonline,+25000,0.003984,False,False,RBC Heritage,2026-04-16 01:13:04 UTC
win,"Coody, Pierceson",28309,datagolf,+38117,0.002617,True,False,RBC Heritage,2026-04-16 01:13:04 UTC
win,"Finau, Tony",11676,bovada,+15000,0.006623,False,False,RBC Heritage,2026-04-16 01:13:04 UTC
win,"Finau, Tony",11676,fanduel,+22500,0.004425,False,False,RBC Heritage,2026-04-16 01:13:04 UTC
win,"Finau, Tony",11676,betcris,+13784,0.007203,False,True,RBC Heritage,2026-04-16 01:13:04 UTC
win,"Finau, Tony",11676,caesars,+20000,0.004975,False,False,RBC Heritage,2026-04-16 01:13:04 UTC
win,"Finau, Tony",11676,draftkings,+21000,0.004739,False,False,RBC Heritage,2026-04-16 01:13:04 UTC
win,"Finau, Tony",11676,betmgm,+12500,0.007937,False,False,RBC Heritage,2026-04-16 01:13:04 UTC
win,"Finau, Tony",11676,unibet,+15000,0.006623,False,False,RBC Heritage,2026-04-16 01:13:04 UTC
win,"Finau, Tony",11676,pointsbet,+30000,0.003322,False,False,RBC Heritage,2026-04-16 01:13:04 UTC
win,"Finau, Tony",11676,bet365,+15000,0.006623,False,True,RBC Heritage,2026-04-16 01:13:04 UTC
win,"Finau, Tony",11676,pinnacle,+20261,0.004911,False,True,RBC Heritage,2026-04-16 01:13:04 UTC
win,"Finau, Tony",11676,betonline,+22500,0.004425,False,False,RBC Heritage,2026-04-16 01:13:04 UTC
win,"Finau, Tony",11676,datagolf,+38117,0.002617,True,False,RBC Heritage,2026-04-16 01:13:04 UTC
win,"Kim, Michael",17543,bovada,+20000,0.004975,False,False,RBC Heritage,2026-04-16 01:13:04 UTC
win,"Kim, Michael",17543,fanduel,+22500,0.004425,False,False,RBC Heritage,2026-04-16 01:13:04 UTC
win,"Kim, Michael",17543,betcris,+19597,0.005077,False,True,RBC Heritage,2026-04-16 01:13:04 UTC
win,"Kim, Michael",17543,caesars,+12500,0.007937,False,False,RBC Heritage,2026-04-16 01:13:04 UTC
win,"Kim, Michael",17543,draftkings,+24000,0.004149,False,False,RBC Heritage,2026-04-16 01:13:04 UTC
win,"Kim, Michael",17543,betmgm,+17500,0.005682,False,False,RBC Heritage,2026-04-16 01:13:04 UTC
win,"Kim, Michael",17543,unibet,+20000,0.004975,False,False,RBC Heritage,2026-04-16 01:13:04 UTC
win,"Kim, Michael",17543,pointsbet,+30000,0.003322,False,False,RBC Heritage,2026-04-16 01:13:04 UTC
win,"Kim, Michael",17543,bet365,+17500,0.005682,False,True,RBC Heritage,2026-04-16 01:13:04 UTC
win,"Kim, Michael",17543,pinnacle,+32205,0.003095,False,True,RBC Heritage,2026-04-16 01:13:04 UTC
win,"Kim, Michael",17543,betonline,+32500,0.003067,False,False,RBC Heritage,2026-04-16 01:13:04 UTC
win,"Kim, Michael",17543,datagolf,+39900,0.0025,True,False,RBC Heritage,2026-04-16 01:13:04 UTC
win,"Pendrith, Taylor",17780,bovada,+20000,0.004975,False,False,RBC Heritage,2026-04-16 01:13:04 UTC
win,"Pendrith, Taylor",17780,fanduel,+17500,0.005682,False,False,RBC Heritage,2026-04-16 01:13:04 UTC
win,"Pendrith, Taylor",17780,betcris,+16328,0.006087,False,True,RBC Heritage,2026-04-16 01:13:04 UTC
win,"Pendrith, Taylor",17780,caesars,+20000,0.004975,False,False,RBC Heritage,2026-04-16 01:13:04 UTC
win,"Pendrith, Taylor",17780,draftkings,+19500,0.005102,False,False,RBC Heritage,2026-04-16 01:13:04 UTC
win,"Pendrith, Taylor",17780,betmgm,+15000,0.006623,False,False,RBC Heritage,2026-04-16 01:13:04 UTC
win,"Pendrith, Taylor",17780,unibet,+16000,0.006211,False,False,RBC Heritage,2026-04-16 01:13:04 UTC
win,"Pendrith, Taylor",17780,pointsbet,+20000,0.004975,False,False,RBC Heritage,2026-04-16 01:13:04 UTC
win,"Pendrith, Taylor",17780,bet365,+17500,0.005682,False,True,RBC Heritage,2026-04-16 01:13:04 UTC
win,"Pendrith, Taylor",17780,pinnacle,+23954,0.004157,False,True,RBC Heritage,2026-04-16 01:13:04 UTC
win,"Pendrith, Taylor",17780,betonline,+25000,0.003984,False,False,RBC Heritage,2026-04-16 01:13:04 UTC
win,"Pendrith, Taylor",17780,datagolf,+41567,0.0024,True,False,RBC Heritage,2026-04-16 01:13:04 UTC
win,"Valimaki, Sami",23816,bovada,+20000,0.004975,False,False,RBC Heritage,2026-04-16 01:13:04 UTC
win,"Valimaki, Sami",23816,fanduel,+22500,0.004425,False,False,RBC Heritage,2026-04-16 01:13:04 UTC
win,"Valimaki, Sami",23816,betcris,+15311,0.006489,False,True,RBC Heritage,2026-04-16 01:13:04 UTC
win,"Valimaki, Sami",23816,caesars,+17500,0.005682,False,False,RBC Heritage,2026-04-16 01:13:04 UTC
win,"Valimaki, Sami",23816,draftkings,+29000,0.003436,False,False,RBC Heritage,2026-04-16 01:13:04 UTC
win,"Valimaki, Sami",23816,betmgm,+25000,0.003984,False,False,RBC Heritage,2026-04-16 01:13:04 UTC
win,"Valimaki, Sami",23816,unibet,+25000,0.003984,False,False,RBC Heritage,2026-04-16 01:13:04 UTC
win,"Valimaki, Sami",23816,pointsbet,+30000,0.003322,False,False,RBC Heritage,2026-04-16 01:13:04 UTC
win,"Valimaki, Sami",23816,bet365,+25000,0.003984,False,True,RBC Heritage,2026-04-16 01:13:04 UTC
win,"Valimaki, Sami",23816,pinnacle,+25430,0.003917,False,True,RBC Heritage,2026-04-16 01:13:04 UTC
win,"Valimaki, Sami",23816,betonline,+25000,0.003984,False,False,RBC Heritage,2026-04-16 01:13:04 UTC
win,"Valimaki, Sami",23816,datagolf,+45702,0.002183,True,False,RBC Heritage,2026-04-16 01:13:04 UTC
win,"Echavarria, Nico",22833,bovada,+20000,0.004975,False,False,RBC Heritage,2026-04-16 01:13:04 UTC
win,"Echavarria, Nico",22833,fanduel,+22500,0.004425,False,False,RBC Heritage,2026-04-16 01:13:04 UTC
win,"Echavarria, Nico",22833,betcris,+25481,0.003909,False,True,RBC Heritage,2026-04-16 01:13:04 UTC
win,"Echavarria, Nico",22833,caesars,+22500,0.004425,False,False,RBC Heritage,2026-04-16 01:13:04 UTC
win,"Echavarria, Nico",22833,draftkings,+33000,0.003021,False,False,RBC Heritage,2026-04-16 01:13:04 UTC
win,"Echavarria, Nico",22833,betmgm,+20000,0.004975,False,False,RBC Heritage,2026-04-16 01:13:04 UTC
win,"Echavarria, Nico",22833,unibet,+16000,0.006211,False,False,RBC Heritage,2026-04-16 01:13:04 UTC
win,"Echavarria, Nico",22833,pointsbet,+30000,0.003322,False,False,RBC Heritage,2026-04-16 01:13:04 UTC
win,"Echavarria, Nico",22833,bet365,+20000,0.004975,False,True,RBC Heritage,2026-04-16 01:13:04 UTC
win,"Echavarria, Nico",22833,pinnacle,+29951,0.003328,False,True,RBC Heritage,2026-04-16 01:13:04 UTC
win,"Echavarria, Nico",22833,betonline,+27500,0.003623,False,False,RBC Heritage,2026-04-16 01:13:04 UTC
win,"Echavarria, Nico",22833,datagolf,+49080,0.002033,True,False,RBC Heritage,2026-04-16 01:13:04 UTC
win,"Blanchet, Chandler",24956,bovada,+30000,0.003322,False,False,RBC Heritage,2026-04-16 01:13:04 UTC
win,"Blanchet, Chandler",24956,fanduel,+25000,0.003984,False,False,RBC Heritage,2026-04-16 01:13:04 UTC
win,"Blanchet, Chandler",24956,betcris,+29045,0.003431,False,True,RBC Heritage,2026-04-16 01:13:04 UTC
win,"Blanchet, Chandler",24956,caesars,+30000,0.003322,False,False,RBC Heritage,2026-04-16 01:13:04 UTC
win,"Blanchet, Chandler",24956,draftkings,+52500,0.001901,False,False,RBC Heritage,2026-04-16 01:13:04 UTC
win,"Blanchet, Chandler",24956,betmgm,+25000,0.003984,False,False,RBC Heritage,2026-04-16 01:13:04 UTC
win,"Blanchet, Chandler",24956,unibet,+35000,0.002849,False,False,RBC Heritage,2026-04-16 01:13:04 UTC
win,"Blanchet, Chandler",24956,pointsbet,+35000,0.002849,False,False,RBC Heritage,2026-04-16 01:13:04 UTC
win,"Blanchet, Chandler",24956,bet365,+35000,0.002849,False,True,RBC Heritage,2026-04-16 01:13:04 UTC
win,"Blanchet, Chandler",24956,pinnacle,+39887,0.002501,False,True,RBC Heritage,2026-04-16 01:13:04 UTC
win,"Blanchet, Chandler",24956,betonline,+40000,0.002494,False,False,RBC Heritage,2026-04-16 01:13:04 UTC
win,"Blanchet, Chandler",24956,datagolf,+54946,0.001817,True,False,RBC Heritage,2026-04-16 01:13:04 UTC
win,"Fox, Ryan",11889,bovada,+25000,0.003984,False,False,RBC Heritage,2026-04-16 01:13:04 UTC
win,"Fox, Ryan",11889,fanduel,+22500,0.004425,False,False,RBC Heritage,2026-04-16 01:13:04 UTC
win,"Fox, Ryan",11889,betcris,+20904,0.004761,False,True,RBC Heritage,2026-04-16 01:13:04 UTC
win,"Fox, Ryan",11889,caesars,+22500,0.004425,False,False,RBC Heritage,2026-04-16 01:13:04 UTC
win,"Fox, Ryan",11889,draftkings,+30000,0.003322,False,False,RBC Heritage,2026-04-16 01:13:04 UTC
win,"Fox, Ryan",11889,betmgm,+20000,0.004975,False,False,RBC Heritage,2026-04-16 01:13:04 UTC
win,"Fox, Ryan",11889,unibet,+25000,0.003984,False,False,RBC Heritage,2026-04-16 01:13:04 UTC
win,"Fox, Ryan",11889,pointsbet,+30000,0.003322,False,False,RBC Heritage,2026-04-16 01:13:04 UTC
win,"Fox, Ryan",11889,bet365,+25000,0.003984,False,True,RBC Heritage,2026-04-16 01:13:04 UTC
win,"Fox, Ryan",11889,pinnacle,+40715,0.00245,False,True,RBC Heritage,2026-04-16 01:13:04 UTC
win,"Fox, Ryan",11889,betonline,+32500,0.003067,False,False,RBC Heritage,2026-04-16 01:13:04 UTC
win,"Fox, Ryan",11889,datagolf,+57043,0.00175,True,False,RBC Heritage,2026-04-16 01:13:04 UTC
win,"Mouw, William",29770,bovada,+35000,0.002849,False,False,RBC Heritage,2026-04-16 01:13:04 UTC
win,"Mouw, William",29770,fanduel,+35000,0.002849,False,False,RBC Heritage,2026-04-16 01:13:04 UTC
win,"Mouw, William",29770,betcris,+25481,0.003909,False,True,RBC Heritage,2026-04-16 01:13:04 UTC
win,"Mouw, William",29770,caesars,+35000,0.002849,False,False,RBC Heritage,2026-04-16 01:13:04 UTC
win,"Mouw, William",29770,draftkings,+45000,0.002217,False,False,RBC Heritage,2026-04-16 01:13:04 UTC
win,"Mouw, William",29770,betmgm,+25000,0.003984,False,False,RBC Heritage,2026-04-16 01:13:04 UTC
win,"Mouw, William",29770,unibet,+37500,0.00266,False,False,RBC Heritage,2026-04-16 01:13:04 UTC
win,"Mouw, William",29770,pointsbet,+35000,0.002849,False,False,RBC Heritage,2026-04-16 01:13:04 UTC
win,"Mouw, William",29770,bet365,+30000,0.003322,False,True,RBC Heritage,2026-04-16 01:13:04 UTC
win,"Mouw, William",29770,pinnacle,+45930,0.002172,False,True,RBC Heritage,2026-04-16 01:13:04 UTC
win,"Mouw, William",29770,betonline,+40000,0.002494,False,False,RBC Heritage,2026-04-16 01:13:04 UTC
win,"Mouw, William",29770,datagolf,+58152,0.001717,True,False,RBC Heritage,2026-04-16 01:13:04 UTC
win,"Rodgers, Patrick",16283,bovada,+25000,0.003984,False,False,RBC Heritage,2026-04-16 01:13:04 UTC
win,"Rodgers, Patrick",16283,fanduel,+25000,0.003984,False,False,RBC Heritage,2026-04-16 01:13:04 UTC
win,"Rodgers, Patrick",16283,betcris,+24975,0.003988,False,True,RBC Heritage,2026-04-16 01:13:04 UTC
win,"Rodgers, Patrick",16283,caesars,+20000,0.004975,False,False,RBC Heritage,2026-04-16 01:13:04 UTC
win,"Rodgers, Patrick",16283,draftkings,+29000,0.003436,False,False,RBC Heritage,2026-04-16 01:13:04 UTC
win,"Rodgers, Patrick",16283,betmgm,+25000,0.003984,False,False,RBC Heritage,2026-04-16 01:13:04 UTC
win,"Rodgers, Patrick",16283,unibet,+25000,0.003984,False,False,RBC Heritage,2026-04-16 01:13:04 UTC
win,"Rodgers, Patrick",16283,pointsbet,+35000,0.002849,False,False,RBC Heritage,2026-04-16 01:13:04 UTC
win,"Rodgers, Patrick",16283,bet365,+25000,0.003984,False,True,RBC Heritage,2026-04-16 01:13:04 UTC
win,"Rodgers, Patrick",16283,pinnacle,+33939,0.002938,False,True,RBC Heritage,2026-04-16 01:13:04 UTC
win,"Rodgers, Patrick",16283,betonline,+30000,0.003322,False,False,RBC Heritage,2026-04-16 01:13:04 UTC
win,"Rodgers, Patrick",16283,datagolf,+65117,0.001533,True,False,RBC Heritage,2026-04-16 01:13:04 UTC
win,"Keefer, Johnny",32457,bovada,+30000,0.003322,False,False,RBC Heritage,2026-04-16 01:13:04 UTC
win,"Keefer, Johnny",32457,fanduel,+35000,0.002849,False,False,RBC Heritage,2026-04-16 01:13:04 UTC
win,"Keefer, Johnny",32457,betcris,+20394,0.004879,False,True,RBC Heritage,2026-04-16 01:13:04 UTC
win,"Keefer, Johnny",32457,caesars,+25000,0.003984,False,False,RBC Heritage,2026-04-16 01:13:04 UTC
win,"Keefer, Johnny",32457,draftkings,+38000,0.002625,False,False,RBC Heritage,2026-04-16 01:13:04 UTC
win,"Keefer, Johnny",32457,betmgm,+25000,0.003984,False,False,RBC Heritage,2026-04-16 01:13:04 UTC
win,"Keefer, Johnny",32457,unibet,+30000,0.003322,False,False,RBC Heritage,2026-04-16 01:13:04 UTC
win,"Keefer, Johnny",32457,pointsbet,+35000,0.002849,False,False,RBC Heritage,2026-04-16 01:13:04 UTC
win,"Keefer, Johnny",32457,bet365,+35000,0.002849,False,True,RBC Heritage,2026-04-16 01:13:04 UTC
win,"Keefer, Johnny",32457,pinnacle,+32068,0.003109,False,True,RBC Heritage,2026-04-16 01:13:04 UTC
win,"Keefer, Johnny",32457,betonline,+35000,0.002849,False,False,RBC Heritage,2026-04-16 01:13:04 UTC
win,"Keefer, Johnny",32457,datagolf,+68866,0.00145,True,False,RBC Heritage,2026-04-16 01:13:04 UTC
win,"Horschel, Billy",11276,bovada,+20000,0.004975,False,False,RBC Heritage,2026-04-16 01:13:04 UTC
win,"Horschel, Billy",11276,fanduel,+22500,0.004425,False,False,RBC Heritage,2026-04-16 01:13:04 UTC
win,"Horschel, Billy",11276,betcris,+24975,0.003988,False,True,RBC Heritage,2026-04-16 01:13:04 UTC
win,"Horschel, Billy",11276,caesars,+30000,0.003322,False,False,RBC Heritage,2026-04-16 01:13:04 UTC
win,"Horschel, Billy",11276,draftkings,+25000,0.003984,False,False,RBC Heritage,2026-04-16 01:13:04 UTC
win,"Horschel, Billy",11276,betmgm,+15000,0.006623,False,False,RBC Heritage,2026-04-16 01:13:04 UTC
win,"Horschel, Billy",11276,unibet,+16000,0.006211,False,False,RBC Heritage,2026-04-16 01:13:04 UTC
win,"Horschel, Billy",11276,pointsbet,+30000,0.003322,False,False,RBC Heritage,2026-04-16 01:13:04 UTC
win,"Horschel, Billy",11276,bet365,+17000,0.005848,False,True,RBC Heritage,2026-04-16 01:13:04 UTC
win,"Horschel, Billy",11276,pinnacle,+27266,0.003654,False,True,RBC Heritage,2026-04-16 01:13:04 UTC
win,"Horschel, Billy",11276,betonline,+30000,0.003322,False,False,RBC Heritage,2026-04-16 01:13:04 UTC
win,"Horschel, Billy",11276,datagolf,+74900,0.001333,True,False,RBC Heritage,2026-04-16 01:13:04 UTC
win,"Lipsky, David",15980,bovada,+50000,0.001996,False,False,RBC Heritage,2026-04-16 01:13:04 UTC
win,"Lipsky, David",15980,fanduel,+50000,0.001996,False,False,RBC Heritage,2026-04-16 01:13:04 UTC
win,"Lipsky, David",15980,betcris,+29041,0.003432,False,True,RBC Heritage,2026-04-16 01:13:04 UTC
win,"Lipsky, David",15980,caesars,+40000,0.002494,False,False,RBC Heritage,2026-04-16 01:13:04 UTC
win,"Lipsky, David",15980,draftkings,+52500,0.001901,False,False,RBC Heritage,2026-04-16 01:13:04 UTC
win,"Lipsky, David",15980,betmgm,+40000,0.002494,False,False,RBC Heritage,2026-04-16 01:13:04 UTC
win,"Lipsky, David",15980,unibet,+47500,0.002101,False,False,RBC Heritage,2026-04-16 01:13:04 UTC
win,"Lipsky, David",15980,pointsbet,+40000,0.002494,False,False,RBC Heritage,2026-04-16 01:13:04 UTC
win,"Lipsky, David",15980,bet365,+50000,0.001996,False,True,RBC Heritage,2026-04-16 01:13:04 UTC
win,"Lipsky, David",15980,pinnacle,+33343,0.00299,False,True,RBC Heritage,2026-04-16 01:13:04 UTC
win,"Lipsky, David",15980,betonline,+30000,0.003322,False,False,RBC Heritage,2026-04-16 01:13:04 UTC
win,"Lipsky, David",15980,datagolf,+77822,0.001283,True,False,RBC Heritage,2026-04-16 01:13:04 UTC
win,"Fisk, Steven",26657,bovada,+50000,0.001996,False,False,RBC Heritage,2026-04-16 01:13:04 UTC
win,"Fisk, Steven",26657,fanduel,+35000,0.002849,False,False,RBC Heritage,2026-04-16 01:13:04 UTC
win,"Fisk, Steven",26657,betcris,+31045,0.003211,False,True,RBC Heritage,2026-04-16 01:13:04 UTC
win,"Fisk, Steven",26657,caesars,+35000,0.002849,False,False,RBC Heritage,2026-04-16 01:13:04 UTC
win,"Fisk, Steven",26657,draftkings,+50000,0.001996,False,False,RBC Heritage,2026-04-16 01:13:04 UTC
win,"Fisk, Steven",26657,betmgm,+35000,0.002849,False,False,RBC Heritage,2026-04-16 01:13:04 UTC
win,"Fisk, Steven",26657,unibet,+47500,0.002101,False,False,RBC Heritage,2026-04-16 01:13:04 UTC
win,"Fisk, Steven",26657,pointsbet,+35000,0.002849,False,False,RBC Heritage,2026-04-16 01:13:04 UTC
win,"Fisk, Steven",26657,bet365,+50000,0.001996,False,True,RBC Heritage,2026-04-16 01:13:04 UTC
win,"Fisk, Steven",26657,pinnacle,+50959,0.001959,False,True,RBC Heritage,2026-04-16 01:13:04 UTC
win,"Fisk, Steven",26657,betonline,+50000,0.001996,False,False,RBC Heritage,2026-04-16 01:13:04 UTC
win,"Fisk, Steven",26657,datagolf,+92208,0.001083,True,False,RBC Heritage,2026-04-16 01:13:04 UTC
win,"Glover, Lucas",7399,bovada,+50000,0.001996,False,False,RBC Heritage,2026-04-16 01:13:04 UTC
win,"Glover, Lucas",7399,fanduel,+50000,0.001996,False,False,RBC Heritage,2026-04-16 01:13:04 UTC
win,"Glover, Lucas",7399,betcris,+30336,0.003286,False,True,RBC Heritage,2026-04-16 01:13:04 UTC
win,"Glover, Lucas",7399,caesars,+40000,0.002494,False,False,RBC Heritage,2026-04-16 01:13:04 UTC
win,"Glover, Lucas",7399,draftkings,+50000,0.001996,False,False,RBC Heritage,2026-04-16 01:13:04 UTC
win,"Glover, Lucas",7399,betmgm,+50000,0.001996,False,False,RBC Heritage,2026-04-16 01:13:04 UTC
win,"Glover, Lucas",7399,unibet,+42500,0.002347,False,False,RBC Heritage,2026-04-16 01:13:04 UTC
win,"Glover, Lucas",7399,pointsbet,+40000,0.002494,False,False,RBC Heritage,2026-04-16 01:13:04 UTC
win,"Glover, Lucas",7399,bet365,+40000,0.002494,False,True,RBC Heritage,2026-04-16 01:13:04 UTC
win,"Glover, Lucas",7399,pinnacle,+42550,0.002345,False,True,RBC Heritage,2026-04-16 01:13:04 UTC
win,"Glover, Lucas",7399,betonline,+50000,0.001996,False,False,RBC Heritage,2026-04-16 01:13:04 UTC
win,"Glover, Lucas",7399,datagolf,+101595,0.000983,True,False,RBC Heritage,2026-04-16 01:13:04 UTC
win,"Higgo, Garrick",24342,bovada,+50000,0.001996,False,False,RBC Heritage,2026-04-16 01:13:04 UTC
win,"Higgo, Garrick",24342,fanduel,+75000,0.001332,False,False,RBC Heritage,2026-04-16 01:13:04 UTC
win,"Higgo, Garrick",24342,betcris,+24975,0.003988,False,True,RBC Heritage,2026-04-16 01:13:04 UTC
win,"Higgo, Garrick",24342,caesars,+50000,0.001996,False,False,RBC Heritage,2026-04-16 01:13:04 UTC
win,"Higgo, Garrick",24342,draftkings,+70000,0.001427,False,False,RBC Heritage,2026-04-16 01:13:04 UTC
win,"Higgo, Garrick",24342,betmgm,+50000,0.001996,False,False,RBC Heritage,2026-04-16 01:13:04 UTC
win,"Higgo, Garrick",24342,unibet,+60000,0.001664,False,False,RBC Heritage,2026-04-16 01:13:04 UTC
win,"Higgo, Garrick",24342,pointsbet,+40000,0.002494,False,False,RBC Heritage,2026-04-16 01:13:04 UTC
win,"Higgo, Garrick",24342,bet365,+40000,0.002494,False,True,RBC Heritage,2026-04-16 01:13:04 UTC
win,"Higgo, Garrick",24342,pinnacle,+43903,0.002273,False,True,RBC Heritage,2026-04-16 01:13:04 UTC
win,"Higgo, Garrick",24342,betonline,+45000,0.002217,False,False,RBC Heritage,2026-04-16 01:13:04 UTC
win,"Higgo, Garrick",24342,datagolf,+127560,0.000783,True,False,RBC Heritage,2026-04-16 01:13:04 UTC
win,"Vegas, Jhonattan",13508,bovada,+60000,0.001664,False,False,RBC Heritage,2026-04-16 01:13:04 UTC
win,"Vegas, Jhonattan",13508,fanduel,+75000,0.001332,False,False,RBC Heritage,2026-04-16 01:13:04 UTC
win,"Vegas, Jhonattan",13508,betcris,+35653,0.002797,False,True,RBC Heritage,2026-04-16 01:13:04 UTC
win,"Vegas, Jhonattan",13508,caesars,+50000,0.001996,False,False,RBC Heritage,2026-04-16 01:13:04 UTC
win,"Vegas, Jhonattan",13508,draftkings,+75000,0.001332,False,False,RBC Heritage,2026-04-16 01:13:04 UTC
win,"Vegas, Jhonattan",13508,betmgm,+40000,0.002494,False,False,RBC Heritage,2026-04-16 01:13:04 UTC
win,"Vegas, Jhonattan",13508,unibet,+60000,0.001664,False,False,RBC Heritage,2026-04-16 01:13:04 UTC
win,"Vegas, Jhonattan",13508,pointsbet,+40000,0.002494,False,False,RBC Heritage,2026-04-16 01:13:04 UTC
win,"Vegas, Jhonattan",13508,bet365,+60000,0.001664,False,True,RBC Heritage,2026-04-16 01:13:04 UTC
win,"Vegas, Jhonattan",13508,pinnacle,+76015,0.001314,False,True,RBC Heritage,2026-04-16 01:13:04 UTC
win,"Vegas, Jhonattan",13508,betonline,+80000,0.001248,False,False,RBC Heritage,2026-04-16 01:13:04 UTC
win,"Vegas, Jhonattan",13508,datagolf,+139435,0.000717,True,False,RBC Heritage,2026-04-16 01:13:04 UTC
win,"Hoge, Tom",15575,bovada,+50000,0.001996,False,False,RBC Heritage,2026-04-16 01:13:04 UTC
win,"Hoge, Tom",15575,fanduel,+75000,0.001332,False,False,RBC Heritage,2026-04-16 01:13:04 UTC
win,"Hoge, Tom",15575,betcris,+35146,0.002837,False,True,RBC Heritage,2026-04-16 01:13:04 UTC
win,"Hoge, Tom",15575,caesars,+40000,0.002494,False,False,RBC Heritage,2026-04-16 01:13:04 UTC
win,"Hoge, Tom",15575,draftkings,+85000,0.001175,False,False,RBC Heritage,2026-04-16 01:13:04 UTC
win,"Hoge, Tom",15575,betmgm,+50000,0.001996,False,False,RBC Heritage,2026-04-16 01:13:04 UTC
win,"Hoge, Tom",15575,unibet,+47500,0.002101,False,False,RBC Heritage,2026-04-16 01:13:04 UTC
win,"Hoge, Tom",15575,pointsbet,+40000,0.002494,False,False,RBC Heritage,2026-04-16 01:13:04 UTC
win,"Hoge, Tom",15575,bet365,+50000,0.001996,False,True,RBC Heritage,2026-04-16 01:13:04 UTC
win,"Hoge, Tom",15575,pinnacle,+44688,0.002233,False,True,RBC Heritage,2026-04-16 01:13:04 UTC
win,"Hoge, Tom",15575,betonline,+40000,0.002494,False,False,RBC Heritage,2026-04-16 01:13:04 UTC
win,"Hoge, Tom",15575,datagolf,+149900,0.000667,True,False,RBC Heritage,2026-04-16 01:13:04 UTC
win,"Schenk, Adam",19477,bovada,+100000,0.000999,False,False,RBC Heritage,2026-04-16 01:13:04 UTC
win,"Schenk, Adam",19477,fanduel,+100000,0.000999,False,False,RBC Heritage,2026-04-16 01:13:04 UTC
win,"Schenk, Adam",19477,betcris,+39214,0.002544,False,True,RBC Heritage,2026-04-16 01:13:04 UTC
win,"Schenk, Adam",19477,caesars,+40000,0.002494,False,False,RBC Heritage,2026-04-16 01:13:04 UTC
win,"Schenk, Adam",19477,draftkings,+200000,0.0005,False,False,RBC Heritage,2026-04-16 01:13:04 UTC
win,"Schenk, Adam",19477,betmgm,+75000,0.001332,False,False,RBC Heritage,2026-04-16 01:13:04 UTC
win,"Schenk, Adam",19477,unibet,+70000,0.001427,False,False,RBC Heritage,2026-04-16 01:13:04 UTC
win,"Schenk, Adam",19477,pointsbet,+90000,0.00111,False,False,RBC Heritage,2026-04-16 01:13:04 UTC
win,"Schenk, Adam",19477,bet365,+75000,0.001332,False,True,RBC Heritage,2026-04-16 01:13:04 UTC
win,"Schenk, Adam",19477,pinnacle,+71320,0.0014,False,True,RBC Heritage,2026-04-16 01:13:04 UTC
win,"Schenk, Adam",19477,betonline,+125000,0.000799,False,False,RBC Heritage,2026-04-16 01:13:04 UTC
win,"Schenk, Adam",19477,datagolf,+214186,0.000467,True,False,RBC Heritage,2026-04-16 01:13:04 UTC
win,"Vilips, Karl",24304,bovada,+40000,0.002494,False,False,RBC Heritage,2026-04-16 01:13:04 UTC
win,"Vilips, Karl",24304,fanduel,+50000,0.001996,False,False,RBC Heritage,2026-04-16 01:13:04 UTC
win,"Vilips, Karl",24304,betcris,+33112,0.003011,False,True,RBC Heritage,2026-04-16 01:13:04 UTC
win,"Vilips, Karl",24304,caesars,+40000,0.002494,False,False,RBC Heritage,2026-04-16 01:13:04 UTC
win,"Vilips, Karl",24304,draftkings,+82500,0.001211,False,False,RBC Heritage,2026-04-16 01:13:04 UTC
win,"Vilips, Karl",24304,betmgm,+35000,0.002849,False,False,RBC Heritage,2026-04-16 01:13:04 UTC
win,"Vilips, Karl",24304,unibet,+42500,0.002347,False,False,RBC Heritage,2026-04-16 01:13:04 UTC
win,"Vilips, Karl",24304,pointsbet,+40000,0.002494,False,False,RBC Heritage,2026-04-16 01:13:04 UTC
win,"Vilips, Karl",24304,bet365,+40000,0.002494,False,True,RBC Heritage,2026-04-16 01:13:04 UTC
win,"Vilips, Karl",24304,pinnacle,+54131,0.001844,False,True,RBC Heritage,2026-04-16 01:13:04 UTC
win,"Vilips, Karl",24304,betonline,+60000,0.001664,False,False,RBC Heritage,2026-04-16 01:13:04 UTC
win,"Vilips, Karl",24304,datagolf,+222122,0.00045,True,False,RBC Heritage,2026-04-16 01:13:04 UTC
win,"Potgieter, Aldrich",27900,bovada,+50000,0.001996,False,False,RBC Heritage,2026-04-16 01:13:04 UTC
win,"Potgieter, Aldrich",27900,fanduel,+35000,0.002849,False,False,RBC Heritage,2026-04-16 01:13:04 UTC
win,"Potgieter, Aldrich",27900,betcris,+28023,0.003556,False,True,RBC Heritage,2026-04-16 01:13:04 UTC
win,"Potgieter, Aldrich",27900,caesars,+30000,0.003322,False,False,RBC Heritage,2026-04-16 01:13:04 UTC
win,"Potgieter, Aldrich",27900,draftkings,+90000,0.00111,False,False,RBC Heritage,2026-04-16 01:13:04 UTC
win,"Potgieter, Aldrich",27900,betmgm,+50000,0.001996,False,False,RBC Heritage,2026-04-16 01:13:04 UTC
win,"Potgieter, Aldrich",27900,unibet,+60000,0.001664,False,False,RBC Heritage,2026-04-16 01:13:04 UTC
win,"Potgieter, Aldrich",27900,pointsbet,+35000,0.002849,False,False,RBC Heritage,2026-04-16 01:13:04 UTC
win,"Potgieter, Aldrich",27900,bet365,+60000,0.001664,False,True,RBC Heritage,2026-04-16 01:13:04 UTC
win,"Potgieter, Aldrich",27900,pinnacle,+53776,0.001856,False,True,RBC Heritage,2026-04-16 01:13:04 UTC
win,"Potgieter, Aldrich",27900,betonline,+50000,0.001996,False,False,RBC Heritage,2026-04-16 01:13:04 UTC
win,"Potgieter, Aldrich",27900,datagolf,+239900,0.000417,True,False,RBC Heritage,2026-04-16 01:13:04 UTC
win,"Campbell, Brian",18628,bovada,+30000,0.003322,False,False,RBC Heritage,2026-04-16 01:13:04 UTC
win,"Campbell, Brian",18628,fanduel,+22500,0.004425,False,False,RBC Heritage,2026-04-16 01:13:04 UTC
win,"Campbell, Brian",18628,betcris,+30336,0.003286,False,True,RBC Heritage,2026-04-16 01:13:04 UTC
win,"Campbell, Brian",18628,caesars,+20000,0.004975,False,False,RBC Heritage,2026-04-16 01:13:04 UTC
win,"Campbell, Brian",18628,draftkings,+70000,0.001427,False,False,RBC Heritage,2026-04-16 01:13:04 UTC
win,"Campbell, Brian",18628,betmgm,+35000,0.002849,False,False,RBC Heritage,2026-04-16 01:13:04 UTC
win,"Campbell, Brian",18628,unibet,+47500,0.002101,False,False,RBC Heritage,2026-04-16 01:13:04 UTC
win,"Campbell, Brian",18628,pointsbet,+30000,0.003322,False,False,RBC Heritage,2026-04-16 01:13:04 UTC
win,"Campbell, Brian",18628,bet365,+35000,0.002849,False,True,RBC Heritage,2026-04-16 01:13:04 UTC
win,"Campbell, Brian",18628,pinnacle,+44136,0.002261,False,True,RBC Heritage,2026-04-16 01:13:04 UTC
win,"Campbell, Brian",18628,betonline,+32500,0.003067,False,False,RBC Heritage,2026-04-16 01:13:04 UTC
win,"Campbell, Brian",18628,datagolf,+249900,0.0004,True,False,RBC Heritage,2026-04-16 01:13:04 UTC
win,"Highsmith, Joe",28469,bovada,+100000,0.000999,False,False,RBC Heritage,2026-04-16 01:13:04 UTC
win,"Highsmith, Joe",28469,fanduel,+100000,0.000999,False,False,RBC Heritage,2026-04-16 01:13:04 UTC
win,"Highsmith, Joe",28469,betcris,+35335,0.002822,False,True,RBC Heritage,2026-04-16 01:13:04 UTC
win,"Highsmith, Joe",28469,caesars,+75000,0.001332,False,False,RBC Heritage,2026-04-16 01:13:04 UTC
win,"Highsmith, Joe",28469,draftkings,+180000,0.000555,False,False,RBC Heritage,2026-04-16 01:13:04 UTC
win,"Highsmith, Joe",28469,betmgm,+75000,0.001332,False,False,RBC Heritage,2026-04-16 01:13:04 UTC
win,"Highsmith, Joe",28469,unibet,+100000,0.000999,False,False,RBC Heritage,2026-04-16 01:13:04 UTC
win,"Highsmith, Joe",28469,pointsbet,+90000,0.00111,False,False,RBC Heritage,2026-04-16 01:13:04 UTC
win,"Highsmith, Joe",28469,bet365,+100000,0.000999,False,True,RBC Heritage,2026-04-16 01:13:04 UTC
win,"Highsmith, Joe",28469,pinnacle,+91138,0.001096,False,True,RBC Heritage,2026-04-16 01:13:04 UTC
win,"Highsmith, Joe",28469,betonline,+100000,0.000999,False,False,RBC Heritage,2026-04-16 01:13:04 UTC
win,"Highsmith, Joe",28469,datagolf,+428471,0.000233,True,False,RBC Heritage,2026-04-16 01:13:04 UTC
top_5,"Scheffler, Scottie",18417,bovada,-135,0.574468,False,False,RBC Heritage,2026-04-16 01:13:04 UTC
top_5,"Scheffler, Scottie",18417,fanduel,+105,0.487805,False,False,RBC Heritage,2026-04-16 01:13:04 UTC
top_5,"Scheffler, Scottie",18417,caesars,-130,0.565217,False,False,RBC Heritage,2026-04-16 01:13:04 UTC
top_5,"Scheffler, Scottie",18417,draftkings,-102,0.50495,False,False,RBC Heritage,2026-04-16 01:13:04 UTC
top_5,"Scheffler, Scottie",18417,betmgm,-133,0.570815,False,False,RBC Heritage,2026-04-16 01:13:04 UTC
top_5,"Scheffler, Scottie",18417,unibet,+100,0.5,False,False,RBC Heritage,2026-04-16 01:13:04 UTC
top_5,"Scheffler, Scottie",18417,pointsbet,+115,0.465116,False,False,RBC Heritage,2026-04-16 01:13:04 UTC
top_5,"Scheffler, Scottie",18417,bet365,-105,0.512195,False,True,RBC Heritage,2026-04-16 01:13:04 UTC
top_5,"Scheffler, Scottie",18417,pinnacle,-110,0.52381,False,True,RBC Heritage,2026-04-16 01:13:04 UTC
top_5,"Scheffler, Scottie",18417,betonline,+100,0.5,False,False,RBC Heritage,2026-04-16 01:13:04 UTC
top_5,"Scheffler, Scottie",18417,datagolf,+160,0.384615,True,False,RBC Heritage,2026-04-16 01:13:04 UTC
top_5,"Schauffele, Xander",19895,bovada,+250,0.285714,False,False,RBC Heritage,2026-04-16 01:13:04 UTC
top_5,"Schauffele, Xander",19895,fanduel,+340,0.227273,False,False,RBC Heritage,2026-04-16 01:13:04 UTC
top_5,"Schauffele, Xander",19895,caesars,+270,0.27027,False,False,RBC Heritage,2026-04-16 01:13:04 UTC
top_5,"Schauffele, Xander",19895,draftkings,+320,0.238095,False,False,RBC Heritage,2026-04-16 01:13:04 UTC
top_5,"Schauffele, Xander",19895,betmgm,+250,0.285714,False,False,RBC Heritage,2026-04-16 01:13:04 UTC
top_5,"Schauffele, Xander",19895,unibet,+320,0.238095,False,False,RBC Heritage,2026-04-16 01:13:04 UTC
top_5,"Schauffele, Xander",19895,pointsbet,+330,0.232558,False,False,RBC Heritage,2026-04-16 01:13:04 UTC
top_5,"Schauffele, Xander",19895,bet365,+320,0.238095,False,True,RBC Heritage,2026-04-16 01:13:04 UTC
top_5,"Schauffele, Xander",19895,betonline,+325,0.235294,False,False,RBC Heritage,2026-04-16 01:13:04 UTC
top_5,"Schauffele, Xander",19895,datagolf,+387,0.205339,True,False,RBC Heritage,2026-04-16 01:13:04 UTC
top_5,"Fitzpatrick, Matt",17646,bovada,+300,0.25,False,False,RBC Heritage,2026-04-16 01:13:04 UTC
top_5,"Fitzpatrick, Matt",17646,fanduel,+340,0.227273,False,False,RBC Heritage,2026-04-16 01:13:04 UTC
top_5,"Fitzpatrick, Matt",17646,caesars,+290,0.25641,False,False,RBC Heritage,2026-04-16 01:13:04 UTC
top_5,"Fitzpatrick, Matt",17646,draftkings,+355,0.21978,False,False,RBC Heritage,2026-04-16 01:13:04 UTC
top_5,"Fitzpatrick, Matt",17646,betmgm,+275,0.266667,False,False,RBC Heritage,2026-04-16 01:13:04 UTC
top_5,"Fitzpatrick, Matt",17646,unibet,+320,0.238095,False,False,RBC Heritage,2026-04-16 01:13:04 UTC
top_5,"Fitzpatrick, Matt",17646,pointsbet,+330,0.232558,False,False,RBC Heritage,2026-04-16 01:13:04 UTC
top_5,"Fitzpatrick, Matt",17646,bet365,+350,0.222222,False,True,RBC Heritage,2026-04-16 01:13:04 UTC
top_5,"Fitzpatrick, Matt",17646,betonline,+325,0.235294,False,False,RBC Heritage,2026-04-16 01:13:04 UTC
top_5,"Fitzpatrick, Matt",17646,datagolf,+369,0.21322,True,False,RBC Heritage,2026-04-16 01:13:04 UTC
top_5,"Young, Cameron",26651,bovada,+300,0.25,False,False,RBC Heritage,2026-04-16 01:13:04 UTC
top_5,"Young, Cameron",26651,fanduel,+380,0.208333,False,False,RBC Heritage,2026-04-16 01:13:04 UTC
top_5,"Young, Cameron",26651,caesars,+325,0.235294,False,False,RBC Heritage,2026-04-16 01:13:04 UTC
top_5,"Young, Cameron",26651,draftkings,+375,0.210526,False,False,RBC Heritage,2026-04-16 01:13:04 UTC
top_5,"Young, Cameron",26651,betmgm,+275,0.266667,False,False,RBC Heritage,2026-04-16 01:13:04 UTC
top_5,"Young, Cameron",26651,unibet,+375,0.210526,False,False,RBC Heritage,2026-04-16 01:13:04 UTC
top_5,"Young, Cameron",26651,pointsbet,+350,0.222222,False,False,RBC Heritage,2026-04-16 01:13:04 UTC
top_5,"Young, Cameron",26651,bet365,+350,0.222222,False,True,RBC Heritage,2026-04-16 01:13:04 UTC
top_5,"Young, Cameron",26651,betonline,+350,0.222222,False,False,RBC Heritage,2026-04-16 01:13:04 UTC
top_5,"Young, Cameron",26651,datagolf,+394,0.202429,True,False,RBC Heritage,2026-04-16 01:13:04 UTC
top_5,"Henley, Russell",14578,bovada,+350,0.222222,False,False,RBC Heritage,2026-04-16 01:13:04 UTC
top_5,"Henley, Russell",14578,fanduel,+340,0.227273,False,False,RBC Heritage,2026-04-16 01:13:04 UTC
top_5,"Henley, Russell",14578,caesars,+350,0.222222,False,False,RBC Heritage,2026-04-16 01:13:04 UTC
top_5,"Henley, Russell",14578,draftkings,+365,0.215054,False,False,RBC Heritage,2026-04-16 01:13:04 UTC
top_5,"Henley, Russell",14578,betmgm,+275,0.266667,False,False,RBC Heritage,2026-04-16 01:13:04 UTC
top_5,"Henley, Russell",14578,unibet,+375,0.210526,False,False,RBC Heritage,2026-04-16 01:13:04 UTC
top_5,"Henley, Russell",14578,pointsbet,+330,0.232558,False,False,RBC Heritage,2026-04-16 01:13:04 UTC
top_5,"Henley, Russell",14578,bet365,+350,0.222222,False,True,RBC Heritage,2026-04-16 01:13:04 UTC
top_5,"Henley, Russell",14578,betonline,+350,0.222222,False,False,RBC Heritage,2026-04-16 01:13:04 UTC
top_5,"Henley, Russell",14578,datagolf,+390,0.204082,True,False,RBC Heritage,2026-04-16 01:13:04 UTC
top_5,"Fleetwood, Tommy",12294,bovada,+375,0.210526,False,False,RBC Heritage,2026-04-16 01:13:04 UTC
top_5,"Fleetwood, Tommy",12294,fanduel,+430,0.188679,False,False,RBC Heritage,2026-04-16 01:13:04 UTC
top_5,"Fleetwood, Tommy",12294,caesars,+400,0.2,False,False,RBC Heritage,2026-04-16 01:13:04 UTC
top_5,"Fleetwood, Tommy",12294,draftkings,+390,0.204082,False,False,RBC Heritage,2026-04-16 01:13:04 UTC
top_5,"Fleetwood, Tommy",12294,betmgm,+400,0.2,False,False,RBC Heritage,2026-04-16 01:13:04 UTC
top_5,"Fleetwood, Tommy",12294,unibet,+375,0.210526,False,False,RBC Heritage,2026-04-16 01:13:04 UTC
top_5,"Fleetwood, Tommy",12294,pointsbet,+400,0.2,False,False,RBC Heritage,2026-04-16 01:13:04 UTC
top_5,"Fleetwood, Tommy",12294,bet365,+400,0.2,False,True,RBC Heritage,2026-04-16 01:13:04 UTC
top_5,"Fleetwood, Tommy",12294,betonline,+400,0.2,False,False,RBC Heritage,2026-04-16 01:13:04 UTC
top_5,"Fleetwood, Tommy",12294,datagolf,+489,0.169779,True,False,RBC Heritage,2026-04-16 01:13:04 UTC
top_5,"Morikawa, Collin",22085,bovada,+450,0.181818,False,False,RBC Heritage,2026-04-16 01:13:04 UTC
top_5,"Morikawa, Collin",22085,fanduel,+550,0.153846,False,False,RBC Heritage,2026-04-16 01:13:04 UTC
top_5,"Morikawa, Collin",22085,caesars,+475,0.173913,False,False,RBC Heritage,2026-04-16 01:13:04 UTC
top_5,"Morikawa, Collin",22085,draftkings,+460,0.178571,False,False,RBC Heritage,2026-04-16 01:13:04 UTC
top_5,"Morikawa, Collin",22085,betmgm,+400,0.2,False,False,RBC Heritage,2026-04-16 01:13:04 UTC
top_5,"Morikawa, Collin",22085,unibet,+550,0.153846,False,False,RBC Heritage,2026-04-16 01:13:04 UTC
top_5,"Morikawa, Collin",22085,pointsbet,+500,0.166667,False,False,RBC Heritage,2026-04-16 01:13:04 UTC
top_5,"Morikawa, Collin",22085,bet365,+550,0.153846,False,True,RBC Heritage,2026-04-16 01:13:04 UTC
top_5,"Morikawa, Collin",22085,betonline,+500,0.166667,False,False,RBC Heritage,2026-04-16 01:13:04 UTC
top_5,"Morikawa, Collin",22085,datagolf,+552,0.153374,True,False,RBC Heritage,2026-04-16 01:13:04 UTC
top_5,"Kim, Si Woo",14609,bovada,+500,0.166667,False,False,RBC Heritage,2026-04-16 01:13:04 UTC
top_5,"Kim, Si Woo",14609,fanduel,+600,0.142857,False,False,RBC Heritage,2026-04-16 01:13:04 UTC
top_5,"Kim, Si Woo",14609,caesars,+525,0.16,False,False,RBC Heritage,2026-04-16 01:13:04 UTC
top_5,"Kim, Si Woo",14609,draftkings,+550,0.153846,False,False,RBC Heritage,2026-04-16 01:13:04 UTC
top_5,"Kim, Si Woo",14609,betmgm,+500,0.166667,False,False,RBC Heritage,2026-04-16 01:13:04 UTC
top_5,"Kim, Si Woo",14609,unibet,+600,0.142857,False,False,RBC Heritage,2026-04-16 01:13:04 UTC
top_5,"Kim, Si Woo",14609,pointsbet,+500,0.166667,False,False,RBC Heritage,2026-04-16 01:13:04 UTC
top_5,"Kim, Si Woo",14609,bet365,+600,0.142857,False,True,RBC Heritage,2026-04-16 01:13:04 UTC
top_5,"Kim, Si Woo",14609,betonline,+550,0.153846,False,False,RBC Heritage,2026-04-16 01:13:04 UTC
top_5,"Kim, Si Woo",14609,datagolf,+576,0.147929,True,False,RBC Heritage,2026-04-16 01:13:04 UTC
top_5,"Aberg, Ludvig",23950,bovada,+450,0.181818,False,False,RBC Heritage,2026-04-16 01:13:04 UTC
top_5,"Aberg, Ludvig",23950,fanduel,+470,0.175439,False,False,RBC Heritage,2026-04-16 01:13:04 UTC
top_5,"Aberg, Ludvig",23950,caesars,+450,0.181818,False,False,RBC Heritage,2026-04-16 01:13:04 UTC
top_5,"Aberg, Ludvig",23950,draftkings,+435,0.186916,False,False,RBC Heritage,2026-04-16 01:13:04 UTC
top_5,"Aberg, Ludvig",23950,betmgm,+350,0.222222,False,False,RBC Heritage,2026-04-16 01:13:04 UTC
top_5,"Aberg, Ludvig",23950,unibet,+550,0.153846,False,False,RBC Heritage,2026-04-16 01:13:04 UTC
top_5,"Aberg, Ludvig",23950,pointsbet,+425,0.190476,False,False,RBC Heritage,2026-04-16 01:13:04 UTC
top_5,"Aberg, Ludvig",23950,bet365,+475,0.173913,False,True,RBC Heritage,2026-04-16 01:13:04 UTC
top_5,"Aberg, Ludvig",23950,betonline,+450,0.181818,False,False,RBC Heritage,2026-04-16 01:13:04 UTC
top_5,"Aberg, Ludvig",23950,datagolf,+621,0.138696,True,False,RBC Heritage,2026-04-16 01:13:04 UTC
top_5,"Cantlay, Patrick",15466,bovada,+375,0.210526,False,False,RBC Heritage,2026-04-16 01:13:04 UTC
top_5,"Cantlay, Patrick",15466,fanduel,+470,0.175439,False,False,RBC Heritage,2026-04-16 01:13:04 UTC
top_5,"Cantlay, Patrick",15466,caesars,+400,0.2,False,False,RBC Heritage,2026-04-16 01:13:04 UTC
top_5,"Cantlay, Patrick",15466,draftkings,+500,0.166667,False,False,RBC Heritage,2026-04-16 01:13:04 UTC
top_5,"Cantlay, Patrick",15466,betmgm,+400,0.2,False,False,RBC Heritage,2026-04-16 01:13:04 UTC
top_5,"Cantlay, Patrick",15466,unibet,+475,0.173913,False,False,RBC Heritage,2026-04-16 01:13:04 UTC
top_5,"Cantlay, Patrick",15466,pointsbet,+425,0.190476,False,False,RBC Heritage,2026-04-16 01:13:04 UTC
top_5,"Cantlay, Patrick",15466,bet365,+475,0.173913,False,True,RBC Heritage,2026-04-16 01:13:04 UTC
top_5,"Cantlay, Patrick",15466,betonline,+500,0.166667,False,False,RBC Heritage,2026-04-16 01:13:04 UTC
top_5,"Cantlay, Patrick",15466,datagolf,+684,0.127551,True,False,RBC Heritage,2026-04-16 01:13:04 UTC
top_5,"MacIntyre, Robert",23323,bovada,+500,0.166667,False,False,RBC Heritage,2026-04-16 01:13:04 UTC
top_5,"MacIntyre, Robert",23323,fanduel,+700,0.125,False,False,RBC Heritage,2026-04-16 01:13:04 UTC
top_5,"MacIntyre, Robert",23323,caesars,+625,0.137931,False,False,RBC Heritage,2026-04-16 01:13:04 UTC
top_5,"MacIntyre, Robert",23323,draftkings,+600,0.142857,False,False,RBC Heritage,2026-04-16 01:13:04 UTC
top_5,"MacIntyre, Robert",23323,betmgm,+650,0.133333,False,False,RBC Heritage,2026-04-16 01:13:04 UTC
top_5,"MacIntyre, Robert",23323,unibet,+600,0.142857,False,False,RBC Heritage,2026-04-16 01:13:04 UTC
top_5,"MacIntyre, Robert",23323,pointsbet,+650,0.133333,False,False,RBC Heritage,2026-04-16 01:13:04 UTC
top_5,"MacIntyre, Robert",23323,bet365,+650,0.133333,False,True,RBC Heritage,2026-04-16 01:13:04 UTC
top_5,"MacIntyre, Robert",23323,betonline,+600,0.142857,False,False,RBC Heritage,2026-04-16 01:13:04 UTC
top_5,"MacIntyre, Robert",23323,datagolf,+704,0.124378,True,False,RBC Heritage,2026-04-16 01:13:04 UTC
top_5,"McNealy, Maverick",18634,bovada,+500,0.166667,False,False,RBC Heritage,2026-04-16 01:13:04 UTC
top_5,"McNealy, Maverick",18634,fanduel,+650,0.133333,False,False,RBC Heritage,2026-04-16 01:13:04 UTC
top_5,"McNealy, Maverick",18634,caesars,+575,0.148148,False,False,RBC Heritage,2026-04-16 01:13:04 UTC
top_5,"McNealy, Maverick",18634,draftkings,+700,0.125,False,False,RBC Heritage,2026-04-16 01:13:04 UTC
top_5,"McNealy, Maverick",18634,betmgm,+550,0.153846,False,False,RBC Heritage,2026-04-16 01:13:04 UTC
top_5,"McNealy, Maverick",18634,unibet,+600,0.142857,False,False,RBC Heritage,2026-04-16 01:13:04 UTC
top_5,"McNealy, Maverick",18634,pointsbet,+600,0.142857,False,False,RBC Heritage,2026-04-16 01:13:04 UTC
top_5,"McNealy, Maverick",18634,bet365,+600,0.142857,False,True,RBC Heritage,2026-04-16 01:13:04 UTC
top_5,"McNealy, Maverick",18634,betonline,+700,0.125,False,False,RBC Heritage,2026-04-16 01:13:04 UTC
top_5,"McNealy, Maverick",18634,datagolf,+790,0.11236,True,False,RBC Heritage,2026-04-16 01:13:04 UTC
top_5,"Knapp, Jake",19396,bovada,+650,0.133333,False,False,RBC Heritage,2026-04-16 01:13:04 UTC
top_5,"Knapp, Jake",19396,fanduel,+850,0.105263,False,False,RBC Heritage,2026-04-16 01:13:04 UTC
top_5,"Knapp, Jake",19396,caesars,+750,0.117647,False,False,RBC Heritage,2026-04-16 01:13:04 UTC
top_5,"Knapp, Jake",19396,draftkings,+720,0.121951,False,False,RBC Heritage,2026-04-16 01:13:04 UTC
top_5,"Knapp, Jake",19396,betmgm,+600,0.142857,False,False,RBC Heritage,2026-04-16 01:13:04 UTC
top_5,"Knapp, Jake",19396,unibet,+600,0.142857,False,False,RBC Heritage,2026-04-16 01:13:04 UTC
top_5,"Knapp, Jake",19396,pointsbet,+750,0.117647,False,False,RBC Heritage,2026-04-16 01:13:04 UTC
top_5,"Knapp, Jake",19396,bet365,+650,0.133333,False,True,RBC Heritage,2026-04-16 01:13:04 UTC
top_5,"Knapp, Jake",19396,betonline,+800,0.111111,False,False,RBC Heritage,2026-04-16 01:13:04 UTC
top_5,"Knapp, Jake",19396,datagolf,+899,0.1001,True,False,RBC Heritage,2026-04-16 01:13:04 UTC
top_5,"Bridgeman, Jacob",29433,bovada,+800,0.111111,False,False,RBC Heritage,2026-04-16 01:13:04 UTC
top_5,"Bridgeman, Jacob",29433,fanduel,+900,0.1,False,False,RBC Heritage,2026-04-16 01:13:04 UTC
top_5,"Bridgeman, Jacob",29433,caesars,+700,0.125,False,False,RBC Heritage,2026-04-16 01:13:04 UTC
top_5,"Bridgeman, Jacob",29433,draftkings,+820,0.108696,False,False,RBC Heritage,2026-04-16 01:13:04 UTC
top_5,"Bridgeman, Jacob",29433,betmgm,+700,0.125,False,False,RBC Heritage,2026-04-16 01:13:04 UTC
top_5,"Bridgeman, Jacob",29433,unibet,+800,0.111111,False,False,RBC Heritage,2026-04-16 01:13:04 UTC
top_5,"Bridgeman, Jacob",29433,pointsbet,+800,0.111111,False,False,RBC Heritage,2026-04-16 01:13:04 UTC
top_5,"Bridgeman, Jacob",29433,bet365,+850,0.105263,False,True,RBC Heritage,2026-04-16 01:13:04 UTC
top_5,"Bridgeman, Jacob",29433,betonline,+850,0.105263,False,False,RBC Heritage,2026-04-16 01:13:04 UTC
top_5,"Bridgeman, Jacob",29433,datagolf,+975,0.093023,True,False,RBC Heritage,2026-04-16 01:13:04 UTC
top_5,"Hovland, Viktor",18841,bovada,+550,0.153846,False,False,RBC Heritage,2026-04-16 01:13:04 UTC
top_5,"Hovland, Viktor",18841,fanduel,+750,0.117647,False,False,RBC Heritage,2026-04-16 01:13:04 UTC
top_5,"Hovland, Viktor",18841,caesars,+550,0.153846,False,False,RBC Heritage,2026-04-16 01:13:04 UTC
top_5,"Hovland, Viktor",18841,draftkings,+660,0.131579,False,False,RBC Heritage,2026-04-16 01:13:04 UTC
top_5,"Hovland, Viktor",18841,betmgm,+600,0.142857,False,False,RBC Heritage,2026-04-16 01:13:04 UTC
top_5,"Hovland, Viktor",18841,unibet,+750,0.117647,False,False,RBC Heritage,2026-04-16 01:13:04 UTC
top_5,"Hovland, Viktor",18841,pointsbet,+650,0.133333,False,False,RBC Heritage,2026-04-16 01:13:04 UTC
top_5,"Hovland, Viktor",18841,bet365,+650,0.133333,False,True,RBC Heritage,2026-04-16 01:13:04 UTC
top_5,"Hovland, Viktor",18841,betonline,+750,0.117647,False,False,RBC Heritage,2026-04-16 01:13:04 UTC
top_5,"Hovland, Viktor",18841,datagolf,+926,0.097466,True,False,RBC Heritage,2026-04-16 01:13:04 UTC
top_5,"Burns, Sam",19483,bovada,+550,0.153846,False,False,RBC Heritage,2026-04-16 01:13:04 UTC
top_5,"Burns, Sam",19483,fanduel,+750,0.117647,False,False,RBC Heritage,2026-04-16 01:13:04 UTC
top_5,"Burns, Sam",19483,caesars,+600,0.142857,False,False,RBC Heritage,2026-04-16 01:13:04 UTC
top_5,"Burns, Sam",19483,draftkings,+680,0.128205,False,False,RBC Heritage,2026-04-16 01:13:04 UTC
top_5,"Burns, Sam",19483,betmgm,+600,0.142857,False,False,RBC Heritage,2026-04-16 01:13:04 UTC
top_5,"Burns, Sam",19483,unibet,+600,0.142857,False,False,RBC Heritage,2026-04-16 01:13:04 UTC
top_5,"Burns, Sam",19483,pointsbet,+650,0.133333,False,False,RBC Heritage,2026-04-16 01:13:04 UTC
top_5,"Burns, Sam",19483,bet365,+650,0.133333,False,True,RBC Heritage,2026-04-16 01:13:04 UTC
top_5,"Burns, Sam",19483,betonline,+800,0.111111,False,False,RBC Heritage,2026-04-16 01:13:04 UTC
top_5,"Burns, Sam",19483,datagolf,+988,0.091912,True,False,RBC Heritage,2026-04-16 01:13:04 UTC
top_5,"Lee, Min Woo",16841,bovada,+900,0.1,False,False,RBC Heritage,2026-04-16 01:13:04 UTC
top_5,"Lee, Min Woo",16841,fanduel,+1000,0.090909,False,False,RBC Heritage,2026-04-16 01:13:04 UTC
top_5,"Lee, Min Woo",16841,caesars,+850,0.105263,False,False,RBC Heritage,2026-04-16 01:13:04 UTC
top_5,"Lee, Min Woo",16841,draftkings,+930,0.097087,False,False,RBC Heritage,2026-04-16 01:13:04 UTC
top_5,"Lee, Min Woo",16841,betmgm,+750,0.117647,False,False,RBC Heritage,2026-04-16 01:13:04 UTC
top_5,"Lee, Min Woo",16841,unibet,+1100,0.083333,False,False,RBC Heritage,2026-04-16 01:13:04 UTC
top_5,"Lee, Min Woo",16841,pointsbet,+850,0.105263,False,False,RBC Heritage,2026-04-16 01:13:04 UTC
top_5,"Lee, Min Woo",16841,bet365,+1000,0.090909,False,True,RBC Heritage,2026-04-16 01:13:04 UTC
top_5,"Lee, Min Woo",16841,betonline,+1000,0.090909,False,False,RBC Heritage,2026-04-16 01:13:04 UTC
top_5,"Lee, Min Woo",16841,datagolf,+1032,0.088339,True,False,RBC Heritage,2026-04-16 01:13:04 UTC
top_5,"Noren, Alex",10419,bovada,+1000,0.090909,False,False,RBC Heritage,2026-04-16 01:13:04 UTC
top_5,"Noren, Alex",10419,fanduel,+1000,0.090909,False,False,RBC Heritage,2026-04-16 01:13:04 UTC
top_5,"Noren, Alex",10419,caesars,+800,0.111111,False,False,RBC Heritage,2026-04-16 01:13:04 UTC
top_5,"Noren, Alex",10419,draftkings,+1050,0.086957,False,False,RBC Heritage,2026-04-16 01:13:04 UTC
top_5,"Noren, Alex",10419,betmgm,+850,0.105263,False,False,RBC Heritage,2026-04-16 01:13:04 UTC
top_5,"Noren, Alex",10419,unibet,+1200,0.076923,False,False,RBC Heritage,2026-04-16 01:13:04 UTC
top_5,"Noren, Alex",10419,pointsbet,+850,0.105263,False,False,RBC Heritage,2026-04-16 01:13:04 UTC
top_5,"Noren, Alex",10419,bet365,+1000,0.090909,False,True,RBC Heritage,2026-04-16 01:13:04 UTC
top_5,"Noren, Alex",10419,betonline,+1000,0.090909,False,False,RBC Heritage,2026-04-16 01:13:04 UTC
top_5,"Noren, Alex",10419,datagolf,+1028,0.088652,True,False,RBC Heritage,2026-04-16 01:13:04 UTC
top_5,"Spieth, Jordan",14636,bovada,+400,0.2,False,False,RBC Heritage,2026-04-16 01:13:04 UTC
top_5,"Spieth, Jordan",14636,fanduel,+600,0.142857,False,False,RBC Heritage,2026-04-16 01:13:04 UTC
top_5,"Spieth, Jordan",14636,caesars,+500,0.166667,False,False,RBC Heritage,2026-04-16 01:13:04 UTC
top_5,"Spieth, Jordan",14636,draftkings,+590,0.144928,False,False,RBC Heritage,2026-04-16 01:13:04 UTC
top_5,"Spieth, Jordan",14636,betmgm,+450,0.181818,False,False,RBC Heritage,2026-04-16 01:13:04 UTC
top_5,"Spieth, Jordan",14636,unibet,+600,0.142857,False,False,RBC Heritage,2026-04-16 01:13:04 UTC
top_5,"Spieth, Jordan",14636,pointsbet,+500,0.166667,False,False,RBC Heritage,2026-04-16 01:13:04 UTC
top_5,"Spieth, Jordan",14636,bet365,+550,0.153846,False,True,RBC Heritage,2026-04-16 01:13:04 UTC
top_5,"Spieth, Jordan",14636,betonline,+700,0.125,False,False,RBC Heritage,2026-04-16 01:13:04 UTC
top_5,"Spieth, Jordan",14636,datagolf,+1151,0.079936,True,False,RBC Heritage,2026-04-16 01:13:04 UTC
top_5,"Spaun, J.J.",17536,bovada,+900,0.1,False,False,RBC Heritage,2026-04-16 01:13:04 UTC
top_5,"Spaun, J.J.",17536,fanduel,+1000,0.090909,False,False,RBC Heritage,2026-04-16 01:13:04 UTC
top_5,"Spaun, J.J.",17536,caesars,+850,0.105263,False,False,RBC Heritage,2026-04-16 01:13:04 UTC
top_5,"Spaun, J.J.",17536,draftkings,+950,0.095238,False,False,RBC Heritage,2026-04-16 01:13:04 UTC
top_5,"Spaun, J.J.",17536,betmgm,+800,0.111111,False,False,RBC Heritage,2026-04-16 01:13:04 UTC
top_5,"Spaun, J.J.",17536,unibet,+1100,0.083333,False,False,RBC Heritage,2026-04-16 01:13:04 UTC
top_5,"Spaun, J.J.",17536,pointsbet,+850,0.105263,False,False,RBC Heritage,2026-04-16 01:13:04 UTC
top_5,"Spaun, J.J.",17536,bet365,+1000,0.090909,False,True,RBC Heritage,2026-04-16 01:13:04 UTC
top_5,"Spaun, J.J.",17536,betonline,+900,0.1,False,False,RBC Heritage,2026-04-16 01:13:04 UTC
top_5,"Spaun, J.J.",17536,datagolf,+1109,0.082713,True,False,RBC Heritage,2026-04-16 01:13:04 UTC
top_5,"English, Harris",14577,bovada,+1000,0.090909,False,False,RBC Heritage,2026-04-16 01:13:04 UTC
top_5,"English, Harris",14577,fanduel,+1300,0.071429,False,False,RBC Heritage,2026-04-16 01:13:04 UTC
top_5,"English, Harris",14577,caesars,+1200,0.076923,False,False,RBC Heritage,2026-04-16 01:13:04 UTC
top_5,"English, Harris",14577,draftkings,+1025,0.088889,False,False,RBC Heritage,2026-04-16 01:13:04 UTC
top_5,"English, Harris",14577,betmgm,+900,0.1,False,False,RBC Heritage,2026-04-16 01:13:04 UTC
top_5,"English, Harris",14577,unibet,+1000,0.090909,False,False,RBC Heritage,2026-04-16 01:13:04 UTC
top_5,"English, Harris",14577,pointsbet,+1100,0.083333,False,False,RBC Heritage,2026-04-16 01:13:04 UTC
top_5,"English, Harris",14577,bet365,+1000,0.090909,False,True,RBC Heritage,2026-04-16 01:13:04 UTC
top_5,"English, Harris",14577,betonline,+1100,0.083333,False,False,RBC Heritage,2026-04-16 01:13:04 UTC
top_5,"English, Harris",14577,datagolf,+1183,0.077942,True,False,RBC Heritage,2026-04-16 01:13:04 UTC
top_5,"Day, Jason",9771,bovada,+850,0.105263,False,False,RBC Heritage,2026-04-16 01:13:04 UTC
top_5,"Day, Jason",9771,fanduel,+1100,0.083333,False,False,RBC Heritage,2026-04-16 01:13:04 UTC
top_5,"Day, Jason",9771,caesars,+1000,0.090909,False,False,RBC Heritage,2026-04-16 01:13:04 UTC
top_5,"Day, Jason",9771,draftkings,+910,0.09901,False,False,RBC Heritage,2026-04-16 01:13:04 UTC
top_5,"Day, Jason",9771,betmgm,+750,0.117647,False,False,RBC Heritage,2026-04-16 01:13:04 UTC
top_5,"Day, Jason",9771,unibet,+800,0.111111,False,False,RBC Heritage,2026-04-16 01:13:04 UTC
top_5,"Day, Jason",9771,pointsbet,+1000,0.090909,False,False,RBC Heritage,2026-04-16 01:13:04 UTC
top_5,"Day, Jason",9771,bet365,+1000,0.090909,False,True,RBC Heritage,2026-04-16 01:13:04 UTC
top_5,"Day, Jason",9771,betonline,+1000,0.090909,False,False,RBC Heritage,2026-04-16 01:13:04 UTC
top_5,"Day, Jason",9771,datagolf,+1235,0.074906,True,False,RBC Heritage,2026-04-16 01:13:04 UTC
top_5,"Gerard, Ryan",29767,bovada,+1200,0.076923,False,False,RBC Heritage,2026-04-16 01:13:04 UTC
top_5,"Gerard, Ryan",29767,fanduel,+1300,0.071429,False,False,RBC Heritage,2026-04-16 01:13:04 UTC
top_5,"Gerard, Ryan",29767,caesars,+900,0.1,False,False,RBC Heritage,2026-04-16 01:13:04 UTC
top_5,"Gerard, Ryan",29767,draftkings,+1225,0.075472,False,False,RBC Heritage,2026-04-16 01:13:04 UTC
top_5,"Gerard, Ryan",29767,betmgm,+1000,0.090909,False,False,RBC Heritage,2026-04-16 01:13:04 UTC
top_5,"Gerard, Ryan",29767,unibet,+1200,0.076923,False,False,RBC Heritage,2026-04-16 01:13:04 UTC
top_5,"Gerard, Ryan",29767,pointsbet,+1100,0.083333,False,False,RBC Heritage,2026-04-16 01:13:04 UTC
top_5,"Gerard, Ryan",29767,bet365,+1200,0.076923,False,True,RBC Heritage,2026-04-16 01:13:04 UTC
top_5,"Gerard, Ryan",29767,betonline,+1200,0.076923,False,False,RBC Heritage,2026-04-16 01:13:04 UTC
top_5,"Gerard, Ryan",29767,datagolf,+1280,0.072464,True,False,RBC Heritage,2026-04-16 01:13:04 UTC
top_5,"Griffin, Ben",24968,bovada,+900,0.1,False,False,RBC Heritage,2026-04-16 01:13:04 UTC
top_5,"Griffin, Ben",24968,fanduel,+1300,0.071429,False,False,RBC Heritage,2026-04-16 01:13:04 UTC
top_5,"Griffin, Ben",24968,caesars,+1200,0.076923,False,False,RBC Heritage,2026-04-16 01:13:04 UTC
top_5,"Griffin, Ben",24968,draftkings,+960,0.09434,False,False,RBC Heritage,2026-04-16 01:13:04 UTC
top_5,"Griffin, Ben",24968,betmgm,+850,0.105263,False,False,RBC Heritage,2026-04-16 01:13:04 UTC
top_5,"Griffin, Ben",24968,unibet,+850,0.105263,False,False,RBC Heritage,2026-04-16 01:13:04 UTC
top_5,"Griffin, Ben",24968,pointsbet,+1100,0.083333,False,False,RBC Heritage,2026-04-16 01:13:04 UTC
top_5,"Griffin, Ben",24968,bet365,+1000,0.090909,False,True,RBC Heritage,2026-04-16 01:13:04 UTC
top_5,"Griffin, Ben",24968,betonline,+1200,0.076923,False,False,RBC Heritage,2026-04-16 01:13:04 UTC
top_5,"Griffin, Ben",24968,datagolf,+1328,0.070028,True,False,RBC Heritage,2026-04-16 01:13:04 UTC
top_5,"Straka, Sepp",17511,bovada,+650,0.133333,False,False,RBC Heritage,2026-04-16 01:13:04 UTC
top_5,"Straka, Sepp",17511,fanduel,+900,0.1,False,False,RBC Heritage,2026-04-16 01:13:04 UTC
top_5,"Straka, Sepp",17511,caesars,+750,0.117647,False,False,RBC Heritage,2026-04-16 01:13:04 UTC
top_5,"Straka, Sepp",17511,draftkings,+820,0.108696,False,False,RBC Heritage,2026-04-16 01:13:04 UTC
top_5,"Straka, Sepp",17511,betmgm,+700,0.125,False,False,RBC Heritage,2026-04-16 01:13:04 UTC
top_5,"Straka, Sepp",17511,unibet,+800,0.111111,False,False,RBC Heritage,2026-04-16 01:13:04 UTC
top_5,"Straka, Sepp",17511,pointsbet,+800,0.111111,False,False,RBC Heritage,2026-04-16 01:13:04 UTC
top_5,"Straka, Sepp",17511,bet365,+650,0.133333,False,True,RBC Heritage,2026-04-16 01:13:04 UTC
top_5,"Straka, Sepp",17511,betonline,+1100,0.083333,False,False,RBC Heritage,2026-04-16 01:13:04 UTC
top_5,"Straka, Sepp",17511,datagolf,+1405,0.066445,True,False,RBC Heritage,2026-04-16 01:13:04 UTC
top_5,"Thomas, Justin",14139,bovada,+700,0.125,False,False,RBC Heritage,2026-04-16 01:13:04 UTC
top_5,"Thomas, Justin",14139,fanduel,+1000,0.090909,False,False,RBC Heritage,2026-04-16 01:13:04 UTC
top_5,"Thomas, Justin",14139,caesars,+850,0.105263,False,False,RBC Heritage,2026-04-16 01:13:04 UTC
top_5,"Thomas, Justin",14139,draftkings,+820,0.108696,False,False,RBC Heritage,2026-04-16 01:13:04 UTC
top_5,"Thomas, Justin",14139,betmgm,+700,0.125,False,False,RBC Heritage,2026-04-16 01:13:04 UTC
top_5,"Thomas, Justin",14139,unibet,+600,0.142857,False,False,RBC Heritage,2026-04-16 01:13:04 UTC
top_5,"Thomas, Justin",14139,pointsbet,+850,0.105263,False,False,RBC Heritage,2026-04-16 01:13:04 UTC
top_5,"Thomas, Justin",14139,bet365,+850,0.105263,False,True,RBC Heritage,2026-04-16 01:13:04 UTC
top_5,"Thomas, Justin",14139,betonline,+1000,0.090909,False,False,RBC Heritage,2026-04-16 01:13:04 UTC
top_5,"Thomas, Justin",14139,datagolf,+1398,0.066756,True,False,RBC Heritage,2026-04-16 01:13:04 UTC
top_5,"Bhatia, Akshay",26096,bovada,+850,0.105263,False,False,RBC Heritage,2026-04-16 01:13:04 UTC
top_5,"Bhatia, Akshay",26096,fanduel,+1000,0.090909,False,False,RBC Heritage,2026-04-16 01:13:04 UTC
top_5,"Bhatia, Akshay",26096,caesars,+850,0.105263,False,False,RBC Heritage,2026-04-16 01:13:04 UTC
top_5,"Bhatia, Akshay",26096,draftkings,+1050,0.086957,False,False,RBC Heritage,2026-04-16 01:13:04 UTC
top_5,"Bhatia, Akshay",26096,betmgm,+750,0.117647,False,False,RBC Heritage,2026-04-16 01:13:04 UTC
top_5,"Bhatia, Akshay",26096,unibet,+1100,0.083333,False,False,RBC Heritage,2026-04-16 01:13:04 UTC
top_5,"Bhatia, Akshay",26096,pointsbet,+850,0.105263,False,False,RBC Heritage,2026-04-16 01:13:04 UTC
top_5,"Bhatia, Akshay",26096,bet365,+1000,0.090909,False,True,RBC Heritage,2026-04-16 01:13:04 UTC
top_5,"Bhatia, Akshay",26096,betonline,+1200,0.076923,False,False,RBC Heritage,2026-04-16 01:13:04 UTC
top_5,"Bhatia, Akshay",26096,datagolf,+1344,0.069252,True,False,RBC Heritage,2026-04-16 01:13:04 UTC
top_5,"Stevens, Sam",25569,bovada,+1200,0.076923,False,False,RBC Heritage,2026-04-16 01:13:04 UTC
top_5,"Stevens, Sam",25569,fanduel,+1600,0.058824,False,False,RBC Heritage,2026-04-16 01:13:04 UTC
top_5,"Stevens, Sam",25569,caesars,+1400,0.066667,False,False,RBC Heritage,2026-04-16 01:13:04 UTC
top_5,"Stevens, Sam",25569,draftkings,+1300,0.071429,False,False,RBC Heritage,2026-04-16 01:13:04 UTC
top_5,"Stevens, Sam",25569,betmgm,+1200,0.076923,False,False,RBC Heritage,2026-04-16 01:13:04 UTC
top_5,"Stevens, Sam",25569,unibet,+1200,0.076923,False,False,RBC Heritage,2026-04-16 01:13:04 UTC
top_5,"Stevens, Sam",25569,pointsbet,+1200,0.076923,False,False,RBC Heritage,2026-04-16 01:13:04 UTC
top_5,"Stevens, Sam",25569,bet365,+1400,0.066667,False,True,RBC Heritage,2026-04-16 01:13:04 UTC
top_5,"Stevens, Sam",25569,betonline,+1200,0.076923,False,False,RBC Heritage,2026-04-16 01:13:04 UTC
top_5,"Stevens, Sam",25569,datagolf,+1501,0.062461,True,False,RBC Heritage,2026-04-16 01:13:04 UTC
top_5,"Gotterup, Chris",27774,bovada,+800,0.111111,False,False,RBC Heritage,2026-04-16 01:13:04 UTC
top_5,"Gotterup, Chris",27774,fanduel,+1100,0.083333,False,False,RBC Heritage,2026-04-16 01:13:04 UTC
top_5,"Gotterup, Chris",27774,caesars,+1000,0.090909,False,False,RBC Heritage,2026-04-16 01:13:04 UTC
top_5,"Gotterup, Chris",27774,draftkings,+960,0.09434,False,False,RBC Heritage,2026-04-16 01:13:04 UTC
top_5,"Gotterup, Chris",27774,betmgm,+700,0.125,False,False,RBC Heritage,2026-04-16 01:13:04 UTC
top_5,"Gotterup, Chris",27774,unibet,+800,0.111111,False,False,RBC Heritage,2026-04-16 01:13:04 UTC
top_5,"Gotterup, Chris",27774,pointsbet,+1000,0.090909,False,False,RBC Heritage,2026-04-16 01:13:04 UTC
top_5,"Gotterup, Chris",27774,bet365,+850,0.105263,False,True,RBC Heritage,2026-04-16 01:13:04 UTC
top_5,"Gotterup, Chris",27774,betonline,+1200,0.076923,False,False,RBC Heritage,2026-04-16 01:13:04 UTC
top_5,"Gotterup, Chris",27774,datagolf,+1633,0.057703,True,False,RBC Heritage,2026-04-16 01:13:04 UTC
top_5,"Lowry, Shane",13900,bovada,+800,0.111111,False,False,RBC Heritage,2026-04-16 01:13:04 UTC
top_5,"Lowry, Shane",13900,fanduel,+1000,0.090909,False,False,RBC Heritage,2026-04-16 01:13:04 UTC
top_5,"Lowry, Shane",13900,caesars,+1000,0.090909,False,False,RBC Heritage,2026-04-16 01:13:04 UTC
top_5,"Lowry, Shane",13900,draftkings,+940,0.096154,False,False,RBC Heritage,2026-04-16 01:13:04 UTC
top_5,"Lowry, Shane",13900,betmgm,+700,0.125,False,False,RBC Heritage,2026-04-16 01:13:04 UTC
top_5,"Lowry, Shane",13900,unibet,+750,0.117647,False,False,RBC Heritage,2026-04-16 01:13:04 UTC
top_5,"Lowry, Shane",13900,pointsbet,+850,0.105263,False,False,RBC Heritage,2026-04-16 01:13:04 UTC
top_5,"Lowry, Shane",13900,bet365,+1000,0.090909,False,True,RBC Heritage,2026-04-16 01:13:04 UTC
top_5,"Lowry, Shane",13900,betonline,+1100,0.083333,False,False,RBC Heritage,2026-04-16 01:13:04 UTC
top_5,"Lowry, Shane",13900,datagolf,+1488,0.062972,True,False,RBC Heritage,2026-04-16 01:13:04 UTC
top_5,"Hisatsune, Ryo",22760,bovada,+850,0.105263,False,False,RBC Heritage,2026-04-16 01:13:04 UTC
top_5,"Hisatsune, Ryo",22760,fanduel,+1100,0.083333,False,False,RBC Heritage,2026-04-16 01:13:04 UTC
top_5,"Hisatsune, Ryo",22760,caesars,+1000,0.090909,False,False,RBC Heritage,2026-04-16 01:13:04 UTC
top_5,"Hisatsune, Ryo",22760,draftkings,+1425,0.065574,False,False,RBC Heritage,2026-04-16 01:13:04 UTC
top_5,"Hisatsune, Ryo",22760,betmgm,+900,0.1,False,False,RBC Heritage,2026-04-16 01:13:04 UTC
top_5,"Hisatsune, Ryo",22760,unibet,+1100,0.083333,False,False,RBC Heritage,2026-04-16 01:13:04 UTC
top_5,"Hisatsune, Ryo",22760,pointsbet,+1000,0.090909,False,False,RBC Heritage,2026-04-16 01:13:04 UTC
top_5,"Hisatsune, Ryo",22760,bet365,+1000,0.090909,False,True,RBC Heritage,2026-04-16 01:13:04 UTC
top_5,"Hisatsune, Ryo",22760,betonline,+1200,0.076923,False,False,RBC Heritage,2026-04-16 01:13:04 UTC
top_5,"Hisatsune, Ryo",22760,datagolf,+1611,0.058445,True,False,RBC Heritage,2026-04-16 01:13:04 UTC
top_5,"Hojgaard, Nicolai",23602,bovada,+1200,0.076923,False,False,RBC Heritage,2026-04-16 01:13:04 UTC
top_5,"Hojgaard, Nicolai",23602,fanduel,+1600,0.058824,False,False,RBC Heritage,2026-04-16 01:13:04 UTC
top_5,"Hojgaard, Nicolai",23602,caesars,+1400,0.066667,False,False,RBC Heritage,2026-04-16 01:13:04 UTC
top_5,"Hojgaard, Nicolai",23602,draftkings,+1450,0.064516,False,False,RBC Heritage,2026-04-16 01:13:04 UTC
top_5,"Hojgaard, Nicolai",23602,betmgm,+1200,0.076923,False,False,RBC Heritage,2026-04-16 01:13:04 UTC
top_5,"Hojgaard, Nicolai",23602,unibet,+1400,0.066667,False,False,RBC Heritage,2026-04-16 01:13:04 UTC
top_5,"Hojgaard, Nicolai",23602,pointsbet,+1200,0.076923,False,False,RBC Heritage,2026-04-16 01:13:04 UTC
top_5,"Hojgaard, Nicolai",23602,bet365,+1400,0.066667,False,True,RBC Heritage,2026-04-16 01:13:04 UTC
top_5,"Hojgaard, Nicolai",23602,betonline,+1400,0.066667,False,False,RBC Heritage,2026-04-16 01:13:04 UTC
top_5,"Hojgaard, Nicolai",23602,datagolf,+1839,0.051573,True,False,RBC Heritage,2026-04-16 01:13:04 UTC
top_5,"Fowler, Rickie",12965,bovada,+1200,0.076923,False,False,RBC Heritage,2026-04-16 01:13:04 UTC
top_5,"Fowler, Rickie",12965,fanduel,+1600,0.058824,False,False,RBC Heritage,2026-04-16 01:13:04 UTC
top_5,"Fowler, Rickie",12965,caesars,+1400,0.066667,False,False,RBC Heritage,2026-04-16 01:13:04 UTC
top_5,"Fowler, Rickie",12965,draftkings,+1075,0.085106,False,False,RBC Heritage,2026-04-16 01:13:04 UTC
top_5,"Fowler, Rickie",12965,betmgm,+1100,0.083333,False,False,RBC Heritage,2026-04-16 01:13:04 UTC
top_5,"Fowler, Rickie",12965,unibet,+1100,0.083333,False,False,RBC Heritage,2026-04-16 01:13:04 UTC
top_5,"Fowler, Rickie",12965,pointsbet,+1200,0.076923,False,False,RBC Heritage,2026-04-16 01:13:04 UTC
top_5,"Fowler, Rickie",12965,bet365,+1200,0.076923,False,True,RBC Heritage,2026-04-16 01:13:04 UTC
top_5,"Fowler, Rickie",12965,betonline,+1600,0.058824,False,False,RBC Heritage,2026-04-16 01:13:04 UTC
top_5,"Fowler, Rickie",12965,datagolf,+1789,0.052938,True,False,RBC Heritage,2026-04-16 01:13:04 UTC
top_5,"Bradley, Keegan",13872,bovada,+1400,0.066667,False,False,RBC Heritage,2026-04-16 01:13:04 UTC
top_5,"Bradley, Keegan",13872,fanduel,+1700,0.055556,False,False,RBC Heritage,2026-04-16 01:13:04 UTC
top_5,"Bradley, Keegan",13872,caesars,+1500,0.0625,False,False,RBC Heritage,2026-04-16 01:13:04 UTC
top_5,"Bradley, Keegan",13872,draftkings,+1475,0.063492,False,False,RBC Heritage,2026-04-16 01:13:04 UTC
top_5,"Bradley, Keegan",13872,betmgm,+1200,0.076923,False,False,RBC Heritage,2026-04-16 01:13:04 UTC
top_5,"Bradley, Keegan",13872,unibet,+1600,0.058824,False,False,RBC Heritage,2026-04-16 01:13:04 UTC
top_5,"Bradley, Keegan",13872,pointsbet,+1300,0.071429,False,False,RBC Heritage,2026-04-16 01:13:04 UTC
top_5,"Bradley, Keegan",13872,bet365,+1600,0.058824,False,True,RBC Heritage,2026-04-16 01:13:04 UTC
top_5,"Bradley, Keegan",13872,betonline,+1600,0.058824,False,False,RBC Heritage,2026-04-16 01:13:04 UTC
top_5,"Bradley, Keegan",13872,datagolf,+1813,0.052274,True,False,RBC Heritage,2026-04-16 01:13:04 UTC
top_5,"Conners, Corey",17576,bovada,+1200,0.076923,False,False,RBC Heritage,2026-04-16 01:13:04 UTC
top_5,"Conners, Corey",17576,fanduel,+1600,0.058824,False,False,RBC Heritage,2026-04-16 01:13:04 UTC
top_5,"Conners, Corey",17576,caesars,+1400,0.066667,False,False,RBC Heritage,2026-04-16 01:13:04 UTC
top_5,"Conners, Corey",17576,draftkings,+1425,0.065574,False,False,RBC Heritage,2026-04-16 01:13:04 UTC
top_5,"Conners, Corey",17576,betmgm,+1100,0.083333,False,False,RBC Heritage,2026-04-16 01:13:04 UTC
top_5,"Conners, Corey",17576,unibet,+1600,0.058824,False,False,RBC Heritage,2026-04-16 01:13:04 UTC
top_5,"Conners, Corey",17576,pointsbet,+1200,0.076923,False,False,RBC Heritage,2026-04-16 01:13:04 UTC
top_5,"Conners, Corey",17576,bet365,+1400,0.066667,False,True,RBC Heritage,2026-04-16 01:13:04 UTC
top_5,"Conners, Corey",17576,betonline,+1600,0.058824,False,False,RBC Heritage,2026-04-16 01:13:04 UTC
top_5,"Conners, Corey",17576,datagolf,+1861,0.050994,True,False,RBC Heritage,2026-04-16 01:13:04 UTC
top_5,"Poston, J.T.",21554,bovada,+1000,0.090909,False,False,RBC Heritage,2026-04-16 01:13:04 UTC
top_5,"Poston, J.T.",21554,fanduel,+1300,0.071429,False,False,RBC Heritage,2026-04-16 01:13:04 UTC
top_5,"Poston, J.T.",21554,caesars,+800,0.111111,False,False,RBC Heritage,2026-04-16 01:13:04 UTC
top_5,"Poston, J.T.",21554,draftkings,+1425,0.065574,False,False,RBC Heritage,2026-04-16 01:13:04 UTC
top_5,"Poston, J.T.",21554,betmgm,+1000,0.090909,False,False,RBC Heritage,2026-04-16 01:13:04 UTC
top_5,"Poston, J.T.",21554,unibet,+1100,0.083333,False,False,RBC Heritage,2026-04-16 01:13:04 UTC
top_5,"Poston, J.T.",21554,pointsbet,+1100,0.083333,False,False,RBC Heritage,2026-04-16 01:13:04 UTC
top_5,"Poston, J.T.",21554,bet365,+1000,0.090909,False,True,RBC Heritage,2026-04-16 01:13:04 UTC
top_5,"Poston, J.T.",21554,betonline,+1600,0.058824,False,False,RBC Heritage,2026-04-16 01:13:04 UTC
top_5,"Poston, J.T.",21554,datagolf,+1818,0.052138,True,False,RBC Heritage,2026-04-16 01:13:04 UTC
top_5,"Kitayama, Kurt",21891,bovada,+1200,0.076923,False,False,RBC Heritage,2026-04-16 01:13:04 UTC
top_5,"Kitayama, Kurt",21891,fanduel,+1600,0.058824,False,False,RBC Heritage,2026-04-16 01:13:04 UTC
top_5,"Kitayama, Kurt",21891,caesars,+1500,0.0625,False,False,RBC Heritage,2026-04-16 01:13:04 UTC
top_5,"Kitayama, Kurt",21891,draftkings,+1500,0.0625,False,False,RBC Heritage,2026-04-16 01:13:04 UTC
top_5,"Kitayama, Kurt",21891,betmgm,+1200,0.076923,False,False,RBC Heritage,2026-04-16 01:13:04 UTC
top_5,"Kitayama, Kurt",21891,unibet,+1600,0.058824,False,False,RBC Heritage,2026-04-16 01:13:04 UTC
top_5,"Kitayama, Kurt",21891,pointsbet,+1200,0.076923,False,False,RBC Heritage,2026-04-16 01:13:04 UTC
top_5,"Kitayama, Kurt",21891,bet365,+1400,0.066667,False,True,RBC Heritage,2026-04-16 01:13:04 UTC
top_5,"Kitayama, Kurt",21891,betonline,+1400,0.066667,False,False,RBC Heritage,2026-04-16 01:13:04 UTC
top_5,"Kitayama, Kurt",21891,datagolf,+1923,0.049432,True,False,RBC Heritage,2026-04-16 01:13:04 UTC
top_5,"McCarty, Matt",28635,bovada,+2000,0.047619,False,False,RBC Heritage,2026-04-16 01:13:04 UTC
top_5,"McCarty, Matt",28635,fanduel,+2200,0.043478,False,False,RBC Heritage,2026-04-16 01:13:04 UTC
top_5,"McCarty, Matt",28635,caesars,+2000,0.047619,False,False,RBC Heritage,2026-04-16 01:13:04 UTC
top_5,"McCarty, Matt",28635,draftkings,+2200,0.043478,False,False,RBC Heritage,2026-04-16 01:13:04 UTC
top_5,"McCarty, Matt",28635,betmgm,+1800,0.052632,False,False,RBC Heritage,2026-04-16 01:13:04 UTC
top_5,"McCarty, Matt",28635,unibet,+2000,0.047619,False,False,RBC Heritage,2026-04-16 01:13:04 UTC
top_5,"McCarty, Matt",28635,pointsbet,+1700,0.055556,False,False,RBC Heritage,2026-04-16 01:13:04 UTC
top_5,"McCarty, Matt",28635,bet365,+2000,0.047619,False,True,RBC Heritage,2026-04-16 01:13:04 UTC
top_5,"McCarty, Matt",28635,betonline,+2000,0.047619,False,False,RBC Heritage,2026-04-16 01:13:04 UTC
top_5,"McCarty, Matt",28635,datagolf,+2281,0.041999,True,False,RBC Heritage,2026-04-16 01:13:04 UTC
top_5,"Clark, Wyndham",23604,bovada,+1200,0.076923,False,False,RBC Heritage,2026-04-16 01:13:04 UTC
top_5,"Clark, Wyndham",23604,fanduel,+1600,0.058824,False,False,RBC Heritage,2026-04-16 01:13:04 UTC
top_5,"Clark, Wyndham",23604,caesars,+1400,0.066667,False,False,RBC Heritage,2026-04-16 01:13:04 UTC
top_5,"Clark, Wyndham",23604,draftkings,+1850,0.051282,False,False,RBC Heritage,2026-04-16 01:13:04 UTC
top_5,"Clark, Wyndham",23604,betmgm,+1200,0.076923,False,False,RBC Heritage,2026-04-16 01:13:04 UTC
top_5,"Clark, Wyndham",23604,unibet,+1200,0.076923,False,False,RBC Heritage,2026-04-16 01:13:04 UTC
top_5,"Clark, Wyndham",23604,pointsbet,+1200,0.076923,False,False,RBC Heritage,2026-04-16 01:13:04 UTC
top_5,"Clark, Wyndham",23604,bet365,+1400,0.066667,False,True,RBC Heritage,2026-04-16 01:13:04 UTC
top_5,"Clark, Wyndham",23604,betonline,+1400,0.066667,False,False,RBC Heritage,2026-04-16 01:13:04 UTC
top_5,"Clark, Wyndham",23604,datagolf,+2140,0.044643,True,False,RBC Heritage,2026-04-16 01:13:04 UTC
top_5,"Thorbjornsen, Michael",26649,bovada,+1200,0.076923,False,False,RBC Heritage,2026-04-16 01:13:04 UTC
top_5,"Thorbjornsen, Michael",26649,fanduel,+1900,0.05,False,False,RBC Heritage,2026-04-16 01:13:04 UTC
top_5,"Thorbjornsen, Michael",26649,caesars,+1750,0.054054,False,False,RBC Heritage,2026-04-16 01:13:04 UTC
top_5,"Thorbjornsen, Michael",26649,draftkings,+1400,0.066667,False,False,RBC Heritage,2026-04-16 01:13:04 UTC
top_5,"Thorbjornsen, Michael",26649,betmgm,+1200,0.076923,False,False,RBC Heritage,2026-04-16 01:13:04 UTC
top_5,"Thorbjornsen, Michael",26649,pointsbet,+1400,0.066667,False,False,RBC Heritage,2026-04-16 01:13:04 UTC
top_5,"Thorbjornsen, Michael",26649,betonline,+1400,0.066667,False,False,RBC Heritage,2026-04-16 01:13:04 UTC
top_5,"Thorbjornsen, Michael",26649,datagolf,+2225,0.043011,True,False,RBC Heritage,2026-04-16 01:13:04 UTC
top_5,"Theegala, Sahith",23014,bovada,+900,0.1,False,False,RBC Heritage,2026-04-16 01:13:04 UTC
top_5,"Theegala, Sahith",23014,fanduel,+1100,0.083333,False,False,RBC Heritage,2026-04-16 01:13:04 UTC
top_5,"Theegala, Sahith",23014,caesars,+1000,0.090909,False,False,RBC Heritage,2026-04-16 01:13:04 UTC
top_5,"Theegala, Sahith",23014,draftkings,+1300,0.071429,False,False,RBC Heritage,2026-04-16 01:13:04 UTC
top_5,"Theegala, Sahith",23014,betmgm,+900,0.1,False,False,RBC Heritage,2026-04-16 01:13:04 UTC
top_5,"Theegala, Sahith",23014,unibet,+1200,0.076923,False,False,RBC Heritage,2026-04-16 01:13:04 UTC
top_5,"Theegala, Sahith",23014,pointsbet,+1000,0.090909,False,False,RBC Heritage,2026-04-16 01:13:04 UTC
top_5,"Theegala, Sahith",23014,bet365,+1000,0.090909,False,True,RBC Heritage,2026-04-16 01:13:04 UTC
top_5,"Theegala, Sahith",23014,betonline,+1200,0.076923,False,False,RBC Heritage,2026-04-16 01:13:04 UTC
top_5,"Theegala, Sahith",23014,datagolf,+2138,0.044683,True,False,RBC Heritage,2026-04-16 01:13:04 UTC
top_5,"Taylor, Nick",13126,bovada,+1800,0.052632,False,False,RBC Heritage,2026-04-16 01:13:04 UTC
top_5,"Taylor, Nick",13126,fanduel,+1900,0.05,False,False,RBC Heritage,2026-04-16 01:13:04 UTC
top_5,"Taylor, Nick",13126,caesars,+1600,0.058824,False,False,RBC Heritage,2026-04-16 01:13:04 UTC
top_5,"Taylor, Nick",13126,draftkings,+1450,0.064516,False,False,RBC Heritage,2026-04-16 01:13:04 UTC
top_5,"Taylor, Nick",13126,betmgm,+1400,0.066667,False,False,RBC Heritage,2026-04-16 01:13:04 UTC
top_5,"Taylor, Nick",13126,unibet,+1600,0.058824,False,False,RBC Heritage,2026-04-16 01:13:04 UTC
top_5,"Taylor, Nick",13126,pointsbet,+1400,0.066667,False,False,RBC Heritage,2026-04-16 01:13:04 UTC
top_5,"Taylor, Nick",13126,bet365,+1800,0.052632,False,True,RBC Heritage,2026-04-16 01:13:04 UTC
top_5,"Taylor, Nick",13126,betonline,+1600,0.058824,False,False,RBC Heritage,2026-04-16 01:13:04 UTC
top_5,"Taylor, Nick",13126,datagolf,+1913,0.049677,True,False,RBC Heritage,2026-04-16 01:13:04 UTC
top_5,"Berger, Daniel",17606,bovada,+900,0.1,False,False,RBC Heritage,2026-04-16 01:13:04 UTC
top_5,"Berger, Daniel",17606,fanduel,+1100,0.083333,False,False,RBC Heritage,2026-04-16 01:13:04 UTC
top_5,"Berger, Daniel",17606,caesars,+1000,0.090909,False,False,RBC Heritage,2026-04-16 01:13:04 UTC
top_5,"Berger, Daniel",17606,draftkings,+1375,0.067797,False,False,RBC Heritage,2026-04-16 01:13:04 UTC
top_5,"Berger, Daniel",17606,betmgm,+1100,0.083333,False,False,RBC Heritage,2026-04-16 01:13:04 UTC
top_5,"Berger, Daniel",17606,unibet,+1200,0.076923,False,False,RBC Heritage,2026-04-16 01:13:04 UTC
top_5,"Berger, Daniel",17606,pointsbet,+1000,0.090909,False,False,RBC Heritage,2026-04-16 01:13:04 UTC
top_5,"Berger, Daniel",17606,bet365,+1000,0.090909,False,True,RBC Heritage,2026-04-16 01:13:04 UTC
top_5,"Berger, Daniel",17606,betonline,+1600,0.058824,False,False,RBC Heritage,2026-04-16 01:13:04 UTC
top_5,"Berger, Daniel",17606,datagolf,+2160,0.044248,True,False,RBC Heritage,2026-04-16 01:13:04 UTC
top_5,"Im, Sungjae",17488,bovada,+1200,0.076923,False,False,RBC Heritage,2026-04-16 01:13:04 UTC
top_5,"Im, Sungjae",17488,fanduel,+1400,0.066667,False,False,RBC Heritage,2026-04-16 01:13:04 UTC
top_5,"Im, Sungjae",17488,caesars,+1200,0.076923,False,False,RBC Heritage,2026-04-16 01:13:04 UTC
top_5,"Im, Sungjae",17488,draftkings,+1550,0.060606,False,False,RBC Heritage,2026-04-16 01:13:04 UTC
top_5,"Im, Sungjae",17488,betmgm,+1200,0.076923,False,False,RBC Heritage,2026-04-16 01:13:04 UTC
top_5,"Im, Sungjae",17488,unibet,+2000,0.047619,False,False,RBC Heritage,2026-04-16 01:13:04 UTC
top_5,"Im, Sungjae",17488,pointsbet,+1200,0.076923,False,False,RBC Heritage,2026-04-16 01:13:04 UTC
top_5,"Im, Sungjae",17488,bet365,+1600,0.058824,False,True,RBC Heritage,2026-04-16 01:13:04 UTC
top_5,"Im, Sungjae",17488,betonline,+1800,0.052632,False,False,RBC Heritage,2026-04-16 01:13:04 UTC
top_5,"Im, Sungjae",17488,datagolf,+2163,0.044189,True,False,RBC Heritage,2026-04-16 01:13:04 UTC
top_5,"Harman, Brian",8825,bovada,+900,0.1,False,False,RBC Heritage,2026-04-16 01:13:04 UTC
top_5,"Harman, Brian",8825,fanduel,+1100,0.083333,False,False,RBC Heritage,2026-04-16 01:13:04 UTC
top_5,"Harman, Brian",8825,caesars,+1000,0.090909,False,False,RBC Heritage,2026-04-16 01:13:04 UTC
top_5,"Harman, Brian",8825,draftkings,+1275,0.072727,False,False,RBC Heritage,2026-04-16 01:13:04 UTC
top_5,"Harman, Brian",8825,betmgm,+900,0.1,False,False,RBC Heritage,2026-04-16 01:13:04 UTC
top_5,"Harman, Brian",8825,unibet,+1600,0.058824,False,False,RBC Heritage,2026-04-16 01:13:04 UTC
top_5,"Harman, Brian",8825,pointsbet,+1000,0.090909,False,False,RBC Heritage,2026-04-16 01:13:04 UTC
top_5,"Harman, Brian",8825,bet365,+1000,0.090909,False,True,RBC Heritage,2026-04-16 01:13:04 UTC
top_5,"Harman, Brian",8825,betonline,+1200,0.076923,False,False,RBC Heritage,2026-04-16 01:13:04 UTC
top_5,"Harman, Brian",8825,datagolf,+2138,0.044683,True,False,RBC Heritage,2026-04-16 01:13:04 UTC
top_5,"Hall, Harry",27194,bovada,+1400,0.066667,False,False,RBC Heritage,2026-04-16 01:13:04 UTC
top_5,"Hall, Harry",27194,fanduel,+1900,0.05,False,False,RBC Heritage,2026-04-16 01:13:04 UTC
top_5,"Hall, Harry",27194,caesars,+1750,0.054054,False,False,RBC Heritage,2026-04-16 01:13:04 UTC
top_5,"Hall, Harry",27194,draftkings,+1400,0.066667,False,False,RBC Heritage,2026-04-16 01:13:04 UTC
top_5,"Hall, Harry",27194,betmgm,+1200,0.076923,False,False,RBC Heritage,2026-04-16 01:13:04 UTC
top_5,"Hall, Harry",27194,unibet,+1200,0.076923,False,False,RBC Heritage,2026-04-16 01:13:04 UTC
top_5,"Hall, Harry",27194,pointsbet,+1400,0.066667,False,False,RBC Heritage,2026-04-16 01:13:04 UTC
top_5,"Hall, Harry",27194,bet365,+1400,0.066667,False,True,RBC Heritage,2026-04-16 01:13:04 UTC
top_5,"Hall, Harry",27194,betonline,+2000,0.047619,False,False,RBC Heritage,2026-04-16 01:13:04 UTC
top_5,"Hall, Harry",27194,datagolf,+2210,0.04329,True,False,RBC Heritage,2026-04-16 01:13:04 UTC
top_5,"Wallace, Matt",20706,bovada,+1400,0.066667,False,False,RBC Heritage,2026-04-16 01:13:04 UTC
top_5,"Wallace, Matt",20706,fanduel,+1900,0.05,False,False,RBC Heritage,2026-04-16 01:13:04 UTC
top_5,"Wallace, Matt",20706,caesars,+1500,0.0625,False,False,RBC Heritage,2026-04-16 01:13:04 UTC
top_5,"Wallace, Matt",20706,draftkings,+2450,0.039216,False,False,RBC Heritage,2026-04-16 01:13:04 UTC
top_5,"Wallace, Matt",20706,betmgm,+1800,0.052632,False,False,RBC Heritage,2026-04-16 01:13:04 UTC
top_5,"Wallace, Matt",20706,unibet,+2500,0.038462,False,False,RBC Heritage,2026-04-16 01:13:04 UTC
top_5,"Wallace, Matt",20706,pointsbet,+1400,0.066667,False,False,RBC Heritage,2026-04-16 01:13:04 UTC
top_5,"Wallace, Matt",20706,bet365,+2000,0.047619,False,True,RBC Heritage,2026-04-16 01:13:04 UTC
top_5,"Wallace, Matt",20706,betonline,+2200,0.043478,False,False,RBC Heritage,2026-04-16 01:13:04 UTC
top_5,"Wallace, Matt",20706,datagolf,+2931,0.032992,True,False,RBC Heritage,2026-04-16 01:13:04 UTC
top_5,"Putnam, Andrew",14704,bovada,+2200,0.043478,False,False,RBC Heritage,2026-04-16 01:13:04 UTC
top_5,"Putnam, Andrew",14704,fanduel,+2500,0.038462,False,False,RBC Heritage,2026-04-16 01:13:04 UTC
top_5,"Putnam, Andrew",14704,caesars,+2000,0.047619,False,False,RBC Heritage,2026-04-16 01:13:04 UTC
top_5,"Putnam, Andrew",14704,draftkings,+2500,0.038462,False,False,RBC Heritage,2026-04-16 01:13:04 UTC
top_5,"Putnam, Andrew",14704,betmgm,+2000,0.047619,False,False,RBC Heritage,2026-04-16 01:13:04 UTC
top_5,"Putnam, Andrew",14704,unibet,+4500,0.021739,False,False,RBC Heritage,2026-04-16 01:13:04 UTC
top_5,"Putnam, Andrew",14704,pointsbet,+1700,0.055556,False,False,RBC Heritage,2026-04-16 01:13:04 UTC
top_5,"Putnam, Andrew",14704,bet365,+2000,0.047619,False,True,RBC Heritage,2026-04-16 01:13:04 UTC
top_5,"Putnam, Andrew",14704,betonline,+2000,0.047619,False,False,RBC Heritage,2026-04-16 01:13:04 UTC
top_5,"Putnam, Andrew",14704,datagolf,+2749,0.0351,True,False,RBC Heritage,2026-04-16 01:13:04 UTC
top_5,"Cauley, Bud",14502,bovada,+2500,0.038462,False,False,RBC Heritage,2026-04-16 01:13:04 UTC
top_5,"Cauley, Bud",14502,fanduel,+3000,0.032258,False,False,RBC Heritage,2026-04-16 01:13:04 UTC
top_5,"Cauley, Bud",14502,caesars,+2800,0.034483,False,False,RBC Heritage,2026-04-16 01:13:04 UTC
top_5,"Cauley, Bud",14502,draftkings,+2400,0.04,False,False,RBC Heritage,2026-04-16 01:13:04 UTC
top_5,"Cauley, Bud",14502,betmgm,+2000,0.047619,False,False,RBC Heritage,2026-04-16 01:13:04 UTC
top_5,"Cauley, Bud",14502,unibet,+2500,0.038462,False,False,RBC Heritage,2026-04-16 01:13:04 UTC
top_5,"Cauley, Bud",14502,pointsbet,+2200,0.043478,False,False,RBC Heritage,2026-04-16 01:13:04 UTC
top_5,"Cauley, Bud",14502,bet365,+2500,0.038462,False,True,RBC Heritage,2026-04-16 01:13:04 UTC
top_5,"Cauley, Bud",14502,betonline,+2800,0.034483,False,False,RBC Heritage,2026-04-16 01:13:04 UTC
top_5,"Cauley, Bud",14502,datagolf,+3150,0.030769,True,False,RBC Heritage,2026-04-16 01:13:04 UTC
top_5,"Smith, Jordan",18586,bovada,+2500,0.038462,False,False,RBC Heritage,2026-04-16 01:13:04 UTC
top_5,"Smith, Jordan",18586,fanduel,+2700,0.035714,False,False,RBC Heritage,2026-04-16 01:13:04 UTC
top_5,"Smith, Jordan",18586,caesars,+2500,0.038462,False,False,RBC Heritage,2026-04-16 01:13:04 UTC
top_5,"Smith, Jordan",18586,draftkings,+2600,0.037037,False,False,RBC Heritage,2026-04-16 01:13:04 UTC
top_5,"Smith, Jordan",18586,betmgm,+2000,0.047619,False,False,RBC Heritage,2026-04-16 01:13:04 UTC
top_5,"Smith, Jordan",18586,unibet,+2000,0.047619,False,False,RBC Heritage,2026-04-16 01:13:04 UTC
top_5,"Smith, Jordan",18586,pointsbet,+2000,0.047619,False,False,RBC Heritage,2026-04-16 01:13:04 UTC
top_5,"Smith, Jordan",18586,bet365,+2500,0.038462,False,True,RBC Heritage,2026-04-16 01:13:04 UTC
top_5,"Smith, Jordan",18586,betonline,+2500,0.038462,False,False,RBC Heritage,2026-04-16 01:13:04 UTC
top_5,"Smith, Jordan",18586,datagolf,+2896,0.033378,True,False,RBC Heritage,2026-04-16 01:13:04 UTC
top_5,"Woodland, Gary",12577,bovada,+1800,0.052632,False,False,RBC Heritage,2026-04-16 01:13:04 UTC
top_5,"Woodland, Gary",12577,fanduel,+2500,0.038462,False,False,RBC Heritage,2026-04-16 01:13:04 UTC
top_5,"Woodland, Gary",12577,caesars,+2100,0.045455,False,False,RBC Heritage,2026-04-16 01:13:04 UTC
top_5,"Woodland, Gary",12577,draftkings,+2350,0.040816,False,False,RBC Heritage,2026-04-16 01:13:04 UTC
top_5,"Woodland, Gary",12577,betmgm,+1400,0.066667,False,False,RBC Heritage,2026-04-16 01:13:04 UTC
top_5,"Woodland, Gary",12577,unibet,+2000,0.047619,False,False,RBC Heritage,2026-04-16 01:13:04 UTC
top_5,"Woodland, Gary",12577,pointsbet,+1800,0.052632,False,False,RBC Heritage,2026-04-16 01:13:04 UTC
top_5,"Woodland, Gary",12577,bet365,+2000,0.047619,False,True,RBC Heritage,2026-04-16 01:13:04 UTC
top_5,"Woodland, Gary",12577,betonline,+2800,0.034483,False,False,RBC Heritage,2026-04-16 01:13:04 UTC
top_5,"Woodland, Gary",12577,datagolf,+3791,0.0257,True,False,RBC Heritage,2026-04-16 01:13:04 UTC
top_5,"Homa, Max",17538,bovada,+1400,0.066667,False,False,RBC Heritage,2026-04-16 01:13:04 UTC
top_5,"Homa, Max",17538,fanduel,+1900,0.05,False,False,RBC Heritage,2026-04-16 01:13:04 UTC
top_5,"Homa, Max",17538,caesars,+1400,0.066667,False,False,RBC Heritage,2026-04-16 01:13:04 UTC
top_5,"Homa, Max",17538,draftkings,+2000,0.047619,False,False,RBC Heritage,2026-04-16 01:13:04 UTC
top_5,"Homa, Max",17538,betmgm,+1200,0.076923,False,False,RBC Heritage,2026-04-16 01:13:04 UTC
top_5,"Homa, Max",17538,unibet,+1600,0.058824,False,False,RBC Heritage,2026-04-16 01:13:04 UTC
top_5,"Homa, Max",17538,pointsbet,+1400,0.066667,False,False,RBC Heritage,2026-04-16 01:13:04 UTC
top_5,"Homa, Max",17538,bet365,+1800,0.052632,False,True,RBC Heritage,2026-04-16 01:13:04 UTC
top_5,"Homa, Max",17538,betonline,+2200,0.043478,False,False,RBC Heritage,2026-04-16 01:13:04 UTC
top_5,"Homa, Max",17538,datagolf,+3645,0.026702,True,False,RBC Heritage,2026-04-16 01:13:04 UTC
top_5,"Novak, Andrew",23475,bovada,+1800,0.052632,False,False,RBC Heritage,2026-04-16 01:13:04 UTC
top_5,"Novak, Andrew",23475,fanduel,+2500,0.038462,False,False,RBC Heritage,2026-04-16 01:13:04 UTC
top_5,"Novak, Andrew",23475,caesars,+2100,0.045455,False,False,RBC Heritage,2026-04-16 01:13:04 UTC
top_5,"Novak, Andrew",23475,draftkings,+2250,0.042553,False,False,RBC Heritage,2026-04-16 01:13:04 UTC
top_5,"Novak, Andrew",23475,betmgm,+1800,0.052632,False,False,RBC Heritage,2026-04-16 01:13:04 UTC
top_5,"Novak, Andrew",23475,unibet,+2000,0.047619,False,False,RBC Heritage,2026-04-16 01:13:04 UTC
top_5,"Novak, Andrew",23475,pointsbet,+1700,0.055556,False,False,RBC Heritage,2026-04-16 01:13:04 UTC
top_5,"Novak, Andrew",23475,bet365,+2000,0.047619,False,True,RBC Heritage,2026-04-16 01:13:04 UTC
top_5,"Novak, Andrew",23475,betonline,+2800,0.034483,False,False,RBC Heritage,2026-04-16 01:13:04 UTC
top_5,"Novak, Andrew",23475,datagolf,+3751,0.025967,True,False,RBC Heritage,2026-04-16 01:13:04 UTC
top_5,"Yellamaraju, Sudarshan",29925,bovada,+1000,0.090909,False,False,RBC Heritage,2026-04-16 01:13:04 UTC
top_5,"Yellamaraju, Sudarshan",29925,fanduel,+1900,0.05,False,False,RBC Heritage,2026-04-16 01:13:04 UTC
top_5,"Yellamaraju, Sudarshan",29925,caesars,+1500,0.0625,False,False,RBC Heritage,2026-04-16 01:13:04 UTC
top_5,"Yellamaraju, Sudarshan",29925,draftkings,+1850,0.051282,False,False,RBC Heritage,2026-04-16 01:13:04 UTC
top_5,"Yellamaraju, Sudarshan",29925,betmgm,+1100,0.083333,False,False,RBC Heritage,2026-04-16 01:13:04 UTC
top_5,"Yellamaraju, Sudarshan",29925,unibet,+1600,0.058824,False,False,RBC Heritage,2026-04-16 01:13:04 UTC
top_5,"Yellamaraju, Sudarshan",29925,pointsbet,+1400,0.066667,False,False,RBC Heritage,2026-04-16 01:13:04 UTC
top_5,"Yellamaraju, Sudarshan",29925,bet365,+1400,0.066667,False,True,RBC Heritage,2026-04-16 01:13:04 UTC
top_5,"Yellamaraju, Sudarshan",29925,betonline,+1600,0.058824,False,False,RBC Heritage,2026-04-16 01:13:04 UTC
top_5,"Yellamaraju, Sudarshan",29925,datagolf,+3892,0.02505,True,False,RBC Heritage,2026-04-16 01:13:04 UTC
top_5,"Brennan, Michael",29197,bovada,+2800,0.034483,False,False,RBC Heritage,2026-04-16 01:13:04 UTC
top_5,"Brennan, Michael",29197,fanduel,+2700,0.035714,False,False,RBC Heritage,2026-04-16 01:13:04 UTC
top_5,"Brennan, Michael",29197,caesars,+2500,0.038462,False,False,RBC Heritage,2026-04-16 01:13:04 UTC
top_5,"Brennan, Michael",29197,draftkings,+3600,0.027027,False,False,RBC Heritage,2026-04-16 01:13:04 UTC
top_5,"Brennan, Michael",29197,betmgm,+2200,0.043478,False,False,RBC Heritage,2026-04-16 01:13:04 UTC
top_5,"Brennan, Michael",29197,unibet,+2000,0.047619,False,False,RBC Heritage,2026-04-16 01:13:04 UTC
top_5,"Brennan, Michael",29197,pointsbet,+2000,0.047619,False,False,RBC Heritage,2026-04-16 01:13:04 UTC
top_5,"Brennan, Michael",29197,bet365,+2500,0.038462,False,True,RBC Heritage,2026-04-16 01:13:04 UTC
top_5,"Brennan, Michael",29197,betonline,+2800,0.034483,False,False,RBC Heritage,2026-04-16 01:13:04 UTC
top_5,"Brennan, Michael",29197,datagolf,+4016,0.024295,True,False,RBC Heritage,2026-04-16 01:13:04 UTC
top_5,"Castillo, Ricky",27819,bovada,+2800,0.034483,False,False,RBC Heritage,2026-04-16 01:13:04 UTC
top_5,"Castillo, Ricky",27819,fanduel,+3500,0.027778,False,False,RBC Heritage,2026-04-16 01:13:04 UTC
top_5,"Castillo, Ricky",27819,caesars,+3500,0.027778,False,False,RBC Heritage,2026-04-16 01:13:04 UTC
top_5,"Castillo, Ricky",27819,draftkings,+2600,0.037037,False,False,RBC Heritage,2026-04-16 01:13:04 UTC
top_5,"Castillo, Ricky",27819,betmgm,+2200,0.043478,False,False,RBC Heritage,2026-04-16 01:13:04 UTC
top_5,"Castillo, Ricky",27819,unibet,+2500,0.038462,False,False,RBC Heritage,2026-04-16 01:13:04 UTC
top_5,"Castillo, Ricky",27819,pointsbet,+2500,0.038462,False,False,RBC Heritage,2026-04-16 01:13:04 UTC
top_5,"Castillo, Ricky",27819,bet365,+2500,0.038462,False,True,RBC Heritage,2026-04-16 01:13:04 UTC
top_5,"Castillo, Ricky",27819,betonline,+3500,0.027778,False,False,RBC Heritage,2026-04-16 01:13:04 UTC
top_5,"Castillo, Ricky",27819,datagolf,+4213,0.023186,True,False,RBC Heritage,2026-04-16 01:13:04 UTC
top_5,"McCarthy, Denny",19870,bovada,+2800,0.034483,False,False,RBC Heritage,2026-04-16 01:13:04 UTC
top_5,"McCarthy, Denny",19870,fanduel,+3500,0.027778,False,False,RBC Heritage,2026-04-16 01:13:04 UTC
top_5,"McCarthy, Denny",19870,caesars,+2500,0.038462,False,False,RBC Heritage,2026-04-16 01:13:04 UTC
top_5,"McCarthy, Denny",19870,draftkings,+2350,0.040816,False,False,RBC Heritage,2026-04-16 01:13:04 UTC
top_5,"McCarthy, Denny",19870,betmgm,+2200,0.043478,False,False,RBC Heritage,2026-04-16 01:13:04 UTC
top_5,"McCarthy, Denny",19870,unibet,+2800,0.034483,False,False,RBC Heritage,2026-04-16 01:13:04 UTC
top_5,"McCarthy, Denny",19870,pointsbet,+2500,0.038462,False,False,RBC Heritage,2026-04-16 01:13:04 UTC
top_5,"McCarthy, Denny",19870,bet365,+2500,0.038462,False,True,RBC Heritage,2026-04-16 01:13:04 UTC
top_5,"McCarthy, Denny",19870,betonline,+3300,0.029412,False,False,RBC Heritage,2026-04-16 01:13:04 UTC
top_5,"McCarthy, Denny",19870,datagolf,+3807,0.025595,True,False,RBC Heritage,2026-04-16 01:13:04 UTC
top_5,"Penge, Marco",22465,bovada,+1800,0.052632,False,False,RBC Heritage,2026-04-16 01:13:04 UTC
top_5,"Penge, Marco",22465,fanduel,+2500,0.038462,False,False,RBC Heritage,2026-04-16 01:13:04 UTC
top_5,"Penge, Marco",22465,caesars,+2100,0.045455,False,False,RBC Heritage,2026-04-16 01:13:04 UTC
top_5,"Penge, Marco",22465,draftkings,+2600,0.037037,False,False,RBC Heritage,2026-04-16 01:13:04 UTC
top_5,"Penge, Marco",22465,betmgm,+1800,0.052632,False,False,RBC Heritage,2026-04-16 01:13:04 UTC
top_5,"Penge, Marco",22465,unibet,+1600,0.058824,False,False,RBC Heritage,2026-04-16 01:13:04 UTC
top_5,"Penge, Marco",22465,pointsbet,+1700,0.055556,False,False,RBC Heritage,2026-04-16 01:13:04 UTC
top_5,"Penge, Marco",22465,bet365,+2000,0.047619,False,True,RBC Heritage,2026-04-16 01:13:04 UTC
top_5,"Penge, Marco",22465,betonline,+2500,0.038462,False,False,RBC Heritage,2026-04-16 01:13:04 UTC
top_5,"Penge, Marco",22465,datagolf,+4039,0.02416,True,False,RBC Heritage,2026-04-16 01:13:04 UTC
top_5,"Smotherman, Austin",22985,bovada,+2800,0.034483,False,False,RBC Heritage,2026-04-16 01:13:04 UTC
top_5,"Smotherman, Austin",22985,fanduel,+3300,0.029412,False,False,RBC Heritage,2026-04-16 01:13:04 UTC
top_5,"Smotherman, Austin",22985,caesars,+2900,0.033333,False,False,RBC Heritage,2026-04-16 01:13:04 UTC
top_5,"Smotherman, Austin",22985,draftkings,+2900,0.033333,False,False,RBC Heritage,2026-04-16 01:13:04 UTC
top_5,"Smotherman, Austin",22985,betmgm,+2200,0.043478,False,False,RBC Heritage,2026-04-16 01:13:04 UTC
top_5,"Smotherman, Austin",22985,unibet,+3300,0.029412,False,False,RBC Heritage,2026-04-16 01:13:04 UTC
top_5,"Smotherman, Austin",22985,pointsbet,+2200,0.043478,False,False,RBC Heritage,2026-04-16 01:13:04 UTC
top_5,"Smotherman, Austin",22985,bet365,+3500,0.027778,False,True,RBC Heritage,2026-04-16 01:13:04 UTC
top_5,"Smotherman, Austin",22985,betonline,+3300,0.029412,False,False,RBC Heritage,2026-04-16 01:13:04 UTC
top_5,"Smotherman, Austin",22985,datagolf,+4151,0.023524,True,False,RBC Heritage,2026-04-16 01:13:04 UTC
top_5,"Coody, Pierceson",28309,bovada,+2800,0.034483,False,False,RBC Heritage,2026-04-16 01:13:04 UTC
top_5,"Coody, Pierceson",28309,fanduel,+3000,0.032258,False,False,RBC Heritage,2026-04-16 01:13:04 UTC
top_5,"Coody, Pierceson",28309,caesars,+3500,0.027778,False,False,RBC Heritage,2026-04-16 01:13:04 UTC
top_5,"Coody, Pierceson",28309,draftkings,+2700,0.035714,False,False,RBC Heritage,2026-04-16 01:13:04 UTC
top_5,"Coody, Pierceson",28309,betmgm,+2200,0.043478,False,False,RBC Heritage,2026-04-16 01:13:04 UTC
top_5,"Coody, Pierceson",28309,unibet,+2000,0.047619,False,False,RBC Heritage,2026-04-16 01:13:04 UTC
top_5,"Coody, Pierceson",28309,pointsbet,+2200,0.043478,False,False,RBC Heritage,2026-04-16 01:13:04 UTC
top_5,"Coody, Pierceson",28309,bet365,+2500,0.038462,False,True,RBC Heritage,2026-04-16 01:13:04 UTC
top_5,"Coody, Pierceson",28309,betonline,+3500,0.027778,False,False,RBC Heritage,2026-04-16 01:13:04 UTC
top_5,"Coody, Pierceson",28309,datagolf,+4784,0.020475,True,False,RBC Heritage,2026-04-16 01:13:04 UTC
top_5,"Finau, Tony",11676,bovada,+2200,0.043478,False,False,RBC Heritage,2026-04-16 01:13:04 UTC
top_5,"Finau, Tony",11676,fanduel,+3500,0.027778,False,False,RBC Heritage,2026-04-16 01:13:04 UTC
top_5,"Finau, Tony",11676,caesars,+3500,0.027778,False,False,RBC Heritage,2026-04-16 01:13:04 UTC
top_5,"Finau, Tony",11676,draftkings,+3000,0.032258,False,False,RBC Heritage,2026-04-16 01:13:04 UTC
top_5,"Finau, Tony",11676,betmgm,+2000,0.047619,False,False,RBC Heritage,2026-04-16 01:13:04 UTC
top_5,"Finau, Tony",11676,unibet,+2500,0.038462,False,False,RBC Heritage,2026-04-16 01:13:04 UTC
top_5,"Finau, Tony",11676,pointsbet,+2500,0.038462,False,False,RBC Heritage,2026-04-16 01:13:04 UTC
top_5,"Finau, Tony",11676,bet365,+2500,0.038462,False,True,RBC Heritage,2026-04-16 01:13:04 UTC
top_5,"Finau, Tony",11676,betonline,+4000,0.02439,False,False,RBC Heritage,2026-04-16 01:13:04 UTC
top_5,"Finau, Tony",11676,datagolf,+5278,0.018594,True,False,RBC Heritage,2026-04-16 01:13:04 UTC
top_5,"Kim, Michael",17543,bovada,+2800,0.034483,False,False,RBC Heritage,2026-04-16 01:13:04 UTC
top_5,"Kim, Michael",17543,fanduel,+3300,0.029412,False,False,RBC Heritage,2026-04-16 01:13:04 UTC
top_5,"Kim, Michael",17543,caesars,+2800,0.034483,False,False,RBC Heritage,2026-04-16 01:13:04 UTC
top_5,"Kim, Michael",17543,draftkings,+3400,0.028571,False,False,RBC Heritage,2026-04-16 01:13:04 UTC
top_5,"Kim, Michael",17543,betmgm,+2200,0.043478,False,False,RBC Heritage,2026-04-16 01:13:04 UTC
top_5,"Kim, Michael",17543,unibet,+2800,0.034483,False,False,RBC Heritage,2026-04-16 01:13:04 UTC
top_5,"Kim, Michael",17543,pointsbet,+2200,0.043478,False,False,RBC Heritage,2026-04-16 01:13:04 UTC
top_5,"Kim, Michael",17543,bet365,+3500,0.027778,False,True,RBC Heritage,2026-04-16 01:13:04 UTC
top_5,"Kim, Michael",17543,betonline,+3500,0.027778,False,False,RBC Heritage,2026-04-16 01:13:04 UTC
top_5,"Kim, Michael",17543,datagolf,+4336,0.022543,True,False,RBC Heritage,2026-04-16 01:13:04 UTC
top_5,"Pendrith, Taylor",17780,bovada,+2500,0.038462,False,False,RBC Heritage,2026-04-16 01:13:04 UTC
top_5,"Pendrith, Taylor",17780,fanduel,+2700,0.035714,False,False,RBC Heritage,2026-04-16 01:13:04 UTC
top_5,"Pendrith, Taylor",17780,caesars,+2500,0.038462,False,False,RBC Heritage,2026-04-16 01:13:04 UTC
top_5,"Pendrith, Taylor",17780,draftkings,+2800,0.034483,False,False,RBC Heritage,2026-04-16 01:13:04 UTC
top_5,"Pendrith, Taylor",17780,betmgm,+2200,0.043478,False,False,RBC Heritage,2026-04-16 01:13:04 UTC
top_5,"Pendrith, Taylor",17780,unibet,+2000,0.047619,False,False,RBC Heritage,2026-04-16 01:13:04 UTC
top_5,"Pendrith, Taylor",17780,pointsbet,+2000,0.047619,False,False,RBC Heritage,2026-04-16 01:13:04 UTC
top_5,"Pendrith, Taylor",17780,bet365,+2500,0.038462,False,True,RBC Heritage,2026-04-16 01:13:04 UTC
top_5,"Pendrith, Taylor",17780,betonline,+3000,0.032258,False,False,RBC Heritage,2026-04-16 01:13:04 UTC
top_5,"Pendrith, Taylor",17780,datagolf,+4627,0.021155,True,False,RBC Heritage,2026-04-16 01:13:04 UTC
top_5,"Valimaki, Sami",23816,bovada,+3500,0.027778,False,False,RBC Heritage,2026-04-16 01:13:04 UTC
top_5,"Valimaki, Sami",23816,fanduel,+3300,0.029412,False,False,RBC Heritage,2026-04-16 01:13:04 UTC
top_5,"Valimaki, Sami",23816,caesars,+2400,0.04,False,False,RBC Heritage,2026-04-16 01:13:04 UTC
top_5,"Valimaki, Sami",23816,draftkings,+3900,0.025,False,False,RBC Heritage,2026-04-16 01:13:04 UTC
top_5,"Valimaki, Sami",23816,betmgm,+2800,0.034483,False,False,RBC Heritage,2026-04-16 01:13:04 UTC
top_5,"Valimaki, Sami",23816,unibet,+5000,0.019608,False,False,RBC Heritage,2026-04-16 01:13:04 UTC
top_5,"Valimaki, Sami",23816,pointsbet,+2200,0.043478,False,False,RBC Heritage,2026-04-16 01:13:04 UTC
top_5,"Valimaki, Sami",23816,bet365,+4000,0.02439,False,True,RBC Heritage,2026-04-16 01:13:04 UTC
top_5,"Valimaki, Sami",23816,betonline,+3000,0.032258,False,False,RBC Heritage,2026-04-16 01:13:04 UTC
top_5,"Valimaki, Sami",23816,datagolf,+5124,0.019142,True,False,RBC Heritage,2026-04-16 01:13:04 UTC
top_5,"Echavarria, Nico",22833,bovada,+2800,0.034483,False,False,RBC Heritage,2026-04-16 01:13:04 UTC
top_5,"Echavarria, Nico",22833,fanduel,+3300,0.029412,False,False,RBC Heritage,2026-04-16 01:13:04 UTC
top_5,"Echavarria, Nico",22833,caesars,+2900,0.033333,False,False,RBC Heritage,2026-04-16 01:13:04 UTC
top_5,"Echavarria, Nico",22833,draftkings,+4400,0.022222,False,False,RBC Heritage,2026-04-16 01:13:04 UTC
top_5,"Echavarria, Nico",22833,betmgm,+2500,0.038462,False,False,RBC Heritage,2026-04-16 01:13:04 UTC
top_5,"Echavarria, Nico",22833,unibet,+2000,0.047619,False,False,RBC Heritage,2026-04-16 01:13:04 UTC
top_5,"Echavarria, Nico",22833,pointsbet,+2200,0.043478,False,False,RBC Heritage,2026-04-16 01:13:04 UTC
top_5,"Echavarria, Nico",22833,bet365,+2500,0.038462,False,True,RBC Heritage,2026-04-16 01:13:04 UTC
top_5,"Echavarria, Nico",22833,betonline,+3500,0.027778,False,False,RBC Heritage,2026-04-16 01:13:04 UTC
top_5,"Echavarria, Nico",22833,datagolf,+5659,0.017364,True,False,RBC Heritage,2026-04-16 01:13:04 UTC
top_5,"Blanchet, Chandler",24956,bovada,+4000,0.02439,False,False,RBC Heritage,2026-04-16 01:13:04 UTC
top_5,"Blanchet, Chandler",24956,fanduel,+4000,0.02439,False,False,RBC Heritage,2026-04-16 01:13:04 UTC
top_5,"Blanchet, Chandler",24956,caesars,+3500,0.027778,False,False,RBC Heritage,2026-04-16 01:13:04 UTC
top_5,"Blanchet, Chandler",24956,draftkings,+6600,0.014925,False,False,RBC Heritage,2026-04-16 01:13:04 UTC
top_5,"Blanchet, Chandler",24956,betmgm,+3300,0.029412,False,False,RBC Heritage,2026-04-16 01:13:04 UTC
top_5,"Blanchet, Chandler",24956,unibet,+3500,0.027778,False,False,RBC Heritage,2026-04-16 01:13:04 UTC
top_5,"Blanchet, Chandler",24956,pointsbet,+2800,0.034483,False,False,RBC Heritage,2026-04-16 01:13:04 UTC
top_5,"Blanchet, Chandler",24956,bet365,+5000,0.019608,False,True,RBC Heritage,2026-04-16 01:13:04 UTC
top_5,"Blanchet, Chandler",24956,betonline,+5000,0.019608,False,False,RBC Heritage,2026-04-16 01:13:04 UTC
top_5,"Blanchet, Chandler",24956,datagolf,+5411,0.018146,True,False,RBC Heritage,2026-04-16 01:13:04 UTC
top_5,"Fox, Ryan",11889,bovada,+3500,0.027778,False,False,RBC Heritage,2026-04-16 01:13:04 UTC
top_5,"Fox, Ryan",11889,fanduel,+4000,0.02439,False,False,RBC Heritage,2026-04-16 01:13:04 UTC
top_5,"Fox, Ryan",11889,caesars,+3500,0.027778,False,False,RBC Heritage,2026-04-16 01:13:04 UTC
top_5,"Fox, Ryan",11889,draftkings,+4100,0.02381,False,False,RBC Heritage,2026-04-16 01:13:04 UTC
top_5,"Fox, Ryan",11889,betmgm,+2800,0.034483,False,False,RBC Heritage,2026-04-16 01:13:04 UTC
top_5,"Fox, Ryan",11889,unibet,+3500,0.027778,False,False,RBC Heritage,2026-04-16 01:13:04 UTC
top_5,"Fox, Ryan",11889,pointsbet,+2800,0.034483,False,False,RBC Heritage,2026-04-16 01:13:04 UTC
top_5,"Fox, Ryan",11889,bet365,+4000,0.02439,False,True,RBC Heritage,2026-04-16 01:13:04 UTC
top_5,"Fox, Ryan",11889,betonline,+4500,0.021739,False,False,RBC Heritage,2026-04-16 01:13:04 UTC
top_5,"Fox, Ryan",11889,datagolf,+5995,0.016407,True,False,RBC Heritage,2026-04-16 01:13:04 UTC
top_5,"Mouw, William",29770,bovada,+4500,0.021739,False,False,RBC Heritage,2026-04-16 01:13:04 UTC
top_5,"Mouw, William",29770,fanduel,+4500,0.021739,False,False,RBC Heritage,2026-04-16 01:13:04 UTC
top_5,"Mouw, William",29770,caesars,+4000,0.02439,False,False,RBC Heritage,2026-04-16 01:13:04 UTC
top_5,"Mouw, William",29770,draftkings,+5800,0.016949,False,False,RBC Heritage,2026-04-16 01:13:04 UTC
top_5,"Mouw, William",29770,betmgm,+3300,0.029412,False,False,RBC Heritage,2026-04-16 01:13:04 UTC
top_5,"Mouw, William",29770,unibet,+5000,0.019608,False,False,RBC Heritage,2026-04-16 01:13:04 UTC
top_5,"Mouw, William",29770,pointsbet,+3000,0.032258,False,False,RBC Heritage,2026-04-16 01:13:04 UTC
top_5,"Mouw, William",29770,bet365,+4500,0.021739,False,True,RBC Heritage,2026-04-16 01:13:04 UTC
top_5,"Mouw, William",29770,betonline,+5000,0.019608,False,False,RBC Heritage,2026-04-16 01:13:04 UTC
top_5,"Mouw, William",29770,datagolf,+7035,0.014015,True,False,RBC Heritage,2026-04-16 01:13:04 UTC
top_5,"Rodgers, Patrick",16283,bovada,+3500,0.027778,False,False,RBC Heritage,2026-04-16 01:13:04 UTC
top_5,"Rodgers, Patrick",16283,fanduel,+4000,0.02439,False,False,RBC Heritage,2026-04-16 01:13:04 UTC
top_5,"Rodgers, Patrick",16283,caesars,+3500,0.027778,False,False,RBC Heritage,2026-04-16 01:13:04 UTC
top_5,"Rodgers, Patrick",16283,draftkings,+4000,0.02439,False,False,RBC Heritage,2026-04-16 01:13:04 UTC
top_5,"Rodgers, Patrick",16283,betmgm,+2800,0.034483,False,False,RBC Heritage,2026-04-16 01:13:04 UTC
top_5,"Rodgers, Patrick",16283,unibet,+3500,0.027778,False,False,RBC Heritage,2026-04-16 01:13:04 UTC
top_5,"Rodgers, Patrick",16283,pointsbet,+2800,0.034483,False,False,RBC Heritage,2026-04-16 01:13:04 UTC
top_5,"Rodgers, Patrick",16283,bet365,+4000,0.02439,False,True,RBC Heritage,2026-04-16 01:13:04 UTC
top_5,"Rodgers, Patrick",16283,betonline,+5000,0.019608,False,False,RBC Heritage,2026-04-16 01:13:04 UTC
top_5,"Rodgers, Patrick",16283,datagolf,+6974,0.014136,True,False,RBC Heritage,2026-04-16 01:13:04 UTC
top_5,"Keefer, Johnny",32457,bovada,+4000,0.02439,False,False,RBC Heritage,2026-04-16 01:13:04 UTC
top_5,"Keefer, Johnny",32457,fanduel,+5500,0.017857,False,False,RBC Heritage,2026-04-16 01:13:04 UTC
top_5,"Keefer, Johnny",32457,caesars,+4500,0.021739,False,False,RBC Heritage,2026-04-16 01:13:04 UTC
top_5,"Keefer, Johnny",32457,draftkings,+5100,0.019231,False,False,RBC Heritage,2026-04-16 01:13:04 UTC
top_5,"Keefer, Johnny",32457,betmgm,+3300,0.029412,False,False,RBC Heritage,2026-04-16 01:13:04 UTC
top_5,"Keefer, Johnny",32457,unibet,+4500,0.021739,False,False,RBC Heritage,2026-04-16 01:13:04 UTC
top_5,"Keefer, Johnny",32457,pointsbet,+3500,0.027778,False,False,RBC Heritage,2026-04-16 01:13:04 UTC
top_5,"Keefer, Johnny",32457,bet365,+4500,0.021739,False,True,RBC Heritage,2026-04-16 01:13:04 UTC
top_5,"Keefer, Johnny",32457,betonline,+4500,0.021739,False,False,RBC Heritage,2026-04-16 01:13:04 UTC
top_5,"Keefer, Johnny",32457,datagolf,+7426,0.013287,True,False,RBC Heritage,2026-04-16 01:13:04 UTC
top_5,"Horschel, Billy",11276,bovada,+2800,0.034483,False,False,RBC Heritage,2026-04-16 01:13:04 UTC
top_5,"Horschel, Billy",11276,fanduel,+4500,0.021739,False,False,RBC Heritage,2026-04-16 01:13:04 UTC
top_5,"Horschel, Billy",11276,caesars,+4000,0.02439,False,False,RBC Heritage,2026-04-16 01:13:04 UTC
top_5,"Horschel, Billy",11276,draftkings,+3500,0.027778,False,False,RBC Heritage,2026-04-16 01:13:04 UTC
top_5,"Horschel, Billy",11276,betmgm,+2200,0.043478,False,False,RBC Heritage,2026-04-16 01:13:04 UTC
top_5,"Horschel, Billy",11276,unibet,+2500,0.038462,False,False,RBC Heritage,2026-04-16 01:13:04 UTC
top_5,"Horschel, Billy",11276,pointsbet,+3000,0.032258,False,False,RBC Heritage,2026-04-16 01:13:04 UTC
top_5,"Horschel, Billy",11276,bet365,+2500,0.038462,False,True,RBC Heritage,2026-04-16 01:13:04 UTC
top_5,"Horschel, Billy",11276,betonline,+4000,0.02439,False,False,RBC Heritage,2026-04-16 01:13:04 UTC
top_5,"Horschel, Billy",11276,datagolf,+7430,0.01328,True,False,RBC Heritage,2026-04-16 01:13:04 UTC
top_5,"Lipsky, David",15980,bovada,+5000,0.019608,False,False,RBC Heritage,2026-04-16 01:13:04 UTC
top_5,"Lipsky, David",15980,fanduel,+6000,0.016393,False,False,RBC Heritage,2026-04-16 01:13:04 UTC
top_5,"Lipsky, David",15980,caesars,+4500,0.021739,False,False,RBC Heritage,2026-04-16 01:13:04 UTC
top_5,"Lipsky, David",15980,draftkings,+6500,0.015152,False,False,RBC Heritage,2026-04-16 01:13:04 UTC
top_5,"Lipsky, David",15980,betmgm,+4500,0.021739,False,False,RBC Heritage,2026-04-16 01:13:04 UTC
top_5,"Lipsky, David",15980,unibet,+5500,0.017857,False,False,RBC Heritage,2026-04-16 01:13:04 UTC
top_5,"Lipsky, David",15980,pointsbet,+4000,0.02439,False,False,RBC Heritage,2026-04-16 01:13:04 UTC
top_5,"Lipsky, David",15980,bet365,+7000,0.014085,False,True,RBC Heritage,2026-04-16 01:13:04 UTC
top_5,"Lipsky, David",15980,betonline,+4500,0.021739,False,False,RBC Heritage,2026-04-16 01:13:04 UTC
top_5,"Lipsky, David",15980,datagolf,+7530,0.013106,True,False,RBC Heritage,2026-04-16 01:13:04 UTC
top_5,"Fisk, Steven",26657,bovada,+6000,0.016393,False,False,RBC Heritage,2026-04-16 01:13:04 UTC
top_5,"Fisk, Steven",26657,fanduel,+5500,0.017857,False,False,RBC Heritage,2026-04-16 01:13:04 UTC
top_5,"Fisk, Steven",26657,caesars,+4500,0.021739,False,False,RBC Heritage,2026-04-16 01:13:04 UTC
top_5,"Fisk, Steven",26657,draftkings,+6300,0.015625,False,False,RBC Heritage,2026-04-16 01:13:04 UTC
top_5,"Fisk, Steven",26657,betmgm,+4500,0.021739,False,False,RBC Heritage,2026-04-16 01:13:04 UTC
top_5,"Fisk, Steven",26657,unibet,+5500,0.017857,False,False,RBC Heritage,2026-04-16 01:13:04 UTC
top_5,"Fisk, Steven",26657,pointsbet,+3500,0.027778,False,False,RBC Heritage,2026-04-16 01:13:04 UTC
top_5,"Fisk, Steven",26657,bet365,+7000,0.014085,False,True,RBC Heritage,2026-04-16 01:13:04 UTC
top_5,"Fisk, Steven",26657,betonline,+6000,0.016393,False,False,RBC Heritage,2026-04-16 01:13:04 UTC
top_5,"Fisk, Steven",26657,datagolf,+8989,0.011002,True,False,RBC Heritage,2026-04-16 01:13:04 UTC
top_5,"Glover, Lucas",7399,bovada,+6000,0.016393,False,False,RBC Heritage,2026-04-16 01:13:04 UTC
top_5,"Glover, Lucas",7399,fanduel,+7500,0.013158,False,False,RBC Heritage,2026-04-16 01:13:04 UTC
top_5,"Glover, Lucas",7399,caesars,+6500,0.015152,False,False,RBC Heritage,2026-04-16 01:13:04 UTC
top_5,"Glover, Lucas",7399,draftkings,+6100,0.016129,False,False,RBC Heritage,2026-04-16 01:13:04 UTC
top_5,"Glover, Lucas",7399,betmgm,+6000,0.016393,False,False,RBC Heritage,2026-04-16 01:13:04 UTC
top_5,"Glover, Lucas",7399,unibet,+5500,0.017857,False,False,RBC Heritage,2026-04-16 01:13:04 UTC
top_5,"Glover, Lucas",7399,pointsbet,+4500,0.021739,False,False,RBC Heritage,2026-04-16 01:13:04 UTC
top_5,"Glover, Lucas",7399,bet365,+6000,0.016393,False,True,RBC Heritage,2026-04-16 01:13:04 UTC
top_5,"Glover, Lucas",7399,betonline,+6000,0.016393,False,False,RBC Heritage,2026-04-16 01:13:04 UTC
top_5,"Glover, Lucas",7399,datagolf,+8176,0.012083,True,False,RBC Heritage,2026-04-16 01:13:04 UTC
top_5,"Higgo, Garrick",24342,bovada,+6500,0.015152,False,False,RBC Heritage,2026-04-16 01:13:04 UTC
top_5,"Higgo, Garrick",24342,fanduel,+7500,0.013158,False,False,RBC Heritage,2026-04-16 01:13:04 UTC
top_5,"Higgo, Garrick",24342,caesars,+8000,0.012346,False,False,RBC Heritage,2026-04-16 01:13:04 UTC
top_5,"Higgo, Garrick",24342,draftkings,+8400,0.011765,False,False,RBC Heritage,2026-04-16 01:13:04 UTC
top_5,"Higgo, Garrick",24342,betmgm,+5500,0.017857,False,False,RBC Heritage,2026-04-16 01:13:04 UTC
top_5,"Higgo, Garrick",24342,unibet,+7500,0.013158,False,False,RBC Heritage,2026-04-16 01:13:04 UTC
top_5,"Higgo, Garrick",24342,pointsbet,+4500,0.021739,False,False,RBC Heritage,2026-04-16 01:13:04 UTC
top_5,"Higgo, Garrick",24342,bet365,+5500,0.017857,False,True,RBC Heritage,2026-04-16 01:13:04 UTC
top_5,"Higgo, Garrick",24342,betonline,+6500,0.015152,False,False,RBC Heritage,2026-04-16 01:13:04 UTC
top_5,"Higgo, Garrick",24342,datagolf,+13325,0.007449,True,False,RBC Heritage,2026-04-16 01:13:04 UTC
top_5,"Vegas, Jhonattan",13508,bovada,+8000,0.012346,False,False,RBC Heritage,2026-04-16 01:13:04 UTC
top_5,"Vegas, Jhonattan",13508,fanduel,+8000,0.012346,False,False,RBC Heritage,2026-04-16 01:13:04 UTC
top_5,"Vegas, Jhonattan",13508,caesars,+8000,0.012346,False,False,RBC Heritage,2026-04-16 01:13:04 UTC
top_5,"Vegas, Jhonattan",13508,draftkings,+8800,0.011236,False,False,RBC Heritage,2026-04-16 01:13:04 UTC
top_5,"Vegas, Jhonattan",13508,betmgm,+6000,0.016393,False,False,RBC Heritage,2026-04-16 01:13:04 UTC
top_5,"Vegas, Jhonattan",13508,unibet,+7500,0.013158,False,False,RBC Heritage,2026-04-16 01:13:04 UTC
top_5,"Vegas, Jhonattan",13508,pointsbet,+5000,0.019608,False,False,RBC Heritage,2026-04-16 01:13:04 UTC
top_5,"Vegas, Jhonattan",13508,bet365,+8000,0.012346,False,True,RBC Heritage,2026-04-16 01:13:04 UTC
top_5,"Vegas, Jhonattan",13508,betonline,+9000,0.010989,False,False,RBC Heritage,2026-04-16 01:13:04 UTC
top_5,"Vegas, Jhonattan",13508,datagolf,+15595,0.006371,True,False,RBC Heritage,2026-04-16 01:13:04 UTC
top_5,"Hoge, Tom",15575,bovada,+6500,0.015152,False,False,RBC Heritage,2026-04-16 01:13:04 UTC
top_5,"Hoge, Tom",15575,fanduel,+8000,0.012346,False,False,RBC Heritage,2026-04-16 01:13:04 UTC
top_5,"Hoge, Tom",15575,caesars,+7000,0.014085,False,False,RBC Heritage,2026-04-16 01:13:04 UTC
top_5,"Hoge, Tom",15575,draftkings,+9800,0.010101,False,False,RBC Heritage,2026-04-16 01:13:04 UTC
top_5,"Hoge, Tom",15575,betmgm,+5500,0.017857,False,False,RBC Heritage,2026-04-16 01:13:04 UTC
top_5,"Hoge, Tom",15575,unibet,+5500,0.017857,False,False,RBC Heritage,2026-04-16 01:13:04 UTC
top_5,"Hoge, Tom",15575,pointsbet,+5000,0.019608,False,False,RBC Heritage,2026-04-16 01:13:04 UTC
top_5,"Hoge, Tom",15575,bet365,+7000,0.014085,False,True,RBC Heritage,2026-04-16 01:13:04 UTC
top_5,"Hoge, Tom",15575,betonline,+7500,0.013158,False,False,RBC Heritage,2026-04-16 01:13:04 UTC
top_5,"Hoge, Tom",15575,datagolf,+15740,0.006313,True,False,RBC Heritage,2026-04-16 01:13:04 UTC
top_5,"Schenk, Adam",19477,bovada,+10000,0.009901,False,False,RBC Heritage,2026-04-16 01:13:04 UTC
top_5,"Schenk, Adam",19477,caesars,+15000,0.006623,False,False,RBC Heritage,2026-04-16 01:13:04 UTC
top_5,"Schenk, Adam",19477,draftkings,+20000,0.004975,False,False,RBC Heritage,2026-04-16 01:13:04 UTC
top_5,"Schenk, Adam",19477,betmgm,+9000,0.010989,False,False,RBC Heritage,2026-04-16 01:13:04 UTC
top_5,"Schenk, Adam",19477,unibet,+25000,0.003984,False,False,RBC Heritage,2026-04-16 01:13:04 UTC
top_5,"Schenk, Adam",19477,pointsbet,+8000,0.012346,False,False,RBC Heritage,2026-04-16 01:13:04 UTC
top_5,"Schenk, Adam",19477,bet365,+9000,0.010989,False,True,RBC Heritage,2026-04-16 01:13:04 UTC
top_5,"Schenk, Adam",19477,betonline,+20000,0.004975,False,False,RBC Heritage,2026-04-16 01:13:04 UTC
top_5,"Schenk, Adam",19477,datagolf,+28531,0.003493,True,False,RBC Heritage,2026-04-16 01:13:04 UTC
top_5,"Vilips, Karl",24304,bovada,+5000,0.019608,False,False,RBC Heritage,2026-04-16 01:13:04 UTC
top_5,"Vilips, Karl",24304,fanduel,+8000,0.012346,False,False,RBC Heritage,2026-04-16 01:13:04 UTC
top_5,"Vilips, Karl",24304,caesars,+6500,0.015152,False,False,RBC Heritage,2026-04-16 01:13:04 UTC
top_5,"Vilips, Karl",24304,draftkings,+10000,0.009901,False,False,RBC Heritage,2026-04-16 01:13:04 UTC
top_5,"Vilips, Karl",24304,betmgm,+4500,0.021739,False,False,RBC Heritage,2026-04-16 01:13:04 UTC
top_5,"Vilips, Karl",24304,unibet,+5500,0.017857,False,False,RBC Heritage,2026-04-16 01:13:04 UTC
top_5,"Vilips, Karl",24304,pointsbet,+5000,0.019608,False,False,RBC Heritage,2026-04-16 01:13:04 UTC
top_5,"Vilips, Karl",24304,bet365,+6000,0.016393,False,True,RBC Heritage,2026-04-16 01:13:04 UTC
top_5,"Vilips, Karl",24304,betonline,+9000,0.010989,False,False,RBC Heritage,2026-04-16 01:13:04 UTC
top_5,"Vilips, Karl",24304,datagolf,+16002,0.00621,True,False,RBC Heritage,2026-04-16 01:13:04 UTC
top_5,"Potgieter, Aldrich",27900,bovada,+6500,0.015152,False,False,RBC Heritage,2026-04-16 01:13:04 UTC
top_5,"Potgieter, Aldrich",27900,fanduel,+5500,0.017857,False,False,RBC Heritage,2026-04-16 01:13:04 UTC
top_5,"Potgieter, Aldrich",27900,caesars,+4500,0.021739,False,False,RBC Heritage,2026-04-16 01:13:04 UTC
top_5,"Potgieter, Aldrich",27900,draftkings,+10500,0.009434,False,False,RBC Heritage,2026-04-16 01:13:04 UTC
top_5,"Potgieter, Aldrich",27900,betmgm,+6600,0.014925,False,False,RBC Heritage,2026-04-16 01:13:04 UTC
top_5,"Potgieter, Aldrich",27900,unibet,+9000,0.010989,False,False,RBC Heritage,2026-04-16 01:13:04 UTC
top_5,"Potgieter, Aldrich",27900,pointsbet,+3500,0.027778,False,False,RBC Heritage,2026-04-16 01:13:04 UTC
top_5,"Potgieter, Aldrich",27900,bet365,+8000,0.012346,False,True,RBC Heritage,2026-04-16 01:13:04 UTC
top_5,"Potgieter, Aldrich",27900,betonline,+8000,0.012346,False,False,RBC Heritage,2026-04-16 01:13:04 UTC
top_5,"Potgieter, Aldrich",27900,datagolf,+22353,0.004454,True,False,RBC Heritage,2026-04-16 01:13:04 UTC
top_5,"Campbell, Brian",18628,bovada,+5000,0.019608,False,False,RBC Heritage,2026-04-16 01:13:04 UTC
top_5,"Campbell, Brian",18628,fanduel,+4000,0.02439,False,False,RBC Heritage,2026-04-16 01:13:04 UTC
top_5,"Campbell, Brian",18628,caesars,+2800,0.034483,False,False,RBC Heritage,2026-04-16 01:13:04 UTC
top_5,"Campbell, Brian",18628,draftkings,+8400,0.011765,False,False,RBC Heritage,2026-04-16 01:13:04 UTC
top_5,"Campbell, Brian",18628,betmgm,+4500,0.021739,False,False,RBC Heritage,2026-04-16 01:13:04 UTC
top_5,"Campbell, Brian",18628,unibet,+9000,0.010989,False,False,RBC Heritage,2026-04-16 01:13:04 UTC
top_5,"Campbell, Brian",18628,pointsbet,+2800,0.034483,False,False,RBC Heritage,2026-04-16 01:13:04 UTC
top_5,"Campbell, Brian",18628,bet365,+4500,0.021739,False,True,RBC Heritage,2026-04-16 01:13:04 UTC
top_5,"Campbell, Brian",18628,betonline,+6000,0.016393,False,False,RBC Heritage,2026-04-16 01:13:04 UTC
top_5,"Campbell, Brian",18628,datagolf,+14994,0.006625,True,False,RBC Heritage,2026-04-16 01:13:04 UTC
top_5,"Highsmith, Joe",28469,bovada,+10000,0.009901,False,False,RBC Heritage,2026-04-16 01:13:04 UTC
top_5,"Highsmith, Joe",28469,caesars,+12500,0.007937,False,False,RBC Heritage,2026-04-16 01:13:04 UTC
top_5,"Highsmith, Joe",28469,draftkings,+19500,0.005102,False,False,RBC Heritage,2026-04-16 01:13:04 UTC
top_5,"Highsmith, Joe",28469,betmgm,+10000,0.009901,False,False,RBC Heritage,2026-04-16 01:13:04 UTC
top_5,"Highsmith, Joe",28469,unibet,+25000,0.003984,False,False,RBC Heritage,2026-04-16 01:13:04 UTC
top_5,"Highsmith, Joe",28469,pointsbet,+8000,0.012346,False,False,RBC Heritage,2026-04-16 01:13:04 UTC
top_5,"Highsmith, Joe",28469,bet365,+14000,0.007092,False,True,RBC Heritage,2026-04-16 01:13:04 UTC
top_5,"Highsmith, Joe",28469,betonline,+17500,0.005682,False,False,RBC Heritage,2026-04-16 01:13:04 UTC
top_5,"Highsmith, Joe",28469,datagolf,+34258,0.002911,True,False,RBC Heritage,2026-04-16 01:13:04 UTC
top_10,"Scheffler, Scottie",18417,bovada,-260,0.722222,False,False,RBC Heritage,2026-04-16 01:13:04 UTC
top_10,"Scheffler, Scottie",18417,fanduel,-190,0.655172,False,False,RBC Heritage,2026-04-16 01:13:04 UTC
top_10,"Scheffler, Scottie",18417,caesars,-278,0.73545,False,False,RBC Heritage,2026-04-16 01:13:04 UTC
top_10,"Scheffler, Scottie",18417,draftkings,-210,0.677419,False,False,RBC Heritage,2026-04-16 01:13:04 UTC
top_10,"Scheffler, Scottie",18417,betmgm,-250,0.714286,False,False,RBC Heritage,2026-04-16 01:13:04 UTC
top_10,"Scheffler, Scottie",18417,unibet,-200,0.666667,False,False,RBC Heritage,2026-04-16 01:13:04 UTC
top_10,"Scheffler, Scottie",18417,pointsbet,-170,0.62963,False,False,RBC Heritage,2026-04-16 01:13:04 UTC
top_10,"Scheffler, Scottie",18417,bet365,-208,0.675325,False,True,RBC Heritage,2026-04-16 01:13:04 UTC
top_10,"Scheffler, Scottie",18417,betonline,-200,0.666667,False,False,RBC Heritage,2026-04-16 01:13:04 UTC
top_10,"Scheffler, Scottie",18417,datagolf,-121,0.547511,True,False,RBC Heritage,2026-04-16 01:13:04 UTC
top_10,"Schauffele, Xander",19895,bovada,+110,0.47619,False,False,RBC Heritage,2026-04-16 01:13:04 UTC
top_10,"Schauffele, Xander",19895,fanduel,+160,0.384615,False,False,RBC Heritage,2026-04-16 01:13:04 UTC
top_10,"Schauffele, Xander",19895,caesars,+120,0.454545,False,False,RBC Heritage,2026-04-16 01:13:04 UTC
top_10,"Schauffele, Xander",19895,draftkings,+150,0.4,False,False,RBC Heritage,2026-04-16 01:13:04 UTC
top_10,"Schauffele, Xander",19895,betmgm,+125,0.444444,False,False,RBC Heritage,2026-04-16 01:13:04 UTC
top_10,"Schauffele, Xander",19895,unibet,+150,0.4,False,False,RBC Heritage,2026-04-16 01:13:04 UTC
top_10,"Schauffele, Xander",19895,pointsbet,+165,0.377358,False,False,RBC Heritage,2026-04-16 01:13:04 UTC
top_10,"Schauffele, Xander",19895,bet365,+150,0.4,False,True,RBC Heritage,2026-04-16 01:13:04 UTC
top_10,"Schauffele, Xander",19895,betonline,+150,0.4,False,False,RBC Heritage,2026-04-16 01:13:04 UTC
top_10,"Schauffele, Xander",19895,datagolf,+191,0.343643,True,False,RBC Heritage,2026-04-16 01:13:04 UTC
top_10,"Fitzpatrick, Matt",17646,bovada,+130,0.434783,False,False,RBC Heritage,2026-04-16 01:13:04 UTC
top_10,"Fitzpatrick, Matt",17646,fanduel,+160,0.384615,False,False,RBC Heritage,2026-04-16 01:13:04 UTC
top_10,"Fitzpatrick, Matt",17646,caesars,+150,0.4,False,False,RBC Heritage,2026-04-16 01:13:04 UTC
top_10,"Fitzpatrick, Matt",17646,draftkings,+166,0.37594,False,False,RBC Heritage,2026-04-16 01:13:04 UTC
top_10,"Fitzpatrick, Matt",17646,betmgm,+140,0.416667,False,False,RBC Heritage,2026-04-16 01:13:04 UTC
top_10,"Fitzpatrick, Matt",17646,unibet,+150,0.4,False,False,RBC Heritage,2026-04-16 01:13:04 UTC
top_10,"Fitzpatrick, Matt",17646,pointsbet,+165,0.377358,False,False,RBC Heritage,2026-04-16 01:13:04 UTC
top_10,"Fitzpatrick, Matt",17646,bet365,+163,0.380228,False,True,RBC Heritage,2026-04-16 01:13:04 UTC
top_10,"Fitzpatrick, Matt",17646,betonline,+160,0.384615,False,False,RBC Heritage,2026-04-16 01:13:04 UTC
top_10,"Fitzpatrick, Matt",17646,datagolf,+180,0.357143,True,False,RBC Heritage,2026-04-16 01:13:04 UTC
top_10,"Young, Cameron",26651,bovada,+130,0.434783,False,False,RBC Heritage,2026-04-16 01:13:04 UTC
top_10,"Young, Cameron",26651,fanduel,+185,0.350877,False,False,RBC Heritage,2026-04-16 01:13:04 UTC
top_10,"Young, Cameron",26651,caesars,+150,0.4,False,False,RBC Heritage,2026-04-16 01:13:04 UTC
top_10,"Young, Cameron",26651,draftkings,+174,0.364964,False,False,RBC Heritage,2026-04-16 01:13:04 UTC
top_10,"Young, Cameron",26651,betmgm,+140,0.416667,False,False,RBC Heritage,2026-04-16 01:13:04 UTC
top_10,"Young, Cameron",26651,unibet,+188,0.347222,False,False,RBC Heritage,2026-04-16 01:13:04 UTC
top_10,"Young, Cameron",26651,pointsbet,+190,0.344828,False,False,RBC Heritage,2026-04-16 01:13:04 UTC
top_10,"Young, Cameron",26651,bet365,+163,0.380228,False,True,RBC Heritage,2026-04-16 01:13:04 UTC
top_10,"Young, Cameron",26651,betonline,+185,0.350877,False,False,RBC Heritage,2026-04-16 01:13:04 UTC
top_10,"Young, Cameron",26651,datagolf,+199,0.334448,True,False,RBC Heritage,2026-04-16 01:13:04 UTC
top_10,"Henley, Russell",14578,bovada,+150,0.4,False,False,RBC Heritage,2026-04-16 01:13:04 UTC
top_10,"Henley, Russell",14578,fanduel,+160,0.384615,False,False,RBC Heritage,2026-04-16 01:13:04 UTC
top_10,"Henley, Russell",14578,caesars,+160,0.384615,False,False,RBC Heritage,2026-04-16 01:13:04 UTC
top_10,"Henley, Russell",14578,draftkings,+166,0.37594,False,False,RBC Heritage,2026-04-16 01:13:04 UTC
top_10,"Henley, Russell",14578,betmgm,+140,0.416667,False,False,RBC Heritage,2026-04-16 01:13:04 UTC
top_10,"Henley, Russell",14578,unibet,+188,0.347222,False,False,RBC Heritage,2026-04-16 01:13:04 UTC
top_10,"Henley, Russell",14578,pointsbet,+165,0.377358,False,False,RBC Heritage,2026-04-16 01:13:04 UTC
top_10,"Henley, Russell",14578,bet365,+163,0.380228,False,True,RBC Heritage,2026-04-16 01:13:04 UTC
top_10,"Henley, Russell",14578,betonline,+170,0.37037,False,False,RBC Heritage,2026-04-16 01:13:04 UTC
top_10,"Henley, Russell",14578,datagolf,+189,0.346021,True,False,RBC Heritage,2026-04-16 01:13:04 UTC
top_10,"Fleetwood, Tommy",12294,bovada,+170,0.37037,False,False,RBC Heritage,2026-04-16 01:13:04 UTC
top_10,"Fleetwood, Tommy",12294,fanduel,+190,0.344828,False,False,RBC Heritage,2026-04-16 01:13:04 UTC
top_10,"Fleetwood, Tommy",12294,caesars,+175,0.363636,False,False,RBC Heritage,2026-04-16 01:13:04 UTC
top_10,"Fleetwood, Tommy",12294,draftkings,+178,0.359712,False,False,RBC Heritage,2026-04-16 01:13:04 UTC
top_10,"Fleetwood, Tommy",12294,betmgm,+180,0.357143,False,False,RBC Heritage,2026-04-16 01:13:04 UTC
top_10,"Fleetwood, Tommy",12294,unibet,+188,0.347222,False,False,RBC Heritage,2026-04-16 01:13:04 UTC
top_10,"Fleetwood, Tommy",12294,pointsbet,+190,0.344828,False,False,RBC Heritage,2026-04-16 01:13:04 UTC
top_10,"Fleetwood, Tommy",12294,bet365,+188,0.347222,False,True,RBC Heritage,2026-04-16 01:13:04 UTC
top_10,"Fleetwood, Tommy",12294,betonline,+200,0.333333,False,False,RBC Heritage,2026-04-16 01:13:04 UTC
top_10,"Fleetwood, Tommy",12294,datagolf,+233,0.3003,True,False,RBC Heritage,2026-04-16 01:13:04 UTC
top_10,"Morikawa, Collin",22085,bovada,+180,0.357143,False,False,RBC Heritage,2026-04-16 01:13:04 UTC
top_10,"Morikawa, Collin",22085,fanduel,+250,0.285714,False,False,RBC Heritage,2026-04-16 01:13:04 UTC
top_10,"Morikawa, Collin",22085,caesars,+235,0.298507,False,False,RBC Heritage,2026-04-16 01:13:04 UTC
top_10,"Morikawa, Collin",22085,draftkings,+205,0.327869,False,False,RBC Heritage,2026-04-16 01:13:04 UTC
top_10,"Morikawa, Collin",22085,betmgm,+200,0.333333,False,False,RBC Heritage,2026-04-16 01:13:04 UTC
top_10,"Morikawa, Collin",22085,unibet,+250,0.285714,False,False,RBC Heritage,2026-04-16 01:13:04 UTC
top_10,"Morikawa, Collin",22085,pointsbet,+250,0.285714,False,False,RBC Heritage,2026-04-16 01:13:04 UTC
top_10,"Morikawa, Collin",22085,bet365,+250,0.285714,False,True,RBC Heritage,2026-04-16 01:13:04 UTC
top_10,"Morikawa, Collin",22085,betonline,+225,0.307692,False,False,RBC Heritage,2026-04-16 01:13:04 UTC
top_10,"Morikawa, Collin",22085,datagolf,+260,0.277778,True,False,RBC Heritage,2026-04-16 01:13:04 UTC
top_10,"Kim, Si Woo",14609,bovada,+225,0.307692,False,False,RBC Heritage,2026-04-16 01:13:04 UTC
top_10,"Kim, Si Woo",14609,fanduel,+270,0.27027,False,False,RBC Heritage,2026-04-16 01:13:04 UTC
top_10,"Kim, Si Woo",14609,caesars,+250,0.285714,False,False,RBC Heritage,2026-04-16 01:13:04 UTC
top_10,"Kim, Si Woo",14609,draftkings,+240,0.294118,False,False,RBC Heritage,2026-04-16 01:13:04 UTC
top_10,"Kim, Si Woo",14609,betmgm,+240,0.294118,False,False,RBC Heritage,2026-04-16 01:13:04 UTC
top_10,"Kim, Si Woo",14609,unibet,+280,0.263158,False,False,RBC Heritage,2026-04-16 01:13:04 UTC
top_10,"Kim, Si Woo",14609,pointsbet,+280,0.263158,False,False,RBC Heritage,2026-04-16 01:13:04 UTC
top_10,"Kim, Si Woo",14609,bet365,+260,0.277778,False,True,RBC Heritage,2026-04-16 01:13:04 UTC
top_10,"Kim, Si Woo",14609,betonline,+260,0.277778,False,False,RBC Heritage,2026-04-16 01:13:04 UTC
top_10,"Kim, Si Woo",14609,datagolf,+268,0.271739,True,False,RBC Heritage,2026-04-16 01:13:04 UTC
top_10,"Aberg, Ludvig",23950,bovada,+180,0.357143,False,False,RBC Heritage,2026-04-16 01:13:04 UTC
top_10,"Aberg, Ludvig",23950,fanduel,+230,0.30303,False,False,RBC Heritage,2026-04-16 01:13:04 UTC
top_10,"Aberg, Ludvig",23950,caesars,+205,0.327869,False,False,RBC Heritage,2026-04-16 01:13:04 UTC
top_10,"Aberg, Ludvig",23950,draftkings,+200,0.333333,False,False,RBC Heritage,2026-04-16 01:13:04 UTC
top_10,"Aberg, Ludvig",23950,betmgm,+180,0.357143,False,False,RBC Heritage,2026-04-16 01:13:04 UTC
top_10,"Aberg, Ludvig",23950,unibet,+240,0.294118,False,False,RBC Heritage,2026-04-16 01:13:04 UTC
top_10,"Aberg, Ludvig",23950,pointsbet,+230,0.30303,False,False,RBC Heritage,2026-04-16 01:13:04 UTC
top_10,"Aberg, Ludvig",23950,bet365,+220,0.3125,False,True,RBC Heritage,2026-04-16 01:13:04 UTC
top_10,"Aberg, Ludvig",23950,betonline,+235,0.298507,False,False,RBC Heritage,2026-04-16 01:13:04 UTC
top_10,"Aberg, Ludvig",23950,datagolf,+300,0.25,True,False,RBC Heritage,2026-04-16 01:13:04 UTC
top_10,"Cantlay, Patrick",15466,bovada,+170,0.37037,False,False,RBC Heritage,2026-04-16 01:13:04 UTC
top_10,"Cantlay, Patrick",15466,fanduel,+230,0.30303,False,False,RBC Heritage,2026-04-16 01:13:04 UTC
top_10,"Cantlay, Patrick",15466,caesars,+205,0.327869,False,False,RBC Heritage,2026-04-16 01:13:04 UTC
top_10,"Cantlay, Patrick",15466,draftkings,+225,0.307692,False,False,RBC Heritage,2026-04-16 01:13:04 UTC
top_10,"Cantlay, Patrick",15466,betmgm,+200,0.333333,False,False,RBC Heritage,2026-04-16 01:13:04 UTC
top_10,"Cantlay, Patrick",15466,unibet,+220,0.3125,False,False,RBC Heritage,2026-04-16 01:13:04 UTC
top_10,"Cantlay, Patrick",15466,pointsbet,+230,0.30303,False,False,RBC Heritage,2026-04-16 01:13:04 UTC
top_10,"Cantlay, Patrick",15466,bet365,+210,0.322581,False,True,RBC Heritage,2026-04-16 01:13:04 UTC
top_10,"Cantlay, Patrick",15466,betonline,+250,0.285714,False,False,RBC Heritage,2026-04-16 01:13:04 UTC
top_10,"Cantlay, Patrick",15466,datagolf,+319,0.238663,True,False,RBC Heritage,2026-04-16 01:13:04 UTC
top_10,"MacIntyre, Robert",23323,bovada,+225,0.307692,False,False,RBC Heritage,2026-04-16 01:13:04 UTC
top_10,"MacIntyre, Robert",23323,fanduel,+340,0.227273,False,False,RBC Heritage,2026-04-16 01:13:04 UTC
top_10,"MacIntyre, Robert",23323,caesars,+310,0.243902,False,False,RBC Heritage,2026-04-16 01:13:04 UTC
top_10,"MacIntyre, Robert",23323,draftkings,+265,0.273973,False,False,RBC Heritage,2026-04-16 01:13:04 UTC
top_10,"MacIntyre, Robert",23323,betmgm,+300,0.25,False,False,RBC Heritage,2026-04-16 01:13:04 UTC
top_10,"MacIntyre, Robert",23323,unibet,+275,0.266667,False,False,RBC Heritage,2026-04-16 01:13:04 UTC
top_10,"MacIntyre, Robert",23323,pointsbet,+330,0.232558,False,False,RBC Heritage,2026-04-16 01:13:04 UTC
top_10,"MacIntyre, Robert",23323,bet365,+300,0.25,False,True,RBC Heritage,2026-04-16 01:13:04 UTC
top_10,"MacIntyre, Robert",23323,betonline,+250,0.285714,False,False,RBC Heritage,2026-04-16 01:13:04 UTC
top_10,"MacIntyre, Robert",23323,datagolf,+325,0.235294,True,False,RBC Heritage,2026-04-16 01:13:04 UTC
top_10,"McNealy, Maverick",18634,bovada,+225,0.307692,False,False,RBC Heritage,2026-04-16 01:13:04 UTC
top_10,"McNealy, Maverick",18634,fanduel,+300,0.25,False,False,RBC Heritage,2026-04-16 01:13:04 UTC
top_10,"McNealy, Maverick",18634,caesars,+275,0.266667,False,False,RBC Heritage,2026-04-16 01:13:04 UTC
top_10,"McNealy, Maverick",18634,draftkings,+310,0.243902,False,False,RBC Heritage,2026-04-16 01:13:04 UTC
top_10,"McNealy, Maverick",18634,betmgm,+275,0.266667,False,False,RBC Heritage,2026-04-16 01:13:04 UTC
top_10,"McNealy, Maverick",18634,unibet,+275,0.266667,False,False,RBC Heritage,2026-04-16 01:13:04 UTC
top_10,"McNealy, Maverick",18634,pointsbet,+300,0.25,False,False,RBC Heritage,2026-04-16 01:13:04 UTC
top_10,"McNealy, Maverick",18634,bet365,+275,0.266667,False,True,RBC Heritage,2026-04-16 01:13:04 UTC
top_10,"McNealy, Maverick",18634,betonline,+300,0.25,False,False,RBC Heritage,2026-04-16 01:13:04 UTC
top_10,"McNealy, Maverick",18634,datagolf,+360,0.217391,True,False,RBC Heritage,2026-04-16 01:13:04 UTC
top_10,"Knapp, Jake",19396,bovada,+275,0.266667,False,False,RBC Heritage,2026-04-16 01:13:04 UTC
top_10,"Knapp, Jake",19396,fanduel,+380,0.208333,False,False,RBC Heritage,2026-04-16 01:13:04 UTC
top_10,"Knapp, Jake",19396,caesars,+330,0.232558,False,False,RBC Heritage,2026-04-16 01:13:04 UTC
top_10,"Knapp, Jake",19396,draftkings,+315,0.240964,False,False,RBC Heritage,2026-04-16 01:13:04 UTC
top_10,"Knapp, Jake",19396,betmgm,+300,0.25,False,False,RBC Heritage,2026-04-16 01:13:04 UTC
top_10,"Knapp, Jake",19396,unibet,+280,0.263158,False,False,RBC Heritage,2026-04-16 01:13:04 UTC
top_10,"Knapp, Jake",19396,pointsbet,+350,0.222222,False,False,RBC Heritage,2026-04-16 01:13:04 UTC
top_10,"Knapp, Jake",19396,bet365,+300,0.25,False,True,RBC Heritage,2026-04-16 01:13:04 UTC
top_10,"Knapp, Jake",19396,betonline,+325,0.235294,False,False,RBC Heritage,2026-04-16 01:13:04 UTC
top_10,"Knapp, Jake",19396,datagolf,+422,0.191571,True,False,RBC Heritage,2026-04-16 01:13:04 UTC
top_10,"Bridgeman, Jacob",29433,bovada,+325,0.235294,False,False,RBC Heritage,2026-04-16 01:13:04 UTC
top_10,"Bridgeman, Jacob",29433,fanduel,+430,0.188679,False,False,RBC Heritage,2026-04-16 01:13:04 UTC
top_10,"Bridgeman, Jacob",29433,caesars,+325,0.235294,False,False,RBC Heritage,2026-04-16 01:13:04 UTC
top_10,"Bridgeman, Jacob",29433,draftkings,+355,0.21978,False,False,RBC Heritage,2026-04-16 01:13:04 UTC
top_10,"Bridgeman, Jacob",29433,betmgm,+350,0.222222,False,False,RBC Heritage,2026-04-16 01:13:04 UTC
top_10,"Bridgeman, Jacob",29433,unibet,+350,0.222222,False,False,RBC Heritage,2026-04-16 01:13:04 UTC
top_10,"Bridgeman, Jacob",29433,pointsbet,+400,0.2,False,False,RBC Heritage,2026-04-16 01:13:04 UTC
top_10,"Bridgeman, Jacob",29433,bet365,+400,0.2,False,True,RBC Heritage,2026-04-16 01:13:04 UTC
top_10,"Bridgeman, Jacob",29433,betonline,+350,0.222222,False,False,RBC Heritage,2026-04-16 01:13:04 UTC
top_10,"Bridgeman, Jacob",29433,datagolf,+438,0.185874,True,False,RBC Heritage,2026-04-16 01:13:04 UTC
top_10,"Hovland, Viktor",18841,bovada,+250,0.285714,False,False,RBC Heritage,2026-04-16 01:13:04 UTC
top_10,"Hovland, Viktor",18841,fanduel,+340,0.227273,False,False,RBC Heritage,2026-04-16 01:13:04 UTC
top_10,"Hovland, Viktor",18841,caesars,+280,0.263158,False,False,RBC Heritage,2026-04-16 01:13:04 UTC
top_10,"Hovland, Viktor",18841,draftkings,+295,0.253165,False,False,RBC Heritage,2026-04-16 01:13:04 UTC
top_10,"Hovland, Viktor",18841,betmgm,+300,0.25,False,False,RBC Heritage,2026-04-16 01:13:04 UTC
top_10,"Hovland, Viktor",18841,unibet,+320,0.238095,False,False,RBC Heritage,2026-04-16 01:13:04 UTC
top_10,"Hovland, Viktor",18841,pointsbet,+330,0.232558,False,False,RBC Heritage,2026-04-16 01:13:04 UTC
top_10,"Hovland, Viktor",18841,bet365,+300,0.25,False,True,RBC Heritage,2026-04-16 01:13:04 UTC
top_10,"Hovland, Viktor",18841,betonline,+350,0.222222,False,False,RBC Heritage,2026-04-16 01:13:04 UTC
top_10,"Hovland, Viktor",18841,datagolf,+428,0.189394,True,False,RBC Heritage,2026-04-16 01:13:04 UTC
top_10,"Burns, Sam",19483,bovada,+250,0.285714,False,False,RBC Heritage,2026-04-16 01:13:04 UTC
top_10,"Burns, Sam",19483,fanduel,+340,0.227273,False,False,RBC Heritage,2026-04-16 01:13:04 UTC
top_10,"Burns, Sam",19483,caesars,+275,0.266667,False,False,RBC Heritage,2026-04-16 01:13:04 UTC
top_10,"Burns, Sam",19483,draftkings,+300,0.25,False,False,RBC Heritage,2026-04-16 01:13:04 UTC
top_10,"Burns, Sam",19483,betmgm,+300,0.25,False,False,RBC Heritage,2026-04-16 01:13:04 UTC
top_10,"Burns, Sam",19483,unibet,+280,0.263158,False,False,RBC Heritage,2026-04-16 01:13:04 UTC
top_10,"Burns, Sam",19483,pointsbet,+330,0.232558,False,False,RBC Heritage,2026-04-16 01:13:04 UTC
top_10,"Burns, Sam",19483,bet365,+300,0.25,False,True,RBC Heritage,2026-04-16 01:13:04 UTC
top_10,"Burns, Sam",19483,betonline,+325,0.235294,False,False,RBC Heritage,2026-04-16 01:13:04 UTC
top_10,"Burns, Sam",19483,datagolf,+446,0.18315,True,False,RBC Heritage,2026-04-16 01:13:04 UTC
top_10,"Lee, Min Woo",16841,bovada,+375,0.210526,False,False,RBC Heritage,2026-04-16 01:13:04 UTC
top_10,"Lee, Min Woo",16841,fanduel,+470,0.175439,False,False,RBC Heritage,2026-04-16 01:13:04 UTC
top_10,"Lee, Min Woo",16841,caesars,+400,0.2,False,False,RBC Heritage,2026-04-16 01:13:04 UTC
top_10,"Lee, Min Woo",16841,draftkings,+400,0.2,False,False,RBC Heritage,2026-04-16 01:13:04 UTC
top_10,"Lee, Min Woo",16841,betmgm,+400,0.2,False,False,RBC Heritage,2026-04-16 01:13:04 UTC
top_10,"Lee, Min Woo",16841,unibet,+475,0.173913,False,False,RBC Heritage,2026-04-16 01:13:04 UTC
top_10,"Lee, Min Woo",16841,pointsbet,+425,0.190476,False,False,RBC Heritage,2026-04-16 01:13:04 UTC
top_10,"Lee, Min Woo",16841,bet365,+450,0.181818,False,True,RBC Heritage,2026-04-16 01:13:04 UTC
top_10,"Lee, Min Woo",16841,betonline,+425,0.190476,False,False,RBC Heritage,2026-04-16 01:13:04 UTC
top_10,"Lee, Min Woo",16841,datagolf,+462,0.177936,True,False,RBC Heritage,2026-04-16 01:13:04 UTC
top_10,"Noren, Alex",10419,bovada,+425,0.190476,False,False,RBC Heritage,2026-04-16 01:13:04 UTC
top_10,"Noren, Alex",10419,fanduel,+470,0.175439,False,False,RBC Heritage,2026-04-16 01:13:04 UTC
top_10,"Noren, Alex",10419,caesars,+375,0.210526,False,False,RBC Heritage,2026-04-16 01:13:04 UTC
top_10,"Noren, Alex",10419,draftkings,+445,0.183486,False,False,RBC Heritage,2026-04-16 01:13:04 UTC
top_10,"Noren, Alex",10419,betmgm,+400,0.2,False,False,RBC Heritage,2026-04-16 01:13:04 UTC
top_10,"Noren, Alex",10419,unibet,+550,0.153846,False,False,RBC Heritage,2026-04-16 01:13:04 UTC
top_10,"Noren, Alex",10419,pointsbet,+425,0.190476,False,False,RBC Heritage,2026-04-16 01:13:04 UTC
top_10,"Noren, Alex",10419,bet365,+450,0.181818,False,True,RBC Heritage,2026-04-16 01:13:04 UTC
top_10,"Noren, Alex",10419,betonline,+450,0.181818,False,False,RBC Heritage,2026-04-16 01:13:04 UTC
top_10,"Noren, Alex",10419,datagolf,+455,0.18018,True,False,RBC Heritage,2026-04-16 01:13:04 UTC
top_10,"Spieth, Jordan",14636,bovada,+170,0.37037,False,False,RBC Heritage,2026-04-16 01:13:04 UTC
top_10,"Spieth, Jordan",14636,fanduel,+280,0.263158,False,False,RBC Heritage,2026-04-16 01:13:04 UTC
top_10,"Spieth, Jordan",14636,caesars,+250,0.285714,False,False,RBC Heritage,2026-04-16 01:13:04 UTC
top_10,"Spieth, Jordan",14636,draftkings,+260,0.277778,False,False,RBC Heritage,2026-04-16 01:13:04 UTC
top_10,"Spieth, Jordan",14636,betmgm,+225,0.307692,False,False,RBC Heritage,2026-04-16 01:13:04 UTC
top_10,"Spieth, Jordan",14636,unibet,+280,0.263158,False,False,RBC Heritage,2026-04-16 01:13:04 UTC
top_10,"Spieth, Jordan",14636,pointsbet,+280,0.263158,False,False,RBC Heritage,2026-04-16 01:13:04 UTC
top_10,"Spieth, Jordan",14636,bet365,+250,0.285714,False,True,RBC Heritage,2026-04-16 01:13:04 UTC
top_10,"Spieth, Jordan",14636,betonline,+285,0.25974,False,False,RBC Heritage,2026-04-16 01:13:04 UTC
top_10,"Spieth, Jordan",14636,datagolf,+514,0.162866,True,False,RBC Heritage,2026-04-16 01:13:04 UTC
top_10,"Spaun, J.J.",17536,bovada,+375,0.210526,False,False,RBC Heritage,2026-04-16 01:13:04 UTC
top_10,"Spaun, J.J.",17536,fanduel,+470,0.175439,False,False,RBC Heritage,2026-04-16 01:13:04 UTC
top_10,"Spaun, J.J.",17536,caesars,+400,0.2,False,False,RBC Heritage,2026-04-16 01:13:04 UTC
top_10,"Spaun, J.J.",17536,draftkings,+405,0.19802,False,False,RBC Heritage,2026-04-16 01:13:04 UTC
top_10,"Spaun, J.J.",17536,betmgm,+400,0.2,False,False,RBC Heritage,2026-04-16 01:13:04 UTC
top_10,"Spaun, J.J.",17536,unibet,+475,0.173913,False,False,RBC Heritage,2026-04-16 01:13:04 UTC
top_10,"Spaun, J.J.",17536,pointsbet,+425,0.190476,False,False,RBC Heritage,2026-04-16 01:13:04 UTC
top_10,"Spaun, J.J.",17536,bet365,+400,0.2,False,True,RBC Heritage,2026-04-16 01:13:04 UTC
top_10,"Spaun, J.J.",17536,betonline,+425,0.190476,False,False,RBC Heritage,2026-04-16 01:13:04 UTC
top_10,"Spaun, J.J.",17536,datagolf,+496,0.167785,True,False,RBC Heritage,2026-04-16 01:13:04 UTC
top_10,"English, Harris",14577,bovada,+425,0.190476,False,False,RBC Heritage,2026-04-16 01:13:04 UTC
top_10,"English, Harris",14577,fanduel,+600,0.142857,False,False,RBC Heritage,2026-04-16 01:13:04 UTC
top_10,"English, Harris",14577,caesars,+500,0.166667,False,False,RBC Heritage,2026-04-16 01:13:04 UTC
top_10,"English, Harris",14577,draftkings,+435,0.186916,False,False,RBC Heritage,2026-04-16 01:13:04 UTC
top_10,"English, Harris",14577,betmgm,+450,0.181818,False,False,RBC Heritage,2026-04-16 01:13:04 UTC
top_10,"English, Harris",14577,unibet,+425,0.190476,False,False,RBC Heritage,2026-04-16 01:13:04 UTC
top_10,"English, Harris",14577,pointsbet,+500,0.166667,False,False,RBC Heritage,2026-04-16 01:13:04 UTC
top_10,"English, Harris",14577,bet365,+450,0.181818,False,True,RBC Heritage,2026-04-16 01:13:04 UTC
top_10,"English, Harris",14577,betonline,+450,0.181818,False,False,RBC Heritage,2026-04-16 01:13:04 UTC
top_10,"English, Harris",14577,datagolf,+519,0.161551,True,False,RBC Heritage,2026-04-16 01:13:04 UTC
top_10,"Day, Jason",9771,bovada,+350,0.222222,False,False,RBC Heritage,2026-04-16 01:13:04 UTC
top_10,"Day, Jason",9771,fanduel,+500,0.166667,False,False,RBC Heritage,2026-04-16 01:13:04 UTC
top_10,"Day, Jason",9771,caesars,+460,0.178571,False,False,RBC Heritage,2026-04-16 01:13:04 UTC
top_10,"Day, Jason",9771,draftkings,+390,0.204082,False,False,RBC Heritage,2026-04-16 01:13:04 UTC
top_10,"Day, Jason",9771,betmgm,+375,0.210526,False,False,RBC Heritage,2026-04-16 01:13:04 UTC
top_10,"Day, Jason",9771,unibet,+350,0.222222,False,False,RBC Heritage,2026-04-16 01:13:04 UTC
top_10,"Day, Jason",9771,pointsbet,+475,0.173913,False,False,RBC Heritage,2026-04-16 01:13:04 UTC
top_10,"Day, Jason",9771,bet365,+400,0.2,False,True,RBC Heritage,2026-04-16 01:13:04 UTC
top_10,"Day, Jason",9771,betonline,+450,0.181818,False,False,RBC Heritage,2026-04-16 01:13:04 UTC
top_10,"Day, Jason",9771,datagolf,+545,0.155039,True,False,RBC Heritage,2026-04-16 01:13:04 UTC
top_10,"Gerard, Ryan",29767,bovada,+500,0.166667,False,False,RBC Heritage,2026-04-16 01:13:04 UTC
top_10,"Gerard, Ryan",29767,fanduel,+600,0.142857,False,False,RBC Heritage,2026-04-16 01:13:04 UTC
top_10,"Gerard, Ryan",29767,caesars,+350,0.222222,False,False,RBC Heritage,2026-04-16 01:13:04 UTC
top_10,"Gerard, Ryan",29767,draftkings,+510,0.163934,False,False,RBC Heritage,2026-04-16 01:13:04 UTC
top_10,"Gerard, Ryan",29767,betmgm,+450,0.181818,False,False,RBC Heritage,2026-04-16 01:13:04 UTC
top_10,"Gerard, Ryan",29767,unibet,+550,0.153846,False,False,RBC Heritage,2026-04-16 01:13:04 UTC
top_10,"Gerard, Ryan",29767,pointsbet,+500,0.166667,False,False,RBC Heritage,2026-04-16 01:13:04 UTC
top_10,"Gerard, Ryan",29767,bet365,+550,0.153846,False,True,RBC Heritage,2026-04-16 01:13:04 UTC
top_10,"Gerard, Ryan",29767,betonline,+500,0.166667,False,False,RBC Heritage,2026-04-16 01:13:04 UTC
top_10,"Gerard, Ryan",29767,datagolf,+562,0.151057,True,False,RBC Heritage,2026-04-16 01:13:04 UTC
top_10,"Griffin, Ben",24968,bovada,+375,0.210526,False,False,RBC Heritage,2026-04-16 01:13:04 UTC
top_10,"Griffin, Ben",24968,fanduel,+600,0.142857,False,False,RBC Heritage,2026-04-16 01:13:04 UTC
top_10,"Griffin, Ben",24968,caesars,+500,0.166667,False,False,RBC Heritage,2026-04-16 01:13:04 UTC
top_10,"Griffin, Ben",24968,draftkings,+405,0.19802,False,False,RBC Heritage,2026-04-16 01:13:04 UTC
top_10,"Griffin, Ben",24968,betmgm,+400,0.2,False,False,RBC Heritage,2026-04-16 01:13:04 UTC
top_10,"Griffin, Ben",24968,unibet,+375,0.210526,False,False,RBC Heritage,2026-04-16 01:13:04 UTC
top_10,"Griffin, Ben",24968,pointsbet,+500,0.166667,False,False,RBC Heritage,2026-04-16 01:13:04 UTC
top_10,"Griffin, Ben",24968,bet365,+425,0.190476,False,True,RBC Heritage,2026-04-16 01:13:04 UTC
top_10,"Griffin, Ben",24968,betonline,+500,0.166667,False,False,RBC Heritage,2026-04-16 01:13:04 UTC
top_10,"Griffin, Ben",24968,datagolf,+564,0.150602,True,False,RBC Heritage,2026-04-16 01:13:04 UTC
top_10,"Straka, Sepp",17511,bovada,+275,0.266667,False,False,RBC Heritage,2026-04-16 01:13:04 UTC
top_10,"Straka, Sepp",17511,fanduel,+380,0.208333,False,False,RBC Heritage,2026-04-16 01:13:04 UTC
top_10,"Straka, Sepp",17511,caesars,+350,0.222222,False,False,RBC Heritage,2026-04-16 01:13:04 UTC
top_10,"Straka, Sepp",17511,draftkings,+355,0.21978,False,False,RBC Heritage,2026-04-16 01:13:04 UTC
top_10,"Straka, Sepp",17511,betmgm,+350,0.222222,False,False,RBC Heritage,2026-04-16 01:13:04 UTC
top_10,"Straka, Sepp",17511,unibet,+350,0.222222,False,False,RBC Heritage,2026-04-16 01:13:04 UTC
top_10,"Straka, Sepp",17511,pointsbet,+350,0.222222,False,False,RBC Heritage,2026-04-16 01:13:04 UTC
top_10,"Straka, Sepp",17511,bet365,+300,0.25,False,True,RBC Heritage,2026-04-16 01:13:04 UTC
top_10,"Straka, Sepp",17511,betonline,+450,0.181818,False,False,RBC Heritage,2026-04-16 01:13:04 UTC
top_10,"Straka, Sepp",17511,datagolf,+610,0.140845,True,False,RBC Heritage,2026-04-16 01:13:04 UTC
top_10,"Thomas, Justin",14139,bovada,+300,0.25,False,False,RBC Heritage,2026-04-16 01:13:04 UTC
top_10,"Thomas, Justin",14139,fanduel,+470,0.175439,False,False,RBC Heritage,2026-04-16 01:13:04 UTC
top_10,"Thomas, Justin",14139,caesars,+400,0.2,False,False,RBC Heritage,2026-04-16 01:13:04 UTC
top_10,"Thomas, Justin",14139,draftkings,+360,0.217391,False,False,RBC Heritage,2026-04-16 01:13:04 UTC
top_10,"Thomas, Justin",14139,betmgm,+333,0.230947,False,False,RBC Heritage,2026-04-16 01:13:04 UTC
top_10,"Thomas, Justin",14139,unibet,+280,0.263158,False,False,RBC Heritage,2026-04-16 01:13:04 UTC
top_10,"Thomas, Justin",14139,pointsbet,+425,0.190476,False,False,RBC Heritage,2026-04-16 01:13:04 UTC
top_10,"Thomas, Justin",14139,bet365,+375,0.210526,False,True,RBC Heritage,2026-04-16 01:13:04 UTC
top_10,"Thomas, Justin",14139,betonline,+400,0.2,False,False,RBC Heritage,2026-04-16 01:13:04 UTC
top_10,"Thomas, Justin",14139,datagolf,+618,0.139276,True,False,RBC Heritage,2026-04-16 01:13:04 UTC
top_10,"Bhatia, Akshay",26096,bovada,+350,0.222222,False,False,RBC Heritage,2026-04-16 01:13:04 UTC
top_10,"Bhatia, Akshay",26096,fanduel,+470,0.175439,False,False,RBC Heritage,2026-04-16 01:13:04 UTC
top_10,"Bhatia, Akshay",26096,caesars,+400,0.2,False,False,RBC Heritage,2026-04-16 01:13:04 UTC
top_10,"Bhatia, Akshay",26096,draftkings,+445,0.183486,False,False,RBC Heritage,2026-04-16 01:13:04 UTC
top_10,"Bhatia, Akshay",26096,betmgm,+400,0.2,False,False,RBC Heritage,2026-04-16 01:13:04 UTC
top_10,"Bhatia, Akshay",26096,unibet,+475,0.173913,False,False,RBC Heritage,2026-04-16 01:13:04 UTC
top_10,"Bhatia, Akshay",26096,pointsbet,+425,0.190476,False,False,RBC Heritage,2026-04-16 01:13:04 UTC
top_10,"Bhatia, Akshay",26096,bet365,+425,0.190476,False,True,RBC Heritage,2026-04-16 01:13:04 UTC
top_10,"Bhatia, Akshay",26096,betonline,+450,0.181818,False,False,RBC Heritage,2026-04-16 01:13:04 UTC
top_10,"Bhatia, Akshay",26096,datagolf,+577,0.14771,True,False,RBC Heritage,2026-04-16 01:13:04 UTC
top_10,"Stevens, Sam",25569,bovada,+550,0.153846,False,False,RBC Heritage,2026-04-16 01:13:04 UTC
top_10,"Stevens, Sam",25569,fanduel,+650,0.133333,False,False,RBC Heritage,2026-04-16 01:13:04 UTC
top_10,"Stevens, Sam",25569,caesars,+550,0.153846,False,False,RBC Heritage,2026-04-16 01:13:04 UTC
top_10,"Stevens, Sam",25569,draftkings,+530,0.15873,False,False,RBC Heritage,2026-04-16 01:13:04 UTC
top_10,"Stevens, Sam",25569,betmgm,+550,0.153846,False,False,RBC Heritage,2026-04-16 01:13:04 UTC
top_10,"Stevens, Sam",25569,unibet,+550,0.153846,False,False,RBC Heritage,2026-04-16 01:13:04 UTC
top_10,"Stevens, Sam",25569,pointsbet,+550,0.153846,False,False,RBC Heritage,2026-04-16 01:13:04 UTC
top_10,"Stevens, Sam",25569,bet365,+600,0.142857,False,True,RBC Heritage,2026-04-16 01:13:04 UTC
top_10,"Stevens, Sam",25569,betonline,+550,0.153846,False,False,RBC Heritage,2026-04-16 01:13:04 UTC
top_10,"Stevens, Sam",25569,datagolf,+626,0.137741,True,False,RBC Heritage,2026-04-16 01:13:04 UTC
top_10,"Gotterup, Chris",27774,bovada,+325,0.235294,False,False,RBC Heritage,2026-04-16 01:13:04 UTC
top_10,"Gotterup, Chris",27774,fanduel,+500,0.166667,False,False,RBC Heritage,2026-04-16 01:13:04 UTC
top_10,"Gotterup, Chris",27774,caesars,+460,0.178571,False,False,RBC Heritage,2026-04-16 01:13:04 UTC
top_10,"Gotterup, Chris",27774,draftkings,+410,0.196078,False,False,RBC Heritage,2026-04-16 01:13:04 UTC
top_10,"Gotterup, Chris",27774,betmgm,+350,0.222222,False,False,RBC Heritage,2026-04-16 01:13:04 UTC
top_10,"Gotterup, Chris",27774,unibet,+350,0.222222,False,False,RBC Heritage,2026-04-16 01:13:04 UTC
top_10,"Gotterup, Chris",27774,pointsbet,+475,0.173913,False,False,RBC Heritage,2026-04-16 01:13:04 UTC
top_10,"Gotterup, Chris",27774,bet365,+400,0.2,False,True,RBC Heritage,2026-04-16 01:13:04 UTC
top_10,"Gotterup, Chris",27774,betonline,+400,0.2,False,False,RBC Heritage,2026-04-16 01:13:04 UTC
top_10,"Gotterup, Chris",27774,datagolf,+710,0.123457,True,False,RBC Heritage,2026-04-16 01:13:04 UTC
top_10,"Lowry, Shane",13900,bovada,+325,0.235294,False,False,RBC Heritage,2026-04-16 01:13:04 UTC
top_10,"Lowry, Shane",13900,fanduel,+470,0.175439,False,False,RBC Heritage,2026-04-16 01:13:04 UTC
top_10,"Lowry, Shane",13900,caesars,+400,0.2,False,False,RBC Heritage,2026-04-16 01:13:04 UTC
top_10,"Lowry, Shane",13900,draftkings,+400,0.2,False,False,RBC Heritage,2026-04-16 01:13:04 UTC
top_10,"Lowry, Shane",13900,betmgm,+350,0.222222,False,False,RBC Heritage,2026-04-16 01:13:04 UTC
top_10,"Lowry, Shane",13900,unibet,+320,0.238095,False,False,RBC Heritage,2026-04-16 01:13:04 UTC
top_10,"Lowry, Shane",13900,pointsbet,+425,0.190476,False,False,RBC Heritage,2026-04-16 01:13:04 UTC
top_10,"Lowry, Shane",13900,bet365,+400,0.2,False,True,RBC Heritage,2026-04-16 01:13:04 UTC
top_10,"Lowry, Shane",13900,betonline,+425,0.190476,False,False,RBC Heritage,2026-04-16 01:13:04 UTC
top_10,"Lowry, Shane",13900,datagolf,+632,0.136612,True,False,RBC Heritage,2026-04-16 01:13:04 UTC
top_10,"Hisatsune, Ryo",22760,bovada,+350,0.222222,False,False,RBC Heritage,2026-04-16 01:13:04 UTC
top_10,"Hisatsune, Ryo",22760,fanduel,+500,0.166667,False,False,RBC Heritage,2026-04-16 01:13:04 UTC
top_10,"Hisatsune, Ryo",22760,caesars,+460,0.178571,False,False,RBC Heritage,2026-04-16 01:13:04 UTC
top_10,"Hisatsune, Ryo",22760,draftkings,+580,0.147059,False,False,RBC Heritage,2026-04-16 01:13:04 UTC
top_10,"Hisatsune, Ryo",22760,betmgm,+400,0.2,False,False,RBC Heritage,2026-04-16 01:13:04 UTC
top_10,"Hisatsune, Ryo",22760,unibet,+450,0.181818,False,False,RBC Heritage,2026-04-16 01:13:04 UTC
top_10,"Hisatsune, Ryo",22760,pointsbet,+475,0.173913,False,False,RBC Heritage,2026-04-16 01:13:04 UTC
top_10,"Hisatsune, Ryo",22760,bet365,+425,0.190476,False,True,RBC Heritage,2026-04-16 01:13:04 UTC
top_10,"Hisatsune, Ryo",22760,betonline,+550,0.153846,False,False,RBC Heritage,2026-04-16 01:13:04 UTC
top_10,"Hisatsune, Ryo",22760,datagolf,+677,0.1287,True,False,RBC Heritage,2026-04-16 01:13:04 UTC
top_10,"Hojgaard, Nicolai",23602,bovada,+500,0.166667,False,False,RBC Heritage,2026-04-16 01:13:04 UTC
top_10,"Hojgaard, Nicolai",23602,fanduel,+650,0.133333,False,False,RBC Heritage,2026-04-16 01:13:04 UTC
top_10,"Hojgaard, Nicolai",23602,caesars,+600,0.142857,False,False,RBC Heritage,2026-04-16 01:13:04 UTC
top_10,"Hojgaard, Nicolai",23602,draftkings,+600,0.142857,False,False,RBC Heritage,2026-04-16 01:13:04 UTC
top_10,"Hojgaard, Nicolai",23602,betmgm,+600,0.142857,False,False,RBC Heritage,2026-04-16 01:13:04 UTC
top_10,"Hojgaard, Nicolai",23602,unibet,+550,0.153846,False,False,RBC Heritage,2026-04-16 01:13:04 UTC
top_10,"Hojgaard, Nicolai",23602,pointsbet,+600,0.142857,False,False,RBC Heritage,2026-04-16 01:13:04 UTC
top_10,"Hojgaard, Nicolai",23602,bet365,+600,0.142857,False,True,RBC Heritage,2026-04-16 01:13:04 UTC
top_10,"Hojgaard, Nicolai",23602,betonline,+600,0.142857,False,False,RBC Heritage,2026-04-16 01:13:04 UTC
top_10,"Hojgaard, Nicolai",23602,datagolf,+782,0.113379,True,False,RBC Heritage,2026-04-16 01:13:04 UTC
top_10,"Fowler, Rickie",12965,bovada,+500,0.166667,False,False,RBC Heritage,2026-04-16 01:13:04 UTC
top_10,"Fowler, Rickie",12965,fanduel,+650,0.133333,False,False,RBC Heritage,2026-04-16 01:13:04 UTC
top_10,"Fowler, Rickie",12965,caesars,+600,0.142857,False,False,RBC Heritage,2026-04-16 01:13:04 UTC
top_10,"Fowler, Rickie",12965,draftkings,+445,0.183486,False,False,RBC Heritage,2026-04-16 01:13:04 UTC
top_10,"Fowler, Rickie",12965,betmgm,+500,0.166667,False,False,RBC Heritage,2026-04-16 01:13:04 UTC
top_10,"Fowler, Rickie",12965,unibet,+450,0.181818,False,False,RBC Heritage,2026-04-16 01:13:04 UTC
top_10,"Fowler, Rickie",12965,pointsbet,+600,0.142857,False,False,RBC Heritage,2026-04-16 01:13:04 UTC
top_10,"Fowler, Rickie",12965,bet365,+550,0.153846,False,True,RBC Heritage,2026-04-16 01:13:04 UTC
top_10,"Fowler, Rickie",12965,betonline,+500,0.166667,False,False,RBC Heritage,2026-04-16 01:13:04 UTC
top_10,"Fowler, Rickie",12965,datagolf,+755,0.116959,True,False,RBC Heritage,2026-04-16 01:13:04 UTC
top_10,"Bradley, Keegan",13872,bovada,+600,0.142857,False,False,RBC Heritage,2026-04-16 01:13:04 UTC
top_10,"Bradley, Keegan",13872,fanduel,+750,0.117647,False,False,RBC Heritage,2026-04-16 01:13:04 UTC
top_10,"Bradley, Keegan",13872,caesars,+650,0.133333,False,False,RBC Heritage,2026-04-16 01:13:04 UTC
top_10,"Bradley, Keegan",13872,draftkings,+600,0.142857,False,False,RBC Heritage,2026-04-16 01:13:04 UTC
top_10,"Bradley, Keegan",13872,betmgm,+600,0.142857,False,False,RBC Heritage,2026-04-16 01:13:04 UTC
top_10,"Bradley, Keegan",13872,unibet,+650,0.133333,False,False,RBC Heritage,2026-04-16 01:13:04 UTC
top_10,"Bradley, Keegan",13872,pointsbet,+650,0.133333,False,False,RBC Heritage,2026-04-16 01:13:04 UTC
top_10,"Bradley, Keegan",13872,bet365,+650,0.133333,False,True,RBC Heritage,2026-04-16 01:13:04 UTC
top_10,"Bradley, Keegan",13872,betonline,+650,0.133333,False,False,RBC Heritage,2026-04-16 01:13:04 UTC
top_10,"Bradley, Keegan",13872,datagolf,+770,0.114943,True,False,RBC Heritage,2026-04-16 01:13:04 UTC
top_10,"Conners, Corey",17576,bovada,+500,0.166667,False,False,RBC Heritage,2026-04-16 01:13:04 UTC
top_10,"Conners, Corey",17576,fanduel,+700,0.125,False,False,RBC Heritage,2026-04-16 01:13:04 UTC
top_10,"Conners, Corey",17576,caesars,+600,0.142857,False,False,RBC Heritage,2026-04-16 01:13:04 UTC
top_10,"Conners, Corey",17576,draftkings,+580,0.147059,False,False,RBC Heritage,2026-04-16 01:13:04 UTC
top_10,"Conners, Corey",17576,betmgm,+550,0.153846,False,False,RBC Heritage,2026-04-16 01:13:04 UTC
top_10,"Conners, Corey",17576,unibet,+650,0.133333,False,False,RBC Heritage,2026-04-16 01:13:04 UTC
top_10,"Conners, Corey",17576,pointsbet,+650,0.133333,False,False,RBC Heritage,2026-04-16 01:13:04 UTC
top_10,"Conners, Corey",17576,bet365,+600,0.142857,False,True,RBC Heritage,2026-04-16 01:13:04 UTC
top_10,"Conners, Corey",17576,betonline,+600,0.142857,False,False,RBC Heritage,2026-04-16 01:13:04 UTC
top_10,"Conners, Corey",17576,datagolf,+766,0.115473,True,False,RBC Heritage,2026-04-16 01:13:04 UTC
top_10,"Poston, J.T.",21554,bovada,+375,0.210526,False,False,RBC Heritage,2026-04-16 01:13:04 UTC
top_10,"Poston, J.T.",21554,fanduel,+650,0.133333,False,False,RBC Heritage,2026-04-16 01:13:04 UTC
top_10,"Poston, J.T.",21554,caesars,+475,0.173913,False,False,RBC Heritage,2026-04-16 01:13:04 UTC
top_10,"Poston, J.T.",21554,draftkings,+580,0.147059,False,False,RBC Heritage,2026-04-16 01:13:04 UTC
top_10,"Poston, J.T.",21554,betmgm,+450,0.181818,False,False,RBC Heritage,2026-04-16 01:13:04 UTC
top_10,"Poston, J.T.",21554,unibet,+450,0.181818,False,False,RBC Heritage,2026-04-16 01:13:04 UTC
top_10,"Poston, J.T.",21554,pointsbet,+600,0.142857,False,False,RBC Heritage,2026-04-16 01:13:04 UTC
top_10,"Poston, J.T.",21554,bet365,+450,0.181818,False,True,RBC Heritage,2026-04-16 01:13:04 UTC
top_10,"Poston, J.T.",21554,betonline,+650,0.133333,False,False,RBC Heritage,2026-04-16 01:13:04 UTC
top_10,"Poston, J.T.",21554,datagolf,+748,0.117925,True,False,RBC Heritage,2026-04-16 01:13:04 UTC
top_10,"Kitayama, Kurt",21891,bovada,+550,0.153846,False,False,RBC Heritage,2026-04-16 01:13:04 UTC
top_10,"Kitayama, Kurt",21891,fanduel,+750,0.117647,False,False,RBC Heritage,2026-04-16 01:13:04 UTC
top_10,"Kitayama, Kurt",21891,caesars,+650,0.133333,False,False,RBC Heritage,2026-04-16 01:13:04 UTC
top_10,"Kitayama, Kurt",21891,draftkings,+620,0.138889,False,False,RBC Heritage,2026-04-16 01:13:04 UTC
top_10,"Kitayama, Kurt",21891,betmgm,+600,0.142857,False,False,RBC Heritage,2026-04-16 01:13:04 UTC
top_10,"Kitayama, Kurt",21891,unibet,+650,0.133333,False,False,RBC Heritage,2026-04-16 01:13:04 UTC
top_10,"Kitayama, Kurt",21891,pointsbet,+650,0.133333,False,False,RBC Heritage,2026-04-16 01:13:04 UTC
top_10,"Kitayama, Kurt",21891,bet365,+600,0.142857,False,True,RBC Heritage,2026-04-16 01:13:04 UTC
top_10,"Kitayama, Kurt",21891,betonline,+550,0.153846,False,False,RBC Heritage,2026-04-16 01:13:04 UTC
top_10,"Kitayama, Kurt",21891,datagolf,+816,0.10917,True,False,RBC Heritage,2026-04-16 01:13:04 UTC
top_10,"McCarty, Matt",28635,bovada,+850,0.105263,False,False,RBC Heritage,2026-04-16 01:13:04 UTC
top_10,"McCarty, Matt",28635,fanduel,+1000,0.090909,False,False,RBC Heritage,2026-04-16 01:13:04 UTC
top_10,"McCarty, Matt",28635,caesars,+800,0.111111,False,False,RBC Heritage,2026-04-16 01:13:04 UTC
top_10,"McCarty, Matt",28635,draftkings,+860,0.104167,False,False,RBC Heritage,2026-04-16 01:13:04 UTC
top_10,"McCarty, Matt",28635,betmgm,+800,0.111111,False,False,RBC Heritage,2026-04-16 01:13:04 UTC
top_10,"McCarty, Matt",28635,unibet,+800,0.111111,False,False,RBC Heritage,2026-04-16 01:13:04 UTC
top_10,"McCarty, Matt",28635,pointsbet,+850,0.105263,False,False,RBC Heritage,2026-04-16 01:13:04 UTC
top_10,"McCarty, Matt",28635,bet365,+850,0.105263,False,True,RBC Heritage,2026-04-16 01:13:04 UTC
top_10,"McCarty, Matt",28635,betonline,+800,0.111111,False,False,RBC Heritage,2026-04-16 01:13:04 UTC
top_10,"McCarty, Matt",28635,datagolf,+910,0.09901,True,False,RBC Heritage,2026-04-16 01:13:04 UTC
top_10,"Clark, Wyndham",23604,bovada,+550,0.153846,False,False,RBC Heritage,2026-04-16 01:13:04 UTC
top_10,"Clark, Wyndham",23604,fanduel,+700,0.125,False,False,RBC Heritage,2026-04-16 01:13:04 UTC
top_10,"Clark, Wyndham",23604,caesars,+600,0.142857,False,False,RBC Heritage,2026-04-16 01:13:04 UTC
top_10,"Clark, Wyndham",23604,draftkings,+750,0.117647,False,False,RBC Heritage,2026-04-16 01:13:04 UTC
top_10,"Clark, Wyndham",23604,betmgm,+600,0.142857,False,False,RBC Heritage,2026-04-16 01:13:04 UTC
top_10,"Clark, Wyndham",23604,unibet,+550,0.153846,False,False,RBC Heritage,2026-04-16 01:13:04 UTC
top_10,"Clark, Wyndham",23604,pointsbet,+650,0.133333,False,False,RBC Heritage,2026-04-16 01:13:04 UTC
top_10,"Clark, Wyndham",23604,bet365,+600,0.142857,False,True,RBC Heritage,2026-04-16 01:13:04 UTC
top_10,"Clark, Wyndham",23604,betonline,+700,0.125,False,False,RBC Heritage,2026-04-16 01:13:04 UTC
top_10,"Clark, Wyndham",23604,datagolf,+903,0.099701,True,False,RBC Heritage,2026-04-16 01:13:04 UTC
top_10,"Thorbjornsen, Michael",26649,bovada,+550,0.153846,False,False,RBC Heritage,2026-04-16 01:13:04 UTC
top_10,"Thorbjornsen, Michael",26649,fanduel,+900,0.1,False,False,RBC Heritage,2026-04-16 01:13:04 UTC
top_10,"Thorbjornsen, Michael",26649,caesars,+750,0.117647,False,False,RBC Heritage,2026-04-16 01:13:04 UTC
top_10,"Thorbjornsen, Michael",26649,draftkings,+580,0.147059,False,False,RBC Heritage,2026-04-16 01:13:04 UTC
top_10,"Thorbjornsen, Michael",26649,betmgm,+600,0.142857,False,False,RBC Heritage,2026-04-16 01:13:04 UTC
top_10,"Thorbjornsen, Michael",26649,pointsbet,+800,0.111111,False,False,RBC Heritage,2026-04-16 01:13:04 UTC
top_10,"Thorbjornsen, Michael",26649,betonline,+650,0.133333,False,False,RBC Heritage,2026-04-16 01:13:04 UTC
top_10,"Thorbjornsen, Michael",26649,datagolf,+935,0.096618,True,False,RBC Heritage,2026-04-16 01:13:04 UTC
top_10,"Theegala, Sahith",23014,bovada,+375,0.210526,False,False,RBC Heritage,2026-04-16 01:13:04 UTC
top_10,"Theegala, Sahith",23014,fanduel,+550,0.153846,False,False,RBC Heritage,2026-04-16 01:13:04 UTC
top_10,"Theegala, Sahith",23014,caesars,+460,0.178571,False,False,RBC Heritage,2026-04-16 01:13:04 UTC
top_10,"Theegala, Sahith",23014,draftkings,+540,0.15625,False,False,RBC Heritage,2026-04-16 01:13:04 UTC
top_10,"Theegala, Sahith",23014,betmgm,+450,0.181818,False,False,RBC Heritage,2026-04-16 01:13:04 UTC
top_10,"Theegala, Sahith",23014,unibet,+550,0.153846,False,False,RBC Heritage,2026-04-16 01:13:04 UTC
top_10,"Theegala, Sahith",23014,pointsbet,+500,0.166667,False,False,RBC Heritage,2026-04-16 01:13:04 UTC
top_10,"Theegala, Sahith",23014,bet365,+450,0.181818,False,True,RBC Heritage,2026-04-16 01:13:04 UTC
top_10,"Theegala, Sahith",23014,betonline,+550,0.153846,False,False,RBC Heritage,2026-04-16 01:13:04 UTC
top_10,"Theegala, Sahith",23014,datagolf,+896,0.100402,True,False,RBC Heritage,2026-04-16 01:13:04 UTC
top_10,"Taylor, Nick",13126,bovada,+750,0.117647,False,False,RBC Heritage,2026-04-16 01:13:04 UTC
top_10,"Taylor, Nick",13126,fanduel,+750,0.117647,False,False,RBC Heritage,2026-04-16 01:13:04 UTC
top_10,"Taylor, Nick",13126,caesars,+650,0.133333,False,False,RBC Heritage,2026-04-16 01:13:04 UTC
top_10,"Taylor, Nick",13126,draftkings,+580,0.147059,False,False,RBC Heritage,2026-04-16 01:13:04 UTC
top_10,"Taylor, Nick",13126,betmgm,+650,0.133333,False,False,RBC Heritage,2026-04-16 01:13:04 UTC
top_10,"Taylor, Nick",13126,unibet,+650,0.133333,False,False,RBC Heritage,2026-04-16 01:13:04 UTC
top_10,"Taylor, Nick",13126,pointsbet,+650,0.133333,False,False,RBC Heritage,2026-04-16 01:13:04 UTC
top_10,"Taylor, Nick",13126,bet365,+750,0.117647,False,True,RBC Heritage,2026-04-16 01:13:04 UTC
top_10,"Taylor, Nick",13126,betonline,+650,0.133333,False,False,RBC Heritage,2026-04-16 01:13:04 UTC
top_10,"Taylor, Nick",13126,datagolf,+771,0.114811,True,False,RBC Heritage,2026-04-16 01:13:04 UTC
top_10,"Berger, Daniel",17606,bovada,+375,0.210526,False,False,RBC Heritage,2026-04-16 01:13:04 UTC
top_10,"Berger, Daniel",17606,fanduel,+500,0.166667,False,False,RBC Heritage,2026-04-16 01:13:04 UTC
top_10,"Berger, Daniel",17606,caesars,+460,0.178571,False,False,RBC Heritage,2026-04-16 01:13:04 UTC
top_10,"Berger, Daniel",17606,draftkings,+570,0.149254,False,False,RBC Heritage,2026-04-16 01:13:04 UTC
top_10,"Berger, Daniel",17606,betmgm,+550,0.153846,False,False,RBC Heritage,2026-04-16 01:13:04 UTC
top_10,"Berger, Daniel",17606,unibet,+550,0.153846,False,False,RBC Heritage,2026-04-16 01:13:04 UTC
top_10,"Berger, Daniel",17606,pointsbet,+475,0.173913,False,False,RBC Heritage,2026-04-16 01:13:04 UTC
top_10,"Berger, Daniel",17606,bet365,+425,0.190476,False,True,RBC Heritage,2026-04-16 01:13:04 UTC
top_10,"Berger, Daniel",17606,betonline,+750,0.117647,False,False,RBC Heritage,2026-04-16 01:13:04 UTC
top_10,"Berger, Daniel",17606,datagolf,+884,0.101626,True,False,RBC Heritage,2026-04-16 01:13:04 UTC
top_10,"Im, Sungjae",17488,bovada,+550,0.153846,False,False,RBC Heritage,2026-04-16 01:13:04 UTC
top_10,"Im, Sungjae",17488,fanduel,+650,0.133333,False,False,RBC Heritage,2026-04-16 01:13:04 UTC
top_10,"Im, Sungjae",17488,caesars,+550,0.153846,False,False,RBC Heritage,2026-04-16 01:13:04 UTC
top_10,"Im, Sungjae",17488,draftkings,+630,0.136986,False,False,RBC Heritage,2026-04-16 01:13:04 UTC
top_10,"Im, Sungjae",17488,betmgm,+600,0.142857,False,False,RBC Heritage,2026-04-16 01:13:04 UTC
top_10,"Im, Sungjae",17488,unibet,+800,0.111111,False,False,RBC Heritage,2026-04-16 01:13:04 UTC
top_10,"Im, Sungjae",17488,pointsbet,+550,0.153846,False,False,RBC Heritage,2026-04-16 01:13:04 UTC
top_10,"Im, Sungjae",17488,bet365,+650,0.133333,False,True,RBC Heritage,2026-04-16 01:13:04 UTC
top_10,"Im, Sungjae",17488,betonline,+750,0.117647,False,False,RBC Heritage,2026-04-16 01:13:04 UTC
top_10,"Im, Sungjae",17488,datagolf,+872,0.102881,True,False,RBC Heritage,2026-04-16 01:13:04 UTC
top_10,"Harman, Brian",8825,bovada,+375,0.210526,False,False,RBC Heritage,2026-04-16 01:13:04 UTC
top_10,"Harman, Brian",8825,fanduel,+550,0.153846,False,False,RBC Heritage,2026-04-16 01:13:04 UTC
top_10,"Harman, Brian",8825,caesars,+460,0.178571,False,False,RBC Heritage,2026-04-16 01:13:04 UTC
top_10,"Harman, Brian",8825,draftkings,+530,0.15873,False,False,RBC Heritage,2026-04-16 01:13:04 UTC
top_10,"Harman, Brian",8825,betmgm,+400,0.2,False,False,RBC Heritage,2026-04-16 01:13:04 UTC
top_10,"Harman, Brian",8825,unibet,+475,0.173913,False,False,RBC Heritage,2026-04-16 01:13:04 UTC
top_10,"Harman, Brian",8825,pointsbet,+500,0.166667,False,False,RBC Heritage,2026-04-16 01:13:04 UTC
top_10,"Harman, Brian",8825,bet365,+450,0.181818,False,True,RBC Heritage,2026-04-16 01:13:04 UTC
top_10,"Harman, Brian",8825,betonline,+550,0.153846,False,False,RBC Heritage,2026-04-16 01:13:04 UTC
top_10,"Harman, Brian",8825,datagolf,+864,0.103734,True,False,RBC Heritage,2026-04-16 01:13:04 UTC
top_10,"Hall, Harry",27194,bovada,+600,0.142857,False,False,RBC Heritage,2026-04-16 01:13:04 UTC
top_10,"Hall, Harry",27194,fanduel,+850,0.105263,False,False,RBC Heritage,2026-04-16 01:13:04 UTC
top_10,"Hall, Harry",27194,caesars,+675,0.129032,False,False,RBC Heritage,2026-04-16 01:13:04 UTC
top_10,"Hall, Harry",27194,draftkings,+570,0.149254,False,False,RBC Heritage,2026-04-16 01:13:04 UTC
top_10,"Hall, Harry",27194,betmgm,+600,0.142857,False,False,RBC Heritage,2026-04-16 01:13:04 UTC
top_10,"Hall, Harry",27194,unibet,+550,0.153846,False,False,RBC Heritage,2026-04-16 01:13:04 UTC
top_10,"Hall, Harry",27194,pointsbet,+750,0.117647,False,False,RBC Heritage,2026-04-16 01:13:04 UTC
top_10,"Hall, Harry",27194,bet365,+600,0.142857,False,True,RBC Heritage,2026-04-16 01:13:04 UTC
top_10,"Hall, Harry",27194,betonline,+750,0.117647,False,False,RBC Heritage,2026-04-16 01:13:04 UTC
top_10,"Hall, Harry",27194,datagolf,+894,0.100604,True,False,RBC Heritage,2026-04-16 01:13:04 UTC
top_10,"Wallace, Matt",20706,bovada,+600,0.142857,False,False,RBC Heritage,2026-04-16 01:13:04 UTC
top_10,"Wallace, Matt",20706,fanduel,+850,0.105263,False,False,RBC Heritage,2026-04-16 01:13:04 UTC
top_10,"Wallace, Matt",20706,caesars,+750,0.117647,False,False,RBC Heritage,2026-04-16 01:13:04 UTC
top_10,"Wallace, Matt",20706,draftkings,+930,0.097087,False,False,RBC Heritage,2026-04-16 01:13:04 UTC
top_10,"Wallace, Matt",20706,betmgm,+800,0.111111,False,False,RBC Heritage,2026-04-16 01:13:04 UTC
top_10,"Wallace, Matt",20706,unibet,+1000,0.090909,False,False,RBC Heritage,2026-04-16 01:13:04 UTC
top_10,"Wallace, Matt",20706,pointsbet,+750,0.117647,False,False,RBC Heritage,2026-04-16 01:13:04 UTC
top_10,"Wallace, Matt",20706,bet365,+750,0.117647,False,True,RBC Heritage,2026-04-16 01:13:04 UTC
top_10,"Wallace, Matt",20706,betonline,+1000,0.090909,False,False,RBC Heritage,2026-04-16 01:13:04 UTC
top_10,"Wallace, Matt",20706,datagolf,+1141,0.08058,True,False,RBC Heritage,2026-04-16 01:13:04 UTC
top_10,"Putnam, Andrew",14704,bovada,+850,0.105263,False,False,RBC Heritage,2026-04-16 01:13:04 UTC
top_10,"Putnam, Andrew",14704,fanduel,+1000,0.090909,False,False,RBC Heritage,2026-04-16 01:13:04 UTC
top_10,"Putnam, Andrew",14704,caesars,+750,0.117647,False,False,RBC Heritage,2026-04-16 01:13:04 UTC
top_10,"Putnam, Andrew",14704,draftkings,+940,0.096154,False,False,RBC Heritage,2026-04-16 01:13:04 UTC
top_10,"Putnam, Andrew",14704,betmgm,+850,0.105263,False,False,RBC Heritage,2026-04-16 01:13:04 UTC
top_10,"Putnam, Andrew",14704,unibet,+1600,0.058824,False,False,RBC Heritage,2026-04-16 01:13:04 UTC
top_10,"Putnam, Andrew",14704,pointsbet,+850,0.105263,False,False,RBC Heritage,2026-04-16 01:13:04 UTC
top_10,"Putnam, Andrew",14704,bet365,+850,0.105263,False,True,RBC Heritage,2026-04-16 01:13:04 UTC
top_10,"Putnam, Andrew",14704,betonline,+1000,0.090909,False,False,RBC Heritage,2026-04-16 01:13:04 UTC
top_10,"Putnam, Andrew",14704,datagolf,+1050,0.086957,True,False,RBC Heritage,2026-04-16 01:13:04 UTC
top_10,"Cauley, Bud",14502,bovada,+1000,0.090909,False,False,RBC Heritage,2026-04-16 01:13:04 UTC
top_10,"Cauley, Bud",14502,fanduel,+1300,0.071429,False,False,RBC Heritage,2026-04-16 01:13:04 UTC
top_10,"Cauley, Bud",14502,caesars,+1000,0.090909,False,False,RBC Heritage,2026-04-16 01:13:04 UTC
top_10,"Cauley, Bud",14502,draftkings,+930,0.097087,False,False,RBC Heritage,2026-04-16 01:13:04 UTC
top_10,"Cauley, Bud",14502,betmgm,+900,0.1,False,False,RBC Heritage,2026-04-16 01:13:04 UTC
top_10,"Cauley, Bud",14502,unibet,+1000,0.090909,False,False,RBC Heritage,2026-04-16 01:13:04 UTC
top_10,"Cauley, Bud",14502,pointsbet,+1100,0.083333,False,False,RBC Heritage,2026-04-16 01:13:04 UTC
top_10,"Cauley, Bud",14502,bet365,+1000,0.090909,False,True,RBC Heritage,2026-04-16 01:13:04 UTC
top_10,"Cauley, Bud",14502,betonline,+1100,0.083333,False,False,RBC Heritage,2026-04-16 01:13:04 UTC
top_10,"Cauley, Bud",14502,datagolf,+1241,0.074571,True,False,RBC Heritage,2026-04-16 01:13:04 UTC
top_10,"Smith, Jordan",18586,bovada,+1000,0.090909,False,False,RBC Heritage,2026-04-16 01:13:04 UTC
top_10,"Smith, Jordan",18586,fanduel,+1100,0.083333,False,False,RBC Heritage,2026-04-16 01:13:04 UTC
top_10,"Smith, Jordan",18586,caesars,+1000,0.090909,False,False,RBC Heritage,2026-04-16 01:13:04 UTC
top_10,"Smith, Jordan",18586,draftkings,+990,0.091743,False,False,RBC Heritage,2026-04-16 01:13:04 UTC
top_10,"Smith, Jordan",18586,betmgm,+800,0.111111,False,False,RBC Heritage,2026-04-16 01:13:04 UTC
top_10,"Smith, Jordan",18586,unibet,+800,0.111111,False,False,RBC Heritage,2026-04-16 01:13:04 UTC
top_10,"Smith, Jordan",18586,pointsbet,+1000,0.090909,False,False,RBC Heritage,2026-04-16 01:13:04 UTC
top_10,"Smith, Jordan",18586,bet365,+1000,0.090909,False,True,RBC Heritage,2026-04-16 01:13:04 UTC
top_10,"Smith, Jordan",18586,betonline,+1000,0.090909,False,False,RBC Heritage,2026-04-16 01:13:04 UTC
top_10,"Smith, Jordan",18586,datagolf,+1137,0.080841,True,False,RBC Heritage,2026-04-16 01:13:04 UTC
top_10,"Woodland, Gary",12577,bovada,+750,0.117647,False,False,RBC Heritage,2026-04-16 01:13:04 UTC
top_10,"Woodland, Gary",12577,fanduel,+1000,0.090909,False,False,RBC Heritage,2026-04-16 01:13:04 UTC
top_10,"Woodland, Gary",12577,caesars,+675,0.129032,False,False,RBC Heritage,2026-04-16 01:13:04 UTC
top_10,"Woodland, Gary",12577,draftkings,+930,0.097087,False,False,RBC Heritage,2026-04-16 01:13:04 UTC
top_10,"Woodland, Gary",12577,betmgm,+650,0.133333,False,False,RBC Heritage,2026-04-16 01:13:04 UTC
top_10,"Woodland, Gary",12577,unibet,+750,0.117647,False,False,RBC Heritage,2026-04-16 01:13:04 UTC
top_10,"Woodland, Gary",12577,pointsbet,+850,0.105263,False,False,RBC Heritage,2026-04-16 01:13:04 UTC
top_10,"Woodland, Gary",12577,bet365,+750,0.117647,False,True,RBC Heritage,2026-04-16 01:13:04 UTC
top_10,"Woodland, Gary",12577,betonline,+1100,0.083333,False,False,RBC Heritage,2026-04-16 01:13:04 UTC
top_10,"Woodland, Gary",12577,datagolf,+1465,0.063898,True,False,RBC Heritage,2026-04-16 01:13:04 UTC
top_10,"Homa, Max",17538,bovada,+600,0.142857,False,False,RBC Heritage,2026-04-16 01:13:04 UTC
top_10,"Homa, Max",17538,fanduel,+900,0.1,False,False,RBC Heritage,2026-04-16 01:13:04 UTC
top_10,"Homa, Max",17538,caesars,+625,0.137931,False,False,RBC Heritage,2026-04-16 01:13:04 UTC
top_10,"Homa, Max",17538,draftkings,+810,0.10989,False,False,RBC Heritage,2026-04-16 01:13:04 UTC
top_10,"Homa, Max",17538,betmgm,+600,0.142857,False,False,RBC Heritage,2026-04-16 01:13:04 UTC
top_10,"Homa, Max",17538,unibet,+650,0.133333,False,False,RBC Heritage,2026-04-16 01:13:04 UTC
top_10,"Homa, Max",17538,pointsbet,+800,0.111111,False,False,RBC Heritage,2026-04-16 01:13:04 UTC
top_10,"Homa, Max",17538,bet365,+750,0.117647,False,True,RBC Heritage,2026-04-16 01:13:04 UTC
top_10,"Homa, Max",17538,betonline,+1000,0.090909,False,False,RBC Heritage,2026-04-16 01:13:04 UTC
top_10,"Homa, Max",17538,datagolf,+1422,0.065703,True,False,RBC Heritage,2026-04-16 01:13:04 UTC
top_10,"Novak, Andrew",23475,bovada,+750,0.117647,False,False,RBC Heritage,2026-04-16 01:13:04 UTC
top_10,"Novak, Andrew",23475,fanduel,+1000,0.090909,False,False,RBC Heritage,2026-04-16 01:13:04 UTC
top_10,"Novak, Andrew",23475,caesars,+800,0.111111,False,False,RBC Heritage,2026-04-16 01:13:04 UTC
top_10,"Novak, Andrew",23475,draftkings,+880,0.102041,False,False,RBC Heritage,2026-04-16 01:13:04 UTC
top_10,"Novak, Andrew",23475,betmgm,+800,0.111111,False,False,RBC Heritage,2026-04-16 01:13:04 UTC
top_10,"Novak, Andrew",23475,unibet,+800,0.111111,False,False,RBC Heritage,2026-04-16 01:13:04 UTC
top_10,"Novak, Andrew",23475,pointsbet,+850,0.105263,False,False,RBC Heritage,2026-04-16 01:13:04 UTC
top_10,"Novak, Andrew",23475,bet365,+850,0.105263,False,True,RBC Heritage,2026-04-16 01:13:04 UTC
top_10,"Novak, Andrew",23475,betonline,+1100,0.083333,False,False,RBC Heritage,2026-04-16 01:13:04 UTC
top_10,"Novak, Andrew",23475,datagolf,+1443,0.064809,True,False,RBC Heritage,2026-04-16 01:13:04 UTC
top_10,"Yellamaraju, Sudarshan",29925,bovada,+450,0.181818,False,False,RBC Heritage,2026-04-16 01:13:04 UTC
top_10,"Yellamaraju, Sudarshan",29925,fanduel,+750,0.117647,False,False,RBC Heritage,2026-04-16 01:13:04 UTC
top_10,"Yellamaraju, Sudarshan",29925,caesars,+650,0.133333,False,False,RBC Heritage,2026-04-16 01:13:04 UTC
top_10,"Yellamaraju, Sudarshan",29925,draftkings,+730,0.120482,False,False,RBC Heritage,2026-04-16 01:13:04 UTC
top_10,"Yellamaraju, Sudarshan",29925,betmgm,+550,0.153846,False,False,RBC Heritage,2026-04-16 01:13:04 UTC
top_10,"Yellamaraju, Sudarshan",29925,unibet,+650,0.133333,False,False,RBC Heritage,2026-04-16 01:13:04 UTC
top_10,"Yellamaraju, Sudarshan",29925,pointsbet,+650,0.133333,False,False,RBC Heritage,2026-04-16 01:13:04 UTC
top_10,"Yellamaraju, Sudarshan",29925,bet365,+550,0.153846,False,True,RBC Heritage,2026-04-16 01:13:04 UTC
top_10,"Yellamaraju, Sudarshan",29925,betonline,+650,0.133333,False,False,RBC Heritage,2026-04-16 01:13:04 UTC
top_10,"Yellamaraju, Sudarshan",29925,datagolf,+1551,0.060569,True,False,RBC Heritage,2026-04-16 01:13:04 UTC
top_10,"Brennan, Michael",29197,bovada,+1100,0.083333,False,False,RBC Heritage,2026-04-16 01:13:04 UTC
top_10,"Brennan, Michael",29197,fanduel,+1300,0.071429,False,False,RBC Heritage,2026-04-16 01:13:04 UTC
top_10,"Brennan, Michael",29197,caesars,+1000,0.090909,False,False,RBC Heritage,2026-04-16 01:13:04 UTC
top_10,"Brennan, Michael",29197,draftkings,+1350,0.068966,False,False,RBC Heritage,2026-04-16 01:13:04 UTC
top_10,"Brennan, Michael",29197,betmgm,+1000,0.090909,False,False,RBC Heritage,2026-04-16 01:13:04 UTC
top_10,"Brennan, Michael",29197,unibet,+800,0.111111,False,False,RBC Heritage,2026-04-16 01:13:04 UTC
top_10,"Brennan, Michael",29197,pointsbet,+1100,0.083333,False,False,RBC Heritage,2026-04-16 01:13:04 UTC
top_10,"Brennan, Michael",29197,bet365,+1000,0.090909,False,True,RBC Heritage,2026-04-16 01:13:04 UTC
top_10,"Brennan, Michael",29197,betonline,+1100,0.083333,False,False,RBC Heritage,2026-04-16 01:13:04 UTC
top_10,"Brennan, Michael",29197,datagolf,+1550,0.060606,True,False,RBC Heritage,2026-04-16 01:13:04 UTC
top_10,"Castillo, Ricky",27819,bovada,+1100,0.083333,False,False,RBC Heritage,2026-04-16 01:13:04 UTC
top_10,"Castillo, Ricky",27819,fanduel,+1600,0.058824,False,False,RBC Heritage,2026-04-16 01:13:04 UTC
top_10,"Castillo, Ricky",27819,caesars,+1400,0.066667,False,False,RBC Heritage,2026-04-16 01:13:04 UTC
top_10,"Castillo, Ricky",27819,draftkings,+1000,0.090909,False,False,RBC Heritage,2026-04-16 01:13:04 UTC
top_10,"Castillo, Ricky",27819,betmgm,+1000,0.090909,False,False,RBC Heritage,2026-04-16 01:13:04 UTC
top_10,"Castillo, Ricky",27819,unibet,+1000,0.090909,False,False,RBC Heritage,2026-04-16 01:13:04 UTC
top_10,"Castillo, Ricky",27819,pointsbet,+1200,0.076923,False,False,RBC Heritage,2026-04-16 01:13:04 UTC
top_10,"Castillo, Ricky",27819,bet365,+1000,0.090909,False,True,RBC Heritage,2026-04-16 01:13:04 UTC
top_10,"Castillo, Ricky",27819,betonline,+1400,0.066667,False,False,RBC Heritage,2026-04-16 01:13:04 UTC
top_10,"Castillo, Ricky",27819,datagolf,+1676,0.056306,True,False,RBC Heritage,2026-04-16 01:13:04 UTC
top_10,"McCarthy, Denny",19870,bovada,+1000,0.090909,False,False,RBC Heritage,2026-04-16 01:13:04 UTC
top_10,"McCarthy, Denny",19870,fanduel,+1600,0.058824,False,False,RBC Heritage,2026-04-16 01:13:04 UTC
top_10,"McCarthy, Denny",19870,caesars,+1000,0.090909,False,False,RBC Heritage,2026-04-16 01:13:04 UTC
top_10,"McCarthy, Denny",19870,draftkings,+900,0.1,False,False,RBC Heritage,2026-04-16 01:13:04 UTC
top_10,"McCarthy, Denny",19870,betmgm,+1000,0.090909,False,False,RBC Heritage,2026-04-16 01:13:04 UTC
top_10,"McCarthy, Denny",19870,unibet,+1100,0.083333,False,False,RBC Heritage,2026-04-16 01:13:04 UTC
top_10,"McCarthy, Denny",19870,pointsbet,+1200,0.076923,False,False,RBC Heritage,2026-04-16 01:13:04 UTC
top_10,"McCarthy, Denny",19870,bet365,+1000,0.090909,False,True,RBC Heritage,2026-04-16 01:13:04 UTC
top_10,"McCarthy, Denny",19870,betonline,+1200,0.076923,False,False,RBC Heritage,2026-04-16 01:13:04 UTC
top_10,"McCarthy, Denny",19870,datagolf,+1434,0.065189,True,False,RBC Heritage,2026-04-16 01:13:04 UTC
top_10,"Penge, Marco",22465,bovada,+750,0.117647,False,False,RBC Heritage,2026-04-16 01:13:04 UTC
top_10,"Penge, Marco",22465,fanduel,+1000,0.090909,False,False,RBC Heritage,2026-04-16 01:13:04 UTC
top_10,"Penge, Marco",22465,caesars,+800,0.111111,False,False,RBC Heritage,2026-04-16 01:13:04 UTC
top_10,"Penge, Marco",22465,draftkings,+1025,0.088889,False,False,RBC Heritage,2026-04-16 01:13:04 UTC
top_10,"Penge, Marco",22465,betmgm,+800,0.111111,False,False,RBC Heritage,2026-04-16 01:13:04 UTC
top_10,"Penge, Marco",22465,unibet,+650,0.133333,False,False,RBC Heritage,2026-04-16 01:13:04 UTC
top_10,"Penge, Marco",22465,pointsbet,+850,0.105263,False,False,RBC Heritage,2026-04-16 01:13:04 UTC
top_10,"Penge, Marco",22465,bet365,+750,0.117647,False,True,RBC Heritage,2026-04-16 01:13:04 UTC
top_10,"Penge, Marco",22465,betonline,+1200,0.076923,False,False,RBC Heritage,2026-04-16 01:13:04 UTC
top_10,"Penge, Marco",22465,datagolf,+1637,0.057571,True,False,RBC Heritage,2026-04-16 01:13:04 UTC
top_10,"Smotherman, Austin",22985,bovada,+1100,0.083333,False,False,RBC Heritage,2026-04-16 01:13:04 UTC
top_10,"Smotherman, Austin",22985,fanduel,+1600,0.058824,False,False,RBC Heritage,2026-04-16 01:13:04 UTC
top_10,"Smotherman, Austin",22985,caesars,+1400,0.066667,False,False,RBC Heritage,2026-04-16 01:13:04 UTC
top_10,"Smotherman, Austin",22985,draftkings,+1100,0.083333,False,False,RBC Heritage,2026-04-16 01:13:04 UTC
top_10,"Smotherman, Austin",22985,betmgm,+1000,0.090909,False,False,RBC Heritage,2026-04-16 01:13:04 UTC
top_10,"Smotherman, Austin",22985,unibet,+1400,0.066667,False,False,RBC Heritage,2026-04-16 01:13:04 UTC
top_10,"Smotherman, Austin",22985,pointsbet,+1200,0.076923,False,False,RBC Heritage,2026-04-16 01:13:04 UTC
top_10,"Smotherman, Austin",22985,bet365,+1400,0.066667,False,True,RBC Heritage,2026-04-16 01:13:04 UTC
top_10,"Smotherman, Austin",22985,betonline,+1400,0.066667,False,False,RBC Heritage,2026-04-16 01:13:04 UTC
top_10,"Smotherman, Austin",22985,datagolf,+1594,0.059032,True,False,RBC Heritage,2026-04-16 01:13:04 UTC
top_10,"Coody, Pierceson",28309,bovada,+1100,0.083333,False,False,RBC Heritage,2026-04-16 01:13:04 UTC
top_10,"Coody, Pierceson",28309,fanduel,+1400,0.066667,False,False,RBC Heritage,2026-04-16 01:13:04 UTC
top_10,"Coody, Pierceson",28309,caesars,+1400,0.066667,False,False,RBC Heritage,2026-04-16 01:13:04 UTC
top_10,"Coody, Pierceson",28309,draftkings,+1025,0.088889,False,False,RBC Heritage,2026-04-16 01:13:04 UTC
top_10,"Coody, Pierceson",28309,betmgm,+1000,0.090909,False,False,RBC Heritage,2026-04-16 01:13:04 UTC
top_10,"Coody, Pierceson",28309,unibet,+800,0.111111,False,False,RBC Heritage,2026-04-16 01:13:04 UTC
top_10,"Coody, Pierceson",28309,pointsbet,+1200,0.076923,False,False,RBC Heritage,2026-04-16 01:13:04 UTC
top_10,"Coody, Pierceson",28309,bet365,+1000,0.090909,False,True,RBC Heritage,2026-04-16 01:13:04 UTC
top_10,"Coody, Pierceson",28309,betonline,+1400,0.066667,False,False,RBC Heritage,2026-04-16 01:13:04 UTC
top_10,"Coody, Pierceson",28309,datagolf,+1815,0.052219,True,False,RBC Heritage,2026-04-16 01:13:04 UTC
top_10,"Finau, Tony",11676,bovada,+850,0.105263,False,False,RBC Heritage,2026-04-16 01:13:04 UTC
top_10,"Finau, Tony",11676,fanduel,+1600,0.058824,False,False,RBC Heritage,2026-04-16 01:13:04 UTC
top_10,"Finau, Tony",11676,caesars,+1400,0.066667,False,False,RBC Heritage,2026-04-16 01:13:04 UTC
top_10,"Finau, Tony",11676,draftkings,+1150,0.08,False,False,RBC Heritage,2026-04-16 01:13:04 UTC
top_10,"Finau, Tony",11676,betmgm,+900,0.1,False,False,RBC Heritage,2026-04-16 01:13:04 UTC
top_10,"Finau, Tony",11676,unibet,+1000,0.090909,False,False,RBC Heritage,2026-04-16 01:13:04 UTC
top_10,"Finau, Tony",11676,pointsbet,+1200,0.076923,False,False,RBC Heritage,2026-04-16 01:13:04 UTC
top_10,"Finau, Tony",11676,bet365,+1000,0.090909,False,True,RBC Heritage,2026-04-16 01:13:04 UTC
top_10,"Finau, Tony",11676,betonline,+1600,0.058824,False,False,RBC Heritage,2026-04-16 01:13:04 UTC
top_10,"Finau, Tony",11676,datagolf,+1926,0.049358,True,False,RBC Heritage,2026-04-16 01:13:04 UTC
top_10,"Kim, Michael",17543,bovada,+1100,0.083333,False,False,RBC Heritage,2026-04-16 01:13:04 UTC
top_10,"Kim, Michael",17543,fanduel,+1400,0.066667,False,False,RBC Heritage,2026-04-16 01:13:04 UTC
top_10,"Kim, Michael",17543,caesars,+1000,0.090909,False,False,RBC Heritage,2026-04-16 01:13:04 UTC
top_10,"Kim, Michael",17543,draftkings,+1250,0.074074,False,False,RBC Heritage,2026-04-16 01:13:04 UTC
top_10,"Kim, Michael",17543,betmgm,+1000,0.090909,False,False,RBC Heritage,2026-04-16 01:13:04 UTC
top_10,"Kim, Michael",17543,unibet,+1100,0.083333,False,False,RBC Heritage,2026-04-16 01:13:04 UTC
top_10,"Kim, Michael",17543,pointsbet,+1200,0.076923,False,False,RBC Heritage,2026-04-16 01:13:04 UTC
top_10,"Kim, Michael",17543,bet365,+1400,0.066667,False,True,RBC Heritage,2026-04-16 01:13:04 UTC
top_10,"Kim, Michael",17543,betonline,+1400,0.066667,False,False,RBC Heritage,2026-04-16 01:13:04 UTC
top_10,"Kim, Michael",17543,datagolf,+1643,0.057372,True,False,RBC Heritage,2026-04-16 01:13:04 UTC
top_10,"Pendrith, Taylor",17780,bovada,+1000,0.090909,False,False,RBC Heritage,2026-04-16 01:13:04 UTC
top_10,"Pendrith, Taylor",17780,fanduel,+1300,0.071429,False,False,RBC Heritage,2026-04-16 01:13:04 UTC
top_10,"Pendrith, Taylor",17780,caesars,+1000,0.090909,False,False,RBC Heritage,2026-04-16 01:13:04 UTC
top_10,"Pendrith, Taylor",17780,draftkings,+1075,0.085106,False,False,RBC Heritage,2026-04-16 01:13:04 UTC
top_10,"Pendrith, Taylor",17780,betmgm,+1100,0.083333,False,False,RBC Heritage,2026-04-16 01:13:04 UTC
top_10,"Pendrith, Taylor",17780,unibet,+800,0.111111,False,False,RBC Heritage,2026-04-16 01:13:04 UTC
top_10,"Pendrith, Taylor",17780,pointsbet,+1100,0.083333,False,False,RBC Heritage,2026-04-16 01:13:04 UTC
top_10,"Pendrith, Taylor",17780,bet365,+1000,0.090909,False,True,RBC Heritage,2026-04-16 01:13:04 UTC
top_10,"Pendrith, Taylor",17780,betonline,+1200,0.076923,False,False,RBC Heritage,2026-04-16 01:13:04 UTC
top_10,"Pendrith, Taylor",17780,datagolf,+1762,0.053706,True,False,RBC Heritage,2026-04-16 01:13:04 UTC
top_10,"Valimaki, Sami",23816,bovada,+1200,0.076923,False,False,RBC Heritage,2026-04-16 01:13:04 UTC
top_10,"Valimaki, Sami",23816,fanduel,+1400,0.066667,False,False,RBC Heritage,2026-04-16 01:13:04 UTC
top_10,"Valimaki, Sami",23816,caesars,+1000,0.090909,False,False,RBC Heritage,2026-04-16 01:13:04 UTC
top_10,"Valimaki, Sami",23816,draftkings,+1425,0.065574,False,False,RBC Heritage,2026-04-16 01:13:04 UTC
top_10,"Valimaki, Sami",23816,betmgm,+1400,0.066667,False,False,RBC Heritage,2026-04-16 01:13:04 UTC
top_10,"Valimaki, Sami",23816,unibet,+1800,0.052632,False,False,RBC Heritage,2026-04-16 01:13:04 UTC
top_10,"Valimaki, Sami",23816,pointsbet,+1200,0.076923,False,False,RBC Heritage,2026-04-16 01:13:04 UTC
top_10,"Valimaki, Sami",23816,bet365,+1400,0.066667,False,True,RBC Heritage,2026-04-16 01:13:04 UTC
top_10,"Valimaki, Sami",23816,betonline,+1400,0.066667,False,False,RBC Heritage,2026-04-16 01:13:04 UTC
top_10,"Valimaki, Sami",23816,datagolf,+1928,0.04931,True,False,RBC Heritage,2026-04-16 01:13:04 UTC
top_10,"Echavarria, Nico",22833,bovada,+1100,0.083333,False,False,RBC Heritage,2026-04-16 01:13:04 UTC
top_10,"Echavarria, Nico",22833,fanduel,+1400,0.066667,False,False,RBC Heritage,2026-04-16 01:13:04 UTC
top_10,"Echavarria, Nico",22833,caesars,+1100,0.083333,False,False,RBC Heritage,2026-04-16 01:13:04 UTC
top_10,"Echavarria, Nico",22833,draftkings,+1600,0.058824,False,False,RBC Heritage,2026-04-16 01:13:04 UTC
top_10,"Echavarria, Nico",22833,betmgm,+1100,0.083333,False,False,RBC Heritage,2026-04-16 01:13:04 UTC
top_10,"Echavarria, Nico",22833,unibet,+800,0.111111,False,False,RBC Heritage,2026-04-16 01:13:04 UTC
top_10,"Echavarria, Nico",22833,pointsbet,+1200,0.076923,False,False,RBC Heritage,2026-04-16 01:13:04 UTC
top_10,"Echavarria, Nico",22833,bet365,+1000,0.090909,False,True,RBC Heritage,2026-04-16 01:13:04 UTC
top_10,"Echavarria, Nico",22833,betonline,+1600,0.058824,False,False,RBC Heritage,2026-04-16 01:13:04 UTC
top_10,"Echavarria, Nico",22833,datagolf,+2016,0.047259,True,False,RBC Heritage,2026-04-16 01:13:04 UTC
top_10,"Blanchet, Chandler",24956,bovada,+1600,0.058824,False,False,RBC Heritage,2026-04-16 01:13:04 UTC
top_10,"Blanchet, Chandler",24956,fanduel,+1700,0.055556,False,False,RBC Heritage,2026-04-16 01:13:04 UTC
top_10,"Blanchet, Chandler",24956,caesars,+1600,0.058824,False,False,RBC Heritage,2026-04-16 01:13:04 UTC
top_10,"Blanchet, Chandler",24956,draftkings,+2250,0.042553,False,False,RBC Heritage,2026-04-16 01:13:04 UTC
top_10,"Blanchet, Chandler",24956,betmgm,+1400,0.066667,False,False,RBC Heritage,2026-04-16 01:13:04 UTC
top_10,"Blanchet, Chandler",24956,unibet,+1400,0.066667,False,False,RBC Heritage,2026-04-16 01:13:04 UTC
top_10,"Blanchet, Chandler",24956,pointsbet,+1300,0.071429,False,False,RBC Heritage,2026-04-16 01:13:04 UTC
top_10,"Blanchet, Chandler",24956,bet365,+1800,0.052632,False,True,RBC Heritage,2026-04-16 01:13:04 UTC
top_10,"Blanchet, Chandler",24956,betonline,+2000,0.047619,False,False,RBC Heritage,2026-04-16 01:13:04 UTC
top_10,"Blanchet, Chandler",24956,datagolf,+1947,0.048852,True,False,RBC Heritage,2026-04-16 01:13:04 UTC
top_10,"Fox, Ryan",11889,bovada,+1200,0.076923,False,False,RBC Heritage,2026-04-16 01:13:04 UTC
top_10,"Fox, Ryan",11889,fanduel,+1700,0.055556,False,False,RBC Heritage,2026-04-16 01:13:04 UTC
top_10,"Fox, Ryan",11889,caesars,+1400,0.066667,False,False,RBC Heritage,2026-04-16 01:13:04 UTC
top_10,"Fox, Ryan",11889,draftkings,+1500,0.0625,False,False,RBC Heritage,2026-04-16 01:13:04 UTC
top_10,"Fox, Ryan",11889,betmgm,+1200,0.076923,False,False,RBC Heritage,2026-04-16 01:13:04 UTC
top_10,"Fox, Ryan",11889,unibet,+1400,0.066667,False,False,RBC Heritage,2026-04-16 01:13:04 UTC
top_10,"Fox, Ryan",11889,pointsbet,+1300,0.071429,False,False,RBC Heritage,2026-04-16 01:13:04 UTC
top_10,"Fox, Ryan",11889,bet365,+1400,0.066667,False,True,RBC Heritage,2026-04-16 01:13:04 UTC
top_10,"Fox, Ryan",11889,betonline,+1600,0.058824,False,False,RBC Heritage,2026-04-16 01:13:04 UTC
top_10,"Fox, Ryan",11889,datagolf,+2163,0.044189,True,False,RBC Heritage,2026-04-16 01:13:04 UTC
top_10,"Mouw, William",29770,bovada,+1600,0.058824,False,False,RBC Heritage,2026-04-16 01:13:04 UTC
top_10,"Mouw, William",29770,fanduel,+2000,0.047619,False,False,RBC Heritage,2026-04-16 01:13:04 UTC
top_10,"Mouw, William",29770,caesars,+1800,0.052632,False,False,RBC Heritage,2026-04-16 01:13:04 UTC
top_10,"Mouw, William",29770,draftkings,+2000,0.047619,False,False,RBC Heritage,2026-04-16 01:13:04 UTC
top_10,"Mouw, William",29770,betmgm,+1400,0.066667,False,False,RBC Heritage,2026-04-16 01:13:04 UTC
top_10,"Mouw, William",29770,unibet,+1800,0.052632,False,False,RBC Heritage,2026-04-16 01:13:04 UTC
top_10,"Mouw, William",29770,pointsbet,+1500,0.0625,False,False,RBC Heritage,2026-04-16 01:13:04 UTC
top_10,"Mouw, William",29770,bet365,+1800,0.052632,False,True,RBC Heritage,2026-04-16 01:13:04 UTC
top_10,"Mouw, William",29770,betonline,+1800,0.052632,False,False,RBC Heritage,2026-04-16 01:13:04 UTC
top_10,"Mouw, William",29770,datagolf,+2566,0.037509,True,False,RBC Heritage,2026-04-16 01:13:04 UTC
top_10,"Rodgers, Patrick",16283,bovada,+1200,0.076923,False,False,RBC Heritage,2026-04-16 01:13:04 UTC
top_10,"Rodgers, Patrick",16283,fanduel,+1900,0.05,False,False,RBC Heritage,2026-04-16 01:13:04 UTC
top_10,"Rodgers, Patrick",16283,caesars,+1600,0.058824,False,False,RBC Heritage,2026-04-16 01:13:04 UTC
top_10,"Rodgers, Patrick",16283,draftkings,+1475,0.063492,False,False,RBC Heritage,2026-04-16 01:13:04 UTC
top_10,"Rodgers, Patrick",16283,betmgm,+1400,0.066667,False,False,RBC Heritage,2026-04-16 01:13:04 UTC
top_10,"Rodgers, Patrick",16283,unibet,+1400,0.066667,False,False,RBC Heritage,2026-04-16 01:13:04 UTC
top_10,"Rodgers, Patrick",16283,pointsbet,+1400,0.066667,False,False,RBC Heritage,2026-04-16 01:13:04 UTC
top_10,"Rodgers, Patrick",16283,bet365,+1400,0.066667,False,True,RBC Heritage,2026-04-16 01:13:04 UTC
top_10,"Rodgers, Patrick",16283,betonline,+1800,0.052632,False,False,RBC Heritage,2026-04-16 01:13:04 UTC
top_10,"Rodgers, Patrick",16283,datagolf,+2471,0.038895,True,False,RBC Heritage,2026-04-16 01:13:04 UTC
top_10,"Keefer, Johnny",32457,bovada,+1600,0.058824,False,False,RBC Heritage,2026-04-16 01:13:04 UTC
top_10,"Keefer, Johnny",32457,fanduel,+2000,0.047619,False,False,RBC Heritage,2026-04-16 01:13:04 UTC
top_10,"Keefer, Johnny",32457,caesars,+1500,0.0625,False,False,RBC Heritage,2026-04-16 01:13:04 UTC
top_10,"Keefer, Johnny",32457,draftkings,+1800,0.052632,False,False,RBC Heritage,2026-04-16 01:13:04 UTC
top_10,"Keefer, Johnny",32457,betmgm,+1400,0.066667,False,False,RBC Heritage,2026-04-16 01:13:04 UTC
top_10,"Keefer, Johnny",32457,unibet,+1600,0.058824,False,False,RBC Heritage,2026-04-16 01:13:04 UTC
top_10,"Keefer, Johnny",32457,pointsbet,+1500,0.0625,False,False,RBC Heritage,2026-04-16 01:13:04 UTC
top_10,"Keefer, Johnny",32457,bet365,+1800,0.052632,False,True,RBC Heritage,2026-04-16 01:13:04 UTC
top_10,"Keefer, Johnny",32457,betonline,+1800,0.052632,False,False,RBC Heritage,2026-04-16 01:13:04 UTC
top_10,"Keefer, Johnny",32457,datagolf,+2690,0.035842,True,False,RBC Heritage,2026-04-16 01:13:04 UTC
top_10,"Horschel, Billy",11276,bovada,+1100,0.083333,False,False,RBC Heritage,2026-04-16 01:13:04 UTC
top_10,"Horschel, Billy",11276,fanduel,+2000,0.047619,False,False,RBC Heritage,2026-04-16 01:13:04 UTC
top_10,"Horschel, Billy",11276,caesars,+1800,0.052632,False,False,RBC Heritage,2026-04-16 01:13:04 UTC
top_10,"Horschel, Billy",11276,draftkings,+1325,0.070175,False,False,RBC Heritage,2026-04-16 01:13:04 UTC
top_10,"Horschel, Billy",11276,betmgm,+1000,0.090909,False,False,RBC Heritage,2026-04-16 01:13:04 UTC
top_10,"Horschel, Billy",11276,unibet,+1000,0.090909,False,False,RBC Heritage,2026-04-16 01:13:04 UTC
top_10,"Horschel, Billy",11276,pointsbet,+1500,0.0625,False,False,RBC Heritage,2026-04-16 01:13:04 UTC
top_10,"Horschel, Billy",11276,bet365,+1000,0.090909,False,True,RBC Heritage,2026-04-16 01:13:04 UTC
top_10,"Horschel, Billy",11276,betonline,+1800,0.052632,False,False,RBC Heritage,2026-04-16 01:13:04 UTC
top_10,"Horschel, Billy",11276,datagolf,+2574,0.037397,True,False,RBC Heritage,2026-04-16 01:13:04 UTC
top_10,"Lipsky, David",15980,bovada,+2200,0.043478,False,False,RBC Heritage,2026-04-16 01:13:04 UTC
top_10,"Lipsky, David",15980,fanduel,+2500,0.038462,False,False,RBC Heritage,2026-04-16 01:13:04 UTC
top_10,"Lipsky, David",15980,caesars,+1800,0.052632,False,False,RBC Heritage,2026-04-16 01:13:04 UTC
top_10,"Lipsky, David",15980,draftkings,+2150,0.044444,False,False,RBC Heritage,2026-04-16 01:13:04 UTC
top_10,"Lipsky, David",15980,betmgm,+1800,0.052632,False,False,RBC Heritage,2026-04-16 01:13:04 UTC
top_10,"Lipsky, David",15980,unibet,+2000,0.047619,False,False,RBC Heritage,2026-04-16 01:13:04 UTC
top_10,"Lipsky, David",15980,pointsbet,+1700,0.055556,False,False,RBC Heritage,2026-04-16 01:13:04 UTC
top_10,"Lipsky, David",15980,bet365,+2200,0.043478,False,True,RBC Heritage,2026-04-16 01:13:04 UTC
top_10,"Lipsky, David",15980,betonline,+2200,0.043478,False,False,RBC Heritage,2026-04-16 01:13:04 UTC
top_10,"Lipsky, David",15980,datagolf,+2589,0.037189,True,False,RBC Heritage,2026-04-16 01:13:04 UTC
top_10,"Fisk, Steven",26657,bovada,+2000,0.047619,False,False,RBC Heritage,2026-04-16 01:13:04 UTC
top_10,"Fisk, Steven",26657,fanduel,+2200,0.043478,False,False,RBC Heritage,2026-04-16 01:13:04 UTC
top_10,"Fisk, Steven",26657,caesars,+2000,0.047619,False,False,RBC Heritage,2026-04-16 01:13:04 UTC
top_10,"Fisk, Steven",26657,draftkings,+2150,0.044444,False,False,RBC Heritage,2026-04-16 01:13:04 UTC
top_10,"Fisk, Steven",26657,betmgm,+2000,0.047619,False,False,RBC Heritage,2026-04-16 01:13:04 UTC
top_10,"Fisk, Steven",26657,unibet,+2000,0.047619,False,False,RBC Heritage,2026-04-16 01:13:04 UTC
top_10,"Fisk, Steven",26657,pointsbet,+1700,0.055556,False,False,RBC Heritage,2026-04-16 01:13:04 UTC
top_10,"Fisk, Steven",26657,bet365,+2200,0.043478,False,True,RBC Heritage,2026-04-16 01:13:04 UTC
top_10,"Fisk, Steven",26657,betonline,+2500,0.038462,False,False,RBC Heritage,2026-04-16 01:13:04 UTC
top_10,"Fisk, Steven",26657,datagolf,+3203,0.030276,True,False,RBC Heritage,2026-04-16 01:13:04 UTC
top_10,"Glover, Lucas",7399,bovada,+2500,0.038462,False,False,RBC Heritage,2026-04-16 01:13:04 UTC
top_10,"Glover, Lucas",7399,fanduel,+2500,0.038462,False,False,RBC Heritage,2026-04-16 01:13:04 UTC
top_10,"Glover, Lucas",7399,caesars,+2200,0.043478,False,False,RBC Heritage,2026-04-16 01:13:04 UTC
top_10,"Glover, Lucas",7399,draftkings,+2050,0.046512,False,False,RBC Heritage,2026-04-16 01:13:04 UTC
top_10,"Glover, Lucas",7399,betmgm,+2200,0.043478,False,False,RBC Heritage,2026-04-16 01:13:04 UTC
top_10,"Glover, Lucas",7399,unibet,+2000,0.047619,False,False,RBC Heritage,2026-04-16 01:13:04 UTC
top_10,"Glover, Lucas",7399,pointsbet,+1800,0.052632,False,False,RBC Heritage,2026-04-16 01:13:04 UTC
top_10,"Glover, Lucas",7399,bet365,+2000,0.047619,False,True,RBC Heritage,2026-04-16 01:13:04 UTC
top_10,"Glover, Lucas",7399,betonline,+2200,0.043478,False,False,RBC Heritage,2026-04-16 01:13:04 UTC
top_10,"Glover, Lucas",7399,datagolf,+2837,0.034048,True,False,RBC Heritage,2026-04-16 01:13:04 UTC
top_10,"Higgo, Garrick",24342,bovada,+2500,0.038462,False,False,RBC Heritage,2026-04-16 01:13:04 UTC
top_10,"Higgo, Garrick",24342,fanduel,+3000,0.032258,False,False,RBC Heritage,2026-04-16 01:13:04 UTC
top_10,"Higgo, Garrick",24342,caesars,+3000,0.032258,False,False,RBC Heritage,2026-04-16 01:13:04 UTC
top_10,"Higgo, Garrick",24342,draftkings,+2800,0.034483,False,False,RBC Heritage,2026-04-16 01:13:04 UTC
top_10,"Higgo, Garrick",24342,betmgm,+2500,0.038462,False,False,RBC Heritage,2026-04-16 01:13:04 UTC
top_10,"Higgo, Garrick",24342,unibet,+2200,0.043478,False,False,RBC Heritage,2026-04-16 01:13:04 UTC
top_10,"Higgo, Garrick",24342,pointsbet,+2200,0.043478,False,False,RBC Heritage,2026-04-16 01:13:04 UTC
top_10,"Higgo, Garrick",24342,bet365,+1800,0.052632,False,True,RBC Heritage,2026-04-16 01:13:04 UTC
top_10,"Higgo, Garrick",24342,betonline,+2500,0.038462,False,False,RBC Heritage,2026-04-16 01:13:04 UTC
top_10,"Higgo, Garrick",24342,datagolf,+4716,0.020764,True,False,RBC Heritage,2026-04-16 01:13:04 UTC
top_10,"Vegas, Jhonattan",13508,bovada,+3000,0.032258,False,False,RBC Heritage,2026-04-16 01:13:04 UTC
top_10,"Vegas, Jhonattan",13508,fanduel,+3300,0.029412,False,False,RBC Heritage,2026-04-16 01:13:04 UTC
top_10,"Vegas, Jhonattan",13508,caesars,+3500,0.027778,False,False,RBC Heritage,2026-04-16 01:13:04 UTC
top_10,"Vegas, Jhonattan",13508,draftkings,+2900,0.033333,False,False,RBC Heritage,2026-04-16 01:13:04 UTC
top_10,"Vegas, Jhonattan",13508,betmgm,+2200,0.043478,False,False,RBC Heritage,2026-04-16 01:13:04 UTC
top_10,"Vegas, Jhonattan",13508,unibet,+2200,0.043478,False,False,RBC Heritage,2026-04-16 01:13:04 UTC
top_10,"Vegas, Jhonattan",13508,pointsbet,+2200,0.043478,False,False,RBC Heritage,2026-04-16 01:13:04 UTC
top_10,"Vegas, Jhonattan",13508,bet365,+2500,0.038462,False,True,RBC Heritage,2026-04-16 01:13:04 UTC
top_10,"Vegas, Jhonattan",13508,betonline,+3500,0.027778,False,False,RBC Heritage,2026-04-16 01:13:04 UTC
top_10,"Vegas, Jhonattan",13508,datagolf,+5288,0.01856,True,False,RBC Heritage,2026-04-16 01:13:04 UTC
top_10,"Hoge, Tom",15575,bovada,+2200,0.043478,False,False,RBC Heritage,2026-04-16 01:13:04 UTC
top_10,"Hoge, Tom",15575,fanduel,+3300,0.029412,False,False,RBC Heritage,2026-04-16 01:13:04 UTC
top_10,"Hoge, Tom",15575,caesars,+2600,0.037037,False,False,RBC Heritage,2026-04-16 01:13:04 UTC
top_10,"Hoge, Tom",15575,draftkings,+3100,0.03125,False,False,RBC Heritage,2026-04-16 01:13:04 UTC
top_10,"Hoge, Tom",15575,betmgm,+2200,0.043478,False,False,RBC Heritage,2026-04-16 01:13:04 UTC
top_10,"Hoge, Tom",15575,unibet,+2000,0.047619,False,False,RBC Heritage,2026-04-16 01:13:04 UTC
top_10,"Hoge, Tom",15575,pointsbet,+2200,0.043478,False,False,RBC Heritage,2026-04-16 01:13:04 UTC
top_10,"Hoge, Tom",15575,bet365,+2200,0.043478,False,True,RBC Heritage,2026-04-16 01:13:04 UTC
top_10,"Hoge, Tom",15575,betonline,+2500,0.038462,False,False,RBC Heritage,2026-04-16 01:13:04 UTC
top_10,"Hoge, Tom",15575,datagolf,+5035,0.019474,True,False,RBC Heritage,2026-04-16 01:13:04 UTC
top_10,"Schenk, Adam",19477,bovada,+4000,0.02439,False,False,RBC Heritage,2026-04-16 01:13:04 UTC
top_10,"Schenk, Adam",19477,fanduel,+6000,0.016393,False,False,RBC Heritage,2026-04-16 01:13:04 UTC
top_10,"Schenk, Adam",19477,caesars,+4500,0.021739,False,False,RBC Heritage,2026-04-16 01:13:04 UTC
top_10,"Schenk, Adam",19477,draftkings,+6200,0.015873,False,False,RBC Heritage,2026-04-16 01:13:04 UTC
top_10,"Schenk, Adam",19477,betmgm,+4000,0.02439,False,False,RBC Heritage,2026-04-16 01:13:04 UTC
top_10,"Schenk, Adam",19477,unibet,+6000,0.016393,False,False,RBC Heritage,2026-04-16 01:13:04 UTC
top_10,"Schenk, Adam",19477,pointsbet,+4000,0.02439,False,False,RBC Heritage,2026-04-16 01:13:04 UTC
top_10,"Schenk, Adam",19477,bet365,+3300,0.029412,False,True,RBC Heritage,2026-04-16 01:13:04 UTC
top_10,"Schenk, Adam",19477,betonline,+5000,0.019608,False,False,RBC Heritage,2026-04-16 01:13:04 UTC
top_10,"Schenk, Adam",19477,datagolf,+9470,0.010449,True,False,RBC Heritage,2026-04-16 01:13:04 UTC
top_10,"Vilips, Karl",24304,bovada,+2000,0.047619,False,False,RBC Heritage,2026-04-16 01:13:04 UTC
top_10,"Vilips, Karl",24304,fanduel,+3000,0.032258,False,False,RBC Heritage,2026-04-16 01:13:04 UTC
top_10,"Vilips, Karl",24304,caesars,+2200,0.043478,False,False,RBC Heritage,2026-04-16 01:13:04 UTC
top_10,"Vilips, Karl",24304,draftkings,+3300,0.029412,False,False,RBC Heritage,2026-04-16 01:13:04 UTC
top_10,"Vilips, Karl",24304,betmgm,+2000,0.047619,False,False,RBC Heritage,2026-04-16 01:13:04 UTC
top_10,"Vilips, Karl",24304,unibet,+2000,0.047619,False,False,RBC Heritage,2026-04-16 01:13:04 UTC
top_10,"Vilips, Karl",24304,pointsbet,+2200,0.043478,False,False,RBC Heritage,2026-04-16 01:13:04 UTC
top_10,"Vilips, Karl",24304,bet365,+2000,0.047619,False,True,RBC Heritage,2026-04-16 01:13:04 UTC
top_10,"Vilips, Karl",24304,betonline,+3300,0.029412,False,False,RBC Heritage,2026-04-16 01:13:04 UTC
top_10,"Vilips, Karl",24304,datagolf,+5496,0.01787,True,False,RBC Heritage,2026-04-16 01:13:04 UTC
top_10,"Potgieter, Aldrich",27900,bovada,+2500,0.038462,False,False,RBC Heritage,2026-04-16 01:13:04 UTC
top_10,"Potgieter, Aldrich",27900,fanduel,+2500,0.038462,False,False,RBC Heritage,2026-04-16 01:13:04 UTC
top_10,"Potgieter, Aldrich",27900,caesars,+2200,0.043478,False,False,RBC Heritage,2026-04-16 01:13:04 UTC
top_10,"Potgieter, Aldrich",27900,draftkings,+3500,0.027778,False,False,RBC Heritage,2026-04-16 01:13:04 UTC
top_10,"Potgieter, Aldrich",27900,betmgm,+2500,0.038462,False,False,RBC Heritage,2026-04-16 01:13:04 UTC
top_10,"Potgieter, Aldrich",27900,unibet,+2800,0.034483,False,False,RBC Heritage,2026-04-16 01:13:04 UTC
top_10,"Potgieter, Aldrich",27900,pointsbet,+1800,0.052632,False,False,RBC Heritage,2026-04-16 01:13:04 UTC
top_10,"Potgieter, Aldrich",27900,bet365,+2500,0.038462,False,True,RBC Heritage,2026-04-16 01:13:04 UTC
top_10,"Potgieter, Aldrich",27900,betonline,+3000,0.032258,False,False,RBC Heritage,2026-04-16 01:13:04 UTC
top_10,"Potgieter, Aldrich",27900,datagolf,+7011,0.014063,True,False,RBC Heritage,2026-04-16 01:13:04 UTC
top_10,"Campbell, Brian",18628,bovada,+2000,0.047619,False,False,RBC Heritage,2026-04-16 01:13:04 UTC
top_10,"Campbell, Brian",18628,fanduel,+1700,0.055556,False,False,RBC Heritage,2026-04-16 01:13:04 UTC
top_10,"Campbell, Brian",18628,caesars,+1400,0.066667,False,False,RBC Heritage,2026-04-16 01:13:04 UTC
top_10,"Campbell, Brian",18628,draftkings,+2800,0.034483,False,False,RBC Heritage,2026-04-16 01:13:04 UTC
top_10,"Campbell, Brian",18628,betmgm,+2000,0.047619,False,False,RBC Heritage,2026-04-16 01:13:04 UTC
top_10,"Campbell, Brian",18628,unibet,+2800,0.034483,False,False,RBC Heritage,2026-04-16 01:13:04 UTC
top_10,"Campbell, Brian",18628,pointsbet,+1300,0.071429,False,False,RBC Heritage,2026-04-16 01:13:04 UTC
top_10,"Campbell, Brian",18628,bet365,+1800,0.052632,False,True,RBC Heritage,2026-04-16 01:13:04 UTC
top_10,"Campbell, Brian",18628,betonline,+2500,0.038462,False,False,RBC Heritage,2026-04-16 01:13:04 UTC
top_10,"Campbell, Brian",18628,datagolf,+4784,0.020475,True,False,RBC Heritage,2026-04-16 01:13:04 UTC
top_10,"Highsmith, Joe",28469,bovada,+4000,0.02439,False,False,RBC Heritage,2026-04-16 01:13:04 UTC
top_10,"Highsmith, Joe",28469,fanduel,+6000,0.016393,False,False,RBC Heritage,2026-04-16 01:13:04 UTC
top_10,"Highsmith, Joe",28469,caesars,+5500,0.017857,False,False,RBC Heritage,2026-04-16 01:13:04 UTC
top_10,"Highsmith, Joe",28469,draftkings,+5900,0.016667,False,False,RBC Heritage,2026-04-16 01:13:04 UTC
top_10,"Highsmith, Joe",28469,betmgm,+4500,0.021739,False,False,RBC Heritage,2026-04-16 01:13:04 UTC
top_10,"Highsmith, Joe",28469,unibet,+6000,0.016393,False,False,RBC Heritage,2026-04-16 01:13:04 UTC
top_10,"Highsmith, Joe",28469,pointsbet,+4000,0.02439,False,False,RBC Heritage,2026-04-16 01:13:04 UTC
top_10,"Highsmith, Joe",28469,bet365,+4000,0.02439,False,True,RBC Heritage,2026-04-16 01:13:04 UTC
top_10,"Highsmith, Joe",28469,betonline,+4500,0.021739,False,False,RBC Heritage,2026-04-16 01:13:04 UTC
top_10,"Highsmith, Joe",28469,datagolf,+9831,0.010069,True,False,RBC Heritage,2026-04-16 01:13:04 UTC
top_20,"Scheffler, Scottie",18417,bovada,-600,0.857143,False,False,RBC Heritage,2026-04-16 01:13:04 UTC
top_20,"Scheffler, Scottie",18417,fanduel,-450,0.818182,False,False,RBC Heritage,2026-04-16 01:13:04 UTC
top_20,"Scheffler, Scottie",18417,draftkings,-525,0.84,False,False,RBC Heritage,2026-04-16 01:13:04 UTC
top_20,"Scheffler, Scottie",18417,betmgm,-714,0.87715,False,False,RBC Heritage,2026-04-16 01:13:04 UTC
top_20,"Scheffler, Scottie",18417,unibet,-500,0.833333,False,False,RBC Heritage,2026-04-16 01:13:04 UTC
top_20,"Scheffler, Scottie",18417,pointsbet,-425,0.809524,False,False,RBC Heritage,2026-04-16 01:13:04 UTC
top_20,"Scheffler, Scottie",18417,bet365,-500,0.833333,False,True,RBC Heritage,2026-04-16 01:13:04 UTC
top_20,"Scheffler, Scottie",18417,betonline,-400,0.8,False,False,RBC Heritage,2026-04-16 01:13:04 UTC
top_20,"Scheffler, Scottie",18417,datagolf,-272,0.731183,True,False,RBC Heritage,2026-04-16 01:13:04 UTC
top_20,"Schauffele, Xander",19895,bovada,-225,0.692308,False,False,RBC Heritage,2026-04-16 01:13:04 UTC
top_20,"Schauffele, Xander",19895,fanduel,-155,0.607843,False,False,RBC Heritage,2026-04-16 01:13:04 UTC
top_20,"Schauffele, Xander",19895,draftkings,-160,0.615385,False,False,RBC Heritage,2026-04-16 01:13:04 UTC
top_20,"Schauffele, Xander",19895,betmgm,-200,0.666667,False,False,RBC Heritage,2026-04-16 01:13:04 UTC
top_20,"Schauffele, Xander",19895,unibet,-167,0.625468,False,False,RBC Heritage,2026-04-16 01:13:04 UTC
top_20,"Schauffele, Xander",19895,pointsbet,-140,0.583333,False,False,RBC Heritage,2026-04-16 01:13:04 UTC
top_20,"Schauffele, Xander",19895,bet365,-161,0.616858,False,True,RBC Heritage,2026-04-16 01:13:04 UTC
top_20,"Schauffele, Xander",19895,pinnacle,-148,0.596774,False,True,RBC Heritage,2026-04-16 01:13:04 UTC
top_20,"Schauffele, Xander",19895,betonline,-149,0.598394,False,False,RBC Heritage,2026-04-16 01:13:04 UTC
top_20,"Schauffele, Xander",19895,datagolf,-117,0.539171,True,False,RBC Heritage,2026-04-16 01:13:04 UTC
top_20,"Fitzpatrick, Matt",17646,bovada,-185,0.649123,False,False,RBC Heritage,2026-04-16 01:13:04 UTC
top_20,"Fitzpatrick, Matt",17646,fanduel,-160,0.615385,False,False,RBC Heritage,2026-04-16 01:13:04 UTC
top_20,"Fitzpatrick, Matt",17646,draftkings,-146,0.593496,False,False,RBC Heritage,2026-04-16 01:13:04 UTC
top_20,"Fitzpatrick, Matt",17646,betmgm,-167,0.625468,False,False,RBC Heritage,2026-04-16 01:13:04 UTC
top_20,"Fitzpatrick, Matt",17646,unibet,-167,0.625468,False,False,RBC Heritage,2026-04-16 01:13:04 UTC
top_20,"Fitzpatrick, Matt",17646,pointsbet,-145,0.591837,False,False,RBC Heritage,2026-04-16 01:13:04 UTC
top_20,"Fitzpatrick, Matt",17646,bet365,-149,0.598394,False,True,RBC Heritage,2026-04-16 01:13:04 UTC
top_20,"Fitzpatrick, Matt",17646,pinnacle,-158,0.612403,False,True,RBC Heritage,2026-04-16 01:13:04 UTC
top_20,"Fitzpatrick, Matt",17646,betonline,-149,0.598394,False,False,RBC Heritage,2026-04-16 01:13:04 UTC
top_20,"Fitzpatrick, Matt",17646,datagolf,-128,0.561404,True,False,RBC Heritage,2026-04-16 01:13:04 UTC
top_20,"Young, Cameron",26651,bovada,-185,0.649123,False,False,RBC Heritage,2026-04-16 01:13:04 UTC
top_20,"Young, Cameron",26651,fanduel,-135,0.574468,False,False,RBC Heritage,2026-04-16 01:13:04 UTC
top_20,"Young, Cameron",26651,draftkings,-138,0.579832,False,False,RBC Heritage,2026-04-16 01:13:04 UTC
top_20,"Young, Cameron",26651,betmgm,-167,0.625468,False,False,RBC Heritage,2026-04-16 01:13:04 UTC
top_20,"Young, Cameron",26651,unibet,-137,0.578059,False,False,RBC Heritage,2026-04-16 01:13:04 UTC
top_20,"Young, Cameron",26651,pointsbet,-120,0.545455,False,False,RBC Heritage,2026-04-16 01:13:04 UTC
top_20,"Young, Cameron",26651,bet365,-149,0.598394,False,True,RBC Heritage,2026-04-16 01:13:04 UTC
top_20,"Young, Cameron",26651,pinnacle,-149,0.598394,False,True,RBC Heritage,2026-04-16 01:13:04 UTC
top_20,"Young, Cameron",26651,betonline,-130,0.565217,False,False,RBC Heritage,2026-04-16 01:13:04 UTC
top_20,"Young, Cameron",26651,datagolf,-112,0.528302,True,False,RBC Heritage,2026-04-16 01:13:04 UTC
top_20,"Henley, Russell",14578,bovada,-170,0.62963,False,False,RBC Heritage,2026-04-16 01:13:04 UTC
top_20,"Henley, Russell",14578,fanduel,-155,0.607843,False,False,RBC Heritage,2026-04-16 01:13:04 UTC
top_20,"Henley, Russell",14578,draftkings,-150,0.6,False,False,RBC Heritage,2026-04-16 01:13:04 UTC
top_20,"Henley, Russell",14578,betmgm,-167,0.625468,False,False,RBC Heritage,2026-04-16 01:13:04 UTC
top_20,"Henley, Russell",14578,unibet,-137,0.578059,False,False,RBC Heritage,2026-04-16 01:13:04 UTC
top_20,"Henley, Russell",14578,pointsbet,-140,0.583333,False,False,RBC Heritage,2026-04-16 01:13:04 UTC
top_20,"Henley, Russell",14578,bet365,-149,0.598394,False,True,RBC Heritage,2026-04-16 01:13:04 UTC
top_20,"Henley, Russell",14578,pinnacle,-146,0.593496,False,True,RBC Heritage,2026-04-16 01:13:04 UTC
top_20,"Henley, Russell",14578,betonline,-149,0.598394,False,False,RBC Heritage,2026-04-16 01:13:04 UTC
top_20,"Henley, Russell",14578,datagolf,-122,0.54955,True,False,RBC Heritage,2026-04-16 01:13:04 UTC
top_20,"Fleetwood, Tommy",12294,bovada,-160,0.615385,False,False,RBC Heritage,2026-04-16 01:13:04 UTC
top_20,"Fleetwood, Tommy",12294,fanduel,-135,0.574468,False,False,RBC Heritage,2026-04-16 01:13:04 UTC
top_20,"Fleetwood, Tommy",12294,draftkings,-138,0.579832,False,False,RBC Heritage,2026-04-16 01:13:04 UTC
top_20,"Fleetwood, Tommy",12294,betmgm,-161,0.616858,False,False,RBC Heritage,2026-04-16 01:13:04 UTC
top_20,"Fleetwood, Tommy",12294,unibet,-137,0.578059,False,False,RBC Heritage,2026-04-16 01:13:04 UTC
top_20,"Fleetwood, Tommy",12294,pointsbet,-120,0.545455,False,False,RBC Heritage,2026-04-16 01:13:04 UTC
top_20,"Fleetwood, Tommy",12294,bet365,-130,0.565217,False,True,RBC Heritage,2026-04-16 01:13:04 UTC
top_20,"Fleetwood, Tommy",12294,pinnacle,-122,0.54955,False,True,RBC Heritage,2026-04-16 01:13:04 UTC
top_20,"Fleetwood, Tommy",12294,betonline,-130,0.565217,False,False,RBC Heritage,2026-04-16 01:13:04 UTC
top_20,"Fleetwood, Tommy",12294,datagolf,-102,0.50495,True,False,RBC Heritage,2026-04-16 01:13:04 UTC
top_20,"Morikawa, Collin",22085,bovada,-150,0.6,False,False,RBC Heritage,2026-04-16 01:13:04 UTC
top_20,"Morikawa, Collin",22085,fanduel,+105,0.487805,False,False,RBC Heritage,2026-04-16 01:13:04 UTC
top_20,"Morikawa, Collin",22085,draftkings,-118,0.541284,False,False,RBC Heritage,2026-04-16 01:13:04 UTC
top_20,"Morikawa, Collin",22085,betmgm,-133,0.570815,False,False,RBC Heritage,2026-04-16 01:13:04 UTC
top_20,"Morikawa, Collin",22085,unibet,-102,0.50495,False,False,RBC Heritage,2026-04-16 01:13:04 UTC
top_20,"Morikawa, Collin",22085,pointsbet,+115,0.465116,False,False,RBC Heritage,2026-04-16 01:13:04 UTC
top_20,"Morikawa, Collin",22085,bet365,+100,0.5,False,True,RBC Heritage,2026-04-16 01:13:04 UTC
top_20,"Morikawa, Collin",22085,betonline,-110,0.52381,False,False,RBC Heritage,2026-04-16 01:13:04 UTC
top_20,"Morikawa, Collin",22085,datagolf,+113,0.469484,True,False,RBC Heritage,2026-04-16 01:13:04 UTC
top_20,"Kim, Si Woo",14609,bovada,-125,0.555556,False,False,RBC Heritage,2026-04-16 01:13:04 UTC
top_20,"Kim, Si Woo",14609,fanduel,+110,0.47619,False,False,RBC Heritage,2026-04-16 01:13:04 UTC
top_20,"Kim, Si Woo",14609,draftkings,-104,0.509804,False,False,RBC Heritage,2026-04-16 01:13:04 UTC
top_20,"Kim, Si Woo",14609,betmgm,-105,0.512195,False,False,RBC Heritage,2026-04-16 01:13:04 UTC
top_20,"Kim, Si Woo",14609,unibet,+110,0.47619,False,False,RBC Heritage,2026-04-16 01:13:04 UTC
top_20,"Kim, Si Woo",14609,pointsbet,+120,0.454545,False,False,RBC Heritage,2026-04-16 01:13:04 UTC
top_20,"Kim, Si Woo",14609,bet365,+105,0.487805,False,True,RBC Heritage,2026-04-16 01:13:04 UTC
top_20,"Kim, Si Woo",14609,pinnacle,+109,0.478469,False,True,RBC Heritage,2026-04-16 01:13:04 UTC
top_20,"Kim, Si Woo",14609,betonline,+100,0.5,False,False,RBC Heritage,2026-04-16 01:13:04 UTC
top_20,"Kim, Si Woo",14609,datagolf,+113,0.469484,True,False,RBC Heritage,2026-04-16 01:13:04 UTC
top_20,"Aberg, Ludvig",23950,bovada,-150,0.6,False,False,RBC Heritage,2026-04-16 01:13:04 UTC
top_20,"Aberg, Ludvig",23950,fanduel,-115,0.534884,False,False,RBC Heritage,2026-04-16 01:13:04 UTC
top_20,"Aberg, Ludvig",23950,draftkings,-120,0.545455,False,False,RBC Heritage,2026-04-16 01:13:04 UTC
top_20,"Aberg, Ludvig",23950,betmgm,-143,0.588477,False,False,RBC Heritage,2026-04-16 01:13:04 UTC
top_20,"Aberg, Ludvig",23950,unibet,-105,0.512195,False,False,RBC Heritage,2026-04-16 01:13:04 UTC
top_20,"Aberg, Ludvig",23950,pointsbet,-105,0.512195,False,False,RBC Heritage,2026-04-16 01:13:04 UTC
top_20,"Aberg, Ludvig",23950,bet365,-115,0.534884,False,True,RBC Heritage,2026-04-16 01:13:04 UTC
top_20,"Aberg, Ludvig",23950,pinnacle,-110,0.52381,False,True,RBC Heritage,2026-04-16 01:13:04 UTC
top_20,"Aberg, Ludvig",23950,betonline,-110,0.52381,False,False,RBC Heritage,2026-04-16 01:13:04 UTC
top_20,"Aberg, Ludvig",23950,datagolf,+132,0.431034,True,False,RBC Heritage,2026-04-16 01:13:04 UTC
top_20,"Cantlay, Patrick",15466,bovada,-160,0.615385,False,False,RBC Heritage,2026-04-16 01:13:04 UTC
top_20,"Cantlay, Patrick",15466,fanduel,-105,0.512195,False,False,RBC Heritage,2026-04-16 01:13:04 UTC
top_20,"Cantlay, Patrick",15466,draftkings,-108,0.519231,False,False,RBC Heritage,2026-04-16 01:13:04 UTC
top_20,"Cantlay, Patrick",15466,betmgm,-149,0.598394,False,False,RBC Heritage,2026-04-16 01:13:04 UTC
top_20,"Cantlay, Patrick",15466,unibet,-118,0.541284,False,False,RBC Heritage,2026-04-16 01:13:04 UTC
top_20,"Cantlay, Patrick",15466,pointsbet,+105,0.487805,False,False,RBC Heritage,2026-04-16 01:13:04 UTC
top_20,"Cantlay, Patrick",15466,bet365,-115,0.534884,False,True,RBC Heritage,2026-04-16 01:13:04 UTC
top_20,"Cantlay, Patrick",15466,pinnacle,-105,0.512195,False,True,RBC Heritage,2026-04-16 01:13:04 UTC
top_20,"Cantlay, Patrick",15466,betonline,-125,0.555556,False,False,RBC Heritage,2026-04-16 01:13:04 UTC
top_20,"Cantlay, Patrick",15466,datagolf,+134,0.42735,True,False,RBC Heritage,2026-04-16 01:13:04 UTC
top_20,"MacIntyre, Robert",23323,bovada,-125,0.555556,False,False,RBC Heritage,2026-04-16 01:13:04 UTC
top_20,"MacIntyre, Robert",23323,fanduel,+140,0.416667,False,False,RBC Heritage,2026-04-16 01:13:04 UTC
top_20,"MacIntyre, Robert",23323,draftkings,+108,0.480769,False,False,RBC Heritage,2026-04-16 01:13:04 UTC
top_20,"MacIntyre, Robert",23323,betmgm,+115,0.465116,False,False,RBC Heritage,2026-04-16 01:13:04 UTC
top_20,"MacIntyre, Robert",23323,unibet,+105,0.487805,False,False,RBC Heritage,2026-04-16 01:13:04 UTC
top_20,"MacIntyre, Robert",23323,pointsbet,+150,0.4,False,False,RBC Heritage,2026-04-16 01:13:04 UTC
top_20,"MacIntyre, Robert",23323,bet365,+120,0.454545,False,True,RBC Heritage,2026-04-16 01:13:04 UTC
top_20,"MacIntyre, Robert",23323,pinnacle,+123,0.44843,False,True,RBC Heritage,2026-04-16 01:13:04 UTC
top_20,"MacIntyre, Robert",23323,betonline,+120,0.454545,False,False,RBC Heritage,2026-04-16 01:13:04 UTC
top_20,"MacIntyre, Robert",23323,datagolf,+136,0.423729,True,False,RBC Heritage,2026-04-16 01:13:04 UTC
top_20,"McNealy, Maverick",18634,bovada,-125,0.555556,False,False,RBC Heritage,2026-04-16 01:13:04 UTC
top_20,"McNealy, Maverick",18634,fanduel,+115,0.465116,False,False,RBC Heritage,2026-04-16 01:13:04 UTC
top_20,"McNealy, Maverick",18634,draftkings,+126,0.442478,False,False,RBC Heritage,2026-04-16 01:13:04 UTC
top_20,"McNealy, Maverick",18634,betmgm,+105,0.487805,False,False,RBC Heritage,2026-04-16 01:13:04 UTC
top_20,"McNealy, Maverick",18634,unibet,+110,0.47619,False,False,RBC Heritage,2026-04-16 01:13:04 UTC
top_20,"McNealy, Maverick",18634,pointsbet,+120,0.454545,False,False,RBC Heritage,2026-04-16 01:13:04 UTC
top_20,"McNealy, Maverick",18634,bet365,+110,0.47619,False,True,RBC Heritage,2026-04-16 01:13:04 UTC
top_20,"McNealy, Maverick",18634,pinnacle,+123,0.44843,False,True,RBC Heritage,2026-04-16 01:13:04 UTC
top_20,"McNealy, Maverick",18634,betonline,+125,0.444444,False,False,RBC Heritage,2026-04-16 01:13:04 UTC
top_20,"McNealy, Maverick",18634,datagolf,+153,0.395257,True,False,RBC Heritage,2026-04-16 01:13:04 UTC
top_20,"Knapp, Jake",19396,bovada,+100,0.5,False,False,RBC Heritage,2026-04-16 01:13:04 UTC
top_20,"Knapp, Jake",19396,fanduel,+160,0.384615,False,False,RBC Heritage,2026-04-16 01:13:04 UTC
top_20,"Knapp, Jake",19396,draftkings,+128,0.438596,False,False,RBC Heritage,2026-04-16 01:13:04 UTC
top_20,"Knapp, Jake",19396,betmgm,+110,0.47619,False,False,RBC Heritage,2026-04-16 01:13:04 UTC
top_20,"Knapp, Jake",19396,unibet,+110,0.47619,False,False,RBC Heritage,2026-04-16 01:13:04 UTC
top_20,"Knapp, Jake",19396,pointsbet,+165,0.377358,False,False,RBC Heritage,2026-04-16 01:13:04 UTC
top_20,"Knapp, Jake",19396,bet365,+120,0.454545,False,True,RBC Heritage,2026-04-16 01:13:04 UTC
top_20,"Knapp, Jake",19396,pinnacle,+135,0.425532,False,True,RBC Heritage,2026-04-16 01:13:04 UTC
top_20,"Knapp, Jake",19396,betonline,+135,0.425532,False,False,RBC Heritage,2026-04-16 01:13:04 UTC
top_20,"Knapp, Jake",19396,datagolf,+182,0.35461,True,False,RBC Heritage,2026-04-16 01:13:04 UTC
top_20,"Bridgeman, Jacob",29433,bovada,+115,0.465116,False,False,RBC Heritage,2026-04-16 01:13:04 UTC
top_20,"Bridgeman, Jacob",29433,fanduel,+170,0.37037,False,False,RBC Heritage,2026-04-16 01:13:04 UTC
top_20,"Bridgeman, Jacob",29433,draftkings,+142,0.413223,False,False,RBC Heritage,2026-04-16 01:13:04 UTC
top_20,"Bridgeman, Jacob",29433,betmgm,+137,0.421941,False,False,RBC Heritage,2026-04-16 01:13:04 UTC
top_20,"Bridgeman, Jacob",29433,unibet,+138,0.420168,False,False,RBC Heritage,2026-04-16 01:13:04 UTC
top_20,"Bridgeman, Jacob",29433,pointsbet,+175,0.363636,False,False,RBC Heritage,2026-04-16 01:13:04 UTC
top_20,"Bridgeman, Jacob",29433,bet365,+150,0.4,False,True,RBC Heritage,2026-04-16 01:13:04 UTC
top_20,"Bridgeman, Jacob",29433,betonline,+150,0.4,False,False,RBC Heritage,2026-04-16 01:13:04 UTC
top_20,"Bridgeman, Jacob",29433,datagolf,+179,0.358423,True,False,RBC Heritage,2026-04-16 01:13:04 UTC
top_20,"Hovland, Viktor",18841,bovada,-115,0.534884,False,False,RBC Heritage,2026-04-16 01:13:04 UTC
top_20,"Hovland, Viktor",18841,fanduel,+140,0.416667,False,False,RBC Heritage,2026-04-16 01:13:04 UTC
top_20,"Hovland, Viktor",18841,draftkings,+118,0.458716,False,False,RBC Heritage,2026-04-16 01:13:04 UTC
top_20,"Hovland, Viktor",18841,betmgm,+110,0.47619,False,False,RBC Heritage,2026-04-16 01:13:04 UTC
top_20,"Hovland, Viktor",18841,unibet,+125,0.444444,False,False,RBC Heritage,2026-04-16 01:13:04 UTC
top_20,"Hovland, Viktor",18841,pointsbet,+150,0.4,False,False,RBC Heritage,2026-04-16 01:13:04 UTC
top_20,"Hovland, Viktor",18841,bet365,+120,0.454545,False,True,RBC Heritage,2026-04-16 01:13:04 UTC
top_20,"Hovland, Viktor",18841,pinnacle,+127,0.440529,False,True,RBC Heritage,2026-04-16 01:13:04 UTC
top_20,"Hovland, Viktor",18841,betonline,+135,0.425532,False,False,RBC Heritage,2026-04-16 01:13:04 UTC
top_20,"Hovland, Viktor",18841,datagolf,+175,0.363636,True,False,RBC Heritage,2026-04-16 01:13:04 UTC
top_20,"Burns, Sam",19483,bovada,-115,0.534884,False,False,RBC Heritage,2026-04-16 01:13:04 UTC
top_20,"Burns, Sam",19483,fanduel,+140,0.416667,False,False,RBC Heritage,2026-04-16 01:13:04 UTC
top_20,"Burns, Sam",19483,draftkings,+124,0.446429,False,False,RBC Heritage,2026-04-16 01:13:04 UTC
top_20,"Burns, Sam",19483,betmgm,+115,0.465116,False,False,RBC Heritage,2026-04-16 01:13:04 UTC
top_20,"Burns, Sam",19483,unibet,+110,0.47619,False,False,RBC Heritage,2026-04-16 01:13:04 UTC
top_20,"Burns, Sam",19483,pointsbet,+150,0.4,False,False,RBC Heritage,2026-04-16 01:13:04 UTC
top_20,"Burns, Sam",19483,bet365,+120,0.454545,False,True,RBC Heritage,2026-04-16 01:13:04 UTC
top_20,"Burns, Sam",19483,pinnacle,+135,0.425532,False,True,RBC Heritage,2026-04-16 01:13:04 UTC
top_20,"Burns, Sam",19483,betonline,+135,0.425532,False,False,RBC Heritage,2026-04-16 01:13:04 UTC
top_20,"Burns, Sam",19483,datagolf,+185,0.350877,True,False,RBC Heritage,2026-04-16 01:13:04 UTC
top_20,"Lee, Min Woo",16841,bovada,+130,0.434783,False,False,RBC Heritage,2026-04-16 01:13:04 UTC
top_20,"Lee, Min Woo",16841,fanduel,+175,0.363636,False,False,RBC Heritage,2026-04-16 01:13:04 UTC
top_20,"Lee, Min Woo",16841,draftkings,+160,0.384615,False,False,RBC Heritage,2026-04-16 01:13:04 UTC
top_20,"Lee, Min Woo",16841,betmgm,+160,0.384615,False,False,RBC Heritage,2026-04-16 01:13:04 UTC
top_20,"Lee, Min Woo",16841,unibet,+180,0.357143,False,False,RBC Heritage,2026-04-16 01:13:04 UTC
top_20,"Lee, Min Woo",16841,pointsbet,+175,0.363636,False,False,RBC Heritage,2026-04-16 01:13:04 UTC
top_20,"Lee, Min Woo",16841,bet365,+170,0.37037,False,True,RBC Heritage,2026-04-16 01:13:04 UTC
top_20,"Lee, Min Woo",16841,betonline,+165,0.377358,False,False,RBC Heritage,2026-04-16 01:13:04 UTC
top_20,"Lee, Min Woo",16841,datagolf,+192,0.342466,True,False,RBC Heritage,2026-04-16 01:13:04 UTC
top_20,"Noren, Alex",10419,bovada,+150,0.4,False,False,RBC Heritage,2026-04-16 01:13:04 UTC
top_20,"Noren, Alex",10419,fanduel,+175,0.363636,False,False,RBC Heritage,2026-04-16 01:13:04 UTC
top_20,"Noren, Alex",10419,draftkings,+174,0.364964,False,False,RBC Heritage,2026-04-16 01:13:04 UTC
top_20,"Noren, Alex",10419,betmgm,+160,0.384615,False,False,RBC Heritage,2026-04-16 01:13:04 UTC
top_20,"Noren, Alex",10419,unibet,+200,0.333333,False,False,RBC Heritage,2026-04-16 01:13:04 UTC
top_20,"Noren, Alex",10419,pointsbet,+175,0.363636,False,False,RBC Heritage,2026-04-16 01:13:04 UTC
top_20,"Noren, Alex",10419,bet365,+170,0.37037,False,True,RBC Heritage,2026-04-16 01:13:04 UTC
top_20,"Noren, Alex",10419,betonline,+175,0.363636,False,False,RBC Heritage,2026-04-16 01:13:04 UTC
top_20,"Noren, Alex",10419,datagolf,+186,0.34965,True,False,RBC Heritage,2026-04-16 01:13:04 UTC
top_20,"Spieth, Jordan",14636,bovada,-160,0.615385,False,False,RBC Heritage,2026-04-16 01:13:04 UTC
top_20,"Spieth, Jordan",14636,fanduel,+115,0.465116,False,False,RBC Heritage,2026-04-16 01:13:04 UTC
top_20,"Spieth, Jordan",14636,draftkings,+108,0.480769,False,False,RBC Heritage,2026-04-16 01:13:04 UTC
top_20,"Spieth, Jordan",14636,betmgm,-110,0.52381,False,False,RBC Heritage,2026-04-16 01:13:04 UTC
top_20,"Spieth, Jordan",14636,unibet,+110,0.47619,False,False,RBC Heritage,2026-04-16 01:13:04 UTC
top_20,"Spieth, Jordan",14636,pointsbet,+120,0.454545,False,False,RBC Heritage,2026-04-16 01:13:04 UTC
top_20,"Spieth, Jordan",14636,bet365,+100,0.5,False,True,RBC Heritage,2026-04-16 01:13:04 UTC
top_20,"Spieth, Jordan",14636,pinnacle,+143,0.411523,False,True,RBC Heritage,2026-04-16 01:13:04 UTC
top_20,"Spieth, Jordan",14636,betonline,+135,0.425532,False,False,RBC Heritage,2026-04-16 01:13:04 UTC
top_20,"Spieth, Jordan",14636,datagolf,+209,0.323625,True,False,RBC Heritage,2026-04-16 01:13:04 UTC
top_20,"Spaun, J.J.",17536,bovada,+130,0.434783,False,False,RBC Heritage,2026-04-16 01:13:04 UTC
top_20,"Spaun, J.J.",17536,fanduel,+185,0.350877,False,False,RBC Heritage,2026-04-16 01:13:04 UTC
top_20,"Spaun, J.J.",17536,draftkings,+162,0.381679,False,False,RBC Heritage,2026-04-16 01:13:04 UTC
top_20,"Spaun, J.J.",17536,betmgm,+160,0.384615,False,False,RBC Heritage,2026-04-16 01:13:04 UTC
top_20,"Spaun, J.J.",17536,unibet,+180,0.357143,False,False,RBC Heritage,2026-04-16 01:13:04 UTC
top_20,"Spaun, J.J.",17536,pointsbet,+190,0.344828,False,False,RBC Heritage,2026-04-16 01:13:04 UTC
top_20,"Spaun, J.J.",17536,bet365,+150,0.4,False,True,RBC Heritage,2026-04-16 01:13:04 UTC
top_20,"Spaun, J.J.",17536,betonline,+185,0.350877,False,False,RBC Heritage,2026-04-16 01:13:04 UTC
top_20,"Spaun, J.J.",17536,datagolf,+200,0.333333,True,False,RBC Heritage,2026-04-16 01:13:04 UTC
top_20,"English, Harris",14577,bovada,+150,0.4,False,False,RBC Heritage,2026-04-16 01:13:04 UTC
top_20,"English, Harris",14577,fanduel,+220,0.3125,False,False,RBC Heritage,2026-04-16 01:13:04 UTC
top_20,"English, Harris",14577,draftkings,+168,0.373134,False,False,RBC Heritage,2026-04-16 01:13:04 UTC
top_20,"English, Harris",14577,betmgm,+180,0.357143,False,False,RBC Heritage,2026-04-16 01:13:04 UTC
top_20,"English, Harris",14577,unibet,+160,0.384615,False,False,RBC Heritage,2026-04-16 01:13:04 UTC
top_20,"English, Harris",14577,pointsbet,+220,0.3125,False,False,RBC Heritage,2026-04-16 01:13:04 UTC
top_20,"English, Harris",14577,bet365,+170,0.37037,False,True,RBC Heritage,2026-04-16 01:13:04 UTC
top_20,"English, Harris",14577,betonline,+185,0.350877,False,False,RBC Heritage,2026-04-16 01:13:04 UTC
top_20,"English, Harris",14577,datagolf,+206,0.326797,True,False,RBC Heritage,2026-04-16 01:13:04 UTC
top_20,"Day, Jason",9771,bovada,+125,0.444444,False,False,RBC Heritage,2026-04-16 01:13:04 UTC
top_20,"Day, Jason",9771,fanduel,+195,0.338983,False,False,RBC Heritage,2026-04-16 01:13:04 UTC
top_20,"Day, Jason",9771,draftkings,+152,0.396825,False,False,RBC Heritage,2026-04-16 01:13:04 UTC
top_20,"Day, Jason",9771,betmgm,+150,0.4,False,False,RBC Heritage,2026-04-16 01:13:04 UTC
top_20,"Day, Jason",9771,unibet,+138,0.420168,False,False,RBC Heritage,2026-04-16 01:13:04 UTC
top_20,"Day, Jason",9771,pointsbet,+200,0.333333,False,False,RBC Heritage,2026-04-16 01:13:04 UTC
top_20,"Day, Jason",9771,bet365,+150,0.4,False,True,RBC Heritage,2026-04-16 01:13:04 UTC
top_20,"Day, Jason",9771,betonline,+200,0.333333,False,False,RBC Heritage,2026-04-16 01:13:04 UTC
top_20,"Day, Jason",9771,datagolf,+222,0.310559,True,False,RBC Heritage,2026-04-16 01:13:04 UTC
top_20,"Gerard, Ryan",29767,bovada,+170,0.37037,False,False,RBC Heritage,2026-04-16 01:13:04 UTC
top_20,"Gerard, Ryan",29767,fanduel,+230,0.30303,False,False,RBC Heritage,2026-04-16 01:13:04 UTC
top_20,"Gerard, Ryan",29767,draftkings,+196,0.337838,False,False,RBC Heritage,2026-04-16 01:13:04 UTC
top_20,"Gerard, Ryan",29767,betmgm,+200,0.333333,False,False,RBC Heritage,2026-04-16 01:13:04 UTC
top_20,"Gerard, Ryan",29767,unibet,+200,0.333333,False,False,RBC Heritage,2026-04-16 01:13:04 UTC
top_20,"Gerard, Ryan",29767,pointsbet,+230,0.30303,False,False,RBC Heritage,2026-04-16 01:13:04 UTC
top_20,"Gerard, Ryan",29767,bet365,+200,0.333333,False,True,RBC Heritage,2026-04-16 01:13:04 UTC
top_20,"Gerard, Ryan",29767,betonline,+210,0.322581,False,False,RBC Heritage,2026-04-16 01:13:04 UTC
top_20,"Gerard, Ryan",29767,datagolf,+224,0.308642,True,False,RBC Heritage,2026-04-16 01:13:04 UTC
top_20,"Griffin, Ben",24968,bovada,+130,0.434783,False,False,RBC Heritage,2026-04-16 01:13:04 UTC
top_20,"Griffin, Ben",24968,fanduel,+230,0.30303,False,False,RBC Heritage,2026-04-16 01:13:04 UTC
top_20,"Griffin, Ben",24968,draftkings,+158,0.387597,False,False,RBC Heritage,2026-04-16 01:13:04 UTC
top_20,"Griffin, Ben",24968,betmgm,+160,0.384615,False,False,RBC Heritage,2026-04-16 01:13:04 UTC
top_20,"Griffin, Ben",24968,unibet,+140,0.416667,False,False,RBC Heritage,2026-04-16 01:13:04 UTC
top_20,"Griffin, Ben",24968,pointsbet,+230,0.30303,False,False,RBC Heritage,2026-04-16 01:13:04 UTC
top_20,"Griffin, Ben",24968,bet365,+160,0.384615,False,True,RBC Heritage,2026-04-16 01:13:04 UTC
top_20,"Griffin, Ben",24968,betonline,+185,0.350877,False,False,RBC Heritage,2026-04-16 01:13:04 UTC
top_20,"Griffin, Ben",24968,datagolf,+223,0.309598,True,False,RBC Heritage,2026-04-16 01:13:04 UTC
top_20,"Straka, Sepp",17511,bovada,+100,0.5,False,False,RBC Heritage,2026-04-16 01:13:04 UTC
top_20,"Straka, Sepp",17511,fanduel,+160,0.384615,False,False,RBC Heritage,2026-04-16 01:13:04 UTC
top_20,"Straka, Sepp",17511,draftkings,+144,0.409836,False,False,RBC Heritage,2026-04-16 01:13:04 UTC
top_20,"Straka, Sepp",17511,betmgm,+130,0.434783,False,False,RBC Heritage,2026-04-16 01:13:04 UTC
top_20,"Straka, Sepp",17511,unibet,+138,0.420168,False,False,RBC Heritage,2026-04-16 01:13:04 UTC
top_20,"Straka, Sepp",17511,pointsbet,+165,0.377358,False,False,RBC Heritage,2026-04-16 01:13:04 UTC
top_20,"Straka, Sepp",17511,bet365,+120,0.454545,False,True,RBC Heritage,2026-04-16 01:13:04 UTC
top_20,"Straka, Sepp",17511,betonline,+185,0.350877,False,False,RBC Heritage,2026-04-16 01:13:04 UTC
top_20,"Straka, Sepp",17511,datagolf,+242,0.292398,True,False,RBC Heritage,2026-04-16 01:13:04 UTC
top_20,"Thomas, Justin",14139,bovada,+105,0.487805,False,False,RBC Heritage,2026-04-16 01:13:04 UTC
top_20,"Thomas, Justin",14139,fanduel,+190,0.344828,False,False,RBC Heritage,2026-04-16 01:13:04 UTC
top_20,"Thomas, Justin",14139,draftkings,+146,0.406504,False,False,RBC Heritage,2026-04-16 01:13:04 UTC
top_20,"Thomas, Justin",14139,betmgm,+125,0.444444,False,False,RBC Heritage,2026-04-16 01:13:04 UTC
top_20,"Thomas, Justin",14139,unibet,+110,0.47619,False,False,RBC Heritage,2026-04-16 01:13:04 UTC
top_20,"Thomas, Justin",14139,pointsbet,+190,0.344828,False,False,RBC Heritage,2026-04-16 01:13:04 UTC
top_20,"Thomas, Justin",14139,bet365,+140,0.416667,False,True,RBC Heritage,2026-04-16 01:13:04 UTC
top_20,"Thomas, Justin",14139,betonline,+150,0.4,False,False,RBC Heritage,2026-04-16 01:13:04 UTC
top_20,"Thomas, Justin",14139,datagolf,+252,0.284091,True,False,RBC Heritage,2026-04-16 01:13:04 UTC
top_20,"Bhatia, Akshay",26096,bovada,+125,0.444444,False,False,RBC Heritage,2026-04-16 01:13:04 UTC
top_20,"Bhatia, Akshay",26096,fanduel,+185,0.350877,False,False,RBC Heritage,2026-04-16 01:13:04 UTC
top_20,"Bhatia, Akshay",26096,draftkings,+176,0.362319,False,False,RBC Heritage,2026-04-16 01:13:04 UTC
top_20,"Bhatia, Akshay",26096,betmgm,+160,0.384615,False,False,RBC Heritage,2026-04-16 01:13:04 UTC
top_20,"Bhatia, Akshay",26096,unibet,+180,0.357143,False,False,RBC Heritage,2026-04-16 01:13:04 UTC
top_20,"Bhatia, Akshay",26096,pointsbet,+190,0.344828,False,False,RBC Heritage,2026-04-16 01:13:04 UTC
top_20,"Bhatia, Akshay",26096,bet365,+160,0.384615,False,True,RBC Heritage,2026-04-16 01:13:04 UTC
top_20,"Bhatia, Akshay",26096,betonline,+185,0.350877,False,False,RBC Heritage,2026-04-16 01:13:04 UTC
top_20,"Bhatia, Akshay",26096,datagolf,+232,0.301205,True,False,RBC Heritage,2026-04-16 01:13:04 UTC
top_20,"Stevens, Sam",25569,bovada,+190,0.344828,False,False,RBC Heritage,2026-04-16 01:13:04 UTC
top_20,"Stevens, Sam",25569,fanduel,+230,0.30303,False,False,RBC Heritage,2026-04-16 01:13:04 UTC
top_20,"Stevens, Sam",25569,draftkings,+205,0.327869,False,False,RBC Heritage,2026-04-16 01:13:04 UTC
top_20,"Stevens, Sam",25569,betmgm,+230,0.30303,False,False,RBC Heritage,2026-04-16 01:13:04 UTC
top_20,"Stevens, Sam",25569,unibet,+200,0.333333,False,False,RBC Heritage,2026-04-16 01:13:04 UTC
top_20,"Stevens, Sam",25569,pointsbet,+230,0.30303,False,False,RBC Heritage,2026-04-16 01:13:04 UTC
top_20,"Stevens, Sam",25569,bet365,+220,0.3125,False,True,RBC Heritage,2026-04-16 01:13:04 UTC
top_20,"Stevens, Sam",25569,betonline,+225,0.307692,False,False,RBC Heritage,2026-04-16 01:13:04 UTC
top_20,"Stevens, Sam",25569,datagolf,+244,0.290698,True,False,RBC Heritage,2026-04-16 01:13:04 UTC
top_20,"Gotterup, Chris",27774,bovada,+115,0.465116,False,False,RBC Heritage,2026-04-16 01:13:04 UTC
top_20,"Gotterup, Chris",27774,fanduel,+210,0.322581,False,False,RBC Heritage,2026-04-16 01:13:04 UTC
top_20,"Gotterup, Chris",27774,draftkings,+164,0.378788,False,False,RBC Heritage,2026-04-16 01:13:04 UTC
top_20,"Gotterup, Chris",27774,betmgm,+140,0.416667,False,False,RBC Heritage,2026-04-16 01:13:04 UTC
top_20,"Gotterup, Chris",27774,unibet,+138,0.420168,False,False,RBC Heritage,2026-04-16 01:13:04 UTC
top_20,"Gotterup, Chris",27774,pointsbet,+210,0.322581,False,False,RBC Heritage,2026-04-16 01:13:04 UTC
top_20,"Gotterup, Chris",27774,bet365,+150,0.4,False,True,RBC Heritage,2026-04-16 01:13:04 UTC
top_20,"Gotterup, Chris",27774,betonline,+185,0.350877,False,False,RBC Heritage,2026-04-16 01:13:04 UTC
top_20,"Gotterup, Chris",27774,datagolf,+284,0.260417,True,False,RBC Heritage,2026-04-16 01:13:04 UTC
top_20,"Lowry, Shane",13900,bovada,+115,0.465116,False,False,RBC Heritage,2026-04-16 01:13:04 UTC
top_20,"Lowry, Shane",13900,fanduel,+195,0.338983,False,False,RBC Heritage,2026-04-16 01:13:04 UTC
top_20,"Lowry, Shane",13900,draftkings,+156,0.390625,False,False,RBC Heritage,2026-04-16 01:13:04 UTC
top_20,"Lowry, Shane",13900,betmgm,+137,0.421941,False,False,RBC Heritage,2026-04-16 01:13:04 UTC
top_20,"Lowry, Shane",13900,unibet,+125,0.444444,False,False,RBC Heritage,2026-04-16 01:13:04 UTC
top_20,"Lowry, Shane",13900,pointsbet,+200,0.333333,False,False,RBC Heritage,2026-04-16 01:13:04 UTC
top_20,"Lowry, Shane",13900,bet365,+150,0.4,False,True,RBC Heritage,2026-04-16 01:13:04 UTC
top_20,"Lowry, Shane",13900,betonline,+165,0.377358,False,False,RBC Heritage,2026-04-16 01:13:04 UTC
top_20,"Lowry, Shane",13900,datagolf,+250,0.285714,True,False,RBC Heritage,2026-04-16 01:13:04 UTC
top_20,"Hisatsune, Ryo",22760,bovada,+125,0.444444,False,False,RBC Heritage,2026-04-16 01:13:04 UTC
top_20,"Hisatsune, Ryo",22760,fanduel,+210,0.322581,False,False,RBC Heritage,2026-04-16 01:13:04 UTC
top_20,"Hisatsune, Ryo",22760,draftkings,+225,0.307692,False,False,RBC Heritage,2026-04-16 01:13:04 UTC
top_20,"Hisatsune, Ryo",22760,betmgm,+160,0.384615,False,False,RBC Heritage,2026-04-16 01:13:04 UTC
top_20,"Hisatsune, Ryo",22760,unibet,+170,0.37037,False,False,RBC Heritage,2026-04-16 01:13:04 UTC
top_20,"Hisatsune, Ryo",22760,pointsbet,+210,0.322581,False,False,RBC Heritage,2026-04-16 01:13:04 UTC
top_20,"Hisatsune, Ryo",22760,bet365,+160,0.384615,False,True,RBC Heritage,2026-04-16 01:13:04 UTC
top_20,"Hisatsune, Ryo",22760,betonline,+200,0.333333,False,False,RBC Heritage,2026-04-16 01:13:04 UTC
top_20,"Hisatsune, Ryo",22760,datagolf,+264,0.274725,True,False,RBC Heritage,2026-04-16 01:13:04 UTC
top_20,"Hojgaard, Nicolai",23602,bovada,+170,0.37037,False,False,RBC Heritage,2026-04-16 01:13:04 UTC
top_20,"Hojgaard, Nicolai",23602,fanduel,+270,0.27027,False,False,RBC Heritage,2026-04-16 01:13:04 UTC
top_20,"Hojgaard, Nicolai",23602,draftkings,+230,0.30303,False,False,RBC Heritage,2026-04-16 01:13:04 UTC
top_20,"Hojgaard, Nicolai",23602,betmgm,+225,0.307692,False,False,RBC Heritage,2026-04-16 01:13:04 UTC
top_20,"Hojgaard, Nicolai",23602,unibet,+200,0.333333,False,False,RBC Heritage,2026-04-16 01:13:04 UTC
top_20,"Hojgaard, Nicolai",23602,pointsbet,+260,0.277778,False,False,RBC Heritage,2026-04-16 01:13:04 UTC
top_20,"Hojgaard, Nicolai",23602,bet365,+220,0.3125,False,True,RBC Heritage,2026-04-16 01:13:04 UTC
top_20,"Hojgaard, Nicolai",23602,betonline,+235,0.298507,False,False,RBC Heritage,2026-04-16 01:13:04 UTC
top_20,"Hojgaard, Nicolai",23602,datagolf,+313,0.242131,True,False,RBC Heritage,2026-04-16 01:13:04 UTC
top_20,"Fowler, Rickie",12965,bovada,+170,0.37037,False,False,RBC Heritage,2026-04-16 01:13:04 UTC
top_20,"Fowler, Rickie",12965,fanduel,+270,0.27027,False,False,RBC Heritage,2026-04-16 01:13:04 UTC
top_20,"Fowler, Rickie",12965,draftkings,+172,0.367647,False,False,RBC Heritage,2026-04-16 01:13:04 UTC
top_20,"Fowler, Rickie",12965,betmgm,+200,0.333333,False,False,RBC Heritage,2026-04-16 01:13:04 UTC
top_20,"Fowler, Rickie",12965,unibet,+170,0.37037,False,False,RBC Heritage,2026-04-16 01:13:04 UTC
top_20,"Fowler, Rickie",12965,pointsbet,+280,0.263158,False,False,RBC Heritage,2026-04-16 01:13:04 UTC
top_20,"Fowler, Rickie",12965,bet365,+200,0.333333,False,True,RBC Heritage,2026-04-16 01:13:04 UTC
top_20,"Fowler, Rickie",12965,betonline,+225,0.307692,False,False,RBC Heritage,2026-04-16 01:13:04 UTC
top_20,"Fowler, Rickie",12965,datagolf,+295,0.253165,True,False,RBC Heritage,2026-04-16 01:13:04 UTC
top_20,"Bradley, Keegan",13872,bovada,+200,0.333333,False,False,RBC Heritage,2026-04-16 01:13:04 UTC
top_20,"Bradley, Keegan",13872,fanduel,+300,0.25,False,False,RBC Heritage,2026-04-16 01:13:04 UTC
top_20,"Bradley, Keegan",13872,draftkings,+230,0.30303,False,False,RBC Heritage,2026-04-16 01:13:04 UTC
top_20,"Bradley, Keegan",13872,betmgm,+250,0.285714,False,False,RBC Heritage,2026-04-16 01:13:04 UTC
top_20,"Bradley, Keegan",13872,unibet,+240,0.294118,False,False,RBC Heritage,2026-04-16 01:13:04 UTC
top_20,"Bradley, Keegan",13872,pointsbet,+300,0.25,False,False,RBC Heritage,2026-04-16 01:13:04 UTC
top_20,"Bradley, Keegan",13872,bet365,+240,0.294118,False,True,RBC Heritage,2026-04-16 01:13:04 UTC
top_20,"Bradley, Keegan",13872,betonline,+250,0.285714,False,False,RBC Heritage,2026-04-16 01:13:04 UTC
top_20,"Bradley, Keegan",13872,datagolf,+300,0.25,True,False,RBC Heritage,2026-04-16 01:13:04 UTC
top_20,"Conners, Corey",17576,bovada,+170,0.37037,False,False,RBC Heritage,2026-04-16 01:13:04 UTC
top_20,"Conners, Corey",17576,fanduel,+280,0.263158,False,False,RBC Heritage,2026-04-16 01:13:04 UTC
top_20,"Conners, Corey",17576,draftkings,+220,0.3125,False,False,RBC Heritage,2026-04-16 01:13:04 UTC
top_20,"Conners, Corey",17576,betmgm,+220,0.3125,False,False,RBC Heritage,2026-04-16 01:13:04 UTC
top_20,"Conners, Corey",17576,unibet,+240,0.294118,False,False,RBC Heritage,2026-04-16 01:13:04 UTC
top_20,"Conners, Corey",17576,pointsbet,+280,0.263158,False,False,RBC Heritage,2026-04-16 01:13:04 UTC
top_20,"Conners, Corey",17576,bet365,+220,0.3125,False,True,RBC Heritage,2026-04-16 01:13:04 UTC
top_20,"Conners, Corey",17576,betonline,+250,0.285714,False,False,RBC Heritage,2026-04-16 01:13:04 UTC
top_20,"Conners, Corey",17576,datagolf,+299,0.250627,True,False,RBC Heritage,2026-04-16 01:13:04 UTC
top_20,"Poston, J.T.",21554,bovada,+150,0.4,False,False,RBC Heritage,2026-04-16 01:13:04 UTC
top_20,"Poston, J.T.",21554,fanduel,+250,0.285714,False,False,RBC Heritage,2026-04-16 01:13:04 UTC
top_20,"Poston, J.T.",21554,draftkings,+220,0.3125,False,False,RBC Heritage,2026-04-16 01:13:04 UTC
top_20,"Poston, J.T.",21554,betmgm,+180,0.357143,False,False,RBC Heritage,2026-04-16 01:13:04 UTC
top_20,"Poston, J.T.",21554,unibet,+170,0.37037,False,False,RBC Heritage,2026-04-16 01:13:04 UTC
top_20,"Poston, J.T.",21554,pointsbet,+250,0.285714,False,False,RBC Heritage,2026-04-16 01:13:04 UTC
top_20,"Poston, J.T.",21554,bet365,+170,0.37037,False,True,RBC Heritage,2026-04-16 01:13:04 UTC
top_20,"Poston, J.T.",21554,betonline,+265,0.273973,False,False,RBC Heritage,2026-04-16 01:13:04 UTC
top_20,"Poston, J.T.",21554,datagolf,+285,0.25974,True,False,RBC Heritage,2026-04-16 01:13:04 UTC
top_20,"Kitayama, Kurt",21891,bovada,+190,0.344828,False,False,RBC Heritage,2026-04-16 01:13:04 UTC
top_20,"Kitayama, Kurt",21891,fanduel,+300,0.25,False,False,RBC Heritage,2026-04-16 01:13:04 UTC
top_20,"Kitayama, Kurt",21891,draftkings,+235,0.298507,False,False,RBC Heritage,2026-04-16 01:13:04 UTC
top_20,"Kitayama, Kurt",21891,betmgm,+230,0.30303,False,False,RBC Heritage,2026-04-16 01:13:04 UTC
top_20,"Kitayama, Kurt",21891,unibet,+220,0.3125,False,False,RBC Heritage,2026-04-16 01:13:04 UTC
top_20,"Kitayama, Kurt",21891,pointsbet,+300,0.25,False,False,RBC Heritage,2026-04-16 01:13:04 UTC
top_20,"Kitayama, Kurt",21891,bet365,+220,0.3125,False,True,RBC Heritage,2026-04-16 01:13:04 UTC
top_20,"Kitayama, Kurt",21891,betonline,+275,0.266667,False,False,RBC Heritage,2026-04-16 01:13:04 UTC
top_20,"Kitayama, Kurt",21891,datagolf,+321,0.23753,True,False,RBC Heritage,2026-04-16 01:13:04 UTC
top_20,"McCarty, Matt",28635,bovada,+290,0.25641,False,False,RBC Heritage,2026-04-16 01:13:04 UTC
top_20,"McCarty, Matt",28635,fanduel,+340,0.227273,False,False,RBC Heritage,2026-04-16 01:13:04 UTC
top_20,"McCarty, Matt",28635,draftkings,+315,0.240964,False,False,RBC Heritage,2026-04-16 01:13:04 UTC
top_20,"McCarty, Matt",28635,betmgm,+333,0.230947,False,False,RBC Heritage,2026-04-16 01:13:04 UTC
top_20,"McCarty, Matt",28635,unibet,+275,0.266667,False,False,RBC Heritage,2026-04-16 01:13:04 UTC
top_20,"McCarty, Matt",28635,pointsbet,+330,0.232558,False,False,RBC Heritage,2026-04-16 01:13:04 UTC
top_20,"McCarty, Matt",28635,bet365,+300,0.25,False,True,RBC Heritage,2026-04-16 01:13:04 UTC
top_20,"McCarty, Matt",28635,betonline,+325,0.235294,False,False,RBC Heritage,2026-04-16 01:13:04 UTC
top_20,"McCarty, Matt",28635,datagolf,+342,0.226244,True,False,RBC Heritage,2026-04-16 01:13:04 UTC
top_20,"Clark, Wyndham",23604,bovada,+190,0.344828,False,False,RBC Heritage,2026-04-16 01:13:04 UTC
top_20,"Clark, Wyndham",23604,fanduel,+300,0.25,False,False,RBC Heritage,2026-04-16 01:13:04 UTC
top_20,"Clark, Wyndham",23604,draftkings,+290,0.25641,False,False,RBC Heritage,2026-04-16 01:13:04 UTC
top_20,"Clark, Wyndham",23604,betmgm,+240,0.294118,False,False,RBC Heritage,2026-04-16 01:13:04 UTC
top_20,"Clark, Wyndham",23604,unibet,+200,0.333333,False,False,RBC Heritage,2026-04-16 01:13:04 UTC
top_20,"Clark, Wyndham",23604,pointsbet,+300,0.25,False,False,RBC Heritage,2026-04-16 01:13:04 UTC
top_20,"Clark, Wyndham",23604,bet365,+220,0.3125,False,True,RBC Heritage,2026-04-16 01:13:04 UTC
top_20,"Clark, Wyndham",23604,betonline,+275,0.266667,False,False,RBC Heritage,2026-04-16 01:13:04 UTC
top_20,"Clark, Wyndham",23604,datagolf,+351,0.221729,True,False,RBC Heritage,2026-04-16 01:13:04 UTC
top_20,"Thorbjornsen, Michael",26649,bovada,+190,0.344828,False,False,RBC Heritage,2026-04-16 01:13:04 UTC
top_20,"Thorbjornsen, Michael",26649,fanduel,+340,0.227273,False,False,RBC Heritage,2026-04-16 01:13:04 UTC
top_20,"Thorbjornsen, Michael",26649,draftkings,+220,0.3125,False,False,RBC Heritage,2026-04-16 01:13:04 UTC
top_20,"Thorbjornsen, Michael",26649,betmgm,+240,0.294118,False,False,RBC Heritage,2026-04-16 01:13:04 UTC
top_20,"Thorbjornsen, Michael",26649,pointsbet,+330,0.232558,False,False,RBC Heritage,2026-04-16 01:13:04 UTC
top_20,"Thorbjornsen, Michael",26649,betonline,+250,0.285714,False,False,RBC Heritage,2026-04-16 01:13:04 UTC
top_20,"Thorbjornsen, Michael",26649,datagolf,+359,0.217865,True,False,RBC Heritage,2026-04-16 01:13:04 UTC
top_20,"Theegala, Sahith",23014,bovada,+130,0.434783,False,False,RBC Heritage,2026-04-16 01:13:04 UTC
top_20,"Theegala, Sahith",23014,fanduel,+230,0.30303,False,False,RBC Heritage,2026-04-16 01:13:04 UTC
top_20,"Theegala, Sahith",23014,draftkings,+210,0.322581,False,False,RBC Heritage,2026-04-16 01:13:04 UTC
top_20,"Theegala, Sahith",23014,betmgm,+180,0.357143,False,False,RBC Heritage,2026-04-16 01:13:04 UTC
top_20,"Theegala, Sahith",23014,unibet,+200,0.333333,False,False,RBC Heritage,2026-04-16 01:13:04 UTC
top_20,"Theegala, Sahith",23014,pointsbet,+230,0.30303,False,False,RBC Heritage,2026-04-16 01:13:04 UTC
top_20,"Theegala, Sahith",23014,bet365,+170,0.37037,False,True,RBC Heritage,2026-04-16 01:13:04 UTC
top_20,"Theegala, Sahith",23014,betonline,+250,0.285714,False,False,RBC Heritage,2026-04-16 01:13:04 UTC
top_20,"Theegala, Sahith",23014,datagolf,+349,0.222717,True,False,RBC Heritage,2026-04-16 01:13:04 UTC
top_20,"Taylor, Nick",13126,bovada,+250,0.285714,False,False,RBC Heritage,2026-04-16 01:13:04 UTC
top_20,"Taylor, Nick",13126,fanduel,+280,0.263158,False,False,RBC Heritage,2026-04-16 01:13:04 UTC
top_20,"Taylor, Nick",13126,draftkings,+215,0.31746,False,False,RBC Heritage,2026-04-16 01:13:04 UTC
top_20,"Taylor, Nick",13126,betmgm,+275,0.266667,False,False,RBC Heritage,2026-04-16 01:13:04 UTC
top_20,"Taylor, Nick",13126,unibet,+220,0.3125,False,False,RBC Heritage,2026-04-16 01:13:04 UTC
top_20,"Taylor, Nick",13126,pointsbet,+280,0.263158,False,False,RBC Heritage,2026-04-16 01:13:04 UTC
top_20,"Taylor, Nick",13126,bet365,+260,0.277778,False,True,RBC Heritage,2026-04-16 01:13:04 UTC
top_20,"Taylor, Nick",13126,betonline,+275,0.266667,False,False,RBC Heritage,2026-04-16 01:13:04 UTC
top_20,"Taylor, Nick",13126,datagolf,+293,0.254453,True,False,RBC Heritage,2026-04-16 01:13:04 UTC
top_20,"Berger, Daniel",17606,bovada,+130,0.434783,False,False,RBC Heritage,2026-04-16 01:13:04 UTC
top_20,"Berger, Daniel",17606,fanduel,+210,0.322581,False,False,RBC Heritage,2026-04-16 01:13:04 UTC
top_20,"Berger, Daniel",17606,draftkings,+220,0.3125,False,False,RBC Heritage,2026-04-16 01:13:04 UTC
top_20,"Berger, Daniel",17606,betmgm,+200,0.333333,False,False,RBC Heritage,2026-04-16 01:13:04 UTC
top_20,"Berger, Daniel",17606,unibet,+200,0.333333,False,False,RBC Heritage,2026-04-16 01:13:04 UTC
top_20,"Berger, Daniel",17606,pointsbet,+210,0.322581,False,False,RBC Heritage,2026-04-16 01:13:04 UTC
top_20,"Berger, Daniel",17606,bet365,+160,0.384615,False,True,RBC Heritage,2026-04-16 01:13:04 UTC
top_20,"Berger, Daniel",17606,betonline,+275,0.266667,False,False,RBC Heritage,2026-04-16 01:13:04 UTC
top_20,"Berger, Daniel",17606,datagolf,+339,0.22779,True,False,RBC Heritage,2026-04-16 01:13:04 UTC
top_20,"Im, Sungjae",17488,bovada,+190,0.344828,False,False,RBC Heritage,2026-04-16 01:13:04 UTC
top_20,"Im, Sungjae",17488,fanduel,+230,0.30303,False,False,RBC Heritage,2026-04-16 01:13:04 UTC
top_20,"Im, Sungjae",17488,draftkings,+235,0.298507,False,False,RBC Heritage,2026-04-16 01:13:04 UTC
top_20,"Im, Sungjae",17488,betmgm,+225,0.307692,False,False,RBC Heritage,2026-04-16 01:13:04 UTC
top_20,"Im, Sungjae",17488,unibet,+275,0.266667,False,False,RBC Heritage,2026-04-16 01:13:04 UTC
top_20,"Im, Sungjae",17488,pointsbet,+230,0.30303,False,False,RBC Heritage,2026-04-16 01:13:04 UTC
top_20,"Im, Sungjae",17488,bet365,+240,0.294118,False,True,RBC Heritage,2026-04-16 01:13:04 UTC
top_20,"Im, Sungjae",17488,betonline,+275,0.266667,False,False,RBC Heritage,2026-04-16 01:13:04 UTC
top_20,"Im, Sungjae",17488,datagolf,+333,0.230947,True,False,RBC Heritage,2026-04-16 01:13:04 UTC
top_20,"Harman, Brian",8825,bovada,+130,0.434783,False,False,RBC Heritage,2026-04-16 01:13:04 UTC
top_20,"Harman, Brian",8825,fanduel,+230,0.30303,False,False,RBC Heritage,2026-04-16 01:13:04 UTC
top_20,"Harman, Brian",8825,draftkings,+198,0.33557,False,False,RBC Heritage,2026-04-16 01:13:04 UTC
top_20,"Harman, Brian",8825,betmgm,+175,0.363636,False,False,RBC Heritage,2026-04-16 01:13:04 UTC
top_20,"Harman, Brian",8825,unibet,+220,0.3125,False,False,RBC Heritage,2026-04-16 01:13:04 UTC
top_20,"Harman, Brian",8825,pointsbet,+230,0.30303,False,False,RBC Heritage,2026-04-16 01:13:04 UTC
top_20,"Harman, Brian",8825,bet365,+170,0.37037,False,True,RBC Heritage,2026-04-16 01:13:04 UTC
top_20,"Harman, Brian",8825,betonline,+225,0.307692,False,False,RBC Heritage,2026-04-16 01:13:04 UTC
top_20,"Harman, Brian",8825,datagolf,+322,0.236967,True,False,RBC Heritage,2026-04-16 01:13:04 UTC
top_20,"Hall, Harry",27194,bovada,+200,0.333333,False,False,RBC Heritage,2026-04-16 01:13:04 UTC
top_20,"Hall, Harry",27194,fanduel,+300,0.25,False,False,RBC Heritage,2026-04-16 01:13:04 UTC
top_20,"Hall, Harry",27194,draftkings,+220,0.3125,False,False,RBC Heritage,2026-04-16 01:13:04 UTC
top_20,"Hall, Harry",27194,betmgm,+260,0.277778,False,False,RBC Heritage,2026-04-16 01:13:04 UTC
top_20,"Hall, Harry",27194,unibet,+200,0.333333,False,False,RBC Heritage,2026-04-16 01:13:04 UTC
top_20,"Hall, Harry",27194,pointsbet,+300,0.25,False,False,RBC Heritage,2026-04-16 01:13:04 UTC
top_20,"Hall, Harry",27194,bet365,+220,0.3125,False,True,RBC Heritage,2026-04-16 01:13:04 UTC
top_20,"Hall, Harry",27194,betonline,+300,0.25,False,False,RBC Heritage,2026-04-16 01:13:04 UTC
top_20,"Hall, Harry",27194,datagolf,+329,0.2331,True,False,RBC Heritage,2026-04-16 01:13:04 UTC
top_20,"Wallace, Matt",20706,bovada,+200,0.333333,False,False,RBC Heritage,2026-04-16 01:13:04 UTC
top_20,"Wallace, Matt",20706,fanduel,+300,0.25,False,False,RBC Heritage,2026-04-16 01:13:04 UTC
top_20,"Wallace, Matt",20706,draftkings,+335,0.229885,False,False,RBC Heritage,2026-04-16 01:13:04 UTC
top_20,"Wallace, Matt",20706,betmgm,+333,0.230947,False,False,RBC Heritage,2026-04-16 01:13:04 UTC
top_20,"Wallace, Matt",20706,unibet,+340,0.227273,False,False,RBC Heritage,2026-04-16 01:13:04 UTC
top_20,"Wallace, Matt",20706,pointsbet,+300,0.25,False,False,RBC Heritage,2026-04-16 01:13:04 UTC
top_20,"Wallace, Matt",20706,bet365,+275,0.266667,False,True,RBC Heritage,2026-04-16 01:13:04 UTC
top_20,"Wallace, Matt",20706,betonline,+375,0.210526,False,False,RBC Heritage,2026-04-16 01:13:04 UTC
top_20,"Wallace, Matt",20706,datagolf,+420,0.192308,True,False,RBC Heritage,2026-04-16 01:13:04 UTC
top_20,"Putnam, Andrew",14704,bovada,+290,0.25641,False,False,RBC Heritage,2026-04-16 01:13:04 UTC
top_20,"Putnam, Andrew",14704,fanduel,+380,0.208333,False,False,RBC Heritage,2026-04-16 01:13:04 UTC
top_20,"Putnam, Andrew",14704,draftkings,+330,0.232558,False,False,RBC Heritage,2026-04-16 01:13:04 UTC
top_20,"Putnam, Andrew",14704,betmgm,+300,0.25,False,False,RBC Heritage,2026-04-16 01:13:04 UTC
top_20,"Putnam, Andrew",14704,unibet,+500,0.166667,False,False,RBC Heritage,2026-04-16 01:13:04 UTC
top_20,"Putnam, Andrew",14704,pointsbet,+350,0.222222,False,False,RBC Heritage,2026-04-16 01:13:04 UTC
top_20,"Putnam, Andrew",14704,bet365,+300,0.25,False,True,RBC Heritage,2026-04-16 01:13:04 UTC
top_20,"Putnam, Andrew",14704,betonline,+350,0.222222,False,False,RBC Heritage,2026-04-16 01:13:04 UTC
top_20,"Putnam, Andrew",14704,datagolf,+369,0.21322,True,False,RBC Heritage,2026-04-16 01:13:04 UTC
top_20,"Cauley, Bud",14502,bovada,+325,0.235294,False,False,RBC Heritage,2026-04-16 01:13:04 UTC
top_20,"Cauley, Bud",14502,fanduel,+500,0.166667,False,False,RBC Heritage,2026-04-16 01:13:04 UTC
top_20,"Cauley, Bud",14502,draftkings,+335,0.229885,False,False,RBC Heritage,2026-04-16 01:13:04 UTC
top_20,"Cauley, Bud",14502,betmgm,+375,0.210526,False,False,RBC Heritage,2026-04-16 01:13:04 UTC
top_20,"Cauley, Bud",14502,unibet,+340,0.227273,False,False,RBC Heritage,2026-04-16 01:13:04 UTC
top_20,"Cauley, Bud",14502,pointsbet,+475,0.173913,False,False,RBC Heritage,2026-04-16 01:13:04 UTC
top_20,"Cauley, Bud",14502,bet365,+333,0.230947,False,True,RBC Heritage,2026-04-16 01:13:04 UTC
top_20,"Cauley, Bud",14502,betonline,+425,0.190476,False,False,RBC Heritage,2026-04-16 01:13:04 UTC
top_20,"Cauley, Bud",14502,datagolf,+458,0.179211,True,False,RBC Heritage,2026-04-16 01:13:04 UTC
top_20,"Smith, Jordan",18586,bovada,+350,0.222222,False,False,RBC Heritage,2026-04-16 01:13:04 UTC
top_20,"Smith, Jordan",18586,fanduel,+430,0.188679,False,False,RBC Heritage,2026-04-16 01:13:04 UTC
top_20,"Smith, Jordan",18586,draftkings,+355,0.21978,False,False,RBC Heritage,2026-04-16 01:13:04 UTC
top_20,"Smith, Jordan",18586,betmgm,+350,0.222222,False,False,RBC Heritage,2026-04-16 01:13:04 UTC
top_20,"Smith, Jordan",18586,unibet,+300,0.25,False,False,RBC Heritage,2026-04-16 01:13:04 UTC
top_20,"Smith, Jordan",18586,pointsbet,+400,0.2,False,False,RBC Heritage,2026-04-16 01:13:04 UTC
top_20,"Smith, Jordan",18586,bet365,+350,0.222222,False,True,RBC Heritage,2026-04-16 01:13:04 UTC
top_20,"Smith, Jordan",18586,betonline,+400,0.2,False,False,RBC Heritage,2026-04-16 01:13:04 UTC
top_20,"Smith, Jordan",18586,datagolf,+420,0.192308,True,False,RBC Heritage,2026-04-16 01:13:04 UTC
top_20,"Woodland, Gary",12577,bovada,+250,0.285714,False,False,RBC Heritage,2026-04-16 01:13:04 UTC
top_20,"Woodland, Gary",12577,fanduel,+380,0.208333,False,False,RBC Heritage,2026-04-16 01:13:04 UTC
top_20,"Woodland, Gary",12577,draftkings,+345,0.224719,False,False,RBC Heritage,2026-04-16 01:13:04 UTC
top_20,"Woodland, Gary",12577,betmgm,+300,0.25,False,False,RBC Heritage,2026-04-16 01:13:04 UTC
top_20,"Woodland, Gary",12577,unibet,+275,0.266667,False,False,RBC Heritage,2026-04-16 01:13:04 UTC
top_20,"Woodland, Gary",12577,pointsbet,+350,0.222222,False,False,RBC Heritage,2026-04-16 01:13:04 UTC
top_20,"Woodland, Gary",12577,bet365,+275,0.266667,False,True,RBC Heritage,2026-04-16 01:13:04 UTC
top_20,"Woodland, Gary",12577,betonline,+400,0.2,False,False,RBC Heritage,2026-04-16 01:13:04 UTC
top_20,"Woodland, Gary",12577,datagolf,+535,0.15748,True,False,RBC Heritage,2026-04-16 01:13:04 UTC
top_20,"Homa, Max",17538,bovada,+200,0.333333,False,False,RBC Heritage,2026-04-16 01:13:04 UTC
top_20,"Homa, Max",17538,fanduel,+340,0.227273,False,False,RBC Heritage,2026-04-16 01:13:04 UTC
top_20,"Homa, Max",17538,draftkings,+305,0.246914,False,False,RBC Heritage,2026-04-16 01:13:04 UTC
top_20,"Homa, Max",17538,betmgm,+250,0.285714,False,False,RBC Heritage,2026-04-16 01:13:04 UTC
top_20,"Homa, Max",17538,unibet,+220,0.3125,False,False,RBC Heritage,2026-04-16 01:13:04 UTC
top_20,"Homa, Max",17538,pointsbet,+330,0.232558,False,False,RBC Heritage,2026-04-16 01:13:04 UTC
top_20,"Homa, Max",17538,bet365,+260,0.277778,False,True,RBC Heritage,2026-04-16 01:13:04 UTC
top_20,"Homa, Max",17538,betonline,+375,0.210526,False,False,RBC Heritage,2026-04-16 01:13:04 UTC
top_20,"Homa, Max",17538,datagolf,+508,0.164474,True,False,RBC Heritage,2026-04-16 01:13:04 UTC
top_20,"Novak, Andrew",23475,bovada,+250,0.285714,False,False,RBC Heritage,2026-04-16 01:13:04 UTC
top_20,"Novak, Andrew",23475,fanduel,+380,0.208333,False,False,RBC Heritage,2026-04-16 01:13:04 UTC
top_20,"Novak, Andrew",23475,draftkings,+320,0.238095,False,False,RBC Heritage,2026-04-16 01:13:04 UTC
top_20,"Novak, Andrew",23475,betmgm,+300,0.25,False,False,RBC Heritage,2026-04-16 01:13:04 UTC
top_20,"Novak, Andrew",23475,unibet,+300,0.25,False,False,RBC Heritage,2026-04-16 01:13:04 UTC
top_20,"Novak, Andrew",23475,pointsbet,+350,0.222222,False,False,RBC Heritage,2026-04-16 01:13:04 UTC
top_20,"Novak, Andrew",23475,bet365,+300,0.25,False,True,RBC Heritage,2026-04-16 01:13:04 UTC
top_20,"Novak, Andrew",23475,betonline,+400,0.2,False,False,RBC Heritage,2026-04-16 01:13:04 UTC
top_20,"Novak, Andrew",23475,datagolf,+516,0.162338,True,False,RBC Heritage,2026-04-16 01:13:04 UTC
top_20,"Yellamaraju, Sudarshan",29925,bovada,+160,0.384615,False,False,RBC Heritage,2026-04-16 01:13:04 UTC
top_20,"Yellamaraju, Sudarshan",29925,fanduel,+300,0.25,False,False,RBC Heritage,2026-04-16 01:13:04 UTC
top_20,"Yellamaraju, Sudarshan",29925,draftkings,+270,0.27027,False,False,RBC Heritage,2026-04-16 01:13:04 UTC
top_20,"Yellamaraju, Sudarshan",29925,betmgm,+220,0.3125,False,False,RBC Heritage,2026-04-16 01:13:04 UTC
top_20,"Yellamaraju, Sudarshan",29925,unibet,+220,0.3125,False,False,RBC Heritage,2026-04-16 01:13:04 UTC
top_20,"Yellamaraju, Sudarshan",29925,pointsbet,+300,0.25,False,False,RBC Heritage,2026-04-16 01:13:04 UTC
top_20,"Yellamaraju, Sudarshan",29925,bet365,+200,0.333333,False,True,RBC Heritage,2026-04-16 01:13:04 UTC
top_20,"Yellamaraju, Sudarshan",29925,betonline,+300,0.25,False,False,RBC Heritage,2026-04-16 01:13:04 UTC
top_20,"Yellamaraju, Sudarshan",29925,datagolf,+562,0.151057,True,False,RBC Heritage,2026-04-16 01:13:04 UTC
top_20,"Brennan, Michael",29197,bovada,+350,0.222222,False,False,RBC Heritage,2026-04-16 01:13:04 UTC
top_20,"Brennan, Michael",29197,fanduel,+470,0.175439,False,False,RBC Heritage,2026-04-16 01:13:04 UTC
top_20,"Brennan, Michael",29197,draftkings,+485,0.17094,False,False,RBC Heritage,2026-04-16 01:13:04 UTC
top_20,"Brennan, Michael",29197,betmgm,+400,0.2,False,False,RBC Heritage,2026-04-16 01:13:04 UTC
top_20,"Brennan, Michael",29197,unibet,+300,0.25,False,False,RBC Heritage,2026-04-16 01:13:04 UTC
top_20,"Brennan, Michael",29197,pointsbet,+425,0.190476,False,False,RBC Heritage,2026-04-16 01:13:04 UTC
top_20,"Brennan, Michael",29197,bet365,+350,0.222222,False,True,RBC Heritage,2026-04-16 01:13:04 UTC
top_20,"Brennan, Michael",29197,betonline,+425,0.190476,False,False,RBC Heritage,2026-04-16 01:13:04 UTC
top_20,"Brennan, Michael",29197,datagolf,+556,0.152439,True,False,RBC Heritage,2026-04-16 01:13:04 UTC
top_20,"Castillo, Ricky",27819,bovada,+350,0.222222,False,False,RBC Heritage,2026-04-16 01:13:04 UTC
top_20,"Castillo, Ricky",27819,fanduel,+600,0.142857,False,False,RBC Heritage,2026-04-16 01:13:04 UTC
top_20,"Castillo, Ricky",27819,draftkings,+360,0.217391,False,False,RBC Heritage,2026-04-16 01:13:04 UTC
top_20,"Castillo, Ricky",27819,betmgm,+400,0.2,False,False,RBC Heritage,2026-04-16 01:13:04 UTC
top_20,"Castillo, Ricky",27819,unibet,+340,0.227273,False,False,RBC Heritage,2026-04-16 01:13:04 UTC
top_20,"Castillo, Ricky",27819,pointsbet,+500,0.166667,False,False,RBC Heritage,2026-04-16 01:13:04 UTC
top_20,"Castillo, Ricky",27819,bet365,+350,0.222222,False,True,RBC Heritage,2026-04-16 01:13:04 UTC
top_20,"Castillo, Ricky",27819,betonline,+500,0.166667,False,False,RBC Heritage,2026-04-16 01:13:04 UTC
top_20,"Castillo, Ricky",27819,datagolf,+585,0.145985,True,False,RBC Heritage,2026-04-16 01:13:04 UTC
top_20,"McCarthy, Denny",19870,bovada,+350,0.222222,False,False,RBC Heritage,2026-04-16 01:13:04 UTC
top_20,"McCarthy, Denny",19870,fanduel,+550,0.153846,False,False,RBC Heritage,2026-04-16 01:13:04 UTC
top_20,"McCarthy, Denny",19870,draftkings,+325,0.235294,False,False,RBC Heritage,2026-04-16 01:13:04 UTC
top_20,"McCarthy, Denny",19870,betmgm,+400,0.2,False,False,RBC Heritage,2026-04-16 01:13:04 UTC
top_20,"McCarthy, Denny",19870,unibet,+375,0.210526,False,False,RBC Heritage,2026-04-16 01:13:04 UTC
top_20,"McCarthy, Denny",19870,pointsbet,+500,0.166667,False,False,RBC Heritage,2026-04-16 01:13:04 UTC
top_20,"McCarthy, Denny",19870,bet365,+350,0.222222,False,True,RBC Heritage,2026-04-16 01:13:04 UTC
top_20,"McCarthy, Denny",19870,betonline,+400,0.2,False,False,RBC Heritage,2026-04-16 01:13:04 UTC
top_20,"McCarthy, Denny",19870,datagolf,+494,0.16835,True,False,RBC Heritage,2026-04-16 01:13:04 UTC
top_20,"Penge, Marco",22465,bovada,+250,0.285714,False,False,RBC Heritage,2026-04-16 01:13:04 UTC
top_20,"Penge, Marco",22465,fanduel,+380,0.208333,False,False,RBC Heritage,2026-04-16 01:13:04 UTC
top_20,"Penge, Marco",22465,draftkings,+385,0.206186,False,False,RBC Heritage,2026-04-16 01:13:04 UTC
top_20,"Penge, Marco",22465,betmgm,+300,0.25,False,False,RBC Heritage,2026-04-16 01:13:04 UTC
top_20,"Penge, Marco",22465,unibet,+240,0.294118,False,False,RBC Heritage,2026-04-16 01:13:04 UTC
top_20,"Penge, Marco",22465,pointsbet,+350,0.222222,False,False,RBC Heritage,2026-04-16 01:13:04 UTC
top_20,"Penge, Marco",22465,bet365,+275,0.266667,False,True,RBC Heritage,2026-04-16 01:13:04 UTC
top_20,"Penge, Marco",22465,betonline,+425,0.190476,False,False,RBC Heritage,2026-04-16 01:13:04 UTC
top_20,"Penge, Marco",22465,datagolf,+603,0.142248,True,False,RBC Heritage,2026-04-16 01:13:04 UTC
top_20,"Smotherman, Austin",22985,bovada,+350,0.222222,False,False,RBC Heritage,2026-04-16 01:13:04 UTC
top_20,"Smotherman, Austin",22985,fanduel,+600,0.142857,False,False,RBC Heritage,2026-04-16 01:13:04 UTC
top_20,"Smotherman, Austin",22985,draftkings,+390,0.204082,False,False,RBC Heritage,2026-04-16 01:13:04 UTC
top_20,"Smotherman, Austin",22985,betmgm,+400,0.2,False,False,RBC Heritage,2026-04-16 01:13:04 UTC
top_20,"Smotherman, Austin",22985,unibet,+425,0.190476,False,False,RBC Heritage,2026-04-16 01:13:04 UTC
top_20,"Smotherman, Austin",22985,pointsbet,+500,0.166667,False,False,RBC Heritage,2026-04-16 01:13:04 UTC
top_20,"Smotherman, Austin",22985,bet365,+425,0.190476,False,True,RBC Heritage,2026-04-16 01:13:04 UTC
top_20,"Smotherman, Austin",22985,betonline,+500,0.166667,False,False,RBC Heritage,2026-04-16 01:13:04 UTC
top_20,"Smotherman, Austin",22985,datagolf,+568,0.149701,True,False,RBC Heritage,2026-04-16 01:13:04 UTC
top_20,"Coody, Pierceson",28309,bovada,+350,0.222222,False,False,RBC Heritage,2026-04-16 01:13:04 UTC
top_20,"Coody, Pierceson",28309,fanduel,+500,0.166667,False,False,RBC Heritage,2026-04-16 01:13:04 UTC
top_20,"Coody, Pierceson",28309,draftkings,+380,0.208333,False,False,RBC Heritage,2026-04-16 01:13:04 UTC
top_20,"Coody, Pierceson",28309,betmgm,+400,0.2,False,False,RBC Heritage,2026-04-16 01:13:04 UTC
top_20,"Coody, Pierceson",28309,unibet,+300,0.25,False,False,RBC Heritage,2026-04-16 01:13:04 UTC
top_20,"Coody, Pierceson",28309,pointsbet,+475,0.173913,False,False,RBC Heritage,2026-04-16 01:13:04 UTC
top_20,"Coody, Pierceson",28309,bet365,+350,0.222222,False,True,RBC Heritage,2026-04-16 01:13:04 UTC
top_20,"Coody, Pierceson",28309,betonline,+500,0.166667,False,False,RBC Heritage,2026-04-16 01:13:04 UTC
top_20,"Coody, Pierceson",28309,datagolf,+625,0.137931,True,False,RBC Heritage,2026-04-16 01:13:04 UTC
top_20,"Finau, Tony",11676,bovada,+290,0.25641,False,False,RBC Heritage,2026-04-16 01:13:04 UTC
top_20,"Finau, Tony",11676,fanduel,+550,0.153846,False,False,RBC Heritage,2026-04-16 01:13:04 UTC
top_20,"Finau, Tony",11676,draftkings,+405,0.19802,False,False,RBC Heritage,2026-04-16 01:13:04 UTC
top_20,"Finau, Tony",11676,betmgm,+350,0.222222,False,False,RBC Heritage,2026-04-16 01:13:04 UTC
top_20,"Finau, Tony",11676,unibet,+340,0.227273,False,False,RBC Heritage,2026-04-16 01:13:04 UTC
top_20,"Finau, Tony",11676,pointsbet,+500,0.166667,False,False,RBC Heritage,2026-04-16 01:13:04 UTC
top_20,"Finau, Tony",11676,bet365,+333,0.230947,False,True,RBC Heritage,2026-04-16 01:13:04 UTC
top_20,"Finau, Tony",11676,betonline,+550,0.153846,False,False,RBC Heritage,2026-04-16 01:13:04 UTC
top_20,"Finau, Tony",11676,datagolf,+670,0.12987,True,False,RBC Heritage,2026-04-16 01:13:04 UTC
top_20,"Kim, Michael",17543,bovada,+350,0.222222,False,False,RBC Heritage,2026-04-16 01:13:04 UTC
top_20,"Kim, Michael",17543,fanduel,+550,0.153846,False,False,RBC Heritage,2026-04-16 01:13:04 UTC
top_20,"Kim, Michael",17543,draftkings,+440,0.185185,False,False,RBC Heritage,2026-04-16 01:13:04 UTC
top_20,"Kim, Michael",17543,betmgm,+400,0.2,False,False,RBC Heritage,2026-04-16 01:13:04 UTC
top_20,"Kim, Michael",17543,unibet,+375,0.210526,False,False,RBC Heritage,2026-04-16 01:13:04 UTC
top_20,"Kim, Michael",17543,pointsbet,+500,0.166667,False,False,RBC Heritage,2026-04-16 01:13:04 UTC
top_20,"Kim, Michael",17543,bet365,+425,0.190476,False,True,RBC Heritage,2026-04-16 01:13:04 UTC
top_20,"Kim, Michael",17543,betonline,+500,0.166667,False,False,RBC Heritage,2026-04-16 01:13:04 UTC
top_20,"Kim, Michael",17543,datagolf,+570,0.149254,True,False,RBC Heritage,2026-04-16 01:13:04 UTC
top_20,"Pendrith, Taylor",17780,bovada,+350,0.222222,False,False,RBC Heritage,2026-04-16 01:13:04 UTC
top_20,"Pendrith, Taylor",17780,fanduel,+470,0.175439,False,False,RBC Heritage,2026-04-16 01:13:04 UTC
top_20,"Pendrith, Taylor",17780,draftkings,+390,0.204082,False,False,RBC Heritage,2026-04-16 01:13:04 UTC
top_20,"Pendrith, Taylor",17780,betmgm,+450,0.181818,False,False,RBC Heritage,2026-04-16 01:13:04 UTC
top_20,"Pendrith, Taylor",17780,unibet,+275,0.266667,False,False,RBC Heritage,2026-04-16 01:13:04 UTC
top_20,"Pendrith, Taylor",17780,pointsbet,+425,0.190476,False,False,RBC Heritage,2026-04-16 01:13:04 UTC
top_20,"Pendrith, Taylor",17780,bet365,+350,0.222222,False,True,RBC Heritage,2026-04-16 01:13:04 UTC
top_20,"Pendrith, Taylor",17780,betonline,+450,0.181818,False,False,RBC Heritage,2026-04-16 01:13:04 UTC
top_20,"Pendrith, Taylor",17780,datagolf,+602,0.14245,True,False,RBC Heritage,2026-04-16 01:13:04 UTC
top_20,"Valimaki, Sami",23816,bovada,+425,0.190476,False,False,RBC Heritage,2026-04-16 01:13:04 UTC
top_20,"Valimaki, Sami",23816,fanduel,+550,0.153846,False,False,RBC Heritage,2026-04-16 01:13:04 UTC
top_20,"Valimaki, Sami",23816,draftkings,+485,0.17094,False,False,RBC Heritage,2026-04-16 01:13:04 UTC
top_20,"Valimaki, Sami",23816,betmgm,+500,0.166667,False,False,RBC Heritage,2026-04-16 01:13:04 UTC
top_20,"Valimaki, Sami",23816,unibet,+600,0.142857,False,False,RBC Heritage,2026-04-16 01:13:04 UTC
top_20,"Valimaki, Sami",23816,pointsbet,+500,0.166667,False,False,RBC Heritage,2026-04-16 01:13:04 UTC
top_20,"Valimaki, Sami",23816,bet365,+450,0.181818,False,True,RBC Heritage,2026-04-16 01:13:04 UTC
top_20,"Valimaki, Sami",23816,betonline,+525,0.16,False,False,RBC Heritage,2026-04-16 01:13:04 UTC
top_20,"Valimaki, Sami",23816,datagolf,+655,0.13245,True,False,RBC Heritage,2026-04-16 01:13:04 UTC
top_20,"Echavarria, Nico",22833,bovada,+350,0.222222,False,False,RBC Heritage,2026-04-16 01:13:04 UTC
top_20,"Echavarria, Nico",22833,fanduel,+500,0.166667,False,False,RBC Heritage,2026-04-16 01:13:04 UTC
top_20,"Echavarria, Nico",22833,draftkings,+550,0.153846,False,False,RBC Heritage,2026-04-16 01:13:04 UTC
top_20,"Echavarria, Nico",22833,betmgm,+450,0.181818,False,False,RBC Heritage,2026-04-16 01:13:04 UTC
top_20,"Echavarria, Nico",22833,unibet,+300,0.25,False,False,RBC Heritage,2026-04-16 01:13:04 UTC
top_20,"Echavarria, Nico",22833,pointsbet,+475,0.173913,False,False,RBC Heritage,2026-04-16 01:13:04 UTC
top_20,"Echavarria, Nico",22833,bet365,+350,0.222222,False,True,RBC Heritage,2026-04-16 01:13:04 UTC
top_20,"Echavarria, Nico",22833,betonline,+600,0.142857,False,False,RBC Heritage,2026-04-16 01:13:04 UTC
top_20,"Echavarria, Nico",22833,datagolf,+674,0.129199,True,False,RBC Heritage,2026-04-16 01:13:04 UTC
top_20,"Blanchet, Chandler",24956,bovada,+500,0.166667,False,False,RBC Heritage,2026-04-16 01:13:04 UTC
top_20,"Blanchet, Chandler",24956,fanduel,+650,0.133333,False,False,RBC Heritage,2026-04-16 01:13:04 UTC
top_20,"Blanchet, Chandler",24956,draftkings,+730,0.120482,False,False,RBC Heritage,2026-04-16 01:13:04 UTC
top_20,"Blanchet, Chandler",24956,betmgm,+550,0.153846,False,False,RBC Heritage,2026-04-16 01:13:04 UTC
top_20,"Blanchet, Chandler",24956,unibet,+425,0.190476,False,False,RBC Heritage,2026-04-16 01:13:04 UTC
top_20,"Blanchet, Chandler",24956,pointsbet,+600,0.142857,False,False,RBC Heritage,2026-04-16 01:13:04 UTC
top_20,"Blanchet, Chandler",24956,bet365,+550,0.153846,False,True,RBC Heritage,2026-04-16 01:13:04 UTC
top_20,"Blanchet, Chandler",24956,betonline,+650,0.133333,False,False,RBC Heritage,2026-04-16 01:13:04 UTC
top_20,"Blanchet, Chandler",24956,datagolf,+668,0.130208,True,False,RBC Heritage,2026-04-16 01:13:04 UTC
top_20,"Fox, Ryan",11889,bovada,+425,0.190476,False,False,RBC Heritage,2026-04-16 01:13:04 UTC
top_20,"Fox, Ryan",11889,fanduel,+650,0.133333,False,False,RBC Heritage,2026-04-16 01:13:04 UTC
top_20,"Fox, Ryan",11889,draftkings,+520,0.16129,False,False,RBC Heritage,2026-04-16 01:13:04 UTC
top_20,"Fox, Ryan",11889,betmgm,+450,0.181818,False,False,RBC Heritage,2026-04-16 01:13:04 UTC
top_20,"Fox, Ryan",11889,unibet,+425,0.190476,False,False,RBC Heritage,2026-04-16 01:13:04 UTC
top_20,"Fox, Ryan",11889,pointsbet,+550,0.153846,False,False,RBC Heritage,2026-04-16 01:13:04 UTC
top_20,"Fox, Ryan",11889,bet365,+450,0.181818,False,True,RBC Heritage,2026-04-16 01:13:04 UTC
top_20,"Fox, Ryan",11889,betonline,+600,0.142857,False,False,RBC Heritage,2026-04-16 01:13:04 UTC
top_20,"Fox, Ryan",11889,datagolf,+729,0.120627,True,False,RBC Heritage,2026-04-16 01:13:04 UTC
top_20,"Mouw, William",29770,bovada,+550,0.153846,False,False,RBC Heritage,2026-04-16 01:13:04 UTC
top_20,"Mouw, William",29770,fanduel,+750,0.117647,False,False,RBC Heritage,2026-04-16 01:13:04 UTC
top_20,"Mouw, William",29770,draftkings,+660,0.131579,False,False,RBC Heritage,2026-04-16 01:13:04 UTC
top_20,"Mouw, William",29770,betmgm,+550,0.153846,False,False,RBC Heritage,2026-04-16 01:13:04 UTC
top_20,"Mouw, William",29770,unibet,+600,0.142857,False,False,RBC Heritage,2026-04-16 01:13:04 UTC
top_20,"Mouw, William",29770,pointsbet,+650,0.133333,False,False,RBC Heritage,2026-04-16 01:13:04 UTC
top_20,"Mouw, William",29770,bet365,+550,0.153846,False,True,RBC Heritage,2026-04-16 01:13:04 UTC
top_20,"Mouw, William",29770,betonline,+650,0.133333,False,False,RBC Heritage,2026-04-16 01:13:04 UTC
top_20,"Mouw, William",29770,datagolf,+859,0.104275,True,False,RBC Heritage,2026-04-16 01:13:04 UTC
top_20,"Rodgers, Patrick",16283,bovada,+425,0.190476,False,False,RBC Heritage,2026-04-16 01:13:04 UTC
top_20,"Rodgers, Patrick",16283,fanduel,+700,0.125,False,False,RBC Heritage,2026-04-16 01:13:04 UTC
top_20,"Rodgers, Patrick",16283,draftkings,+510,0.163934,False,False,RBC Heritage,2026-04-16 01:13:04 UTC
top_20,"Rodgers, Patrick",16283,betmgm,+500,0.166667,False,False,RBC Heritage,2026-04-16 01:13:04 UTC
top_20,"Rodgers, Patrick",16283,unibet,+425,0.190476,False,False,RBC Heritage,2026-04-16 01:13:04 UTC
top_20,"Rodgers, Patrick",16283,pointsbet,+650,0.133333,False,False,RBC Heritage,2026-04-16 01:13:04 UTC
top_20,"Rodgers, Patrick",16283,bet365,+450,0.181818,False,True,RBC Heritage,2026-04-16 01:13:04 UTC
top_20,"Rodgers, Patrick",16283,betonline,+650,0.133333,False,False,RBC Heritage,2026-04-16 01:13:04 UTC
top_20,"Rodgers, Patrick",16283,datagolf,+822,0.10846,True,False,RBC Heritage,2026-04-16 01:13:04 UTC
top_20,"Keefer, Johnny",32457,bovada,+500,0.166667,False,False,RBC Heritage,2026-04-16 01:13:04 UTC
top_20,"Keefer, Johnny",32457,fanduel,+750,0.117647,False,False,RBC Heritage,2026-04-16 01:13:04 UTC
top_20,"Keefer, Johnny",32457,draftkings,+620,0.138889,False,False,RBC Heritage,2026-04-16 01:13:04 UTC
top_20,"Keefer, Johnny",32457,betmgm,+600,0.142857,False,False,RBC Heritage,2026-04-16 01:13:04 UTC
top_20,"Keefer, Johnny",32457,unibet,+500,0.166667,False,False,RBC Heritage,2026-04-16 01:13:04 UTC
top_20,"Keefer, Johnny",32457,pointsbet,+650,0.133333,False,False,RBC Heritage,2026-04-16 01:13:04 UTC
top_20,"Keefer, Johnny",32457,bet365,+550,0.153846,False,True,RBC Heritage,2026-04-16 01:13:04 UTC
top_20,"Keefer, Johnny",32457,betonline,+650,0.133333,False,False,RBC Heritage,2026-04-16 01:13:04 UTC
top_20,"Keefer, Johnny",32457,datagolf,+897,0.100301,True,False,RBC Heritage,2026-04-16 01:13:04 UTC
top_20,"Horschel, Billy",11276,bovada,+350,0.222222,False,False,RBC Heritage,2026-04-16 01:13:04 UTC
top_20,"Horschel, Billy",11276,fanduel,+850,0.105263,False,False,RBC Heritage,2026-04-16 01:13:04 UTC
top_20,"Horschel, Billy",11276,draftkings,+465,0.176991,False,False,RBC Heritage,2026-04-16 01:13:04 UTC
top_20,"Horschel, Billy",11276,betmgm,+450,0.181818,False,False,RBC Heritage,2026-04-16 01:13:04 UTC
top_20,"Horschel, Billy",11276,unibet,+340,0.227273,False,False,RBC Heritage,2026-04-16 01:13:04 UTC
top_20,"Horschel, Billy",11276,pointsbet,+750,0.117647,False,False,RBC Heritage,2026-04-16 01:13:04 UTC
top_20,"Horschel, Billy",11276,bet365,+350,0.222222,False,True,RBC Heritage,2026-04-16 01:13:04 UTC
top_20,"Horschel, Billy",11276,betonline,+600,0.142857,False,False,RBC Heritage,2026-04-16 01:13:04 UTC
top_20,"Horschel, Billy",11276,datagolf,+871,0.102987,True,False,RBC Heritage,2026-04-16 01:13:04 UTC
top_20,"Lipsky, David",15980,bovada,+700,0.125,False,False,RBC Heritage,2026-04-16 01:13:04 UTC
top_20,"Lipsky, David",15980,fanduel,+900,0.1,False,False,RBC Heritage,2026-04-16 01:13:04 UTC
top_20,"Lipsky, David",15980,draftkings,+690,0.126582,False,False,RBC Heritage,2026-04-16 01:13:04 UTC
top_20,"Lipsky, David",15980,betmgm,+650,0.133333,False,False,RBC Heritage,2026-04-16 01:13:04 UTC
top_20,"Lipsky, David",15980,unibet,+650,0.133333,False,False,RBC Heritage,2026-04-16 01:13:04 UTC
top_20,"Lipsky, David",15980,pointsbet,+800,0.111111,False,False,RBC Heritage,2026-04-16 01:13:04 UTC
top_20,"Lipsky, David",15980,bet365,+650,0.133333,False,True,RBC Heritage,2026-04-16 01:13:04 UTC
top_20,"Lipsky, David",15980,betonline,+650,0.133333,False,False,RBC Heritage,2026-04-16 01:13:04 UTC
top_20,"Lipsky, David",15980,datagolf,+802,0.110865,True,False,RBC Heritage,2026-04-16 01:13:04 UTC
top_20,"Fisk, Steven",26657,bovada,+800,0.111111,False,False,RBC Heritage,2026-04-16 01:13:04 UTC
top_20,"Fisk, Steven",26657,fanduel,+850,0.105263,False,False,RBC Heritage,2026-04-16 01:13:04 UTC
top_20,"Fisk, Steven",26657,draftkings,+700,0.125,False,False,RBC Heritage,2026-04-16 01:13:04 UTC
top_20,"Fisk, Steven",26657,betmgm,+750,0.117647,False,False,RBC Heritage,2026-04-16 01:13:04 UTC
top_20,"Fisk, Steven",26657,unibet,+600,0.142857,False,False,RBC Heritage,2026-04-16 01:13:04 UTC
top_20,"Fisk, Steven",26657,pointsbet,+750,0.117647,False,False,RBC Heritage,2026-04-16 01:13:04 UTC
top_20,"Fisk, Steven",26657,bet365,+650,0.133333,False,True,RBC Heritage,2026-04-16 01:13:04 UTC
top_20,"Fisk, Steven",26657,betonline,+700,0.125,False,False,RBC Heritage,2026-04-16 01:13:04 UTC
top_20,"Fisk, Steven",26657,datagolf,+992,0.091575,True,False,RBC Heritage,2026-04-16 01:13:04 UTC
top_20,"Glover, Lucas",7399,bovada,+800,0.111111,False,False,RBC Heritage,2026-04-16 01:13:04 UTC
top_20,"Glover, Lucas",7399,fanduel,+900,0.1,False,False,RBC Heritage,2026-04-16 01:13:04 UTC
top_20,"Glover, Lucas",7399,draftkings,+660,0.131579,False,False,RBC Heritage,2026-04-16 01:13:04 UTC
top_20,"Glover, Lucas",7399,betmgm,+800,0.111111,False,False,RBC Heritage,2026-04-16 01:13:04 UTC
top_20,"Glover, Lucas",7399,unibet,+600,0.142857,False,False,RBC Heritage,2026-04-16 01:13:04 UTC
top_20,"Glover, Lucas",7399,pointsbet,+800,0.111111,False,False,RBC Heritage,2026-04-16 01:13:04 UTC
top_20,"Glover, Lucas",7399,bet365,+650,0.133333,False,True,RBC Heritage,2026-04-16 01:13:04 UTC
top_20,"Glover, Lucas",7399,betonline,+700,0.125,False,False,RBC Heritage,2026-04-16 01:13:04 UTC
top_20,"Glover, Lucas",7399,datagolf,+915,0.098522,True,False,RBC Heritage,2026-04-16 01:13:04 UTC
top_20,"Higgo, Garrick",24342,bovada,+800,0.111111,False,False,RBC Heritage,2026-04-16 01:13:04 UTC
top_20,"Higgo, Garrick",24342,fanduel,+1100,0.083333,False,False,RBC Heritage,2026-04-16 01:13:04 UTC
top_20,"Higgo, Garrick",24342,draftkings,+890,0.10101,False,False,RBC Heritage,2026-04-16 01:13:04 UTC
top_20,"Higgo, Garrick",24342,betmgm,+1000,0.090909,False,False,RBC Heritage,2026-04-16 01:13:04 UTC
top_20,"Higgo, Garrick",24342,unibet,+750,0.117647,False,False,RBC Heritage,2026-04-16 01:13:04 UTC
top_20,"Higgo, Garrick",24342,pointsbet,+1000,0.090909,False,False,RBC Heritage,2026-04-16 01:13:04 UTC
top_20,"Higgo, Garrick",24342,bet365,+600,0.142857,False,True,RBC Heritage,2026-04-16 01:13:04 UTC
top_20,"Higgo, Garrick",24342,betonline,+800,0.111111,False,False,RBC Heritage,2026-04-16 01:13:04 UTC
top_20,"Higgo, Garrick",24342,datagolf,+1479,0.063331,True,False,RBC Heritage,2026-04-16 01:13:04 UTC
top_20,"Vegas, Jhonattan",13508,bovada,+900,0.1,False,False,RBC Heritage,2026-04-16 01:13:04 UTC
top_20,"Vegas, Jhonattan",13508,fanduel,+1100,0.083333,False,False,RBC Heritage,2026-04-16 01:13:04 UTC
top_20,"Vegas, Jhonattan",13508,draftkings,+920,0.098039,False,False,RBC Heritage,2026-04-16 01:13:04 UTC
top_20,"Vegas, Jhonattan",13508,betmgm,+750,0.117647,False,False,RBC Heritage,2026-04-16 01:13:04 UTC
top_20,"Vegas, Jhonattan",13508,unibet,+750,0.117647,False,False,RBC Heritage,2026-04-16 01:13:04 UTC
top_20,"Vegas, Jhonattan",13508,pointsbet,+1000,0.090909,False,False,RBC Heritage,2026-04-16 01:13:04 UTC
top_20,"Vegas, Jhonattan",13508,bet365,+800,0.111111,False,True,RBC Heritage,2026-04-16 01:13:04 UTC
top_20,"Vegas, Jhonattan",13508,betonline,+1000,0.090909,False,False,RBC Heritage,2026-04-16 01:13:04 UTC
top_20,"Vegas, Jhonattan",13508,datagolf,+1597,0.058928,True,False,RBC Heritage,2026-04-16 01:13:04 UTC
top_20,"Hoge, Tom",15575,bovada,+750,0.117647,False,False,RBC Heritage,2026-04-16 01:13:04 UTC
top_20,"Hoge, Tom",15575,fanduel,+1100,0.083333,False,False,RBC Heritage,2026-04-16 01:13:04 UTC
top_20,"Hoge, Tom",15575,draftkings,+980,0.092593,False,False,RBC Heritage,2026-04-16 01:13:04 UTC
top_20,"Hoge, Tom",15575,betmgm,+750,0.117647,False,False,RBC Heritage,2026-04-16 01:13:04 UTC
top_20,"Hoge, Tom",15575,unibet,+650,0.133333,False,False,RBC Heritage,2026-04-16 01:13:04 UTC
top_20,"Hoge, Tom",15575,pointsbet,+1000,0.090909,False,False,RBC Heritage,2026-04-16 01:13:04 UTC
top_20,"Hoge, Tom",15575,bet365,+650,0.133333,False,True,RBC Heritage,2026-04-16 01:13:04 UTC
top_20,"Hoge, Tom",15575,betonline,+750,0.117647,False,False,RBC Heritage,2026-04-16 01:13:04 UTC
top_20,"Hoge, Tom",15575,datagolf,+1551,0.060569,True,False,RBC Heritage,2026-04-16 01:13:04 UTC
top_20,"Schenk, Adam",19477,bovada,+1100,0.083333,False,False,RBC Heritage,2026-04-16 01:13:04 UTC
top_20,"Schenk, Adam",19477,fanduel,+1900,0.05,False,False,RBC Heritage,2026-04-16 01:13:04 UTC
top_20,"Schenk, Adam",19477,draftkings,+1750,0.054054,False,False,RBC Heritage,2026-04-16 01:13:04 UTC
top_20,"Schenk, Adam",19477,betmgm,+1600,0.058824,False,False,RBC Heritage,2026-04-16 01:13:04 UTC
top_20,"Schenk, Adam",19477,unibet,+1600,0.058824,False,False,RBC Heritage,2026-04-16 01:13:04 UTC
top_20,"Schenk, Adam",19477,pointsbet,+1400,0.066667,False,False,RBC Heritage,2026-04-16 01:13:04 UTC
top_20,"Schenk, Adam",19477,bet365,+1000,0.090909,False,True,RBC Heritage,2026-04-16 01:13:04 UTC
top_20,"Schenk, Adam",19477,betonline,+1600,0.058824,False,False,RBC Heritage,2026-04-16 01:13:04 UTC
top_20,"Schenk, Adam",19477,datagolf,+2691,0.035829,True,False,RBC Heritage,2026-04-16 01:13:04 UTC
top_20,"Vilips, Karl",24304,bovada,+650,0.133333,False,False,RBC Heritage,2026-04-16 01:13:04 UTC
top_20,"Vilips, Karl",24304,fanduel,+1100,0.083333,False,False,RBC Heritage,2026-04-16 01:13:04 UTC
top_20,"Vilips, Karl",24304,draftkings,+1050,0.086957,False,False,RBC Heritage,2026-04-16 01:13:04 UTC
top_20,"Vilips, Karl",24304,betmgm,+700,0.125,False,False,RBC Heritage,2026-04-16 01:13:04 UTC
top_20,"Vilips, Karl",24304,unibet,+600,0.142857,False,False,RBC Heritage,2026-04-16 01:13:04 UTC
top_20,"Vilips, Karl",24304,pointsbet,+1000,0.090909,False,False,RBC Heritage,2026-04-16 01:13:04 UTC
top_20,"Vilips, Karl",24304,bet365,+650,0.133333,False,True,RBC Heritage,2026-04-16 01:13:04 UTC
top_20,"Vilips, Karl",24304,betonline,+900,0.1,False,False,RBC Heritage,2026-04-16 01:13:04 UTC
top_20,"Vilips, Karl",24304,datagolf,+1617,0.058241,True,False,RBC Heritage,2026-04-16 01:13:04 UTC
top_20,"Potgieter, Aldrich",27900,bovada,+800,0.111111,False,False,RBC Heritage,2026-04-16 01:13:04 UTC
top_20,"Potgieter, Aldrich",27900,fanduel,+1100,0.083333,False,False,RBC Heritage,2026-04-16 01:13:04 UTC
top_20,"Potgieter, Aldrich",27900,draftkings,+1100,0.083333,False,False,RBC Heritage,2026-04-16 01:13:04 UTC
top_20,"Potgieter, Aldrich",27900,betmgm,+900,0.1,False,False,RBC Heritage,2026-04-16 01:13:04 UTC
top_20,"Potgieter, Aldrich",27900,unibet,+850,0.105263,False,False,RBC Heritage,2026-04-16 01:13:04 UTC
top_20,"Potgieter, Aldrich",27900,pointsbet,+1000,0.090909,False,False,RBC Heritage,2026-04-16 01:13:04 UTC
top_20,"Potgieter, Aldrich",27900,bet365,+800,0.111111,False,True,RBC Heritage,2026-04-16 01:13:04 UTC
top_20,"Potgieter, Aldrich",27900,betonline,+900,0.1,False,False,RBC Heritage,2026-04-16 01:13:04 UTC
top_20,"Potgieter, Aldrich",27900,datagolf,+2181,0.04384,True,False,RBC Heritage,2026-04-16 01:13:04 UTC
top_20,"Campbell, Brian",18628,bovada,+650,0.133333,False,False,RBC Heritage,2026-04-16 01:13:04 UTC
top_20,"Campbell, Brian",18628,fanduel,+700,0.125,False,False,RBC Heritage,2026-04-16 01:13:04 UTC
top_20,"Campbell, Brian",18628,draftkings,+880,0.102041,False,False,RBC Heritage,2026-04-16 01:13:04 UTC
top_20,"Campbell, Brian",18628,betmgm,+700,0.125,False,False,RBC Heritage,2026-04-16 01:13:04 UTC
top_20,"Campbell, Brian",18628,unibet,+850,0.105263,False,False,RBC Heritage,2026-04-16 01:13:04 UTC
top_20,"Campbell, Brian",18628,pointsbet,+650,0.133333,False,False,RBC Heritage,2026-04-16 01:13:04 UTC
top_20,"Campbell, Brian",18628,bet365,+550,0.153846,False,True,RBC Heritage,2026-04-16 01:13:04 UTC
top_20,"Campbell, Brian",18628,betonline,+750,0.117647,False,False,RBC Heritage,2026-04-16 01:13:04 UTC
top_20,"Campbell, Brian",18628,datagolf,+1375,0.067797,True,False,RBC Heritage,2026-04-16 01:13:04 UTC
top_20,"Highsmith, Joe",28469,bovada,+1100,0.083333,False,False,RBC Heritage,2026-04-16 01:13:04 UTC
top_20,"Highsmith, Joe",28469,fanduel,+2200,0.043478,False,False,RBC Heritage,2026-04-16 01:13:04 UTC
top_20,"Highsmith, Joe",28469,draftkings,+1650,0.057143,False,False,RBC Heritage,2026-04-16 01:13:04 UTC
top_20,"Highsmith, Joe",28469,betmgm,+1400,0.066667,False,False,RBC Heritage,2026-04-16 01:13:04 UTC
top_20,"Highsmith, Joe",28469,unibet,+1600,0.058824,False,False,RBC Heritage,2026-04-16 01:13:04 UTC
top_20,"Highsmith, Joe",28469,pointsbet,+1700,0.055556,False,False,RBC Heritage,2026-04-16 01:13:04 UTC
top_20,"Highsmith, Joe",28469,bet365,+1100,0.083333,False,True,RBC Heritage,2026-04-16 01:13:04 UTC
top_20,"Highsmith, Joe",28469,betonline,+1200,0.076923,False,False,RBC Heritage,2026-04-16 01:13:04 UTC
top_20,"Highsmith, Joe",28469,datagolf,+2726,0.035386,True,False,RBC Heritage,2026-04-16 01:13:04 UTC
