player_id,player_name,round,h1,h2,h3,h4,h5,h6,h7,h8,h9,h10,h11,h12,h13,h14,h15,h16,h17,h18,h1_par,h2_par,h3_par,h4_par,h5_par,h6_par,h7_par,h8_par,h9_par,h10_par,h11_par,h12_par,h13_par,h14_par,h15_par,h16_par,h17_par,h18_par,h1_rel,h2_rel,h3_rel,h4_rel,h5_rel,h6_rel,h7_rel,h8_rel,h9_rel,h10_rel,h11_rel,h12_rel,h13_rel,h14_rel,h15_rel,h16_rel,h17_rel,h18_rel,h1_running,h2_running,h3_running,h4_running,h5_running,h6_running,h7_running,h8_running,h9_running,h10_running,h11_running,h12_running,h13_running,h14_running,h15_running,h16_running,h17_running,h18_running,front9,back9,total
46414,Aaron Rai,1,4,3.0,5.0,3.0,4.0,4.0,3.0,4.0,4.0,4.0,4.0,3.0,4.0,6.0,3.0,4.0,5.0,4.0,4,4,4,3,4,4,3,4,4,4,4,3,4,5,3,4,5,4,0,-1.0,1.0,0.0,0.0,0.0,0.0,0.0,0.0,0.0,0.0,0.0,0.0,1.0,0.0,0.0,0.0,0.0,E,-1,E,E,E,E,E,E,E,E,E,E,E,+1,+1,+1,+1,+1,34,37,71
24502,Adam Scott,1,4,4.0,4.0,4.0,3.0,5.0,3.0,5.0,4.0,4.0,4.0,3.0,4.0,5.0,3.0,4.0,4.0,5.0,4,4,4,3,4,4,3,4,4,4,4,3,4,5,3,4,5,4,0,0.0,0.0,1.0,-1.0,1.0,0.0,1.0,0.0,0.0,0.0,0.0,0.0,0.0,0.0,0.0,-1.0,1.0,E,E,E,+1,E,+1,+1,+2,+2,+2,+2,+2,+2,+2,+2,+2,+1,+2,36,36,72
34371,Adrien Saddier,1,5,5.0,4.0,3.0,6.0,4.0,3.0,4.0,4.0,4.0,4.0,3.0,5.0,5.0,4.0,5.0,6.0,3.0,4,4,4,3,4,4,3,4,4,4,4,3,4,5,3,4,5,4,1,1.0,0.0,0.0,2.0,0.0,0.0,0.0,0.0,0.0,0.0,0.0,1.0,0.0,1.0,1.0,1.0,-1.0,+1,+2,+2,+2,+4,+4,+4,+4,+4,+4,+4,+4,+5,+5,+6,+7,+8,+7,38,39,77
56630,Akshay Bhatia,1,4,4.0,4.0,3.0,3.0,5.0,3.0,4.0,4.0,4.0,4.0,3.0,4.0,5.0,3.0,5.0,5.0,4.0,4,4,4,3,4,4,3,4,4,4,4,3,4,5,3,4,5,4,0,0.0,0.0,0.0,-1.0,1.0,0.0,0.0,0.0,0.0,0.0,0.0,0.0,0.0,0.0,1.0,0.0,0.0,E,E,E,E,-1,E,E,E,E,E,E,E,E,E,E,+1,+1,+1,34,37,71
63343,Aldrich Potgieter,1,5,4.0,4.0,4.0,4.0,4.0,3.0,4.0,5.0,4.0,3.0,3.0,4.0,4.0,3.0,3.0,4.0,4.0,4,4,4,3,4,4,3,4,4,4,4,3,4,5,3,4,5,4,1,0.0,0.0,1.0,0.0,0.0,0.0,0.0,1.0,0.0,-1.0,0.0,0.0,-1.0,0.0,-1.0,-1.0,0.0,+1,+1,+1,+2,+2,+2,+2,+2,+3,+3,+2,+2,+2,+1,+1,E,-1,-1,37,32,69
63223,Alejandro De Castro Piera,1,4,4.0,4.0,3.0,4.0,4.0,4.0,4.0,4.0,4.0,5.0,3.0,4.0,5.0,4.0,3.0,5.0,5.0,4,4,4,3,4,4,3,4,4,4,4,3,4,5,3,4,5,4,0,0.0,0.0,0.0,0.0,0.0,1.0,0.0,0.0,0.0,1.0,0.0,0.0,0.0,1.0,-1.0,0.0,1.0,E,E,E,E,E,E,+1,+1,+1,+1,+2,+2,+2,+2,+3,+2,+2,+3,35,38,73
55721,Alex Fitzpatrick,1,4,5.0,4.0,2.0,3.0,4.0,2.0,4.0,4.0,4.0,4.0,3.0,5.0,5.0,3.0,4.0,5.0,4.0,4,4,4,3,4,4,3,4,4,4,4,3,4,5,3,4,5,4,0,1.0,0.0,-1.0,-1.0,0.0,-1.0,0.0,0.0,0.0,0.0,0.0,1.0,0.0,0.0,0.0,0.0,0.0,E,+1,+1,E,-1,-1,-2,-2,-2,-2,-2,-2,-1,-1,-1,-1,-1,-1,32,37,69
27349,Alex Noren,1,4,4.0,4.0,3.0,4.0,5.0,3.0,4.0,4.0,4.0,4.0,3.0,4.0,5.0,3.0,4.0,5.0,4.0,4,4,4,3,4,4,3,4,4,4,4,3,4,5,3,4,5,4,0,0.0,0.0,0.0,0.0,1.0,0.0,0.0,0.0,0.0,0.0,0.0,0.0,0.0,0.0,0.0,0.0,0.0,E,E,E,E,E,+1,+1,+1,+1,+1,+1,+1,+1,+1,+1,+1,+1,+1,35,36,71
46340,Alex Smalley,1,3,3.0,4.0,2.0,3.0,5.0,3.0,4.0,4.0,4.0,4.0,3.0,4.0,4.0,2.0,4.0,5.0,6.0,4,4,4,3,4,4,3,4,4,4,4,3,4,5,3,4,5,4,-1,-1.0,0.0,-1.0,-1.0,1.0,0.0,0.0,0.0,0.0,0.0,0.0,0.0,-1.0,-1.0,0.0,0.0,2.0,-1,-2,-2,-3,-4,-3,-3,-3,-3,-3,-3,-3,-3,-4,-5,-5,-5,-3,31,36,67
51680,Alistair Docherty,1,4,4.0,4.0,4.0,4.0,4.0,3.0,6.0,4.0,4.0,4.0,3.0,5.0,4.0,3.0,4.0,5.0,4.0,4,4,4,3,4,4,3,4,4,4,4,3,4,5,3,4,5,4,0,0.0,0.0,1.0,0.0,0.0,0.0,2.0,0.0,0.0,0.0,0.0,1.0,-1.0,0.0,0.0,0.0,0.0,E,E,E,+1,+1,+1,+1,+3,+3,+3,+3,+3,+4,+3,+3,+3,+3,+3,37,36,73
51997,Andrew Novak,1,5,4.0,4.0,3.0,5.0,5.0,4.0,4.0,3.0,4.0,4.0,3.0,4.0,5.0,3.0,4.0,5.0,4.0,4,4,4,3,4,4,3,4,4,4,4,3,4,5,3,4,5,4,1,0.0,0.0,0.0,1.0,1.0,1.0,0.0,-1.0,0.0,0.0,0.0,0.0,0.0,0.0,0.0,0.0,0.0,+1,+1,+1,+1,+2,+3,+4,+4,+3,+3,+3,+3,+3,+3,+3,+3,+3,+3,37,36,73
35314,Andy Sullivan,1,4,4.0,4.0,3.0,4.0,4.0,3.0,4.0,4.0,4.0,3.0,3.0,5.0,4.0,4.0,4.0,4.0,5.0,4,4,4,3,4,4,3,4,4,4,4,3,4,5,3,4,5,4,0,0.0,0.0,0.0,0.0,0.0,0.0,0.0,0.0,0.0,-1.0,0.0,1.0,-1.0,1.0,0.0,-1.0,1.0,E,E,E,E,E,E,E,E,E,E,-1,-1,E,-1,E,E,-1,E,34,36,70
64052,Angel Ayora,1,4,4.0,4.0,3.0,4.0,4.0,3.0,4.0,3.0,5.0,3.0,3.0,4.0,5.0,4.0,4.0,5.0,6.0,4,4,4,3,4,4,3,4,4,4,4,3,4,5,3,4,5,4,0,0.0,0.0,0.0,0.0,0.0,0.0,0.0,-1.0,1.0,-1.0,0.0,0.0,0.0,1.0,0.0,0.0,2.0,E,E,E,E,E,E,E,E,-1,E,-1,-1,-1,-1,E,E,E,+2,33,39,72
46646,Antoine Rozner,1,5,4.0,5.0,3.0,4.0,4.0,3.0,3.0,3.0,4.0,4.0,3.0,3.0,4.0,3.0,5.0,5.0,4.0,4,4,4,3,4,4,3,4,4,4,4,3,4,5,3,4,5,4,1,0.0,1.0,0.0,0.0,0.0,0.0,-1.0,-1.0,0.0,0.0,0.0,-1.0,-1.0,0.0,1.0,0.0,0.0,+1,+1,+2,+2,+2,+2,+2,+1,E,E,E,E,-1,-2,-2,-1,-1,-1,34,35,69
45733,Austen Truslow,1,6,5.0,4.0,3.0,4.0,5.0,3.0,5.0,4.0,5.0,4.0,3.0,4.0,4.0,4.0,5.0,6.0,5.0,4,4,4,3,4,4,3,4,4,4,4,3,4,5,3,4,5,4,2,1.0,0.0,0.0,0.0,1.0,0.0,1.0,0.0,1.0,0.0,0.0,0.0,-1.0,1.0,1.0,1.0,1.0,+2,+3,+3,+3,+3,+4,+4,+5,+5,+6,+6,+6,+6,+5,+6,+7,+8,+9,39,40,79
70940,Bard Bjoernevikl Skogen,1,4,3.0,4.0,3.0,4.0,6.0,4.0,4.0,4.0,4.0,4.0,3.0,5.0,5.0,3.0,4.0,5.0,4.0,4,4,4,3,4,4,3,4,4,4,4,3,4,5,3,4,5,4,0,-1.0,0.0,0.0,0.0,2.0,1.0,0.0,0.0,0.0,0.0,0.0,1.0,0.0,0.0,0.0,0.0,0.0,E,-1,-1,-1,-1,+1,+2,+2,+2,+2,+2,+2,+3,+3,+3,+3,+3,+3,36,37,73
54591,Ben Griffin,1,4,3.0,4.0,3.0,3.0,5.0,3.0,4.0,4.0,4.0,4.0,3.0,5.0,4.0,3.0,5.0,4.0,4.0,4,4,4,3,4,4,3,4,4,4,4,3,4,5,3,4,5,4,0,-1.0,0.0,0.0,-1.0,1.0,0.0,0.0,0.0,0.0,0.0,0.0,1.0,-1.0,0.0,1.0,-1.0,0.0,E,-1,-1,-1,-2,-1,-1,-1,-1,-1,-1,-1,E,-1,-1,E,-1,-1,33,36,69
29454,Bernd Wiesberger,1,4,4.0,4.0,3.0,4.0,4.0,3.0,5.0,4.0,4.0,3.0,3.0,4.0,5.0,4.0,4.0,4.0,5.0,4,4,4,3,4,4,3,4,4,4,4,3,4,5,3,4,5,4,0,0.0,0.0,0.0,0.0,0.0,0.0,1.0,0.0,0.0,-1.0,0.0,0.0,0.0,1.0,0.0,-1.0,1.0,E,E,E,E,E,E,E,+1,+1,+1,E,E,E,E,+1,+1,E,+1,35,36,71
29420,Billy Horschel,1,5,4.0,4.0,4.0,3.0,3.0,3.0,4.0,4.0,4.0,4.0,4.0,4.0,5.0,3.0,4.0,5.0,4.0,4,4,4,3,4,4,3,4,4,4,4,3,4,5,3,4,5,4,1,0.0,0.0,1.0,-1.0,-1.0,0.0,0.0,0.0,0.0,0.0,1.0,0.0,0.0,0.0,0.0,0.0,0.0,+1,+1,+1,+2,+1,E,E,E,E,E,E,+1,+1,+1,+1,+1,+1,+1,34,37,71
27644,Brian Harman,1,4,3.0,5.0,3.0,4.0,5.0,3.0,4.0,4.0,4.0,4.0,4.0,5.0,4.0,4.0,4.0,6.0,4.0,4,4,4,3,4,4,3,4,4,4,4,3,4,5,3,4,5,4,0,-1.0,1.0,0.0,0.0,1.0,0.0,0.0,0.0,0.0,0.0,1.0,1.0,-1.0,1.0,0.0,1.0,0.0,E,-1,E,E,E,+1,+1,+1,+1,+1,+1,+2,+3,+2,+3,+3,+4,+4,35,39,74
36689,Brooks Koepka,1,4,4.0,4.0,4.0,3.0,4.0,3.0,4.0,4.0,4.0,4.0,3.0,4.0,6.0,3.0,3.0,4.0,5.0,4,4,4,3,4,4,3,4,4,4,4,3,4,5,3,4,5,4,0,0.0,0.0,1.0,-1.0,0.0,0.0,0.0,0.0,0.0,0.0,0.0,0.0,1.0,0.0,-1.0,-1.0,1.0,E,E,E,+1,E,E,E,E,E,E,E,E,E,+1,+1,E,-1,E,34,36,70
47959,Bryson DeChambeau,1,3,3.0,4.0,3.0,4.0,4.0,3.0,4.0,4.0,3.0,4.0,3.0,4.0,6.0,3.0,3.0,4.0,5.0,4,4,4,3,4,4,3,4,4,4,4,3,4,5,3,4,5,4,-1,-1.0,0.0,0.0,0.0,0.0,0.0,0.0,0.0,-1.0,0.0,0.0,0.0,1.0,0.0,-1.0,-1.0,1.0,-1,-2,-2,-2,-2,-2,-2,-2,-2,-3,-3,-3,-3,-2,-2,-3,-4,-3,32,35,67
34021,Bud Cauley,1,4,4.0,4.0,3.0,4.0,3.0,3.0,4.0,3.0,4.0,4.0,3.0,5.0,4.0,3.0,4.0,5.0,4.0,4,4,4,3,4,4,3,4,4,4,4,3,4,5,3,4,5,4,0,0.0,0.0,0.0,0.0,-1.0,0.0,0.0,-1.0,0.0,0.0,0.0,1.0,-1.0,0.0,0.0,0.0,0.0,E,E,E,E,E,-1,-1,-1,-2,-2,-2,-2,-1,-2,-2,-2,-2,-2,32,36,68
64054,Caleb Surratt,1,4,4.0,5.0,5.0,3.0,5.0,2.0,4.0,5.0,4.0,3.0,3.0,5.0,4.0,3.0,4.0,5.0,4.0,4,4,4,3,4,4,3,4,4,4,4,3,4,5,3,4,5,4,0,0.0,1.0,2.0,-1.0,1.0,-1.0,0.0,1.0,0.0,-1.0,0.0,1.0,-1.0,0.0,0.0,0.0,0.0,E,E,+1,+3,+2,+3,+2,+2,+3,+3,+2,+2,+3,+2,+2,+2,+2,+2,37,35,72
47463,Cameron John,1,3,5.0,4.0,4.0,4.0,4.0,3.0,3.0,4.0,4.0,4.0,3.0,4.0,6.0,3.0,4.0,4.0,4.0,4,4,4,3,4,4,3,4,4,4,4,3,4,5,3,4,5,4,-1,1.0,0.0,1.0,0.0,0.0,0.0,-1.0,0.0,0.0,0.0,0.0,0.0,1.0,0.0,0.0,-1.0,0.0,-1,E,E,+1,+1,+1,+1,E,E,E,E,E,E,+1,+1,+1,E,E,34,36,70
35891,Cameron Smith,1,4,4.0,4.0,4.0,3.0,5.0,3.0,5.0,4.0,5.0,3.0,3.0,4.0,5.0,4.0,4.0,5.0,4.0,4,4,4,3,4,4,3,4,4,4,4,3,4,5,3,4,5,4,0,0.0,0.0,1.0,-1.0,1.0,0.0,1.0,0.0,1.0,-1.0,0.0,0.0,0.0,1.0,0.0,0.0,0.0,E,E,E,+1,E,+1,+1,+2,+2,+3,+2,+2,+2,+2,+3,+3,+3,+3,36,37,73
57366,Cameron Young,1,4,4.0,3.0,3.0,4.0,4.0,4.0,4.0,3.0,3.0,3.0,3.0,4.0,5.0,3.0,4.0,5.0,4.0,4,4,4,3,4,4,3,4,4,4,4,3,4,5,3,4,5,4,0,0.0,-1.0,0.0,0.0,0.0,1.0,0.0,-1.0,-1.0,-1.0,0.0,0.0,0.0,0.0,0.0,0.0,0.0,E,E,-1,-1,-1,-1,E,E,-1,-2,-3,-3,-3,-3,-3,-3,-3,-3,33,34,67
57688,Casey Jarvis,1,5,4.0,4.0,4.0,4.0,6.0,2.0,4.0,4.0,3.0,4.0,4.0,4.0,5.0,4.0,4.0,4.0,4.0,4,4,4,3,4,4,3,4,4,4,4,3,4,5,3,4,5,4,1,0.0,0.0,1.0,0.0,2.0,-1.0,0.0,0.0,-1.0,0.0,1.0,0.0,0.0,1.0,0.0,-1.0,0.0,+1,+1,+1,+2,+2,+4,+3,+3,+3,+2,+2,+3,+3,+3,+4,+4,+3,+3,37,36,73
59095,Chris Gotterup,1,4,4.0,4.0,3.0,4.0,4.0,3.0,4.0,4.0,3.0,5.0,3.0,4.0,5.0,3.0,5.0,4.0,4.0,4,4,4,3,4,4,3,4,4,4,4,3,4,5,3,4,5,4,0,0.0,0.0,0.0,0.0,0.0,0.0,0.0,0.0,-1.0,1.0,0.0,0.0,0.0,0.0,1.0,-1.0,0.0,E,E,E,E,E,E,E,E,E,-1,E,E,E,E,E,+1,E,E,34,36,70
50525,Collin Morikawa,1,5,3.0,4.0,3.0,3.0,3.0,3.0,4.0,3.0,3.0,5.0,3.0,4.0,5.0,3.0,4.0,5.0,5.0,4,4,4,3,4,4,3,4,4,4,4,3,4,5,3,4,5,4,1,-1.0,0.0,0.0,-1.0,-1.0,0.0,0.0,-1.0,-1.0,1.0,0.0,0.0,0.0,0.0,0.0,0.0,1.0,+1,E,E,E,-1,-2,-2,-2,-3,-4,-3,-3,-3,-3,-3,-3,-3,-2,31,37,68
39997,Corey Conners,1,4,4.0,4.0,4.0,4.0,4.0,3.0,4.0,4.0,4.0,4.0,3.0,4.0,5.0,3.0,4.0,5.0,4.0,4,4,4,3,4,4,3,4,4,4,4,3,4,5,3,4,5,4,0,0.0,0.0,1.0,0.0,0.0,0.0,0.0,0.0,0.0,0.0,0.0,0.0,0.0,0.0,0.0,0.0,0.0,E,E,E,+1,+1,+1,+1,+1,+1,+1,+1,+1,+1,+1,+1,+1,+1,+1,35,36,71
63459,Dan Bradbury,1,4,4.0,5.0,2.0,6.0,4.0,2.0,4.0,5.0,4.0,3.0,4.0,4.0,7.0,4.0,4.0,4.0,4.0,4,4,4,3,4,4,3,4,4,4,4,3,4,5,3,4,5,4,0,0.0,1.0,-1.0,2.0,0.0,-1.0,0.0,1.0,0.0,-1.0,1.0,0.0,2.0,1.0,0.0,-1.0,0.0,E,E,+1,E,+2,+2,+1,+1,+2,+2,+1,+2,+2,+4,+5,+5,+4,+4,36,38,74
57259,Dan Brown,1,4,4.0,4.0,4.0,4.0,4.0,3.0,3.0,3.0,3.0,4.0,2.0,5.0,4.0,4.0,3.0,4.0,4.0,4,4,4,3,4,4,3,4,4,4,4,3,4,5,3,4,5,4,0,0.0,0.0,1.0,0.0,0.0,0.0,-1.0,-1.0,-1.0,0.0,-1.0,1.0,-1.0,1.0,-1.0,-1.0,0.0,E,E,E,+1,+1,+1,+1,E,-1,-2,-2,-3,-2,-3,-2,-3,-4,-4,33,33,66
40026,Daniel Berger,1,4,4.0,4.0,4.0,4.0,4.0,3.0,4.0,4.0,4.0,5.0,3.0,5.0,5.0,4.0,4.0,6.0,5.0,4,4,4,3,4,4,3,4,4,4,4,3,4,5,3,4,5,4,0,0.0,0.0,1.0,0.0,0.0,0.0,0.0,0.0,0.0,1.0,0.0,1.0,0.0,1.0,0.0,1.0,1.0,E,E,E,+1,+1,+1,+1,+1,+1,+1,+2,+2,+3,+3,+4,+4,+5,+6,35,41,76
49813,Daniel Hillier,1,4,4.0,4.0,4.0,3.0,4.0,2.0,4.0,4.0,4.0,5.0,3.0,5.0,4.0,3.0,4.0,6.0,5.0,4,4,4,3,4,4,3,4,4,4,4,3,4,5,3,4,5,4,0,0.0,0.0,1.0,-1.0,0.0,-1.0,0.0,0.0,0.0,1.0,0.0,1.0,-1.0,0.0,0.0,1.0,1.0,E,E,E,+1,E,E,-1,-1,-1,-1,E,E,+1,E,E,E,+1,+2,33,39,72
19825,Darren Clarke,1,5,3.0,5.0,3.0,4.0,4.0,3.0,5.0,4.0,4.0,5.0,3.0,4.0,5.0,3.0,4.0,5.0,4.0,4,4,4,3,4,4,3,4,4,4,4,3,4,5,3,4,5,4,1,-1.0,1.0,0.0,0.0,0.0,0.0,1.0,0.0,0.0,1.0,0.0,0.0,0.0,0.0,0.0,0.0,0.0,+1,E,+1,+1,+1,+1,+1,+2,+2,+2,+3,+3,+3,+3,+3,+3,+3,+3,36,37,73
68566,David Howard,1,4,4.0,4.0,3.0,4.0,5.0,3.0,5.0,4.0,4.0,4.0,3.0,5.0,4.0,4.0,5.0,4.0,5.0,4,4,4,3,4,4,3,4,4,4,4,3,4,5,3,4,5,4,0,0.0,0.0,0.0,0.0,1.0,0.0,1.0,0.0,0.0,0.0,0.0,1.0,-1.0,1.0,1.0,-1.0,1.0,E,E,E,E,E,+1,+1,+2,+2,+2,+2,+2,+3,+2,+3,+4,+3,+4,36,38,74
61193,David Puig,1,4,4.0,4.0,4.0,3.0,5.0,3.0,4.0,4.0,4.0,3.0,3.0,4.0,5.0,3.0,4.0,6.0,7.0,4,4,4,3,4,4,3,4,4,4,4,3,4,5,3,4,5,4,0,0.0,0.0,1.0,-1.0,1.0,0.0,0.0,0.0,0.0,-1.0,0.0,0.0,0.0,0.0,0.0,1.0,2.0,E,E,E,+1,E,+1,+1,+1,+1,+1,E,E,E,E,E,E,+1,+4,35,39,74
47591,Eric Cole,1,4,4.0,5.0,3.0,3.0,4.0,3.0,6.0,4.0,4.0,6.0,3.0,4.0,5.0,3.0,4.0,7.0,4.0,4,4,4,3,4,4,3,4,4,4,4,3,4,5,3,4,5,4,0,0.0,1.0,0.0,-1.0,0.0,0.0,2.0,0.0,0.0,2.0,0.0,0.0,0.0,0.0,0.0,2.0,0.0,E,E,+1,+1,E,E,E,+2,+2,+2,+4,+4,+4,+4,+4,+4,+6,+6,36,40,76
57492,Eugenio Chacarra,1,4,4.0,3.0,3.0,4.0,5.0,3.0,5.0,4.0,4.0,3.0,2.0,5.0,5.0,4.0,3.0,4.0,5.0,4,4,4,3,4,4,3,4,4,4,4,3,4,5,3,4,5,4,0,0.0,-1.0,0.0,0.0,1.0,0.0,1.0,0.0,0.0,-1.0,-1.0,1.0,0.0,1.0,-1.0,-1.0,1.0,E,E,-1,-1,-1,E,E,+1,+1,+1,E,-1,E,E,+1,E,-1,E,35,35,70
70146,Fifa Laopakdee,1,5,4.0,4.0,3.0,4.0,4.0,3.0,6.0,4.0,4.0,4.0,4.0,4.0,5.0,4.0,4.0,5.0,4.0,4,4,4,3,4,4,3,4,4,4,4,3,4,5,3,4,5,4,1,0.0,0.0,0.0,0.0,0.0,0.0,2.0,0.0,0.0,0.0,1.0,0.0,0.0,1.0,0.0,0.0,0.0,+1,+1,+1,+1,+1,+1,+1,+3,+3,+3,+3,+4,+4,+4,+5,+5,+5,+5,37,38,75
34607,Francesco Laporta,1,4,4.0,4.0,3.0,3.0,5.0,3.0,4.0,4.0,4.0,4.0,3.0,5.0,5.0,5.0,4.0,6.0,4.0,4,4,4,3,4,4,3,4,4,4,4,3,4,5,3,4,5,4,0,0.0,0.0,0.0,-1.0,1.0,0.0,0.0,0.0,0.0,0.0,0.0,1.0,0.0,2.0,0.0,1.0,0.0,E,E,E,E,-1,E,E,E,E,E,E,E,+1,+1,+3,+3,+4,+4,34,40,74
25198,Francesco Molinari,1,5,4.0,4.0,2.0,3.0,5.0,3.0,4.0,4.0,5.0,3.0,2.0,4.0,4.0,3.0,4.0,4.0,4.0,4,4,4,3,4,4,3,4,4,4,4,3,4,5,3,4,5,4,1,0.0,0.0,-1.0,-1.0,1.0,0.0,0.0,0.0,1.0,-1.0,-1.0,0.0,-1.0,0.0,0.0,-1.0,0.0,+1,+1,+1,E,-1,E,E,E,E,+1,E,-1,-1,-2,-2,-2,-3,-3,34,33,67
52585,Frederic LaCroix,1,4,4.0,5.0,4.0,3.0,4.0,3.0,5.0,4.0,3.0,5.0,3.0,4.0,5.0,4.0,4.0,4.0,4.0,4,4,4,3,4,4,3,4,4,4,4,3,4,5,3,4,5,4,0,0.0,1.0,1.0,-1.0,0.0,0.0,1.0,0.0,-1.0,1.0,0.0,0.0,0.0,1.0,0.0,-1.0,0.0,E,E,+1,+2,+1,+1,+1,+2,+2,+1,+2,+2,+2,+2,+3,+3,+2,+2,36,36,72
31323,Gary Woodland,1,4,4.0,6.0,3.0,4.0,4.0,3.0,3.0,5.0,4.0,6.0,3.0,4.0,5.0,4.0,3.0,7.0,6.0,4,4,4,3,4,4,3,4,4,4,4,3,4,5,3,4,5,4,0,0.0,2.0,0.0,0.0,0.0,0.0,-1.0,1.0,0.0,2.0,0.0,0.0,0.0,1.0,-1.0,2.0,2.0,E,E,+2,+2,+2,+2,+2,+1,+2,+2,+4,+4,+4,+4,+5,+4,+6,+8,36,42,78
35296,Haotong Li,1,4,3.0,3.0,3.0,5.0,5.0,3.0,5.0,5.0,4.0,3.0,4.0,5.0,5.0,4.0,3.0,4.0,4.0,4,4,4,3,4,4,3,4,4,4,4,3,4,5,3,4,5,4,0,-1.0,-1.0,0.0,1.0,1.0,0.0,1.0,1.0,0.0,-1.0,1.0,1.0,0.0,1.0,-1.0,-1.0,0.0,E,-1,-2,-2,-1,E,E,+1,+2,+2,+1,+2,+3,+3,+4,+3,+2,+2,36,36,72
34099,Harris English,1,5,4.0,4.0,3.0,3.0,3.0,3.0,6.0,5.0,4.0,5.0,2.0,5.0,4.0,4.0,4.0,4.0,5.0,4,4,4,3,4,4,3,4,4,4,4,3,4,5,3,4,5,4,1,0.0,0.0,0.0,-1.0,-1.0,0.0,2.0,1.0,0.0,1.0,-1.0,1.0,-1.0,1.0,0.0,-1.0,1.0,+1,+1,+1,+1,E,-1,-1,+1,+2,+2,+3,+2,+3,+2,+3,+3,+2,+3,36,37,73
57975,Harry Hall,1,6,3.0,4.0,3.0,3.0,5.0,4.0,4.0,5.0,4.0,6.0,3.0,5.0,7.0,3.0,5.0,3.0,4.0,4,4,4,3,4,4,3,4,4,4,4,3,4,5,3,4,5,4,2,-1.0,0.0,0.0,-1.0,1.0,1.0,0.0,1.0,0.0,2.0,0.0,1.0,2.0,0.0,1.0,-2.0,0.0,+2,+1,+1,+1,E,+1,+2,+2,+3,+3,+5,+5,+6,+8,+8,+9,+7,+7,37,40,77
47497,Hennie Du Plessis,1,3,4.0,5.0,3.0,4.0,4.0,2.0,4.0,4.0,4.0,5.0,3.0,4.0,4.0,3.0,4.0,5.0,5.0,4,4,4,3,4,4,3,4,4,4,4,3,4,5,3,4,5,4,-1,0.0,1.0,0.0,0.0,0.0,-1.0,0.0,0.0,0.0,1.0,0.0,0.0,-1.0,0.0,0.0,0.0,1.0,-1,-1,E,E,E,E,-1,-1,-1,-1,E,E,E,-1,-1,-1,-1,E,33,37,70
21528,Henrik Stenson,1,4,4.0,4.0,3.0,3.0,4.0,3.0,4.0,4.0,4.0,6.0,3.0,4.0,5.0,2.0,4.0,4.0,3.0,4,4,4,3,4,4,3,4,4,4,4,3,4,5,3,4,5,4,0,0.0,0.0,0.0,-1.0,0.0,0.0,0.0,0.0,0.0,2.0,0.0,0.0,0.0,-1.0,0.0,-1.0,-1.0,E,E,E,E,-1,-1,-1,-1,-1,-1,+1,+1,+1,+1,E,E,-1,-2,33,35,68
32839,Hideki Matsuyama,1,4,4.0,5.0,3.0,4.0,4.0,3.0,4.0,4.0,4.0,4.0,3.0,5.0,5.0,4.0,4.0,5.0,3.0,4,4,4,3,4,4,3,4,4,4,4,3,4,5,3,4,5,4,0,0.0,1.0,0.0,0.0,0.0,0.0,0.0,0.0,0.0,0.0,0.0,1.0,0.0,1.0,0.0,0.0,-1.0,E,E,+1,+1,+1,+1,+1,+1,+1,+1,+1,+1,+2,+2,+3,+3,+3,+2,35,37,72
39324,J.J. Spaun,1,4,4.0,5.0,4.0,4.0,4.0,3.0,4.0,3.0,3.0,4.0,3.0,5.0,5.0,3.0,3.0,5.0,4.0,4,4,4,3,4,4,3,4,4,4,4,3,4,5,3,4,5,4,0,0.0,1.0,1.0,0.0,0.0,0.0,0.0,-1.0,-1.0,0.0,0.0,1.0,0.0,0.0,-1.0,0.0,0.0,E,E,+1,+2,+2,+2,+2,+2,+1,E,E,E,+1,+1,+1,E,E,E,35,35,70
49771,J.T. Poston,1,4,4.0,5.0,3.0,4.0,3.0,3.0,5.0,4.0,3.0,5.0,2.0,4.0,5.0,4.0,4.0,5.0,4.0,4,4,4,3,4,4,3,4,4,4,4,3,4,5,3,4,5,4,0,0.0,1.0,0.0,0.0,-1.0,0.0,1.0,0.0,-1.0,1.0,-1.0,0.0,0.0,1.0,0.0,0.0,0.0,E,E,+1,+1,+1,E,E,+1,+1,E,+1,E,E,E,+1,+1,+1,+1,35,36,71
66202,Jack Buchanan,1,4,5.0,4.0,3.0,4.0,4.0,4.0,5.0,4.0,4.0,5.0,3.0,3.0,6.0,2.0,4.0,5.0,4.0,4,4,4,3,4,4,3,4,4,4,4,3,4,5,3,4,5,4,0,1.0,0.0,0.0,0.0,0.0,1.0,1.0,0.0,0.0,1.0,0.0,-1.0,1.0,-1.0,0.0,0.0,0.0,E,+1,+1,+1,+1,+1,+2,+3,+3,+3,+4,+4,+3,+4,+3,+3,+3,+3,37,36,73
36872,Jack McDonald,1,3,3.0,4.0,3.0,3.0,5.0,3.0,4.0,4.0,3.0,6.0,3.0,4.0,6.0,3.0,4.0,5.0,4.0,4,4,4,3,4,4,3,4,4,4,4,3,4,5,3,4,5,4,-1,-1.0,0.0,0.0,-1.0,1.0,0.0,0.0,0.0,-1.0,2.0,0.0,0.0,1.0,0.0,0.0,0.0,0.0,-1,-2,-2,-2,-3,-2,-2,-2,-2,-3,-1,-1,-1,E,E,E,E,E,32,38,70
60019,Jackson Suber,1,4,4.0,4.0,3.0,3.0,5.0,2.0,5.0,4.0,3.0,3.0,3.0,5.0,4.0,3.0,3.0,3.0,4.0,4,4,4,3,4,4,3,4,4,4,4,3,4,5,3,4,5,4,0,0.0,0.0,0.0,-1.0,1.0,-1.0,1.0,0.0,-1.0,-1.0,0.0,1.0,-1.0,0.0,-1.0,-2.0,0.0,E,E,E,E,-1,E,-1,E,E,-1,-2,-2,-1,-2,-2,-3,-5,-5,34,31,65
60004,Jacob Bridgeman,1,3,4.0,4.0,4.0,4.0,5.0,3.0,4.0,3.0,4.0,3.0,2.0,4.0,6.0,4.0,4.0,5.0,4.0,4,4,4,3,4,4,3,4,4,4,4,3,4,5,3,4,5,4,-1,0.0,0.0,1.0,0.0,1.0,0.0,0.0,-1.0,0.0,-1.0,-1.0,0.0,1.0,1.0,0.0,0.0,0.0,-1,-1,-1,E,E,+1,+1,+1,E,E,-1,-2,-2,-1,E,E,E,E,34,36,70
47420,Jake Knapp,1,4,4.0,4.0,3.0,4.0,4.0,3.0,4.0,4.0,5.0,4.0,3.0,4.0,5.0,3.0,4.0,5.0,4.0,4,4,4,3,4,4,3,4,4,4,4,3,4,5,3,4,5,4,0,0.0,0.0,0.0,0.0,0.0,0.0,0.0,0.0,1.0,0.0,0.0,0.0,0.0,0.0,0.0,0.0,0.0,E,E,E,E,E,E,E,E,E,+1,+1,+1,+1,+1,+1,+1,+1,+1,34,37,71
58188,James Nicholas,1,5,4.0,5.0,3.0,4.0,4.0,4.0,4.0,4.0,4.0,4.0,3.0,5.0,5.0,4.0,4.0,5.0,4.0,4,4,4,3,4,4,3,4,4,4,4,3,4,5,3,4,5,4,1,0.0,1.0,0.0,0.0,0.0,1.0,0.0,0.0,0.0,0.0,0.0,1.0,0.0,1.0,0.0,0.0,0.0,+1,+1,+2,+2,+2,+2,+3,+3,+3,+3,+3,+3,+4,+4,+5,+5,+5,+5,37,38,75
28089,Jason Day,1,4,5.0,4.0,3.0,3.0,5.0,3.0,4.0,4.0,4.0,4.0,3.0,5.0,5.0,3.0,4.0,5.0,5.0,4,4,4,3,4,4,3,4,4,4,4,3,4,5,3,4,5,4,0,1.0,0.0,0.0,-1.0,1.0,0.0,0.0,0.0,0.0,0.0,0.0,1.0,0.0,0.0,0.0,0.0,1.0,E,+1,+1,+1,E,+1,+1,+1,+1,+1,+1,+1,+2,+2,+2,+2,+2,+3,35,38,73
57737,Jayden Schaper,1,5,3.0,3.0,4.0,4.0,4.0,3.0,5.0,4.0,3.0,4.0,4.0,4.0,4.0,4.0,4.0,4.0,4.0,4,4,4,3,4,4,3,4,4,4,4,3,4,5,3,4,5,4,1,-1.0,-1.0,1.0,0.0,0.0,0.0,1.0,0.0,-1.0,0.0,1.0,0.0,-1.0,1.0,0.0,-1.0,0.0,+1,E,-1,E,E,E,E,+1,+1,E,E,+1,+1,E,+1,+1,E,E,35,35,70
46724,Jeong Woo Ham,1,4,4.0,3.0,4.0,5.0,6.0,3.0,5.0,4.0,4.0,4.0,3.0,5.0,6.0,3.0,4.0,6.0,4.0,4,4,4,3,4,4,3,4,4,4,4,3,4,5,3,4,5,4,0,0.0,-1.0,1.0,1.0,2.0,0.0,1.0,0.0,0.0,0.0,0.0,1.0,1.0,0.0,0.0,1.0,0.0,E,E,-1,E,+1,+3,+3,+4,+4,+4,+4,+4,+5,+6,+6,+6,+7,+7,38,39,77
57586,Jesper Svensson,1,4,4.0,5.0,3.0,4.0,4.0,3.0,4.0,5.0,4.0,5.0,3.0,4.0,5.0,3.0,4.0,4.0,5.0,4,4,4,3,4,4,3,4,4,4,4,3,4,5,3,4,5,4,0,0.0,1.0,0.0,0.0,0.0,0.0,0.0,1.0,0.0,1.0,0.0,0.0,0.0,0.0,0.0,-1.0,1.0,E,E,+1,+1,+1,+1,+1,+1,+2,+2,+3,+3,+3,+3,+3,+3,+2,+3,36,37,73
70939,Jiho Yang,1,7,4.0,4.0,3.0,4.0,5.0,4.0,5.0,4.0,5.0,4.0,2.0,5.0,4.0,3.0,4.0,5.0,5.0,4,4,4,3,4,4,3,4,4,4,4,3,4,5,3,4,5,4,2,0.0,0.0,0.0,0.0,1.0,1.0,1.0,0.0,1.0,0.0,-1.0,1.0,-1.0,0.0,0.0,0.0,1.0,+3,+3,+3,+3,+3,+4,+5,+6,+6,+7,+7,+6,+7,+6,+6,+6,+6,+7,40,37,77
34317,Joakim Lagergren,1,4,5.0,3.0,2.0,4.0,4.0,3.0,4.0,4.0,4.0,4.0,3.0,4.0,5.0,3.0,4.0,4.0,4.0,4,4,4,3,4,4,3,4,4,4,4,3,4,5,3,4,5,4,0,1.0,-1.0,-1.0,0.0,0.0,0.0,0.0,0.0,0.0,0.0,0.0,0.0,0.0,0.0,0.0,-1.0,0.0,E,+1,E,-1,-1,-1,-1,-1,-1,-1,-1,-1,-1,-1,-1,-1,-2,-2,33,35,68
45486,Joaquin Niemann,1,4,6.0,4.0,3.0,5.0,4.0,3.0,5.0,4.0,4.0,4.0,4.0,4.0,6.0,3.0,4.0,5.0,4.0,4,4,4,3,4,4,3,4,4,4,4,3,4,5,3,4,5,4,0,2.0,0.0,0.0,1.0,0.0,0.0,1.0,0.0,0.0,0.0,1.0,0.0,1.0,0.0,0.0,0.0,0.0,E,+2,+2,+2,+3,+3,+3,+4,+4,+4,+4,+5,+5,+6,+6,+6,+6,+6,38,38,76
37094,Joe Dean,1,4,4.0,4.0,2.0,4.0,5.0,4.0,4.0,5.0,3.0,3.0,4.0,4.0,5.0,3.0,4.0,5.0,5.0,4,4,4,3,4,4,3,4,4,4,4,3,4,5,3,4,5,4,0,0.0,0.0,-1.0,0.0,1.0,1.0,0.0,1.0,-1.0,-1.0,1.0,0.0,0.0,0.0,0.0,0.0,1.0,E,E,E,-1,-1,E,+1,+1,+2,+1,E,+1,+1,+1,+1,+1,+1,+2,36,36,72
28723,John Parry,1,4,4.0,4.0,4.0,3.0,4.0,2.0,4.0,4.0,4.0,5.0,4.0,4.0,5.0,3.0,5.0,4.0,4.0,4,4,4,3,4,4,3,4,4,4,4,3,4,5,3,4,5,4,0,0.0,0.0,1.0,-1.0,0.0,-1.0,0.0,0.0,0.0,1.0,1.0,0.0,0.0,0.0,1.0,-1.0,0.0,E,E,E,+1,E,E,-1,-1,-1,-1,E,+1,+1,+1,+1,+2,+1,+1,33,38,71
63454,Johnny Keefer,1,4,4.0,4.0,4.0,4.0,4.0,3.0,4.0,5.0,4.0,4.0,3.0,3.0,4.0,3.0,4.0,4.0,5.0,4,4,4,3,4,4,3,4,4,4,4,3,4,5,3,4,5,4,0,0.0,0.0,1.0,0.0,0.0,0.0,0.0,1.0,0.0,0.0,0.0,-1.0,-1.0,0.0,0.0,-1.0,1.0,E,E,E,+1,+1,+1,+1,+1,+2,+2,+2,+2,+1,E,E,E,-1,E,36,34,70
46970,Jon Rahm,1,4,4.0,3.0,3.0,4.0,4.0,3.0,4.0,4.0,4.0,3.0,3.0,4.0,6.0,4.0,4.0,4.0,4.0,4,4,4,3,4,4,3,4,4,4,4,3,4,5,3,4,5,4,0,0.0,-1.0,0.0,0.0,0.0,0.0,0.0,0.0,0.0,-1.0,0.0,0.0,1.0,1.0,0.0,-1.0,0.0,E,E,-1,-1,-1,-1,-1,-1,-1,-1,-2,-2,-2,-1,E,E,-1,-1,33,36,69
46464,Jordan Smith,1,4,3.0,5.0,4.0,4.0,4.0,2.0,4.0,4.0,4.0,3.0,3.0,4.0,4.0,3.0,5.0,4.0,4.0,4,4,4,3,4,4,3,4,4,4,4,3,4,5,3,4,5,4,0,-1.0,1.0,1.0,0.0,0.0,-1.0,0.0,0.0,0.0,-1.0,0.0,0.0,-1.0,0.0,1.0,-1.0,0.0,E,-1,E,+1,+1,+1,E,E,E,E,-1,-1,-1,-2,-2,-1,-2,-2,34,34,68
34046,Jordan Spieth,1,4,4.0,4.0,3.0,4.0,6.0,3.0,4.0,4.0,4.0,4.0,4.0,4.0,4.0,3.0,4.0,5.0,5.0,4,4,4,3,4,4,3,4,4,4,4,3,4,5,3,4,5,4,0,0.0,0.0,0.0,0.0,2.0,0.0,0.0,0.0,0.0,0.0,1.0,0.0,-1.0,0.0,0.0,0.0,1.0,E,E,E,E,E,+2,+2,+2,+2,+2,+2,+3,+3,+2,+2,+2,+2,+3,36,37,73
60165,Jose Luis Ballester,1,4,5.0,4.0,4.0,4.0,4.0,3.0,4.0,5.0,4.0,4.0,3.0,4.0,5.0,2.0,4.0,4.0,4.0,4,4,4,3,4,4,3,4,4,4,4,3,4,5,3,4,5,4,0,1.0,0.0,1.0,0.0,0.0,0.0,0.0,1.0,0.0,0.0,0.0,0.0,0.0,-1.0,0.0,-1.0,0.0,E,+1,+1,+2,+2,+2,+2,+2,+3,+3,+3,+3,+3,+3,+2,+2,+1,+1,37,34,71
22405,Justin Rose,1,3,4.0,4.0,4.0,4.0,5.0,4.0,5.0,4.0,4.0,6.0,2.0,5.0,5.0,4.0,4.0,4.0,4.0,4,4,4,3,4,4,3,4,4,4,4,3,4,5,3,4,5,4,-1,0.0,0.0,1.0,0.0,1.0,1.0,1.0,0.0,0.0,2.0,-1.0,1.0,0.0,1.0,0.0,-1.0,0.0,-1,-1,-1,E,E,+1,+2,+3,+3,+3,+5,+4,+5,+5,+6,+6,+5,+5,37,38,75
33448,Justin Thomas,1,4,4.0,4.0,3.0,3.0,4.0,3.0,5.0,4.0,3.0,4.0,3.0,5.0,5.0,3.0,4.0,5.0,4.0,4,4,4,3,4,4,3,4,4,4,4,3,4,5,3,4,5,4,0,0.0,0.0,0.0,-1.0,0.0,0.0,1.0,0.0,-1.0,0.0,0.0,1.0,0.0,0.0,0.0,0.0,0.0,E,E,E,E,-1,-1,-1,E,E,-1,-1,-1,E,E,E,E,E,E,34,36,70
35778,Kazuki Higa,1,4,4.0,5.0,3.0,3.0,4.0,4.0,5.0,3.0,4.0,4.0,4.0,5.0,5.0,3.0,3.0,5.0,5.0,4,4,4,3,4,4,3,4,4,4,4,3,4,5,3,4,5,4,0,0.0,1.0,0.0,-1.0,0.0,1.0,1.0,-1.0,0.0,0.0,1.0,1.0,0.0,0.0,-1.0,0.0,1.0,E,E,+1,+1,E,E,+1,+2,+1,+1,+1,+2,+3,+3,+3,+2,+2,+3,35,38,73
54621,Kazuma Kobori,1,4,4.0,5.0,3.0,4.0,4.0,3.0,5.0,4.0,3.0,3.0,4.0,4.0,5.0,2.0,5.0,4.0,4.0,4,4,4,3,4,4,3,4,4,4,4,3,4,5,3,4,5,4,0,0.0,1.0,0.0,0.0,0.0,0.0,1.0,0.0,-1.0,-1.0,1.0,0.0,0.0,-1.0,1.0,-1.0,0.0,E,E,+1,+1,+1,+1,+1,+2,+2,+1,E,+1,+1,+1,E,+1,E,E,36,34,70
33141,Keegan Bradley,1,4,3.0,4.0,3.0,4.0,4.0,3.0,5.0,4.0,4.0,4.0,3.0,5.0,5.0,2.0,4.0,4.0,4.0,4,4,4,3,4,4,3,4,4,4,4,3,4,5,3,4,5,4,0,-1.0,0.0,0.0,0.0,0.0,0.0,1.0,0.0,0.0,0.0,0.0,1.0,0.0,-1.0,0.0,-1.0,0.0,E,-1,-1,-1,-1,-1,-1,E,E,E,E,E,+1,+1,E,E,-1,-1,34,35,69
49228,Keita Nakajima,1,6,4.0,4.0,4.0,4.0,4.0,3.0,4.0,4.0,5.0,4.0,3.0,3.0,4.0,4.0,3.0,5.0,5.0,4,4,4,3,4,4,3,4,4,4,4,3,4,5,3,4,5,4,2,0.0,0.0,1.0,0.0,0.0,0.0,0.0,0.0,1.0,0.0,0.0,-1.0,-1.0,1.0,-1.0,0.0,1.0,+2,+2,+2,+3,+3,+3,+3,+3,+3,+4,+4,+4,+3,+2,+3,+2,+2,+3,37,36,73
39546,Keith Mitchell,1,4,4.0,4.0,3.0,4.0,4.0,3.0,4.0,4.0,4.0,4.0,4.0,5.0,6.0,3.0,4.0,4.0,4.0,4,4,4,3,4,4,3,4,4,4,4,3,4,5,3,4,5,4,0,0.0,0.0,0.0,0.0,0.0,0.0,0.0,0.0,0.0,0.0,1.0,1.0,1.0,0.0,0.0,-1.0,0.0,E,E,E,E,E,E,E,E,E,E,E,+1,+2,+3,+3,+3,+2,+2,34,38,72
61148,Kota Kaneko,1,4,5.0,4.0,3.0,4.0,6.0,3.0,4.0,4.0,4.0,3.0,3.0,5.0,4.0,3.0,4.0,5.0,4.0,4,4,4,3,4,4,3,4,4,4,4,3,4,5,3,4,5,4,0,1.0,0.0,0.0,0.0,2.0,0.0,0.0,0.0,0.0,-1.0,0.0,1.0,-1.0,0.0,0.0,0.0,0.0,E,+1,+1,+1,+1,+3,+3,+3,+3,+3,+2,+2,+3,+2,+2,+2,+2,+2,37,35,72
49855,Kristoffer Reitan,1,4,4.0,4.0,3.0,4.0,4.0,3.0,4.0,3.0,4.0,4.0,3.0,4.0,5.0,3.0,4.0,5.0,4.0,4,4,4,3,4,4,3,4,4,4,4,3,4,5,3,4,5,4,0,0.0,0.0,0.0,0.0,0.0,0.0,0.0,-1.0,0.0,0.0,0.0,0.0,0.0,0.0,0.0,0.0,0.0,E,E,E,E,E,E,E,E,-1,-1,-1,-1,-1,-1,-1,-1,-1,-1,33,36,69
48117,Kurt Kitayama,1,4,4.0,4.0,3.0,4.0,4.0,3.0,5.0,4.0,4.0,4.0,3.0,4.0,4.0,3.0,3.0,5.0,4.0,4,4,4,3,4,4,3,4,4,4,4,3,4,5,3,4,5,4,0,0.0,0.0,0.0,0.0,0.0,0.0,1.0,0.0,0.0,0.0,0.0,0.0,-1.0,0.0,-1.0,0.0,0.0,E,E,E,E,E,E,E,+1,+1,+1,+1,+1,+1,E,E,-1,-1,-1,35,34,69
34362,Laurie Canter,1,4,3.0,5.0,3.0,3.0,3.0,3.0,4.0,4.0,5.0,3.0,2.0,4.0,6.0,3.0,5.0,5.0,4.0,4,4,4,3,4,4,3,4,4,4,4,3,4,5,3,4,5,4,0,-1.0,1.0,0.0,-1.0,-1.0,0.0,0.0,0.0,1.0,-1.0,-1.0,0.0,1.0,0.0,1.0,0.0,0.0,E,-1,E,E,-1,-2,-2,-2,-2,-1,-2,-3,-3,-2,-2,-1,-1,-1,32,37,69
70938,Liv Grinberg,1,4,4.0,4.0,3.0,4.0,4.0,5.0,4.0,4.0,4.0,5.0,3.0,4.0,5.0,3.0,3.0,4.0,4.0,4,4,4,3,4,4,3,4,4,4,4,3,4,5,3,4,5,4,0,0.0,0.0,0.0,0.0,0.0,2.0,0.0,0.0,0.0,1.0,0.0,0.0,0.0,0.0,-1.0,-1.0,0.0,E,E,E,E,E,E,+2,+2,+2,+2,+3,+3,+3,+3,+3,+2,+1,+1,36,35,71
39058,Lucas Herbert,1,4,5.0,4.0,3.0,4.0,5.0,3.0,4.0,4.0,4.0,3.0,3.0,4.0,5.0,3.0,4.0,4.0,4.0,4,4,4,3,4,4,3,4,4,4,4,3,4,5,3,4,5,4,0,1.0,0.0,0.0,0.0,1.0,0.0,0.0,0.0,0.0,-1.0,0.0,0.0,0.0,0.0,0.0,-1.0,0.0,E,+1,+1,+1,+1,+2,+2,+2,+2,+2,+1,+1,+1,+1,+1,+1,E,E,36,34,70
52955,Ludvig Åberg,1,4,4.0,4.0,4.0,4.0,4.0,3.0,5.0,4.0,3.0,4.0,3.0,4.0,5.0,4.0,3.0,5.0,4.0,4,4,4,3,4,4,3,4,4,4,4,3,4,5,3,4,5,4,0,0.0,0.0,1.0,0.0,0.0,0.0,1.0,0.0,-1.0,0.0,0.0,0.0,0.0,1.0,-1.0,0.0,0.0,E,E,E,+1,+1,+1,+1,+2,+2,+1,+1,+1,+1,+1,+2,+1,+1,+1,36,35,71
39067,MJ Daffue,1,4,4.0,4.0,3.0,4.0,3.0,2.0,3.0,5.0,4.0,4.0,3.0,3.0,5.0,4.0,4.0,4.0,4.0,4,4,4,3,4,4,3,4,4,4,4,3,4,5,3,4,5,4,0,0.0,0.0,0.0,0.0,-1.0,-1.0,-1.0,1.0,0.0,0.0,0.0,-1.0,0.0,1.0,0.0,-1.0,0.0,E,E,E,E,E,-1,-2,-3,-2,-2,-2,-2,-3,-3,-2,-2,-3,-3,32,35,67
51003,Marco Penge,1,4,4.0,5.0,3.0,3.0,5.0,3.0,4.0,4.0,5.0,4.0,2.0,5.0,4.0,3.0,5.0,5.0,4.0,4,4,4,3,4,4,3,4,4,4,4,3,4,5,3,4,5,4,0,0.0,1.0,0.0,-1.0,1.0,0.0,0.0,0.0,1.0,0.0,-1.0,1.0,-1.0,0.0,1.0,0.0,0.0,E,E,+1,+1,E,+1,+1,+1,+1,+2,+2,+1,+2,+1,+1,+2,+2,+2,35,37,72
59613,Marcus Plunkett,1,4,5.0,4.0,3.0,4.0,4.0,4.0,4.0,3.0,4.0,4.0,3.0,4.0,5.0,3.0,3.0,5.0,4.0,4,4,4,3,4,4,3,4,4,4,4,3,4,5,3,4,5,4,0,1.0,0.0,0.0,0.0,0.0,1.0,0.0,-1.0,0.0,0.0,0.0,0.0,0.0,0.0,-1.0,0.0,0.0,E,+1,+1,+1,+1,+1,+2,+2,+1,+1,+1,+1,+1,+1,+1,E,E,E,35,35,70
60073,Martin Couvra,1,4,4.0,5.0,3.0,4.0,5.0,3.0,3.0,6.0,4.0,4.0,3.0,4.0,4.0,3.0,4.0,6.0,5.0,4,4,4,3,4,4,3,4,4,4,4,3,4,5,3,4,5,4,0,0.0,1.0,0.0,0.0,1.0,0.0,-1.0,2.0,0.0,0.0,0.0,0.0,-1.0,0.0,0.0,1.0,1.0,E,E,+1,+1,+1,+2,+2,+1,+3,+3,+3,+3,+3,+2,+2,+2,+3,+4,37,37,74
68607,Mason Howell,1,4,5.0,4.0,3.0,4.0,4.0,3.0,4.0,3.0,5.0,5.0,3.0,5.0,4.0,4.0,4.0,5.0,4.0,4,4,4,3,4,4,3,4,4,4,4,3,4,5,3,4,5,4,0,1.0,0.0,0.0,0.0,0.0,0.0,0.0,-1.0,1.0,1.0,0.0,1.0,-1.0,1.0,0.0,0.0,0.0,E,+1,+1,+1,+1,+1,+1,+1,E,+1,+2,+2,+3,+2,+3,+3,+3,+3,34,39,73
70145,Mateo Pulcini,1,4,5.0,4.0,3.0,4.0,5.0,3.0,5.0,4.0,6.0,4.0,4.0,4.0,4.0,3.0,5.0,5.0,3.0,4,4,4,3,4,4,3,4,4,4,4,3,4,5,3,4,5,4,0,1.0,0.0,0.0,0.0,1.0,0.0,1.0,0.0,2.0,0.0,1.0,0.0,-1.0,0.0,1.0,0.0,-1.0,E,+1,+1,+1,+1,+2,+2,+3,+3,+5,+5,+6,+6,+5,+5,+6,+6,+5,37,38,75
40098,Matt Fitzpatrick,1,4,4.0,4.0,3.0,4.0,5.0,4.0,4.0,4.0,4.0,4.0,2.0,5.0,5.0,3.0,4.0,5.0,4.0,4,4,4,3,4,4,3,4,4,4,4,3,4,5,3,4,5,4,0,0.0,0.0,0.0,0.0,1.0,1.0,0.0,0.0,0.0,0.0,-1.0,1.0,0.0,0.0,0.0,0.0,0.0,E,E,E,E,E,+1,+2,+2,+2,+2,+2,+1,+2,+2,+2,+2,+2,+2,36,36,72
59141,Matt McCarty,1,4,4.0,5.0,3.0,4.0,4.0,2.0,5.0,4.0,5.0,4.0,3.0,5.0,5.0,2.0,5.0,6.0,5.0,4,4,4,3,4,4,3,4,4,4,4,3,4,5,3,4,5,4,0,0.0,1.0,0.0,0.0,0.0,-1.0,1.0,0.0,1.0,0.0,0.0,1.0,0.0,-1.0,1.0,1.0,1.0,E,E,+1,+1,+1,+1,E,+1,+1,+2,+2,+2,+3,+3,+2,+3,+4,+5,35,40,75
48887,Matt Wallace,1,4,4.0,4.0,3.0,3.0,4.0,3.0,5.0,4.0,4.0,4.0,2.0,5.0,4.0,3.0,4.0,4.0,5.0,4,4,4,3,4,4,3,4,4,4,4,3,4,5,3,4,5,4,0,0.0,0.0,0.0,-1.0,0.0,0.0,1.0,0.0,0.0,0.0,-1.0,1.0,-1.0,0.0,0.0,-1.0,1.0,E,E,E,E,-1,-1,-1,E,E,E,E,-1,E,-1,-1,-1,-2,-1,34,35,69
32622,Matthew Baldwin,1,4,4.0,4.0,3.0,3.0,5.0,4.0,4.0,4.0,5.0,3.0,3.0,4.0,5.0,4.0,5.0,4.0,4.0,4,4,4,3,4,4,3,4,4,4,4,3,4,5,3,4,5,4,0,0.0,0.0,0.0,-1.0,1.0,1.0,0.0,0.0,1.0,-1.0,0.0,0.0,0.0,1.0,1.0,-1.0,0.0,E,E,E,E,-1,E,+1,+1,+1,+2,+1,+1,+1,+1,+2,+3,+2,+2,35,37,72
55955,Matthew Jordan,1,4,4.0,5.0,4.0,5.0,7.0,3.0,5.0,4.0,3.0,4.0,3.0,6.0,5.0,3.0,3.0,4.0,5.0,4,4,4,3,4,4,3,4,4,4,4,3,4,5,3,4,5,4,0,0.0,1.0,1.0,1.0,2.0,0.0,1.0,0.0,-1.0,0.0,0.0,2.0,0.0,0.0,-1.0,-1.0,1.0,E,E,+1,+2,+3,+6,+6,+7,+7,+6,+6,+6,+8,+8,+8,+7,+6,+7,41,36,77
35174,Matthew Southgate,1,3,4.0,4.0,4.0,4.0,5.0,3.0,4.0,4.0,4.0,4.0,3.0,4.0,4.0,3.0,3.0,4.0,5.0,4,4,4,3,4,4,3,4,4,4,4,3,4,5,3,4,5,4,-1,0.0,0.0,1.0,0.0,1.0,0.0,0.0,0.0,0.0,0.0,0.0,0.0,-1.0,0.0,-1.0,-1.0,1.0,-1,-1,-1,E,E,+1,+1,+1,+1,+1,+1,+1,+1,E,E,-1,-2,-1,35,34,69
46442,Maverick McNealy,1,4,3.0,4.0,3.0,4.0,4.0,3.0,4.0,4.0,4.0,4.0,3.0,3.0,4.0,4.0,5.0,5.0,6.0,4,4,4,3,4,4,3,4,4,4,4,3,4,5,3,4,5,4,0,-1.0,0.0,0.0,0.0,0.0,0.0,0.0,0.0,0.0,0.0,0.0,-1.0,-1.0,1.0,1.0,0.0,2.0,E,-1,-1,-1,-1,-1,-1,-1,-1,-1,-1,-1,-2,-3,-2,-1,-1,+1,33,38,71
51977,Max Greyserman,1,4,4.0,4.0,4.0,3.0,5.0,3.0,5.0,4.0,6.0,4.0,4.0,5.0,5.0,3.0,5.0,4.0,4.0,4,4,4,3,4,4,3,4,4,4,4,3,4,5,3,4,5,4,0,0.0,0.0,1.0,-1.0,1.0,0.0,1.0,0.0,2.0,0.0,1.0,1.0,0.0,0.0,1.0,-1.0,0.0,E,E,E,+1,E,+1,+1,+2,+2,+4,+4,+5,+6,+6,+6,+7,+6,+6,36,40,76
39977,Max Homa,1,4,4.0,4.0,3.0,3.0,5.0,3.0,5.0,4.0,4.0,4.0,3.0,4.0,5.0,4.0,4.0,4.0,4.0,4,4,4,3,4,4,3,4,4,4,4,3,4,5,3,4,5,4,0,0.0,0.0,0.0,-1.0,1.0,0.0,1.0,0.0,0.0,0.0,0.0,0.0,0.0,1.0,0.0,-1.0,0.0,E,E,E,E,-1,E,E,+1,+1,+1,+1,+1,+1,+1,+2,+2,+1,+1,35,36,71
61522,Michael Brennan,1,4,4.0,4.0,4.0,4.0,4.0,3.0,4.0,4.0,4.0,3.0,3.0,5.0,4.0,4.0,6.0,4.0,4.0,4,4,4,3,4,4,3,4,4,4,4,3,4,5,3,4,5,4,0,0.0,0.0,1.0,0.0,0.0,0.0,0.0,0.0,0.0,-1.0,0.0,1.0,-1.0,1.0,2.0,-1.0,0.0,E,E,E,+1,+1,+1,+1,+1,+1,+1,E,E,+1,E,+1,+3,+2,+2,35,37,72
36344,Michael Hollick,1,5,4.0,4.0,3.0,4.0,4.0,3.0,4.0,4.0,5.0,4.0,3.0,5.0,4.0,4.0,4.0,4.0,4.0,4,4,4,3,4,4,3,4,4,4,4,3,4,5,3,4,5,4,1,0.0,0.0,0.0,0.0,0.0,0.0,0.0,0.0,1.0,0.0,0.0,1.0,-1.0,1.0,0.0,-1.0,0.0,+1,+1,+1,+1,+1,+1,+1,+1,+1,+2,+2,+2,+3,+2,+3,+3,+2,+2,35,37,72
39975,Michael Kim,1,4,4.0,4.0,4.0,4.0,5.0,3.0,4.0,4.0,4.0,4.0,5.0,4.0,5.0,4.0,3.0,4.0,4.0,4,4,4,3,4,4,3,4,4,4,4,3,4,5,3,4,5,4,0,0.0,0.0,1.0,0.0,1.0,0.0,0.0,0.0,0.0,0.0,2.0,0.0,0.0,1.0,-1.0,-1.0,0.0,E,E,E,+1,+1,+2,+2,+2,+2,+2,+2,+4,+4,+4,+5,+4,+3,+3,36,37,73
57364,Michael Thorbjornsen,1,4,4.0,4.0,3.0,3.0,4.0,3.0,5.0,4.0,4.0,4.0,3.0,4.0,6.0,2.0,4.0,5.0,4.0,4,4,4,3,4,4,3,4,4,4,4,3,4,5,3,4,5,4,0,0.0,0.0,0.0,-1.0,0.0,0.0,1.0,0.0,0.0,0.0,0.0,0.0,1.0,-1.0,0.0,0.0,0.0,E,E,E,E,-1,-1,-1,E,E,E,E,E,E,+1,E,E,E,E,34,36,70
37378,Min Woo Lee,1,4,4.0,4.0,4.0,3.0,4.0,2.0,4.0,4.0,4.0,4.0,3.0,4.0,5.0,3.0,4.0,6.0,4.0,4,4,4,3,4,4,3,4,4,4,4,3,4,5,3,4,5,4,0,0.0,0.0,1.0,-1.0,0.0,-1.0,0.0,0.0,0.0,0.0,0.0,0.0,0.0,0.0,0.0,1.0,0.0,E,E,E,+1,E,E,-1,-1,-1,-1,-1,-1,-1,-1,-1,-1,E,E,33,37,70
46879,Naoyuki Kataoka,1,7,4.0,4.0,3.0,4.0,4.0,3.0,4.0,3.0,4.0,4.0,3.0,5.0,5.0,3.0,4.0,5.0,4.0,4,4,4,3,4,4,3,4,4,4,4,3,4,5,3,4,5,4,2,0.0,0.0,0.0,0.0,0.0,0.0,0.0,-1.0,0.0,0.0,0.0,1.0,0.0,0.0,0.0,0.0,0.0,+3,+3,+3,+3,+3,+3,+3,+3,+2,+2,+2,+2,+3,+3,+3,+3,+3,+3,36,37,73
68670,Nevill Ruiter,1,4,4.0,5.0,4.0,3.0,4.0,3.0,4.0,5.0,4.0,5.0,3.0,5.0,6.0,4.0,4.0,4.0,5.0,4,4,4,3,4,4,3,4,4,4,4,3,4,5,3,4,5,4,0,0.0,1.0,1.0,-1.0,0.0,0.0,0.0,1.0,0.0,1.0,0.0,1.0,1.0,1.0,0.0,-1.0,1.0,E,E,+1,+2,+1,+1,+1,+1,+2,+2,+3,+3,+4,+5,+6,+6,+5,+6,36,40,76
25493,Nick Taylor,1,3,3.0,3.0,3.0,5.0,4.0,3.0,3.0,4.0,4.0,4.0,3.0,4.0,5.0,4.0,5.0,5.0,3.0,4,4,4,3,4,4,3,4,4,4,4,3,4,5,3,4,5,4,-1,-1.0,-1.0,0.0,1.0,0.0,0.0,-1.0,0.0,0.0,0.0,0.0,0.0,0.0,1.0,1.0,0.0,-1.0,-1,-2,-3,-3,-2,-2,-2,-3,-3,-3,-3,-3,-3,-3,-2,-1,-1,-2,31,37,68
51349,Nico Echavarria,1,4,3.0,4.0,3.0,4.0,4.0,3.0,4.0,5.0,4.0,4.0,3.0,5.0,5.0,3.0,4.0,5.0,4.0,4,4,4,3,4,4,3,4,4,4,4,3,4,5,3,4,5,4,0,-1.0,0.0,0.0,0.0,0.0,0.0,0.0,1.0,0.0,0.0,0.0,1.0,0.0,0.0,0.0,0.0,0.0,E,-1,-1,-1,-1,-1,-1,-1,E,E,E,E,+1,+1,+1,+1,+1,+1,34,37,71
52453,Nicolai Højgaard,1,5,4.0,5.0,4.0,4.0,4.0,3.0,4.0,3.0,4.0,3.0,2.0,5.0,5.0,4.0,5.0,4.0,4.0,4,4,4,3,4,4,3,4,4,4,4,3,4,5,3,4,5,4,1,0.0,1.0,1.0,0.0,0.0,0.0,0.0,-1.0,0.0,-1.0,-1.0,1.0,0.0,1.0,1.0,-1.0,0.0,+1,+1,+2,+3,+3,+3,+3,+3,+2,+2,+1,E,+1,+1,+2,+3,+2,+2,36,36,72
20766,Padraig Harrington,1,6,5.0,5.0,3.0,4.0,5.0,3.0,5.0,4.0,4.0,4.0,3.0,5.0,7.0,3.0,4.0,5.0,5.0,4,4,4,3,4,4,3,4,4,4,4,3,4,5,3,4,5,4,2,1.0,1.0,0.0,0.0,1.0,0.0,1.0,0.0,0.0,0.0,0.0,1.0,2.0,0.0,0.0,0.0,1.0,+2,+3,+4,+4,+4,+5,+5,+6,+6,+6,+6,+6,+7,+9,+9,+9,+9,+10,40,40,80
35450,Patrick Cantlay,1,4,3.0,4.0,3.0,4.0,4.0,4.0,5.0,4.0,4.0,4.0,3.0,4.0,4.0,4.0,4.0,4.0,5.0,4,4,4,3,4,4,3,4,4,4,4,3,4,5,3,4,5,4,0,-1.0,0.0,0.0,0.0,0.0,1.0,1.0,0.0,0.0,0.0,0.0,0.0,-1.0,1.0,0.0,-1.0,1.0,E,-1,-1,-1,-1,-1,E,+1,+1,+1,+1,+1,+1,E,+1,+1,E,+1,35,36,71
34360,Patrick Reed,1,3,4.0,4.0,4.0,4.0,5.0,3.0,4.0,5.0,4.0,4.0,3.0,4.0,5.0,3.0,4.0,4.0,5.0,4,4,4,3,4,4,3,4,4,4,4,3,4,5,3,4,5,4,-1,0.0,0.0,1.0,0.0,1.0,0.0,0.0,1.0,0.0,0.0,0.0,0.0,0.0,0.0,0.0,-1.0,1.0,-1,-1,-1,E,E,+1,+1,+1,+2,+2,+2,+2,+2,+2,+2,+2,+1,+2,36,36,72
29484,Peter Uihlein,1,4,4.0,4.0,4.0,4.0,4.0,3.0,5.0,3.0,4.0,4.0,4.0,5.0,4.0,3.0,3.0,6.0,5.0,4,4,4,3,4,4,3,4,4,4,4,3,4,5,3,4,5,4,0,0.0,0.0,1.0,0.0,0.0,0.0,1.0,-1.0,0.0,0.0,1.0,1.0,-1.0,0.0,-1.0,1.0,1.0,E,E,E,+1,+1,+1,+1,+2,+1,+1,+1,+2,+3,+2,+2,+1,+2,+3,35,38,73
59836,Pierceson Coody,1,3,4.0,4.0,3.0,4.0,5.0,2.0,4.0,4.0,4.0,4.0,2.0,3.0,5.0,2.0,4.0,5.0,5.0,4,4,4,3,4,4,3,4,4,4,4,3,4,5,3,4,5,4,-1,0.0,0.0,0.0,0.0,1.0,-1.0,0.0,0.0,0.0,0.0,-1.0,-1.0,0.0,-1.0,0.0,0.0,1.0,-1,-1,-1,-1,-1,E,-1,-1,-1,-1,-1,-2,-3,-3,-4,-4,-4,-3,33,34,67
52686,Rasmus Højgaard,1,4,4.0,4.0,3.0,4.0,4.0,3.0,5.0,4.0,3.0,5.0,2.0,4.0,5.0,4.0,4.0,5.0,4.0,4,4,4,3,4,4,3,4,4,4,4,3,4,5,3,4,5,4,0,0.0,0.0,0.0,0.0,0.0,0.0,1.0,0.0,-1.0,1.0,-1.0,0.0,0.0,1.0,0.0,0.0,0.0,E,E,E,E,E,E,E,+1,+1,E,+1,E,E,E,+1,+1,+1,+1,35,36,71
52689,Rasmus Neergaard-Petersen,1,5,5.0,4.0,3.0,4.0,4.0,3.0,4.0,4.0,4.0,4.0,3.0,4.0,3.0,3.0,4.0,6.0,5.0,4,4,4,3,4,4,3,4,4,4,4,3,4,5,3,4,5,4,1,1.0,0.0,0.0,0.0,0.0,0.0,0.0,0.0,0.0,0.0,0.0,0.0,-2.0,0.0,0.0,1.0,1.0,+1,+2,+2,+2,+2,+2,+2,+2,+2,+2,+2,+2,+2,E,E,E,+1,+2,36,36,72
56100,Ren Yonezawa,1,4,4.0,5.0,3.0,4.0,5.0,3.0,5.0,4.0,5.0,4.0,4.0,4.0,5.0,3.0,4.0,5.0,5.0,4,4,4,3,4,4,3,4,4,4,4,3,4,5,3,4,5,4,0,0.0,1.0,0.0,0.0,1.0,0.0,1.0,0.0,1.0,0.0,1.0,0.0,0.0,0.0,0.0,0.0,1.0,E,E,+1,+1,+1,+2,+2,+3,+3,+4,+4,+5,+5,+5,+5,+5,+5,+6,37,39,76
32102,Rickie Fowler,1,4,4.0,4.0,3.0,4.0,5.0,3.0,4.0,4.0,5.0,3.0,3.0,5.0,5.0,3.0,3.0,4.0,5.0,4,4,4,3,4,4,3,4,4,4,4,3,4,5,3,4,5,4,0,0.0,0.0,0.0,0.0,1.0,0.0,0.0,0.0,1.0,-1.0,0.0,1.0,0.0,0.0,-1.0,-1.0,1.0,E,E,E,E,E,+1,+1,+1,+1,+2,+1,+1,+2,+2,+2,+1,E,+1,35,36,71
52215,Robert MacIntyre,1,3,3.0,4.0,3.0,4.0,4.0,3.0,5.0,4.0,4.0,4.0,2.0,4.0,4.0,3.0,4.0,5.0,4.0,4,4,4,3,4,4,3,4,4,4,4,3,4,5,3,4,5,4,-1,-1.0,0.0,0.0,0.0,0.0,0.0,1.0,0.0,0.0,0.0,-1.0,0.0,-1.0,0.0,0.0,0.0,0.0,-1,-2,-2,-2,-2,-2,-2,-1,-1,-1,-1,-2,-2,-3,-3,-3,-3,-3,33,34,67
28237,Rory McIlroy,1,4,4.0,4.0,4.0,4.0,4.0,4.0,4.0,3.0,5.0,5.0,3.0,3.0,6.0,2.0,4.0,6.0,3.0,4,4,4,3,4,4,3,4,4,4,4,3,4,5,3,4,5,4,0,0.0,0.0,1.0,0.0,0.0,1.0,0.0,-1.0,1.0,1.0,0.0,-1.0,1.0,-1.0,0.0,1.0,-1.0,E,E,E,+1,+1,+1,+2,+2,+1,+2,+3,+3,+2,+3,+2,+2,+3,+2,35,37,72
34098,Russell Henley,1,4,4.0,4.0,2.0,5.0,4.0,3.0,4.0,5.0,3.0,4.0,3.0,4.0,5.0,3.0,4.0,4.0,5.0,4,4,4,3,4,4,3,4,4,4,4,3,4,5,3,4,5,4,0,0.0,0.0,-1.0,1.0,0.0,0.0,0.0,1.0,-1.0,0.0,0.0,0.0,0.0,0.0,0.0,-1.0,1.0,E,E,E,-1,E,E,E,E,+1,E,E,E,E,E,E,E,-1,E,35,35,70
29936,Ryan Fox,1,4,5.0,4.0,3.0,4.0,5.0,3.0,3.0,4.0,5.0,3.0,4.0,4.0,5.0,3.0,4.0,5.0,4.0,4,4,4,3,4,4,3,4,4,4,4,3,4,5,3,4,5,4,0,1.0,0.0,0.0,0.0,1.0,0.0,-1.0,0.0,1.0,-1.0,1.0,0.0,0.0,0.0,0.0,0.0,0.0,E,+1,+1,+1,+1,+2,+2,+1,+1,+2,+1,+2,+2,+2,+2,+2,+2,+2,35,37,72
59018,Ryan Gerard,1,4,3.0,3.0,3.0,4.0,4.0,3.0,3.0,3.0,4.0,5.0,3.0,4.0,4.0,4.0,4.0,5.0,4.0,4,4,4,3,4,4,3,4,4,4,4,3,4,5,3,4,5,4,0,-1.0,-1.0,0.0,0.0,0.0,0.0,-1.0,-1.0,0.0,1.0,0.0,0.0,-1.0,1.0,0.0,0.0,0.0,E,-1,-2,-2,-2,-2,-2,-3,-4,-4,-3,-3,-3,-4,-3,-3,-3,-3,30,37,67
51287,Ryo Hisatsune,1,4,4.0,4.0,3.0,4.0,4.0,3.0,4.0,4.0,3.0,4.0,3.0,4.0,5.0,2.0,4.0,5.0,4.0,4,4,4,3,4,4,3,4,4,4,4,3,4,5,3,4,5,4,0,0.0,0.0,0.0,0.0,0.0,0.0,0.0,0.0,-1.0,0.0,0.0,0.0,0.0,-1.0,0.0,0.0,0.0,E,E,E,E,E,E,E,E,E,-1,-1,-1,-1,-1,-2,-2,-2,-2,34,34,68
28521,Ryutaro Nagano,1,4,4.0,4.0,3.0,4.0,4.0,3.0,4.0,3.0,5.0,5.0,3.0,4.0,5.0,3.0,4.0,4.0,5.0,4,4,4,3,4,4,3,4,4,4,4,3,4,5,3,4,5,4,0,0.0,0.0,0.0,0.0,0.0,0.0,0.0,-1.0,1.0,1.0,0.0,0.0,0.0,0.0,0.0,-1.0,1.0,E,E,E,E,E,E,E,E,-1,E,+1,+1,+1,+1,+1,+1,E,+1,33,38,71
51634,Sahith Theegala,1,4,4.0,4.0,3.0,3.0,4.0,4.0,4.0,3.0,4.0,4.0,4.0,4.0,6.0,4.0,3.0,5.0,4.0,4,4,4,3,4,4,3,4,4,4,4,3,4,5,3,4,5,4,0,0.0,0.0,0.0,-1.0,0.0,1.0,0.0,-1.0,0.0,0.0,1.0,0.0,1.0,1.0,-1.0,0.0,0.0,E,E,E,E,-1,-1,E,E,-1,-1,-1,E,E,+1,+2,+1,+1,+1,33,38,71
60369,Sam Bairstow,1,5,3.0,4.0,4.0,4.0,5.0,3.0,4.0,4.0,5.0,4.0,3.0,4.0,5.0,3.0,4.0,4.0,4.0,4,4,4,3,4,4,3,4,4,4,4,3,4,5,3,4,5,4,1,-1.0,0.0,1.0,0.0,1.0,0.0,0.0,0.0,1.0,0.0,0.0,0.0,0.0,0.0,0.0,-1.0,0.0,+1,E,E,+1,+1,+2,+2,+2,+2,+3,+3,+3,+3,+3,+3,+3,+2,+2,36,36,72
47504,Sam Burns,1,4,4.0,5.0,3.0,4.0,3.0,3.0,4.0,4.0,4.0,4.0,3.0,4.0,5.0,3.0,5.0,6.0,5.0,4,4,4,3,4,4,3,4,4,4,4,3,4,5,3,4,5,4,0,0.0,1.0,0.0,0.0,-1.0,0.0,0.0,0.0,0.0,0.0,0.0,0.0,0.0,0.0,1.0,1.0,1.0,E,E,+1,+1,+1,E,E,E,E,E,E,E,E,E,E,+1,+2,+3,34,39,73
55893,Sam Stevens,1,4,4.0,4.0,2.0,4.0,5.0,3.0,4.0,4.0,4.0,4.0,3.0,4.0,5.0,3.0,4.0,5.0,5.0,4,4,4,3,4,4,3,4,4,4,4,3,4,5,3,4,5,4,0,0.0,0.0,-1.0,0.0,1.0,0.0,0.0,0.0,0.0,0.0,0.0,0.0,0.0,0.0,0.0,0.0,1.0,E,E,E,-1,-1,E,E,E,E,E,E,E,E,E,E,E,E,+1,34,37,71
52666,Sami Valimaki,1,4,4.0,4.0,3.0,3.0,6.0,3.0,4.0,4.0,4.0,4.0,2.0,4.0,6.0,3.0,4.0,4.0,4.0,4,4,4,3,4,4,3,4,4,4,4,3,4,5,3,4,5,4,0,0.0,0.0,0.0,-1.0,2.0,0.0,0.0,0.0,0.0,0.0,-1.0,0.0,1.0,0.0,0.0,-1.0,0.0,E,E,E,E,-1,+1,+1,+1,+1,+1,+1,E,E,+1,+1,+1,E,E,35,35,70
34126,Scott Vincent,1,4,4.0,4.0,2.0,4.0,4.0,4.0,5.0,4.0,4.0,4.0,4.0,5.0,5.0,5.0,4.0,4.0,5.0,4,4,4,3,4,4,3,4,4,4,4,3,4,5,3,4,5,4,0,0.0,0.0,-1.0,0.0,0.0,1.0,1.0,0.0,0.0,0.0,1.0,1.0,0.0,2.0,0.0,-1.0,1.0,E,E,E,-1,-1,-1,E,+1,+1,+1,+1,+2,+3,+3,+5,+5,+4,+5,35,40,75
46046,Scottie Scheffler,1,4,3.0,3.0,3.0,3.0,3.0,4.0,4.0,4.0,4.0,4.0,3.0,4.0,5.0,3.0,4.0,6.0,4.0,4,4,4,3,4,4,3,4,4,4,4,3,4,5,3,4,5,4,0,-1.0,-1.0,0.0,-1.0,-1.0,1.0,0.0,0.0,0.0,0.0,0.0,0.0,0.0,0.0,0.0,1.0,0.0,E,-1,-2,-2,-3,-4,-3,-3,-3,-3,-3,-3,-3,-3,-3,-3,-2,-2,31,37,68
49960,Sepp Straka,1,4,3.0,4.0,3.0,4.0,5.0,3.0,5.0,4.0,4.0,3.0,3.0,3.0,5.0,3.0,4.0,4.0,4.0,4,4,4,3,4,4,3,4,4,4,4,3,4,5,3,4,5,4,0,-1.0,0.0,0.0,0.0,1.0,0.0,1.0,0.0,0.0,-1.0,0.0,-1.0,0.0,0.0,0.0,-1.0,0.0,E,-1,-1,-1,-1,E,E,+1,+1,+1,E,E,-1,-1,-1,-1,-2,-2,35,33,68
33204,Shane Lowry,1,4,4.0,3.0,3.0,4.0,5.0,3.0,4.0,3.0,4.0,4.0,2.0,5.0,6.0,4.0,3.0,4.0,4.0,4,4,4,3,4,4,3,4,4,4,4,3,4,5,3,4,5,4,0,0.0,-1.0,0.0,0.0,1.0,0.0,0.0,-1.0,0.0,0.0,-1.0,1.0,1.0,1.0,-1.0,-1.0,0.0,E,E,-1,-1,-1,E,E,E,-1,-1,-1,-2,-1,E,+1,E,-1,-1,33,36,69
26328,Shaun Norris,1,4,4.0,4.0,3.0,4.0,4.0,3.0,3.0,4.0,4.0,4.0,3.0,5.0,4.0,3.0,4.0,5.0,4.0,4,4,4,3,4,4,3,4,4,4,4,3,4,5,3,4,5,4,0,0.0,0.0,0.0,0.0,0.0,0.0,-1.0,0.0,0.0,0.0,0.0,1.0,-1.0,0.0,0.0,0.0,0.0,E,E,E,E,E,E,E,-1,-1,-1,-1,-1,E,-1,-1,-1,-1,-1,33,36,69
37455,Si Woo Kim,1,4,4.0,4.0,3.0,4.0,3.0,3.0,4.0,4.0,4.0,4.0,2.0,4.0,5.0,4.0,4.0,4.0,4.0,4,4,4,3,4,4,3,4,4,4,4,3,4,5,3,4,5,4,0,0.0,0.0,0.0,0.0,-1.0,0.0,0.0,0.0,0.0,0.0,-1.0,0.0,0.0,1.0,0.0,-1.0,0.0,E,E,E,E,E,-1,-1,-1,-1,-1,-1,-2,-2,-2,-1,-1,-2,-2,33,35,68
20229,Stewart Cink,1,7,5.0,4.0,3.0,3.0,4.0,4.0,5.0,3.0,4.0,3.0,2.0,4.0,7.0,3.0,5.0,5.0,3.0,4,4,4,3,4,4,3,4,4,4,4,3,4,5,3,4,5,4,2,1.0,0.0,0.0,-1.0,0.0,1.0,1.0,-1.0,0.0,-1.0,-1.0,0.0,2.0,0.0,1.0,0.0,-1.0,+3,+4,+4,+4,+3,+3,+4,+5,+4,+4,+3,+2,+2,+4,+4,+5,+5,+4,38,36,74
51174,Stuart Grehan,1,4,4.0,5.0,3.0,5.0,5.0,3.0,4.0,5.0,4.0,4.0,3.0,7.0,5.0,3.0,4.0,4.0,5.0,4,4,4,3,4,4,3,4,4,4,4,3,4,5,3,4,5,4,0,0.0,1.0,0.0,1.0,1.0,0.0,0.0,1.0,0.0,0.0,0.0,2.0,0.0,0.0,0.0,-1.0,1.0,E,E,+1,+1,+2,+3,+3,+3,+4,+4,+4,+4,+7,+7,+7,+7,+6,+7,38,39,77
39971,Sungjae Im,1,4,4.0,4.0,2.0,4.0,5.0,3.0,4.0,4.0,3.0,3.0,3.0,4.0,4.0,3.0,4.0,4.0,4.0,4,4,4,3,4,4,3,4,4,4,4,3,4,5,3,4,5,4,0,0.0,0.0,-1.0,0.0,1.0,0.0,0.0,0.0,-1.0,-1.0,0.0,0.0,-1.0,0.0,0.0,-1.0,0.0,E,E,E,-1,-1,E,E,E,E,-1,-2,-2,-2,-3,-3,-3,-4,-4,34,32,66
33653,Thomas Detry,1,3,4.0,4.0,3.0,4.0,5.0,2.0,3.0,4.0,3.0,4.0,3.0,4.0,5.0,3.0,4.0,5.0,4.0,4,4,4,3,4,4,3,4,4,4,4,3,4,5,3,4,5,4,-1,0.0,0.0,0.0,0.0,1.0,-1.0,-1.0,0.0,-1.0,0.0,0.0,0.0,0.0,0.0,0.0,0.0,0.0,-1,-1,-1,-1,-1,E,-1,-2,-2,-3,-3,-3,-3,-3,-3,-3,-3,-3,32,35,67
53125,Thomas Sloman,1,5,4.0,4.0,3.0,4.0,4.0,3.0,4.0,4.0,3.0,4.0,4.0,6.0,5.0,4.0,3.0,3.0,4.0,4,4,4,3,4,4,3,4,4,4,4,3,4,5,3,4,5,4,1,0.0,0.0,0.0,0.0,0.0,0.0,0.0,0.0,-1.0,0.0,1.0,2.0,0.0,1.0,-1.0,-2.0,0.0,+1,+1,+1,+1,+1,+1,+1,+1,+1,E,E,+1,+3,+3,+4,+3,+1,+1,35,36,71
65071,Tiger Christensen,1,6,4.0,3.0,3.0,4.0,4.0,3.0,5.0,4.0,5.0,5.0,3.0,4.0,7.0,4.0,3.0,4.0,4.0,4,4,4,3,4,4,3,4,4,4,4,3,4,5,3,4,5,4,2,0.0,-1.0,0.0,0.0,0.0,0.0,1.0,0.0,1.0,1.0,0.0,0.0,2.0,1.0,-1.0,-1.0,0.0,+2,+2,+1,+1,+1,+1,+1,+2,+2,+3,+4,+4,+4,+6,+7,+6,+5,+5,36,39,75
63475,Tim Wiedemeyer,1,5,4.0,4.0,4.0,3.0,4.0,3.0,4.0,5.0,3.0,5.0,4.0,4.0,5.0,3.0,4.0,5.0,4.0,4,4,4,3,4,4,3,4,4,4,4,3,4,5,3,4,5,4,1,0.0,0.0,1.0,-1.0,0.0,0.0,0.0,1.0,-1.0,1.0,1.0,0.0,0.0,0.0,0.0,0.0,0.0,+1,+1,+1,+2,+1,+1,+1,+1,+2,+1,+2,+3,+3,+3,+3,+3,+3,+3,36,37,73
55182,Tom Kim,1,4,3.0,4.0,3.0,4.0,4.0,3.0,4.0,4.0,4.0,5.0,3.0,4.0,5.0,3.0,4.0,4.0,5.0,4,4,4,3,4,4,3,4,4,4,4,3,4,5,3,4,5,4,0,-1.0,0.0,0.0,0.0,0.0,0.0,0.0,0.0,0.0,1.0,0.0,0.0,0.0,0.0,0.0,-1.0,1.0,E,-1,-1,-1,-1,-1,-1,-1,-1,-1,E,E,E,E,E,E,-1,E,33,37,70
50823,Tom McKibbin,1,4,4.0,5.0,3.0,3.0,5.0,3.0,4.0,4.0,4.0,4.0,3.0,5.0,4.0,3.0,4.0,5.0,4.0,4,4,4,3,4,4,3,4,4,4,4,3,4,5,3,4,5,4,0,0.0,1.0,0.0,-1.0,1.0,0.0,0.0,0.0,0.0,0.0,0.0,1.0,-1.0,0.0,0.0,0.0,0.0,E,E,+1,+1,E,+1,+1,+1,+1,+1,+1,+1,+2,+1,+1,+1,+1,+1,35,36,71
30911,Tommy Fleetwood,1,4,4.0,4.0,3.0,3.0,4.0,3.0,4.0,4.0,5.0,4.0,4.0,4.0,5.0,2.0,4.0,4.0,4.0,4,4,4,3,4,4,3,4,4,4,4,3,4,5,3,4,5,4,0,0.0,0.0,0.0,-1.0,0.0,0.0,0.0,0.0,1.0,0.0,1.0,0.0,0.0,-1.0,0.0,-1.0,0.0,E,E,E,E,-1,-1,-1,-1,-1,E,E,+1,+1,+1,E,E,-1,-1,33,36,69
47078,Travis Smyth,1,4,5.0,5.0,3.0,3.0,4.0,3.0,4.0,4.0,4.0,4.0,3.0,5.0,4.0,3.0,4.0,5.0,4.0,4,4,4,3,4,4,3,4,4,4,4,3,4,5,3,4,5,4,0,1.0,1.0,0.0,-1.0,0.0,0.0,0.0,0.0,0.0,0.0,0.0,1.0,-1.0,0.0,0.0,0.0,0.0,E,+1,+2,+2,+1,+1,+1,+1,+1,+1,+1,+1,+2,+1,+1,+1,+1,+1,35,36,71
34363,Tyrrell Hatton,1,3,4.0,4.0,3.0,3.0,4.0,3.0,4.0,4.0,4.0,4.0,3.0,4.0,5.0,3.0,4.0,5.0,5.0,4,4,4,3,4,4,3,4,4,4,4,3,4,5,3,4,5,4,-1,0.0,0.0,0.0,-1.0,0.0,0.0,0.0,0.0,0.0,0.0,0.0,0.0,0.0,0.0,0.0,0.0,1.0,-1,-1,-1,-1,-2,-2,-2,-2,-2,-2,-2,-2,-2,-2,-2,-2,-2,-1,32,37,69
47679,Victor Perez,1,4,3.0,4.0,4.0,4.0,5.0,3.0,4.0,4.0,3.0,4.0,3.0,4.0,4.0,3.0,4.0,4.0,4.0,4,4,4,3,4,4,3,4,4,4,4,3,4,5,3,4,5,4,0,-1.0,0.0,1.0,0.0,1.0,0.0,0.0,0.0,-1.0,0.0,0.0,0.0,-1.0,0.0,0.0,-1.0,0.0,E,-1,-1,E,E,+1,+1,+1,+1,E,E,E,E,-1,-1,-1,-2,-2,35,33,68
46717,Viktor Hovland,1,3,4.0,4.0,3.0,3.0,4.0,3.0,5.0,4.0,4.0,4.0,4.0,4.0,5.0,3.0,4.0,4.0,5.0,4,4,4,3,4,4,3,4,4,4,4,3,4,5,3,4,5,4,-1,0.0,0.0,0.0,-1.0,0.0,0.0,1.0,0.0,0.0,0.0,1.0,0.0,0.0,0.0,0.0,-1.0,1.0,-1,-1,-1,-1,-2,-2,-2,-1,-1,-1,-1,E,E,E,E,E,-1,E,33,37,70
51766,Wyndham Clark,1,5,4.0,4.0,4.0,4.0,4.0,3.0,4.0,4.0,4.0,3.0,3.0,5.0,5.0,3.0,4.0,5.0,5.0,4,4,4,3,4,4,3,4,4,4,4,3,4,5,3,4,5,4,1,0.0,0.0,1.0,0.0,0.0,0.0,0.0,0.0,0.0,-1.0,0.0,1.0,0.0,0.0,0.0,0.0,1.0,+1,+1,+1,+2,+2,+2,+2,+2,+2,+2,+1,+1,+2,+2,+2,+2,+2,+3,36,37,73
48081,Xander Schauffele,1,4,4.0,4.0,3.0,4.0,4.0,3.0,4.0,3.0,3.0,5.0,3.0,4.0,4.0,4.0,4.0,5.0,6.0,4,4,4,3,4,4,3,4,4,4,4,3,4,5,3,4,5,4,0,0.0,0.0,0.0,0.0,0.0,0.0,0.0,-1.0,-1.0,1.0,0.0,0.0,-1.0,1.0,0.0,0.0,2.0,E,E,E,E,E,E,E,E,-1,-2,-1,-1,-1,-2,-1,-1,-1,+1,33,38,71
46414,Aaron Rai,2,4,4.0,4.0,3.0,4.0,4.0,3.0,4.0,4.0,4.0,4.0,3.0,5.0,5.0,2.0,4.0,5.0,5.0,4,4,4,3,4,4,3,4,4,4,4,3,4,5,3,4,5,4,0,0.0,0.0,0.0,0.0,0.0,0.0,0.0,0.0,0.0,0.0,0.0,1.0,0.0,-1.0,0.0,0.0,1.0,E,E,E,E,E,E,E,E,E,E,E,E,+1,+1,E,E,E,+1,34,37,71
24502,Adam Scott,2,3,4.0,4.0,4.0,4.0,4.0,2.0,3.0,4.0,4.0,3.0,3.0,5.0,4.0,3.0,3.0,5.0,4.0,4,4,4,3,4,4,3,4,4,4,4,3,4,5,3,4,5,4,-1,0.0,0.0,1.0,0.0,0.0,-1.0,-1.0,0.0,0.0,-1.0,0.0,1.0,-1.0,0.0,-1.0,0.0,0.0,-1,-1,-1,E,E,E,-1,-2,-2,-2,-3,-3,-2,-3,-3,-4,-4,-4,32,34,66
34371,Adrien Saddier,2,5,3.0,4.0,3.0,4.0,6.0,3.0,4.0,4.0,4.0,3.0,2.0,5.0,3.0,3.0,4.0,5.0,4.0,4,4,4,3,4,4,3,4,4,4,4,3,4,5,3,4,5,4,1,-1.0,0.0,0.0,0.0,2.0,0.0,0.0,0.0,0.0,-1.0,-1.0,1.0,-2.0,0.0,0.0,0.0,0.0,+1,E,E,E,E,+2,+2,+2,+2,+2,+1,E,+1,-1,-1,-1,-1,-1,36,33,69
56630,Akshay Bhatia,2,4,3.0,4.0,3.0,4.0,5.0,3.0,4.0,5.0,4.0,4.0,3.0,4.0,4.0,4.0,4.0,6.0,5.0,4,4,4,3,4,4,3,4,4,4,4,3,4,5,3,4,5,4,0,-1.0,0.0,0.0,0.0,1.0,0.0,0.0,1.0,0.0,0.0,0.0,0.0,-1.0,1.0,0.0,1.0,1.0,E,-1,-1,-1,-1,E,E,E,+1,+1,+1,+1,+1,E,+1,+1,+2,+3,35,38,73
63343,Aldrich Potgieter,2,4,4.0,5.0,3.0,5.0,4.0,3.0,5.0,4.0,3.0,4.0,3.0,5.0,5.0,4.0,4.0,3.0,4.0,4,4,4,3,4,4,3,4,4,4,4,3,4,5,3,4,5,4,0,0.0,1.0,0.0,1.0,0.0,0.0,1.0,0.0,-1.0,0.0,0.0,1.0,0.0,1.0,0.0,-2.0,0.0,E,E,+1,+1,+2,+2,+2,+3,+3,+2,+2,+2,+3,+3,+4,+4,+2,+2,37,35,72
63223,Alejandro De Castro Piera,2,6,4.0,4.0,3.0,4.0,4.0,3.0,3.0,3.0,4.0,4.0,3.0,5.0,5.0,4.0,4.0,5.0,5.0,4,4,4,3,4,4,3,4,4,4,4,3,4,5,3,4,5,4,2,0.0,0.0,0.0,0.0,0.0,0.0,-1.0,-1.0,0.0,0.0,0.0,1.0,0.0,1.0,0.0,0.0,1.0,+2,+2,+2,+2,+2,+2,+2,+1,E,E,E,E,+1,+1,+2,+2,+2,+3,34,39,73
55721,Alex Fitzpatrick,2,4,4.0,3.0,3.0,3.0,4.0,3.0,4.0,4.0,4.0,4.0,2.0,4.0,5.0,3.0,4.0,4.0,5.0,4,4,4,3,4,4,3,4,4,4,4,3,4,5,3,4,5,4,0,0.0,-1.0,0.0,-1.0,0.0,0.0,0.0,0.0,0.0,0.0,-1.0,0.0,0.0,0.0,0.0,-1.0,1.0,E,E,-1,-1,-2,-2,-2,-2,-2,-2,-2,-3,-3,-3,-3,-3,-4,-3,32,35,67
27349,Alex Noren,2,4,3.0,5.0,3.0,4.0,5.0,3.0,4.0,4.0,3.0,4.0,3.0,4.0,4.0,3.0,4.0,5.0,4.0,4,4,4,3,4,4,3,4,4,4,4,3,4,5,3,4,5,4,0,-1.0,1.0,0.0,0.0,1.0,0.0,0.0,0.0,-1.0,0.0,0.0,0.0,-1.0,0.0,0.0,0.0,0.0,E,-1,E,E,E,+1,+1,+1,+1,E,E,E,E,-1,-1,-1,-1,-1,35,34,69
46340,Alex Smalley,2,4,4.0,3.0,3.0,4.0,4.0,3.0,4.0,4.0,4.0,4.0,3.0,5.0,5.0,5.0,4.0,5.0,5.0,4,4,4,3,4,4,3,4,4,4,4,3,4,5,3,4,5,4,0,0.0,-1.0,0.0,0.0,0.0,0.0,0.0,0.0,0.0,0.0,0.0,1.0,0.0,2.0,0.0,0.0,1.0,E,E,-1,-1,-1,-1,-1,-1,-1,-1,-1,-1,E,E,+2,+2,+2,+3,33,40,73
51680,Alistair Docherty,2,4,4.0,4.0,3.0,3.0,4.0,3.0,4.0,4.0,4.0,4.0,3.0,5.0,6.0,4.0,4.0,5.0,4.0,4,4,4,3,4,4,3,4,4,4,4,3,4,5,3,4,5,4,0,0.0,0.0,0.0,-1.0,0.0,0.0,0.0,0.0,0.0,0.0,0.0,1.0,1.0,1.0,0.0,0.0,0.0,E,E,E,E,-1,-1,-1,-1,-1,-1,-1,-1,E,+1,+2,+2,+2,+2,33,39,72
51997,Andrew Novak,2,4,4.0,5.0,4.0,3.0,4.0,3.0,4.0,3.0,4.0,4.0,4.0,4.0,5.0,3.0,4.0,3.0,4.0,4,4,4,3,4,4,3,4,4,4,4,3,4,5,3,4,5,4,0,0.0,1.0,1.0,-1.0,0.0,0.0,0.0,-1.0,0.0,0.0,1.0,0.0,0.0,0.0,0.0,-2.0,0.0,E,E,+1,+2,+1,+1,+1,+1,E,E,E,+1,+1,+1,+1,+1,-1,-1,34,35,69
35314,Andy Sullivan,2,4,3.0,4.0,3.0,4.0,4.0,3.0,5.0,4.0,4.0,4.0,3.0,4.0,4.0,3.0,4.0,5.0,4.0,4,4,4,3,4,4,3,4,4,4,4,3,4,5,3,4,5,4,0,-1.0,0.0,0.0,0.0,0.0,0.0,1.0,0.0,0.0,0.0,0.0,0.0,-1.0,0.0,0.0,0.0,0.0,E,-1,-1,-1,-1,-1,-1,E,E,E,E,E,E,-1,-1,-1,-1,-1,34,35,69
64052,Angel Ayora,2,4,4.0,5.0,4.0,3.0,6.0,3.0,5.0,4.0,4.0,3.0,3.0,3.0,3.0,3.0,4.0,6.0,4.0,4,4,4,3,4,4,3,4,4,4,4,3,4,5,3,4,5,4,0,0.0,1.0,1.0,-1.0,2.0,0.0,1.0,0.0,0.0,-1.0,0.0,-1.0,-2.0,0.0,0.0,1.0,0.0,E,E,+1,+2,+1,+3,+3,+4,+4,+4,+3,+3,+2,E,E,E,+1,+1,38,33,71
46646,Antoine Rozner,2,4,3.0,4.0,4.0,4.0,5.0,3.0,4.0,4.0,4.0,5.0,3.0,5.0,4.0,3.0,4.0,5.0,5.0,4,4,4,3,4,4,3,4,4,4,4,3,4,5,3,4,5,4,0,-1.0,0.0,1.0,0.0,1.0,0.0,0.0,0.0,0.0,1.0,0.0,1.0,-1.0,0.0,0.0,0.0,1.0,E,-1,-1,E,E,+1,+1,+1,+1,+1,+2,+2,+3,+2,+2,+2,+2,+3,35,38,73
45733,Austen Truslow,2,4,4.0,4.0,2.0,4.0,5.0,4.0,3.0,4.0,4.0,4.0,4.0,4.0,5.0,3.0,5.0,6.0,5.0,4,4,4,3,4,4,3,4,4,4,4,3,4,5,3,4,5,4,0,0.0,0.0,-1.0,0.0,1.0,1.0,-1.0,0.0,0.0,0.0,1.0,0.0,0.0,0.0,1.0,1.0,1.0,E,E,E,-1,-1,E,+1,E,E,E,E,+1,+1,+1,+1,+2,+3,+4,34,40,74
70940,Bard Bjoernevikl Skogen,2,3,5.0,3.0,3.0,4.0,4.0,3.0,5.0,4.0,4.0,4.0,3.0,5.0,4.0,3.0,5.0,4.0,5.0,4,4,4,3,4,4,3,4,4,4,4,3,4,5,3,4,5,4,-1,1.0,-1.0,0.0,0.0,0.0,0.0,1.0,0.0,0.0,0.0,0.0,1.0,-1.0,0.0,1.0,-1.0,1.0,-1,E,-1,-1,-1,-1,-1,E,E,E,E,E,+1,E,E,+1,E,+1,34,37,71
54591,Ben Griffin,2,5,3.0,4.0,4.0,4.0,4.0,3.0,4.0,4.0,4.0,3.0,3.0,4.0,5.0,3.0,4.0,5.0,4.0,4,4,4,3,4,4,3,4,4,4,4,3,4,5,3,4,5,4,1,-1.0,0.0,1.0,0.0,0.0,0.0,0.0,0.0,0.0,-1.0,0.0,0.0,0.0,0.0,0.0,0.0,0.0,+1,E,E,+1,+1,+1,+1,+1,+1,+1,E,E,E,E,E,E,E,E,35,35,70
29454,Bernd Wiesberger,2,5,4.0,5.0,2.0,3.0,5.0,3.0,5.0,3.0,4.0,4.0,3.0,4.0,5.0,3.0,4.0,5.0,4.0,4,4,4,3,4,4,3,4,4,4,4,3,4,5,3,4,5,4,1,0.0,1.0,-1.0,-1.0,1.0,0.0,1.0,-1.0,0.0,0.0,0.0,0.0,0.0,0.0,0.0,0.0,0.0,+1,+1,+2,+1,E,+1,+1,+2,+1,+1,+1,+1,+1,+1,+1,+1,+1,+1,35,36,71
29420,Billy Horschel,2,4,3.0,4.0,4.0,4.0,5.0,3.0,4.0,4.0,4.0,4.0,3.0,4.0,5.0,3.0,3.0,5.0,5.0,4,4,4,3,4,4,3,4,4,4,4,3,4,5,3,4,5,4,0,-1.0,0.0,1.0,0.0,1.0,0.0,0.0,0.0,0.0,0.0,0.0,0.0,0.0,0.0,-1.0,0.0,1.0,E,-1,-1,E,E,+1,+1,+1,+1,+1,+1,+1,+1,+1,+1,E,E,+1,35,36,71
27644,Brian Harman,2,4,5.0,4.0,4.0,4.0,5.0,2.0,4.0,5.0,3.0,4.0,3.0,5.0,7.0,3.0,4.0,4.0,5.0,4,4,4,3,4,4,3,4,4,4,4,3,4,5,3,4,5,4,0,1.0,0.0,1.0,0.0,1.0,-1.0,0.0,1.0,-1.0,0.0,0.0,1.0,2.0,0.0,0.0,-1.0,1.0,E,+1,+1,+2,+2,+3,+2,+2,+3,+2,+2,+2,+3,+5,+5,+5,+4,+5,37,38,75
36689,Brooks Koepka,2,4,5.0,4.0,2.0,5.0,4.0,3.0,5.0,3.0,4.0,4.0,3.0,5.0,5.0,3.0,4.0,4.0,4.0,4,4,4,3,4,4,3,4,4,4,4,3,4,5,3,4,5,4,0,1.0,0.0,-1.0,1.0,0.0,0.0,1.0,-1.0,0.0,0.0,0.0,1.0,0.0,0.0,0.0,-1.0,0.0,E,+1,+1,E,+1,+1,+1,+2,+1,+1,+1,+1,+2,+2,+2,+2,+1,+1,35,36,71
47959,Bryson DeChambeau,2,4,4.0,4.0,2.0,7.0,4.0,3.0,4.0,3.0,4.0,3.0,3.0,4.0,5.0,3.0,4.0,4.0,3.0,4,4,4,3,4,4,3,4,4,4,4,3,4,5,3,4,5,4,0,0.0,0.0,-1.0,2.0,0.0,0.0,0.0,-1.0,0.0,-1.0,0.0,0.0,0.0,0.0,0.0,-1.0,-1.0,E,E,E,-1,+2,+2,+2,+2,+1,+1,E,E,E,E,E,E,-1,-2,35,33,68
34021,Bud Cauley,2,4,4.0,3.0,3.0,4.0,3.0,3.0,4.0,4.0,3.0,4.0,4.0,4.0,4.0,4.0,4.0,5.0,4.0,4,4,4,3,4,4,3,4,4,4,4,3,4,5,3,4,5,4,0,0.0,-1.0,0.0,0.0,-1.0,0.0,0.0,0.0,-1.0,0.0,1.0,0.0,-1.0,1.0,0.0,0.0,0.0,E,E,-1,-1,-1,-2,-2,-2,-2,-3,-3,-2,-2,-3,-2,-2,-2,-2,32,36,68
64054,Caleb Surratt,2,7,4.0,4.0,3.0,3.0,5.0,4.0,4.0,4.0,4.0,4.0,4.0,4.0,4.0,4.0,4.0,4.0,5.0,4,4,4,3,4,4,3,4,4,4,4,3,4,5,3,4,5,4,2,0.0,0.0,0.0,-1.0,1.0,1.0,0.0,0.0,0.0,0.0,1.0,0.0,-1.0,1.0,0.0,-1.0,1.0,+3,+3,+3,+3,+2,+3,+4,+4,+4,+4,+4,+5,+5,+4,+5,+5,+4,+5,38,37,75
47463,Cameron John,2,5,3.0,4.0,2.0,3.0,4.0,3.0,3.0,4.0,4.0,4.0,3.0,4.0,5.0,3.0,4.0,5.0,4.0,4,4,4,3,4,4,3,4,4,4,4,3,4,5,3,4,5,4,1,-1.0,0.0,-1.0,-1.0,0.0,0.0,-1.0,0.0,0.0,0.0,0.0,0.0,0.0,0.0,0.0,0.0,0.0,+1,E,E,-1,-2,-2,-2,-3,-3,-3,-3,-3,-3,-3,-3,-3,-3,-3,31,36,67
35891,Cameron Smith,2,4,3.0,4.0,2.0,4.0,5.0,2.0,3.0,4.0,4.0,4.0,3.0,4.0,5.0,5.0,4.0,5.0,4.0,4,4,4,3,4,4,3,4,4,4,4,3,4,5,3,4,5,4,0,-1.0,0.0,-1.0,0.0,1.0,-1.0,-1.0,0.0,0.0,0.0,0.0,0.0,0.0,2.0,0.0,0.0,0.0,E,-1,-1,-2,-2,-1,-2,-3,-3,-3,-3,-3,-3,-3,-1,-1,-1,-1,31,38,69
57366,Cameron Young,2,5,3.0,4.0,3.0,4.0,4.0,3.0,3.0,4.0,4.0,4.0,3.0,4.0,4.0,4.0,4.0,4.0,3.0,4,4,4,3,4,4,3,4,4,4,4,3,4,5,3,4,5,4,1,-1.0,0.0,0.0,0.0,0.0,0.0,-1.0,0.0,0.0,0.0,0.0,0.0,-1.0,1.0,0.0,-1.0,-1.0,+1,E,E,E,E,E,E,-1,-1,-1,-1,-1,-1,-2,-1,-1,-2,-3,33,34,67
57688,Casey Jarvis,2,3,4.0,4.0,3.0,3.0,4.0,3.0,3.0,4.0,4.0,4.0,3.0,4.0,5.0,3.0,3.0,5.0,5.0,4,4,4,3,4,4,3,4,4,4,4,3,4,5,3,4,5,4,-1,0.0,0.0,0.0,-1.0,0.0,0.0,-1.0,0.0,0.0,0.0,0.0,0.0,0.0,0.0,-1.0,0.0,1.0,-1,-1,-1,-1,-2,-2,-2,-3,-3,-3,-3,-3,-3,-3,-3,-4,-4,-3,31,36,67
59095,Chris Gotterup,2,4,4.0,3.0,3.0,3.0,5.0,3.0,4.0,4.0,4.0,4.0,2.0,5.0,5.0,3.0,4.0,4.0,4.0,4,4,4,3,4,4,3,4,4,4,4,3,4,5,3,4,5,4,0,0.0,-1.0,0.0,-1.0,1.0,0.0,0.0,0.0,0.0,0.0,-1.0,1.0,0.0,0.0,0.0,-1.0,0.0,E,E,-1,-1,-2,-1,-1,-1,-1,-1,-1,-2,-1,-1,-1,-1,-2,-2,33,35,68
50525,Collin Morikawa,2,4,3.0,4.0,3.0,4.0,3.0,3.0,4.0,3.0,4.0,4.0,3.0,4.0,5.0,4.0,5.0,4.0,6.0,4,4,4,3,4,4,3,4,4,4,4,3,4,5,3,4,5,4,0,-1.0,0.0,0.0,0.0,-1.0,0.0,0.0,-1.0,0.0,0.0,0.0,0.0,0.0,1.0,1.0,-1.0,2.0,E,-1,-1,-1,-1,-2,-2,-2,-3,-3,-3,-3,-3,-3,-2,-1,-2,E,31,39,70
39997,Corey Conners,2,5,4.0,4.0,3.0,3.0,4.0,3.0,4.0,4.0,4.0,5.0,2.0,4.0,4.0,2.0,3.0,4.0,5.0,4,4,4,3,4,4,3,4,4,4,4,3,4,5,3,4,5,4,1,0.0,0.0,0.0,-1.0,0.0,0.0,0.0,0.0,0.0,1.0,-1.0,0.0,-1.0,-1.0,-1.0,-1.0,1.0,+1,+1,+1,+1,E,E,E,E,E,E,+1,E,E,-1,-2,-3,-4,-3,34,33,67
63459,Dan Bradbury,2,4,4.0,4.0,4.0,5.0,5.0,4.0,4.0,4.0,4.0,5.0,4.0,4.0,5.0,2.0,5.0,5.0,3.0,4,4,4,3,4,4,3,4,4,4,4,3,4,5,3,4,5,4,0,0.0,0.0,1.0,1.0,1.0,1.0,0.0,0.0,0.0,1.0,1.0,0.0,0.0,-1.0,1.0,0.0,-1.0,E,E,E,+1,+2,+3,+4,+4,+4,+4,+5,+6,+6,+6,+5,+6,+6,+5,38,37,75
57259,Dan Brown,2,4,4.0,4.0,2.0,4.0,4.0,5.0,4.0,4.0,4.0,4.0,4.0,4.0,4.0,4.0,4.0,3.0,5.0,4,4,4,3,4,4,3,4,4,4,4,3,4,5,3,4,5,4,0,0.0,0.0,-1.0,0.0,0.0,2.0,0.0,0.0,0.0,0.0,1.0,0.0,-1.0,1.0,0.0,-2.0,1.0,E,E,E,-1,-1,-1,+1,+1,+1,+1,+1,+2,+2,+1,+2,+2,E,+1,35,36,71
40026,Daniel Berger,2,4,4.0,4.0,4.0,3.0,4.0,3.0,3.0,5.0,4.0,4.0,3.0,3.0,5.0,4.0,4.0,5.0,4.0,4,4,4,3,4,4,3,4,4,4,4,3,4,5,3,4,5,4,0,0.0,0.0,1.0,-1.0,0.0,0.0,-1.0,1.0,0.0,0.0,0.0,-1.0,0.0,1.0,0.0,0.0,0.0,E,E,E,+1,E,E,E,-1,E,E,E,E,-1,-1,E,E,E,E,34,36,70
49813,Daniel Hillier,2,5,4.0,3.0,3.0,6.0,4.0,3.0,4.0,4.0,4.0,4.0,3.0,3.0,4.0,3.0,5.0,4.0,4.0,4,4,4,3,4,4,3,4,4,4,4,3,4,5,3,4,5,4,1,0.0,-1.0,0.0,2.0,0.0,0.0,0.0,0.0,0.0,0.0,0.0,-1.0,-1.0,0.0,1.0,-1.0,0.0,+1,+1,E,E,+2,+2,+2,+2,+2,+2,+2,+2,+1,E,E,+1,E,E,36,34,70
19825,Darren Clarke,2,3,4.0,4.0,3.0,4.0,6.0,3.0,4.0,4.0,3.0,4.0,3.0,3.0,5.0,4.0,5.0,5.0,7.0,4,4,4,3,4,4,3,4,4,4,4,3,4,5,3,4,5,4,-1,0.0,0.0,0.0,0.0,2.0,0.0,0.0,0.0,-1.0,0.0,0.0,-1.0,0.0,1.0,1.0,0.0,2.0,-1,-1,-1,-1,-1,+1,+1,+1,+1,E,E,E,-1,-1,E,+1,+1,+4,35,39,74
68566,David Howard,2,4,4.0,3.0,3.0,3.0,5.0,4.0,3.0,4.0,4.0,3.0,3.0,4.0,6.0,3.0,4.0,5.0,4.0,4,4,4,3,4,4,3,4,4,4,4,3,4,5,3,4,5,4,0,0.0,-1.0,0.0,-1.0,1.0,1.0,-1.0,0.0,0.0,-1.0,0.0,0.0,1.0,0.0,0.0,0.0,0.0,E,E,-1,-1,-2,-1,E,-1,-1,-1,-2,-2,-2,-1,-1,-1,-1,-1,33,36,69
61193,David Puig,2,6,3.0,4.0,4.0,4.0,5.0,3.0,4.0,4.0,4.0,4.0,3.0,5.0,5.0,4.0,5.0,5.0,5.0,4,4,4,3,4,4,3,4,4,4,4,3,4,5,3,4,5,4,2,-1.0,0.0,1.0,0.0,1.0,0.0,0.0,0.0,0.0,0.0,0.0,1.0,0.0,1.0,1.0,0.0,1.0,+2,+1,+1,+2,+2,+3,+3,+3,+3,+3,+3,+3,+4,+4,+5,+6,+6,+7,37,40,77
47591,Eric Cole,2,4,4.0,5.0,2.0,3.0,3.0,3.0,4.0,4.0,3.0,3.0,2.0,3.0,5.0,3.0,4.0,5.0,4.0,4,4,4,3,4,4,3,4,4,4,4,3,4,5,3,4,5,4,0,0.0,1.0,-1.0,-1.0,-1.0,0.0,0.0,0.0,-1.0,-1.0,-1.0,-1.0,0.0,0.0,0.0,0.0,0.0,E,E,+1,E,-1,-2,-2,-2,-2,-3,-4,-5,-6,-6,-6,-6,-6,-6,32,32,64
57492,Eugenio Chacarra,2,4,4.0,4.0,3.0,4.0,5.0,3.0,4.0,4.0,4.0,3.0,3.0,4.0,5.0,2.0,4.0,5.0,5.0,4,4,4,3,4,4,3,4,4,4,4,3,4,5,3,4,5,4,0,0.0,0.0,0.0,0.0,1.0,0.0,0.0,0.0,0.0,-1.0,0.0,0.0,0.0,-1.0,0.0,0.0,1.0,E,E,E,E,E,+1,+1,+1,+1,+1,E,E,E,E,-1,-1,-1,E,35,35,70
70146,Fifa Laopakdee,2,8,4.0,4.0,3.0,4.0,5.0,4.0,5.0,4.0,5.0,4.0,3.0,4.0,4.0,3.0,4.0,7.0,5.0,4,4,4,3,4,4,3,4,4,4,4,3,4,5,3,4,5,4,2,0.0,0.0,0.0,0.0,1.0,1.0,1.0,0.0,1.0,0.0,0.0,0.0,-1.0,0.0,0.0,2.0,1.0,+4,+4,+4,+4,+4,+5,+6,+7,+7,+8,+8,+8,+8,+7,+7,+7,+9,+10,41,39,80
34607,Francesco Laporta,2,4,4.0,6.0,3.0,3.0,4.0,2.0,5.0,4.0,4.0,4.0,5.0,4.0,8.0,3.0,3.0,5.0,4.0,4,4,4,3,4,4,3,4,4,4,4,3,4,5,3,4,5,4,0,0.0,2.0,0.0,-1.0,0.0,-1.0,1.0,0.0,0.0,0.0,2.0,0.0,2.0,0.0,-1.0,0.0,0.0,E,E,+2,+2,+1,+1,E,+1,+1,+1,+1,+3,+3,+6,+6,+5,+5,+5,35,40,75
25198,Francesco Molinari,2,4,4.0,3.0,3.0,4.0,4.0,3.0,4.0,4.0,4.0,4.0,3.0,5.0,4.0,3.0,4.0,4.0,5.0,4,4,4,3,4,4,3,4,4,4,4,3,4,5,3,4,5,4,0,0.0,-1.0,0.0,0.0,0.0,0.0,0.0,0.0,0.0,0.0,0.0,1.0,-1.0,0.0,0.0,-1.0,1.0,E,E,-1,-1,-1,-1,-1,-1,-1,-1,-1,-1,E,-1,-1,-1,-2,-1,33,36,69
52585,Frederic LaCroix,2,4,4.0,4.0,3.0,3.0,5.0,3.0,4.0,5.0,4.0,4.0,3.0,5.0,5.0,3.0,3.0,5.0,5.0,4,4,4,3,4,4,3,4,4,4,4,3,4,5,3,4,5,4,0,0.0,0.0,0.0,-1.0,1.0,0.0,0.0,1.0,0.0,0.0,0.0,1.0,0.0,0.0,-1.0,0.0,1.0,E,E,E,E,-1,E,E,E,+1,+1,+1,+1,+2,+2,+2,+1,+1,+2,35,37,72
31323,Gary Woodland,2,4,4.0,4.0,2.0,4.0,4.0,2.0,4.0,4.0,7.0,4.0,3.0,4.0,6.0,4.0,3.0,4.0,4.0,4,4,4,3,4,4,3,4,4,4,4,3,4,5,3,4,5,4,0,0.0,0.0,-1.0,0.0,0.0,-1.0,0.0,0.0,2.0,0.0,0.0,0.0,1.0,1.0,-1.0,-1.0,0.0,E,E,E,-1,-1,-1,-2,-2,-2,+1,+1,+1,+1,+2,+3,+2,+1,+1,32,39,71
35296,Haotong Li,2,5,4.0,5.0,3.0,4.0,4.0,3.0,4.0,4.0,4.0,4.0,3.0,4.0,5.0,3.0,5.0,4.0,5.0,4,4,4,3,4,4,3,4,4,4,4,3,4,5,3,4,5,4,1,0.0,1.0,0.0,0.0,0.0,0.0,0.0,0.0,0.0,0.0,0.0,0.0,0.0,0.0,1.0,-1.0,1.0,+1,+1,+2,+2,+2,+2,+2,+2,+2,+2,+2,+2,+2,+2,+2,+3,+2,+3,36,37,73
34099,Harris English,2,4,4.0,4.0,3.0,4.0,4.0,3.0,4.0,3.0,5.0,4.0,2.0,4.0,5.0,3.0,5.0,4.0,4.0,4,4,4,3,4,4,3,4,4,4,4,3,4,5,3,4,5,4,0,0.0,0.0,0.0,0.0,0.0,0.0,0.0,-1.0,1.0,0.0,-1.0,0.0,0.0,0.0,1.0,-1.0,0.0,E,E,E,E,E,E,E,E,-1,E,E,-1,-1,-1,-1,E,-1,-1,33,36,69
57975,Harry Hall,2,4,2.0,5.0,3.0,4.0,4.0,2.0,4.0,4.0,3.0,4.0,3.0,4.0,5.0,4.0,3.0,5.0,4.0,4,4,4,3,4,4,3,4,4,4,4,3,4,5,3,4,5,4,0,-2.0,1.0,0.0,0.0,0.0,-1.0,0.0,0.0,-1.0,0.0,0.0,0.0,0.0,1.0,-1.0,0.0,0.0,E,-2,-1,-1,-1,-1,-2,-2,-2,-3,-3,-3,-3,-3,-2,-3,-3,-3,32,35,67
47497,Hennie Du Plessis,2,4,4.0,4.0,4.0,3.0,4.0,2.0,4.0,5.0,4.0,4.0,4.0,4.0,4.0,2.0,4.0,5.0,4.0,4,4,4,3,4,4,3,4,4,4,4,3,4,5,3,4,5,4,0,0.0,0.0,1.0,-1.0,0.0,-1.0,0.0,1.0,0.0,0.0,1.0,0.0,-1.0,-1.0,0.0,0.0,0.0,E,E,E,+1,E,E,-1,-1,E,E,E,+1,+1,E,-1,-1,-1,-1,34,35,69
21528,Henrik Stenson,2,5,3.0,4.0,4.0,5.0,5.0,3.0,4.0,4.0,4.0,4.0,4.0,6.0,4.0,2.0,4.0,5.0,4.0,4,4,4,3,4,4,3,4,4,4,4,3,4,5,3,4,5,4,1,-1.0,0.0,1.0,1.0,1.0,0.0,0.0,0.0,0.0,0.0,1.0,2.0,-1.0,-1.0,0.0,0.0,0.0,+1,E,E,+1,+2,+3,+3,+3,+3,+3,+3,+4,+6,+5,+4,+4,+4,+4,37,37,74
32839,Hideki Matsuyama,2,3,4.0,4.0,3.0,4.0,5.0,2.0,4.0,4.0,4.0,3.0,3.0,4.0,5.0,3.0,4.0,4.0,4.0,4,4,4,3,4,4,3,4,4,4,4,3,4,5,3,4,5,4,-1,0.0,0.0,0.0,0.0,1.0,-1.0,0.0,0.0,0.0,-1.0,0.0,0.0,0.0,0.0,0.0,-1.0,0.0,-1,-1,-1,-1,-1,E,-1,-1,-1,-1,-2,-2,-2,-2,-2,-2,-3,-3,33,34,67
39324,J.J. Spaun,2,3,4.0,4.0,3.0,4.0,4.0,3.0,4.0,3.0,4.0,4.0,3.0,4.0,5.0,3.0,4.0,5.0,3.0,4,4,4,3,4,4,3,4,4,4,4,3,4,5,3,4,5,4,-1,0.0,0.0,0.0,0.0,0.0,0.0,0.0,-1.0,0.0,0.0,0.0,0.0,0.0,0.0,0.0,0.0,-1.0,-1,-1,-1,-1,-1,-1,-1,-1,-2,-2,-2,-2,-2,-2,-2,-2,-2,-3,32,35,67
49771,J.T. Poston,2,4,4.0,4.0,3.0,4.0,4.0,4.0,5.0,4.0,4.0,5.0,2.0,4.0,4.0,3.0,5.0,4.0,4.0,4,4,4,3,4,4,3,4,4,4,4,3,4,5,3,4,5,4,0,0.0,0.0,0.0,0.0,0.0,1.0,1.0,0.0,0.0,1.0,-1.0,0.0,-1.0,0.0,1.0,-1.0,0.0,E,E,E,E,E,E,+1,+2,+2,+2,+3,+2,+2,+1,+1,+2,+1,+1,36,35,71
66202,Jack Buchanan,2,3,3.0,6.0,3.0,4.0,4.0,3.0,4.0,4.0,4.0,4.0,3.0,4.0,5.0,5.0,5.0,4.0,4.0,4,4,4,3,4,4,3,4,4,4,4,3,4,5,3,4,5,4,-1,-1.0,2.0,0.0,0.0,0.0,0.0,0.0,0.0,0.0,0.0,0.0,0.0,0.0,2.0,1.0,-1.0,0.0,-1,-2,E,E,E,E,E,E,E,E,E,E,E,E,+2,+3,+2,+2,34,38,72
36872,Jack McDonald,2,5,4.0,5.0,3.0,4.0,5.0,3.0,4.0,4.0,2.0,4.0,2.0,5.0,5.0,3.0,4.0,5.0,4.0,4,4,4,3,4,4,3,4,4,4,4,3,4,5,3,4,5,4,1,0.0,1.0,0.0,0.0,1.0,0.0,0.0,0.0,-2.0,0.0,-1.0,1.0,0.0,0.0,0.0,0.0,0.0,+1,+1,+2,+2,+2,+3,+3,+3,+3,+1,+1,E,+1,+1,+1,+1,+1,+1,37,34,71
60019,Jackson Suber,2,4,3.0,4.0,3.0,4.0,5.0,4.0,5.0,4.0,3.0,3.0,3.0,5.0,4.0,3.0,4.0,4.0,4.0,4,4,4,3,4,4,3,4,4,4,4,3,4,5,3,4,5,4,0,-1.0,0.0,0.0,0.0,1.0,1.0,1.0,0.0,-1.0,-1.0,0.0,1.0,-1.0,0.0,0.0,-1.0,0.0,E,-1,-1,-1,-1,E,+1,+2,+2,+1,E,E,+1,E,E,E,-1,-1,36,33,69
60004,Jacob Bridgeman,2,4,4.0,4.0,3.0,4.0,4.0,3.0,4.0,3.0,4.0,4.0,3.0,4.0,6.0,2.0,4.0,5.0,4.0,4,4,4,3,4,4,3,4,4,4,4,3,4,5,3,4,5,4,0,0.0,0.0,0.0,0.0,0.0,0.0,0.0,-1.0,0.0,0.0,0.0,0.0,1.0,-1.0,0.0,0.0,0.0,E,E,E,E,E,E,E,E,-1,-1,-1,-1,-1,E,-1,-1,-1,-1,33,36,69
47420,Jake Knapp,2,4,4.0,4.0,3.0,4.0,4.0,3.0,4.0,5.0,4.0,4.0,3.0,4.0,6.0,4.0,4.0,4.0,3.0,4,4,4,3,4,4,3,4,4,4,4,3,4,5,3,4,5,4,0,0.0,0.0,0.0,0.0,0.0,0.0,0.0,1.0,0.0,0.0,0.0,0.0,1.0,1.0,0.0,-1.0,-1.0,E,E,E,E,E,E,E,E,+1,+1,+1,+1,+1,+2,+3,+3,+2,+1,35,36,71
28089,Jason Day,2,3,4.0,4.0,3.0,4.0,5.0,4.0,4.0,5.0,4.0,4.0,3.0,4.0,4.0,3.0,5.0,4.0,4.0,4,4,4,3,4,4,3,4,4,4,4,3,4,5,3,4,5,4,-1,0.0,0.0,0.0,0.0,1.0,1.0,0.0,1.0,0.0,0.0,0.0,0.0,-1.0,0.0,1.0,-1.0,0.0,-1,-1,-1,-1,-1,E,+1,+1,+2,+2,+2,+2,+2,+1,+1,+2,+1,+1,36,35,71
57737,Jayden Schaper,2,4,4.0,4.0,3.0,3.0,5.0,3.0,4.0,4.0,4.0,4.0,4.0,4.0,6.0,3.0,5.0,4.0,4.0,4,4,4,3,4,4,3,4,4,4,4,3,4,5,3,4,5,4,0,0.0,0.0,0.0,-1.0,1.0,0.0,0.0,0.0,0.0,0.0,1.0,0.0,1.0,0.0,1.0,-1.0,0.0,E,E,E,E,-1,E,E,E,E,E,E,+1,+1,+2,+2,+3,+2,+2,34,38,72
46724,Jeong Woo Ham,2,5,3.0,4.0,3.0,4.0,4.0,3.0,4.0,5.0,3.0,5.0,3.0,4.0,5.0,4.0,5.0,4.0,4.0,4,4,4,3,4,4,3,4,4,4,4,3,4,5,3,4,5,4,1,-1.0,0.0,0.0,0.0,0.0,0.0,0.0,1.0,-1.0,1.0,0.0,0.0,0.0,1.0,1.0,-1.0,0.0,+1,E,E,E,E,E,E,E,+1,E,+1,+1,+1,+1,+2,+3,+2,+2,35,37,72
57586,Jesper Svensson,2,5,3.0,4.0,3.0,2.0,4.0,3.0,4.0,4.0,3.0,4.0,3.0,4.0,4.0,3.0,5.0,4.0,4.0,4,4,4,3,4,4,3,4,4,4,4,3,4,5,3,4,5,4,1,-1.0,0.0,0.0,-2.0,0.0,0.0,0.0,0.0,-1.0,0.0,0.0,0.0,-1.0,0.0,1.0,-1.0,0.0,+1,E,E,E,-2,-2,-2,-2,-2,-3,-3,-3,-3,-4,-4,-3,-4,-4,32,34,66
70939,Jiho Yang,2,5,4.0,4.0,3.0,4.0,4.0,3.0,4.0,4.0,5.0,4.0,2.0,4.0,5.0,2.0,4.0,5.0,4.0,4,4,4,3,4,4,3,4,4,4,4,3,4,5,3,4,5,4,1,0.0,0.0,0.0,0.0,0.0,0.0,0.0,0.0,1.0,0.0,-1.0,0.0,0.0,-1.0,0.0,0.0,0.0,+1,+1,+1,+1,+1,+1,+1,+1,+1,+2,+2,+1,+1,+1,E,E,E,E,35,35,70
34317,Joakim Lagergren,2,3,4.0,4.0,3.0,5.0,5.0,3.0,4.0,4.0,4.0,4.0,3.0,5.0,5.0,4.0,5.0,5.0,4.0,4,4,4,3,4,4,3,4,4,4,4,3,4,5,3,4,5,4,-1,0.0,0.0,0.0,1.0,1.0,0.0,0.0,0.0,0.0,0.0,0.0,1.0,0.0,1.0,1.0,0.0,0.0,-1,-1,-1,-1,E,+1,+1,+1,+1,+1,+1,+1,+2,+2,+3,+4,+4,+4,35,39,74
45486,Joaquin Niemann,2,4,4.0,4.0,3.0,3.0,4.0,3.0,5.0,4.0,3.0,3.0,3.0,4.0,5.0,3.0,4.0,5.0,4.0,4,4,4,3,4,4,3,4,4,4,4,3,4,5,3,4,5,4,0,0.0,0.0,0.0,-1.0,0.0,0.0,1.0,0.0,-1.0,-1.0,0.0,0.0,0.0,0.0,0.0,0.0,0.0,E,E,E,E,-1,-1,-1,E,E,-1,-2,-2,-2,-2,-2,-2,-2,-2,34,34,68
37094,Joe Dean,2,4,4.0,4.0,3.0,6.0,4.0,3.0,3.0,4.0,4.0,4.0,3.0,5.0,6.0,4.0,3.0,4.0,4.0,4,4,4,3,4,4,3,4,4,4,4,3,4,5,3,4,5,4,0,0.0,0.0,0.0,2.0,0.0,0.0,-1.0,0.0,0.0,0.0,0.0,1.0,1.0,1.0,-1.0,-1.0,0.0,E,E,E,E,+2,+2,+2,+1,+1,+1,+1,+1,+2,+3,+4,+3,+2,+2,35,37,72
28723,John Parry,2,4,4.0,4.0,2.0,3.0,5.0,3.0,4.0,4.0,4.0,4.0,3.0,4.0,4.0,4.0,3.0,5.0,4.0,4,4,4,3,4,4,3,4,4,4,4,3,4,5,3,4,5,4,0,0.0,0.0,-1.0,-1.0,1.0,0.0,0.0,0.0,0.0,0.0,0.0,0.0,-1.0,1.0,-1.0,0.0,0.0,E,E,E,-1,-2,-1,-1,-1,-1,-1,-1,-1,-1,-2,-1,-2,-2,-2,33,35,68
63454,Johnny Keefer,2,4,3.0,3.0,3.0,4.0,5.0,3.0,4.0,3.0,4.0,4.0,3.0,3.0,5.0,4.0,4.0,4.0,5.0,4,4,4,3,4,4,3,4,4,4,4,3,4,5,3,4,5,4,0,-1.0,-1.0,0.0,0.0,1.0,0.0,0.0,-1.0,0.0,0.0,0.0,-1.0,0.0,1.0,0.0,-1.0,1.0,E,-1,-2,-2,-2,-1,-1,-1,-2,-2,-2,-2,-3,-3,-2,-2,-3,-2,32,36,68
46970,Jon Rahm,2,4,3.0,4.0,4.0,3.0,5.0,3.0,3.0,4.0,3.0,4.0,3.0,4.0,5.0,4.0,3.0,4.0,4.0,4,4,4,3,4,4,3,4,4,4,4,3,4,5,3,4,5,4,0,-1.0,0.0,1.0,-1.0,1.0,0.0,-1.0,0.0,-1.0,0.0,0.0,0.0,0.0,1.0,-1.0,-1.0,0.0,E,-1,-1,E,-1,E,E,-1,-1,-2,-2,-2,-2,-2,-1,-2,-3,-3,33,34,67
46464,Jordan Smith,2,4,4.0,5.0,3.0,3.0,5.0,4.0,4.0,4.0,4.0,4.0,3.0,4.0,5.0,2.0,4.0,4.0,4.0,4,4,4,3,4,4,3,4,4,4,4,3,4,5,3,4,5,4,0,0.0,1.0,0.0,-1.0,1.0,1.0,0.0,0.0,0.0,0.0,0.0,0.0,0.0,-1.0,0.0,-1.0,0.0,E,E,+1,+1,E,+1,+2,+2,+2,+2,+2,+2,+2,+2,+1,+1,E,E,36,34,70
34046,Jordan Spieth,2,4,4.0,3.0,3.0,3.0,5.0,5.0,4.0,4.0,4.0,4.0,3.0,4.0,7.0,3.0,3.0,9.0,5.0,4,4,4,3,4,4,3,4,4,4,4,3,4,5,3,4,5,4,0,0.0,-1.0,0.0,-1.0,1.0,2.0,0.0,0.0,0.0,0.0,0.0,0.0,2.0,0.0,-1.0,2.0,1.0,E,E,-1,-1,-2,-1,+1,+1,+1,+1,+1,+1,+1,+3,+3,+2,+6,+7,35,42,77
60165,Jose Luis Ballester,2,6,3.0,4.0,3.0,4.0,4.0,3.0,4.0,4.0,4.0,4.0,3.0,4.0,6.0,4.0,4.0,3.0,3.0,4,4,4,3,4,4,3,4,4,4,4,3,4,5,3,4,5,4,2,-1.0,0.0,0.0,0.0,0.0,0.0,0.0,0.0,0.0,0.0,0.0,0.0,1.0,1.0,0.0,-2.0,-1.0,+2,+1,+1,+1,+1,+1,+1,+1,+1,+1,+1,+1,+1,+2,+3,+3,+1,E,35,35,70
22405,Justin Rose,2,4,4.0,4.0,3.0,4.0,4.0,3.0,3.0,4.0,3.0,4.0,4.0,4.0,5.0,3.0,3.0,5.0,4.0,4,4,4,3,4,4,3,4,4,4,4,3,4,5,3,4,5,4,0,0.0,0.0,0.0,0.0,0.0,0.0,-1.0,0.0,-1.0,0.0,1.0,0.0,0.0,0.0,-1.0,0.0,0.0,E,E,E,E,E,E,E,-1,-1,-2,-2,-1,-1,-1,-1,-2,-2,-2,33,35,68
33448,Justin Thomas,2,6,3.0,4.0,4.0,3.0,4.0,3.0,3.0,4.0,3.0,3.0,3.0,4.0,4.0,3.0,4.0,6.0,5.0,4,4,4,3,4,4,3,4,4,4,4,3,4,5,3,4,5,4,2,-1.0,0.0,1.0,-1.0,0.0,0.0,-1.0,0.0,-1.0,-1.0,0.0,0.0,-1.0,0.0,0.0,1.0,1.0,+2,+1,+1,+2,+1,+1,+1,E,E,-1,-2,-2,-2,-3,-3,-3,-2,-1,34,35,69
35778,Kazuki Higa,2,4,3.0,3.0,3.0,3.0,4.0,3.0,3.0,5.0,3.0,4.0,4.0,4.0,5.0,3.0,4.0,5.0,5.0,4,4,4,3,4,4,3,4,4,4,4,3,4,5,3,4,5,4,0,-1.0,-1.0,0.0,-1.0,0.0,0.0,-1.0,1.0,-1.0,0.0,1.0,0.0,0.0,0.0,0.0,0.0,1.0,E,-1,-2,-2,-3,-3,-3,-4,-3,-4,-4,-3,-3,-3,-3,-3,-3,-2,31,37,68
54621,Kazuma Kobori,2,4,4.0,4.0,3.0,4.0,5.0,3.0,4.0,4.0,4.0,4.0,2.0,4.0,5.0,3.0,4.0,4.0,4.0,4,4,4,3,4,4,3,4,4,4,4,3,4,5,3,4,5,4,0,0.0,0.0,0.0,0.0,1.0,0.0,0.0,0.0,0.0,0.0,-1.0,0.0,0.0,0.0,0.0,-1.0,0.0,E,E,E,E,E,+1,+1,+1,+1,+1,+1,E,E,E,E,E,-1,-1,35,34,69
33141,Keegan Bradley,2,6,4.0,4.0,3.0,4.0,4.0,3.0,3.0,5.0,4.0,5.0,3.0,3.0,5.0,3.0,3.0,5.0,5.0,4,4,4,3,4,4,3,4,4,4,4,3,4,5,3,4,5,4,2,0.0,0.0,0.0,0.0,0.0,0.0,-1.0,1.0,0.0,1.0,0.0,-1.0,0.0,0.0,-1.0,0.0,1.0,+2,+2,+2,+2,+2,+2,+2,+1,+2,+2,+3,+3,+2,+2,+2,+1,+1,+2,36,36,72
49228,Keita Nakajima,2,3,4.0,4.0,3.0,4.0,4.0,3.0,5.0,4.0,4.0,4.0,3.0,4.0,5.0,3.0,4.0,5.0,4.0,4,4,4,3,4,4,3,4,4,4,4,3,4,5,3,4,5,4,-1,0.0,0.0,0.0,0.0,0.0,0.0,1.0,0.0,0.0,0.0,0.0,0.0,0.0,0.0,0.0,0.0,0.0,-1,-1,-1,-1,-1,-1,-1,E,E,E,E,E,E,E,E,E,E,E,34,36,70
39546,Keith Mitchell,2,4,3.0,4.0,5.0,3.0,5.0,3.0,4.0,3.0,4.0,4.0,3.0,4.0,5.0,3.0,5.0,4.0,5.0,4,4,4,3,4,4,3,4,4,4,4,3,4,5,3,4,5,4,0,-1.0,0.0,2.0,-1.0,1.0,0.0,0.0,-1.0,0.0,0.0,0.0,0.0,0.0,0.0,1.0,-1.0,1.0,E,-1,-1,+1,E,+1,+1,+1,E,E,E,E,E,E,E,+1,E,+1,34,37,71
61148,Kota Kaneko,2,4,5.0,4.0,3.0,4.0,5.0,3.0,5.0,5.0,4.0,4.0,4.0,5.0,5.0,4.0,4.0,4.0,5.0,4,4,4,3,4,4,3,4,4,4,4,3,4,5,3,4,5,4,0,1.0,0.0,0.0,0.0,1.0,0.0,1.0,1.0,0.0,0.0,1.0,1.0,0.0,1.0,0.0,-1.0,1.0,E,+1,+1,+1,+1,+2,+2,+3,+4,+4,+4,+5,+6,+6,+7,+7,+6,+7,38,39,77
49855,Kristoffer Reitan,2,4,4.0,4.0,3.0,4.0,4.0,3.0,4.0,4.0,3.0,4.0,3.0,4.0,6.0,4.0,4.0,4.0,5.0,4,4,4,3,4,4,3,4,4,4,4,3,4,5,3,4,5,4,0,0.0,0.0,0.0,0.0,0.0,0.0,0.0,0.0,-1.0,0.0,0.0,0.0,1.0,1.0,0.0,-1.0,1.0,E,E,E,E,E,E,E,E,E,-1,-1,-1,-1,E,+1,+1,E,+1,34,37,71
48117,Kurt Kitayama,2,4,4.0,6.0,3.0,3.0,5.0,3.0,4.0,5.0,4.0,3.0,3.0,3.0,6.0,3.0,4.0,4.0,4.0,4,4,4,3,4,4,3,4,4,4,4,3,4,5,3,4,5,4,0,0.0,2.0,0.0,-1.0,1.0,0.0,0.0,1.0,0.0,-1.0,0.0,-1.0,1.0,0.0,0.0,-1.0,0.0,E,E,+2,+2,+1,+2,+2,+2,+3,+3,+2,+2,+1,+2,+2,+2,+1,+1,37,34,71
34362,Laurie Canter,2,4,3.0,5.0,2.0,5.0,5.0,4.0,4.0,4.0,4.0,5.0,3.0,5.0,4.0,3.0,3.0,4.0,4.0,4,4,4,3,4,4,3,4,4,4,4,3,4,5,3,4,5,4,0,-1.0,1.0,-1.0,1.0,1.0,1.0,0.0,0.0,0.0,1.0,0.0,1.0,-1.0,0.0,-1.0,-1.0,0.0,E,-1,E,-1,E,+1,+2,+2,+2,+2,+3,+3,+4,+3,+3,+2,+1,+1,36,35,71
70938,Liv Grinberg,2,5,4.0,4.0,4.0,4.0,5.0,5.0,4.0,3.0,5.0,4.0,4.0,4.0,5.0,4.0,4.0,3.0,5.0,4,4,4,3,4,4,3,4,4,4,4,3,4,5,3,4,5,4,1,0.0,0.0,1.0,0.0,1.0,2.0,0.0,-1.0,1.0,0.0,1.0,0.0,0.0,1.0,0.0,-2.0,1.0,+1,+1,+1,+2,+2,+3,+5,+5,+4,+5,+5,+6,+6,+6,+7,+7,+5,+6,38,38,76
39058,Lucas Herbert,2,3,3.0,3.0,3.0,3.0,4.0,2.0,4.0,3.0,4.0,3.0,2.0,4.0,5.0,3.0,3.0,5.0,5.0,4,4,4,3,4,4,3,4,4,4,4,3,4,5,3,4,5,4,-1,-1.0,-1.0,0.0,-1.0,0.0,-1.0,0.0,-1.0,0.0,-1.0,-1.0,0.0,0.0,0.0,-1.0,0.0,1.0,-1,-2,-3,-3,-4,-4,-5,-5,-6,-6,-7,-8,-8,-8,-8,-9,-9,-8,28,34,62
52955,Ludvig Åberg,2,5,3.0,4.0,2.0,3.0,4.0,2.0,5.0,4.0,5.0,4.0,3.0,3.0,4.0,3.0,4.0,4.0,4.0,4,4,4,3,4,4,3,4,4,4,4,3,4,5,3,4,5,4,1,-1.0,0.0,-1.0,-1.0,0.0,-1.0,1.0,0.0,1.0,0.0,0.0,-1.0,-1.0,0.0,0.0,-1.0,0.0,+1,E,E,-1,-2,-2,-3,-2,-2,-1,-1,-1,-2,-3,-3,-3,-4,-4,32,34,66
39067,MJ Daffue,2,4,4.0,4.0,4.0,4.0,5.0,2.0,6.0,4.0,4.0,5.0,3.0,5.0,4.0,3.0,3.0,4.0,4.0,4,4,4,3,4,4,3,4,4,4,4,3,4,5,3,4,5,4,0,0.0,0.0,1.0,0.0,1.0,-1.0,2.0,0.0,0.0,1.0,0.0,1.0,-1.0,0.0,-1.0,-1.0,0.0,E,E,E,+1,+1,+2,+1,+3,+3,+3,+4,+4,+5,+4,+4,+3,+2,+2,37,35,72
51003,Marco Penge,2,3,4.0,4.0,2.0,3.0,4.0,3.0,5.0,5.0,4.0,3.0,3.0,4.0,4.0,3.0,5.0,5.0,4.0,4,4,4,3,4,4,3,4,4,4,4,3,4,5,3,4,5,4,-1,0.0,0.0,-1.0,-1.0,0.0,0.0,1.0,1.0,0.0,-1.0,0.0,0.0,-1.0,0.0,1.0,0.0,0.0,-1,-1,-1,-2,-3,-3,-3,-2,-1,-1,-2,-2,-2,-3,-3,-2,-2,-2,33,35,68
59613,Marcus Plunkett,2,4,4.0,4.0,4.0,4.0,4.0,4.0,4.0,3.0,4.0,5.0,3.0,4.0,4.0,3.0,4.0,5.0,4.0,4,4,4,3,4,4,3,4,4,4,4,3,4,5,3,4,5,4,0,0.0,0.0,1.0,0.0,0.0,1.0,0.0,-1.0,0.0,1.0,0.0,0.0,-1.0,0.0,0.0,0.0,0.0,E,E,E,+1,+1,+1,+2,+2,+1,+1,+2,+2,+2,+1,+1,+1,+1,+1,35,36,71
60073,Martin Couvra,2,4,4.0,3.0,4.0,3.0,5.0,3.0,4.0,3.0,4.0,6.0,3.0,4.0,5.0,3.0,5.0,5.0,5.0,4,4,4,3,4,4,3,4,4,4,4,3,4,5,3,4,5,4,0,0.0,-1.0,1.0,-1.0,1.0,0.0,0.0,-1.0,0.0,2.0,0.0,0.0,0.0,0.0,1.0,0.0,1.0,E,E,-1,E,-1,E,E,E,-1,-1,+1,+1,+1,+1,+1,+2,+2,+3,33,40,73
68607,Mason Howell,2,5,4.0,3.0,2.0,4.0,5.0,3.0,4.0,4.0,4.0,4.0,3.0,5.0,4.0,2.0,4.0,4.0,5.0,4,4,4,3,4,4,3,4,4,4,4,3,4,5,3,4,5,4,1,0.0,-1.0,-1.0,0.0,1.0,0.0,0.0,0.0,0.0,0.0,0.0,1.0,-1.0,-1.0,0.0,-1.0,1.0,+1,+1,E,-1,-1,E,E,E,E,E,E,E,+1,E,-1,-1,-2,-1,34,35,69
70145,Mateo Pulcini,2,4,4.0,3.0,3.0,4.0,7.0,3.0,3.0,5.0,3.0,4.0,3.0,4.0,5.0,3.0,4.0,4.0,3.0,4,4,4,3,4,4,3,4,4,4,4,3,4,5,3,4,5,4,0,0.0,-1.0,0.0,0.0,2.0,0.0,-1.0,1.0,-1.0,0.0,0.0,0.0,0.0,0.0,0.0,-1.0,-1.0,E,E,-1,-1,-1,+2,+2,+1,+2,+1,+1,+1,+1,+1,+1,+1,E,-1,36,33,69
40098,Matt Fitzpatrick,2,4,3.0,4.0,4.0,3.0,5.0,4.0,4.0,4.0,4.0,3.0,5.0,4.0,5.0,3.0,4.0,4.0,5.0,4,4,4,3,4,4,3,4,4,4,4,3,4,5,3,4,5,4,0,-1.0,0.0,1.0,-1.0,1.0,1.0,0.0,0.0,0.0,-1.0,2.0,0.0,0.0,0.0,0.0,-1.0,1.0,E,-1,-1,E,-1,E,+1,+1,+1,+1,E,+2,+2,+2,+2,+2,+1,+2,35,37,72
59141,Matt McCarty,2,5,4.0,4.0,3.0,4.0,4.0,3.0,3.0,3.0,3.0,3.0,2.0,4.0,5.0,3.0,4.0,5.0,5.0,4,4,4,3,4,4,3,4,4,4,4,3,4,5,3,4,5,4,1,0.0,0.0,0.0,0.0,0.0,0.0,-1.0,-1.0,-1.0,-1.0,-1.0,0.0,0.0,0.0,0.0,0.0,1.0,+1,+1,+1,+1,+1,+1,+1,E,-1,-2,-3,-4,-4,-4,-4,-4,-4,-3,33,34,67
48887,Matt Wallace,2,3,4.0,4.0,3.0,3.0,3.0,3.0,5.0,3.0,4.0,3.0,4.0,4.0,5.0,3.0,4.0,5.0,4.0,4,4,4,3,4,4,3,4,4,4,4,3,4,5,3,4,5,4,-1,0.0,0.0,0.0,-1.0,-1.0,0.0,1.0,-1.0,0.0,-1.0,1.0,0.0,0.0,0.0,0.0,0.0,0.0,-1,-1,-1,-1,-2,-3,-3,-2,-3,-3,-4,-3,-3,-3,-3,-3,-3,-3,31,36,67
32622,Matthew Baldwin,2,4,4.0,3.0,3.0,4.0,5.0,3.0,5.0,4.0,5.0,5.0,3.0,4.0,5.0,3.0,5.0,5.0,5.0,4,4,4,3,4,4,3,4,4,4,4,3,4,5,3,4,5,4,0,0.0,-1.0,0.0,0.0,1.0,0.0,1.0,0.0,1.0,1.0,0.0,0.0,0.0,0.0,1.0,0.0,1.0,E,E,-1,-1,-1,E,E,+1,+1,+2,+3,+3,+3,+3,+3,+4,+4,+5,35,40,75
55955,Matthew Jordan,2,5,3.0,5.0,3.0,4.0,4.0,3.0,5.0,5.0,4.0,4.0,4.0,3.0,5.0,3.0,4.0,4.0,4.0,4,4,4,3,4,4,3,4,4,4,4,3,4,5,3,4,5,4,1,-1.0,1.0,0.0,0.0,0.0,0.0,1.0,1.0,0.0,0.0,1.0,-1.0,0.0,0.0,0.0,-1.0,0.0,+1,E,+1,+1,+1,+1,+1,+2,+3,+3,+3,+4,+3,+3,+3,+3,+2,+2,37,35,72
35174,Matthew Southgate,2,4,4.0,4.0,3.0,4.0,3.0,4.0,4.0,4.0,4.0,4.0,3.0,4.0,5.0,3.0,4.0,4.0,4.0,4,4,4,3,4,4,3,4,4,4,4,3,4,5,3,4,5,4,0,0.0,0.0,0.0,0.0,-1.0,1.0,0.0,0.0,0.0,0.0,0.0,0.0,0.0,0.0,0.0,-1.0,0.0,E,E,E,E,E,-1,E,E,E,E,E,E,E,E,E,E,-1,-1,34,35,69
46442,Maverick McNealy,2,4,4.0,4.0,3.0,4.0,4.0,4.0,4.0,5.0,3.0,4.0,3.0,5.0,5.0,3.0,5.0,4.0,4.0,4,4,4,3,4,4,3,4,4,4,4,3,4,5,3,4,5,4,0,0.0,0.0,0.0,0.0,0.0,1.0,0.0,1.0,-1.0,0.0,0.0,1.0,0.0,0.0,1.0,-1.0,0.0,E,E,E,E,E,E,+1,+1,+2,+1,+1,+1,+2,+2,+2,+3,+2,+2,36,36,72
51977,Max Greyserman,2,3,5.0,5.0,3.0,3.0,4.0,3.0,3.0,3.0,3.0,4.0,3.0,5.0,5.0,3.0,4.0,5.0,5.0,4,4,4,3,4,4,3,4,4,4,4,3,4,5,3,4,5,4,-1,1.0,1.0,0.0,-1.0,0.0,0.0,-1.0,-1.0,-1.0,0.0,0.0,1.0,0.0,0.0,0.0,0.0,1.0,-1,E,+1,+1,E,E,E,-1,-2,-3,-3,-3,-2,-2,-2,-2,-2,-1,32,37,69
39977,Max Homa,2,5,4.0,5.0,2.0,4.0,4.0,3.0,4.0,5.0,4.0,4.0,3.0,4.0,5.0,2.0,4.0,3.0,4.0,4,4,4,3,4,4,3,4,4,4,4,3,4,5,3,4,5,4,1,0.0,1.0,-1.0,0.0,0.0,0.0,0.0,1.0,0.0,0.0,0.0,0.0,0.0,-1.0,0.0,-2.0,0.0,+1,+1,+2,+1,+1,+1,+1,+1,+2,+2,+2,+2,+2,+2,+1,+1,-1,-1,36,33,69
61522,Michael Brennan,2,4,4.0,4.0,3.0,3.0,4.0,3.0,3.0,4.0,4.0,4.0,3.0,4.0,5.0,3.0,3.0,5.0,5.0,4,4,4,3,4,4,3,4,4,4,4,3,4,5,3,4,5,4,0,0.0,0.0,0.0,-1.0,0.0,0.0,-1.0,0.0,0.0,0.0,0.0,0.0,0.0,0.0,-1.0,0.0,1.0,E,E,E,E,-1,-1,-1,-2,-2,-2,-2,-2,-2,-2,-2,-3,-3,-2,32,36,68
36344,Michael Hollick,2,4,4.0,4.0,3.0,4.0,4.0,3.0,4.0,5.0,4.0,5.0,3.0,4.0,5.0,3.0,4.0,5.0,4.0,4,4,4,3,4,4,3,4,4,4,4,3,4,5,3,4,5,4,0,0.0,0.0,0.0,0.0,0.0,0.0,0.0,1.0,0.0,1.0,0.0,0.0,0.0,0.0,0.0,0.0,0.0,E,E,E,E,E,E,E,E,+1,+1,+2,+2,+2,+2,+2,+2,+2,+2,35,37,72
39975,Michael Kim,2,4,3.0,4.0,3.0,4.0,4.0,3.0,5.0,4.0,4.0,5.0,4.0,4.0,3.0,4.0,4.0,5.0,5.0,4,4,4,3,4,4,3,4,4,4,4,3,4,5,3,4,5,4,0,-1.0,0.0,0.0,0.0,0.0,0.0,1.0,0.0,0.0,1.0,1.0,0.0,-2.0,1.0,0.0,0.0,1.0,E,-1,-1,-1,-1,-1,-1,E,E,E,+1,+2,+2,E,+1,+1,+1,+2,34,38,72
57364,Michael Thorbjornsen,2,3,4.0,4.0,3.0,4.0,4.0,3.0,4.0,3.0,4.0,4.0,3.0,4.0,5.0,3.0,4.0,4.0,5.0,4,4,4,3,4,4,3,4,4,4,4,3,4,5,3,4,5,4,-1,0.0,0.0,0.0,0.0,0.0,0.0,0.0,-1.0,0.0,0.0,0.0,0.0,0.0,0.0,0.0,-1.0,1.0,-1,-1,-1,-1,-1,-1,-1,-1,-2,-2,-2,-2,-2,-2,-2,-2,-3,-2,32,36,68
37378,Min Woo Lee,2,5,5.0,4.0,3.0,4.0,4.0,3.0,4.0,4.0,5.0,4.0,3.0,4.0,4.0,3.0,4.0,5.0,3.0,4,4,4,3,4,4,3,4,4,4,4,3,4,5,3,4,5,4,1,1.0,0.0,0.0,0.0,0.0,0.0,0.0,0.0,1.0,0.0,0.0,0.0,-1.0,0.0,0.0,0.0,-1.0,+1,+2,+2,+2,+2,+2,+2,+2,+2,+3,+3,+3,+3,+2,+2,+2,+2,+1,36,35,71
46879,Naoyuki Kataoka,2,4,3.0,8.0,3.0,3.0,4.0,2.0,4.0,4.0,5.0,4.0,3.0,3.0,5.0,3.0,3.0,4.0,3.0,4,4,4,3,4,4,3,4,4,4,4,3,4,5,3,4,5,4,0,-1.0,2.0,0.0,-1.0,0.0,-1.0,0.0,0.0,1.0,0.0,0.0,-1.0,0.0,0.0,-1.0,-1.0,-1.0,E,-1,+3,+3,+2,+2,+1,+1,+1,+2,+2,+2,+1,+1,+1,E,-1,-2,35,33,68
68670,Nevill Ruiter,2,4,3.0,4.0,3.0,2.0,5.0,3.0,4.0,4.0,4.0,4.0,3.0,4.0,5.0,3.0,3.0,5.0,5.0,4,4,4,3,4,4,3,4,4,4,4,3,4,5,3,4,5,4,0,-1.0,0.0,0.0,-2.0,1.0,0.0,0.0,0.0,0.0,0.0,0.0,0.0,0.0,0.0,-1.0,0.0,1.0,E,-1,-1,-1,-3,-2,-2,-2,-2,-2,-2,-2,-2,-2,-2,-3,-3,-2,32,36,68
25493,Nick Taylor,2,4,5.0,4.0,3.0,4.0,5.0,2.0,4.0,4.0,3.0,4.0,3.0,5.0,5.0,3.0,4.0,4.0,5.0,4,4,4,3,4,4,3,4,4,4,4,3,4,5,3,4,5,4,0,1.0,0.0,0.0,0.0,1.0,-1.0,0.0,0.0,-1.0,0.0,0.0,1.0,0.0,0.0,0.0,-1.0,1.0,E,+1,+1,+1,+1,+2,+1,+1,+1,E,E,E,+1,+1,+1,+1,E,+1,35,36,71
51349,Nico Echavarria,2,4,3.0,4.0,2.0,3.0,5.0,3.0,4.0,4.0,4.0,4.0,3.0,4.0,6.0,3.0,3.0,4.0,4.0,4,4,4,3,4,4,3,4,4,4,4,3,4,5,3,4,5,4,0,-1.0,0.0,-1.0,-1.0,1.0,0.0,0.0,0.0,0.0,0.0,0.0,0.0,1.0,0.0,-1.0,-1.0,0.0,E,-1,-1,-2,-3,-2,-2,-2,-2,-2,-2,-2,-2,-1,-1,-2,-3,-3,32,35,67
52453,Nicolai Højgaard,2,4,5.0,4.0,3.0,4.0,5.0,3.0,4.0,4.0,4.0,4.0,3.0,4.0,5.0,2.0,5.0,3.0,4.0,4,4,4,3,4,4,3,4,4,4,4,3,4,5,3,4,5,4,0,1.0,0.0,0.0,0.0,1.0,0.0,0.0,0.0,0.0,0.0,0.0,0.0,0.0,-1.0,1.0,-2.0,0.0,E,+1,+1,+1,+1,+2,+2,+2,+2,+2,+2,+2,+2,+2,+1,+2,E,E,36,34,70
20766,Padraig Harrington,2,5,3.0,4.0,3.0,3.0,4.0,3.0,5.0,4.0,4.0,5.0,2.0,3.0,4.0,3.0,5.0,4.0,5.0,4,4,4,3,4,4,3,4,4,4,4,3,4,5,3,4,5,4,1,-1.0,0.0,0.0,-1.0,0.0,0.0,1.0,0.0,0.0,1.0,-1.0,-1.0,-1.0,0.0,1.0,-1.0,1.0,+1,E,E,E,-1,-1,-1,E,E,E,+1,E,-1,-2,-2,-1,-2,-1,34,35,69
35450,Patrick Cantlay,2,4,3.0,4.0,3.0,3.0,4.0,3.0,4.0,4.0,5.0,4.0,3.0,3.0,5.0,3.0,5.0,4.0,4.0,4,4,4,3,4,4,3,4,4,4,4,3,4,5,3,4,5,4,0,-1.0,0.0,0.0,-1.0,0.0,0.0,0.0,0.0,1.0,0.0,0.0,-1.0,0.0,0.0,1.0,-1.0,0.0,E,-1,-1,-1,-2,-2,-2,-2,-2,-1,-1,-1,-2,-2,-2,-1,-2,-2,32,36,68
34360,Patrick Reed,2,3,3.0,4.0,2.0,4.0,3.0,2.0,5.0,4.0,3.0,4.0,2.0,4.0,5.0,3.0,5.0,5.0,5.0,4,4,4,3,4,4,3,4,4,4,4,3,4,5,3,4,5,4,-1,-1.0,0.0,-1.0,0.0,-1.0,-1.0,1.0,0.0,-1.0,0.0,-1.0,0.0,0.0,0.0,1.0,0.0,1.0,-1,-2,-2,-3,-3,-4,-5,-4,-4,-5,-5,-6,-6,-6,-6,-5,-5,-4,30,36,66
29484,Peter Uihlein,2,5,4.0,4.0,3.0,4.0,3.0,3.0,3.0,3.0,3.0,4.0,3.0,4.0,6.0,3.0,4.0,5.0,4.0,4,4,4,3,4,4,3,4,4,4,4,3,4,5,3,4,5,4,1,0.0,0.0,0.0,0.0,-1.0,0.0,-1.0,-1.0,-1.0,0.0,0.0,0.0,1.0,0.0,0.0,0.0,0.0,+1,+1,+1,+1,+1,E,E,-1,-2,-3,-3,-3,-3,-2,-2,-2,-2,-2,32,36,68
59836,Pierceson Coody,2,3,3.0,5.0,3.0,4.0,4.0,3.0,4.0,4.0,4.0,5.0,2.0,4.0,4.0,3.0,4.0,6.0,5.0,4,4,4,3,4,4,3,4,4,4,4,3,4,5,3,4,5,4,-1,-1.0,1.0,0.0,0.0,0.0,0.0,0.0,0.0,0.0,1.0,-1.0,0.0,-1.0,0.0,0.0,1.0,1.0,-1,-2,-1,-1,-1,-1,-1,-1,-1,-1,E,-1,-1,-2,-2,-2,-1,E,33,37,70
52686,Rasmus Højgaard,2,5,4.0,4.0,4.0,3.0,4.0,4.0,4.0,3.0,4.0,7.0,3.0,5.0,4.0,4.0,4.0,5.0,4.0,4,4,4,3,4,4,3,4,4,4,4,3,4,5,3,4,5,4,1,0.0,0.0,1.0,-1.0,0.0,1.0,0.0,-1.0,0.0,2.0,0.0,1.0,-1.0,1.0,0.0,0.0,0.0,+1,+1,+1,+2,+1,+1,+2,+2,+1,+1,+4,+4,+5,+4,+5,+5,+5,+5,35,40,75
52689,Rasmus Neergaard-Petersen,2,4,3.0,4.0,3.0,4.0,3.0,3.0,3.0,5.0,4.0,3.0,3.0,5.0,4.0,3.0,4.0,4.0,4.0,4,4,4,3,4,4,3,4,4,4,4,3,4,5,3,4,5,4,0,-1.0,0.0,0.0,0.0,-1.0,0.0,-1.0,1.0,0.0,-1.0,0.0,1.0,-1.0,0.0,0.0,-1.0,0.0,E,-1,-1,-1,-1,-2,-2,-3,-2,-2,-3,-3,-2,-3,-3,-3,-4,-4,32,34,66
56100,Ren Yonezawa,2,6,5.0,4.0,4.0,5.0,5.0,3.0,3.0,4.0,3.0,5.0,3.0,4.0,6.0,5.0,4.0,5.0,5.0,4,4,4,3,4,4,3,4,4,4,4,3,4,5,3,4,5,4,2,1.0,0.0,1.0,1.0,1.0,0.0,-1.0,0.0,-1.0,1.0,0.0,0.0,1.0,2.0,0.0,0.0,1.0,+2,+3,+3,+4,+5,+6,+6,+5,+5,+4,+5,+5,+5,+6,+8,+8,+8,+9,39,40,79
32102,Rickie Fowler,2,3,5.0,4.0,3.0,4.0,4.0,2.0,4.0,4.0,4.0,4.0,3.0,5.0,6.0,3.0,3.0,4.0,4.0,4,4,4,3,4,4,3,4,4,4,4,3,4,5,3,4,5,4,-1,1.0,0.0,0.0,0.0,0.0,-1.0,0.0,0.0,0.0,0.0,0.0,1.0,1.0,0.0,-1.0,-1.0,0.0,-1,E,E,E,E,E,-1,-1,-1,-1,-1,-1,E,+1,+1,E,-1,-1,33,36,69
52215,Robert MacIntyre,2,4,4.0,5.0,3.0,4.0,4.0,3.0,4.0,4.0,4.0,4.0,3.0,4.0,4.0,3.0,4.0,3.0,5.0,4,4,4,3,4,4,3,4,4,4,4,3,4,5,3,4,5,4,0,0.0,1.0,0.0,0.0,0.0,0.0,0.0,0.0,0.0,0.0,0.0,0.0,-1.0,0.0,0.0,-2.0,1.0,E,E,+1,+1,+1,+1,+1,+1,+1,+1,+1,+1,+1,E,E,E,-2,-1,35,34,69
28237,Rory McIlroy,2,4,3.0,4.0,3.0,4.0,5.0,3.0,3.0,3.0,4.0,4.0,3.0,4.0,4.0,3.0,4.0,5.0,4.0,4,4,4,3,4,4,3,4,4,4,4,3,4,5,3,4,5,4,0,-1.0,0.0,0.0,0.0,1.0,0.0,-1.0,-1.0,0.0,0.0,0.0,0.0,-1.0,0.0,0.0,0.0,0.0,E,-1,-1,-1,-1,E,E,-1,-2,-2,-2,-2,-2,-3,-3,-3,-3,-3,32,35,67
34098,Russell Henley,2,4,4.0,4.0,3.0,4.0,4.0,3.0,4.0,4.0,5.0,4.0,3.0,3.0,4.0,4.0,4.0,5.0,5.0,4,4,4,3,4,4,3,4,4,4,4,3,4,5,3,4,5,4,0,0.0,0.0,0.0,0.0,0.0,0.0,0.0,0.0,1.0,0.0,0.0,-1.0,-1.0,1.0,0.0,0.0,1.0,E,E,E,E,E,E,E,E,E,+1,+1,+1,E,-1,E,E,E,+1,34,37,71
29936,Ryan Fox,2,4,4.0,3.0,3.0,4.0,5.0,3.0,3.0,3.0,3.0,3.0,4.0,4.0,5.0,3.0,4.0,5.0,5.0,4,4,4,3,4,4,3,4,4,4,4,3,4,5,3,4,5,4,0,0.0,-1.0,0.0,0.0,1.0,0.0,-1.0,-1.0,-1.0,-1.0,1.0,0.0,0.0,0.0,0.0,0.0,1.0,E,E,-1,-1,-1,E,E,-1,-2,-3,-4,-3,-3,-3,-3,-3,-3,-2,32,36,68
59018,Ryan Gerard,2,4,3.0,5.0,2.0,4.0,4.0,3.0,4.0,3.0,4.0,4.0,4.0,4.0,4.0,3.0,4.0,4.0,4.0,4,4,4,3,4,4,3,4,4,4,4,3,4,5,3,4,5,4,0,-1.0,1.0,-1.0,0.0,0.0,0.0,0.0,-1.0,0.0,0.0,1.0,0.0,-1.0,0.0,0.0,-1.0,0.0,E,-1,E,-1,-1,-1,-1,-1,-2,-2,-2,-1,-1,-2,-2,-2,-3,-3,32,35,67
51287,Ryo Hisatsune,2,3,4.0,3.0,3.0,5.0,4.0,3.0,4.0,5.0,4.0,4.0,4.0,5.0,5.0,4.0,4.0,4.0,5.0,4,4,4,3,4,4,3,4,4,4,4,3,4,5,3,4,5,4,-1,0.0,-1.0,0.0,1.0,0.0,0.0,0.0,1.0,0.0,0.0,1.0,1.0,0.0,1.0,0.0,-1.0,1.0,-1,-1,-2,-2,-1,-1,-1,-1,E,E,E,+1,+2,+2,+3,+3,+2,+3,34,39,73
28521,Ryutaro Nagano,2,5,4.0,4.0,4.0,4.0,4.0,3.0,4.0,4.0,4.0,4.0,3.0,4.0,4.0,3.0,4.0,5.0,5.0,4,4,4,3,4,4,3,4,4,4,4,3,4,5,3,4,5,4,1,0.0,0.0,1.0,0.0,0.0,0.0,0.0,0.0,0.0,0.0,0.0,0.0,-1.0,0.0,0.0,0.0,1.0,+1,+1,+1,+2,+2,+2,+2,+2,+2,+2,+2,+2,+2,+1,+1,+1,+1,+2,36,36,72
51634,Sahith Theegala,2,5,4.0,4.0,2.0,3.0,4.0,3.0,3.0,4.0,4.0,4.0,3.0,5.0,4.0,3.0,4.0,5.0,5.0,4,4,4,3,4,4,3,4,4,4,4,3,4,5,3,4,5,4,1,0.0,0.0,-1.0,-1.0,0.0,0.0,-1.0,0.0,0.0,0.0,0.0,1.0,-1.0,0.0,0.0,0.0,1.0,+1,+1,+1,E,-1,-1,-1,-2,-2,-2,-2,-2,-1,-2,-2,-2,-2,-1,32,37,69
60369,Sam Bairstow,2,5,4.0,6.0,2.0,4.0,4.0,3.0,5.0,4.0,4.0,4.0,3.0,4.0,6.0,4.0,4.0,4.0,5.0,4,4,4,3,4,4,3,4,4,4,4,3,4,5,3,4,5,4,1,0.0,2.0,-1.0,0.0,0.0,0.0,1.0,0.0,0.0,0.0,0.0,0.0,1.0,1.0,0.0,-1.0,1.0,+1,+1,+3,+2,+2,+2,+2,+3,+3,+3,+3,+3,+3,+4,+5,+5,+4,+5,37,38,75
47504,Sam Burns,2,4,3.0,4.0,2.0,4.0,4.0,3.0,4.0,4.0,3.0,3.0,3.0,3.0,5.0,3.0,3.0,4.0,3.0,4,4,4,3,4,4,3,4,4,4,4,3,4,5,3,4,5,4,0,-1.0,0.0,-1.0,0.0,0.0,0.0,0.0,0.0,-1.0,-1.0,0.0,-1.0,0.0,0.0,-1.0,-1.0,-1.0,E,-1,-1,-2,-2,-2,-2,-2,-2,-3,-4,-4,-5,-5,-5,-6,-7,-8,32,30,62
55893,Sam Stevens,2,4,5.0,3.0,3.0,4.0,4.0,3.0,4.0,4.0,4.0,4.0,3.0,5.0,4.0,4.0,4.0,4.0,5.0,4,4,4,3,4,4,3,4,4,4,4,3,4,5,3,4,5,4,0,1.0,-1.0,0.0,0.0,0.0,0.0,0.0,0.0,0.0,0.0,0.0,1.0,-1.0,1.0,0.0,-1.0,1.0,E,+1,E,E,E,E,E,E,E,E,E,E,+1,E,+1,+1,E,+1,34,37,71
52666,Sami Valimaki,2,4,3.0,5.0,3.0,3.0,5.0,4.0,4.0,4.0,4.0,4.0,3.0,5.0,5.0,3.0,5.0,4.0,4.0,4,4,4,3,4,4,3,4,4,4,4,3,4,5,3,4,5,4,0,-1.0,1.0,0.0,-1.0,1.0,1.0,0.0,0.0,0.0,0.0,0.0,1.0,0.0,0.0,1.0,-1.0,0.0,E,-1,E,E,-1,E,+1,+1,+1,+1,+1,+1,+2,+2,+2,+3,+2,+2,35,37,72
34126,Scott Vincent,2,5,4.0,4.0,4.0,5.0,4.0,3.0,4.0,4.0,3.0,4.0,2.0,6.0,6.0,3.0,3.0,5.0,4.0,4,4,4,3,4,4,3,4,4,4,4,3,4,5,3,4,5,4,1,0.0,0.0,1.0,1.0,0.0,0.0,0.0,0.0,-1.0,0.0,-1.0,2.0,1.0,0.0,-1.0,0.0,0.0,+1,+1,+1,+2,+3,+3,+3,+3,+3,+2,+2,+1,+3,+4,+4,+3,+3,+3,37,36,73
46046,Scottie Scheffler,2,4,4.0,4.0,3.0,3.0,4.0,3.0,4.0,4.0,4.0,4.0,3.0,4.0,4.0,3.0,4.0,5.0,4.0,4,4,4,3,4,4,3,4,4,4,4,3,4,5,3,4,5,4,0,0.0,0.0,0.0,-1.0,0.0,0.0,0.0,0.0,0.0,0.0,0.0,0.0,-1.0,0.0,0.0,0.0,0.0,E,E,E,E,-1,-1,-1,-1,-1,-1,-1,-1,-1,-2,-2,-2,-2,-2,33,35,68
49960,Sepp Straka,2,4,4.0,5.0,3.0,3.0,4.0,3.0,4.0,4.0,4.0,4.0,2.0,4.0,5.0,3.0,4.0,5.0,5.0,4,4,4,3,4,4,3,4,4,4,4,3,4,5,3,4,5,4,0,0.0,1.0,0.0,-1.0,0.0,0.0,0.0,0.0,0.0,0.0,-1.0,0.0,0.0,0.0,0.0,0.0,1.0,E,E,+1,+1,E,E,E,E,E,E,E,-1,-1,-1,-1,-1,-1,E,34,36,70
33204,Shane Lowry,2,3,4.0,4.0,3.0,4.0,4.0,3.0,4.0,3.0,4.0,4.0,3.0,4.0,5.0,3.0,4.0,6.0,3.0,4,4,4,3,4,4,3,4,4,4,4,3,4,5,3,4,5,4,-1,0.0,0.0,0.0,0.0,0.0,0.0,0.0,-1.0,0.0,0.0,0.0,0.0,0.0,0.0,0.0,1.0,-1.0,-1,-1,-1,-1,-1,-1,-1,-1,-2,-2,-2,-2,-2,-2,-2,-2,-1,-2,32,36,68
26328,Shaun Norris,2,4,4.0,4.0,3.0,3.0,4.0,3.0,4.0,3.0,4.0,3.0,2.0,5.0,6.0,4.0,4.0,5.0,5.0,4,4,4,3,4,4,3,4,4,4,4,3,4,5,3,4,5,4,0,0.0,0.0,0.0,-1.0,0.0,0.0,0.0,-1.0,0.0,-1.0,-1.0,1.0,1.0,1.0,0.0,0.0,1.0,E,E,E,E,-1,-1,-1,-1,-2,-2,-3,-4,-3,-2,-1,-1,-1,E,32,38,70
37455,Si Woo Kim,2,4,5.0,3.0,3.0,5.0,4.0,3.0,5.0,4.0,3.0,3.0,3.0,3.0,4.0,3.0,4.0,4.0,4.0,4,4,4,3,4,4,3,4,4,4,4,3,4,5,3,4,5,4,0,1.0,-1.0,0.0,1.0,0.0,0.0,1.0,0.0,-1.0,-1.0,0.0,-1.0,-1.0,0.0,0.0,-1.0,0.0,E,+1,E,E,+1,+1,+1,+2,+2,+1,E,E,-1,-2,-2,-2,-3,-3,36,31,67
20229,Stewart Cink,2,6,3.0,4.0,3.0,4.0,4.0,3.0,4.0,4.0,4.0,5.0,3.0,4.0,6.0,4.0,4.0,5.0,4.0,4,4,4,3,4,4,3,4,4,4,4,3,4,5,3,4,5,4,2,-1.0,0.0,0.0,0.0,0.0,0.0,0.0,0.0,0.0,1.0,0.0,0.0,1.0,1.0,0.0,0.0,0.0,+2,+1,+1,+1,+1,+1,+1,+1,+1,+1,+2,+2,+2,+3,+4,+4,+4,+4,35,39,74
51174,Stuart Grehan,2,4,4.0,4.0,3.0,3.0,5.0,4.0,4.0,4.0,4.0,4.0,3.0,3.0,4.0,4.0,3.0,5.0,4.0,4,4,4,3,4,4,3,4,4,4,4,3,4,5,3,4,5,4,0,0.0,0.0,0.0,-1.0,1.0,1.0,0.0,0.0,0.0,0.0,0.0,-1.0,-1.0,1.0,-1.0,0.0,0.0,E,E,E,E,-1,E,+1,+1,+1,+1,+1,+1,E,-1,E,-1,-1,-1,35,34,69
39971,Sungjae Im,2,4,4.0,4.0,3.0,3.0,4.0,3.0,4.0,4.0,4.0,5.0,3.0,4.0,5.0,3.0,5.0,5.0,5.0,4,4,4,3,4,4,3,4,4,4,4,3,4,5,3,4,5,4,0,0.0,0.0,0.0,-1.0,0.0,0.0,0.0,0.0,0.0,1.0,0.0,0.0,0.0,0.0,1.0,0.0,1.0,E,E,E,E,-1,-1,-1,-1,-1,-1,E,E,E,E,E,+1,+1,+2,33,39,72
33653,Thomas Detry,2,5,4.0,4.0,4.0,2.0,6.0,2.0,4.0,3.0,4.0,4.0,3.0,4.0,5.0,2.0,4.0,5.0,4.0,4,4,4,3,4,4,3,4,4,4,4,3,4,5,3,4,5,4,1,0.0,0.0,1.0,-2.0,2.0,-1.0,0.0,-1.0,0.0,0.0,0.0,0.0,0.0,-1.0,0.0,0.0,0.0,+1,+1,+1,+2,E,+2,+1,+1,E,E,E,E,E,E,-1,-1,-1,-1,34,35,69
53125,Thomas Sloman,2,5,4.0,4.0,3.0,4.0,5.0,3.0,3.0,4.0,4.0,5.0,3.0,4.0,6.0,3.0,4.0,4.0,5.0,4,4,4,3,4,4,3,4,4,4,4,3,4,5,3,4,5,4,1,0.0,0.0,0.0,0.0,1.0,0.0,-1.0,0.0,0.0,1.0,0.0,0.0,1.0,0.0,0.0,-1.0,1.0,+1,+1,+1,+1,+1,+2,+2,+1,+1,+1,+2,+2,+2,+3,+3,+3,+2,+3,35,38,73
65071,Tiger Christensen,2,3,3.0,4.0,4.0,4.0,4.0,3.0,4.0,4.0,4.0,4.0,3.0,5.0,4.0,4.0,7.0,5.0,6.0,4,4,4,3,4,4,3,4,4,4,4,3,4,5,3,4,5,4,-1,-1.0,0.0,1.0,0.0,0.0,0.0,0.0,0.0,0.0,0.0,0.0,1.0,-1.0,1.0,2.0,0.0,2.0,-1,-2,-2,-1,-1,-1,-1,-1,-1,-1,-1,-1,E,-1,E,+3,+3,+5,33,42,75
63475,Tim Wiedemeyer,2,4,4.0,4.0,3.0,4.0,4.0,3.0,4.0,5.0,4.0,4.0,3.0,4.0,5.0,4.0,4.0,5.0,5.0,4,4,4,3,4,4,3,4,4,4,4,3,4,5,3,4,5,4,0,0.0,0.0,0.0,0.0,0.0,0.0,0.0,1.0,0.0,0.0,0.0,0.0,0.0,1.0,0.0,0.0,1.0,E,E,E,E,E,E,E,E,+1,+1,+1,+1,+1,+1,+2,+2,+2,+3,35,38,73
55182,Tom Kim,2,5,4.0,4.0,2.0,4.0,5.0,3.0,4.0,4.0,3.0,4.0,4.0,3.0,6.0,4.0,4.0,5.0,5.0,4,4,4,3,4,4,3,4,4,4,4,3,4,5,3,4,5,4,1,0.0,0.0,-1.0,0.0,1.0,0.0,0.0,0.0,-1.0,0.0,1.0,-1.0,1.0,1.0,0.0,0.0,1.0,+1,+1,+1,E,E,+1,+1,+1,+1,E,E,+1,E,+1,+2,+2,+2,+3,35,38,73
50823,Tom McKibbin,2,4,5.0,4.0,3.0,4.0,4.0,3.0,3.0,4.0,4.0,4.0,3.0,5.0,5.0,4.0,4.0,4.0,4.0,4,4,4,3,4,4,3,4,4,4,4,3,4,5,3,4,5,4,0,1.0,0.0,0.0,0.0,0.0,0.0,-1.0,0.0,0.0,0.0,0.0,1.0,0.0,1.0,0.0,-1.0,0.0,E,+1,+1,+1,+1,+1,+1,E,E,E,E,E,+1,+1,+2,+2,+1,+1,34,37,71
30911,Tommy Fleetwood,2,4,3.0,4.0,2.0,4.0,4.0,3.0,5.0,4.0,4.0,4.0,4.0,4.0,4.0,2.0,4.0,4.0,4.0,4,4,4,3,4,4,3,4,4,4,4,3,4,5,3,4,5,4,0,-1.0,0.0,-1.0,0.0,0.0,0.0,1.0,0.0,0.0,0.0,1.0,0.0,-1.0,-1.0,0.0,-1.0,0.0,E,-1,-1,-2,-2,-2,-2,-1,-1,-1,-1,E,E,-1,-2,-2,-3,-3,33,34,67
47078,Travis Smyth,2,4,4.0,4.0,2.0,4.0,5.0,3.0,4.0,4.0,4.0,5.0,3.0,5.0,5.0,4.0,4.0,4.0,4.0,4,4,4,3,4,4,3,4,4,4,4,3,4,5,3,4,5,4,0,0.0,0.0,-1.0,0.0,1.0,0.0,0.0,0.0,0.0,1.0,0.0,1.0,0.0,1.0,0.0,-1.0,0.0,E,E,E,-1,-1,E,E,E,E,E,+1,+1,+2,+2,+3,+3,+2,+2,34,38,72
34363,Tyrrell Hatton,2,4,4.0,4.0,4.0,4.0,4.0,2.0,4.0,4.0,4.0,4.0,4.0,4.0,4.0,3.0,3.0,4.0,4.0,4,4,4,3,4,4,3,4,4,4,4,3,4,5,3,4,5,4,0,0.0,0.0,1.0,0.0,0.0,-1.0,0.0,0.0,0.0,0.0,1.0,0.0,-1.0,0.0,-1.0,-1.0,0.0,E,E,E,+1,+1,+1,E,E,E,E,E,+1,+1,E,E,-1,-2,-2,34,34,68
47679,Victor Perez,2,5,4.0,4.0,3.0,3.0,4.0,3.0,4.0,4.0,4.0,3.0,2.0,4.0,5.0,4.0,4.0,4.0,5.0,4,4,4,3,4,4,3,4,4,4,4,3,4,5,3,4,5,4,1,0.0,0.0,0.0,-1.0,0.0,0.0,0.0,0.0,0.0,-1.0,-1.0,0.0,0.0,1.0,0.0,-1.0,1.0,+1,+1,+1,+1,E,E,E,E,E,E,-1,-2,-2,-2,-1,-1,-2,-1,34,35,69
46717,Viktor Hovland,2,4,4.0,4.0,4.0,6.0,5.0,3.0,3.0,5.0,5.0,4.0,3.0,3.0,5.0,4.0,3.0,5.0,4.0,4,4,4,3,4,4,3,4,4,4,4,3,4,5,3,4,5,4,0,0.0,0.0,1.0,2.0,1.0,0.0,-1.0,1.0,1.0,0.0,0.0,-1.0,0.0,1.0,-1.0,0.0,0.0,E,E,E,+1,+3,+4,+4,+3,+4,+5,+5,+5,+4,+4,+5,+4,+4,+4,38,36,74
51766,Wyndham Clark,2,3,6.0,6.0,4.0,3.0,3.0,4.0,5.0,4.0,4.0,4.0,3.0,4.0,5.0,2.0,3.0,3.0,4.0,4,4,4,3,4,4,3,4,4,4,4,3,4,5,3,4,5,4,-1,2.0,2.0,1.0,-1.0,-1.0,1.0,1.0,0.0,0.0,0.0,0.0,0.0,0.0,-1.0,-1.0,-2.0,0.0,-1,+1,+3,+4,+3,+2,+3,+4,+4,+4,+4,+4,+4,+4,+3,+2,E,E,38,32,70
48081,Xander Schauffele,2,4,4.0,4.0,3.0,4.0,4.0,3.0,4.0,4.0,4.0,4.0,2.0,4.0,5.0,3.0,4.0,6.0,3.0,4,4,4,3,4,4,3,4,4,4,4,3,4,5,3,4,5,4,0,0.0,0.0,0.0,0.0,0.0,0.0,0.0,0.0,0.0,0.0,-1.0,0.0,0.0,0.0,0.0,1.0,-1.0,E,E,E,E,E,E,E,E,E,E,E,-1,-1,-1,-1,-1,E,-1,34,35,69
24502,Adam Scott,3,4,5.0,5.0,3.0,4.0,4.0,3.0,3.0,4.0,4.0,5.0,3.0,4.0,4.0,4.0,4.0,3.0,5.0,4,4,4,3,4,4,3,4,4,4,4,3,4,5,3,4,5,4,0,1.0,1.0,0.0,0.0,0.0,0.0,-1.0,0.0,0.0,1.0,0.0,0.0,-1.0,1.0,0.0,-2.0,1.0,E,+1,+2,+2,+2,+2,+2,+1,+1,+1,+2,+2,+2,+1,+2,+2,E,+1,35,36,71
63343,Aldrich Potgieter,3,4,4.0,4.0,3.0,3.0,6.0,3.0,4.0,4.0,3.0,4.0,2.0,6.0,5.0,2.0,4.0,5.0,5.0,4,4,4,3,4,4,3,4,4,4,4,3,4,5,3,4,5,4,0,0.0,0.0,0.0,-1.0,2.0,0.0,0.0,0.0,-1.0,0.0,-1.0,2.0,0.0,-1.0,0.0,0.0,1.0,E,E,E,E,-1,+1,+1,+1,+1,E,E,-1,+1,+1,E,E,E,+1,35,36,71
55721,Alex Fitzpatrick,3,4,4.0,5.0,3.0,5.0,6.0,3.0,4.0,4.0,4.0,4.0,3.0,4.0,5.0,3.0,4.0,5.0,3.0,4,4,4,3,4,4,3,4,4,4,4,3,4,5,3,4,5,4,0,0.0,1.0,0.0,1.0,2.0,0.0,0.0,0.0,0.0,0.0,0.0,0.0,0.0,0.0,0.0,0.0,-1.0,E,E,+1,+1,+2,+4,+4,+4,+4,+4,+4,+4,+4,+4,+4,+4,+4,+3,38,35,73
27349,Alex Noren,3,4,4.0,4.0,3.0,3.0,4.0,3.0,4.0,4.0,4.0,4.0,4.0,3.0,5.0,4.0,4.0,4.0,4.0,4,4,4,3,4,4,3,4,4,4,4,3,4,5,3,4,5,4,0,0.0,0.0,0.0,-1.0,0.0,0.0,0.0,0.0,0.0,0.0,1.0,-1.0,0.0,1.0,0.0,-1.0,0.0,E,E,E,E,-1,-1,-1,-1,-1,-1,-1,E,-1,-1,E,E,-1,-1,33,36,69
46340,Alex Smalley,3,4,5.0,3.0,3.0,4.0,5.0,2.0,4.0,4.0,3.0,4.0,2.0,4.0,5.0,3.0,4.0,4.0,4.0,4,4,4,3,4,4,3,4,4,4,4,3,4,5,3,4,5,4,0,1.0,-1.0,0.0,0.0,1.0,-1.0,0.0,0.0,-1.0,0.0,-1.0,0.0,0.0,0.0,0.0,-1.0,0.0,E,+1,E,E,E,+1,E,E,E,-1,-1,-2,-2,-2,-2,-2,-3,-3,34,33,67
35314,Andy Sullivan,3,5,5.0,3.0,3.0,3.0,5.0,3.0,4.0,4.0,4.0,5.0,3.0,4.0,5.0,3.0,4.0,6.0,4.0,4,4,4,3,4,4,3,4,4,4,4,3,4,5,3,4,5,4,1,1.0,-1.0,0.0,-1.0,1.0,0.0,0.0,0.0,0.0,1.0,0.0,0.0,0.0,0.0,0.0,1.0,0.0,+1,+2,+1,+1,E,+1,+1,+1,+1,+1,+2,+2,+2,+2,+2,+2,+3,+3,35,38,73
54591,Ben Griffin,3,5,4.0,4.0,3.0,4.0,4.0,3.0,5.0,4.0,5.0,4.0,3.0,4.0,5.0,4.0,4.0,5.0,4.0,4,4,4,3,4,4,3,4,4,4,4,3,4,5,3,4,5,4,1,0.0,0.0,0.0,0.0,0.0,0.0,1.0,0.0,1.0,0.0,0.0,0.0,0.0,1.0,0.0,0.0,0.0,+1,+1,+1,+1,+1,+1,+1,+2,+2,+3,+3,+3,+3,+3,+4,+4,+4,+4,36,38,74
36689,Brooks Koepka,3,4,4.0,4.0,3.0,4.0,6.0,3.0,4.0,3.0,4.0,4.0,3.0,4.0,4.0,3.0,4.0,4.0,4.0,4,4,4,3,4,4,3,4,4,4,4,3,4,5,3,4,5,4,0,0.0,0.0,0.0,0.0,2.0,0.0,0.0,-1.0,0.0,0.0,0.0,0.0,-1.0,0.0,0.0,-1.0,0.0,E,E,E,E,E,+2,+2,+2,+1,+1,+1,+1,+1,E,E,E,-1,-1,35,34,69
47959,Bryson DeChambeau,3,4,5.0,4.0,3.0,4.0,3.0,3.0,4.0,4.0,4.0,4.0,3.0,4.0,5.0,2.0,4.0,4.0,5.0,4,4,4,3,4,4,3,4,4,4,4,3,4,5,3,4,5,4,0,1.0,0.0,0.0,0.0,-1.0,0.0,0.0,0.0,0.0,0.0,0.0,0.0,0.0,-1.0,0.0,-1.0,1.0,E,+1,+1,+1,+1,E,E,E,E,E,E,E,E,E,-1,-1,-2,-1,34,35,69
34021,Bud Cauley,3,5,4.0,4.0,3.0,4.0,4.0,3.0,5.0,4.0,3.0,4.0,2.0,5.0,5.0,4.0,5.0,5.0,4.0,4,4,4,3,4,4,3,4,4,4,4,3,4,5,3,4,5,4,1,0.0,0.0,0.0,0.0,0.0,0.0,1.0,0.0,-1.0,0.0,-1.0,1.0,0.0,1.0,1.0,0.0,0.0,+1,+1,+1,+1,+1,+1,+1,+2,+2,+1,+1,E,+1,+1,+2,+3,+3,+3,36,37,73
47463,Cameron John,3,4,4.0,4.0,3.0,5.0,4.0,3.0,3.0,3.0,5.0,3.0,3.0,4.0,5.0,3.0,4.0,4.0,5.0,4,4,4,3,4,4,3,4,4,4,4,3,4,5,3,4,5,4,0,0.0,0.0,0.0,1.0,0.0,0.0,-1.0,-1.0,1.0,-1.0,0.0,0.0,0.0,0.0,0.0,-1.0,1.0,E,E,E,E,+1,+1,+1,E,-1,E,-1,-1,-1,-1,-1,-1,-2,-1,33,36,69
57366,Cameron Young,3,4,4.0,4.0,3.0,3.0,4.0,3.0,4.0,4.0,4.0,5.0,4.0,4.0,5.0,4.0,4.0,5.0,5.0,4,4,4,3,4,4,3,4,4,4,4,3,4,5,3,4,5,4,0,0.0,0.0,0.0,-1.0,0.0,0.0,0.0,0.0,0.0,1.0,1.0,0.0,0.0,1.0,0.0,0.0,1.0,E,E,E,E,-1,-1,-1,-1,-1,-1,E,+1,+1,+1,+2,+2,+2,+3,33,40,73
57688,Casey Jarvis,3,4,4.0,4.0,3.0,3.0,4.0,3.0,4.0,3.0,5.0,4.0,3.0,4.0,6.0,3.0,3.0,4.0,4.0,4,4,4,3,4,4,3,4,4,4,4,3,4,5,3,4,5,4,0,0.0,0.0,0.0,-1.0,0.0,0.0,0.0,-1.0,1.0,0.0,0.0,0.0,1.0,0.0,-1.0,-1.0,0.0,E,E,E,E,-1,-1,-1,-1,-2,-1,-1,-1,-1,E,E,-1,-2,-2,32,36,68
59095,Chris Gotterup,3,4,4.0,4.0,4.0,6.0,5.0,3.0,4.0,4.0,4.0,4.0,3.0,3.0,5.0,4.0,4.0,4.0,3.0,4,4,4,3,4,4,3,4,4,4,4,3,4,5,3,4,5,4,0,0.0,0.0,1.0,2.0,1.0,0.0,0.0,0.0,0.0,0.0,0.0,-1.0,0.0,1.0,0.0,-1.0,-1.0,E,E,E,+1,+3,+4,+4,+4,+4,+4,+4,+4,+3,+3,+4,+4,+3,+2,38,34,72
50525,Collin Morikawa,3,5,4.0,4.0,3.0,3.0,5.0,3.0,4.0,4.0,5.0,4.0,3.0,5.0,4.0,3.0,4.0,3.0,4.0,4,4,4,3,4,4,3,4,4,4,4,3,4,5,3,4,5,4,1,0.0,0.0,0.0,-1.0,1.0,0.0,0.0,0.0,1.0,0.0,0.0,1.0,-1.0,0.0,0.0,-2.0,0.0,+1,+1,+1,+1,E,+1,+1,+1,+1,+2,+2,+2,+3,+2,+2,+2,E,E,35,35,70
39997,Corey Conners,3,4,4.0,3.0,3.0,4.0,4.0,3.0,4.0,5.0,5.0,4.0,4.0,4.0,5.0,3.0,4.0,4.0,4.0,4,4,4,3,4,4,3,4,4,4,4,3,4,5,3,4,5,4,0,0.0,-1.0,0.0,0.0,0.0,0.0,0.0,1.0,1.0,0.0,1.0,0.0,0.0,0.0,0.0,-1.0,0.0,E,E,-1,-1,-1,-1,-1,-1,E,+1,+1,+2,+2,+2,+2,+2,+1,+1,34,37,71
57259,Dan Brown,3,4,4.0,4.0,3.0,4.0,5.0,3.0,4.0,3.0,4.0,4.0,4.0,5.0,4.0,3.0,3.0,4.0,4.0,4,4,4,3,4,4,3,4,4,4,4,3,4,5,3,4,5,4,0,0.0,0.0,0.0,0.0,1.0,0.0,0.0,-1.0,0.0,0.0,1.0,1.0,-1.0,0.0,-1.0,-1.0,0.0,E,E,E,E,E,+1,+1,+1,E,E,E,+1,+2,+1,+1,E,-1,-1,34,35,69
47591,Eric Cole,3,5,3.0,4.0,3.0,4.0,5.0,3.0,4.0,4.0,3.0,3.0,3.0,4.0,4.0,3.0,4.0,4.0,3.0,4,4,4,3,4,4,3,4,4,4,4,3,4,5,3,4,5,4,1,-1.0,0.0,0.0,0.0,1.0,0.0,0.0,0.0,-1.0,-1.0,0.0,0.0,-1.0,0.0,0.0,-1.0,-1.0,+1,E,E,E,E,+1,+1,+1,+1,E,-1,-1,-1,-2,-2,-2,-3,-4,35,31,66
57492,Eugenio Chacarra,3,4,4.0,3.0,3.0,3.0,4.0,2.0,4.0,4.0,5.0,4.0,3.0,6.0,4.0,4.0,4.0,6.0,4.0,4,4,4,3,4,4,3,4,4,4,4,3,4,5,3,4,5,4,0,0.0,-1.0,0.0,-1.0,0.0,-1.0,0.0,0.0,1.0,0.0,0.0,2.0,-1.0,1.0,0.0,1.0,0.0,E,E,-1,-1,-2,-2,-3,-3,-3,-2,-2,-2,E,-1,E,E,+1,+1,31,40,71
25198,Francesco Molinari,3,4,4.0,5.0,3.0,4.0,5.0,3.0,3.0,4.0,4.0,4.0,4.0,4.0,5.0,3.0,4.0,4.0,5.0,4,4,4,3,4,4,3,4,4,4,4,3,4,5,3,4,5,4,0,0.0,1.0,0.0,0.0,1.0,0.0,-1.0,0.0,0.0,0.0,1.0,0.0,0.0,0.0,0.0,-1.0,1.0,E,E,+1,+1,+1,+2,+2,+1,+1,+1,+1,+2,+2,+2,+2,+2,+1,+2,35,37,72
47497,Hennie Du Plessis,3,4,4.0,3.0,4.0,4.0,4.0,2.0,4.0,4.0,4.0,3.0,3.0,5.0,5.0,4.0,3.0,5.0,4.0,4,4,4,3,4,4,3,4,4,4,4,3,4,5,3,4,5,4,0,0.0,-1.0,1.0,0.0,0.0,-1.0,0.0,0.0,0.0,-1.0,0.0,1.0,0.0,1.0,-1.0,0.0,0.0,E,E,-1,E,E,E,-1,-1,-1,-1,-2,-2,-1,-1,E,-1,-1,-1,33,36,69
32839,Hideki Matsuyama,3,4,3.0,4.0,3.0,3.0,6.0,2.0,4.0,4.0,3.0,4.0,4.0,4.0,4.0,2.0,4.0,4.0,5.0,4,4,4,3,4,4,3,4,4,4,4,3,4,5,3,4,5,4,0,-1.0,0.0,0.0,-1.0,2.0,-1.0,0.0,0.0,-1.0,0.0,1.0,0.0,-1.0,-1.0,0.0,-1.0,1.0,E,-1,-1,-1,-2,E,-1,-1,-1,-2,-2,-1,-1,-2,-3,-3,-4,-3,33,34,67
39324,J.J. Spaun,3,4,4.0,4.0,3.0,4.0,5.0,3.0,5.0,4.0,5.0,5.0,3.0,3.0,4.0,3.0,5.0,5.0,4.0,4,4,4,3,4,4,3,4,4,4,4,3,4,5,3,4,5,4,0,0.0,0.0,0.0,0.0,1.0,0.0,1.0,0.0,1.0,1.0,0.0,-1.0,-1.0,0.0,1.0,0.0,0.0,E,E,E,E,E,+1,+1,+2,+2,+3,+4,+4,+3,+2,+2,+3,+3,+3,36,37,73
36872,Jack McDonald,3,4,4.0,5.0,3.0,3.0,5.0,3.0,4.0,4.0,4.0,4.0,3.0,4.0,5.0,4.0,4.0,6.0,4.0,4,4,4,3,4,4,3,4,4,4,4,3,4,5,3,4,5,4,0,0.0,1.0,0.0,-1.0,1.0,0.0,0.0,0.0,0.0,0.0,0.0,0.0,0.0,1.0,0.0,1.0,0.0,E,E,+1,+1,E,+1,+1,+1,+1,+1,+1,+1,+1,+1,+2,+2,+3,+3,35,38,73
60019,Jackson Suber,3,4,3.0,4.0,3.0,3.0,5.0,3.0,4.0,4.0,4.0,3.0,3.0,5.0,4.0,4.0,4.0,6.0,4.0,4,4,4,3,4,4,3,4,4,4,4,3,4,5,3,4,5,4,0,-1.0,0.0,0.0,-1.0,1.0,0.0,0.0,0.0,0.0,-1.0,0.0,1.0,-1.0,1.0,0.0,1.0,0.0,E,-1,-1,-1,-2,-1,-1,-1,-1,-1,-2,-2,-1,-2,-1,-1,E,E,33,37,70
60004,Jacob Bridgeman,3,3,4.0,3.0,4.0,3.0,4.0,2.0,5.0,4.0,4.0,4.0,3.0,4.0,5.0,4.0,4.0,4.0,4.0,4,4,4,3,4,4,3,4,4,4,4,3,4,5,3,4,5,4,-1,0.0,-1.0,1.0,-1.0,0.0,-1.0,1.0,0.0,0.0,0.0,0.0,0.0,0.0,1.0,0.0,-1.0,0.0,-1,-1,-2,-1,-2,-2,-3,-2,-2,-2,-2,-2,-2,-2,-1,-1,-2,-2,32,36,68
57586,Jesper Svensson,3,4,4.0,5.0,3.0,3.0,4.0,2.0,5.0,4.0,5.0,3.0,5.0,6.0,5.0,4.0,5.0,7.0,3.0,4,4,4,3,4,4,3,4,4,4,4,3,4,5,3,4,5,4,0,0.0,1.0,0.0,-1.0,0.0,-1.0,1.0,0.0,1.0,-1.0,2.0,2.0,0.0,1.0,1.0,2.0,-1.0,E,E,+1,+1,E,E,-1,E,E,+1,E,+2,+4,+4,+5,+6,+8,+7,34,43,77
28723,John Parry,3,4,5.0,4.0,3.0,3.0,5.0,2.0,4.0,4.0,4.0,4.0,4.0,4.0,5.0,2.0,4.0,7.0,5.0,4,4,4,3,4,4,3,4,4,4,4,3,4,5,3,4,5,4,0,1.0,0.0,0.0,-1.0,1.0,-1.0,0.0,0.0,0.0,0.0,1.0,0.0,0.0,-1.0,0.0,2.0,1.0,E,+1,+1,+1,E,+1,E,E,E,E,E,+1,+1,+1,E,E,+2,+3,34,39,73
63454,Johnny Keefer,3,5,4.0,4.0,3.0,4.0,4.0,4.0,4.0,4.0,4.0,4.0,3.0,4.0,5.0,3.0,4.0,4.0,4.0,4,4,4,3,4,4,3,4,4,4,4,3,4,5,3,4,5,4,1,0.0,0.0,0.0,0.0,0.0,1.0,0.0,0.0,0.0,0.0,0.0,0.0,0.0,0.0,0.0,-1.0,0.0,+1,+1,+1,+1,+1,+1,+2,+2,+2,+2,+2,+2,+2,+2,+2,+2,+1,+1,36,35,71
46970,Jon Rahm,3,6,3.0,4.0,3.0,3.0,4.0,3.0,5.0,4.0,4.0,4.0,3.0,4.0,4.0,4.0,4.0,4.0,4.0,4,4,4,3,4,4,3,4,4,4,4,3,4,5,3,4,5,4,2,-1.0,0.0,0.0,-1.0,0.0,0.0,1.0,0.0,0.0,0.0,0.0,0.0,-1.0,1.0,0.0,-1.0,0.0,+2,+1,+1,+1,E,E,E,+1,+1,+1,+1,+1,+1,E,+1,+1,E,E,35,35,70
46464,Jordan Smith,3,4,4.0,4.0,3.0,2.0,3.0,3.0,5.0,5.0,5.0,4.0,4.0,4.0,5.0,3.0,4.0,4.0,4.0,4,4,4,3,4,4,3,4,4,4,4,3,4,5,3,4,5,4,0,0.0,0.0,0.0,-2.0,-1.0,0.0,1.0,1.0,1.0,0.0,1.0,0.0,0.0,0.0,0.0,-1.0,0.0,E,E,E,E,-2,-3,-3,-2,-1,E,E,+1,+1,+1,+1,+1,E,E,33,37,70
60165,Jose Luis Ballester,3,4,4.0,4.0,3.0,4.0,5.0,3.0,3.0,3.0,4.0,4.0,2.0,4.0,4.0,2.0,4.0,4.0,5.0,4,4,4,3,4,4,3,4,4,4,4,3,4,5,3,4,5,4,0,0.0,0.0,0.0,0.0,1.0,0.0,-1.0,-1.0,0.0,0.0,-1.0,0.0,-1.0,-1.0,0.0,-1.0,1.0,E,E,E,E,E,+1,+1,E,-1,-1,-1,-2,-2,-3,-4,-4,-5,-4,33,33,66
33448,Justin Thomas,3,4,4.0,3.0,3.0,3.0,3.0,4.0,4.0,3.0,4.0,4.0,4.0,4.0,4.0,3.0,5.0,4.0,5.0,4,4,4,3,4,4,3,4,4,4,4,3,4,5,3,4,5,4,0,0.0,-1.0,0.0,-1.0,-1.0,1.0,0.0,-1.0,0.0,0.0,1.0,0.0,-1.0,0.0,1.0,-1.0,1.0,E,E,-1,-1,-2,-3,-2,-2,-3,-3,-3,-2,-2,-3,-3,-2,-3,-2,31,37,68
35778,Kazuki Higa,3,4,4.0,4.0,3.0,4.0,4.0,3.0,4.0,4.0,4.0,4.0,3.0,5.0,7.0,3.0,4.0,4.0,4.0,4,4,4,3,4,4,3,4,4,4,4,3,4,5,3,4,5,4,0,0.0,0.0,0.0,0.0,0.0,0.0,0.0,0.0,0.0,0.0,0.0,1.0,2.0,0.0,0.0,-1.0,0.0,E,E,E,E,E,E,E,E,E,E,E,E,+1,+3,+3,+3,+2,+2,34,38,72
54621,Kazuma Kobori,3,4,3.0,4.0,3.0,3.0,5.0,3.0,4.0,4.0,3.0,4.0,3.0,4.0,5.0,3.0,4.0,4.0,4.0,4,4,4,3,4,4,3,4,4,4,4,3,4,5,3,4,5,4,0,-1.0,0.0,0.0,-1.0,1.0,0.0,0.0,0.0,-1.0,0.0,0.0,0.0,0.0,0.0,0.0,-1.0,0.0,E,-1,-1,-1,-2,-1,-1,-1,-1,-2,-2,-2,-2,-2,-2,-2,-3,-3,33,34,67
33141,Keegan Bradley,3,5,5.0,5.0,3.0,3.0,4.0,3.0,3.0,4.0,4.0,4.0,3.0,4.0,6.0,5.0,4.0,5.0,4.0,4,4,4,3,4,4,3,4,4,4,4,3,4,5,3,4,5,4,1,1.0,1.0,0.0,-1.0,0.0,0.0,-1.0,0.0,0.0,0.0,0.0,0.0,1.0,2.0,0.0,0.0,0.0,+1,+2,+3,+3,+2,+2,+2,+1,+1,+1,+1,+1,+1,+2,+4,+4,+4,+4,35,39,74
49855,Kristoffer Reitan,3,4,3.0,4.0,3.0,5.0,4.0,3.0,3.0,4.0,4.0,4.0,3.0,4.0,3.0,4.0,4.0,5.0,4.0,4,4,4,3,4,4,3,4,4,4,4,3,4,5,3,4,5,4,0,-1.0,0.0,0.0,1.0,0.0,0.0,-1.0,0.0,0.0,0.0,0.0,0.0,-2.0,1.0,0.0,0.0,0.0,E,-1,-1,-1,E,E,E,-1,-1,-1,-1,-1,-1,-3,-2,-2,-2,-2,33,35,68
48117,Kurt Kitayama,3,4,3.0,4.0,3.0,4.0,5.0,3.0,4.0,3.0,5.0,3.0,3.0,5.0,6.0,3.0,4.0,4.0,4.0,4,4,4,3,4,4,3,4,4,4,4,3,4,5,3,4,5,4,0,-1.0,0.0,0.0,0.0,1.0,0.0,0.0,-1.0,1.0,-1.0,0.0,1.0,1.0,0.0,0.0,-1.0,0.0,E,-1,-1,-1,-1,E,E,E,-1,E,-1,-1,E,+1,+1,+1,E,E,33,37,70
34362,Laurie Canter,3,5,5.0,3.0,3.0,4.0,5.0,3.0,3.0,5.0,4.0,4.0,3.0,5.0,4.0,4.0,4.0,5.0,5.0,4,4,4,3,4,4,3,4,4,4,4,3,4,5,3,4,5,4,1,1.0,-1.0,0.0,0.0,1.0,0.0,-1.0,1.0,0.0,0.0,0.0,1.0,-1.0,1.0,0.0,0.0,1.0,+1,+2,+1,+1,+1,+2,+2,+1,+2,+2,+2,+2,+3,+2,+3,+3,+3,+4,36,38,74
39058,Lucas Herbert,3,4,4.0,5.0,3.0,4.0,4.0,2.0,4.0,3.0,4.0,4.0,3.0,4.0,5.0,4.0,5.0,5.0,4.0,4,4,4,3,4,4,3,4,4,4,4,3,4,5,3,4,5,4,0,0.0,1.0,0.0,0.0,0.0,-1.0,0.0,-1.0,0.0,0.0,0.0,0.0,0.0,1.0,1.0,0.0,0.0,E,E,+1,+1,+1,+1,E,E,-1,-1,-1,-1,-1,-1,E,+1,+1,+1,33,38,71
52955,Ludvig Åberg,3,5,3.0,4.0,3.0,3.0,4.0,3.0,4.0,4.0,4.0,4.0,3.0,3.0,5.0,3.0,4.0,4.0,4.0,4,4,4,3,4,4,3,4,4,4,4,3,4,5,3,4,5,4,1,-1.0,0.0,0.0,-1.0,0.0,0.0,0.0,0.0,0.0,0.0,0.0,-1.0,0.0,0.0,0.0,-1.0,0.0,+1,E,E,E,-1,-1,-1,-1,-1,-1,-1,-1,-2,-2,-2,-2,-3,-3,33,34,67
39067,MJ Daffue,3,4,4.0,4.0,3.0,6.0,4.0,3.0,4.0,5.0,4.0,3.0,3.0,3.0,3.0,3.0,5.0,7.0,4.0,4,4,4,3,4,4,3,4,4,4,4,3,4,5,3,4,5,4,0,0.0,0.0,0.0,2.0,0.0,0.0,0.0,1.0,0.0,-1.0,0.0,-1.0,-2.0,0.0,1.0,2.0,0.0,E,E,E,E,+2,+2,+2,+2,+3,+3,+2,+2,+1,-1,-1,E,+2,+2,37,35,72
51003,Marco Penge,3,3,4.0,4.0,4.0,3.0,5.0,3.0,4.0,4.0,4.0,4.0,3.0,4.0,3.0,3.0,4.0,5.0,5.0,4,4,4,3,4,4,3,4,4,4,4,3,4,5,3,4,5,4,-1,0.0,0.0,1.0,-1.0,1.0,0.0,0.0,0.0,0.0,0.0,0.0,0.0,-2.0,0.0,0.0,0.0,1.0,-1,-1,-1,E,-1,E,E,E,E,E,E,E,E,-2,-2,-2,-2,-1,34,35,69
59613,Marcus Plunkett,3,4,3.0,4.0,3.0,4.0,6.0,3.0,5.0,4.0,4.0,4.0,3.0,4.0,4.0,3.0,4.0,4.0,5.0,4,4,4,3,4,4,3,4,4,4,4,3,4,5,3,4,5,4,0,-1.0,0.0,0.0,0.0,2.0,0.0,1.0,0.0,0.0,0.0,0.0,0.0,-1.0,0.0,0.0,-1.0,1.0,E,-1,-1,-1,-1,+1,+1,+2,+2,+2,+2,+2,+2,+1,+1,+1,E,+1,36,35,71
48887,Matt Wallace,3,4,4.0,5.0,4.0,5.0,4.0,3.0,4.0,4.0,3.0,4.0,3.0,3.0,5.0,3.0,4.0,5.0,5.0,4,4,4,3,4,4,3,4,4,4,4,3,4,5,3,4,5,4,0,0.0,1.0,1.0,1.0,0.0,0.0,0.0,0.0,-1.0,0.0,0.0,-1.0,0.0,0.0,0.0,0.0,1.0,E,E,+1,+2,+3,+3,+3,+3,+3,+2,+2,+2,+1,+1,+1,+1,+1,+2,37,35,72
35174,Matthew Southgate,3,5,4.0,6.0,4.0,3.0,4.0,3.0,5.0,3.0,4.0,4.0,4.0,5.0,5.0,3.0,4.0,5.0,5.0,4,4,4,3,4,4,3,4,4,4,4,3,4,5,3,4,5,4,1,0.0,2.0,1.0,-1.0,0.0,0.0,1.0,-1.0,0.0,0.0,1.0,1.0,0.0,0.0,0.0,0.0,1.0,+1,+1,+3,+4,+3,+3,+3,+4,+3,+3,+3,+4,+5,+5,+5,+5,+5,+6,37,39,76
39977,Max Homa,3,4,3.0,4.0,3.0,4.0,5.0,4.0,4.0,4.0,4.0,4.0,2.0,4.0,4.0,2.0,4.0,4.0,4.0,4,4,4,3,4,4,3,4,4,4,4,3,4,5,3,4,5,4,0,-1.0,0.0,0.0,0.0,1.0,1.0,0.0,0.0,0.0,0.0,-1.0,0.0,-1.0,-1.0,0.0,-1.0,0.0,E,-1,-1,-1,-1,E,+1,+1,+1,+1,+1,E,E,-1,-2,-2,-3,-3,35,32,67
61522,Michael Brennan,3,4,4.0,4.0,3.0,3.0,5.0,3.0,4.0,4.0,3.0,4.0,3.0,5.0,4.0,3.0,4.0,5.0,5.0,4,4,4,3,4,4,3,4,4,4,4,3,4,5,3,4,5,4,0,0.0,0.0,0.0,-1.0,1.0,0.0,0.0,0.0,-1.0,0.0,0.0,1.0,-1.0,0.0,0.0,0.0,1.0,E,E,E,E,-1,E,E,E,E,-1,-1,-1,E,-1,-1,-1,-1,E,34,36,70
57364,Michael Thorbjornsen,3,4,4.0,4.0,3.0,3.0,5.0,3.0,3.0,4.0,5.0,4.0,3.0,4.0,5.0,4.0,4.0,5.0,4.0,4,4,4,3,4,4,3,4,4,4,4,3,4,5,3,4,5,4,0,0.0,0.0,0.0,-1.0,1.0,0.0,-1.0,0.0,1.0,0.0,0.0,0.0,0.0,1.0,0.0,0.0,0.0,E,E,E,E,-1,E,E,-1,-1,E,E,E,E,E,+1,+1,+1,+1,33,38,71
37378,Min Woo Lee,3,4,4.0,4.0,3.0,3.0,5.0,3.0,5.0,4.0,4.0,5.0,3.0,4.0,5.0,3.0,3.0,5.0,4.0,4,4,4,3,4,4,3,4,4,4,4,3,4,5,3,4,5,4,0,0.0,0.0,0.0,-1.0,1.0,0.0,1.0,0.0,0.0,1.0,0.0,0.0,0.0,0.0,-1.0,0.0,0.0,E,E,E,E,-1,E,E,+1,+1,+1,+2,+2,+2,+2,+2,+1,+1,+1,35,36,71
46879,Naoyuki Kataoka,3,4,3.0,4.0,3.0,4.0,4.0,2.0,4.0,5.0,5.0,4.0,3.0,4.0,5.0,3.0,4.0,5.0,4.0,4,4,4,3,4,4,3,4,4,4,4,3,4,5,3,4,5,4,0,-1.0,0.0,0.0,0.0,0.0,-1.0,0.0,1.0,1.0,0.0,0.0,0.0,0.0,0.0,0.0,0.0,0.0,E,-1,-1,-1,-1,-1,-2,-2,-1,E,E,E,E,E,E,E,E,E,33,37,70
25493,Nick Taylor,3,4,4.0,4.0,3.0,4.0,4.0,3.0,4.0,3.0,4.0,5.0,3.0,5.0,5.0,4.0,5.0,4.0,4.0,4,4,4,3,4,4,3,4,4,4,4,3,4,5,3,4,5,4,0,0.0,0.0,0.0,0.0,0.0,0.0,0.0,-1.0,0.0,1.0,0.0,1.0,0.0,1.0,1.0,-1.0,0.0,E,E,E,E,E,E,E,E,-1,-1,E,E,+1,+1,+2,+3,+2,+2,33,39,72
51349,Nico Echavarria,3,4,4.0,4.0,3.0,4.0,3.0,3.0,4.0,4.0,4.0,5.0,3.0,4.0,5.0,3.0,4.0,4.0,4.0,4,4,4,3,4,4,3,4,4,4,4,3,4,5,3,4,5,4,0,0.0,0.0,0.0,0.0,-1.0,0.0,0.0,0.0,0.0,1.0,0.0,0.0,0.0,0.0,0.0,-1.0,0.0,E,E,E,E,E,-1,-1,-1,-1,-1,E,E,E,E,E,E,-1,-1,33,36,69
35450,Patrick Cantlay,3,4,3.0,4.0,3.0,4.0,4.0,3.0,4.0,4.0,4.0,5.0,3.0,4.0,5.0,3.0,5.0,5.0,4.0,4,4,4,3,4,4,3,4,4,4,4,3,4,5,3,4,5,4,0,-1.0,0.0,0.0,0.0,0.0,0.0,0.0,0.0,0.0,1.0,0.0,0.0,0.0,0.0,1.0,0.0,0.0,E,-1,-1,-1,-1,-1,-1,-1,-1,-1,E,E,E,E,E,+1,+1,+1,33,38,71
34360,Patrick Reed,3,5,3.0,4.0,2.0,3.0,4.0,3.0,5.0,4.0,5.0,4.0,4.0,4.0,5.0,3.0,4.0,4.0,5.0,4,4,4,3,4,4,3,4,4,4,4,3,4,5,3,4,5,4,1,-1.0,0.0,-1.0,-1.0,0.0,0.0,1.0,0.0,1.0,0.0,1.0,0.0,0.0,0.0,0.0,-1.0,1.0,+1,E,E,-1,-2,-2,-2,-1,-1,E,E,+1,+1,+1,+1,+1,E,+1,33,38,71
29484,Peter Uihlein,3,4,4.0,4.0,3.0,4.0,4.0,3.0,4.0,4.0,4.0,4.0,4.0,5.0,5.0,3.0,4.0,4.0,5.0,4,4,4,3,4,4,3,4,4,4,4,3,4,5,3,4,5,4,0,0.0,0.0,0.0,0.0,0.0,0.0,0.0,0.0,0.0,0.0,1.0,1.0,0.0,0.0,0.0,-1.0,1.0,E,E,E,E,E,E,E,E,E,E,E,+1,+2,+2,+2,+2,+1,+2,34,38,72
59836,Pierceson Coody,3,4,4.0,4.0,3.0,3.0,5.0,3.0,4.0,4.0,4.0,5.0,4.0,4.0,4.0,3.0,5.0,5.0,4.0,4,4,4,3,4,4,3,4,4,4,4,3,4,5,3,4,5,4,0,0.0,0.0,0.0,-1.0,1.0,0.0,0.0,0.0,0.0,1.0,1.0,0.0,-1.0,0.0,1.0,0.0,0.0,E,E,E,E,-1,E,E,E,E,E,+1,+2,+2,+1,+1,+2,+2,+2,34,38,72
52689,Rasmus Neergaard-Petersen,3,3,4.0,3.0,3.0,3.0,4.0,4.0,4.0,4.0,3.0,4.0,3.0,4.0,6.0,3.0,4.0,3.0,5.0,4,4,4,3,4,4,3,4,4,4,4,3,4,5,3,4,5,4,-1,0.0,-1.0,0.0,-1.0,0.0,1.0,0.0,0.0,-1.0,0.0,0.0,0.0,1.0,0.0,0.0,-2.0,1.0,-1,-1,-2,-2,-3,-3,-2,-2,-2,-3,-3,-3,-3,-2,-2,-2,-4,-3,32,35,67
32102,Rickie Fowler,3,3,3.0,4.0,3.0,3.0,4.0,5.0,5.0,4.0,4.0,4.0,4.0,4.0,5.0,3.0,4.0,5.0,4.0,4,4,4,3,4,4,3,4,4,4,4,3,4,5,3,4,5,4,-1,-1.0,0.0,0.0,-1.0,0.0,2.0,1.0,0.0,0.0,0.0,1.0,0.0,0.0,0.0,0.0,0.0,0.0,-1,-2,-2,-2,-3,-3,-1,E,E,E,E,+1,+1,+1,+1,+1,+1,+1,34,37,71
52215,Robert MacIntyre,3,4,5.0,3.0,4.0,3.0,4.0,3.0,4.0,4.0,4.0,4.0,3.0,4.0,6.0,4.0,3.0,5.0,4.0,4,4,4,3,4,4,3,4,4,4,4,3,4,5,3,4,5,4,0,1.0,-1.0,1.0,-1.0,0.0,0.0,0.0,0.0,0.0,0.0,0.0,0.0,1.0,1.0,-1.0,0.0,0.0,E,+1,E,+1,E,E,E,E,E,E,E,E,E,+1,+2,+1,+1,+1,34,37,71
28237,Rory McIlroy,3,4,4.0,5.0,4.0,3.0,4.0,3.0,4.0,2.0,4.0,5.0,3.0,4.0,5.0,3.0,4.0,4.0,4.0,4,4,4,3,4,4,3,4,4,4,4,3,4,5,3,4,5,4,0,0.0,1.0,1.0,-1.0,0.0,0.0,0.0,-2.0,0.0,1.0,0.0,0.0,0.0,0.0,0.0,-1.0,0.0,E,E,+1,+2,+1,+1,+1,+1,-1,-1,E,E,E,E,E,E,-1,-1,33,36,69
34098,Russell Henley,3,4,4.0,,3.0,3.0,4.0,3.0,4.0,5.0,4.0,4.0,4.0,3.0,4.0,3.0,3.0,5.0,4.0,4,4,4,3,4,4,3,4,4,4,4,3,4,5,3,4,5,4,0,0.0,,0.0,-1.0,0.0,0.0,0.0,1.0,0.0,0.0,1.0,-1.0,-1.0,0.0,-1.0,0.0,0.0,E,E,-,E,-1,-1,-1,-1,E,E,E,+1,E,-1,-1,-2,-2,-2,30,34,64
29936,Ryan Fox,3,4,3.0,3.0,3.0,3.0,3.0,3.0,3.0,4.0,3.0,4.0,3.0,5.0,4.0,3.0,3.0,4.0,4.0,4,4,4,3,4,4,3,4,4,4,4,3,4,5,3,4,5,4,0,-1.0,-1.0,0.0,-1.0,-1.0,0.0,-1.0,0.0,-1.0,0.0,0.0,1.0,-1.0,0.0,-1.0,-1.0,0.0,E,-1,-2,-2,-3,-4,-4,-5,-5,-6,-6,-6,-5,-6,-6,-7,-8,-8,29,33,62
59018,Ryan Gerard,3,4,4.0,5.0,3.0,4.0,4.0,3.0,4.0,4.0,4.0,4.0,3.0,3.0,4.0,3.0,4.0,5.0,4.0,4,4,4,3,4,4,3,4,4,4,4,3,4,5,3,4,5,4,0,0.0,1.0,0.0,0.0,0.0,0.0,0.0,0.0,0.0,0.0,0.0,-1.0,-1.0,0.0,0.0,0.0,0.0,E,E,+1,+1,+1,+1,+1,+1,+1,+1,+1,+1,E,-1,-1,-1,-1,-1,35,34,69
51287,Ryo Hisatsune,3,4,4.0,4.0,4.0,3.0,5.0,3.0,4.0,4.0,4.0,4.0,3.0,5.0,5.0,3.0,4.0,4.0,4.0,4,4,4,3,4,4,3,4,4,4,4,3,4,5,3,4,5,4,0,0.0,0.0,1.0,-1.0,1.0,0.0,0.0,0.0,0.0,0.0,0.0,1.0,0.0,0.0,0.0,-1.0,0.0,E,E,E,+1,E,+1,+1,+1,+1,+1,+1,+1,+2,+2,+2,+2,+1,+1,35,36,71
51634,Sahith Theegala,3,4,3.0,4.0,3.0,4.0,4.0,2.0,4.0,4.0,5.0,4.0,3.0,4.0,4.0,3.0,3.0,5.0,5.0,4,4,4,3,4,4,3,4,4,4,4,3,4,5,3,4,5,4,0,-1.0,0.0,0.0,0.0,0.0,-1.0,0.0,0.0,1.0,0.0,0.0,0.0,-1.0,0.0,-1.0,0.0,1.0,E,-1,-1,-1,-1,-1,-2,-2,-2,-1,-1,-1,-1,-2,-2,-3,-3,-2,32,36,68
47504,Sam Burns,3,4,3.0,4.0,2.0,4.0,4.0,2.0,3.0,5.0,4.0,4.0,3.0,4.0,4.0,3.0,4.0,4.0,4.0,4,4,4,3,4,4,3,4,4,4,4,3,4,5,3,4,5,4,0,-1.0,0.0,-1.0,0.0,0.0,-1.0,-1.0,1.0,0.0,0.0,0.0,0.0,-1.0,0.0,0.0,-1.0,0.0,E,-1,-1,-2,-2,-2,-3,-4,-3,-3,-3,-3,-3,-4,-4,-4,-5,-5,31,34,65
46046,Scottie Scheffler,3,4,4.0,4.0,3.0,3.0,4.0,3.0,4.0,4.0,4.0,4.0,3.0,4.0,5.0,3.0,5.0,5.0,4.0,4,4,4,3,4,4,3,4,4,4,4,3,4,5,3,4,5,4,0,0.0,0.0,0.0,-1.0,0.0,0.0,0.0,0.0,0.0,0.0,0.0,0.0,0.0,0.0,1.0,0.0,0.0,E,E,E,E,-1,-1,-1,-1,-1,-1,-1,-1,-1,-1,-1,E,E,E,33,37,70
49960,Sepp Straka,3,4,5.0,4.0,3.0,4.0,4.0,4.0,4.0,4.0,5.0,5.0,3.0,4.0,4.0,3.0,4.0,5.0,5.0,4,4,4,3,4,4,3,4,4,4,4,3,4,5,3,4,5,4,0,1.0,0.0,0.0,0.0,0.0,1.0,0.0,0.0,1.0,1.0,0.0,0.0,-1.0,0.0,0.0,0.0,1.0,E,+1,+1,+1,+1,+1,+2,+2,+2,+3,+4,+4,+4,+3,+3,+3,+3,+4,36,38,74
33204,Shane Lowry,3,4,4.0,3.0,3.0,4.0,4.0,3.0,4.0,4.0,5.0,4.0,4.0,3.0,4.0,3.0,4.0,5.0,4.0,4,4,4,3,4,4,3,4,4,4,4,3,4,5,3,4,5,4,0,0.0,-1.0,0.0,0.0,0.0,0.0,0.0,0.0,1.0,0.0,1.0,-1.0,-1.0,0.0,0.0,0.0,0.0,E,E,-1,-1,-1,-1,-1,-1,-1,E,E,+1,E,-1,-1,-1,-1,-1,33,36,69
26328,Shaun Norris,3,5,4.0,4.0,3.0,4.0,3.0,2.0,4.0,5.0,4.0,4.0,3.0,4.0,5.0,3.0,4.0,4.0,5.0,4,4,4,3,4,4,3,4,4,4,4,3,4,5,3,4,5,4,1,0.0,0.0,0.0,0.0,-1.0,-1.0,0.0,1.0,0.0,0.0,0.0,0.0,0.0,0.0,0.0,-1.0,1.0,+1,+1,+1,+1,+1,E,-1,-1,E,E,E,E,E,E,E,E,-1,E,34,36,70
37455,Si Woo Kim,3,4,3.0,4.0,3.0,4.0,4.0,2.0,4.0,4.0,3.0,5.0,3.0,4.0,5.0,3.0,4.0,4.0,4.0,4,4,4,3,4,4,3,4,4,4,4,3,4,5,3,4,5,4,0,-1.0,0.0,0.0,0.0,0.0,-1.0,0.0,0.0,-1.0,1.0,0.0,0.0,0.0,0.0,0.0,-1.0,0.0,E,-1,-1,-1,-1,-1,-2,-2,-2,-3,-2,-2,-2,-2,-2,-2,-3,-3,32,35,67
39971,Sungjae Im,3,4,3.0,4.0,3.0,3.0,4.0,3.0,4.0,3.0,4.0,5.0,4.0,3.0,5.0,4.0,5.0,4.0,4.0,4,4,4,3,4,4,3,4,4,4,4,3,4,5,3,4,5,4,0,-1.0,0.0,0.0,-1.0,0.0,0.0,0.0,-1.0,0.0,1.0,1.0,-1.0,0.0,1.0,1.0,-1.0,0.0,E,-1,-1,-1,-2,-2,-2,-2,-3,-3,-2,-1,-2,-2,-1,E,-1,-1,31,38,69
33653,Thomas Detry,3,4,3.0,4.0,3.0,5.0,4.0,3.0,5.0,4.0,5.0,3.0,4.0,4.0,6.0,4.0,4.0,5.0,4.0,4,4,4,3,4,4,3,4,4,4,4,3,4,5,3,4,5,4,0,-1.0,0.0,0.0,1.0,0.0,0.0,1.0,0.0,1.0,-1.0,1.0,0.0,1.0,1.0,0.0,0.0,0.0,E,-1,-1,-1,E,E,E,+1,+1,+2,+1,+2,+2,+3,+4,+4,+4,+4,35,39,74
30911,Tommy Fleetwood,3,4,4.0,4.0,3.0,3.0,4.0,2.0,4.0,4.0,4.0,3.0,3.0,4.0,5.0,4.0,4.0,5.0,5.0,4,4,4,3,4,4,3,4,4,4,4,3,4,5,3,4,5,4,0,0.0,0.0,0.0,-1.0,0.0,-1.0,0.0,0.0,0.0,-1.0,0.0,0.0,0.0,1.0,0.0,0.0,1.0,E,E,E,E,-1,-1,-2,-2,-2,-2,-3,-3,-3,-3,-2,-2,-2,-1,32,37,69
34363,Tyrrell Hatton,3,4,4.0,5.0,4.0,4.0,4.0,3.0,4.0,4.0,4.0,4.0,3.0,5.0,5.0,5.0,4.0,4.0,4.0,4,4,4,3,4,4,3,4,4,4,4,3,4,5,3,4,5,4,0,0.0,1.0,1.0,0.0,0.0,0.0,0.0,0.0,0.0,0.0,0.0,1.0,0.0,2.0,0.0,-1.0,0.0,E,E,+1,+2,+2,+2,+2,+2,+2,+2,+2,+2,+3,+3,+5,+5,+4,+4,36,38,74
47679,Victor Perez,3,4,4.0,4.0,3.0,3.0,5.0,3.0,6.0,4.0,4.0,3.0,3.0,5.0,5.0,3.0,3.0,5.0,6.0,4,4,4,3,4,4,3,4,4,4,4,3,4,5,3,4,5,4,0,0.0,0.0,0.0,-1.0,1.0,0.0,2.0,0.0,0.0,-1.0,0.0,1.0,0.0,0.0,-1.0,0.0,2.0,E,E,E,E,-1,E,E,+2,+2,+2,+1,+1,+2,+2,+2,+1,+1,+3,36,37,73
48081,Xander Schauffele,3,4,4.0,4.0,3.0,3.0,4.0,2.0,3.0,4.0,3.0,5.0,3.0,4.0,4.0,4.0,4.0,4.0,4.0,4,4,4,3,4,4,3,4,4,4,4,3,4,5,3,4,5,4,0,0.0,0.0,0.0,-1.0,0.0,-1.0,-1.0,0.0,-1.0,1.0,0.0,0.0,-1.0,1.0,0.0,-1.0,0.0,E,E,E,E,-1,-1,-2,-3,-3,-4,-3,-3,-3,-4,-3,-3,-4,-4,31,35,66
24502,Adam Scott,4,4,4.0,3.0,3.0,4.0,3.0,3.0,4.0,4.0,3.0,5.0,3.0,4.0,4.0,4.0,3.0,4.0,4.0,4,4,4,3,4,4,3,4,4,4,4,3,4,5,3,4,5,4,0,0.0,-1.0,0.0,0.0,-1.0,0.0,0.0,0.0,-1.0,1.0,0.0,0.0,-1.0,1.0,-1.0,-1.0,0.0,E,E,-1,-1,-1,-2,-2,-2,-2,-3,-2,-2,-2,-3,-2,-3,-4,-4,32,34,66
63343,Aldrich Potgieter,4,4,4.0,4.0,3.0,3.0,5.0,3.0,4.0,4.0,3.0,5.0,3.0,5.0,5.0,4.0,3.0,4.0,4.0,4,4,4,3,4,4,3,4,4,4,4,3,4,5,3,4,5,4,0,0.0,0.0,0.0,-1.0,1.0,0.0,0.0,0.0,-1.0,1.0,0.0,1.0,0.0,1.0,-1.0,-1.0,0.0,E,E,E,E,-1,E,E,E,E,-1,E,E,+1,+1,+2,+1,E,E,34,36,70
55721,Alex Fitzpatrick,4,5,4.0,5.0,3.0,3.0,4.0,4.0,5.0,5.0,4.0,4.0,3.0,4.0,6.0,4.0,4.0,5.0,5.0,4,4,4,3,4,4,3,4,4,4,4,3,4,5,3,4,5,4,1,0.0,1.0,0.0,-1.0,0.0,1.0,1.0,1.0,0.0,0.0,0.0,0.0,1.0,1.0,0.0,0.0,1.0,+1,+1,+2,+2,+1,+1,+2,+3,+4,+4,+4,+4,+4,+5,+6,+6,+6,+7,38,39,77
27349,Alex Noren,4,4,5.0,4.0,4.0,4.0,3.0,3.0,4.0,4.0,3.0,4.0,3.0,4.0,4.0,3.0,4.0,4.0,4.0,4,4,4,3,4,4,3,4,4,4,4,3,4,5,3,4,5,4,0,1.0,0.0,1.0,0.0,-1.0,0.0,0.0,0.0,-1.0,0.0,0.0,0.0,-1.0,0.0,0.0,-1.0,0.0,E,+1,+1,+2,+2,+1,+1,+1,+1,E,E,E,E,-1,-1,-1,-2,-2,35,33,68
46340,Alex Smalley,4,4,4.0,5.0,3.0,3.0,5.0,4.0,4.0,4.0,4.0,4.0,3.0,4.0,5.0,6.0,4.0,5.0,3.0,4,4,4,3,4,4,3,4,4,4,4,3,4,5,3,4,5,4,0,0.0,1.0,0.0,-1.0,1.0,1.0,0.0,0.0,0.0,0.0,0.0,0.0,0.0,2.0,0.0,0.0,-1.0,E,E,+1,+1,E,+1,+2,+2,+2,+2,+2,+2,+2,+2,+5,+5,+5,+4,36,38,74
35314,Andy Sullivan,4,4,4.0,4.0,2.0,3.0,4.0,4.0,4.0,4.0,4.0,4.0,4.0,5.0,6.0,4.0,4.0,5.0,4.0,4,4,4,3,4,4,3,4,4,4,4,3,4,5,3,4,5,4,0,0.0,0.0,-1.0,-1.0,0.0,1.0,0.0,0.0,0.0,0.0,1.0,1.0,1.0,1.0,0.0,0.0,0.0,E,E,E,-1,-2,-2,-1,-1,-1,-1,-1,E,+1,+2,+3,+3,+3,+3,33,40,73
54591,Ben Griffin,4,3,4.0,4.0,3.0,4.0,5.0,3.0,4.0,3.0,5.0,4.0,3.0,4.0,4.0,2.0,4.0,5.0,5.0,4,4,4,3,4,4,3,4,4,4,4,3,4,5,3,4,5,4,-1,0.0,0.0,0.0,0.0,1.0,0.0,0.0,-1.0,1.0,0.0,0.0,0.0,-1.0,-1.0,0.0,0.0,1.0,-1,-1,-1,-1,-1,E,E,E,-1,E,E,E,E,-1,-2,-2,-2,-1,33,36,69
36689,Brooks Koepka,4,4,4.0,4.0,3.0,3.0,4.0,3.0,4.0,4.0,3.0,3.0,3.0,4.0,5.0,4.0,4.0,5.0,4.0,4,4,4,3,4,4,3,4,4,4,4,3,4,5,3,4,5,4,0,0.0,0.0,0.0,-1.0,0.0,0.0,0.0,0.0,-1.0,-1.0,0.0,0.0,0.0,1.0,0.0,0.0,0.0,E,E,E,E,-1,-1,-1,-1,-1,-2,-3,-3,-3,-3,-2,-2,-2,-2,33,35,68
47959,Bryson DeChambeau,4,4,4.0,4.0,3.0,4.0,4.0,3.0,4.0,5.0,4.0,7.0,3.0,3.0,4.0,3.0,4.0,5.0,4.0,4,4,4,3,4,4,3,4,4,4,4,3,4,5,3,4,5,4,0,0.0,0.0,0.0,0.0,0.0,0.0,0.0,1.0,0.0,2.0,0.0,-1.0,-1.0,0.0,0.0,0.0,0.0,E,E,E,E,E,E,E,E,+1,+1,+4,+4,+3,+2,+2,+2,+2,+2,35,37,72
34021,Bud Cauley,4,3,4.0,4.0,3.0,4.0,4.0,3.0,4.0,4.0,4.0,4.0,3.0,4.0,4.0,3.0,4.0,4.0,5.0,4,4,4,3,4,4,3,4,4,4,4,3,4,5,3,4,5,4,-1,0.0,0.0,0.0,0.0,0.0,0.0,0.0,0.0,0.0,0.0,0.0,0.0,-1.0,0.0,0.0,-1.0,1.0,-1,-1,-1,-1,-1,-1,-1,-1,-1,-1,-1,-1,-1,-2,-2,-2,-3,-2,33,35,68
47463,Cameron John,4,4,4.0,4.0,3.0,4.0,3.0,5.0,4.0,4.0,4.0,4.0,3.0,5.0,5.0,3.0,4.0,4.0,5.0,4,4,4,3,4,4,3,4,4,4,4,3,4,5,3,4,5,4,0,0.0,0.0,0.0,0.0,-1.0,2.0,0.0,0.0,0.0,0.0,0.0,1.0,0.0,0.0,0.0,-1.0,1.0,E,E,E,E,E,-1,+1,+1,+1,+1,+1,+1,+2,+2,+2,+2,+1,+2,35,37,72
57366,Cameron Young,4,3,3.0,3.0,3.0,3.0,4.0,3.0,4.0,3.0,4.0,4.0,3.0,4.0,4.0,3.0,4.0,4.0,5.0,4,4,4,3,4,4,3,4,4,4,4,3,4,5,3,4,5,4,-1,-1.0,-1.0,0.0,-1.0,0.0,0.0,0.0,-1.0,0.0,0.0,0.0,0.0,-1.0,0.0,0.0,-1.0,1.0,-1,-2,-3,-3,-4,-4,-4,-4,-5,-5,-5,-5,-5,-6,-6,-6,-7,-6,29,35,64
57688,Casey Jarvis,4,4,4.0,3.0,3.0,3.0,4.0,3.0,4.0,4.0,4.0,3.0,3.0,4.0,5.0,3.0,4.0,5.0,3.0,4,4,4,3,4,4,3,4,4,4,4,3,4,5,3,4,5,4,0,0.0,-1.0,0.0,-1.0,0.0,0.0,0.0,0.0,0.0,-1.0,0.0,0.0,0.0,0.0,0.0,0.0,-1.0,E,E,-1,-1,-2,-2,-2,-2,-2,-2,-3,-3,-3,-3,-3,-3,-3,-4,32,34,66
59095,Chris Gotterup,4,4,3.0,5.0,3.0,3.0,4.0,3.0,4.0,3.0,3.0,4.0,4.0,4.0,4.0,3.0,4.0,4.0,5.0,4,4,4,3,4,4,3,4,4,4,4,3,4,5,3,4,5,4,0,-1.0,1.0,0.0,-1.0,0.0,0.0,0.0,-1.0,-1.0,0.0,1.0,0.0,-1.0,0.0,0.0,-1.0,1.0,E,-1,E,E,-1,-1,-1,-1,-2,-3,-3,-2,-2,-3,-3,-3,-4,-3,32,35,67
50525,Collin Morikawa,4,3,3.0,5.0,3.0,4.0,4.0,3.0,4.0,3.0,4.0,4.0,3.0,4.0,6.0,4.0,4.0,4.0,4.0,4,4,4,3,4,4,3,4,4,4,4,3,4,5,3,4,5,4,-1,-1.0,1.0,0.0,0.0,0.0,0.0,0.0,-1.0,0.0,0.0,0.0,0.0,1.0,1.0,0.0,-1.0,0.0,-1,-2,-1,-1,-1,-1,-1,-1,-2,-2,-2,-2,-2,-1,E,E,-1,-1,32,37,69
39997,Corey Conners,4,4,4.0,4.0,3.0,5.0,4.0,3.0,3.0,4.0,3.0,3.0,3.0,4.0,5.0,3.0,4.0,4.0,4.0,4,4,4,3,4,4,3,4,4,4,4,3,4,5,3,4,5,4,0,0.0,0.0,0.0,1.0,0.0,0.0,-1.0,0.0,-1.0,-1.0,0.0,0.0,0.0,0.0,0.0,-1.0,0.0,E,E,E,E,+1,+1,+1,E,E,-1,-2,-2,-2,-2,-2,-2,-3,-3,34,33,67
57259,Dan Brown,4,6,4.0,5.0,3.0,4.0,4.0,3.0,4.0,4.0,3.0,4.0,4.0,4.0,5.0,2.0,4.0,4.0,4.0,4,4,4,3,4,4,3,4,4,4,4,3,4,5,3,4,5,4,2,0.0,1.0,0.0,0.0,0.0,0.0,0.0,0.0,-1.0,0.0,1.0,0.0,0.0,-1.0,0.0,-1.0,0.0,+2,+2,+3,+3,+3,+3,+3,+3,+3,+2,+2,+3,+3,+3,+2,+2,+1,+1,37,34,71
47591,Eric Cole,4,5,3.0,4.0,4.0,4.0,4.0,3.0,4.0,4.0,4.0,4.0,4.0,5.0,5.0,3.0,4.0,5.0,6.0,4,4,4,3,4,4,3,4,4,4,4,3,4,5,3,4,5,4,1,-1.0,0.0,1.0,0.0,0.0,0.0,0.0,0.0,0.0,0.0,1.0,1.0,0.0,0.0,0.0,0.0,2.0,+1,E,E,+1,+1,+1,+1,+1,+1,+1,+1,+2,+3,+3,+3,+3,+3,+5,35,40,75
57492,Eugenio Chacarra,4,4,4.0,4.0,3.0,4.0,4.0,3.0,4.0,4.0,4.0,4.0,3.0,5.0,4.0,3.0,3.0,5.0,4.0,4,4,4,3,4,4,3,4,4,4,4,3,4,5,3,4,5,4,0,0.0,0.0,0.0,0.0,0.0,0.0,0.0,0.0,0.0,0.0,0.0,1.0,-1.0,0.0,-1.0,0.0,0.0,E,E,E,E,E,E,E,E,E,E,E,E,+1,E,E,-1,-1,-1,34,35,69
25198,Francesco Molinari,4,4,4.0,3.0,3.0,4.0,5.0,3.0,4.0,4.0,5.0,4.0,3.0,5.0,6.0,3.0,4.0,4.0,4.0,4,4,4,3,4,4,3,4,4,4,4,3,4,5,3,4,5,4,0,0.0,-1.0,0.0,0.0,1.0,0.0,0.0,0.0,1.0,0.0,0.0,1.0,1.0,0.0,0.0,-1.0,0.0,E,E,-1,-1,-1,E,E,E,E,+1,+1,+1,+2,+3,+3,+3,+2,+2,34,38,72
47497,Hennie Du Plessis,4,5,5.0,4.0,3.0,3.0,3.0,4.0,5.0,4.0,5.0,4.0,3.0,3.0,4.0,3.0,5.0,4.0,5.0,4,4,4,3,4,4,3,4,4,4,4,3,4,5,3,4,5,4,1,1.0,0.0,0.0,-1.0,-1.0,1.0,1.0,0.0,1.0,0.0,0.0,-1.0,-1.0,0.0,1.0,-1.0,1.0,+1,+2,+2,+2,+1,E,+1,+2,+2,+3,+3,+3,+2,+1,+1,+2,+1,+2,36,36,72
32839,Hideki Matsuyama,4,4,3.0,3.0,4.0,4.0,5.0,4.0,4.0,4.0,4.0,4.0,3.0,4.0,4.0,3.0,4.0,5.0,4.0,4,4,4,3,4,4,3,4,4,4,4,3,4,5,3,4,5,4,0,-1.0,-1.0,1.0,0.0,1.0,1.0,0.0,0.0,0.0,0.0,0.0,0.0,-1.0,0.0,0.0,0.0,0.0,E,-1,-2,-1,-1,E,+1,+1,+1,+1,+1,+1,+1,E,E,E,E,E,35,35,70
39324,J.J. Spaun,4,3,3.0,4.0,3.0,4.0,5.0,3.0,4.0,4.0,4.0,3.0,3.0,5.0,5.0,4.0,4.0,4.0,4.0,4,4,4,3,4,4,3,4,4,4,4,3,4,5,3,4,5,4,-1,-1.0,0.0,0.0,0.0,1.0,0.0,0.0,0.0,0.0,-1.0,0.0,1.0,0.0,1.0,0.0,-1.0,0.0,-1,-2,-2,-2,-2,-1,-1,-1,-1,-1,-2,-2,-1,-1,E,E,-1,-1,33,36,69
36872,Jack McDonald,4,5,3.0,4.0,4.0,5.0,4.0,3.0,4.0,4.0,4.0,4.0,3.0,4.0,5.0,3.0,5.0,5.0,5.0,4,4,4,3,4,4,3,4,4,4,4,3,4,5,3,4,5,4,1,-1.0,0.0,1.0,1.0,0.0,0.0,0.0,0.0,0.0,0.0,0.0,0.0,0.0,0.0,1.0,0.0,1.0,+1,E,E,+1,+2,+2,+2,+2,+2,+2,+2,+2,+2,+2,+2,+3,+3,+4,36,38,74
60019,Jackson Suber,4,5,4.0,4.0,3.0,4.0,4.0,3.0,5.0,4.0,4.0,4.0,3.0,5.0,4.0,4.0,4.0,6.0,4.0,4,4,4,3,4,4,3,4,4,4,4,3,4,5,3,4,5,4,1,0.0,0.0,0.0,0.0,0.0,0.0,1.0,0.0,0.0,0.0,0.0,1.0,-1.0,1.0,0.0,1.0,0.0,+1,+1,+1,+1,+1,+1,+1,+2,+2,+2,+2,+2,+3,+2,+3,+3,+4,+4,36,38,74
60004,Jacob Bridgeman,4,5,3.0,4.0,3.0,3.0,4.0,4.0,5.0,4.0,4.0,4.0,2.0,4.0,5.0,4.0,4.0,5.0,4.0,4,4,4,3,4,4,3,4,4,4,4,3,4,5,3,4,5,4,1,-1.0,0.0,0.0,-1.0,0.0,1.0,1.0,0.0,0.0,0.0,-1.0,0.0,0.0,1.0,0.0,0.0,0.0,+1,E,E,E,-1,-1,E,+1,+1,+1,+1,E,E,E,+1,+1,+1,+1,35,36,71
57586,Jesper Svensson,4,5,4.0,4.0,3.0,4.0,4.0,4.0,4.0,4.0,4.0,4.0,3.0,5.0,5.0,3.0,4.0,5.0,4.0,4,4,4,3,4,4,3,4,4,4,4,3,4,5,3,4,5,4,1,0.0,0.0,0.0,0.0,0.0,1.0,0.0,0.0,0.0,0.0,0.0,1.0,0.0,0.0,0.0,0.0,0.0,+1,+1,+1,+1,+1,+1,+2,+2,+2,+2,+2,+2,+3,+3,+3,+3,+3,+3,36,37,73
28723,John Parry,4,4,4.0,3.0,3.0,3.0,4.0,3.0,4.0,4.0,4.0,4.0,3.0,4.0,4.0,3.0,4.0,4.0,4.0,4,4,4,3,4,4,3,4,4,4,4,3,4,5,3,4,5,4,0,0.0,-1.0,0.0,-1.0,0.0,0.0,0.0,0.0,0.0,0.0,0.0,0.0,-1.0,0.0,0.0,-1.0,0.0,E,E,-1,-1,-2,-2,-2,-2,-2,-2,-2,-2,-2,-3,-3,-3,-4,-4,32,34,66
63454,Johnny Keefer,4,4,4.0,4.0,3.0,5.0,5.0,3.0,4.0,4.0,4.0,4.0,3.0,3.0,5.0,4.0,4.0,5.0,5.0,4,4,4,3,4,4,3,4,4,4,4,3,4,5,3,4,5,4,0,0.0,0.0,0.0,1.0,1.0,0.0,0.0,0.0,0.0,0.0,0.0,-1.0,0.0,1.0,0.0,0.0,1.0,E,E,E,E,+1,+2,+2,+2,+2,+2,+2,+2,+1,+1,+2,+2,+2,+3,36,37,73
46970,Jon Rahm,4,6,4.0,4.0,3.0,3.0,5.0,4.0,4.0,5.0,3.0,4.0,3.0,4.0,4.0,3.0,4.0,5.0,6.0,4,4,4,3,4,4,3,4,4,4,4,3,4,5,3,4,5,4,2,0.0,0.0,0.0,-1.0,1.0,1.0,0.0,1.0,-1.0,0.0,0.0,0.0,-1.0,0.0,0.0,0.0,2.0,+2,+2,+2,+2,+1,+2,+3,+3,+4,+3,+3,+3,+3,+2,+2,+2,+2,+4,38,36,74
46464,Jordan Smith,4,4,4.0,5.0,3.0,4.0,4.0,3.0,3.0,4.0,4.0,5.0,3.0,3.0,5.0,3.0,3.0,5.0,4.0,4,4,4,3,4,4,3,4,4,4,4,3,4,5,3,4,5,4,0,0.0,1.0,0.0,0.0,0.0,0.0,-1.0,0.0,0.0,1.0,0.0,-1.0,0.0,0.0,-1.0,0.0,0.0,E,E,+1,+1,+1,+1,+1,E,E,E,+1,+1,E,E,E,-1,-1,-1,34,35,69
60165,Jose Luis Ballester,4,4,5.0,3.0,3.0,4.0,5.0,3.0,4.0,4.0,4.0,5.0,3.0,6.0,5.0,3.0,4.0,4.0,4.0,4,4,4,3,4,4,3,4,4,4,4,3,4,5,3,4,5,4,0,1.0,-1.0,0.0,0.0,1.0,0.0,0.0,0.0,0.0,1.0,0.0,2.0,0.0,0.0,0.0,-1.0,0.0,E,+1,E,E,E,+1,+1,+1,+1,+1,+2,+2,+4,+4,+4,+4,+3,+3,35,38,73
33448,Justin Thomas,4,5,4.0,5.0,3.0,3.0,5.0,3.0,4.0,4.0,4.0,6.0,3.0,4.0,4.0,4.0,4.0,6.0,5.0,4,4,4,3,4,4,3,4,4,4,4,3,4,5,3,4,5,4,1,0.0,1.0,0.0,-1.0,1.0,0.0,0.0,0.0,0.0,2.0,0.0,0.0,-1.0,1.0,0.0,1.0,1.0,+1,+1,+2,+2,+1,+2,+2,+2,+2,+2,+4,+4,+4,+3,+4,+4,+5,+6,36,40,76
35778,Kazuki Higa,4,4,5.0,4.0,3.0,3.0,7.0,3.0,4.0,4.0,4.0,4.0,3.0,4.0,4.0,4.0,4.0,5.0,5.0,4,4,4,3,4,4,3,4,4,4,4,3,4,5,3,4,5,4,0,1.0,0.0,0.0,-1.0,2.0,0.0,0.0,0.0,0.0,0.0,0.0,0.0,-1.0,1.0,0.0,0.0,1.0,E,+1,+1,+1,E,+3,+3,+3,+3,+3,+3,+3,+3,+2,+3,+3,+3,+4,37,37,74
54621,Kazuma Kobori,4,4,3.0,4.0,3.0,3.0,4.0,3.0,4.0,5.0,4.0,4.0,3.0,5.0,6.0,3.0,4.0,6.0,4.0,4,4,4,3,4,4,3,4,4,4,4,3,4,5,3,4,5,4,0,-1.0,0.0,0.0,-1.0,0.0,0.0,0.0,1.0,0.0,0.0,0.0,1.0,1.0,0.0,0.0,1.0,0.0,E,-1,-1,-1,-2,-2,-2,-2,-1,-1,-1,-1,E,+1,+1,+1,+2,+2,33,39,72
33141,Keegan Bradley,4,3,4.0,4.0,3.0,4.0,5.0,4.0,4.0,4.0,5.0,4.0,4.0,4.0,4.0,3.0,4.0,4.0,5.0,4,4,4,3,4,4,3,4,4,4,4,3,4,5,3,4,5,4,-1,0.0,0.0,0.0,0.0,1.0,1.0,0.0,0.0,1.0,0.0,1.0,0.0,-1.0,0.0,0.0,-1.0,1.0,-1,-1,-1,-1,-1,E,+1,+1,+1,+2,+2,+3,+3,+2,+2,+2,+1,+2,35,37,72
49855,Kristoffer Reitan,4,3,3.0,4.0,3.0,4.0,4.0,3.0,4.0,3.0,4.0,5.0,3.0,4.0,5.0,4.0,4.0,5.0,4.0,4,4,4,3,4,4,3,4,4,4,4,3,4,5,3,4,5,4,-1,-1.0,0.0,0.0,0.0,0.0,0.0,0.0,-1.0,0.0,1.0,0.0,0.0,0.0,1.0,0.0,0.0,0.0,-1,-2,-2,-2,-2,-2,-2,-2,-3,-3,-2,-2,-2,-2,-1,-1,-1,-1,31,38,69
48117,Kurt Kitayama,4,4,4.0,4.0,3.0,3.0,4.0,4.0,4.0,4.0,4.0,4.0,3.0,4.0,4.0,3.0,5.0,4.0,4.0,4,4,4,3,4,4,3,4,4,4,4,3,4,5,3,4,5,4,0,0.0,0.0,0.0,-1.0,0.0,1.0,0.0,0.0,0.0,0.0,0.0,0.0,-1.0,0.0,1.0,-1.0,0.0,E,E,E,E,-1,-1,E,E,E,E,E,E,E,-1,-1,E,-1,-1,34,35,69
34362,Laurie Canter,4,3,3.0,5.0,4.0,4.0,4.0,2.0,4.0,4.0,4.0,5.0,4.0,4.0,4.0,4.0,4.0,6.0,4.0,4,4,4,3,4,4,3,4,4,4,4,3,4,5,3,4,5,4,-1,-1.0,1.0,1.0,0.0,0.0,-1.0,0.0,0.0,0.0,1.0,1.0,0.0,-1.0,1.0,0.0,1.0,0.0,-1,-2,-1,E,E,E,-1,-1,-1,-1,E,+1,+1,E,+1,+1,+2,+2,33,39,72
39058,Lucas Herbert,4,4,4.0,5.0,3.0,3.0,5.0,3.0,4.0,3.0,3.0,5.0,3.0,4.0,5.0,3.0,4.0,6.0,4.0,4,4,4,3,4,4,3,4,4,4,4,3,4,5,3,4,5,4,0,0.0,1.0,0.0,-1.0,1.0,0.0,0.0,-1.0,-1.0,1.0,0.0,0.0,0.0,0.0,0.0,1.0,0.0,E,E,+1,+1,E,+1,+1,+1,E,-1,E,E,E,E,E,E,+1,+1,34,37,71
52955,Ludvig Åberg,4,4,4.0,5.0,3.0,4.0,4.0,4.0,4.0,3.0,4.0,4.0,3.0,4.0,5.0,3.0,4.0,4.0,5.0,4,4,4,3,4,4,3,4,4,4,4,3,4,5,3,4,5,4,0,0.0,1.0,0.0,0.0,0.0,1.0,0.0,-1.0,0.0,0.0,0.0,0.0,0.0,0.0,0.0,-1.0,1.0,E,E,+1,+1,+1,+1,+2,+2,+1,+1,+1,+1,+1,+1,+1,+1,E,+1,35,36,71
39067,MJ Daffue,4,4,4.0,4.0,3.0,5.0,5.0,3.0,5.0,4.0,5.0,4.0,2.0,4.0,4.0,3.0,6.0,5.0,5.0,4,4,4,3,4,4,3,4,4,4,4,3,4,5,3,4,5,4,0,0.0,0.0,0.0,1.0,1.0,0.0,1.0,0.0,1.0,0.0,-1.0,0.0,-1.0,0.0,2.0,0.0,1.0,E,E,E,E,+1,+2,+2,+3,+3,+4,+4,+3,+3,+2,+2,+4,+4,+5,37,38,75
51003,Marco Penge,4,5,4.0,4.0,4.0,3.0,4.0,3.0,4.0,4.0,3.0,3.0,3.0,4.0,4.0,3.0,4.0,5.0,4.0,4,4,4,3,4,4,3,4,4,4,4,3,4,5,3,4,5,4,1,0.0,0.0,1.0,-1.0,0.0,0.0,0.0,0.0,-1.0,-1.0,0.0,0.0,-1.0,0.0,0.0,0.0,0.0,+1,+1,+1,+2,+1,+1,+1,+1,+1,E,-1,-1,-1,-2,-2,-2,-2,-2,35,33,68
59613,Marcus Plunkett,4,6,4.0,4.0,3.0,4.0,4.0,4.0,3.0,5.0,4.0,4.0,3.0,4.0,4.0,6.0,4.0,5.0,4.0,4,4,4,3,4,4,3,4,4,4,4,3,4,5,3,4,5,4,2,0.0,0.0,0.0,0.0,0.0,1.0,-1.0,1.0,0.0,0.0,0.0,0.0,-1.0,2.0,0.0,0.0,0.0,+2,+2,+2,+2,+2,+2,+3,+2,+3,+3,+3,+3,+3,+2,+5,+5,+5,+5,37,38,75
48887,Matt Wallace,4,4,4.0,4.0,4.0,3.0,3.0,3.0,4.0,4.0,4.0,4.0,3.0,5.0,7.0,3.0,4.0,4.0,4.0,4,4,4,3,4,4,3,4,4,4,4,3,4,5,3,4,5,4,0,0.0,0.0,1.0,-1.0,-1.0,0.0,0.0,0.0,0.0,0.0,0.0,1.0,2.0,0.0,0.0,-1.0,0.0,E,E,E,+1,E,-1,-1,-1,-1,-1,-1,-1,E,+2,+2,+2,+1,+1,33,38,71
35174,Matthew Southgate,4,3,3.0,3.0,3.0,4.0,5.0,3.0,4.0,4.0,3.0,4.0,3.0,4.0,5.0,2.0,4.0,5.0,4.0,4,4,4,3,4,4,3,4,4,4,4,3,4,5,3,4,5,4,-1,-1.0,-1.0,0.0,0.0,1.0,0.0,0.0,0.0,-1.0,0.0,0.0,0.0,0.0,-1.0,0.0,0.0,0.0,-1,-2,-3,-3,-3,-2,-2,-2,-2,-3,-3,-3,-3,-3,-4,-4,-4,-4,32,34,66
39977,Max Homa,4,4,4.0,3.0,3.0,4.0,4.0,3.0,5.0,4.0,4.0,3.0,3.0,4.0,6.0,3.0,4.0,5.0,5.0,4,4,4,3,4,4,3,4,4,4,4,3,4,5,3,4,5,4,0,0.0,-1.0,0.0,0.0,0.0,0.0,1.0,0.0,0.0,-1.0,0.0,0.0,1.0,0.0,0.0,0.0,1.0,E,E,-1,-1,-1,-1,-1,E,E,E,-1,-1,-1,E,E,E,E,+1,34,37,71
61522,Michael Brennan,4,5,4.0,4.0,3.0,3.0,5.0,2.0,4.0,4.0,4.0,5.0,2.0,4.0,5.0,4.0,4.0,5.0,4.0,4,4,4,3,4,4,3,4,4,4,4,3,4,5,3,4,5,4,1,0.0,0.0,0.0,-1.0,1.0,-1.0,0.0,0.0,0.0,1.0,-1.0,0.0,0.0,1.0,0.0,0.0,0.0,+1,+1,+1,+1,E,+1,E,E,E,E,+1,E,E,E,+1,+1,+1,+1,34,37,71
57364,Michael Thorbjornsen,4,4,4.0,4.0,3.0,4.0,4.0,3.0,3.0,4.0,4.0,5.0,3.0,4.0,6.0,3.0,4.0,4.0,4.0,4,4,4,3,4,4,3,4,4,4,4,3,4,5,3,4,5,4,0,0.0,0.0,0.0,0.0,0.0,0.0,-1.0,0.0,0.0,1.0,0.0,0.0,1.0,0.0,0.0,-1.0,0.0,E,E,E,E,E,E,E,-1,-1,-1,E,E,E,+1,+1,+1,E,E,33,37,70
37378,Min Woo Lee,4,5,3.0,5.0,2.0,4.0,4.0,3.0,3.0,5.0,3.0,4.0,3.0,5.0,4.0,3.0,4.0,4.0,6.0,4,4,4,3,4,4,3,4,4,4,4,3,4,5,3,4,5,4,1,-1.0,1.0,-1.0,0.0,0.0,0.0,-1.0,1.0,-1.0,0.0,0.0,1.0,-1.0,0.0,0.0,-1.0,2.0,+1,E,+1,E,E,E,E,-1,E,-1,-1,-1,E,-1,-1,-1,-2,E,34,36,70
46879,Naoyuki Kataoka,4,5,5.0,4.0,3.0,3.0,3.0,3.0,4.0,4.0,4.0,3.0,3.0,4.0,4.0,4.0,4.0,6.0,5.0,4,4,4,3,4,4,3,4,4,4,4,3,4,5,3,4,5,4,1,1.0,0.0,0.0,-1.0,-1.0,0.0,0.0,0.0,0.0,-1.0,0.0,0.0,-1.0,1.0,0.0,1.0,1.0,+1,+2,+2,+2,+1,E,E,E,E,E,-1,-1,-1,-2,-1,-1,E,+1,34,37,71
25493,Nick Taylor,4,4,4.0,4.0,3.0,4.0,5.0,2.0,5.0,4.0,4.0,4.0,3.0,4.0,5.0,4.0,4.0,4.0,4.0,4,4,4,3,4,4,3,4,4,4,4,3,4,5,3,4,5,4,0,0.0,0.0,0.0,0.0,1.0,-1.0,1.0,0.0,0.0,0.0,0.0,0.0,0.0,1.0,0.0,-1.0,0.0,E,E,E,E,E,+1,E,+1,+1,+1,+1,+1,+1,+1,+2,+2,+1,+1,35,36,71
51349,Nico Echavarria,4,4,4.0,4.0,4.0,4.0,4.0,3.0,4.0,4.0,4.0,5.0,3.0,4.0,6.0,4.0,4.0,7.0,5.0,4,4,4,3,4,4,3,4,4,4,4,3,4,5,3,4,5,4,0,0.0,0.0,1.0,0.0,0.0,0.0,0.0,0.0,0.0,1.0,0.0,0.0,1.0,1.0,0.0,2.0,1.0,E,E,E,+1,+1,+1,+1,+1,+1,+1,+2,+2,+2,+3,+4,+4,+6,+7,35,42,77
35450,Patrick Cantlay,4,4,4.0,3.0,3.0,4.0,4.0,2.0,4.0,4.0,4.0,5.0,3.0,4.0,4.0,4.0,4.0,4.0,4.0,4,4,4,3,4,4,3,4,4,4,4,3,4,5,3,4,5,4,0,0.0,-1.0,0.0,0.0,0.0,-1.0,0.0,0.0,0.0,1.0,0.0,0.0,-1.0,1.0,0.0,-1.0,0.0,E,E,-1,-1,-1,-1,-2,-2,-2,-2,-1,-1,-1,-2,-1,-1,-2,-2,32,36,68
34360,Patrick Reed,4,4,3.0,4.0,3.0,3.0,5.0,3.0,4.0,5.0,4.0,4.0,3.0,5.0,5.0,4.0,4.0,4.0,4.0,4,4,4,3,4,4,3,4,4,4,4,3,4,5,3,4,5,4,0,-1.0,0.0,0.0,-1.0,1.0,0.0,0.0,1.0,0.0,0.0,0.0,1.0,0.0,1.0,0.0,-1.0,0.0,E,-1,-1,-1,-2,-1,-1,-1,E,E,E,E,+1,+1,+2,+2,+1,+1,34,37,71
29484,Peter Uihlein,4,4,4.0,3.0,3.0,3.0,5.0,3.0,4.0,4.0,7.0,3.0,3.0,4.0,4.0,3.0,4.0,5.0,4.0,4,4,4,3,4,4,3,4,4,4,4,3,4,5,3,4,5,4,0,0.0,-1.0,0.0,-1.0,1.0,0.0,0.0,0.0,2.0,-1.0,0.0,0.0,-1.0,0.0,0.0,0.0,0.0,E,E,-1,-1,-2,-1,-1,-1,-1,+2,+1,+1,+1,E,E,E,E,E,33,37,70
59836,Pierceson Coody,4,5,4.0,4.0,3.0,4.0,4.0,2.0,5.0,3.0,3.0,5.0,3.0,3.0,5.0,3.0,5.0,4.0,4.0,4,4,4,3,4,4,3,4,4,4,4,3,4,5,3,4,5,4,1,0.0,0.0,0.0,0.0,0.0,-1.0,1.0,-1.0,-1.0,1.0,0.0,-1.0,0.0,0.0,1.0,-1.0,0.0,+1,+1,+1,+1,+1,+1,E,+1,E,-1,E,E,-1,-1,-1,E,-1,-1,34,35,69
52689,Rasmus Neergaard-Petersen,4,4,4.0,4.0,3.0,3.0,5.0,4.0,5.0,3.0,4.0,4.0,3.0,4.0,4.0,5.0,4.0,3.0,4.0,4,4,4,3,4,4,3,4,4,4,4,3,4,5,3,4,5,4,0,0.0,0.0,0.0,-1.0,1.0,1.0,1.0,-1.0,0.0,0.0,0.0,0.0,-1.0,2.0,0.0,-2.0,0.0,E,E,E,E,-1,E,+1,+2,+1,+1,+1,+1,+1,E,+2,+2,E,E,35,35,70
32102,Rickie Fowler,4,3,4.0,4.0,3.0,4.0,4.0,2.0,4.0,4.0,4.0,4.0,2.0,4.0,5.0,3.0,3.0,4.0,5.0,4,4,4,3,4,4,3,4,4,4,4,3,4,5,3,4,5,4,-1,0.0,0.0,0.0,0.0,0.0,-1.0,0.0,0.0,0.0,0.0,-1.0,0.0,0.0,0.0,-1.0,-1.0,1.0,-1,-1,-1,-1,-1,-1,-2,-2,-2,-2,-2,-3,-3,-3,-3,-4,-5,-4,32,34,66
52215,Robert MacIntyre,4,4,4.0,3.0,3.0,4.0,5.0,4.0,4.0,4.0,4.0,4.0,3.0,5.0,4.0,3.0,5.0,5.0,3.0,4,4,4,3,4,4,3,4,4,4,4,3,4,5,3,4,5,4,0,0.0,-1.0,0.0,0.0,1.0,1.0,0.0,0.0,0.0,0.0,0.0,1.0,-1.0,0.0,1.0,0.0,-1.0,E,E,-1,-1,-1,E,+1,+1,+1,+1,+1,+1,+2,+1,+1,+2,+2,+1,35,36,71
28237,Rory McIlroy,4,4,3.0,4.0,3.0,4.0,3.0,4.0,4.0,4.0,3.0,5.0,3.0,4.0,5.0,3.0,6.0,4.0,5.0,4,4,4,3,4,4,3,4,4,4,4,3,4,5,3,4,5,4,0,-1.0,0.0,0.0,0.0,-1.0,1.0,0.0,0.0,-1.0,1.0,0.0,0.0,0.0,0.0,2.0,-1.0,1.0,E,-1,-1,-1,-1,-2,-1,-1,-1,-2,-1,-1,-1,-1,-1,+1,E,+1,33,38,71
34098,Russell Henley,4,4,3.0,3.0,3.0,4.0,4.0,3.0,4.0,3.0,3.0,3.0,3.0,4.0,4.0,3.0,5.0,5.0,5.0,4,4,4,3,4,4,3,4,4,4,4,3,4,5,3,4,5,4,0,-1.0,-1.0,0.0,0.0,0.0,0.0,0.0,-1.0,-1.0,-1.0,0.0,0.0,-1.0,0.0,1.0,0.0,1.0,E,-1,-2,-2,-2,-2,-2,-2,-3,-4,-5,-5,-5,-6,-6,-5,-5,-4,31,35,66
29936,Ryan Fox,4,4,3.0,4.0,3.0,4.0,4.0,3.0,4.0,5.0,4.0,5.0,3.0,3.0,4.0,4.0,3.0,5.0,3.0,4,4,4,3,4,4,3,4,4,4,4,3,4,5,3,4,5,4,0,-1.0,0.0,0.0,0.0,0.0,0.0,0.0,1.0,0.0,1.0,0.0,-1.0,-1.0,1.0,-1.0,0.0,-1.0,E,-1,-1,-1,-1,-1,-1,-1,E,E,+1,+1,E,-1,E,-1,-1,-2,34,34,68
59018,Ryan Gerard,4,4,4.0,4.0,3.0,5.0,4.0,3.0,4.0,4.0,4.0,4.0,3.0,4.0,5.0,3.0,4.0,5.0,5.0,4,4,4,3,4,4,3,4,4,4,4,3,4,5,3,4,5,4,0,0.0,0.0,0.0,1.0,0.0,0.0,0.0,0.0,0.0,0.0,0.0,0.0,0.0,0.0,0.0,0.0,1.0,E,E,E,E,+1,+1,+1,+1,+1,+1,+1,+1,+1,+1,+1,+1,+1,+2,35,37,72
51287,Ryo Hisatsune,4,4,4.0,3.0,3.0,4.0,4.0,3.0,4.0,4.0,4.0,4.0,3.0,4.0,4.0,3.0,4.0,5.0,5.0,4,4,4,3,4,4,3,4,4,4,4,3,4,5,3,4,5,4,0,0.0,-1.0,0.0,0.0,0.0,0.0,0.0,0.0,0.0,0.0,0.0,0.0,-1.0,0.0,0.0,0.0,1.0,E,E,-1,-1,-1,-1,-1,-1,-1,-1,-1,-1,-1,-2,-2,-2,-2,-1,33,36,69
51634,Sahith Theegala,4,4,4.0,4.0,3.0,4.0,6.0,2.0,4.0,4.0,3.0,4.0,3.0,6.0,4.0,3.0,4.0,6.0,5.0,4,4,4,3,4,4,3,4,4,4,4,3,4,5,3,4,5,4,0,0.0,0.0,0.0,0.0,2.0,-1.0,0.0,0.0,-1.0,0.0,0.0,2.0,-1.0,0.0,0.0,1.0,1.0,E,E,E,E,E,+2,+1,+1,+1,E,E,E,+2,+1,+1,+1,+2,+3,35,38,73
47504,Sam Burns,4,4,3.0,4.0,4.0,5.0,5.0,3.0,4.0,4.0,4.0,4.0,3.0,4.0,5.0,3.0,4.0,5.0,4.0,4,4,4,3,4,4,3,4,4,4,4,3,4,5,3,4,5,4,0,-1.0,0.0,1.0,1.0,1.0,0.0,0.0,0.0,0.0,0.0,0.0,0.0,0.0,0.0,0.0,0.0,0.0,E,-1,-1,E,+1,+2,+2,+2,+2,+2,+2,+2,+2,+2,+2,+2,+2,+2,36,36,72
46046,Scottie Scheffler,4,3,3.0,4.0,3.0,3.0,4.0,3.0,4.0,4.0,4.0,4.0,2.0,5.0,5.0,4.0,3.0,4.0,5.0,4,4,4,3,4,4,3,4,4,4,4,3,4,5,3,4,5,4,-1,-1.0,0.0,0.0,-1.0,0.0,0.0,0.0,0.0,0.0,0.0,-1.0,1.0,0.0,1.0,-1.0,-1.0,1.0,-1,-2,-2,-2,-3,-3,-3,-3,-3,-3,-3,-4,-3,-3,-2,-3,-4,-3,31,36,67
49960,Sepp Straka,4,5,4.0,5.0,3.0,3.0,4.0,3.0,4.0,3.0,5.0,5.0,2.0,4.0,5.0,4.0,4.0,4.0,5.0,4,4,4,3,4,4,3,4,4,4,4,3,4,5,3,4,5,4,1,0.0,1.0,0.0,-1.0,0.0,0.0,0.0,-1.0,1.0,1.0,-1.0,0.0,0.0,1.0,0.0,-1.0,1.0,+1,+1,+2,+2,+1,+1,+1,+1,E,+1,+2,+1,+1,+1,+2,+2,+1,+2,34,38,72
33204,Shane Lowry,4,5,4.0,3.0,2.0,4.0,4.0,3.0,4.0,4.0,5.0,5.0,3.0,4.0,5.0,4.0,5.0,3.0,5.0,4,4,4,3,4,4,3,4,4,4,4,3,4,5,3,4,5,4,1,0.0,-1.0,-1.0,0.0,0.0,0.0,0.0,0.0,1.0,1.0,0.0,0.0,0.0,1.0,1.0,-2.0,1.0,+1,+1,E,-1,-1,-1,-1,-1,-1,E,+1,+1,+1,+1,+2,+3,+1,+2,33,39,72
26328,Shaun Norris,4,4,3.0,4.0,3.0,4.0,4.0,3.0,5.0,5.0,5.0,4.0,3.0,4.0,5.0,3.0,4.0,5.0,4.0,4,4,4,3,4,4,3,4,4,4,4,3,4,5,3,4,5,4,0,-1.0,0.0,0.0,0.0,0.0,0.0,1.0,1.0,1.0,0.0,0.0,0.0,0.0,0.0,0.0,0.0,0.0,E,-1,-1,-1,-1,-1,-1,E,+1,+2,+2,+2,+2,+2,+2,+2,+2,+2,35,37,72
37455,Si Woo Kim,4,4,4.0,4.0,3.0,3.0,3.0,3.0,4.0,4.0,4.0,5.0,4.0,4.0,5.0,3.0,5.0,5.0,5.0,4,4,4,3,4,4,3,4,4,4,4,3,4,5,3,4,5,4,0,0.0,0.0,0.0,-1.0,-1.0,0.0,0.0,0.0,0.0,1.0,1.0,0.0,0.0,0.0,1.0,0.0,1.0,E,E,E,E,-1,-2,-2,-2,-2,-2,-1,E,E,E,E,+1,+1,+2,32,40,72
39971,Sungjae Im,4,4,4.0,4.0,3.0,3.0,4.0,4.0,4.0,4.0,3.0,4.0,3.0,4.0,5.0,3.0,3.0,5.0,5.0,4,4,4,3,4,4,3,4,4,4,4,3,4,5,3,4,5,4,0,0.0,0.0,0.0,-1.0,0.0,1.0,0.0,0.0,-1.0,0.0,0.0,0.0,0.0,0.0,-1.0,0.0,1.0,E,E,E,E,-1,-1,E,E,E,-1,-1,-1,-1,-1,-1,-2,-2,-1,34,35,69
33653,Thomas Detry,4,3,4.0,4.0,3.0,4.0,4.0,3.0,3.0,4.0,4.0,4.0,3.0,4.0,6.0,4.0,4.0,4.0,4.0,4,4,4,3,4,4,3,4,4,4,4,3,4,5,3,4,5,4,-1,0.0,0.0,0.0,0.0,0.0,0.0,-1.0,0.0,0.0,0.0,0.0,0.0,1.0,1.0,0.0,-1.0,0.0,-1,-1,-1,-1,-1,-1,-1,-2,-2,-2,-2,-2,-2,-1,E,E,-1,-1,32,37,69
30911,Tommy Fleetwood,4,3,4.0,4.0,3.0,3.0,4.0,3.0,3.0,5.0,5.0,5.0,3.0,4.0,5.0,3.0,4.0,4.0,3.0,4,4,4,3,4,4,3,4,4,4,4,3,4,5,3,4,5,4,-1,0.0,0.0,0.0,-1.0,0.0,0.0,-1.0,1.0,1.0,1.0,0.0,0.0,0.0,0.0,0.0,-1.0,-1.0,-1,-1,-1,-1,-2,-2,-2,-3,-2,-1,E,E,E,E,E,E,-1,-2,32,36,68
34363,Tyrrell Hatton,4,3,4.0,3.0,3.0,4.0,5.0,3.0,3.0,5.0,5.0,4.0,3.0,4.0,5.0,4.0,5.0,6.0,5.0,4,4,4,3,4,4,3,4,4,4,4,3,4,5,3,4,5,4,-1,0.0,-1.0,0.0,0.0,1.0,0.0,-1.0,1.0,1.0,0.0,0.0,0.0,0.0,1.0,1.0,1.0,1.0,-1,-1,-2,-2,-2,-1,-1,-2,-1,E,E,E,E,E,+1,+2,+3,+4,33,41,74
47679,Victor Perez,4,4,3.0,3.0,4.0,3.0,5.0,3.0,3.0,4.0,3.0,4.0,3.0,4.0,4.0,4.0,4.0,5.0,5.0,4,4,4,3,4,4,3,4,4,4,4,3,4,5,3,4,5,4,0,-1.0,-1.0,1.0,-1.0,1.0,0.0,-1.0,0.0,-1.0,0.0,0.0,0.0,-1.0,1.0,0.0,0.0,1.0,E,-1,-2,-1,-2,-1,-1,-2,-2,-3,-3,-3,-3,-4,-3,-3,-3,-2,32,36,68
48081,Xander Schauffele,4,4,4.0,4.0,4.0,4.0,4.0,3.0,4.0,4.0,5.0,4.0,3.0,3.0,6.0,3.0,4.0,4.0,4.0,4,4,4,3,4,4,3,4,4,4,4,3,4,5,3,4,5,4,0,0.0,0.0,1.0,0.0,0.0,0.0,0.0,0.0,1.0,0.0,0.0,-1.0,1.0,0.0,0.0,-1.0,0.0,E,E,E,+1,+1,+1,+1,+1,+1,+2,+2,+2,+1,+2,+2,+2,+1,+1,35,36,71
