player_id,player_name,round,h1,h2,h3,h4,h5,h6,h7,h8,h9,h10,h11,h12,h13,h14,h15,h16,h17,h18,h1_par,h2_par,h3_par,h4_par,h5_par,h6_par,h7_par,h8_par,h9_par,h10_par,h11_par,h12_par,h13_par,h14_par,h15_par,h16_par,h17_par,h18_par,h1_rel,h2_rel,h10_rel,h11_rel,h12_rel,h1_running,h2_running,h3_running,h4_running,h5_running,h6_running,h7_running,h8_running,h9_running,h10_running,h11_running,h12_running,h13_running,h14_running,h15_running,h16_running,h17_running,h18_running,front9,back9,total,h3_rel,h4_rel,h5_rel,h6_rel,h7_rel,h8_rel,h9_rel,h13_rel,h14_rel,h15_rel,h16_rel,h17_rel,h18_rel
50286,A.J. Ewart,1,4.0,3.0,5.0,5.0,5.0,4.0,3.0,5.0,2.0,3.0,3.0,5.0,5.0,5.0,3.0,7.0,4.0,4.0,4,3,5,4,4,4,3,5,3,4,3,4,4,4,3,5,4,4,0.0,0.0,-1.0,0.0,1.0,+4,+4,+4,+5,+6,+6,+6,+6,+5,-1,-1,E,+1,+2,+2,+4,+4,+4,36,39,75,0.0,1.0,1.0,0.0,0.0,0.0,-1.0,1.0,1.0,0.0,2.0,0.0,0.0
49964,Aaron Wise,1,4.0,4.0,5.0,4.0,4.0,4.0,4.0,4.0,2.0,4.0,3.0,4.0,3.0,4.0,3.0,4.0,4.0,4.0,4,3,5,4,4,4,3,5,3,4,3,4,4,4,3,5,4,4,0.0,1.0,0.0,0.0,0.0,E,+1,+1,+1,+1,+1,+2,+1,E,E,E,E,-1,-1,-1,-2,-2,-2,35,33,68,0.0,0.0,0.0,0.0,1.0,-1.0,-1.0,-1.0,0.0,0.0,-1.0,0.0,0.0
47347,Adam Schenk,1,4.0,3.0,4.0,4.0,4.0,4.0,3.0,4.0,3.0,4.0,3.0,4.0,5.0,4.0,3.0,4.0,4.0,4.0,4,3,5,4,4,4,3,5,3,4,3,4,4,4,3,5,4,4,0.0,0.0,0.0,0.0,0.0,E,E,-1,-1,-1,-1,-1,-2,-2,E,E,E,+1,+1,+1,E,E,E,33,35,68,-1.0,0.0,0.0,0.0,0.0,-1.0,0.0,1.0,0.0,0.0,-1.0,0.0,0.0
24502,Adam Scott,1,4.0,3.0,4.0,4.0,4.0,4.0,4.0,5.0,3.0,3.0,3.0,3.0,4.0,4.0,3.0,4.0,5.0,3.0,4,3,5,4,4,4,3,5,3,4,3,4,4,4,3,5,4,4,0.0,0.0,-1.0,0.0,-1.0,E,E,-1,-1,-1,-1,E,E,E,-1,-1,-2,-2,-2,-2,-3,-2,-3,35,32,67,-1.0,0.0,0.0,0.0,1.0,0.0,0.0,0.0,0.0,0.0,-1.0,1.0,-1.0
40115,Adam Svensson,1,4.0,3.0,5.0,5.0,3.0,4.0,3.0,6.0,4.0,3.0,3.0,4.0,5.0,4.0,2.0,4.0,5.0,4.0,4,3,5,4,4,4,3,5,3,4,3,4,4,4,3,5,4,4,0.0,0.0,-1.0,0.0,0.0,-1,-1,-1,E,-1,-1,-1,E,+1,-1,-1,-1,E,E,-1,-2,-1,-1,37,34,71,0.0,1.0,-1.0,0.0,0.0,1.0,1.0,1.0,0.0,-1.0,-1.0,1.0,0.0
50497,Adrien Dumont de Chassart,1,4.0,2.0,5.0,4.0,3.0,4.0,3.0,5.0,3.0,4.0,3.0,4.0,3.0,5.0,2.0,4.0,5.0,4.0,4,3,5,4,4,4,3,5,3,4,3,4,4,4,3,5,4,4,0.0,-1.0,0.0,0.0,0.0,-1,-2,-2,-2,-3,-3,-3,-3,-3,E,E,E,-1,E,-1,-2,-1,-1,33,34,67,0.0,0.0,-1.0,0.0,0.0,0.0,0.0,-1.0,1.0,-1.0,-1.0,1.0,0.0
34371,Adrien Saddier,1,4.0,3.0,4.0,3.0,4.0,4.0,3.0,4.0,3.0,3.0,3.0,5.0,3.0,5.0,3.0,6.0,4.0,4.0,4,3,5,4,4,4,3,5,3,4,3,4,4,4,3,5,4,4,0.0,0.0,-1.0,0.0,1.0,+1,+1,E,-1,-1,-1,-1,-2,-2,-1,-1,E,-1,E,E,+1,+1,+1,32,36,68,-1.0,-1.0,0.0,0.0,0.0,-1.0,0.0,-1.0,1.0,0.0,1.0,0.0,0.0
63343,Aldrich Potgieter,1,4.0,3.0,4.0,5.0,3.0,4.0,4.0,4.0,3.0,3.0,4.0,4.0,4.0,4.0,3.0,5.0,4.0,4.0,4,3,5,4,4,4,3,5,3,4,3,4,4,4,3,5,4,4,0.0,0.0,-1.0,1.0,0.0,E,E,-1,E,-1,-1,E,-1,-1,-2,-1,-1,-1,-1,-1,-1,-1,-1,34,35,69,-1.0,1.0,-1.0,0.0,1.0,-1.0,0.0,0.0,0.0,0.0,0.0,0.0,0.0
38991,Alejandro Tosti,1,4.0,4.0,4.0,4.0,4.0,4.0,4.0,4.0,4.0,4.0,4.0,4.0,3.0,5.0,3.0,5.0,4.0,4.0,4,3,5,4,4,4,3,5,3,4,3,4,4,4,3,5,4,4,0.0,1.0,0.0,1.0,0.0,E,+1,E,E,E,E,+1,E,+1,+1,+2,+2,+1,+2,+2,+2,+2,+2,36,36,72,-1.0,0.0,0.0,0.0,1.0,-1.0,1.0,-1.0,1.0,0.0,0.0,0.0,0.0
46340,Alex Smalley,1,4.0,3.0,5.0,4.0,4.0,4.0,3.0,5.0,3.0,4.0,3.0,3.0,3.0,4.0,3.0,4.0,4.0,4.0,4,3,5,4,4,4,3,5,3,4,3,4,4,4,3,5,4,4,0.0,0.0,0.0,0.0,-1.0,E,E,E,E,E,E,E,E,E,E,E,-1,-2,-2,-2,-3,-3,-3,35,32,67,0.0,0.0,0.0,0.0,0.0,0.0,0.0,-1.0,0.0,0.0,-1.0,0.0,0.0
34256,Andrew Putnam,1,4.0,3.0,4.0,4.0,4.0,4.0,3.0,5.0,3.0,4.0,3.0,4.0,4.0,4.0,3.0,6.0,4.0,4.0,4,3,5,4,4,4,3,5,3,4,3,4,4,4,3,5,4,4,0.0,0.0,0.0,0.0,0.0,E,E,-1,-1,-1,-1,-1,-1,-1,-1,-1,-1,-1,-1,-1,E,E,E,34,36,70,-1.0,0.0,0.0,0.0,0.0,0.0,0.0,0.0,0.0,0.0,1.0,0.0,0.0
57362,Austin Eckroat,1,3.0,4.0,4.0,3.0,4.0,4.0,4.0,5.0,2.0,3.0,3.0,4.0,4.0,4.0,4.0,4.0,4.0,4.0,4,3,5,4,4,4,3,5,3,4,3,4,4,4,3,5,4,4,-1.0,1.0,-1.0,0.0,0.0,-1,E,-1,-2,-2,-2,-1,-1,-2,-3,-3,-3,-3,-3,-2,-3,-3,-3,33,34,67,-1.0,-1.0,0.0,0.0,1.0,0.0,-1.0,0.0,0.0,1.0,-1.0,0.0,0.0
35461,Beau Hossler,1,4.0,2.0,4.0,3.0,4.0,4.0,2.0,5.0,3.0,4.0,4.0,3.0,3.0,5.0,3.0,6.0,4.0,5.0,4,3,5,4,4,4,3,5,3,4,3,4,4,4,3,5,4,4,0.0,-1.0,0.0,1.0,-1.0,+2,+1,E,-1,-1,-1,-2,-2,-2,E,+1,E,-1,E,E,+1,+1,+2,31,37,68,-1.0,-1.0,0.0,0.0,-1.0,0.0,0.0,-1.0,1.0,0.0,1.0,0.0,1.0
54591,Ben Griffin,1,4.0,3.0,4.0,4.0,4.0,4.0,3.0,5.0,3.0,3.0,3.0,4.0,4.0,5.0,3.0,6.0,4.0,4.0,4,3,5,4,4,4,3,5,3,4,3,4,4,4,3,5,4,4,0.0,0.0,-1.0,0.0,0.0,+1,+1,E,E,E,E,E,E,E,-1,-1,-1,-1,E,E,+1,+1,+1,34,36,70,-1.0,0.0,0.0,0.0,0.0,0.0,0.0,0.0,1.0,0.0,1.0,0.0,0.0
29420,Billy Horschel,1,4.0,3.0,4.0,4.0,4.0,4.0,3.0,4.0,3.0,4.0,3.0,4.0,4.0,4.0,4.0,5.0,5.0,4.0,4,3,5,4,4,4,3,5,3,4,3,4,4,4,3,5,4,4,0.0,0.0,0.0,0.0,0.0,E,E,-1,-1,-1,-1,-1,-2,-2,-2,-2,-2,-2,-2,-1,-1,E,E,33,37,70,-1.0,0.0,0.0,0.0,0.0,-1.0,0.0,0.0,0.0,1.0,0.0,1.0,0.0
46443,Brian Campbell,1,4.0,3.0,5.0,4.0,4.0,4.0,3.0,5.0,2.0,4.0,4.0,4.0,4.0,4.0,2.0,5.0,4.0,4.0,4,3,5,4,4,4,3,5,3,4,3,4,4,4,3,5,4,4,0.0,0.0,0.0,1.0,0.0,E,E,E,E,E,E,E,E,-1,-1,E,E,E,E,-1,-1,-1,-1,34,35,69,0.0,0.0,0.0,0.0,0.0,0.0,-1.0,0.0,0.0,-1.0,0.0,0.0,0.0
29535,Brice Garnett,1,4.0,3.0,5.0,4.0,5.0,3.0,3.0,4.0,3.0,4.0,3.0,4.0,3.0,4.0,3.0,5.0,5.0,4.0,4,3,5,4,4,4,3,5,3,4,3,4,4,4,3,5,4,4,0.0,0.0,0.0,0.0,0.0,E,E,E,E,+1,E,E,-1,-1,E,E,E,-1,-1,-1,-1,E,E,34,35,69,0.0,0.0,1.0,-1.0,0.0,-1.0,0.0,-1.0,0.0,0.0,0.0,1.0,0.0
29268,Bronson Burgoon,1,4.0,3.0,4.0,4.0,4.0,4.0,4.0,4.0,3.0,4.0,2.0,4.0,4.0,4.0,2.0,6.0,4.0,4.0,4,3,5,4,4,4,3,5,3,4,3,4,4,4,3,5,4,4,0.0,0.0,0.0,-1.0,0.0,E,E,-1,-1,-1,-1,E,-1,-1,-1,-2,-2,-2,-2,-3,-2,-2,-2,34,34,68,-1.0,0.0,0.0,0.0,1.0,-1.0,0.0,0.0,0.0,-1.0,1.0,0.0,0.0
36689,Brooks Koepka,1,4.0,2.0,5.0,4.0,4.0,3.0,5.0,5.0,5.0,6.0,3.0,4.0,4.0,4.0,3.0,4.0,5.0,5.0,4,3,5,4,4,4,3,5,3,4,3,4,4,4,3,5,4,4,0.0,-1.0,2.0,0.0,0.0,E,-1,-1,-1,-1,-2,E,E,+2,+4,+4,+4,+4,+4,+4,+3,+4,+5,37,38,75,0.0,0.0,0.0,-1.0,2.0,0.0,2.0,0.0,0.0,0.0,-1.0,1.0,1.0
51933,Casey Russell,1,4.0,3.0,4.0,4.0,4.0,3.0,2.0,5.0,4.0,4.0,3.0,5.0,3.0,5.0,4.0,5.0,4.0,5.0,4,3,5,4,4,4,3,5,3,4,3,4,4,4,3,5,4,4,0.0,0.0,0.0,0.0,1.0,E,E,-1,-1,-1,-2,-3,-3,-2,-2,-2,-1,-2,-1,E,E,E,+1,33,38,71,-1.0,0.0,0.0,-1.0,-1.0,0.0,1.0,-1.0,1.0,1.0,0.0,0.0,1.0
47983,Chad Ramey,1,4.0,2.0,5.0,5.0,4.0,4.0,3.0,4.0,3.0,3.0,3.0,4.0,4.0,3.0,3.0,5.0,4.0,4.0,4,3,5,4,4,4,3,5,3,4,3,4,4,4,3,5,4,4,0.0,-1.0,-1.0,0.0,0.0,E,-1,-1,E,E,E,E,-1,-1,-2,-2,-2,-2,-3,-3,-3,-3,-3,34,33,67,0.0,1.0,0.0,0.0,0.0,-1.0,0.0,0.0,-1.0,0.0,0.0,0.0,0.0
54788,Chandler Blanchet,1,4.0,4.0,4.0,4.0,4.0,4.0,5.0,5.0,3.0,4.0,3.0,5.0,4.0,4.0,3.0,4.0,4.0,5.0,4,3,5,4,4,4,3,5,3,4,3,4,4,4,3,5,4,4,0.0,1.0,0.0,0.0,1.0,E,+1,E,E,E,E,+2,+2,+2,+2,+2,+3,+3,+3,+3,+2,+2,+3,37,36,73,-1.0,0.0,0.0,0.0,2.0,0.0,0.0,0.0,0.0,0.0,-1.0,0.0,1.0
57900,Chandler Phillips,1,6.0,2.0,5.0,4.0,4.0,4.0,3.0,5.0,4.0,4.0,2.0,4.0,4.0,5.0,4.0,4.0,4.0,5.0,4,3,5,4,4,4,3,5,3,4,3,4,4,4,3,5,4,4,2.0,-1.0,0.0,-1.0,0.0,+3,+2,+2,+2,+2,+2,+2,+2,+3,E,-1,-1,-1,E,+1,E,E,+1,37,36,73,0.0,0.0,0.0,0.0,0.0,0.0,1.0,0.0,1.0,1.0,-1.0,0.0,1.0
12716,Charley Hoffman,1,4.0,4.0,4.0,4.0,4.0,4.0,3.0,4.0,3.0,4.0,2.0,4.0,4.0,5.0,5.0,4.0,4.0,5.0,4,3,5,4,4,4,3,5,3,4,3,4,4,4,3,5,4,4,0.0,1.0,0.0,-1.0,0.0,E,+1,E,E,E,E,E,-1,-1,-1,-2,-2,-2,-1,+1,E,E,+1,34,37,71,-1.0,0.0,0.0,0.0,0.0,-1.0,0.0,0.0,1.0,2.0,-1.0,0.0,1.0
59095,Chris Gotterup,1,4.0,3.0,5.0,4.0,4.0,3.0,3.0,5.0,3.0,4.0,3.0,4.0,4.0,5.0,3.0,4.0,4.0,3.0,4,3,5,4,4,4,3,5,3,4,3,4,4,4,3,5,4,4,0.0,0.0,0.0,0.0,0.0,-1,-1,-1,-1,-1,-2,-2,-2,-2,E,E,E,E,+1,+1,E,E,-1,34,34,68,0.0,0.0,0.0,-1.0,0.0,0.0,0.0,0.0,1.0,0.0,-1.0,0.0,-1.0
30926,Chris Kirk,1,5.0,3.0,4.0,3.0,3.0,4.0,4.0,4.0,3.0,4.0,4.0,4.0,4.0,4.0,4.0,4.0,4.0,4.0,4,3,5,4,4,4,3,5,3,4,3,4,4,4,3,5,4,4,1.0,0.0,0.0,1.0,0.0,+1,+1,E,-1,-2,-2,-1,-2,-2,-2,-1,-1,-1,-1,E,-1,-1,-1,33,36,69,-1.0,-1.0,-1.0,0.0,1.0,-1.0,0.0,0.0,0.0,1.0,-1.0,0.0,0.0
45522,Christiaan Bezuidenhout,1,5.0,3.0,4.0,4.0,4.0,4.0,4.0,5.0,3.0,3.0,3.0,4.0,4.0,5.0,3.0,4.0,3.0,4.0,4,3,5,4,4,4,3,5,3,4,3,4,4,4,3,5,4,4,1.0,0.0,-1.0,0.0,0.0,+1,+1,E,E,E,E,+1,+1,+1,E,E,E,E,+1,+1,E,-1,-1,36,33,69,-1.0,0.0,0.0,0.0,1.0,0.0,0.0,0.0,1.0,0.0,-1.0,-1.0,0.0
54422,Christo Lamprecht,1,4.0,3.0,4.0,5.0,4.0,5.0,4.0,4.0,5.0,3.0,5.0,5.0,4.0,4.0,3.0,5.0,4.0,4.0,4,3,5,4,4,4,3,5,3,4,3,4,4,4,3,5,4,4,0.0,0.0,-1.0,2.0,1.0,E,E,-1,E,E,+1,+2,+1,+3,+2,+4,+5,+5,+5,+5,+5,+5,+5,38,37,75,-1.0,1.0,0.0,1.0,1.0,-1.0,2.0,0.0,0.0,0.0,0.0,0.0,0.0
47987,Cole Hammer,1,4.0,2.0,5.0,4.0,4.0,4.0,4.0,4.0,3.0,4.0,3.0,5.0,4.0,4.0,1.0,4.0,4.0,4.0,4,3,5,4,4,4,3,5,3,4,3,4,4,4,3,5,4,4,0.0,-1.0,0.0,0.0,1.0,-2,-3,-3,-3,-3,-3,-2,-3,-3,E,E,+1,+1,+1,-1,-2,-2,-2,34,33,67,0.0,0.0,0.0,0.0,1.0,-1.0,0.0,0.0,0.0,-2.0,-1.0,0.0,0.0
57259,Dan Brown,1,4.0,3.0,5.0,4.0,4.0,4.0,4.0,5.0,3.0,4.0,3.0,4.0,3.0,4.0,3.0,5.0,4.0,3.0,4,3,5,4,4,4,3,5,3,4,3,4,4,4,3,5,4,4,0.0,0.0,0.0,0.0,0.0,E,E,E,E,E,E,+1,+1,+1,+1,+1,+1,E,E,E,E,E,-1,36,33,69,0.0,0.0,0.0,0.0,1.0,0.0,0.0,-1.0,0.0,0.0,0.0,0.0,-1.0
54607,Danny Walker,1,4.0,3.0,4.0,3.0,3.0,3.0,3.0,5.0,3.0,4.0,4.0,4.0,4.0,5.0,3.0,5.0,4.0,4.0,4,3,5,4,4,4,3,5,3,4,3,4,4,4,3,5,4,4,0.0,0.0,0.0,1.0,0.0,+2,+2,+1,E,-1,-2,-2,-2,-2,E,+1,+1,+1,+2,+2,+2,+2,+2,31,37,68,-1.0,-1.0,-1.0,-1.0,0.0,0.0,0.0,0.0,1.0,0.0,0.0,0.0,0.0
32139,Danny Willett,1,4.0,3.0,4.0,4.0,3.0,4.0,4.0,4.0,4.0,4.0,3.0,4.0,4.0,4.0,2.0,4.0,5.0,4.0,4,3,5,4,4,4,3,5,3,4,3,4,4,4,3,5,4,4,0.0,0.0,0.0,0.0,0.0,E,E,-1,-1,-2,-2,-1,-2,-1,-1,-1,-1,-1,-1,-2,-3,-2,-2,34,34,68,-1.0,0.0,-1.0,0.0,1.0,-1.0,1.0,0.0,0.0,-1.0,-1.0,1.0,0.0
65256,David Ford,1,4.0,2.0,5.0,4.0,4.0,4.0,3.0,5.0,3.0,3.0,4.0,5.0,4.0,6.0,3.0,6.0,4.0,4.0,4,3,5,4,4,4,3,5,3,4,3,4,4,4,3,5,4,4,0.0,-1.0,-1.0,1.0,1.0,+4,+3,+3,+3,+3,+3,+3,+3,+3,-1,E,+1,+1,+3,+3,+4,+4,+4,34,39,73,0.0,0.0,0.0,0.0,0.0,0.0,0.0,0.0,2.0,0.0,1.0,0.0,0.0
36326,David Lipsky,1,4.0,4.0,4.0,5.0,4.0,4.0,4.0,4.0,3.0,4.0,4.0,5.0,5.0,6.0,3.0,4.0,5.0,5.0,4,3,5,4,4,4,3,5,3,4,3,4,4,4,3,5,4,4,0.0,1.0,0.0,1.0,1.0,+6,+7,+6,+7,+7,+7,+8,+7,+7,E,+1,+2,+3,+5,+5,+4,+5,+6,36,41,77,-1.0,1.0,0.0,0.0,1.0,-1.0,0.0,1.0,2.0,0.0,-1.0,1.0,1.0
59006,Davis Chatfield,1,4.0,3.0,4.0,4.0,5.0,4.0,2.0,5.0,3.0,4.0,3.0,4.0,4.0,5.0,3.0,5.0,4.0,4.0,4,3,5,4,4,4,3,5,3,4,3,4,4,4,3,5,4,4,0.0,0.0,0.0,0.0,0.0,+1,+1,E,E,+1,+1,E,E,E,E,E,E,E,+1,+1,+1,+1,+1,34,36,70,-1.0,0.0,1.0,0.0,-1.0,0.0,0.0,0.0,1.0,0.0,0.0,0.0,0.0
47995,Davis Riley,1,4.0,3.0,5.0,5.0,5.0,5.0,2.0,5.0,3.0,4.0,3.0,4.0,4.0,4.0,3.0,5.0,4.0,4.0,4,3,5,4,4,4,3,5,3,4,3,4,4,4,3,5,4,4,0.0,0.0,0.0,0.0,0.0,E,E,E,+1,+2,+3,+2,+2,+2,E,E,E,E,E,E,E,E,E,37,35,72,0.0,1.0,1.0,1.0,-1.0,0.0,0.0,0.0,0.0,0.0,0.0,0.0,0.0
58168,Davis Thompson,1,4.0,3.0,5.0,4.0,5.0,4.0,4.0,5.0,2.0,4.0,3.0,4.0,4.0,4.0,4.0,5.0,4.0,4.0,4,3,5,4,4,4,3,5,3,4,3,4,4,4,3,5,4,4,0.0,0.0,0.0,0.0,0.0,+1,+1,+1,+1,+2,+2,+3,+3,+2,E,E,E,E,E,+1,+1,+1,+1,36,36,72,0.0,0.0,1.0,0.0,1.0,0.0,-1.0,0.0,0.0,1.0,0.0,0.0,0.0
47993,Denny McCarthy,1,4.0,2.0,5.0,4.0,3.0,4.0,3.0,5.0,4.0,4.0,3.0,4.0,3.0,4.0,4.0,4.0,4.0,4.0,4,3,5,4,4,4,3,5,3,4,3,4,4,4,3,5,4,4,0.0,-1.0,0.0,0.0,0.0,E,-1,-1,-1,-2,-2,-2,-2,-1,-1,-1,-1,-2,-2,-1,-2,-2,-2,34,34,68,0.0,0.0,-1.0,0.0,0.0,0.0,1.0,-1.0,0.0,1.0,-1.0,0.0,0.0
52375,Doug Ghim,1,4.0,3.0,5.0,5.0,4.0,4.0,3.0,5.0,3.0,4.0,3.0,4.0,5.0,4.0,5.0,4.0,4.0,3.0,4,3,5,4,4,4,3,5,3,4,3,4,4,4,3,5,4,4,0.0,0.0,0.0,0.0,0.0,E,E,E,+1,+1,+1,+1,+1,+1,+1,+1,+1,+2,+2,+4,+3,+3,+2,36,36,72,0.0,1.0,0.0,0.0,0.0,0.0,0.0,1.0,0.0,2.0,-1.0,0.0,-1.0
54783,Dylan Wu,1,5.0,3.0,5.0,4.0,4.0,4.0,4.0,4.0,2.0,3.0,4.0,4.0,4.0,5.0,4.0,3.0,4.0,4.0,4,3,5,4,4,4,3,5,3,4,3,4,4,4,3,5,4,4,1.0,0.0,-1.0,1.0,0.0,+1,+1,+1,+1,+1,+1,+2,+1,E,-1,E,E,E,+1,+2,E,E,E,35,35,70,0.0,0.0,0.0,0.0,1.0,-1.0,-1.0,0.0,1.0,1.0,-2.0,0.0,0.0
31646,Emiliano Grillo,1,4.0,3.0,4.0,5.0,4.0,3.0,3.0,5.0,3.0,3.0,3.0,4.0,5.0,4.0,4.0,4.0,5.0,4.0,4,3,5,4,4,4,3,5,3,4,3,4,4,4,3,5,4,4,0.0,0.0,-1.0,0.0,0.0,+1,+1,E,+1,+1,E,E,E,E,-1,-1,-1,E,E,+1,E,+1,+1,34,36,70,-1.0,1.0,0.0,-1.0,0.0,0.0,0.0,1.0,0.0,1.0,-1.0,1.0,0.0
47591,Eric Cole,1,4.0,3.0,4.0,4.0,4.0,4.0,4.0,4.0,3.0,4.0,3.0,3.0,3.0,4.0,3.0,6.0,4.0,4.0,4,3,5,4,4,4,3,5,3,4,3,4,4,4,3,5,4,4,0.0,0.0,0.0,0.0,-1.0,-1,-1,-2,-2,-2,-2,-1,-2,-2,E,E,-1,-2,-2,-2,-1,-1,-1,34,34,68,-1.0,0.0,0.0,0.0,1.0,-1.0,0.0,-1.0,0.0,0.0,1.0,0.0,0.0
40006,Erik van Rooyen,1,5.0,3.0,5.0,4.0,4.0,4.0,3.0,4.0,2.0,4.0,3.0,4.0,4.0,5.0,3.0,5.0,4.0,4.0,4,3,5,4,4,4,3,5,3,4,3,4,4,4,3,5,4,4,1.0,0.0,0.0,0.0,0.0,+1,+1,+1,+1,+1,+1,+1,E,-1,-1,-1,-1,-1,E,E,E,E,E,34,36,70,0.0,0.0,0.0,0.0,0.0,-1.0,-1.0,0.0,1.0,0.0,0.0,0.0,0.0
54421,Garrick Higgo,1,5.0,2.0,4.0,5.0,4.0,3.0,4.0,5.0,3.0,4.0,4.0,4.0,4.0,4.0,3.0,5.0,4.0,4.0,4,3,5,4,4,4,3,5,3,4,3,4,4,4,3,5,4,4,1.0,-1.0,0.0,1.0,0.0,+1,E,-1,E,E,-1,E,E,E,E,+1,+1,+1,+1,+1,+1,+1,+1,35,36,71,-1.0,1.0,0.0,-1.0,1.0,0.0,0.0,0.0,0.0,0.0,0.0,0.0,0.0
31323,Gary Woodland,1,4.0,3.0,4.0,4.0,4.0,3.0,4.0,4.0,2.0,3.0,3.0,4.0,4.0,4.0,3.0,4.0,4.0,3.0,4,3,5,4,4,4,3,5,3,4,3,4,4,4,3,5,4,4,0.0,0.0,-1.0,0.0,0.0,-3,-3,-4,-4,-4,-5,-4,-5,-6,-1,-1,-1,-1,-1,-1,-2,-2,-3,32,32,64,-1.0,0.0,0.0,-1.0,1.0,-1.0,-1.0,0.0,0.0,0.0,-1.0,0.0,-1.0
64442,Gordon Sargent,1,5.0,3.0,5.0,5.0,3.0,4.0,5.0,5.0,4.0,4.0,3.0,4.0,4.0,4.0,3.0,5.0,5.0,4.0,4,3,5,4,4,4,3,5,3,4,3,4,4,4,3,5,4,4,1.0,0.0,0.0,0.0,0.0,+1,+1,+1,+2,+1,+1,+3,+3,+4,+4,+4,+4,+4,+4,+4,+4,+5,+5,39,36,75,0.0,1.0,-1.0,0.0,2.0,0.0,1.0,0.0,0.0,0.0,0.0,1.0,0.0
49766,Hank Lebioda,1,4.0,4.0,5.0,4.0,5.0,4.0,3.0,5.0,3.0,3.0,3.0,3.0,3.0,6.0,3.0,5.0,4.0,4.0,4,3,5,4,4,4,3,5,3,4,3,4,4,4,3,5,4,4,0.0,1.0,-1.0,0.0,-1.0,E,+1,+1,+1,+2,+2,+2,+2,+2,+1,+1,E,-1,+1,+1,+1,+1,+1,37,34,71,0.0,0.0,1.0,0.0,0.0,0.0,0.0,-1.0,2.0,0.0,0.0,0.0,0.0
35296,Haotong Li,1,4.0,2.0,6.0,4.0,4.0,4.0,3.0,5.0,3.0,4.0,3.0,4.0,4.0,5.0,3.0,6.0,3.0,3.0,4,3,5,4,4,4,3,5,3,4,3,4,4,4,3,5,4,4,0.0,-1.0,0.0,0.0,0.0,E,-1,E,E,E,E,E,E,E,E,E,E,E,+1,+1,+2,+1,E,35,35,70,1.0,0.0,0.0,0.0,0.0,0.0,0.0,0.0,1.0,0.0,1.0,-1.0,-1.0
34099,Harris English,1,3.0,3.0,5.0,4.0,4.0,4.0,4.0,5.0,3.0,5.0,4.0,4.0,3.0,4.0,3.0,4.0,5.0,4.0,4,3,5,4,4,4,3,5,3,4,3,4,4,4,3,5,4,4,-1.0,0.0,1.0,1.0,0.0,-1,-1,-1,-1,-1,-1,E,E,E,+1,+2,+2,+1,+1,+1,E,+1,+1,35,36,71,0.0,0.0,0.0,0.0,1.0,0.0,0.0,-1.0,0.0,0.0,-1.0,1.0,0.0
57975,Harry Hall,1,4.0,3.0,4.0,4.0,4.0,4.0,3.0,5.0,3.0,4.0,3.0,4.0,4.0,5.0,4.0,3.0,5.0,3.0,4,3,5,4,4,4,3,5,3,4,3,4,4,4,3,5,4,4,0.0,0.0,0.0,0.0,0.0,E,E,-1,-1,-1,-1,-1,-1,-1,-1,-1,-1,-1,E,+1,-1,E,-1,34,35,69,-1.0,0.0,0.0,0.0,0.0,0.0,0.0,0.0,1.0,1.0,-2.0,1.0,-1.0
56781,Isaiah Salinda,1,5.0,3.0,5.0,3.0,4.0,4.0,3.0,5.0,3.0,4.0,3.0,4.0,6.0,5.0,2.0,6.0,4.0,3.0,4,3,5,4,4,4,3,5,3,4,3,4,4,4,3,5,4,4,1.0,0.0,0.0,0.0,0.0,+1,+1,+1,E,E,E,E,E,E,E,E,E,+2,+3,+2,+3,+3,+2,35,37,72,0.0,-1.0,0.0,0.0,0.0,0.0,0.0,2.0,1.0,-1.0,1.0,0.0,-1.0
49771,J.T. Poston,1,4.0,3.0,4.0,4.0,4.0,4.0,3.0,4.0,3.0,5.0,2.0,4.0,6.0,5.0,3.0,5.0,4.0,4.0,4,3,5,4,4,4,3,5,3,4,3,4,4,4,3,5,4,4,0.0,0.0,1.0,-1.0,0.0,+3,+3,+2,+2,+2,+2,+2,+1,+1,+1,E,E,+2,+3,+3,+3,+3,+3,33,38,71,-1.0,0.0,0.0,0.0,0.0,-1.0,0.0,2.0,1.0,0.0,0.0,0.0,0.0
60019,Jackson Suber,1,3.0,2.0,4.0,4.0,4.0,4.0,3.0,5.0,3.0,5.0,3.0,4.0,4.0,4.0,3.0,4.0,4.0,4.0,4,3,5,4,4,4,3,5,3,4,3,4,4,4,3,5,4,4,-1.0,-1.0,1.0,0.0,0.0,-1,-2,-3,-3,-3,-3,-3,-3,-3,-2,-2,-2,-2,-2,-2,-3,-3,-3,32,35,67,-1.0,0.0,0.0,0.0,0.0,0.0,0.0,0.0,0.0,0.0,-1.0,0.0,0.0
47420,Jake Knapp,1,5.0,3.0,4.0,4.0,4.0,4.0,3.0,5.0,3.0,4.0,3.0,4.0,3.0,4.0,3.0,3.0,5.0,5.0,4,3,5,4,4,4,3,5,3,4,3,4,4,4,3,5,4,4,1.0,0.0,0.0,0.0,0.0,+1,+1,E,E,E,E,E,E,E,E,E,E,-1,-1,-1,-3,-2,-1,35,34,69,-1.0,0.0,0.0,0.0,0.0,0.0,0.0,-1.0,0.0,0.0,-2.0,1.0,1.0
28089,Jason Day,1,4.0,3.0,4.0,4.0,4.0,5.0,3.0,4.0,3.0,4.0,3.0,6.0,3.0,4.0,2.0,4.0,4.0,4.0,4,3,5,4,4,4,3,5,3,4,3,4,4,4,3,5,4,4,0.0,0.0,0.0,0.0,2.0,-1,-1,-2,-2,-2,-1,-1,-2,-2,E,E,+2,+1,+1,E,-1,-1,-1,34,34,68,-1.0,0.0,0.0,1.0,0.0,-1.0,0.0,-1.0,0.0,-1.0,-1.0,0.0,0.0
47393,Jeffrey Kang,1,4.0,2.0,4.0,4.0,4.0,4.0,3.0,5.0,4.0,5.0,4.0,3.0,4.0,4.0,3.0,4.0,4.0,4.0,4,3,5,4,4,4,3,5,3,4,3,4,4,4,3,5,4,4,0.0,-1.0,1.0,1.0,-1.0,E,-1,-2,-2,-2,-2,-2,-2,-1,E,+1,E,E,E,E,-1,-1,-1,34,35,69,-1.0,0.0,0.0,0.0,0.0,0.0,1.0,0.0,0.0,0.0,-1.0,0.0,0.0
57586,Jesper Svensson,1,5.0,3.0,5.0,4.0,4.0,4.0,3.0,4.0,2.0,3.0,3.0,4.0,4.0,4.0,3.0,5.0,4.0,3.0,4,3,5,4,4,4,3,5,3,4,3,4,4,4,3,5,4,4,1.0,0.0,-1.0,0.0,0.0,-1,-1,-1,-1,-1,-1,-1,-2,-3,-1,-1,-1,-1,-1,-1,-1,-1,-2,34,33,67,0.0,0.0,0.0,0.0,0.0,-1.0,-1.0,0.0,0.0,0.0,0.0,0.0,-1.0
27064,Jhonattan Vegas,1,4.0,3.0,4.0,4.0,4.0,3.0,3.0,4.0,2.0,4.0,3.0,4.0,4.0,6.0,3.0,4.0,4.0,4.0,4,3,5,4,4,4,3,5,3,4,3,4,4,4,3,5,4,4,0.0,0.0,0.0,0.0,0.0,E,E,-1,-1,-1,-2,-2,-3,-4,-4,-4,-4,-4,-2,-2,-3,-3,-3,31,36,67,-1.0,0.0,0.0,-1.0,0.0,-1.0,-1.0,0.0,2.0,0.0,-1.0,0.0,0.0
51600,Jimmy Stanger,1,4.0,4.0,6.0,4.0,4.0,4.0,3.0,4.0,2.0,3.0,3.0,3.0,4.0,4.0,3.0,5.0,4.0,4.0,4,3,5,4,4,4,3,5,3,4,3,4,4,4,3,5,4,4,0.0,1.0,-1.0,0.0,-1.0,E,+1,+2,+2,+2,+2,+2,+1,E,-1,-1,-2,-2,-2,-2,-2,-2,-2,35,33,68,1.0,0.0,0.0,0.0,0.0,-1.0,-1.0,0.0,0.0,0.0,0.0,0.0,0.0
60067,Joe Highsmith,1,4.0,3.0,4.0,4.0,5.0,5.0,3.0,4.0,3.0,3.0,3.0,5.0,5.0,5.0,3.0,5.0,4.0,3.0,4,3,5,4,4,4,3,5,3,4,3,4,4,4,3,5,4,4,0.0,0.0,-1.0,0.0,1.0,+1,+1,E,E,+1,+2,+2,+1,+1,-1,-1,E,+1,+2,+2,+2,+2,+1,35,36,71,-1.0,0.0,1.0,1.0,0.0,-1.0,0.0,1.0,1.0,0.0,0.0,0.0,-1.0
28723,John Parry,1,4.0,3.0,5.0,4.0,3.0,4.0,2.0,4.0,3.0,5.0,3.0,5.0,4.0,5.0,3.0,5.0,4.0,4.0,4,3,5,4,4,4,3,5,3,4,3,4,4,4,3,5,4,4,0.0,0.0,1.0,0.0,1.0,E,E,E,E,-1,-1,-2,-3,-3,-2,-2,-1,-1,E,E,E,E,E,32,38,70,0.0,0.0,-1.0,0.0,-1.0,-1.0,0.0,0.0,1.0,0.0,0.0,0.0,0.0
55573,John VanDerLaan,1,4.0,3.0,4.0,4.0,4.0,4.0,4.0,5.0,4.0,5.0,3.0,5.0,4.0,5.0,3.0,5.0,5.0,5.0,4,3,5,4,4,4,3,5,3,4,3,4,4,4,3,5,4,4,0.0,0.0,1.0,0.0,1.0,E,E,-1,-1,-1,-1,E,E,+1,+2,+2,+3,+3,+4,+4,+4,+5,+6,36,40,76,-1.0,0.0,0.0,0.0,1.0,0.0,1.0,0.0,1.0,0.0,0.0,1.0,1.0
63454,Johnny Keefer,1,4.0,2.0,4.0,4.0,4.0,4.0,3.0,5.0,3.0,4.0,4.0,4.0,4.0,4.0,2.0,4.0,4.0,4.0,4,3,5,4,4,4,3,5,3,4,3,4,4,4,3,5,4,4,0.0,-1.0,0.0,1.0,0.0,-1,-2,-3,-3,-3,-3,-3,-3,-3,E,+1,+1,+1,+1,E,-1,-1,-1,33,34,67,-1.0,0.0,0.0,0.0,0.0,0.0,0.0,0.0,0.0,-1.0,-1.0,0.0,0.0
46464,Jordan Smith,1,4.0,3.0,4.0,4.0,4.0,4.0,3.0,5.0,2.0,4.0,3.0,5.0,4.0,4.0,3.0,6.0,4.0,3.0,4,3,5,4,4,4,3,5,3,4,3,4,4,4,3,5,4,4,0.0,0.0,0.0,0.0,1.0,+1,+1,E,E,E,E,E,E,-1,E,E,+1,+1,+1,+1,+2,+2,+1,33,36,69,-1.0,0.0,0.0,0.0,0.0,0.0,-1.0,0.0,0.0,0.0,1.0,0.0,-1.0
40162,Justin Lower,1,5.0,4.0,4.0,5.0,4.0,5.0,4.0,5.0,5.0,4.0,3.0,4.0,4.0,5.0,3.0,4.0,4.0,4.0,4,3,5,4,4,4,3,5,3,4,3,4,4,4,3,5,4,4,1.0,1.0,0.0,0.0,0.0,+1,+2,+1,+2,+2,+3,+4,+4,+6,E,E,E,E,+1,+1,E,E,E,41,35,76,-1.0,1.0,0.0,1.0,1.0,0.0,2.0,0.0,1.0,0.0,-1.0,0.0,0.0
32791,K.H. Lee,1,4.0,3.0,5.0,4.0,3.0,4.0,3.0,4.0,4.0,4.0,3.0,4.0,4.0,5.0,3.0,4.0,4.0,3.0,4,3,5,4,4,4,3,5,3,4,3,4,4,4,3,5,4,4,0.0,0.0,0.0,0.0,0.0,E,E,E,E,-1,-1,-1,-2,-1,-1,-1,-1,-1,E,E,-1,-1,-2,34,34,68,0.0,0.0,-1.0,0.0,0.0,-1.0,1.0,0.0,1.0,0.0,-1.0,0.0,-1.0
54304,Karl Vilips,1,4.0,2.0,4.0,4.0,5.0,4.0,4.0,5.0,4.0,4.0,3.0,3.0,3.0,4.0,3.0,4.0,4.0,4.0,4,3,5,4,4,4,3,5,3,4,3,4,4,4,3,5,4,4,0.0,-1.0,0.0,0.0,-1.0,-3,-4,-5,-5,-4,-4,-3,-3,-2,E,E,-1,-2,-2,-2,-3,-3,-3,36,32,68,-1.0,0.0,1.0,0.0,1.0,0.0,1.0,-1.0,0.0,0.0,-1.0,0.0,0.0
39546,Keith Mitchell,1,3.0,3.0,4.0,4.0,4.0,4.0,2.0,5.0,3.0,4.0,5.0,3.0,4.0,5.0,3.0,4.0,4.0,4.0,4,3,5,4,4,4,3,5,3,4,3,4,4,4,3,5,4,4,-1.0,0.0,0.0,2.0,-1.0,E,E,-1,-1,-1,-1,-2,-2,-2,E,+2,+1,+1,+2,+2,+1,+1,+1,32,36,68,-1.0,0.0,0.0,0.0,-1.0,0.0,0.0,0.0,1.0,0.0,-1.0,0.0,0.0
49120,Kensei Hirata,1,4.0,2.0,5.0,4.0,5.0,5.0,3.0,5.0,3.0,4.0,3.0,5.0,4.0,5.0,4.0,5.0,5.0,4.0,4,3,5,4,4,4,3,5,3,4,3,4,4,4,3,5,4,4,0.0,-1.0,0.0,0.0,1.0,E,-1,-1,-1,E,+1,+1,+1,+1,+1,+1,+2,+2,+3,+4,+4,+5,+5,36,39,75,0.0,0.0,1.0,1.0,0.0,0.0,0.0,0.0,1.0,1.0,0.0,1.0,0.0
39335,Kevin Roy,1,4.0,3.0,4.0,4.0,4.0,4.0,2.0,5.0,2.0,4.0,4.0,5.0,4.0,4.0,3.0,4.0,4.0,3.0,4,3,5,4,4,4,3,5,3,4,3,4,4,4,3,5,4,4,0.0,0.0,0.0,1.0,1.0,E,E,-1,-1,-1,-1,-2,-2,-3,-3,-2,-1,-1,-1,-1,-2,-2,-3,32,35,67,-1.0,0.0,0.0,0.0,-1.0,0.0,-1.0,0.0,0.0,0.0,-1.0,0.0,-1.0
45242,Kevin Yu,1,4.0,3.0,5.0,4.0,5.0,6.0,3.0,4.0,3.0,3.0,3.0,3.0,4.0,4.0,3.0,6.0,4.0,4.0,4,3,5,4,4,4,3,5,3,4,3,4,4,4,3,5,4,4,0.0,0.0,-1.0,0.0,-1.0,E,E,E,E,+1,+3,+3,+2,+2,+1,+1,E,E,E,E,+1,+1,+1,37,34,71,0.0,0.0,1.0,2.0,0.0,-1.0,0.0,0.0,0.0,0.0,1.0,0.0,0.0
35658,Kris Ventura,1,4.0,4.0,4.0,4.0,4.0,4.0,3.0,4.0,3.0,3.0,4.0,4.0,10.0,5.0,3.0,5.0,4.0,4.0,4,3,5,4,4,4,3,5,3,4,3,4,4,4,3,5,4,4,0.0,1.0,-1.0,1.0,0.0,+7,+8,+7,+7,+7,+7,+7,+6,+6,-1,E,E,+6,+7,+7,+7,+7,+7,34,42,76,-1.0,0.0,0.0,0.0,0.0,-1.0,0.0,2.0,1.0,0.0,0.0,0.0,0.0
49855,Kristoffer Reitan,1,4.0,3.0,5.0,4.0,4.0,4.0,3.0,7.0,3.0,5.0,3.0,4.0,3.0,5.0,4.0,5.0,5.0,4.0,4,3,5,4,4,4,3,5,3,4,3,4,4,4,3,5,4,4,0.0,0.0,1.0,0.0,0.0,E,E,E,E,E,E,E,+2,+2,+3,+3,+3,+2,+3,+4,+4,+5,+5,37,38,75,0.0,0.0,0.0,0.0,0.0,2.0,0.0,-1.0,1.0,1.0,0.0,1.0,0.0
48117,Kurt Kitayama,1,4.0,3.0,4.0,4.0,3.0,4.0,3.0,4.0,2.0,3.0,3.0,4.0,4.0,4.0,4.0,4.0,5.0,4.0,4,3,5,4,4,4,3,5,3,4,3,4,4,4,3,5,4,4,0.0,0.0,-1.0,0.0,0.0,E,E,-1,-1,-2,-2,-2,-3,-4,-5,-5,-5,-5,-5,-4,-5,-4,-4,31,35,66,-1.0,0.0,-1.0,0.0,0.0,-1.0,-1.0,0.0,0.0,1.0,-1.0,1.0,0.0
54628,Lee Hodges,1,4.0,3.0,4.0,4.0,4.0,3.0,3.0,5.0,3.0,4.0,3.0,4.0,4.0,4.0,3.0,5.0,4.0,4.0,4,3,5,4,4,4,3,5,3,4,3,4,4,4,3,5,4,4,0.0,0.0,0.0,0.0,0.0,E,E,-1,-1,-1,-2,-2,-2,-2,E,E,E,E,E,E,E,E,E,33,35,68,-1.0,0.0,0.0,-1.0,0.0,0.0,0.0,0.0,0.0,0.0,0.0,0.0,0.0
25900,Lucas Glover,1,4.0,3.0,4.0,4.0,4.0,4.0,4.0,5.0,4.0,4.0,4.0,5.0,4.0,5.0,4.0,6.0,4.0,5.0,4,3,5,4,4,4,3,5,3,4,3,4,4,4,3,5,4,4,0.0,0.0,0.0,1.0,1.0,+6,+6,+5,+5,+5,+5,+6,+6,+7,E,+1,+2,+2,+3,+4,+5,+5,+6,36,41,77,-1.0,0.0,0.0,0.0,1.0,0.0,1.0,0.0,1.0,1.0,1.0,0.0,1.0
66743,Luke Clanton,1,4.0,3.0,4.0,5.0,4.0,4.0,3.0,5.0,4.0,4.0,4.0,3.0,4.0,3.0,3.0,4.0,4.0,4.0,4,3,5,4,4,4,3,5,3,4,3,4,4,4,3,5,4,4,0.0,0.0,0.0,1.0,-1.0,-2,-2,-3,-2,-2,-2,-2,-2,-1,E,+1,E,E,-1,-1,-2,-2,-2,36,33,69,-1.0,1.0,0.0,0.0,0.0,0.0,1.0,0.0,-1.0,0.0,-1.0,0.0,0.0
59143,Mac Meissner,1,4.0,3.0,4.0,4.0,4.0,4.0,3.0,4.0,3.0,4.0,3.0,5.0,4.0,4.0,3.0,5.0,3.0,4.0,4,3,5,4,4,4,3,5,3,4,3,4,4,4,3,5,4,4,0.0,0.0,0.0,0.0,1.0,E,E,-1,-1,-1,-1,-1,-2,-2,E,E,+1,+1,+1,+1,+1,E,E,33,35,68,-1.0,0.0,0.0,0.0,0.0,-1.0,0.0,0.0,0.0,0.0,0.0,-1.0,0.0
35506,Mackenzie Hughes,1,4.0,3.0,4.0,4.0,4.0,4.0,3.0,5.0,3.0,4.0,3.0,4.0,4.0,5.0,3.0,5.0,5.0,4.0,4,3,5,4,4,4,3,5,3,4,3,4,4,4,3,5,4,4,0.0,0.0,0.0,0.0,0.0,E,E,-1,-1,-1,-1,-1,-1,-1,-1,-1,-1,-1,E,E,E,+1,+1,34,37,71,-1.0,0.0,0.0,0.0,0.0,0.0,0.0,0.0,1.0,0.0,0.0,1.0,0.0
51003,Marco Penge,1,4.0,3.0,4.0,4.0,4.0,4.0,3.0,5.0,2.0,3.0,3.0,4.0,4.0,4.0,3.0,4.0,4.0,4.0,4,3,5,4,4,4,3,5,3,4,3,4,4,4,3,5,4,4,0.0,0.0,-1.0,0.0,0.0,-2,-2,-3,-3,-3,-3,-3,-3,-4,-1,-1,-1,-1,-1,-1,-2,-2,-2,33,33,66,-1.0,0.0,0.0,0.0,0.0,0.0,-1.0,0.0,0.0,0.0,-1.0,0.0,0.0
36801,Mark Hubbard,1,4.0,3.0,5.0,4.0,4.0,4.0,3.0,4.0,3.0,4.0,4.0,4.0,5.0,4.0,3.0,4.0,4.0,4.0,4,3,5,4,4,4,3,5,3,4,3,4,4,4,3,5,4,4,0.0,0.0,0.0,1.0,0.0,+1,+1,+1,+1,+1,+1,+1,E,E,E,+1,+1,+2,+2,+2,+1,+1,+1,34,36,70,0.0,0.0,0.0,0.0,0.0,-1.0,0.0,1.0,0.0,0.0,-1.0,0.0,0.0
68607,Mason Howell,1,4.0,3.0,5.0,5.0,4.0,5.0,3.0,4.0,3.0,4.0,3.0,4.0,5.0,5.0,3.0,5.0,4.0,4.0,4,3,5,4,4,4,3,5,3,4,3,4,4,4,3,5,4,4,0.0,0.0,0.0,0.0,0.0,+2,+2,+2,+3,+3,+4,+4,+3,+3,E,E,E,+1,+2,+2,+2,+2,+2,36,37,73,0.0,1.0,0.0,1.0,0.0,-1.0,0.0,1.0,1.0,0.0,0.0,0.0,0.0
23108,Matt Kuchar,1,4.0,3.0,5.0,3.0,4.0,4.0,3.0,4.0,2.0,4.0,3.0,4.0,4.0,4.0,3.0,5.0,4.0,4.0,4,3,5,4,4,4,3,5,3,4,3,4,4,4,3,5,4,4,0.0,0.0,0.0,0.0,0.0,E,E,E,-1,-1,-1,-1,-2,-3,E,E,E,E,E,E,E,E,E,32,35,67,0.0,-1.0,0.0,0.0,0.0,-1.0,-1.0,0.0,0.0,0.0,0.0,0.0,0.0
48887,Matt Wallace,1,4.0,3.0,5.0,4.0,4.0,4.0,2.0,5.0,3.0,3.0,3.0,4.0,3.0,4.0,3.0,5.0,3.0,4.0,4,3,5,4,4,4,3,5,3,4,3,4,4,4,3,5,4,4,0.0,0.0,-1.0,0.0,0.0,-3,-3,-3,-3,-3,-3,-4,-4,-4,-1,-1,-1,-2,-2,-2,-2,-3,-3,34,32,66,0.0,0.0,0.0,0.0,-1.0,0.0,0.0,-1.0,0.0,0.0,0.0,-1.0,0.0
48153,Matthieu Pavon,1,4.0,2.0,5.0,3.0,4.0,4.0,3.0,4.0,2.0,4.0,4.0,5.0,4.0,4.0,2.0,5.0,4.0,5.0,4,3,5,4,4,4,3,5,3,4,3,4,4,4,3,5,4,4,0.0,-1.0,0.0,1.0,1.0,E,-1,-1,-2,-2,-2,-2,-3,-4,-4,-3,-2,-2,-2,-3,-3,-3,-2,31,37,68,0.0,-1.0,0.0,0.0,0.0,-1.0,-1.0,0.0,0.0,-1.0,0.0,0.0,1.0
48867,Matti Schmid,1,4.0,4.0,4.0,4.0,4.0,4.0,3.0,4.0,3.0,4.0,3.0,3.0,4.0,4.0,3.0,4.0,4.0,4.0,4,3,5,4,4,4,3,5,3,4,3,4,4,4,3,5,4,4,0.0,1.0,0.0,0.0,-1.0,E,+1,E,E,E,E,E,-1,-1,-1,-1,-2,-2,-2,-2,-3,-3,-3,34,33,67,-1.0,0.0,0.0,0.0,0.0,-1.0,0.0,0.0,0.0,0.0,-1.0,0.0,0.0
51977,Max Greyserman,1,5.0,3.0,5.0,4.0,4.0,4.0,3.0,4.0,3.0,3.0,3.0,4.0,4.0,4.0,3.0,6.0,4.0,4.0,4,3,5,4,4,4,3,5,3,4,3,4,4,4,3,5,4,4,1.0,0.0,-1.0,0.0,0.0,+1,+1,+1,+1,+1,+1,+1,E,E,-1,-1,-1,-1,-1,-1,E,E,E,35,35,70,0.0,0.0,0.0,0.0,0.0,-1.0,0.0,0.0,0.0,0.0,1.0,0.0,0.0
51950,Max McGreevy,1,4.0,4.0,4.0,4.0,5.0,4.0,4.0,4.0,3.0,4.0,3.0,4.0,4.0,4.0,4.0,5.0,4.0,4.0,4,3,5,4,4,4,3,5,3,4,3,4,4,4,3,5,4,4,0.0,1.0,0.0,0.0,0.0,+1,+2,+1,+1,+2,+2,+3,+2,+2,E,E,E,E,E,+1,+1,+1,+1,36,36,72,-1.0,0.0,1.0,0.0,1.0,-1.0,0.0,0.0,0.0,1.0,0.0,0.0,0.0
61522,Michael Brennan,1,3.0,3.0,5.0,4.0,3.0,4.0,3.0,5.0,3.0,4.0,3.0,4.0,4.0,5.0,3.0,3.0,3.0,3.0,4,3,5,4,4,4,3,5,3,4,3,4,4,4,3,5,4,4,-1.0,0.0,0.0,0.0,0.0,-1,-1,-1,-1,-2,-2,-2,-2,-2,-2,-2,-2,-2,-1,-1,-3,-4,-5,33,32,65,0.0,0.0,-1.0,0.0,0.0,0.0,0.0,0.0,1.0,0.0,-2.0,-1.0,-1.0
57364,Michael Thorbjornsen,1,4.0,3.0,5.0,5.0,4.0,4.0,3.0,4.0,3.0,3.0,3.0,4.0,4.0,4.0,3.0,4.0,4.0,4.0,4,3,5,4,4,4,3,5,3,4,3,4,4,4,3,5,4,4,0.0,0.0,-1.0,0.0,0.0,E,E,E,+1,+1,+1,+1,E,E,-1,-1,-1,-1,-1,-1,-2,-2,-2,35,33,68,0.0,1.0,0.0,0.0,0.0,-1.0,0.0,0.0,0.0,0.0,-1.0,0.0,0.0
37378,Min Woo Lee,1,3.0,2.0,5.0,4.0,4.0,5.0,3.0,4.0,4.0,4.0,4.0,3.0,4.0,4.0,3.0,4.0,5.0,3.0,4,3,5,4,4,4,3,5,3,4,3,4,4,4,3,5,4,4,-1.0,-1.0,0.0,1.0,-1.0,-1,-2,-2,-2,-2,-1,-1,-2,-1,-1,E,-1,-1,-1,-1,-2,-1,-2,34,34,68,0.0,0.0,0.0,1.0,0.0,-1.0,1.0,0.0,0.0,0.0,-1.0,1.0,-1.0
63807,Neal Shipley,1,4.0,4.0,5.0,4.0,4.0,4.0,2.0,5.0,3.0,3.0,3.0,4.0,4.0,4.0,3.0,4.0,6.0,4.0,4,3,5,4,4,4,3,5,3,4,3,4,4,4,3,5,4,4,0.0,1.0,-1.0,0.0,0.0,E,+1,+1,+1,+1,+1,E,E,E,-1,-1,-1,-1,-1,-1,-2,E,E,35,35,70,0.0,0.0,0.0,0.0,-1.0,0.0,0.0,0.0,0.0,0.0,-1.0,2.0,0.0
59866,Nick Dunlap,1,4.0,4.0,5.0,4.0,4.0,5.0,3.0,4.0,3.0,4.0,3.0,6.0,3.0,4.0,3.0,4.0,5.0,4.0,4,3,5,4,4,4,3,5,3,4,3,4,4,4,3,5,4,4,0.0,1.0,0.0,0.0,2.0,E,+1,+1,+1,+1,+2,+2,+1,+1,+1,+1,+3,+2,+2,+2,+1,+2,+2,36,36,72,0.0,0.0,0.0,1.0,0.0,-1.0,0.0,-1.0,0.0,0.0,-1.0,1.0,0.0
51349,Nico Echavarria,1,4.0,2.0,4.0,4.0,3.0,4.0,4.0,5.0,4.0,3.0,3.0,5.0,4.0,5.0,2.0,5.0,6.0,5.0,4,3,5,4,4,4,3,5,3,4,3,4,4,4,3,5,4,4,0.0,-1.0,-1.0,0.0,1.0,+3,+2,+1,+1,E,E,+1,+1,+2,-1,-1,E,E,+1,E,E,+2,+3,34,38,72,-1.0,0.0,-1.0,0.0,1.0,0.0,1.0,0.0,1.0,-1.0,0.0,2.0,1.0
52453,Nicolai Højgaard,1,5.0,3.0,4.0,4.0,4.0,3.0,2.0,4.0,3.0,4.0,3.0,4.0,4.0,4.0,4.0,4.0,4.0,5.0,4,3,5,4,4,4,3,5,3,4,3,4,4,4,3,5,4,4,1.0,0.0,0.0,0.0,0.0,+2,+2,+1,+1,+1,E,-1,-2,-2,E,E,E,E,E,+1,E,E,+1,32,36,68,-1.0,0.0,0.0,-1.0,-1.0,-1.0,0.0,0.0,0.0,1.0,-1.0,0.0,1.0
54576,Patrick Fishburn,1,4.0,4.0,4.0,5.0,4.0,3.0,3.0,5.0,3.0,4.0,4.0,4.0,3.0,4.0,3.0,3.0,4.0,4.0,4,3,5,4,4,4,3,5,3,4,3,4,4,4,3,5,4,4,0.0,1.0,0.0,1.0,0.0,E,+1,E,+1,+1,E,E,E,E,E,+1,+1,E,E,E,-2,-2,-2,35,33,68,-1.0,1.0,0.0,-1.0,0.0,0.0,0.0,-1.0,0.0,0.0,-2.0,0.0,0.0
36699,Patrick Rodgers,1,3.0,4.0,5.0,4.0,4.0,5.0,3.0,4.0,4.0,4.0,4.0,5.0,4.0,5.0,2.0,4.0,4.0,4.0,4,3,5,4,4,4,3,5,3,4,3,4,4,4,3,5,4,4,-1.0,1.0,0.0,1.0,1.0,-1,E,E,E,E,+1,+1,E,+1,+1,+2,+3,+3,+4,+3,+2,+2,+2,36,36,72,0.0,0.0,0.0,1.0,0.0,-1.0,1.0,0.0,1.0,-1.0,-1.0,0.0,0.0
32757,Patton Kizzire,1,4.0,3.0,4.0,4.0,4.0,4.0,3.0,4.0,3.0,4.0,4.0,4.0,4.0,4.0,3.0,5.0,5.0,4.0,4,3,5,4,4,4,3,5,3,4,3,4,4,4,3,5,4,4,0.0,0.0,0.0,1.0,0.0,E,E,-1,-1,-1,-1,-1,-2,-2,-2,-1,-1,-1,-1,-1,-1,E,E,33,37,70,-1.0,0.0,0.0,0.0,0.0,-1.0,0.0,0.0,0.0,0.0,0.0,1.0,0.0
31113,Paul Waring,1,4.0,3.0,5.0,4.0,3.0,3.0,3.0,5.0,3.0,3.0,3.0,3.0,3.0,4.0,3.0,4.0,4.0,3.0,4,3,5,4,4,4,3,5,3,4,3,4,4,4,3,5,4,4,0.0,0.0,-1.0,0.0,-1.0,-5,-5,-5,-5,-6,-7,-7,-7,-7,-1,-1,-2,-3,-3,-3,-4,-4,-5,33,30,63,0.0,0.0,-1.0,-1.0,0.0,0.0,0.0,-1.0,0.0,0.0,-1.0,0.0,-1.0
34466,Peter Malnati,1,5.0,3.0,5.0,5.0,4.0,5.0,4.0,5.0,3.0,3.0,3.0,4.0,4.0,4.0,3.0,5.0,5.0,4.0,4,3,5,4,4,4,3,5,3,4,3,4,4,4,3,5,4,4,1.0,0.0,-1.0,0.0,0.0,+1,+1,+1,+2,+2,+3,+4,+4,+4,-1,-1,-1,-1,-1,-1,-1,E,E,39,35,74,0.0,1.0,0.0,1.0,1.0,0.0,0.0,0.0,0.0,0.0,0.0,1.0,0.0
59836,Pierceson Coody,1,4.0,3.0,4.0,4.0,4.0,3.0,3.0,5.0,3.0,4.0,3.0,4.0,5.0,4.0,3.0,5.0,4.0,5.0,4,3,5,4,4,4,3,5,3,4,3,4,4,4,3,5,4,4,0.0,0.0,0.0,0.0,0.0,E,E,-1,-1,-1,-2,-2,-2,-2,-2,-2,-2,-1,-1,-1,-1,-1,E,33,37,70,-1.0,0.0,0.0,-1.0,0.0,0.0,0.0,1.0,0.0,0.0,0.0,0.0,1.0
55851,Pontus Nyholm,1,4.0,3.0,5.0,4.0,4.0,4.0,3.0,5.0,3.0,4.0,3.0,3.0,4.0,4.0,3.0,5.0,4.0,4.0,4,3,5,4,4,4,3,5,3,4,3,4,4,4,3,5,4,4,0.0,0.0,0.0,0.0,-1.0,-1,-1,-1,-1,-1,-1,-1,-1,-1,E,E,-1,-1,-1,-1,-1,-1,-1,35,34,69,0.0,0.0,0.0,0.0,0.0,0.0,0.0,0.0,0.0,0.0,0.0,0.0,0.0
32070,Rafael Campos,1,4.0,3.0,5.0,5.0,5.0,5.0,3.0,5.0,4.0,3.0,3.0,4.0,4.0,5.0,4.0,4.0,4.0,4.0,4,3,5,4,4,4,3,5,3,4,3,4,4,4,3,5,4,4,0.0,0.0,-1.0,0.0,0.0,E,E,E,+1,+2,+3,+3,+3,+4,+3,+3,+3,+3,+4,+5,+4,+4,+4,39,35,74,0.0,1.0,1.0,1.0,0.0,0.0,1.0,0.0,1.0,1.0,-1.0,0.0,0.0
52686,Rasmus Højgaard,1,4.0,3.0,5.0,4.0,4.0,3.0,3.0,5.0,3.0,3.0,3.0,4.0,4.0,4.0,4.0,4.0,4.0,4.0,4,3,5,4,4,4,3,5,3,4,3,4,4,4,3,5,4,4,0.0,0.0,-1.0,0.0,0.0,-1,-1,-1,-1,-1,-2,-2,-2,-2,-1,-1,-1,-1,-1,E,-1,-1,-1,34,34,68,0.0,0.0,0.0,-1.0,0.0,0.0,0.0,0.0,0.0,1.0,-1.0,0.0,0.0
52689,Rasmus Neergaard-Petersen,1,4.0,2.0,5.0,4.0,4.0,4.0,3.0,4.0,2.0,4.0,3.0,4.0,4.0,4.0,4.0,5.0,4.0,5.0,4,3,5,4,4,4,3,5,3,4,3,4,4,4,3,5,4,4,0.0,-1.0,0.0,0.0,0.0,E,-1,-1,-1,-1,-1,-1,-2,-3,-3,-3,-3,-3,-3,-2,-2,-2,-1,32,37,69,0.0,0.0,0.0,0.0,0.0,-1.0,-1.0,0.0,0.0,1.0,0.0,0.0,1.0
32102,Rickie Fowler,1,4.0,2.0,4.0,4.0,4.0,4.0,4.0,4.0,2.0,4.0,3.0,4.0,4.0,4.0,3.0,5.0,4.0,4.0,4,3,5,4,4,4,3,5,3,4,3,4,4,4,3,5,4,4,0.0,-1.0,0.0,0.0,0.0,E,-1,-2,-2,-2,-2,-1,-2,-3,E,E,E,E,E,E,E,E,E,32,35,67,-1.0,0.0,0.0,0.0,1.0,-1.0,-1.0,0.0,0.0,0.0,0.0,0.0,0.0
59440,Ricky Castillo,1,4.0,2.0,5.0,4.0,3.0,4.0,3.0,5.0,4.0,3.0,2.0,4.0,4.0,4.0,3.0,5.0,4.0,5.0,4,3,5,4,4,4,3,5,3,4,3,4,4,4,3,5,4,4,0.0,-1.0,-1.0,-1.0,0.0,E,-1,-1,-1,-2,-2,-2,-2,-1,-2,-3,-3,-3,-3,-3,-3,-3,-2,34,34,68,0.0,0.0,-1.0,0.0,0.0,0.0,1.0,0.0,0.0,0.0,0.0,0.0,1.0
51696,Rico Hoey,1,4.0,3.0,5.0,4.0,4.0,4.0,3.0,4.0,2.0,3.0,3.0,4.0,4.0,5.0,3.0,4.0,4.0,4.0,4,3,5,4,4,4,3,5,3,4,3,4,4,4,3,5,4,4,0.0,0.0,-1.0,0.0,0.0,E,E,E,E,E,E,E,-1,-2,-3,-3,-3,-3,-2,-2,-3,-3,-3,33,34,67,0.0,0.0,0.0,0.0,0.0,-1.0,-1.0,0.0,1.0,0.0,-1.0,0.0,0.0
29936,Ryan Fox,1,4.0,4.0,4.0,4.0,4.0,4.0,4.0,5.0,3.0,4.0,4.0,3.0,4.0,5.0,3.0,5.0,4.0,4.0,4,3,5,4,4,4,3,5,3,4,3,4,4,4,3,5,4,4,0.0,1.0,0.0,1.0,-1.0,E,+1,E,E,E,E,+1,+1,+1,+1,+2,+1,+1,+2,+2,+2,+2,+2,36,36,72,-1.0,0.0,0.0,0.0,1.0,0.0,0.0,0.0,1.0,0.0,0.0,0.0,0.0
59018,Ryan Gerard,1,4.0,4.0,6.0,5.0,4.0,4.0,3.0,4.0,3.0,4.0,3.0,4.0,6.0,5.0,2.0,5.0,4.0,4.0,4,3,5,4,4,4,3,5,3,4,3,4,4,4,3,5,4,4,0.0,1.0,0.0,0.0,0.0,+2,+3,+4,+5,+5,+5,+5,+4,+4,E,E,E,+2,+3,+2,+2,+2,+2,37,37,74,1.0,1.0,0.0,0.0,0.0,-1.0,0.0,2.0,1.0,-1.0,0.0,0.0,0.0
50188,S.H. Kim,1,4.0,3.0,5.0,4.0,5.0,3.0,3.0,4.0,3.0,5.0,3.0,5.0,4.0,5.0,3.0,6.0,4.0,4.0,4,3,5,4,4,4,3,5,3,4,3,4,4,4,3,5,4,4,0.0,0.0,1.0,0.0,1.0,E,E,E,E,+1,E,E,-1,-1,E,E,+1,+1,+2,+2,+3,+3,+3,34,39,73,0.0,0.0,1.0,-1.0,0.0,-1.0,0.0,0.0,1.0,0.0,1.0,0.0,0.0
51634,Sahith Theegala,1,4.0,3.0,4.0,4.0,4.0,3.0,3.0,4.0,3.0,4.0,4.0,4.0,4.0,4.0,3.0,4.0,4.0,4.0,4,3,5,4,4,4,3,5,3,4,3,4,4,4,3,5,4,4,0.0,0.0,0.0,1.0,0.0,E,E,-1,-1,-1,-2,-2,-3,-3,E,+1,+1,+1,+1,+1,E,E,E,32,35,67,-1.0,0.0,0.0,-1.0,0.0,-1.0,0.0,0.0,0.0,0.0,-1.0,0.0,0.0
47504,Sam Burns,1,4.0,3.0,4.0,4.0,4.0,3.0,4.0,4.0,2.0,3.0,3.0,4.0,4.0,5.0,3.0,4.0,4.0,3.0,4,3,5,4,4,4,3,5,3,4,3,4,4,4,3,5,4,4,0.0,0.0,-1.0,0.0,0.0,-2,-2,-3,-3,-3,-4,-3,-4,-5,-1,-1,-1,-1,E,E,-1,-1,-2,32,33,65,-1.0,0.0,0.0,-1.0,1.0,-1.0,-1.0,0.0,1.0,0.0,-1.0,0.0,-1.0
37275,Sam Ryder,1,4.0,4.0,5.0,4.0,4.0,4.0,3.0,4.0,3.0,5.0,3.0,4.0,4.0,4.0,2.0,4.0,4.0,4.0,4,3,5,4,4,4,3,5,3,4,3,4,4,4,3,5,4,4,0.0,1.0,1.0,0.0,0.0,-1,E,E,E,E,E,E,-1,-1,+1,+1,+1,+1,+1,E,-1,-1,-1,35,34,69,0.0,0.0,0.0,0.0,0.0,-1.0,0.0,0.0,0.0,-1.0,-1.0,0.0,0.0
55893,Sam Stevens,1,4.0,3.0,5.0,4.0,4.0,4.0,3.0,5.0,4.0,4.0,3.0,3.0,3.0,4.0,2.0,4.0,4.0,4.0,4,3,5,4,4,4,3,5,3,4,3,4,4,4,3,5,4,4,0.0,0.0,0.0,0.0,-1.0,E,E,E,E,E,E,E,E,+1,+1,+1,E,-1,-1,-2,-3,-3,-3,36,31,67,0.0,0.0,0.0,0.0,0.0,0.0,1.0,-1.0,0.0,-1.0,-1.0,0.0,0.0
28252,Seamus Power,1,4.0,2.0,4.0,4.0,4.0,4.0,4.0,4.0,4.0,4.0,3.0,4.0,4.0,4.0,3.0,4.0,4.0,4.0,4,3,5,4,4,4,3,5,3,4,3,4,4,4,3,5,4,4,0.0,-1.0,0.0,0.0,0.0,-1,-2,-3,-3,-3,-3,-2,-3,-2,E,E,E,E,E,E,-1,-1,-1,34,34,68,-1.0,0.0,0.0,0.0,1.0,-1.0,1.0,0.0,0.0,0.0,-1.0,0.0,0.0
33204,Shane Lowry,1,4.0,4.0,4.0,4.0,4.0,4.0,3.0,5.0,2.0,4.0,3.0,3.0,5.0,4.0,3.0,5.0,4.0,4.0,4,3,5,4,4,4,3,5,3,4,3,4,4,4,3,5,4,4,0.0,1.0,0.0,0.0,-1.0,E,+1,E,E,E,E,E,E,-1,E,E,-1,E,E,E,E,E,E,34,35,69,-1.0,0.0,0.0,0.0,0.0,0.0,-1.0,1.0,0.0,0.0,0.0,0.0,0.0
36799,Stephan Jaeger,1,3.0,3.0,4.0,4.0,4.0,5.0,5.0,4.0,2.0,3.0,3.0,4.0,4.0,4.0,3.0,4.0,3.0,4.0,4,3,5,4,4,4,3,5,3,4,3,4,4,4,3,5,4,4,-1.0,0.0,-1.0,0.0,0.0,-4,-4,-5,-5,-5,-4,-2,-3,-4,-1,-1,-1,-1,-1,-1,-2,-3,-3,34,32,66,-1.0,0.0,0.0,1.0,2.0,-1.0,-1.0,0.0,0.0,0.0,-1.0,-1.0,0.0
57123,Steven Fisk,1,4.0,3.0,5.0,4.0,3.0,4.0,3.0,4.0,3.0,4.0,3.0,3.0,4.0,5.0,3.0,6.0,3.0,4.0,4,3,5,4,4,4,3,5,3,4,3,4,4,4,3,5,4,4,0.0,0.0,0.0,0.0,-1.0,E,E,E,E,-1,-1,-1,-2,-2,E,E,-1,-1,E,E,+1,E,E,33,35,68,0.0,0.0,-1.0,0.0,0.0,-1.0,0.0,0.0,1.0,0.0,1.0,-1.0,0.0
60386,Sudarshan Yellamaraju,1,5.0,3.0,4.0,5.0,4.0,3.0,3.0,3.0,4.0,4.0,3.0,3.0,4.0,4.0,3.0,4.0,6.0,4.0,4,3,5,4,4,4,3,5,3,4,3,4,4,4,3,5,4,4,1.0,0.0,0.0,0.0,-1.0,+1,+1,E,+1,+1,E,E,-2,-1,E,E,-1,-1,-1,-1,-2,E,E,34,35,69,-1.0,1.0,0.0,-1.0,0.0,-2.0,1.0,0.0,0.0,0.0,-1.0,2.0,0.0
39971,Sungjae Im,1,4.0,3.0,4.0,5.0,4.0,4.0,3.0,4.0,3.0,3.0,3.0,4.0,4.0,5.0,3.0,4.0,3.0,4.0,4,3,5,4,4,4,3,5,3,4,3,4,4,4,3,5,4,4,0.0,0.0,-1.0,0.0,0.0,E,E,-1,E,E,E,E,-1,-1,-2,-2,-2,-2,-1,-1,-2,-3,-3,34,33,67,-1.0,1.0,0.0,0.0,0.0,-1.0,0.0,0.0,1.0,0.0,-1.0,-1.0,0.0
47917,Takumi Kanaya,1,5.0,3.0,5.0,5.0,4.0,5.0,2.0,5.0,3.0,4.0,3.0,4.0,4.0,3.0,3.0,5.0,4.0,4.0,4,3,5,4,4,4,3,5,3,4,3,4,4,4,3,5,4,4,1.0,0.0,0.0,0.0,0.0,E,E,E,+1,+1,+2,+1,+1,+1,E,E,E,E,-1,-1,-1,-1,-1,37,34,71,0.0,1.0,0.0,1.0,-1.0,0.0,0.0,0.0,-1.0,0.0,0.0,0.0,0.0
49947,Taylor Moore,1,3.0,4.0,4.0,4.0,3.0,4.0,3.0,4.0,5.0,3.0,4.0,3.0,4.0,4.0,2.0,4.0,5.0,4.0,4,3,5,4,4,4,3,5,3,4,3,4,4,4,3,5,4,4,-1.0,1.0,-1.0,1.0,-1.0,-3,-2,-3,-3,-4,-4,-4,-5,-3,-1,E,-1,-1,-1,-2,-3,-2,-2,34,33,67,-1.0,0.0,-1.0,0.0,0.0,-1.0,2.0,0.0,0.0,-1.0,-1.0,1.0,0.0
40250,Taylor Pendrith,1,5.0,3.0,5.0,5.0,4.0,4.0,4.0,5.0,3.0,4.0,3.0,4.0,4.0,4.0,4.0,6.0,4.0,4.0,4,3,5,4,4,4,3,5,3,4,3,4,4,4,3,5,4,4,1.0,0.0,0.0,0.0,0.0,+3,+3,+3,+4,+4,+4,+5,+5,+5,E,E,E,E,E,+1,+2,+2,+2,38,37,75,0.0,1.0,0.0,0.0,1.0,0.0,0.0,0.0,0.0,1.0,1.0,0.0,0.0
33968,Thorbjørn Olesen,1,4.0,3.0,4.0,4.0,4.0,3.0,4.0,4.0,2.0,4.0,3.0,4.0,3.0,5.0,3.0,5.0,4.0,5.0,4,3,5,4,4,4,3,5,3,4,3,4,4,4,3,5,4,4,0.0,0.0,0.0,0.0,0.0,E,E,-1,-1,-1,-2,-1,-2,-3,-3,-3,-3,-4,-3,-3,-3,-3,-2,32,36,68,-1.0,0.0,0.0,-1.0,1.0,-1.0,-1.0,-1.0,1.0,0.0,0.0,0.0,1.0
35532,Tom Hoge,1,4.0,3.0,5.0,4.0,4.0,3.0,3.0,4.0,2.0,4.0,3.0,4.0,3.0,4.0,3.0,5.0,4.0,3.0,4,3,5,4,4,4,3,5,3,4,3,4,4,4,3,5,4,4,0.0,0.0,0.0,0.0,0.0,-2,-2,-2,-2,-2,-3,-3,-4,-5,E,E,E,-1,-1,-1,-1,-1,-2,32,33,65,0.0,0.0,0.0,-1.0,0.0,-1.0,-1.0,-1.0,0.0,0.0,0.0,0.0,-1.0
55182,Tom Kim,1,6.0,3.0,4.0,5.0,4.0,4.0,3.0,4.0,2.0,4.0,4.0,4.0,4.0,4.0,3.0,4.0,4.0,4.0,4,3,5,4,4,4,3,5,3,4,3,4,4,4,3,5,4,4,2.0,0.0,0.0,1.0,0.0,+2,+2,+1,+2,+2,+2,+2,+1,E,E,+1,+1,+1,+1,+1,E,E,E,35,35,70,-1.0,1.0,0.0,0.0,0.0,-1.0,-1.0,0.0,0.0,0.0,-1.0,0.0,0.0
29725,Tony Finau,1,5.0,3.0,4.0,4.0,4.0,4.0,3.0,4.0,3.0,4.0,3.0,3.0,3.0,4.0,2.0,5.0,4.0,5.0,4,3,5,4,4,4,3,5,3,4,3,4,4,4,3,5,4,4,1.0,0.0,0.0,0.0,-1.0,+1,+1,E,E,E,E,E,-1,-1,-1,-1,-2,-3,-3,-4,-4,-4,-3,34,33,67,-1.0,0.0,0.0,0.0,0.0,-1.0,0.0,-1.0,0.0,-1.0,0.0,0.0,1.0
46601,Trey Mullinax,1,4.0,3.0,4.0,4.0,5.0,4.0,3.0,5.0,3.0,4.0,4.0,4.0,4.0,4.0,3.0,5.0,4.0,4.0,4,3,5,4,4,4,3,5,3,4,3,4,4,4,3,5,4,4,0.0,0.0,0.0,1.0,0.0,+1,+1,E,E,+1,+1,+1,+1,+1,E,+1,+1,+1,+1,+1,+1,+1,+1,35,36,71,-1.0,0.0,1.0,0.0,0.0,0.0,0.0,0.0,0.0,0.0,0.0,0.0,0.0
51894,Vince Whaley,1,4.0,3.0,4.0,4.0,4.0,3.0,3.0,5.0,3.0,4.0,3.0,4.0,4.0,4.0,3.0,5.0,4.0,4.0,4,3,5,4,4,4,3,5,3,4,3,4,4,4,3,5,4,4,0.0,0.0,0.0,0.0,0.0,E,E,-1,-1,-1,-2,-2,-2,-2,E,E,E,E,E,E,E,E,E,33,35,68,-1.0,0.0,0.0,-1.0,0.0,0.0,0.0,0.0,0.0,0.0,0.0,0.0,0.0
47483,Will Zalatoris,1,5.0,2.0,5.0,4.0,4.0,3.0,4.0,5.0,3.0,4.0,3.0,4.0,5.0,4.0,3.0,4.0,4.0,4.0,4,3,5,4,4,4,3,5,3,4,3,4,4,4,3,5,4,4,1.0,-1.0,0.0,0.0,0.0,+1,E,E,E,E,-1,E,E,E,E,E,E,+1,+1,+1,E,E,E,35,35,70,0.0,0.0,0.0,-1.0,1.0,0.0,0.0,1.0,0.0,0.0,-1.0,0.0,0.0
63121,William Mouw,1,4.0,3.0,4.0,3.0,5.0,4.0,3.0,4.0,3.0,4.0,3.0,5.0,4.0,5.0,3.0,4.0,4.0,4.0,4,3,5,4,4,4,3,5,3,4,3,4,4,4,3,5,4,4,0.0,0.0,0.0,0.0,1.0,E,E,-1,-2,-1,-1,-1,-2,-2,-2,-2,-1,-1,E,E,-1,-1,-1,33,36,69,-1.0,-1.0,1.0,0.0,0.0,-1.0,0.0,0.0,1.0,0.0,-1.0,0.0,0.0
51766,Wyndham Clark,1,4.0,5.0,4.0,5.0,6.0,5.0,4.0,4.0,3.0,4.0,4.0,5.0,2.0,4.0,3.0,5.0,4.0,3.0,4,3,5,4,4,4,3,5,3,4,3,4,4,4,3,5,4,4,0.0,2.0,0.0,1.0,1.0,-1,+1,E,+1,+3,+4,+5,+4,+4,E,+1,+2,E,E,E,E,E,-1,40,34,74,-1.0,1.0,2.0,1.0,1.0,-1.0,0.0,-2.0,0.0,0.0,0.0,0.0,-1.0
48001,Zach Bauchou,1,3.0,2.0,5.0,4.0,5.0,5.0,4.0,4.0,3.0,4.0,3.0,4.0,4.0,5.0,3.0,4.0,4.0,4.0,4,3,5,4,4,4,3,5,3,4,3,4,4,4,3,5,4,4,-1.0,-1.0,0.0,0.0,0.0,-1,-2,-2,-2,-1,E,+1,E,E,E,E,E,E,+1,+1,E,E,E,35,35,70,0.0,0.0,1.0,1.0,1.0,-1.0,0.0,0.0,1.0,0.0,-1.0,0.0,0.0
37338,Zecheng Dou,1,4.0,3.0,5.0,4.0,4.0,4.0,3.0,4.0,3.0,3.0,3.0,3.0,4.0,4.0,4.0,4.0,4.0,3.0,4,3,5,4,4,4,3,5,3,4,3,4,4,4,3,5,4,4,0.0,0.0,-1.0,0.0,-1.0,E,E,E,E,E,E,E,-1,-1,-2,-2,-3,-3,-3,-2,-3,-3,-4,34,32,66,0.0,0.0,0.0,0.0,0.0,-1.0,0.0,0.0,0.0,1.0,-1.0,0.0,-1.0
50286,A.J. Ewart,2,4.0,3.0,4.0,4.0,4.0,4.0,2.0,4.0,3.0,4.0,3.0,4.0,4.0,5.0,3.0,4.0,4.0,4.0,4,3,5,4,4,4,3,5,3,4,3,4,4,4,3,5,4,4,0.0,0.0,0.0,0.0,0.0,E,E,-1,-1,-1,-1,-2,-3,-3,-3,-3,-3,-3,-2,-2,-3,-3,-3,32,35,67,-1.0,0.0,0.0,0.0,-1.0,-1.0,0.0,0.0,1.0,0.0,-1.0,0.0,0.0
49964,Aaron Wise,2,5.0,3.0,4.0,4.0,4.0,4.0,3.0,5.0,4.0,4.0,4.0,5.0,4.0,5.0,3.0,4.0,4.0,4.0,4,3,5,4,4,4,3,5,3,4,3,4,4,4,3,5,4,4,1.0,0.0,0.0,1.0,1.0,+3,+3,+2,+2,+2,+2,+2,+2,+3,E,+1,+2,+2,+3,+3,+2,+2,+2,36,37,73,-1.0,0.0,0.0,0.0,0.0,0.0,1.0,0.0,1.0,0.0,-1.0,0.0,0.0
47347,Adam Schenk,2,5.0,4.0,5.0,5.0,3.0,3.0,4.0,5.0,3.0,4.0,3.0,4.0,4.0,4.0,3.0,6.0,5.0,5.0,4,3,5,4,4,4,3,5,3,4,3,4,4,4,3,5,4,4,1.0,1.0,0.0,0.0,0.0,+1,+2,+2,+3,+2,+1,+2,+2,+2,+2,+2,+2,+2,+2,+2,+3,+4,+5,37,38,75,0.0,1.0,-1.0,-1.0,1.0,0.0,0.0,0.0,0.0,0.0,1.0,1.0,1.0
24502,Adam Scott,2,4.0,3.0,5.0,4.0,4.0,4.0,2.0,5.0,3.0,4.0,3.0,3.0,4.0,4.0,3.0,4.0,3.0,4.0,4,3,5,4,4,4,3,5,3,4,3,4,4,4,3,5,4,4,0.0,0.0,0.0,0.0,-1.0,-3,-3,-3,-3,-3,-3,-4,-4,-4,E,E,-1,-1,-1,-1,-2,-3,-3,34,32,66,0.0,0.0,0.0,0.0,-1.0,0.0,0.0,0.0,0.0,0.0,-1.0,-1.0,0.0
40115,Adam Svensson,2,4.0,3.0,4.0,4.0,4.0,4.0,3.0,5.0,3.0,4.0,3.0,4.0,4.0,4.0,3.0,4.0,4.0,4.0,4,3,5,4,4,4,3,5,3,4,3,4,4,4,3,5,4,4,0.0,0.0,0.0,0.0,0.0,E,E,-1,-1,-1,-1,-1,-1,-1,-1,-1,-1,-1,-1,-1,-2,-2,-2,34,34,68,-1.0,0.0,0.0,0.0,0.0,0.0,0.0,0.0,0.0,0.0,-1.0,0.0,0.0
50497,Adrien Dumont de Chassart,2,4.0,4.0,4.0,4.0,5.0,3.0,2.0,4.0,3.0,4.0,3.0,4.0,3.0,5.0,3.0,5.0,4.0,4.0,4,3,5,4,4,4,3,5,3,4,3,4,4,4,3,5,4,4,0.0,1.0,0.0,0.0,0.0,E,+1,E,E,+1,E,-1,-2,-2,-2,-2,-2,-3,-2,-2,-2,-2,-2,33,35,68,-1.0,0.0,1.0,-1.0,-1.0,-1.0,0.0,-1.0,1.0,0.0,0.0,0.0,0.0
34371,Adrien Saddier,2,4.0,3.0,5.0,4.0,4.0,4.0,4.0,5.0,3.0,4.0,3.0,4.0,4.0,5.0,2.0,4.0,4.0,4.0,4,3,5,4,4,4,3,5,3,4,3,4,4,4,3,5,4,4,0.0,0.0,0.0,0.0,0.0,E,E,E,E,E,E,+1,+1,+1,+1,+1,+1,+1,+2,+1,E,E,E,36,34,70,0.0,0.0,0.0,0.0,1.0,0.0,0.0,0.0,1.0,-1.0,-1.0,0.0,0.0
63343,Aldrich Potgieter,2,4.0,3.0,5.0,4.0,3.0,3.0,3.0,4.0,3.0,4.0,3.0,4.0,4.0,3.0,3.0,5.0,4.0,4.0,4,3,5,4,4,4,3,5,3,4,3,4,4,4,3,5,4,4,0.0,0.0,0.0,0.0,0.0,-1,-1,-1,-1,-2,-3,-3,-4,-4,E,E,E,E,-1,-1,-1,-1,-1,32,34,66,0.0,0.0,-1.0,-1.0,0.0,-1.0,0.0,0.0,-1.0,0.0,0.0,0.0,0.0
38991,Alejandro Tosti,2,5.0,3.0,4.0,5.0,4.0,4.0,4.0,5.0,3.0,4.0,4.0,3.0,3.0,4.0,3.0,4.0,4.0,4.0,4,3,5,4,4,4,3,5,3,4,3,4,4,4,3,5,4,4,1.0,0.0,0.0,1.0,-1.0,-1,-1,-2,-1,-1,-1,E,E,E,E,+1,E,-1,-1,-1,-2,-2,-2,37,33,70,-1.0,1.0,0.0,0.0,1.0,0.0,0.0,-1.0,0.0,0.0,-1.0,0.0,0.0
46340,Alex Smalley,2,4.0,3.0,4.0,4.0,4.0,4.0,3.0,4.0,3.0,4.0,3.0,4.0,3.0,6.0,2.0,4.0,5.0,4.0,4,3,5,4,4,4,3,5,3,4,3,4,4,4,3,5,4,4,0.0,0.0,0.0,0.0,0.0,E,E,-1,-1,-1,-1,-1,-2,-2,E,E,E,-1,+1,E,-1,E,E,33,35,68,-1.0,0.0,0.0,0.0,0.0,-1.0,0.0,-1.0,2.0,-1.0,-1.0,1.0,0.0
34256,Andrew Putnam,2,4.0,3.0,5.0,4.0,4.0,3.0,3.0,4.0,3.0,4.0,3.0,4.0,3.0,4.0,4.0,4.0,4.0,4.0,4,3,5,4,4,4,3,5,3,4,3,4,4,4,3,5,4,4,0.0,0.0,0.0,0.0,0.0,-1,-1,-1,-1,-1,-2,-2,-3,-3,E,E,E,-1,-1,E,-1,-1,-1,33,34,67,0.0,0.0,0.0,-1.0,0.0,-1.0,0.0,-1.0,0.0,1.0,-1.0,0.0,0.0
57362,Austin Eckroat,2,4.0,3.0,5.0,4.0,3.0,4.0,3.0,5.0,3.0,4.0,3.0,4.0,5.0,4.0,4.0,4.0,3.0,4.0,4,3,5,4,4,4,3,5,3,4,3,4,4,4,3,5,4,4,0.0,0.0,0.0,0.0,0.0,E,E,E,E,-1,-1,-1,-1,-1,E,E,E,+1,+1,+2,+1,E,E,34,35,69,0.0,0.0,-1.0,0.0,0.0,0.0,0.0,1.0,0.0,1.0,-1.0,-1.0,0.0
35461,Beau Hossler,2,4.0,3.0,3.0,4.0,3.0,6.0,4.0,4.0,3.0,4.0,3.0,3.0,5.0,4.0,2.0,4.0,4.0,4.0,4,3,5,4,4,4,3,5,3,4,3,4,4,4,3,5,4,4,0.0,0.0,0.0,0.0,-1.0,E,E,-2,-2,-3,-1,E,-1,-1,-1,-1,-2,-1,-1,-2,-3,-3,-3,34,33,67,-2.0,0.0,-1.0,2.0,1.0,-1.0,0.0,1.0,0.0,-1.0,-1.0,0.0,0.0
54591,Ben Griffin,2,4.0,3.0,4.0,4.0,4.0,4.0,3.0,4.0,3.0,4.0,3.0,4.0,3.0,5.0,3.0,4.0,5.0,4.0,4,3,5,4,4,4,3,5,3,4,3,4,4,4,3,5,4,4,0.0,0.0,0.0,0.0,0.0,E,E,-1,-1,-1,-1,-1,-2,-2,-2,-2,-2,-3,-2,-2,-3,-2,-2,33,35,68,-1.0,0.0,0.0,0.0,0.0,-1.0,0.0,-1.0,1.0,0.0,-1.0,1.0,0.0
29420,Billy Horschel,2,5.0,2.0,6.0,4.0,4.0,3.0,2.0,4.0,3.0,4.0,3.0,4.0,5.0,6.0,4.0,3.0,5.0,3.0,4,3,5,4,4,4,3,5,3,4,3,4,4,4,3,5,4,4,1.0,-1.0,0.0,0.0,0.0,+3,+2,+3,+3,+3,+2,+1,E,E,E,E,E,+1,+3,+4,+2,+3,+2,33,37,70,1.0,0.0,0.0,-1.0,-1.0,-1.0,0.0,1.0,2.0,1.0,-2.0,1.0,-1.0
46443,Brian Campbell,2,4.0,6.0,4.0,5.0,5.0,4.0,3.0,5.0,3.0,3.0,3.0,4.0,5.0,4.0,3.0,6.0,4.0,5.0,4,3,5,4,4,4,3,5,3,4,3,4,4,4,3,5,4,4,0.0,2.0,-1.0,0.0,0.0,+2,+5,+4,+5,+6,+6,+6,+6,+6,-1,-1,-1,E,E,E,+1,+1,+2,39,37,76,-1.0,1.0,1.0,0.0,0.0,0.0,0.0,1.0,0.0,0.0,1.0,0.0,1.0
29535,Brice Garnett,2,4.0,3.0,3.0,4.0,4.0,4.0,3.0,6.0,3.0,3.0,3.0,4.0,4.0,5.0,4.0,4.0,3.0,4.0,4,3,5,4,4,4,3,5,3,4,3,4,4,4,3,5,4,4,0.0,0.0,-1.0,0.0,0.0,E,E,-2,-2,-2,-2,-2,-1,-1,-2,-2,-2,-2,-1,E,-1,-2,-2,34,34,68,-2.0,0.0,0.0,0.0,0.0,1.0,0.0,0.0,1.0,1.0,-1.0,-1.0,0.0
29268,Bronson Burgoon,2,4.0,3.0,5.0,4.0,4.0,4.0,3.0,4.0,3.0,4.0,3.0,4.0,3.0,4.0,4.0,4.0,4.0,4.0,4,3,5,4,4,4,3,5,3,4,3,4,4,4,3,5,4,4,0.0,0.0,0.0,0.0,0.0,-1,-1,-1,-1,-1,-1,-1,-2,-2,E,E,E,-1,-1,E,-1,-1,-1,34,34,68,0.0,0.0,0.0,0.0,0.0,-1.0,0.0,-1.0,0.0,1.0,-1.0,0.0,0.0
36689,Brooks Koepka,2,4.0,6.0,4.0,4.0,4.0,4.0,3.0,4.0,2.0,3.0,4.0,4.0,4.0,4.0,3.0,5.0,4.0,3.0,4,3,5,4,4,4,3,5,3,4,3,4,4,4,3,5,4,4,0.0,2.0,-1.0,1.0,0.0,-1,+2,+1,+1,+1,+1,+1,E,-1,-1,E,E,E,E,E,E,E,-1,35,34,69,-1.0,0.0,0.0,0.0,0.0,-1.0,-1.0,0.0,0.0,0.0,0.0,0.0,-1.0
51933,Casey Russell,2,4.0,5.0,4.0,5.0,5.0,4.0,4.0,5.0,3.0,4.0,2.0,4.0,4.0,5.0,3.0,6.0,3.0,4.0,4,3,5,4,4,4,3,5,3,4,3,4,4,4,3,5,4,4,0.0,2.0,0.0,-1.0,0.0,E,+2,+1,+2,+3,+3,+4,+4,+4,E,-1,-1,-1,E,E,+1,E,E,39,35,74,-1.0,1.0,1.0,0.0,1.0,0.0,0.0,0.0,1.0,0.0,1.0,-1.0,0.0
47983,Chad Ramey,2,4.0,3.0,5.0,5.0,3.0,4.0,2.0,4.0,4.0,4.0,3.0,4.0,5.0,4.0,2.0,4.0,3.0,4.0,4,3,5,4,4,4,3,5,3,4,3,4,4,4,3,5,4,4,0.0,0.0,0.0,0.0,0.0,-2,-2,-2,-1,-2,-2,-3,-4,-3,E,E,E,+1,+1,E,-1,-2,-2,34,33,67,0.0,1.0,-1.0,0.0,-1.0,-1.0,1.0,1.0,0.0,-1.0,-1.0,-1.0,0.0
54788,Chandler Blanchet,2,5.0,3.0,5.0,4.0,4.0,4.0,3.0,4.0,4.0,4.0,4.0,5.0,5.0,4.0,3.0,5.0,4.0,4.0,4,3,5,4,4,4,3,5,3,4,3,4,4,4,3,5,4,4,1.0,0.0,0.0,1.0,1.0,+4,+4,+4,+4,+4,+4,+4,+3,+4,E,+1,+2,+3,+3,+3,+3,+3,+3,36,38,74,0.0,0.0,0.0,0.0,0.0,-1.0,1.0,1.0,0.0,0.0,0.0,0.0,0.0
57900,Chandler Phillips,2,5.0,3.0,4.0,5.0,4.0,5.0,4.0,4.0,3.0,4.0,3.0,4.0,4.0,5.0,3.0,6.0,4.0,4.0,4,3,5,4,4,4,3,5,3,4,3,4,4,4,3,5,4,4,1.0,0.0,0.0,0.0,0.0,+1,+1,E,+1,+1,+2,+3,+2,+2,+2,+2,+2,+2,+3,+3,+4,+4,+4,37,37,74,-1.0,1.0,0.0,1.0,1.0,-1.0,0.0,0.0,1.0,0.0,1.0,0.0,0.0
12716,Charley Hoffman,2,4.0,3.0,4.0,4.0,4.0,4.0,3.0,5.0,3.0,3.0,3.0,5.0,5.0,5.0,3.0,4.0,4.0,3.0,4,3,5,4,4,4,3,5,3,4,3,4,4,4,3,5,4,4,0.0,0.0,-1.0,0.0,1.0,E,E,-1,-1,-1,-1,-1,-1,-1,-1,-1,E,+1,+2,+2,+1,+1,E,34,35,69,-1.0,0.0,0.0,0.0,0.0,0.0,0.0,1.0,1.0,0.0,-1.0,0.0,-1.0
59095,Chris Gotterup,2,4.0,2.0,4.0,4.0,3.0,4.0,3.0,6.0,2.0,5.0,3.0,4.0,4.0,4.0,3.0,6.0,4.0,4.0,4,3,5,4,4,4,3,5,3,4,3,4,4,4,3,5,4,4,0.0,-1.0,1.0,0.0,0.0,E,-1,-2,-2,-3,-3,-3,-2,-3,-2,-2,-2,-2,-2,-2,-1,-1,-1,32,37,69,-1.0,0.0,-1.0,0.0,0.0,1.0,-1.0,0.0,0.0,0.0,1.0,0.0,0.0
30926,Chris Kirk,2,4.0,3.0,4.0,4.0,4.0,4.0,3.0,5.0,3.0,4.0,3.0,4.0,4.0,4.0,2.0,5.0,4.0,3.0,4,3,5,4,4,4,3,5,3,4,3,4,4,4,3,5,4,4,0.0,0.0,0.0,0.0,0.0,-2,-2,-3,-3,-3,-3,-3,-3,-3,E,E,E,E,E,-1,-1,-1,-2,34,33,67,-1.0,0.0,0.0,0.0,0.0,0.0,0.0,0.0,0.0,-1.0,0.0,0.0,-1.0
45522,Christiaan Bezuidenhout,2,4.0,3.0,5.0,4.0,4.0,3.0,2.0,5.0,2.0,3.0,4.0,4.0,3.0,4.0,4.0,5.0,4.0,5.0,4,3,5,4,4,4,3,5,3,4,3,4,4,4,3,5,4,4,0.0,0.0,-1.0,1.0,0.0,+1,+1,+1,+1,+1,E,-1,-1,-2,-1,E,E,-1,-1,E,E,E,+1,32,36,68,0.0,0.0,0.0,-1.0,-1.0,0.0,-1.0,-1.0,0.0,1.0,0.0,0.0,1.0
54422,Christo Lamprecht,2,5.0,2.0,4.0,4.0,4.0,4.0,3.0,4.0,3.0,4.0,4.0,4.0,3.0,4.0,3.0,4.0,4.0,3.0,4,3,5,4,4,4,3,5,3,4,3,4,4,4,3,5,4,4,1.0,-1.0,0.0,1.0,0.0,-1,-2,-3,-3,-3,-3,-3,-4,-4,E,+1,+1,E,E,E,-1,-1,-2,33,33,66,-1.0,0.0,0.0,0.0,0.0,-1.0,0.0,-1.0,0.0,0.0,-1.0,0.0,-1.0
47987,Cole Hammer,2,5.0,3.0,4.0,4.0,4.0,4.0,2.0,6.0,3.0,4.0,3.0,5.0,4.0,4.0,3.0,6.0,4.0,4.0,4,3,5,4,4,4,3,5,3,4,3,4,4,4,3,5,4,4,1.0,0.0,0.0,0.0,1.0,+1,+1,E,E,E,E,-1,E,E,E,E,+1,+1,+1,+1,+2,+2,+2,35,37,72,-1.0,0.0,0.0,0.0,-1.0,1.0,0.0,0.0,0.0,0.0,1.0,0.0,0.0
57259,Dan Brown,2,5.0,4.0,4.0,4.0,4.0,5.0,2.0,5.0,3.0,5.0,3.0,4.0,4.0,4.0,3.0,5.0,5.0,4.0,4,3,5,4,4,4,3,5,3,4,3,4,4,4,3,5,4,4,1.0,1.0,1.0,0.0,0.0,+3,+4,+3,+3,+3,+4,+3,+3,+3,+1,+1,+1,+1,+1,+1,+1,+2,+2,36,37,73,-1.0,0.0,0.0,1.0,-1.0,0.0,0.0,0.0,0.0,0.0,0.0,1.0,0.0
54607,Danny Walker,2,4.0,4.0,3.0,5.0,4.0,4.0,3.0,4.0,3.0,4.0,3.0,5.0,4.0,5.0,3.0,4.0,5.0,3.0,4,3,5,4,4,4,3,5,3,4,3,4,4,4,3,5,4,4,0.0,1.0,0.0,0.0,1.0,E,+1,-1,E,E,E,E,-1,-1,-1,-1,E,E,+1,+1,E,+1,E,34,36,70,-2.0,1.0,0.0,0.0,0.0,-1.0,0.0,0.0,1.0,0.0,-1.0,1.0,-1.0
32139,Danny Willett,2,5.0,3.0,4.0,4.0,4.0,4.0,3.0,5.0,4.0,4.0,3.0,4.0,4.0,4.0,3.0,4.0,3.0,5.0,4,3,5,4,4,4,3,5,3,4,3,4,4,4,3,5,4,4,1.0,0.0,0.0,0.0,0.0,E,E,-1,-1,-1,-1,-1,-1,E,E,E,E,E,E,E,-1,-2,-1,36,34,70,-1.0,0.0,0.0,0.0,0.0,0.0,1.0,0.0,0.0,0.0,-1.0,-1.0,1.0
65256,David Ford,2,4.0,3.0,4.0,4.0,4.0,4.0,3.0,4.0,2.0,5.0,3.0,5.0,4.0,4.0,3.0,4.0,4.0,5.0,4,3,5,4,4,4,3,5,3,4,3,4,4,4,3,5,4,4,0.0,0.0,1.0,0.0,1.0,E,E,-1,-1,-1,-1,-1,-2,-3,-2,-2,-1,-1,-1,-1,-2,-2,-1,32,37,69,-1.0,0.0,0.0,0.0,0.0,-1.0,-1.0,0.0,0.0,0.0,-1.0,0.0,1.0
36326,David Lipsky,2,4.0,3.0,5.0,3.0,4.0,3.0,3.0,4.0,2.0,4.0,4.0,4.0,4.0,4.0,3.0,6.0,4.0,4.0,4,3,5,4,4,4,3,5,3,4,3,4,4,4,3,5,4,4,0.0,0.0,0.0,1.0,0.0,E,E,E,-1,-1,-2,-2,-3,-4,-4,-3,-3,-3,-3,-3,-2,-2,-2,31,37,68,0.0,-1.0,0.0,-1.0,0.0,-1.0,-1.0,0.0,0.0,0.0,1.0,0.0,0.0
59006,Davis Chatfield,2,4.0,3.0,5.0,4.0,4.0,3.0,3.0,4.0,2.0,4.0,4.0,4.0,4.0,5.0,4.0,7.0,3.0,5.0,4,3,5,4,4,4,3,5,3,4,3,4,4,4,3,5,4,4,0.0,0.0,0.0,1.0,0.0,E,E,E,E,E,-1,-1,-2,-3,-3,-2,-2,-2,-1,E,+2,+1,+2,32,40,72,0.0,0.0,0.0,-1.0,0.0,-1.0,-1.0,0.0,1.0,1.0,2.0,-1.0,1.0
47995,Davis Riley,2,5.0,2.0,5.0,3.0,4.0,4.0,3.0,4.0,3.0,4.0,3.0,4.0,4.0,4.0,3.0,4.0,3.0,3.0,4,3,5,4,4,4,3,5,3,4,3,4,4,4,3,5,4,4,1.0,-1.0,0.0,0.0,0.0,+1,E,E,-1,-1,-1,-1,-2,-2,-2,-2,-2,-2,-2,-2,-3,-4,-5,33,32,65,0.0,-1.0,0.0,0.0,0.0,-1.0,0.0,0.0,0.0,0.0,-1.0,-1.0,-1.0
58168,Davis Thompson,2,4.0,4.0,5.0,4.0,4.0,4.0,3.0,3.0,3.0,4.0,3.0,4.0,3.0,4.0,3.0,5.0,4.0,4.0,4,3,5,4,4,4,3,5,3,4,3,4,4,4,3,5,4,4,0.0,1.0,0.0,0.0,0.0,E,+1,+1,+1,+1,+1,+1,-1,-1,-1,-1,-1,-2,-2,-2,-2,-2,-2,34,34,68,0.0,0.0,0.0,0.0,0.0,-2.0,0.0,-1.0,0.0,0.0,0.0,0.0,0.0
47993,Denny McCarthy,2,4.0,2.0,4.0,5.0,4.0,3.0,2.0,5.0,3.0,4.0,4.0,5.0,4.0,4.0,3.0,4.0,4.0,4.0,4,3,5,4,4,4,3,5,3,4,3,4,4,4,3,5,4,4,0.0,-1.0,0.0,1.0,1.0,+1,E,-1,E,E,-1,-2,-2,-2,E,+1,+2,+2,+2,+2,+1,+1,+1,32,36,68,-1.0,1.0,0.0,-1.0,-1.0,0.0,0.0,0.0,0.0,0.0,-1.0,0.0,0.0
52375,Doug Ghim,2,4.0,2.0,5.0,5.0,4.0,3.0,3.0,5.0,4.0,3.0,3.0,4.0,3.0,4.0,3.0,5.0,4.0,4.0,4,3,5,4,4,4,3,5,3,4,3,4,4,4,3,5,4,4,0.0,-1.0,-1.0,0.0,0.0,-2,-3,-3,-2,-2,-3,-3,-3,-2,-1,-1,-1,-2,-2,-2,-2,-2,-2,35,33,68,0.0,1.0,0.0,-1.0,0.0,0.0,1.0,-1.0,0.0,0.0,0.0,0.0,0.0
54783,Dylan Wu,2,4.0,3.0,4.0,4.0,4.0,4.0,4.0,5.0,3.0,4.0,2.0,5.0,4.0,5.0,2.0,5.0,6.0,4.0,4,3,5,4,4,4,3,5,3,4,3,4,4,4,3,5,4,4,0.0,0.0,0.0,-1.0,1.0,+2,+2,+1,+1,+1,+1,+2,+2,+2,E,-1,E,E,+1,E,E,+2,+2,35,37,72,-1.0,0.0,0.0,0.0,1.0,0.0,0.0,0.0,1.0,-1.0,0.0,2.0,0.0
31646,Emiliano Grillo,2,4.0,3.0,5.0,4.0,3.0,3.0,3.0,4.0,3.0,4.0,4.0,3.0,3.0,5.0,3.0,4.0,4.0,5.0,4,3,5,4,4,4,3,5,3,4,3,4,4,4,3,5,4,4,0.0,0.0,0.0,1.0,-1.0,E,E,E,E,-1,-2,-2,-3,-3,-3,-2,-3,-4,-3,-3,-4,-4,-3,32,35,67,0.0,0.0,-1.0,-1.0,0.0,-1.0,0.0,-1.0,1.0,0.0,-1.0,0.0,1.0
47591,Eric Cole,2,4.0,3.0,4.0,5.0,3.0,4.0,2.0,5.0,3.0,4.0,3.0,4.0,4.0,4.0,3.0,7.0,4.0,4.0,4,3,5,4,4,4,3,5,3,4,3,4,4,4,3,5,4,4,0.0,0.0,0.0,0.0,0.0,E,E,-1,E,-1,-1,-2,-2,-2,-2,-2,-2,-2,-2,-2,E,E,E,33,37,70,-1.0,1.0,-1.0,0.0,-1.0,0.0,0.0,0.0,0.0,0.0,2.0,0.0,0.0
40006,Erik van Rooyen,2,4.0,3.0,5.0,4.0,3.0,3.0,3.0,4.0,3.0,4.0,3.0,4.0,4.0,5.0,3.0,5.0,4.0,4.0,4,3,5,4,4,4,3,5,3,4,3,4,4,4,3,5,4,4,0.0,0.0,0.0,0.0,0.0,+1,+1,+1,+1,E,-1,-1,-2,-2,E,E,E,E,+1,+1,+1,+1,+1,32,36,68,0.0,0.0,-1.0,-1.0,0.0,-1.0,0.0,0.0,1.0,0.0,0.0,0.0,0.0
54421,Garrick Higgo,2,4.0,3.0,4.0,4.0,4.0,3.0,3.0,5.0,2.0,4.0,4.0,4.0,5.0,4.0,3.0,4.0,3.0,4.0,4,3,5,4,4,4,3,5,3,4,3,4,4,4,3,5,4,4,0.0,0.0,0.0,1.0,0.0,E,E,-1,-1,-1,-2,-2,-2,-3,E,+1,+1,+2,+2,+2,+1,E,E,32,35,67,-1.0,0.0,0.0,-1.0,0.0,0.0,-1.0,1.0,0.0,0.0,-1.0,-1.0,0.0
31323,Gary Woodland,2,4.0,3.0,4.0,4.0,3.0,4.0,3.0,4.0,3.0,3.0,3.0,3.0,5.0,4.0,3.0,4.0,3.0,3.0,4,3,5,4,4,4,3,5,3,4,3,4,4,4,3,5,4,4,0.0,0.0,-1.0,0.0,-1.0,E,E,-1,-1,-2,-2,-2,-3,-3,-4,-4,-5,-4,-4,-4,-5,-6,-7,32,31,63,-1.0,0.0,-1.0,0.0,0.0,-1.0,0.0,1.0,0.0,0.0,-1.0,-1.0,-1.0
64442,Gordon Sargent,2,4.0,4.0,4.0,4.0,4.0,4.0,3.0,4.0,3.0,3.0,3.0,4.0,3.0,5.0,4.0,4.0,4.0,4.0,4,3,5,4,4,4,3,5,3,4,3,4,4,4,3,5,4,4,0.0,1.0,-1.0,0.0,0.0,-1,E,-1,-1,-1,-1,-1,-2,-2,-1,-1,-1,-2,-1,E,-1,-1,-1,34,34,68,-1.0,0.0,0.0,0.0,0.0,-1.0,0.0,-1.0,1.0,1.0,-1.0,0.0,0.0
49766,Hank Lebioda,2,4.0,3.0,4.0,4.0,4.0,4.0,3.0,5.0,3.0,4.0,3.0,3.0,4.0,4.0,3.0,6.0,4.0,3.0,4,3,5,4,4,4,3,5,3,4,3,4,4,4,3,5,4,4,0.0,0.0,0.0,0.0,-1.0,-1,-1,-2,-2,-2,-2,-2,-2,-2,E,E,-1,-1,-1,-1,E,E,-1,34,34,68,-1.0,0.0,0.0,0.0,0.0,0.0,0.0,0.0,0.0,0.0,1.0,0.0,-1.0
35296,Haotong Li,2,3.0,3.0,5.0,4.0,4.0,4.0,3.0,5.0,2.0,4.0,4.0,5.0,4.0,5.0,3.0,4.0,4.0,4.0,4,3,5,4,4,4,3,5,3,4,3,4,4,4,3,5,4,4,-1.0,0.0,0.0,1.0,1.0,+1,+1,+1,+1,+1,+1,+1,+1,E,E,+1,+2,+2,+3,+3,+2,+2,+2,33,37,70,0.0,0.0,0.0,0.0,0.0,0.0,-1.0,0.0,1.0,0.0,-1.0,0.0,0.0
34099,Harris English,2,4.0,3.0,5.0,4.0,4.0,4.0,3.0,4.0,2.0,4.0,3.0,4.0,4.0,4.0,3.0,4.0,4.0,3.0,4,3,5,4,4,4,3,5,3,4,3,4,4,4,3,5,4,4,0.0,0.0,0.0,0.0,0.0,-2,-2,-2,-2,-2,-2,-2,-3,-4,E,E,E,E,E,E,-1,-1,-2,33,33,66,0.0,0.0,0.0,0.0,0.0,-1.0,-1.0,0.0,0.0,0.0,-1.0,0.0,-1.0
57975,Harry Hall,2,4.0,2.0,4.0,4.0,4.0,4.0,3.0,4.0,3.0,4.0,4.0,4.0,4.0,4.0,3.0,4.0,4.0,4.0,4,3,5,4,4,4,3,5,3,4,3,4,4,4,3,5,4,4,0.0,-1.0,0.0,1.0,0.0,E,-1,-2,-2,-2,-2,-2,-3,-3,E,+1,+1,+1,+1,+1,E,E,E,32,35,67,-1.0,0.0,0.0,0.0,0.0,-1.0,0.0,0.0,0.0,0.0,-1.0,0.0,0.0
56781,Isaiah Salinda,2,4.0,3.0,4.0,3.0,5.0,4.0,3.0,4.0,4.0,4.0,3.0,4.0,3.0,4.0,4.0,6.0,4.0,4.0,4,3,5,4,4,4,3,5,3,4,3,4,4,4,3,5,4,4,0.0,0.0,0.0,0.0,0.0,+1,+1,E,-1,E,E,E,-1,E,E,E,E,-1,-1,E,+1,+1,+1,34,36,70,-1.0,-1.0,1.0,0.0,0.0,-1.0,1.0,-1.0,0.0,1.0,1.0,0.0,0.0
49771,J.T. Poston,2,4.0,3.0,4.0,4.0,4.0,4.0,3.0,5.0,3.0,4.0,3.0,4.0,4.0,4.0,3.0,5.0,3.0,4.0,4,3,5,4,4,4,3,5,3,4,3,4,4,4,3,5,4,4,0.0,0.0,0.0,0.0,0.0,E,E,-1,-1,-1,-1,-1,-1,-1,-1,-1,-1,-1,-1,-1,-1,-2,-2,34,34,68,-1.0,0.0,0.0,0.0,0.0,0.0,0.0,0.0,0.0,0.0,0.0,-1.0,0.0
60019,Jackson Suber,2,3.0,3.0,5.0,4.0,3.0,3.0,3.0,5.0,3.0,4.0,3.0,3.0,3.0,3.0,3.0,4.0,4.0,4.0,4,3,5,4,4,4,3,5,3,4,3,4,4,4,3,5,4,4,-1.0,0.0,0.0,0.0,-1.0,-5,-5,-5,-5,-6,-7,-7,-7,-7,E,E,-1,-2,-3,-3,-4,-4,-4,32,31,63,0.0,0.0,-1.0,-1.0,0.0,0.0,0.0,-1.0,-1.0,0.0,-1.0,0.0,0.0
47420,Jake Knapp,2,5.0,3.0,3.0,4.0,4.0,4.0,2.0,5.0,3.0,4.0,3.0,3.0,3.0,4.0,3.0,4.0,4.0,4.0,4,3,5,4,4,4,3,5,3,4,3,4,4,4,3,5,4,4,1.0,0.0,0.0,0.0,-1.0,-2,-2,-4,-4,-4,-4,-5,-5,-5,E,E,-1,-2,-2,-2,-3,-3,-3,33,32,65,-2.0,0.0,0.0,0.0,-1.0,0.0,0.0,-1.0,0.0,0.0,-1.0,0.0,0.0
28089,Jason Day,2,3.0,2.0,4.0,4.0,4.0,4.0,2.0,4.0,3.0,4.0,3.0,4.0,4.0,3.0,3.0,5.0,3.0,4.0,4,3,5,4,4,4,3,5,3,4,3,4,4,4,3,5,4,4,-1.0,-1.0,0.0,0.0,0.0,-1,-2,-3,-3,-3,-3,-4,-5,-5,-5,-5,-5,-5,-6,-6,-6,-7,-7,30,33,63,-1.0,0.0,0.0,0.0,-1.0,-1.0,0.0,0.0,-1.0,0.0,0.0,-1.0,0.0
47393,Jeffrey Kang,2,4.0,3.0,4.0,3.0,4.0,4.0,3.0,4.0,3.0,3.0,3.0,4.0,4.0,4.0,3.0,4.0,4.0,4.0,4,3,5,4,4,4,3,5,3,4,3,4,4,4,3,5,4,4,0.0,0.0,-1.0,0.0,0.0,-2,-2,-3,-4,-4,-4,-4,-5,-5,-1,-1,-1,-1,-1,-1,-2,-2,-2,32,33,65,-1.0,-1.0,0.0,0.0,0.0,-1.0,0.0,0.0,0.0,0.0,-1.0,0.0,0.0
57586,Jesper Svensson,2,4.0,3.0,4.0,4.0,5.0,3.0,3.0,5.0,3.0,4.0,3.0,4.0,4.0,5.0,3.0,5.0,4.0,4.0,4,3,5,4,4,4,3,5,3,4,3,4,4,4,3,5,4,4,0.0,0.0,0.0,0.0,0.0,E,E,-1,-1,E,-1,-1,-1,-1,-1,-1,-1,-1,E,E,E,E,E,34,36,70,-1.0,0.0,1.0,-1.0,0.0,0.0,0.0,0.0,1.0,0.0,0.0,0.0,0.0
27064,Jhonattan Vegas,2,3.0,4.0,4.0,3.0,5.0,4.0,3.0,4.0,3.0,4.0,3.0,4.0,4.0,5.0,3.0,5.0,3.0,3.0,4,3,5,4,4,4,3,5,3,4,3,4,4,4,3,5,4,4,-1.0,1.0,0.0,0.0,0.0,-2,-1,-2,-3,-2,-2,-2,-3,-3,E,E,E,E,+1,+1,+1,E,-1,33,34,67,-1.0,-1.0,1.0,0.0,0.0,-1.0,0.0,0.0,1.0,0.0,0.0,-1.0,-1.0
51600,Jimmy Stanger,2,4.0,3.0,6.0,4.0,3.0,4.0,3.0,5.0,3.0,4.0,3.0,4.0,4.0,3.0,3.0,4.0,4.0,4.0,4,3,5,4,4,4,3,5,3,4,3,4,4,4,3,5,4,4,0.0,0.0,0.0,0.0,0.0,-2,-2,-1,-1,-2,-2,-2,-2,-2,E,E,E,E,-1,-1,-2,-2,-2,35,33,68,1.0,0.0,-1.0,0.0,0.0,0.0,0.0,0.0,-1.0,0.0,-1.0,0.0,0.0
60067,Joe Highsmith,2,4.0,3.0,5.0,4.0,4.0,4.0,2.0,6.0,3.0,4.0,3.0,4.0,4.0,4.0,3.0,4.0,3.0,4.0,4,3,5,4,4,4,3,5,3,4,3,4,4,4,3,5,4,4,0.0,0.0,0.0,0.0,0.0,E,E,E,E,E,E,-1,E,E,E,E,E,E,E,E,-1,-2,-2,35,33,68,0.0,0.0,0.0,0.0,-1.0,1.0,0.0,0.0,0.0,0.0,-1.0,-1.0,0.0
28723,John Parry,2,4.0,3.0,5.0,4.0,4.0,4.0,3.0,5.0,2.0,3.0,3.0,3.0,4.0,5.0,3.0,5.0,4.0,4.0,4,3,5,4,4,4,3,5,3,4,3,4,4,4,3,5,4,4,0.0,0.0,-1.0,0.0,-1.0,-1,-1,-1,-1,-1,-1,-1,-1,-2,-1,-1,-2,-2,-1,-1,-1,-1,-1,34,34,68,0.0,0.0,0.0,0.0,0.0,0.0,-1.0,0.0,1.0,0.0,0.0,0.0,0.0
55573,John VanDerLaan,2,4.0,3.0,4.0,5.0,4.0,3.0,4.0,5.0,3.0,3.0,3.0,4.0,4.0,5.0,3.0,4.0,4.0,3.0,4,3,5,4,4,4,3,5,3,4,3,4,4,4,3,5,4,4,0.0,0.0,-1.0,0.0,0.0,-2,-2,-3,-2,-2,-3,-2,-2,-2,-1,-1,-1,-1,E,E,-1,-1,-2,35,33,68,-1.0,1.0,0.0,-1.0,1.0,0.0,0.0,0.0,1.0,0.0,-1.0,0.0,-1.0
63454,Johnny Keefer,2,4.0,2.0,5.0,4.0,3.0,4.0,3.0,4.0,3.0,4.0,3.0,4.0,5.0,3.0,3.0,5.0,5.0,4.0,4,3,5,4,4,4,3,5,3,4,3,4,4,4,3,5,4,4,0.0,-1.0,0.0,0.0,0.0,E,-1,-1,-1,-2,-2,-2,-3,-3,-3,-3,-3,-2,-3,-3,-3,-2,-2,32,36,68,0.0,0.0,-1.0,0.0,0.0,-1.0,0.0,1.0,-1.0,0.0,0.0,1.0,0.0
46464,Jordan Smith,2,4.0,5.0,4.0,5.0,4.0,3.0,3.0,6.0,3.0,4.0,3.0,4.0,4.0,4.0,3.0,3.0,3.0,4.0,4,3,5,4,4,4,3,5,3,4,3,4,4,4,3,5,4,4,0.0,2.0,0.0,0.0,0.0,E,+2,+1,+2,+2,+1,+1,+2,+2,+2,+2,+2,+2,+2,+2,E,-1,-1,37,32,69,-1.0,1.0,0.0,-1.0,0.0,1.0,0.0,0.0,0.0,0.0,-2.0,-1.0,0.0
40162,Justin Lower,2,5.0,4.0,4.0,5.0,4.0,4.0,4.0,6.0,3.0,4.0,3.0,4.0,5.0,5.0,3.0,5.0,4.0,5.0,4,3,5,4,4,4,3,5,3,4,3,4,4,4,3,5,4,4,1.0,1.0,0.0,0.0,0.0,+1,+2,+1,+2,+2,+2,+3,+4,+4,+4,+4,+4,+5,+6,+6,+6,+6,+7,39,38,77,-1.0,1.0,0.0,0.0,1.0,1.0,0.0,1.0,1.0,0.0,0.0,0.0,1.0
32791,K.H. Lee,2,4.0,5.0,5.0,4.0,3.0,4.0,3.0,5.0,3.0,4.0,4.0,5.0,4.0,4.0,3.0,5.0,4.0,4.0,4,3,5,4,4,4,3,5,3,4,3,4,4,4,3,5,4,4,0.0,2.0,0.0,1.0,1.0,+2,+4,+4,+4,+3,+3,+3,+3,+3,E,+1,+2,+2,+2,+2,+2,+2,+2,36,37,73,0.0,0.0,-1.0,0.0,0.0,0.0,0.0,0.0,0.0,0.0,0.0,0.0,0.0
54304,Karl Vilips,2,5.0,2.0,5.0,3.0,4.0,4.0,3.0,4.0,3.0,4.0,3.0,4.0,3.0,4.0,2.0,5.0,3.0,4.0,4,3,5,4,4,4,3,5,3,4,3,4,4,4,3,5,4,4,1.0,-1.0,0.0,0.0,0.0,+1,E,E,-1,-1,-1,-1,-2,-2,-2,-2,-2,-3,-3,-4,-4,-5,-5,33,32,65,0.0,-1.0,0.0,0.0,0.0,-1.0,0.0,-1.0,0.0,-1.0,0.0,-1.0,0.0
39546,Keith Mitchell,2,4.0,4.0,4.0,4.0,4.0,4.0,2.0,4.0,3.0,3.0,3.0,5.0,3.0,4.0,3.0,4.0,4.0,4.0,4,3,5,4,4,4,3,5,3,4,3,4,4,4,3,5,4,4,0.0,1.0,-1.0,0.0,1.0,E,+1,E,E,E,E,-1,-2,-2,-3,-3,-2,-3,-3,-3,-4,-4,-4,33,33,66,-1.0,0.0,0.0,0.0,-1.0,-1.0,0.0,-1.0,0.0,0.0,-1.0,0.0,0.0
49120,Kensei Hirata,2,4.0,3.0,4.0,4.0,4.0,3.0,3.0,5.0,3.0,5.0,3.0,4.0,4.0,4.0,3.0,4.0,4.0,5.0,4,3,5,4,4,4,3,5,3,4,3,4,4,4,3,5,4,4,0.0,0.0,1.0,0.0,0.0,+1,+1,E,E,E,-1,-1,-1,-1,+1,+1,+1,+1,+1,+1,E,E,+1,33,36,69,-1.0,0.0,0.0,-1.0,0.0,0.0,0.0,0.0,0.0,0.0,-1.0,0.0,1.0
39335,Kevin Roy,2,5.0,3.0,5.0,5.0,4.0,4.0,2.0,5.0,3.0,4.0,3.0,4.0,4.0,5.0,4.0,4.0,4.0,3.0,4,3,5,4,4,4,3,5,3,4,3,4,4,4,3,5,4,4,1.0,0.0,0.0,0.0,0.0,+1,+1,+1,+2,+2,+2,+1,+1,+1,E,E,E,E,+1,+2,+1,+1,E,36,35,71,0.0,1.0,0.0,0.0,-1.0,0.0,0.0,0.0,1.0,1.0,-1.0,0.0,-1.0
45242,Kevin Yu,2,4.0,3.0,4.0,4.0,4.0,4.0,4.0,4.0,2.0,4.0,3.0,3.0,5.0,4.0,3.0,5.0,4.0,4.0,4,3,5,4,4,4,3,5,3,4,3,4,4,4,3,5,4,4,0.0,0.0,0.0,0.0,-1.0,E,E,-1,-1,-1,-1,E,-1,-2,E,E,-1,E,E,E,E,E,E,33,35,68,-1.0,0.0,0.0,0.0,1.0,-1.0,-1.0,1.0,0.0,0.0,0.0,0.0,0.0
35658,Kris Ventura,2,4.0,4.0,4.0,4.0,4.0,4.0,4.0,4.0,3.0,4.0,3.0,4.0,4.0,4.0,3.0,3.0,5.0,3.0,4,3,5,4,4,4,3,5,3,4,3,4,4,4,3,5,4,4,0.0,1.0,0.0,0.0,0.0,E,+1,E,E,E,E,+1,E,E,E,E,E,E,E,E,-2,-1,-2,35,33,68,-1.0,0.0,0.0,0.0,1.0,-1.0,0.0,0.0,0.0,0.0,-2.0,1.0,-1.0
49855,Kristoffer Reitan,2,4.0,3.0,4.0,4.0,3.0,3.0,3.0,4.0,3.0,3.0,4.0,4.0,4.0,5.0,4.0,5.0,5.0,4.0,4,3,5,4,4,4,3,5,3,4,3,4,4,4,3,5,4,4,0.0,0.0,-1.0,1.0,0.0,+3,+3,+2,+2,+1,E,E,-1,-1,-1,E,E,E,+1,+2,+2,+3,+3,31,38,69,-1.0,0.0,-1.0,-1.0,0.0,-1.0,0.0,0.0,1.0,1.0,0.0,1.0,0.0
48117,Kurt Kitayama,2,4.0,3.0,5.0,4.0,4.0,3.0,3.0,5.0,3.0,4.0,3.0,4.0,4.0,4.0,3.0,7.0,4.0,4.0,4,3,5,4,4,4,3,5,3,4,3,4,4,4,3,5,4,4,0.0,0.0,0.0,0.0,0.0,+2,+2,+2,+2,+2,+1,+1,+1,+1,E,E,E,E,E,E,+2,+2,+2,34,37,71,0.0,0.0,0.0,-1.0,0.0,0.0,0.0,0.0,0.0,0.0,2.0,0.0,0.0
54628,Lee Hodges,2,4.0,3.0,5.0,4.0,4.0,4.0,2.0,5.0,3.0,4.0,3.0,5.0,5.0,5.0,3.0,4.0,4.0,3.0,4,3,5,4,4,4,3,5,3,4,3,4,4,4,3,5,4,4,0.0,0.0,0.0,0.0,1.0,E,E,E,E,E,E,-1,-1,-1,-1,-1,E,+1,+2,+2,+1,+1,E,34,36,70,0.0,0.0,0.0,0.0,-1.0,0.0,0.0,1.0,1.0,0.0,-1.0,0.0,-1.0
25900,Lucas Glover,2,5.0,4.0,5.0,4.0,4.0,4.0,3.0,5.0,4.0,4.0,3.0,4.0,4.0,4.0,3.0,5.0,4.0,4.0,4,3,5,4,4,4,3,5,3,4,3,4,4,4,3,5,4,4,1.0,1.0,0.0,0.0,0.0,+1,+2,+2,+2,+2,+2,+2,+2,+3,+3,+3,+3,+3,+3,+3,+3,+3,+3,38,35,73,0.0,0.0,0.0,0.0,0.0,0.0,1.0,0.0,0.0,0.0,0.0,0.0,0.0
66743,Luke Clanton,2,4.0,2.0,4.0,4.0,4.0,4.0,3.0,5.0,4.0,4.0,3.0,4.0,4.0,4.0,3.0,5.0,4.0,4.0,4,3,5,4,4,4,3,5,3,4,3,4,4,4,3,5,4,4,0.0,-1.0,0.0,0.0,0.0,E,-1,-2,-2,-2,-2,-2,-2,-1,-1,-1,-1,-1,-1,-1,-1,-1,-1,34,35,69,-1.0,0.0,0.0,0.0,0.0,0.0,1.0,0.0,0.0,0.0,0.0,0.0,0.0
59143,Mac Meissner,2,5.0,3.0,5.0,3.0,4.0,4.0,2.0,4.0,3.0,4.0,2.0,4.0,4.0,4.0,4.0,5.0,5.0,4.0,4,3,5,4,4,4,3,5,3,4,3,4,4,4,3,5,4,4,1.0,0.0,0.0,-1.0,0.0,+1,+1,+1,E,E,E,-1,-2,-2,-2,-3,-3,-3,-3,-2,-2,-1,-1,33,36,69,0.0,-1.0,0.0,0.0,-1.0,-1.0,0.0,0.0,0.0,1.0,0.0,1.0,0.0
35506,Mackenzie Hughes,2,4.0,2.0,4.0,4.0,4.0,4.0,4.0,4.0,3.0,5.0,3.0,4.0,4.0,5.0,3.0,3.0,4.0,4.0,4,3,5,4,4,4,3,5,3,4,3,4,4,4,3,5,4,4,0.0,-1.0,1.0,0.0,0.0,E,-1,-2,-2,-2,-2,-1,-2,-2,+1,+1,+1,+1,+2,+2,E,E,E,33,35,68,-1.0,0.0,0.0,0.0,1.0,-1.0,0.0,0.0,1.0,0.0,-2.0,0.0,0.0
51003,Marco Penge,2,4.0,3.0,5.0,4.0,5.0,4.0,3.0,4.0,3.0,6.0,3.0,4.0,4.0,4.0,2.0,7.0,4.0,4.0,4,3,5,4,4,4,3,5,3,4,3,4,4,4,3,5,4,4,0.0,0.0,2.0,0.0,0.0,E,E,E,E,+1,+1,+1,E,E,+2,+2,+2,+2,+2,+1,+3,+3,+3,35,38,73,0.0,0.0,1.0,0.0,0.0,-1.0,0.0,0.0,0.0,-1.0,2.0,0.0,0.0
36801,Mark Hubbard,2,4.0,4.0,5.0,4.0,4.0,4.0,3.0,5.0,3.0,4.0,3.0,4.0,5.0,4.0,2.0,5.0,3.0,5.0,4,3,5,4,4,4,3,5,3,4,3,4,4,4,3,5,4,4,0.0,1.0,0.0,0.0,0.0,E,+1,+1,+1,+1,+1,+1,+1,+1,+1,+1,+1,+2,+2,+1,+1,E,+1,36,35,71,0.0,0.0,0.0,0.0,0.0,0.0,0.0,1.0,0.0,-1.0,0.0,-1.0,1.0
68607,Mason Howell,2,5.0,3.0,5.0,4.0,3.0,4.0,2.0,5.0,2.0,4.0,2.0,3.0,4.0,5.0,3.0,4.0,4.0,4.0,4,3,5,4,4,4,3,5,3,4,3,4,4,4,3,5,4,4,1.0,0.0,0.0,-1.0,-1.0,+1,+1,+1,+1,E,E,-1,-1,-2,-2,-3,-4,-4,-3,-3,-4,-4,-4,33,33,66,0.0,0.0,-1.0,0.0,-1.0,0.0,-1.0,0.0,1.0,0.0,-1.0,0.0,0.0
23108,Matt Kuchar,2,4.0,4.0,4.0,5.0,4.0,4.0,4.0,5.0,3.0,3.0,3.0,5.0,4.0,4.0,3.0,5.0,3.0,4.0,4,3,5,4,4,4,3,5,3,4,3,4,4,4,3,5,4,4,0.0,1.0,-1.0,0.0,1.0,E,+1,E,+1,+1,+1,+2,+2,+2,+1,+1,+2,+2,+2,+2,+2,+1,+1,37,34,71,-1.0,1.0,0.0,0.0,1.0,0.0,0.0,0.0,0.0,0.0,0.0,-1.0,0.0
48887,Matt Wallace,2,5.0,3.0,4.0,3.0,4.0,4.0,3.0,5.0,3.0,4.0,3.0,4.0,4.0,4.0,3.0,5.0,4.0,3.0,4,3,5,4,4,4,3,5,3,4,3,4,4,4,3,5,4,4,1.0,0.0,0.0,0.0,0.0,+1,+1,E,-1,-1,-1,-1,-1,-1,-1,-1,-1,-1,-1,-1,-1,-1,-2,34,34,68,-1.0,-1.0,0.0,0.0,0.0,0.0,0.0,0.0,0.0,0.0,0.0,0.0,-1.0
48153,Matthieu Pavon,2,5.0,3.0,4.0,3.0,4.0,4.0,2.0,5.0,4.0,4.0,3.0,4.0,3.0,4.0,3.0,5.0,5.0,5.0,4,3,5,4,4,4,3,5,3,4,3,4,4,4,3,5,4,4,1.0,0.0,0.0,0.0,0.0,+2,+2,+1,E,E,E,-1,-1,E,E,E,E,-1,-1,-1,-1,E,+1,34,36,70,-1.0,-1.0,0.0,0.0,-1.0,0.0,1.0,-1.0,0.0,0.0,0.0,1.0,1.0
48867,Matti Schmid,2,3.0,3.0,4.0,4.0,5.0,4.0,3.0,5.0,3.0,5.0,3.0,3.0,4.0,6.0,3.0,4.0,4.0,3.0,4,3,5,4,4,4,3,5,3,4,3,4,4,4,3,5,4,4,-1.0,0.0,1.0,0.0,-1.0,-1,-1,-2,-2,-1,-1,-1,-1,-1,+1,+1,E,E,+2,+2,+1,+1,E,34,35,69,-1.0,0.0,1.0,0.0,0.0,0.0,0.0,0.0,2.0,0.0,-1.0,0.0,-1.0
51977,Max Greyserman,2,4.0,3.0,4.0,4.0,4.0,4.0,4.0,5.0,3.0,5.0,3.0,6.0,4.0,5.0,3.0,5.0,4.0,4.0,4,3,5,4,4,4,3,5,3,4,3,4,4,4,3,5,4,4,0.0,0.0,1.0,0.0,2.0,E,E,-1,-1,-1,-1,E,E,E,+1,+1,+3,+3,+4,+4,+4,+4,+4,35,39,74,-1.0,0.0,0.0,0.0,1.0,0.0,0.0,0.0,1.0,0.0,0.0,0.0,0.0
51950,Max McGreevy,2,4.0,2.0,4.0,4.0,4.0,4.0,3.0,4.0,2.0,3.0,3.0,4.0,4.0,4.0,2.0,5.0,4.0,3.0,4,3,5,4,4,4,3,5,3,4,3,4,4,4,3,5,4,4,0.0,-1.0,-1.0,0.0,0.0,E,-1,-2,-2,-2,-2,-2,-3,-4,-5,-5,-5,-5,-5,-6,-6,-6,-7,31,32,63,-1.0,0.0,0.0,0.0,0.0,-1.0,-1.0,0.0,0.0,-1.0,0.0,0.0,-1.0
61522,Michael Brennan,2,5.0,3.0,3.0,4.0,4.0,4.0,3.0,4.0,2.0,4.0,3.0,4.0,4.0,5.0,3.0,8.0,4.0,4.0,4,3,5,4,4,4,3,5,3,4,3,4,4,4,3,5,4,4,1.0,0.0,0.0,0.0,0.0,+5,+5,+3,+3,+3,+3,+3,+2,+1,E,E,E,E,+1,+1,+4,+4,+4,32,39,71,-2.0,0.0,0.0,0.0,0.0,-1.0,-1.0,0.0,1.0,0.0,2.0,0.0,0.0
57364,Michael Thorbjornsen,2,4.0,2.0,4.0,4.0,3.0,4.0,3.0,5.0,3.0,3.0,3.0,4.0,3.0,4.0,3.0,4.0,4.0,4.0,4,3,5,4,4,4,3,5,3,4,3,4,4,4,3,5,4,4,0.0,-1.0,-1.0,0.0,0.0,-3,-4,-5,-5,-6,-6,-6,-6,-6,-1,-1,-1,-2,-2,-2,-3,-3,-3,32,32,64,-1.0,0.0,-1.0,0.0,0.0,0.0,0.0,-1.0,0.0,0.0,-1.0,0.0,0.0
37378,Min Woo Lee,2,4.0,2.0,4.0,4.0,4.0,4.0,3.0,4.0,2.0,4.0,3.0,4.0,4.0,4.0,2.0,3.0,4.0,4.0,4,3,5,4,4,4,3,5,3,4,3,4,4,4,3,5,4,4,0.0,-1.0,0.0,0.0,0.0,-3,-4,-5,-5,-5,-5,-5,-6,-7,E,E,E,E,E,-1,-3,-3,-3,31,32,63,-1.0,0.0,0.0,0.0,0.0,-1.0,-1.0,0.0,0.0,-1.0,-2.0,0.0,0.0
63807,Neal Shipley,2,4.0,3.0,5.0,5.0,4.0,4.0,2.0,5.0,3.0,4.0,3.0,3.0,4.0,5.0,3.0,5.0,4.0,4.0,4,3,5,4,4,4,3,5,3,4,3,4,4,4,3,5,4,4,0.0,0.0,0.0,0.0,-1.0,E,E,E,+1,+1,+1,E,E,E,E,E,-1,-1,E,E,E,E,E,35,35,70,0.0,1.0,0.0,0.0,-1.0,0.0,0.0,0.0,1.0,0.0,0.0,0.0,0.0
59866,Nick Dunlap,2,4.0,3.0,5.0,4.0,5.0,3.0,2.0,5.0,2.0,4.0,3.0,4.0,4.0,3.0,3.0,5.0,4.0,4.0,4,3,5,4,4,4,3,5,3,4,3,4,4,4,3,5,4,4,0.0,0.0,0.0,0.0,0.0,-1,-1,-1,-1,E,-1,-2,-2,-3,E,E,E,E,-1,-1,-1,-1,-1,33,34,67,0.0,0.0,1.0,-1.0,-1.0,0.0,-1.0,0.0,-1.0,0.0,0.0,0.0,0.0
51349,Nico Echavarria,2,4.0,3.0,4.0,4.0,3.0,4.0,4.0,6.0,2.0,3.0,3.0,4.0,3.0,5.0,4.0,4.0,4.0,5.0,4,3,5,4,4,4,3,5,3,4,3,4,4,4,3,5,4,4,0.0,0.0,-1.0,0.0,0.0,E,E,-1,-1,-2,-2,-1,E,-1,-2,-2,-2,-3,-2,-1,-2,-2,-1,34,35,69,-1.0,0.0,-1.0,0.0,1.0,1.0,-1.0,-1.0,1.0,1.0,-1.0,0.0,1.0
52453,Nicolai Højgaard,2,4.0,3.0,3.0,4.0,3.0,3.0,3.0,4.0,3.0,4.0,3.0,4.0,5.0,4.0,2.0,4.0,3.0,3.0,4,3,5,4,4,4,3,5,3,4,3,4,4,4,3,5,4,4,0.0,0.0,0.0,0.0,0.0,E,E,-2,-2,-3,-4,-4,-5,-5,-5,-5,-5,-4,-4,-5,-6,-7,-8,30,32,62,-2.0,0.0,-1.0,-1.0,0.0,-1.0,0.0,1.0,0.0,-1.0,-1.0,-1.0,-1.0
54576,Patrick Fishburn,2,5.0,2.0,4.0,4.0,6.0,4.0,3.0,5.0,4.0,4.0,3.0,4.0,3.0,4.0,3.0,6.0,4.0,5.0,4,3,5,4,4,4,3,5,3,4,3,4,4,4,3,5,4,4,1.0,-1.0,0.0,0.0,0.0,+2,+1,E,E,+2,+2,+2,+2,+3,E,E,E,-1,-1,-1,E,E,+1,37,36,73,-1.0,0.0,2.0,0.0,0.0,0.0,1.0,-1.0,0.0,0.0,1.0,0.0,1.0
36699,Patrick Rodgers,2,4.0,4.0,4.0,4.0,4.0,4.0,3.0,5.0,3.0,4.0,3.0,4.0,5.0,5.0,3.0,4.0,5.0,4.0,4,3,5,4,4,4,3,5,3,4,3,4,4,4,3,5,4,4,0.0,1.0,0.0,0.0,0.0,+2,+3,+2,+2,+2,+2,+2,+2,+2,E,E,E,+1,+2,+2,+1,+2,+2,35,37,72,-1.0,0.0,0.0,0.0,0.0,0.0,0.0,1.0,1.0,0.0,-1.0,1.0,0.0
32757,Patton Kizzire,2,4.0,3.0,4.0,4.0,4.0,3.0,2.0,7.0,3.0,4.0,3.0,5.0,5.0,6.0,4.0,5.0,4.0,4.0,4,3,5,4,4,4,3,5,3,4,3,4,4,4,3,5,4,4,0.0,0.0,0.0,0.0,1.0,+5,+5,+4,+4,+4,+3,+2,+4,+4,E,E,+1,+2,+4,+5,+5,+5,+5,34,40,74,-1.0,0.0,0.0,-1.0,-1.0,2.0,0.0,1.0,2.0,1.0,0.0,0.0,0.0
31113,Paul Waring,2,4.0,3.0,6.0,4.0,4.0,5.0,3.0,4.0,3.0,4.0,3.0,4.0,3.0,4.0,3.0,6.0,4.0,4.0,4,3,5,4,4,4,3,5,3,4,3,4,4,4,3,5,4,4,0.0,0.0,0.0,0.0,0.0,E,E,+1,+1,+1,+2,+2,+1,+1,+1,+1,+1,E,E,E,+1,+1,+1,36,35,71,1.0,0.0,0.0,1.0,0.0,-1.0,0.0,-1.0,0.0,0.0,1.0,0.0,0.0
34466,Peter Malnati,2,4.0,3.0,4.0,4.0,4.0,3.0,3.0,4.0,2.0,4.0,3.0,4.0,4.0,4.0,2.0,4.0,4.0,4.0,4,3,5,4,4,4,3,5,3,4,3,4,4,4,3,5,4,4,0.0,0.0,0.0,0.0,0.0,E,E,-1,-1,-1,-2,-2,-3,-4,-4,-4,-4,-4,-4,-5,-6,-6,-6,31,33,64,-1.0,0.0,0.0,-1.0,0.0,-1.0,-1.0,0.0,0.0,-1.0,-1.0,0.0,0.0
55851,Pontus Nyholm,2,4.0,4.0,4.0,3.0,5.0,3.0,4.0,4.0,3.0,4.0,2.0,4.0,3.0,4.0,3.0,3.0,4.0,5.0,4,3,5,4,4,4,3,5,3,4,3,4,4,4,3,5,4,4,0.0,1.0,0.0,-1.0,0.0,E,+1,E,-1,E,-1,E,-1,-1,-1,-2,-2,-3,-3,-3,-5,-5,-4,34,32,66,-1.0,-1.0,1.0,-1.0,1.0,-1.0,0.0,-1.0,0.0,0.0,-2.0,0.0,1.0
32070,Rafael Campos,2,5.0,3.0,4.0,5.0,3.0,4.0,3.0,5.0,3.0,4.0,4.0,4.0,5.0,4.0,4.0,4.0,3.0,4.0,4,3,5,4,4,4,3,5,3,4,3,4,4,4,3,5,4,4,1.0,0.0,0.0,1.0,0.0,+2,+2,+1,+2,+1,+1,+1,+1,+1,E,+1,+1,+2,+2,+3,+2,+1,+1,35,36,71,-1.0,1.0,-1.0,0.0,0.0,0.0,0.0,1.0,0.0,1.0,-1.0,-1.0,0.0
52686,Rasmus Højgaard,2,4.0,3.0,5.0,4.0,4.0,4.0,3.0,4.0,3.0,4.0,3.0,4.0,3.0,4.0,3.0,4.0,4.0,4.0,4,3,5,4,4,4,3,5,3,4,3,4,4,4,3,5,4,4,0.0,0.0,0.0,0.0,0.0,E,E,E,E,E,E,E,-1,-1,-1,-1,-1,-2,-2,-2,-3,-3,-3,34,33,67,0.0,0.0,0.0,0.0,0.0,-1.0,0.0,-1.0,0.0,0.0,-1.0,0.0,0.0
52689,Rasmus Neergaard-Petersen,2,5.0,3.0,4.0,4.0,4.0,3.0,3.0,5.0,3.0,4.0,3.0,4.0,4.0,4.0,3.0,6.0,4.0,4.0,4,3,5,4,4,4,3,5,3,4,3,4,4,4,3,5,4,4,1.0,0.0,0.0,0.0,0.0,+2,+2,+1,+1,+1,E,E,E,E,E,E,E,E,E,E,+1,+1,+1,34,36,70,-1.0,0.0,0.0,-1.0,0.0,0.0,0.0,0.0,0.0,0.0,1.0,0.0,0.0
32102,Rickie Fowler,2,4.0,5.0,4.0,4.0,4.0,4.0,3.0,4.0,5.0,3.0,3.0,4.0,4.0,4.0,4.0,5.0,5.0,4.0,4,3,5,4,4,4,3,5,3,4,3,4,4,4,3,5,4,4,0.0,2.0,-1.0,0.0,0.0,E,+2,+1,+1,+1,+1,+1,E,+2,+1,+1,+1,+1,+1,+2,+2,+3,+3,37,36,73,-1.0,0.0,0.0,0.0,0.0,-1.0,2.0,0.0,0.0,1.0,0.0,1.0,0.0
59440,Ricky Castillo,2,4.0,3.0,4.0,4.0,4.0,4.0,4.0,4.0,3.0,4.0,3.0,4.0,4.0,4.0,3.0,4.0,5.0,3.0,4,3,5,4,4,4,3,5,3,4,3,4,4,4,3,5,4,4,0.0,0.0,0.0,0.0,0.0,-1,-1,-2,-2,-2,-2,-1,-2,-2,E,E,E,E,E,E,-1,E,-1,34,34,68,-1.0,0.0,0.0,0.0,1.0,-1.0,0.0,0.0,0.0,0.0,-1.0,1.0,-1.0
51696,Rico Hoey,2,4.0,3.0,4.0,4.0,4.0,4.0,3.0,4.0,3.0,4.0,3.0,4.0,4.0,4.0,3.0,5.0,4.0,4.0,4,3,5,4,4,4,3,5,3,4,3,4,4,4,3,5,4,4,0.0,0.0,0.0,0.0,0.0,E,E,-1,-1,-1,-1,-1,-2,-2,E,E,E,E,E,E,E,E,E,33,35,68,-1.0,0.0,0.0,0.0,0.0,-1.0,0.0,0.0,0.0,0.0,0.0,0.0,0.0
29936,Ryan Fox,2,4.0,3.0,6.0,3.0,4.0,3.0,4.0,6.0,3.0,4.0,4.0,4.0,4.0,4.0,3.0,5.0,4.0,3.0,4,3,5,4,4,4,3,5,3,4,3,4,4,4,3,5,4,4,0.0,0.0,0.0,1.0,0.0,E,E,+1,E,E,-1,E,+1,+1,E,+1,+1,+1,+1,+1,+1,+1,E,36,35,71,1.0,-1.0,0.0,-1.0,1.0,1.0,0.0,0.0,0.0,0.0,0.0,0.0,-1.0
59018,Ryan Gerard,2,4.0,3.0,5.0,4.0,3.0,4.0,2.0,4.0,3.0,4.0,3.0,4.0,4.0,4.0,4.0,4.0,4.0,3.0,4,3,5,4,4,4,3,5,3,4,3,4,4,4,3,5,4,4,0.0,0.0,0.0,0.0,0.0,E,E,E,E,-1,-1,-2,-3,-3,-3,-3,-3,-3,-3,-2,-3,-3,-4,32,34,66,0.0,0.0,-1.0,0.0,-1.0,-1.0,0.0,0.0,0.0,1.0,-1.0,0.0,-1.0
50188,S.H. Kim,2,4.0,2.0,5.0,4.0,4.0,4.0,4.0,5.0,5.0,4.0,3.0,4.0,4.0,4.0,3.0,6.0,4.0,4.0,4,3,5,4,4,4,3,5,3,4,3,4,4,4,3,5,4,4,0.0,-1.0,0.0,0.0,0.0,+1,E,E,E,E,E,+1,+1,+3,E,E,E,E,E,E,+1,+1,+1,37,36,73,0.0,0.0,0.0,0.0,1.0,0.0,2.0,0.0,0.0,0.0,1.0,0.0,0.0
51634,Sahith Theegala,2,4.0,3.0,5.0,4.0,3.0,3.0,3.0,6.0,3.0,4.0,3.0,4.0,3.0,4.0,3.0,4.0,4.0,4.0,4,3,5,4,4,4,3,5,3,4,3,4,4,4,3,5,4,4,0.0,0.0,0.0,0.0,0.0,E,E,E,E,-1,-2,-2,-1,-1,-1,-1,-1,-2,-2,-2,-3,-3,-3,34,33,67,0.0,0.0,-1.0,-1.0,0.0,1.0,0.0,-1.0,0.0,0.0,-1.0,0.0,0.0
47504,Sam Burns,2,4.0,5.0,6.0,4.0,4.0,4.0,3.0,4.0,3.0,4.0,3.0,4.0,3.0,4.0,4.0,4.0,4.0,5.0,4,3,5,4,4,4,3,5,3,4,3,4,4,4,3,5,4,4,0.0,2.0,0.0,0.0,0.0,E,+2,+3,+3,+3,+3,+3,+2,+2,+2,+2,+2,+1,+1,+2,+1,+1,+2,37,35,72,1.0,0.0,0.0,0.0,0.0,-1.0,0.0,-1.0,0.0,1.0,-1.0,0.0,1.0
37275,Sam Ryder,2,4.0,2.0,3.0,4.0,4.0,3.0,4.0,4.0,3.0,4.0,3.0,4.0,4.0,5.0,3.0,4.0,3.0,4.0,4,3,5,4,4,4,3,5,3,4,3,4,4,4,3,5,4,4,0.0,-1.0,0.0,0.0,0.0,E,-1,-3,-3,-3,-4,-3,-4,-4,-4,-4,-4,-4,-3,-3,-4,-5,-5,31,34,65,-2.0,0.0,0.0,-1.0,1.0,-1.0,0.0,0.0,1.0,0.0,-1.0,-1.0,0.0
55893,Sam Stevens,2,4.0,3.0,4.0,4.0,3.0,3.0,4.0,5.0,2.0,4.0,3.0,3.0,4.0,4.0,3.0,5.0,3.0,4.0,4,3,5,4,4,4,3,5,3,4,3,4,4,4,3,5,4,4,0.0,0.0,0.0,0.0,-1.0,-2,-2,-3,-3,-4,-5,-4,-4,-5,E,E,-1,-1,-1,-1,-1,-2,-2,32,33,65,-1.0,0.0,-1.0,-1.0,1.0,0.0,-1.0,0.0,0.0,0.0,0.0,-1.0,0.0
28252,Seamus Power,2,4.0,3.0,5.0,4.0,4.0,4.0,4.0,5.0,3.0,4.0,3.0,4.0,4.0,5.0,3.0,5.0,3.0,5.0,4,3,5,4,4,4,3,5,3,4,3,4,4,4,3,5,4,4,0.0,0.0,0.0,0.0,0.0,E,E,E,E,E,E,+1,+1,+1,+1,+1,+1,+1,+2,+2,+2,+1,+2,36,36,72,0.0,0.0,0.0,0.0,1.0,0.0,0.0,0.0,1.0,0.0,0.0,-1.0,1.0
33204,Shane Lowry,2,4.0,3.0,4.0,4.0,3.0,4.0,3.0,4.0,3.0,4.0,3.0,4.0,4.0,4.0,3.0,5.0,4.0,4.0,4,3,5,4,4,4,3,5,3,4,3,4,4,4,3,5,4,4,0.0,0.0,0.0,0.0,0.0,E,E,-1,-1,-2,-2,-2,-3,-3,-3,-3,-3,-3,-3,-3,-3,-3,-3,32,35,67,-1.0,0.0,-1.0,0.0,0.0,-1.0,0.0,0.0,0.0,0.0,0.0,0.0,0.0
36799,Stephan Jaeger,2,4.0,3.0,4.0,4.0,4.0,4.0,4.0,4.0,3.0,4.0,3.0,4.0,5.0,4.0,3.0,4.0,4.0,4.0,4,3,5,4,4,4,3,5,3,4,3,4,4,4,3,5,4,4,0.0,0.0,0.0,0.0,0.0,E,E,-1,-1,-1,-1,E,-1,-1,-1,-1,-1,E,E,E,-1,-1,-1,34,35,69,-1.0,0.0,0.0,0.0,1.0,-1.0,0.0,1.0,0.0,0.0,-1.0,0.0,0.0
57123,Steven Fisk,2,3.0,3.0,5.0,5.0,3.0,4.0,3.0,5.0,3.0,3.0,3.0,4.0,4.0,4.0,4.0,6.0,4.0,3.0,4,3,5,4,4,4,3,5,3,4,3,4,4,4,3,5,4,4,-1.0,0.0,-1.0,0.0,0.0,-1,-1,-1,E,-1,-1,-1,-1,-1,-2,-2,-2,-2,-2,-1,E,E,-1,34,35,69,0.0,1.0,-1.0,0.0,0.0,0.0,0.0,0.0,0.0,1.0,1.0,0.0,-1.0
60386,Sudarshan Yellamaraju,2,4.0,3.0,4.0,4.0,4.0,4.0,3.0,4.0,3.0,3.0,3.0,4.0,4.0,3.0,3.0,5.0,4.0,4.0,4,3,5,4,4,4,3,5,3,4,3,4,4,4,3,5,4,4,0.0,0.0,-1.0,0.0,0.0,E,E,-1,-1,-1,-1,-1,-2,-2,-3,-3,-3,-3,-4,-4,-4,-4,-4,33,33,66,-1.0,0.0,0.0,0.0,0.0,-1.0,0.0,0.0,-1.0,0.0,0.0,0.0,0.0
39971,Sungjae Im,2,4.0,3.0,4.0,4.0,4.0,3.0,3.0,5.0,3.0,6.0,3.0,4.0,3.0,4.0,3.0,6.0,4.0,4.0,4,3,5,4,4,4,3,5,3,4,3,4,4,4,3,5,4,4,0.0,0.0,2.0,0.0,0.0,+2,+2,+1,+1,+1,E,E,E,E,+2,+2,+2,+1,+1,+1,+2,+2,+2,33,37,70,-1.0,0.0,0.0,-1.0,0.0,0.0,0.0,-1.0,0.0,0.0,1.0,0.0,0.0
47917,Takumi Kanaya,2,4.0,2.0,4.0,4.0,4.0,4.0,3.0,5.0,3.0,3.0,3.0,5.0,4.0,4.0,3.0,4.0,3.0,3.0,4,3,5,4,4,4,3,5,3,4,3,4,4,4,3,5,4,4,0.0,-1.0,-1.0,0.0,1.0,E,-1,-2,-2,-2,-2,-2,-2,-2,-3,-3,-2,-2,-2,-2,-3,-4,-5,33,32,65,-1.0,0.0,0.0,0.0,0.0,0.0,0.0,0.0,0.0,0.0,-1.0,-1.0,-1.0
49947,Taylor Moore,2,4.0,3.0,4.0,4.0,5.0,4.0,3.0,5.0,4.0,4.0,3.0,4.0,4.0,4.0,3.0,5.0,5.0,4.0,4,3,5,4,4,4,3,5,3,4,3,4,4,4,3,5,4,4,0.0,0.0,0.0,0.0,0.0,E,E,-1,-1,E,E,E,E,+1,+1,+1,+1,+1,+1,+1,+1,+2,+2,36,36,72,-1.0,0.0,1.0,0.0,0.0,0.0,1.0,0.0,0.0,0.0,0.0,1.0,0.0
40250,Taylor Pendrith,2,4.0,3.0,4.0,3.0,4.0,4.0,3.0,5.0,3.0,4.0,3.0,4.0,4.0,4.0,4.0,8.0,4.0,4.0,4,3,5,4,4,4,3,5,3,4,3,4,4,4,3,5,4,4,0.0,0.0,0.0,0.0,0.0,E,E,-1,-2,-2,-2,-2,-2,-2,-2,-2,-2,-2,-2,-1,+2,+2,+2,33,39,72,-1.0,-1.0,0.0,0.0,0.0,0.0,0.0,0.0,0.0,1.0,2.0,0.0,0.0
33968,Thorbjørn Olesen,2,4.0,3.0,4.0,4.0,3.0,4.0,3.0,6.0,2.0,4.0,4.0,4.0,5.0,4.0,3.0,4.0,4.0,3.0,4,3,5,4,4,4,3,5,3,4,3,4,4,4,3,5,4,4,0.0,0.0,0.0,1.0,0.0,E,E,-1,-1,-2,-2,-2,-1,-2,E,+1,+1,+2,+2,+2,+1,+1,E,33,35,68,-1.0,0.0,-1.0,0.0,0.0,1.0,-1.0,1.0,0.0,0.0,-1.0,0.0,-1.0
35532,Tom Hoge,2,4.0,3.0,4.0,4.0,3.0,4.0,3.0,5.0,4.0,4.0,3.0,5.0,5.0,5.0,3.0,5.0,4.0,5.0,4,3,5,4,4,4,3,5,3,4,3,4,4,4,3,5,4,4,0.0,0.0,0.0,0.0,1.0,E,E,-1,-1,-2,-2,-2,-2,-1,-1,-1,E,+1,+2,+2,+2,+2,+3,34,39,73,-1.0,0.0,-1.0,0.0,0.0,0.0,1.0,1.0,1.0,0.0,0.0,0.0,1.0
55182,Tom Kim,2,3.0,3.0,5.0,4.0,5.0,3.0,3.0,5.0,2.0,3.0,3.0,4.0,3.0,4.0,3.0,4.0,4.0,4.0,4,3,5,4,4,4,3,5,3,4,3,4,4,4,3,5,4,4,-1.0,0.0,-1.0,0.0,0.0,-1,-1,-1,-1,E,-1,-1,-1,-2,-3,-3,-3,-4,-4,-4,-5,-5,-5,33,32,65,0.0,0.0,1.0,-1.0,0.0,0.0,-1.0,-1.0,0.0,0.0,-1.0,0.0,0.0
29725,Tony Finau,2,5.0,3.0,4.0,4.0,4.0,4.0,4.0,4.0,3.0,4.0,3.0,3.0,4.0,4.0,3.0,5.0,5.0,3.0,4,3,5,4,4,4,3,5,3,4,3,4,4,4,3,5,4,4,1.0,0.0,0.0,0.0,-1.0,E,E,-1,-1,-1,-1,E,-1,-1,E,E,-1,-1,-1,-1,-1,E,-1,35,34,69,-1.0,0.0,0.0,0.0,1.0,-1.0,0.0,0.0,0.0,0.0,0.0,1.0,-1.0
46601,Trey Mullinax,2,3.0,3.0,5.0,4.0,4.0,5.0,3.0,5.0,3.0,4.0,4.0,4.0,4.0,5.0,3.0,7.0,3.0,4.0,4,3,5,4,4,4,3,5,3,4,3,4,4,4,3,5,4,4,-1.0,0.0,0.0,1.0,0.0,-1,-1,-1,-1,-1,E,E,E,E,E,+1,+1,+1,+2,+2,+4,+3,+3,35,38,73,0.0,0.0,0.0,1.0,0.0,0.0,0.0,0.0,1.0,0.0,2.0,-1.0,0.0
51894,Vince Whaley,2,4.0,3.0,3.0,4.0,4.0,4.0,3.0,5.0,3.0,3.0,3.0,3.0,4.0,4.0,4.0,5.0,4.0,4.0,4,3,5,4,4,4,3,5,3,4,3,4,4,4,3,5,4,4,0.0,0.0,-1.0,0.0,-1.0,E,E,-2,-2,-2,-2,-2,-2,-2,-3,-3,-4,-4,-4,-3,-3,-3,-3,33,34,67,-2.0,0.0,0.0,0.0,0.0,0.0,0.0,0.0,0.0,1.0,0.0,0.0,0.0
47483,Will Zalatoris,2,5.0,4.0,6.0,4.0,3.0,4.0,3.0,5.0,3.0,3.0,3.0,4.0,3.0,5.0,3.0,4.0,3.0,4.0,4,3,5,4,4,4,3,5,3,4,3,4,4,4,3,5,4,4,1.0,1.0,-1.0,0.0,0.0,-2,-1,E,E,-1,-1,-1,-1,-1,-1,-1,-1,-2,-1,-1,-2,-3,-3,37,32,69,1.0,0.0,-1.0,0.0,0.0,0.0,0.0,-1.0,1.0,0.0,-1.0,-1.0,0.0
63121,William Mouw,2,4.0,3.0,4.0,3.0,4.0,4.0,3.0,4.0,3.0,3.0,3.0,4.0,4.0,4.0,3.0,6.0,5.0,4.0,4,3,5,4,4,4,3,5,3,4,3,4,4,4,3,5,4,4,0.0,0.0,-1.0,0.0,0.0,+1,+1,E,-1,-1,-1,-1,-2,-2,-1,-1,-1,-1,-1,-1,E,+1,+1,32,36,68,-1.0,-1.0,0.0,0.0,0.0,-1.0,0.0,0.0,0.0,0.0,1.0,1.0,0.0
51766,Wyndham Clark,2,3.0,3.0,4.0,4.0,4.0,4.0,3.0,4.0,3.0,4.0,3.0,5.0,5.0,4.0,2.0,6.0,3.0,4.0,4,3,5,4,4,4,3,5,3,4,3,4,4,4,3,5,4,4,-1.0,0.0,0.0,0.0,1.0,-1,-1,-2,-2,-2,-2,-2,-3,-3,-3,-3,-2,-1,-1,-2,-1,-2,-2,32,36,68,-1.0,0.0,0.0,0.0,0.0,-1.0,0.0,1.0,0.0,-1.0,1.0,-1.0,0.0
48001,Zach Bauchou,2,4.0,3.0,5.0,4.0,4.0,5.0,4.0,4.0,4.0,4.0,2.0,4.0,4.0,4.0,3.0,6.0,4.0,5.0,4,3,5,4,4,4,3,5,3,4,3,4,4,4,3,5,4,4,0.0,0.0,0.0,-1.0,0.0,E,E,E,E,E,+1,+2,+1,+2,+2,+1,+1,+1,+1,+1,+2,+2,+3,37,36,73,0.0,0.0,0.0,1.0,1.0,-1.0,1.0,0.0,0.0,0.0,1.0,0.0,1.0
37338,Zecheng Dou,2,4.0,3.0,4.0,4.0,4.0,4.0,3.0,4.0,3.0,4.0,3.0,4.0,4.0,4.0,3.0,4.0,4.0,4.0,4,3,5,4,4,4,3,5,3,4,3,4,4,4,3,5,4,4,0.0,0.0,0.0,0.0,0.0,-1,-1,-2,-2,-2,-2,-2,-3,-3,E,E,E,E,E,E,-1,-1,-1,33,34,67,-1.0,0.0,0.0,0.0,0.0,-1.0,0.0,0.0,0.0,0.0,-1.0,0.0,0.0
24502,Adam Scott,3,4.0,3.0,4.0,5.0,4.0,4.0,3.0,5.0,3.0,3.0,3.0,4.0,4.0,4.0,3.0,5.0,4.0,3.0,4,3,5,4,4,4,3,5,3,4,3,4,4,4,3,5,4,4,0.0,0.0,-1.0,0.0,0.0,E,E,-1,E,E,E,E,E,E,-1,-1,-1,-1,-1,-1,-1,-1,-2,35,33,68,-1.0,1.0,0.0,0.0,0.0,0.0,0.0,0.0,0.0,0.0,0.0,0.0,-1.0
50497,Adrien Dumont de Chassart,3,4.0,3.0,4.0,4.0,3.0,3.0,3.0,5.0,4.0,4.0,3.0,6.0,3.0,4.0,4.0,5.0,3.0,4.0,4,3,5,4,4,4,3,5,3,4,3,4,4,4,3,5,4,4,0.0,0.0,0.0,0.0,2.0,E,E,-1,-1,-2,-3,-3,-3,-2,-2,-2,E,-1,-1,E,E,-1,-1,33,36,69,-1.0,0.0,-1.0,-1.0,0.0,0.0,1.0,-1.0,0.0,1.0,0.0,-1.0,0.0
34371,Adrien Saddier,3,4.0,3.0,5.0,4.0,4.0,4.0,3.0,5.0,2.0,4.0,3.0,4.0,3.0,4.0,3.0,5.0,4.0,4.0,4,3,5,4,4,4,3,5,3,4,3,4,4,4,3,5,4,4,0.0,0.0,0.0,0.0,0.0,E,E,E,E,E,E,E,E,-1,-1,-1,-1,-2,-2,-2,-2,-2,-2,34,34,68,0.0,0.0,0.0,0.0,0.0,0.0,-1.0,-1.0,0.0,0.0,0.0,0.0,0.0
63343,Aldrich Potgieter,3,4.0,3.0,4.0,4.0,4.0,4.0,3.0,4.0,3.0,4.0,3.0,3.0,4.0,5.0,3.0,6.0,4.0,5.0,4,3,5,4,4,4,3,5,3,4,3,4,4,4,3,5,4,4,0.0,0.0,0.0,0.0,-1.0,E,E,-1,-1,-1,-1,-1,-2,-2,-2,-2,-3,-3,-2,-2,-1,-1,E,33,37,70,-1.0,0.0,0.0,0.0,0.0,-1.0,0.0,0.0,1.0,0.0,1.0,0.0,1.0
46340,Alex Smalley,3,4.0,3.0,4.0,5.0,4.0,3.0,3.0,5.0,3.0,3.0,3.0,3.0,5.0,5.0,4.0,5.0,4.0,4.0,4,3,5,4,4,4,3,5,3,4,3,4,4,4,3,5,4,4,0.0,0.0,-1.0,0.0,-1.0,E,E,-1,E,E,-1,-1,-1,-1,-2,-2,-3,-2,-1,E,E,E,E,34,36,70,-1.0,1.0,0.0,-1.0,0.0,0.0,0.0,1.0,1.0,1.0,0.0,0.0,0.0
34256,Andrew Putnam,3,4.0,3.0,4.0,5.0,4.0,4.0,3.0,4.0,3.0,4.0,4.0,4.0,4.0,5.0,2.0,4.0,4.0,4.0,4,3,5,4,4,4,3,5,3,4,3,4,4,4,3,5,4,4,0.0,0.0,0.0,1.0,0.0,E,E,-1,E,E,E,E,-1,-1,-1,E,E,E,+1,E,-1,-1,-1,34,35,69,-1.0,1.0,0.0,0.0,0.0,-1.0,0.0,0.0,1.0,-1.0,-1.0,0.0,0.0
57362,Austin Eckroat,3,4.0,3.0,4.0,3.0,4.0,4.0,3.0,5.0,3.0,4.0,3.0,5.0,3.0,5.0,2.0,5.0,4.0,4.0,4,3,5,4,4,4,3,5,3,4,3,4,4,4,3,5,4,4,0.0,0.0,0.0,0.0,1.0,E,E,-1,-2,-2,-2,-2,-2,-2,-2,-2,-1,-2,-1,-2,-2,-2,-2,33,35,68,-1.0,-1.0,0.0,0.0,0.0,0.0,0.0,-1.0,1.0,-1.0,0.0,0.0,0.0
35461,Beau Hossler,3,4.0,3.0,3.0,4.0,3.0,4.0,3.0,4.0,3.0,4.0,3.0,4.0,6.0,4.0,4.0,5.0,3.0,4.0,4,3,5,4,4,4,3,5,3,4,3,4,4,4,3,5,4,4,0.0,0.0,0.0,0.0,0.0,E,E,-2,-2,-3,-3,-3,-4,-4,-4,-4,-4,-2,-2,-1,-1,-2,-2,31,37,68,-2.0,0.0,-1.0,0.0,0.0,-1.0,0.0,2.0,0.0,1.0,0.0,-1.0,0.0
54591,Ben Griffin,3,5.0,2.0,4.0,4.0,4.0,3.0,3.0,4.0,3.0,4.0,3.0,5.0,4.0,5.0,3.0,5.0,3.0,4.0,4,3,5,4,4,4,3,5,3,4,3,4,4,4,3,5,4,4,1.0,-1.0,0.0,0.0,1.0,+1,E,-1,-1,-1,-2,-2,-3,-3,-3,-3,-2,-2,-1,-1,-1,-2,-2,32,36,68,-1.0,0.0,0.0,-1.0,0.0,-1.0,0.0,0.0,1.0,0.0,0.0,-1.0,0.0
29535,Brice Garnett,3,5.0,2.0,5.0,5.0,4.0,4.0,4.0,5.0,4.0,4.0,3.0,4.0,4.0,5.0,3.0,7.0,4.0,5.0,4,3,5,4,4,4,3,5,3,4,3,4,4,4,3,5,4,4,1.0,-1.0,0.0,0.0,0.0,+1,E,E,+1,+1,+1,+2,+2,+3,+3,+3,+3,+3,+4,+4,+6,+6,+7,38,39,77,0.0,1.0,0.0,0.0,1.0,0.0,1.0,0.0,1.0,0.0,2.0,0.0,1.0
29268,Bronson Burgoon,3,3.0,2.0,4.0,4.0,4.0,4.0,3.0,5.0,3.0,4.0,3.0,4.0,4.0,4.0,2.0,5.0,4.0,4.0,4,3,5,4,4,4,3,5,3,4,3,4,4,4,3,5,4,4,-1.0,-1.0,0.0,0.0,0.0,-1,-2,-3,-3,-3,-3,-3,-3,-3,-3,-3,-3,-3,-3,-4,-4,-4,-4,32,34,66,-1.0,0.0,0.0,0.0,0.0,0.0,0.0,0.0,0.0,-1.0,0.0,0.0,0.0
47983,Chad Ramey,3,4.0,2.0,5.0,6.0,4.0,4.0,2.0,5.0,3.0,4.0,3.0,5.0,4.0,4.0,3.0,4.0,3.0,4.0,4,3,5,4,4,4,3,5,3,4,3,4,4,4,3,5,4,4,0.0,-1.0,0.0,0.0,1.0,E,-1,-1,+1,+1,+1,E,E,E,E,E,+1,+1,+1,+1,E,-1,-1,35,34,69,0.0,2.0,0.0,0.0,-1.0,0.0,0.0,0.0,0.0,0.0,-1.0,-1.0,0.0
59095,Chris Gotterup,3,4.0,3.0,4.0,4.0,3.0,4.0,3.0,5.0,3.0,3.0,4.0,3.0,3.0,4.0,4.0,5.0,3.0,3.0,4,3,5,4,4,4,3,5,3,4,3,4,4,4,3,5,4,4,0.0,0.0,-1.0,1.0,-1.0,E,E,-1,-1,-2,-2,-2,-2,-2,-3,-2,-3,-4,-4,-3,-3,-4,-5,33,32,65,-1.0,0.0,-1.0,0.0,0.0,0.0,0.0,-1.0,0.0,1.0,0.0,-1.0,-1.0
30926,Chris Kirk,3,4.0,2.0,5.0,4.0,4.0,4.0,3.0,5.0,3.0,4.0,3.0,4.0,4.0,4.0,3.0,5.0,5.0,3.0,4,3,5,4,4,4,3,5,3,4,3,4,4,4,3,5,4,4,0.0,-1.0,0.0,0.0,0.0,E,-1,-1,-1,-1,-1,-1,-1,-1,-1,-1,-1,-1,-1,-1,-1,E,-1,34,35,69,0.0,0.0,0.0,0.0,0.0,0.0,0.0,0.0,0.0,0.0,0.0,1.0,-1.0
45522,Christiaan Bezuidenhout,3,4.0,2.0,4.0,3.0,4.0,4.0,4.0,5.0,3.0,4.0,3.0,5.0,4.0,4.0,5.0,5.0,3.0,4.0,4,3,5,4,4,4,3,5,3,4,3,4,4,4,3,5,4,4,0.0,-1.0,0.0,0.0,1.0,E,-1,-2,-3,-3,-3,-2,-2,-2,-2,-2,-1,-1,-1,+1,+1,E,E,33,37,70,-1.0,-1.0,0.0,0.0,1.0,0.0,0.0,0.0,0.0,2.0,0.0,-1.0,0.0
54607,Danny Walker,3,5.0,3.0,6.0,4.0,5.0,3.0,3.0,5.0,3.0,5.0,3.0,3.0,4.0,5.0,3.0,4.0,3.0,4.0,4,3,5,4,4,4,3,5,3,4,3,4,4,4,3,5,4,4,1.0,0.0,1.0,0.0,-1.0,+1,+1,+2,+2,+3,+2,+2,+2,+2,+3,+3,+2,+2,+3,+3,+2,+1,+1,37,34,71,1.0,0.0,1.0,-1.0,0.0,0.0,0.0,0.0,1.0,0.0,-1.0,-1.0,0.0
32139,Danny Willett,3,4.0,3.0,4.0,4.0,4.0,4.0,3.0,4.0,3.0,4.0,3.0,4.0,4.0,5.0,2.0,4.0,3.0,4.0,4,3,5,4,4,4,3,5,3,4,3,4,4,4,3,5,4,4,0.0,0.0,0.0,0.0,0.0,E,E,-1,-1,-1,-1,-1,-2,-2,-2,-2,-2,-2,-1,-2,-3,-4,-4,33,33,66,-1.0,0.0,0.0,0.0,0.0,-1.0,0.0,0.0,1.0,-1.0,-1.0,-1.0,0.0
47995,Davis Riley,3,4.0,3.0,5.0,3.0,4.0,4.0,2.0,5.0,3.0,4.0,4.0,4.0,4.0,4.0,3.0,6.0,3.0,4.0,4,3,5,4,4,4,3,5,3,4,3,4,4,4,3,5,4,4,0.0,0.0,0.0,1.0,0.0,E,E,E,-1,-1,-1,-2,-2,-2,-2,-1,-1,-1,-1,-1,E,-1,-1,33,36,69,0.0,-1.0,0.0,0.0,-1.0,0.0,0.0,0.0,0.0,0.0,1.0,-1.0,0.0
47993,Denny McCarthy,3,4.0,2.0,5.0,4.0,4.0,4.0,3.0,5.0,3.0,4.0,2.0,4.0,4.0,4.0,3.0,5.0,3.0,4.0,4,3,5,4,4,4,3,5,3,4,3,4,4,4,3,5,4,4,0.0,-1.0,0.0,-1.0,0.0,E,-1,-1,-1,-1,-1,-1,-1,-1,-1,-2,-2,-2,-2,-2,-2,-3,-3,34,33,67,0.0,0.0,0.0,0.0,0.0,0.0,0.0,0.0,0.0,0.0,0.0,-1.0,0.0
31646,Emiliano Grillo,3,5.0,3.0,5.0,5.0,3.0,4.0,4.0,4.0,3.0,4.0,3.0,4.0,4.0,5.0,3.0,5.0,4.0,4.0,4,3,5,4,4,4,3,5,3,4,3,4,4,4,3,5,4,4,1.0,0.0,0.0,0.0,0.0,+1,+1,+1,+2,+1,+1,+2,+1,+1,+1,+1,+1,+1,+2,+2,+2,+2,+2,36,36,72,0.0,1.0,-1.0,0.0,1.0,-1.0,0.0,0.0,1.0,0.0,0.0,0.0,0.0
47591,Eric Cole,3,4.0,3.0,5.0,5.0,4.0,4.0,3.0,5.0,4.0,3.0,3.0,4.0,4.0,4.0,3.0,4.0,3.0,4.0,4,3,5,4,4,4,3,5,3,4,3,4,4,4,3,5,4,4,0.0,0.0,-1.0,0.0,0.0,E,E,E,+1,+1,+1,+1,+1,+2,+1,+1,+1,+1,+1,+1,E,-1,-1,37,32,69,0.0,1.0,0.0,0.0,0.0,0.0,1.0,0.0,0.0,0.0,-1.0,-1.0,0.0
40006,Erik van Rooyen,3,5.0,2.0,4.0,3.0,4.0,4.0,3.0,5.0,3.0,4.0,3.0,4.0,3.0,5.0,3.0,5.0,3.0,4.0,4,3,5,4,4,4,3,5,3,4,3,4,4,4,3,5,4,4,1.0,-1.0,0.0,0.0,0.0,+1,E,-1,-2,-2,-2,-2,-2,-2,-2,-2,-2,-3,-2,-2,-2,-3,-3,33,34,67,-1.0,-1.0,0.0,0.0,0.0,0.0,0.0,-1.0,1.0,0.0,0.0,-1.0,0.0
54421,Garrick Higgo,3,4.0,3.0,4.0,4.0,4.0,4.0,4.0,5.0,4.0,5.0,3.0,4.0,4.0,6.0,3.0,5.0,4.0,4.0,4,3,5,4,4,4,3,5,3,4,3,4,4,4,3,5,4,4,0.0,0.0,1.0,0.0,0.0,E,E,-1,-1,-1,-1,E,E,+1,+2,+2,+2,+2,+4,+4,+4,+4,+4,36,38,74,-1.0,0.0,0.0,0.0,1.0,0.0,1.0,0.0,2.0,0.0,0.0,0.0,0.0
31323,Gary Woodland,3,5.0,3.0,4.0,4.0,3.0,4.0,3.0,5.0,3.0,3.0,4.0,3.0,3.0,4.0,3.0,4.0,3.0,4.0,4,3,5,4,4,4,3,5,3,4,3,4,4,4,3,5,4,4,1.0,0.0,-1.0,1.0,-1.0,+1,+1,E,E,-1,-1,-1,-1,-1,-2,-1,-2,-3,-3,-3,-4,-5,-5,34,31,65,-1.0,0.0,-1.0,0.0,0.0,0.0,0.0,-1.0,0.0,0.0,-1.0,-1.0,0.0
34099,Harris English,3,4.0,2.0,5.0,4.0,4.0,4.0,3.0,4.0,4.0,4.0,3.0,4.0,4.0,4.0,2.0,5.0,3.0,5.0,4,3,5,4,4,4,3,5,3,4,3,4,4,4,3,5,4,4,0.0,-1.0,0.0,0.0,0.0,E,-1,-1,-1,-1,-1,-1,-2,-1,-1,-1,-1,-1,-1,-2,-2,-3,-2,34,34,68,0.0,0.0,0.0,0.0,0.0,-1.0,1.0,0.0,0.0,-1.0,0.0,-1.0,1.0
57975,Harry Hall,3,5.0,4.0,5.0,3.0,5.0,4.0,2.0,5.0,3.0,4.0,3.0,4.0,3.0,4.0,4.0,5.0,3.0,4.0,4,3,5,4,4,4,3,5,3,4,3,4,4,4,3,5,4,4,1.0,1.0,0.0,0.0,0.0,+1,+2,+2,+1,+2,+2,+1,+1,+1,+1,+1,+1,E,E,+1,+1,E,E,36,34,70,0.0,-1.0,1.0,0.0,-1.0,0.0,0.0,-1.0,0.0,1.0,0.0,-1.0,0.0
60019,Jackson Suber,3,5.0,4.0,5.0,4.0,4.0,4.0,4.0,4.0,3.0,4.0,3.0,5.0,4.0,4.0,3.0,5.0,3.0,4.0,4,3,5,4,4,4,3,5,3,4,3,4,4,4,3,5,4,4,1.0,1.0,0.0,0.0,1.0,+1,+2,+2,+2,+2,+2,+3,+2,+2,+2,+2,+3,+3,+3,+3,+3,+2,+2,37,35,72,0.0,0.0,0.0,0.0,1.0,-1.0,0.0,0.0,0.0,0.0,0.0,-1.0,0.0
47420,Jake Knapp,3,5.0,3.0,5.0,6.0,4.0,6.0,2.0,5.0,3.0,4.0,3.0,4.0,4.0,4.0,3.0,5.0,2.0,3.0,4,3,5,4,4,4,3,5,3,4,3,4,4,4,3,5,4,4,1.0,0.0,0.0,0.0,0.0,+1,+1,+1,+3,+3,+5,+4,+4,+4,+4,+4,+4,+4,+4,+4,+4,+2,+1,39,32,71,0.0,2.0,0.0,2.0,-1.0,0.0,0.0,0.0,0.0,0.0,0.0,-2.0,-1.0
28089,Jason Day,3,4.0,2.0,4.0,4.0,4.0,4.0,4.0,4.0,3.0,4.0,3.0,5.0,4.0,4.0,3.0,5.0,3.0,4.0,4,3,5,4,4,4,3,5,3,4,3,4,4,4,3,5,4,4,0.0,-1.0,0.0,0.0,1.0,E,-1,-2,-2,-2,-2,-1,-2,-2,-2,-2,-1,-1,-1,-1,-1,-2,-2,33,35,68,-1.0,0.0,0.0,0.0,1.0,-1.0,0.0,0.0,0.0,0.0,0.0,-1.0,0.0
47393,Jeffrey Kang,3,4.0,3.0,6.0,5.0,5.0,4.0,3.0,5.0,3.0,4.0,3.0,4.0,3.0,4.0,3.0,7.0,4.0,4.0,4,3,5,4,4,4,3,5,3,4,3,4,4,4,3,5,4,4,0.0,0.0,0.0,0.0,0.0,E,E,+1,+2,+3,+3,+3,+3,+3,+3,+3,+3,+2,+2,+2,+4,+4,+4,38,36,74,1.0,1.0,1.0,0.0,0.0,0.0,0.0,-1.0,0.0,0.0,2.0,0.0,0.0
57586,Jesper Svensson,3,5.0,2.0,5.0,4.0,5.0,5.0,4.0,4.0,4.0,3.0,2.0,4.0,5.0,4.0,3.0,5.0,4.0,5.0,4,3,5,4,4,4,3,5,3,4,3,4,4,4,3,5,4,4,1.0,-1.0,-1.0,-1.0,0.0,+1,E,E,E,+1,+2,+3,+2,+3,+2,+1,+1,+2,+2,+2,+2,+2,+3,38,35,73,0.0,0.0,1.0,1.0,1.0,-1.0,1.0,1.0,0.0,0.0,0.0,0.0,1.0
27064,Jhonattan Vegas,3,4.0,2.0,4.0,4.0,4.0,4.0,3.0,5.0,3.0,3.0,3.0,5.0,4.0,5.0,3.0,5.0,4.0,3.0,4,3,5,4,4,4,3,5,3,4,3,4,4,4,3,5,4,4,0.0,-1.0,-1.0,0.0,1.0,E,-1,-2,-2,-2,-2,-2,-2,-2,-3,-3,-2,-2,-1,-1,-1,-1,-2,33,35,68,-1.0,0.0,0.0,0.0,0.0,0.0,0.0,0.0,1.0,0.0,0.0,0.0,-1.0
51600,Jimmy Stanger,3,4.0,3.0,4.0,5.0,4.0,4.0,3.0,6.0,4.0,4.0,3.0,5.0,4.0,4.0,3.0,4.0,4.0,4.0,4,3,5,4,4,4,3,5,3,4,3,4,4,4,3,5,4,4,0.0,0.0,0.0,0.0,1.0,E,E,-1,E,E,E,E,+1,+2,+2,+2,+3,+3,+3,+3,+2,+2,+2,37,35,72,-1.0,1.0,0.0,0.0,0.0,1.0,1.0,0.0,0.0,0.0,-1.0,0.0,0.0
28723,John Parry,3,4.0,2.0,4.0,4.0,6.0,3.0,3.0,5.0,3.0,4.0,3.0,4.0,4.0,4.0,3.0,5.0,3.0,3.0,4,3,5,4,4,4,3,5,3,4,3,4,4,4,3,5,4,4,0.0,-1.0,0.0,0.0,0.0,E,-1,-2,-2,E,-1,-1,-1,-1,-1,-1,-1,-1,-1,-1,-1,-2,-3,34,33,67,-1.0,0.0,2.0,-1.0,0.0,0.0,0.0,0.0,0.0,0.0,0.0,-1.0,-1.0
63454,Johnny Keefer,3,4.0,3.0,4.0,4.0,4.0,4.0,3.0,5.0,2.0,4.0,3.0,4.0,3.0,4.0,3.0,4.0,4.0,4.0,4,3,5,4,4,4,3,5,3,4,3,4,4,4,3,5,4,4,0.0,0.0,0.0,0.0,0.0,E,E,-1,-1,-1,-1,-1,-1,-2,-2,-2,-2,-3,-3,-3,-4,-4,-4,33,33,66,-1.0,0.0,0.0,0.0,0.0,0.0,-1.0,-1.0,0.0,0.0,-1.0,0.0,0.0
46464,Jordan Smith,3,5.0,3.0,4.0,3.0,3.0,4.0,3.0,5.0,3.0,4.0,3.0,3.0,4.0,4.0,3.0,6.0,4.0,4.0,4,3,5,4,4,4,3,5,3,4,3,4,4,4,3,5,4,4,1.0,0.0,0.0,0.0,-1.0,+1,+1,E,-1,-2,-2,-2,-2,-2,-2,-2,-3,-3,-3,-3,-2,-2,-2,33,35,68,-1.0,-1.0,-1.0,0.0,0.0,0.0,0.0,0.0,0.0,0.0,1.0,0.0,0.0
54304,Karl Vilips,3,4.0,3.0,4.0,7.0,4.0,4.0,3.0,4.0,3.0,3.0,3.0,4.0,4.0,5.0,3.0,5.0,4.0,4.0,4,3,5,4,4,4,3,5,3,4,3,4,4,4,3,5,4,4,0.0,0.0,-1.0,0.0,0.0,E,E,-1,+2,+2,+2,+2,+1,+1,E,E,E,E,+1,+1,+1,+1,+1,36,35,71,-1.0,2.0,0.0,0.0,0.0,-1.0,0.0,0.0,1.0,0.0,0.0,0.0,0.0
39546,Keith Mitchell,3,4.0,3.0,4.0,5.0,4.0,3.0,4.0,5.0,3.0,4.0,3.0,4.0,4.0,4.0,3.0,6.0,4.0,4.0,4,3,5,4,4,4,3,5,3,4,3,4,4,4,3,5,4,4,0.0,0.0,0.0,0.0,0.0,E,E,-1,E,E,-1,E,E,E,E,E,E,E,E,E,+1,+1,+1,35,36,71,-1.0,1.0,0.0,-1.0,1.0,0.0,0.0,0.0,0.0,0.0,1.0,0.0,0.0
39335,Kevin Roy,3,5.0,3.0,5.0,5.0,4.0,3.0,3.0,5.0,3.0,5.0,4.0,6.0,3.0,4.0,3.0,4.0,4.0,4.0,4,3,5,4,4,4,3,5,3,4,3,4,4,4,3,5,4,4,1.0,0.0,1.0,1.0,2.0,+1,+1,+1,+2,+2,+1,+1,+1,+1,+2,+3,+5,+4,+4,+4,+3,+3,+3,36,37,73,0.0,1.0,0.0,-1.0,0.0,0.0,0.0,-1.0,0.0,0.0,-1.0,0.0,0.0
48117,Kurt Kitayama,3,4.0,3.0,5.0,5.0,4.0,7.0,4.0,5.0,4.0,3.0,3.0,5.0,4.0,4.0,3.0,4.0,3.0,3.0,4,3,5,4,4,4,3,5,3,4,3,4,4,4,3,5,4,4,0.0,0.0,-1.0,0.0,1.0,E,E,E,+1,+1,+4,+5,+5,+6,+5,+5,+6,+6,+6,+6,+5,+4,+3,41,32,73,0.0,1.0,0.0,2.0,1.0,0.0,1.0,0.0,0.0,0.0,-1.0,-1.0,-1.0
54628,Lee Hodges,3,4.0,2.0,4.0,7.0,4.0,4.0,3.0,5.0,3.0,4.0,3.0,4.0,4.0,4.0,3.0,5.0,4.0,5.0,4,3,5,4,4,4,3,5,3,4,3,4,4,4,3,5,4,4,0.0,-1.0,0.0,0.0,0.0,E,-1,-2,+1,+1,+1,+1,+1,+1,+1,+1,+1,+1,+1,+1,+1,+1,+2,36,36,72,-1.0,2.0,0.0,0.0,0.0,0.0,0.0,0.0,0.0,0.0,0.0,0.0,1.0
66743,Luke Clanton,3,4.0,2.0,4.0,6.0,4.0,6.0,3.0,6.0,3.0,4.0,3.0,5.0,4.0,4.0,4.0,5.0,5.0,5.0,4,3,5,4,4,4,3,5,3,4,3,4,4,4,3,5,4,4,0.0,-1.0,0.0,0.0,1.0,E,-1,-2,E,E,+2,+2,+3,+3,+3,+3,+4,+4,+4,+5,+5,+6,+7,38,39,77,-1.0,2.0,0.0,2.0,0.0,1.0,0.0,0.0,0.0,1.0,0.0,1.0,1.0
59143,Mac Meissner,3,4.0,3.0,5.0,4.0,4.0,4.0,2.0,4.0,5.0,4.0,4.0,4.0,4.0,5.0,3.0,5.0,3.0,4.0,4,3,5,4,4,4,3,5,3,4,3,4,4,4,3,5,4,4,0.0,0.0,0.0,1.0,0.0,E,E,E,E,E,E,-1,-2,E,E,+1,+1,+1,+2,+2,+2,+1,+1,35,36,71,0.0,0.0,0.0,0.0,-1.0,-1.0,2.0,0.0,1.0,0.0,0.0,-1.0,0.0
23108,Matt Kuchar,3,4.0,3.0,5.0,5.0,4.0,3.0,3.0,5.0,3.0,5.0,3.0,4.0,4.0,4.0,4.0,5.0,3.0,4.0,4,3,5,4,4,4,3,5,3,4,3,4,4,4,3,5,4,4,0.0,0.0,1.0,0.0,0.0,E,E,E,+1,+1,E,E,E,E,+1,+1,+1,+1,+1,+2,+2,+1,+1,35,36,71,0.0,1.0,0.0,-1.0,0.0,0.0,0.0,0.0,0.0,1.0,0.0,-1.0,0.0
48887,Matt Wallace,3,5.0,3.0,5.0,4.0,3.0,4.0,4.0,4.0,3.0,5.0,3.0,4.0,5.0,4.0,3.0,6.0,3.0,4.0,4,3,5,4,4,4,3,5,3,4,3,4,4,4,3,5,4,4,1.0,0.0,1.0,0.0,0.0,+1,+1,+1,+1,E,E,+1,E,E,+1,+1,+1,+2,+2,+2,+3,+2,+2,35,37,72,0.0,0.0,-1.0,0.0,1.0,-1.0,0.0,1.0,0.0,0.0,1.0,-1.0,0.0
48153,Matthieu Pavon,3,4.0,3.0,5.0,3.0,4.0,3.0,3.0,6.0,4.0,4.0,3.0,4.0,4.0,4.0,3.0,5.0,3.0,5.0,4,3,5,4,4,4,3,5,3,4,3,4,4,4,3,5,4,4,0.0,0.0,0.0,0.0,0.0,E,E,E,-1,-1,-2,-2,-1,E,E,E,E,E,E,E,E,-1,E,35,35,70,0.0,-1.0,0.0,-1.0,0.0,1.0,1.0,0.0,0.0,0.0,0.0,-1.0,1.0
48867,Matti Schmid,3,4.0,3.0,4.0,7.0,5.0,4.0,3.0,4.0,4.0,3.0,3.0,4.0,5.0,4.0,4.0,6.0,4.0,4.0,4,3,5,4,4,4,3,5,3,4,3,4,4,4,3,5,4,4,0.0,0.0,-1.0,0.0,0.0,E,E,-1,+2,+3,+3,+3,+2,+3,+2,+2,+2,+3,+3,+4,+5,+5,+5,38,37,75,-1.0,2.0,1.0,0.0,0.0,-1.0,1.0,1.0,0.0,1.0,1.0,0.0,0.0
51950,Max McGreevy,3,4.0,2.0,4.0,5.0,4.0,4.0,4.0,5.0,3.0,4.0,3.0,4.0,5.0,4.0,3.0,4.0,3.0,4.0,4,3,5,4,4,4,3,5,3,4,3,4,4,4,3,5,4,4,0.0,-1.0,0.0,0.0,0.0,E,-1,-2,-1,-1,-1,E,E,E,E,E,E,+1,+1,+1,E,-1,-1,35,34,69,-1.0,1.0,0.0,0.0,1.0,0.0,0.0,1.0,0.0,0.0,-1.0,-1.0,0.0
61522,Michael Brennan,3,3.0,3.0,4.0,5.0,3.0,4.0,3.0,4.0,4.0,4.0,3.0,4.0,5.0,3.0,3.0,5.0,3.0,4.0,4,3,5,4,4,4,3,5,3,4,3,4,4,4,3,5,4,4,-1.0,0.0,0.0,0.0,0.0,-1,-1,-2,-1,-2,-2,-2,-3,-2,-2,-2,-2,-1,-2,-2,-2,-3,-3,33,34,67,-1.0,1.0,-1.0,0.0,0.0,-1.0,1.0,1.0,-1.0,0.0,0.0,-1.0,0.0
57364,Michael Thorbjornsen,3,4.0,3.0,4.0,4.0,3.0,4.0,3.0,5.0,3.0,4.0,3.0,4.0,4.0,4.0,3.0,4.0,3.0,4.0,4,3,5,4,4,4,3,5,3,4,3,4,4,4,3,5,4,4,0.0,0.0,0.0,0.0,0.0,E,E,-1,-1,-2,-2,-2,-2,-2,-2,-2,-2,-2,-2,-2,-3,-4,-4,33,33,66,-1.0,0.0,-1.0,0.0,0.0,0.0,0.0,0.0,0.0,0.0,-1.0,-1.0,0.0
37378,Min Woo Lee,3,5.0,3.0,4.0,4.0,4.0,4.0,3.0,5.0,2.0,3.0,3.0,5.0,4.0,4.0,3.0,4.0,3.0,4.0,4,3,5,4,4,4,3,5,3,4,3,4,4,4,3,5,4,4,1.0,0.0,-1.0,0.0,1.0,+1,+1,E,E,E,E,E,E,-1,-2,-2,-1,-1,-1,-1,-2,-3,-3,34,33,67,-1.0,0.0,0.0,0.0,0.0,0.0,-1.0,0.0,0.0,0.0,-1.0,-1.0,0.0
52453,Nicolai Højgaard,3,5.0,2.0,5.0,4.0,3.0,3.0,3.0,4.0,3.0,4.0,3.0,3.0,4.0,3.0,3.0,4.0,3.0,4.0,4,3,5,4,4,4,3,5,3,4,3,4,4,4,3,5,4,4,1.0,-1.0,0.0,0.0,-1.0,+1,E,E,E,-1,-2,-2,-3,-3,-3,-3,-4,-4,-5,-5,-6,-7,-7,32,31,63,0.0,0.0,-1.0,-1.0,0.0,-1.0,0.0,0.0,-1.0,0.0,-1.0,-1.0,0.0
31113,Paul Waring,3,4.0,2.0,4.0,4.0,4.0,4.0,4.0,5.0,3.0,3.0,3.0,4.0,3.0,4.0,3.0,4.0,4.0,4.0,4,3,5,4,4,4,3,5,3,4,3,4,4,4,3,5,4,4,0.0,-1.0,-1.0,0.0,0.0,E,-1,-2,-2,-2,-2,-1,-1,-1,-2,-2,-2,-3,-3,-3,-4,-4,-4,34,32,66,-1.0,0.0,0.0,0.0,1.0,0.0,0.0,-1.0,0.0,0.0,-1.0,0.0,0.0
34466,Peter Malnati,3,4.0,3.0,5.0,6.0,3.0,5.0,3.0,5.0,3.0,4.0,3.0,4.0,3.0,4.0,3.0,5.0,4.0,5.0,4,3,5,4,4,4,3,5,3,4,3,4,4,4,3,5,4,4,0.0,0.0,0.0,0.0,0.0,E,E,E,+2,+1,+2,+2,+2,+2,+2,+2,+2,+1,+1,+1,+1,+1,+2,37,35,72,0.0,2.0,-1.0,1.0,0.0,0.0,0.0,-1.0,0.0,0.0,0.0,0.0,1.0
55851,Pontus Nyholm,3,4.0,2.0,5.0,7.0,4.0,4.0,3.0,4.0,3.0,3.0,3.0,5.0,3.0,4.0,3.0,4.0,3.0,4.0,4,3,5,4,4,4,3,5,3,4,3,4,4,4,3,5,4,4,0.0,-1.0,-1.0,0.0,1.0,E,-1,-1,+2,+2,+2,+2,+1,+1,E,E,+1,E,E,E,-1,-2,-2,36,32,68,0.0,2.0,0.0,0.0,0.0,-1.0,0.0,-1.0,0.0,0.0,-1.0,-1.0,0.0
52686,Rasmus Højgaard,3,5.0,2.0,5.0,4.0,4.0,4.0,4.0,4.0,3.0,4.0,3.0,4.0,4.0,4.0,4.0,6.0,3.0,4.0,4,3,5,4,4,4,3,5,3,4,3,4,4,4,3,5,4,4,1.0,-1.0,0.0,0.0,0.0,+1,E,E,E,E,E,+1,E,E,E,E,E,E,E,+1,+2,+1,+1,35,36,71,0.0,0.0,0.0,0.0,1.0,-1.0,0.0,0.0,0.0,1.0,1.0,-1.0,0.0
59440,Ricky Castillo,3,4.0,3.0,4.0,4.0,4.0,4.0,3.0,6.0,3.0,4.0,3.0,4.0,4.0,4.0,3.0,4.0,3.0,3.0,4,3,5,4,4,4,3,5,3,4,3,4,4,4,3,5,4,4,0.0,0.0,0.0,0.0,0.0,E,E,-1,-1,-1,-1,-1,E,E,E,E,E,E,E,E,-1,-2,-3,35,32,67,-1.0,0.0,0.0,0.0,0.0,1.0,0.0,0.0,0.0,0.0,-1.0,-1.0,-1.0
51696,Rico Hoey,3,4.0,2.0,4.0,4.0,5.0,4.0,3.0,4.0,3.0,4.0,3.0,5.0,4.0,4.0,4.0,5.0,3.0,3.0,4,3,5,4,4,4,3,5,3,4,3,4,4,4,3,5,4,4,0.0,-1.0,0.0,0.0,1.0,E,-1,-2,-2,-1,-1,-1,-2,-2,-2,-2,-1,-1,-1,E,E,-1,-2,33,35,68,-1.0,0.0,1.0,0.0,0.0,-1.0,0.0,0.0,0.0,1.0,0.0,-1.0,-1.0
51634,Sahith Theegala,3,4.0,3.0,4.0,4.0,3.0,4.0,3.0,6.0,3.0,3.0,3.0,4.0,3.0,4.0,3.0,5.0,3.0,4.0,4,3,5,4,4,4,3,5,3,4,3,4,4,4,3,5,4,4,0.0,0.0,-1.0,0.0,0.0,E,E,-1,-1,-2,-2,-2,-1,-1,-2,-2,-2,-3,-3,-3,-3,-4,-4,34,32,66,-1.0,0.0,-1.0,0.0,0.0,1.0,0.0,-1.0,0.0,0.0,0.0,-1.0,0.0
47504,Sam Burns,3,3.0,3.0,5.0,4.0,4.0,3.0,3.0,5.0,3.0,4.0,4.0,3.0,4.0,5.0,3.0,5.0,3.0,5.0,4,3,5,4,4,4,3,5,3,4,3,4,4,4,3,5,4,4,-1.0,0.0,0.0,1.0,-1.0,-1,-1,-1,-1,-1,-2,-2,-2,-2,-2,-1,-2,-2,-1,-1,-1,-2,-1,33,36,69,0.0,0.0,0.0,-1.0,0.0,0.0,0.0,0.0,1.0,0.0,0.0,-1.0,1.0
37275,Sam Ryder,3,4.0,3.0,6.0,4.0,4.0,4.0,4.0,6.0,3.0,4.0,3.0,6.0,4.0,4.0,3.0,5.0,3.0,5.0,4,3,5,4,4,4,3,5,3,4,3,4,4,4,3,5,4,4,0.0,0.0,0.0,0.0,2.0,E,E,+1,+1,+1,+1,+2,+3,+3,+3,+3,+5,+5,+5,+5,+5,+4,+5,38,37,75,1.0,0.0,0.0,0.0,1.0,1.0,0.0,0.0,0.0,0.0,0.0,-1.0,1.0
55893,Sam Stevens,3,3.0,3.0,4.0,3.0,4.0,3.0,4.0,5.0,3.0,4.0,3.0,4.0,4.0,4.0,4.0,4.0,3.0,5.0,4,3,5,4,4,4,3,5,3,4,3,4,4,4,3,5,4,4,-1.0,0.0,0.0,0.0,0.0,-1,-1,-2,-3,-3,-4,-3,-3,-3,-3,-3,-3,-3,-3,-2,-3,-4,-3,32,35,67,-1.0,-1.0,0.0,-1.0,1.0,0.0,0.0,0.0,0.0,1.0,-1.0,-1.0,1.0
33204,Shane Lowry,3,4.0,3.0,4.0,5.0,4.0,4.0,3.0,5.0,3.0,4.0,3.0,4.0,5.0,4.0,2.0,4.0,4.0,4.0,4,3,5,4,4,4,3,5,3,4,3,4,4,4,3,5,4,4,0.0,0.0,0.0,0.0,0.0,E,E,-1,E,E,E,E,E,E,E,E,E,+1,+1,E,-1,-1,-1,35,34,69,-1.0,1.0,0.0,0.0,0.0,0.0,0.0,1.0,0.0,-1.0,-1.0,0.0,0.0
36799,Stephan Jaeger,3,3.0,3.0,4.0,4.0,4.0,3.0,3.0,4.0,3.0,4.0,4.0,5.0,4.0,4.0,3.0,4.0,4.0,4.0,4,3,5,4,4,4,3,5,3,4,3,4,4,4,3,5,4,4,-1.0,0.0,0.0,1.0,1.0,-1,-1,-2,-2,-2,-3,-3,-4,-4,-4,-3,-2,-2,-2,-2,-3,-3,-3,31,36,67,-1.0,0.0,0.0,-1.0,0.0,-1.0,0.0,0.0,0.0,0.0,-1.0,0.0,0.0
57123,Steven Fisk,3,4.0,2.0,5.0,5.0,4.0,4.0,3.0,4.0,3.0,4.0,3.0,4.0,3.0,4.0,3.0,5.0,3.0,4.0,4,3,5,4,4,4,3,5,3,4,3,4,4,4,3,5,4,4,0.0,-1.0,0.0,0.0,0.0,E,-1,-1,E,E,E,E,-1,-1,-1,-1,-1,-2,-2,-2,-2,-3,-3,34,33,67,0.0,1.0,0.0,0.0,0.0,-1.0,0.0,-1.0,0.0,0.0,0.0,-1.0,0.0
60386,Sudarshan Yellamaraju,3,4.0,3.0,4.0,3.0,3.0,5.0,3.0,5.0,4.0,4.0,3.0,4.0,4.0,3.0,2.0,4.0,4.0,3.0,4,3,5,4,4,4,3,5,3,4,3,4,4,4,3,5,4,4,0.0,0.0,0.0,0.0,0.0,E,E,-1,-2,-3,-2,-2,-2,-1,-1,-1,-1,-1,-2,-3,-4,-4,-5,34,31,65,-1.0,-1.0,-1.0,1.0,0.0,0.0,1.0,0.0,-1.0,-1.0,-1.0,0.0,-1.0
39971,Sungjae Im,3,4.0,3.0,5.0,4.0,4.0,4.0,4.0,5.0,3.0,4.0,3.0,4.0,3.0,5.0,4.0,5.0,4.0,4.0,4,3,5,4,4,4,3,5,3,4,3,4,4,4,3,5,4,4,0.0,0.0,0.0,0.0,0.0,E,E,E,E,E,E,+1,+1,+1,+1,+1,+1,E,+1,+2,+2,+2,+2,36,36,72,0.0,0.0,0.0,0.0,1.0,0.0,0.0,-1.0,1.0,1.0,0.0,0.0,0.0
47917,Takumi Kanaya,3,4.0,3.0,5.0,4.0,4.0,4.0,3.0,4.0,3.0,4.0,3.0,4.0,5.0,4.0,3.0,5.0,3.0,4.0,4,3,5,4,4,4,3,5,3,4,3,4,4,4,3,5,4,4,0.0,0.0,0.0,0.0,0.0,E,E,E,E,E,E,E,-1,-1,-1,-1,-1,E,E,E,E,-1,-1,34,35,69,0.0,0.0,0.0,0.0,0.0,-1.0,0.0,1.0,0.0,0.0,0.0,-1.0,0.0
33968,Thorbjørn Olesen,3,4.0,3.0,4.0,4.0,5.0,4.0,3.0,5.0,3.0,3.0,3.0,4.0,4.0,4.0,3.0,4.0,3.0,4.0,4,3,5,4,4,4,3,5,3,4,3,4,4,4,3,5,4,4,0.0,0.0,-1.0,0.0,0.0,E,E,-1,-1,E,E,E,E,E,-1,-1,-1,-1,-1,-1,-2,-3,-3,35,32,67,-1.0,0.0,1.0,0.0,0.0,0.0,0.0,0.0,0.0,0.0,-1.0,-1.0,0.0
35532,Tom Hoge,3,4.0,3.0,5.0,4.0,4.0,4.0,3.0,4.0,4.0,5.0,3.0,4.0,4.0,4.0,3.0,5.0,4.0,5.0,4,3,5,4,4,4,3,5,3,4,3,4,4,4,3,5,4,4,0.0,0.0,1.0,0.0,0.0,E,E,E,E,E,E,E,-1,E,+1,+1,+1,+1,+1,+1,+1,+1,+2,35,37,72,0.0,0.0,0.0,0.0,0.0,-1.0,1.0,0.0,0.0,0.0,0.0,0.0,1.0
55182,Tom Kim,3,4.0,3.0,5.0,5.0,4.0,4.0,3.0,4.0,3.0,4.0,3.0,4.0,4.0,4.0,2.0,5.0,4.0,4.0,4,3,5,4,4,4,3,5,3,4,3,4,4,4,3,5,4,4,0.0,0.0,0.0,0.0,0.0,E,E,E,+1,+1,+1,+1,E,E,E,E,E,E,E,-1,-1,-1,-1,35,34,69,0.0,1.0,0.0,0.0,0.0,-1.0,0.0,0.0,0.0,-1.0,0.0,0.0,0.0
29725,Tony Finau,3,5.0,2.0,4.0,4.0,4.0,3.0,3.0,5.0,3.0,4.0,3.0,4.0,4.0,4.0,3.0,4.0,5.0,3.0,4,3,5,4,4,4,3,5,3,4,3,4,4,4,3,5,4,4,1.0,-1.0,0.0,0.0,0.0,+1,E,-1,-1,-1,-2,-2,-2,-2,-2,-2,-2,-2,-2,-2,-3,-2,-3,33,34,67,-1.0,0.0,0.0,-1.0,0.0,0.0,0.0,0.0,0.0,0.0,-1.0,1.0,-1.0
51894,Vince Whaley,3,4.0,3.0,4.0,4.0,3.0,4.0,2.0,5.0,3.0,3.0,3.0,4.0,5.0,5.0,3.0,5.0,5.0,5.0,4,3,5,4,4,4,3,5,3,4,3,4,4,4,3,5,4,4,0.0,0.0,-1.0,0.0,0.0,E,E,-1,-1,-2,-2,-3,-3,-3,-4,-4,-4,-3,-2,-2,-2,-1,E,32,38,70,-1.0,0.0,-1.0,0.0,-1.0,0.0,0.0,1.0,1.0,0.0,0.0,1.0,1.0
63121,William Mouw,3,4.0,3.0,6.0,4.0,4.0,4.0,2.0,4.0,4.0,4.0,3.0,5.0,4.0,4.0,3.0,4.0,4.0,4.0,4,3,5,4,4,4,3,5,3,4,3,4,4,4,3,5,4,4,0.0,0.0,0.0,0.0,1.0,E,E,+1,+1,+1,+1,E,-1,E,E,E,+1,+1,+1,+1,E,E,E,35,35,70,1.0,0.0,0.0,0.0,-1.0,-1.0,1.0,0.0,0.0,0.0,-1.0,0.0,0.0
37338,Zecheng Dou,3,4.0,3.0,4.0,4.0,4.0,4.0,3.0,5.0,3.0,4.0,4.0,4.0,4.0,4.0,3.0,5.0,3.0,4.0,4,3,5,4,4,4,3,5,3,4,3,4,4,4,3,5,4,4,0.0,0.0,0.0,1.0,0.0,E,E,-1,-1,-1,-1,-1,-1,-1,-1,E,E,E,E,E,E,-1,-1,34,35,69,-1.0,0.0,0.0,0.0,0.0,0.0,0.0,0.0,0.0,0.0,0.0,-1.0,0.0
24502,Adam Scott,4,5.0,3.0,5.0,4.0,4.0,5.0,3.0,5.0,3.0,4.0,1.0,4.0,5.0,4.0,3.0,4.0,6.0,3.0,4,3,5,4,4,4,3,5,3,4,3,4,4,4,3,5,4,4,1.0,0.0,0.0,-2.0,0.0,+1,+1,+1,+1,+1,+2,+2,+2,+2,+2,E,E,+1,+1,+1,E,+2,+1,37,34,71,0.0,0.0,0.0,1.0,0.0,0.0,0.0,1.0,0.0,0.0,-1.0,2.0,-1.0
50497,Adrien Dumont de Chassart,4,4.0,3.0,5.0,4.0,3.0,4.0,3.0,4.0,3.0,3.0,3.0,4.0,3.0,5.0,2.0,4.0,5.0,3.0,4,3,5,4,4,4,3,5,3,4,3,4,4,4,3,5,4,4,0.0,0.0,-1.0,0.0,0.0,E,E,E,E,-1,-1,-1,-2,-2,-3,-3,-3,-4,-3,-4,-5,-4,-5,33,32,65,0.0,0.0,-1.0,0.0,0.0,-1.0,0.0,-1.0,1.0,-1.0,-1.0,1.0,-1.0
34371,Adrien Saddier,4,3.0,3.0,4.0,4.0,5.0,4.0,3.0,4.0,3.0,4.0,3.0,4.0,3.0,5.0,3.0,5.0,4.0,4.0,4,3,5,4,4,4,3,5,3,4,3,4,4,4,3,5,4,4,-1.0,0.0,0.0,0.0,0.0,-1,-1,-2,-2,-1,-1,-1,-2,-2,-2,-2,-2,-3,-2,-2,-2,-2,-2,33,35,68,-1.0,0.0,1.0,0.0,0.0,-1.0,0.0,-1.0,1.0,0.0,0.0,0.0,0.0
63343,Aldrich Potgieter,4,4.0,3.0,4.0,4.0,4.0,3.0,4.0,4.0,3.0,4.0,2.0,4.0,4.0,5.0,3.0,4.0,3.0,5.0,4,3,5,4,4,4,3,5,3,4,3,4,4,4,3,5,4,4,0.0,0.0,0.0,-1.0,0.0,E,E,-1,-1,-1,-2,-1,-2,-2,-2,-3,-3,-3,-2,-2,-3,-4,-3,33,34,67,-1.0,0.0,0.0,-1.0,1.0,-1.0,0.0,0.0,1.0,0.0,-1.0,-1.0,1.0
46340,Alex Smalley,4,4.0,3.0,4.0,4.0,3.0,4.0,4.0,4.0,3.0,4.0,3.0,3.0,3.0,5.0,3.0,5.0,4.0,4.0,4,3,5,4,4,4,3,5,3,4,3,4,4,4,3,5,4,4,0.0,0.0,0.0,0.0,-1.0,E,E,-1,-1,-2,-2,-1,-2,-2,-2,-2,-3,-4,-3,-3,-3,-3,-3,33,34,67,-1.0,0.0,-1.0,0.0,1.0,-1.0,0.0,-1.0,1.0,0.0,0.0,0.0,0.0
34256,Andrew Putnam,4,4.0,3.0,4.0,4.0,3.0,4.0,3.0,5.0,3.0,4.0,3.0,4.0,4.0,5.0,3.0,6.0,4.0,3.0,4,3,5,4,4,4,3,5,3,4,3,4,4,4,3,5,4,4,0.0,0.0,0.0,0.0,0.0,E,E,-1,-1,-2,-2,-2,-2,-2,-2,-2,-2,-2,-1,-1,E,E,-1,33,36,69,-1.0,0.0,-1.0,0.0,0.0,0.0,0.0,0.0,1.0,0.0,1.0,0.0,-1.0
57362,Austin Eckroat,4,5.0,3.0,4.0,4.0,4.0,4.0,3.0,4.0,3.0,4.0,3.0,4.0,3.0,4.0,3.0,6.0,5.0,4.0,4,3,5,4,4,4,3,5,3,4,3,4,4,4,3,5,4,4,1.0,0.0,0.0,0.0,0.0,+1,+1,E,E,E,E,E,-1,-1,-1,-1,-1,-2,-2,-2,-1,E,E,34,36,70,-1.0,0.0,0.0,0.0,0.0,-1.0,0.0,-1.0,0.0,0.0,1.0,1.0,0.0
35461,Beau Hossler,4,3.0,4.0,4.0,4.0,4.0,4.0,3.0,4.0,3.0,4.0,3.0,4.0,4.0,4.0,3.0,6.0,4.0,4.0,4,3,5,4,4,4,3,5,3,4,3,4,4,4,3,5,4,4,-1.0,1.0,0.0,0.0,0.0,-1,E,-1,-1,-1,-1,-1,-2,-2,-2,-2,-2,-2,-2,-2,-1,-1,-1,33,36,69,-1.0,0.0,0.0,0.0,0.0,-1.0,0.0,0.0,0.0,0.0,1.0,0.0,0.0
54591,Ben Griffin,4,4.0,2.0,5.0,4.0,4.0,4.0,4.0,4.0,3.0,3.0,3.0,4.0,4.0,3.0,3.0,4.0,5.0,4.0,4,3,5,4,4,4,3,5,3,4,3,4,4,4,3,5,4,4,0.0,-1.0,-1.0,0.0,0.0,E,-1,-1,-1,-1,-1,E,-1,-1,-2,-2,-2,-2,-3,-3,-4,-3,-3,34,33,67,0.0,0.0,0.0,0.0,1.0,-1.0,0.0,0.0,-1.0,0.0,-1.0,1.0,0.0
29535,Brice Garnett,4,4.0,3.0,5.0,4.0,4.0,4.0,3.0,5.0,4.0,4.0,3.0,4.0,4.0,4.0,3.0,4.0,4.0,4.0,4,3,5,4,4,4,3,5,3,4,3,4,4,4,3,5,4,4,0.0,0.0,0.0,0.0,0.0,E,E,E,E,E,E,E,E,+1,+1,+1,+1,+1,+1,+1,E,E,E,36,34,70,0.0,0.0,0.0,0.0,0.0,0.0,1.0,0.0,0.0,0.0,-1.0,0.0,0.0
29268,Bronson Burgoon,4,4.0,3.0,4.0,5.0,3.0,4.0,2.0,5.0,3.0,4.0,2.0,4.0,4.0,4.0,3.0,4.0,4.0,4.0,4,3,5,4,4,4,3,5,3,4,3,4,4,4,3,5,4,4,0.0,0.0,0.0,-1.0,0.0,E,E,-1,E,-1,-1,-2,-2,-2,-2,-3,-3,-3,-3,-3,-4,-4,-4,33,33,66,-1.0,1.0,-1.0,0.0,-1.0,0.0,0.0,0.0,0.0,0.0,-1.0,0.0,0.0
47983,Chad Ramey,4,4.0,3.0,4.0,4.0,4.0,4.0,2.0,5.0,3.0,4.0,3.0,4.0,4.0,5.0,3.0,4.0,6.0,4.0,4,3,5,4,4,4,3,5,3,4,3,4,4,4,3,5,4,4,0.0,0.0,0.0,0.0,0.0,E,E,-1,-1,-1,-1,-2,-2,-2,-2,-2,-2,-2,-1,-1,-2,E,E,33,37,70,-1.0,0.0,0.0,0.0,-1.0,0.0,0.0,0.0,1.0,0.0,-1.0,2.0,0.0
59095,Chris Gotterup,4,4.0,2.0,4.0,3.0,4.0,4.0,4.0,5.0,3.0,3.0,3.0,3.0,4.0,4.0,2.0,5.0,4.0,4.0,4,3,5,4,4,4,3,5,3,4,3,4,4,4,3,5,4,4,0.0,-1.0,-1.0,0.0,-1.0,E,-1,-2,-3,-3,-3,-2,-2,-2,-3,-3,-4,-4,-4,-5,-5,-5,-5,33,32,65,-1.0,-1.0,0.0,0.0,1.0,0.0,0.0,0.0,0.0,-1.0,0.0,0.0,0.0
30926,Chris Kirk,4,4.0,2.0,4.0,5.0,4.0,5.0,4.0,5.0,3.0,4.0,3.0,4.0,4.0,4.0,3.0,5.0,5.0,4.0,4,3,5,4,4,4,3,5,3,4,3,4,4,4,3,5,4,4,0.0,-1.0,0.0,0.0,0.0,E,-1,-2,-1,-1,E,+1,+1,+1,+1,+1,+1,+1,+1,+1,+1,+2,+2,36,36,72,-1.0,1.0,0.0,1.0,1.0,0.0,0.0,0.0,0.0,0.0,0.0,1.0,0.0
45522,Christiaan Bezuidenhout,4,4.0,3.0,4.0,4.0,3.0,5.0,2.0,5.0,3.0,4.0,3.0,4.0,4.0,5.0,4.0,5.0,4.0,4.0,4,3,5,4,4,4,3,5,3,4,3,4,4,4,3,5,4,4,0.0,0.0,0.0,0.0,0.0,E,E,-1,-1,-2,-1,-2,-2,-2,-2,-2,-2,-2,-1,E,E,E,E,33,37,70,-1.0,0.0,-1.0,1.0,-1.0,0.0,0.0,0.0,1.0,1.0,0.0,0.0,0.0
54607,Danny Walker,4,4.0,3.0,5.0,4.0,4.0,4.0,4.0,5.0,3.0,4.0,3.0,4.0,4.0,5.0,3.0,5.0,4.0,4.0,4,3,5,4,4,4,3,5,3,4,3,4,4,4,3,5,4,4,0.0,0.0,0.0,0.0,0.0,E,E,E,E,E,E,+1,+1,+1,+1,+1,+1,+1,+2,+2,+2,+2,+2,36,36,72,0.0,0.0,0.0,0.0,1.0,0.0,0.0,0.0,1.0,0.0,0.0,0.0,0.0
32139,Danny Willett,4,4.0,3.0,5.0,5.0,4.0,4.0,4.0,4.0,3.0,3.0,3.0,4.0,4.0,4.0,4.0,6.0,5.0,5.0,4,3,5,4,4,4,3,5,3,4,3,4,4,4,3,5,4,4,0.0,0.0,-1.0,0.0,0.0,E,E,E,+1,+1,+1,+2,+1,+1,E,E,E,E,E,+1,+2,+3,+4,36,38,74,0.0,1.0,0.0,0.0,1.0,-1.0,0.0,0.0,0.0,1.0,1.0,1.0,1.0
47995,Davis Riley,4,4.0,3.0,4.0,4.0,4.0,5.0,6.0,4.0,3.0,4.0,3.0,4.0,3.0,5.0,3.0,5.0,4.0,5.0,4,3,5,4,4,4,3,5,3,4,3,4,4,4,3,5,4,4,0.0,0.0,0.0,0.0,0.0,E,E,-1,-1,-1,E,+3,+2,+2,+2,+2,+2,+1,+2,+2,+2,+2,+3,37,36,73,-1.0,0.0,0.0,1.0,2.0,-1.0,0.0,-1.0,1.0,0.0,0.0,0.0,1.0
47993,Denny McCarthy,4,4.0,3.0,4.0,4.0,4.0,4.0,2.0,4.0,3.0,3.0,3.0,4.0,4.0,4.0,3.0,5.0,4.0,4.0,4,3,5,4,4,4,3,5,3,4,3,4,4,4,3,5,4,4,0.0,0.0,-1.0,0.0,0.0,E,E,-1,-1,-1,-1,-2,-3,-3,-4,-4,-4,-4,-4,-4,-4,-4,-4,32,34,66,-1.0,0.0,0.0,0.0,-1.0,-1.0,0.0,0.0,0.0,0.0,0.0,0.0,0.0
31646,Emiliano Grillo,4,5.0,3.0,4.0,4.0,6.0,4.0,3.0,4.0,3.0,4.0,3.0,4.0,3.0,5.0,5.0,6.0,5.0,4.0,4,3,5,4,4,4,3,5,3,4,3,4,4,4,3,5,4,4,1.0,0.0,0.0,0.0,0.0,+1,+1,E,E,+2,+2,+2,+1,+1,+1,+1,+1,E,+1,+3,+4,+5,+5,36,39,75,-1.0,0.0,2.0,0.0,0.0,-1.0,0.0,-1.0,1.0,2.0,1.0,1.0,0.0
47591,Eric Cole,4,4.0,3.0,4.0,4.0,4.0,4.0,3.0,4.0,3.0,3.0,4.0,4.0,4.0,5.0,4.0,4.0,5.0,4.0,4,3,5,4,4,4,3,5,3,4,3,4,4,4,3,5,4,4,0.0,0.0,-1.0,1.0,0.0,E,E,-1,-1,-1,-1,-1,-2,-2,-3,-2,-2,-2,-1,E,-1,E,E,33,37,70,-1.0,0.0,0.0,0.0,0.0,-1.0,0.0,0.0,1.0,1.0,-1.0,1.0,0.0
40006,Erik van Rooyen,4,4.0,4.0,5.0,4.0,5.0,3.0,3.0,5.0,3.0,4.0,3.0,4.0,3.0,5.0,3.0,5.0,4.0,4.0,4,3,5,4,4,4,3,5,3,4,3,4,4,4,3,5,4,4,0.0,1.0,0.0,0.0,0.0,E,+1,+1,+1,+2,+1,+1,+1,+1,+1,+1,+1,E,+1,+1,+1,+1,+1,36,35,71,0.0,0.0,1.0,-1.0,0.0,0.0,0.0,-1.0,1.0,0.0,0.0,0.0,0.0
54421,Garrick Higgo,4,4.0,3.0,5.0,4.0,4.0,4.0,3.0,5.0,3.0,4.0,3.0,4.0,4.0,4.0,3.0,5.0,4.0,5.0,4,3,5,4,4,4,3,5,3,4,3,4,4,4,3,5,4,4,0.0,0.0,0.0,0.0,0.0,E,E,E,E,E,E,E,E,E,E,E,E,E,E,E,E,E,+1,35,36,71,0.0,0.0,0.0,0.0,0.0,0.0,0.0,0.0,0.0,0.0,0.0,0.0,1.0
31323,Gary Woodland,4,4.0,3.0,5.0,4.0,3.0,4.0,2.0,4.0,2.0,4.0,3.0,4.0,4.0,5.0,3.0,5.0,4.0,4.0,4,3,5,4,4,4,3,5,3,4,3,4,4,4,3,5,4,4,0.0,0.0,0.0,0.0,0.0,E,E,E,E,-1,-1,-2,-3,-4,-4,-4,-4,-4,-3,-3,-3,-3,-3,31,36,67,0.0,0.0,-1.0,0.0,-1.0,-1.0,-1.0,0.0,1.0,0.0,0.0,0.0,0.0
34099,Harris English,4,4.0,3.0,4.0,4.0,4.0,3.0,3.0,5.0,2.0,4.0,3.0,4.0,5.0,4.0,3.0,4.0,4.0,4.0,4,3,5,4,4,4,3,5,3,4,3,4,4,4,3,5,4,4,0.0,0.0,0.0,0.0,0.0,E,E,-1,-1,-1,-2,-2,-2,-3,-3,-3,-3,-2,-2,-2,-3,-3,-3,32,35,67,-1.0,0.0,0.0,-1.0,0.0,0.0,-1.0,1.0,0.0,0.0,-1.0,0.0,0.0
57975,Harry Hall,4,4.0,3.0,4.0,5.0,4.0,4.0,2.0,4.0,3.0,4.0,3.0,4.0,3.0,4.0,3.0,5.0,4.0,4.0,4,3,5,4,4,4,3,5,3,4,3,4,4,4,3,5,4,4,0.0,0.0,0.0,0.0,0.0,E,E,-1,E,E,E,-1,-2,-2,-2,-2,-2,-3,-3,-3,-3,-3,-3,33,34,67,-1.0,1.0,0.0,0.0,-1.0,-1.0,0.0,-1.0,0.0,0.0,0.0,0.0,0.0
60019,Jackson Suber,4,4.0,4.0,5.0,4.0,3.0,4.0,3.0,5.0,3.0,3.0,3.0,5.0,4.0,3.0,4.0,4.0,5.0,5.0,4,3,5,4,4,4,3,5,3,4,3,4,4,4,3,5,4,4,0.0,1.0,-1.0,0.0,1.0,E,+1,+1,+1,E,E,E,E,E,-1,-1,E,E,-1,E,-1,E,+1,35,36,71,0.0,0.0,-1.0,0.0,0.0,0.0,0.0,0.0,-1.0,1.0,-1.0,1.0,1.0
47420,Jake Knapp,4,4.0,3.0,4.0,4.0,4.0,3.0,3.0,4.0,3.0,3.0,3.0,3.0,4.0,4.0,2.0,3.0,4.0,4.0,4,3,5,4,4,4,3,5,3,4,3,4,4,4,3,5,4,4,0.0,0.0,-1.0,0.0,-1.0,E,E,-1,-1,-1,-2,-2,-3,-3,-4,-4,-5,-5,-5,-6,-8,-8,-8,32,30,62,-1.0,0.0,0.0,-1.0,0.0,-1.0,0.0,0.0,0.0,-1.0,-2.0,0.0,0.0
28089,Jason Day,4,4.0,4.0,4.0,4.0,4.0,4.0,3.0,4.0,3.0,4.0,3.0,3.0,3.0,4.0,3.0,6.0,4.0,4.0,4,3,5,4,4,4,3,5,3,4,3,4,4,4,3,5,4,4,0.0,1.0,0.0,0.0,-1.0,E,+1,E,E,E,E,E,-1,-1,-1,-1,-2,-3,-3,-3,-2,-2,-2,34,34,68,-1.0,0.0,0.0,0.0,0.0,-1.0,0.0,-1.0,0.0,0.0,1.0,0.0,0.0
47393,Jeffrey Kang,4,4.0,3.0,4.0,4.0,3.0,4.0,3.0,4.0,4.0,4.0,3.0,3.0,3.0,5.0,3.0,4.0,4.0,4.0,4,3,5,4,4,4,3,5,3,4,3,4,4,4,3,5,4,4,0.0,0.0,0.0,0.0,-1.0,E,E,-1,-1,-2,-2,-2,-3,-2,-2,-2,-3,-4,-3,-3,-4,-4,-4,33,33,66,-1.0,0.0,-1.0,0.0,0.0,-1.0,1.0,-1.0,1.0,0.0,-1.0,0.0,0.0
57586,Jesper Svensson,4,4.0,2.0,5.0,4.0,4.0,4.0,3.0,5.0,3.0,4.0,4.0,4.0,5.0,4.0,3.0,6.0,5.0,4.0,4,3,5,4,4,4,3,5,3,4,3,4,4,4,3,5,4,4,0.0,-1.0,0.0,1.0,0.0,E,-1,-1,-1,-1,-1,-1,-1,-1,-1,E,E,+1,+1,+1,+2,+3,+3,34,39,73,0.0,0.0,0.0,0.0,0.0,0.0,0.0,1.0,0.0,0.0,1.0,1.0,0.0
27064,Jhonattan Vegas,4,4.0,3.0,5.0,4.0,4.0,4.0,3.0,4.0,2.0,4.0,2.0,4.0,4.0,4.0,3.0,5.0,5.0,4.0,4,3,5,4,4,4,3,5,3,4,3,4,4,4,3,5,4,4,0.0,0.0,0.0,-1.0,0.0,E,E,E,E,E,E,E,-1,-2,-2,-3,-3,-3,-3,-3,-3,-2,-2,33,35,68,0.0,0.0,0.0,0.0,0.0,-1.0,-1.0,0.0,0.0,0.0,0.0,1.0,0.0
51600,Jimmy Stanger,4,4.0,3.0,5.0,4.0,3.0,4.0,4.0,4.0,3.0,4.0,3.0,4.0,3.0,4.0,3.0,6.0,4.0,5.0,4,3,5,4,4,4,3,5,3,4,3,4,4,4,3,5,4,4,0.0,0.0,0.0,0.0,0.0,E,E,E,E,-1,-1,E,-1,-1,-1,-1,-1,-2,-2,-2,-1,-1,E,34,36,70,0.0,0.0,-1.0,0.0,1.0,-1.0,0.0,-1.0,0.0,0.0,1.0,0.0,1.0
28723,John Parry,4,4.0,3.0,4.0,4.0,3.0,4.0,3.0,5.0,3.0,4.0,2.0,4.0,5.0,5.0,3.0,5.0,6.0,4.0,4,3,5,4,4,4,3,5,3,4,3,4,4,4,3,5,4,4,0.0,0.0,0.0,-1.0,0.0,E,E,-1,-1,-2,-2,-2,-2,-2,-2,-3,-3,-2,-1,-1,-1,+1,+1,33,38,71,-1.0,0.0,-1.0,0.0,0.0,0.0,0.0,1.0,1.0,0.0,0.0,2.0,0.0
63454,Johnny Keefer,4,4.0,2.0,4.0,4.0,4.0,4.0,4.0,4.0,3.0,4.0,3.0,4.0,3.0,4.0,2.0,4.0,4.0,3.0,4,3,5,4,4,4,3,5,3,4,3,4,4,4,3,5,4,4,0.0,-1.0,0.0,0.0,0.0,E,-1,-2,-2,-2,-2,-1,-2,-2,-2,-2,-2,-3,-3,-4,-5,-5,-6,33,31,64,-1.0,0.0,0.0,0.0,1.0,-1.0,0.0,-1.0,0.0,-1.0,-1.0,0.0,-1.0
46464,Jordan Smith,4,4.0,3.0,5.0,4.0,4.0,4.0,3.0,4.0,3.0,4.0,3.0,4.0,4.0,4.0,4.0,4.0,4.0,4.0,4,3,5,4,4,4,3,5,3,4,3,4,4,4,3,5,4,4,0.0,0.0,0.0,0.0,0.0,E,E,E,E,E,E,E,-1,-1,-1,-1,-1,-1,-1,E,-1,-1,-1,34,35,69,0.0,0.0,0.0,0.0,0.0,-1.0,0.0,0.0,0.0,1.0,-1.0,0.0,0.0
54304,Karl Vilips,4,4.0,3.0,4.0,4.0,4.0,3.0,2.0,5.0,2.0,4.0,3.0,3.0,4.0,4.0,3.0,6.0,5.0,4.0,4,3,5,4,4,4,3,5,3,4,3,4,4,4,3,5,4,4,0.0,0.0,0.0,0.0,-1.0,E,E,-1,-1,-1,-2,-3,-3,-4,-4,-4,-5,-5,-5,-5,-4,-3,-3,31,36,67,-1.0,0.0,0.0,-1.0,-1.0,0.0,-1.0,0.0,0.0,0.0,1.0,1.0,0.0
39546,Keith Mitchell,4,4.0,3.0,5.0,4.0,3.0,4.0,3.0,4.0,3.0,4.0,2.0,3.0,4.0,4.0,3.0,4.0,4.0,4.0,4,3,5,4,4,4,3,5,3,4,3,4,4,4,3,5,4,4,0.0,0.0,0.0,-1.0,-1.0,E,E,E,E,-1,-1,-1,-2,-2,-2,-3,-4,-4,-4,-4,-5,-5,-5,33,32,65,0.0,0.0,-1.0,0.0,0.0,-1.0,0.0,0.0,0.0,0.0,-1.0,0.0,0.0
39335,Kevin Roy,4,5.0,3.0,5.0,3.0,4.0,4.0,3.0,5.0,3.0,4.0,3.0,4.0,3.0,4.0,4.0,4.0,4.0,4.0,4,3,5,4,4,4,3,5,3,4,3,4,4,4,3,5,4,4,1.0,0.0,0.0,0.0,0.0,+1,+1,+1,E,E,E,E,E,E,E,E,E,-1,-1,E,-1,-1,-1,35,34,69,0.0,-1.0,0.0,0.0,0.0,0.0,0.0,-1.0,0.0,1.0,-1.0,0.0,0.0
48117,Kurt Kitayama,4,4.0,3.0,5.0,4.0,4.0,4.0,3.0,5.0,3.0,3.0,2.0,3.0,4.0,3.0,2.0,8.0,5.0,4.0,4,3,5,4,4,4,3,5,3,4,3,4,4,4,3,5,4,4,0.0,0.0,-1.0,-1.0,-1.0,E,E,E,E,E,E,E,E,E,-1,-2,-3,-3,-4,-5,-2,-1,-1,35,34,69,0.0,0.0,0.0,0.0,0.0,0.0,0.0,0.0,-1.0,-1.0,2.0,1.0,0.0
54628,Lee Hodges,4,5.0,4.0,4.0,4.0,5.0,4.0,3.0,4.0,3.0,4.0,2.0,4.0,4.0,4.0,4.0,4.0,4.0,4.0,4,3,5,4,4,4,3,5,3,4,3,4,4,4,3,5,4,4,1.0,1.0,0.0,-1.0,0.0,+1,+2,+1,+1,+2,+2,+2,+1,+1,+1,E,E,E,E,+1,E,E,E,36,34,70,-1.0,0.0,1.0,0.0,0.0,-1.0,0.0,0.0,0.0,1.0,-1.0,0.0,0.0
66743,Luke Clanton,4,5.0,2.0,4.0,4.0,4.0,6.0,3.0,5.0,2.0,4.0,4.0,4.0,4.0,5.0,2.0,5.0,5.0,4.0,4,3,5,4,4,4,3,5,3,4,3,4,4,4,3,5,4,4,1.0,-1.0,0.0,1.0,0.0,+1,E,-1,-1,-1,+1,+1,+1,E,E,+1,+1,+1,+2,+1,+1,+2,+2,35,37,72,-1.0,0.0,0.0,2.0,0.0,0.0,-1.0,0.0,1.0,-1.0,0.0,1.0,0.0
59143,Mac Meissner,4,4.0,2.0,4.0,4.0,4.0,4.0,3.0,4.0,3.0,4.0,3.0,4.0,4.0,4.0,3.0,4.0,3.0,4.0,4,3,5,4,4,4,3,5,3,4,3,4,4,4,3,5,4,4,0.0,-1.0,0.0,0.0,0.0,E,-1,-2,-2,-2,-2,-2,-3,-3,-3,-3,-3,-3,-3,-3,-4,-5,-5,32,33,65,-1.0,0.0,0.0,0.0,0.0,-1.0,0.0,0.0,0.0,0.0,-1.0,-1.0,0.0
23108,Matt Kuchar,4,5.0,3.0,4.0,4.0,3.0,4.0,3.0,4.0,3.0,4.0,3.0,4.0,4.0,4.0,3.0,5.0,5.0,4.0,4,3,5,4,4,4,3,5,3,4,3,4,4,4,3,5,4,4,1.0,0.0,0.0,0.0,0.0,+1,+1,E,E,-1,-1,-1,-2,-2,-2,-2,-2,-2,-2,-2,-2,-1,-1,33,36,69,-1.0,0.0,-1.0,0.0,0.0,-1.0,0.0,0.0,0.0,0.0,0.0,1.0,0.0
48887,Matt Wallace,4,4.0,3.0,5.0,4.0,4.0,4.0,3.0,3.0,3.0,4.0,3.0,4.0,5.0,5.0,3.0,5.0,5.0,4.0,4,3,5,4,4,4,3,5,3,4,3,4,4,4,3,5,4,4,0.0,0.0,0.0,0.0,0.0,E,E,E,E,E,E,E,-2,-2,-2,-2,-2,-1,E,E,E,+1,+1,33,38,71,0.0,0.0,0.0,0.0,0.0,-2.0,0.0,1.0,1.0,0.0,0.0,1.0,0.0
48153,Matthieu Pavon,4,4.0,3.0,4.0,4.0,4.0,4.0,3.0,5.0,5.0,3.0,4.0,4.0,4.0,4.0,3.0,4.0,4.0,3.0,4,3,5,4,4,4,3,5,3,4,3,4,4,4,3,5,4,4,0.0,0.0,-1.0,1.0,0.0,E,E,-1,-1,-1,-1,-1,-1,+1,E,+1,+1,+1,+1,+1,E,E,-1,36,33,69,-1.0,0.0,0.0,0.0,0.0,0.0,2.0,0.0,0.0,0.0,-1.0,0.0,-1.0
48867,Matti Schmid,4,4.0,3.0,5.0,5.0,6.0,4.0,3.0,5.0,3.0,4.0,3.0,4.0,5.0,4.0,4.0,4.0,5.0,3.0,4,3,5,4,4,4,3,5,3,4,3,4,4,4,3,5,4,4,0.0,0.0,0.0,0.0,0.0,E,E,E,+1,+3,+3,+3,+3,+3,+3,+3,+3,+4,+4,+5,+4,+5,+4,38,36,74,0.0,1.0,2.0,0.0,0.0,0.0,0.0,1.0,0.0,1.0,-1.0,1.0,-1.0
51950,Max McGreevy,4,4.0,3.0,4.0,4.0,4.0,5.0,2.0,5.0,3.0,4.0,3.0,4.0,3.0,5.0,2.0,4.0,4.0,4.0,4,3,5,4,4,4,3,5,3,4,3,4,4,4,3,5,4,4,0.0,0.0,0.0,0.0,0.0,E,E,-1,-1,-1,E,-1,-1,-1,-1,-1,-1,-2,-1,-2,-3,-3,-3,34,33,67,-1.0,0.0,0.0,1.0,-1.0,0.0,0.0,-1.0,1.0,-1.0,-1.0,0.0,0.0
61522,Michael Brennan,4,5.0,3.0,4.0,4.0,4.0,4.0,3.0,4.0,4.0,4.0,3.0,3.0,5.0,4.0,3.0,4.0,4.0,5.0,4,3,5,4,4,4,3,5,3,4,3,4,4,4,3,5,4,4,1.0,0.0,0.0,0.0,-1.0,+1,+1,E,E,E,E,E,-1,E,E,E,-1,E,E,E,-1,-1,E,35,35,70,-1.0,0.0,0.0,0.0,0.0,-1.0,1.0,1.0,0.0,0.0,-1.0,0.0,1.0
57364,Michael Thorbjornsen,4,4.0,3.0,4.0,4.0,4.0,4.0,3.0,7.0,2.0,4.0,3.0,5.0,4.0,5.0,4.0,4.0,4.0,4.0,4,3,5,4,4,4,3,5,3,4,3,4,4,4,3,5,4,4,0.0,0.0,0.0,0.0,1.0,E,E,-1,-1,-1,-1,-1,+1,E,E,E,+1,+1,+2,+3,+2,+2,+2,35,37,72,-1.0,0.0,0.0,0.0,0.0,2.0,-1.0,0.0,1.0,1.0,-1.0,0.0,0.0
37378,Min Woo Lee,4,4.0,3.0,5.0,4.0,5.0,3.0,3.0,4.0,3.0,4.0,2.0,4.0,4.0,5.0,3.0,4.0,4.0,3.0,4,3,5,4,4,4,3,5,3,4,3,4,4,4,3,5,4,4,0.0,0.0,0.0,-1.0,0.0,E,E,E,E,+1,E,E,-1,-1,-1,-2,-2,-2,-1,-1,-2,-2,-3,34,33,67,0.0,0.0,1.0,-1.0,0.0,-1.0,0.0,0.0,1.0,0.0,-1.0,0.0,-1.0
52453,Nicolai Højgaard,4,5.0,3.0,5.0,4.0,4.0,3.0,5.0,4.0,3.0,5.0,3.0,4.0,4.0,3.0,3.0,4.0,4.0,5.0,4,3,5,4,4,4,3,5,3,4,3,4,4,4,3,5,4,4,1.0,0.0,1.0,0.0,0.0,+1,+1,+1,+1,+1,E,+2,+1,+1,+2,+2,+2,+2,+1,+1,E,E,+1,36,35,71,0.0,0.0,0.0,-1.0,2.0,-1.0,0.0,0.0,-1.0,0.0,-1.0,0.0,1.0
31113,Paul Waring,4,4.0,3.0,5.0,5.0,4.0,5.0,3.0,5.0,3.0,3.0,4.0,5.0,4.0,5.0,3.0,5.0,4.0,4.0,4,3,5,4,4,4,3,5,3,4,3,4,4,4,3,5,4,4,0.0,0.0,-1.0,1.0,1.0,E,E,E,+1,+1,+2,+2,+2,+2,+1,+2,+3,+3,+4,+4,+4,+4,+4,37,37,74,0.0,1.0,0.0,1.0,0.0,0.0,0.0,0.0,1.0,0.0,0.0,0.0,0.0
34466,Peter Malnati,4,4.0,3.0,5.0,4.0,4.0,4.0,3.0,5.0,3.0,4.0,3.0,4.0,4.0,5.0,2.0,5.0,4.0,4.0,4,3,5,4,4,4,3,5,3,4,3,4,4,4,3,5,4,4,0.0,0.0,0.0,0.0,0.0,E,E,E,E,E,E,E,E,E,E,E,E,E,+1,E,E,E,E,35,35,70,0.0,0.0,0.0,0.0,0.0,0.0,0.0,0.0,1.0,-1.0,0.0,0.0,0.0
55851,Pontus Nyholm,4,4.0,2.0,4.0,4.0,4.0,3.0,4.0,4.0,3.0,3.0,3.0,4.0,4.0,4.0,3.0,5.0,4.0,5.0,4,3,5,4,4,4,3,5,3,4,3,4,4,4,3,5,4,4,0.0,-1.0,-1.0,0.0,0.0,E,-1,-2,-2,-2,-3,-2,-3,-3,-4,-4,-4,-4,-4,-4,-4,-4,-3,32,35,67,-1.0,0.0,0.0,-1.0,1.0,-1.0,0.0,0.0,0.0,0.0,0.0,0.0,1.0
52686,Rasmus Højgaard,4,3.0,3.0,4.0,5.0,4.0,4.0,3.0,4.0,3.0,3.0,3.0,4.0,3.0,4.0,3.0,5.0,5.0,4.0,4,3,5,4,4,4,3,5,3,4,3,4,4,4,3,5,4,4,-1.0,0.0,-1.0,0.0,0.0,-1,-1,-2,-1,-1,-1,-1,-2,-2,-3,-3,-3,-4,-4,-4,-4,-3,-3,33,34,67,-1.0,1.0,0.0,0.0,0.0,-1.0,0.0,-1.0,0.0,0.0,0.0,1.0,0.0
59440,Ricky Castillo,4,4.0,3.0,5.0,4.0,3.0,4.0,3.0,5.0,3.0,4.0,4.0,4.0,4.0,4.0,3.0,6.0,4.0,5.0,4,3,5,4,4,4,3,5,3,4,3,4,4,4,3,5,4,4,0.0,0.0,0.0,1.0,0.0,E,E,E,E,-1,-1,-1,-1,-1,-1,E,E,E,E,E,+1,+1,+2,34,38,72,0.0,0.0,-1.0,0.0,0.0,0.0,0.0,0.0,0.0,0.0,1.0,0.0,1.0
51696,Rico Hoey,4,4.0,3.0,4.0,4.0,3.0,5.0,4.0,4.0,3.0,4.0,3.0,4.0,3.0,4.0,3.0,7.0,4.0,4.0,4,3,5,4,4,4,3,5,3,4,3,4,4,4,3,5,4,4,0.0,0.0,0.0,0.0,0.0,E,E,-1,-1,-2,-1,E,-1,-1,-1,-1,-1,-2,-2,-2,E,E,E,34,36,70,-1.0,0.0,-1.0,1.0,1.0,-1.0,0.0,-1.0,0.0,0.0,2.0,0.0,0.0
51634,Sahith Theegala,4,4.0,3.0,4.0,5.0,4.0,3.0,3.0,4.0,3.0,4.0,3.0,4.0,4.0,4.0,3.0,4.0,5.0,4.0,4,3,5,4,4,4,3,5,3,4,3,4,4,4,3,5,4,4,0.0,0.0,0.0,0.0,0.0,E,E,-1,E,E,-1,-1,-2,-2,-2,-2,-2,-2,-2,-2,-3,-2,-2,33,35,68,-1.0,1.0,0.0,-1.0,0.0,-1.0,0.0,0.0,0.0,0.0,-1.0,1.0,0.0
47504,Sam Burns,4,4.0,3.0,4.0,4.0,3.0,4.0,3.0,4.0,3.0,4.0,3.0,3.0,3.0,4.0,5.0,4.0,4.0,4.0,4,3,5,4,4,4,3,5,3,4,3,4,4,4,3,5,4,4,0.0,0.0,0.0,0.0,-1.0,E,E,-1,-1,-2,-2,-2,-3,-3,-3,-3,-4,-5,-5,-3,-4,-4,-4,32,34,66,-1.0,0.0,-1.0,0.0,0.0,-1.0,0.0,-1.0,0.0,2.0,-1.0,0.0,0.0
37275,Sam Ryder,4,4.0,3.0,5.0,4.0,4.0,4.0,3.0,5.0,3.0,3.0,4.0,3.0,4.0,4.0,3.0,6.0,4.0,4.0,4,3,5,4,4,4,3,5,3,4,3,4,4,4,3,5,4,4,0.0,0.0,-1.0,1.0,-1.0,E,E,E,E,E,E,E,E,E,-1,E,-1,-1,-1,-1,E,E,E,35,35,70,0.0,0.0,0.0,0.0,0.0,0.0,0.0,0.0,0.0,0.0,1.0,0.0,0.0
55893,Sam Stevens,4,4.0,3.0,4.0,4.0,4.0,4.0,3.0,4.0,3.0,4.0,4.0,4.0,3.0,4.0,3.0,4.0,4.0,4.0,4,3,5,4,4,4,3,5,3,4,3,4,4,4,3,5,4,4,0.0,0.0,0.0,1.0,0.0,E,E,-1,-1,-1,-1,-1,-2,-2,-2,-1,-1,-2,-2,-2,-3,-3,-3,33,34,67,-1.0,0.0,0.0,0.0,0.0,-1.0,0.0,-1.0,0.0,0.0,-1.0,0.0,0.0
33204,Shane Lowry,4,4.0,1.0,5.0,5.0,4.0,4.0,3.0,5.0,3.0,4.0,3.0,4.0,3.0,4.0,3.0,5.0,4.0,4.0,4,3,5,4,4,4,3,5,3,4,3,4,4,4,3,5,4,4,0.0,-2.0,0.0,0.0,0.0,E,-2,-2,-1,-1,-1,-1,-1,-1,-1,-1,-1,-2,-2,-2,-2,-2,-2,34,34,68,0.0,1.0,0.0,0.0,0.0,0.0,0.0,-1.0,0.0,0.0,0.0,0.0,0.0
36799,Stephan Jaeger,4,4.0,4.0,4.0,5.0,4.0,4.0,4.0,5.0,2.0,4.0,3.0,4.0,5.0,5.0,2.0,4.0,4.0,4.0,4,3,5,4,4,4,3,5,3,4,3,4,4,4,3,5,4,4,0.0,1.0,0.0,0.0,0.0,E,+1,E,+1,+1,+1,+2,+2,+1,+1,+1,+1,+2,+3,+2,+1,+1,+1,36,35,71,-1.0,1.0,0.0,0.0,1.0,0.0,-1.0,1.0,1.0,-1.0,-1.0,0.0,0.0
57123,Steven Fisk,4,4.0,3.0,4.0,4.0,3.0,4.0,3.0,5.0,3.0,4.0,3.0,4.0,4.0,4.0,3.0,7.0,5.0,5.0,4,3,5,4,4,4,3,5,3,4,3,4,4,4,3,5,4,4,0.0,0.0,0.0,0.0,0.0,E,E,-1,-1,-2,-2,-2,-2,-2,-2,-2,-2,-2,-2,-2,E,+1,+2,33,39,72,-1.0,0.0,-1.0,0.0,0.0,0.0,0.0,0.0,0.0,0.0,2.0,1.0,1.0
60386,Sudarshan Yellamaraju,4,4.0,3.0,5.0,4.0,4.0,4.0,3.0,5.0,3.0,4.0,3.0,4.0,3.0,4.0,2.0,4.0,4.0,4.0,4,3,5,4,4,4,3,5,3,4,3,4,4,4,3,5,4,4,0.0,0.0,0.0,0.0,0.0,E,E,E,E,E,E,E,E,E,E,E,E,-1,-1,-2,-3,-3,-3,35,32,67,0.0,0.0,0.0,0.0,0.0,0.0,0.0,-1.0,0.0,-1.0,-1.0,0.0,0.0
39971,Sungjae Im,4,4.0,3.0,4.0,4.0,4.0,4.0,3.0,6.0,3.0,4.0,3.0,4.0,3.0,4.0,3.0,5.0,5.0,4.0,4,3,5,4,4,4,3,5,3,4,3,4,4,4,3,5,4,4,0.0,0.0,0.0,0.0,0.0,E,E,-1,-1,-1,-1,-1,E,E,E,E,E,-1,-1,-1,-1,E,E,35,35,70,-1.0,0.0,0.0,0.0,0.0,1.0,0.0,-1.0,0.0,0.0,0.0,1.0,0.0
47917,Takumi Kanaya,4,4.0,4.0,5.0,4.0,4.0,4.0,3.0,6.0,4.0,4.0,3.0,4.0,4.0,4.0,4.0,5.0,5.0,3.0,4,3,5,4,4,4,3,5,3,4,3,4,4,4,3,5,4,4,0.0,1.0,0.0,0.0,0.0,E,+1,+1,+1,+1,+1,+1,+2,+3,+3,+3,+3,+3,+3,+4,+4,+5,+4,38,36,74,0.0,0.0,0.0,0.0,0.0,1.0,1.0,0.0,0.0,1.0,0.0,1.0,-1.0
33968,Thorbjørn Olesen,4,4.0,3.0,5.0,4.0,3.0,5.0,3.0,3.0,3.0,4.0,2.0,4.0,4.0,4.0,3.0,5.0,4.0,4.0,4,3,5,4,4,4,3,5,3,4,3,4,4,4,3,5,4,4,0.0,0.0,0.0,-1.0,0.0,E,E,E,E,-1,E,E,-2,-2,-2,-3,-3,-3,-3,-3,-3,-3,-3,33,34,67,0.0,0.0,-1.0,1.0,0.0,-2.0,0.0,0.0,0.0,0.0,0.0,0.0,0.0
35532,Tom Hoge,4,5.0,4.0,5.0,4.0,4.0,4.0,3.0,5.0,3.0,4.0,3.0,4.0,4.0,5.0,3.0,5.0,5.0,4.0,4,3,5,4,4,4,3,5,3,4,3,4,4,4,3,5,4,4,1.0,1.0,0.0,0.0,0.0,+1,+2,+2,+2,+2,+2,+2,+2,+2,+2,+2,+2,+2,+3,+3,+3,+4,+4,37,37,74,0.0,0.0,0.0,0.0,0.0,0.0,0.0,0.0,1.0,0.0,0.0,1.0,0.0
55182,Tom Kim,4,4.0,3.0,5.0,5.0,4.0,5.0,3.0,4.0,3.0,4.0,3.0,4.0,5.0,4.0,3.0,7.0,4.0,4.0,4,3,5,4,4,4,3,5,3,4,3,4,4,4,3,5,4,4,0.0,0.0,0.0,0.0,0.0,E,E,E,+1,+1,+2,+2,+1,+1,+1,+1,+1,+2,+2,+2,+4,+4,+4,36,38,74,0.0,1.0,0.0,1.0,0.0,-1.0,0.0,1.0,0.0,0.0,2.0,0.0,0.0
29725,Tony Finau,4,5.0,3.0,5.0,5.0,4.0,4.0,3.0,5.0,3.0,4.0,3.0,3.0,3.0,5.0,2.0,6.0,4.0,4.0,4,3,5,4,4,4,3,5,3,4,3,4,4,4,3,5,4,4,1.0,0.0,0.0,0.0,-1.0,+1,+1,+1,+2,+2,+2,+2,+2,+2,+2,+2,+1,E,+1,E,+1,+1,+1,37,34,71,0.0,1.0,0.0,0.0,0.0,0.0,0.0,-1.0,1.0,-1.0,1.0,0.0,0.0
51894,Vince Whaley,4,4.0,3.0,3.0,5.0,3.0,4.0,3.0,5.0,2.0,4.0,4.0,4.0,3.0,5.0,3.0,5.0,4.0,4.0,4,3,5,4,4,4,3,5,3,4,3,4,4,4,3,5,4,4,0.0,0.0,0.0,1.0,0.0,E,E,-2,-1,-2,-2,-2,-2,-3,-3,-2,-2,-3,-2,-2,-2,-2,-2,32,36,68,-2.0,1.0,-1.0,0.0,0.0,0.0,-1.0,-1.0,1.0,0.0,0.0,0.0,0.0
63121,William Mouw,4,4.0,3.0,5.0,4.0,3.0,3.0,4.0,4.0,3.0,4.0,4.0,4.0,3.0,5.0,3.0,3.0,5.0,4.0,4,3,5,4,4,4,3,5,3,4,3,4,4,4,3,5,4,4,0.0,0.0,0.0,1.0,0.0,E,E,E,E,-1,-2,-1,-2,-2,-2,-1,-1,-2,-1,-1,-3,-2,-2,33,35,68,0.0,0.0,-1.0,-1.0,1.0,-1.0,0.0,-1.0,1.0,0.0,-2.0,1.0,0.0
37338,Zecheng Dou,4,4.0,3.0,5.0,5.0,3.0,4.0,3.0,3.0,3.0,4.0,3.0,4.0,4.0,5.0,3.0,4.0,6.0,4.0,4,3,5,4,4,4,3,5,3,4,3,4,4,4,3,5,4,4,0.0,0.0,0.0,0.0,0.0,E,E,E,+1,E,E,E,-2,-2,-2,-2,-2,-2,-1,-1,-2,E,E,33,37,70,0.0,1.0,-1.0,0.0,0.0,-2.0,0.0,0.0,1.0,0.0,-1.0,2.0,0.0
