tournament_id,player_id,player_name,sg_total,sg_ott,sg_app,sg_arg,sg_putt,sg_t2g,driving_dist,driving_acc,gir_pct,scrambling,season_sg_total,season_sg_ott,season_sg_app,season_sg_arg,season_sg_putt,season_sg_t2g,season_driving_dist,season_driving_acc,season_gir_pct,season_scrambling,recent_sg_weighted,recent_sg_trend,recent_sg_ott_weighted,recent_sg_app_weighted,recent_sg_putt_weighted,sg_blend_current_weight,sg_blend_prior_weight,sg_blend_tournaments,hist_times_played,hist_avg_finish,hist_best_finish,hist_wins,hist_top5s,hist_top10s,hist_cut_rate,hist_missed_cuts,has_won_here,has_course_history,has_made_cut_here,venue_avg_finish,venue_finish_std,world_rank,world_rank_log,field_avg_rank,field_median_rank,season_sg_ott_vs_field,field_avg_season_sg_ott,season_sg_app_vs_field,field_avg_season_sg_app,season_sg_arg_vs_field,field_avg_season_sg_arg,season_sg_putt_vs_field,field_avg_season_sg_putt,season_sg_total_vs_field,field_avg_season_sg_total,season_sg_ott_field_pct,season_sg_ott_field_rank,season_sg_app_field_pct,season_sg_app_field_rank,season_sg_arg_field_pct,season_sg_arg_field_rank,season_sg_putt_field_pct,season_sg_putt_field_rank,driving_dist_val,driving_acc_val,gir_pct_val,putts_per_round_val,sand_save_val,one_putt_pct_val,scrambling_val,par4_scoring_val,par5_scoring_val,birdie_avg_val,par3_scoring_val,bogey_avoid_val,driving_dist_field_avg,driving_dist_field_rank,driving_dist_field_pct,driving_acc_field_avg,driving_acc_field_rank,driving_acc_field_pct,gir_pct_field_avg,gir_pct_field_rank,gir_pct_field_pct,one_putt_pct_field_avg,one_putt_pct_field_rank,one_putt_pct_field_pct,scrambling_field_avg,scrambling_field_rank,scrambling_field_pct,putts_per_round_field_avg,putts_per_round_field_rank,putts_per_round_field_pct,sand_save_field_avg,sand_save_field_rank,sand_save_field_pct,bogey_avoid_field_avg,bogey_avoid_field_rank,bogey_avoid_field_pct,birdie_avg_field_avg,birdie_avg_field_rank,birdie_avg_field_pct,par3_scoring_field_avg,par3_scoring_field_rank,par3_scoring_field_pct,par4_scoring_field_avg,par4_scoring_field_rank,par4_scoring_field_pct,par5_scoring_field_avg,par5_scoring_field_rank,par5_scoring_field_pct,recent_r1_avg,recent_r2_avg,recent_r3_avg,recent_r4_avg,closing_delta,recent_r1_avg_field_pct,recent_r1_avg_vs_field,recent_r2_avg_field_pct,recent_r2_avg_vs_field,recent_r3_avg_field_pct,recent_r3_avg_vs_field,recent_r4_avg_field_pct,recent_r4_avg_vs_field,closing_delta_field_pct,closing_delta_vs_field,form_trend,finish_consistency,recent_top10s,recent_top5s,recent_wins,recent_cuts_made,recent_cuts_pct,consecutive_cuts,hot_hand_flag,hot_hand_score,momentum_trend,recent_birdie_avg,recent_bogey_avg,recent_scoring_avg,recent_gir_pct,recent_scrambling,recent_bounce_back,recent_final_round,recent_sand_save,dg_fit_ott,dg_fit_app,dg_fit_arg,dg_fit_putt,predictive_sg_weighted,dg_fit_total,field_avg_predictive_sg_weighted,predictive_sg_weighted_vs_field,is_defending_champion,first_start_of_season,last_start_position,post_top5_last_start,missed_cut_last_start,consecutive_top10s,pre_major_flag,sg_event_count,approach_skill_sg,approach_skill_proximity,approach_skill_shot_total,approach_skill_sg_vs_field,dg_skill_total,dg_skill_ott,dg_skill_app,dg_skill_arg,dg_skill_putt,dg_skill_dist,dg_skill_acc,dg_skill_total_vs_field,dg_skill_app_vs_field,dg_skill_ott_vs_field,dg_skill_putt_vs_field,baseline_pred,final_pred,std_deviation,sample_size,course_history_adjustment,total_course_history_adjustment,driving_accuracy_adjustment,driving_distance_adjustment,timing_adjustment,course_fit_delta,dg_final_pred_vs_field,dg_win,dg_top10,dg_make_cut,dg_course_fit_delta,dg_course_fit_delta_pct,wind_mph_avg,wind_mph_max,temp_f_avg,precip_mm,recent_par3_scoring_field_pct,recent_par4_scoring_field_pct,recent_par5_scoring_field_pct,recent_sg_arg_weighted,field_size,no_cut,win_prob,top5_prob,top10_prob,top20_prob_raw,top20_prob,win_prob_calibrated,top5_prob_calibrated,top10_prob_calibrated,top20_prob_calibrated,win_prob_raw,top5_prob_raw,top10_prob_raw,boom_bust_score,finish_std,low_variance,cut_miss_rate,kft_adjustment,cut_prob,cut_risk,miss_cut_prob,expected_value,vegas_prob,ensemble_win_prob,ensemble_win_prob_normalized,model_vs_vegas_edge,is_value_bet,odds_drift_flag,odds_drift_level,dfs_ownership_proj,win_prob_sim,top5_prob_sim,top10_prob_sim,top20_prob_sim,make_cut_prob_sim
R2026554,46442,"McNealy, Maverick",0.06645,0.04265,-0.4295999999999999,-0.06165,0.5154,-0.4486,295.75,57.845000000000006,66.11500000000001,68.56500000000001,0.8268323557692308,0.1806173557692307,-0.1512734615384615,0.2668369711538461,0.5005054807692307,0.2961704326923077,299.3645833333333,57.55166666666666,65.49416666666664,69.24041666666668,0.4097020161215997,-0.8190833333333333,0.0236616424893637,-0.2658631762697501,0.623612792729159,0.95,0.05,20,0,40.0,40.0,0,0,0,0.5,0,0,0,0,40.0,10.0,48.0,3.8918202981106265,242.57142857142856,188.0,0.2958238358249214,-0.1152064800556907,0.0458054637533359,-0.1970789252917975,0.3353865050410943,-0.0685495338872482,0.6768561285461858,-0.1763506477769551,1.33685964265136,-0.5100272868821292,0.7477477477477478,29,0.4684684684684684,60,0.927927927927928,9,0.972972972972973,4,311.0,42.86,66.67,1.667,61.54,28.0,54.17,3.25,3.9,5.0,67.0,29.17,302.1256880733945,20,0.8256880733944955,69.48642201834862,104,0.0504587155963302,69.68642201834862,77,0.3027522935779816,28.360091743119263,64,0.4174311926605504,65.01816513761469,92,0.1605504587155963,1.7127614678899084,31,0.7201834862385321,53.42678899082569,41,0.6330275229357798,26.57990825688073,35,0.6834862385321101,4.605504587155964,41,0.6330275229357798,66.3211009174312,69,0.3715596330275229,3.0477981651376145,104,0.0504587155963302,3.9469724770642194,43,0.6100917431192661,-1.8461538461538465,-1.75,-1.6666666666666667,-0.75,0.5897435897435896,0.8,-0.9786475578788416,0.8363636363636363,-0.9974733725870089,0.7142857142857143,-0.7323469387755102,0.470873786407767,0.0829249499152411,0.3039215686274509,0.5706076227053735,0.0834,0.5884159526502771,0.0,0,0,4,0.8,3,False,0.0,COLD,4.508924321751548,25.430694907187053,70.42755354593052,69.3463683960019,58.78058067586864,27.967015706806286,2.421703950499762,55.17715373631604,0.0361234711538461,-0.0302546923076923,0.0667092427884615,0.0250252740384615,0.1637632237525987,0.0238235016242203,-0.1267642866865519,0.2905275104391507,0,0,30.0,0,0,0,0,18.0,0.01268,34.236,3048.0,0.0160493518518518,1.234,0.116,0.145,0.301,0.671,5.429,-0.026,1.3731142857142855,0.2182285714285714,0.1791523809523809,0.6728000000000001,1.26274682922374,0.954388520704644,2.84226920562764,150,-0.0215502761705221,-0.0495502761705221,-0.0324449869469698,0.0135804531049839,-0.125224950395675,-0.30836,1.3693397116088728,0.0356,0.247776643217893,0.799233333333333,-0.0108,-0.233,8.0,10.0,77.4,,0.0,0.0,0.0,0.0,0.0,0.0,0.0426910087280749,0.0885499958638257,0.1613717255826734,0.341829009641717,0.2720659735051736,0.0375448075130867,0.075862885459076,0.1716642275827869,0.341829009641717,0.0310388869361893,0.1252838739004109,0.22371348105555,3.9952,18.82,0.0,0.2414,0.0,0.8113372732611829,LOW,0.1834753239125957,112585.54809442644,0.03201031264842,0.038061470380109,0.0392614840362074,0.0106806960796548,True,False,OK,7.6,0.0383,0.1434,0.2461,0.4115,0.7844
R2026554,66701,"Koivun, Jackson",1.0495499999999998,0.4770999999999999,0.5621,0.0105999999999999,0.0014,1.0497999999999998,295.195,69.64,72.765,66.235,0.4064254109380769,0.4652932142857142,0.5523378571428571,-0.0289960137564537,0.0564430952380953,1.0172772619047616,295.195,69.64,72.765,66.235,1.5112530250450091,-1.0268833333333336,0.557270536152761,0.6575225778878884,0.3803995479160925,0.95,0.05,5,0,40.0,40.0,0,0,0,0.5,0,0,0,0,40.0,10.0,57.0,4.060443010546419,242.57142857142856,188.0,0.5804996943414049,-0.1152064800556907,0.7494167824346546,-0.1970789252917975,0.0681957243634386,-0.0685495338872482,0.2327937430150504,-0.1763506477769551,1.5800908583107005,-0.5100272868821292,0.954954954954955,6,0.972972972972973,4,0.6486486486486487,40,0.6846846846846847,36,297.1,88.46,76.39,1.709,80.0,28.25,82.35,3.05,3.81,5.5,63.0,31.94,302.1256880733945,72,0.3486238532110092,69.48642201834862,6,0.9495412844036696,69.68642201834862,12,0.8990825688073395,28.360091743119263,54,0.5137614678899083,65.01816513761469,6,0.9541284403669724,1.7127614678899084,51,0.536697247706422,53.42678899082569,16,0.8577981651376146,26.57990825688073,20,0.8256880733944955,4.605504587155964,21,0.8119266055045872,66.3211009174312,7,0.9403669724770642,3.0477981651376145,52,0.5275229357798165,3.9469724770642194,6,0.9541284403669724,-0.7142857142857143,-0.75,-0.1428571428571428,0.625,0.9732142857142858,0.4090909090909091,0.1532205739892904,0.5272727272727272,0.0025266274129911,0.2476190476190476,0.7914625850340138,0.1650485436893204,1.4579249499152411,0.1862745098039215,0.9540783186760696,0.1398,0.7480014524314149,1.8,2,1,4,0.8,2,True,10.0,HOT,4.5516420752022855,26.11236078058068,68.15544883388863,74.65047120418848,66.01278438838648,44.098367444074256,1.6686101856258926,65.73631603998096,0.0930586428571428,0.1104675714285714,-8.84523809523835e-05,0.0028221547619047,0.1261259030665515,0.0604734131274131,-0.1267642866865519,0.4360175685398336,0,0,5.0,1,0,2,0,6.0,0.01727,32.13,937.0,0.0206393518518518,1.31,0.515,0.488,0.074,0.233,1.288,0.06,1.4491142857142858,0.5612285714285714,0.578152380952381,0.2348,1.20431088885447,1.29548099773533,2.80639534240015,150,0.0,-0.04,0.0710471970806864,0.003115569864814,0.0022924610231203,0.09117,1.710432188639559,0.06165,0.334341810966811,0.849383333333333,-0.0011,-0.018,8.0,10.0,77.4,,0.0,0.0,0.0,0.0,0.0,0.0,0.0448382546436537,0.1043934859062165,0.2035781700756054,0.4645399894570881,0.342002292528073,0.0508820196399842,0.0918758871957166,0.2281766704308062,0.4645399894570881,0.0325068452912,0.1517285691977256,0.2939155784065267,2.48875,19.88,0.0,0.5,0.0,0.8424409599592191,LOW,0.1605343429154011,126407.08471700536,0.0567819019253792,0.0492977084352415,0.0508519816345124,-0.0119436472817254,False,False,OK,11.6,0.0561,0.194,0.3199,0.5062,0.8278
R2026554,48887,"Wallace, Matt",0.6315000000000002,0.3855625,0.8765624999999999,0.3496,-0.2600625,1.354375,289.01,55.85,61.68000000000001,65.81875,0.0494637229728857,-0.0540325396825396,0.3103453373015872,0.1143971557907824,-0.2545357142857143,0.4126983134920634,292.65000000000003,56.48214285714287,65.68035714285715,61.32884615384615,0.3782194970774006,-1.382366666666667,0.2472391640183829,0.7783066027378381,-0.3120188477343917,0.95,0.05,15,0,40.0,40.0,0,0,0,0.5,0,0,0,0,40.0,10.0,54.0,4.007333185232471,242.57142857142856,188.0,0.061173940373151,-0.1152064800556907,0.5074242625933848,-0.1970789252917975,0.2249344545221688,-0.0685495338872482,-0.0781850665087591,-0.1763506477769551,0.6878987826086249,-0.5100272868821292,0.5405405405405406,52,0.90990990990991,11,0.8108108108108109,22,0.4234234234234234,65,313.1,53.57,62.5,1.711,75.0,27.5,70.37,3.25,3.88,4.5,66.0,25.0,302.1256880733945,16,0.8623853211009175,69.48642201834862,93,0.1513761467889908,69.68642201834862,97,0.1146788990825688,28.360091743119263,83,0.2431192660550458,65.01816513761469,35,0.6880733944954128,1.7127614678899084,53,0.518348623853211,53.42678899082569,23,0.7981651376146789,26.57990825688073,65,0.4128440366972477,4.605504587155964,57,0.481651376146789,66.3211009174312,47,0.573394495412844,3.0477981651376145,104,0.0504587155963302,3.9469724770642194,28,0.7477064220183486,-0.6666666666666666,-1.2727272727272727,-2.0,-2.2857142857142856,-1.173160173160173,0.3863636363636363,0.2008396216083381,0.6818181818181818,-0.5202006453142816,0.8047619047619048,-1.0656802721088434,0.8495145631067961,-1.4527893357990445,0.9019607843137256,-1.1922961401983894,0.1814,0.6427372022149574,0.0,0,0,4,0.8,1,False,0.0,COLD,3.910399809614469,23.220242741551644,69.35964873869585,66.01562589243218,64.51450737743933,29.53783912422656,2.4088529271775343,45.1823417420276,-0.0108065079365079,0.0620690674603174,0.0390962301587301,-0.0127267857142857,0.0276721391721496,0.0207167009867009,-0.1267642866865519,0.1898808514656167,0,0,23.0,0,0,0,0,11.0,0.01115,34.907,1898.0,0.0145193518518518,1.007,0.116,0.564,0.264,0.064,0.741,0.01,1.1461142857142856,0.6372285714285714,0.1791523809523809,0.0658,1.07802698068475,0.966164122866707,2.77305922085534,150,-0.0244778390206872,-0.0524778390206872,0.0119682254677457,0.0018462827537029,0.0153646850341054,-0.11186,1.381115313770936,0.0313333333333333,0.237528191021941,0.808916666666667,-0.0037,-0.106,8.0,10.0,77.4,,0.0,0.0,0.0,0.0,0.0,0.0,0.0380028373040772,0.0907088732380587,0.1631196158535113,0.3434101918476345,0.2732882077755466,0.0338193126074,0.0779860660116023,0.1697344778312345,0.3434101918476345,0.0284824834779658,0.1287902035502896,0.2263447436854464,3.4929,19.21,0.0,0.4052,0.0,0.768064739493328,MEDIUM,0.2494432292952457,110101.44557815442,0.0266884094592836,0.0330092735475652,0.0340499999997852,0.0113144278447936,True,False,OK,6.6,0.0334,0.1374,0.2393,0.4059,0.7799
R2026554,61522,"Brennan, Michael",0.4353999999999999,0.8285625,-0.1481,-0.4685833333333333,-0.2971874999999999,0.5141875,299.775,61.87499999999999,64.59375,62.575,0.30125625,0.8237486742424243,-0.0196725378787878,-0.3891321428571428,-0.1676948863636363,0.4502528409090909,308.7690476190476,60.17380952380953,66.67142857142856,58.63375,0.1083428615000191,1.542266666666667,0.7821732241687833,-0.1819571403101376,-0.3921489601514779,0.95,0.05,24,0,40.0,40.0,0,0,0,0.5,0,0,0,0,40.0,10.0,32.0,3.49650756146648,242.57142857142856,188.0,0.9389551542981148,-0.1152064800556907,0.1774063874130096,-0.1970789252917975,-0.3205826089698946,-0.0685495338872482,0.0086557614133187,-0.1763506477769551,0.8112835368821292,-0.5100272868821292,1.0,1,0.6216216216216216,43,0.081081081081081,103,0.4954954954954955,57,333.3,40.38,73.61,1.811,33.33,30.25,52.63,2.95,4.15,3.75,67.0,20.83,302.1256880733945,2,0.9908256880733946,69.48642201834862,109,0.0091743119266055,69.68642201834862,26,0.7660550458715596,28.360091743119263,10,0.9128440366972476,65.01816513761469,94,0.146788990825688,1.7127614678899084,98,0.110091743119266,53.42678899082569,85,0.2293577981651376,26.57990825688073,93,0.1559633027522936,4.605504587155964,88,0.2018348623853211,66.3211009174312,69,0.3715596330275229,3.0477981651376145,28,0.7522935779816514,3.9469724770642194,106,0.036697247706422,-0.125,-1.375,-0.1666666666666666,1.6,1.4666666666666668,0.2727272727272727,0.7425062882750048,0.7272727272727273,-0.6224733725870089,0.2619047619047619,0.76765306122449,0.0631067961165048,2.432924949915241,0.0735294117647058,1.4475306996284505,-0.1255000000000001,0.6994918790728659,0.0,0,0,3,0.6,2,False,0.0,COLD,4.484412184673965,25.17728224654926,69.69906425511662,71.74818181818182,55.580937648738704,21.231199428843407,2.1711089957163257,35.04581151832461,0.1647497348484848,-0.0039345075757575,-0.0972830357142857,-0.0083847443181818,0.1399973002223002,0.0273458366239616,-0.1267642866865519,0.2667615869088522,1,0,52.0,0,0,0,0,19.0,0.01852,32.715,1435.0,0.0218893518518518,0.986,0.709,0.338,-0.214,0.153,17.461,-0.023,1.1251142857142855,0.4112285714285714,0.7721523809523809,0.1548,0.966132770068906,1.01663441194432,2.90619873100211,150,0.0518922105089039,0.0358922105089039,-0.0279072720799494,0.044996953956173,-0.0740067883436529,0.0505,1.431585602848549,0.0417333333333333,0.262528452380952,0.805166666666667,0.002,0.05,8.0,10.0,77.4,,0.0,0.0,0.0,0.0,0.0,0.0,0.0389431542800563,0.0903835218877539,0.1693867520692991,0.3689875283121843,0.2866560188861624,0.0387484521604482,0.0779860660116023,0.1822927179809808,0.3689875283121843,0.0284741438031746,0.1287902035502896,0.2379708057147872,4.9861,24.31,0.0,0.3158,0.0,0.748532245037091,MEDIUM,0.2757396499470128,112250.13569731572,0.0406043486640394,0.0395996598479923,0.0408481700111539,-0.0016611943839831,False,False,OK,9.0,0.0464,0.1671,0.2743,0.4275,0.7804
R2026554,57869,"James, Ben",0.56435,0.34005,0.2469,-0.1326999999999999,0.30645,0.25945,293.70500000000004,76.435,69.16999999999999,65.31000000000002,0.1560341240084496,0.3543433333333333,0.0819058333333333,-0.0971952815401282,0.2323983333333332,0.3220358333333334,293.70500000000004,76.435,69.16999999999999,65.31000000000002,0.2588676436369859,-1.829733333333333,0.3928724180331644,-0.0108544389733482,-0.0387073332582931,0.95,0.05,5,0,40.0,40.0,0,0,0,0.5,0,0,0,0,40.0,10.0,93.0,4.543294782270004,242.57142857142856,188.0,0.469549813389024,-0.1152064800556907,0.2789847586251309,-0.1970789252917975,-0.045711299446085,-0.0685495338872482,0.4087489811102884,-0.1763506477769551,1.0628639535487958,-0.5100272868821292,0.8738738738738738,15,0.7117117117117117,33,0.4414414414414414,63,0.8738738738738738,15,301.4,88.46,79.17,1.649,75.0,27.75,73.33,2.95,3.75,6.0,61.0,36.11,302.1256880733945,48,0.5688073394495413,69.48642201834862,6,0.9495412844036696,69.68642201834862,6,0.9541284403669724,28.360091743119263,74,0.3302752293577982,65.01816513761469,25,0.7798165137614679,1.7127614678899084,24,0.7889908256880734,53.42678899082569,23,0.7981651376146789,26.57990825688073,3,0.9770642201834864,4.605504587155964,9,0.926605504587156,66.3211009174312,1,0.9954128440366972,3.0477981651376145,28,0.7522935779816514,3.9469724770642194,1,0.9954128440366972,0.6,0.0,1.5,1.3333333333333333,1.1166666666666665,0.1363636363636363,1.4675062882750047,0.25,0.7525266274129911,0.0380952380952381,2.4343197278911566,0.087378640776699,2.1662582832485744,0.1568627450980392,1.0975306996284502,0.0102999999999999,0.919876534925298,1.0,1,0,4,0.8,1,False,3.5,WARM,4.0329604950023805,23.420123750594957,69.48209328891005,72.80355069014755,68.58906711089958,34.87438362684436,1.696097096620657,36.30703474535935,0.0708686666666666,0.0163811666666666,-0.0285652083333333,0.0116199166666666,0.0447645326700536,0.0223477916666666,-0.1267642866865519,0.2737162011009663,0,0,2.0,1,0,1,0,7.0,0.02505,29.758,667.0,0.0284193518518518,1.027,0.461,0.45,0.041,0.075,1.238,0.048,1.1661142857142857,0.5232285714285715,0.5241523809523809,0.0768,0.820412120269833,1.06616006985348,2.80651735048249,150,0.0,-0.04,0.0580227853158432,0.0031667692021346,0.168409839713672,0.24575,1.481111260757709,0.0441166666666667,0.270627134439634,0.817883333333333,0.0011,0.026,8.0,10.0,77.4,,0.0,0.0,0.0,0.0,0.0,0.0,0.0200976635695726,0.0776212690796867,0.149939445884961,0.3202723104106661,0.2605163749438978,0.0317210772093697,0.0642606873172406,0.1697093347692824,0.3202723104106661,0.0162133166002722,0.1061234066946993,0.2034638174746842,2.48875,19.88,0.0,0.5,0.0,0.804334119546408,LOW,0.2014726863622741,93112.29692984912,0.0436573328416288,0.0274699681314977,0.028336049671732,-0.0235596692720562,False,True,VEGAS>>MODEL,9.6,0.0411,0.1628,0.2764,0.4389,0.7976
R2026554,52375,"Ghim, Doug",0.52435,0.1146875,-0.2301875,0.40625,0.082,0.4199374999999999,288.275,56.3125,67.36875,73.8,0.4071256151043588,0.3566400694444444,0.2090425,0.1777346128748328,-0.0961890277777778,0.8280379513888889,295.2380952380953,63.29642857142858,69.38690476190476,69.10000000000001,0.8033579741173837,-0.8897166666666667,0.3131221015444143,-0.0228550376805958,0.1507136020455274,0.95,0.05,16,0,40.0,40.0,0,0,0,0.5,0,0,0,0,40.0,10.0,153.0,5.0369526024136295,242.57142857142856,188.0,0.4718465495001351,-0.1152064800556907,0.4061214252917975,-0.1970789252917975,0.2863769148396292,-0.0685495338872482,0.0801616199991773,-0.1763506477769551,1.0664568627749862,-0.5100272868821292,0.8828828828828829,14,0.8288288288288288,20,0.8648648648648649,16,0.5315315315315315,53,307.6,82.69,79.17,1.614,60.0,28.25,46.67,3.0,3.81,6.25,62.0,36.11,302.1256880733945,24,0.7889908256880734,69.48642201834862,18,0.8440366972477065,69.68642201834862,6,0.9541284403669724,28.360091743119263,54,0.5137614678899083,65.01816513761469,102,0.0688073394495412,1.7127614678899084,12,0.8990825688073395,53.42678899082569,45,0.5963302752293578,26.57990825688073,3,0.9770642201834864,4.605504587155964,4,0.9678899082568808,66.3211009174312,4,0.9678899082568808,3.0477981651376145,40,0.6376146788990825,3.9469724770642194,6,0.9541284403669724,-3.4166666666666665,-2.4545454545454546,-1.2222222222222223,-0.3333333333333333,2.157828282828283,1.0,-2.5491603783916617,0.9272727272727272,-1.7020188271324634,0.5476190476190477,-0.2879024943310657,0.3155339805825243,0.4995916165819078,0.0196078431372549,2.138692315790067,-0.0146000000000001,0.766093989011792,0.0,0,0,3,0.6,1,False,0.0,COLD,3.803783912422656,22.020399809614467,69.91526035221322,71.46767253688719,70.63969538315088,20.479914326511185,1.866968110423608,53.04616849119467,0.0713280138888888,0.0418085,0.0544568452380952,-0.0048094513888888,0.1624675826180654,0.0468993531209781,-0.1267642866865519,0.3363161270983923,0,0,17.0,0,0,0,0,12.0,0.01865,32.312,2506.0,0.0220193518518518,0.976,0.462,0.443,0.137,-0.065,2.462,0.04,1.1151142857142855,0.5162285714285715,0.525152380952381,-0.0632,0.74515310013559,1.02968434367361,2.77400763188169,150,-0.0313417659077706,-0.0233417659077706,0.0487530096162408,0.0063081211131183,0.0716596569241024,0.28453,1.444635534577839,0.0377833333333333,0.260110347106597,0.817733333333333,0.0019,0.053,8.0,10.0,77.4,,0.0,0.0,0.0,0.0,0.0,0.0,0.0199972175025859,0.0742407740433473,0.1318573743255486,0.2593122038867097,0.2267587777732645,0.0287993838591443,0.0605896800396283,0.1530601590472383,0.2593122038867097,0.0163386648018492,0.1000609163204837,0.1724478652142228,1.4346,18.31,0.0,0.4218,0.0,0.7680791806521474,MEDIUM,0.253201170496932,88159.98710105008,0.02873160536247,0.0231255651682344,0.0238546750457493,-0.008734387859884,False,False,OK,7.0,0.0361,0.1494,0.2527,0.4241,0.7943
R2026554,45242,"Yu, Kevin",1.3787999999999998,0.3133499999999999,0.5222,0.2136875,0.1405,1.1149,295.775,59.75,70.83125000000001,65.625,-0.1940892693457864,0.1163155542986425,-0.0213220022624434,0.0313954588025854,-0.3951214649321267,0.1757824377828054,296.2366666666667,56.66166666666666,66.85166666666667,58.455,1.1751263397007985,-0.1159333333333332,0.1995543081912081,0.4394704244964994,0.0573939044603966,0.95,0.05,17,0,40.0,40.0,0,0,0,0.5,0,0,0,0,40.0,10.0,105.0,4.663439094112067,242.57142857142856,188.0,0.2315220343543332,-0.1152064800556907,0.1757569230293541,-0.1970789252917975,0.122883187733402,-0.0685495338872482,-0.2187708171551715,-0.1763506477769551,0.3884483822168148,-0.5100272868821292,0.6936936936936937,35,0.6126126126126126,44,0.6936936936936937,35,0.3063063063063063,78,303.0,76.92,69.44,1.66,80.0,27.5,68.18,3.05,3.89,5.0,62.0,29.17,302.1256880733945,41,0.6284403669724771,69.48642201834862,41,0.6330275229357798,69.68642201834862,57,0.481651376146789,28.360091743119263,83,0.2431192660550458,65.01816513761469,44,0.6009174311926605,1.7127614678899084,27,0.7568807339449541,53.42678899082569,16,0.8577981651376146,26.57990825688073,35,0.6834862385321101,4.605504587155964,41,0.6330275229357798,66.3211009174312,4,0.9678899082568808,3.0477981651376145,52,0.5275229357798165,3.9469724770642194,35,0.6834862385321101,-2.363636363636364,-1.6,-2.8,-0.5,0.331818181818182,0.9090909090909092,-1.496130075361359,0.7909090909090909,-0.8474733725870089,0.9761904761904762,-1.8656802721088432,0.3689320388349514,0.3329249499152411,0.392156862745098,0.3126822147799658,0.1751,0.7729021786602608,0.4096000000000001,0,0,4,0.8,1,False,1.0,NEUTRAL,4.365183246073299,24.684421703950505,70.05010756782485,71.7455354593051,63.81959543074726,32.031642075202285,2.127915278438839,58.84207996192289,0.0232631108597285,-0.0042644004524886,0.0135834134615384,-0.0197560732466063,-0.0390315734561217,0.0064926380396233,-0.1267642866865519,0.1078680900374141,0,0,24.0,0,0,0,0,11.0,0.00541,33.687,2569.0,0.0087793518518518,0.635,0.279,0.188,0.068,0.1,6.631,-0.004,0.7741142857142858,0.2612285714285714,0.342152380952381,0.1018,0.593028719123961,0.656867894372702,2.7911043357763,150,0.0094575089307117,-0.0065424910692882,-0.0041547161099401,0.0171036967868202,0.0616920715761468,0.06384,1.071819085276931,0.0208666666666667,0.18391977994228,0.762683333333333,-0.0004,-0.019,8.0,10.0,77.4,,0.0,0.0,0.0,0.0,0.0,0.0,0.0221116650195995,0.0600995309503228,0.1408563341873905,0.3248317598498557,0.2611861540900243,0.02134720386982,0.0465367891854977,0.1376526602035379,0.3248317598498557,0.0172022134591612,0.0768532490263773,0.1895707539461402,5.0951,19.61,0.0,0.4699,0.0,0.7188138970551412,MEDIUM,0.2999872899212266,90103.9211174982,0.0191457999613568,0.0208749335602208,0.0215330848374112,0.0029658650582427,False,False,OK,5.1,0.02,0.0936,0.1796,0.3227,0.7352
R2026554,47591,"Cole, Eric",-0.20765,-0.337375,0.2866875,0.6688749999999999,0.1515625,0.0440625,286.0,46.93333333333334,60.65833333333333,61.2875,0.2354859884510869,-0.4766388453500522,0.1046022335423197,0.3183040373563219,0.3430509208463949,-0.1235942789968652,290.8966666666667,52.700833333333335,62.73416666666668,67.26929824561404,-0.1175213803633752,-0.5894499999999999,-0.3246876177312812,0.1775254704295891,0.4060370309425238,0.95,0.05,23,0,40.0,40.0,0,0,0,0.5,0,0,0,0,40.0,10.0,78.0,4.3694478524670215,242.57142857142856,188.0,-0.3614323652943615,-0.1152064800556907,0.3016811588341173,-0.1970789252917975,0.3868535712435701,-0.0685495338872482,0.5194015686233501,-0.1763506477769551,0.7455132753332161,-0.5100272868821292,0.1711711711711711,93,0.7387387387387387,30,0.954954954954955,6,0.927927927927928,9,299.0,76.92,75.0,1.63,100.0,27.75,61.11,2.85,3.86,6.25,64.0,34.72,302.1256880733945,60,0.4541284403669725,69.48642201834862,41,0.6330275229357798,69.68642201834862,18,0.8394495412844036,28.360091743119263,74,0.3302752293577982,65.01816513761469,67,0.3899082568807339,1.7127614678899084,18,0.8440366972477065,53.42678899082569,5,0.963302752293578,26.57990825688073,10,0.9174311926605504,4.605504587155964,4,0.9678899082568808,66.3211009174312,14,0.8807339449541285,3.0477981651376145,6,0.9541284403669724,3.9469724770642194,21,0.8119266055045872,-2.888888888888889,-1.3,-2.7142857142857144,-0.4285714285714285,0.5230158730158732,0.9818181818181818,-2.021382600613884,0.7045454545454546,-0.5474733725870089,0.9571428571428572,-1.7799659863945578,0.3495145631067961,0.4043535213438126,0.3431372549019608,0.503879905977657,-0.1384,0.655269240677279,0.0,0,0,3,0.6,1,False,0.0,COLD,4.036173250832937,23.218072346501668,69.98867586863399,66.90662541646834,59.11051880057117,20.355435506901475,2.500237981913375,52.31587339362209,-0.0953277690700104,0.0209204467084639,0.0795760093390804,0.0171525460423197,0.0067404879056172,-0.0031251189581038,-0.1267642866865519,0.1335047745921692,0,0,24.0,0,0,0,0,17.0,0.01453,33.724,3089.0,0.0178993518518518,0.587,-0.275,0.098,0.269,0.495,-2.924,-0.026,0.7261142857142857,0.1712285714285714,-0.211847619047619,0.4968,0.580688066207962,0.470558935718061,2.85047896538334,150,0.0,-0.04,-0.0308586079914677,-0.0076472006492769,0.0281540706876799,-0.11013,0.8855101266222899,0.0166833333333333,0.153288154761905,0.733066666666667,-0.0039,-0.189,8.0,10.0,77.4,,0.0,0.0,0.0,0.0,0.0,0.0,0.0097393572061995,0.0580292057933378,0.1298121625943981,0.2871105039647028,0.2405739038543547,0.0132287297033487,0.0442767693786672,0.1201177147360463,0.2871105039647028,0.0079842806965478,0.0731209359884804,0.1703889214322178,4.2524,18.61,0.0,0.287,0.0,0.7099900399196036,MEDIUM,0.2998999429719948,78731.64127453731,0.0157507003929943,0.011808305147438,0.0121806009965156,-0.0060113431867948,False,False,OK,4.4,0.0143,0.0786,0.1515,0.2897,0.698
R2026554,51003,"Penge, Marco",0.2353,0.39275,0.3294499999999999,-0.2965,-0.1904,0.4258,308.87,47.69,67.49499999999999,60.455000000000005,-0.5790406403269961,0.5456919642857144,-0.4801068452380952,-0.2301022266312865,-0.3476172619047619,-0.2273345238095238,307.70384615384614,51.03846153846155,63.35576923076924,55.12884615384616,0.3746781742753424,2.557633333333333,0.4202718293948579,0.1379696061292583,0.0256407090403917,0.95,0.05,14,0,40.0,40.0,0,0,0,0.5,0,0,0,0,40.0,10.0,53.0,3.9889840465642745,242.57142857142856,188.0,0.6608984443414051,-0.1152064800556907,-0.2830279199462977,-0.1970789252917975,-0.2243787399222754,-0.0685495338872482,-0.1712666141278067,-0.1763506477769551,-0.0958518797845374,-0.5100272868821292,0.972972972972973,4,0.2342342342342342,86,0.1621621621621621,94,0.3513513513513513,73,312.0,78.85,72.22,1.615,50.0,27.0,75.0,2.9,3.89,5.75,64.0,34.72,302.1256880733945,18,0.8440366972477065,69.48642201834862,31,0.7201834862385321,69.68642201834862,37,0.6651376146788991,28.360091743119263,95,0.1330275229357798,65.01816513761469,21,0.8119266055045872,1.7127614678899084,13,0.8899082568807339,53.42678899082569,57,0.4862385321100917,26.57990825688073,10,0.9174311926605504,4.605504587155964,15,0.8715596330275229,66.3211009174312,14,0.8807339449541285,3.0477981651376145,17,0.8486238532110092,3.9469724770642194,35,0.6834862385321101,-0.4444444444444444,-0.625,-0.4,-0.1666666666666666,0.2513888888888889,0.3363636363636363,0.4230618438305603,0.4909090909090909,0.1275266274129911,0.3333333333333333,0.5343197278911566,0.3009708737864077,0.6662582832485745,0.4313725490196078,0.2322529218506727,0.3999999999999999,0.8087026647662292,1.64,1,0,4,0.8,1,True,4.5,WARM,4.382912898619705,24.613631603998098,69.75369347929556,67.35298905283199,58.99593526891956,30.272479771537363,2.517967634459781,28.97905759162304,0.1091383928571428,-0.096021369047619,-0.0732320684523809,-0.017380863095238,-0.0933824462181804,-0.0111872100225225,-0.1267642866865519,0.0463636673171826,0,0,10.0,0,0,1,0,9.0,-0.00344,34.032,996.0,-7.064814814814824e-05,0.638,0.464,0.129,-0.012,0.057,17.293,-0.053,0.7771142857142858,0.2022285714285714,0.527152380952381,0.0588,0.567978538417311,0.626957091643884,2.91694325683333,150,0.0,-0.04,-0.0624294956176799,0.044777391715731,0.0816028485461395,0.05898,1.041908282548113,0.0246166666666667,0.187610146103896,0.749416666666667,-0.0023,-0.086,8.0,10.0,77.4,,0.0,0.0,0.0,0.0,0.0,0.0,0.0294806334369668,0.0818125529234921,0.1590919163161382,0.3456594107467411,0.2748403263011595,0.0270724005293656,0.0685839430955748,0.1515190988172116,0.3456594107467411,0.0231323556257904,0.1132630538158759,0.2188977615117237,2.48875,19.88,0.0,0.5,0.0,0.6660824733892581,ELEVATED,0.3696321808724885,102247.15866595744,0.0248502392920622,0.0275357500044152,0.0284039055356182,0.0046303941449045,False,False,OK,6.3,0.0256,0.1014,0.1867,0.3274,0.7196
R2026554,58168,"Thompson, Davis",1.4548,0.760375,0.6559999999999999,-0.1576666666666666,0.1331875,1.436875,293.1125,59.2625,70.475,63.34166666666666,0.2837776137181618,0.2707341230936819,0.46119448983297,0.1055374678865728,-0.5118515522875817,0.8793362926652142,296.2583333333333,61.62864583333334,68.89322916666667,63.14055555555556,1.1103425648407066,1.5416666666666667,0.5737690912767257,0.3851043704987246,0.0795002963443604,0.95,0.05,18,0,40.0,40.0,0,0,0,0.5,0,0,0,0,40.0,10.0,123.0,4.820281565605037,242.57142857142856,188.0,0.3859406031493726,-0.1152064800556907,0.6582734151247676,-0.1970789252917975,0.1920077225446556,-0.0685495338872482,-0.3355009045106266,-0.1763506477769551,0.8755201109562032,-0.5100272868821292,0.8198198198198198,21,0.963963963963964,5,0.7567567567567568,28,0.2072072072072072,89,302.6,60.71,80.56,1.759,25.0,30.0,71.43,2.88,3.91,3.75,66.0,22.22,302.1256880733945,44,0.6055045871559633,69.48642201834862,79,0.2798165137614679,69.68642201834862,3,0.9770642201834864,28.360091743119263,14,0.8761467889908257,65.01816513761469,30,0.7339449541284404,1.7127614678899084,76,0.3119266055045872,53.42678899082569,99,0.1009174311926605,26.57990825688073,87,0.2064220183486238,4.605504587155964,88,0.2018348623853211,66.3211009174312,47,0.573394495412844,3.0477981651376145,11,0.908256880733945,3.9469724770642194,46,0.5825688073394495,-2.6666666666666665,0.1,-2.0,0.0,0.2833333333333332,0.9454545454545454,-1.7991603783916617,0.209090909090909,0.8525266274129911,0.8047619047619048,-1.0656802721088434,0.2669902912621359,0.8329249499152411,0.4215686274509804,0.264197366295117,0.0902,0.7721614684334704,0.8,0,0,4,0.8,0,False,1.0,NEUTRAL,4.213588767253689,24.915478343645884,69.02956972870062,76.3828843407901,66.47390290337935,29.212984293193724,1.5856734888148505,47.429795335554495,0.0541468246187363,0.092238897966594,0.0308645471643518,-0.025592577614379,0.1327640812266836,0.0458480090238829,-0.1267642866865519,0.2862445234337157,0,0,999.0,0,1,0,0,13.0,0.01637,32.615,2595.0,0.0197393518518518,0.597,0.236,0.524,-0.069,-0.093,3.599,0.013,0.7361142857142857,0.5972285714285714,0.2991523809523809,-0.0912,0.564638120171236,0.579495009807226,2.80106691836964,150,-0.0327542124842871,-0.0607542124842872,0.0153063248993694,0.0091836260888431,-0.0018388284232682,0.01486,0.994446200711455,0.01995,0.170795146705147,0.74965,0.0005,0.026,8.0,10.0,77.4,,0.0,0.0,0.0,0.0,0.0,0.0,0.0253419539941922,0.0740414588937942,0.1623019732513114,0.3735862862773585,0.2901585507654394,0.0227756261008141,0.0605896800396283,0.1488643864298171,0.3735862862773585,0.0200026292005446,0.1000609163204837,0.224390629937245,2.612,19.29,0.0,0.3232,0.0,0.759988750857518,LOW,0.2355803559178313,99292.2576089543,0.0175002371066631,0.0218613859178633,0.022550638366092,0.007841716887529,False,False,OK,4.8,0.0203,0.0893,0.1726,0.3129,0.7145
R2026554,36884,"Kohles, Ben",1.42545,0.379125,0.9010625,0.1714166666666667,0.3105,1.4787500000000002,285.21875,74.55000000000001,79.16250000000001,82.2,0.2753196045005901,0.1469728260869565,0.8091474033816425,-0.0234316466623425,-0.3195619565217391,0.980328200483092,284.628125,74.325,75.33749999999999,61.97857142857144,0.9015027523152334,0.6394666666666666,0.1417007156376915,0.9352501931761248,-0.1571382516010701,0.95,0.05,10,0,40.0,40.0,0,0,0,0.5,0,0,0,0,40.0,10.0,96.0,4.574710978503383,242.57142857142856,188.0,0.2621793061426472,-0.1152064800556907,1.00622632867344,-0.1970789252917975,0.0626637322568134,-0.0685495338872482,-0.1432113087447839,-0.1763506477769551,1.090759571364888,-0.5100272868821292,0.7027027027027027,34,1.0,1,0.6306306306306306,42,0.4054054054054054,67,294.8,92.31,70.83,1.627,60.0,27.25,66.67,3.1,3.86,5.75,63.0,34.72,302.1256880733945,92,0.1605504587155963,69.48642201834862,1,1.0,69.68642201834862,48,0.5688073394495413,28.360091743119263,91,0.1697247706422018,65.01816513761469,51,0.5412844036697247,1.7127614678899084,17,0.8532110091743119,53.42678899082569,45,0.5963302752293578,26.57990825688073,10,0.9174311926605504,4.605504587155964,15,0.8715596330275229,66.3211009174312,7,0.9403669724770642,3.0477981651376145,67,0.3899082568807339,3.9469724770642194,21,0.8119266055045872,-1.5714285714285714,-0.4615384615384615,-0.8,-3.375,-1.0710164835164837,0.7272727272727273,-0.7039222831535666,0.4045454545454545,0.2909881658745296,0.4333333333333333,0.1343197278911565,0.9805825242718448,-2.542075050084759,0.8921568627450981,-1.0901524505546998,-0.0252,0.7798385397940706,1.3120000000000005,1,0,5,1.0,5,True,4.0,WARM,4.26273203236554,24.276220847215612,69.43447405997145,74.05809614469301,70.51977153736316,15.915040456925272,1.588886244645407,51.05604474059971,0.0293945652173913,0.1618294806763285,-0.0014714504076086,-0.0159780978260869,0.117940023376414,0.0503221067228913,-0.1267642866865519,0.339867097309675,0,0,15.0,0,0,0,0,9.0,0.03695,31.433,2033.0,0.0403193518518518,0.337,0.111,0.342,-0.031,-0.085,-11.464,0.106,0.4761142857142857,0.4152285714285714,0.1741523809523809,-0.0832,0.543836635566106,0.496482109232743,2.69905761893532,150,0.0150286895147598,0.0230286895147598,0.126244106046094,-0.0297608488012645,-0.0148603604507404,-0.04735,0.911433300136972,0.0135166666666667,0.143738604081104,0.749133333333333,0.0034,0.338,8.0,10.0,77.4,,0.0,0.0,0.0,0.0,0.0,0.0,0.0199061718450609,0.0737375886886285,0.1336214984839133,0.2674548781188154,0.2309801727537682,0.0172017047012154,0.0602055572454789,0.1196083865642054,0.2674548781188154,0.0162133166002722,0.0994265561664601,0.1758030661448034,2.2054,20.53,0.0,0.5072,0.0,0.8053868851006487,LOW,0.1705044498562159,88473.67704423824,0.0128813140834783,0.0167317130426715,0.0172592355987002,0.0070248577615826,False,False,OK,3.8,0.0143,0.0724,0.1462,0.2895,0.7226
R2026554,59143,"Meissner, Mac",-0.3456499999999999,0.2282499999999999,-0.27575,-0.3234166666666667,0.6193,-0.2887499999999999,285.64166666666665,52.225,56.00833333333333,69.23333333333333,0.24001375516155,0.0478536805555555,0.1812583333333333,0.1740083651161259,0.0175634374999999,0.3865524999999999,291.8598039215686,56.28823529411765,65.16764705882352,67.94950980392159,-0.2280028965921878,0.1062,0.1768874774259082,-0.2219829752728334,0.6514127781299772,0.95,0.05,20,0,40.0,40.0,0,0,0,0.5,0,0,0,0,40.0,10.0,88.0,4.48863636973214,242.57142857142856,188.0,0.1630601606112462,-0.1152064800556907,0.3783372586251308,-0.1970789252917975,0.2544313625909519,-0.0685495338872482,0.1939140852769551,-0.1763506477769551,0.7867563378080551,-0.5100272868821292,0.6396396396396397,41,0.7927927927927928,24,0.8288288288288288,20,0.6216216216216216,43,307.0,60.71,69.44,1.68,40.0,28.25,68.18,3.0,3.95,4.25,64.0,26.39,302.1256880733945,29,0.7431192660550459,69.48642201834862,79,0.2798165137614679,69.68642201834862,57,0.481651376146789,28.360091743119263,54,0.5137614678899083,65.01816513761469,44,0.6009174311926605,1.7127614678899084,36,0.6788990825688074,53.42678899082569,72,0.3440366972477064,26.57990825688073,54,0.5091743119266054,4.605504587155964,69,0.3715596330275229,66.3211009174312,14,0.8807339449541285,3.0477981651376145,40,0.6376146788990825,3.9469724770642194,64,0.4174311926605504,-1.8,-2.5454545454545454,-1.1,-2.0,0.6227272727272728,0.7818181818181819,-0.9324937117249952,0.9545454545454546,-1.7929279180415545,0.5142857142857142,-0.1656802721088435,0.7815533980582524,-1.1670750500847589,0.2941176470588235,0.6035913056890566,-0.0234,0.8316583165913484,0.0,0,0,2,0.4,0,False,0.0,COLD,4.238100904331271,24.63546406473108,69.35547739171822,66.91143265111852,62.42835792479772,28.613636363636363,2.1832460732984296,41.11185149928605,0.0095707361111111,0.0362516666666666,0.0464704571759259,0.0008781718749999,0.1014024730026756,0.0243478012387387,-0.1267642866865519,0.2393357619117771,0,0,999.0,0,1,0,0,14.0,0.0164,33.235,2535.0,0.0197693518518518,0.608,0.042,0.169,0.205,0.193,0.999,0.001,0.7471142857142857,0.2422285714285714,0.1051523809523809,0.1948,0.526336244173928,0.606839286233404,2.73715492466666,150,0.0160296290714218,0.0240296290714218,0.0014662036899942,0.0024504717343094,-0.0505487176292875,0.0805,1.021790477137633,0.0174,0.168058244348244,0.762683333333333,0.0002,0.012,8.0,10.0,77.4,,0.0,0.0,0.0,0.0,0.0,0.0,0.0114127938156908,0.0551068622946823,0.1161088900996174,0.2407564596645429,0.215392692785682,0.0145574289649238,0.0410321197015775,0.1141101830027529,0.2407564596645429,0.0094700972424765,0.0677625545014647,0.1463961477574093,2.4444,18.37,0.0,0.3667,-0.0,0.6887567721705362,MEDIUM,0.3429260397563766,76121.04704736806,0.0155174288311719,0.0129071069446846,0.0133140461522261,-0.0041046350154811,False,False,OK,4.4,0.0192,0.0908,0.175,0.3252,0.7364
R2026554,39977,"Homa, Max",-1.4911499999999998,-0.3735,-0.42855,-0.27385,-0.41495,-1.0759500000000002,293.615,49.89,60.81500000000001,61.67999999999999,-0.1569630719989437,0.0471015782828282,-0.0295655934343434,-0.1614545986184419,0.0324941919191919,-0.1484916666666667,296.49305555555554,56.3111111111111,63.5013888888889,63.20694444444444,-1.3265574833006284,-3.0472166666666665,-0.2515260340486983,-0.5007883269118323,-0.3454532909122615,0.95,0.05,18,0,40.0,40.0,0,0,0,0.5,0,0,0,0,40.0,10.0,75.0,4.330733340286331,242.57142857142856,188.0,0.1623080583385189,-0.1152064800556907,0.1675133318574541,-0.1970789252917975,-0.0974528651026507,-0.0685495338872482,0.208844839696147,-0.1763506477769551,0.3703470785487959,-0.5100272868821292,0.6306306306306306,42,0.5945945945945946,46,0.3873873873873873,69,0.6576576576576577,39,316.0,55.36,61.11,1.727,66.67,27.75,64.29,3.19,3.9,2.75,70.0,19.44,302.1256880733945,10,0.9174311926605504,69.48642201834862,90,0.1834862385321101,69.68642201834862,103,0.0642201834862385,28.360091743119263,74,0.3302752293577982,65.01816513761469,59,0.463302752293578,1.7127614678899084,66,0.3990825688073394,53.42678899082569,32,0.7155963302752294,26.57990825688073,98,0.1055045871559633,4.605504587155964,107,0.0229357798165137,66.3211009174312,105,0.0412844036697247,3.0477981651376145,89,0.1926605504587156,3.9469724770642194,43,0.6100917431192661,-0.8333333333333334,-1.5833333333333333,-0.6666666666666666,-2.75,-0.5,0.4636363636363636,0.0341729549416713,0.7727272727272727,-0.8308067059203421,0.4,0.2676530612244899,0.941747572815534,-1.9170750500847589,0.7156862745098039,-0.5191359670382162,-0.0783,0.8026622369755952,0.0,0,0,3,0.6,1,False,0.0,COLD,3.804021894336031,21.60977153736316,69.61248119942884,67.69373155640172,66.61173250832937,24.959543074726323,2.229890528319848,70.22490242741551,0.0094203156565656,-0.0059131186868686,-0.0415005997474747,0.0016247095959595,-0.0324413533987257,-0.0083741767335517,-0.1267642866865519,0.098940139812405,0,0,38.0,0,0,0,0,14.0,-0.00269,34.923,2323.0,0.0006793518518518,0.47,0.095,0.072,0.038,0.265,3.525,-0.024,0.6091142857142857,0.1452285714285714,0.1581523809523809,0.2668,0.506151666189991,0.303970058900799,2.84975949335597,150,0.0275336922013146,0.0115336922013146,-0.0304421400929858,0.0086269294473342,-0.0982647125415503,-0.20218,0.7189212498050279,0.0141833333333333,0.133207691798942,0.704233333333333,-0.001,-0.066,8.0,10.0,77.4,,0.0,0.0,0.0,0.0,0.0,0.0,0.0155467818047038,0.0731280873361965,0.1062321311251646,0.1688681033512327,0.1758263924871849,0.015012589332462,0.0601821718285844,0.0969434748386784,0.1688681033512327,0.012447947851512,0.0993879362852944,0.1309698304061755,5.6953,21.56,0.0,0.2692,0.0,0.662626096716244,MEDIUM,0.3552055761196513,78750.45192960215,0.0147623399864833,0.0152281987386723,0.015708318036789,0.0007844418182204,False,False,OK,4.2,0.0137,0.0714,0.1364,0.2549,0.6727
R2026554,60019,"Suber, Jackson",-0.5771499999999999,-0.4986875,0.3045625,0.4237499999999999,-0.351,0.2382499999999999,291.5625,43.93125,63.875,67.53333333333335,-0.1402933039597944,-0.0772470481670929,0.2133752557544756,0.0169324780728142,-0.3250472506393862,0.1904221334185848,296.1583333333333,56.2515625,67.015625,67.19555555555557,-0.5467049056785214,-0.8666999999999998,0.0142280162120175,0.0936639270426074,-0.3053098158445891,0.95,0.05,18,0,40.0,40.0,0,0,0,0.5,0,0,0,0,40.0,10.0,94.0,4.553876891600541,242.57142857142856,188.0,0.0379594318885977,-0.1152064800556907,0.4104541810462732,-0.1970789252917975,0.0993976883256539,-0.0685495338872482,-0.148696602862431,-0.1763506477769551,0.4299232359562032,-0.5100272868821292,0.5315315315315315,53,0.8378378378378378,19,0.6756756756756757,37,0.3783783783783784,70,298.1,76.92,75.0,1.796,83.33,29.25,88.89,2.8,3.89,5.25,65.0,30.56,302.1256880733945,66,0.4036697247706422,69.48642201834862,41,0.6330275229357798,69.68642201834862,18,0.8394495412844036,28.360091743119263,28,0.7522935779816514,65.01816513761469,2,0.9908256880733946,1.7127614678899084,93,0.1559633027522936,53.42678899082569,13,0.8899082568807339,26.57990825688073,27,0.7614678899082569,4.605504587155964,29,0.7431192660550459,66.3211009174312,28,0.7477064220183486,3.0477981651376145,3,0.9770642201834864,3.9469724770642194,35,0.6834862385321101,-1.3333333333333333,-1.3636363636363635,0.5714285714285714,-0.6666666666666666,1.3008658008658007,0.6454545454545455,-0.4658270450583285,0.7181818181818181,-0.6111097362233724,0.1380952380952381,1.505748299319728,0.4368932038834951,0.1662582832485745,0.0980392156862745,1.2817298338275844,-0.2140000000000001,0.916515138991168,0.0,0,0,2,0.4,1,False,0.0,COLD,4.497977153736317,25.465097572584487,69.33392574964303,73.70889100428369,58.603403141361255,29.293883864826277,2.1558781532603524,75.82246549262257,-0.0154494096334185,0.0426750511508951,0.0077120386096014,-0.0162523625319693,-0.0285751470426546,0.0057635613027709,-0.1267642866865519,0.1141734181905783,0,0,15.0,0,0,0,0,12.0,0.01499,32.788,2035.0,0.0183593518518518,0.606,0.163,0.418,0.075,-0.05,2.775,-0.007,0.7451142857142857,0.4912285714285714,0.2261523809523809,-0.0482,0.505416336824423,0.647386500411265,2.87887397848583,150,0.0317769819068037,0.0157769819068037,-0.0082100510018718,0.0071185798963374,0.0551444177960686,0.14197,1.0623376913154938,0.0239,0.191153591269841,0.75825,0.0002,0.008,8.0,10.0,77.4,,0.0,0.0,0.0,0.0,0.0,0.0,0.0100056998964109,0.0521675064116605,0.1089917938848061,0.2153106000784542,0.2029249282585979,0.016512081024038,0.0367469808767453,0.1143272446799481,0.2153106000784542,0.0077725558181967,0.0606858556792765,0.1309698304061755,4.4082,23.62,0.0,0.5143,0.0533333333333333,0.657945577148016,ELEVATED,0.3850420326456913,72968.80757680055,0.0226251500102939,0.0138838231687626,0.0143215565835514,-0.0126194501138829,False,False,OK,5.8,0.025,0.1029,0.1933,0.3424,0.7304
R2026554,25493,"Taylor, Nick",0.176,-0.5492499999999999,0.3411,0.1334375,0.5901,-0.1358499999999999,281.625,52.33749999999999,58.6875,66.95625,0.2441204613095238,-0.1751604296066252,-0.007750854037267,0.2494580706521739,0.2131565476190476,0.0471293995859213,287.94875,61.98125000000001,63.963750000000005,65.5475,0.2084002285498262,-0.5767166666666665,-0.4319658321507447,0.1544160385051609,0.7014974418270917,0.95,0.05,21,0,40.0,40.0,0,0,0,0.5,0,0,0,0,40.0,10.0,85.0,4.454347296253507,242.57142857142856,188.0,-0.0599539495509345,-0.1152064800556907,0.1893280712545304,-0.1970789252917975,0.3180076045394221,-0.0685495338872482,0.3895071953960027,-0.1763506477769551,0.754147748191653,-0.5100272868821292,0.4234234234234234,65,0.6396396396396397,41,0.9009009009009008,12,0.8648648648648649,16,296.1,71.15,72.22,1.692,28.57,28.5,60.0,3.1,3.97,5.0,67.0,27.78,302.1256880733945,79,0.2844036697247706,69.48642201834862,57,0.481651376146789,69.68642201834862,37,0.6651376146788991,28.360091743119263,45,0.591743119266055,65.01816513761469,72,0.3440366972477064,1.7127614678899084,41,0.6330275229357798,53.42678899082569,95,0.1376146788990825,26.57990825688073,45,0.5963302752293578,4.605504587155964,41,0.6330275229357798,66.3211009174312,69,0.3715596330275229,3.0477981651376145,67,0.3899082568807339,3.9469724770642194,71,0.3577981651376147,-2.5,0.1818181818181818,-2.5,-0.6666666666666666,-0.4242424242424241,0.9272727272727272,-1.6324937117249951,0.1954545454545454,0.934344809231173,0.8952380952380953,-1.5656802721088434,0.4368932038834951,0.1662582832485745,0.6862745098039216,-0.4433783912806402,-0.1137,0.7093737457159739,0.8,0,0,4,0.8,4,False,1.0,NEUTRAL,3.809733460257021,21.166020942408377,69.7780923369824,61.96987148976678,62.77830556877679,20.33762494050452,2.743812470252261,56.485959067110905,-0.035032085921325,-0.0015501708074534,0.0623645176630434,0.0106578273809523,0.0363413034035588,0.0051173211925046,-0.1267642866865519,0.1631055900901108,0,0,57.0,0,0,0,0,20.0,0.0182,33.388,3035.0,0.0215693518518518,0.341,-0.161,0.005,0.199,0.298,-7.266,0.028,0.4801142857142857,0.0782285714285714,-0.097847619047619,0.2998,0.478702013526861,0.340959724085381,2.72222383360764,150,0.0145611730231738,-0.0014388269768262,0.0333523480522485,-0.0188938762723181,0.0306434860311899,-0.13774,0.7559109149896099,0.0100833333333333,0.125041402902653,0.722866666666667,-0.0017,-0.144,8.0,10.0,77.4,,0.0,0.0,0.0,0.0,0.0,0.0,0.0207996576654023,0.0604540596462169,0.1348839997851031,0.2994065878747791,0.2483976042283793,0.015912765433083,0.0465367891854977,0.1149610773257677,0.2994065878747791,0.0167245059270556,0.0768532490263773,0.1780138575938327,2.3684,18.22,0.0,0.2994,0.0,0.7367877966057614,LOW,0.2572460048489122,87779.70705143834,0.011367240418121,0.0163456173855652,0.0168609669998641,0.0094324172472813,False,False,OK,3.5,0.0124,0.0609,0.123,0.2464,0.6811
R2026554,45522,"Bezuidenhout, Christiaan",0.8229999999999998,0.4404375,0.2203124999999999,0.2433333333333333,0.4405624999999999,0.817,281.375,62.46874999999999,69.10624999999999,74.63333333333333,0.3970422542735041,-0.3046133431372548,0.1568423333333333,0.2650925208333333,0.5108061764705883,0.0967721862745097,283.8661458333333,60.53177083333333,65.515625,69.88611111111112,0.8495137441016025,0.1674666666666666,0.2024705062340382,0.367007315502661,0.4670389561520262,0.95,0.05,18,0,40.0,40.0,0,0,0,0.5,0,0,0,0,40.0,10.0,104.0,4.653960350157523,242.57142857142856,188.0,-0.1894068630815641,-0.1152064800556907,0.3539212586251308,-0.1970789252917975,0.3336420547205815,-0.0685495338872482,0.6871568242475434,-0.1763506477769551,0.9070695411556332,-0.5100272868821292,0.2702702702702703,82,0.7747747747747747,26,0.918918918918919,10,0.981981981981982,3,296.5,58.93,73.61,1.604,62.5,27.5,63.16,3.0,3.8,5.25,67.0,29.17,302.1256880733945,75,0.3165137614678899,69.48642201834862,82,0.2522935779816513,69.68642201834862,26,0.7660550458715596,28.360091743119263,83,0.2431192660550458,65.01816513761469,64,0.4174311926605504,1.7127614678899084,11,0.908256880733945,53.42678899082569,39,0.6467889908256881,26.57990825688073,35,0.6834862385321101,4.605504587155964,29,0.7431192660550459,66.3211009174312,69,0.3715596330275229,3.0477981651376145,40,0.6376146788990825,3.9469724770642194,4,0.9724770642201837,-2.0,-1.5833333333333333,-2.0,-2.111111111111111,-0.2638888888888888,0.8409090909090909,-1.1324937117249951,0.7727272727272727,-0.8308067059203421,0.8047619047619048,-1.0656802721088434,0.8058252427184466,-1.27818616119587,0.6274509803921569,-0.283024855927105,0.0658,0.6212979245990695,0.0,0,0,4,0.8,0,False,0.0,COLD,4.5013089005235605,25.0088005711566,69.60038838648262,74.57062827225133,62.968091385054734,15.341266063779154,1.8180628272251311,56.49428843407901,-0.0609226686274509,0.0313684666666666,0.0662731302083333,0.0255403088235294,0.0909117016759406,0.0089814234582008,-0.1267642866865519,0.2176759883624926,0,0,999.0,0,1,0,0,17.0,0.01396,34.892,2602.0,0.0173293518518518,0.398,-0.293,0.233,0.186,0.271,-9.713,0.021,0.5371142857142858,0.3062285714285714,-0.229847619047619,0.2728,0.472471004600146,0.339081468919618,2.69618342211749,150,-0.0071754703997329,-0.0231754703997329,0.0251820085966502,-0.025298707729627,0.0095932184754413,-0.13339,0.7540326598238469,0.0107,0.121626309107559,0.72355,-0.001,-0.086,8.0,10.0,77.4,,0.0,0.0,0.0,0.0,0.0,0.0,0.0143068022467211,0.0556366244251548,0.1346719580603295,0.3077739504605192,0.2533240861868427,0.0129882549238808,0.0414763542520201,0.113608048343343,0.3077739504605192,0.0118895841876048,0.0684961863039338,0.177258806375109,1.5898,15.78,0.0,0.2566,0.0,0.7492492321688478,LOW,0.2397368111873604,82740.42926612147,0.0099644455667019,0.0123819894372654,0.0127723725797451,0.0043423566800191,False,False,OK,3.2,0.0112,0.0601,0.1242,0.2508,0.6917
R2026554,46464,"Smith, Jordan",0.8527000000000001,0.52085,0.7159,-0.271375,-0.1687,1.1677,290.15,61.306250000000006,68.75,60.51875,0.1355081249999999,0.4622725,0.2969331249999999,-0.1670749999999999,-0.4512356250000001,0.6359925000000001,295.1777777777777,62.25138888888888,68.52222222222221,59.45694444444445,0.1620989181243836,2.463233333333333,0.5063265268399364,0.3598413927917798,-0.5891444780430117,0.95,0.05,20,0,40.0,40.0,0,0,0,0.5,0,0,0,0,40.0,10.0,73.0,4.304065093204169,242.57142857142856,188.0,0.5774789800556908,-0.1152064800556907,0.4940120502917974,-0.1970789252917975,-0.0985254661127517,-0.0685495338872482,-0.2748849772230449,-0.1763506477769551,0.6455354118821292,-0.5100272868821292,0.945945945945946,7,0.8918918918918919,13,0.3693693693693693,71,0.2702702702702703,82,315.5,62.5,73.61,1.906,50.0,31.5,63.16,3.13,4.08,3.75,69.0,20.83,302.1256880733945,11,0.908256880733945,69.48642201834862,74,0.3302752293577982,69.68642201834862,26,0.7660550458715596,28.360091743119263,2,0.9908256880733946,65.01816513761469,64,0.4174311926605504,1.7127614678899084,109,0.0091743119266055,53.42678899082569,57,0.4862385321100917,26.57990825688073,93,0.1559633027522936,4.605504587155964,88,0.2018348623853211,66.3211009174312,96,0.1238532110091743,3.0477981651376145,75,0.3165137614678899,3.9469724770642194,97,0.1192660550458715,-1.25,-1.4285714285714286,-0.6666666666666666,-2.5,-0.2440476190476188,0.6045454545454545,-0.3824937117249952,0.7363636363636363,-0.6760448011584375,0.4,0.2676530612244899,0.8883495145631068,-1.6670750500847589,0.5980392156862745,-0.263183586085835,-0.1063000000000002,0.8215432632146242,0.5120000000000001,1,0,5,1.0,5,False,3.0,WARM,4.2376249405045225,23.710561637315564,69.04271965730605,75.94464540694908,65.0422275107092,26.4686244645407,1.8148500713945743,45.94538315088053,0.0924545,0.0593866249999999,-0.0417687499999999,-0.02256178125,0.1163652027027026,0.0322170489864864,-0.1267642866865519,0.2431294893892546,0,0,55.0,0,0,0,0,15.0,0.01324,34.059,1360.0,0.0166093518518518,0.569,0.553,0.266,-0.139,-0.11,4.484,0.05,0.7081142857142857,0.3392285714285714,0.616152380952381,-0.1082,0.467771385834603,0.652725482302187,2.83345925488519,150,0.0,-0.04,0.0595724452085534,0.0115428109894022,0.0244907449128235,0.18495,1.0676766732064158,0.0231833333333333,0.187809325396825,0.76745,0.003,0.149,8.0,10.0,77.4,,0.0,0.0,0.0,0.0,0.0,0.0,0.0346228894600286,0.0869934489372989,0.161993852329318,0.3445943742100464,0.2750909478434313,0.0287924842577592,0.0736628102332681,0.1533586816656644,0.3445943742100464,0.0267395368571563,0.121650556429113,0.2229886554204464,1.2397,21.16,0.0,0.2727,0.0,0.7827342590210755,LOW,0.2107153442556063,107080.38546443904,0.0197898534906058,0.0277105232531083,0.0285841890886442,0.0148330359694228,True,False,OK,5.3,0.022,0.1011,0.1881,0.3332,0.7282
R2026554,57975,"Hall, Harry",-0.05725,-0.65105,-0.0525499999999999,0.70285,-0.05635,-0.00095,295.51000000000005,55.35,62.235,63.09,-0.084245985163498,-0.4516023958333333,-0.0328142708333333,0.2342334006724519,0.1818753125,-0.2009394791666666,294.02875,56.861250000000005,62.99,66.07374999999999,-0.1068586801745943,0.4305,-0.5498868834584104,0.0588466246698785,-0.07685381782249,0.95,0.05,20,0,40.0,40.0,0,0,0,0.5,0,0,0,0,40.0,10.0,68.0,4.23410650459726,242.57142857142856,188.0,-0.3363959157776426,-0.1152064800556907,0.1642646544584641,-0.1970789252917975,0.3520731797205816,-0.0685495338872482,0.3582259602769552,-0.1763506477769551,0.4950945368821292,-0.5100272868821292,0.2162162162162162,88,0.5855855855855856,47,0.945945945945946,7,0.8378378378378378,19,311.1,51.79,61.11,1.705,40.0,27.75,64.29,3.13,3.95,4.5,69.0,25.0,302.1256880733945,19,0.8348623853211009,69.48642201834862,96,0.1238532110091743,69.68642201834862,103,0.0642201834862385,28.360091743119263,74,0.3302752293577982,65.01816513761469,59,0.463302752293578,1.7127614678899084,45,0.5963302752293578,53.42678899082569,72,0.3440366972477064,26.57990825688073,65,0.4128440366972477,4.605504587155964,57,0.481651376146789,66.3211009174312,96,0.1238532110091743,3.0477981651376145,75,0.3165137614678899,3.9469724770642194,64,0.4174311926605504,-0.6363636363636364,1.9090909090909087,-2.8,-1.8,-2.9363636363636365,0.3727272727272727,0.2311426519113684,0.009090909090909,2.6616175365039005,0.9761904761904762,-1.8656802721088432,0.7378640776699029,-0.9670750500847588,0.9803921568627452,-2.9554996034018526,0.1333,0.7331514926064812,0.6400000000000001,0,0,3,0.6,1,False,1.0,NEUTRAL,4.126963350785341,23.5213469776297,69.88294145644932,63.9363112803427,64.83356020942409,13.077515468824371,2.3087815326035224,41.4938219895288,-0.0903204791666666,-0.0065628541666666,0.0708809114583333,0.009093765625,-0.0666602385933244,-0.0123509052646396,-0.1267642866865519,0.0698884280153808,0,0,30.0,0,0,0,0,12.0,0.00563,35.494,2830.0,0.0089993518518518,0.577,-0.171,0.221,0.244,0.282,-1.098,-0.03,0.7161142857142857,0.2942285714285714,-0.107847619047619,0.2838,0.467207866946337,0.428559400919833,2.76085254721599,150,0.0085576021063944,-0.0074423978936055,-0.0358542943398348,-0.0031440288314284,-0.0719008225381282,-0.03865,0.843510591824062,0.0136,0.141785481000481,0.733466666666667,-0.0012,-0.081,8.0,10.0,77.4,,0.0,0.0,0.0,0.0,0.0,0.0,0.0185501192530825,0.0754777777660079,0.1337922322733234,0.2662882074417759,0.2293959465445302,0.0163457081620577,0.0624103345057845,0.1196557999112196,0.2662882074417759,0.0148674347966403,0.1030676388195532,0.177258806375109,4.4938,19.01,0.0,0.3111,0.0,0.686672969006408,MEDIUM,0.3333814728479887,87807.71131815964,0.0162559597779439,0.0175966176423322,0.0181514091745841,0.0022941594751385,False,False,OK,4.6,0.0141,0.0708,0.1393,0.2784,0.6972
R2026554,63454,"Keefer, Johnny",-1.23725,0.3601999999999999,-1.0529,-0.50425,0.11115,-0.80745,291.90000000000003,54.25,59.26666666666667,57.06666666666667,-0.4749380434782608,0.381613134057971,0.0327834239130434,-0.3831268353174603,-0.4591479619565217,0.101169474637681,303.2883333333333,57.211666666666666,69.05291666666668,57.66833333333333,-1.0281477637641523,1.813183333333333,0.5164412954155834,-0.755197474912381,-0.3181130653380442,0.95,0.05,23,0,40.0,40.0,0,0,0,0.5,0,0,0,0,40.0,10.0,66.0,4.204692619390966,242.57142857142856,188.0,0.4968196141136617,-0.1152064800556907,0.2298623492048409,-0.1970789252917975,-0.3145773014302121,-0.0685495338872482,-0.2827973141795666,-0.1763506477769551,0.0350892434038683,-0.5100272868821292,0.9009009009009008,12,0.6846846846846847,36,0.09009009009009,102,0.2612612612612612,83,314.1,71.15,69.44,1.56,75.0,26.25,59.09,2.95,3.92,6.25,62.0,37.5,302.1256880733945,14,0.8807339449541285,69.48642201834862,57,0.481651376146789,69.68642201834862,57,0.481651376146789,28.360091743119263,102,0.0688073394495412,65.01816513761469,77,0.3027522935779816,1.7127614678899084,4,0.9724770642201837,53.42678899082569,23,0.7981651376146789,26.57990825688073,1,1.0,4.605504587155964,4,0.9678899082568808,66.3211009174312,4,0.9678899082568808,3.0477981651376145,28,0.7522935779816514,3.9469724770642194,50,0.5458715596330275,0.2222222222222222,0.5555555555555556,-0.2,-0.3333333333333333,-0.6555555555555556,0.2,1.089728510497227,0.1181818181818181,1.3080821829685467,0.2761904761904762,0.7343197278911566,0.3155339805825243,0.4995916165819078,0.803921568627451,-0.6746915225937717,-0.2114000000000002,0.8608522908528887,1.8,1,0,3,0.6,2,True,5.0,HOT,3.886958591147073,22.33851975249881,69.48239409804854,72.76448833888625,56.92130414088529,18.241908614945263,2.1864588291289864,56.31147072822466,0.0763226268115942,0.0065566847826086,-0.0957817088293651,-0.022957398097826,-0.0350226335613564,-0.0004957134725952,-0.1267642866865519,0.0917416531251955,0,0,7.0,0,0,2,0,15.0,0.01951,32.393,1499.0,0.0228793518518518,0.459,0.325,0.259,-0.142,0.017,10.859,-0.022,0.5981142857142857,0.3322285714285714,0.3881523809523809,0.0188,0.414367768491063,0.462827627055631,2.87095482857091,150,0.0,-0.04,-0.0254721087236476,0.028054792608397,0.0283154414081873,0.04846,0.8777788179598599,0.0177166666666667,0.155061917573168,0.733233333333333,0.0002,0.011,8.0,10.0,77.4,,0.0,0.0,0.0,0.0,0.0,0.0,0.0316392311337673,0.0777535658154564,0.1227832168096001,0.2141859172152879,0.2031765211541409,0.0234582837217596,0.0620662877336777,0.1132001722738306,0.2141859172152879,0.022621166299007,0.1024994622711442,0.1532660327003004,4.7619,24.85,0.0,0.3333,0.0591950233251491,0.6400885389065071,ELEVATED,0.3998306587049897,94164.98750924438,0.0202320467643737,0.0264744668652168,0.0273091619376591,0.0114071843693936,True,False,OK,5.4,0.0188,0.0825,0.1508,0.2868,0.6998
R2026554,48001,"Bauchou, Zach",0.3156,-0.043125,-0.0701874999999999,0.1121666666666666,0.4097499999999999,-0.0459374999999999,287.275,54.25625000000001,59.375,63.81666666666666,0.2306576388888886,-0.015283088235294,0.1901588235294117,-0.1722791666666669,0.1758102941176471,-0.0052083333333335,292.90260416666666,56.086979166666666,66.23229166666667,62.985,0.1232022606959754,0.5289,0.0458062295330096,-0.0157957098024283,0.0468454492315389,0.95,0.05,18,0,40.0,40.0,0,0,0,0.5,0,0,0,0,40.0,10.0,151.0,5.0238805208462765,242.57142857142856,188.0,0.0999233918203966,-0.1152064800556907,0.3872377488212093,-0.1970789252917975,-0.1037296327794187,-0.0685495338872482,0.3521609418946022,-0.1763506477769551,0.7406849257710179,-0.5100272868821292,0.6126126126126126,44,0.8018018018018018,23,0.3513513513513513,73,0.8288288288288288,20,299.3,78.85,69.44,1.66,33.33,27.0,72.73,2.85,3.89,5.25,67.0,29.17,302.1256880733945,58,0.4770642201834862,69.48642201834862,31,0.7201834862385321,69.68642201834862,57,0.481651376146789,28.360091743119263,95,0.1330275229357798,65.01816513761469,27,0.7614678899082569,1.7127614678899084,27,0.7568807339449541,53.42678899082569,85,0.2293577981651376,26.57990825688073,35,0.6834862385321101,4.605504587155964,29,0.7431192660550459,66.3211009174312,69,0.3715596330275229,3.0477981651376145,6,0.9541284403669724,3.9469724770642194,35,0.6834862385321101,-1.2,-2.375,-1.625,-1.6666666666666667,0.1416666666666666,0.5818181818181818,-0.3324937117249952,0.9181818181818182,-1.6224733725870089,0.6857142857142857,-0.6906802721088434,0.6893203883495146,-0.8337417167514256,0.4901960784313725,0.1225306996284504,-0.0267999999999999,0.797280098557311,0.0,0,0,3,0.6,1,False,0.0,COLD,4.611256544502618,26.21401713469776,70.4039466920514,68.76236078058068,66.46150404569254,30.32112327463113,1.686696811042361,65.33495954307472,-0.0030566176470588,0.0380317647058823,-0.0430697916666667,0.0087905147058823,0.0330416335453099,0.0002365729332273,-0.1267642866865519,0.1598059202318619,0,0,24.0,0,0,0,0,15.0,0.01645,33.442,1152.0,0.0198193518518518,0.374,0.016,0.164,0.03,0.164,-2.316,0.0,0.5131142857142857,0.2372285714285714,0.0791523809523809,0.1658,0.412787865207163,0.341753262734974,2.76792365802912,150,0.0,-0.04,0.0007818598456053,-0.0060701501558378,0.013175514477295,-0.07103,0.7567044536392029,0.01285,0.129141257215007,0.720783333333333,0.001,0.084,8.0,10.0,77.4,,0.0,0.0,0.0,0.0,0.0,0.0,0.003083641647553,0.0478643369813122,0.0885483700514807,0.2121596795530906,0.1981056887408116,0.0078404492298933,0.0341212587670231,0.0940713776560384,0.2121596795530906,0.0026199067738759,0.0563496030347682,0.1271723650885511,2.7344,22.02,0.0,0.4375,-0.0207372896668955,0.7035978777711953,MEDIUM,0.3037673174697208,65411.9392198804,0.0115116350278921,0.0052291648387333,0.005394031543929,-0.008427993380339,False,False,OK,3.5,0.0113,0.0663,0.1349,0.2662,0.6891
R2026554,30926,"Kirk, Chris",0.3288,0.34525,0.5999000000000001,0.3753124999999999,-0.7991,1.13385,297.46875,60.275000000000006,68.7375,55.18125,-0.4648355185379114,0.0063460144927536,0.3396251207729468,-0.0503293655356225,-0.6317956823671498,0.2730017814009662,293.30156250000005,61.1171875,67.540625,57.0453125,-0.1900238802658197,1.2166333333333332,0.200108949888704,0.1767236285315259,-0.6494402345986973,0.95,0.05,18,0,40.0,40.0,0,0,0,0.5,0,0,0,0,40.0,10.0,107.0,4.68213122712422,242.57142857142856,188.0,0.1215524945484443,-0.1152064800556907,0.5367040460647443,-0.1970789252917975,0.022401846333966,-0.0685495338872482,-0.4554450345901946,-0.1763506477769551,0.0555636496035463,-0.5100272868821292,0.6216216216216216,43,0.945945945945946,7,0.5495495495495496,51,0.1171171171171171,99,298.8,76.92,73.61,1.585,75.0,26.5,68.42,2.9,3.92,6.25,65.0,34.72,302.1256880733945,62,0.4403669724770642,69.48642201834862,41,0.6330275229357798,69.68642201834862,26,0.7660550458715596,28.360091743119263,100,0.091743119266055,65.01816513761469,42,0.6192660550458715,1.7127614678899084,7,0.944954128440367,53.42678899082569,23,0.7981651376146789,26.57990825688073,10,0.9174311926605504,4.605504587155964,4,0.9678899082568808,66.3211009174312,28,0.7477064220183486,3.0477981651376145,17,0.8486238532110092,3.9469724770642194,50,0.5458715596330275,-1.5833333333333333,-1.0,-2.7142857142857144,-1.0,-0.5654761904761907,0.7363636363636363,-0.7158270450583285,0.5954545454545455,-0.2474733725870088,0.9571428571428572,-1.7799659863945578,0.5436893203883495,-0.1670750500847588,0.7647058823529411,-0.5846121575144069,-0.1461,0.6505040780468294,1.0,0,0,5,1.0,5,False,1.5,NEUTRAL,4.25571156592099,24.27840552118039,69.85281770585436,71.81321751546884,54.32455973346027,32.9575107091861,2.265587815326036,45.70966206568301,0.0012692028985507,0.0679250241545893,-0.0115369218883205,-0.0315897841183574,-0.039790844842007,0.0108408020168506,-0.1267642866865519,0.1069345596449323,0,0,10.0,0,0,1,0,11.0,0.02776,33.123,2379.0,0.0311293518518518,0.4,0.072,0.531,0.107,-0.31,-0.893,0.01,0.5391142857142858,0.6042285714285714,0.1351523809523809,-0.3082,0.356008289961841,0.443637981900622,2.77889413361604,150,0.0030531188151702,-0.0129468811848297,0.0130463927927488,-0.0023881570619574,0.0626624197569611,0.08763,0.8585891728048509,0.0160333333333333,0.150753094636845,0.736016666666667,0.0019,0.134,8.0,10.0,77.4,,0.0,0.0,0.0,0.0,0.0,0.0,0.0214425948180646,0.0539142980440125,0.1065560324307302,0.2088438925942124,0.1968973694334926,0.0188466730796584,0.0400101242347135,0.1022070956900493,0.2088438925942124,0.0168908688110556,0.0660747785828113,0.1309698304061755,4.2482,18.45,0.0,0.3469,0.0,0.7040670224692966,MEDIUM,0.3096256821867191,80412.91158970527,0.0126137092333291,0.0173522097898329,0.0178992955567077,0.0088288855847354,False,False,OK,3.8,0.0132,0.0704,0.145,0.2732,0.6962
R2026554,52686,"Hojgaard, Rasmus",-0.5587,0.1683,-0.25775,-0.4666249999999999,0.5926875,-0.2970625,304.64166666666665,44.34166666666667,66.65833333333335,53.6875,-0.3156214467756654,0.1504272203947368,-0.1493681880482456,-0.1909771678578808,0.1536801672149123,-0.1548456825657895,304.7761111111111,49.333333333333336,66.415,58.15476190476191,-0.7137910814100668,1.7759333333333334,0.0469669476156385,-0.3565786541090656,0.2895721268914021,0.95,0.05,17,0,40.0,40.0,0,0,0,0.5,0,0,0,0,40.0,10.0,74.0,4.31748811353631,242.57142857142856,188.0,0.2656337004504275,-0.1152064800556907,0.0477107372435519,-0.1970789252917975,-0.13503047864408,-0.0685495338872482,0.3300308149918674,-0.1763506477769551,0.2144182059997761,-0.5100272868821292,0.7117117117117117,33,0.4864864864864865,58,0.2612612612612612,83,0.7927927927927928,24,329.4,55.36,76.39,1.782,28.57,29.75,70.59,2.75,4.0,3.5,68.0,20.83,302.1256880733945,4,0.9724770642201837,69.48642201834862,90,0.1834862385321101,69.68642201834862,12,0.8990825688073395,28.360091743119263,20,0.8256880733944955,65.01816513761469,33,0.7018348623853211,1.7127614678899084,88,0.2018348623853211,53.42678899082569,95,0.1376146788990825,26.57990825688073,93,0.1559633027522936,4.605504587155964,95,0.1376146788990825,66.3211009174312,86,0.2201834862385321,3.0477981651376145,2,0.9908256880733946,3.9469724770642194,79,0.2844036697247706,0.0,-1.0,-1.5555555555555556,-0.5555555555555556,-0.5555555555555556,0.2545454545454545,0.8675062882750048,0.5954545454545455,-0.2474733725870088,0.6571428571428571,-0.621235827664399,0.3932038834951456,0.2773693943596855,0.7549019607843137,-0.5746915225937718,-0.0588,0.4871230736568417,0.0,0,0,2,0.4,0,False,0.0,COLD,3.7993812470252255,22.616387434554976,69.57329842931938,68.59100904331271,59.35641599238459,30.09078058067587,2.6770585435506904,42.26022370299858,0.0300854440789473,-0.0298736376096491,-0.050895003132832,0.0076840083607456,-0.0265020417037864,-0.0094503250048685,-0.1267642866865519,0.1105833584368737,0,0,999.0,0,1,0,0,13.0,-0.00157,35.963,2027.0,0.0017993518518518,0.37,0.101,-0.05,-0.072,0.391,15.058,-0.072,0.5091142857142857,0.0232285714285714,0.1641523809523809,0.3928,0.347818586066794,0.251504328945234,2.90701164079504,150,0.0,-0.04,-0.0856595326111089,0.0388337688501067,-0.0076331153933827,-0.09631,0.6664555198494628,0.0142666666666667,0.130004795759796,0.697033333333333,-0.0009,-0.059,8.0,10.0,77.4,,0.0,0.0,0.0,0.0,0.0,0.0,0.018151961749235,0.074039651611954,0.106949846370387,0.1681068711664043,0.1764769512116032,0.0166620343604924,0.0605662946227339,0.0959826060269346,0.1681068711664043,0.0148674347966403,0.1000222964393181,0.1309698304061755,2.48875,19.88,0.0,0.5,0.0,0.6120044028726715,ELEVATED,0.4244365673247546,80819.59959621677,0.0153211690411625,0.0169627580276179,0.0174975650404566,0.0028307927080725,False,False,OK,4.4,0.0149,0.065,0.1325,0.2498,0.6571
R2026554,59141,"McCarty, Matt",-0.3394,-0.4954999999999999,0.3927,-0.1707,-0.0655999999999999,-0.2736,281.855,55.96,62.225,55.96,-0.3284828386287625,-0.2133833188405797,-0.2012504782608695,-0.3152615144927536,0.3968160289855073,-0.7299479420289857,288.42424242424244,59.95795454545455,60.59015151515152,61.05113636363637,-0.7342244767039925,0.258066666666667,-0.5747765881393394,0.0615857683653947,-0.0092460815418523,0.95,0.05,23,0,40.0,40.0,0,0,0,0.5,0,0,0,0,40.0,10.0,76.0,4.343805421853684,242.57142857142856,188.0,-0.098176838784889,-0.1152064800556907,-0.004171552969072,-0.1970789252917975,-0.2467119806055053,-0.0685495338872482,0.5731666767624624,-0.1763506477769551,0.1815444482533666,-0.5100272868821292,0.3693693693693693,71,0.4504504504504504,62,0.1351351351351351,97,0.9369369369369368,8,296.4,57.14,69.44,1.66,41.67,28.25,50.0,3.25,3.9,5.25,69.0,30.56,302.1256880733945,77,0.3027522935779816,69.48642201834862,86,0.2155963302752293,69.68642201834862,57,0.481651376146789,28.360091743119263,54,0.5137614678899083,65.01816513761469,98,0.1055045871559633,1.7127614678899084,27,0.7568807339449541,53.42678899082569,69,0.3761467889908257,26.57990825688073,27,0.7614678899082569,4.605504587155964,29,0.7431192660550459,66.3211009174312,96,0.1238532110091743,3.0477981651376145,104,0.0504587155963302,3.9469724770642194,43,0.6100917431192661,0.0909090909090909,0.8181818181818182,-1.375,-1.1428571428571428,-1.713474025974026,0.2272727272727272,0.9584153791840956,0.0727272727272727,1.5707084455948093,0.6190476190476191,-0.4406802721088434,0.5728155339805825,-0.3099321929419016,0.931372549019608,-1.7326099930122425,0.1304999999999999,0.7979417968192362,1.64,0,0,2,0.4,1,False,2.5,NEUTRAL,3.8087815326035215,21.847853403141364,70.15619228938601,69.4781865778201,64.11407425035698,36.7329128986197,1.9312232270347456,58.95536887196573,-0.0426766637681159,-0.0402500956521739,-0.0788153786231884,0.0198408014492753,-0.1359341098707402,-0.0406733654230317,-0.1267642866865519,-0.0091698231841883,0,0,9.0,0,0,1,0,16.0,0.00558,33.29,2855.0,0.0089493518518518,0.16,-0.208,-0.04,-0.047,0.455,-5.448,0.015,0.2991142857142857,0.0332285714285714,-0.144847619047619,0.4568,0.346596065343997,0.0861231630042655,2.80616752331184,150,0.0746019049031988,0.0826019049031988,0.0165290762017493,-0.0146073730082363,-0.133472308956399,-0.26047,0.5010743539084944,0.0083666666666666,0.097324702982203,0.6713,0.0011,0.151,8.0,10.0,77.4,,0.0,0.0,0.0,0.0,0.0,0.0,0.0103880195982564,0.052103767883385,0.0985260906941442,0.1815165691201595,0.1820340268510567,0.0095140561170628,0.0377819615575134,0.0799011044219648,0.1815165691201595,0.0083321901561908,0.0623950760485525,0.1165412092629194,4.9563,22.19,0.0,0.3469,0.0151564776023936,0.6005701592529991,ELEVATED,0.4297426296385728,70693.43198725375,0.0156021663087441,0.0122265447595836,0.0126120269948171,-0.0052141467104877,False,False,OK,4.4,0.0071,0.0489,0.1001,0.2123,0.6337
R2026554,47993,"McCarthy, Denny",0.8003,-0.38905,0.0301,-0.1875,1.3470999999999995,-0.5464500000000002,282.9,60.825,63.88,70.445,-0.0270673913043478,-0.3869436594202898,0.0345652173913043,-0.067158152173913,0.4549396739130434,-0.4195474637681159,286.2320175438596,57.645175438596496,64.42587719298245,63.67543859649123,0.6661577642970011,1.2388333333333337,-0.5056045507804858,0.1852569384012982,1.0886533493247017,0.95,0.05,19,0,40.0,40.0,0,0,0,0.5,0,0,0,0,40.0,10.0,95.0,4.564348191467836,242.57142857142856,188.0,-0.2717371793645992,-0.1152064800556907,0.2316441426831018,-0.1970789252917975,0.0013913817133351,-0.0685495338872482,0.6312903216899985,-0.1763506477769551,0.4829598955777813,-0.5100272868821292,0.2342342342342342,86,0.6936936936936937,35,0.5135135135135135,55,0.954954954954955,6,301.0,41.07,63.89,1.761,76.92,28.25,80.77,2.88,4.13,3.25,70.0,18.06,302.1256880733945,51,0.5412844036697247,69.48642201834862,107,0.0275229357798165,69.68642201834862,92,0.1651376146788991,28.360091743119263,54,0.5137614678899083,65.01816513761469,10,0.9174311926605504,1.7127614678899084,78,0.2935779816513761,53.42678899082569,20,0.8256880733944955,26.57990825688073,103,0.0642201834862385,4.605504587155964,100,0.091743119266055,66.3211009174312,105,0.0412844036697247,3.0477981651376145,11,0.908256880733945,3.9469724770642194,103,0.0596330275229357,-1.0,0.0909090909090909,-1.6666666666666667,-2.7142857142857144,-1.735930735930736,0.5318181818181819,-0.1324937117249952,0.2181818181818181,0.8434357183220821,0.7142857142857143,-0.7323469387755102,0.9320388349514565,-1.8813607643704733,0.9411764705882352,-1.7550667029689524,-0.0082,0.7744890788986848,0.6400000000000001,1,0,4,0.8,0,False,3.0,WARM,4.117087101380295,23.041299381247025,69.46424940504522,69.29090433127082,74.68684911946693,29.829700142789147,1.6382674916706332,58.03636363636364,-0.0773887318840579,0.0069130434782608,-0.0167895380434782,0.0227469836956521,-0.0587150558166862,-0.0236258996768507,-0.1267642866865519,0.0680492308698657,0,0,999.0,0,1,0,0,16.0,0.00953,34.851,2816.0,0.0128993518518518,0.192,-0.378,0.04,0.085,0.446,-6.877,-0.014,0.3311142857142857,0.1132285714285714,-0.314847619047619,0.4478,0.344007893951802,0.077108594818626,2.71303467564245,150,0.0,-0.04,-0.0166253799566751,-0.0179519798796832,-0.0079506390638288,-0.2669,0.4920597857228549,0.0067,0.0905012626262626,0.678416666666667,-0.0008,-0.106,8.0,10.0,77.4,,0.0,0.0,0.0,0.0,0.0,0.0,0.0098988190181566,0.0521947879547112,0.1008241374586683,0.1906298721285989,0.1869182008049191,0.0086078165307689,0.0381526259339358,0.0798015811741802,0.1906298721285989,0.0081587220267354,0.0630072102788031,0.1210175111196194,3.5713,19.34,0.0,0.2514,0.0,0.6925475234423789,MEDIUM,0.3013963950823159,70959.33781995915,0.0082049254145835,0.0091832561133155,0.0094727886151704,0.001693893603573,False,False,OK,2.7,0.007,0.0443,0.0941,0.1976,0.6413
R2026554,51977,"Greyserman, Max",0.4922499999999999,0.2016,-0.4808999999999999,0.0938333333333333,0.5178,0.0152499999999999,306.05,44.04166666666666,59.26666666666667,59.68333333333334,-0.4020983915920695,-0.2092463598901097,-0.430592445054945,-0.1628376334621634,0.0804117673992673,-0.7461363782051282,302.87916666666666,53.05972222222223,61.19166666666667,58.60138888888889,0.3070980122155555,0.7807666666666666,0.2271918988889979,-0.4977395838164352,0.4704014252859313,0.95,0.05,21,0,40.0,40.0,0,0,0,0.5,0,0,0,0,40.0,10.0,87.0,4.477336814478207,242.57142857142856,188.0,-0.094039879834419,-0.1152064800556907,-0.2335135197631474,-0.1970789252917975,-0.1096373250871107,-0.0685495338872482,0.2567624151762225,-0.1763506477769551,0.1254987154535577,-0.5100272868821292,0.3783783783783784,70,0.2612612612612612,83,0.3333333333333333,75,0.7117117117117117,33,301.8,76.92,68.06,1.551,66.67,25.75,73.91,3.05,3.86,6.0,64.0,34.72,302.1256880733945,46,0.5871559633027523,69.48642201834862,41,0.6330275229357798,69.68642201834862,68,0.3853211009174312,28.360091743119263,106,0.0321100917431192,65.01816513761469,24,0.7889908256880734,1.7127614678899084,3,0.981651376146789,53.42678899082569,32,0.7155963302752294,26.57990825688073,10,0.9174311926605504,4.605504587155964,9,0.926605504587156,66.3211009174312,14,0.8807339449541285,3.0477981651376145,52,0.5275229357798165,3.9469724770642194,21,0.8119266055045872,-1.3333333333333333,-1.2222222222222223,-0.6666666666666666,-0.6,0.6444444444444444,0.6454545454545455,-0.4658270450583285,0.6636363636363637,-0.4696955948092312,0.4,0.2676530612244899,0.4126213592233009,0.2329249499152411,0.2745098039215686,0.6253084774062282,0.0805,0.7465178423111459,1.0,0,0,4,0.8,4,False,1.5,NEUTRAL,3.727629700142789,22.23294145644931,69.66579247977154,67.22077582103762,56.16731080437887,18.82428843407901,2.6573060447406,46.59971442170396,-0.0418492719780219,-0.086118489010989,-0.0445467147435897,0.0040205883699633,-0.202254000952868,-0.0470317042248292,-0.1267642866865519,-0.0877787375189721,0,0,10.0,0,0,1,0,12.0,-0.00199,34.711,2616.0,0.0013793518518518,0.385,0.07,-0.112,0.093,0.334,8.379,-0.061,0.5241142857142858,-0.0387714285714285,0.1331523809523809,0.3358,0.330727378627453,0.288415458078563,2.88115840005014,150,0.0,-0.04,-0.0724607649018404,0.0216308272145468,0.0507140480453742,-0.04231,0.7033666489827919,0.0135666666666667,0.132707054473304,0.70435,-0.0027,-0.166,8.0,10.0,77.4,,0.0,0.0,0.0,0.0,0.0,0.0,0.0113994854637189,0.0543252281691959,0.1086186160917152,0.2155492173800761,0.2007198166042986,0.0126525542397219,0.0404096533349916,0.0982759042110737,0.2155492173800761,0.0093408512571309,0.066734581503777,0.1343775978111857,4.0218,14.59,0.0,0.339,-0.0,0.6690055804678441,MEDIUM,0.3461420279030798,74163.88807271133,0.0139590384390383,0.0123623351331888,0.0127520986087702,-0.0025595529753193,False,False,OK,4.1,0.015,0.0681,0.1328,0.251,0.667
R2026554,35461,"Hossler, Beau",-0.2486,0.2491249999999999,-0.4970000000000001,-0.0241666666666666,0.1018124999999999,-0.0504999999999999,286.425,59.68125,61.80625,59.458333333333336,-0.0294611351778659,0.0897211666666666,-0.25795,0.1179635583510233,0.488782,0.0262789999999999,292.07142857142856,58.875,65.5875,63.48076923076923,-0.0545105256998173,0.7005000000000001,0.2033893064594724,-0.2677696747814087,0.1986364915936284,0.95,0.05,16,0,40.0,40.0,0,0,0,0.5,0,0,0,0,40.0,10.0,97.0,4.584967478670572,242.57142857142856,188.0,0.2049276467223573,-0.1152064800556907,-0.0608710747082024,-0.1970789252917975,0.216875688649153,-0.0685495338872482,0.6651326477769551,-0.1763506477769551,0.5587978508189108,-0.5100272868821292,0.6756756756756757,37,0.3963963963963964,68,0.8018018018018018,23,0.963963963963964,5,304.0,60.71,77.78,1.661,40.0,28.0,81.25,2.88,3.82,4.75,64.0,26.39,302.1256880733945,36,0.6743119266055045,69.48642201834862,79,0.2798165137614679,69.68642201834862,8,0.9311926605504588,28.360091743119263,64,0.4174311926605504,65.01816513761469,7,0.9403669724770642,1.7127614678899084,30,0.7339449541284404,53.42678899082569,72,0.3440366972477064,26.57990825688073,54,0.5091743119266054,4.605504587155964,49,0.555045871559633,66.3211009174312,14,0.8807339449541285,3.0477981651376145,11,0.908256880733945,3.9469724770642194,8,0.9357798165137616,-1.3333333333333333,-0.1666666666666666,-2.5,0.5,-0.25,0.6454545454545455,-0.4658270450583285,0.3181818181818182,0.5858599607463245,0.8952380952380953,-1.5656802721088434,0.1844660194174757,1.3329249499152411,0.6078431372549019,-0.2691359670382162,0.1451999999999999,0.5440588203494178,0.0,0,0,3,0.6,0,False,0.0,COLD,4.108400761542122,22.8227082341742,69.77530509281294,73.80971918134222,67.24952403617326,38.65365540218944,1.5572346501665877,43.42970014278915,0.0179442333333333,-0.05159,0.0370815386904761,0.0244391,0.0465154862924541,0.0048594391409266,-0.1267642866865519,0.2014881081151233,0,0,999.0,0,1,0,0,12.0,-0.01364,35.694,2514.0,-0.0102706481481481,0.505,0.079,-0.101,0.213,0.314,-0.043,-0.003,0.6441142857142858,-0.0277714285714285,0.1421523809523809,0.3158,0.31884021412656,0.451680913222445,2.80961263841305,150,-0.0081869994394813,-0.0121869994394813,-0.0027603118455219,-0.0002495741830962,0.0470873647816833,0.13284,0.8666321041266739,0.0151833333333333,0.150000767797018,0.731766666666667,-0.0025,-0.142,8.0,10.0,77.4,,0.0,0.0,0.0,0.0,0.0,0.0,0.0127101811235226,0.0559094574326733,0.1235335719241067,0.2663230863492776,0.2299061039333587,0.0142429716590769,0.0418074158102229,0.1140528287965303,0.2663230863492776,0.0105782089718638,0.06904291840172,0.1587157220142462,2.0089,21.04,0.0,0.375,0.0,0.6901884058486213,MEDIUM,0.327630848787684,78935.12635251197,0.0141645511720009,0.0132733474403039,0.0136918335899832,-0.0014543700484782,False,False,OK,4.1,0.0169,0.0739,0.1473,0.2758,0.6933
R2026554,40058,"Blair, Zac",0.8219499999999998,-0.2936875,0.6650625,-0.5028333333333334,0.5326875,0.0019999999999999,275.93125,70.425,67.71875,73.54166666666667,-0.0066496403269962,-0.5485203645833333,0.5539716145833332,-0.1634768069884295,0.1847563020833333,-0.1727180729166666,279.54999999999995,68.19444444444444,67.45277777777778,63.36875,0.594663374931483,1.2606666666666668,-0.3574003930155482,0.4554359139488643,0.3239469251096593,0.95,0.05,11,0,40.0,40.0,0,0,0,0.5,0,0,0,0,40.0,10.0,144.0,4.976733742420574,242.57142857142856,188.0,-0.4333138845276426,-0.1152064800556907,0.7510505398751307,-0.1970789252917975,-0.1318434348627518,-0.0685495338872482,0.3611069498602884,-0.1763506477769551,0.6991356202154625,-0.5100272868821292,0.1261261261261261,98,0.981981981981982,3,0.2792792792792792,81,0.8468468468468469,18,293.3,86.54,66.67,1.708,66.67,27.5,70.83,3.2,3.97,4.5,66.0,26.39,302.1256880733945,98,0.110091743119266,69.48642201834862,11,0.908256880733945,69.68642201834862,77,0.3027522935779816,28.360091743119263,83,0.2431192660550458,65.01816513761469,31,0.7201834862385321,1.7127614678899084,49,0.5596330275229358,53.42678899082569,32,0.7155963302752294,26.57990825688073,54,0.5091743119266054,4.605504587155964,57,0.481651376146789,66.3211009174312,47,0.573394495412844,3.0477981651376145,96,0.1238532110091743,3.9469724770642194,71,0.3577981651376147,-1.0769230769230769,-1.75,-1.625,-0.125,0.5384615384615383,0.5545454545454546,-0.2094167886480721,0.8363636363636363,-0.9974733725870089,0.6857142857142857,-0.6906802721088434,0.2864077669902912,0.7079249499152411,0.3333333333333333,0.5193255714233221,0.1353,0.7703101828340178,0.5120000000000001,0,0,4,0.8,2,False,1.0,NEUTRAL,4.013326987148977,22.8395763921942,69.86046168491195,68.78644455021418,70.09862922417898,17.58257972394098,1.9520466444550213,70.64257972394098,-0.1097040729166666,0.1107943229166666,-0.0500982421875,0.0092378151041666,-0.0693053391235859,-0.0163233225647522,-0.1267642866865519,0.0798040938374528,0,0,53.0,0,0,0,0,9.0,0.02084,32.915,1688.0,0.0242093518518518,0.059,-0.407,0.309,0.096,0.06,-18.291,0.064,0.1981142857142857,0.3822285714285714,-0.343847619047619,0.0617999999999999,0.303941946969826,0.11093912197759,2.67211825513632,150,-0.000886973758982,0.0071130262410179,0.0769275037468628,-0.0474465556759336,-0.0068232965988629,-0.193,0.5258903128818189,0.00555,0.0884421735209235,0.682666666666667,-0.0004,-0.067,8.0,10.0,77.4,,0.0,0.0,0.0,0.0,0.0,0.0,0.0032819866825647,0.0476092944497718,0.0923603842499947,0.1848385220420375,0.1837719106226913,0.0044486799422653,0.033337417165395,0.0761514395677723,0.1848385220420375,0.0027281177526568,0.0550551266675431,0.1140475791104951,2.8395,19.3,0.0,0.5111,0.0,0.7107708934395504,MEDIUM,0.2771844379434995,64593.29151410861,0.0059983420187218,0.0041780922743832,0.0043098204429386,-0.0027163553361571,False,False,OK,2.2,0.0059,0.0445,0.0967,0.2041,0.6513
R2026554,31646,"Grillo, Emiliano",0.6591500000000001,0.50405,0.28865,0.3129,-0.4461500000000001,1.1055,289.19500000000005,67.22,66.67,65.1,-0.3939875165920696,-0.0276003472222222,-0.1381097800925926,-0.1989617183090295,-0.2308743055555555,-0.3859149305555555,288.0337962962963,68.08981481481482,65.43055555555556,58.95092592592593,0.9124383571809772,0.5614666666666668,0.3810012999777534,0.3442597988566339,-0.0730009689314447,0.95,0.05,18,0,40.0,40.0,0,0,0,0.5,0,0,0,0,40.0,10.0,112.0,4.727387818712341,242.57142857142856,188.0,0.0876061328334684,-0.1152064800556907,0.0589691451992049,-0.1970789252917975,-0.151642074909048,-0.0685495338872482,-0.0545236577786003,-0.1763506477769551,0.1349299654535576,-0.5100272868821292,0.5945945945945946,46,0.4954954954954955,57,0.2342342342342342,86,0.4504504504504504,62,297.8,76.79,84.72,1.77,0.0,30.0,72.73,2.88,3.84,5.25,64.0,31.94,302.1256880733945,68,0.3807339449541284,69.48642201834862,47,0.5779816513761468,69.68642201834862,1,1.0,28.360091743119263,14,0.8761467889908257,65.01816513761469,27,0.7614678899082569,1.7127614678899084,82,0.2568807339449541,53.42678899082569,108,0.018348623853211,26.57990825688073,20,0.8256880733944955,4.605504587155964,29,0.7431192660550459,66.3211009174312,14,0.8807339449541285,3.0477981651376145,11,0.908256880733945,3.9469724770642194,13,0.8853211009174312,-1.5454545454545454,0.1818181818181818,-1.3333333333333333,-1.0,-0.4848484848484847,0.7090909090909091,-0.6779482571795407,0.1954545454545454,0.934344809231173,0.6095238095238096,-0.3990136054421767,0.5436893203883495,-0.1670750500847588,0.7058823529411765,-0.5039844518867009,0.0561,0.8643816029714859,1.4400000000000002,0,0,2,0.4,0,False,2.0,NEUTRAL,4.502736792003808,26.00859590671109,68.73512517848644,72.76595906711091,70.80906711089958,21.07835792479772,1.8117563065207043,41.491442170395054,-0.0055200694444444,-0.0276219560185185,-0.055047902199074,-0.0115437152777777,-0.1358057612409721,-0.0245176704047797,-0.1267642866865519,-0.0105133425051397,0,0,999.0,0,1,0,0,12.0,0.01695,32.461,2474.0,0.0203193518518518,0.22,0.177,0.094,-0.079,0.027,-5.484,0.07,0.3591142857142857,0.1672285714285714,0.2401523809523809,0.0288,0.303226035961517,0.302137364406121,2.76912248490692,150,0.0049652651061554,-0.0290347348938446,0.0843364374465252,-0.0142660560806834,0.0488045718973467,-0.00109,0.7170885553103499,0.011,0.124497148268398,0.709033333333333,0.0007,0.068,8.0,10.0,77.4,,0.0,0.0,0.0,0.0,0.0,0.0,0.0139879435507684,0.0540257039980183,0.1119863977488275,0.228204972304989,0.2080422011330836,0.0128651183822583,0.0400101242347135,0.0981591495794725,0.228204972304989,0.0114905955819046,0.0660747785828113,0.1397703211838012,3.2516,19.88,0.0,0.3373,0.0,0.6021014284213546,ELEVATED,0.443726530826636,76715.78202502846,0.0105322840658356,0.0124885921534435,0.0128823362988985,0.0034556594849328,False,False,OK,3.3,0.0106,0.0622,0.1243,0.2484,0.6752
R2026554,29420,"Horschel, Billy",0.3345999999999999,-0.2574000000000001,0.8914000000000002,-0.4114374999999999,0.1445,0.23995,281.50625,54.75625,64.25625,67.15,-0.2684656881898067,-0.1952808441558442,0.3122612012987013,-0.1866467977659844,-0.034465909090909,-0.0870107142857142,290.9825,57.642500000000005,64.175,58.78875000000001,0.2736509479974874,0.2357666666666666,-0.2364048013472288,0.7935128860139542,0.0558426756917915,0.95,0.05,22,0,40.0,40.0,0,0,0,0.5,0,0,0,0,40.0,10.0,164.0,5.10594547390058,242.57142857142856,188.0,-0.0800743641001535,-0.1152064800556907,0.5093401265904988,-0.1970789252917975,-0.1302543351603708,-0.0685495338872482,0.141884738686046,-0.1763506477769551,0.2664282338518262,-0.5100272868821292,0.3963963963963964,68,0.927927927927928,9,0.3063063063063063,78,0.5495495495495496,51,303.9,76.92,73.61,1.717,20.0,28.25,63.16,3.0,3.89,5.0,67.0,29.17,302.1256880733945,38,0.6559633027522935,69.48642201834862,41,0.6330275229357798,69.68642201834862,26,0.7660550458715596,28.360091743119263,54,0.5137614678899083,65.01816513761469,64,0.4174311926605504,1.7127614678899084,58,0.4770642201834862,53.42678899082569,104,0.0504587155963302,26.57990825688073,35,0.6834862385321101,4.605504587155964,41,0.6330275229357798,66.3211009174312,69,0.3715596330275229,3.0477981651376145,40,0.6376146788990825,3.9469724770642194,35,0.6834862385321101,-0.2,1.25,0.0,0.4,-0.325,0.2909090909090909,0.6675062882750047,0.0272727272727272,2.002526627412992,0.2142857142857142,0.9343197278911566,0.203883495145631,1.2329249499152413,0.6568627450980392,-0.3441359670382162,0.1807000000000001,0.7528095524249292,0.0,0,0,3,0.6,1,False,0.0,COLD,4.532722513089006,25.687658257972394,70.3645445026178,66.36424083769633,64.82225130890052,21.94474059971442,2.759519276534984,73.37524988100905,-0.0390561688311688,0.0624522402597402,-0.0497009672619047,-0.0017232954545454,-0.0416481300778748,-0.008156759498947,-0.1267642866865519,0.0938781139066291,0,0,43.0,0,0,0,0,13.0,0.01988,33.981,1950.0,0.0232493518518518,0.146,0.037,0.238,-0.15,0.02,-2.095,0.003,0.2851142857142857,0.3112285714285714,0.1001523809523809,0.0218,0.300359332429511,0.243305518802186,2.80525632541593,150,0.0238415304991545,0.0078415304991545,0.0049289328237824,-0.005367308097837,0.101326671165328,-0.05705,0.6582567097064149,0.0111166666666667,0.119097180735931,0.701833333333333,0.0008,0.078,8.0,10.0,77.4,,0.0,0.0,0.0,0.0,0.0,0.0,0.0031817318519283,0.048260266108931,0.0904335760602502,0.1896914289534689,0.1861558808663634,0.0070180011139631,0.0341212587670231,0.0866148442936895,0.1896914289534689,0.0026199067738759,0.0563496030347682,0.1169595239069049,3.9742,19.38,0.0,0.2782,0.0,0.6505674655608726,MEDIUM,0.3714036206273245,64716.092322364886,0.0122808467855093,0.0054687105646846,0.0056411297406474,-0.009099114933581,False,False,OK,3.7,0.011,0.056,0.1163,0.2341,0.6581
R2026554,52689,"Neergaard-Petersen, Rasmus",0.3895999999999999,0.652,0.1318125,0.215,0.7162,1.0353125,287.96875,63.1375,68.40625,58.23333333333333,0.1134543892115018,0.4784663194444444,0.098818125,-0.087414393077548,-0.220773125,0.5168955555555557,296.87797619047615,62.77678571428572,66.93928571428572,58.7301282051282,0.3068258083756308,-0.5219666666666667,0.5489581806606345,-0.0938995842209917,0.1457085181009482,0.95,0.05,16,0,40.0,40.0,0,0,0,0.5,0,0,0,0,40.0,10.0,72.0,4.290459441148391,242.57142857142856,188.0,0.5936727995001351,-0.1152064800556907,0.2958970502917975,-0.1970789252917975,-0.0219358827794184,-0.0685495338872482,-0.0444224772230449,-0.1763506477769551,0.7249786931321291,-0.5100272868821292,0.963963963963964,5,0.7297297297297297,31,0.4864864864864865,58,0.4684684684684684,60,314.6,57.69,68.06,1.776,50.0,29.5,56.52,2.95,4.0,4.0,65.0,22.22,302.1256880733945,12,0.8944954128440367,69.48642201834862,84,0.2385321100917431,69.68642201834862,68,0.3853211009174312,28.360091743119263,23,0.7935779816513762,65.01816513761469,86,0.2155963302752293,1.7127614678899084,85,0.2247706422018348,53.42678899082569,57,0.4862385321100917,26.57990825688073,87,0.2064220183486238,4.605504587155964,79,0.2798165137614679,66.3211009174312,28,0.7477064220183486,3.0477981651376145,28,0.7522935779816514,3.9469724770642194,79,0.2844036697247706,-1.1,-0.5,0.5714285714285714,0.3333333333333333,1.2523809523809524,0.5636363636363636,-0.2324937117249953,0.4363636363636363,0.2525266274129911,0.1380952380952381,1.505748299319728,0.2281553398058252,1.1662582832485744,0.1176470588235294,1.233244985342736,0.1045,0.7726505606604378,0.5120000000000001,0,0,4,0.8,4,False,1.0,NEUTRAL,3.59447881960971,21.40153260352213,70.31580390290338,68.69946692051404,58.55986673012852,20.273907663017614,2.757258448357925,36.60904331270824,0.0956932638888888,0.019763625,-0.0226213541666666,-0.01103865625,0.0889573739629817,0.0290846295045045,-0.1267642866865519,0.2508391402901555,0,0,36.0,0,0,0,0,12.0,-0.00179,35.433,1068.0,0.0015793518518518,0.286,0.179,0.102,-0.021,0.026,1.8,0.026,0.4251142857142856,0.1752285714285714,0.2421523809523809,0.0278,0.297896090287196,0.313328963260572,2.82020095972508,150,0.0,-0.04,0.0311479940144604,0.0045907285089268,0.043800528580294,0.01543,0.728280154164801,0.0120666666666667,0.128791965488215,0.709983333333333,-0.0002,-0.016,8.0,10.0,77.4,,0.0,0.0,0.0,0.0,0.0,0.0,0.0299253150031149,0.0888692979074513,0.1615178539408187,0.3402343932444889,0.2720135201487234,0.021228256169377,0.075862885459076,0.1356534736930814,0.3402343932444889,0.0232987185097904,0.1252838739004109,0.2229886554204464,2.48875,19.88,0.0,0.5,0.0,0.7325977615887469,MEDIUM,0.2577103405875041,104005.31483138372,0.0121622630166079,0.0209166114538066,0.0215760767643478,0.0177630519865069,True,False,OK,3.7,0.0131,0.0642,0.1251,0.2521,0.6704
R2026554,35506,"Hughes, Mackenzie",-0.64765,-0.4056499999999999,-0.6393500000000001,0.31215,0.0854499999999999,-0.7328499999999999,298.665,51.755,63.885000000000005,71.0,-0.1872614850472703,-0.3081663555806936,-0.3924621889140271,0.2487724281192415,0.2737792892156862,-0.4191891779788839,296.1567708333333,54.4171875,65.21614583333333,67.12604166666667,-0.1975322893958289,-0.1489499999999999,-0.3179714661518278,-0.5579866185516156,0.3552738331776361,0.95,0.05,17,0,40.0,40.0,0,0,0,0.5,0,0,0,0,40.0,10.0,162.0,5.093750200806762,242.57142857142856,188.0,-0.1929598755250029,-0.1152064800556907,-0.1953832636222296,-0.1970789252917975,0.349987458095393,-0.0685495338872482,0.4501299369926413,-0.1763506477769551,0.3559916932002119,-0.5100272868821292,0.2612612612612612,83,0.3153153153153153,77,0.9369369369369368,8,0.9009009009009008,12,299.5,78.85,65.28,1.809,42.86,28.0,80.0,2.9,4.03,4.5,64.0,27.78,302.1256880733945,57,0.4862385321100917,69.48642201834862,31,0.7201834862385321,69.68642201834862,85,0.2247706422018348,28.360091743119263,64,0.4174311926605504,65.01816513761469,12,0.8990825688073395,1.7127614678899084,97,0.1192660550458715,53.42678899082569,67,0.3944954128440367,26.57990825688073,45,0.5963302752293578,4.605504587155964,57,0.481651376146789,66.3211009174312,14,0.8807339449541285,3.0477981651376145,17,0.8486238532110092,3.9469724770642194,86,0.2155963302752293,-2.727272727272727,-1.2,-1.3,-2.25,0.1886363636363635,0.9545454545454546,-1.8597664389977224,0.6409090909090909,-0.4474733725870088,0.6,-0.3656802721088434,0.8300970873786407,-1.4170750500847589,0.4705882352941176,0.1695003965981473,0.1036,0.6504784563859299,0.0,0,0,4,0.8,4,False,0.0,COLD,4.004521656354117,23.32144217039505,70.41174012375059,69.90453117563065,62.76217039504999,33.845359352689194,2.236197049024274,45.16824845311757,-0.0616332711161387,-0.0784924377828054,0.0703594810520362,0.0136889644607843,-0.0962983874781322,-0.0218690409456402,-0.1267642866865519,0.0336020947151688,0,0,24.0,0,0,0,0,13.0,-0.01201,37.091,2600.0,-0.0086406481481481,0.335,-0.181,-0.226,0.344,0.398,1.672,-0.046,0.4741142857142857,-0.1527714285714285,-0.117847619047619,0.3998,0.295688398072224,0.212814710981771,2.78931875148042,150,0.0,-0.04,-0.0535470025777353,0.0042566083659909,0.066598936856166,-0.08287,0.6277659018859999,0.0100333333333333,0.11531353956229,0.700233333333333,-0.0034,-0.253,8.0,10.0,77.4,,0.0,0.0,0.0,0.0,0.0,0.0,0.0041992791463278,0.050741919582804,0.0941320795361825,0.1691540753599855,0.1746494977818469,0.0070515416815175,0.0367469808767453,0.0824473370667909,0.1691540753599855,0.0034428377105369,0.0606858556792765,0.1099895918977806,4.4906,20.88,0.0,0.3699,0.0,0.6884752329653322,MEDIUM,0.316563952906668,65262.948913369575,0.0088911041841199,0.0056710723734233,0.0058498716742614,-0.004691825037792,False,False,OK,2.9,0.0109,0.0626,0.1198,0.2332,0.6641
R2026554,28723,"Parry, John",0.7924,0.4851875,0.2128749999999999,0.37325,-0.16,0.9468125,285.78125,64.89375,67.3625,68.49166666666667,0.0963624999999999,-0.0241256944444444,0.170855787037037,0.2065656862745097,-0.3258988425925927,0.3353914351851852,291.65686274509807,62.718137254901954,70.04803921568627,61.39427083333334,0.5650378496935791,0.7840166666666666,0.3072289332707487,0.407195244621599,-0.3514516359512529,0.95,0.05,19,0,40.0,40.0,0,0,0,0.5,0,0,0,0,40.0,10.0,101.0,4.624972813284271,242.57142857142856,188.0,0.0910807856112462,-0.1152064800556907,0.3679347123288345,-0.1970789252917975,0.275115220161758,-0.0685495338872482,-0.1495481948156375,-0.1763506477769551,0.6063897868821291,-0.5100272868821292,0.6036036036036037,45,0.7837837837837838,25,0.8558558558558559,17,0.3693693693693693,71,298.6,76.92,75.0,1.722,66.67,28.75,66.67,2.95,3.86,5.25,65.0,30.56,302.1256880733945,63,0.4266055045871559,69.48642201834862,41,0.6330275229357798,69.68642201834862,18,0.8394495412844036,28.360091743119263,38,0.6605504587155964,65.01816513761469,51,0.5412844036697247,1.7127614678899084,62,0.4357798165137614,53.42678899082569,32,0.7155963302752294,26.57990825688073,27,0.7614678899082569,4.605504587155964,29,0.7431192660550459,66.3211009174312,28,0.7477064220183486,3.0477981651376145,28,0.7522935779816514,3.9469724770642194,21,0.8119266055045872,-1.2727272727272727,-0.8333333333333334,-1.2,0.8,0.853030303030303,0.6181818181818182,-0.4052209844522679,0.5454545454545454,-0.0808067059203422,0.5333333333333333,-0.2656802721088434,0.145631067961165,1.6329249499152412,0.2254901960784313,0.8338943359920868,0.0925,0.8131147247194309,0.0,0,0,4,0.8,1,False,0.0,COLD,4.006901475487863,22.590690147548788,70.1114964302713,70.24346501665873,65.58866254164684,21.522798667301288,2.1055449785816283,75.35619228938602,-0.0048251388888888,0.0341711574074074,0.0516414215686274,-0.0162949421296296,0.0357499367014072,0.0175895418580345,-0.1267642866865519,0.1625142233879592,0,0,22.0,0,0,0,0,16.0,0.01782,32.965,1335.0,0.0211893518518518,0.286,0.019,0.279,0.121,-0.133,-6.519,0.04,0.4251142857142856,0.3522285714285714,0.0821523809523809,-0.1312,0.273210353760912,0.308051790961737,2.71139491463955,150,0.0,-0.04,0.0479160688143537,-0.0169580949157457,0.0445451346002158,0.03484,0.7230029818659659,0.0102166666666667,0.117046086459836,0.719883333333333,0.0006,0.062,8.0,10.0,77.4,,0.0,0.0,0.0,0.0,0.0,0.0,0.0144262637091965,0.0597054026463342,0.140096536406257,0.3180972309539303,0.2600484932372127,0.0129222872691167,0.0454546819623406,0.1158346481679246,0.3180972309539303,0.0121351073438136,0.0750662014592785,0.1855348512295747,0.0,19.38,0.0,0.2,0.0,0.7171015384053098,MEDIUM,0.2840906594209857,84657.39419244655,0.0090893119621194,0.011995991578199,0.0123742048623554,0.0053369517470771,False,False,OK,2.9,0.0095,0.0566,0.1225,0.2442,0.6793
R2026554,39335,"Roy, Kevin",0.3707999999999999,0.0596999999999999,0.2921499999999999,0.3168333333333333,0.5579000000000001,0.69175,286.125,60.925,62.50833333333333,74.49166666666667,-0.2571409482758621,-0.0315798913043478,-0.2653728260869565,-0.0067200447570332,0.1633766304347826,-0.2655016304347826,294.5546875,59.1390625,65.1953125,63.7140625,-0.0747069519394836,1.4975333333333332,0.0338814142032083,0.1380680553374713,0.4795889025156999,0.95,0.05,19,0,40.0,40.0,0,0,0,0.5,0,0,0,0,40.0,10.0,114.0,4.74493212836325,242.57142857142856,188.0,0.0836265887513428,-0.1152064800556907,-0.068293900795159,-0.1970789252917975,0.0618294891302149,-0.0685495338872482,0.3397272782117377,-0.1763506477769551,0.252886338606267,-0.5100272868821292,0.5765765765765766,48,0.3783783783783784,70,0.6216216216216216,43,0.8108108108108109,22,299.0,78.85,76.39,1.709,50.0,28.75,58.82,3.1,3.86,5.0,64.0,30.56,302.1256880733945,60,0.4541284403669725,69.48642201834862,31,0.7201834862385321,69.68642201834862,12,0.8990825688073395,28.360091743119263,38,0.6605504587155964,65.01816513761469,79,0.2798165137614679,1.7127614678899084,51,0.536697247706422,53.42678899082569,57,0.4862385321100917,26.57990825688073,27,0.7614678899082569,4.605504587155964,41,0.6330275229357798,66.3211009174312,14,0.8807339449541285,3.0477981651376145,67,0.3899082568807339,3.9469724770642194,21,0.8119266055045872,-2.1,-0.3636363636363636,-0.5714285714285714,0.1666666666666666,1.0294372294372296,0.8772727272727273,-1.2324937117249952,0.3818181818181818,0.3888902637766275,0.3523809523809524,0.3628911564625852,0.2524271844660194,0.9995916165819078,0.1666666666666666,1.0103012623990133,-0.0998,0.7812312219965496,0.0,0,0,4,0.8,3,False,0.0,COLD,4.7833174678724415,27.04861494526416,68.92126606377916,69.6234269395526,69.6043503093765,40.47954307472633,1.6807472632079965,67.17484531175631,-0.0063159782608695,-0.0530745652173913,-0.0016800111892583,0.0081688315217391,-0.057105610181793,-0.0154768784561415,-0.1267642866865519,0.0696586765047589,0,0,24.0,0,0,0,0,15.0,-0.00452,34.204,2351.0,-0.0011506481481481,0.375,0.178,0.105,0.08,0.013,1.398,0.018,0.5141142857142857,0.1782285714285714,0.2411523809523809,0.0147999999999999,0.272591375348069,0.386452826903849,2.81990092674566,150,-0.0210557098961164,-0.0370557098961164,0.02150379170847,0.0035490624396047,0.0590590408658868,0.11386,0.8014040178080779,0.0142833333333333,0.141721311327561,0.726466666666667,-0.0003,-0.021,8.0,10.0,77.4,,0.0,0.0,0.0,0.0,0.0,0.0,0.0063844349483372,0.0510141977398417,0.1048392168841595,0.2069561763796806,0.1965653246950728,0.010337217987385,0.0367469808767453,0.0978453938898046,0.2069561763796806,0.0053501331980812,0.0606858556792765,0.1271723650885511,1.8386,22.25,0.0,0.5424,0.0,0.6878631044922603,MEDIUM,0.3286812792967711,69426.73321339737,0.0114860676855211,0.0080778441443951,0.0083325248802758,-0.0051016327371838,False,False,OK,3.5,0.0143,0.0745,0.1425,0.2695,0.6866
R2026554,51696,"Hoey, Rico",0.2075,0.1304,-0.0608,0.3244375,-0.3613999999999999,0.4415,296.35,56.28125,63.900000000000006,60.21875,-0.4599754838709678,0.28611925,-0.1285992083333333,-0.2385388333333333,-0.4837707500000001,-0.0427171249999999,299.08333333333337,59.24305555555556,66.2125,58.74351851851853,0.087321779351671,0.0188666666666667,0.1610384255945433,0.0005602645864895,-0.5117230554051709,0.95,0.05,20,0,40.0,40.0,0,0,0,0.5,0,0,0,0,40.0,10.0,111.0,4.718498871295094,242.57142857142856,188.0,0.4013257300556907,-0.1152064800556907,0.0684797169584642,-0.1970789252917975,-0.1699892994460851,-0.0685495338872482,-0.3074201022230449,-0.1763506477769551,0.0500518030111613,-0.5100272868821292,0.8288288288288288,20,0.5045045045045045,56,0.2072072072072072,89,0.2342342342342342,86,305.0,82.69,69.44,1.72,33.33,28.5,59.09,2.9,4.03,6.25,67.0,34.72,302.1256880733945,32,0.7110091743119266,69.48642201834862,18,0.8440366972477065,69.68642201834862,57,0.481651376146789,28.360091743119263,45,0.591743119266055,65.01816513761469,77,0.3027522935779816,1.7127614678899084,60,0.4541284403669725,53.42678899082569,85,0.2293577981651376,26.57990825688073,10,0.9174311926605504,4.605504587155964,4,0.9678899082568808,66.3211009174312,69,0.3715596330275229,3.0477981651376145,17,0.8486238532110092,3.9469724770642194,86,0.2155963302752293,0.2727272727272727,-2.0,-0.8888888888888888,-1.875,-0.5183080808080808,0.1909090909090909,1.1402335610022774,0.8727272727272727,-1.2474733725870089,0.4666666666666667,0.0454308390022677,0.7572815533980582,-1.0420750500847589,0.7254901960784313,-0.537444047846297,0.0085999999999999,0.6587867636800241,0.0,0,0,5,1.0,5,False,0.0,COLD,3.752379819133746,21.93989528795812,70.79672346501665,73.19452165635413,56.08313184198001,28.22521180390291,2.045573536411233,44.31699190861495,0.05722385,-0.0257198416666666,-0.0596347083333333,-0.0241885375,-0.0784333806306306,-0.0068204274774774,-0.1267642866865519,0.0483309060559213,0,0,39.0,0,0,0,0,17.0,0.01552,32.428,2859.0,0.0188893518518518,0.276,0.37,0.18,-0.038,-0.236,5.801,0.009,0.4151142857142857,0.2532285714285714,0.4331523809523809,-0.2342,0.200371745381153,0.413130796287036,2.85155387186912,150,0.0469035225863393,0.0549035225863393,0.0112170625246509,0.0149540071009396,0.0274967447268381,0.21276,0.8280819871912648,0.0147,0.142479758898509,0.723583333333333,0.0019,0.149,8.0,10.0,77.4,,0.0,0.0,0.0,0.0,0.0,0.0,0.0131711228237085,0.0559178928964108,0.1021157309010712,0.1876680547001803,0.1854510300849607,0.0141770040043128,0.0419749828212854,0.0963074158476978,0.1876680547001803,0.0108237321280725,0.0693196471888836,0.1231143778758366,3.3241,22.37,0.0,0.3158,-0.0,0.6997014026569467,MEDIUM,0.3105337104900759,73949.37774430349,0.0133183938887721,0.0132298374503988,0.0136469518038353,-0.0001472710650635,False,False,OK,3.9,0.0175,0.0769,0.1479,0.2799,0.6895
R2026554,37338,"Dou, Zecheng",-0.36025,-0.1164375,-0.1630625,0.6853333333333333,-0.1302500000000001,0.1835,290.6625,50.89375,64.2375,69.64166666666667,-0.1444682416994789,-0.0910392156862745,0.2602401960784313,0.0988171425632691,-0.1819656862745098,0.2863578431372549,295.91822916666666,55.8890625,66.93333333333334,63.48166666666668,-0.1922247991675761,1.3368166666666663,0.3157608216739345,-0.1573118216773569,-0.1533815886309462,0.95,0.05,18,0,40.0,40.0,0,0,0,0.5,0,0,0,0,40.0,10.0,174.0,5.1647859739235145,242.57142857142856,188.0,0.0241672643694161,-0.1152064800556907,0.4573191213702289,-0.1970789252917975,0.2057787005539148,-0.0685495338872482,-0.0056150384975546,-0.1763506477769551,0.4494578424376847,-0.5100272868821292,0.4954954954954955,57,0.8648648648648649,16,0.7657657657657657,27,0.4864864864864865,58,302.9,73.08,68.06,1.571,20.0,25.75,69.57,2.95,3.83,5.75,65.0,34.72,302.1256880733945,43,0.6146788990825688,69.48642201834862,53,0.5229357798165137,69.68642201834862,68,0.3853211009174312,28.360091743119263,106,0.0321100917431192,65.01816513761469,37,0.6697247706422018,1.7127614678899084,5,0.963302752293578,53.42678899082569,104,0.0504587155963302,26.57990825688073,10,0.9174311926605504,4.605504587155964,15,0.8715596330275229,66.3211009174312,28,0.7477064220183486,3.0477981651376145,28,0.7522935779816514,3.9469724770642194,10,0.9128440366972476,-1.6363636363636365,-0.5454545454545454,-1.5,-1.1666666666666667,-0.2424242424242426,0.7545454545454545,-0.7688573480886317,0.4636363636363636,0.2070720819584457,0.6428571428571429,-0.5656802721088434,0.587378640776699,-0.3337417167514256,0.5882352941176471,-0.2615602094624588,-0.035,0.885970904964968,1.0,0,0,2,0.4,2,False,1.5,NEUTRAL,4.462636839600191,24.793783912422654,69.99087958115184,73.95083769633509,63.91413136601618,19.95455497382199,1.984888148500714,49.959852451213706,-0.0182078431372549,0.0520480392156862,0.0343072916666666,-0.0090982843137254,0.0126779403767155,0.0150314106385797,-0.1267642866865519,0.1714453611433616,0,0,7.0,0,0,1,0,11.0,0.00786,35.873,1014.0,0.0112293518518518,0.287,0.061,0.059,0.061,0.105,5.761,-0.033,0.4261142857142856,0.1322285714285714,0.1241523809523809,0.1067999999999999,0.173814758410258,0.239502383263683,2.82801687103896,150,0.0,-0.04,-0.0387736487720359,0.0148508241042732,0.0534529941804602,0.06569,0.6544535741679118,0.0121166666666667,0.117459824018574,0.692166666666667,-0.0012,-0.09,8.0,10.0,77.4,,0.0,0.0,0.0,0.0,0.0,0.0,0.0065825443870141,0.0514313321137861,0.1013278665954651,0.1927130726219069,0.1888139958604597,0.0094413726441907,0.0371014291897473,0.0878891495918736,0.1927130726219069,0.0055488356899032,0.0612712098677131,0.1210175111196194,1.1357,21.81,0.0,0.4884,0.0,0.6315415233213949,ELEVATED,0.3944406809694359,68742.88320576357,0.0103523386752439,0.0078911387891024,0.0081399330215512,-0.0037697942882297,False,False,OK,3.2,0.0108,0.0556,0.1151,0.2376,0.6594
R2026554,59836,"Coody, Pierceson",-0.5992500000000001,-0.2936,-0.8852499999999999,-0.02245,0.6022000000000001,-1.20125,296.9,48.6,58.33,64.1,-0.3135890040106951,0.1890845328282828,-0.2932485164141414,-0.2291345959595959,-0.0209099747474747,-0.3332769886363636,300.79128787878784,55.3340909090909,64.62651515151516,59.68598484848485,-0.4455140477678716,-1.9076666666666664,-0.2932555599151843,-0.7530709749480853,0.3974420596127825,0.95,0.05,22,0,40.0,40.0,0,0,0,0.5,0,0,0,0,40.0,10.0,69.0,4.248495242049359,242.57142857142856,188.0,0.3042910128839735,-0.1152064800556907,-0.0961695911223438,-0.1970789252917975,-0.1605850620723477,-0.0685495338872482,0.1554406730294803,-0.1763506477769551,0.196438282871434,-0.5100272868821292,0.7567567567567568,28,0.3693693693693693,71,0.2162162162162162,88,0.5675675675675675,49,295.6,80.77,75.0,1.685,33.33,28.75,50.0,3.2,3.92,5.0,65.0,27.78,302.1256880733945,85,0.2293577981651376,69.48642201834862,24,0.7889908256880734,69.68642201834862,18,0.8394495412844036,28.360091743119263,38,0.6605504587155964,65.01816513761469,98,0.1055045871559633,1.7127614678899084,38,0.6605504587155964,53.42678899082569,85,0.2293577981651376,26.57990825688073,45,0.5963302752293578,4.605504587155964,41,0.6330275229357798,66.3211009174312,28,0.7477064220183486,3.0477981651376145,96,0.1238532110091743,3.9469724770642194,50,0.5458715596330275,0.1111111111111111,-0.5714285714285714,-1.2857142857142858,-3.1666666666666665,-1.996031746031746,0.2181818181818181,0.9786173993861158,0.4727272727272727,0.1810980559844197,0.5904761904761905,-0.3513945578231292,0.970873786407767,-2.333741716751425,0.9607843137254902,-2.015167713069962,0.0998,0.6298147875897062,0.0,0,0,3,0.6,2,False,0.0,COLD,3.5856734888148503,21.085040456925277,70.13144978581629,63.28208948119944,63.57359352689196,19.47369823893384,2.405283198476916,55.3105568776773,0.0378169065656565,-0.0586497032828282,-0.0572836489898989,-0.0010454987373737,-0.0770578914141414,-0.0176897293884793,-0.1267642866865519,0.0497063952724105,0,0,57.0,0,0,0,0,15.0,-0.00634,35.648,2062.0,-0.0029706481481481,0.294,0.207,-0.02,-0.065,0.171,10.428,-0.03,0.4331142857142857,0.0532285714285714,0.2701523809523809,0.1728,0.155473818119236,0.329828344151284,2.8866171133948,150,0.0251462876080871,0.0211462876080871,-0.0349170362472535,0.0269366499744391,0.0263053879726279,0.17435,0.7447795350555129,0.0137,0.135274868927369,0.7103,0.0003,0.022,8.0,10.0,77.4,,0.0,0.0,0.0,0.0,0.0,0.0,0.0184412392263631,0.0759167093438011,0.1065886889164478,0.1636912281252938,0.1761495872129801,0.0163931570918229,0.062794457299934,0.0975636279772066,0.1636912281252938,0.0148674347966403,0.1037019989735769,0.1309698304061755,4.1023,22.43,0.0,0.3966,0.0,0.6475562766809382,ELEVATED,0.3793338904558025,81362.26001462837,0.0149145265482152,0.0169417302477705,0.0174758742903476,0.0035267126781479,False,False,OK,4.3,0.016,0.0731,0.1399,0.2675,0.6739
R2026554,35658,"Ventura, Kristoffer",-0.8152000000000001,0.548,-1.079125,-0.256125,-0.177125,-0.78725,299.95,57.19,63.33,63.9625,-0.3892142620777958,0.4569996685606061,-0.8827771622474747,-0.1748422556215331,0.3281718118686869,-0.6776108901515152,299.24848484848485,58.46363636363637,62.125757575757575,67.77333333333334,-0.8088256939515411,0.7621,0.4705473614100254,-0.7261902941861944,-0.0854239272739946,0.95,0.05,12,0,40.0,40.0,0,0,0,0.5,0,0,0,0,40.0,10.0,193.0,5.267858159063328,242.57142857142856,188.0,0.5722061486162968,-0.1152064800556907,-0.6856982369556772,-0.1970789252917975,-0.183263313334974,-0.0685495338872482,0.504522459645642,-0.1763506477769551,0.2082983186281609,-0.5100272868821292,0.9369369369369368,8,0.063063063063063,105,0.1981981981981982,90,0.918918918918919,10,303.0,62.5,79.17,1.719,66.67,30.5,33.33,3.06,3.95,3.75,66.0,23.61,302.1256880733945,41,0.6284403669724771,69.48642201834862,74,0.3302752293577982,69.68642201834862,6,0.9541284403669724,28.360091743119263,7,0.9403669724770642,65.01816513761469,109,0.0091743119266055,1.7127614678899084,59,0.4678899082568807,53.42678899082569,32,0.7155963302752294,26.57990825688073,77,0.2981651376146789,4.605504587155964,88,0.2018348623853211,66.3211009174312,47,0.573394495412844,3.0477981651376145,60,0.4587155963302752,3.9469724770642194,64,0.4174311926605504,-1.6923076923076923,-1.75,-1.0,-1.3333333333333333,0.5544871794871797,0.7727272727272727,-0.8248014040326875,0.8363636363636363,-0.9974733725870089,0.4904761904761904,-0.0656802721088434,0.6213592233009708,-0.5004083834180921,0.3235294117647059,0.5353512124489636,-0.1827,0.7875701026998592,0.0,0,0,0,0.0,0,False,0.0,COLD,3.9741789623988577,24.739995240361733,69.39715183246074,78.11410280818657,53.168990956687296,25.322303664921467,1.9444312232270349,55.90364112327463,0.0913999337121212,-0.1765554324494949,-0.0629532118055555,0.0164085905934343,-0.110317081625933,-0.0307265535848348,-0.1267642866865519,0.0283572501045153,0,0,999.0,0,1,0,0,6.0,-0.01064,33.849,1903.0,-0.0072706481481481,0.323,0.461,0.038,-0.131,-0.044,7.437,0.005,0.4621142857142857,0.1112285714285714,0.5241523809523809,-0.0422,0.124861299888133,0.386528259232884,2.84772761732541,150,0.0296903506641696,0.0136903506641696,0.0067372955065008,0.0191267549169722,-0.0049692668751111,0.26167,0.8014794501371129,0.01725,0.145764710798461,0.719383333333333,0.0029,0.203,8.0,10.0,77.4,,0.0,0.0,0.0,0.0,0.0,0.0,0.0032763727681885,0.0439552316394727,0.0772354962078195,0.1194173236227521,0.149542968873401,0.0100002047247949,0.0295471381743797,0.0789250942698522,0.1194173236227521,0.0027281177526568,0.0487956648465991,0.0808964188357596,2.636,19.88,0.0,0.4718,0.0,0.6600200254129647,MEDIUM,0.365421392267193,59831.37955105197,0.0139383410666427,0.005856833396008,0.0060414894270681,-0.0106619682984542,False,False,OK,4.1,0.0151,0.0748,0.1484,0.2755,0.6882
R2026554,34256,"Putnam, Andrew",0.28695,-0.1909,-0.1055,0.2381875,0.4427999999999999,-0.05855,273.65,70.9375,65.98125,72.5375,0.05476421416006,-0.5657219202898551,0.2090067028985507,0.3595808246907368,-0.0237367753623188,-0.0209548913043478,275.37794117647053,68.78823529411764,64.95882352941176,67.69264705882354,-0.0509189625904668,-1.2660833333333334,-0.3181319678071451,-0.1453998083988469,0.4055836382360417,0.95,0.05,19,0,40.0,40.0,0,0,0,0.5,0,0,0,0,40.0,10.0,110.0,4.709530201312334,242.57142857142856,188.0,-0.4505154402341644,-0.1152064800556907,0.4060856281903483,-0.1970789252917975,0.4490877887181661,-0.0685495338872482,0.1526138724146363,-0.1763506477769551,0.5924386374568418,-0.5100272868821292,0.1171171171171171,99,0.8198198198198198,21,0.972972972972973,4,0.5585585585585585,50,286.6,80.77,65.28,1.66,50.0,27.5,60.0,3.1,3.94,5.25,68.0,29.17,302.1256880733945,104,0.055045871559633,69.48642201834862,24,0.7889908256880734,69.68642201834862,85,0.2247706422018348,28.360091743119263,83,0.2431192660550458,65.01816513761469,72,0.3440366972477064,1.7127614678899084,27,0.7568807339449541,53.42678899082569,57,0.4862385321100917,26.57990825688073,35,0.6834862385321101,4.605504587155964,29,0.7431192660550459,66.3211009174312,86,0.2201834862385321,3.0477981651376145,67,0.3899082568807339,3.9469724770642194,58,0.4724770642201835,-0.5714285714285714,-1.25,-1.8333333333333333,0.8333333333333334,0.4107142857142857,0.3636363636363636,0.2960777168464333,0.6727272727272727,-0.4974733725870088,0.7571428571428571,-0.8990136054421767,0.1359223300970873,1.6662582832485744,0.3627450980392157,0.3915783186760695,0.007,0.7065094164663026,0.0,0,0,4,0.8,3,False,0.0,COLD,3.6173250832936703,20.09842455973346,70.11930985245122,67.42059971442171,60.344407425035705,16.020347453593526,2.3642313184198005,31.667053783912426,-0.113144384057971,0.0418013405797101,0.0951345637077294,-0.0011868387681159,-0.0424044323635601,-0.0024494368145319,-0.1267642866865519,0.0884893576814599,0,0,66.0,0,0,0,0,14.0,0.01693,34.543,2357.0,0.0202993518518518,-0.111,-0.689,0.056,0.269,0.253,-22.036,0.068,0.0281142857142857,0.1292285714285714,-0.625847619047619,0.2548,0.110575651331128,-0.14905550583244,2.69053422736604,150,-0.0195815062962789,-0.0475815062962789,0.0819681983396133,-0.0571517086993946,0.0191222649323126,-0.25963,0.2658956850717888,0.0035,0.0623203439153439,0.6356,-0.0006,-0.146,8.0,10.0,77.4,,0.0,0.0,0.0,0.0,0.0,0.0,0.0072600730378585,0.0483713822472833,0.098400036003536,0.1895176471618762,0.1861469566312588,0.0056432105577141,0.0342089502082015,0.0695817932475133,0.1895176471618762,0.005985201877216,0.0564944211944288,0.1169595239069049,3.6973,17.46,0.0,0.3905,0.0,0.6777187150844683,MEDIUM,0.304230407022188,68106.46749862339,0.0039553896140341,0.0056956961302387,0.0058752717763978,0.0033046834238244,False,False,OK,1.6,0.0043,0.0281,0.066,0.1539,0.5978
R2026554,54628,"Hodges, Lee",0.35055,0.22795,0.41535,-0.3926874999999999,-0.38705,0.4507499999999999,288.33125,67.16250000000001,68.05625,56.38125000000001,0.021709397991392,0.056260900297619,0.025911470734127,-0.1822230102879769,0.0748126984126984,-0.0850153521825396,288.1125,64.40892857142856,66.96607142857142,65.36785714285715,0.6357645861638074,0.9752833333333334,0.2890054477251184,0.2439014453156317,-0.0896242478020606,0.95,0.05,16,0,40.0,40.0,0,0,0,0.5,0,0,0,0,40.0,10.0,141.0,4.955827057601261,242.57142857142856,188.0,0.1714673803533097,-0.1152064800556907,0.2229903960259245,-0.1970789252917975,-0.1482697518270374,-0.0685495338872482,0.2511633461896536,-0.1763506477769551,0.6935695889654625,-0.5100272868821292,0.6486486486486487,40,0.6756756756756757,37,0.2432432432432432,85,0.7027027027027027,34,295.4,69.64,72.22,1.769,33.33,30.75,35.0,3.0,4.09,4.0,69.0,22.22,302.1256880733945,87,0.2110091743119266,69.48642201834862,60,0.4587155963302752,69.68642201834862,37,0.6651376146788991,28.360091743119263,4,0.9678899082568808,65.01816513761469,108,0.018348623853211,1.7127614678899084,81,0.2660550458715596,53.42678899082569,85,0.2293577981651376,26.57990825688073,87,0.2064220183486238,4.605504587155964,79,0.2798165137614679,66.3211009174312,96,0.1238532110091743,3.0477981651376145,40,0.6376146788990825,3.9469724770642194,100,0.0871559633027523,-2.272727272727273,-0.0833333333333333,-3.0,-0.75,-0.6969696969696968,0.9,-1.405220984452268,0.2954545454545454,0.6691932940796578,0.9904761904761904,-2.0656802721088434,0.470873786407767,0.0829249499152411,0.8333333333333334,-0.716105664007913,0.1207999999999999,0.8603681382602062,0.4096000000000001,1,0,3,0.6,2,False,3.0,WARM,4.295097572584484,24.1900142789148,70.0403398381723,71.6351546882437,54.875030937648745,25.01931937172775,2.448238933841028,37.75476915754403,0.0112521800595238,0.0051822941468254,-0.0542048214285714,0.0037406349206349,-0.041352921858315,-0.0075283913824538,-0.1267642866865519,0.1114061280368308,0,0,20.0,0,0,0,0,10.0,0.01675,32.815,2179.0,0.0201193518518518,0.169,0.18,0.063,-0.109,0.034,-5.076,0.063,0.3081142857142857,0.1362285714285714,0.2431523809523809,0.0358,0.111677331904064,0.117676414371624,2.77725989269859,150,0.0204588738033473,0.0164588738033473,0.0728772398451297,-0.0136796021848925,-0.118861821141214,0.006,0.5326276052758528,0.009,0.103032224627225,0.6808,0.0018,0.249,8.0,10.0,77.4,,0.0,0.0,0.0,0.0,0.0,0.0,0.0083154946642412,0.0553738838281207,0.1007650284968944,0.1840431008984421,0.1832541047470634,0.0088251006480156,0.0414763542520201,0.083560869774469,0.1840431008984421,0.006845146122065,0.0684961863039338,0.1210175111196194,3.8571,19.91,0.0,0.3761,0.0,0.6797855273437046,MEDIUM,0.3206492466518504,70257.04299546422,0.00898022463467,0.008575321552703,0.0088456869081638,-0.0006647299704288,False,False,OK,2.9,0.0095,0.0468,0.0951,0.2045,0.6402
R2026554,57900,"Phillips, Chandler",1.7658999999999998,0.1349999999999999,-0.0830999999999999,0.43755,1.2767000000000002,0.48945,289.105,65.22,65.57000000000001,76.68,-0.4923232809929741,-0.2139502553104575,-0.7076153390522876,0.1673421620349467,0.1595215992647058,-0.7000972834967321,291.3359375,60.5359375,59.814062500000006,66.7203125,0.7152679909744888,2.8623000000000003,0.085540000095018,-0.2791715167050353,0.5196752781468649,0.95,0.05,17,0,40.0,40.0,0,0,0,0.5,0,0,0,0,40.0,10.0,136.0,4.919980925828125,242.57142857142856,188.0,-0.0987437752547668,-0.1152064800556907,-0.5105364137604901,-0.1970789252917975,0.2900307736748299,-0.0685495338872482,0.3358722470416609,-0.1763506477769551,0.0217672203555185,-0.5100272868821292,0.3603603603603603,72,0.1351351351351351,97,0.8738738738738738,15,0.8018018018018018,23,300.5,82.69,63.89,1.739,62.5,27.5,76.92,3.05,3.89,3.75,65.0,22.22,302.1256880733945,54,0.5137614678899083,69.48642201834862,18,0.8440366972477065,69.68642201834862,92,0.1651376146788991,28.360091743119263,83,0.2431192660550458,65.01816513761469,18,0.8440366972477065,1.7127614678899084,70,0.3669724770642202,53.42678899082569,39,0.6467889908256881,26.57990825688073,87,0.2064220183486238,4.605504587155964,88,0.2018348623853211,66.3211009174312,28,0.7477064220183486,3.0477981651376145,52,0.5275229357798165,3.9469724770642194,35,0.6834862385321101,-0.3333333333333333,-1.5833333333333333,-2.4,0.6666666666666666,0.0916666666666665,0.3272727272727272,0.5341729549416714,0.7727272727272727,-0.8308067059203421,0.861904761904762,-1.465680272108843,0.1553398058252427,1.499591616581908,0.5196078431372549,0.0725306996284503,-0.0437,0.916084663724435,1.3120000000000005,1,0,5,1.0,5,True,4.0,WARM,5.042003807710614,28.63455021418372,68.97092241789623,66.27130414088529,71.41012375059496,41.32984293193717,1.993812470252261,71.25575916230368,-0.0427900510620915,-0.1415230678104575,0.0553703099468954,0.0079760799632352,-0.1707901759418088,-0.0373654600418433,-0.1267642866865519,-0.054130191707283,0,0,53.0,0,0,0,0,11.0,-0.01782,35.247,2404.0,-0.0144506481481481,0.118,-0.124,-0.232,0.257,0.217,-3.987,0.014,0.2571142857142857,-0.1587714285714285,-0.060847619047619,0.2188,0.0769529652630041,0.0798197968507769,2.77644820061424,150,-0.0201633469560367,-0.0361633469560367,0.01714229757194,-0.0103992942568092,0.0789760689598803,0.00287,0.4947709877550058,0.0077166666666666,0.0963051569264069,0.669233333333333,-0.0011,-0.124,8.0,10.0,77.4,,0.0,0.0,0.0,0.0,0.0,0.0,0.0111316984515425,0.0478498145178982,0.0951079319013646,0.1774752791298259,0.1798962921987993,0.0098361009370249,0.033507425615763,0.0771208109393339,0.1774752791298259,0.0092796978507726,0.0553358873732428,0.1108537927171442,2.0291,21.74,0.0,0.4194,-0.0,0.6724425572883382,MEDIUM,0.3261820610166595,69853.5845769727,0.0078771764352379,0.0096949336306757,0.0100005984574833,0.0032545220163046,False,False,OK,2.6,0.0064,0.0452,0.0985,0.2075,0.6323
R2026554,28252,"Power, Seamus",0.27685,-0.52975,0.749125,0.2829166666666666,0.0179374999999999,0.4290625,286.20000000000005,63.63125,65.62499999999999,70.8,-0.3759285426463533,-0.4520863399621211,-0.208362002840909,0.1327177693309459,0.1134618844696969,-0.4931670928030303,290.1016666666667,59.27666666666667,66.35999999999999,68.81071428571428,-0.2936882964444534,2.02255,-0.6948826382888283,0.2895209208271567,-0.1540449541384218,0.95,0.05,17,0,40.0,40.0,0,0,0,0.5,0,0,0,0,40.0,10.0,188.0,5.241747015059643,242.57142857142856,188.0,-0.3368798599064304,-0.1152064800556907,-0.0112830775491115,-0.1970789252917975,0.2474597990387633,-0.0685495338872482,0.2898125322466521,-0.1763506477769551,0.1648755052079211,-0.5100272868821292,0.2072072072072072,89,0.4324324324324324,64,0.8198198198198198,21,0.7387387387387387,30,306.6,78.85,75.0,1.704,100.0,27.5,83.33,2.9,3.78,5.25,65.0,30.56,302.1256880733945,30,0.7339449541284404,69.48642201834862,31,0.7201834862385321,69.68642201834862,18,0.8394495412844036,28.360091743119263,83,0.2431192660550458,65.01816513761469,5,0.963302752293578,1.7127614678899084,44,0.6055045871559633,53.42678899082569,5,0.963302752293578,26.57990825688073,27,0.7614678899082569,4.605504587155964,29,0.7431192660550459,66.3211009174312,28,0.7477064220183486,3.0477981651376145,17,0.8486238532110092,3.9469724770642194,3,0.981651376146789,-2.636363636363636,-1.5,-0.2222222222222222,-2.0,0.9570707070707072,0.9363636363636364,-1.7688573480886314,0.7545454545454545,-0.7474733725870089,0.2857142857142857,0.7120975056689344,0.7815533980582524,-1.1670750500847589,0.196078431372549,0.937934740032491,-0.0673,0.8954204474869768,1.8,0,0,3,0.6,3,False,3.0,WARM,4.249524036173251,24.536320799619237,70.1257563065207,66.24440266539743,64.87617325083293,11.09004283674441,2.042836744407425,49.92964302712994,-0.0904172679924242,-0.0416724005681818,0.0447275662878787,0.0056730942234848,-0.1383578874972144,-0.028787690801597,-0.1267642866865519,-0.0142544272262243,0,0,7.0,0,0,2,0,11.0,0.00268,34.494,2334.0,0.0060493518518518,-0.058,-0.249,-0.153,0.149,0.194,-3.388,0.007,0.0811142857142857,-0.0797714285714285,-0.185847619047619,0.1958,0.0507261619127501,-0.050397441128217,2.80033833338637,150,-0.0030959230401163,0.0049040769598836,0.0092044416055323,-0.0088488810480191,0.0612693649213835,-0.10112,0.3645537497760119,0.0061666666666666,0.0809382166907167,0.648766666666667,-0.0002,-0.031,8.0,10.0,77.4,,0.0,0.0,0.0,0.0,0.0,0.0,0.0041477966722904,0.0393569981624856,0.088543706157935,0.1711150795709044,0.175735192248108,0.0052114035515816,0.0248491968534252,0.0678597071730607,0.1711150795709044,0.0034346527771785,0.0410372427343331,0.1001635322055018,3.2933,21.03,0.0,0.3699,0.0,0.6155353149933682,ELEVATED,0.398706692866617,62463.63905500308,0.0076560797983539,0.0053015477770371,0.0054686965936059,-0.0035082831260635,False,False,OK,2.6,0.0058,0.038,0.0849,0.1797,0.6014
R2026554,60386,"Yellamaraju, Sudarshan",0.1722499999999999,0.3538125,-0.0988124999999999,-0.0400833333333333,0.03,0.1246874999999999,301.8375,67.40625,65.61875,69.46666666666667,0.0922012345486752,0.3191054166666667,-0.0567170833333333,-0.0710246726925159,0.0229922916666666,0.1754260416666666,298.74999999999994,63.13245614035088,64.15219298245616,65.70324074074074,-0.0995818108090127,-0.71875,0.3525487276165796,-0.1276562751706562,-0.1894100034588015,0.95,0.05,21,0,40.0,40.0,0,0,0,0.5,0,0,0,0,40.0,10.0,109.0,4.700480365792417,242.57142857142856,188.0,0.4343118967223573,-0.1152064800556907,0.1403618419584641,-0.1970789252917975,-0.002596299446085,-0.0685495338872482,0.1993429394436217,-0.1763506477769551,0.6317082392630815,-0.5100272868821292,0.8558558558558559,17,0.5495495495495496,51,0.5045045045045045,56,0.6396396396396397,41,317.8,42.86,70.83,1.765,77.78,29.0,57.14,3.13,4.08,4.75,66.0,26.39,302.1256880733945,8,0.9357798165137616,69.48642201834862,104,0.0504587155963302,69.68642201834862,48,0.5688073394495413,28.360091743119263,32,0.7110091743119266,65.01816513761469,84,0.2385321100917431,1.7127614678899084,79,0.2844036697247706,53.42678899082569,19,0.8348623853211009,26.57990825688073,54,0.5091743119266054,4.605504587155964,49,0.555045871559633,66.3211009174312,47,0.573394495412844,3.0477981651376145,75,0.3165137614678899,3.9469724770642194,97,0.1192660550458715,0.3636363636363636,-1.0,-1.625,-1.5,-1.244318181818182,0.1636363636363636,1.2311426519113684,0.5954545454545455,-0.2474733725870088,0.6857142857142857,-0.6906802721088434,0.6407766990291263,-0.6670750500847589,0.9117647058823528,-1.2634541488563982,-0.118,0.8016649341630621,0.0,0,0,4,0.8,2,False,0.0,COLD,3.9292003807710616,22.26523560209424,70.20707187053785,69.6077010947168,65.18597810566398,27.036796763445977,2.2680866254164687,43.31270823417421,0.0638210833333333,-0.0113434166666666,-0.0177864583333333,0.0011496145833333,0.0651910296092822,0.0134929296171171,-0.1267642866865519,0.2013517303802456,0,0,30.0,0,0,0,0,14.0,0.01356,32.082,1175.0,0.0169293518518518,0.047,0.115,0.016,-0.015,-0.069,5.967,-0.004,0.1861142857142857,0.0892285714285714,0.1781523809523809,-0.0672,0.0282536861594814,-0.075749145027952,2.86695337858707,150,0.0,-0.04,-0.0059227869968592,0.015011968864698,-0.201273506931548,-0.104,0.3392020458762769,0.00715,0.0870552657527658,0.647216666666667,-0.0002,-0.027,8.0,10.0,77.4,,0.0,0.0,0.0,0.0,0.0,0.0,0.0142114532035576,0.0582536942148817,0.1166552379150457,0.2405632041356547,0.2135057420160648,0.0113038179172158,0.0452987648455312,0.0914432049382046,0.2405632041356547,0.0118895841876048,0.0748087119071337,0.1501516629200978,3.9062,19.54,0.0,0.3125,-0.0245435902855643,0.6976760695149571,MEDIUM,0.28069847212149,78575.76578161844,0.007741060774425,0.0111509791395768,0.0115025506136351,0.0064703924291325,False,False,OK,2.6,0.0081,0.044,0.0902,0.1782,0.597
R2026554,35296,"Li, Haotong",-0.5362500000000001,0.1948999999999999,0.4249,-0.93265,-0.2231,-0.3128499999999999,306.91,47.515,69.16,55.225,-0.5670402470481621,0.3257124999999999,0.0980916666666666,-0.3894408755142789,-0.3316166666666666,-0.1213416666666667,302.59583333333336,56.49861111111111,68.85787037037036,57.84814814814815,-0.7287613577360573,-0.6142833333333334,0.2089294922410218,0.1277718119322149,-0.0909674348636418,0.95,0.05,19,0,40.0,40.0,0,0,0,0.5,0,0,0,0,40.0,10.0,115.0,4.7535901911063645,242.57142857142856,188.0,0.4409189800556906,-0.1152064800556907,0.2951705919584642,-0.1970789252917975,-0.4765712994460852,-0.0685495338872482,-0.1552660188897114,-0.1763506477769551,-0.0846727131178707,-0.5100272868821292,0.8648648648648649,16,0.7207207207207207,32,0.054054054054054,106,0.3603603603603603,72,305.0,78.85,65.28,1.511,33.33,25.0,68.0,3.05,3.86,5.75,61.0,36.11,302.1256880733945,32,0.7110091743119266,69.48642201834862,31,0.7201834862385321,69.68642201834862,85,0.2247706422018348,28.360091743119263,109,0.0091743119266055,65.01816513761469,46,0.5825688073394495,1.7127614678899084,2,0.9908256880733946,53.42678899082569,85,0.2293577981651376,26.57990825688073,3,0.9770642201834864,4.605504587155964,15,0.8715596330275229,66.3211009174312,1,0.9954128440366972,3.0477981651376145,52,0.5275229357798165,3.9469724770642194,21,0.8119266055045872,-1.875,-0.7777777777777778,-2.6666666666666665,-0.5,-0.2569444444444444,0.8090909090909091,-1.0074937117249951,0.5363636363636364,-0.0252511503647866,0.938095238095238,-1.73234693877551,0.3689320388349514,0.3329249499152411,0.6176470588235294,-0.2760804114826606,-0.1694,0.641318087136866,1.0,0,0,2,0.4,1,False,1.5,NEUTRAL,4.055687767729653,22.95542122798668,70.63495763921944,71.02007615421228,46.31508805330796,25.71020942408377,3.012018086625417,40.00475963826749,0.0651424999999999,0.0196183333333333,-0.1362802083333333,-0.0165808333333333,-0.0779210911584478,-0.0094084740990991,-0.1267642866865519,0.0725393992991645,0,0,10.0,0,0,1,0,8.0,0.00659,32.931,1134.0,0.0099593518518518,-0.019,0.21,0.049,-0.239,-0.039,5.499,-0.025,0.1201142857142857,0.1222285714285714,0.2731523809523809,-0.0372,0.0205468013861302,-0.0167663399663217,2.89092568762916,150,0.0,-0.04,-0.0293669757191769,0.0141723116061334,0.0443365518788039,-0.03731,0.3981848509379072,0.0083166666666666,0.0905192893217893,0.64665,0.0004,0.05,8.0,10.0,77.4,,0.0,0.0,0.0,0.0,0.0,0.0,0.0129364431582367,0.0520250487289928,0.0966209590064186,0.1744353452069698,0.1783849732133121,0.0111181080895221,0.0377819615575134,0.076459100892848,0.1744353452069698,0.0107785367832304,0.0623950760485525,0.1133224711205604,1.7857,15.93,0.0,0.5,0.0,0.5602765604026892,ELEVATED,0.4767406279961581,71958.27915274492,0.012452269728644,0.0127405833852833,0.013142272387214,0.0004841734295927,False,False,OK,3.7,0.008,0.0459,0.0935,0.189,0.6096
R2026554,36799,"Jaeger, Stephan",-0.50315,-0.8251999999999999,-0.1977,0.55665,-0.0369,-0.4661500000000002,298.17,46.735,60.845000000000006,71.58500000000001,-0.3520219138454153,-0.5158289498491705,-0.2378428544494721,0.1938453316585001,0.1489448623680241,-0.5171095871040725,299.08124999999995,49.62552083333333,65.42291666666667,66.67031250000001,-0.3812551414189836,2.046183333333333,-0.6343741007211396,0.0081150108740376,-0.2811530081983454,0.95,0.05,17,0,40.0,40.0,0,0,0,0.5,0,0,0,0,40.0,10.0,125.0,4.836281906951478,242.57142857142856,188.0,-0.4006224697934798,-0.1152064800556907,-0.0407639291576745,-0.1970789252917975,0.305110308774126,-0.0685495338872482,0.3252955101449792,-0.1763506477769551,0.1837271779496672,-0.5100272868821292,0.1351351351351351,97,0.4144144144144144,66,0.8828828828828829,14,0.7837837837837838,25,304.3,73.08,61.11,1.727,50.0,27.25,75.0,3.15,4.0,4.0,67.0,23.61,302.1256880733945,34,0.6926605504587156,69.48642201834862,53,0.5229357798165137,69.68642201834862,103,0.0642201834862385,28.360091743119263,91,0.1697247706422018,65.01816513761469,21,0.8119266055045872,1.7127614678899084,66,0.3990825688073394,53.42678899082569,57,0.4862385321100917,26.57990825688073,77,0.2981651376146789,4.605504587155964,79,0.2798165137614679,66.3211009174312,69,0.3715596330275229,3.0477981651376145,83,0.2477064220183486,3.9469724770642194,79,0.2844036697247706,-2.090909090909091,-2.3,-3.625,-1.0,-0.1170454545454546,0.8636363636363636,-1.223402802634086,0.8954545454545455,-1.547473372587009,1.0,-2.6906802721088434,0.5436893203883495,-0.1670750500847588,0.5588235294117647,-0.1361814215836708,0.1292,0.8597221773469742,0.6400000000000001,0,0,4,0.8,1,False,1.0,NEUTRAL,3.8443598286530234,22.11007139457401,69.19046644455021,68.71237029985721,68.58102808186578,13.688891004283676,1.94728700618753,64.17479771537363,-0.1031657899698341,-0.0475685708898944,0.0591401937217194,0.0074472431184012,-0.1466461196838324,-0.0307224320630019,-0.1267642866865519,-0.023118410461954,0,0,57.0,0,0,0,0,12.0,0.00951,34.579,2648.0,0.0128793518518518,0.083,-0.387,0.004,0.229,0.238,5.571,-0.086,0.2221142857142857,0.0772285714285714,-0.323847619047619,0.2397999999999999,-0.0173779165496731,0.0594191251652687,2.8816328506047,150,0.0651890664136448,0.0731890664136448,-0.101320822570332,0.0143571714631807,0.0422629677997862,0.0768,0.4743703160694976,0.0093833333333333,0.101101031144781,0.6609,0.0002,0.022,8.0,10.0,77.4,,0.0,0.0,0.0,0.0,0.0,0.0,0.0072399393731422,0.0501978698788663,0.0967410651145136,0.1794302866449648,0.1806696463414692,0.0084347892589006,0.0360664485089792,0.0799490968549295,0.1794302866449648,0.005985201877216,0.059561989498437,0.1140475791104951,3.3801,20.11,0.0,0.3404,0.0,0.6604171928590645,MEDIUM,0.3397897244870506,67904.01514084717,0.0113460560487279,0.0086671067323979,0.0089403659190208,-0.0041061166755856,False,False,OK,3.5,0.0099,0.0536,0.1061,0.2054,0.6283
R2026554,51950,"McGreevy, Max",-0.4103,0.2109,0.2307999999999999,0.0897499999999999,-0.9415,0.53135,288.255,66.22999999999999,61.67,58.870000000000005,-0.05195266613124,0.1743188749999999,0.331000625,0.0483165044224518,-0.550188375,0.5726493333333333,289.2105263157894,66.43552631578947,68.68903508771932,58.15745614035088,-0.1952237592727757,-0.8876166666666667,0.1424166562831572,0.274084761190408,-0.7523801421349661,0.95,0.05,20,0,40.0,40.0,0,0,0,0.5,0,0,0,0,40.0,10.0,131.0,4.882801922586371,242.57142857142856,188.0,0.2895253550556906,-0.1152064800556907,0.5280795502917975,-0.1970789252917975,0.1358907422205815,-0.0685495338872482,-0.3738377272230448,-0.1763506477769551,0.5326449078498712,-0.5100272868821292,0.7387387387387387,30,0.9369369369369368,8,0.7207207207207207,32,0.1621621621621621,94,300.6,87.5,77.78,1.714,33.33,28.75,81.25,2.94,3.9,4.25,65.0,25.0,302.1256880733945,53,0.5229357798165137,69.48642201834862,9,0.926605504587156,69.68642201834862,8,0.9311926605504588,28.360091743119263,38,0.6605504587155964,65.01816513761469,7,0.9403669724770642,1.7127614678899084,57,0.4862385321100917,53.42678899082569,85,0.2293577981651376,26.57990825688073,65,0.4128440366972477,4.605504587155964,69,0.3715596330275229,66.3211009174312,28,0.7477064220183486,3.0477981651376145,22,0.8073394495412844,3.9469724770642194,43,0.6100917431192661,-2.0,0.0,-0.5,0.5,1.0,0.8409090909090909,-1.1324937117249951,0.25,0.7525266274129911,0.3428571428571428,0.4343197278911566,0.1844660194174757,1.3329249499152411,0.1764705882352941,0.9808640329617838,0.0571,0.4897731901378205,0.0,0,0,0,0.0,0,False,0.0,COLD,3.789267015706807,21.73157544026654,69.85565397429795,72.89634459781057,61.15890052356021,28.92590195145169,2.252260828177058,33.77708234174203,0.034863775,0.066200125,0.0168353020833333,-0.0275094187499999,0.0451671918233421,0.0288331826013513,-0.1267642866865519,0.1999203238487141,0,0,999.0,0,1,0,0,12.0,0.00474,33.205,2358.0,0.0081093518518518,-0.047,0.004,0.128,0.028,-0.207,-6.199,0.053,0.0921142857142857,0.2012285714285714,0.0671523809523809,-0.2052,-0.0408789926533433,0.0743613951506495,2.79483084620432,150,0.0434533383599547,0.0514533383599547,0.0627620367422493,-0.0161954594807622,-0.043594338553305,0.11524,0.4893125860548784,0.0073166666666666,0.0935380086580087,0.67115,0.0016,0.282,8.0,10.0,77.4,,0.0,0.0,0.0,0.0,0.0,0.0,0.0071559303144344,0.0468474483605131,0.1011484508350072,0.2018865240584025,0.1935480116555537,0.007454178043753,0.0324724449349949,0.0807126049837041,0.2018865240584025,0.005985201877216,0.0536266670039667,0.1210175111196194,2.0032,19.84,0.0,0.6277,0.0,0.670147758981288,MEDIUM,0.3302817728838743,68530.93397119857,0.0082821144386939,0.0075869068489364,0.0078261091639113,-0.0011261841242594,False,False,OK,2.7,0.0082,0.0475,0.1028,0.2114,0.6413
R2026554,63121,"Mouw, William",0.3763999999999999,0.345,0.5239,0.19555,-0.6879,1.0645,299.66,59.65,70.27,64.64000000000001,-0.3642687509587382,0.2212046527777778,0.0110334722222221,-0.3014770009552493,-0.3914731944444444,-0.1226574305555556,296.0882352941176,63.71764705882353,66.09117647058825,62.063235294117646,0.1105466530735275,-0.6838833333333334,0.300097880131459,0.4536954781593514,-0.7086328377700013,0.95,0.05,18,0,40.0,40.0,0,0,0,0.5,0,0,0,0,40.0,10.0,145.0,4.983606621708336,242.57142857142856,188.0,0.3364111328334684,-0.1152064800556907,0.2081123975140197,-0.1970789252917975,-0.2863862300016407,-0.0685495338872482,-0.2151225466674893,-0.1763506477769551,0.1792113146599069,-0.5100272868821292,0.7747747747747747,26,0.6486486486486487,40,0.1081081081081081,100,0.3243243243243243,76,296.8,84.62,75.0,1.722,50.0,29.25,55.56,3.2,3.86,5.0,67.0,27.78,302.1256880733945,74,0.3302752293577982,69.48642201834862,14,0.8807339449541285,69.68642201834862,18,0.8394495412844036,28.360091743119263,28,0.7522935779816514,65.01816513761469,89,0.1926605504587156,1.7127614678899084,62,0.4357798165137614,53.42678899082569,57,0.4862385321100917,26.57990825688073,45,0.5963302752293578,4.605504587155964,41,0.6330275229357798,66.3211009174312,69,0.3715596330275229,3.0477981651376145,96,0.1238532110091743,3.9469724770642194,21,0.8119266055045872,0.3636363636363636,-0.6666666666666666,0.2,1.8,1.1515151515151514,0.1636363636363636,1.2311426519113684,0.509090909090909,0.0858599607463245,0.1619047619047619,1.1343197278911563,0.029126213592233,2.632924949915241,0.1470588235294117,1.132379184476935,-0.2992,0.6175309259012413,0.0,0,0,2,0.4,1,False,0.0,COLD,3.967158495954308,22.03930509281295,69.64081294621609,73.87135173726797,55.01013802950976,25.8359590671109,2.3902903379343168,52.76712517848644,0.0442409305555555,0.0022066944444444,-0.0887339409722222,-0.0195736597222222,-0.0847389550113195,-0.009813224756006,-0.1267642866865519,0.05167048976463,0,0,62.0,0,0,0,0,11.0,0.00471,34.906,1949.0,0.0080793518518518,0.051,0.1,0.244,-0.121,-0.172,3.429,-0.001,0.1901142857142857,0.3172285714285714,0.1631523809523809,-0.1702,-0.0435749410813867,0.0612287659118078,2.85217177990916,150,-0.0273175920900188,-0.0553175920900188,-0.0003342415049958,0.0088090350727109,-0.0229258866100069,0.1048,0.4761799568160367,0.0088333333333333,0.0975592562530063,0.6657,0.0012,0.157,8.0,10.0,77.4,,0.0,0.0,0.0,0.0,0.0,0.0,0.0067975111511276,0.0508644909697087,0.0943145708488447,0.1691540753599855,0.1748351829070748,0.0078834661168996,0.0367469808767453,0.0771210520740058,0.1691540753599855,0.0055488356899032,0.0606858556792765,0.1099895918977806,4.4118,23.22,0.0,0.5,0.0043085208391876,0.5886438213570266,ELEVATED,0.4443802552042475,67079.90253247277,0.0082672610302689,0.0073513925751799,0.007583169524243,-0.0014697498791413,False,False,OK,2.7,0.0085,0.0485,0.0997,0.2014,0.6289
R2026554,57123,"Fisk, Steven",-0.40385,0.20595,-0.52535,-0.2248749999999998,-0.0345499999999999,-0.3917999999999999,293.3375,60.53125,57.306250000000006,62.712500000000006,-0.3328110760616188,-0.1299465909090909,-0.2436954545454545,-0.0778802308770159,-0.0192124368686869,-0.4202771464646463,295.16764705882355,59.36029411764705,63.73382352941176,65.74999999999999,-0.3743721398544422,0.51915,0.2508576122605873,-0.5932416964323242,-0.1275823129046802,0.95,0.05,18,0,40.0,40.0,0,0,0,0.5,0,0,0,0,40.0,10.0,83.0,4.430816798843313,242.57142857142856,188.0,-0.0147401108534002,-0.1152064800556907,-0.0466165292536569,-0.1970789252917975,-0.0114721684300423,-0.0685495338872482,0.1571382109082682,-0.1763506477769551,0.2178887837957094,-0.5100272868821292,0.4774774774774775,59,0.4054054054054054,67,0.4954954954954955,57,0.5765765765765766,48,308.8,76.92,80.56,1.741,66.67,29.25,78.57,2.85,3.81,4.75,66.0,26.39,302.1256880733945,22,0.8073394495412844,69.48642201834862,41,0.6330275229357798,69.68642201834862,3,0.9770642201834864,28.360091743119263,28,0.7522935779816514,65.01816513761469,16,0.8577981651376146,1.7127614678899084,71,0.3577981651376147,53.42678899082569,32,0.7155963302752294,26.57990825688073,54,0.5091743119266054,4.605504587155964,49,0.555045871559633,66.3211009174312,47,0.573394495412844,3.0477981651376145,6,0.9541284403669724,3.9469724770642194,6,0.9541284403669724,-0.8181818181818182,-2.7,-1.75,-1.6666666666666667,0.0507575757575757,0.4454545454545454,0.0493244700931865,0.9818181818181818,-1.947473372587009,0.7333333333333333,-0.8156802721088434,0.6893203883495146,-0.8337417167514256,0.5294117647058824,0.0316216087193595,-0.0298,0.7640535176136406,0.0,0,0,2,0.4,1,False,0.0,COLD,3.5856734888148503,19.920842455973347,69.93546120894811,70.79561161351738,74.8362684435983,28.46461684911947,1.4621608757734412,44.33721085197525,-0.0259893181818181,-0.0487390909090909,-0.0200054255793226,-0.0009606218434343,-0.1298748464100712,-0.0266236564472226,-0.1267642866865519,-0.003824458676458,0,0,22.0,0,0,0,0,11.0,-0.00465,35.049,2209.0,-0.0012806481481481,0.146,0.23,-0.142,0.036,0.022,7.062,-0.006,0.2851142857142857,-0.0687714285714285,0.2931523809523809,0.0237999999999999,-0.0465037513152425,0.137219109542419,2.83297671286721,150,-0.0207422013342817,-0.0487422013342817,-0.0069372164576659,0.0182176082561506,0.0028433576046334,0.18372,0.5521703004466478,0.0095833333333333,0.107366756854257,0.6833,-0.0002,-0.02,8.0,10.0,77.4,,0.0,0.0,0.0,0.0,0.0,0.0,0.0084651390854248,0.0741380713166781,0.1034078745483787,0.1545661924347545,0.1732664012256722,0.0092366466640446,0.0605662946227339,0.0865133962500381,0.1545661924347545,0.007047674622361,0.1000222964393181,0.1248149764372437,2.2857,21.56,0.0,0.4,0.0014537953751859,0.5982931680307221,ELEVATED,0.4381383313846827,73739.34967050362,0.008764484964759,0.0085836413894626,0.0088542690552763,-0.0002993458793342,False,False,OK,2.9,0.0103,0.0538,0.1105,0.2242,0.6438
R2026554,63807,"Shipley, Neal",-0.3501499999999999,0.6728125,-0.1056874999999999,-0.6477499999999999,-0.4480625,0.3138125,294.725,66.7875,65.975,63.01666666666667,-0.796440861245693,0.5468036764705883,-0.3519018382352941,-0.4713799310698345,-0.605704044117647,-0.3819680147058823,299.60624999999993,65.6125,65.3625,56.50666666666667,-0.2226130232183445,0.2742333333333334,0.5626310108313275,-0.0555896409376225,-0.4561346940966621,0.95,0.05,18,0,40.0,40.0,0,0,0,0.5,0,0,0,0,40.0,10.0,166.0,5.117993812416755,242.57142857142856,188.0,0.6620101565262789,-0.1152064800556907,-0.1548229129434965,-0.1970789252917975,-0.5982629661127519,-0.0685495338872482,-0.4293533963406918,-0.1763506477769551,-0.4253666945993523,-0.5100272868821292,0.981981981981982,3,0.3333333333333333,75,0.027027027027027,109,0.1531531531531531,95,304.3,88.46,72.22,1.673,63.64,26.75,95.0,2.8,3.89,5.25,62.0,31.94,302.1256880733945,34,0.6926605504587156,69.48642201834862,6,0.9495412844036696,69.68642201834862,37,0.6651376146788991,28.360091743119263,98,0.110091743119266,65.01816513761469,1,1.0,1.7127614678899084,34,0.6972477064220184,53.42678899082569,38,0.6605504587155964,26.57990825688073,20,0.8256880733944955,4.605504587155964,29,0.7431192660550459,66.3211009174312,4,0.9678899082568808,3.0477981651376145,3,0.9770642201834864,3.9469724770642194,35,0.6834862385321101,0.6666666666666666,-0.9230769230769232,0.6666666666666666,-1.0,-0.0384615384615384,0.1272727272727272,1.5341729549416714,0.5545454545454546,-0.1705502956639319,0.119047619047619,1.600986394557823,0.5436893203883495,-0.1670750500847588,0.5490196078431373,-0.0575975054997546,0.212,0.6904185526025338,1.0,1,0,3,0.6,2,False,3.5,WARM,3.4427653498334125,19.53801047120419,70.3773860066635,70.83472632079962,63.44240361732509,23.776444550214187,2.214778676820562,40.28422655878154,0.1093607352941176,-0.0703803676470588,-0.166703125,-0.0302852022058823,-0.1613887686005958,-0.0290138970588235,-0.1267642866865519,-0.0514224978921443,0,0,3.0,1,0,1,0,8.0,-0.01229,33.464,1083.0,-0.0089206481481481,0.122,0.581,-0.103,-0.196,-0.16,5.135,0.041,0.2611142857142857,-0.0297714285714285,0.6441523809523809,-0.1582,-0.0872671171665372,0.244187778130213,2.86293818366111,150,0.0,-0.04,0.0493478455642749,0.0133270368874198,0.109353854026274,0.33145,0.6591389690344419,0.0124166666666667,0.124057255892256,0.694816666666667,0.0006,0.051,8.0,10.0,77.4,,0.0,0.0,0.0,0.0,0.0,0.0,0.0066616650088343,0.0516456432966775,0.0921178312267917,0.1585805157312374,0.1694378546205272,0.0095837194334863,0.0373844021249914,0.0832292405816641,0.1585805157312374,0.0055488356899032,0.061738525938303,0.1057576122078187,2.2676,20.16,0.0,0.4762,0.0021005140451172,0.5705648719377961,ELEVATED,0.4826858972317198,66541.6806874851,0.0129877229274412,0.008705192349587,0.0089796523111739,-0.0063260579186069,False,False,OK,3.8,0.0137,0.0635,0.1247,0.2462,0.6601
R2026554,54576,"Fishburn, Patrick",-0.91335,0.7375624999999999,-0.409625,-0.4604166666666667,0.556,-0.0073749999999999,293.20625,59.925,66.325,59.16666666666666,-0.5379791287365161,0.2314170476190476,-0.4084836071428571,-0.1776768379495513,0.0236193928571428,-0.3632759285714285,297.80961538461537,55.09038461538462,68.16730769230769,60.12916666666666,-0.4626752400283211,-0.2066833333333333,0.5785192197772266,-0.3066793109008014,0.1861846010661968,0.95,0.05,15,0,40.0,40.0,0,0,0,0.5,0,0,0,0,40.0,10.0,254.0,5.541263545158426,242.57142857142856,188.0,0.3466235276747383,-0.1152064800556907,-0.2114046818510596,-0.1970789252917975,-0.1341729148307005,-0.0685495338872482,0.199970040634098,-0.1763506477769551,-0.0343670186734265,-0.5100272868821292,0.8018018018018018,23,0.2972972972972973,79,0.2702702702702703,82,0.6486486486486487,40,307.1,46.43,72.22,1.75,0.0,29.75,60.0,3.0,3.86,4.25,67.0,23.61,302.1256880733945,27,0.7568807339449541,69.48642201834862,103,0.0642201834862385,69.68642201834862,37,0.6651376146788991,28.360091743119263,20,0.8256880733944955,65.01816513761469,72,0.3440366972477064,1.7127614678899084,74,0.3302752293577982,53.42678899082569,108,0.018348623853211,26.57990825688073,77,0.2981651376146789,4.605504587155964,69,0.3715596330275229,66.3211009174312,69,0.3715596330275229,3.0477981651376145,40,0.6376146788990825,3.9469724770642194,21,0.8119266055045872,-2.0,-0.4615384615384615,-0.6,-1.6,0.1307692307692307,0.8409090909090909,-1.1324937117249951,0.4045454545454545,0.2909881658745296,0.3714285714285714,0.3343197278911566,0.6650485436893204,-0.767075050084759,0.5098039215686274,0.1116332637310145,-0.0682,0.6123633634443596,0.0,0,0,3,0.6,0,False,0.0,COLD,3.899214659685864,22.522822465492624,70.04380104712043,73.2347739171823,65.2703093764874,27.278676820561635,1.8576868158019992,41.86197049024275,0.0462834095238095,-0.0816967214285714,-0.0506806121794872,0.0011809696428571,-0.0894023598429093,-0.0192055673448173,-0.1267642866865519,0.0459367952995605,0,0,999.0,0,1,0,0,11.0,-0.00664,35.851,2334.0,-0.0032706481481481,-0.0,0.18,-0.116,-0.056,-0.009,3.709,-0.008,0.1391142857142857,-0.0427714285714285,0.2431523809523809,-0.0072,-0.0917459041996463,-0.0262469540681158,2.85734813145882,150,-0.0257162492856552,-0.0417162492856551,-0.0093575892882381,0.0094690609904622,0.02383900079077,0.0655,0.3887042368361131,0.0079166666666666,0.0915389862914863,0.648883333333333,0.0005,0.068,8.0,10.0,77.4,,0.0,0.0,0.0,0.0,0.0,0.0,0.0054039828235241,0.0442148025631988,0.0826239220570723,0.1402517234085356,0.1579815795182731,0.0066291637371008,0.0300742738074267,0.0669841666147504,0.1402517234085356,0.0043174481981557,0.0496662037640082,0.0908414399660661,6.9896,16.94,0.0,0.5192,0.0053076747515881,0.588985421483409,ELEVATED,0.4366851121665582,62435.42547347635,0.006455145202416,0.005802304460286,0.0059852412864162,-0.0010511623788918,False,False,OK,2.3,0.0072,0.0443,0.09,0.1886,0.6082
R2026554,35532,"Hoge, Tom",-0.99075,-0.5923499999999999,0.4277500000000001,-0.06245,-0.76345,-0.2269999999999999,290.24,60.71500000000001,66.935,59.625,-0.5700384012539186,-0.4967448051948052,0.3558889204545454,-0.2844649891774891,-0.2400690882034632,-0.4253222132034631,288.6638888888889,57.88412698412698,64.66150793650795,61.22738095238096,-1.1308139721209185,-2.0172,-0.5149036499302823,0.4792888486287003,-0.9451159847290652,0.95,0.05,22,0,40.0,40.0,0,0,0,0.5,0,0,0,0,40.0,10.0,139.0,4.941642422609304,242.57142857142856,188.0,-0.3815383251391145,-0.1152064800556907,0.552967845746343,-0.1970789252917975,-0.2159154552902408,-0.0685495338872482,-0.0637184404265081,-0.1763506477769551,-0.0600111143717894,-0.5100272868821292,0.1441441441441441,96,0.954954954954955,6,0.1711711711711711,93,0.4324324324324324,64,300.3,57.14,63.89,1.696,25.0,28.25,46.15,3.31,3.98,4.25,69.0,23.61,302.1256880733945,55,0.5045871559633027,69.48642201834862,86,0.2155963302752293,69.68642201834862,92,0.1651376146788991,28.360091743119263,54,0.5137614678899083,65.01816513761469,104,0.055045871559633,1.7127614678899084,43,0.6146788990825688,53.42678899082569,99,0.1009174311926605,26.57990825688073,77,0.2981651376146789,4.605504587155964,69,0.3715596330275229,66.3211009174312,96,0.1238532110091743,3.0477981651376145,108,0.018348623853211,3.9469724770642194,75,0.3211009174311927,-0.9090909090909092,-1.6363636363636365,1.0,0.3333333333333333,1.9393939393939397,0.4863636363636364,-0.0415846208159043,0.8,-0.8838370089506453,0.0857142857142857,1.9343197278911568,0.2281553398058252,1.1662582832485744,0.0294117647058823,1.9202579723557232,-0.0404999999999999,0.563086731034098,0.0,0,0,1,0.2,0,False,0.0,COLD,4.146834840552118,23.783069966682536,70.4344659685864,65.14520704426464,60.23603046168492,29.2530890052356,2.250356972870062,63.995668729176586,-0.099348961038961,0.0711777840909091,-0.0711162472943722,-0.0120034544101731,-0.1730445375570375,-0.0322290984775359,-0.1267642866865519,-0.0462802508704855,0,0,999.0,0,1,0,0,15.0,0.0259,32.155,2885.0,0.0292693518518518,-0.287,-0.335,0.245,-0.072,-0.126,-7.383,-0.002,-0.1478857142857142,0.3182285714285714,-0.271847619047619,-0.1242,-0.101430794507815,-0.286800744285286,2.83886195776486,150,0.0139147934694177,-0.0020852065305823,-0.0023298678404343,-0.0192612350340612,0.0360214119490452,-0.18537,0.1281504466189428,0.0041,0.0619436453823954,0.608966666666667,-0.0001,-0.024,8.0,10.0,77.4,,0.0,0.0,0.0,0.0,0.0,0.0,0.0028208779930828,0.0344370865560867,0.0727858935166541,0.122899856064439,0.1485157014919648,0.0034888872437296,0.0198109443386286,0.0506517834332867,0.122899856064439,0.0023196611975703,0.0327168131998843,0.0737091054110455,4.1385,21.42,0.0,0.3781,0.0,0.5002111261840049,HIGH,0.5463983911657074,57068.03060108404,0.0046970860412902,0.0034594808678634,0.0035685524366438,-0.0018762080482074,False,False,OK,1.8,0.0046,0.03,0.0666,0.1477,0.5605
R2026554,50484,"Springer, Hayden",-0.2249999999999999,-0.5218124999999999,0.6944375,-0.6366666666666666,-0.3445625,-0.1133749999999999,300.01874999999995,57.58125,67.71249999999999,53.26666666666666,-0.2893440301746233,-0.2543254629629629,-0.0487015625,-0.1087192533801867,0.1334993055555555,-0.3384929976851852,298.19999999999993,57.64999999999999,65.48214285714286,61.98333333333333,-0.161034754176147,1.2446333333333333,-0.302485852341677,0.1211083512764536,-0.0425845674471598,0.95,0.05,9,0,40.0,40.0,0,0,0,0.5,0,0,0,0,40.0,10.0,274.0,5.616771097666572,242.57142857142856,188.0,-0.1391189829072721,-0.1152064800556907,0.1483773627917974,-0.1970789252917975,-0.0753182240492596,-0.0685495338872482,0.3098499533325106,-0.1763506477769551,0.4137811063265736,-0.5100272868821292,0.3243243243243243,76,0.5585585585585585,50,0.4144144144144144,66,0.7747747747747747,26,307.1,76.92,69.44,1.64,100.0,28.0,50.0,2.95,3.97,5.75,66.0,31.94,302.1256880733945,27,0.7568807339449541,69.48642201834862,41,0.6330275229357798,69.68642201834862,57,0.481651376146789,28.360091743119263,64,0.4174311926605504,65.01816513761469,98,0.1055045871559633,1.7127614678899084,22,0.8073394495412844,53.42678899082569,5,0.963302752293578,26.57990825688073,20,0.8256880733944955,4.605504587155964,15,0.8715596330275229,66.3211009174312,47,0.573394495412844,3.0477981651376145,28,0.7522935779816514,3.9469724770642194,71,0.3577981651376147,-1.0,-2.923076923076923,-1.6666666666666667,0.3,1.278205128205128,0.5318181818181819,-0.1324937117249952,0.990909090909091,-2.170550295663932,0.7142857142857143,-0.7323469387755102,0.2427184466019417,1.1329249499152412,0.1078431372549019,1.2590691611669118,0.4664,0.7852812659593165,0.0,0,0,2,0.4,1,False,0.0,COLD,4.156949071870538,23.907715373631603,70.4603788672061,70.7226368396002,68.84641599238458,34.48824845311756,2.017967634459781,58.76694431223228,-0.0508650925925925,-0.0097403125,-0.0359669394841269,0.0066749652777777,-0.1172861830649068,-0.0267955918865293,-0.1267642866865519,0.0177714442905845,0,0,43.0,0,0,0,0,5.0,-0.01976,35.967,1650.0,-0.0163906481481481,-0.119,-0.104,-0.248,-0.028,0.261,5.793,-0.049,0.0201142857142857,-0.1747714285714285,-0.040847619047619,0.2628,-0.130680550897899,-0.137396457964328,2.84838143329763,150,0.0152346079498349,0.0112346079498349,-0.0580395179818997,0.0149455631946565,0.0782548107251588,-0.00672,0.2775547329399008,0.0055,0.0757302465127465,0.627383333333333,-0.0006,-0.099,8.0,10.0,77.4,,0.0,0.0,0.0,0.0,0.0,0.0,0.0031212415714684,0.0299385058367412,0.0631321067170532,0.0974880545220344,0.1367592316765629,0.0043529528921504,0.015429662648054,0.0480452774885956,0.0974880545220344,0.0026199067738759,0.0254813391004944,0.0582116642921035,4.4707,22.2,0.0,0.4359,-0.0230316430953709,0.5992182911528358,ELEVATED,0.4128524412102344,54607.51828281219,0.0054680022883988,0.0039065651625752,0.0040297325414682,-0.0023467607169304,False,False,OK,2.0,0.0076,0.0403,0.0808,0.1681,0.5934
R2026554,59006,"Chatfield, Davis",0.2017499999999999,-0.3218125,0.2335625,0.1708125,0.0785625,0.0825624999999999,277.945,67.67,66.405,65.6,-0.5365740178814955,-0.3038666666666667,-0.1203499999999999,0.0153138189301656,-0.3219166666666667,-0.3682166666666667,279.4533333333333,67.445,64.45333333333333,65.6875,0.1878482680954379,1.6551833333333332,-0.3275352982463806,0.1994955966341052,0.2320338073182308,0.95,0.05,16,0,40.0,40.0,0,0,0,0.5,0,0,0,0,40.0,10.0,246.0,5.5093883366279774,242.57142857142856,188.0,-0.1886601866109759,-0.1152064800556907,0.0767289252917975,-0.1970789252917975,0.1245495338872482,-0.0685495338872482,-0.1455660188897115,-0.1763506477769551,-0.0394258381178708,-0.5100272868821292,0.2792792792792792,81,0.5135135135135135,55,0.7027027027027027,34,0.3963963963963964,68,284.1,88.46,70.83,1.706,42.86,28.0,66.67,3.2,3.86,5.5,67.0,30.56,302.1256880733945,108,0.018348623853211,69.48642201834862,6,0.9495412844036696,69.68642201834862,48,0.5688073394495413,28.360091743119263,64,0.4174311926605504,65.01816513761469,51,0.5412844036697247,1.7127614678899084,46,0.5825688073394495,53.42678899082569,67,0.3944954128440367,26.57990825688073,27,0.7614678899082569,4.605504587155964,21,0.8119266055045872,66.3211009174312,69,0.3715596330275229,3.0477981651376145,96,0.1238532110091743,3.9469724770642194,21,0.8119266055045872,-0.2857142857142857,0.0,-1.0,-0.8571428571428571,,0.3181818181818182,0.5817920025607191,0.25,0.7525266274129911,0.4904761904761904,-0.0656802721088434,0.5097087378640777,-0.0242179072276159,,,-0.2129,0.7176272632006737,0.0,0,0,3,0.6,3,False,0.0,COLD,4.478343645882913,25.870218943360303,69.95027415516421,70.01894811994288,64.1406139933365,31.16654926225607,1.894693003331747,60.50452165635412,-0.0607733333333333,-0.0240699999999999,0.014,-0.0160958333333333,-0.155647036353643,-0.0254204054054054,-0.1267642866865519,-0.0428951727729074,0,0,53.0,0,0,0,0,8.0,0.01022,32.886,881.0,0.0135893518518518,-0.304,-0.413,0.072,-0.009,0.047,-20.269,0.089,-0.1648857142857142,0.1452285714285714,-0.349847619047619,0.0487999999999999,-0.130647049898402,-0.261264129812306,2.70220338548983,150,0.0,-0.04,0.106791384335433,-0.0525729285438712,0.0781354524568587,-0.13062,0.1536870610919228,0.0034666666666666,0.0560990049302549,0.608166666666667,0.0006,0.212,8.0,10.0,77.4,,0.0,0.0,0.0,0.0,0.0,0.0,0.0028894006097509,0.0391887191231562,0.0829013655027502,0.1507777162105224,0.1643151593663516,0.0032603799404489,0.0247627882359015,0.0563521722063809,0.1507777162105224,0.0024278721763513,0.0408945430956859,0.0908414399660661,2.48875,19.88,0.0,0.5,-0.0077958675634216,0.567083509068536,ELEVATED,0.4505235584735201,60202.36244565917,0.004233951896628,0.0033667391970201,0.0034728867780935,-0.0013445512868771,False,False,OK,1.7,0.0036,0.0249,0.0584,0.143,0.5748
R2026554,34076,"Dahmen, Joel",-0.62575,0.03075,0.5185000000000001,-0.4579000000000001,-0.7169000000000001,0.0913499999999999,288.68,66.83000000000001,67.785,63.09000000000001,-0.3030271536455127,0.1594832291666666,0.2314593749999999,-0.1856465382310986,-0.5425811111111111,0.1696895138888888,287.6720238095238,68.25059523809524,68.3952380952381,61.64940476190476,-0.6148724803519404,-0.1083499999999999,0.0096611657613184,0.4257176286059237,-0.6852463462949684,0.95,0.05,15,0,40.0,40.0,0,0,0,0.5,0,0,0,0,40.0,10.0,236.0,5.468060141135132,242.57142857142856,188.0,0.2746897092223573,-0.1152064800556907,0.4285383002917975,-0.1970789252917975,-0.1527352230571962,-0.0685495338872482,-0.3662304633341559,-0.1763506477769551,0.270000173786891,-0.5100272868821292,0.7207207207207207,32,0.8468468468468469,18,0.2252252252252252,87,0.1801801801801801,92,294.9,62.5,65.28,1.681,30.0,29.25,44.0,3.19,4.13,4.25,70.0,23.61,302.1256880733945,89,0.1880733944954128,69.48642201834862,74,0.3302752293577982,69.68642201834862,85,0.2247706422018348,28.360091743119263,28,0.7522935779816514,65.01816513761469,105,0.0458715596330275,1.7127614678899084,37,0.6697247706422018,53.42678899082569,93,0.1559633027522936,26.57990825688073,77,0.2981651376146789,4.605504587155964,69,0.3715596330275229,66.3211009174312,105,0.0412844036697247,3.0477981651376145,89,0.1926605504587156,3.9469724770642194,103,0.0596330275229357,-1.2,-2.272727272727273,-2.6,-1.8333333333333333,-0.4803030303030304,0.5818181818181818,-0.3324937117249952,0.8818181818181818,-1.5202006453142818,0.919047619047619,-1.6656802721088435,0.7475728155339806,-1.000408383418092,0.696078431372549,-0.4994389973412466,0.0865,0.4366030488008784,0.0,0,0,3,0.6,0,False,0.0,COLD,4.156592099000477,23.505668729176584,70.3092613041409,74.41403141361256,64.31356496906236,27.105264159923845,2.0098762494050453,38.97665397429796,0.0318966458333333,0.0462918749999999,-0.0553211892361111,-0.0271290555555555,-0.0506856403357209,0.0050003638795045,-0.1267642866865519,0.0992330169793447,0,0,999.0,0,1,0,0,10.0,0.01717,32.073,2236.0,0.0205393518518518,-0.246,0.116,0.201,-0.185,-0.379,-8.844,0.088,-0.1068857142857142,0.2742285714285714,0.1791523809523809,-0.3772,-0.156456700476149,-0.107804333363723,2.78226846744279,150,0.0025101103693603,-0.0014898896306396,0.104649642763847,-0.0230458160481226,0.019316414881548,0.04865,0.3071468575405058,0.0052166666666666,0.075931822991823,0.641233333333333,0.0011,0.268,8.0,10.0,77.4,,0.0,0.0,0.0,0.0,0.0,0.0,0.0040507592412956,0.0392039450823936,0.0807269742767428,0.1427762000805645,0.1596846363656666,0.0046886361335798,0.0247627882359015,0.0607196416482524,0.1427762000805645,0.0033264417983976,0.0408945430956859,0.0872043871797216,4.2975,22.74,0.0,0.3939,0.0,0.6214245702147262,MEDIUM,0.3870648996932481,60445.224581596674,0.0061347011780335,0.0047828169098916,0.0049336110213427,-0.0020839419367379,False,False,OK,2.2,0.0057,0.0365,0.0797,0.1718,0.5984
R2026554,49947,"Moore, Taylor",-0.4016499999999999,0.2977999999999999,-0.61875,-0.2794375,0.133,-0.3971,299.6875,49.7875,56.6,60.56249999999999,-0.0409905038439254,0.4028209722222221,-0.5246425694444444,0.0936161760546156,0.0228890624999999,0.0594690972222222,300.92884615384617,53.99358974358975,60.833333333333336,66.39743589743591,-0.4290364313087822,-0.9374833333333332,0.3674734822216561,-0.5898503237501247,-0.0239436693323136,0.95,0.05,15,0,40.0,40.0,0,0,0,0.5,0,0,0,0,40.0,10.0,183.0,5.214935757608986,242.57142857142856,188.0,0.5180274522779128,-0.1152064800556907,-0.3275636441526469,-0.1970789252917975,0.211520491228518,-0.0685495338872482,0.1992397102769551,-0.1763506477769551,0.6117871083107006,-0.5100272868821292,0.918918918918919,10,0.2162162162162162,88,0.7837837837837838,25,0.6306306306306306,42,308.1,53.57,73.61,1.774,50.0,30.0,63.16,2.94,3.95,3.75,67.0,22.22,302.1256880733945,23,0.7981651376146789,69.48642201834862,93,0.1513761467889908,69.68642201834862,26,0.7660550458715596,28.360091743119263,14,0.8761467889908257,65.01816513761469,64,0.4174311926605504,1.7127614678899084,83,0.2431192660550458,53.42678899082569,57,0.4862385321100917,26.57990825688073,87,0.2064220183486238,4.605504587155964,88,0.2018348623853211,66.3211009174312,69,0.3715596330275229,3.0477981651376145,22,0.8073394495412844,3.9469724770642194,64,0.4174311926605504,-3.2,-2.3,-1.9,-1.2,1.2000000000000002,0.990909090909091,-2.3324937117249958,0.8954545454545455,-1.547473372587009,0.7714285714285715,-0.9656802721088432,0.6019417475728155,-0.3670750500847588,0.1274509803921568,1.180864032961784,-0.0062,0.6221914674939075,0.0,0,0,1,0.2,0,False,0.0,COLD,4.366849119466921,24.67195621132794,70.04750690147549,66.64868633983816,61.42318895763922,29.38714897667777,2.5872203712517847,59.51927653498335,0.0805641944444444,-0.1049285138888889,0.0357427393353174,0.0011444531249999,-0.0086193460324892,0.0066496369516838,-0.1267642866865519,0.1541020965052992,0,0,999.0,0,1,0,0,10.0,-0.02344,36.007,2190.0,-0.0200706481481481,0.06,0.083,-0.205,0.116,0.066,6.495,-0.041,0.1991142857142857,-0.1317714285714285,0.1461523809523809,0.0678,-0.181410571197055,-0.023872982968135,2.87126811292166,150,-0.0292327893008387,-0.0452327893008387,-0.0487277160742701,0.0166860788867548,-0.0313661910800223,0.15754,0.3910782079360939,0.0082333333333333,0.0943282016594517,0.653783333333333,-0.0005,-0.057,8.0,10.0,77.4,,0.0,0.0,0.0,0.0,0.0,0.0,0.0089239983331386,0.0502291985317192,0.0925084873186734,0.1634763847116209,0.1718514254046302,0.0088239364244253,0.0360664485089792,0.0747622120458561,0.1634763847116209,0.0073901054562031,0.059561989498437,0.1067958055044297,3.0692,19.71,0.0,0.3125,0.0,0.5969810077045287,ELEVATED,0.4273628461363874,68002.36734103832,0.0067772937162898,0.007994466266424,0.0082465182391177,0.0021467046168487,False,False,OK,2.4,0.0085,0.047,0.0967,0.1962,0.6112
R2026554,47917,"Kanaya, Takumi",-0.61735,-0.5758125,-0.2230625,0.2868333333333334,0.3234375,-0.5717500000000001,280.81875,51.98125,55.9,69.31666666666666,-0.4414251618782784,-0.0779910539215686,-0.575583425245098,0.1452059481188247,0.1228547181372549,-0.4670859375,286.9046875,64.1609375,63.021875,65.545,-0.3796728277335469,-0.9800166666666666,-0.4073098565185117,-0.3272542945408784,0.451442190284204,0.95,0.05,18,0,40.0,40.0,0,0,0,0.5,0,0,0,0,40.0,10.0,187.0,5.236441962829949,242.57142857142856,188.0,0.0372154261341221,-0.1152064800556907,-0.3785044999533005,-0.1970789252917975,0.2628141172205815,-0.0685495338872482,0.29920536591421,-0.1763506477769551,0.0843468750047345,-0.5100272868821292,0.5225225225225225,54,0.1981981981981982,90,0.8468468468468469,18,0.7567567567567568,28,295.8,90.38,61.11,1.75,80.0,27.25,78.57,3.25,3.89,4.5,65.0,26.39,302.1256880733945,82,0.2522935779816513,69.48642201834862,2,0.9862385321100916,69.68642201834862,103,0.0642201834862385,28.360091743119263,91,0.1697247706422018,65.01816513761469,16,0.8577981651376146,1.7127614678899084,74,0.3302752293577982,53.42678899082569,16,0.8577981651376146,26.57990825688073,54,0.5091743119266054,4.605504587155964,57,0.481651376146789,66.3211009174312,28,0.7477064220183486,3.0477981651376145,104,0.0504587155963302,3.9469724770642194,35,0.6834862385321101,-1.818181818181818,-2.6666666666666665,-0.1,-1.6666666666666667,1.359090909090909,0.7909090909090909,-0.9506755299068134,0.9727272727272728,-1.9141400392536756,0.238095238095238,0.8343197278911566,0.6893203883495146,-0.8337417167514256,0.088235294117647,1.3399549420526926,0.1682,0.5219621101616903,0.0,0,0,4,0.8,1,False,0.0,COLD,3.72715373631604,20.918110423607803,70.20985625892432,61.95970490242742,68.17893384102808,18.730299857210856,2.0886482627320326,64.71782484531177,-0.0155982107843137,-0.1151166850490195,0.0485661458333333,0.0061427359068627,-0.1161236606434222,-0.0233619905935347,-0.1267642866865519,0.0130827369382742,0,0,43.0,0,0,0,0,11.0,-0.0332,35.711,2113.0,-0.0298306481481481,-0.149,-0.186,-0.432,0.238,0.231,-10.191,0.056,-0.0098857142857142,-0.3587714285714286,-0.122847619047619,0.2328,-0.192984309497114,-0.125720961196491,2.73716306729991,150,0.0043573166519609,-0.011642683348039,0.0677459259430531,-0.0264574186899603,0.0518495230320982,0.06726,0.2892302297077379,0.0045,0.0690086778499279,0.6362,0.0004,0.098,8.0,10.0,77.4,,0.0,0.0,0.0,0.0,0.0,0.0,0.0046218946514893,0.0444743355778419,0.087831261686035,0.1576368181767697,0.1685561598946189,0.0046978174514494,0.0300742738074267,0.0636631420515709,0.1576368181767697,0.0038512942656234,0.0496662037640082,0.0987437557698089,2.5375,19.39,0.0,0.6471,0.0,0.6233749560805302,MEDIUM,0.3821214913135282,63229.85607587555,0.0045677883384428,0.0046001759939372,0.0047452117468404,5.410631304649319e-05,False,False,OK,1.8,0.0052,0.0312,0.0681,0.1641,0.5976
R2026554,50286,"Ewart, A.J.",0.8934,-0.5780000000000001,0.4666249999999999,0.1443125,0.8678125,0.0329375,290.31499999999994,52.45,67.5,73.18125,0.1050291089651085,-0.2681375,-0.0712601562499999,0.002345499182484,0.2324546874999999,-0.3335669270833332,292.05833333333334,55.596875,67.53281249999999,67.025,0.511379937701417,0.6584,-0.5353931068013268,0.2511856858180565,0.6714624299831101,0.95,0.05,17,0,40.0,40.0,0,0,0,0.5,0,0,0,0,40.0,10.0,196.0,5.2832037287379885,242.57142857142856,188.0,-0.1529310199443092,-0.1152064800556907,0.1258187690417975,-0.1970789252917975,0.0743654193039149,-0.0685495338872482,0.408805335276955,-0.1763506477769551,0.6451640515880116,-0.5100272868821292,0.3063063063063063,78,0.5315315315315315,53,0.6576576576576577,39,0.8828828828828829,14,298.3,51.79,70.83,1.706,100.0,28.25,57.14,3.06,3.95,4.5,69.0,25.0,302.1256880733945,65,0.4128440366972477,69.48642201834862,96,0.1238532110091743,69.68642201834862,48,0.5688073394495413,28.360091743119263,54,0.5137614678899083,65.01816513761469,84,0.2385321100917431,1.7127614678899084,46,0.5825688073394495,53.42678899082569,5,0.963302752293578,26.57990825688073,65,0.4128440366972477,4.605504587155964,57,0.481651376146789,66.3211009174312,96,0.1238532110091743,3.0477981651376145,60,0.4587155963302752,3.9469724770642194,64,0.4174311926605504,-1.25,-3.4444444444444446,-1.1428571428571428,-1.7142857142857142,0.918650793650794,0.6045454545454545,-0.3824937117249952,1.0,-2.6919178170314533,0.5238095238095238,-0.2085374149659862,0.7087378640776699,-0.8813607643704731,0.2156862745098039,0.8995148266125778,-0.162,0.7754281971200744,0.0,0,0,4,0.8,0,False,0.0,COLD,4.316753926701571,23.98237029985721,70.42385816277964,72.01604474059972,63.850842455973336,29.34122798667301,1.944907187053784,66.83133745835318,-0.0536274999999999,-0.0142520312499999,0.0014539713541666,0.0116227343749999,-0.0698967130239759,-0.0190061665962837,-0.1267642866865519,0.0596513010446601,0,0,999.0,0,1,0,0,14.0,0.01232,35.04,1126.0,0.0156893518518518,-0.278,-0.409,-0.125,0.017,0.239,-2.022,-0.041,-0.1388857142857143,-0.0517714285714285,-0.345847619047619,0.2408,-0.195739541762381,-0.385044136739466,2.8318362414141,150,0.0,-0.04,-0.0484273941709489,-0.0053720310473465,-0.0543916267833318,-0.1893,0.0299070541647628,0.0034166666666666,0.0538264676527177,0.58735,-0.001,-0.225,8.0,10.0,77.4,,0.0,0.0,0.0,0.0,0.0,0.0,0.0044901199763046,0.0486493447385734,0.0926144277900945,0.1668253921318345,0.1738311883675785,0.0041117847937605,0.0343765172192639,0.0626116918438359,0.1668253921318345,0.0037430832868425,0.0567711499815924,0.1067958055044297,2.48875,19.88,0.0,0.5,0.0,0.6681892313866167,MEDIUM,0.2971653837334047,64830.67451786046,0.004486338090604,0.0044886068413333,0.0046301250079376,3.781885700524651e-06,False,False,OK,1.7,0.0033,0.0222,0.0539,0.131,0.5437
R2026554,50095,"Smotherman, Austin",-0.3832000000000001,0.16055,-0.0714999999999999,-0.6418499999999999,0.16975,-0.5526,289.77,63.255,64.18,51.075,-0.1918184039762005,0.2214444444444444,0.6222500000000001,-0.3273467430922097,-0.4936388888888889,0.4376944444444444,290.5191176470588,66.18529411764706,68.47058823529413,57.15735294117647,-0.2620565296827328,-0.1631,0.2050022490545517,0.2435514216483014,-0.15353865200163,0.95,0.05,18,0,40.0,40.0,0,0,0,0.5,0,0,0,0,40.0,10.0,120.0,4.795790545596741,242.57142857142856,188.0,0.3366509245001351,-0.1152064800556907,0.8193289252917976,-0.1970789252917975,-0.3375615772238629,-0.0685495338872482,-0.3172882411119337,-0.1763506477769551,0.4150550646599069,-0.5100272868821292,0.7837837837837838,25,0.990990990990991,2,0.072072072072072,104,0.2252252252252252,87,301.6,90.38,81.94,1.695,33.33,28.75,69.23,3.15,3.75,5.75,65.0,31.94,302.1256880733945,47,0.5779816513761468,69.48642201834862,2,0.9862385321100916,69.68642201834862,2,0.9908256880733946,28.360091743119263,38,0.6605504587155964,65.01816513761469,40,0.6422018348623854,1.7127614678899084,42,0.6238532110091743,53.42678899082569,85,0.2293577981651376,26.57990825688073,20,0.8256880733944955,4.605504587155964,15,0.8715596330275229,66.3211009174312,28,0.7477064220183486,3.0477981651376145,83,0.2477064220183486,3.9469724770642194,1,0.9954128440366972,-2.1,-0.2222222222222222,-1.8,-1.6,-0.538888888888889,0.8772727272727273,-1.2324937117249952,0.3272727272727272,0.5303044051907689,0.7428571428571429,-0.8656802721088435,0.6650485436893204,-0.767075050084759,0.7352941176470589,-0.5580248559271052,-0.0857,0.721295131459146,0.0,0,0,4,0.8,2,False,0.0,COLD,4.022370299857211,23.4838362684436,70.41677962874822,71.83946692051404,60.13414088529273,43.38668729176584,2.219062351261304,32.47710613993337,0.0442888888888888,0.12445,-0.1015277777777777,-0.0246819444444444,0.0173126574307955,0.0193006756756756,-0.1267642866865519,0.1879264488487141,0,0,17.0,0,0,0,0,10.0,0.03874,31.833,1174.0,0.0421093518518518,-0.085,0.225,0.351,-0.277,-0.384,-2.819,0.056,0.0541142857142857,0.4242285714285714,0.2881523809523809,-0.3822,-0.20306898346508,0.0292729456832437,2.87221298222689,150,-0.0015546722151654,-0.0355546722151655,0.0677400822996856,-0.0073740468346186,0.0333635267613514,0.23234,0.4442241365874725,0.0086,0.0990149741462241,0.65815,0.0019,0.283,8.0,10.0,77.4,,0.0,0.0,0.0,0.0,0.0,0.0,0.008439287437134,0.0519899392515246,0.104778427449509,0.2049051119365494,0.1953522241146282,0.0087700655213534,0.0377819615575134,0.0850334927354035,0.2049051119365494,0.007047674622361,0.0623950760485525,0.1271723650885511,2.1183,20.84,0.0,0.3919,0.0,0.6794518197496594,MEDIUM,0.311418828929058,70923.30117837664,0.0081216489280039,0.0083107801445372,0.0085728049577322,0.00031763850913,False,False,OK,2.7,0.0095,0.0501,0.1012,0.2021,0.6229
R2026554,36699,"Rodgers, Patrick",-1.7211,-0.6226499999999999,-0.5188,-0.1951999999999999,-0.3841500000000001,-1.33665,294.305,49.615,59.17999999999999,50.31,-0.355044930875576,-0.1888614858906525,-0.3220611772486774,0.058348897707231,0.1254938051146384,-0.4525633818342151,296.63730158730164,53.98412698412699,62.30833333333333,60.04087301587302,-1.4360055879806617,1.0874333333333333,-0.4700432611305505,-0.7381977195494978,-0.1400814676846155,0.95,0.05,21,0,40.0,40.0,0,0,0,0.5,0,0,0,0,40.0,10.0,108.0,4.691347882229144,242.57142857142856,188.0,-0.0736550058349618,-0.1152064800556907,-0.1249822519568798,-0.1970789252917975,0.1268984315944792,-0.0685495338872482,0.3018444528915935,-0.1763506477769551,0.1549823560065532,-0.5100272868821292,0.4144144144144144,66,0.3423423423423423,74,0.7117117117117117,33,0.7657657657657657,27,312.9,50.0,62.5,1.778,53.85,28.5,66.67,3.06,4.18,3.0,69.0,16.67,302.1256880733945,17,0.8532110091743119,69.48642201834862,99,0.0963302752293578,69.68642201834862,97,0.1146788990825688,28.360091743119263,45,0.591743119266055,65.01816513761469,51,0.5412844036697247,1.7127614678899084,87,0.2110091743119266,53.42678899082569,50,0.5504587155963303,26.57990825688073,106,0.036697247706422,4.605504587155964,104,0.0504587155963302,66.3211009174312,96,0.1238532110091743,3.0477981651376145,60,0.4587155963302752,3.9469724770642194,107,0.0275229357798165,-0.2727272727272727,-1.0,1.3,-0.7,0.9363636363636364,0.3045454545454545,0.594779015547732,0.5954545454545455,-0.2474733725870088,0.0571428571428571,2.2343197278911564,0.4563106796116505,0.1329249499152411,0.2058823529411764,0.9172276693254202,0.3160000000000001,0.6288967412152103,0.0,0,0,3,0.6,1,False,0.0,COLD,3.274512137077582,19.76146596858639,70.82360780580676,59.20319371727749,53.54603998096145,14.635149928605427,3.6645644930985246,40.71644455021419,-0.0377722971781305,-0.0644122354497354,0.0145872244268077,0.0062746902557319,-0.1137526133276133,-0.0250934259259259,-0.1267642866865519,0.0130116733589386,0,0,65.0,0,0,0,0,16.0,-0.00415,35.179,2897.0,-0.0007806481481481,-0.242,-0.152,-0.305,0.048,0.168,3.923,-0.047,-0.1028857142857142,-0.2317714285714285,-0.088847619047619,0.1698,-0.207038281114489,-0.393961944861951,2.87328167099016,150,0.0319562077761538,0.0399562077761538,-0.0575577679311763,0.0096606010154152,-0.0961547731985268,-0.18692,0.0209892460422778,0.0038833333333333,0.0570492466329966,0.5847,0.0001,0.026,8.0,10.0,77.4,,0.0,0.0,0.0,0.0,0.0,0.0,0.0057131033351567,0.0446673392082353,0.0767133962726905,0.1160254078974392,0.149069721760319,0.00500717057804,0.0302825299251697,0.0519278775288587,0.1160254078974392,0.0047559579577365,0.0500101286363145,0.0800170737550076,2.6423,19.98,0.0,0.3529,0.0,0.5951889444741533,ELEVATED,0.4003157936083523,61556.93343608521,0.0068980689716802,0.0061606408691813,0.0063548754349904,-0.0011849656365234,False,False,OK,2.4,0.0053,0.0286,0.0604,0.132,0.5417
R2026554,50497,"Dumont De Chassart, Adrien",0.14335,-0.1548749999999999,0.224875,1.0560833333333333,-0.1148749999999999,0.5540625,293.15,53.125,62.5125,75.18333333333332,-0.2118430241068863,-0.230053431372549,-0.1089718137254902,0.0857070140910469,0.0065448529411764,-0.294939705882353,298.5234375,54.8203125,63.2921875,67.33,-0.0577222767591829,-0.2251333333333333,-0.189974197975543,0.0526131295237015,0.0401106124387326,0.95,0.05,18,0,40.0,40.0,0,0,0,0.5,0,0,0,0,40.0,10.0,205.0,5.327876168789581,242.57142857142856,188.0,-0.1148469513168583,-0.1152064800556907,0.0881071115663073,-0.1970789252917975,0.1896596901372482,-0.0685495338872482,0.1828955007181315,-0.1763506477769551,0.3666199952154624,-0.5100272868821292,0.3423423423423423,74,0.5225225225225225,54,0.7477477477477478,29,0.6126126126126126,44,313.5,41.07,66.67,1.792,100.0,28.25,79.17,2.94,3.98,3.5,67.0,19.44,302.1256880733945,15,0.8715596330275229,69.48642201834862,107,0.0275229357798165,69.68642201834862,77,0.3027522935779816,28.360091743119263,54,0.5137614678899083,65.01816513761469,14,0.8761467889908257,1.7127614678899084,91,0.1697247706422018,53.42678899082569,5,0.963302752293578,26.57990825688073,98,0.1055045871559633,4.605504587155964,95,0.1376146788990825,66.3211009174312,69,0.3715596330275229,3.0477981651376145,22,0.8073394495412844,3.9469724770642194,75,0.3211009174311927,-1.0,-0.2727272727272727,-0.6,0.0,0.3363636363636363,0.5318181818181819,-0.1324937117249952,0.359090909090909,0.4797993546857184,0.3714285714285714,0.3343197278911566,0.2669902912621359,0.8329249499152411,0.3823529411764705,0.3172276693254202,-0.3272,0.6551420541463593,0.0,0,0,2,0.4,0,False,0.0,COLD,3.72275107091861,20.849081389814376,70.42692146596859,62.44264159923846,74.11436934792957,16.986349357448834,1.6383864826273205,75.3117563065207,-0.0460106862745098,-0.021794362745098,0.0302775390624999,0.0003272426470588,-0.0834778114173579,-0.0133948798729795,-0.1267642866865519,0.0532210761506484,0,0,999.0,0,1,0,0,11.0,-0.0084,35.085,1205.0,-0.0050306481481481,-0.359,-0.579,-0.276,0.179,0.316,4.262,-0.088,-0.2198857142857142,-0.2027714285714286,-0.515847619047619,0.3178,-0.237272863758151,-0.523821939430667,2.86274670725762,150,-0.0090102518195289,-0.037010251819529,-0.104454705235527,0.0109018386917669,-0.0869516755459092,-0.28655,-0.1088707485264381,0.00295,0.0464364023014023,0.560216666666667,-0.0004,-0.118,8.0,10.0,77.4,,0.0,0.0,0.0,0.0,0.0,0.0,0.0029653904811631,0.0299174891908007,0.0614862292207498,0.0888389492152869,0.1352673587204407,0.003015227136662,0.0148712211581267,0.0373278234712754,0.0888389492152869,0.0024278721763513,0.024559100079642,0.0537772133231169,2.636,19.88,0.0,0.4718,0.0170367196209675,0.5649596260533876,ELEVATED,0.4330076770665892,54249.406668524825,0.0037579123315309,0.0032601495216658,0.0033629365109191,-0.0007925218503678,False,False,OK,1.5,0.0033,0.018,0.0433,0.1112,0.5176
R2026554,48153,"Pavon, Matthieu",-1.4619,0.6837500000000001,-0.582,0.4717,-0.153,0.1125624999999999,294.64500000000004,63.245000000000005,62.52,64.48125,-0.2772550769785799,0.1950761284722222,-0.5380922743055555,-0.0351161819884295,0.0817329861111111,-0.36510234375,294.96250000000003,59.20364583333333,64.55989583333333,61.68888888888888,-0.1424256639092777,1.1943333333333332,0.5273225351081378,-0.5172326541087254,-0.2596972748533724,0.95,0.05,17,0,40.0,40.0,0,0,0,0.5,0,0,0,0,40.0,10.0,328.0,5.796057750765372,242.57142857142856,188.0,0.3102826085279129,-0.1152064800556907,-0.341013349013758,-0.1970789252917975,0.0464352109705815,-0.0685495338872482,0.2580836338880662,-0.1763506477769551,0.3232947359771517,-0.5100272868821292,0.7657657657657657,27,0.2072072072072072,89,0.5765765765765766,48,0.7207207207207207,32,296.5,67.86,69.44,1.72,25.0,28.5,63.64,3.19,3.93,3.75,69.0,20.83,302.1256880733945,75,0.3165137614678899,69.48642201834862,63,0.4266055045871559,69.68642201834862,57,0.481651376146789,28.360091743119263,45,0.591743119266055,65.01816513761469,62,0.4403669724770642,1.7127614678899084,60,0.4541284403669725,53.42678899082569,99,0.1009174311926605,26.57990825688073,93,0.1559633027522936,4.605504587155964,88,0.2018348623853211,66.3211009174312,96,0.1238532110091743,3.0477981651376145,89,0.1926605504587156,3.9469724770642194,55,0.5045871559633027,-1.5555555555555556,-1.4545454545454546,-2.0,-2.2857142857142856,-0.6378066378066376,0.7181818181818181,-0.6880492672805508,0.7454545454545455,-0.7020188271324634,0.8047619047619048,-1.0656802721088434,0.8495145631067961,-1.4527893357990445,0.7941176470588235,-0.6569426048448538,0.0753,0.7261466028901389,0.0,0,0,1,0.2,0,False,0.0,COLD,3.808067586863399,21.91765349833413,70.06266872917658,64.74634935744884,65.61881009043313,35.002950975725845,2.1767015706806285,55.25464064731081,0.0390152256944444,-0.1076184548611111,-0.0055285807291666,0.0040866493055555,-0.0889810526370994,-0.0171145721893768,-0.1267642866865519,0.052476713957573,0,0,999.0,0,1,0,0,9.0,-0.01849,36.481,2149.0,-0.0151206481481481,-0.06,0.34,-0.218,-0.15,-0.032,1.841,0.027,0.0791142857142857,-0.1447714285714285,0.403152380952381,-0.0302,-0.261231716325939,0.0731328924218021,2.85164979589114,150,0.0,-0.04,0.0334799229481785,0.0049257316063782,0.148899376162129,0.33436,0.488084083326031,0.0093666666666666,0.101135221861472,0.6739,0.0008,0.093,8.0,10.0,77.4,,0.0,0.0,0.0,0.0,0.0,0.0,0.0050921183705418,0.0356924617513603,0.0664159543562902,0.0961121422565068,0.1397358101254491,0.0072692284698023,0.0210104680115717,0.057581834274896,0.0961121422565068,0.0042453931714024,0.0346977683358794,0.0626133928452555,2.4691,21.06,0.0,0.3333,0.0,0.5735542401340847,ELEVATED,0.469451085522736,57667.537313040695,0.0084574333578089,0.0062391031232099,0.006435811470914,-0.003365314987267,False,False,OK,2.8,0.0097,0.0496,0.1048,0.213,0.6273
R2026554,29725,"Finau, Tony",-0.2056999999999999,-0.40525,0.1982499999999999,0.6554,-0.6538,0.4484,293.54,55.19,60.55499999999999,66.775,-0.2904447619047619,-0.0792848412698412,-0.1494460813492064,0.2454168650793651,-0.2880090079365079,0.0167123115079365,297.90541666666667,53.95625,62.96666666666666,64.70958333333331,-0.1067939542875586,-0.06105,-0.1217416835247119,-0.0061285485590711,-0.4241508383912715,0.95,0.05,21,0,40.0,40.0,0,0,0,0.5,0,0,0,0,40.0,10.0,149.0,5.010635294096256,242.57142857142856,188.0,0.0359216387858494,-0.1152064800556907,0.0476328439425911,-0.1970789252917975,0.3139663989666133,-0.0685495338872482,-0.1116583601595527,-0.1763506477769551,0.2195825249773673,-0.5100272868821292,0.5135135135135135,55,0.4774774774774775,59,0.8918918918918919,13,0.4144144144144144,66,321.5,53.57,68.06,1.857,50.0,30.75,52.17,3.13,4.06,3.25,67.0,19.44,302.1256880733945,7,0.944954128440367,69.48642201834862,93,0.1513761467889908,69.68642201834862,68,0.3853211009174312,28.360091743119263,4,0.9678899082568808,65.01816513761469,95,0.1330275229357798,1.7127614678899084,105,0.0458715596330275,53.42678899082569,57,0.4862385321100917,26.57990825688073,98,0.1055045871559633,4.605504587155964,100,0.091743119266055,66.3211009174312,69,0.3715596330275229,3.0477981651376145,75,0.3165137614678899,3.9469724770642194,91,0.1697247706422018,-1.6,-1.7,-1.25,-1.75,0.1499999999999999,0.7454545454545455,-0.7324937117249953,0.8090909090909091,-0.9474733725870088,0.5714285714285714,-0.3156802721088434,0.7233009708737864,-0.9170750500847588,0.4803921568627451,0.1308640329617837,0.0072,0.596843549200477,0.0,0,0,3,0.6,0,False,0.0,COLD,3.8801761066158975,22.56005711565921,70.95597715373633,61.2357258448358,58.25959543074727,33.889390766301766,3.066515944788197,63.74469300333175,-0.0158569682539682,-0.0298892162698412,0.0613542162698412,-0.0144004503968253,-0.0531130046117546,-0.0006321766945516,-0.1267642866865519,0.0736512820747973,0,0,999.0,0,1,0,0,16.0,0.00302,33.775,2383.0,0.0063893518518518,-0.193,-0.182,-0.046,0.245,-0.21,8.002,-0.065,-0.0538857142857142,0.0272285714285714,-0.118847619047619,-0.2082,-0.276831197765942,-0.263815558857716,2.92605914037046,150,0.0,-0.04,-0.0769411265360801,0.020641692736297,0.0008129977073597,0.01302,0.1511356320465128,0.0054,0.0734716065416065,0.606916666666667,-0.0012,-0.182,8.0,10.0,77.4,,0.0,0.0,0.0,0.0,0.0,0.0,0.0060348099593428,0.0443209548427492,0.0852757567602966,0.1492536966760623,0.1634239132324204,0.0058572094648798,0.0300742738074267,0.0633441785881245,0.1492536966760623,0.0049519281959241,0.0496662037640082,0.0949332459967601,4.3629,19.06,0.0,0.1842,0.0,0.6091686232486434,ELEVATED,0.389866252501938,63536.904333568535,0.0067663362838451,0.0063174812639919,0.0065166607416429,-0.0007315263245023,False,False,OK,2.4,0.0058,0.0319,0.0741,0.1551,0.5636
R2026554,47983,"Ramey, Chad",-1.17095,0.2523125,-1.0074375,0.0781874999999999,-0.107,-0.6769375,294.23,62.845000000000006,58.335,66.6375,-0.2878252670821787,-0.1143596354166666,-0.4609508680555556,-0.0144156601998469,0.2789860243055554,-0.5841530381944443,293.903125,58.56458333333333,64.03072916666666,64.93833333333333,-1.1901309836389464,-0.3720833333333334,-0.0564526968982115,-0.7858972704903737,-0.034255703272974,0.95,0.05,17,0,40.0,40.0,0,0,0,0.5,0,0,0,0,40.0,10.0,199.0,5.298317366548036,242.57142857142856,188.0,0.000846844639024,-0.1152064800556907,-0.263871942763758,-0.1970789252917975,0.0597064783316926,-0.0685495338872482,0.4553366720825106,-0.1763506477769551,0.2450757571322982,-0.5100272868821292,0.4864864864864865,58,0.2432432432432432,85,0.6036036036036037,45,0.90990990990991,11,298.6,78.85,68.06,1.673,83.33,27.25,69.57,2.95,4.11,3.25,65.0,25.0,302.1256880733945,63,0.4266055045871559,69.48642201834862,31,0.7201834862385321,69.68642201834862,68,0.3853211009174312,28.360091743119263,91,0.1697247706422018,65.01816513761469,37,0.6697247706422018,1.7127614678899084,34,0.6972477064220184,53.42678899082569,13,0.8899082568807339,26.57990825688073,65,0.4128440366972477,4.605504587155964,100,0.091743119266055,66.3211009174312,28,0.7477064220183486,3.0477981651376145,28,0.7522935779816514,3.9469724770642194,102,0.073394495412844,-2.8181818181818183,-2.5,-1.4,-2.5,0.7090909090909092,0.968181818181818,-1.9506755299068133,0.9409090909090908,-1.7474733725870089,0.6285714285714286,-0.4656802721088433,0.8883495145631068,-1.6670750500847589,0.2549019607843137,0.689954942052693,0.0187,0.5746979883188889,0.0,0,0,3,0.6,1,False,0.0,COLD,3.722275107091861,20.889462160875773,70.72546073298429,63.55463112803428,70.13495954307473,19.87043788672061,1.972989052831985,38.24727272727273,-0.0228719270833333,-0.0921901736111111,-0.0022107638888888,0.0139493012152777,-0.1193447405812353,-0.030609889968093,-0.1267642866865519,0.0081833229102756,0,0,33.0,0,0,0,0,13.0,-0.01337,35.602,2451.0,-0.0100006481481481,-0.216,-0.261,-0.249,0.123,0.17,-3.468,-0.007,-0.0768857142857142,-0.1757714285714285,-0.197847619047619,0.1718,-0.28469154642592,-0.181761492590104,2.78709157193473,150,0.0357075972605507,0.0437075972605507,-0.0082719099178159,-0.0090554193101405,0.0328030366204616,0.10293,0.2331896983141249,0.0045333333333333,0.0677053565416065,0.628316666666667,0.0,0.0,8.0,10.0,77.4,,0.0,0.0,0.0,0.0,0.0,0.0,0.0030994517691853,0.034534373041697,0.067649318110456,0.1025791186507127,0.1408537681958607,0.00389427990442,0.0197245357211049,0.0483278132817129,0.1025791186507127,0.0026199067738759,0.0325741135612371,0.0643945704200897,0.8603,17.24,0.0,0.4775,0.0,0.6130839247086123,MEDIUM,0.3934443932734111,56254.95083698192,0.0054348864925659,0.0038807357424934,0.0040030887635457,-0.0023354347233806,False,False,OK,2.0,0.0048,0.0326,0.0718,0.1571,0.5818
R2026554,52514,"Crowe, Trace",-0.93835,-0.03115,-0.3942,-0.2089375,-0.27135,-0.7125,304.1125,59.81249999999999,69.44375000000001,52.23125,-0.4603964005449936,0.1153499999999999,-0.31689375,-0.1238424015283348,-0.0061499999999999,-0.4235343749999999,303.1458333333333,61.59166666666667,70.83333333333333,57.04166666666666,-0.6221749640571651,-0.9265666666666668,0.0357374971365808,-0.3601796576863542,-0.0613990793945285,0.95,0.05,8,0,40.0,40.0,0,0,0,0.5,0,0,0,0,40.0,10.0,258.0,5.556828061699537,242.57142857142856,188.0,0.2305564800556906,-0.1152064800556907,-0.1198148247082024,-0.1970789252917975,-0.1036741268270374,-0.0685495338872482,0.1702006477769551,-0.1763506477769551,0.0930579118821292,-0.5100272868821292,0.6846846846846847,36,0.3603603603603603,72,0.3603603603603603,72,0.5945945945945946,46,305.4,80.77,66.67,1.625,100.0,26.25,79.17,3.0,3.86,5.0,66.0,27.78,302.1256880733945,31,0.7247706422018348,69.48642201834862,24,0.7889908256880734,69.68642201834862,77,0.3027522935779816,28.360091743119263,102,0.0688073394495412,65.01816513761469,14,0.8761467889908257,1.7127614678899084,16,0.8623853211009175,53.42678899082569,5,0.963302752293578,26.57990825688073,45,0.5963302752293578,4.605504587155964,41,0.6330275229357798,66.3211009174312,47,0.573394495412844,3.0477981651376145,40,0.6376146788990825,3.9469724770642194,21,0.8119266055045872,-0.9166666666666666,-1.2142857142857142,-2.0,-1.5,-0.6845238095238095,0.5,-0.0491603783916618,0.6545454545454545,-0.461759086872723,0.8047619047619048,-1.0656802721088434,0.6407766990291263,-0.6670750500847589,0.8137254901960784,-0.7036597765620257,-0.42,0.7759291025745988,0.0,0,0,3,0.6,2,False,0.0,COLD,3.9653736316039994,22.79260352213232,71.27392003807711,70.9917563065207,60.47977153736316,18.324607329842934,2.332698714897668,30.439671584959545,0.0230699999999999,-0.06337875,-0.0430559151785714,-0.0003074999999999,-0.1077570339157577,-0.0201701550434362,-0.1267642866865519,0.0356385989452392,0,0,24.0,0,0,0,0,5.0,-0.00762,33.943,915.0,-0.0042506481481481,-0.094,0.096,-0.032,-0.104,-0.054,4.909,-0.028,0.0451142857142857,0.0412285714285714,0.1591523809523809,-0.0522,-0.280596909153242,-0.0844253327872335,2.85541869597124,150,-0.0013393744929921,-0.0173393744929921,-0.0324447128002457,0.0126466455130601,0.0262049554976789,0.19617,0.3305258581169953,0.0078,0.0844780681818182,0.636583333333333,0.0013,0.2,8.0,10.0,77.4,,0.0,0.0,0.0,0.0,0.0,0.0,0.0066345803019946,0.0397107885954959,0.0731342388718863,0.1117906544185137,0.145825465645294,0.0073452157604318,0.0248491968534252,0.0571896928709056,0.1117906544185137,0.0054767806631499,0.0410372427343331,0.0731978844089606,1.92,17.72,0.0,0.48,0.0142806760248573,0.6036644375082307,ELEVATED,0.4104436607025272,60583.76690289525,0.0070078867946259,0.0067814720215568,0.0069952803414416,-0.0003733064926313,False,False,OK,2.4,0.0075,0.0428,0.089,0.178,0.6018
R2026554,25900,"Glover, Lucas",-1.269,-0.3822,0.09235,-0.3628999999999999,-0.6157999999999999,-0.6527499999999999,282.235,66.9,65.28,66.865,-1.0181739170728532,-0.1552827540106951,0.0166124331550801,-0.2123643096895557,-0.7774137032085561,-0.394774699197861,283.9867647058823,68.40294117647058,63.39705882352941,61.34264705882353,-1.0036011598981829,0.0690333333333332,-0.3659226768318799,0.3592505036821884,-0.6294777683017074,0.95,0.05,17,0,40.0,40.0,0,0,0,0.5,0,0,0,0,40.0,10.0,122.0,4.812184355372417,242.57142857142856,188.0,-0.0400762739550044,-0.1152064800556907,0.2136913584468777,-0.1970789252917975,-0.1875844901769228,-0.0685495338872482,-0.601063055431601,-0.1763506477769551,-0.6627999524226835,-0.5100272868821292,0.4324324324324324,64,0.6666666666666666,38,0.1891891891891892,91,0.063063063063063,105,294.4,80.77,66.67,1.708,100.0,28.0,66.67,3.15,3.97,4.5,66.0,25.0,302.1256880733945,96,0.128440366972477,69.48642201834862,24,0.7889908256880734,69.68642201834862,77,0.3027522935779816,28.360091743119263,64,0.4174311926605504,65.01816513761469,51,0.5412844036697247,1.7127614678899084,49,0.5596330275229358,53.42678899082569,5,0.963302752293578,26.57990825688073,65,0.4128440366972477,4.605504587155964,57,0.481651376146789,66.3211009174312,47,0.573394495412844,3.0477981651376145,83,0.2477064220183486,3.9469724770642194,71,0.3577981651376147,1.0,0.0,-0.2857142857142857,-0.125,-0.7053571428571428,0.0772727272727272,1.8675062882750049,0.25,0.7525266274129911,0.3047619047619048,0.6486054421768709,0.2864077669902912,0.7079249499152411,0.8431372549019608,-0.724493109895359,-0.1008,0.8100823003456707,0.0,0,0,3,0.6,0,False,0.0,COLD,4.161470728224655,24.032955735364112,70.36787148976678,74.1332365540219,62.51415992384579,32.40678248453118,2.003450737743932,62.75583055687768,-0.031056550802139,0.003322486631016,-0.0640335060160427,-0.0388706851604278,-0.2091639322136617,-0.0310534975249313,-0.1267642866865519,-0.1074777985136214,0,0,70.0,0,0,0,0,10.0,0.03105,32.161,2548.0,0.0344193518518518,-0.491,-0.016,0.186,-0.089,-0.572,-10.717,0.074,-0.3518857142857142,0.2592285714285714,0.0471523809523809,-0.5701999999999999,-0.286896822119714,-0.323903927648194,2.80376618126321,150,0.0319051681004964,0.0159051681004964,0.0880886123538592,-0.0278357709162339,-0.0364346557127768,-0.03701,0.0910472632560349,0.0037166666666666,0.0597925998075998,0.602383333333333,0.0009,0.323,8.0,10.0,77.4,,0.0,0.0,0.0,0.0,0.0,0.0,0.0042005128909831,0.0442831180151978,0.0810712808041825,0.1338232125124409,0.1547410570606827,0.004048904772334,0.0300742738074267,0.0561889514505277,0.1338232125124409,0.0034346527771785,0.0496662037640082,0.0879193895587504,4.8132,20.88,0.0,0.3427,0.0,0.5064978600111497,HIGH,0.534595914269786,61248.37010155355,0.0056046049462093,0.0047143341734372,0.0048629691402695,-0.0014040920552262,False,False,OK,2.0,0.0039,0.0267,0.0572,0.137,0.5588
R2026554,63343,"Potgieter, Aldrich",0.3763500000000001,0.4362500000000001,-0.01305,-0.40305,0.35635,0.0200499999999998,314.835,48.58,65.01,56.635000000000005,-1.0381743903269962,0.3749287037037037,-0.5047543981481482,-0.4541300361550962,-0.3922965277777778,-0.7339287037037038,310.0819444444444,53.263888888888886,63.437500000000014,54.54444444444445,-0.0876397530064514,-0.80565,0.4515366205688815,-0.1310627184743513,0.1465477316264908,0.95,0.05,18,0,40.0,40.0,0,0,0,0.5,0,0,0,0,40.0,10.0,89.0,4.499809670330265,242.57142857142856,188.0,0.4901351837593944,-0.1152064800556907,-0.3076754728563506,-0.1970789252917975,-0.5355284753720111,-0.0685495338872482,-0.2159458800008226,-0.1763506477769551,-0.7335376436734264,-0.5100272868821292,0.8918918918918919,13,0.2252252252252252,87,0.036036036036036,108,0.3153153153153153,77,337.9,50.0,68.06,1.735,60.0,28.5,60.87,3.06,4.03,4.75,68.0,26.39,302.1256880733945,1,1.0,69.48642201834862,99,0.0963302752293578,69.68642201834862,68,0.3853211009174312,28.360091743119263,45,0.591743119266055,65.01816513761469,69,0.3761467889908257,1.7127614678899084,69,0.3761467889908257,53.42678899082569,45,0.5963302752293578,26.57990825688073,54,0.5091743119266054,4.605504587155964,49,0.555045871559633,66.3211009174312,86,0.2201834862385321,3.0477981651376145,60,0.4587155963302752,3.9469724770642194,86,0.2155963302752293,1.625,0.375,-2.6,-1.5,-3.05,0.009090909090909,2.492506288275005,0.15,1.1275266274129911,0.919047619047619,-1.6656802721088435,0.6407766990291263,-0.6670750500847589,0.9901960784313726,-3.069135967038216,-0.003,0.7701659272881108,0.0,0,0,3,0.6,1,False,0.0,COLD,3.835078534031414,22.262156116135174,70.09408662541648,62.852627320323656,53.52606853879106,18.59049024274156,3.315326035221323,52.77384102808187,0.0749857407407407,-0.1009508796296296,-0.1510195023148148,-0.0196148263888888,-0.1977641128848471,-0.0428795780155155,-0.1267642866865519,-0.0986108697198544,0,0,14.0,0,0,0,0,9.0,-0.01017,36.143,1760.0,-0.0068006481481481,-0.157,0.413,-0.242,-0.321,-0.007,22.548,-0.076,-0.0178857142857142,-0.1687714285714285,0.4761523809523809,-0.0052,-0.331428954396044,-0.323873179296666,3.00311228323229,150,-0.0048062075223296,-0.0388062075223297,-0.0918265525558528,0.0578923998186389,-0.224265329525018,0.00756,0.0910780116075629,0.0067333333333333,0.0721683381433381,0.592683333333333,-0.0001,-0.015,8.0,10.0,77.4,,0.0,0.0,0.0,0.0,0.0,0.0,0.0157154189007148,0.0491696985834497,0.0936753437842193,0.1718929553624161,0.1754531087662438,0.0114692150616852,0.0353649239165407,0.0695037766411054,0.1718929553624161,0.012435280102279,0.058403455677251,0.1099895918977806,6.9204,23.08,0.0,0.5882,0.0,0.5026658693988977,HIGH,0.5359130437158603,72767.07502804154,0.0084011852045928,0.01223986106376,0.0126257631394963,0.0073142336961219,False,False,OK,2.8,0.0056,0.0324,0.0722,0.1501,0.5484
R2026554,65256,"Ford, David",-0.25945,0.164875,-0.7230624999999999,-0.0948125,-0.0123125,-0.6529999999999999,290.645,61.120000000000005,60.295,60.37500000000001,-0.2448999049349387,0.2385538352272727,0.2506019886363637,-0.2212088525280988,-0.1242088068181818,0.1574005681818181,291.4138888888889,60.54166666666666,63.12777777777779,61.059375,-0.0652809481942647,1.057483333333333,0.2542714465072061,-0.0650649592009268,-0.0599198907344675,0.95,0.05,9,0,40.0,40.0,0,0,0,0.5,0,0,0,0,40.0,10.0,366.0,5.905361848054571,242.57142857142856,188.0,0.3537603152829635,-0.1152064800556907,0.4476809139281612,-0.1970789252917975,-0.26320572179457,-0.0685495338872482,0.0521418409587732,-0.1763506477769551,0.457116175771018,-0.5100272868821292,0.8108108108108109,22,0.8558558558558559,17,0.1171171171171171,99,0.5135135135135135,55,297.5,58.93,73.61,1.774,40.0,29.75,68.42,3.0,3.95,4.0,69.0,23.61,302.1256880733945,70,0.3669724770642202,69.48642201834862,82,0.2522935779816513,69.68642201834862,26,0.7660550458715596,28.360091743119263,20,0.8256880733944955,65.01816513761469,42,0.6192660550458715,1.7127614678899084,83,0.2431192660550458,53.42678899082569,72,0.3440366972477064,26.57990825688073,77,0.2981651376146789,4.605504587155964,79,0.2798165137614679,66.3211009174312,96,0.1238532110091743,3.0477981651376145,40,0.6376146788990825,3.9469724770642194,64,0.4174311926605504,-1.9333333333333331,-0.25,-0.8,-2.0,-0.3083333333333331,0.8181818181818182,-1.0658270450583287,0.3454545454545454,0.5025266274129911,0.4333333333333333,0.1343197278911565,0.7815533980582524,-1.1670750500847589,0.6470588235294118,-0.3274693003715493,-0.0084,0.6373169066533327,0.0,0,0,2,0.4,0,False,0.0,COLD,3.6611137553545934,21.705573536411237,70.8325763921942,64.32190861494527,65.29105188005713,27.726725368871968,2.4407425035697288,49.50023798191337,0.0477107670454545,0.0501203977272727,-0.0829388139204545,-0.006210440340909,-0.0275702667627744,0.0078384112023955,-0.1267642866865519,0.171024172282375,0,0,999.0,0,1,0,0,6.0,-0.01603,33.733,854.0,-0.0126606481481481,-0.245,0.359,-0.252,-0.217,-0.135,1.485,0.051,-0.1058857142857142,-0.1787714285714285,0.4221523809523809,-0.1332,-0.323799494208188,-0.111723931582752,2.85348163260434,150,0.0417876063271797,0.0257876063271797,0.0605021228271207,0.0037112170762401,-0.0413819215005144,0.21208,0.3032272593214768,0.0069,0.0829967057479557,0.633983333333333,0.0019,0.383,8.0,10.0,77.4,,0.0,0.0,0.0,0.0,0.0,0.0,0.0059508735566976,0.0382369154466811,0.0660275012340089,0.0890786798196871,0.1393837045105693,0.006568943411358,0.023649673180482,0.0517836717009277,0.0890786798196871,0.0049519281959241,0.0390562875983379,0.0617937386080421,2.686,22.86,0.0,0.5909,0.0,0.6093748849051392,ELEVATED,0.401171592992658,58734.74723761832,0.007647557350897,0.0065792993995643,0.0067867335593114,-0.0016966837941994,False,False,OK,2.6,0.0061,0.037,0.0819,0.1726,0.6001
R2026554,36824,"Peterson, Paul",-0.4596,-0.434625,-0.1058125,0.26775,-0.0333125,-0.433125,273.64374999999995,70.875,61.80625,73.125,-0.5966751207096026,-0.4529055059523809,0.2744384672619046,-0.120976131687065,-0.352418675595238,-0.3690610119047619,276.4035714285714,72.64285714285714,65.08214285714286,62.19583333333333,-0.610072451616796,0.8247000000000001,-0.4033875313018575,0.2134334092302775,-0.1918296073709334,0.95,0.05,9,0,40.0,40.0,0,0,0,0.5,0,0,0,0,40.0,10.0,292.0,5.680172609017068,242.57142857142856,188.0,-0.3376990258966902,-0.1152064800556907,0.4715173925537022,-0.1970789252917975,-0.0982998708746565,-0.0685495338872482,-0.1760680278182828,-0.1763506477769551,-0.1624646884265127,-0.5100272868821292,0.1891891891891892,91,0.8738738738738738,15,0.3783783783783784,70,0.3423423423423423,74,286.5,84.62,66.67,1.708,66.67,27.5,70.83,2.95,4.06,5.0,67.0,27.78,302.1256880733945,105,0.0458715596330275,69.48642201834862,14,0.8807339449541285,69.68642201834862,77,0.3027522935779816,28.360091743119263,83,0.2431192660550458,65.01816513761469,31,0.7201834862385321,1.7127614678899084,49,0.5596330275229358,53.42678899082569,32,0.7155963302752294,26.57990825688073,45,0.5963302752293578,4.605504587155964,41,0.6330275229357798,66.3211009174312,69,0.3715596330275229,3.0477981651376145,28,0.7522935779816514,3.9469724770642194,91,0.1697247706422018,-1.4,-0.0833333333333333,-2.333333333333333,-1.0,-0.9250000000000002,0.6636363636363637,-0.5324937117249952,0.2954545454545454,0.6691932940796578,0.8428571428571429,-1.399013605442177,0.5436893203883495,-0.1670750500847588,0.8627450980392157,-0.9441359670382165,0.1182000000000001,0.2947456530637898,0.0,0,0,2,0.4,1,False,0.0,COLD,4.446097096620657,24.699995240361734,70.00207900999524,70.58742027605902,64.50392670157069,23.073536411232748,1.8373393622084724,57.33876725368872,-0.0905811011904761,0.0548876934523809,-0.0417123511904761,-0.0176209337797619,-0.1500631621868859,-0.0275468390041827,-0.1267642866865519,-0.0436853915631262,0,0,43.0,0,0,0,0,5.0,0.00103,33.972,1433.0,0.0043993518518518,-0.437,-0.496,-0.021,0.104,-0.025,-22.131,0.087,-0.2978857142857143,0.0522285714285714,-0.432847619047619,-0.0232,-0.343639967282615,-0.378488221945026,2.69351815744036,150,0.0027834054056149,-0.0132165945943851,0.10401363601849,-0.0573899896587936,0.0428914280240258,-0.03485,0.0364629689592028,0.0025333333333333,0.0473275366762867,0.589366666666667,0.0005,0.244,8.0,10.0,77.4,,0.0,0.0,0.0,0.0,0.0,0.0,0.0013595394399749,0.0257981384915575,0.0554126674381527,0.0916885336392372,0.1297620993125293,0.0020019913237785,0.0115941320353708,0.0368743778082871,0.0916885336392372,0.0012022285547151,0.0191471464223132,0.0521205042481878,5.44,21.94,0.0,0.68,-0.08,0.4982195587530615,ELEVATED,0.5408434874956265,51365.749603501456,0.0025757271199983,0.0017556357912373,0.001810988012357,-0.0012161876800234,False,False,OK,1.1,0.003,0.0212,0.0514,0.1245,0.549
R2026554,36326,"Lipsky, David",0.3416,-0.40975,-0.3489375,0.531875,0.5004375000000001,-0.2269375,284.675,60.010000000000005,62.77500000000001,69.3125,-0.5173172403269962,-0.4956468167701863,-0.2359327769151138,0.1677603634308251,-0.0519864389233954,-0.4719701992753624,285.5869047619048,61.15773809523811,63.19761904761906,62.38333333333333,0.0175228637306538,-0.2051666666666667,-0.435168162393374,-0.3621640543511136,0.1677793102524047,0.95,0.05,15,0,40.0,40.0,0,0,0,0.5,0,0,0,0,40.0,10.0,135.0,4.912654885736052,242.57142857142856,188.0,-0.3804403367144956,-0.1152064800556907,-0.0388538516233163,-0.1970789252917975,0.3282081907195463,-0.0685495338872482,0.1243642088535597,-0.1763506477769551,-0.0101249353400931,-0.5100272868821292,0.1531531531531531,95,0.4234234234234234,65,0.90990990990991,11,0.5405405405405406,52,301.1,57.14,59.72,1.814,45.45,29.25,58.62,3.06,4.25,3.75,71.0,20.83,302.1256880733945,49,0.555045871559633,69.48642201834862,86,0.2155963302752293,69.68642201834862,106,0.036697247706422,28.360091743119263,28,0.7522935779816514,65.01816513761469,81,0.2660550458715596,1.7127614678899084,99,0.1009174311926605,53.42678899082569,64,0.4220183486238532,26.57990825688073,93,0.1559633027522936,4.605504587155964,88,0.2018348623853211,66.3211009174312,109,0.0091743119266055,3.0477981651376145,60,0.4587155963302752,3.9469724770642194,109,0.0091743119266055,-0.8333333333333334,-1.9090909090909087,-1.8333333333333333,-0.8571428571428571,0.0259740259740262,0.4636363636363636,0.0341729549416713,0.8545454545454545,-1.156564281677918,0.7571428571428571,-0.8990136054421767,0.5097087378640777,-0.0242179072276159,0.5392156862745098,0.00683805893581,0.095,0.8509863558117591,0.4096000000000001,1,0,2,0.4,0,False,3.0,WARM,4.113160399809615,22.849171822941454,69.72628081865778,66.8763541170871,71.77294621608758,22.42297953355545,1.9082579723940984,74.94273203236554,-0.0991293633540372,-0.0471865553830227,0.0649146642080745,-0.0025993219461697,-0.1577398870440995,-0.0295346450779195,-0.1267642866865519,-0.0430216671632605,0,0,999.0,0,1,0,0,9.0,-0.00164,35.548,1942.0,0.0017293518518518,-0.553,-0.378,-0.24,0.098,-0.033,-9.594,0.023,-0.4138857142857143,-0.1667714285714285,-0.314847619047619,-0.0312,-0.369060769829446,-0.537409373508307,2.8338487598719,150,0.0119672326896673,0.0079672326896673,0.02791591266909,-0.0249880876352282,-0.0443345771784109,-0.16835,-0.122458182604078,0.0023,0.0450317063492063,0.560366666666667,-0.0004,-0.149,8.0,10.0,77.4,,0.0,0.0,0.0,0.0,0.0,0.0,0.001455899666928,0.0323811703649588,0.0604003920419162,0.1348678592133318,0.1555653099386239,0.0018912771543264,0.0295471381743797,0.0517606834130097,0.1348678592133318,0.0012022285547151,0.0487956648465991,0.0879193895587504,3.6361,20.74,0.0,0.5045,0.0,0.511398240557279,ELEVATED,0.5095882277753158,55350.795265419394,0.0029869960844223,0.001941012177685,0.0020022090021012,-0.0015310964174943,False,False,OK,1.3,0.0023,0.018,0.0457,0.1116,0.5129
R2026554,36801,"Hubbard, Mark",-0.4357999999999999,0.3682499999999999,0.1796249999999999,0.0384166666666666,-0.506625,0.6204375,283.61249999999995,59.375,60.075,64.45,-0.7247740244645733,-0.2282224537037037,-0.0174000356125356,-0.0631477922102781,-0.7266879451566951,-0.2953520299145298,288.04901960784315,57.31666666666666,62.61666666666667,61.56197916666667,-0.5886739061681966,2.110716666666667,0.2529698460501832,0.0683632357434037,-0.577194439121861,0.95,0.05,19,0,40.0,40.0,0,0,0,0.5,0,0,0,0,40.0,10.0,161.0,5.087596335232384,242.57142857142856,188.0,-0.113015973648013,-0.1152064800556907,0.1796788896792619,-0.1970789252917975,0.006281094973221,-0.0685495338872482,-0.55033729737974,-0.1763506477769551,-0.2497055088167955,-0.5100272868821292,0.3513513513513513,73,0.6306306306306306,42,0.5225225225225225,54,0.09009009009009,102,297.8,62.5,76.39,1.6,33.33,27.75,58.82,2.56,3.89,6.5,64.0,36.11,302.1256880733945,68,0.3807339449541284,69.48642201834862,74,0.3302752293577982,69.68642201834862,12,0.8990825688073395,28.360091743119263,74,0.3302752293577982,65.01816513761469,79,0.2798165137614679,1.7127614678899084,9,0.9220183486238532,53.42678899082569,85,0.2293577981651376,26.57990825688073,3,0.9770642201834864,4.605504587155964,1,1.0,66.3211009174312,14,0.8807339449541285,3.0477981651376145,1,1.0,3.9469724770642194,35,0.6834862385321101,-2.4166666666666665,1.0909090909090908,0.1111111111111111,-0.8571428571428571,0.2898629148629148,0.9181818181818182,-1.5491603783916617,0.05,1.843435718322082,0.1904761904761904,1.0454308390022675,0.5097087378640777,-0.0242179072276159,0.4117647058823529,0.2707269478246986,0.1327,0.3992353803070175,0.0,0,0,2,0.4,0,False,0.0,COLD,4.9055211803902905,27.518262732032365,70.10777820085674,69.68924797715374,58.81276534983341,16.867015706806285,2.508924321751547,42.44373631603999,-0.0456444907407407,-0.0034800071225071,-0.0155671097285067,-0.0363343972578347,-0.1998162850737698,-0.0254228197626359,-0.1267642866865519,-0.0849441841711835,0,0,999.0,0,1,0,0,12.0,0.00707,33.302,2599.0,0.0104393518518518,-0.332,-0.054,0.085,0.001,-0.364,-4.746,0.012,-0.1928857142857143,0.1582285714285714,0.0091523809523809,-0.3621999999999999,-0.375254310007763,-0.331998703220105,2.83103384072905,150,-0.027445369010151,-0.043445369010151,0.0151386785353704,-0.0124324832769335,0.0196182921982591,0.04326,0.0829524876841238,0.0040333333333333,0.058923060966811,0.598216666666667,0.0003,0.08,8.0,10.0,77.4,,0.0,0.0,0.0,0.0,0.0,0.0,0.0032721882986654,0.0439677466795202,0.0814211935371852,0.1348678592133318,0.1558185016617189,0.0037290378408263,0.0295471381743797,0.0559280897982911,0.1348678592133318,0.0027281177526568,0.0487956648465991,0.0879193895587504,2.4844,20.15,0.0,0.3312,0.0,0.5065424006394065,HIGH,0.5327465705151337,60667.26852624219,0.0040751908754294,0.0035724922589671,0.003685126885382,-0.000803002576764,False,False,OK,1.6,0.004,0.0251,0.0586,0.1344,0.5509
R2026554,40006,"Van Rooyen, Erik",-1.39615,-0.464875,-0.5458124999999999,0.00825,0.0551875,-1.0095,292.8125,44.7875,55.55,62.34166666666667,-0.5479679182827302,-0.1546256684491978,-0.7073250334224599,-0.1180976644978647,0.4549176804812834,-0.9969304812834224,295.325,54.4921875,61.642187500000006,61.775000000000006,-0.8205527496175155,-0.95055,-0.4238270650768456,-0.4230607805233509,0.3822463859696691,0.95,0.05,18,0,40.0,40.0,0,0,0,0.5,0,0,0,0,40.0,10.0,222.0,5.407171771460119,242.57142857142856,188.0,-0.0394191883935071,-0.1152064800556907,-0.5102461081306624,-0.1970789252917975,-0.0735863325900244,-0.0685495338872482,0.6312683282582385,-0.1763506477769551,-0.0563474723771301,-0.5100272868821292,0.4414414414414414,63,0.1441441441441441,96,0.4234234234234234,65,0.945945945945946,7,296.1,60.71,72.22,1.712,42.86,29.25,65.0,3.19,3.93,4.5,65.0,25.0,302.1256880733945,79,0.2844036697247706,69.48642201834862,79,0.2798165137614679,69.68642201834862,37,0.6651376146788991,28.360091743119263,28,0.7522935779816514,65.01816513761469,56,0.4908256880733945,1.7127614678899084,55,0.5,53.42678899082569,67,0.3944954128440367,26.57990825688073,65,0.4128440366972477,4.605504587155964,57,0.481651376146789,66.3211009174312,28,0.7477064220183486,3.0477981651376145,89,0.1926605504587156,3.9469724770642194,55,0.5045871559633027,-0.8,-1.2,-0.6,1.75,1.575,0.4363636363636363,0.0675062882750047,0.6409090909090909,-0.4474733725870088,0.3714285714285714,0.3343197278911566,0.0388349514563106,2.582924949915241,0.0392156862745098,1.5558640329617837,0.2559,0.705029550208122,0.0,0,0,1,0.2,0,False,0.0,COLD,4.524274155164208,25.134964302713,70.55821227986674,64.89301285102333,66.01755354593051,13.841037601142313,2.167896239885769,62.68296049500239,-0.0309251336898395,-0.1414650066844919,-0.0355339666193181,0.0227458840240641,-0.1775044385470295,-0.0532184342311479,-0.1267642866865519,-0.075356661178927,0,0,999.0,0,1,0,0,8.0,-0.01059,35.519,2049.0,-0.0072206481481481,-0.522,-0.203,-0.458,0.004,0.135,1.952,-0.039,-0.3828857142857143,-0.3847714285714286,-0.139847619047619,0.1368,-0.404217077900431,-0.578994308593964,2.88733233666304,150,0.0009533211801633,-0.0150466788198366,-0.0466527380167573,0.0049190307748207,-0.0078419837979614,-0.17478,-0.164043117689735,0.00335,0.0454846440596441,0.553,0.0004,0.136,8.0,10.0,77.4,,0.0,0.0,0.0,0.0,0.0,0.0,0.001443778235872,0.0259101198286649,0.0552459019460809,0.0747060888287501,0.1296109380455485,0.0023894909168611,0.0109259335711547,0.0327011973932415,0.0747060888287501,0.0012022285547151,0.0180436490846533,0.0437993035137882,2.636,19.88,0.0,0.4718,0.0,0.4813816052601839,HIGH,0.5493119924854516,51421.6590966192,0.0037493898840739,0.002115406818427,0.0021821020103091,-0.0023056116482019,False,False,OK,1.5,0.0021,0.0206,0.0472,0.1114,0.5021
R2026554,54788,"Blanchet, Chandler",0.8191500000000002,0.51875,0.0514999999999999,-0.381875,0.11975,0.1883749999999999,287.13,70.155,68.06,57.15625,-0.7940806403269964,0.0893083333333332,-0.0247798611111111,-0.4417483694884295,-0.6450729166666667,-0.5223395833333335,289.9236111111111,65.975,65.97916666666666,55.175,0.48946379518255,1.71945,0.285900004716683,0.1238337517716926,-0.0274021046611842,0.95,0.05,19,0,40.0,40.0,0,0,0,0.5,0,0,0,0,40.0,10.0,130.0,4.875197323201151,242.57142857142856,188.0,0.2045148133890239,-0.1152064800556907,0.1722990641806864,-0.1970789252917975,-0.5183317161127519,-0.0685495338872482,-0.4687222688897115,-0.1763506477769551,-0.3945185464512044,-0.5100272868821292,0.6666666666666666,38,0.6036036036036037,45,0.045045045045045,107,0.1081081081081081,100,296.0,71.15,65.28,1.766,20.0,28.75,68.0,3.05,4.06,4.25,68.0,23.61,302.1256880733945,81,0.2660550458715596,69.48642201834862,57,0.481651376146789,69.68642201834862,85,0.2247706422018348,28.360091743119263,38,0.6605504587155964,65.01816513761469,46,0.5825688073394495,1.7127614678899084,80,0.2752293577981651,53.42678899082569,104,0.0504587155963302,26.57990825688073,77,0.2981651376146789,4.605504587155964,69,0.3715596330275229,66.3211009174312,86,0.2201834862385321,3.0477981651376145,52,0.5275229357798165,3.9469724770642194,91,0.1697247706422018,0.3636363636363636,0.6363636363636364,0.0,2.0,0.5,0.1636363636363636,1.2311426519113684,0.1,1.3888902637766276,0.2142857142857142,0.9343197278911566,0.0194174757281553,2.832924949915241,0.3529411764705882,0.4808640329617838,0.1622999999999999,0.629858890722535,0.0,0,0,4,0.8,1,False,0.0,COLD,4.650047596382676,26.62845311756307,69.6036011423132,73.71363636363637,56.88041884816754,20.219704902427416,2.123988576868158,41.6026653974298,0.0178616666666666,-0.0049559722222222,-0.1467203125,-0.0322536458333333,-0.1975614732452075,-0.036465524587087,-0.1267642866865519,-0.0983294257759105,0,0,66.0,0,0,0,0,9.0,-0.00142,33.856,1117.0,0.0019493518518518,-0.424,0.178,-0.002,-0.322,-0.277,-5.995,0.065,-0.2848857142857143,0.0712285714285714,0.2411523809523809,-0.2752,-0.449809338309923,-0.310436303188436,2.86282667668854,150,-0.0081021600724397,-0.0361021600724398,0.0776413535290085,-0.0156020006688483,-0.0225757089337901,0.13937,0.1045148877157928,0.0048666666666666,0.0632883664021164,0.594866666666667,0.0013,0.361,8.0,10.0,77.4,,0.0,0.0,0.0,0.0,0.0,0.0,0.010876679128173,0.0490253140216578,0.0970878511626082,0.1774752791298259,0.1821041729327688,0.0082131843495817,0.033507425615763,0.0672157737820468,0.1774752791298259,0.0088729863271446,0.0553358873732428,0.1108537927171442,0.0,18.15,0.0,0.6471,0.0401635202318052,0.5569637962087255,ELEVATED,0.4592802911303922,70264.26259065392,0.0046975730382877,0.0077789921690492,0.0080242506086291,0.0061791060898852,False,False,OK,1.8,0.0038,0.0305,0.0638,0.1416,0.5546
R2026554,39327,"Silverman, Ben",-0.4612999999999999,-0.2871875,-0.0018125,-0.52,-0.1046874999999999,-0.8089999999999999,288.58000000000004,67.855,68.62,62.31875,-0.5408868344074275,-0.2974885416666666,-0.2068914930555555,-0.1901328380362713,-0.0073397569444444,-0.8008977430555556,287.50625,67.40625,70.840625,63.65357142857143,-0.4104555641417158,1.8091666666666664,-0.2634488424673791,-0.0390128257067498,-0.0008231157452275,0.95,0.05,9,0,40.0,40.0,0,0,0,0.5,0,0,0,0,40.0,10.0,262.0,5.572154032177765,242.57142857142856,188.0,-0.1822820616109759,-0.1152064800556907,-0.009812567763758,-0.1970789252917975,-0.2279686952794184,-0.0685495338872482,0.1690108908325107,-0.1763506477769551,-0.0578616516099343,-0.5100272868821292,0.2882882882882883,80,0.4414414414414414,63,0.1531531531531531,95,0.5855855855855856,47,288.5,73.08,72.22,1.654,0.0,28.25,55.0,3.2,3.92,3.5,67.0,25.0,302.1256880733945,103,0.0642201834862385,69.48642201834862,53,0.5229357798165137,69.68642201834862,37,0.6651376146788991,28.360091743119263,54,0.5137614678899083,65.01816513761469,90,0.1788990825688073,1.7127614678899084,25,0.7798165137614679,53.42678899082569,108,0.018348623853211,26.57990825688073,65,0.4128440366972477,4.605504587155964,95,0.1376146788990825,66.3211009174312,69,0.3715596330275229,3.0477981651376145,96,0.1238532110091743,3.9469724770642194,50,0.5458715596330275,-0.9285714285714286,-1.7333333333333334,-2.6666666666666665,-2.125,-1.064880952380952,0.509090909090909,-0.0610651402964238,0.8181818181818182,-0.9808067059203422,0.938095238095238,-1.73234693877551,0.8155339805825242,-1.2920750500847589,0.8823529411764706,-1.0840169194191682,-0.0367,0.601438604565527,0.0,0,0,2,0.4,1,False,0.0,COLD,4.436577820085674,24.81673964778677,69.37925321275584,75.38163255592576,68.36823893384103,43.60060447405998,1.7037125178486436,60.30826558265584,-0.0594977083333333,-0.0413782986111111,-0.0741295572916666,-0.0003669878472222,-0.1795383613145851,-0.0485709034816066,-0.1267642866865519,-0.0989513899275621,0,0,43.0,0,0,0,0,5.0,-0.0202,36.058,1805.0,-0.0168306481481481,-0.566,-0.315,-0.283,-0.03,0.062,-10.004,0.022,-0.4268857142857142,-0.2097714285714285,-0.251847619047619,0.0638,-0.450792890696435,-0.506666048149509,2.79386780397995,150,0.0421423713463684,0.0261423713463684,0.0271173396525239,-0.0259761024699163,0.06947796516946,-0.05587,-0.0917148572452801,0.0024833333333333,0.0444090331890332,0.568166666666667,0.0003,0.137,8.0,10.0,77.4,,0.0,0.0,0.0,0.0,0.0,0.0,0.0027540230660254,0.0280962249599006,0.0661840318719615,0.1104003776707281,0.1418792757719149,0.0027217962125254,0.0131304962417663,0.0403013859072583,0.1104003776707281,0.0023196611975703,0.0216843773532802,0.0620098320430292,1.28,20.69,0.0,0.48,0.0,0.516645704644156,ELEVATED,0.5054347076512058,54619.69813363485,0.0030274168352183,0.0028602946949318,0.0029504749391553,-0.0002733937691929,False,False,OK,1.3,0.0024,0.0187,0.042,0.1074,0.5089
R2026554,27214,"Streelman, Kevin",0.4603,0.227375,-0.0639375,-0.0575,0.0659999999999999,0.1059374999999999,287.565,63.595000000000006,70.0,65.21875,-0.3638436776037178,-0.0511760416666666,-0.3954116003787878,-0.1023649537971071,0.1667629734848485,-0.5654444602272728,285.6454545454546,62.02045454545455,66.91818181818182,64.61749999999999,0.236789415500707,1.4663,0.2414096825310387,-0.201936987995604,-0.0862468422220225,0.95,0.05,12,0,40.0,40.0,0,0,0,0.5,0,0,0,0,40.0,10.0,425.0,6.054439346269371,242.57142857142856,188.0,0.064030438389024,-0.1152064800556907,-0.1983326750869903,-0.1970789252917975,-0.0502209206582063,-0.0685495338872482,0.3431136212618036,-0.1763506477769551,0.2171043702154624,-0.5100272868821292,0.5585585585585585,50,0.3063063063063063,78,0.4324324324324324,64,0.8198198198198198,21,294.9,67.86,72.22,1.712,66.67,27.75,80.0,3.0,3.84,5.0,67.0,27.78,302.1256880733945,89,0.1880733944954128,69.48642201834862,63,0.4266055045871559,69.68642201834862,37,0.6651376146788991,28.360091743119263,74,0.3302752293577982,65.01816513761469,12,0.8990825688073395,1.7127614678899084,55,0.5,53.42678899082569,32,0.7155963302752294,26.57990825688073,45,0.5963302752293578,4.605504587155964,41,0.6330275229357798,66.3211009174312,69,0.3715596330275229,3.0477981651376145,40,0.6376146788990825,3.9469724770642194,13,0.8853211009174312,-1.5384615384615383,-1.2857142857142858,-0.8,-0.5555555555555556,0.7343101343101344,0.7,-0.6709552501865338,0.6909090909090909,-0.5331876583012947,0.4333333333333333,0.1343197278911565,0.3932038834951456,0.2773693943596855,0.2450980392156862,0.7151741672719182,-0.0563,0.5962941108770626,0.0,0,0,3,0.6,0,False,0.0,COLD,4.113279390766302,23.11721085197525,70.30840647310805,70.40621608757735,70.03044264635888,42.441732508329366,1.9777486910994768,60.56700142789148,-0.0102352083333333,-0.0790823200757575,-0.0296926136363636,0.0083381486742424,-0.1257871552964494,-0.0305635224713349,-0.1267642866865519,0.0014511852328255,0,0,999.0,0,1,0,0,8.0,-0.0063,34.11,1254.0,-0.0029306481481481,-0.647,-0.114,-0.271,-0.109,-0.152,-7.158,0.025,-0.5078857142857143,-0.1977714285714286,-0.050847619047619,-0.1502,-0.46213113671776,-0.581761782968967,2.82807553730117,150,0.0231102347603061,0.0191102347603061,0.0296213924572494,-0.0186786038934633,0.0897588118002486,-0.11963,-0.166810592064738,0.0025333333333333,0.0434108044733045,0.551483333333333,0.0004,0.185,8.0,10.0,77.4,,0.0,0.0,0.0,0.0,0.0,0.0,0.0031806428553184,0.0269933918867609,0.0561212301290361,0.0760239132518425,0.1304043618859105,0.0029453013091158,0.0120890092309433,0.0327954768423271,0.0760239132518425,0.0026199067738759,0.0199644120956542,0.0454460035302853,3.9334,19.78,0.0,0.4065,0.0,0.5767758035647381,ELEVATED,0.4123845663360881,52962.51052482656,0.002904450093339,0.0030671557245937,0.003163857946503,0.0002761927619793,False,False,OK,1.3,0.0024,0.0185,0.0424,0.1032,0.5001
R2026554,54421,"Higgo, Garrick",-1.2216999999999998,-0.7552,-0.6431000000000001,-0.701125,0.2963,-1.8211,295.30000000000007,53.375,59.7375,65.5125,-0.978804622048162,-0.1390816666666666,-0.8233204166666666,-0.2308229500240828,-0.2378702777777777,-1.2181294444444442,295.2453125,55.203125,59.28906250000001,62.0828125,-0.944816430905946,-0.7855333333333333,-0.5037329795264427,-0.7287930365693243,0.3068533033582657,0.95,0.05,18,0,40.0,40.0,0,0,0,0.5,0,0,0,0,40.0,10.0,133.0,4.897839799950911,242.57142857142856,188.0,-0.0238751866109759,-0.1152064800556907,-0.6262414913748691,-0.1970789252917975,-0.2410001229754969,-0.0685495338872482,-0.0615196300008226,-0.1763506477769551,-0.6962039631178707,-0.5100272868821292,0.4684684684684684,60,0.081081081081081,103,0.1441441441441441,96,0.4414414414414414,63,302.0,48.21,65.28,1.787,28.57,29.5,64.0,3.25,3.95,2.75,70.0,15.28,302.1256880733945,45,0.5963302752293578,69.48642201834862,102,0.073394495412844,69.68642201834862,85,0.2247706422018348,28.360091743119263,23,0.7935779816513762,65.01816513761469,61,0.4495412844036697,1.7127614678899084,89,0.1926605504587156,53.42678899082569,95,0.1376146788990825,26.57990825688073,108,0.018348623853211,4.605504587155964,107,0.0229357798165137,66.3211009174312,105,0.0412844036697247,3.0477981651376145,104,0.0504587155963302,3.9469724770642194,64,0.4174311926605504,-0.5454545454545454,0.0,0.8333333333333334,-3.0,-0.8106060606060606,0.3545454545454545,0.3220517428204593,0.25,0.7525266274129911,0.0952380952380952,1.76765306122449,0.9514563106796116,-2.167075050084759,0.8529411764705882,-0.8297420276442767,0.0277999999999999,0.5996295152471696,0.0,0,0,0,0.0,0,False,0.0,COLD,3.442527367920038,19.12685387910519,71.00758781532603,64.54309376487387,68.39815326035222,15.34626368396002,2.1163731556401717,36.80211803902904,-0.0278163333333333,-0.1646640833333333,-0.0773874142156862,-0.0118935138888888,-0.2982836538770487,-0.0742779633677795,-0.1267642866865519,-0.2547317334512328,0,0,999.0,0,1,0,0,8.0,-0.02438,35.649,1582.0,-0.0210106481481481,-0.403,-0.006,-0.514,-0.07,0.187,5.114,-0.034,-0.2638857142857143,-0.4407714285714286,0.0571523809523809,0.1888,-0.481475784095044,-0.623900943298574,2.92371989321907,150,-0.0174709347600505,-0.0454709347600505,-0.042441603278176,0.012698325928704,-0.244000378650415,-0.14243,-0.2089497523943451,0.0033666666666666,0.045927380952381,0.5391,-0.0004,-0.107,8.0,10.0,77.4,,0.0,0.0,0.0,0.0,0.0,0.0,0.0014360030146616,0.02976000414362,0.0578815685049871,0.0837400144060761,0.131999985632273,0.0023973990718219,0.0148712211581267,0.0361667541741753,0.0837400144060761,0.0012022285547151,0.024559100079642,0.0514595156825666,1.9945,20.69,0.0,0.4737,0.0,0.485494430942212,HIGH,0.5374793843682686,52635.79231834707,0.0044148712812147,0.0022512551378713,0.0023222333970354,-0.0029788682665531,False,False,OK,1.7,0.0033,0.0217,0.0487,0.1081,0.4948
R2026554,27139,"Skinns, David",0.2914,0.0400625,-0.4061875,0.32325,0.28725,-0.1096874999999999,287.66875,56.2875,63.55,65.20833333333333,-0.1540425638516327,-0.203093961352657,0.2011588164251207,0.0625307048125287,-0.1444372584541062,0.1289819444444444,288.509375,55.821875,67.534375,67.18214285714285,-0.1209698528108071,-0.1761666666666666,-0.0928689714210782,-0.1311135266345089,-0.0508086529113218,0.95,0.05,10,0,40.0,40.0,0,0,0,0.5,0,0,0,0,40.0,10.0,297.0,5.697093486505405,242.57142857142856,188.0,-0.0878874812969663,-0.1152064800556907,0.3982377417169183,-0.1970789252917975,0.2091705936698569,-0.0685495338872482,0.0319133893228489,-0.1763506477769551,0.5680607282401539,-0.5100272868821292,0.3873873873873873,69,0.8108108108108109,22,0.7747747747747747,26,0.5045045045045045,56,300.8,65.38,66.67,1.688,25.0,27.5,41.67,3.2,4.08,5.25,66.0,29.17,302.1256880733945,52,0.5321100917431193,69.48642201834862,68,0.3853211009174312,69.68642201834862,77,0.3027522935779816,28.360091743119263,83,0.2431192660550458,65.01816513761469,106,0.036697247706422,1.7127614678899084,39,0.6513761467889908,53.42678899082569,99,0.1009174311926605,26.57990825688073,35,0.6834862385321101,4.605504587155964,29,0.7431192660550459,66.3211009174312,47,0.573394495412844,3.0477981651376145,96,0.1238532110091743,3.9469724770642194,97,0.1192660550458715,-0.75,-1.0,0.0,-2.5,-0.375,0.4227272727272727,0.1175062882750047,0.5954545454545455,-0.2474733725870088,0.2142857142857142,0.9343197278911566,0.8883495145631068,-1.6670750500847589,0.6764705882352942,-0.3941359670382162,0.1488,0.7525174940658665,0.0,0,0,3,0.6,0,False,0.0,COLD,4.32032365540219,24.265635411708708,70.18252641599238,68.08469776297002,67.88703950499762,26.62901475487863,2.2160875773441218,54.15587815326036,-0.0406187922705314,0.0402317632850241,0.0351552649456521,-0.0072218629227053,-0.0477754054365312,0.0050799549345541,-0.1267642866865519,0.1260460871010969,0,0,75.0,0,0,0,0,7.0,0.01001,34.298,1878.0,0.0133793518518518,-0.664,-0.385,-0.097,0.039,-0.221,-1.311,-0.039,-0.5248857142857143,-0.0237714285714285,-0.321847619047619,-0.2192,-0.50441566200946,-0.690699567569037,2.89151829088267,150,-0.0113923481873951,-0.0273923481873951,-0.0454995198572776,-0.0034584699439531,-0.0194690762940599,-0.18628,-0.2757483766648081,0.00245,0.0399921849446849,0.528066666666667,0.0001,0.043,8.0,10.0,77.4,,0.0,0.0,0.0,0.0,0.0,0.0,0.001450708715442,0.0291149166295913,0.0572616682481906,0.1160493992943552,0.1447194728758143,0.0019624505489742,0.0142565470262738,0.0405347878757231,0.1160493992943552,0.0012022285547151,0.0235439955794784,0.0655919063589679,3.2078,22.46,0.0,0.5373,-0.0,0.6225571609133517,MEDIUM,0.3369469129809262,53514.281174831056,0.0026619255885631,0.0018495404900051,0.0019078533671312,-0.0012112168731211,False,False,OK,1.2,0.0021,0.0203,0.0454,0.1086,0.4944
R2026554,49766,"Lebioda, Hank",0.2393999999999999,-0.3273125,0.91625,-0.0466666666666666,0.0843749999999999,0.2979375,286.35,53.69375,68.39375,67.48333333333333,-0.5895405172659608,-0.1507968749999999,0.137328125,-0.168766002351469,-0.41696875,-0.26428125,291.27833333333336,54.125,68.24,62.07142857142857,-0.1790938401884244,0.4795666666666666,-0.2074688035422563,0.7514146588107429,-0.505277439501721,0.95,0.05,17,0,40.0,40.0,0,0,0,0.5,0,0,0,0,40.0,10.0,272.0,5.60947179518496,242.57142857142856,188.0,-0.0355903949443092,-0.1152064800556907,0.3344070502917975,-0.1970789252917975,-0.1307171327794184,-0.0685495338872482,-0.2406181022230448,-0.1763506477769551,-0.1037129091963021,-0.5100272868821292,0.4594594594594595,61,0.7657657657657657,27,0.2972972972972973,79,0.2972972972972973,79,294.6,75.0,65.28,1.617,100.0,27.25,48.0,3.2,3.86,5.5,65.0,31.94,302.1256880733945,95,0.1376146788990825,69.48642201834862,49,0.5596330275229358,69.68642201834862,85,0.2247706422018348,28.360091743119263,91,0.1697247706422018,65.01816513761469,101,0.0825688073394495,1.7127614678899084,14,0.8807339449541285,53.42678899082569,5,0.963302752293578,26.57990825688073,20,0.8256880733944955,4.605504587155964,21,0.8119266055045872,66.3211009174312,28,0.7477064220183486,3.0477981651376145,96,0.1238532110091743,3.9469724770642194,21,0.8119266055045872,-0.8333333333333334,-1.0,-1.6,0.5,0.3666666666666667,0.4636363636363636,0.0341729549416713,0.5954545454545455,-0.2474733725870088,0.6666666666666666,-0.6656802721088435,0.1844660194174757,1.3329249499152411,0.3725490196078431,0.3475306996284505,-0.4100000000000001,0.8035753439058054,0.0,0,0,4,0.8,4,False,0.0,COLD,3.5723465016658733,20.346601618277017,71.09503093764874,71.53018562589244,60.57949547834365,15.90470728224655,2.0259400285578297,46.20062827225132,-0.0301593749999999,0.027465625,-0.0498166666666666,-0.0208484374999999,-0.127618294145781,-0.0178566722972972,-0.1267642866865519,-0.0011139227729074,0,0,62.0,0,0,0,0,10.0,0.01494,35.267,954.0,0.0183093518518518,-0.595,-0.346,-0.007,-0.029,-0.213,-4.091,-0.029,-0.4558857142857142,0.0662285714285714,-0.282847619047619,-0.2112,-0.513440818950611,-0.6257575771558,2.83790988881049,150,0.0,-0.04,-0.0344037213967521,-0.0106674897377645,0.0091885020777747,-0.11232,-0.2108063862515711,0.00225,0.0395404384966885,0.54785,0.0001,0.047,8.0,10.0,77.4,,0.0,0.0,0.0,0.0,0.0,0.0,0.0042232051715726,0.0274916155045433,0.0639049951954443,0.1032625340188877,0.1378234056631864,0.0034304359000243,0.0125158221099134,0.0371883350837782,0.1032625340188877,0.0035510486893178,0.0206692728531166,0.0582116642921035,1.4694,19.2,0.0,0.5143,0.0,0.5781615747677611,ELEVATED,0.4088477503317699,54978.53780378416,0.0022141318493236,0.0032623864692294,0.0033652439856482,0.002009073322249,False,False,OK,1.0,0.0023,0.0151,0.0366,0.096,0.4871
R2026554,66743,"Clanton, Luke",-1.1540499999999998,0.5141875,-0.379625,-1.0001666666666666,-0.8027499999999999,-0.9015625000000002,281.25625,60.9875,65.625,50.39166666666667,-0.792487093112977,-0.0412697544642857,0.0576021577380952,-0.2415012603967574,-0.6199930059523808,-0.3643053199404762,289.2730769230769,58.30384615384616,67.73461538461538,59.945833333333326,-0.8198358112229631,1.7154833333333332,0.1708763047174428,-0.2116448224099828,-0.487347638180116,0.95,0.05,16,0,40.0,40.0,0,0,0,0.5,0,0,0,0,40.0,10.0,330.0,5.802118375377063,242.57142857142856,188.0,0.0739367255914049,-0.1152064800556907,0.2546810830298928,-0.1970789252917975,-0.2568589997665979,-0.0685495338872482,-0.4436423581754257,-0.1763506477769551,-0.4194947617289819,-0.5100272868821292,0.5675675675675675,49,0.7027027027027027,34,0.1261261261261261,98,0.1351351351351351,97,301.1,57.14,73.61,1.792,50.0,30.5,57.89,2.88,4.02,3.25,70.0,18.06,302.1256880733945,49,0.555045871559633,69.48642201834862,86,0.2155963302752293,69.68642201834862,26,0.7660550458715596,28.360091743119263,7,0.9403669724770642,65.01816513761469,82,0.2568807339449541,1.7127614678899084,91,0.1697247706422018,53.42678899082569,57,0.4862385321100917,26.57990825688073,103,0.0642201834862385,4.605504587155964,100,0.091743119266055,66.3211009174312,105,0.0412844036697247,3.0477981651376145,11,0.908256880733945,3.9469724770642194,83,0.2477064220183486,-1.4166666666666667,-2.5,2.571428571428572,-0.8,2.844047619047619,0.6727272727272727,-0.549160378391662,0.9409090909090908,-1.7474733725870089,0.0095238095238095,3.505748299319728,0.4902912621359223,0.032924949915241,0.0098039215686274,2.824911652009403,-0.1871999999999999,0.5561774297230456,0.0,0,0,1,0.2,0,False,0.0,COLD,3.659328891004284,20.925797239409803,70.58056068538791,69.88402189433604,62.83086625416468,22.749366968110422,2.0616373155640173,52.31584959543074,-0.0082539508928571,0.011520431547619,-0.0813521334134615,-0.030999650297619,-0.1609327087489091,-0.0243786539931071,-0.1267642866865519,-0.0507451812807284,0,0,999.0,0,1,0,0,8.0,0.01369,34.053,1708.0,0.0170593518518518,-0.4,-0.22,0.111,-0.106,-0.185,-0.407,-0.011,-0.2608857142857143,0.1842285714285714,-0.156847619047619,-0.1832,-0.51236393155449,-0.407061841481197,2.86231533899543,150,-0.0107419186613114,-0.0267419186613114,-0.0126516908509779,-0.0011914748180323,-0.0062227456455777,0.1053,0.0078893494230318,0.0035666666666666,0.0553717267917268,0.5795,-0.0008,-0.185,8.0,10.0,77.4,,0.0,0.0,0.0,0.0,0.0,0.0,0.0046945988631304,0.0243522308877872,0.0526849402071413,0.0656999013447554,0.1272896051586424,0.0042549607736407,0.009366151667253,0.0332749714426726,0.0656999013447554,0.0038512942656234,0.015467744962657,0.0383005433181562,4.4077,23.7,0.0,0.3636,0.0,0.448922045720764,HIGH,0.6070399346846228,52907.13533362928,0.0041285170466602,0.0044594422993008,0.0046000409573217,0.0005660818164701,False,False,OK,1.6,0.0043,0.026,0.0561,0.1312,0.539
R2026554,45609,"Duncan, Tyler",0.1936,0.437625,0.3229375,-0.0225625,-0.5243125,0.737875,288.025,75.44375000000001,74.65625,69.02499999999999,-0.2189991235111352,0.3976625,0.310903125,-0.042156613976859,-0.548803125,0.6998874999999999,288.025,75.44375000000001,74.65625,69.02499999999999,-0.0267377864205467,1.4789666666666663,0.2413076452755245,0.1546261326652377,-0.6528899528456253,0.95,0.05,5,0,40.0,40.0,0,0,0,0.5,0,0,0,0,40.0,10.0,392.0,5.973809611869261,242.57142857142856,188.0,0.5128689800556907,-0.1152064800556907,0.5079820502917975,-0.1970789252917975,0.0599839088872482,-0.0685495338872482,-0.3724524772230448,-0.1763506477769551,0.6614276440249862,-0.5100272868821292,0.90990990990991,11,0.918918918918919,10,0.6126126126126126,44,0.1711711711711711,93,296.1,84.62,63.89,1.587,44.44,25.75,69.23,3.2,3.89,4.5,66.0,29.17,302.1256880733945,79,0.2844036697247706,69.48642201834862,14,0.8807339449541285,69.68642201834862,92,0.1651376146788991,28.360091743119263,106,0.0321100917431192,65.01816513761469,40,0.6422018348623854,1.7127614678899084,8,0.9357798165137616,53.42678899082569,65,0.4128440366972477,26.57990825688073,35,0.6834862385321101,4.605504587155964,57,0.481651376146789,66.3211009174312,47,0.573394495412844,3.0477981651376145,96,0.1238532110091743,3.9469724770642194,35,0.6834862385321101,0.1333333333333333,-0.6153846153846154,-0.3333333333333333,-0.8,-0.3256410256410256,0.209090909090909,1.0008396216083382,0.4818181818181818,0.1371420120283757,0.319047619047619,0.6009863945578233,0.4902912621359223,0.032924949915241,0.6666666666666666,-0.3447769926792418,0.1559999999999999,0.7465476095557023,0.0,0,0,3,0.6,1,False,0.0,COLD,4.545081967213115,25.251475409836065,70.56945901639344,75.3216393442623,70.42327868852459,33.3483606557377,1.5901639344262295,71.04049180327867,0.0795325,0.062180625,-0.0021414062499999,-0.02744015625,-0.017342821490415,0.0376292609797297,-0.1267642866865519,0.2486851481730384,0,0,33.0,0,0,0,0,3.0,-0.0157,33.377,567.0,-0.0123306481481481,,,,,,,,,,,,-0.53684468456267,-0.40064484603206,2.81360338272667,150,0.026080982705964,0.010080982705964,0.0853271014151064,-0.0268687131103626,0.0692177050968643,0.1362,0.0143063448721688,0.0036166666666666,0.0531606042568543,0.585416666666667,0.0011,0.429,8.0,10.0,77.4,,0.0,0.0,0.0,0.0,0.0,0.0,0.0065959641497263,0.0394065627076647,0.0720584245729946,0.1091062726316227,0.1448503151484126,0.0054082136141478,0.0247627882359015,0.0472297273897655,0.1091062726316227,0.0055488356899032,0.0408945430956859,0.0718998747029299,1.3689,19.88,0.0,0.5133,0.0,0.6507366173522319,MEDIUM,0.3212691180682403,60330.5284798786,0.0027795353634696,0.0046701502933201,0.0048173922172933,0.0038164287862567,False,False,OK,1.2,0.0035,0.0251,0.0565,0.1263,0.5432
R2026554,51894,"Whaley, Vince",0.0434,-0.4574999999999999,-0.5508125,0.1909999999999999,0.6555624999999999,-0.8173125,291.64,50.025,61.955000000000005,69.78750000000001,-0.5997810625928577,-0.7963323784722222,-0.760696701388889,-0.0846177877901282,0.7440964409722223,-1.6511887152777776,292.103125,49.7375,59.728125,63.87,-0.1120191989372919,1.1366333333333334,-0.565038961448671,-0.6290506415116757,0.7866760272881228,0.95,0.05,17,0,40.0,40.0,0,0,0,0.5,0,0,0,0,40.0,10.0,215.0,5.375278407684165,242.57142857142856,188.0,-0.6811258984165315,-0.1152064800556907,-0.5636177760970915,-0.1970789252917975,-0.0256408306960851,-0.0685495338872482,0.9204470887491774,-0.1763506477769551,-0.1432241101766944,-0.5100272868821292,0.081081081081081,103,0.1171171171171171,99,0.4774774774774775,59,1.0,1,289.4,75.0,62.5,1.667,80.0,26.75,74.07,3.2,3.92,4.5,65.0,26.39,302.1256880733945,102,0.073394495412844,69.48642201834862,49,0.5596330275229358,69.68642201834862,97,0.1146788990825688,28.360091743119263,98,0.110091743119266,65.01816513761469,23,0.7981651376146789,1.7127614678899084,31,0.7201834862385321,53.42678899082569,16,0.8577981651376146,26.57990825688073,54,0.5091743119266054,4.605504587155964,57,0.481651376146789,66.3211009174312,28,0.7477064220183486,3.0477981651376145,96,0.1238532110091743,3.9469724770642194,50,0.5458715596330275,-1.5,-0.5,-0.3333333333333333,-2.25,-0.2916666666666667,0.6863636363636364,-0.6324937117249952,0.4363636363636363,0.2525266274129911,0.319047619047619,0.6009863945578233,0.8300970873786407,-1.4170750500847589,0.6372549019607843,-0.3108026337048829,-0.1252,0.5202136313306508,0.0,0,0,5,1.0,5,False,0.0,COLD,4.088886244645407,23.13044264635888,71.0452917658258,63.1996335078534,64.08052356020943,25.03791051880057,2.3750594954783435,54.67705854355069,-0.1592664756944444,-0.1521393402777778,-0.0235475911458333,0.0372048220486111,-0.2767546090028693,-0.0924673107873498,-0.1267642866865519,-0.2393462590153999,0,0,43.0,0,0,0,0,7.0,-0.02274,38.074,2389.0,-0.0193706481481481,-0.696,-0.721,-0.54,0.164,0.402,-2.356,-0.084,-0.5568857142857142,-0.4667714285714286,-0.657847619047619,0.4038,-0.536485429950897,-0.8354902382648,2.80422607946864,150,-0.0286309091679581,-0.0206309091679581,-0.0991154375154831,-0.0061755755355808,0.0046019958061588,-0.299,-0.420539047360571,0.00115,0.0269003204665705,0.504466666666667,-0.0007,-0.378,8.0,10.0,77.4,,0.0,0.0,0.0,0.0,0.0,0.0,0.0014296729294513,0.0209305465960816,0.0532521645696406,0.0772305319430642,0.1278037544123791,0.0013456144620264,0.0057680326952801,0.0256037088189582,0.0772305319430642,0.0012022285547151,0.0095256260881185,0.040300583294912,1.4722,19.99,0.0,0.4417,0.0,0.6014911856799912,MEDIUM,0.3569268776000126,50048.097505900856,0.002771134665262,0.0018631594512049,0.0019219017110968,-0.0013414617358106,False,False,OK,1.2,0.0016,0.0096,0.0282,0.0736,0.4522
R2026554,57586,"Svensson, Jesper",0.1064,0.429375,-0.5413125,0.4169166666666666,-0.988875,0.4558125,304.125,59.64375,62.150000000000006,58.3,-0.3424329639646884,0.3110380208333334,-0.258219564636752,-0.0138947009845726,-0.3240916533119659,0.144879233440171,306.52083333333337,54.833333333333336,64.23541666666667,61.75454545454546,-0.0380195226640679,2.0241,0.3412639801610683,-0.551420719697012,-0.5453821905219877,0.95,0.05,14,0,40.0,40.0,0,0,0,0.5,0,0,0,0,40.0,10.0,189.0,5.247024072160486,242.57142857142856,188.0,0.4262445008890241,-0.1152064800556907,-0.0611406393449545,-0.1970789252917975,0.0872151588872482,-0.0685495338872482,-0.1477410055350107,-0.1763506477769551,0.2674377493363416,-0.5100272868821292,0.8468468468468469,18,0.3873873873873873,69,0.6666666666666666,38,0.3873873873873873,69,323.9,50.0,75.0,1.889,33.33,31.75,50.0,3.15,4.0,3.0,67.0,18.06,302.1256880733945,5,0.963302752293578,69.48642201834862,99,0.0963302752293578,69.68642201834862,18,0.8394495412844036,28.360091743119263,1,1.0,65.01816513761469,98,0.1055045871559633,1.7127614678899084,108,0.018348623853211,53.42678899082569,85,0.2293577981651376,26.57990825688073,103,0.0642201834862385,4.605504587155964,104,0.0504587155963302,66.3211009174312,69,0.3715596330275229,3.0477981651376145,83,0.2477064220183486,3.9469724770642194,79,0.2844036697247706,-2.8181818181818183,-1.0,-1.25,-3.8333333333333335,-0.6325757575757578,0.968181818181818,-1.9506755299068133,0.5954545454545455,-0.2474733725870088,0.5714285714285714,-0.3156802721088434,1.0,-3.000408383418092,0.7843137254901961,-0.651711724613974,0.0678999999999999,0.846719158477788,0.0,0,0,2,0.4,0,False,0.0,COLD,4.016658733936221,23.27311756306521,70.19657210851976,70.51868633983818,57.07118514992861,16.655516420752026,2.670276059019515,53.354959543074735,0.0622076041666666,-0.0516439129273504,0.0046664062499999,-0.0162045826655982,-0.0579329151335191,0.0047249265130515,-0.1267642866865519,0.1098372950314353,0,0,999.0,0,1,0,0,7.0,-0.01689,36.606,1991.0,-0.0135206481481481,-0.417,0.221,-0.3,-0.094,-0.244,12.823,-0.043,-0.2778857142857143,-0.2267714285714285,0.2841523809523809,-0.2422,-0.548509205722194,-0.390321675092021,3.02059364169313,150,0.0184784938498402,0.0024784938498402,-0.0509637780621656,0.0330776046210216,-0.0416564932549187,0.15819,0.0246295158122079,0.0058333333333333,0.0663960990860991,0.57545,0.0007,0.137,8.0,10.0,77.4,,0.0,0.0,0.0,0.0,0.0,0.0,0.0066367262157048,0.0484407312301497,0.0905294726277267,0.1593297323380657,0.1697369407603066,0.0064599982239433,0.0341212587670231,0.0648002052972513,0.1593297323380657,0.0055488356899032,0.0563496030347682,0.1031587527180852,2.0812,18.49,0.0,0.3226,0.0,0.5678053134043808,ELEVATED,0.4354709808508846,65744.88739061737,0.0062493889709546,0.0064790090716013,0.0066832812472756,0.0003873372447501,False,False,OK,2.2,0.0068,0.033,0.0701,0.1457,0.5427
R2026554,55573,"VanDerLaan, John",0.2229499999999999,0.0603749999999999,-0.0960624999999999,0.3304166666666667,-0.112125,0.121375,290.4375,55.03125,68.05624999999999,66.24166666666666,-0.8603204823422799,-0.154203125,-0.6627447916666668,-0.0326836255142788,-0.4758072916666666,-0.8539635416666665,295.0527777777777,59.58611111111111,66.48722222222221,58.808928571428574,-0.4730466094436996,1.9480166666666667,-0.0785308215403488,-0.6035362831362596,-0.2837555924498363,0.95,0.05,17,0,40.0,40.0,0,0,0,0.5,0,0,0,0,40.0,10.0,289.0,5.66988092298052,242.57142857142856,188.0,-0.0389966449443092,-0.1152064800556907,-0.4656658663748693,-0.1970789252917975,0.0532662005539148,-0.0685495338872482,-0.2994566438897115,-0.1763506477769551,-0.5202374190002237,-0.5100272868821292,0.4504504504504504,62,0.1621621621621621,94,0.5855855855855856,47,0.2522522522522522,84,303.9,82.69,70.83,1.725,100.0,28.0,80.95,3.0,3.89,6.0,65.0,34.72,302.1256880733945,38,0.6559633027522935,69.48642201834862,18,0.8440366972477065,69.68642201834862,48,0.5688073394495413,28.360091743119263,64,0.4174311926605504,65.01816513761469,9,0.926605504587156,1.7127614678899084,65,0.4128440366972477,53.42678899082569,5,0.963302752293578,26.57990825688073,10,0.9174311926605504,4.605504587155964,9,0.926605504587156,66.3211009174312,28,0.7477064220183486,3.0477981651376145,40,0.6376146788990825,3.9469724770642194,35,0.6834862385321101,-1.5,0.0,-1.25,1.0,0.625,0.6863636363636364,-0.6324937117249952,0.25,0.7525266274129911,0.5714285714285714,-0.3156802721088434,0.1213592233009708,1.832924949915241,0.284313725490196,0.6058640329617838,-0.0320999999999999,0.6458069887099912,1.0,0,0,3,0.6,3,False,1.5,NEUTRAL,3.6204188481675392,21.39929557353641,70.92247786768205,73.10047120418848,63.6022846263684,20.01234174202761,2.0094002855782964,51.72721561161352,-0.030840625,-0.1325489583333333,-0.0038208333333333,-0.0237903645833333,-0.2501480806479372,-0.050613696509009,-0.1267642866865519,-0.183243258358493,0,0,10.0,0,0,1,0,8.0,-0.02801,36.896,889.0,-0.0246406481481481,-0.392,0.091,-0.363,0.001,-0.122,3.211,-0.007,-0.2528857142857142,-0.2897714285714285,0.1541523809523809,-0.1202,-0.552310967062898,-0.384790133707891,2.88754165381075,150,0.0,-0.04,-0.0078521824921374,0.0082452647573475,0.0709616882309154,0.16752,0.0301610571963378,0.0041333333333333,0.0599991810966811,0.578266666666667,0.0001,0.025,8.0,10.0,77.4,,0.0,0.0,0.0,0.0,0.0,0.0,0.0026822275043729,0.0307498705917975,0.0652624783105606,0.10401113379278,0.1386902646811352,0.0035047035536513,0.0163545509517669,0.0449784302795527,0.10401113379278,0.0023196611975703,0.0270087472515703,0.0620098320430292,2.48875,19.88,0.0,0.5,-0.0359624921415707,0.5128640862859848,ELEVATED,0.5151655910200219,54804.119882249215,0.0048987027982725,0.0034134831147017,0.00352110445228,-0.0022164752938996,False,False,OK,1.9,0.0049,0.0273,0.0602,0.1365,0.5502
R2026554,55851,"Nyholm, Pontus",0.30655,0.361625,-0.4664999999999999,0.2719166666666666,-0.3283125,0.3190624999999999,297.49375,53.31875,61.46875,61.525,-0.7397758756211138,-0.642015625,-0.7720625000000001,0.0318901305115705,0.1150781249999999,-1.2925625,302.31,45.14666666666667,62.23833333333334,63.10714285714285,0.117801332429908,1.6314833333333334,0.0857478513258258,-0.2755699436454328,-0.1880885673928496,0.95,0.05,17,0,40.0,40.0,0,0,0,0.5,0,0,0,0,40.0,10.0,277.0,5.627621113690637,242.57142857142856,188.0,-0.5268091449443093,-0.1152064800556907,-0.5749835747082026,-0.1970789252917975,0.1394995338872482,-0.0685495338872482,0.2914287727769551,-0.1763506477769551,-0.3190952621374786,-0.5100272868821292,0.1081081081081081,100,0.1081081081081081,100,0.7297297297297297,31,0.7477477477477478,29,316.8,69.23,65.28,1.723,66.67,27.75,72.0,3.15,3.83,5.0,66.0,27.78,302.1256880733945,9,0.926605504587156,69.48642201834862,61,0.4449541284403669,69.68642201834862,85,0.2247706422018348,28.360091743119263,74,0.3302752293577982,65.01816513761469,29,0.7431192660550459,1.7127614678899084,64,0.4220183486238532,53.42678899082569,32,0.7155963302752294,26.57990825688073,45,0.5963302752293578,4.605504587155964,41,0.6330275229357798,66.3211009174312,47,0.573394495412844,3.0477981651376145,83,0.2477064220183486,3.9469724770642194,10,0.9128440366972476,0.75,0.375,-1.0,-0.8571428571428571,,0.1,1.6175062882750049,0.15,1.1275266274129911,0.4904761904761904,-0.0656802721088434,0.5097087378640777,-0.0242179072276159,,,0.1976,0.688444300982698,0.0,0,0,2,0.4,2,False,0.0,COLD,4.313660161827701,24.37744407425036,70.80810566396954,67.71905759162304,65.48839600190387,26.414435982865303,2.22453593526892,42.566111375535456,-0.128403125,-0.1544125,0.0177375,0.0057539062499999,-0.3097905272992615,-0.0781297719594594,-0.1267642866865519,-0.2542031119620966,0,0,43.0,0,0,0,0,9.0,-0.03048,37.21,928.0,-0.0271106481481481,-0.48,0.05,-0.411,-0.103,-0.015,11.755,-0.085,-0.3408857142857142,-0.3377714285714285,0.1131523809523809,-0.0132,-0.555495362363782,-0.542113400111656,2.91485810483391,150,0.0,-0.04,-0.0999870193656627,0.0303765508988296,0.0298413782914506,0.01338,-0.1271622092074271,0.0034166666666666,0.0479681032393532,0.553016666666667,0.0002,0.062,8.0,10.0,77.4,,0.0,0.0,0.0,0.0,0.0,0.0,0.002730944435313,0.025292775331973,0.0535887613628759,0.052545237901844,0.1281088558880801,0.003164652890334,0.0104288507200633,0.0288689050458811,0.052545237901844,0.0023196611975703,0.0172227408782579,0.0332784213435243,2.48875,19.88,0.0,0.5,-0.0184535092956942,0.4826119056541995,HIGH,0.5475615633511437,51912.840764618144,0.0036848627818997,0.0030787258114165,0.0031757928185548,-0.0009539183465866,False,False,OK,1.5,0.0031,0.0201,0.0504,0.1152,0.5188
R2026554,40162,"Lower, Justin",-0.529,0.3666875,-0.24075,-0.3530833333333333,-0.41575,-0.1431249999999999,282.63125,66.74375,62.50625,59.61666666666667,-1.0808850414926066,-0.1907195512820513,-0.7239121794871793,-0.1677650827792361,-0.5405753205128205,-1.116090865384615,285.74791666666664,64.76319444444444,60.34722222222223,59.877272727272725,-1.2362053042606371,1.8766666666666665,0.16303657856367,-0.4574125802945225,-0.7163366528966018,0.95,0.05,14,0,40.0,40.0,0,0,0,0.5,0,0,0,0,40.0,10.0,345.0,5.846438775057724,242.57142857142856,188.0,-0.0755130712263606,-0.1152064800556907,-0.5268332541953819,-0.1970789252917975,-0.1473498250871107,-0.0685495338872482,-0.3642246727358654,-0.1763506477769551,-0.847808546451204,-0.5100272868821292,0.4054054054054054,67,0.1261261261261261,98,0.2522522522522522,84,0.1891891891891892,91,295.3,86.54,72.22,1.635,60.0,28.0,65.0,3.1,3.86,5.25,64.0,29.17,302.1256880733945,88,0.2018348623853211,69.48642201834862,11,0.908256880733945,69.68642201834862,37,0.6651376146788991,28.360091743119263,64,0.4174311926605504,65.01816513761469,56,0.4908256880733945,1.7127614678899084,20,0.8211009174311926,53.42678899082569,45,0.5963302752293578,26.57990825688073,35,0.6834862385321101,4.605504587155964,29,0.7431192660550459,66.3211009174312,14,0.8807339449541285,3.0477981651376145,67,0.3899082568807339,3.9469724770642194,21,0.8119266055045872,-1.6666666666666667,-0.5,-2.4,-0.8571428571428571,,0.7636363636363637,-0.799160378391662,0.4363636363636363,0.2525266274129911,0.861904761904762,-1.465680272108843,0.5097087378640777,-0.0242179072276159,,,-0.1570000000000001,0.5262445565830903,0.0,0,0,2,0.4,1,False,0.0,COLD,3.767848643503094,21.195092812946218,70.49926035221324,69.19255592574964,66.21231794383627,24.21265587815326,2.4864350309376486,39.10092812946216,-0.0381439102564102,-0.1447824358974358,-0.0539748397435897,-0.027028766025641,-0.309183461394068,-0.0690134442134442,-0.1267642866865519,-0.2709195663973011,0,0,33.0,0,0,0,0,8.0,-0.00813,33.801,2150.0,-0.0047606481481481,-0.626,-0.252,-0.209,-0.048,-0.118,-10.504,0.033,-0.4868857142857142,-0.1357714285714285,-0.188847619047619,-0.1162,-0.598750214320468,-0.526782340286816,2.84120841550497,150,0.0414725158411973,0.0374725158411973,0.0399607040308003,-0.0272779830586222,0.105753462506386,0.07197,-0.1118311493825871,0.0029166666666666,0.0455226948051948,0.560816666666667,0.0005,0.208,8.0,10.0,77.4,,0.0,0.0,0.0,0.0,0.0,0.0,0.0027998742091879,0.0208250221253509,0.0492954503006412,0.0342027962450713,0.124217269375503,0.0029274082415079,0.005688407480695,0.0226500710473366,0.0342027962450713,0.0023196611975703,0.0093941289102428,0.0206707958806194,3.2405,19.59,0.0,0.4953,0.0,0.4372718361394921,HIGH,0.6156759483721542,50358.46538682451,0.0037710612504646,0.0031541583461986,0.0032536036133188,-0.0009711870412766,False,False,OK,1.5,0.003,0.0205,0.0477,0.1162,0.5187
R2026554,29535,"Garnett, Brice",-1.5757,-0.2148749999999999,-0.774875,-0.349,-0.573625,-1.19125,280.85,59.81249999999999,60.41875,52.366666666666674,-0.7529064366200765,-0.28026171875,-0.4116482244318181,-0.0893897534750684,0.0920915009469697,-0.7754924479166666,285.035,63.49666666666667,64.73166666666667,62.88928571428572,-0.725311165499893,0.3919333333333332,-0.0359345630300459,-0.3398010263861732,-0.2324998499344609,0.95,0.05,17,0,40.0,40.0,0,0,0,0.5,0,0,0,0,40.0,10.0,306.0,5.726847747587197,242.57142857142856,188.0,-0.1650552386943093,-0.1152064800556907,-0.2145692991400206,-0.1970789252917975,-0.0359314130824487,-0.0685495338872482,0.2684421487239248,-0.1763506477769551,-0.4187571547205988,-0.5100272868821292,0.2972972972972973,79,0.2792792792792792,81,0.4594594594594595,61,0.7297297297297297,31,300.0,80.77,66.67,1.583,33.33,27.25,54.17,3.1,4.0,5.75,66.0,31.94,302.1256880733945,56,0.4954128440366973,69.48642201834862,24,0.7889908256880734,69.68642201834862,77,0.3027522935779816,28.360091743119263,91,0.1697247706422018,65.01816513761469,92,0.1605504587155963,1.7127614678899084,6,0.9541284403669724,53.42678899082569,85,0.2293577981651376,26.57990825688073,20,0.8256880733944955,4.605504587155964,15,0.8715596330275229,66.3211009174312,47,0.573394495412844,3.0477981651376145,67,0.3899082568807339,3.9469724770642194,79,0.2844036697247706,-0.6666666666666666,-0.0769230769230769,0.2,-2.333333333333333,-0.6948717948717948,0.3863636363636363,0.2008396216083381,0.2818181818181818,0.6756035504899143,0.1619047619047619,1.1343197278911563,0.8640776699029126,-1.5004083834180924,0.8235294117647058,-0.714007761910011,0.251,0.8257050859047005,0.4096000000000001,1,0,2,0.4,1,False,3.0,WARM,4.456568300809138,24.92910518800571,69.94267396477868,72.74122798667302,55.454697762970014,31.8584483579248,2.3741075678248458,58.32024750118991,-0.05605234375,-0.0823296448863636,-0.0261202367424242,0.0046045750473484,-0.176567848627025,-0.046037277142199,-0.1267642866865519,-0.0858682102421949,0,0,66.0,0,0,0,0,6.0,-0.01089,34.78,2024.0,-0.0075206481481481,-0.771,-0.284,-0.363,-0.093,-0.032,-11.497,0.057,-0.6318857142857143,-0.2897714285714285,-0.220847619047619,-0.0302,-0.647935741909598,-0.732374359088726,2.81387316292535,150,-0.0311438810641882,-0.0471438810641882,0.0687690803897573,-0.0298508074945301,0.0102018725845724,-0.08444,-0.317423168184497,0.0017666666666666,0.0322213612313612,0.5194,0.0001,0.061,8.0,10.0,77.4,,0.0,0.0,0.0,0.0,0.0,0.0,0.0014202173086214,0.0215999615923128,0.0519724690808008,0.0709733704632125,0.1266437998615941,0.0016382161955785,0.0064420662571441,0.0262267671530698,0.0709733704632125,0.0012022285547151,0.0106387598063814,0.0380635828322137,0.692,17.5,0.0,0.5294,0.0,0.4420243493673176,HIGH,0.5911366437609749,49991.88442241192,0.0022736672322731,0.0017144475073713,0.0017685011317048,-0.0008534499236516,False,False,OK,1.0,0.0011,0.0116,0.0332,0.086,0.4804
R2026554,56781,"Salinda, Isaiah",-1.7400000000000002,0.4679375,-0.6913125000000001,-0.6783125,-1.3020625,-0.9016875000000002,299.49,56.145,62.78,54.95625,-0.8929673868810986,0.6163569444444446,-0.6728773358585858,-0.3353276000879699,-0.3789763888888889,-0.7313842803030304,300.9404761904762,57.11309523809524,65.74761904761905,60.09305555555556,-1.1240599259017094,1.158283333333333,0.6265652148963994,-0.5787675802116898,-0.7526381607691078,0.95,0.05,7,0,40.0,40.0,0,0,0,0.5,0,0,0,0,40.0,10.0,380.0,5.942799375126701,242.57142857142856,188.0,0.7315634245001352,-0.1152064800556907,-0.4757984105667883,-0.1970789252917975,-0.6063137868198223,-0.0685495338872482,-0.2026257411119337,-0.1763506477769551,-0.870318409088567,-0.5100272868821292,0.990990990990991,2,0.1531531531531531,95,0.018018018018018,110,0.3333333333333333,75,314.6,75.0,72.22,1.827,60.0,30.5,65.0,3.2,3.94,4.5,66.0,26.39,302.1256880733945,12,0.8944954128440367,69.48642201834862,49,0.5596330275229358,69.68642201834862,37,0.6651376146788991,28.360091743119263,7,0.9403669724770642,65.01816513761469,56,0.4908256880733945,1.7127614678899084,100,0.0871559633027523,53.42678899082569,45,0.5963302752293578,26.57990825688073,54,0.5091743119266054,4.605504587155964,57,0.481651376146789,66.3211009174312,47,0.573394495412844,3.0477981651376145,96,0.1238532110091743,3.9469724770642194,58,0.4724770642201835,-0.7058823529411765,-0.7333333333333333,-1.2222222222222223,-3.125,-1.4540032679738562,0.4,0.1616239353338282,0.5181818181818182,0.0191932940796578,0.5476190476190477,-0.2879024943310657,0.9611650485436892,-2.292075050084759,0.9215686274509804,-1.4731392350120724,-0.4589999999999998,0.4876246279442597,0.0,0,0,2,0.4,2,False,0.0,COLD,3.331967213114754,19.78918032786885,71.27063934426229,68.89639344262294,63.16770491803279,29.1983606557377,2.459016393442623,60.58852459016393,0.1232713888888889,-0.1345754671717171,-0.1687158301767676,-0.0189488194444444,-0.1623191364303549,-0.0405036052245427,-0.1267642866865519,-0.0808064766904612,0,0,57.0,0,0,0,0,3.0,-0.00983,34.648,1290.0,-0.0064606481481481,-0.465,0.344,-0.113,-0.225,-0.471,9.854,-0.007,-0.3258857142857143,-0.0397714285714285,0.4071523809523809,-0.4691999999999999,-0.676383214278607,-0.362035219382346,2.92526558960845,150,0.0048495850731373,-0.0111504149268626,-0.0079144840356264,0.0254521857288753,0.0056245590557443,0.31435,0.0529159715218828,0.0049333333333333,0.0635199350649351,0.582,0.0011,0.283,8.0,10.0,77.4,,0.0,0.0,0.0,0.0,0.0,0.0,0.0062181625587376,0.02725650106006,0.0554758139823211,0.0355288737006238,0.129819337242891,0.0057557284601018,0.0122359959634268,0.030877541819302,0.0355288737006238,0.0051321942014583,0.0202071535514539,0.0271715718010766,2.6297,20.51,0.0,0.4865,0.0086170416783752,0.4418651994520535,HIGH,0.618192572211352,54980.91550202777,0.0051361138345741,0.0057605241564251,0.0059421437203821,0.0010820487241634,False,False,OK,1.9,0.0045,0.0296,0.0659,0.1385,0.5517
R2026554,54783,"Wu, Dylan",-0.0595,-0.001375,0.0284999999999999,0.0069999999999999,-0.1370624999999999,0.034125,287.34000000000003,64.495,70.285,64.2125,-0.698353882974055,-0.3682639583333333,0.1211370833333333,-0.1249527194884294,-0.4498008333333333,-0.3939972916666666,289.5883333333333,61.040000000000006,68.06333333333333,58.32857142857143,-0.4504958338368793,1.0697833333333335,-0.1647097341001721,-0.0882628541243485,-0.2411807301865209,0.95,0.05,16,0,40.0,40.0,0,0,0,0.5,0,0,0,0,40.0,10.0,435.0,6.077642243349034,242.57142857142856,188.0,-0.2530574782776426,-0.1152064800556907,0.3182160086251308,-0.1970789252917975,-0.0783377577794184,-0.0685495338872482,-0.2734501855563782,-0.1763506477769551,-0.2615647167943413,-0.5100272868821292,0.2522522522522522,84,0.7567567567567568,28,0.4054054054054054,67,0.2792792792792792,81,285.9,80.77,58.33,1.69,71.43,26.75,76.67,3.15,3.97,4.0,67.0,23.61,302.1256880733945,106,0.036697247706422,69.48642201834862,24,0.7889908256880734,69.68642201834862,107,0.0229357798165137,28.360091743119263,98,0.110091743119266,65.01816513761469,19,0.8348623853211009,1.7127614678899084,40,0.6422018348623854,53.42678899082569,26,0.7706422018348624,26.57990825688073,77,0.2981651376146789,4.605504587155964,79,0.2798165137614679,66.3211009174312,69,0.3715596330275229,3.0477981651376145,83,0.2477064220183486,3.9469724770642194,71,0.3577981651376147,-0.75,-0.3333333333333333,2.5,-0.5,1.5416666666666663,0.4227272727272727,0.1175062882750047,0.3727272727272727,0.4191932940796578,0.019047619047619,3.4343197278911566,0.3689320388349514,0.3329249499152411,0.0588235294117647,1.5225306996284502,0.0845000000000001,0.4823553323709262,0.0,0,0,3,0.6,1,False,0.0,COLD,3.785816277962875,21.032113279390767,70.27783817229891,69.08713469776299,63.109076630176105,20.69106139933365,2.1357686815802,55.13505473584008,-0.0736527916666666,0.0242274166666666,-0.0367218229166666,-0.0224900416666666,-0.1761584016235858,-0.0299188105292792,-0.1267642866865519,-0.0686029374125471,0,0,57.0,0,0,0,0,9.0,-0.01001,35.191,1504.0,-0.0066406481481481,-0.729,-0.437,-0.186,-0.023,-0.083,-7.625,-0.004,-0.5898857142857142,-0.1127714285714285,-0.373847619047619,-0.0812,-0.697436506675527,-0.762073867528879,2.76633963833378,150,-0.0491081839058423,-0.0531081839058423,-0.0041198973728247,-0.0198203714297756,0.0153685011207724,-0.06464,-0.3471226766246501,0.0016166666666666,0.0292615466015466,0.516483333333333,-0.0,-0.0,8.0,10.0,77.4,,0.0,0.0,0.0,0.0,0.0,0.0,0.0014315902711847,0.0215830715473531,0.0500239019000668,0.0525884278380716,0.1248775598548782,0.0015670428009307,0.0064420662571441,0.0217030253641486,0.0525884278380716,0.0012022285547151,0.0106387598063814,0.029706790729877,1.6304,19.16,0.0,0.5,0.0,0.504408680947744,ELEVATED,0.5007661700746512,49702.43122600689,0.0018218557678037,0.0015765280629045,0.0016262333208941,-0.0003902654966189,False,False,OK,0.9,0.0021,0.0123,0.0301,0.0861,0.4736
R2026554,40115,"Svensson, Adam",-0.5846500000000001,0.007,-0.0364999999999999,0.2325833333333333,-0.65025,-0.0540624999999999,280.45000000000005,57.34375,64.93124999999999,66.13333333333333,-0.5619997157981622,-0.3761110416666666,0.2781455208333333,-0.0572451121214217,-0.6756089583333333,-0.1963594791666666,284.4482142857143,60.27321428571429,65.88214285714285,58.95384615384615,-0.6043393636780652,0.4362833333333333,-0.1404500806950911,0.3065633173064764,-0.6700265992271057,0.95,0.05,16,0,40.0,40.0,0,0,0,0.5,0,0,0,0,40.0,10.0,519.0,6.253828811575473,242.57142857142856,188.0,-0.2609045616109759,-0.1152064800556907,0.4752244461251308,-0.1970789252917975,0.016788745196772,-0.0685495338872482,-0.4992583105563782,-0.1763506477769551,-0.0771867756178709,-0.5100272868821292,0.2432432432432432,85,0.8828828828828829,14,0.5405405405405406,52,0.0990990990990991,101,290.8,76.92,61.11,1.5,50.0,25.75,60.71,3.0,3.94,6.25,66.0,34.72,302.1256880733945,100,0.091743119266055,69.48642201834862,41,0.6330275229357798,69.68642201834862,103,0.0642201834862385,28.360091743119263,106,0.0321100917431192,65.01816513761469,70,0.3669724770642202,1.7127614678899084,1,1.0,53.42678899082569,57,0.4862385321100917,26.57990825688073,10,0.9174311926605504,4.605504587155964,4,0.9678899082568808,66.3211009174312,47,0.573394495412844,3.0477981651376145,40,0.6376146788990825,3.9469724770642194,58,0.4724770642201835,-2.0,-0.4166666666666667,-2.4285714285714284,-1.25,-0.6309523809523809,0.8409090909090909,-1.1324937117249951,0.3909090909090909,0.3358599607463244,0.8761904761904762,-1.4942517006802718,0.6116504854368932,-0.4170750500847588,0.7745098039215687,-0.6500883479905971,-0.1281999999999999,0.5240441033178622,0.0,0,0,3,0.6,1,False,0.0,COLD,3.4673964778676822,19.675192765349838,71.068939552594,66.7081722989053,66.01867206092338,31.41291765825797,2.180271299381247,58.43331746787245,-0.0752222083333333,0.0556291041666666,-0.012940197172619,-0.0337804479166666,-0.1551734853857108,-0.0179870248753217,-0.1267642866865519,-0.0421918792561764,0,0,39.0,0,0,0,0,8.0,0.00627,33.89,2155.0,0.0096393518518518,-0.782,-0.5,-0.098,0.027,-0.211,-9.186,0.005,-0.6428857142857143,-0.0247714285714285,-0.436847619047619,-0.2092,-0.725446226766863,-0.73483182773337,2.82696716134646,150,0.0060658154239097,0.0140658154239098,0.0067908090238731,-0.0238650388570051,0.0364057784387106,-0.00939,-0.3198806368291411,0.0018166666666666,0.0330977254689755,0.521666666666667,0.0004,0.279,8.0,10.0,77.4,,0.0,0.0,0.0,0.0,0.0,0.0,0.0027810041780672,0.021568613136104,0.050010008013344,0.0525884278380716,0.124864966017303,0.0024054700140906,0.0064420662571441,0.0228538790243772,0.0525884278380716,0.0023196611975703,0.0106387598063814,0.029706790729877,2.4337,18.01,0.0,0.3786,0.0,0.5321185912470059,ELEVATED,0.4634020125042773,50612.15239064292,0.0021399865564478,0.0025043454866119,0.0025833032555449,0.0006410176216193,False,False,OK,1.0,0.0016,0.0128,0.0302,0.0747,0.4671
R2026554,34466,"Malnati, Peter",-1.38825,-1.0711875,-0.3229999999999999,-0.3519166666666667,0.2198125,-1.9241250000000003,285.06875,48.28125,55.2,61.89166666666667,-0.9711899283704744,-0.7076425378787878,-0.8063454166666668,0.0849974941479341,0.1916588636363636,-1.4454123106060608,291.04821428571427,53.448214285714286,59.82678571428572,63.93653846153846,-1.6278112657581725,-0.0299166666666663,-1.136019998777028,-0.4080595727405147,0.2164135440226683,0.95,0.05,16,0,40.0,40.0,0,0,0,0.5,0,0,0,0,40.0,10.0,515.0,6.246106765481563,242.57142857142856,188.0,-0.5924360578230972,-0.1152064800556907,-0.6092664913748693,-0.1970789252917975,0.2132597611599755,-0.0685495338872482,0.3680095114133187,-0.1763506477769551,-0.6405036687338128,-0.5100272868821292,0.0990990990990991,101,0.09009009009009,102,0.7927927927927928,24,0.8558558558558559,17,299.1,80.77,72.22,1.635,33.33,27.5,60.0,3.15,3.83,5.75,64.0,33.33,302.1256880733945,59,0.4678899082568807,69.48642201834862,24,0.7889908256880734,69.68642201834862,37,0.6651376146788991,28.360091743119263,83,0.2431192660550458,65.01816513761469,72,0.3440366972477064,1.7127614678899084,20,0.8211009174311926,53.42678899082569,85,0.2293577981651376,26.57990825688073,15,0.8669724770642202,4.605504587155964,15,0.8715596330275229,66.3211009174312,14,0.8807339449541285,3.0477981651376145,83,0.2477064220183486,3.9469724770642194,10,0.9128440366972476,0.0769230769230769,-1.9166666666666667,-1.0,-0.4,0.2198717948717949,0.2363636363636363,0.9444293651980816,0.8636363636363636,-1.1641400392536756,0.4904761904761904,-0.0656802721088434,0.3349514563106796,0.4329249499152411,0.4509803921568627,0.2007358278335788,-0.1397999999999999,0.6940701213374146,0.0,0,0,2,0.4,1,False,0.0,COLD,3.487743931461209,19.54657782008568,71.28257591623037,62.451994288434086,68.6669109947644,28.230009519276543,2.290694907187054,57.943588767253694,-0.1415285075757575,-0.1612690833333333,0.0361775568181818,0.0095829431818181,-0.3099272425326768,-0.0791334392915642,-0.1267642866865519,-0.2543929942307289,0,0,17.0,0,0,0,0,9.0,-0.02812,38.324,2036.0,-0.0247506481481481,-0.826,-0.738,-0.433,0.161,0.184,-6.005,-0.069,-0.6868857142857142,-0.3597714285714286,-0.674847619047619,0.1858,-0.762010023351853,-0.950565618772973,2.90905321467642,150,-0.004141990090601,-0.032141990090601,-0.0818966665789605,-0.0156278231061747,0.0830982056527328,-0.18856,-0.535614427868744,0.0016,0.0281029365079365,0.480883333333333,-0.0005,-0.236,8.0,10.0,77.4,,0.0,0.0,0.0,0.0,0.0,0.0,0.0014399600425083,0.0178287685172226,0.0464161845565147,0.027632911681612,0.1216074161471802,0.0015591346459699,0.0025842369793641,0.0149083361743849,0.027632911681612,0.0012022285547151,0.0042677419648912,0.0148882736543098,2.321,20.99,0.0,0.5222,0.0,0.4030548780867597,HIGH,0.6303001741617715,48362.67547355847,0.0016195085153251,0.00150926206254,0.0015568465375378,-0.0001795484728167,False,False,OK,0.8,0.0015,0.0103,0.0269,0.0712,0.4354
R2026554,60067,"Highsmith, Joe",-1.16425,0.083,-0.44515,0.084875,-1.029,-0.2974500000000001,290.875,54.45625,53.48125,60.89375,-1.2614925110237132,-0.4688848214285714,-0.31826875,-0.1814797938711988,-0.5072227678571429,-0.9778214285714284,291.6722222222222,54.05,59.1875,60.13472222222223,-1.1724702887602678,0.6762833333333332,0.0612131163013704,-0.4340281813069357,-0.9824390384004394,0.95,0.05,19,0,40.0,40.0,0,0,0,0.5,0,0,0,0,40.0,10.0,238.0,5.476463551931511,242.57142857142856,188.0,-0.3536783413728807,-0.1152064800556907,-0.1211898247082024,-0.1970789252917975,-0.1313142557952914,-0.0685495338872482,-0.3308721200801878,-0.1763506477769551,-0.8737967722576558,-0.5100272868821292,0.1801801801801801,92,0.3513513513513513,73,0.2882882882882883,80,0.2162162162162162,88,295.6,62.5,75.0,1.87,50.0,31.0,61.11,3.0,4.09,3.0,69.0,16.67,302.1256880733945,85,0.2293577981651376,69.48642201834862,74,0.3302752293577982,69.68642201834862,18,0.8394495412844036,28.360091743119263,3,0.981651376146789,65.01816513761469,67,0.3899082568807339,1.7127614678899084,107,0.0275229357798165,53.42678899082569,57,0.4862385321100917,26.57990825688073,106,0.036697247706422,4.605504587155964,104,0.0504587155963302,66.3211009174312,96,0.1238532110091743,3.0477981651376145,40,0.6376146788990825,3.9469724770642194,100,0.0871559633027523,-0.2727272727272727,1.0909090909090908,1.8333333333333333,1.3333333333333333,1.1742424242424243,0.3045454545454545,0.594779015547732,0.05,1.843435718322082,0.0285714285714285,2.7676530612244896,0.087378640776699,2.1662582832485744,0.1372549019607843,1.155106457204208,0.0578,0.03,0.0,0,0,1,0.2,0,False,0.0,COLD,3.692051404093289,21.04127082341742,70.96156972870061,67.60213231794384,65.02634459781058,25.604107567824844,2.581032841504046,65.47438362684437,-0.0937769642857142,-0.06365375,-0.0499659474206349,-0.0253611383928571,-0.3350501844990515,-0.0638843629343629,-0.1267642866865519,-0.2421929044331391,0,0,999.0,0,1,0,0,12.0,-0.0073,34.273,2558.0,-0.0039306481481481,-0.559,-0.239,-0.162,-0.061,-0.097,0.133,-0.025,-0.4198857142857143,-0.0887714285714285,-0.175847619047619,-0.0952,-0.769759946948922,-0.686382345623251,2.92626423316466,150,0.025827583572,0.021827583572,-0.0313176504802895,-0.0001726990626827,-0.064274487761973,0.08338,-0.271431154719022,0.0027166666666666,0.0417558116883117,0.5275,0.0004,0.169,8.0,10.0,77.4,,0.0,0.0,0.0,0.0,0.0,0.0,0.0014439904474801,0.0255223453959189,0.053809367929424,0.0693920221090858,0.1283088203273018,0.002088981028348,0.0105263104883877,0.0303750248044264,0.0693920221090858,0.0012022285547151,0.017383690956168,0.0410238414802215,2.6535,23.51,0.0,0.5484,-0.0,0.3502626587545667,HIGH,0.7256962017791903,51122.55703852492,0.0027645602057951,0.001872545912608,0.0019315841117201,-0.0013205697583149,False,False,OK,1.2,0.0026,0.0171,0.0384,0.0947,0.4841
R2026554,29908,"Pan, C.T.",-0.1034999999999999,0.5945,0.019,0.8300000000000001,-1.548,1.4435,282.9,82.15,80.55,65.0,-0.4254117814973745,0.2278464285714286,-0.1588267857142857,0.2577978365669032,-0.9641160714285716,0.6123714285714285,282.9,82.15,80.55,65.0,-0.5158295322010845,0.16695,0.006378486095967,-0.203515538252285,-0.716088125849591,0.4499999999999999,0.55,1,0,40.0,40.0,0,0,0,0.5,0,0,0,0,40.0,10.0,500.0,6.2166061010848646,242.57142857142856,188.0,0.3430529086271193,-0.1152064800556907,0.0382521395775117,-0.1970789252917975,0.6119013196015339,-0.0685495338872482,-0.7877654236516163,-0.1763506477769551,0.1586540725964149,-0.5100272868821292,0.7927927927927928,24,0.4594594594594595,61,1.0,1,0.027027027027027,109,,,,,,,,,,,,,302.1256880733945,114,,69.48642201834862,114,,69.68642201834862,114,,28.360091743119263,114,,65.01816513761469,114,,1.7127614678899084,114,,53.42678899082569,114,,26.57990825688073,114,,4.605504587155964,114,,66.3211009174312,114,,3.0477981651376145,114,,3.9469724770642194,114,,-1.2857142857142858,-2.6153846153846154,0.2,-2.7,0.7005494505494507,0.6272727272727273,-0.418207997439281,0.9636363636363636,-1.8628579879716245,0.1619047619047619,1.1343197278911563,0.9223300970873788,-1.867075050084759,0.2647058823529412,0.6814134835112345,0.0,0.5,0.0,0,0,0,0.0,0,False,0.0,COLD,4.034566872917659,23.079255116611137,70.18954926225607,69.412277486911,64.12734412184673,26.3286678559313,2.1618871965730606,53.10336879844287,0.0455692857142857,-0.0317653571428571,0.1358379464285714,-0.0482058035714285,-0.0555334753571991,0.0314185014478764,-0.1267642866865519,0.1335577712425365,0,0,999.0,0,1,0,0,5.0,-0.0078,33.748,631.0,-0.0044306481481481,,,,,,,,,,,,-0.730793713196897,-1.20197275773989,2.91250313775316,150,-0.0099786176216318,-0.0379786176216318,0.0378151320773544,-0.0202023095358458,-0.536066454426315,-0.47118,-0.787021566835661,0.0012666666666666,0.0209988317700818,0.435833333333333,0.0004,0.444,8.0,10.0,77.4,,0.0,0.0,0.0,0.0,0.0,0.0,0.0029629899977677,0.0212782681764598,0.0497309994894943,0.0373468192368678,0.124612064284219,0.0022165034856143,0.0061806315663914,0.0161075793130205,0.0373468192368678,0.0024278721763513,0.0102070131013722,0.0225432886175065,4.5677,22.83,0.0,0.4492,0.0,0.5507981852073649,MEDIUM,0.3999311639894786,50631.48778511745,0.0016195085153251,0.002327203352595,0.0024005761302555,0.0013434814824425,False,False,OK,0.8,0.001,0.0068,0.017,0.0472,0.3887
R2026554,33413,"Martin, Ben",-2.2457000000000003,-0.349,-0.4096250000000001,-0.025,-1.594125,-0.783625,291.81000000000006,66.41,65.55999999999999,49.175,-0.9858048066873276,-0.4524083333333333,-0.4129155637254902,-0.0824289369961724,-0.7791469362745098,-0.9691996323529408,291.01666666666665,64.27499999999999,64.81666666666668,50.03,-1.7133044021226929,0.2726999999999999,-0.3666621575024693,-0.3108145148742798,-0.8367062563783914,0.95,0.05,7,0,40.0,40.0,0,0,0,0.5,0,0,0,0,40.0,10.0,462.0,6.137727054086234,242.57142857142856,188.0,-0.3372018532776426,-0.1152064800556907,-0.2158366384336927,-0.1970789252917975,-0.035286618073536,-0.0685495338872482,-0.6027962884975546,-0.1763506477769551,-1.2096038639115216,-0.5100272868821292,0.1981981981981982,90,0.2702702702702703,82,0.4684684684684684,60,0.054054054054054,106,304.0,86.54,69.44,1.76,50.0,28.0,86.36,2.9,3.89,4.25,66.0,23.61,302.1256880733945,36,0.6743119266055045,69.48642201834862,11,0.908256880733945,69.68642201834862,57,0.481651376146789,28.360091743119263,64,0.4174311926605504,65.01816513761469,3,0.9770642201834864,1.7127614678899084,77,0.3027522935779816,53.42678899082569,57,0.4862385321100917,26.57990825688073,77,0.2981651376146789,4.605504587155964,69,0.3715596330275229,66.3211009174312,47,0.573394495412844,3.0477981651376145,17,0.8486238532110092,3.9469724770642194,35,0.6834862385321101,-1.2,-0.4666666666666667,-0.8,-0.6,0.1333333333333333,0.5818181818181818,-0.3324937117249952,0.4181818181818181,0.2858599607463244,0.4333333333333333,0.1343197278911565,0.4126213592233009,0.2329249499152411,0.5,0.1141973662951171,0.6399999999999999,0.8174125429097124,0.0,0,0,1,0.2,1,False,0.0,COLD,3.555555555555556,20.526666666666667,70.841,75.61777777777777,65.32333333333334,18.516666666666666,1.888888888888889,64.81333333333333,-0.0904816666666666,-0.082583112745098,-0.025959037990196,-0.0389573468137254,-0.2381433600007229,-0.064296933790408,-0.1267642866865519,-0.2831671355445025,0,0,33.0,0,0,0,0,2.0,-0.00079,34.742,1156.0,0.0025793518518518,-0.768,-0.24,-0.123,-0.092,-0.313,-7.1,0.019,-0.6288857142857143,-0.0497714285714285,-0.176847619047619,-0.3112,-0.816424119051767,-0.723064317151333,2.8192896375943,150,-0.002514018556941,-0.0305140185569411,0.0235575135841099,-0.0184514752419806,0.126276361236531,0.09336,-0.3081131262471041,0.0019333333333333,0.0344457671957672,0.523666666666667,0.0003,0.184,8.0,10.0,77.4,,0.0,0.0,0.0,0.0,0.0,0.0,0.0014333088344668,0.0206142836933496,0.0490929400903618,0.0338568107807579,0.1240337080188814,0.0017172977451872,0.0054474604398852,0.0191641417011482,0.0338568107807579,0.0012022285547151,0.0089962165649001,0.0202964866630173,1.7722,18.41,0.0,0.5435,0.0,0.3212909978989384,HIGH,0.7654414315729452,49356.41168146278,0.0020811816689947,0.0016639500573994,0.0017164115827163,-0.0006478728345278,False,False,OK,1.0,0.0014,0.0145,0.0353,0.0873,0.474
R2026554,67118,"Akina, Kihei",-0.226125,-1.2265,-1.1915,-0.0107499999999999,0.61075,-2.42875,293.525,59.825,68.075,58.4,-0.9322820123751584,-0.8145499999999999,-1.540975,-0.1453824672249305,0.0011375,-2.6194125,293.525,59.825,68.075,58.4,-1.2226098153547131,0.0,-0.685716216216216,-1.65027027027027,-0.1895135135135134,0.65,0.35,2,0,40.0,40.0,0,0,0,0.5,0,0,0,0,40.0,10.0,500.0,6.2166061010848646,242.57142857142856,188.0,-0.6993435199443092,-0.1152064800556907,-1.3438960747082025,-0.1970789252917975,-0.1953379661127516,-0.0685495338872482,0.1774881477769552,-0.1763506477769551,-1.0735289631178708,-0.5100272868821292,0.072072072072072,104,0.018018018018018,110,0.1801801801801801,92,0.6036036036036037,45,294.8,62.5,69.44,1.8,85.71,28.25,86.36,2.88,3.98,3.5,68.0,19.44,302.1256880733945,92,0.1605504587155963,69.48642201834862,74,0.3302752293577982,69.68642201834862,57,0.481651376146789,28.360091743119263,54,0.5137614678899083,65.01816513761469,3,0.9770642201834864,1.7127614678899084,94,0.146788990825688,53.42678899082569,10,0.9128440366972476,26.57990825688073,98,0.1055045871559633,4.605504587155964,95,0.1376146788990825,66.3211009174312,86,0.2201834862385321,3.0477981651376145,11,0.908256880733945,3.9469724770642194,75,0.3211009174311927,-0.9226190476190476,-0.6515151515151515,-1.0,-0.8571428571428571,,0.5045454545454545,-0.0551127593440428,0.5045454545454545,0.1010114758978396,0.4904761904761904,-0.0656802721088434,0.5097087378640777,-0.0242179072276159,,,0.0,0.5,0.0,0,0,0,0.0,0,False,0.0,COLD,3.944444444444444,21.911111111111108,71.1598888888889,68.2088888888889,70.2,41.66666666666666,2.0,47.61666666666666,-0.1629099999999999,-0.308195,-0.0659718749999999,5.687500000000345e-05,-0.3698042505898414,-0.1521696114864864,-0.1267642866865519,-0.617898213313448,0,0,81.0,0,0,0,0,2.0,,,,,,,,,,,,,,,,-0.840437750047334,-0.833891720609467,2.92915608724096,150,-0.0101454192341305,-0.0261454192341305,-0.0386948853728815,0.0043680177938658,-0.0270846032873291,0.00655,-0.4189405297052381,0.0019333333333333,0.0321404924242424,0.497783333333333,-0.0002,-0.094,8.0,10.0,77.4,,0.0,0.0,0.0,0.0,0.0,0.0,0.0009606312515689,0.0166603579873102,0.0452933942811098,0.0230515383672688,0.1205896852097101,0.0010689386938624,0.0013802857614837,0.0147417542967897,0.0230515383672688,0.0002278251035206,0.0022794749532899,0.0117213219596439,2.48875,19.88,0.0,0.5,0.0,0.4182059325016067,HIGH,0.6158986678548473,47618.96699766914,0.0029913790574002,0.0015135461110818,0.0015612656548697,-0.0020307478058312,False,False,OK,1.3,0.002,0.0157,0.0343,0.0882,0.4643
R2026554,64442,"Sargent, Gordon",-0.6299499999999998,0.6825625,-2.3205625000000003,0.2455625,0.2015624999999999,-1.3924375000000002,303.765,60.6,59.71999999999999,62.1875,-0.9712262847718778,0.4542914583333332,-1.9613004166666663,-0.1120987824807158,-0.1065510416666666,-1.657233125,306.39375,54.145833333333336,60.99583333333333,57.50909090909091,-1.0334864843754474,2.037283333333334,0.6071492566317096,-2.170215534339949,0.0351496147028354,0.95,0.05,13,0,40.0,40.0,0,0,0,0.5,0,0,0,0,40.0,10.0,334.0,5.814130531825066,242.57142857142856,188.0,0.569497938389024,-0.1152064800556907,-1.764221491374869,-0.1970789252917975,-0.0816548411127517,-0.0685495338872482,0.0697996061102885,-0.1763506477769551,-0.8647481210432786,-0.5100272868821292,0.927927927927928,9,0.009009009009009,111,0.3963963963963964,68,0.5225225225225225,54,323.0,82.69,76.39,1.836,66.67,30.5,70.59,3.05,3.92,5.0,65.0,29.17,302.1256880733945,6,0.9541284403669724,69.48642201834862,18,0.8440366972477065,69.68642201834862,12,0.8990825688073395,28.360091743119263,7,0.9403669724770642,65.01816513761469,33,0.7018348623853211,1.7127614678899084,102,0.073394495412844,53.42678899082569,32,0.7155963302752294,26.57990825688073,35,0.6834862385321101,4.605504587155964,41,0.6330275229357798,66.3211009174312,28,0.7477064220183486,3.0477981651376145,52,0.5275229357798165,3.9469724770642194,50,0.5458715596330275,-0.5,-0.5384615384615384,1.2,-2.5,-0.1307692307692308,0.3454545454545454,0.3675062882750047,0.4545454545454545,0.2140650889514527,0.0714285714285714,2.1343197278911568,0.8883495145631068,-1.6670750500847589,0.5686274509803921,-0.149905197807447,0.1673000000000001,0.6269502904271332,0.0,0,0,2,0.4,1,False,0.0,COLD,4.222632079961923,24.317900999524035,70.43759067110899,70.21991432651119,68.60570680628273,32.35283198476916,1.9878629224178963,53.5132079961923,0.0908582916666666,-0.3922600833333333,-0.03755109375,-0.0053275520833333,-0.2919876911444149,-0.0865466618806306,-0.1267642866865519,-0.309793883358493,0,0,33.0,0,0,0,0,5.0,-0.06588,40.773,1125.0,-0.0625106481481481,-0.455,0.264,-0.675,0.041,-0.085,17.432,-0.062,-0.3158857142857143,-0.6017714285714286,0.327152380952381,-0.0832,-0.881326939676637,-0.473525971534268,2.99817165572447,150,0.0004062673757265,-0.0335937326242735,-0.0725170247993666,0.0450927272391975,0.223493837150964,0.4078,-0.0585747806300391,0.0045166666666666,0.0585303595478595,0.561466666666667,-0.0004,-0.082,8.0,10.0,77.4,,0.0,0.0,0.0,0.0,0.0,0.0,0.0040336957657638,0.022092852110078,0.0505137782267213,0.0336180812887799,0.1253215985182792,0.0044284962104556,0.0069341001577859,0.0269249348182515,0.0336180812887799,0.0034346527771785,0.0114513299161223,0.021527125994603,0.0,15.42,0.0,0.6957,0.0,0.4489107888914986,HIGH,0.5993274444407164,51649.34893115418,0.0069241233110487,0.0050078085028202,0.0051656962178899,-0.0028904275452849,False,False,OK,2.4,0.0048,0.0278,0.0573,0.1343,0.5192
R2026554,47393,"Kang, Jeffrey",-1.8214,-0.2929374999999999,-0.39025,-0.4171249999999999,-0.8714999999999999,-1.1003125,288.62,52.495000000000005,58.605,58.5125,-0.9825825716016052,-0.8145714285714286,-0.0454285714285714,-0.0019865185183585,-0.4232678571428572,-0.8137857142857142,289.74285714285713,48.50892857142857,60.31785714285714,62.125,-1.344037389251364,-2.382433333333333,-0.2292050364859351,-0.284736786216837,-0.5430616607732832,0.95,0.05,15,0,40.0,40.0,0,0,0,0.5,0,0,0,0,40.0,10.0,310.0,5.739792912179234,242.57142857142856,188.0,-0.6993649485157379,-0.1152064800556907,0.1516503538632261,-0.1970789252917975,0.1147638196015339,-0.0685495338872482,-0.246917209365902,-0.1763506477769551,-0.8147504908956484,-0.5100272868821292,0.063063063063063,105,0.5765765765765766,48,0.6846846846846847,36,0.2882882882882883,80,294.8,62.5,68.06,1.837,20.0,30.0,52.17,3.13,4.05,3.25,67.0,19.44,302.1256880733945,92,0.1605504587155963,69.48642201834862,74,0.3302752293577982,69.68642201834862,68,0.3853211009174312,28.360091743119263,14,0.8761467889908257,65.01816513761469,95,0.1330275229357798,1.7127614678899084,103,0.0642201834862385,53.42678899082569,104,0.0504587155963302,26.57990825688073,98,0.1055045871559633,4.605504587155964,100,0.091743119266055,66.3211009174312,69,0.3715596330275229,3.0477981651376145,75,0.3165137614678899,3.9469724770642194,89,0.1926605504587156,0.75,-0.1428571428571428,-1.0,1.3333333333333333,-0.1369047619047619,0.1,1.6175062882750049,0.3090909090909091,0.6096694845558484,0.4904761904761904,-0.0656802721088434,0.087378640776699,2.1662582832485744,0.5784313725490197,-0.1560407289429781,0.1881,0.658955402301417,0.0,0,0,2,0.4,0,False,0.0,COLD,3.377082341742028,19.17349833412661,71.63846168491196,64.01853403141362,64.91455973346027,18.74127082341742,2.514635887672537,46.66583531651595,-0.1629142857142857,-0.0090857142857142,0.0115535714285714,-0.0211633928571428,-0.2468798228021742,-0.0559142374517374,-0.1267642866865519,-0.2070957519234866,0,0,999.0,0,1,0,0,6.0,-0.00744,36.135,784.0,-0.0040706481481481,-0.831,-0.283,-0.216,0.006,-0.338,-2.641,-0.051,-0.6918857142857142,-0.1427714285714285,-0.219847619047619,-0.3362,-0.892625957075261,-0.89722916083347,2.90212057583891,150,0.0,-0.04,-0.0599649770950616,-0.0069771344399047,-0.060909736428792,-0.0046,-0.4822779699292411,0.0017166666666666,0.0297218759018759,0.484883333333333,-0.0002,-0.103,8.0,10.0,77.4,,0.0,0.0,0.0,0.0,0.0,0.0,0.001421969439266,0.0205287219367483,0.0490107190680421,0.0338974120123577,0.1239591804067724,0.0016144917306959,0.0054269727899424,0.0177469743129808,0.0338974120123577,0.0012022285547151,0.0089623822052336,0.0202964866630173,2.48875,19.88,0.0,0.5,-0.0138859485532917,0.3853265920785341,HIGH,0.657340582744951,49318.06078473659,0.00145806901064,0.0014363009135211,0.0014815850471418,-3.609957137395785e-05,False,False,OK,0.7,0.002,0.0115,0.0298,0.0759,0.4458
R2026554,47995,"Riley, Davis",-1.1078,0.270875,-0.6653749999999999,-0.65025,-0.224,-1.124375,294.2916666666667,61.9,56.03333333333334,59.775,-1.4398721717763283,-0.922252403846154,-0.8722421474358973,-0.1553262735304534,0.0345217948717949,-2.0372826923076923,295.5617647058823,50.27058823529411,59.22647058823529,62.790625000000006,-1.1709214364612757,0.0315666666666667,-0.0413428302761587,-0.6654341755710942,-0.0162823693632957,0.95,0.05,20,0,40.0,40.0,0,0,0,0.5,0,0,0,0,40.0,10.0,132.0,4.890349128221754,242.57142857142856,188.0,-0.8070459237904634,-0.1152064800556907,-0.6751632221440999,-0.1970789252917975,-0.1131870517085285,-0.0685495338872482,0.2108724426487501,-0.1763506477769551,-1.2128411542098252,-0.5100272868821292,0.045045045045045,107,0.072072072072072,104,0.3153153153153153,77,0.6666666666666666,38,303.8,41.07,72.22,1.731,60.0,30.0,55.0,3.0,4.14,5.0,67.0,27.78,302.1256880733945,40,0.6422018348623854,69.48642201834862,107,0.0275229357798165,69.68642201834862,37,0.6651376146788991,28.360091743119263,14,0.8761467889908257,65.01816513761469,90,0.1788990825688073,1.7127614678899084,68,0.3853211009174312,53.42678899082569,45,0.5963302752293578,26.57990825688073,45,0.5963302752293578,4.605504587155964,41,0.6330275229357798,66.3211009174312,69,0.3715596330275229,3.0477981651376145,40,0.6376146788990825,3.9469724770642194,105,0.0458715596330275,1.5,0.2727272727272727,-2.0,1.6666666666666667,-1.053030303030303,0.0181818181818181,2.367506288275005,0.1818181818181818,1.025253900140264,0.8047619047619048,-1.0656802721088434,0.0485436893203883,2.499591616581908,0.8725490196078431,-1.0721662700685193,-0.0511999999999999,0.107754865834964,0.0,0,0,1,0.2,0,False,0.0,COLD,4.541646834840552,25.562351261304144,70.41713945740123,69.8736316039981,56.85146120894812,23.146787244169445,2.287958115183246,37.66671108995716,-0.1844504807692308,-0.1744484294871794,-0.0454341463989441,0.0017260897435897,-0.4692295253600269,-0.1177416444116628,-0.1267642866865519,-0.4466937895740978,0,0,999.0,0,1,0,0,10.0,-0.02705,37.17,2366.0,-0.0236806481481481,-0.812,-0.602,-0.502,-0.003,0.295,1.799,-0.083,-0.6728857142857143,-0.4287714285714286,-0.538847619047619,0.2968,-0.900239994793387,-0.959679745390684,3.03503416945881,150,0.0,-0.04,-0.0989870197090945,0.0045225177576165,0.041056070135518,-0.05944,-0.5447285544864551,0.0023166666666666,0.0323886291486291,0.47705,-0.0,-0.0,8.0,10.0,77.4,,0.0,0.0,0.0,0.0,0.0,0.0,0.0028032835233541,0.0251530573600095,0.0534544986391125,0.0685135257988782,0.1279871561096653,0.0026427146629167,0.0101666916372662,0.0272502014235757,0.0685135257988782,0.0023196611975703,0.0167897978749402,0.040300583294912,3.3862,21.45,0.0,0.459,0.0,0.3070811559286029,HIGH,0.76576263438771,51911.81590392933,0.0027276701832314,0.0027727905505764,0.0028602119374267,7.56133401227147e-05,False,False,OK,1.2,0.0021,0.0144,0.0304,0.0779,0.4378
R2026554,47347,"Schenk, Adam",-0.85505,-0.1577,0.5218,-0.5225,-0.38825,-0.4667,294.485,56.845000000000006,69.995,54.235000000000014,-1.2093013077923165,-0.2309761666666666,-0.3543118333333332,-0.134649059317906,-0.6248648333333334,-0.75929,293.3699074074074,54.91712962962963,64.68518518518518,58.86018518518519,-1.135261443968101,0.76285,-0.1385854692011209,-0.2125083250719061,-0.3610116996694663,0.95,0.05,19,0,40.0,40.0,0,0,0,0.5,0,0,0,0,40.0,10.0,214.0,5.3706380281276624,242.57142857142856,188.0,-0.1157696866109759,-0.1152064800556907,-0.1572329080415357,-0.1970789252917975,-0.1054779661127517,-0.0685495338872482,-0.4485141855563783,-0.1763506477769551,-1.1158627993247672,-0.5100272868821292,0.3333333333333333,75,0.3243243243243243,76,0.3423423423423423,74,0.1261261261261261,98,295.6,67.31,62.5,1.6,37.5,26.25,66.67,3.1,3.94,4.25,67.0,26.39,302.1256880733945,85,0.2293577981651376,69.48642201834862,65,0.4082568807339449,69.68642201834862,97,0.1146788990825688,28.360091743119263,102,0.0688073394495412,65.01816513761469,51,0.5412844036697247,1.7127614678899084,9,0.9220183486238532,53.42678899082569,76,0.3073394495412844,26.57990825688073,54,0.5091743119266054,4.605504587155964,69,0.3715596330275229,66.3211009174312,69,0.3715596330275229,3.0477981651376145,67,0.3899082568807339,3.9469724770642194,58,0.4724770642201835,0.0,0.5,0.0,1.0,0.25,0.2545454545454545,0.8675062882750048,0.1318181818181818,1.2525266274129911,0.2142857142857142,0.9343197278911566,0.1213592233009708,1.832924949915241,0.4411764705882353,0.2308640329617838,-0.1980999999999999,0.3964284999284935,0.0,0,0,2,0.4,1,False,0.0,COLD,3.622917658257973,20.54003807710614,70.95194478819609,66.7115373631604,61.25713469776297,27.51303664921466,2.7388148500713947,57.572584483579256,-0.0461952333333333,-0.0708623666666666,-0.043506875,-0.0312432416666666,-0.2443064634861025,-0.0497834538288288,-0.1267642866865519,-0.187567303403538,0,0,43.0,0,0,0,0,7.0,-0.01592,36.089,2255.0,-0.0125506481481481,-0.997,-0.413,-0.385,-0.12,-0.078,-2.084,-0.045,-0.8578857142857143,-0.3117714285714286,-0.349847619047619,-0.0762,-0.963040584145698,-1.01102242436802,2.92457569532357,150,0.006204736103609,-0.0097952638963909,-0.0530563184137735,-0.0054722453301804,0.0992806770426541,-0.04798,-0.596071233463791,0.0014166666666666,0.0256350360750361,0.46675,0.0002,0.167,8.0,10.0,77.4,,0.0,0.0,0.0,0.0,0.0,0.0,0.0014563022613065,0.0241189618991368,0.0557512879723525,0.0804845221572343,0.1300690351680196,0.0014721449414003,0.0091047169765003,0.0271753052952028,0.0804845221572343,0.0012022285547151,0.0150359982576478,0.0447853273029144,3.6693,20.2,0.0,0.4518,0.0,0.3530738030611615,HIGH,0.6956445670554835,51123.69667744338,0.00145806901064,0.0014570087043761,0.0015029457195478,-1.7667493334557955e-06,False,False,OK,0.7,0.0015,0.0107,0.0254,0.0642,0.4214
R2026554,56762,"Gordon, Will",-0.2874375,-0.0578125,0.0303749999999999,-0.3725,0.112875,-0.3999375,292.43333333333334,67.25833333333333,74.075,65.49166666666667,-0.4292881845001461,-0.0515153409090909,0.0141234848484848,-0.1973674056435256,0.0561727272727273,-0.398711553030303,292.43333333333334,67.25833333333333,74.075,65.49166666666667,-0.7475989746569107,0.409883333333333,-0.0223486728101655,-0.0708990887910718,-0.4441406168069763,0.9,0.0999999999999999,4,0,40.0,40.0,0,0,0,0.5,0,0,0,0,40.0,10.0,391.0,5.971261839790462,242.57142857142856,188.0,0.0636911391465997,-0.1152064800556907,0.2112024101402823,-0.1970789252917975,-0.292767890355176,-0.0685495338872482,0.2325233750496824,-0.1763506477769551,0.1834979599590522,-0.5100272868821292,0.5495495495495496,51,0.6576576576576577,39,0.0990990990990991,101,0.6756756756756757,37,294.8,78.85,68.06,1.776,25.0,28.75,56.52,3.05,4.08,4.0,68.0,23.61,302.1256880733945,92,0.1605504587155963,69.48642201834862,31,0.7201834862385321,69.68642201834862,68,0.3853211009174312,28.360091743119263,38,0.6605504587155964,65.01816513761469,86,0.2155963302752293,1.7127614678899084,85,0.2247706422018348,53.42678899082569,99,0.1009174311926605,26.57990825688073,77,0.2981651376146789,4.605504587155964,79,0.2798165137614679,66.3211009174312,86,0.2201834862385321,3.0477981651376145,52,0.5275229357798165,3.9469724770642194,97,0.1192660550458715,-0.1875,0.3333333333333333,-2.333333333333333,-2.6666666666666665,-2.5729166666666665,0.2818181818181818,0.6800062882750048,0.1681818181818181,1.0858599607463244,0.8428571428571429,-1.399013605442177,0.912621359223301,-1.8337417167514252,0.9705882352941176,-2.5920526337048826,-0.6120000000000001,0.1372750685464933,0.0,0,0,2,0.4,0,False,0.0,COLD,4.418032786885246,26.386721311475405,70.90603278688523,77.09639344262294,51.36475409836065,23.361311475409835,2.057377049180328,35.08196721311475,-0.0103030681818181,0.0028246969696969,-0.090329356060606,0.0028086363636363,-0.1113225591030276,-0.024094654995905,-0.1267642866865519,0.0350948354171006,0,0,70.0,0,0,0,0,3.0,-0.00553,34.508,1397.0,-0.0021606481481481,-0.937,-0.134,-0.322,-0.24,-0.243,3.941,-0.019,-0.7978857142857143,-0.2487714285714286,-0.070847619047619,-0.2412,-1.00964066518031,-0.871591850922292,2.95870794837716,150,0.0024891719407136,-0.0015108280592863,-0.0225138126133557,0.0101459337560271,0.0404768227344293,0.13805,-0.4566406600180631,0.0017666666666666,0.0317928651441151,0.493433333333333,-0.0,-0.0,8.0,10.0,77.4,,0.0,0.0,0.0,0.0,0.0,0.0,0.0027778832085472,0.0213174224001096,0.0497686249476954,0.0609641112341069,0.1246461691332604,0.002381745549208,0.0061806315663914,0.0240163336173097,0.0609641112341069,0.0023196611975703,0.0102070131013722,0.0332784213435243,2.3003,20.84,0.0,0.5521,0.0,0.5191065174551954,ELEVATED,0.4698906893497205,50520.017090338224,0.0021301248672476,0.0024980404480892,0.002576799429843,0.0006477583412996,False,False,OK,1.0,0.0015,0.0149,0.0369,0.0869,0.4494
R2026554,49964,"Wise, Aaron",-1.2436,-0.4288125,-0.5951875,-0.020375,-0.4553125,-1.044375,297.655,55.35,62.78499999999999,69.575,-1.0600219592254208,-0.7139264880952381,-0.5988848214285715,0.1641377134040932,-1.2477363095238092,-0.8525220238095238,293.896875,56.01875,60.421875,59.707142857142856,-1.7837434444534126,0.7315333333333334,-0.5897573188216013,-0.5587202997705546,-1.2195139240251611,0.95,0.05,8,0,40.0,40.0,0,0,0,0.5,0,0,0,0,40.0,10.0,482.0,6.180016653652572,242.57142857142856,188.0,-0.5987200080395474,-0.1152064800556907,-0.401805896136774,-0.1970789252917975,0.5288346529348671,-0.0685495338872482,-1.071385661746854,-0.1763506477769551,-1.2499878916892997,-0.5100272868821292,0.09009009009009,102,0.1891891891891892,91,0.981981981981982,3,0.018018018018018,110,292.8,89.29,68.06,1.673,33.33,27.75,69.57,3.06,3.85,5.5,66.0,30.56,302.1256880733945,99,0.1009174311926605,69.48642201834862,4,0.9724770642201837,69.68642201834862,68,0.3853211009174312,28.360091743119263,74,0.3302752293577982,65.01816513761469,37,0.6697247706422018,1.7127614678899084,34,0.6972477064220184,53.42678899082569,85,0.2293577981651376,26.57990825688073,27,0.7614678899082569,4.605504587155964,21,0.8119266055045872,66.3211009174312,47,0.573394495412844,3.0477981651376145,60,0.4587155963302752,3.9469724770642194,15,0.8715596330275229,0.3333333333333333,0.3333333333333333,-2.5,-3.5,-3.333333333333333,0.1818181818181818,1.200839621608338,0.1681818181818181,1.0858599607463244,0.8952380952380953,-1.5656802721088434,0.9902912621359224,-2.667075050084759,1.0,-3.3524693003715496,0.3730000000000001,0.3417428776791762,0.0,0,0,1,0.2,0,False,0.0,COLD,4.827868852459016,27.552131147540976,69.36004918032785,72.61147540983606,72.52737704918032,39.75409836065573,1.6393442622950818,59.56147540983606,-0.1427852976190476,-0.1197769642857143,0.1150712797619047,-0.0623868154761904,-0.2838506993861679,-0.0608073672779922,-0.1267642866865519,-0.357014574317309,0,0,999.0,0,1,0,0,3.0,-0.00902,36.135,684.0,-0.0056506481481481,-0.808,-0.389,-0.317,0.083,-0.184,-0.249,-0.037,-0.6688857142857143,-0.2437714285714285,-0.325847619047619,-0.1822,-0.996642071785821,-0.871749213756344,2.89952341382425,150,0.0,-0.04,-0.04395857251696,-0.0007811855302836,0.159101588415398,0.12489,-0.456798022852115,0.0019833333333333,0.0335622913660414,0.493183333333333,0.0,0.0,8.0,10.0,77.4,,0.0,0.0,0.0,0.0,0.0,0.0,0.003782147229947,0.0201632976770151,0.0486595626938726,0.0347360968149251,0.1236408816882043,0.0030266760246958,0.0050037668927225,0.0188990989522305,0.0347360968149251,0.0031344072008729,0.0082634782030941,0.0202964866630173,3.1991,19.36,0.0,0.4433,0.0,0.3093970386158581,HIGH,0.7693685162630597,50787.30414915462,0.0022093836285975,0.0030506770551219,0.0031468597325102,0.0015727636013494,False,False,OK,1.0,0.0023,0.0126,0.0302,0.0773,0.4423
R2026554,51600,"Stanger, Jimmy",0.4585499999999999,0.1885625,-0.92025,-0.0811666666666666,0.7233125,-0.5263125,298.8125,53.2875,62.15,65.44166666666666,-0.4520852982137727,0.2967321428571428,-1.1706607142857144,-0.0270138772666239,0.070375,-0.7999285714285715,301.23846153846154,56.47884615384616,62.93461538461538,63.05625,0.5505475263626531,0.3063166666666665,0.1498896612203159,-0.6740665576900953,0.4829332152555166,0.95,0.05,15,0,40.0,40.0,0,0,0,0.5,0,0,0,0,40.0,10.0,359.0,5.886104031450156,242.57142857142856,188.0,0.4119386229128335,-0.1152064800556907,-0.9735817889939168,-0.1970789252917975,0.0662803031180174,-0.0685495338872482,0.2467256477769551,-0.1763506477769551,0.0924606202154624,-0.5100272868821292,0.8378378378378378,19,0.036036036036036,108,0.6396396396396397,41,0.6936936936936937,35,307.4,64.29,72.22,1.827,55.56,29.75,80.0,3.13,3.91,2.5,66.0,13.89,302.1256880733945,25,0.7798165137614679,69.48642201834862,69,0.3715596330275229,69.68642201834862,37,0.6651376146788991,28.360091743119263,20,0.8256880733944955,65.01816513761469,12,0.8990825688073395,1.7127614678899084,100,0.0871559633027523,53.42678899082569,49,0.5596330275229358,26.57990825688073,109,0.0091743119266055,4.605504587155964,109,0.0091743119266055,66.3211009174312,47,0.573394495412844,3.0477981651376145,75,0.3165137614678899,3.9469724770642194,46,0.5825688073394495,1.0769230769230769,0.5,-1.0,-0.8571428571428571,,0.0636363636363636,1.9444293651980813,0.1318181818181818,1.2525266274129911,0.4904761904761904,-0.0656802721088434,0.5097087378640777,-0.0242179072276159,,,0.1529,0.7134345722551501,0.4096000000000001,1,0,3,0.6,0,False,3.0,WARM,4.099714421703951,22.77769157544027,70.3491137553546,69.95702046644456,62.82627320323656,18.87704902427416,1.801999048072347,51.95859114707282,0.0593464285714285,-0.2341321428571428,-0.0005673076923076,0.00351875,-0.1784848802758593,-0.0435988528363528,-0.1267642866865519,-0.0825328621105968,0,0,999.0,0,1,0,0,7.0,-0.07301,38.483,745.0,-0.0696406481481481,-1.002,-0.01,-0.798,-0.11,-0.084,6.475,-0.039,-0.8628857142857143,-0.7247714285714286,0.0531523809523809,-0.0822,-1.06937843089476,-1.03735697997316,2.937788395885,150,0.0,-0.04,-0.045651926362395,0.0166355634225649,-0.0644030830643381,0.03202,-0.622405789068931,0.00175,0.026323946007696,0.456983333333333,0.0003,0.205,8.0,10.0,77.4,,0.0,0.0,0.0,0.0,0.0,0.0,0.0031136057143585,0.0261707806884518,0.0544324852516719,0.0549170665706902,0.1288736326439176,0.002573618025955,0.0110115153283232,0.0230730606663812,0.0549170665706902,0.0026199067738759,0.0181849832035494,0.034881384734068,0.0,9.4,0.0,0.6842,0.0119827982439573,0.5371726455905853,ELEVATED,0.4284605062991636,52486.93609733117,0.0016195085153251,0.0023975250083356,0.0024731149086234,0.0014940971990333,False,False,OK,0.8,0.0017,0.0108,0.0252,0.0641,0.4222
R2026554,54607,"Walker, Danny",-0.53365,-0.2120624999999999,-0.1984999999999999,-0.1839166666666667,-0.1080625,-0.4525,294.025,53.13125,60.41875,58.98333333333333,-1.167197524940113,-0.2630615079365079,-0.4471460084033613,-0.0624481315677388,-0.7402605625583566,-0.7463667600373481,298.93958333333336,48.14583333333333,60.19375,59.11611111111111,-1.2082509272634951,1.1911500000000004,-0.0579428174347022,-0.5720916137394901,-0.5745034892204635,0.95,0.05,18,0,40.0,40.0,0,0,0,0.5,0,0,0,0,40.0,10.0,316.0,5.75890177387728,242.57142857142856,188.0,-0.1478550278808172,-0.1152064800556907,-0.2500670831115638,-0.1970789252917975,0.0079583508515339,-0.0685495338872482,-0.5639099147814015,-0.1763506477769551,-0.8571785713799791,-0.5100272868821292,0.3153153153153153,77,0.2522522522522522,84,0.5315315315315315,53,0.081081081081081,103,309.6,55.36,72.22,1.788,83.33,29.25,65.0,3.13,3.93,4.25,67.0,23.61,302.1256880733945,21,0.8165137614678899,69.48642201834862,90,0.1834862385321101,69.68642201834862,37,0.6651376146788991,28.360091743119263,28,0.7522935779816514,65.01816513761469,56,0.4908256880733945,1.7127614678899084,90,0.1834862385321101,53.42678899082569,13,0.8899082568807339,26.57990825688073,77,0.2981651376146789,4.605504587155964,69,0.3715596330275229,66.3211009174312,69,0.3715596330275229,3.0477981651376145,75,0.3165137614678899,3.9469724770642194,55,0.5045871559633027,-1.0,-0.6363636363636364,0.1428571428571428,-1.1666666666666667,0.3062770562770561,0.5318181818181819,-0.1324937117249952,0.5,0.1161629910493547,0.1809523809523809,1.0771768707482994,0.587378640776699,-0.3337417167514256,0.4019607843137255,0.2871410892388399,0.3121000000000001,0.5155471742613753,0.0,0,0,2,0.4,0,False,0.0,COLD,4.214302712993813,23.623231794383624,70.88396573060447,64.65436458829129,63.92812946216088,33.2186101856259,2.5258210376011423,45.92295573536412,-0.0526123015873015,-0.0894292016806722,-0.0151477957589285,-0.0370130281279178,-0.2909719287355966,-0.050920215309519,-0.1267642866865519,-0.2141838809335365,0,0,999.0,0,1,0,0,10.0,-0.00739,35.306,1786.0,-0.0040206481481481,-0.93,-0.25,-0.299,-0.1,-0.28,4.714,-0.072,-0.7908857142857143,-0.2257714285714285,-0.186847619047619,-0.2782,-1.11896750698609,-0.988629509273632,3.02635840596689,150,-0.0145938101388249,-0.0305938101388249,-0.085730786638581,0.0120725372645914,-0.0205821298738222,0.13034,-0.5736783183694032,0.0020833333333333,0.0311472132034632,0.476816666666667,0.0002,0.107,8.0,10.0,77.4,,0.0,0.0,0.0,0.0,0.0,0.0,0.0014302298344677,0.0204915996028144,0.0489750461650048,0.0348397395831162,0.1239268454125658,0.0017884711398351,0.0054269727899424,0.0183609297500569,0.0348397395831162,0.0012022285547151,0.0089623822052336,0.0207248173769984,3.7461,22.92,0.0,0.5806,-0.0185292828728251,0.3786744524314525,HIGH,0.6633864965264965,49310.35779316513,0.0017546501821428,0.0015521123470385,0.0016010478188856,-0.0003244203476751,False,False,OK,0.9,0.0017,0.0135,0.0324,0.0761,0.43
R2026554,32757,"Kizzire, Patton",-3.4577,-1.2756,-1.1395,-0.1678,-0.8748000000000001,-2.5829,290.57000000000005,47.1,59.45,47.690000000000005,-1.3507820079524009,-1.2023789583333333,-0.4112229166666666,0.0708475878896545,-0.5272353125,-1.420748576388889,288.7803571428572,54.207142857142856,61.50892857142856,60.54642857142856,-3.4882771369786805,-0.9753999999999996,-1.4434141835863428,-1.020933795983939,-0.9953015182185644,0.95,0.05,15,0,40.0,40.0,0,0,0,0.5,0,0,0,0,40.0,10.0,531.0,6.2766434893416445,242.57142857142856,188.0,-1.0871724782776426,-0.1152064800556907,-0.214143991374869,-0.1970789252917975,0.2613696033316927,-0.0685495338872482,-0.3508846647230448,-0.1763506477769551,-1.5764151020067594,-0.5100272868821292,0.027027027027027,109,0.2882882882882883,80,0.8378378378378378,19,0.1981981981981982,90,296.9,69.23,69.44,1.86,66.67,29.75,72.73,3.0,4.03,4.25,65.0,23.61,302.1256880733945,73,0.3394495412844037,69.48642201834862,61,0.4449541284403669,69.68642201834862,57,0.481651376146789,28.360091743119263,20,0.8256880733944955,65.01816513761469,27,0.7614678899082569,1.7127614678899084,106,0.036697247706422,53.42678899082569,32,0.7155963302752294,26.57990825688073,77,0.2981651376146789,4.605504587155964,69,0.3715596330275229,66.3211009174312,28,0.7477064220183486,3.0477981651376145,40,0.6376146788990825,3.9469724770642194,86,0.2155963302752293,-0.9090909090909092,-1.0,-1.0,-2.0,-0.5454545454545454,0.4863636363636364,-0.0415846208159043,0.5954545454545455,-0.2474733725870088,0.4904761904761904,-0.0656802721088434,0.7815533980582524,-1.1670750500847589,0.7450980392156863,-0.5645905124927616,0.5439,0.08,0.0,0,0,1,0.2,1,False,0.0,COLD,3.590790099952404,20.92489766777725,69.91101713469777,64.64011423131842,66.34079009995241,25.23146120894812,2.1032841504045696,63.71653116531166,-0.2404757916666666,-0.0822445833333333,0.0482050173611111,-0.026361765625,-0.3469953397930636,-0.092769750563063,-0.1267642866865519,-0.4129332245747092,0,0,62.0,0,0,0,0,5.0,-0.00633,35.701,1987.0,-0.0029606481481481,-1.174,-0.791,-0.356,0.146,-0.174,-6.92,-0.047,-1.0348857142857142,-0.2827714285714285,-0.7278476190476191,-0.1722,-1.15481913213784,-1.17827544507459,2.88969204708704,150,0.0232571127529532,0.0312571127529532,-0.0552400737473574,-0.0179991141506863,-0.01487317867671,-0.02346,-0.7633242541703611,0.0007833333333333,0.0185807557720058,0.4379,-0.0001,-0.115,8.0,10.0,77.4,,0.0,0.0,0.0,0.0,0.0,0.0,0.0014501193764755,0.0167381431567333,0.0453681423508705,0.0300188320955336,0.1206574391124452,0.0011716350528873,0.0013802857614837,0.0120516819536057,0.0300188320955336,0.0012022285547151,0.0022794749532899,0.0148882736543098,3.1592,22.17,0.0,0.4882,0.0,0.2746955357940425,HIGH,0.7952492345799392,47978.715835764975,0.0009730200010884,0.0012362348802485,0.0012752112709036,0.0004770993753871,False,False,OK,0.6,0.0014,0.0075,0.0207,0.0541,0.3958
R2026554,62798,"An, Seonghyeon",0.0,0.0,0.0,0.0,0.0,0.0,,,,,0.0,0.0,0.0,0.0,0.0,0.0,,,,,-0.2620565296827328,0.4305,0.0189448293506906,-0.1249553457174706,-0.0879355450120415,0.2,0.8,0,0,40.0,40.0,0,0,0,0.5,0,0,0,0,40.0,10.0,500.0,6.2166061010848646,242.57142857142856,188.0,,-0.1152064800556907,,-0.1970789252917975,,-0.0685495338872482,,-0.1763506477769551,,-0.5100272868821292,,115,,115,,115,,115,,,,,,,,,,,,,302.1256880733945,114,,69.48642201834862,114,,69.68642201834862,114,,28.360091743119263,114,,65.01816513761469,114,,1.7127614678899084,114,,53.42678899082569,114,,26.57990825688073,114,,4.605504587155964,114,,66.3211009174312,114,,3.0477981651376145,114,,3.9469724770642194,114,,-0.9226190476190476,-0.6515151515151515,-1.0,-0.8571428571428571,,0.5045454545454545,-0.0551127593440428,0.5045454545454545,0.1010114758978396,0.4904761904761904,-0.0656802721088434,0.5097087378640777,-0.0242179072276159,,,0.0,0.5,0.0,0,0,0,0.0,0,False,0.0,NEUTRAL,4.034566872917659,23.079255116611137,70.18954926225607,69.412277486911,64.12734412184673,26.3286678559313,2.1618871965730606,53.10336879844287,0.0,0.0,0.0,0.0,-0.0591566671203909,0.0,-0.1267642866865519,0.1267642866865519,0,1,40.0,0,0,0,0,5.0,,,,,,,,,,,,,,,,-3.18388499404344,-3.07588106865001,3.24972286607096,150,0.0,-0.04,-0.0361511489549075,-0.0219512082520008,0.0722636455065673,0.108,-2.6609298777457813,6.66666666666667e-05,0.001486636002886,0.163033333333333,0.0,0.0,8.0,10.0,77.4,,0.0,0.0,0.0,0.0,0.0,0.0,0.001443778128412,0.0188568269615151,0.0474041027532859,0.0287023787371235,0.1225028949686199,0.00083158438957,0.0036474633137967,0.0075516305353377,0.0287023787371235,0.0012022285547151,0.0060236086605037,0.0163321405135127,2.636,19.88,0.0,0.4718,0.0,0.3771762008174736,ELEVATED,0.5310482845464661,48733.68968159318,0.0003652477481563,0.0008333226456625,0.0008595958963999,0.0010785303802557,False,False,OK,0.3,0.0,0.0004,0.0012,0.0048,0.1502
R2026554,71475,"Bracken, Boston",0.0,0.0,0.0,0.0,0.0,0.0,,,,,0.0,0.0,0.0,0.0,0.0,0.0,,,,,-0.2620565296827328,0.4305,0.0189448293506906,-0.1249553457174706,-0.0879355450120415,0.2,0.8,0,0,40.0,40.0,0,0,0,0.5,0,0,0,0,40.0,10.0,500.0,6.2166061010848646,242.57142857142856,188.0,,-0.1152064800556907,,-0.1970789252917975,,-0.0685495338872482,,-0.1763506477769551,,-0.5100272868821292,,115,,115,,115,,115,,,,,,,,,,,,,302.1256880733945,114,,69.48642201834862,114,,69.68642201834862,114,,28.360091743119263,114,,65.01816513761469,114,,1.7127614678899084,114,,53.42678899082569,114,,26.57990825688073,114,,4.605504587155964,114,,66.3211009174312,114,,3.0477981651376145,114,,3.9469724770642194,114,,-0.9226190476190476,-0.6515151515151515,-1.0,-0.8571428571428571,,0.5045454545454545,-0.0551127593440428,0.5045454545454545,0.1010114758978396,0.4904761904761904,-0.0656802721088434,0.5097087378640777,-0.0242179072276159,,,0.0,0.5,0.0,0,0,0,0.0,0,False,0.0,NEUTRAL,4.034566872917659,23.079255116611137,70.18954926225607,69.412277486911,64.12734412184673,26.3286678559313,2.1618871965730606,53.10336879844287,0.0,0.0,0.0,0.0,-0.0591566671203909,0.0,-0.1267642866865519,0.1267642866865519,0,1,40.0,0,0,0,0,5.0,,,,,,,,,,,,,,,,-1.83826925671439,-1.60032884750549,2.986701456131,133,0.0,-0.04,-0.0180717636006537,-0.0129511761767267,0.281587496317705,0.23794,-1.185377656601261,0.0005,0.0120462962962963,0.355983333333333,0.0,0.0,8.0,10.0,77.4,,0.0,0.0,0.0,0.0,0.0,0.0,0.001443778033579,0.0188568269615151,0.0474041027532859,0.0287023787371235,0.1225028949686199,0.0010371964185526,0.0036474633137967,0.0107195286233608,0.0287023787371235,0.0012022285547151,0.0060236086605037,0.0163321405135127,2.636,19.88,0.0,0.4718,0.0,0.4350612008174735,ELEVATED,0.5310482845464661,48733.68961729636,0.0012155445058642,0.0013477541065441,0.0013902465094062,0.0002282335277147,False,False,OK,0.7,0.0003,0.0046,0.0124,0.0331,0.3299
R2026554,32070,"Campos, Rafael",-2.1177,-0.80325,0.2316249999999999,-0.92475,-1.4918749999999998,-1.496375,289.985,52.66499999999999,66.11,51.39999999999999,-1.1347921173908715,-0.404110582010582,-0.0480564484126984,-0.5309060787770121,-0.6146347222222222,-1.387633234126984,292.65,53.50357142857143,66.7732142857143,52.10384615384615,-2.029338832071909,1.2568333333333337,-0.4725042000432368,-0.069058971671547,-0.9993238227093206,0.95,0.05,15,0,40.0,40.0,0,0,0,0.5,0,0,0,0,40.0,10.0,636.0,6.456769655572163,242.57142857142856,188.0,-0.2889041019548912,-0.1152064800556907,0.1490224768790991,-0.1970789252917975,-0.8669185216683073,-0.0685495338872482,-0.438284074445267,-0.1763506477769551,-1.1714340572038924,-0.5100272868821292,0.2252252252252252,87,0.5675675675675675,49,0.009009009009009,111,0.1441441441441441,96,307.3,66.07,70.83,1.745,75.0,28.5,76.19,2.88,3.88,4.25,66.0,23.61,302.1256880733945,26,0.7706422018348624,69.48642201834862,67,0.3944954128440367,69.68642201834862,48,0.5688073394495413,28.360091743119263,45,0.591743119266055,65.01816513761469,20,0.8256880733944955,1.7127614678899084,72,0.3486238532110092,53.42678899082569,23,0.7981651376146789,26.57990825688073,77,0.2981651376146789,4.605504587155964,69,0.3715596330275229,66.3211009174312,47,0.573394495412844,3.0477981651376145,11,0.908256880733945,3.9469724770642194,28,0.7477064220183486,0.5,-0.2727272727272727,-1.0,-1.75,,0.1454545454545454,1.3675062882750049,0.359090909090909,0.4797993546857184,0.4904761904761904,-0.0656802721088434,0.7233009708737864,-0.9170750500847588,,,-0.0137,0.4476605857119878,0.0,0,0,0,0.0,0,False,0.0,COLD,4.401356496906236,24.831399333650644,70.05571965730606,72.30931461208948,65.26661113755355,28.44776297001428,2.0135649690623514,68.17467872441695,-0.0808221164021164,-0.0096112896825396,-0.2338670138888889,-0.0307317361111111,-0.3104995471432709,-0.0906803198734448,-0.1267642866865519,-0.344503613356348,0,0,999.0,0,1,0,0,5.0,-0.02415,36.768,1962.0,-0.0207806481481481,-1.109,-0.228,-0.311,-0.252,-0.318,0.97,-0.041,-0.9698857142857142,-0.2377714285714285,-0.164847619047619,-0.3162,-1.18078142057794,-1.1043301931381,2.92075855205686,150,0.0036671114321567,-0.0123328885678433,-0.0490731350347901,0.0023741777593428,0.0843734099859796,0.07645,-0.689379002233871,0.0011166666666666,0.0220337866762867,0.4516,0.0003,0.367,8.0,10.0,77.4,,0.0,0.0,0.0,0.0,0.0,0.0,0.0014230035960359,0.0190571669243524,0.0475966204996517,0.0309592962522336,0.1226773988548579,0.0013297981521047,0.0038352454096783,0.0142356960197892,0.0309592962522336,0.0012022285547151,0.0063337216792587,0.0175271646669745,0.9219,18.83,0.0,0.7375,-0.0,0.3968817895561171,HIGH,0.6265688720626897,48791.40042810995,0.0009730200010884,0.0012223098661343,0.001260847224694,0.0004499835949474,False,False,OK,0.6,0.001,0.0111,0.0225,0.0597,0.4125
R2026554,45157,"Davis, Cam",-1.8458,-0.5643,-0.6138999999999999,-0.4615,-0.1722999999999999,-1.4999,289.9,52.38333333333333,48.15,62.75,-1.3215572819038406,-0.8613488762626264,-0.63197601010101,-0.087365560359712,-0.4788928787878787,-1.6022088383838384,289.1868055555556,51.7798611111111,58.15069444444445,62.03194444444444,-1.3389186778505382,1.0237333333333334,-0.5489037431950148,-0.4542390265128849,-0.0686781147844531,0.95,0.05,15,0,40.0,40.0,0,0,0,0.5,0,0,0,0,40.0,10.0,386.0,5.958424693029782,242.57142857142856,188.0,-0.7461423962069357,-0.1152064800556907,-0.4348970848092125,-0.1970789252917975,-0.0386630680941038,-0.0685495338872482,-0.3025422310109236,-0.1763506477769551,-1.6675273870309142,-0.5100272868821292,0.054054054054054,106,0.1711711711711711,93,0.4504504504504504,62,0.2432432432432432,85,297.3,67.31,62.5,1.644,33.33,28.75,40.74,3.1,4.08,5.75,66.0,33.33,302.1256880733945,71,0.3577981651376147,69.48642201834862,65,0.4082568807339449,69.68642201834862,97,0.1146788990825688,28.360091743119263,38,0.6605504587155964,65.01816513761469,107,0.0275229357798165,1.7127614678899084,23,0.7981651376146789,53.42678899082569,85,0.2293577981651376,26.57990825688073,15,0.8669724770642202,4.605504587155964,15,0.8715596330275229,66.3211009174312,47,0.573394495412844,3.0477981651376145,67,0.3899082568807339,3.9469724770642194,97,0.1192660550458715,0.0,0.6666666666666666,-0.25,4.0,1.5416666666666667,0.2545454545454545,0.8675062882750048,0.0909090909090909,1.419193294079658,0.2952380952380952,0.6843197278911566,0.0097087378640776,4.832924949915241,0.0490196078431372,1.5225306996284504,0.471,0.49,0.0,0,0,1,0.2,0,False,0.0,COLD,3.3685636856368566,19.7259078590786,71.57750135501357,62.12880758807589,58.44078590785908,26.24289972899729,2.9397018970189706,46.220406504065046,-0.1722697752525252,-0.126395202020202,-0.026803150495338,-0.0239446439393939,-0.334635912821734,-0.1004347443601818,-0.1267642866865519,-0.427133478359963,0,0,70.0,0,0,0,0,4.0,-0.01285,36.034,1750.0,-0.0094806481481481,-1.266,-0.664,-0.393,-0.105,-0.104,0.299,-0.072,-1.1268857142857145,-0.3197714285714286,-0.6008476190476191,-0.1022,-1.42234803786559,-1.3355733857837,3.03469231833682,150,0.0,-0.04,-0.0854248984749278,0.0007083350965296,0.0209959161040667,0.08677,-0.9206221948794712,0.0011166666666666,0.018378645983646,0.411033333333333,-0.0002,-0.154,8.0,10.0,77.4,,0.0,0.0,0.0,0.0,0.0,0.0,0.0014665703984199,0.017087841489003,0.0457041868119104,0.0348847150882112,0.1209620399376014,0.0013297981521047,0.0018319350113558,0.0131303287830703,0.0348847150882112,0.0012022285547151,0.0030253517720501,0.0175068805521233,4.5165,20.0,0.0,0.3681,0.0,0.2627305722096851,HIGH,0.8008277539861639,48115.19110199361,0.0017791217812694,0.0015844084464863,0.0016343621596149,-0.0003125513828494,False,False,OK,0.9,0.0011,0.0069,0.018,0.0505,0.3702
R2026554,59866,"Dunlap, Nick",-1.2646,-1.170625,0.6475,-0.2969999999999999,-0.1139999999999999,-0.8383749999999999,280.61249999999995,36.6,60.4125,66.11666666666667,-1.1444516138238274,-1.2404523680124222,-0.0641994953416148,-0.0355542298179285,-0.2159241459627329,-1.3404013586956525,285.22115384615387,46.58846153846154,61.11346153846154,66.19583333333334,-1.1288776294594114,0.1077666666666665,-1.0524162609897794,0.4417371185349155,-0.0417563761184313,0.95,0.05,15,0,40.0,40.0,0,0,0,0.5,0,0,0,0,40.0,10.0,449.0,6.1092475827643655,242.57142857142856,188.0,-1.1252458879567315,-0.1152064800556907,0.1328794299501826,-0.1970789252917975,0.0568884552919305,-0.0685495338872482,-0.0395734981857777,-0.1763506477769551,-1.093835046451204,-0.5100272868821292,0.018018018018018,110,0.5405405405405406,52,0.5945945945945946,46,0.4774774774774775,59,284.6,71.15,58.33,1.619,37.5,28.0,46.67,3.35,4.19,3.75,67.0,25.0,302.1256880733945,107,0.0275229357798165,69.48642201834862,57,0.481651376146789,69.68642201834862,107,0.0229357798165137,28.360091743119263,64,0.4174311926605504,65.01816513761469,102,0.0688073394495412,1.7127614678899084,15,0.8715596330275229,53.42678899082569,76,0.3073394495412844,26.57990825688073,65,0.4128440366972477,4.605504587155964,88,0.2018348623853211,66.3211009174312,69,0.3715596330275229,3.0477981651376145,109,0.0091743119266055,3.9469724770642194,108,0.018348623853211,1.4615384615384617,-0.2307692307692307,1.2,1.6,0.7846153846153846,0.0272727272727272,2.329044749813466,0.3363636363636363,0.5217573966437603,0.0714285714285714,2.1343197278911568,0.0631067961165048,2.432924949915241,0.2352941176470588,0.7654794175771684,0.1194000000000001,0.6173779681488121,0.0,0,0,0,0.0,0,False,0.0,COLD,4.043788672060924,22.939809614469297,70.27391908614945,67.39735364112329,67.09873393622085,32.31660161827701,1.8679200380771064,57.823369823893394,-0.2480904736024844,-0.0128398990683229,-0.0029152696488294,-0.0107962072981366,-0.3185975520993165,-0.0863918741767926,-0.1267642866865519,-0.3307470093323527,0,0,76.0,0,0,0,0,6.0,0.00773,34.674,2054.0,0.0110993518518518,-1.202,-1.113,-0.233,0.1,0.044,-6.28,-0.094,-1.0628857142857142,-0.1597714285714285,-1.0498476190476191,0.0457999999999999,-1.2410946652699,-1.33478399779045,2.9237259284862,150,0.0014148341438996,-0.0265851658561003,-0.110915357133501,-0.0163357308575792,-0.0763684696538869,-0.09369,-0.9198328068862212,0.0006333333333333,0.0161481228956229,0.409083333333333,-0.0005,-0.455,8.0,10.0,77.4,,0.0,0.0,0.0,0.0,0.0,0.0,0.000960631244033,0.0178254768225225,0.0464130213850915,0.0333938468568017,0.1216045489532896,0.0004521026069147,0.0025842369793641,0.0124611718566634,0.0333938468568017,0.0002278251035206,0.0042677419648912,0.0175068805521233,2.7769,23.29,0.0,0.5091,0.0,0.3899846342294019,HIGH,0.6182005225294257,48036.5109027905,0.001927777614769,0.0012693775549252,0.0013093988779441,-0.000967146370736,False,False,OK,0.9,0.0003,0.0052,0.0138,0.042,0.368
R2026554,49120,"Hirata, Kensei",-1.4334,-0.1730625,-1.3249375,0.3406666666666667,-0.1188749999999999,-1.31475,280.26875,58.775000000000006,54.175,67.14166666666667,-0.8254484169828027,0.0674674479166666,-0.7737854166666666,-0.0522495699587233,-0.2261645833333333,-0.76527578125,285.575,67.4738888888889,63.82555555555555,67.98392857142858,-1.5029327384412534,-1.5557666666666663,-0.2394210560815645,-1.115529999598976,-0.163602900896932,0.95,0.05,17,0,40.0,40.0,0,0,0,0.5,0,0,0,0,40.0,10.0,384.0,5.953243334287785,242.57142857142856,188.0,0.1826739279723573,-0.1152064800556907,-0.5767064913748691,-0.1970789252917975,0.0242078672205815,-0.0685495338872482,-0.0498139355563782,-0.1763506477769551,-0.4684472229217924,-0.5100272868821292,0.6576576576576577,39,0.0990990990990991,101,0.5585585585585585,50,0.4594594594594595,61,290.0,64.29,63.89,1.804,60.0,28.75,69.23,3.0,4.02,3.0,69.0,16.67,302.1256880733945,101,0.0825688073394495,69.48642201834862,69,0.3715596330275229,69.68642201834862,92,0.1651376146788991,28.360091743119263,38,0.6605504587155964,65.01816513761469,40,0.6422018348623854,1.7127614678899084,95,0.1330275229357798,53.42678899082569,45,0.5963302752293578,26.57990825688073,106,0.036697247706422,4.605504587155964,104,0.0504587155963302,66.3211009174312,96,0.1238532110091743,3.0477981651376145,40,0.6376146788990825,3.9469724770642194,83,0.2477064220183486,-2.2,-1.3,-0.1666666666666666,-0.4,1.4666666666666668,0.8909090909090909,-1.332493711724995,0.7045454545454546,-0.5474733725870089,0.2619047619047619,0.76765306122449,0.3349514563106796,0.4329249499152411,0.0735294117647058,1.4475306996284505,-0.1347,0.5406169315390211,0.0,0,0,1,0.2,0,False,0.0,COLD,3.1094716801523083,17.868705378391244,70.94342503569729,63.31395049976202,71.18954307472633,19.335530699666823,1.897905759162304,64.90004759638268,0.0134934895833333,-0.1547570833333333,-0.0110854166666666,-0.0113082291666666,-0.1994484122920813,-0.0419801914414414,-0.1267642866865519,-0.1079467211963308,0,0,999.0,0,1,0,0,8.0,-0.03218,36.165,1022.0,-0.0288106481481481,-1.347,-0.336,-0.703,-0.106,-0.202,-10.432,0.044,-1.2078857142857142,-0.6297714285714285,-0.272847619047619,-0.2002,-1.44717010656797,-1.31752211365715,2.92375025638299,150,0.0,-0.04,0.0532204701412604,-0.0271558287389769,-0.0657997005646103,0.12965,-0.9025709227529212,0.00065,0.0147425793650794,0.407983333333333,0.0001,0.188,8.0,10.0,77.4,,0.0,0.0,0.0,0.0,0.0,0.0,0.0026864644863858,0.019024019921589,0.0475647677121178,0.0307474695197,0.1226485265284511,0.0018518991668299,0.0039196164829653,0.0120395087975004,0.0307474695197,0.0023196611975703,0.006473056412476,0.0175068805521233,2.48875,19.88,0.0,0.5,-0.0344399718941032,0.3601648292435566,HIGH,0.6603288153663476,49636.148012612895,0.0007297650008163,0.0015955711128366,0.0016458767659172,0.0019566994855695,False,False,OK,0.4,0.0003,0.0055,0.0163,0.0454,0.3673
R2026554,29747,"Johnson, Zach J.",-0.7080833333333333,-0.5400833333333334,-0.7645,0.1038333333333332,0.8173333333333334,-1.20075,286.94166666666666,73.80833333333332,66.20833333333334,60.85,-0.5422982240744053,-0.4785627450980392,-0.6024274509803922,0.0131981913754933,0.6848647058823529,-0.996256862745098,286.94166666666666,73.80833333333332,66.20833333333334,60.85,-0.6004238570502393,-0.3145333333333333,-0.2566698931361357,-0.122254416264285,0.1775265323140758,0.8,0.1999999999999999,3,0,40.0,40.0,0,0,0,0.5,0,0,0,0,40.0,10.0,500.0,6.2166061010848646,242.57142857142856,188.0,-0.3633562650423485,-0.1152064800556907,-0.4053485256885947,-0.1970789252917975,0.1532769848676403,-0.0685495338872482,0.8612153536593081,-0.1763506477769551,-0.0605080072355178,-0.5100272868821292,0.1621621621621621,94,0.1801801801801801,92,0.7387387387387387,30,0.990990990990991,2,,,,,,,,,,,,,302.1256880733945,114,,69.48642201834862,114,,69.68642201834862,114,,28.360091743119263,114,,65.01816513761469,114,,1.7127614678899084,114,,53.42678899082569,114,,26.57990825688073,114,,4.605504587155964,114,,66.3211009174312,114,,3.0477981651376145,114,,3.9469724770642194,114,,-0.9226190476190476,-0.6515151515151515,-1.0,-0.8571428571428571,,0.5045454545454545,-0.0551127593440428,0.5045454545454545,0.1010114758978396,0.4904761904761904,-0.0656802721088434,0.5097087378640777,-0.0242179072276159,,,0.0,0.5,0.0,0,0,0,0.0,0,False,0.0,NEUTRAL,4.034566872917659,23.079255116611137,70.18954926225607,69.412277486911,64.12734412184673,26.3286678559313,2.1618871965730606,53.10336879844287,-0.0957125490196078,-0.1204854901960784,0.021181862745098,0.0342432352941176,-0.1585482657778719,-0.0529002517223105,-0.1267642866865519,-0.0595949607962248,0,1,40.0,0,0,0,0,5.0,,,,,,,,,,,,,,,,-3.33235989289598,-4.06021220817868,3.43981628532501,6,0.0,-0.04,-0.043166106533611,-0.0440516154077756,-0.614357063075986,-0.72785,-3.645261017274451,1.66666666666667e-05,0.0006409986772486,0.0962,0.0,,8.0,10.0,77.4,,0.0,0.0,0.0,0.0,0.0,0.0,0.0014437779498891,0.0179751754929845,0.0465568751138389,0.0305053640646331,0.1217349423076175,0.0008078599246874,0.0027376649952066,0.0072979393376465,0.0305053640646331,0.0012022285547151,0.004521120887579,0.0163321405135127,2.636,19.88,0.0,0.4718,0.0,0.4173801484885576,ELEVATED,0.4449712164449176,48417.73191700329,,0.0014437779498891,0.0014892978217947,,False,False,OK,,0.0,0.0001,0.0005,0.0016,0.0896
R2026554,54422,"Lamprecht, Christo",-0.8041500000000001,-0.27675,-1.0594375,0.501,-0.181875,-0.9469375,303.71875,45.9875,58.34375,69.11666666666667,-1.329596206100549,-0.0831808333333333,-1.2798383333333334,-0.0530169253378587,-0.7614608333333334,-1.400985,306.4678571428571,47.573214285714286,57.75,59.31730769230769,-1.1636074443806057,1.5953500000000005,-0.2216316328635773,-1.2121097271935772,-0.3406279110256943,0.95,0.05,16,0,40.0,40.0,0,0,0,0.5,0,0,0,0,40.0,10.0,352.0,5.8664680569332965,242.57142857142856,188.0,0.0320256467223573,-0.1152064800556907,-1.082759408041536,-0.1970789252917975,0.0291236410301053,-0.0685495338872482,-0.5851101855563783,-0.1763506477769551,-1.5366917235345374,-0.5100272868821292,0.5045045045045045,56,0.027027027027027,109,0.5675675675675675,49,0.072072072072072,104,330.1,50.0,69.44,1.84,85.71,30.0,59.09,3.06,4.02,3.5,68.0,19.44,302.1256880733945,3,0.981651376146789,69.48642201834862,99,0.0963302752293578,69.68642201834862,57,0.481651376146789,28.360091743119263,14,0.8761467889908257,65.01816513761469,77,0.3027522935779816,1.7127614678899084,104,0.055045871559633,53.42678899082569,10,0.9128440366972476,26.57990825688073,98,0.1055045871559633,4.605504587155964,95,0.1376146788990825,66.3211009174312,86,0.2201834862385321,3.0477981651376145,60,0.4587155963302752,3.9469724770642194,83,0.2477064220183486,1.181818181818182,1.3333333333333333,0.75,-0.8571428571428571,,0.0545454545454545,2.0493244700931865,0.0181818181818181,2.0858599607463244,0.1047619047619047,1.6843197278911566,0.5097087378640777,-0.0242179072276159,,,-0.0222,0.21,0.0,0,0,1,0.2,0,False,0.0,COLD,3.949309852451214,22.48066634935745,71.33327082341742,61.53328891004284,59.450323655402194,22.86085197524988,2.7704664445502147,72.9894288434079,-0.0166361666666666,-0.2559676666666667,-0.0098564732142857,-0.0380730416666666,-0.3289966868544107,-0.0831474912323037,-0.1267642866865519,-0.3791857503147351,0,0,999.0,0,1,0,0,5.0,-0.09984,41.934,837.0,-0.0964706481481481,-1.646,-0.247,-1.208,-0.06,-0.131,14.13,-0.112,-1.5068857142857142,-1.1347714285714283,-0.183847619047619,-0.1292,-1.59180918492576,-1.74523805587306,3.10446043862406,150,0.0,-0.04,-0.133193794113105,0.0364650735627414,-0.147241496310491,-0.15343,-1.330286864968831,0.0004166666666666,0.0104616738816739,0.337066666666667,-0.0001,-0.2,8.0,10.0,77.4,,0.0,0.0,0.0,0.0,0.0,0.0,0.0028450796116328,0.0181002205159781,0.0466770377897227,0.0237574241663522,0.1218438613777724,0.0017411849973777,0.0,0.0078367589268622,0.0237574241663522,0.0023196611975703,0.0,0.0107988291665237,2.48875,19.88,0.0,0.5,0.0225629042228867,0.2462920444051661,HIGH,0.7926113651354771,49412.62685788257,0.0009730200010884,0.0018527273675258,0.0019111407214992,0.0018720596105443,False,False,OK,0.6,0.0002,0.0041,0.0117,0.0328,0.305
R2026554,34409,"Lingmerth, David",-0.5727,-0.1372,-0.7205,-0.0344,0.3194,0.0,,,,,0.0,0.0,0.0,0.0,0.0,0.0,,,,,-0.2620565296827328,0.4305,0.0189448293506906,-0.1249553457174706,-0.0879355450120415,0.2,0.8,0,0,40.0,40.0,0,0,0,0.5,0,0,0,0,40.0,10.0,500.0,6.2166061010848646,242.57142857142856,188.0,,-0.1152064800556907,,-0.1970789252917975,,-0.0685495338872482,,-0.1763506477769551,,-0.5100272868821292,,115,,115,,115,,115,,,,,,,,,,,,,302.1256880733945,114,,69.48642201834862,114,,69.68642201834862,114,,28.360091743119263,114,,65.01816513761469,114,,1.7127614678899084,114,,53.42678899082569,114,,26.57990825688073,114,,4.605504587155964,114,,66.3211009174312,114,,3.0477981651376145,114,,3.9469724770642194,114,,1.2142857142857142,0.5625,-1.5,-0.6666666666666666,-1.9717261904761905,0.0454545454545454,2.081792002560719,0.109090909090909,1.3150266274129911,0.6428571428571429,-0.5656802721088434,0.4368932038834951,0.1662582832485745,0.9509803921568628,-1.9908621575144063,0.0,0.5,0.0,0,0,0,0.0,0,False,0.0,NEUTRAL,4.034566872917659,23.079255116611137,70.18954926225607,69.412277486911,64.12734412184673,26.3286678559313,2.1618871965730606,53.10336879844287,0.0,0.0,0.0,0.0,-0.0591566671203909,0.0,-0.1267642866865519,0.1267642866865519,0,1,40.0,0,0,0,0,5.0,,,,,,,,,,,,,,,,-1.71627501674789,-2.34562757904618,2.98261818443073,150,0.0,-0.04,0.0634055770386674,-0.0555043285173585,-0.486326864936366,-0.62935,-1.9306763881419509,0.0001333333333333,0.0034243981481481,0.24005,0.0,0.0,8.0,10.0,77.4,,0.0,0.0,0.0,0.0,0.0,0.0,0.0014680347623181,0.0188364321006406,0.0473845042039132,0.0287023787371235,0.1224851302529263,0.0008632170094135,0.0036474633137967,0.0081329591789164,0.0287023787371235,0.0012022285547151,0.0060236086605037,0.0163321405135127,4.6373,21.06,0.0,0.6724,0.0,0.4002812008174737,ELEVATED,0.5310482845464661,48742.826768306695,0.0002432550002721,0.0007154524340879,0.0007380094368159,0.001224779762046,False,False,OK,0.2,0.0001,0.001,0.0036,0.0111,0.2058
R2026554,60014,"Lundell, Carson",0.0,0.0,0.0,0.0,0.0,0.0,,,,,-1.3604127338783267,-1.3815,0.3,0.2442768841859507,-1.541,-0.5634999999999999,,,,,-2.1045,0.0,0.0189448293506906,-0.1249553457174706,-0.0879355450120415,0.2,0.8,0,0,40.0,40.0,0,0,0,0.5,0,0,0,0,40.0,10.0,500.0,6.2166061010848646,242.57142857142856,188.0,-1.2662935199443093,-0.1152064800556907,0.4970789252917975,-0.1970789252917975,0.5865495338872482,-0.0685495338872482,-1.3646493522230447,-0.1763506477769551,-1.5944727131178706,-0.5100272868821292,0.009009009009009,111,0.9009009009009008,12,0.990990990990991,2,0.009009009009009,111,,,,,,,,,,,,,302.1256880733945,114,,69.48642201834862,114,,69.68642201834862,114,,28.360091743119263,114,,65.01816513761469,114,,1.7127614678899084,114,,53.42678899082569,114,,26.57990825688073,114,,4.605504587155964,114,,66.3211009174312,114,,3.0477981651376145,114,,3.9469724770642194,114,,-0.9226190476190476,-0.6515151515151515,-1.0,-0.8571428571428571,,0.5045454545454545,-0.0551127593440428,0.5045454545454545,0.1010114758978396,0.4904761904761904,-0.0656802721088434,0.5097087378640777,-0.0242179072276159,,,0.0,0.5,0.0,0,0,0,0.0,0,False,0.0,NEUTRAL,4.034566872917659,23.079255116611137,70.18954926225607,69.412277486911,64.12734412184673,26.3286678559313,2.1618871965730606,53.10336879844287,-0.2763,0.06,0.1295,-0.07705,-0.3209512617149854,-0.0543891891891891,-0.1267642866865519,-0.3641005781783127,0,1,40.0,0,0,0,0,5.0,,,,,,,,,,,,,,,,-2.24016626927043,-2.71398887221948,3.28988224837549,150,-0.0017449791685251,-0.0297449791685251,-0.148387722163444,0.0380059852964008,-0.411444118329519,-0.47382,-2.299037681315251,0.0002166666666666,0.0040450673400673,0.211716666666667,0.0001,0.857,8.0,10.0,77.4,,0.0,0.0,0.0,0.0,0.0,0.0,0.0027822932078417,0.0180389141526016,0.0466181251157461,0.0244870779127001,0.1217904611549272,0.0016462871378473,0.0027376649952066,0.0071289865652904,0.0244870779127001,0.0023196611975703,0.004521120887579,0.0135965558989977,2.48875,19.88,0.0,0.5,0.0,0.30053073742904,HIGH,0.6614060893870859,49348.087300290776,0.0004865100005442,0.0013857559429268,0.0014294464792862,0.0022957832072974,False,False,OK,0.3,0.0,0.0016,0.0036,0.0102,0.1866
R2026554,67803,"Mauss, Bowen",0.0,0.0,0.0,0.0,0.0,0.0,,,,,0.0,0.0,0.0,0.0,0.0,0.0,,,,,-0.2620565296827328,0.4305,0.0189448293506906,-0.1249553457174706,-0.0879355450120415,0.2,0.8,0,0,40.0,40.0,0,0,0,0.5,0,0,0,0,40.0,10.0,500.0,6.2166061010848646,242.57142857142856,188.0,,-0.1152064800556907,,-0.1970789252917975,,-0.0685495338872482,,-0.1763506477769551,,-0.5100272868821292,,115,,115,,115,,115,,,,,,,,,,,,,302.1256880733945,114,,69.48642201834862,114,,69.68642201834862,114,,28.360091743119263,114,,65.01816513761469,114,,1.7127614678899084,114,,53.42678899082569,114,,26.57990825688073,114,,4.605504587155964,114,,66.3211009174312,114,,3.0477981651376145,114,,3.9469724770642194,114,,-0.9226190476190476,-0.6515151515151515,-1.0,-0.8571428571428571,,0.5045454545454545,-0.0551127593440428,0.5045454545454545,0.1010114758978396,0.4904761904761904,-0.0656802721088434,0.5097087378640777,-0.0242179072276159,,,0.0,0.5,0.0,0,0,0,0.0,0,False,0.0,NEUTRAL,4.034566872917659,23.079255116611137,70.18954926225607,69.412277486911,64.12734412184673,26.3286678559313,2.1618871965730606,53.10336879844287,0.0,0.0,0.0,0.0,-0.0591566671203909,0.0,-0.1267642866865519,0.1267642866865519,0,1,40.0,0,0,0,0,5.0,,,,,,,,,,,,,,,,-3.13949192904707,-3.33076947810713,3.34304714351601,96,-1.24331759583809e-06,-0.0280012433175958,-0.0394899150173723,-0.0289138480027015,-0.18553547134597,-0.19128,-2.9158182872029013,3.33333333333333e-05,0.001099246031746,0.144316666666667,0.0,,8.0,10.0,77.4,,0.0,0.0,0.0,0.0,0.0,0.0,0.0014419931188736,0.0188583275577594,0.0474055447591797,0.0287023787371235,0.1225042020462124,0.0008157680796483,0.0036474633137967,0.0074354135439957,0.0287023787371235,0.0012022285547151,0.0060236086605037,0.0163321405135127,2.48875,19.88,0.0,0.5,0.0,0.3715612008174738,ELEVATED,0.5310482845464661,48733.01721415414,0.000292198198525,0.0007616313578386,0.0007856443037703,0.0011497949203485,False,False,OK,0.2,0.0001,0.0008,0.0019,0.0057,0.136
R2026554,55416,"Rasmussen, Rhett",0.0,0.0,0.0,0.0,0.0,0.0,,,,,0.0,0.0,0.0,0.0,0.0,0.0,,,,,-0.2620565296827328,0.4305,0.0189448293506906,-0.1249553457174706,-0.0879355450120415,0.2,0.8,0,0,40.0,40.0,0,0,0,0.5,0,0,0,0,40.0,10.0,500.0,6.2166061010848646,242.57142857142856,188.0,,-0.1152064800556907,,-0.1970789252917975,,-0.0685495338872482,,-0.1763506477769551,,-0.5100272868821292,,115,,115,,115,,115,,,,,,,,,,,,,302.1256880733945,114,,69.48642201834862,114,,69.68642201834862,114,,28.360091743119263,114,,65.01816513761469,114,,1.7127614678899084,114,,53.42678899082569,114,,26.57990825688073,114,,4.605504587155964,114,,66.3211009174312,114,,3.0477981651376145,114,,3.9469724770642194,114,,-0.9226190476190476,-0.6515151515151515,-1.0,-0.8571428571428571,,0.5045454545454545,-0.0551127593440428,0.5045454545454545,0.1010114758978396,0.4904761904761904,-0.0656802721088434,0.5097087378640777,-0.0242179072276159,,,0.0,0.5,0.0,0,0,0,0.0,0,False,0.0,NEUTRAL,4.034566872917659,23.079255116611137,70.18954926225607,69.412277486911,64.12734412184673,26.3286678559313,2.1618871965730606,53.10336879844287,0.0,0.0,0.0,0.0,-0.0591566671203909,0.0,-0.1267642866865519,0.1267642866865519,0,1,40.0,0,0,0,0,5.0,,,,,,,,,,,,,,,,-2.88039573882462,-3.43665742959135,3.3515545767977,150,0.0,-0.04,-0.0429662289601944,-0.0253437980685959,-0.543319472802803,-0.55626,-3.021706238687121,8.33333333333333e-05,0.0014291666666666,0.14265,0.0,0.0,8.0,10.0,77.4,,0.0,0.0,0.0,0.0,0.0,0.0,0.001443777876033,0.0188568269615151,0.0474041027532859,0.0287023787371235,0.1225028949686199,0.0008394925445309,0.0036474633137967,0.0075343897344719,0.0287023787371235,0.0012022285547151,0.0060236086605037,0.0163321405135127,2.636,19.88,0.0,0.4718,0.0,0.3710612008174737,ELEVATED,0.5310482845464661,48733.68951048021,0.000292198198525,0.0007621972070739,0.0007862279932731,0.001151579677508,False,False,OK,0.2,0.0,0.0003,0.0013,0.0036,0.1181
R2026554,37076,"Rozo, Marcelo",-0.5021000000000001,0.1674,0.46325,-0.7000000000000001,-0.441625,-0.0107499999999999,282.10625,57.375,63.90625,64.16666666666667,-0.7188158356975322,-0.02765625,0.1132916666666667,-0.2414921681361947,-0.9185625,-0.28940625,288.20944444444444,66.73444444444445,66.485,53.35,-0.600862117061332,0.8551,0.2094388197409967,0.1043146065087983,-0.6108097727420175,0.95,0.05,17,0,40.0,40.0,0,0,0,0.5,0,0,0,0,40.0,10.0,627.0,6.442540166468199,242.57142857142856,188.0,0.0875502300556907,-0.1152064800556907,0.3103705919584642,-0.1970789252917975,-0.3553615772238628,-0.0685495338872482,-0.742211852223045,-0.1763506477769551,-0.4290175660590473,-0.5100272868821292,0.5855855855855856,47,0.7477477477477478,29,0.063063063063063,105,0.045045045045045,107,294.1,71.43,70.83,1.804,40.0,30.25,57.14,3.0,3.95,4.0,68.0,22.22,302.1256880733945,97,0.1192660550458715,69.48642201834862,55,0.5045871559633027,69.68642201834862,48,0.5688073394495413,28.360091743119263,10,0.9128440366972476,65.01816513761469,84,0.2385321100917431,1.7127614678899084,95,0.1330275229357798,53.42678899082569,72,0.3440366972477064,26.57990825688073,87,0.2064220183486238,4.605504587155964,79,0.2798165137614679,66.3211009174312,86,0.2201834862385321,3.0477981651376145,40,0.6376146788990825,3.9469724770642194,64,0.4174311926605504,1.0,0.8888888888888888,-1.0,-0.8571428571428571,,0.0772727272727272,1.8675062882750049,0.0636363636363636,1.64141551630188,0.4904761904761904,-0.0656802721088434,0.5097087378640777,-0.0242179072276159,,,0.173,0.0,0.0,0,0,0,0.0,0,False,0.0,COLD,3.704607046070461,21.12178861788618,72.19283468834689,65.3519512195122,54.07777777777778,32.268075880758815,3.230352303523036,41.21647696476965,-0.00553125,0.0226583333333333,-0.1059777777777777,-0.045928125,-0.1772099794780756,-0.0288962274774774,-0.1267642866865519,-0.1036555331332678,0,0,999.0,0,1,0,0,4.0,-0.01961,35.939,711.0,-0.0162406481481481,-1.523,-0.171,-0.552,-0.345,-0.454,-9.521,0.044,-1.3838857142857142,-0.4787714285714286,-0.107847619047619,-0.4522,-1.39821350093217,-1.44783936465647,2.95102964202527,150,0.0,-0.04,0.0530361267032713,-0.0247994935119535,-0.0752043369222122,-0.04963,-1.032888173752241,0.0006666666666666,0.0122064424001924,0.381866666666667,0.0003,0.75,8.0,10.0,77.4,,0.0,0.0,0.0,0.0,0.0,0.0,0.002654692164619,0.0193753989076651,0.0479024272063176,0.0360718572768406,0.1229545912683276,0.0018598073217907,0.0043297333308585,0.0124923442624758,0.0360718572768406,0.0023196611975703,0.0071503444848313,0.0202964866630173,2.48875,19.88,0.0,0.5,-0.0458588737501096,0.4519231879997719,ELEVATED,0.5180525885717545,49740.53014810417,0.0004865100005442,0.0013472150747242,0.0013896904828265,0.0021681821640748,False,False,OK,0.3,0.0006,0.0043,0.0129,0.0372,0.3543
R2026554,65546,"Shelley, Tyson",0.0,0.0,0.0,0.0,0.0,0.0,,,,,0.0,0.0,0.0,0.0,0.0,0.0,,,,,-0.2620565296827328,0.4305,0.0189448293506906,-0.1249553457174706,-0.0879355450120415,0.2,0.8,0,0,40.0,40.0,0,0,0,0.5,0,0,0,0,40.0,10.0,500.0,6.2166061010848646,242.57142857142856,188.0,,-0.1152064800556907,,-0.1970789252917975,,-0.0685495338872482,,-0.1763506477769551,,-0.5100272868821292,,115,,115,,115,,115,,,,,,,,,,,,,302.1256880733945,114,,69.48642201834862,114,,69.68642201834862,114,,28.360091743119263,114,,65.01816513761469,114,,1.7127614678899084,114,,53.42678899082569,114,,26.57990825688073,114,,4.605504587155964,114,,66.3211009174312,114,,3.0477981651376145,114,,3.9469724770642194,114,,-0.9226190476190476,-0.6515151515151515,-1.0,-0.8571428571428571,,0.5045454545454545,-0.0551127593440428,0.5045454545454545,0.1010114758978396,0.4904761904761904,-0.0656802721088434,0.5097087378640777,-0.0242179072276159,,,0.0,0.5,0.0,0,0,0,0.0,0,False,0.0,NEUTRAL,4.034566872917659,23.079255116611137,70.18954926225607,69.412277486911,64.12734412184673,26.3286678559313,2.1618871965730606,53.10336879844287,0.0,0.0,0.0,0.0,-0.0591566671203909,0.0,-0.1267642866865519,0.1267642866865519,0,1,40.0,0,0,0,0,5.0,,,,,,,,,,,,,,,,-3.31725696543403,-3.37127723238558,3.35498543977959,150,0.0,-0.04,-0.0400740929217452,-0.0239040745048756,-0.063682038768841,-0.05402,-2.9563260414813515,5e-05,0.0012244576719576,0.14375,0.0,,8.0,10.0,77.4,,0.0,0.0,0.0,0.0,0.0,0.0,0.0014437778108553,0.0188568269615151,0.0474041027532859,0.0287023787371235,0.1225028949686199,0.0008236762346091,0.0036474633137967,0.0074729770360592,0.0287023787371235,0.0012022285547151,0.0060236086605037,0.0163321405135127,2.636,19.88,0.0,0.4718,0.0,0.3713912008174737,ELEVATED,0.5310482845464661,48733.6894662897,0.000292198198525,0.0007621971864147,0.0007862279719625,0.0011515796123302,False,False,OK,0.2,0.0,0.0004,0.0015,0.0038,0.1254
R2026554,46123,"Snyder, Matt",0.0,0.0,0.0,0.0,0.0,0.0,,,,,0.0,0.0,0.0,0.0,0.0,0.0,,,,,-0.2620565296827328,0.4305,0.0189448293506906,-0.1249553457174706,-0.0879355450120415,0.2,0.8,0,0,40.0,40.0,0,0,0,0.5,0,0,0,0,40.0,10.0,500.0,6.2166061010848646,242.57142857142856,188.0,,-0.1152064800556907,,-0.1970789252917975,,-0.0685495338872482,,-0.1763506477769551,,-0.5100272868821292,,115,,115,,115,,115,,,,,,,,,,,,,302.1256880733945,114,,69.48642201834862,114,,69.68642201834862,114,,28.360091743119263,114,,65.01816513761469,114,,1.7127614678899084,114,,53.42678899082569,114,,26.57990825688073,114,,4.605504587155964,114,,66.3211009174312,114,,3.0477981651376145,114,,3.9469724770642194,114,,-0.9226190476190476,-0.6515151515151515,-1.0,-0.8571428571428571,,0.5045454545454545,-0.0551127593440428,0.5045454545454545,0.1010114758978396,0.4904761904761904,-0.0656802721088434,0.5097087378640777,-0.0242179072276159,,,0.0,0.5,0.0,0,0,0,0.0,0,False,0.0,NEUTRAL,4.034566872917659,23.079255116611137,70.18954926225607,69.412277486911,64.12734412184673,26.3286678559313,2.1618871965730606,53.10336879844287,0.0,0.0,0.0,0.0,-0.0591566671203909,0.0,-0.1267642866865519,0.1267642866865519,0,1,40.0,0,0,0,0,5.0,,,,,,,,,,,,,,,,-3.48860905400138,-3.49285376511257,3.34906520689086,8,0.0,-0.04,-0.0450647086892301,-0.0263884345150551,0.0709678209166396,-0.00424,-3.077902574208341,6.66666666666667e-05,0.0015025992063492,0.13445,-0.0,-0.0,8.0,10.0,77.4,,0.0,0.0,0.0,0.0,0.0,0.0,0.0014437777533361,0.0188568269615151,0.0474041027532859,0.0287023787371235,0.1225028949686199,0.00083158438957,0.0036474633137967,0.0075564194963767,0.0287023787371235,0.0012022285547151,0.0060236086605037,0.0163321405135127,2.636,19.88,0.0,0.4718,0.0,0.3686012008174737,ELEVATED,0.5310482845464661,48733.68942729171,0.000292198198525,0.000762197168183,0.000786227953156,0.0011515795548111,False,False,OK,0.2,0.0,0.0004,0.0009,0.0021,0.1197
R2026554,32150,"Thompson, Michael",0.9662,0.2161,-0.1481,0.5654,0.3328,0.0,,,,,0.0,0.0,0.0,0.0,0.0,0.0,,,,,-0.2620565296827328,0.4305,0.0189448293506906,-0.1249553457174706,-0.0879355450120415,0.2,0.8,0,0,40.0,40.0,0,0,0,0.5,0,0,0,0,40.0,10.0,500.0,6.2166061010848646,242.57142857142856,188.0,,-0.1152064800556907,,-0.1970789252917975,,-0.0685495338872482,,-0.1763506477769551,,-0.5100272868821292,,115,,115,,115,,115,295.8,76.92,62.5,1.711,40.0,27.75,59.26,3.25,4.06,4.0,68.0,25.0,302.1256880733945,82,0.2522935779816513,69.48642201834862,41,0.6330275229357798,69.68642201834862,97,0.1146788990825688,28.360091743119263,74,0.3302752293577982,65.01816513761469,75,0.3211009174311927,1.7127614678899084,53,0.518348623853211,53.42678899082569,72,0.3440366972477064,26.57990825688073,65,0.4128440366972477,4.605504587155964,79,0.2798165137614679,66.3211009174312,86,0.2201834862385321,3.0477981651376145,104,0.0504587155963302,3.9469724770642194,91,0.1697247706422018,1.3846153846153846,-2.3076923076923075,-0.875,0.375,0.2115384615384614,0.0363636363636363,2.252121672890389,0.9090909090909092,-1.5551656802793163,0.4571428571428571,0.0593197278911565,0.2135922330097087,1.2079249499152411,0.4607843137254901,0.1924024945002452,0.0,0.5,0.0,0,0,0,0.0,0,False,0.0,COLD,4.034566872917659,23.079255116611137,70.18954926225607,69.412277486911,64.12734412184673,26.3286678559313,2.1618871965730606,53.10336879844287,0.0,0.0,0.0,0.0,-0.0591566671203909,0.0,-0.1267642866865519,0.1267642866865519,0,0,73.0,0,0,0,0,5.0,,,,,,,,,,,,,,,,-1.12105134579711,-1.46845497099299,2.9389708763451,150,0.0,-0.04,0.0463573378007449,-0.0288145986398974,-0.290141712174069,-0.3474,-1.053503780088761,0.0006,0.0135068722943723,0.377483333333333,-0.0001,-0.154,8.0,10.0,77.4,,0.0,0.0,0.0,0.0,0.0,0.0,0.0014504116115834,0.0191145668179685,0.0476517792308608,0.0307920945723728,0.1227273963908652,0.0010846453483178,0.0039196164829653,0.0116776217052149,0.0307920945723728,0.0012022285547151,0.006473056412476,0.0175271646669745,3.1833,22.46,0.0,0.3939,0.0,0.4415112008174736,ELEVATED,0.5310482845464661,48830.5534759884,0.0007297650008163,0.0011020318343552,0.0011367770304151,0.0007206466107671,False,False,OK,0.4,0.0004,0.0056,0.0137,0.0398,0.3398
R2026554,30927,"Todd, Brendon",-1.680875,-1.00325,-0.881625,0.4491666666666667,0.2090000000000001,-1.82225,276.93333333333334,64.3,49.98333333333333,73.14999999999999,-1.0103964940963244,-1.0833208333333333,-1.082358333333333,0.0809488600825534,0.2610916666666668,-2.1508708333333333,276.93333333333334,64.3,49.98333333333333,73.14999999999999,-2.479448630330806,3.0636500000000004,-1.2330695292029004,-1.3879236655464915,0.2777943516190866,0.9,0.0999999999999999,4,0,40.0,40.0,0,0,0,0.5,0,0,0,0,40.0,10.0,500.0,6.2166061010848646,242.57142857142856,188.0,-0.9681143532776426,-0.1152064800556907,-0.8852794080415356,-0.1970789252917975,0.4312453672205816,-0.0685495338872482,0.4374423144436219,-0.1763506477769551,-1.4433727131178706,-0.5100272868821292,0.036036036036036,108,0.054054054054054,106,0.963963963963964,5,0.8918918918918919,13,270.9,53.57,52.78,1.632,22.22,26.25,55.88,3.13,4.07,4.25,69.0,23.61,302.1256880733945,109,0.0091743119266055,69.48642201834862,93,0.1513761467889908,69.68642201834862,109,0.0091743119266055,28.360091743119263,102,0.0688073394495412,65.01816513761469,88,0.2018348623853211,1.7127614678899084,19,0.8348623853211009,53.42678899082569,102,0.073394495412844,26.57990825688073,77,0.2981651376146789,4.605504587155964,69,0.3715596330275229,66.3211009174312,96,0.1238532110091743,3.0477981651376145,75,0.3165137614678899,3.9469724770642194,94,0.146788990825688,0.7222222222222222,0.7333333333333333,1.375,1.25,0.5847222222222223,0.1181818181818181,1.589728510497227,0.0818181818181818,1.4858599607463243,0.0476190476190476,2.3093197278911566,0.1067961165048543,2.082924949915241,0.3137254901960784,0.5655862551840061,0.0,0.0,0.0,0,0,0,0.0,0,False,0.0,COLD,4.25,23.61,71.826,52.78,55.88,26.67,4.0,22.22,-0.2166641666666666,-0.2164716666666666,0.0906739583333333,0.0130545833333333,-0.2607682138484271,-0.1046025281531531,-0.1267642866865519,-0.3865497898900244,0,0,999.0,0,1,0,0,1.0,-0.1246,43.084,623.0,-0.1212306481481481,,,,,,,,,,,,-1.87011653809367,-2.25577440269895,2.91730459668022,150,0.0,-0.04,0.0263998710620578,-0.0574313319244035,-0.131015421653081,-0.38566,-1.840823211794721,8.33333333333333e-05,0.0032372156084656,0.2521,0.0,0.0,8.0,10.0,77.4,,0.0,0.0,0.0,0.0,0.0,0.0,0.0014584428125136,0.0167462703875266,0.0453759522562651,0.0036002446224573,0.1206645182460224,0.0008394925445309,0.0,0.0016831473253199,0.0036002446224573,0.0012022285547151,0.0,0.0016364748283897,3.8459,20.5,0.0,0.3359,0.0,0.3200089629716267,HIGH,0.650887195754819,47987.27168300425,0.0003652477481563,0.0008383940242235,0.0008648271669321,0.0010931950643573,False,False,OK,0.3,0.0,0.0012,0.0032,0.0099,0.2189
R2026554,38991,"Tosti, Alejandro",-0.5262,0.7188125000000001,-0.4154374999999999,-0.4704,-0.7251874999999999,0.3722499999999999,300.17,58.30499999999999,58.90000000000001,64.15,-1.1627773319627048,0.17395546875,-1.1130544577205883,-0.1231382392827089,-0.9441642922794118,-1.1198460477941174,301.06562499999995,53.03906249999999,58.50625,57.04333333333332,-1.028830806405736,0.0662000000000001,0.5522627404001531,-0.6816859007896042,-0.8547744635753538,0.95,0.05,17,0,40.0,40.0,0,0,0,0.5,0,0,0,0,40.0,10.0,486.0,6.18826412308259,242.57142857142856,188.0,0.2891619488056907,-0.1152064800556907,-0.9159755324287908,-0.1970789252917975,-0.1121685727303988,-0.0685495338872482,-0.7678136445024566,-0.1763506477769551,-1.3412672159189911,-0.5100272868821292,0.7297297297297297,31,0.045045045045045,107,0.3243243243243243,76,0.036036036036036,108,297.9,73.21,66.67,1.75,33.33,29.0,66.67,3.19,3.83,4.5,70.0,25.0,302.1256880733945,67,0.3944954128440367,69.48642201834862,51,0.5412844036697247,69.68642201834862,77,0.3027522935779816,28.360091743119263,32,0.7110091743119266,65.01816513761469,51,0.5412844036697247,1.7127614678899084,74,0.3302752293577982,53.42678899082569,85,0.2293577981651376,26.57990825688073,65,0.4128440366972477,4.605504587155964,57,0.481651376146789,66.3211009174312,105,0.0412844036697247,3.0477981651376145,89,0.1926605504587156,3.9469724770642194,10,0.9128440366972476,0.75,1.2307692307692308,0.6666666666666666,-0.8571428571428571,,0.1,1.6175062882750049,0.0363636363636363,1.983295858182222,0.119047619047619,1.600986394557823,0.5097087378640777,-0.0242179072276159,,,-0.5124000000000001,0.4725815626252608,0.0,0,0,2,0.4,0,False,0.0,COLD,4.451219512195122,24.7309485094851,70.49348780487806,65.70512195121951,65.01634146341465,32.43707317073171,2.2195121951219514,53.16056910569106,0.03479109375,-0.2226108915441176,-0.0451795266544117,-0.0472082146139705,-0.279922877900395,-0.067526508594992,-0.1267642866865519,-0.3147094340010473,0,0,999.0,0,1,0,0,4.0,-0.02854,35.817,1663.0,-0.0251706481481481,-1.185,0.034,-0.602,-0.097,-0.52,8.794,-0.06,-1.0458857142857143,-0.5287714285714286,0.0971523809523809,-0.5182,-1.39852738297395,-1.16288773601905,3.07988238435092,150,0.0157042223060074,-0.0002957776939925,-0.0709096212194079,0.0226411486948696,-0.0811341838226241,0.23564,-0.747936545114821,0.0017,0.0258449266474266,0.440416666666667,0.0006,0.537,8.0,10.0,77.4,,0.0,0.0,0.0,0.0,0.0,0.0,0.0028581516446999,0.0205343363190459,0.0490161142383908,0.0278049036210636,0.1239640707517434,0.0023501129293646,0.0054269727899424,0.0153790380111312,0.0278049036210636,0.0023196611975703,0.0089623822052336,0.0175271646669745,5.7322,25.23,0.0,0.5962,0.0,0.3297892394287892,HIGH,0.7176225151017297,50293.80434752151,0.0016195085153251,0.0022774122837047,0.0023492152333469,0.0012386431293748,False,False,OK,0.8,0.0016,0.012,0.0277,0.064,0.4019
