player_id,player_name,sg_total,sg_ott,sg_app,sg_putt,sg_t2g,season_sg_total,season_sg_ott,season_sg_app,season_sg_putt,season_sg_t2g,sg_arg,season_sg_arg,recent_sg_weighted,recent_sg_trend,recent_sg_ott_weighted,recent_sg_app_weighted,recent_sg_putt_weighted,sg_blend_current_weight,sg_blend_prior_weight,sg_blend_tournaments,hist_times_played,hist_avg_finish,hist_best_finish,hist_wins,hist_top5s,hist_top10s,hist_cut_rate,hist_missed_cuts,has_won_here,has_course_history,has_made_cut_here,venue_avg_finish,venue_finish_std,wins_at_venue,world_rank,world_rank_log,field_avg_rank,field_median_rank,season_sg_ott_vs_field,field_avg_season_sg_ott,season_sg_app_vs_field,field_avg_season_sg_app,season_sg_arg_vs_field,field_avg_season_sg_arg,season_sg_putt_vs_field,field_avg_season_sg_putt,season_sg_total_vs_field,field_avg_season_sg_total,season_sg_ott_field_pct,season_sg_ott_field_rank,season_sg_app_field_pct,season_sg_app_field_rank,season_sg_arg_field_pct,season_sg_arg_field_rank,season_sg_putt_field_pct,season_sg_putt_field_rank,driving_dist_val,driving_acc_val,gir_pct_val,putts_per_round_val,sand_save_val,one_putt_pct_val,scrambling_val,par4_scoring_val,par5_scoring_val,birdie_avg_val,par3_scoring_val,bogey_avoid_val,driving_dist_field_avg,driving_dist_field_rank,driving_dist_field_pct,driving_acc_field_avg,driving_acc_field_rank,driving_acc_field_pct,gir_pct_field_avg,gir_pct_field_rank,gir_pct_field_pct,one_putt_pct_field_avg,one_putt_pct_field_rank,one_putt_pct_field_pct,scrambling_field_avg,scrambling_field_rank,scrambling_field_pct,putts_per_round_field_avg,putts_per_round_field_rank,putts_per_round_field_pct,sand_save_field_avg,sand_save_field_rank,sand_save_field_pct,bogey_avoid_field_avg,bogey_avoid_field_rank,bogey_avoid_field_pct,birdie_avg_field_avg,birdie_avg_field_rank,birdie_avg_field_pct,par3_scoring_field_avg,par3_scoring_field_rank,par3_scoring_field_pct,par4_scoring_field_avg,par4_scoring_field_rank,par4_scoring_field_pct,par5_scoring_field_avg,par5_scoring_field_rank,par5_scoring_field_pct,recent_r1_avg,recent_r2_avg,recent_r3_avg,recent_r4_avg,closing_delta,recent_r1_avg_field_pct,recent_r1_avg_vs_field,recent_r2_avg_field_pct,recent_r2_avg_vs_field,recent_r3_avg_field_pct,recent_r3_avg_vs_field,recent_r4_avg_field_pct,recent_r4_avg_vs_field,closing_delta_field_pct,closing_delta_vs_field,form_trend,finish_consistency,recent_top10s,recent_top5s,recent_wins,recent_cuts_made,recent_cuts_pct,consecutive_cuts,hot_hand_flag,hot_hand_score,momentum_trend,recent_birdie_avg,recent_bogey_avg,recent_scoring_avg,recent_gir_pct,recent_scrambling,recent_bounce_back,recent_final_round,recent_sand_save,dg_fit_ott,dg_fit_app,dg_fit_arg,dg_fit_putt,predictive_sg_weighted,dg_fit_total,field_avg_predictive_sg_weighted,predictive_sg_weighted_vs_field,course_starts,course_made_cut_rate,course_top_10_rate,course_top_20_rate,course_win_rate,course_avg_finish,course_best_finish,course_avg_to_par,course_avg_earnings,course_last_season,course_sg_total_avg,course_sg_ott_avg,course_sg_app_avg,course_sg_putt_avg,course_sg_t2g_avg,course_sg_total_weighted,course_sg_ott_weighted,course_sg_app_weighted,course_sg_putt_weighted,course_sg_t2g_weighted,course_sg_trend,course_sg_recent_vs_early,course_sg_total_vs_avg,course_sg_ott_vs_avg,course_sg_app_vs_avg,course_sg_putt_vs_avg,course_sg_t2g_vs_avg,overall_sg_total_avg,course_stat_101_driving_distance_weighted,course_stat_102_driving_accuracy_weighted,course_stat_103_gir_percentage_weighted,course_stat_104_putts_per_round_weighted,course_stat_108_birdie_or_better_weighted,course_stat_111_sand_save_percentage_weighted,course_stat_119_1_putt_percentage_weighted,course_stat_120_scoring_average_weighted,course_stat_130_scrambling_weighted,course_stat_142_par_4_scoring_weighted,has_similar_course_data,similar_course_sg_estimate,course_sg_starts,course_sg_vs_avg,course_history_confidence,has_course_form_history,has_course_sg_history,course_experience_tier,course_perf_score,is_defending_champion,first_start_of_season,last_start_position,post_top5_last_start,missed_cut_last_start,consecutive_top10s,pre_major_flag,recent_par3_scoring_field_pct,recent_par4_scoring_field_pct,recent_par5_scoring_field_pct,win_prob,top5_prob,top10_prob,projected_score,projected_score_vs_field,score_rank,proj_ceiling,proj_median,proj_floor,top20_prob_raw,top20_prob,win_prob_calibrated,top5_prob_calibrated,top10_prob_calibrated,top20_prob_calibrated,win_prob_raw,top5_prob_raw,top10_prob_raw,course_adjustment,course_adjustment_confidence,win_prob_pre_course_adj,top5_prob_pre_course_adj,top10_prob_pre_course_adj,top20_prob_pre_course_adj,kft_adjustment,cut_prob,cut_risk,miss_cut_prob,expected_value,vegas_prob,odds_to_win,odds_numeric,odds_rank,ensemble_win_prob,ensemble_win_prob_normalized,model_vs_vegas_edge,is_value_bet,odds_drift_flag,odds_drift_level,dfs_ownership_proj
52955,"Åberg, Ludvig",0.3611102564102564,0.4236756410256411,0.1763346153846154,0.15653205128205133,0.9610935897435898,0.43100025641025635,0.3417806410256411,0.10854961538461538,0.11485705128205133,0.8812885897435897,0.8063333333333333,0.7878410256410255,0.43714285508887524,-0.4005333333333333,0.25725148722543556,0.13189365300297584,0.1687091400984046,0.7000000000000001,0.29999999999999993,3,2,8.0,8.0,0,0,1,0.5,1,0,1,1,40.0,10.0,0.0,21,3.091042453358316,81.17886178861788,70.0,0.07345485429084109,0.2683257867348,0.010588631369411364,0.09796098401520402,0.3938548707700031,0.39398615487102245,-0.11095311020442834,0.22581016148647967,0.2618127777590488,0.16918747865120753,0.6016260162601627,50,0.5121951219512195,61,0.7317073170731707,34,0.37398373983739835,78,330.9,73.21,70.83,1.725,50.0,28.75,61.9,2.81,4.0,4.75,66.0,27.78,302.47,2,0.9916666666666667,58.824333333333335,4,0.9708333333333333,66.67833333333333,36,0.7083333333333334,28.602083333333333,54,0.5541666666666667,64.78308333333332,74,0.39166666666666666,1.7545083333333336,40,0.675,56.82733333333333,75,0.38333333333333336,22.56933333333333,18,0.8583333333333333,3.9604166666666667,25,0.8,67.60833333333333,23,0.8125,3.035416666666667,6,0.9541666666666667,4.013416666666667,55,0.5458333333333333,-0.8333333333333334,-1.1764705882352942,-0.6363636363636364,-3.076923076923077,-0.851741395859043,0.2845528455284553,0.5680873571683812,0.3780487804878049,0.24572628904540084,0.2601626016260163,0.6266064153976637,0.9512195121951219,-1.5603893664444521,0.8617886178861789,-0.8737982986302854,0.43749999999999994,0.8916900308465443,1.0,1,0,3,0.6,3,False,3.5,WARM,5.0942622950819665,29.691475409836066,70.16026229508196,71.4706557377049,56.130819672131146,32.65901639344262,2.323770491803278,60.773770491803276,-0.16063690128205133,-0.04776183076923076,-0.2521091282051282,-0.005742852564102566,0.35044798336798333,-0.12726217276507276,0.2459528552358843,0.10449512813209902,1.0,1.0,1.0,1.0,0.0,8.0,8.0,-14.0,781250.0,2024.0,1.019,1.44,0.626,-0.307,3.089,1.019,1.44,0.626,-0.307,3.089,0.0,0.0,0.5962091731797614,1.221800562182915,0.5025286347639288,-0.4975865670277435,2.334548745372275,0.4227908268202385,305.0,62.5,72.22,1.788,68.5,75.0,29.0,69.218,75.0,2.81,False,,1.0,0.5962091731797614,0.3868528072345416,True,True,rookie,3.396209173179761,0,0,3.0,1,0,1,0,0.0,0.0,0.0,0.013687749194565068,0.07382840497448648,0.13606386140971166,-3.0,-1.73,24,-7.8,-1.8,4.3,0.2631963544942442,0.2467093307247789,0.013846789802542083,0.10735075603678743,0.17818966442654052,0.6269820566852453,0.02303963217612004,0.17728456413224417,0.286695233976753,0.0,0.0,0.014073296846984853,0.10735075603678743,0.17818966442654052,0.39479453174136636,0.0,0.72,MEDIUM,0.28,386994.4907855272,0.0295936670274747,2200,2200,5,0.018995843864531868,0.020040773783173465,-0.01549057615246563,False,False,OK,7.1
48001,"Bauchou, Zach",-0.43100000000000005,0.23200000000000004,0.1522,0.1348,-0.046799999999999994,-0.43100000000000005,0.23200000000000004,0.1522,0.1348,-0.046799999999999994,-0.199,-0.199,-0.41840428325140167,0.13666666666666666,0.19763255480037276,0.21910426858965823,0.08818268532359477,0.9,0.09999999999999998,5,0,40.0,40.0,0,0,0,0.5,0,0,0,0,40.0,10.0,,172,5.153291594497779,81.17886178861788,70.0,-0.03632578673479997,0.2683257867348,0.05423901598479598,0.09796098401520402,-0.5929861548710225,0.39398615487102245,-0.09101016148647967,0.22581016148647967,-0.6001874786512076,0.16918747865120753,0.4634146341463415,67,0.5934959349593496,51,0.17886178861788618,102,0.4065040650406504,74,280.9,55.36,66.67,1.813,50.0,28.5,75.0,3.19,3.93,4.0,68.0,22.22,302.47,115,0.05,58.824333333333335,81,0.3333333333333333,66.67833333333333,58,0.5208333333333334,28.602083333333333,66,0.4583333333333333,64.78308333333332,19,0.85,1.7545083333333336,95,0.21666666666666667,56.82733333333333,75,0.38333333333333336,22.56933333333333,61,0.5,3.9604166666666667,56,0.5375,67.60833333333333,66,0.45416666666666666,3.035416666666667,105,0.13333333333333333,4.013416666666667,23,0.8166666666666667,-0.7142857142857143,-1.2,-1.6,-0.6666666666666666,-0.17619047619047623,0.21138211382113822,0.6871349762160003,0.3943089430894309,0.22219687728069504,0.6382113821138211,-0.33702994823870003,0.17479674796747968,0.8498670438119583,0.6016260162601627,-0.19824737896171862,0.027899999999999953,0.7163487667020552,0.0,0,0,4,0.8,1,False,0.0,COLD,3.684911946692052,21.23290813898144,70.85807567824847,68.17678724416946,64.48034269395527,32.89438362684436,2.5772251308900525,44.77648738695859,-0.10904000000000003,-0.066968,0.06368,-0.00674,0.08983243243243243,-0.03906702702702703,0.2459528552358843,-0.1561204228034519,0.0,1.0,0.0,0.4,0.0,40.0,40.0,0.0,0.0,0.0,0.0,0.0,0.0,0.0,0.0,0.0,0.0,0.0,0.0,0.0,0.0,0.0,0.0,0.0,0.0,0.0,0.0,0.0,0.0,0.0,0.0,0.0,0.0,0.0,0.0,0.0,0.0,0.0,False,,0.0,0.0,0.0,False,False,none,0.0,0,0,23.0,0,0,0,0,0.0,0.0,0.0,0.003258379993528004,0.018201809845444235,0.044816861587563185,-0.8,0.47,80,-4.8,0.4,6.5,0.11027566135403678,0.09459169717943415,0.0036533981103675684,0.02786150394275538,0.06532248458424693,0.2640068976847474,0.006078878198927217,0.04601192171266619,0.10509950205077168,0.0,0.0,0.003713160728270545,0.02786150394275538,0.06532248458424693,0.16541349203105518,-0.06354329481895933,0.4964459907325375,ELEVATED,0.5035540092674625,206610.1982480386,0.0013585915002633,50000,50000,104,0.002338415441546707,0.0024670478031575543,0.001998660923114193,False,False,OK,0.7
40026,"Berger, Daniel",0.24965666666666664,0.8986466666666667,-0.26872666666666667,0.5936033333333333,0.8797066666666667,0.2511798333333333,0.7296163333333334,-0.10598833333333332,-0.0037683333333333457,0.8750028333333334,1.2868,1.0291966666666668,0.1479635118618195,-0.043800000000000006,0.9709879580286132,-0.15979808796942546,-0.008835137394915628,0.9,0.09999999999999998,6,7,34.285714285714285,9.0,0,0,2,1.0,0,0,1,1,40.0,10.0,0.0,34,3.5553480614894135,81.17886178861788,70.0,0.4612905465985334,0.2683257867348,-0.20394931734853733,0.09796098401520402,0.6352105117956444,0.39398615487102245,-0.22957849481981302,0.22581016148647967,0.08199235468212579,0.16918747865120753,0.9105691056910569,12,0.21138211382113822,98,0.8780487804878049,16,0.25203252032520324,93,302.8,57.14,73.61,1.755,66.67,29.0,63.16,3.06,3.95,4.25,67.0,23.61,302.47,62,0.49166666666666664,58.824333333333335,72,0.4041666666666667,66.67833333333333,25,0.7958333333333333,28.602083333333333,44,0.6375,64.78308333333332,67,0.44583333333333336,1.7545083333333336,60,0.5083333333333333,56.82733333333333,33,0.7333333333333333,22.56933333333333,48,0.6083333333333333,3.9604166666666667,43,0.6458333333333334,67.60833333333333,41,0.6625,3.035416666666667,69,0.42916666666666664,4.013416666666667,33,0.7291666666666666,-0.7777777777777778,-0.46153846153846156,0.5714285714285714,-2.0,-0.09462759462759462,0.24796747967479674,0.6236429127239368,0.11382113821138211,0.9606584157422334,0.04065040650406504,1.8343986231898715,0.7073170731707317,-0.48346628952137505,0.5609756097560976,-0.11668449739883702,-0.12109999999999999,0.9382040062638904,1.3120000000000003,1,0,3,0.6,2,True,4.0,WARM,4.52463112803427,25.138472156116137,70.00669062351261,73.9222703474536,59.93728700618754,20.353117563065208,2.039504997620181,48.85423607805807,-0.34291967666666673,0.04663486666666666,-0.32934293333333337,0.0001884166666666673,0.4577208828828828,-0.17869306360360365,0.2459528552358843,0.2117680276469985,3.0,1.0,0.3333333333333333,1.0,0.0,14.0,9.0,-6.0,302282.4066666667,2025.0,0.0383333333333333,0.294,0.8223333333333334,0.7206666666666667,1.155333333333333,-0.2935,0.3278749999999999,0.784875,0.941375,0.8200000000000001,-0.3063076923076923,-0.647,-0.5979244348244348,-0.2778631192881192,0.8240636804553472,0.9239951218534552,-0.051216835016835,0.3044244348244349,290.1375,66.52000000000001,65.45375,1.69475,70.75,85.4175,27.625,70.23962499999999,64.5025,3.08875,False,,3.0,-0.5979244348244348,0.7737056144690831,True,True,experienced,0.7187422318422316,0,0,32.0,0,0,0,0,0.0,0.0,0.0,0.011898922479485681,0.05739456856275353,0.11981573570469589,-2.6,-1.27,35,-7.1,-1.2,5.5,0.2618386017818088,0.2341069204279512,0.012824512809229414,0.08477311131719456,0.16525742516474648,0.6254331968794877,0.021338668541667393,0.13999867951421657,0.2658881272742659,-0.03217387431518122,0.7737056144690831,0.013034297353824994,0.08477311131719456,0.16525742516474648,0.39275790267271316,0.0,0.6218896388766842,MEDIUM,0.37811036112331575,354536.35450468824,0.0121545418148557,5500,5500,20,0.012217699106194422,0.012889774504585146,0.00010544210635079002,False,False,OK,3.7
45522,"Bezuidenhout, Christiaan",-0.29449901960784314,0.33166960784313726,0.38946862745098043,0.9073833333333333,0.42659803921568634,-0.3046199019607843,0.23825696078431377,0.3720868627450981,0.8286683333333333,0.30565980392156866,0.22300000000000003,0.06368235294117654,-0.19602984857210914,-0.21713333333333332,0.558260313033813,0.38382332663588464,0.6340750282528578,0.7000000000000001,0.29999999999999993,3,4,22.333333333333332,13.0,0,0,0,0.75,1,0,1,1,40.0,10.0,0.0,89,4.499809670330265,81.17886178861788,70.0,-0.03006882595048624,0.2683257867348,0.2741258787298941,0.09796098401520402,-0.33030380192984593,0.39398615487102245,0.6028581718468536,0.22581016148647967,-0.47380738061199185,0.16918747865120753,0.4796747967479675,65,0.8617886178861789,18,0.3252032520325203,84,0.9512195121951219,7,284.0,66.07,77.78,1.732,50.0,29.75,56.25,3.0,3.88,5.0,67.0,27.78,302.47,113,0.0625,58.824333333333335,23,0.8125,66.67833333333333,4,0.9708333333333333,28.602083333333333,24,0.8083333333333333,64.78308333333332,95,0.21666666666666667,1.7545083333333336,41,0.6666666666666666,56.82733333333333,75,0.38333333333333336,22.56933333333333,18,0.8583333333333333,3.9604166666666667,14,0.8916666666666667,67.60833333333333,41,0.6625,3.035416666666667,51,0.5833333333333334,4.013416666666667,11,0.9125,-1.0666666666666667,-0.55,-1.2666666666666666,-2.2142857142857144,-0.9321428571428572,0.35772357723577236,0.33475402383504793,0.15447154471544716,0.872196877280695,0.4634146341463415,-0.0036966149053665465,0.8130081300813008,-0.6977520038070895,0.8861788617886179,-0.9541997599140996,-0.024500000000000008,0.5390320542932076,0.0,0,0,3,0.75,2,False,0.0,COLD,4.32520325203252,24.784227642276427,70.63174254742547,73.44319783197832,63.66907859078591,36.37547425474255,2.144308943089431,58.94308943089431,-0.11198077156862747,-0.16371821960784316,-0.02037835294117649,-0.04143341666666667,0.32770549549549555,-0.09224208463169054,0.2459528552358843,0.08175264025961124,3.0,1.0,0.0,0.6666666666666666,0.0,22.333333333333332,13.0,-6.666666666666667,330249.99666666664,2024.0,-0.147,0.7703333333333333,0.2236666666666666,0.6443333333333333,0.848,-0.18925,1.152875,0.1495,0.6613749999999999,1.115,-0.0724285714285714,-0.1145,0.051905758457229,0.9065509588450764,-0.151850059254471,-0.064385409933204,0.8046089070243482,-0.241155758457229,280.36249999999995,58.48125,66.14375,1.739625,69.90625,40.62375,27.4375,70.223625,77.00125,3.00125,False,,3.0,0.051905758457229,0.7737056144690831,True,True,experienced,0.49357242512389565,0,0,37.0,0,0,0,0,0.0,0.0,0.0,0.002421254085751552,0.020071362124202685,0.03785627839213019,0.1,1.39,110,-5.3,0.6,5.7,0.14342493439546283,0.11385047901223543,0.0025312518948833814,0.04043665837010563,0.08724951110890436,0.34304692028887596,0.004211742464127922,0.06677917900878132,0.14037861894081283,0.0043575712868980845,0.7737056144690831,0.002572658343137903,0.04043665837010563,0.08724951110890436,0.21513740159319425,0.0,0.5186929562046139,ELEVATED,0.48130704379538614,211120.13236538623,0.0067391518973457,10000,10000,43,0.0037141990167789364,0.00391851095491126,-0.0042444271681404185,False,False,OK,2.4
56630,"Bhatia, Akshay",0.04923529411764707,0.7780948529411764,0.2110573529411765,0.9137823529411765,0.9658213235294119,-0.008867058823529412,0.7717229411764706,0.12509294117647063,0.7918729411764707,0.8880335294117647,0.7327500000000001,0.745329411764706,-0.12291063894428311,-0.3705333333333333,0.670380092268589,0.4377699265842664,1.0562602316552012,0.8,0.19999999999999996,4,2,3.0,3.0,0,1,1,0.5,1,0,1,1,40.0,10.0,0.0,19,2.995732273553991,81.17886178861788,70.0,0.5033971544416705,0.2683257867348,0.02713195716126661,0.09796098401520402,0.35134325689368356,0.39398615487102245,0.566062779689991,0.22581016148647967,-0.17805453747473696,0.16918747865120753,0.9349593495934959,9,0.5447154471544715,57,0.6991869918699187,38,0.943089430894309,8,293.6,48.21,56.94,1.537,84.62,23.75,74.19,3.13,3.83,5.75,66.0,33.33,302.47,92,0.24166666666666667,58.824333333333335,108,0.10833333333333334,66.67833333333333,110,0.0875,28.602083333333333,120,0.008333333333333333,64.78308333333332,23,0.8166666666666667,1.7545083333333336,1,1.0,56.82733333333333,9,0.9333333333333333,22.56933333333333,2,0.9916666666666667,3.9604166666666667,2,0.9916666666666667,67.60833333333333,23,0.8125,3.035416666666667,90,0.25833333333333336,4.013416666666667,5,0.9666666666666667,-2.3529411764705883,-1.9375,-1.3076923076923077,-1.25,0.8663744343891406,0.8536585365853658,-0.9515204859688737,0.7235772357723578,-0.515303122719305,0.5040650406504065,-0.04472225593100765,0.3902439024390244,0.26653371047862495,0.15447154471544716,0.8443175316178982,-0.5142000000000001,1.0,2.0496000000000003,2,1,4,0.8,3,True,10.0,HOT,4.950542005420054,28.891626016260165,69.10031978319783,67.96569105691057,71.98631436314363,20.48780487804878,1.8224932249322496,70.63127371273713,-0.36270978235294116,-0.05504089411764708,-0.23850541176470594,-0.03959364705882353,0.5938055961844197,-0.19694694372019075,0.2459528552358843,0.34785274094853547,1.0,1.0,1.0,1.0,0.0,3.0,3.0,-10.0,1325000.0,2025.0,0.451,1.398,0.179,1.126,2.028,0.4509999999999999,1.398,0.179,1.126,2.028,0.0,0.0,0.2865936532507739,0.7685869453044375,0.1366870485036119,0.7165771413828688,1.1725049019607845,0.164406346749226,292.0,62.5,63.89,1.6299999999999997,69.5,50.0,26.5,68.847,65.38,2.88,False,,1.0,0.2865936532507739,0.3868528072345416,True,True,rookie,3.2115936532507736,0,0,1.0,1,0,1,0,0.0,0.0,0.0,0.008683735883285814,0.05690734327459726,0.11564682507543152,-3.1,-1.76,21,-7.7,-2.9,3.9,0.24130240877599493,0.22097925485119657,0.009110628155813854,0.08382617312283419,0.15540628023790726,0.5759436307270615,0.015159146964505682,0.13843485703876215,0.25003829496873736,0.0,0.0,0.009259660638145002,0.08382617312283419,0.15540628023790726,0.3619536131639924,0.0,0.72,MEDIUM,0.28,336912.7279991212,0.0166013254056565,4000,4000,15,0.011463395318314326,0.012093977714271382,-0.007654089848097878,False,False,OK,4.6
33141,"Bradley, Keegan",0.353125,-0.25172500000000003,0.7666805555555556,-0.06255555555555553,0.8681194444444444,0.34654375000000004,0.01927624999999994,0.6092993055555554,-0.04215819444444443,0.9751906944444444,-0.21499999999999997,0.19185,0.1998275052565589,0.29893333333333333,-0.06542052056453784,0.8973942821211514,-0.08103551307549312,0.55,0.44999999999999996,2,9,24.571428571428573,5.0,0,1,2,0.7777777777777778,2,0,1,1,40.0,10.0,0.0,23,3.1780538303479458,81.17886178861788,70.0,-0.24904953673480007,0.2683257867348,0.5113383215403514,0.09796098401520402,-0.20213615487102246,0.39398615487102245,-0.2679683559309241,0.22581016148647967,0.1773562713487925,0.16918747865120753,0.22764227642276422,96,0.983739837398374,3,0.37398373983739835,78,0.22764227642276422,96,303.8,67.86,69.44,1.62,66.67,27.5,54.55,3.13,3.85,5.25,63.0,33.33,302.47,55,0.5458333333333333,58.824333333333335,17,0.8625,66.67833333333333,44,0.6416666666666667,28.602083333333333,96,0.20416666666666666,64.78308333333332,101,0.1625,1.7545083333333336,4,0.9708333333333333,56.82733333333333,33,0.7333333333333333,22.56933333333333,2,0.9916666666666667,3.9604166666666667,6,0.9541666666666667,67.60833333333333,4,0.975,3.035416666666667,90,0.25833333333333336,4.013416666666667,10,0.925,-2.2222222222222223,-1.3076923076923077,-1.6428571428571428,-1.2,0.34352869352869364,0.8373983739837398,-0.8208015317205077,0.44715447154471544,0.11450456958838728,0.6747967479674797,-0.37988709109584273,0.34959349593495936,0.316533710478625,0.36585365853658536,0.32147179075745125,-0.45799999999999996,0.5744949472749473,0.0,0,0,2,0.4,0,False,0.0,COLD,4.472222222222222,27.774444444444445,71.29677777777778,65.73777777777778,63.638888888888886,22.405555555555555,2.7777777777777777,76.54555555555557,-0.009059837499999971,-0.26809169444444436,-0.061392,0.0021079097222222215,0.21075699699699693,-0.08998690638138133,0.2459528552358843,-0.03519585823888738,3.0,1.0,0.3333333333333333,0.6666666666666666,0.0,18.0,5.0,-5.666666666666667,385458.3333333333,2025.0,0.497,0.85,0.1236666666666666,0.322,1.4703333333333335,0.6575,0.88125,-0.128875,0.413625,1.410125,0.1481538461538462,0.5429999999999999,0.3406944561157796,0.758258368347339,-0.5319631263616557,0.3313485566448802,0.5816750427948957,0.3168055438842204,296.35,62.9475,66.14625,1.768375,70.6875,54.1675,28.6875,70.17712499999999,63.4625,3.06875,False,,3.0,0.3406944561157796,0.7737056144690831,True,True,experienced,1.5573611227824462,0,0,999.0,0,1,0,0,0.0,0.0,0.0,0.006696723702846676,0.036409272344233384,0.08242368607299558,-1.2,0.13,70,-7.3,-1.0,6.5,0.17844147459203755,0.1657611798238555,0.006509725146572746,0.04997371826076112,0.10836815295679586,0.42682591972263934,0.01083151221932614,0.0825291706086408,0.174357099035816,0.08,0.7737056144690831,0.00661621182139858,0.04997371826076112,0.10836815295679586,0.26766221188805633,0.0,0.72,MEDIUM,0.28,276950.3463718166,0.0054020185843803,12500,12500,53,0.006256746704570956,0.006600919981188353,0.0014979108052942678,False,False,OK,2.0
61522,"Brennan, Michael",1.035325,0.3888083333333334,-0.38029999999999997,-0.4937250000000001,1.04405,1.0956774999999999,0.2624158333333334,-0.30581,-0.2350575000000001,1.052435,1.5429999999999997,1.4412999999999998,1.0712523555691873,-0.3095,0.3997983824894966,-0.3925307888186511,-0.5246510926369399,0.7000000000000001,0.29999999999999993,3,0,40.0,40.0,0,0,0,0.5,0,0,0,0,40.0,10.0,,45,3.828641396489095,81.17886178861788,70.0,-0.0059099534014666055,0.2683257867348,-0.40377098401520406,0.09796098401520402,1.0473138451289774,0.39398615487102245,-0.4608676614864798,0.22581016148647967,0.9264900213487923,0.16918747865120753,0.4959349593495935,63,0.04065040650406504,119,0.959349593495935,6,0.0975609756097561,112,313.9,64.29,73.61,1.736,0.0,28.75,57.89,3.0,3.93,4.25,69.0,23.61,302.47,19,0.8458333333333333,58.824333333333335,31,0.75,66.67833333333333,25,0.7958333333333333,28.602083333333333,54,0.5541666666666667,64.78308333333332,89,0.26666666666666666,1.7545083333333336,44,0.6416666666666667,56.82733333333333,119,0.016666666666666666,22.56933333333333,48,0.6083333333333333,3.9604166666666667,43,0.6458333333333334,67.60833333333333,91,0.25,3.035416666666667,51,0.5833333333333334,4.013416666666667,23,0.8166666666666667,-0.2857142857142857,-2.7142857142857144,-3.2,-1.5,-0.8500000000000001,0.11382113821138211,1.1157064047874288,0.9349593495934959,-1.2920888370050194,0.959349593495935,-1.9370299482387001,0.4878048780487805,0.016533710478624952,0.8455284552845529,-0.8720569027712425,0.4239999999999998,0.30579586509812573,0.0,0,0,3,0.6,1,False,0.0,COLD,4.201219512195123,24.438726287262877,71.05677777777778,69.75753387533878,57.87601626016261,21.324119241192413,2.561653116531166,40.10840108401084,-0.1233354416666667,0.1345564,-0.4612159999999999,0.011752875000000005,0.3149255405405405,-0.11391589324324321,0.2459528552358843,0.0689726853046562,0.0,1.0,0.0,0.4,0.0,40.0,40.0,0.0,0.0,0.0,0.0,0.0,0.0,0.0,0.0,0.0,0.0,0.0,0.0,0.0,0.0,0.0,0.0,0.0,0.0,0.0,0.0,0.0,0.0,0.0,0.0,0.0,0.0,0.0,0.0,0.0,0.0,0.0,False,,0.0,0.0,0.0,False,False,none,0.0,0,0,52.0,0,0,0,0,0.0,0.0,0.0,0.011824678852058857,0.05233785558325407,0.10912928238108796,-3.9,-2.57,11,-7.4,-1.9,6.0,0.23480369414213595,0.21308018508371085,0.012352343811367097,0.07487551563274285,0.14757014222792153,0.5609446586105828,0.0205530279570376,0.12365328054679899,0.23743047381661242,0.0,0.0,0.012554404572637557,0.07487551563274285,0.14757014222792153,0.3522055412132039,0.0,0.71780246653476,MEDIUM,0.28219753346524,337275.71569007717,0.0030117448744775,22500,22500,85,0.006976984727736782,0.007360777105475265,0.00917174256731464,False,False,OK,1.3
60004,"Bridgeman, Jacob",-0.025647058823529422,0.4195,-0.01681411764705882,1.0488070588235294,0.39204,0.08168897058823528,0.41927249999999994,-0.046708382352941176,0.9600954411764706,0.4542775000000001,0.6654,0.8071411764705881,0.04189511586343382,0.24986666666666668,0.603659927038808,-0.08011692228245534,0.9551845737934368,0.9,0.09999999999999998,6,1,50.0,50.0,0,0,0,1.0,0,0,1,1,40.0,10.0,0.0,22,3.1354942159291497,81.17886178861788,70.0,0.15094671326519993,0.2683257867348,-0.1446693663681452,0.09796098401520402,0.4131550215995657,0.39398615487102245,0.7342852796899909,0.22581016148647967,-0.08749850806297226,0.16918747865120753,0.7235772357723578,35,0.2926829268292683,88,0.7398373983739838,33,0.991869918699187,2,308.4,60.71,58.33,1.714,44.44,27.0,73.33,3.06,4.0,3.5,69.0,19.44,302.47,39,0.6833333333333333,58.824333333333335,51,0.5791666666666667,66.67833333333333,104,0.1375,28.602083333333333,108,0.10833333333333334,64.78308333333332,26,0.7916666666666666,1.7545083333333336,35,0.7166666666666667,56.82733333333333,88,0.2708333333333333,22.56933333333333,86,0.2916666666666667,3.9604166666666667,83,0.31666666666666665,67.60833333333333,91,0.25,3.035416666666667,69,0.42916666666666664,4.013416666666667,55,0.5458333333333333,-1.2941176470588236,-3.263157894736842,-1.9333333333333333,-1.7857142857142858,0.41911396137402335,0.47560975609756095,0.10730304344289099,0.991869918699187,-1.840961017456147,0.7926829268292683,-0.6703632815720333,0.6056910569105691,-0.26918057523566086,0.3170731707317073,0.39705705860278095,0.09309999999999997,0.2182986967154278,1.9520000000000002,2,1,5,1.0,5,True,10.0,HOT,4.7217991432651125,27.221684911946696,69.48858733936221,70.02517372679677,61.69430271299381,10.064017134697764,1.7632079961922895,36.700371251784865,-0.197058075,0.020551688235294116,-0.25828517647058824,-0.04800477205882353,0.47537917329093793,-0.12896689833068362,0.2459528552358843,0.22942631805505362,1.0,1.0,0.0,0.0,0.0,50.0,50.0,1.0,63500.0,2025.0,-0.153,0.833,-0.267,-0.01,0.414,-0.153,0.833,-0.267,-0.01,0.414,0.0,0.0,-0.0570245989304812,0.6158872727272726,-0.4118502406417113,-0.6463596524064171,0.1477718181818181,-0.0959754010695187,300.8,62.5,63.89,1.8700000000000003,72.25,75.0,29.5,71.597,69.23,3.19,False,,1.0,-0.0570245989304812,0.3868528072345416,True,True,rookie,-0.3070245989304812,0,0,18.0,0,0,0,0,0.0,0.0,0.0,0.008746405080290403,0.05145590596292985,0.10880560543572995,-3.0,-1.73,24,-6.7,-1.7,4.8,0.23353846246929943,0.21250945541456848,0.009110628155813854,0.07487936426743563,0.14699713617737373,0.557890854547628,0.015159146964505682,0.12365963638022955,0.2365085454642549,0.0,0.0,0.009259660638145002,0.07487936426743563,0.14699713617737373,0.35030769370394915,0.007111380296855274,0.72,MEDIUM,0.28,326062.9295233459,0.0121545418148557,5500,5500,24,0.01015854469482808,0.010717349418492055,-0.0031427354233450264,False,False,OK,3.7
47504,"Burns, Sam",0.42038250000000005,0.40416749999999996,-0.08551750000000001,0.6276125,0.739085,0.29868787500000005,0.19913962500000007,-0.02118212500000001,0.774374375,0.47674175,1.2155,0.7129175,0.5159791318876046,0.19233333333333336,0.07868661276728384,-0.19998479916608136,0.5796392112549698,0.55,0.44999999999999996,2,5,35.333333333333336,26.0,0,0,0,0.6,2,0,1,1,40.0,10.0,0.0,32,3.4965075614664802,81.17886178861788,70.0,-0.06918616173479994,0.2683257867348,-0.11914310901520403,0.09796098401520402,0.31893134512897753,0.39398615487102245,0.5485642135135202,0.22581016148647967,0.1295003963487925,0.16918747865120753,0.3983739837398374,75,0.34146341463414637,82,0.6585365853658537,43,0.9349593495934959,9,313.1,64.29,73.61,1.604,62.5,26.5,73.68,2.88,3.8,5.75,63.0,33.33,302.47,22,0.825,58.824333333333335,31,0.75,66.67833333333333,25,0.7958333333333333,28.602083333333333,116,0.041666666666666664,64.78308333333332,25,0.8,1.7545083333333336,3,0.9833333333333333,56.82733333333333,45,0.6291666666666667,22.56933333333333,2,0.9916666666666667,3.9604166666666667,2,0.9916666666666667,67.60833333333333,4,0.975,3.035416666666667,16,0.8708333333333333,4.013416666666667,2,0.9916666666666667,-2.0588235294117645,-1.7647058823529411,-1.9285714285714286,-1.8571428571428572,0.018907563025210017,0.7601626016260162,-0.6574028389100499,0.6260162601626016,-0.34250900507224613,0.7804878048780488,-0.6656013768101285,0.6422764227642277,-0.34060914666423225,0.5040650406504065,-0.0031493397460323792,-0.384,0.9012583795264635,0.6400000000000001,0,0,2,0.4,0,False,1.0,NEUTRAL,5.305555555555556,30.863333333333333,70.3018888888889,74.22777777777779,77.96888888888888,0.0,1.0,64.35333333333334,-0.09359562375000004,0.009320135000000004,-0.22813360000000002,-0.03871871875,0.3578475135135135,-0.08960704993243243,0.2459528552358843,0.1118946582776292,3.0,1.0,0.0,0.0,0.0,35.333333333333336,26.0,-4.0,109076.39,2024.0,0.1696666666666666,0.0079999999999999,0.1093333333333333,0.6106666666666667,0.2886666666666667,0.1807777777777778,-0.0076666666666666,0.12,0.4857777777777778,0.2952222222222222,0.05,0.0499999999999999,-0.1580390873015872,-0.3181210317460317,0.098925992063492,-0.1921023809523809,-0.3742529761904762,0.3388168650793651,294.62222222222226,57.736666666666665,62.96333333333334,1.7186666666666666,71.0,57.408888888888896,28.055555555555557,71.21922222222221,59.21555555555556,3.015555555555556,False,,3.0,-0.1580390873015872,0.7737056144690831,True,True,experienced,-0.04137242063492061,0,0,999.0,0,1,0,0,0.0,0.0,0.0,0.008274451776865508,0.04907877266866465,0.09101868865303023,-3.1,-1.76,21,-7.5,-0.9,5.8,0.1809440261987455,0.16571873744099164,0.009110628155813854,0.07445579051062898,0.1228595340052274,0.43099188465386795,0.015159146964505682,0.12296012487583369,0.19767276043344503,-0.04683728858343091,0.7737056144690831,0.009259660638145002,0.07445579051062898,0.1228595340052274,0.27141603929811825,0.0,0.5116257861353758,ELEVATED,0.4883742138646242,297365.1587300542,0.0084031400201471,8000,8000,38,0.008476364617759212,0.008942635400651327,0.00012239209556044392,False,False,OK,2.8
46443,"Campbell, Brian",-0.907036111111111,-0.4424472222222222,-0.6387777777777778,0.5256388888888889,-1.9886638888888888,-0.8966198611111111,-0.10644597222222228,-0.20652777777777784,0.4835513888888889,-1.209915138888889,-1.7644999999999997,-1.231425,-0.9299242914960147,0.7276666666666666,0.02677174125731374,-0.3173260680127938,0.5909438531924354,0.55,0.44999999999999996,2,1,70.0,70.0,0,0,0,0.0,1,0,1,0,40.0,10.0,0.0,96,4.574710978503383,81.17886178861788,70.0,-0.3747717589570223,0.2683257867348,-0.30448876179298184,0.09796098401520402,-1.6254111548710224,0.39398615487102245,0.25774122740240923,0.22581016148647967,-1.0658073397623187,0.16918747865120753,0.12195121951219512,109,0.08943089430894309,113,0.008130081300813009,123,0.7886178861788617,27,268.8,71.43,55.56,1.675,36.36,28.0,46.88,3.5,4.03,3.5,68.0,19.44,302.47,120,0.008333333333333333,58.824333333333335,10,0.9208333333333333,66.67833333333333,114,0.05416666666666667,28.602083333333333,84,0.30416666666666664,64.78308333333332,116,0.041666666666666664,1.7545083333333336,20,0.8416666666666667,56.82733333333333,103,0.14583333333333334,22.56933333333333,86,0.2916666666666667,3.9604166666666667,83,0.31666666666666665,67.60833333333333,66,0.45416666666666666,3.035416666666667,120,0.008333333333333333,4.013416666666667,67,0.44583333333333336,1.2105263157894737,0.125,-0.1111111111111111,1.5,0.026681286549707584,0.008130081300813009,2.6119470062911883,0.04878048780487805,1.547196877280695,0.15447154471544716,1.151858940650189,0.016260162601626018,3.016533710478625,0.4959349593495935,0.004624383778465187,-0.3629999999999999,0.23934065809486688,0.0,0,0,1,0.2,0,False,0.0,COLD,3.611111111111111,20.057777777777776,74.15144444444444,60.497777777777785,53.822222222222216,8.88888888888889,2.5555555555555554,53.53333333333333,0.05002960694444447,0.09087222222222224,0.39405599999999996,-0.024177569444444446,-0.3114634084084084,0.13271665105105104,0.2459528552358843,-0.5574162636442928,0.0,1.0,0.0,0.4,0.0,40.0,40.0,0.0,0.0,0.0,0.0,0.0,0.0,0.0,0.0,0.0,0.0,0.0,0.0,0.0,0.0,0.0,0.0,0.0,0.0,0.0,0.0,0.0,0.0,0.0,0.0,0.0,0.0,0.0,0.0,0.0,0.0,0.0,False,,0.0,0.0,0.0,False,False,none,0.0,0,0,999.0,0,1,0,0,0.0,0.0,0.0,0.0019875702434930206,0.011098172185728346,0.02251622228605577,0.7,2.02,121,-3.0,1.0,7.6,0.04686189647307538,0.043073268114113945,0.002065363092312042,0.016052219268604066,0.030056617997909207,0.11186795045793753,0.003436551477676602,0.02650946114822394,0.04835908500749716,0.0,0.0,0.0020991484892460585,0.016052219268604066,0.030056617997909207,0.07029284470961307,0.010437506518913835,0.24998901538493498,HIGH,0.750010984615065,167262.1763907462,0.0006799743672646,100000,100000,114,0.0013178303486166352,0.0013903220140979752,0.0013679067975638781,False,False,OK,0.4
35450,"Cantlay, Patrick",0.25211770833333336,0.505921875,0.25028125,-0.03224687500000001,1.0088197916666666,0.26852614583333334,0.5359640625,0.189709375,0.04895843749999998,0.9946051041666666,0.6753333333333333,0.7466520833333333,0.20567513024221884,0.025866666666666677,0.7150718129013711,0.2113271851314595,-0.09497621397973115,0.7000000000000001,0.29999999999999993,3,8,28.8,12.0,0,0,0,0.625,3,0,1,1,40.0,10.0,0.0,33,3.5263605246161616,81.17886178861788,70.0,0.26763827576519994,0.2683257867348,0.091748390984796,0.09796098401520402,0.3526659284623109,0.39398615487102245,-0.1768517239864797,0.22581016148647967,0.0993386671821258,0.16918747865120753,0.8130081300813008,24,0.6585365853658537,43,0.7073170731707317,37,0.3089430894308943,86,287.1,60.71,66.67,1.833,100.0,30.0,70.83,3.13,3.98,3.5,65.0,19.44,302.47,110,0.09166666666666666,58.824333333333335,51,0.5791666666666667,66.67833333333333,58,0.5208333333333334,28.602083333333333,16,0.8708333333333333,64.78308333333332,30,0.7541666666666667,1.7545083333333336,102,0.15416666666666667,56.82733333333333,4,0.9708333333333333,22.56933333333333,86,0.2916666666666667,3.9604166666666667,83,0.31666666666666665,67.60833333333333,13,0.8958333333333334,3.035416666666667,90,0.25833333333333336,4.013416666666667,46,0.625,-2.066666666666667,-1.8333333333333333,-2.8666666666666667,-1.2,-0.08333333333333304,0.7886178861788617,-0.6652459761649523,0.6788617886178862,-0.41113645605263827,0.9349593495934959,-1.6036966149053666,0.34959349593495936,0.316533710478625,0.5528455284552846,-0.10539023610457543,-0.03250000000000016,0.8446958690032236,0.0,0,0,3,0.6,0,False,0.0,COLD,4.598360655737705,26.364590163934423,70.75536065573769,74.22606557377048,74.87196721311476,44.126557377049174,1.5737704918032787,73.77049180327867,-0.251903109375,-0.083472125,-0.23892866666666668,-0.002447921874999999,0.4146562668918918,-0.16277308361486484,0.2459528552358843,0.16870341165600747,3.0,1.0,0.0,0.6666666666666666,0.0,33.0,12.0,-3.3333333333333335,294250.0,2025.0,0.9043333333333332,0.0246666666666666,-0.2166666666666666,0.1213333333333333,0.7130000000000001,0.8644166666666667,-0.015,-0.12625,0.1593333333333333,0.72375,-0.2395000000000003,-0.2395,0.4867978872318158,-0.4302340855572998,-0.3629478806907378,-0.0055467752485609,-0.3171036433804289,0.3776187794348509,297.0416666666667,61.15916666666667,66.55,1.77325,71.16666666666667,46.82750000000001,29.208333333333332,71.11666666666666,53.18666666666667,3.1824999999999997,False,,3.0,0.4867978872318158,0.7737056144690831,True,True,experienced,0.6617978872318158,0,0,999.0,0,1,0,0,0.0,0.0,0.0,0.012254151465337915,0.0497626743502734,0.1078375330046333,-2.2,-0.87,42,-7.4,-0.9,5.3,0.23269401108091464,0.21431105359645108,0.012157188859549925,0.06808017306486681,0.1429046448903431,0.5563732199940559,0.02022831021586191,0.11243110205685568,0.22992400112012004,0.04947908425388862,0.7737056144690831,0.012356057258404631,0.06808017306486681,0.1429046448903431,0.349041016621372,0.0,0.5692007744014755,ELEVATED,0.43079922559852446,336211.37120503286,0.0103129445701806,6500,6500,27,0.011644938507066365,0.012285507293246749,0.0023130474212863083,False,False,OK,3.2
59440,"Castillo, Ricky",0.20655,0.07802083333333333,0.23310000000000003,0.24172500000000002,0.5177291666666668,0.22254000000000002,0.13234999999999997,0.21178000000000005,0.21813000000000002,0.5667500000000001,0.09525,0.20346666666666663,0.24608374355913049,0.9486000000000001,-0.06105397570246496,0.29132186529336757,0.41391980419314944,0.8,0.19999999999999996,4,1,70.0,70.0,0,0,0,0.0,1,0,1,0,40.0,10.0,0.0,95,4.564348191467836,81.17886178861788,70.0,-0.13597578673480004,0.2683257867348,0.11381901598479603,0.09796098401520402,-0.19051948820435582,0.39398615487102245,-0.007680161486479653,0.22581016148647967,0.05335252134879248,0.16918747865120753,0.3333333333333333,83,0.6747967479674797,41,0.3902439024390244,76,0.4796747967479675,65,304.4,48.21,70.83,1.686,100.0,27.0,90.48,2.94,3.83,4.25,67.0,25.0,302.47,53,0.5666666666666667,58.824333333333335,108,0.10833333333333334,66.67833333333333,36,0.7083333333333334,28.602083333333333,108,0.10833333333333334,64.78308333333332,1,1.0,1.7545083333333336,23,0.8166666666666667,56.82733333333333,4,0.9708333333333333,22.56933333333333,39,0.6833333333333333,3.9604166666666667,43,0.6458333333333334,67.60833333333333,41,0.6625,3.035416666666667,33,0.7291666666666666,4.013416666666667,5,0.9666666666666667,-3.2222222222222223,-0.4444444444444444,-2.6,-1.8,-0.3666666666666667,0.9796747967479674,-1.8208015317205077,0.10569105691056911,0.9777524328362506,0.9186991869918699,-1.3370299482387,0.6219512195121951,-0.2834662895213751,0.6991869918699187,-0.3887235694379091,0.6930000000000004,0.5240732561176709,1.0,1,0,4,1.0,4,False,3.5,WARM,4.7940266539742975,27.523407900999526,69.59589576392194,70.07656830080916,70.25264159923846,13.854069490718707,1.5495002379819136,56.401713469776304,-0.06220449999999999,-0.09318320000000002,-0.06510933333333332,-0.010906500000000001,0.18502648648648645,-0.0629651081081081,0.2459528552358843,-0.06092636874939786,0.0,1.0,0.0,0.4,0.0,40.0,40.0,0.0,0.0,0.0,0.0,0.0,0.0,0.0,0.0,0.0,0.0,0.0,0.0,0.0,0.0,0.0,0.0,0.0,0.0,0.0,0.0,0.0,0.0,0.0,0.0,0.0,0.0,0.0,0.0,0.0,0.0,0.0,False,,0.0,0.0,0.0,False,False,none,0.0,0,0,5.0,1,0,1,0,0.0,0.0,0.0,0.004287084967194122,0.03064492869373486,0.06505323103941454,-0.2,1.08,98,-6.0,0.2,6.6,0.16242787287949415,0.14030610978603275,0.004625565879187486,0.046299115389675745,0.09908491424868411,0.3884599302077161,0.007696465244480415,0.07646074228628952,0.15942098979485975,0.0,0.0,0.004701231305695061,0.046299115389675745,0.09908491424868411,0.24364180931924123,-0.02687428364693945,0.683498088286188,MEDIUM,0.31650191171381203,247364.09922351618,0.0067391518973457,10000,10000,49,0.005230933739383644,0.0055186787432747065,-0.0023219794300688296,False,False,OK,2.4
34021,"Cauley, Bud",0.1888,0.5452625,-0.00606666666666665,-0.25566250000000007,0.6262358333333333,0.08204399999999999,0.52521,0.018928000000000018,-0.16333000000000006,0.626602,0.58325,0.5934266666666668,-0.012936742097550122,-0.04586666666666665,0.6384367096215717,0.0789452871101323,-0.11728247107254619,0.8,0.19999999999999996,4,3,26.5,6.0,0,0,1,0.6666666666666666,1,0,1,1,40.0,10.0,0.0,81,4.406719247264253,81.17886178861788,70.0,0.25688421326519995,0.2683257867348,-0.079032984015204,0.09796098401520402,0.19944051179564432,0.39398615487102245,-0.38914016148647973,0.22581016148647967,-0.08714347865120754,0.16918747865120753,0.8048780487804879,25,0.4065040650406504,74,0.5934959349593496,51,0.15447154471544716,105,306.9,55.36,61.11,1.75,60.0,28.25,67.86,3.19,4.05,3.5,69.0,19.44,302.47,44,0.6416666666666667,58.824333333333335,81,0.3333333333333333,66.67833333333333,93,0.22916666666666666,28.602083333333333,75,0.38333333333333336,64.78308333333332,45,0.6333333333333333,1.7545083333333336,56,0.5375,56.82733333333333,54,0.5541666666666667,22.56933333333333,86,0.2916666666666667,3.9604166666666667,83,0.31666666666666665,67.60833333333333,91,0.25,3.035416666666667,105,0.13333333333333333,4.013416666666667,78,0.3541666666666667,-1.5625,-0.14285714285714285,0.25,-1.0714285714285714,0.4419642857142857,0.5447154471544715,-0.16107930949828542,0.07317073170731707,1.2793397344235522,0.08130081300813008,1.5129700517613,0.2764227642276423,0.44510513905005356,0.3008130081300813,0.4199073829430433,0.03500000000000002,0.7409745001526997,0.0,0,0,4,0.8,1,False,0.0,COLD,4.204607046070461,23.656802168021684,71.0238970189702,67.40344173441734,60.684823848238494,28.618211382113824,2.8692411924119243,57.18059620596206,-0.24684869999999998,-0.008328320000000007,-0.18989653333333334,0.008166500000000004,0.29331513513513513,-0.12717668648648647,0.2459528552358843,0.04736227989925082,1.0,1.0,1.0,1.0,0.0,6.0,6.0,-9.0,843750.0,2025.0,0.841,0.106,0.401,1.556,1.348,0.841,0.106,0.4009999999999999,1.556,1.348,0.0,0.0,0.6755375,-0.422575,0.3099458333333333,1.7628125,0.5625166666666668,0.1654624999999999,303.3,69.64,58.33,1.476,69.75,66.67,25.0,69.097,50.0,3.13,False,,1.0,0.6755375,0.3868528072345416,True,True,rookie,3.5255375,0,0,18.0,0,0,0,0,0.0,0.0,0.0,0.005350125340806179,0.03398998743541963,0.07733281132725307,-1.7,-0.36,56,-5.9,-1.0,5.9,0.17470687903569448,0.15633102868685353,0.005617235354693842,0.04997371826076112,0.10667060952209446,0.41781284859182993,0.00934650112151509,0.0825291706086408,0.17162586535981314,0.0,0.0,0.005709122600494132,0.04997371826076112,0.10667060952209446,0.2620603185535417,0.0,0.597052205621806,ELEVATED,0.40294779437819395,264689.49583404564,0.0038673542138177,17500,17500,68,0.004784142715038562,0.0050473104844541185,0.001645115572232903,False,False,OK,1.6
51766,"Clark, Wyndham",-0.02970000000000001,0.08195000000000001,0.23182666666666668,-0.23722333333333337,0.2844666666666667,-0.01345000000000001,0.046655000000000016,0.2301973333333333,-0.19510766666666676,0.26375333333333334,0.1554,0.12604,-0.0976074884144232,-0.07779999999999998,0.23269348017284922,0.32725477626201277,-0.41758264087689084,0.9,0.09999999999999998,5,6,14.5,2.0,0,1,1,0.3333333333333333,4,0,1,1,40.0,10.0,0.0,68,4.23410650459726,81.17886178861788,70.0,-0.2216707867348,0.2683257867348,0.13223634931812928,0.09796098401520402,-0.26794615487102247,0.39398615487102245,-0.42091782815314643,0.22581016148647967,-0.18263747865120755,0.16918747865120753,0.25203252032520324,93,0.7073170731707317,37,0.34146341463414637,82,0.13008130081300814,108,311.9,57.14,63.89,1.761,66.67,29.75,50.0,3.19,4.14,5.0,67.0,29.17,302.47,26,0.7916666666666666,58.824333333333335,72,0.4041666666666667,66.67833333333333,78,0.35833333333333334,28.602083333333333,24,0.8083333333333333,64.78308333333332,112,0.07083333333333333,1.7545083333333336,62,0.4875,56.82733333333333,33,0.7333333333333333,22.56933333333333,10,0.925,3.9604166666666667,14,0.8916666666666667,67.60833333333333,41,0.6625,3.035416666666667,105,0.13333333333333333,4.013416666666667,109,0.1,-2.4210526315789473,-1.7894736842105263,-0.9375,0.35714285714285715,1.8150845864661653,0.8617886178861789,-1.0196319410772328,0.6341463414634146,-0.36727680692983133,0.32926829268292684,0.32547005176130006,0.04065040650406504,1.8736765676214822,0.016260162601626018,1.7930276836949228,0.029000000000000033,0.6101365967278694,0.0,0,0,5,1.0,5,False,0.0,COLD,4.6853879105188,26.773826749167068,71.88219276534984,67.30106139933366,58.77915278438839,26.78019990480724,2.7304854831032843,62.410637791527854,-0.02192785000000001,-0.10128682666666665,-0.0403328,0.00975538333333334,0.07636614414414414,-0.04271528018018018,0.2459528552358843,-0.16958671109174017,2.0,1.0,0.5,0.5,0.0,14.5,2.0,-12.0,1029661.46,2024.0,0.849,0.6695,0.3285,0.826,1.849,0.7945714285714286,0.7732857142857142,0.3728571428571428,0.9258571428571428,1.943,-0.7620000000000001,0.0,0.6337873233908948,0.6877637362637362,0.1636998866213151,0.768393031571603,1.497174297924298,0.1607841051805337,301.3857142857143,63.52285714285715,68.05428571428571,1.645857142857143,68.75,61.07142857142857,27.071428571428573,69.13071428571429,67.39285714285714,2.957142857142857,False,,2.0,0.6337873233908948,0.6131471927654585,True,True,familiar,2.2712873233908946,0,0,41.0,0,0,0,0,0.0,0.0,0.0,0.005600419543958901,0.0332217837588472,0.06513898655598896,-0.9,0.43,77,-6.0,-0.1,6.1,0.12704178638524885,0.12170985871058596,0.00544438010225592,0.04587697537863116,0.08277007129073011,0.3030914737105563,0.009058887783501614,0.07576359854344365,0.13317150032992572,0.08,0.6131471927654585,0.005533439766147013,0.04587697537863116,0.08277007129073011,0.19056267957787326,0.0,0.5875648595586785,ELEVATED,0.41243514044132146,246701.14231356292,0.0054020185843803,12500,12500,58,0.0056201175891062004,0.0059292709521797955,0.0003683403434404072,False,False,OK,2.0
47591,"Cole, Eric",-0.5891558333333333,0.2514416666666667,0.12761666666666666,0.42276083333333336,-0.2100625,-0.5337140833333334,0.29495916666666666,0.12833166666666668,0.36542758333333336,-0.11036875000000004,-0.5153333333333333,-0.36305833333333337,-0.5414673243618595,-0.26406666666666667,0.518621721922345,0.08100851112239857,0.6242372723735208,0.7000000000000001,0.29999999999999993,3,3,27.0,27.0,0,0,0,0.3333333333333333,2,0,1,1,40.0,10.0,0.0,121,4.804021044733257,81.17886178861788,70.0,0.026633379931866652,0.2683257867348,0.030370682651462658,0.09796098401520402,-0.7570444882043559,0.39398615487102245,0.1396174218468537,0.22581016148647967,-0.7029015619845409,0.16918747865120753,0.5365853658536586,58,0.5691056910569106,54,0.13008130081300814,108,0.6178861788617886,48,288.9,51.79,55.56,1.75,69.23,26.75,75.0,3.13,3.95,3.75,69.0,20.83,302.47,108,0.10833333333333334,58.824333333333335,95,0.2125,66.67833333333333,114,0.05416666666666667,28.602083333333333,113,0.0625,64.78308333333332,19,0.85,1.7545083333333336,56,0.5375,56.82733333333333,26,0.7875,22.56933333333333,74,0.39166666666666666,3.9604166666666667,70,0.42083333333333334,67.60833333333333,91,0.25,3.035416666666667,90,0.25833333333333336,4.013416666666667,33,0.7291666666666666,-1.6875,-1.3157894736842106,-1.0,-0.23076923076923078,0.8862601214574899,0.6097560975609756,-0.2860793094982854,0.45934959349593496,0.10640740359648437,0.34552845528455284,0.26297005176130006,0.08130081300813008,1.2857644797093941,0.14634146341463414,0.8642032186862475,0.24400000000000033,0.6590902821313632,0.0,0,0,3,0.6,1,False,0.0,COLD,4.454918032786885,24.74934426229508,70.6925737704918,65.39540983606557,71.83081967213114,24.590163934426226,1.7950819672131149,58.66111111111111,-0.13863080833333333,-0.05646593333333333,0.11617866666666668,-0.018271379166666667,0.10129370720720718,-0.034925656981981974,0.2459528552358843,-0.14465914802867713,1.0,1.0,0.0,0.0,0.0,27.0,27.0,-5.0,167656.25,2023.0,0.73,0.202,-0.123,0.509,0.809,0.73,0.202,-0.123,0.509,0.809,0.0,0.0,1.2129772222222222,-0.192541111111111,-0.2975422222222222,0.0775238888888888,0.7120283333333334,-0.4829772222222222,291.0,64.29,56.94,1.61,70.75,50.0,26.75,70.681,58.06,2.94,False,,1.0,1.2129772222222222,0.3868528072345416,True,True,rookie,1.537977222222222,0,0,37.0,0,0,0,0,0.0,0.0,0.0,0.0024027482621310657,0.019917955222597764,0.037566940063296625,-0.0,1.28,104,-5.1,1.2,6.6,0.11050674935731564,0.09238840744274489,0.002522851203996994,0.030123046183871145,0.06666109308089137,0.26439152224241136,0.004197764579664614,0.049746748976905224,0.10725323345480021,0.0,0.0,0.002564120232987478,0.030123046183871145,0.06666109308089137,0.16576012403597346,0.0,0.37211461425430153,HIGH,0.6278853857456985,202173.668496424,0.0027117702853861,25000,25000,89,0.0025675363547915443,0.002708772278473305,-0.00023611292134997604,False,False,OK,1.2
39997,"Conners, Corey",0.27213529411764703,0.34688529411764707,-0.1712375,-0.4550985294117647,0.4476,0.2978141176470588,0.33421411764705883,-0.16918999999999998,-0.33014941176470586,0.46268000000000004,0.58375,0.6038,0.302642123983787,-0.13313333333333338,0.45827295125661593,-0.1577171651910507,-0.36199828760606517,0.8,0.19999999999999996,4,6,18.6,6.0,0,0,2,0.8333333333333334,1,0,1,1,40.0,10.0,0.0,39,3.6888794541139363,81.17886178861788,70.0,0.06588833091225882,0.2683257867348,-0.267150984015204,0.09796098401520402,0.20981384512897755,0.39398615487102245,-0.5559595732511855,0.22581016148647967,0.12862663899585125,0.16918747865120753,0.5853658536585366,52,0.13821138211382114,107,0.6016260162601627,50,0.06504065040650407,116,297.3,73.21,72.22,1.865,45.45,31.0,55.0,3.25,4.03,3.25,69.0,18.06,302.47,82,0.325,58.824333333333335,4,0.9708333333333333,66.67833333333333,31,0.75,28.602083333333333,3,0.9833333333333333,64.78308333333332,100,0.175,1.7545083333333336,115,0.05,56.82733333333333,85,0.29583333333333334,22.56933333333333,100,0.17083333333333334,3.9604166666666667,95,0.2125,67.60833333333333,91,0.25,3.035416666666667,112,0.07083333333333333,4.013416666666667,67,0.44583333333333336,-0.9166666666666666,-1.1111111111111112,-1.9375,-1.2352941176470589,-0.5725081699346406,0.3170731707317073,0.48475402383504795,0.3252032520325203,0.31108576616958383,0.8048780487804879,-0.6745299482386999,0.3821138211382114,0.2812395928315661,0.7560975609756098,-0.594565072705883,0.0676,0.6468384651518492,0.0,0,0,3,0.6,3,False,0.0,COLD,3.4369918699186996,19.472466124661246,71.5589756097561,72.0569647696477,61.76953929539296,15.547425474254746,2.398373983739838,46.08295392953929,-0.15708063529411764,0.07444359999999998,-0.193216,0.016507470588235294,0.15599926868044517,-0.07514677837837837,0.2459528552358843,-0.08995358655543914,4.0,1.0,0.5,0.75,0.0,13.0,6.0,-8.5,495645.8325,2025.0,0.8365,0.6972499999999999,0.08825,0.604,1.623,1.0367499999999998,0.5585833333333333,0.11925,0.6144166666666666,1.715833333333333,0.2403,0.7290000000000001,0.6267238095238093,0.1020728991596637,0.2741387254901961,0.7875320728291316,0.9902259803921568,0.4100261904761905,291.7416666666666,65.77333333333333,70.25083333333333,1.7326666666666668,69.77083333333333,39.08583333333333,28.416666666666668,69.66991666666667,63.419999999999995,2.9299999999999997,False,,4.0,0.6267238095238093,0.8982444017039272,True,True,experienced,2.3017238095238093,0,0,33.0,0,0,0,0,0.0,0.0,0.0,0.01123538769650892,0.04628582896780039,0.09016385811193697,-2.1,-0.82,44,-7.8,-0.7,5.5,0.17716905297100818,0.16934568283171947,0.01088474817694849,0.0620447417769042,0.11437397413786056,0.4228312236434709,0.018111099966329123,0.10246388016910397,0.18402006301450244,0.08,0.8982444017039272,0.01106280187561963,0.0620447417769042,0.11437397413786056,0.2657535794565123,0.0,0.6064472517472461,MEDIUM,0.3935527482527539,305431.93816997245,0.0095866808680552,7000,7000,31,0.010735675545702936,0.011326227281889804,0.0019896339407185163,False,False,OK,3.1
59836,"Coody, Pierceson",0.85444,0.49817999999999996,0.04342999999999998,0.10828000000000002,1.39641,0.7793835714285715,0.3874525,0.17219964285714284,-0.08657142857142854,1.3394467857142858,1.4232,1.137457142857143,0.7378623165705732,-0.5586666666666666,0.42394301263025125,0.16045222433961104,0.16484736763044222,0.9,0.09999999999999998,6,0,40.0,40.0,0,0,0,0.5,0,0,0,0,40.0,10.0,,48,3.8918202981106265,81.17886178861788,70.0,0.11912671326519997,0.2683257867348,0.07423865884193882,0.09796098401520402,0.7434709879861205,0.39398615487102245,-0.3123815900579082,0.22581016148647967,0.610196092777364,0.16918747865120753,0.6585365853658537,43,0.6260162601626016,47,0.9105691056910569,12,0.2032520325203252,99,303.5,50.0,69.44,1.84,33.33,29.25,77.27,2.94,4.02,4.0,67.0,23.61,302.47,57,0.5291666666666667,58.824333333333335,102,0.15416666666666667,66.67833333333333,44,0.6416666666666667,28.602083333333333,38,0.6916666666666667,64.78308333333332,13,0.9,1.7545083333333336,106,0.125,56.82733333333333,108,0.10416666666666667,22.56933333333333,48,0.6083333333333333,3.9604166666666667,56,0.5375,67.60833333333333,41,0.6625,3.035416666666667,33,0.7291666666666666,4.013416666666667,62,0.49166666666666664,-2.7777777777777777,-1.375,-3.076923076923077,-3.5,-1.2120726495726495,0.926829268292683,-1.376357087276063,0.4959349593495935,0.04719687728069499,0.943089430894309,-1.813953025161777,0.983739837398374,-1.983466289521375,0.9512195121951219,-1.234129552343892,-0.28289999999999993,0.7539766081408513,0.4096000000000001,1,0,4,0.8,0,False,3.0,WARM,4.837696335078535,27.618453117563067,69.76573869585913,73.05561161351737,64.27651118514994,19.410690147548788,2.0899571632555927,55.70978105663971,-0.182102675,-0.07576784285714284,-0.3639862857142857,0.004328571428571427,0.43484086872586875,-0.16737339652509653,0.2459528552358843,0.18888801348998444,0.0,1.0,0.0,0.4,0.0,40.0,40.0,0.0,0.0,0.0,0.0,0.0,0.0,0.0,0.0,0.0,0.0,0.0,0.0,0.0,0.0,0.0,0.0,0.0,0.0,0.0,0.0,0.0,0.0,0.0,0.0,0.0,0.0,0.0,0.0,0.0,0.0,0.0,False,,0.0,0.0,0.0,False,False,none,0.0,0,0,999.0,0,1,0,0,0.0,0.0,0.0,0.026944810075079633,0.08113550954202056,0.15293231862409484,-3.4,-2.05,15,-7.1,-2.0,4.5,0.3068943782467453,0.28590870853734907,0.02544327835731787,0.10951369376387422,0.1992321867106338,0.7322773097273665,0.04233499483032669,0.18085655082659371,0.3205512427924955,0.0,0.0,0.025859481814135908,0.10951369376387422,0.1992321867106338,0.460341567370118,0.019222152767970357,0.7302452565256243,MEDIUM,0.26975474347437567,458729.4453624042,0.0067391518973457,10000,10000,50,0.01581626557550017,0.016686292157045174,0.02102327271294705,True,True,MODEL>>VEGAS,2.4
34076,"Dahmen, Joel",0.5409854166666667,0.46915416666666665,-0.001322916666666677,0.1517895833333333,1.0087729166666668,0.48897729166666665,0.48298291666666665,0.05812500000000001,0.15631520833333332,0.9884035416666668,1.0786666666666669,1.0198916666666669,0.49524990571800465,0.29773333333333335,0.4576051899623995,0.041093009852750356,0.29356713031875203,0.7000000000000001,0.29999999999999993,3,6,34.0,11.0,0,0,0,0.8333333333333334,1,0,1,1,40.0,10.0,0.0,163,5.099866427824199,81.17886178861788,70.0,0.21465712993186664,0.2683257867348,-0.03983598401520401,0.09796098401520402,0.6259055117956445,0.39398615487102245,-0.06949495315314635,0.22581016148647967,0.3197898130154591,0.16918747865120753,0.7642276422764228,30,0.44715447154471544,69,0.8699186991869918,17,0.44715447154471544,69,292.1,71.43,77.78,1.786,55.56,29.5,75.0,3.13,3.8,3.5,68.0,19.44,302.47,98,0.19166666666666668,58.824333333333335,10,0.9208333333333333,66.67833333333333,4,0.9708333333333333,28.602083333333333,32,0.7416666666666667,64.78308333333332,19,0.85,1.7545083333333336,78,0.35833333333333334,56.82733333333333,64,0.4708333333333333,22.56933333333333,86,0.2916666666666667,3.9604166666666667,83,0.31666666666666665,67.60833333333333,66,0.45416666666666666,3.035416666666667,90,0.25833333333333336,4.013416666666667,2,0.9916666666666667,-0.875,-1.3333333333333333,-3.6666666666666665,-1.5714285714285714,-1.5148809523809526,0.2926829268292683,0.5264206905017146,0.47560975609756095,0.08886354394736173,0.991869918699187,-2.4036966149053667,0.5121951219512195,-0.054894860949946445,0.991869918699187,-1.536937855152195,0.06699999999999982,0.9245779818081569,1.6400000000000001,0,0,3,0.6,1,False,2.5,NEUTRAL,3.8114754098360653,22.994754098360655,69.70014754098361,75.59245901639343,73.64918032786885,11.242622950819671,1.2459016393442621,41.50491803278688,-0.22700197083333332,-0.025575000000000004,-0.3263653333333334,-0.007815760416666666,0.4457827364864865,-0.16118800574324324,0.2459528552358843,0.19982988125060216,4.0,1.0,0.0,0.25,0.0,39.5,11.0,-3.0,204965.2775,2025.0,0.27125,0.46475,0.37925,-0.27825,1.116,0.3928571428571428,0.4823571428571429,0.4989285714285714,-0.5860714285714286,1.3751428571428572,0.3405,1.0884999999999998,-0.0214386033900739,0.0036121202327085,0.4987977968110321,-0.4915221665589313,0.4728895191409898,0.4142957462472167,289.6,67.21857142857142,65.27714285714286,1.8237142857142856,71.30357142857143,34.18357142857143,29.392857142857142,71.21128571428571,65.54214285714285,3.13,False,,4.0,-0.0214386033900739,0.8982444017039272,True,True,experienced,-0.008938603390073945,0,0,9.0,0,0,1,0,0.0,0.0,0.0,0.00997216546282779,0.04742319818393079,0.10005820544560229,-0.9,0.42,76,-5.4,-0.2,6.6,0.22132006279727756,0.19671812816895567,0.01088474817694849,0.0703557795300816,0.13897590828789794,0.5287491791428383,0.018111099966329123,0.11618915570469278,0.22360292709432886,-0.039458054599425724,0.8982444017039272,0.01106280187561963,0.0703557795300816,0.13897590828789794,0.33198009419591634,0.0,0.644720382711859,MEDIUM,0.35527961728814095,316793.8615094897,0.0054020185843803,12500,12500,54,0.007947895360359124,0.008385095924414016,0.0048727427181375635,False,False,OK,2.0
45157,"Davis, Cam",-0.89125,-0.3889409090909091,0.30727499999999996,-0.21596590909090915,-0.9729159090909091,-0.6733375,-0.20336295454545453,0.24190124999999996,0.1095732954545454,-0.6347992045454546,-1.763,-1.1422454545454546,-0.5803350348610545,-0.5619999999999999,-0.47039269274429985,0.08406024066387914,-0.15685828965684706,0.55,0.44999999999999996,2,5,6.0,6.0,0,0,1,0.2,4,0,1,1,40.0,10.0,0.0,179,5.19295685089021,81.17886178861788,70.0,-0.4716887412802545,0.2683257867348,0.14394026598479592,0.09796098401520402,-1.536231609416477,0.39398615487102245,-0.11623686603193427,0.22581016148647967,-0.8425249786512076,0.16918747865120753,0.0975609756097561,112,0.7479674796747967,32,0.016260162601626018,122,0.36585365853658536,79,300.1,42.86,58.33,1.738,60.0,28.0,56.67,3.13,4.2,3.25,69.0,19.44,302.47,70,0.42083333333333334,58.824333333333335,116,0.041666666666666664,66.67833333333333,104,0.1375,28.602083333333333,84,0.30416666666666664,64.78308333333332,94,0.225,1.7545083333333336,46,0.6208333333333333,56.82733333333333,54,0.5541666666666667,22.56933333333333,86,0.2916666666666667,3.9604166666666667,95,0.2125,67.60833333333333,91,0.25,3.035416666666667,90,0.25833333333333336,4.013416666666667,115,0.05,0.5,0.7894736842105263,-0.5,2.4444444444444446,0.32748538011695916,0.028455284552845527,1.9014206905017146,0.008130081300813009,2.2116705614912213,0.22357723577235772,0.7629700517613001,0.008130081300813009,3.96097815492307,0.3821138211382114,0.30542847734571676,0.6199999999999998,0.04,0.0,0,0,0,0.0,0,False,0.0,COLD,3.2499999999999996,19.44,73.47811111111112,56.481111111111105,51.68333333333333,29.63111111111111,3.5833333333333335,43.208888888888886,0.09558058863636364,-0.10643654999999996,0.36551854545454543,-0.0054786647727272705,-0.260651683046683,0.09025395902948403,0.2459528552358843,-0.5066045382825674,1.0,1.0,1.0,1.0,0.0,6.0,6.0,-8.0,736607.14,2023.0,0.185,-0.214,0.968,1.13,0.939,0.1849999999999999,-0.214,0.968,1.13,0.939,0.0,0.0,0.4694935374149659,-0.1623048237476808,0.7259210317460316,1.1379823644609357,1.0380756751185325,-0.2844935374149659,301.4,48.21,58.330000000000005,1.667,70.0,100.0,26.0,69.931,70.0,3.06,False,,1.0,0.4694935374149659,0.3868528072345416,True,True,rookie,3.319493537414966,0,0,999.0,0,1,0,0,0.0,0.0,0.0,0.004134340605182298,0.01568730210175605,0.03220460418016211,0.0,1.35,106,-3.3,0.5,8.0,0.06892502243603635,0.06264579087350697,0.004340907879356759,0.0221012820056289,0.043384800383086834,0.16465213383869587,0.007222823649163792,0.03649919471260193,0.06980323767314525,0.0,0.0,0.004411916844465113,0.0221012820056289,0.043384800383086834,0.10338753365405452,0.0,0.3461774243769692,HIGH,0.6538225756230308,189882.90403096093,0.0006799743672646,100000,100000,118,0.0020463082458454488,0.002158872274276918,0.0035798188561733065,False,False,OK,0.4
28089,"Day, Jason",0.16755,0.4072230769230769,0.5240064102564103,0.8385525641025642,1.0988333333333333,0.16618499999999997,0.2892330769230769,0.47628141025641024,0.6145175641025642,0.9317833333333333,0.7889999999999998,0.6054230769230768,0.18607076331033728,-0.12999999999999992,0.14187642148400353,0.600957814697134,0.815594621468117,0.7000000000000001,0.29999999999999993,3,8,23.285714285714285,1.0,1,2,3,0.875,1,1,1,1,40.0,10.0,1.0,40,3.713572066704308,81.17886178861788,70.0,0.020907290188276917,0.2683257867348,0.3783204262412062,0.09796098401520402,0.2114369220520544,0.39398615487102245,0.3887074026160845,0.22581016148647967,-0.003002478651207563,0.16918747865120753,0.5203252032520326,60,0.9349593495934959,9,0.6178861788617886,48,0.8780487804878049,16,296.9,64.29,73.61,1.679,66.67,28.0,78.95,2.81,3.95,5.0,68.0,27.78,302.47,83,0.31666666666666665,58.824333333333335,31,0.75,66.67833333333333,25,0.7958333333333333,28.602083333333333,84,0.30416666666666664,64.78308333333332,10,0.925,1.7545083333333336,21,0.8333333333333334,56.82733333333333,33,0.7333333333333333,22.56933333333333,18,0.8583333333333333,3.9604166666666667,14,0.8916666666666667,67.60833333333333,66,0.45416666666666666,3.035416666666667,6,0.9541666666666667,4.013416666666667,33,0.7291666666666666,-0.9444444444444444,-2.0555555555555554,-2.3125,-1.2142857142857142,-0.2633928571428572,0.3333333333333333,0.45697624605727016,0.7886178861788617,-0.6333586782748604,0.8780487804878049,-1.0495299482387,0.36585365853658536,0.30224799619291076,0.6747967479674797,-0.2854497599140996,0.07999999999999982,0.8820178884555322,0.4096000000000001,1,0,3,0.6,0,False,3.0,WARM,5.049180327868852,28.050819672131144,70.52145901639344,75.1595081967213,75.70737704918031,13.659836065573767,1.3688524590163933,76.50409836065573,-0.13593954615384615,-0.20956382051282052,-0.1937353846153846,-0.03072587820512821,0.46944659736659733,-0.15283476999306997,0.2459528552358843,0.22349374213071302,3.0,1.0,0.0,0.3333333333333333,0.0,29.666666666666668,19.0,-5.0,155803.57,2024.0,0.1163333333333333,0.2753333333333334,1.0716666666666663,-0.3883333333333333,1.4640000000000002,-0.1949999999999999,0.11725,1.018125,0.147125,0.941375,-0.5337142857142856,-0.6990000000000001,-0.3596629560915275,-0.0215718210361067,0.6290177738927738,-0.477675651729223,0.2431631880024738,0.1646629560915275,293.45000000000005,54.912499999999994,63.5425,1.743875,70.59375,61.25125,27.625,70.911125,74.17875000000001,3.08875,False,,3.0,-0.3596629560915275,0.7737056144690831,True,True,experienced,-0.10132962275819418,0,0,999.0,0,1,0,0,0.0,0.0,0.0,0.007239524314514106,0.0441093733530995,0.1067702528687366,-2.6,-1.27,35,-7.7,-1.1,4.8,0.26019760884555576,0.22301812790977515,0.00804528311149703,0.06808017306486681,0.15540628023790726,0.622750389694493,0.013386522528681158,0.11243110205685568,0.25003829496873736,-0.06658734566731571,0.7737056144690831,0.00827501124588816,0.06808017306486681,0.15540628023790726,0.39029641326833364,0.0,0.5856307398249171,ELEVATED,0.4143692601750829,317514.90841910837,0.0067391518973457,10000,10000,39,0.007162445406974044,0.007556439669601065,0.0007200488702991687,False,False,OK,2.4
37338,"Dou, Zecheng",-0.4314,0.9837999999999999,0.1342,-0.10060000000000005,0.6866,-0.4314,0.9837999999999999,0.1342,-0.10060000000000005,0.6866,0.5524,0.5524,-0.4189635411312462,0.48350000000000004,0.9458197970612472,0.2485087945181932,-0.08828212733471416,0.9,0.09999999999999998,5,0,40.0,40.0,0,0,0,0.5,0,0,0,0,40.0,10.0,,178,5.187385805840755,81.17886178861788,70.0,0.7154742132651999,0.2683257867348,0.036239015984795994,0.09796098401520402,0.15841384512897755,0.39398615487102245,-0.3264101614864797,0.22581016148647967,-0.6005874786512075,0.16918747865120753,0.975609756097561,4,0.5772357723577236,53,0.5772357723577236,53,0.18699186991869918,101,297.4,53.57,65.28,1.83,66.67,28.0,76.0,2.94,4.0,3.0,69.0,16.67,302.47,81,0.3333333333333333,58.824333333333335,88,0.2708333333333333,66.67833333333333,68,0.44166666666666665,28.602083333333333,84,0.30416666666666664,64.78308333333332,14,0.8875,1.7545083333333336,101,0.16666666666666666,56.82733333333333,33,0.7333333333333333,22.56933333333333,110,0.0875,3.9604166666666667,106,0.12083333333333333,67.60833333333333,91,0.25,3.035416666666667,33,0.7291666666666666,4.013416666666667,55,0.5458333333333333,-2.176470588235294,-1.1578947368421053,-2.0,-1.4,-0.03281733746130033,0.8211382113821138,-0.7750498977335794,0.35772357723577236,0.2643021404385897,0.8130081300813008,-0.7370299482386999,0.4349593495934959,0.11653371047862504,0.5121951219512195,-0.054874240232542726,0.07010000000000009,0.7664057527039955,0.0,0,0,4,0.8,4,False,0.0,COLD,4.143265111851499,23.01952879581152,70.73825178486436,67.66077106139934,66.07383150880533,11.899533555449787,2.1930033317467874,48.05484531175631,-0.46238599999999996,-0.059048,-0.17676799999999998,0.005030000000000003,0.4733945945945945,-0.20810389189189185,0.2459528552358843,0.22744173935871018,0.0,1.0,0.0,0.4,0.0,40.0,40.0,0.0,0.0,0.0,0.0,0.0,0.0,0.0,0.0,0.0,0.0,0.0,0.0,0.0,0.0,0.0,0.0,0.0,0.0,0.0,0.0,0.0,0.0,0.0,0.0,0.0,0.0,0.0,0.0,0.0,0.0,0.0,False,,0.0,0.0,0.0,False,False,none,0.0,0,0,17.0,0,0,0,0,0.0,0.0,0.0,0.0041302640391480865,0.02881039016611347,0.062385565849893646,-1.0,0.35,74,-5.2,0.3,6.4,0.1417291115038183,0.12658603340301516,0.004340907879356759,0.042623705977134906,0.08767161758017282,0.3387868403281771,0.007222823649163792,0.07039098199986397,0.14105775997816128,0.0,0.0,0.004411916844465113,0.042623705977134906,0.08767161758017282,0.21259366725572748,-0.0009794727525080493,0.49637819226331825,ELEVATED,0.5036218077366817,238635.891567507,0.0019391861584954,35000,35000,92,0.0031082812669862244,0.003279262672950058,0.002316406799404234,False,False,OK,0.9
51349,"Echavarria, Nico",0.15326666666666672,0.7146166666666668,-0.2204,0.7049416666666666,0.6473166666666667,0.09528666666666669,0.5905316666666668,-0.23232285714285716,0.749294880952381,0.45342166666666667,1.1943333333333332,0.9143761904761906,0.36281548104122285,-0.1840666666666666,0.7872668394840895,-0.19342221063659853,0.7920458990642595,0.7000000000000001,0.29999999999999993,3,3,70.0,70.0,0,0,0,0.0,3,0,1,0,40.0,10.0,0.0,37,3.6375861597263857,81.17886178861788,70.0,0.3222058799318668,0.2683257867348,-0.3302838411580612,0.09796098401520402,0.520390035605168,0.39398615487102245,0.5234847194659012,0.22581016148647967,-0.07390081198454085,0.16918747865120753,0.8617886178861789,18,0.08130081300813008,114,0.8292682926829268,22,0.926829268292683,10,294.0,55.36,73.61,1.642,100.0,27.25,84.21,2.88,3.84,5.0,63.0,27.78,302.47,90,0.25416666666666665,58.824333333333335,81,0.3333333333333333,66.67833333333333,25,0.7958333333333333,28.602083333333333,101,0.1625,64.78308333333332,6,0.9583333333333334,1.7545083333333336,7,0.95,56.82733333333333,4,0.9708333333333333,22.56933333333333,18,0.8583333333333333,3.9604166666666667,14,0.8916666666666667,67.60833333333333,4,0.975,3.035416666666667,16,0.8708333333333333,4.013416666666667,8,0.9416666666666667,-1.2777777777777777,-1.1764705882352942,-2.3333333333333335,-2.0,-0.9395424836601309,0.45528455284552843,0.1236429127239369,0.3780487804878049,0.24572628904540084,0.8861788617886179,-1.0703632815720334,0.7073170731707317,-0.48346628952137505,0.8943089430894309,-0.9615993864313733,0.2705000000000001,0.9561591723200648,1.4096000000000002,1,1,3,0.6,2,True,7.5,HOT,4.819672131147541,27.141967213114754,69.84804918032786,70.8788524590164,65.64147540983606,5.245901639344263,1.7827868852459017,56.323934426229506,-0.27754988333333336,0.10222205714285715,-0.29260038095238095,-0.03746474404761905,0.4726569305019306,-0.1396370249034749,0.2459528552358843,0.22670407526604627,0.0,1.0,0.0,0.4,0.0,40.0,40.0,0.0,0.0,0.0,0.0,0.0,0.0,0.0,0.0,0.0,0.0,0.0,0.0,0.0,0.0,0.0,0.0,0.0,0.0,0.0,0.0,0.0,0.0,0.0,0.0,0.0,0.0,0.0,0.0,0.0,0.0,0.0,False,,0.0,0.0,0.0,False,False,none,0.0,0,0,1.0,1,0,1,0,0.0,0.0,0.0,0.007830201902384605,0.04130315097107168,0.08769005102262843,-2.0,-0.64,48,-6.5,-0.7,5.4,0.1900454946129918,0.17209829893675296,0.00821813836393495,0.05995733564867855,0.11908831699609367,0.45406697766908344,0.013674135866694631,0.09901663024491486,0.19160512488179704,0.0,0.0,0.008352571417240554,0.05995733564867855,0.11908831699609367,0.2850682419194877,0.0,0.5372735462151009,ELEVATED,0.46272645378489907,289754.41631129896,0.0067391518973457,10000,10000,45,0.007507716300398263,0.007920703343190671,0.0013286500056031748,False,False,OK,2.4
34099,"English, Harris",0.46442052631578945,0.1395905263157895,-0.19292842105263155,0.45933736842105266,0.41111947368421053,0.49716855263157894,-0.07739144736842106,-0.021169342105263157,0.4626472368421053,0.39865144736842106,0.8056,0.5221736842105262,0.5068634654133748,-0.3906000000000001,0.014923961072966396,-0.05523586454536791,0.3833496925660933,0.9,0.09999999999999998,6,7,24.5,19.0,0,0,0,0.2857142857142857,5,0,1,1,40.0,10.0,0.0,16,2.833213344056216,81.17886178861788,70.0,-0.3457172341032211,0.2683257867348,-0.11913032612046717,0.09796098401520402,0.12818752933950378,0.39398615487102245,0.23683707535562562,0.22581016148647967,0.3279810739803714,0.16918747865120753,0.13008130081300814,108,0.34959349593495936,81,0.5609756097560976,55,0.7317073170731707,34,307.4,58.93,59.72,1.698,0.0,28.0,51.72,2.94,4.05,4.75,69.0,26.39,302.47,43,0.65,58.824333333333335,62,0.4875,66.67833333333333,98,0.1875,28.602083333333333,84,0.30416666666666664,64.78308333333332,111,0.08333333333333333,1.7545083333333336,26,0.7875,56.82733333333333,119,0.016666666666666666,22.56933333333333,28,0.7708333333333334,3.9604166666666667,25,0.8,67.60833333333333,91,0.25,3.035416666666667,33,0.7291666666666666,4.013416666666667,78,0.3541666666666667,-0.75,-2.7222222222222223,-1.2777777777777777,-1.4736842105263157,0.36038011695906436,0.23577235772357724,0.6514206905017146,0.9471544715447154,-1.3000253449415273,0.4796747967479675,-0.014807726016477618,0.4715447154471545,0.042849499952309245,0.34146341463414637,0.33832321418782196,-0.2650999999999999,0.07637626158259733,0.0,0,0,5,1.0,5,False,0.0,COLD,4.610542598762494,25.879252736792004,70.84687862922418,67.02724416944312,62.746673012851026,21.641789623988576,2.759757258448358,45.2554021894336,0.0363739802631579,0.009314510526315788,-0.1670955789473684,-0.023132361842105265,0.17121772403982927,-0.030081662517780935,0.2459528552358843,-0.07473513119605504,2.0,1.0,0.0,0.5,0.0,24.5,19.0,-6.0,224642.855,2025.0,0.6555,0.599,0.0865,0.1255,1.3424999999999998,0.6467777777777778,0.5894444444444444,0.071,0.1523333333333333,1.3085555555555557,-0.1570000000000001,0.0,0.4398126427179059,0.6919306321358953,-0.0703991088833193,-0.3428462823725982,1.0572053467000837,0.2069651350598718,296.1333333333333,59.91888888888889,70.37111111111112,1.755111111111111,70.58333333333333,63.888888888888886,28.833333333333332,70.53966666666666,64.25333333333333,3.026666666666667,False,,2.0,0.4398126427179059,0.6131471927654585,True,True,familiar,0.8273126427179058,0,0,24.0,0,0,0,0,0.0,0.0,0.0,0.007010477816540553,0.05811444562861695,0.09639313329919273,-3.7,-2.35,13,-7.6,-2.0,5.2,0.15546454242134947,0.15690662829479018,0.007044142455915761,0.08880128905515292,0.11910276785796953,0.36840180342885326,0.011720727583421171,0.14665101957110852,0.19162837535056018,0.04478432042214827,0.6131471927654585,0.007159371177596102,0.08880128905515292,0.11910276785796953,0.2331968136320242,0.0,0.72,MEDIUM,0.28,300365.3518895906,0.0121545418148557,5500,5500,21,0.008897446577408943,0.009386880381695427,-0.004931337742475107,False,False,OK,3.7
50286,"Ewart, A.J.",0.07299999999999998,0.066,-0.09524999999999999,0.5157499999999999,0.04450000000000002,0.07299999999999998,0.066,-0.09524999999999999,0.5157499999999999,0.04450000000000002,0.13975,0.13975,0.0456508453300906,-0.021333333333333343,0.14220892009571257,-0.1408914996273487,0.618839210763739,0.8,0.19999999999999996,4,0,40.0,40.0,0,0,0,0.5,0,0,0,0,40.0,10.0,,296,5.6937321388027,81.17886178861788,70.0,-0.2023257867348,0.2683257867348,-0.193210984015204,0.09796098401520402,-0.25423615487102247,0.39398615487102245,0.28993983851352023,0.22581016148647967,-0.09618747865120755,0.16918747865120753,0.2764227642276423,90,0.21951219512195122,97,0.34959349593495936,81,0.8211382113821138,23,296.3,64.29,76.39,1.8,57.14,29.75,64.71,3.06,3.95,3.75,67.0,20.83,302.47,86,0.2916666666666667,58.824333333333335,31,0.75,66.67833333333333,12,0.9083333333333333,28.602083333333333,24,0.8083333333333333,64.78308333333332,57,0.5333333333333333,1.7545083333333336,87,0.2833333333333333,56.82733333333333,62,0.49166666666666664,22.56933333333333,74,0.39166666666666666,3.9604166666666667,70,0.42083333333333334,67.60833333333333,41,0.6625,3.035416666666667,69,0.42916666666666664,4.013416666666667,33,0.7291666666666666,-0.6,-3.0,-1.25,-1.75,0.30000000000000004,0.17073170731707318,0.8014206905017146,0.9715447154471545,-1.577803122719305,0.44308943089430897,0.012970051761300061,0.5894308943089431,-0.23346628952137505,0.3983739837398374,0.27794309722875765,-0.12600000000000003,0.6440841904941034,0.0,0,0,4,0.8,1,False,0.0,COLD,4.177415516420752,23.206430271299382,70.66938553069967,73.88580199904808,63.7843645882913,25.953388862446456,1.7342931937172776,63.36311280342694,-0.031020000000000002,0.041909999999999996,-0.04472,-0.025787499999999998,0.11329054054054052,-0.013793108108108111,0.2459528552358843,-0.13266231469534379,0.0,1.0,0.0,0.4,0.0,40.0,40.0,0.0,0.0,0.0,0.0,0.0,0.0,0.0,0.0,0.0,0.0,0.0,0.0,0.0,0.0,0.0,0.0,0.0,0.0,0.0,0.0,0.0,0.0,0.0,0.0,0.0,0.0,0.0,0.0,0.0,0.0,0.0,False,,0.0,0.0,0.0,False,False,none,0.0,0,0,13.0,0,0,0,0,0.0,0.0,0.0,0.0019750400028182157,0.016094755582701823,0.0307676539599049,0.3,1.58,115,-3.9,1.0,7.1,0.11798609440211807,0.09329460002627833,0.0020737637831984295,0.023986167316651263,0.06671340690095436,0.28291184512417245,0.0034505293621399104,0.039611991335006314,0.10733740288702538,0.0,0.0,0.002107686599396484,0.023986167316651263,0.06671340690095436,0.17697914160317713,0.0,0.5926956762802236,ELEVATED,0.40730432371977643,195110.7780393135,0.0009063306812675,75000,75000,112,0.0014726442994020595,0.0015536520239830874,0.001128640024696589,False,False,OK,0.5
29725,"Finau, Tony",-0.14994166666666667,0.4270333333333333,0.13996666666666666,0.4547083333333333,0.41725000000000007,-0.14526630952380953,0.31358047619047624,0.17207666666666666,0.3238029761904762,0.34050357142857146,0.47266666666666673,0.3051952380952382,-0.20702472121282475,0.10546666666666665,0.2455228241627091,0.2161449730930236,0.12683562856103814,0.7000000000000001,0.29999999999999993,3,9,35.75,19.0,0,0,0,0.4444444444444444,5,0,1,1,40.0,10.0,0.0,104,4.653960350157523,81.17886178861788,70.0,0.045254689455676234,0.2683257867348,0.07411568265146264,0.09796098401520402,-0.08879091677578427,0.39398615487102245,0.09799281470399654,0.22581016148647967,-0.31445378817501707,0.16918747865120753,0.5609756097560976,55,0.6178861788617886,48,0.43902439024390244,70,0.5691056910569106,54,293.1,50.0,65.28,1.723,50.0,28.5,60.0,2.94,4.02,4.75,68.0,26.39,302.47,95,0.21666666666666667,58.824333333333335,102,0.15416666666666667,66.67833333333333,68,0.44166666666666665,28.602083333333333,66,0.4583333333333333,64.78308333333332,85,0.3,1.7545083333333336,39,0.6833333333333333,56.82733333333333,75,0.38333333333333336,22.56933333333333,28,0.7708333333333334,3.9604166666666667,25,0.8,67.60833333333333,66,0.45416666666666666,3.035416666666667,33,0.7291666666666666,4.013416666666667,62,0.49166666666666664,-0.5333333333333333,-0.875,-0.9285714285714286,0.38461538461538464,0.4321886446886446,0.15447154471544716,0.8680873571683813,0.23983739837398374,0.547196877280695,0.3089430894308943,0.33439862318987146,0.024390243902439025,1.9011490950940095,0.3089430894308943,0.4101317419174022,-0.5820000000000002,0.865758070731678,0.0,0,0,3,0.6,1,False,0.0,COLD,5.0122950819672125,28.574262295081965,70.43818032786885,70.01377049180327,62.499016393442616,2.6229508196721314,2.192622950819672,52.34098360655737,-0.14738282380952383,-0.07571373333333332,-0.09766247619047623,-0.01619014880952381,0.2749542535392535,-0.09464417290862291,0.2459528552358843,0.029001398303369202,2.0,1.0,0.0,0.5,0.0,32.0,19.0,-5.0,172531.25,2024.0,-0.3945,0.7775000000000001,0.082,0.4589999999999999,0.4664999999999999,-0.448,0.7377142857142857,0.103,0.4391428571428571,0.3944285714285714,-0.7489999999999999,0.0,-0.5258432067271352,0.1489281934996219,-0.1076107804232804,0.2788303099017384,-0.497869567271353,0.0778432067271353,296.12857142857143,53.31714285714286,64.08857142857143,1.647571428571429,70.78571428571429,64.08285714285714,27.428571428571427,71.16642857142857,53.15,3.275714285714286,False,,2.0,-0.5258432067271352,0.6131471927654585,True,True,familiar,-0.3258432067271353,0,0,28.0,0,0,0,0,0.0,0.0,0.0,0.002725625810064298,0.022594498847027397,0.04261512662622599,-1.6,-0.24,59,-5.5,-0.0,6.2,0.14371667252154666,0.1134834650996061,0.0030927883641929136,0.03681566130493976,0.08540703003976108,0.34402812752255807,0.005146081317455036,0.06079927807355101,0.1374141903196818,-0.07466424826388077,0.6131471927654585,0.0031433804769822418,0.03681566130493976,0.08540703003976108,0.21557500878232,0.0,0.4579868558994106,ELEVATED,0.5420131441005893,216037.8645795689,0.0038673542138177,17500,17500,69,0.003191921299991953,0.0033675036056845446,-0.0010590218909351254,False,False,OK,1.6
57123,"Fisk, Steven",0.022637500000000005,-0.2020333333333333,0.5219166666666667,-0.27332083333333335,0.34293333333333337,0.19323812499999998,0.08793166666666664,0.3927291666666667,-0.2940639583333333,0.6742383333333333,-0.73,-0.02155000000000007,0.11330521552293965,-0.5084000000000001,0.14419017686076513,0.5004898649597211,-0.21344116591920295,0.55,0.44999999999999996,2,0,40.0,40.0,0,0,0,0.5,0,0,0,0,40.0,10.0,,128,4.859812404361672,81.17886178861788,70.0,-0.18039412006813338,0.2683257867348,0.29476818265146265,0.09796098401520402,-0.4155361548710225,0.39398615487102245,-0.519874119819813,0.22581016148647967,0.024050646348792448,0.16918747865120753,0.2926829268292683,88,0.8943089430894309,14,0.2601626016260163,92,0.08130081300813008,114,311.6,58.93,62.5,1.8,80.0,28.5,77.78,3.06,3.95,3.25,69.0,18.06,302.47,28,0.775,58.824333333333335,62,0.4875,66.67833333333333,86,0.2875,28.602083333333333,66,0.4583333333333333,64.78308333333332,11,0.9125,1.7545083333333336,87,0.2833333333333333,56.82733333333333,15,0.8833333333333333,22.56933333333333,100,0.17083333333333334,3.9604166666666667,95,0.2125,67.60833333333333,91,0.25,3.035416666666667,69,0.42916666666666664,4.013416666666667,33,0.7291666666666666,-1.2352941176470589,-3.0,-1.0769230769230769,-1.5454545454545454,0.8064582476347182,0.4268292682926829,0.1661265728546557,0.9715447154471545,-1.577803122719305,0.3699186991869919,0.1860469748382232,0.5040650406504065,-0.028920834975920462,0.17073170731707318,0.7844013448634758,0.8889999999999997,0.4266666666666667,0.0,0,0,2,0.4,1,False,0.0,COLD,3.6944444444444446,20.526666666666667,71.65544444444446,65.58444444444444,71.49555555555555,35.18333333333333,2.0,79.01333333333332,-0.04132788333333332,-0.17280083333333335,0.006896000000000022,0.014703197916666666,0.08173345720720718,-0.05604485799549549,0.2459528552358843,-0.16421939802867713,0.0,1.0,0.0,0.4,0.0,40.0,40.0,0.0,0.0,0.0,0.0,0.0,0.0,0.0,0.0,0.0,0.0,0.0,0.0,0.0,0.0,0.0,0.0,0.0,0.0,0.0,0.0,0.0,0.0,0.0,0.0,0.0,0.0,0.0,0.0,0.0,0.0,0.0,False,,0.0,0.0,0.0,False,False,none,0.0,0,0,37.0,0,0,0,0,0.0,0.0,0.0,0.004396325352569072,0.016967633296481568,0.04274809369735802,-0.6,0.76,89,-4.7,0.1,6.5,0.10381849299425117,0.09100808766774218,0.004625565879187486,0.023986167316651263,0.06027358807919667,0.24871976265752413,0.007696465244480415,0.039611991335006314,0.09697616577591985,0.0,0.0,0.004701231305695061,0.023986167316651263,0.06027358807919667,0.15572773949137675,-0.002081379599079601,0.4974599078878582,ELEVATED,0.5025400921121418,206962.2608865663,0.0013585915002633,50000,50000,108,0.002799500142951591,0.0029534960105462647,0.0031711361475815826,False,False,OK,0.7
40098,"Fitzpatrick, Matt",0.26598,0.42686333333333326,0.46655666666666673,0.008036666666666609,0.7615066666666666,0.250042,0.4028436666666666,0.07295133333333333,0.05792633333333329,0.7256093333333333,0.9077999999999998,0.8463199999999999,0.32693067172413004,0.03373333333333334,0.4848260385238897,0.23075585020235886,-0.06439528954714147,0.9,0.09999999999999998,5,9,25.25,5.0,0,1,2,0.4444444444444444,5,0,1,1,40.0,10.0,0.0,24,3.2188758248682006,81.17886178861788,70.0,0.1345178799318666,0.2683257867348,-0.025009650681870693,0.09796098401520402,0.4523338451289774,0.39398615487102245,-0.1678838281531464,0.22581016148647967,0.08085452134879245,0.16918747865120753,0.7073170731707317,37,0.4715447154471545,66,0.7886178861788617,27,0.3333333333333333,83,297.5,58.93,62.5,1.889,57.14,29.75,62.96,3.0,4.2,3.25,70.0,18.06,302.47,80,0.3416666666666667,58.824333333333335,62,0.4875,66.67833333333333,86,0.2875,28.602083333333333,24,0.8083333333333333,64.78308333333332,70,0.42083333333333334,1.7545083333333336,118,0.025,56.82733333333333,62,0.49166666666666664,22.56933333333333,100,0.17083333333333334,3.9604166666666667,95,0.2125,67.60833333333333,109,0.1,3.035416666666667,51,0.5833333333333334,4.013416666666667,115,0.05,-0.8235294117647058,-2.1875,-2.4375,-1.6875,-0.5569852941176472,0.2764227642276423,0.5778912787370087,0.8373983739837398,-0.765303122719305,0.9024390243902439,-1.1745299482387,0.556910569105691,-0.17096628952137505,0.7479674796747967,-0.5790421968888896,-0.019299999999999904,0.6570641774844627,0.5120000000000001,0,0,5,1.0,5,False,1.0,NEUTRAL,4.403260352213232,25.22837696335079,70.95105283198477,71.28465492622561,61.14699666825322,29.20618752974774,2.350309376487387,43.046977629700145,-0.1893365233333333,-0.032098586666666665,-0.27082239999999996,-0.002896316666666665,0.3656236576576576,-0.13642712558558556,0.2459528552358843,0.11967080242177328,2.0,1.0,1.0,1.0,0.0,7.0,5.0,-12.0,682187.5,2024.0,0.989,0.427,-0.0374999999999999,1.3245,1.38,0.974,0.8320000000000001,-0.3816,1.6242,1.4268,-0.0166666666666667,0.0,0.6799819704105419,0.4701576439433583,-0.5187907774764917,1.3406974866403438,0.6423625406339694,0.2940180295894581,305.7,69.998,69.726,1.5848,68.4,50.0,26.4,68.94919999999999,56.931999999999995,3.026,False,,2.0,0.6799819704105419,0.6131471927654585,True,True,familiar,3.504981970410542,0,0,41.0,0,0,0,0,0.0,0.0,0.0,0.019112691822177945,0.0799633420751653,0.146398956359523,-2.6,-1.32,34,-7.5,-1.6,4.2,0.27290529235422945,0.2651548409934822,0.01720051649688161,0.10735075603678743,0.18260281799926106,0.6504136026763574,0.02861988800138231,0.17728456413224417,0.2937957024589082,0.08,0.6131471927654585,0.017481884107003236,0.10735075603678743,0.18260281799926106,0.40935793853134417,0.0,0.72,MEDIUM,0.28,421553.5132306277,0.0200192453421152,3300,3300,10,0.01982265579672302,0.02091306727076156,-0.0003265971351151427,False,False,OK,5.3
30911,"Fleetwood, Tommy",0.20394270833333333,0.58330375,0.6913583333333333,0.01291666666666666,1.1163177083333333,0.22415364583333336,0.3700522916666666,0.5753008333333334,0.12244166666666663,1.1701661458333332,0.11999999999999988,0.38139374999999986,0.21455695724361085,-0.04233333333333336,0.11292394115779406,0.5297804863112663,0.07590824253106736,0.7000000000000001,0.29999999999999993,3,8,21.571428571428573,5.0,0,1,2,0.875,1,0,1,1,40.0,10.0,0.0,3,1.3862943611198906,81.17886178861788,70.0,0.10172650493186658,0.2683257867348,0.47733984931812934,0.09796098401520402,-0.012592404871022589,0.39398615487102245,-0.10336849481981304,0.22581016148647967,0.054966167182125825,0.16918747865120753,0.6178861788617886,48,0.975609756097561,4,0.4715447154471545,66,0.3821138211382114,77,304.5,58.93,52.78,1.842,33.33,29.25,55.88,3.13,4.2,2.75,69.0,15.28,302.47,52,0.575,58.824333333333335,62,0.4875,66.67833333333333,118,0.020833333333333332,28.602083333333333,38,0.6916666666666667,64.78308333333332,98,0.19166666666666668,1.7545083333333336,107,0.11666666666666667,56.82733333333333,108,0.10416666666666667,22.56933333333333,115,0.04583333333333333,3.9604166666666667,114,0.058333333333333334,67.60833333333333,91,0.25,3.035416666666667,90,0.25833333333333336,4.013416666666667,115,0.05,-2.0,-2.5555555555555554,-1.625,-1.7222222222222223,0.6041666666666665,0.7357723577235772,-0.5985793094982854,0.9186991869918699,-1.1333586782748604,0.6585365853658537,-0.36202994823869994,0.573170731707317,-0.20568851174359737,0.21951219512195122,0.5821097638954241,-0.3594999999999999,0.6847546194724713,1.4400000000000002,1,0,3,1.0,3,True,4.0,WARM,4.176229508196721,24.1127868852459,71.16845901639344,63.253442622950814,67.84262295081966,26.77459016393442,2.6188524590163933,45.51032786885246,-0.1739245770833333,-0.25313236666666666,-0.12204599999999996,-0.006122083333333332,0.38813052927927916,-0.1555017592342342,0.2459528552358843,0.14217767404339485,4.0,1.0,0.0,0.25,0.0,24.5,14.0,-5.25,226672.99,2025.0,0.33575,0.5694999999999999,0.29025,0.204,1.19625,0.294,0.5750714285714285,0.2490714285714285,0.2949285714285714,1.1189285714285713,-0.1169,-0.0115,-0.0068190381708239,0.1923842214663642,-0.2662242630385487,-0.0329233560090703,-0.1114213435374149,0.3008190381708239,286.24285714285713,66.45785714285715,65.37785714285715,1.708357142857143,70.67857142857143,55.15928571428571,28.160714285714285,70.58628571428571,61.18857142857143,3.0507142857142853,False,,4.0,-0.0068190381708239,0.8982444017039272,True,True,experienced,0.38068096182917605,0,0,49.0,0,0,0,0,0.0,0.0,0.0,0.013315003626262083,0.04410436385637362,0.09186407200236071,-4.9,-3.62,4,-9.8,-3.2,4.3,0.19888489356258246,0.1796522590024367,0.011183372934712296,0.06315581115800531,0.12485084861463129,0.4751551892266983,0.018607980808435783,0.10429875733458654,0.20087665225119822,-0.008800997764823782,0.8982444017039272,0.011366311564276666,0.06315581115800531,0.12485084861463129,0.2983273403438737,0.0,0.82,LOW,0.18000000000000005,305896.9233740572,0.0243090836297114,2700,2700,6,0.015045483190269198,0.01587311030902468,-0.013405125229599224,False,False,OK,6.2
32102,"Fowler, Rickie",0.30004647058823525,0.328135294117647,-0.2789123529411765,0.505114705882353,0.34957058823529413,0.3012065294117647,0.2980747058823529,-0.2517446470588235,0.4685502941176471,0.34781941176470593,0.7842,0.739709411764706,0.37681046640405286,-0.03706666666666669,0.2734470995165372,-0.26577783348499184,0.6746070325907851,0.9,0.09999999999999998,5,8,51.8,13.0,0,0,0,0.625,3,0,1,1,40.0,10.0,0.0,60,4.110873864173311,81.17886178861788,70.0,0.0297489191475529,0.2683257867348,-0.3497056310740275,0.09796098401520402,0.3457232568936835,0.39398615487102245,0.24274013263116742,0.22581016148647967,0.13201905076055714,0.16918747865120753,0.5447154471544715,57,0.06504065040650407,116,0.6829268292682927,40,0.7479674796747967,32,302.3,71.43,68.06,1.776,50.0,28.25,82.61,2.94,3.98,3.5,69.0,19.44,302.47,64,0.4708333333333333,58.824333333333335,10,0.9208333333333333,66.67833333333333,51,0.5833333333333334,28.602083333333333,75,0.38333333333333336,64.78308333333332,8,0.9416666666666667,1.7545083333333336,72,0.4041666666666667,56.82733333333333,75,0.38333333333333336,22.56933333333333,86,0.2916666666666667,3.9604166666666667,83,0.31666666666666665,67.60833333333333,91,0.25,3.035416666666667,33,0.7291666666666666,4.013416666666667,46,0.625,-2.466666666666667,-2.0,-1.0625,-0.8235294117647058,1.2903186274509806,0.8699186991869918,-1.0652459761649522,0.7601626016260162,-0.577803122719305,0.35772357723577236,0.20047005176130006,0.21138211382113822,0.6930042987139191,0.056910569105691054,1.268261724679738,0.09309999999999993,0.20066555924389878,1.0,0,0,5,1.0,5,False,1.5,NEUTRAL,4.30628272251309,24.89753450737744,70.42854259876249,71.2063112803427,69.80541170871014,29.432712993812473,1.6311280342693955,57.90128510233223,-0.14009511176470588,0.11076764470588232,-0.2367070117647059,-0.023427514705882356,0.2845442289348172,-0.07687548887122418,0.2459528552358843,0.03859137369893287,3.0,1.0,0.0,0.3333333333333333,0.0,50.666666666666664,13.0,2.3333333333333335,183388.89,2025.0,-0.2833333333333334,-0.441,-0.0896666666666666,0.2313333333333333,-0.8130000000000001,-0.3615,-0.5863333333333335,-0.0931666666666666,0.11125,-1.04,-0.4690000000000002,-0.4689999999999999,-0.5399831825037708,-0.902841496085614,-0.0091097895568483,-0.1591050240609063,-1.4533010629892984,0.1784831825037707,290.4666666666667,59.08083333333334,57.98666666666666,1.7413333333333334,72.97916666666667,43.75,27.5,72.92916666666666,58.14833333333333,2.9775000000000005,False,,3.0,-0.5399831825037708,0.7737056144690831,True,True,experienced,-0.8066498491704374,0,0,9.0,0,0,1,0,0.0,0.0,0.0,0.009548164312534538,0.0391449174125481,0.0826481113929703,-2.4,-1.05,38,-7.1,-1.3,5.4,0.18807046404627753,0.16360250393234832,0.01088474817694849,0.05914279712963262,0.11774628209174395,0.4493627791022623,0.018111099966329123,0.0976714594082186,0.18944588061728962,-0.08,0.7737056144690831,0.01106280187561963,0.05914279712963262,0.11774628209174395,0.28210569606941627,0.0,0.695890294197356,MEDIUM,0.30410970580264396,288107.68704721227,0.0133461635614101,5000,5000,18,0.011115771556635567,0.011727231745040314,-0.003508269319260968,False,False,OK,3.9
29936,"Fox, Ryan",0.20318750000000002,0.36753,0.205475,0.3456375,0.583125,0.16955000000000003,0.20432428571428568,0.1768657142857143,0.3348242857142857,0.5506714285714285,0.388,0.38208571428571425,0.235567031499807,0.24933333333333332,0.1962653428536138,0.26489548344434233,0.32211242507910687,0.8,0.19999999999999996,4,3,23.5,20.0,0,0,0,0.6666666666666666,1,0,1,1,40.0,10.0,0.0,44,3.8066624897703196,81.17886178861788,70.0,-0.06400150102051433,0.2683257867348,0.07890473027051027,0.09796098401520402,-0.011900440585308203,0.39398615487102245,0.10901412422780601,0.22581016148647967,0.0003625213487924994,0.16918747865120753,0.42276422764227645,72,0.6422764227642277,45,0.4796747967479675,65,0.5772357723577236,53,316.6,55.36,58.33,1.833,80.0,27.5,80.0,3.13,3.98,3.0,68.0,16.67,302.47,13,0.8958333333333334,58.824333333333335,81,0.3333333333333333,66.67833333333333,104,0.1375,28.602083333333333,96,0.20416666666666666,64.78308333333332,9,0.9333333333333333,1.7545083333333336,102,0.15416666666666667,56.82733333333333,15,0.8833333333333333,22.56933333333333,110,0.0875,3.9604166666666667,106,0.12083333333333333,67.60833333333333,66,0.45416666666666666,3.035416666666667,90,0.25833333333333336,4.013416666666667,46,0.625,-1.75,-0.5333333333333333,-0.4666666666666667,-1.4375,0.18958333333333321,0.6341463414634146,-0.3485793094982854,0.14227642276422764,0.8888635439473617,0.21138211382113822,0.7963033850946334,0.44715447154471544,0.07903371047862495,0.42276422764227645,0.16752643056209082,-0.0553,0.24537386440559095,0.8,0,0,4,1.0,4,False,1.0,NEUTRAL,4.3197831978319785,24.754769647696477,70.58349051490517,64.47373983739837,67.69322493224932,27.364634146341462,2.1382113821138216,59.56747967479676,-0.09603241428571427,-0.07782091428571428,-0.12226742857142855,-0.016741214285714286,0.2613044787644787,-0.08463384478764477,0.2459528552358843,0.0153516235285944,2.0,1.0,0.0,0.5,0.0,23.5,20.0,-4.5,203953.125,2025.0,0.3884999999999999,0.106,-0.2014999999999999,1.1925,0.2935,0.337125,0.12,-0.164875,1.235375,0.292625,-0.2054999999999999,0.0,0.1804678571428571,-0.2093571428571428,-0.1785607142857143,0.8608749999999998,-0.2332821428571428,0.1566571428571428,299.9875,52.01,61.80500000000001,1.6845,70.90625,47.3225,27.78125,70.47225,56.98125,3.04875,False,,2.0,0.1804678571428571,0.6131471927654585,True,True,familiar,0.592967857142857,0,0,24.0,0,0,0,0,0.0,0.0,0.0,0.00779153836843582,0.04782231256545833,0.08940362673448601,-2.2,-0.91,41,-7.0,-1.1,4.9,0.17290570137678526,0.16291168598763098,0.00804528311149703,0.06929644291217545,0.116391560396089,0.4119870568759232,0.013386522528681158,0.11443971268716563,0.1872662241554004,0.016575336806402805,0.6131471927654585,0.008176888582893439,0.06929644291217545,0.116391560396089,0.2593585520651779,0.0,0.6750747700263461,MEDIUM,0.3249252299736539,292890.031095689,0.004507644646569,15000,15000,61,0.00637457190326226,0.006725226548970731,0.003520320514408797,False,False,OK,1.7
59018,"Gerard, Ryan",0.23085666666666665,0.9176866666666667,-0.2613533333333333,0.030896666666666683,0.8873033333333333,0.26732940476190475,0.6592358333333332,-0.0796752380952381,0.15093619047619053,0.8470652380952381,1.4576000000000002,1.1161904761904764,0.3232053585269245,0.2884,0.9079191665661447,-0.155386239810946,0.0654099598264365,0.9,0.09999999999999998,6,1,42.0,42.0,0,0,0,1.0,0,0,1,1,40.0,10.0,0.0,27,3.332204510175204,81.17886178861788,70.0,0.39091004659853323,0.2683257867348,-0.1776362221104421,0.09796098401520402,0.722204321319454,0.39398615487102245,-0.07487397101028914,0.22581016148647967,0.09814192611069722,0.16918747865120753,0.8780487804878049,16,0.25203252032520324,93,0.8943089430894309,14,0.43089430894308944,71,300.1,66.07,73.61,1.736,28.57,29.0,63.16,2.94,3.98,3.75,67.0,22.22,302.47,70,0.42083333333333334,58.824333333333335,23,0.8125,66.67833333333333,25,0.7958333333333333,28.602083333333333,44,0.6375,64.78308333333332,67,0.44583333333333336,1.7545083333333336,44,0.6416666666666667,56.82733333333333,114,0.058333333333333334,22.56933333333333,61,0.5,3.9604166666666667,70,0.42083333333333334,67.60833333333333,41,0.6625,3.035416666666667,33,0.7291666666666666,4.013416666666667,46,0.625,-1.625,-2.0,-1.25,-1.75,0.3125,0.5894308943089431,-0.22357930949828542,0.7601626016260162,-0.577803122719305,0.44308943089430897,0.012970051761300061,0.5894308943089431,-0.23346628952137505,0.3902439024390244,0.2904430972287576,0.17830000000000001,0.7649937382104076,0.5120000000000001,1,0,4,0.8,1,False,3.0,WARM,4.20740123750595,24.117439314612092,69.9522793907663,74.02283198476917,63.59352689195622,18.35102332222751,1.9171822941456451,40.12234650166588,-0.3098408416666666,0.03505710476190477,-0.35718095238095243,-0.007546809523809526,0.48825429858429853,-0.17911968867438866,0.2459528552358843,0.24230144334841422,1.0,1.0,0.0,0.0,0.0,42.0,42.0,0.0,81687.5,2025.0,0.252,0.558,-1.305,1.149,-0.496,0.252,0.558,-1.305,1.149,-0.496,0.0,0.0,0.0925170068027211,-0.0163095238095237,-1.2893979591836735,1.0759421768707482,-1.2504115646258502,0.1594829931972789,295.4,62.5,63.89,1.717,72.0,57.14,28.5,71.347,46.15,3.0,False,,1.0,0.0925170068027211,0.3868528072345416,True,True,rookie,0.04251700680272105,0,0,23.0,0,0,0,0,0.0,0.0,0.0,0.015731593172998486,0.0733395161291659,0.1398251967400167,-3.2,-1.93,19,-7.4,-1.7,5.0,0.27906156050353353,0.2595564488052833,0.015314385436960691,0.10483751791349658,0.18403026454533156,0.6654634835019784,0.02548156016682852,0.17313407333276185,0.2960923683336211,0.0,0.0,0.015564899544002782,0.10483751791349658,0.18403026454533156,0.4185923407553003,0.007223611549746826,0.72,MEDIUM,0.28,399603.0349584617,0.0103129445701806,6500,6500,28,0.013531575650890842,0.01427592522255576,0.005896008777354763,False,False,OK,3.2
25900,"Glover, Lucas",-0.32195,0.491425,0.310575,-0.609575,0.4793,-0.15727250000000004,0.5582194642857143,0.2625841071428572,-0.42285553571428575,0.66299,-0.10849999999999999,0.24793214285714285,-0.1327822445638177,-0.7130666666666666,0.5501906413787166,0.1864813768220425,-0.5043401865587784,0.55,0.44999999999999996,2,8,36.0,3.0,0,1,2,0.625,3,0,1,1,40.0,10.0,0.0,78,4.3694478524670215,81.17886178861788,70.0,0.28989367755091433,0.2683257867348,0.16462312312765315,0.09796098401520402,-0.1460540120138796,0.39398615487102245,-0.6486656972007654,0.22581016148647967,-0.32645997865120757,0.16918747865120753,0.8211382113821138,23,0.7886178861788617,27,0.42276422764227645,72,0.024390243902439025,121,284.3,67.86,59.72,1.744,55.56,28.0,65.52,3.06,4.05,3.0,70.0,18.06,302.47,112,0.075,58.824333333333335,17,0.8625,66.67833333333333,98,0.1875,28.602083333333333,84,0.30416666666666664,64.78308333333332,54,0.5583333333333333,1.7545083333333336,50,0.5916666666666667,56.82733333333333,64,0.4708333333333333,22.56933333333333,100,0.17083333333333334,3.9604166666666667,106,0.12083333333333333,67.60833333333333,109,0.1,3.035416666666667,69,0.42916666666666664,4.013416666666667,78,0.3541666666666667,0.5,-0.5294117647058824,-1.9166666666666667,-0.38461538461538464,-1.1359351432880846,0.028455284552845527,1.9014206905017146,0.13008130081300814,0.8927851125748126,0.7642276422764228,-0.6536966149053667,0.10569105691056911,1.1319183258632404,0.943089430894309,-1.1579920460593272,-0.005999999999999894,0.6805952369383802,0.0,0,0,2,0.6666666666666666,1,False,0.0,COLD,4.0,22.997777777777777,72.48488888888889,62.808888888888895,62.32444444444444,19.19111111111111,2.388888888888889,48.644444444444446,-0.26236314821428575,-0.11553700714285715,-0.07933828571428572,0.02114277678571429,0.24374947876447872,-0.13218691245173747,0.2459528552358843,-0.002203376471405588,3.0,1.0,0.3333333333333333,0.3333333333333333,0.0,34.0,3.0,-4.333333333333333,474817.46,2025.0,0.2673333333333333,-0.2486666666666666,0.9813333333333332,0.3663333333333333,1.0003333333333333,0.3408888888888889,-0.0206666666666666,1.1666666666666667,0.4967777777777777,1.487,0.0827499999999999,0.1654999999999999,0.4203053221288516,-0.734845413721044,1.1030100351251613,1.048969245475968,0.7734670090258324,-0.0794164332399626,286.1111111111111,71.42555555555555,63.58111111111111,1.660111111111111,70.41666666666667,58.518888888888895,26.944444444444443,70.0168888888889,60.26555555555555,3.0077777777777777,False,,3.0,0.4203053221288516,0.7737056144690831,True,True,experienced,1.2369719887955182,0,0,24.0,0,0,0,0,0.0,0.0,0.0,0.003181199045792835,0.026371044002784547,0.04973800866542752,-0.9,0.45,79,-5.0,0.2,5.8,0.11793720079379841,0.10684448846963038,0.0030927883641929136,0.0404910707174806,0.07569385711580688,0.2815306718435563,0.005146081317455036,0.06686903835997655,0.12178634572470125,0.08,0.7737056144690831,0.0031433804769822418,0.0404910707174806,0.07569385711580688,0.1769058011906976,0.0,0.5027316332987948,ELEVATED,0.4972683667012052,220947.47756511244,0.0038673542138177,17500,17500,70,0.0035019868938885694,0.0036946253945106685,-0.0005896247203431462,False,False,OK,1.6
59095,"Gotterup, Chris",0.6930499999999999,0.416775,0.4062450000000001,0.0003449999999999981,1.516095,0.6923164285714285,0.3814475,0.3864562142857143,0.007317642857142856,1.4602497857142858,1.3039999999999998,1.2485285714285714,0.7246171625585625,-0.6784000000000001,0.3401055614099619,0.5080142444855494,0.32093392873180737,0.9,0.09999999999999998,5,1,70.0,70.0,0,0,0,0.0,1,0,1,0,40.0,10.0,0.0,7,2.0794415416798357,81.17886178861788,70.0,0.11312171326519999,0.2683257867348,0.28849523027051027,0.09796098401520402,0.854542416557549,0.39398615487102245,-0.21849251862933683,0.22581016148647967,0.523128949920221,0.16918747865120753,0.6422764227642277,45,0.8861788617886179,15,0.9512195121951219,7,0.2682926829268293,91,319.1,44.64,63.89,1.761,60.0,28.75,69.23,3.0,4.13,3.5,69.0,19.44,302.47,7,0.95,58.824333333333335,113,0.0625,66.67833333333333,78,0.35833333333333334,28.602083333333333,54,0.5541666666666667,64.78308333333332,38,0.6916666666666667,1.7545083333333336,62,0.4875,56.82733333333333,54,0.5541666666666667,22.56933333333333,86,0.2916666666666667,3.9604166666666667,83,0.31666666666666665,67.60833333333333,91,0.25,3.035416666666667,51,0.5833333333333334,4.013416666666667,104,0.14166666666666666,-2.0625,-2.0625,-1.4545454545454546,-3.1666666666666665,-0.24810606060606055,0.7764227642276422,-0.6610793094982854,0.7967479674796748,-0.640303122719305,0.6056910569105691,-0.19157540278415452,0.9634146341463414,-1.6501329561880416,0.6585365853658537,-0.27016296337730294,-0.2334999999999999,0.7952210656225578,0.6400000000000001,1,1,4,0.8,1,True,6.0,HOT,4.632793907663018,26.286872917658265,69.82505568776774,70.62854355069014,66.22510709186103,25.06070442646359,1.8332936696811044,65.69062351261304,-0.179280325,-0.1700407342857143,-0.39952914285714286,-0.0003658821428571428,0.5330431119691119,-0.2013440222007722,0.2459528552358843,0.28709025673322763,0.0,1.0,0.0,0.4,0.0,40.0,40.0,0.0,0.0,0.0,0.0,0.0,0.0,0.0,0.0,0.0,0.0,0.0,0.0,0.0,0.0,0.0,0.0,0.0,0.0,0.0,0.0,0.0,0.0,0.0,0.0,0.0,0.0,0.0,0.0,0.0,0.0,0.0,False,,0.0,0.0,0.0,False,False,none,0.0,0,0,18.0,0,0,0,0,0.0,0.0,0.0,0.03627713448890535,0.12439536189507999,0.215875201850678,-4.6,-3.31,5,-8.6,-2.3,4.2,0.4036399718493838,0.382297256569657,0.03369717969667966,0.1734657454451393,0.278090393810705,0.9608686223916452,0.05606863660496878,0.28647026074579146,0.44742881567699083,0.0,0.0,0.034248401220801486,0.1734657454451393,0.278090393810705,0.6054599577740758,-0.0017650915227488684,0.82,LOW,0.18000000000000005,591458.5768270391,0.0147968335137373,4500,4500,17,0.025868453078098076,0.02729143385026327,0.022581095984350263,True,True,MODEL>>VEGAS,4.2
51977,"Greyserman, Max",-0.24972812500000002,0.10174687500000001,0.11546562500000002,0.42594687499999995,-0.032331250000000034,-0.18147000000000002,0.12561,0.11926,0.44097,0.06355999999999994,-0.39575000000000005,-0.2540625000000001,-0.26951547273477494,-0.4250666666666666,-0.009731300867611259,0.03572608090015802,0.6792943948847118,0.8,0.19999999999999996,4,1,70.0,70.0,0,0,0,0.0,1,0,1,0,40.0,10.0,0.0,54,4.007333185232471,81.17886178861788,70.0,-0.1427157867348,0.2683257867348,0.021299015984795985,0.09796098401520402,-0.6480486548710225,0.39398615487102245,0.2151598385135203,0.22581016148647967,-0.35065747865120755,0.16918747865120753,0.3252032520325203,84,0.5284552845528455,59,0.16260162601626016,104,0.7073170731707317,37,300.1,46.43,66.67,1.646,25.0,27.25,45.83,3.06,4.05,5.25,67.0,29.17,302.47,70,0.42083333333333334,58.824333333333335,111,0.08333333333333333,66.67833333333333,58,0.5208333333333334,28.602083333333333,101,0.1625,64.78308333333332,117,0.03333333333333333,1.7545083333333336,10,0.9208333333333333,56.82733333333333,116,0.041666666666666664,22.56933333333333,10,0.925,3.9604166666666667,6,0.9541666666666667,67.60833333333333,41,0.6625,3.035416666666667,69,0.42916666666666664,4.013416666666667,78,0.3541666666666667,-1.5714285714285714,-1.2941176470588236,-1.8333333333333333,-0.36363636363636365,0.3342882607588491,0.5528455284552846,-0.1700078809268568,0.4349593495934959,0.1280792302218714,0.7357723577235772,-0.5703632815720332,0.0975609756097561,1.1528973468422614,0.37398373983739835,0.3122313579876067,-0.31599999999999995,0.6939998576866827,0.0,0,0,3,0.6,3,False,0.0,COLD,4.68089430894309,27.376937669376694,71.36239024390245,66.1258265582656,65.02642276422765,19.548726287262873,2.2140921409214096,50.38482384823849,-0.0590367,-0.0524744,0.08130000000000004,-0.0220485,0.08268047297297294,-0.017129064864864853,0.2459528552358843,-0.16327238226291135,0.0,1.0,0.0,0.4,0.0,40.0,40.0,0.0,0.0,0.0,0.0,0.0,0.0,0.0,0.0,0.0,0.0,0.0,0.0,0.0,0.0,0.0,0.0,0.0,0.0,0.0,0.0,0.0,0.0,0.0,0.0,0.0,0.0,0.0,0.0,0.0,0.0,0.0,False,,0.0,0.0,0.0,False,False,none,0.0,0,0,18.0,0,0,0,0,0.0,0.0,0.0,0.003584071155104776,0.027103095948813362,0.054984334297236884,-0.7,0.6,83,-6.5,0.5,6.5,0.12865847372627987,0.11385189302387376,0.003780298133182105,0.04037958747830558,0.08050635395465752,0.30741391898652726,0.0062900267676916114,0.06668492920048054,0.12952933077193704,0.0,0.0,0.003842136593176811,0.04037958747830558,0.08050635395465752,0.1929877105894198,-0.0045198586391777444,0.48179943847168805,ELEVATED,0.518200561528312,227565.2381648589,0.0054020185843803,12500,12500,57,0.004300027904944512,0.004536565320229327,-0.0017091922120932006,False,False,OK,2.0
54591,"Griffin, Ben",-0.018685909090909086,0.11329136363636362,0.42675,0.29136136363636367,0.5212413636363636,0.004178136363636356,0.15379404545454542,0.40237500000000004,0.3118570454545454,0.5602490454545455,-0.24680000000000002,-0.14928818181818185,0.03334517324834202,0.02499999999999998,0.03290552534609522,0.45025278053687745,0.2083356637504154,0.9,0.09999999999999998,5,3,35.0,35.0,0,0,0,0.3333333333333333,2,0,1,1,40.0,10.0,0.0,13,2.6390573296152584,81.17886178861788,70.0,-0.11453174128025459,0.2683257867348,0.304414015984796,0.09796098401520402,-0.5432743366892043,0.39398615487102245,0.08604688396806573,0.22581016148647967,-0.1650093422875712,0.16918747865120753,0.34959349593495936,81,0.9024390243902439,13,0.2032520325203252,99,0.5609756097560976,55,291.3,57.14,65.28,1.745,33.33,29.5,56.0,3.13,4.14,3.5,68.0,22.22,302.47,101,0.16666666666666666,58.824333333333335,72,0.4041666666666667,66.67833333333333,68,0.44166666666666665,28.602083333333333,32,0.7416666666666667,64.78308333333332,96,0.20416666666666666,1.7545083333333336,52,0.5708333333333333,56.82733333333333,108,0.10416666666666667,22.56933333333333,61,0.5,3.9604166666666667,83,0.31666666666666665,67.60833333333333,66,0.45416666666666666,3.035416666666667,90,0.25833333333333336,4.013416666666667,109,0.1,-3.4705882352941178,-2.5,-1.1333333333333333,-1.4,1.7186274509803923,1.0,-2.0691675447924034,0.8983739837398373,-1.077803122719305,0.3902439024390244,0.12963671842796676,0.4349593495934959,0.11653371047862504,0.024390243902439025,1.6965705482091498,0.1661999999999999,0.5573581865803606,0.0,0,0,4,0.8,0,False,0.0,COLD,4.1368396001903855,24.282941456449308,70.65211185149928,70.45189909566874,64.2038648262732,18.326249405045218,1.943241313660162,60.66561161351736,-0.07228320136363635,-0.177045,0.04777221818181819,-0.01559285227272727,0.1728872211302211,-0.06220150179361178,0.2459528552358843,-0.07306563410566322,1.0,1.0,0.0,0.0,0.0,35.0,35.0,-4.0,114166.66,2023.0,-0.778,0.271,1.438,0.137,0.931,-0.778,0.271,1.438,0.137,0.931,0.0,0.0,-0.7717938995215311,-0.0192305980861243,1.023491052631579,-0.2686742822966507,0.222790980861244,-0.0062061004784689,291.8,42.85999999999999,61.10999999999999,1.773,71.0,75.0,28.0,70.931,71.43,2.8800000000000003,False,,1.0,-0.7717938995215311,0.3868528072345416,True,True,rookie,-0.6467938995215311,0,0,999.0,0,1,0,0,0.0,0.0,0.0,0.005859346825602574,0.033039452537631256,0.07093558921744546,-3.2,-1.89,20,-7.7,-1.8,5.3,0.1546563975664768,0.13980776024391797,0.006151652664036856,0.048195185240819255,0.09658664538884541,0.3695591430627828,0.01023571648561012,0.07959200963394635,0.15540144254663218,0.0,0.0,0.006252281956691654,0.048195185240819255,0.09658664538884541,0.23198459634971522,0.0,0.72,MEDIUM,0.28,256605.48197312106,0.0095866808680552,7000,7000,34,0.0072652528172298106,0.0076649023452717525,-0.003549537757449369,False,False,OK,3.1
31646,"Grillo, Emiliano",0.3165882352941176,0.4221274509803921,-0.17451862745098035,-0.2255186274509804,0.2954470588235294,0.12840558823529408,0.3973127450980392,-0.192821862745098,-0.05272186274509806,0.33302470588235294,0.3696666666666666,0.4556372549019607,-0.01871749365246228,-0.18680000000000002,0.4594413212560974,-0.10683874595793703,-0.23819137660158313,0.7000000000000001,0.29999999999999993,3,9,39.0,11.0,0,0,0,0.5555555555555556,4,0,1,1,40.0,10.0,0.0,113,4.736198448394496,81.17886178861788,70.0,0.1289869583632392,0.2683257867348,-0.290782846760302,0.09796098401520402,0.061651100030938266,0.39398615487102245,-0.27853202423157775,0.22581016148647967,-0.04078189041591346,0.16918747865120753,0.6829268292682927,40,0.10569105691056911,111,0.5284552845528455,59,0.21951219512195122,97,290.1,62.5,70.83,1.804,40.0,30.5,57.14,2.81,4.14,4.0,69.0,22.22,302.47,104,0.14166666666666666,58.824333333333335,40,0.6708333333333333,66.67833333333333,36,0.7083333333333334,28.602083333333333,4,0.9708333333333333,64.78308333333332,92,0.2375,1.7545083333333336,92,0.24166666666666667,56.82733333333333,100,0.175,22.56933333333333,61,0.5,3.9604166666666667,56,0.5375,67.60833333333333,91,0.25,3.035416666666667,6,0.9541666666666667,4.013416666666667,109,0.1,-2.875,-1.2352941176470589,-1.0,-1.1333333333333333,0.9884803921568628,0.9471544715447154,-1.4735793094982854,0.4186991869918699,0.18690275963363612,0.34552845528455284,0.26297005176130006,0.3170731707317073,0.38320037714529165,0.13008130081300814,0.9664234893856204,-0.0240000000000002,0.3861810488218393,0.0,0,0,3,0.6,1,False,0.0,COLD,3.704918032786885,21.399672131147536,71.99785245901639,69.19524590163934,59.056065573770496,30.7811475409836,2.30327868852459,47.377049180327866,-0.18673699019607842,0.08484161960784312,-0.14580392156862743,0.0026360931372549027,0.17902536301006886,-0.0726715249072602,0.2459528552358843,-0.06692749222581545,2.0,1.0,0.0,0.0,0.0,60.5,54.0,2.5,55125.0,2025.0,0.189,-0.2985,-0.2049999999999999,-0.345,-0.313,0.194,-0.3121111111111111,-0.2467777777777777,-0.3432222222222222,-0.3635555555555555,0.0899999999999999,0.0,0.0341476550134224,-0.6759317856697334,-0.0421364051693551,-0.3665175411595137,-0.6971366700526365,0.1598523449865776,291.6,57.73777777777778,65.43,1.7901111111111112,72.75,62.96111111111111,29.63888888888889,72.70633333333333,55.156666666666666,3.0,False,,2.0,0.0341476550134224,0.6131471927654585,True,True,familiar,-0.4783523449865775,0,0,56.0,0,0,0,0,0.0,0.0,0.0,0.003237568324027929,0.026742339979550177,0.05058059658416371,-0.5,0.77,90,-5.7,0.6,7.2,0.15741236832989636,0.12776329189819213,0.00356923130196029,0.04135571282721838,0.09410873805570838,0.37673384846058006,0.0059388332979216675,0.06829695284529902,0.15141465563094494,-0.047582700014688645,0.6131471927654585,0.003627617111571643,0.04135571282721838,0.09410873805570838,0.23611855249484454,0.0,0.5299246904478203,ELEVATED,0.4700753095521797,230198.38951639202,0.0027117702853861,25000,25000,88,0.003070638427092529,0.0032395491627608985,0.0006240389582510201,False,False,OK,1.2
57975,"Hall, Harry",-0.06820000000000001,0.08515,0.47572250000000005,1.02468,0.468545,0.006003999999999999,-0.008267999999999994,0.4563980000000001,1.003854,0.45407600000000004,-0.02024999999999999,-0.012779999999999993,0.10647343681720572,-0.04273333333333333,-0.16606631091890517,0.6279090354078222,1.0320134980042923,0.8,0.19999999999999996,4,2,70.0,70.0,0,0,0,0.0,2,0,1,0,40.0,10.0,0.0,56,4.04305126783455,81.17886178861788,70.0,-0.2765937867348,0.2683257867348,0.35843701598479605,0.09796098401520402,-0.40676615487102247,0.39398615487102245,0.7780438385135203,0.22581016148647967,-0.16318347865120753,0.16918747865120753,0.17073170731707318,103,0.926829268292683,10,0.2682926829268293,91,1.0,1,303.0,50.0,61.11,1.636,50.0,27.25,60.71,3.0,4.05,5.25,68.0,29.17,302.47,60,0.5041666666666667,58.824333333333335,102,0.15416666666666667,66.67833333333333,93,0.22916666666666666,28.602083333333333,101,0.1625,64.78308333333332,82,0.325,1.7545083333333336,6,0.9583333333333334,56.82733333333333,75,0.38333333333333336,22.56933333333333,10,0.925,3.9604166666666667,6,0.9541666666666667,67.60833333333333,66,0.45416666666666666,3.035416666666667,51,0.5833333333333334,4.013416666666667,78,0.3541666666666667,-2.9411764705882355,-1.6666666666666667,-1.8461538461538463,-2.25,0.2558446455505279,0.959349593495935,-1.539755780086521,0.6016260162601627,-0.24446978938597175,0.7479674796747967,-0.5831837943925462,0.8211382113821138,-0.733466289521375,0.4146341463414634,0.2337877427792855,0.0934,0.8820045911249169,1.6400000000000001,0,0,3,0.6,1,False,2.5,NEUTRAL,4.9004065040650415,27.766964769647704,69.80080216802169,68.63899728997292,71.44875338753388,29.30048780487805,1.8556910569105693,74.20867208672088,0.0038859599999999973,-0.20081512,0.004089599999999998,-0.0501927,0.2803477837837838,-0.0601586345945946,0.2459528552358843,0.03439492854789947,0.0,1.0,0.0,0.4,0.0,40.0,40.0,0.0,0.0,0.0,0.0,0.0,0.0,0.0,0.0,0.0,0.0,0.0,0.0,0.0,0.0,0.0,0.0,0.0,0.0,0.0,0.0,0.0,0.0,0.0,0.0,0.0,0.0,0.0,0.0,0.0,0.0,0.0,False,,0.0,0.0,0.0,False,False,none,0.0,0,0,9.0,0,0,1,0,0.0,0.0,0.0,0.0034794806102943047,0.028843695399147343,0.05440163732441761,-1.3,0.05,68,-5.6,0.3,6.0,0.15556768029487908,0.13092906940688354,0.0036533981103675684,0.04306701461728356,0.09420368083437243,0.372150907795206,0.006078878198927217,0.07112308470641482,0.15156741220204625,0.0,0.0,0.003713160728270545,0.04306701461728356,0.09420368083437243,0.2333515204423186,0.0,0.5190104510613456,ELEVATED,0.4809895489386544,235605.62224432844,0.0067391518973457,10000,10000,47,0.004615740811460512,0.0048696450709914945,-0.0031540897700898054,False,False,OK,2.4
27644,"Harman, Brian",-0.2665236111111111,-0.11537222222222221,-0.028355555555555557,-0.1831736111111111,-0.41041388888888886,-0.2188966666666667,-0.05255333333333334,0.011626666666666653,-0.13281666666666667,-0.25995333333333337,-0.6794999999999999,-0.5095333333333333,-0.3785244417460231,-0.40993333333333337,-0.17178907848318908,-0.06001083698724184,-0.08784376093595321,0.8,0.19999999999999996,4,9,32.42857142857143,2.0,0,2,3,0.7777777777777778,2,0,1,1,40.0,10.0,0.0,58,4.07753744390572,81.17886178861788,70.0,-0.32087912006813335,0.2683257867348,-0.08633431734853736,0.09796098401520402,-0.9035194882043558,0.39398615487102245,-0.35862682815314634,0.22581016148647967,-0.3880841453178743,0.16918747865120753,0.15447154471544716,105,0.37398373983739835,78,0.08130081300813008,114,0.17073170731707318,103,287.6,50.0,51.39,1.919,62.5,28.25,68.57,2.94,4.18,1.75,73.0,9.72,302.47,109,0.1,58.824333333333335,102,0.15416666666666667,66.67833333333333,120,0.008333333333333333,28.602083333333333,75,0.38333333333333336,64.78308333333332,39,0.6833333333333333,1.7545083333333336,119,0.016666666666666666,56.82733333333333,45,0.6291666666666667,22.56933333333333,120,0.008333333333333333,3.9604166666666667,120,0.008333333333333333,67.60833333333333,120,0.008333333333333333,3.035416666666667,33,0.7291666666666666,4.013416666666667,112,0.075,-1.1111111111111112,-0.5555555555555556,0.0,-0.9166666666666666,0.37500000000000006,0.36585365853658536,0.2903095793906034,0.17073170731707318,0.8666413217251394,0.13821138211382114,1.2629700517613,0.22764227642276422,0.5998670438119583,0.3252032520325203,0.35294309722875766,-0.4765,0.5798041389177667,0.0,0,0,4,0.8,4,False,0.0,COLD,2.9207317073170733,17.00888888888889,72.80762059620598,62.66523035230354,59.22257452574526,23.9179945799458,2.8651761517615175,57.37306233062331,0.02470006666666667,-0.005115733333333327,0.16305066666666668,0.006640833333333334,-0.15938036036036032,0.047366066666666665,0.2459528552358843,-0.40533321559624463,4.0,1.0,0.5,0.5,0.0,28.0,2.0,-7.5,723775.595,2024.0,0.6807500000000001,0.2399999999999999,0.072,0.83725,0.99375,0.6155,0.5642999999999999,0.0422999999999999,0.8168,1.2237000000000002,-0.1305000000000001,-0.0205,0.5678566604419546,0.4694025210084033,-0.0192487706193588,0.672927030812325,1.003843713040772,0.0476433395580454,283.02,68.393,71.249,1.6753,69.775,37.572,28.275,69.9597,53.687,3.014,False,,4.0,0.5678566604419546,0.8982444017039272,True,True,experienced,1.8678566604419546,0,0,50.0,0,0,0,0,0.0,0.0,0.0,0.00530748155433502,0.025499816085621713,0.054450638092734246,-0.5,0.77,90,-5.8,0.0,6.9,0.11384605683970256,0.1068229481879882,0.005159722102425194,0.034663097706149754,0.07065535185776467,0.27210314054416573,0.008585246188184991,0.05724442374865322,0.1136797282702247,0.08,0.8982444017039272,0.005244125304917067,0.034663097706149754,0.07065535185776467,0.17076908525955384,0.0,0.553810590467848,ELEVATED,0.446189409532152,228591.32616682968,0.0038673542138177,17500,17500,71,0.004761210071215726,0.005023116353865286,0.0016011778007769474,False,False,OK,1.6
34098,"Henley, Russell",0.166521875,0.6780312500000001,0.341090625,0.455603125,1.1858718750000001,0.15353000000000003,0.6727500000000001,0.36406,0.41562000000000004,1.19056,0.8940000000000001,0.8658750000000002,0.21420436638343504,-0.3196,0.5537084956723582,0.3667292005719952,0.39749665997866473,0.8,0.19999999999999996,4,9,24.25,13.0,0,0,0,0.4444444444444444,5,0,1,1,40.0,10.0,0.0,6,1.9459101490553132,81.17886178861788,70.0,0.40442421326520006,0.2683257867348,0.26609901598479596,0.09796098401520402,0.4718888451289777,0.39398615487102245,0.18980983851352037,0.22581016148647967,-0.015657478651207507,0.16918747865120753,0.8861788617886179,15,0.8455284552845529,20,0.8048780487804879,25,0.6666666666666666,42,294.0,71.43,56.94,1.707,66.67,25.75,83.87,3.06,3.95,3.75,68.0,20.83,302.47,90,0.25416666666666665,58.824333333333335,10,0.9208333333333333,66.67833333333333,110,0.0875,28.602083333333333,119,0.016666666666666666,64.78308333333332,7,0.95,1.7545083333333336,31,0.7458333333333333,56.82733333333333,33,0.7333333333333333,22.56933333333333,74,0.39166666666666666,3.9604166666666667,70,0.42083333333333334,67.60833333333333,66,0.45416666666666666,3.035416666666667,69,0.42916666666666664,4.013416666666667,33,0.7291666666666666,-3.4,-1.6666666666666667,-1.2941176470588236,-2.066666666666667,0.8529411764705879,0.991869918699187,-1.9985793094982853,0.6016260162601627,-0.24446978938597175,0.4878048780487805,-0.031147595297523534,0.7398373983739838,-0.5501329561880419,0.16260162601626016,0.8308842736993455,-0.11020000000000012,0.7810534197124064,1.4096000000000002,0,0,4,0.8,1,False,2.5,NEUTRAL,4.617208672086722,25.951300813008135,69.75818970189702,67.34737127371275,75.7118428184282,38.75338753387534,1.4776422764227644,61.507940379403806,-0.3161925,-0.16018639999999998,-0.27708000000000005,-0.020781,0.5945998648648648,-0.21661027027027027,0.2459528552358843,0.34864700962898054,3.0,1.0,0.0,0.6666666666666666,0.0,20.666666666666668,13.0,-5.0,255324.07666666663,2025.0,0.1629999999999999,1.3019999999999998,0.0953333333333333,0.0459999999999999,1.5603333333333331,0.2978999999999999,1.0538,0.2536,-0.0636999999999999,1.6052999999999995,0.2890714285714287,0.5800000000000001,0.190409193121693,0.3120598544973545,-0.0258582671957671,-0.2545652777777777,0.4550820767195764,0.1074908068783068,284.2,65.178,72.642,1.7578,70.875,43.0,29.575,70.4586,53.30800000000001,3.0589999999999997,False,,3.0,0.190409193121693,0.7737056144690831,True,True,experienced,0.6737425264550263,0,0,6.0,0,0,1,0,0.0,0.0,0.0,0.011876295976183674,0.0689916202228665,0.15141212255624542,-4.2,-2.87,7,-8.8,-2.4,3.6,0.3299722440156728,0.30089421373403136,0.012072669781407449,0.09884996205294329,0.2039055447632749,0.7887895497126216,0.0200876791742966,0.16324591539010241,0.32807036285297153,0.026933971075838094,0.7737056144690831,0.012270155609510228,0.09884996205294329,0.2039055447632749,0.49495836602350923,0.0,0.82,LOW,0.18000000000000005,403359.05301708577,0.0243090836297114,2700,2700,7,0.016118753012552858,0.017005418927166907,-0.012072412791446158,False,False,OK,6.2
54421,"Higgo, Garrick",0.20325,-0.28430000000000005,-0.03245000000000001,0.16154999999999994,-0.11382500000000002,0.19677321428571432,-0.2344078571428572,0.01397392857142857,0.4687167857142856,-0.023839464285714308,-0.13350000000000004,-0.06648214285714289,0.14050492116536872,-0.03586666666666673,-0.10101724907447822,-0.04969856021815573,0.39180016030422654,0.55,0.44999999999999996,2,3,44.0,44.0,0,0,0,0.3333333333333333,2,0,1,1,40.0,10.0,0.0,74,4.31748811353631,81.17886178861788,70.0,-0.5027336438776572,0.2683257867348,-0.08398705544377545,0.09796098401520402,-0.46046829772816533,0.39398615487102245,0.24290662422780593,0.22581016148647967,0.02758573563450678,0.16918747865120753,0.08130081300813008,114,0.3902439024390244,76,0.22764227642276422,96,0.7560975609756098,31,295.9,58.93,68.06,1.857,83.33,28.75,86.96,3.06,3.91,2.25,67.0,12.5,302.47,88,0.2708333333333333,58.824333333333335,62,0.4875,66.67833333333333,51,0.5833333333333334,28.602083333333333,54,0.5541666666666667,64.78308333333332,5,0.9666666666666667,1.7545083333333336,112,0.07083333333333333,56.82733333333333,11,0.9125,22.56933333333333,118,0.020833333333333332,3.9604166666666667,118,0.025,67.60833333333333,41,0.6625,3.035416666666667,69,0.42916666666666664,4.013416666666667,17,0.8625,-1.1578947368421053,-1.0555555555555556,-1.3333333333333333,0.3,0.5900584795321637,0.3943089430894309,0.24352595365960927,0.2967479674796748,0.3666413217251394,0.532520325203252,-0.0703632815720332,0.04878048780487805,1.816533710478625,0.25203252032520324,0.5680015767609213,0.27999999999999986,0.38873012632302006,0.0,0,0,2,0.4,1,False,0.0,COLD,2.805555555555556,15.584444444444443,71.79433333333334,65.58888888888889,79.58666666666666,9.875555555555556,1.6944444444444442,68.51666666666667,0.11017169285714287,-0.006148528571428571,0.021274285714285725,-0.02343583928571428,-0.012410637065637095,0.03544401525096526,0.2459528552358843,-0.2583634923015214,1.0,1.0,0.0,0.0,0.0,44.0,44.0,-3.0,75035.71,2023.0,0.314,0.494,0.502,-0.491,1.309,0.314,0.494,0.502,-0.4909999999999999,1.309,0.0,0.0,0.1141350237064522,0.6193004535147393,0.5418320964749536,-0.7775902906617191,1.2749977324263038,0.1998649762935477,299.0,58.93,68.06,1.776,71.25,0.0,29.0,71.181,52.169999999999995,2.94,False,,1.0,0.1141350237064522,0.3868528072345416,True,True,rookie,0.014135023706452116,0,0,40.0,0,0,0,0,0.0,0.0,0.0,0.0012399879980371994,0.010279073264029,0.01938719737545674,-0.3,1.05,97,-5.5,0.2,7.5,0.10261369360453575,0.0769200165775532,0.0013019697246619334,0.01882095435027825,0.056908563102213476,0.24620741078734074,0.0021663435343799472,0.0310818927758508,0.09156206599511278,0.0,0.0,0.0013232674635958342,0.01882095435027825,0.056908563102213476,0.1539205404068036,0.0,0.4506887463137904,ELEVATED,0.5493112536862096,176596.59872014448,0.0027117702853861,25000,25000,91,0.0017266143739345526,0.0018215925718049586,-0.0014341560354710781,False,False,OK,1.2
60067,"Highsmith, Joe",-0.10076704545454544,-0.3678079545454545,-0.3631659090909091,-0.18736931818181818,-0.8318397727272727,-0.09835909090909088,-0.3201009090909091,-0.2928418181818182,-0.1315136363636364,-0.7113445454545455,-0.60375,-0.5265636363636363,-0.08539703741387467,-0.1867333333333333,-0.2550483832053919,-0.4386516740791231,-0.06480882146623038,0.8,0.19999999999999996,4,1,20.0,20.0,0,0,0,1.0,0,0,1,1,40.0,10.0,0.0,132,4.890349128221754,81.17886178861788,70.0,-0.5884266958257092,0.2683257867348,-0.39080280219702224,0.09796098401520402,-0.9205497912346587,0.39398615487102245,-0.35732379785011603,0.22581016148647967,-0.26754656956029843,0.16918747865120753,0.07317073170731707,115,0.04878048780487805,118,0.07317073170731707,115,0.17886178861788618,102,311.1,50.0,59.72,1.814,44.44,29.5,44.83,3.31,4.23,3.25,70.0,19.44,302.47,32,0.7416666666666667,58.824333333333335,102,0.15416666666666667,66.67833333333333,98,0.1875,28.602083333333333,32,0.7416666666666667,64.78308333333332,118,0.025,1.7545083333333336,96,0.20833333333333334,56.82733333333333,88,0.2708333333333333,22.56933333333333,86,0.2916666666666667,3.9604166666666667,95,0.2125,67.60833333333333,109,0.1,3.035416666666667,115,0.04583333333333333,4.013416666666667,118,0.020833333333333332,-0.21052631578947367,0.3684210526315789,0.08333333333333333,0.375,0.15021929824561403,0.10569105691056911,1.190894374712241,0.028455284552845527,1.790617929912274,0.11382113821138211,1.3463033850946333,0.032520325203252036,1.891533710478625,0.43089430894308944,0.12816239547437164,-0.01010000000000003,0.21602468994692867,0.0,0,0,3,0.6,2,False,0.0,COLD,3.6619241192411924,21.353604336043364,72.53981842818428,62.92769647696478,50.14056910569107,25.668807588075886,3.7662601626016268,45.38612466124662,0.15044742727272728,0.1288504,0.16850036363636361,0.006575681818181819,-0.3323725307125307,0.12567109434889434,0.2459528552358843,-0.578325385948415,1.0,1.0,0.0,1.0,0.0,20.0,20.0,-4.0,240250.0,2025.0,0.055,0.401,0.25,0.948,0.705,0.055,0.4009999999999999,0.25,0.948,0.705,0.0,0.0,0.0641957575757575,0.5701109090909091,0.3745551515151515,1.0376369696969698,1.0078478787878788,-0.0091957575757575,292.3,60.71,59.720000000000006,1.791,71.0,100.0,27.5,70.347,75.86,3.0,False,,1.0,0.0641957575757575,0.3868528072345416,True,True,rookie,0.5641957575757575,0,0,67.0,0,0,0,0,0.0,0.0,0.0,0.0035708444678343985,0.011540966533052695,0.030403739160958072,1.1,2.37,123,-4.1,0.5,7.2,0.07618389772046616,0.06611126473471651,0.003780298133182105,0.016052219268604066,0.043384800383086834,0.18263365425457623,0.0062900267676916114,0.02650946114822394,0.06980323767314525,0.0,0.0,0.003842136593176811,0.016052219268604066,0.043384800383086834,0.11427584658069924,-0.008192881461082907,0.4980473996245379,ELEVATED,0.5019526003754621,184779.23675789192,0.0006799743672646,100000,100000,123,0.0018737560858407146,0.0019768283056533606,0.002999223966555552,False,False,OK,0.4
51287,"Hisatsune, Ryo",0.3706466666666667,0.5142833333333333,0.20027,0.11617333333333332,1.0855200000000003,0.34793783333333334,0.5008911666666667,0.2417855,-0.0012838333333333417,1.0908240000000002,1.0354,0.9796900000000002,0.46855660888683986,-0.04759999999999992,0.5741648725292463,0.1288940166477242,-0.1409589425290947,0.9,0.09999999999999998,6,2,70.0,70.0,0,0,0,0.0,2,0,1,0,40.0,10.0,0.0,65,4.189654742026425,81.17886178861788,70.0,0.23256537993186666,0.2683257867348,0.14382451598479595,0.09796098401520402,0.5857038451289778,0.39398615487102245,-0.22709399481981302,0.22581016148647967,0.1787503546821258,0.16918747865120753,0.7886178861788617,27,0.7398373983739838,33,0.8455284552845529,20,0.2601626016260163,92,300.5,73.21,70.83,1.824,44.44,30.0,52.38,3.13,4.15,3.0,71.0,18.06,302.47,68,0.44166666666666665,58.824333333333335,4,0.9708333333333333,66.67833333333333,36,0.7083333333333334,28.602083333333333,16,0.8708333333333333,64.78308333333332,107,0.11666666666666667,1.7545083333333336,100,0.175,56.82733333333333,88,0.2708333333333333,22.56933333333333,100,0.17083333333333334,3.9604166666666667,106,0.12083333333333333,67.60833333333333,116,0.0375,3.035416666666667,90,0.25833333333333336,4.013416666666667,111,0.08333333333333333,-2.5625,-2.7222222222222223,-1.0769230769230769,-1.2307692307692308,1.4885149572649574,0.8861788617886179,-1.1610793094982854,0.9471544715447154,-1.3000253449415273,0.3699186991869919,0.1860469748382232,0.37398373983739835,0.2857644797093941,0.032520325203252036,1.466458054493715,-0.08259999999999998,0.7660896971218718,0.9216000000000002,1,0,4,0.8,2,True,4.0,WARM,4.339362208472156,25.483169919086155,70.83624083769632,71.93326511185151,58.809814374107575,23.78436934792956,2.7502379819133744,43.88138981437411,-0.23541884833333332,-0.10638561999999999,-0.3135008000000001,6.419166666666708e-05,0.46589340540540536,-0.1813514710810811,0.2459528552358843,0.21994055016952105,0.0,1.0,0.0,0.4,0.0,40.0,40.0,0.0,0.0,0.0,0.0,0.0,0.0,0.0,0.0,0.0,0.0,0.0,0.0,0.0,0.0,0.0,0.0,0.0,0.0,0.0,0.0,0.0,0.0,0.0,0.0,0.0,0.0,0.0,0.0,0.0,0.0,0.0,False,,0.0,0.0,0.0,False,False,none,0.0,0,0,33.0,0,0,0,0,0.0,0.0,0.0,0.013359466108481422,0.06073657088140211,0.11545833576045228,-1.6,-0.31,58,-6.5,-0.7,5.1,0.23097545733318303,0.2142469333241773,0.01362481690552642,0.08710064553573912,0.15249828726185,0.5507699651197455,0.022670292136064706,0.1438424893267544,0.24535952906300107,0.0,0.0,0.013847692897171653,0.08710064553573912,0.15249828726185,0.34646318599977455,0.0,0.6491479674350251,MEDIUM,0.3508520325649749,353092.7940311792,0.0067391518973457,10000,10000,51,0.010350768529169161,0.01092014716768585,0.007025694454772462,False,False,OK,2.4
54628,"Hodges, Lee",0.22256346153846154,0.3965942307692308,-0.09856153846153845,0.5968461538461539,0.5205961538461539,0.15325221153846155,0.4376229807692308,0.017133461538461535,0.5131461538461539,0.6080086538461538,0.653,0.6094884615384615,0.19892128258707137,0.21186666666666665,0.48783438273125856,0.03637696990284349,0.41193384571694147,0.55,0.44999999999999996,2,3,52.5,35.0,0,0,0,0.6666666666666666,1,0,1,1,40.0,10.0,0.0,133,4.897839799950911,81.17886178861788,70.0,0.16929719403443078,0.2683257867348,-0.08082752247674249,0.09796098401520402,0.21550230666743903,0.39398615487102245,0.2873359923596742,0.22581016148647967,-0.015935267112745982,0.16918747865120753,0.7398373983739838,33,0.3983739837398374,75,0.6341463414634146,46,0.8130081300813008,24,298.4,66.07,68.06,1.837,42.86,30.25,52.17,3.19,4.05,4.0,67.0,23.61,302.47,76,0.375,58.824333333333335,23,0.8125,66.67833333333333,51,0.5833333333333334,28.602083333333333,9,0.9291666666666667,64.78308333333332,109,0.09583333333333334,1.7545083333333336,104,0.1375,56.82733333333333,94,0.225,22.56933333333333,48,0.6083333333333333,3.9604166666666667,56,0.5375,67.60833333333333,41,0.6625,3.035416666666667,105,0.13333333333333333,4.013416666666667,78,0.3541666666666667,-1.8421052631578947,-1.0526315789473684,-3.6,-2.1,-1.4026315789473687,0.6869918699186992,-0.4406845726561801,0.2845528455284553,0.36956529833332663,0.9715447154471545,-2.3370299482387002,0.7682926829268293,-0.5834662895213751,0.967479674796748,-1.4246884817186112,0.44099999999999995,0.8798674142543674,0.8,0,0,2,0.5,2,False,1.0,NEUTRAL,4.0,22.99222222222222,69.53744444444445,71.14444444444445,66.0188888888889,30.599999999999998,2.5,68.25555555555556,-0.20568280096153846,-0.0075387230769230745,-0.19503630769230768,-0.025657307692307698,0.37802928274428277,-0.12034733669438669,0.2459528552358843,0.13207642750839846,2.0,1.0,0.0,0.0,0.0,52.5,35.0,1.5,80142.85500000001,2024.0,0.044,-0.2724999999999999,0.0415,-0.375,-0.1855,-0.012,-0.1333333333333333,-0.0366666666666666,0.0669999999999999,-0.18,-0.1679999999999999,0.0,-0.1667176853647442,-0.5639634178457708,0.0345991524815054,-0.2077153151859034,-0.7167725825372885,0.1547176853647442,287.43333333333334,70.23666666666666,63.89000000000001,1.7463333333333333,71.75,52.379999999999995,28.916666666666668,72.11333333333333,53.333333333333336,3.0033333333333334,False,,2.0,-0.1667176853647442,0.6131471927654585,True,True,familiar,-0.4792176853647442,0,0,40.0,0,0,0,0,0.0,0.0,0.0,0.006306015703813586,0.031181459590248175,0.07124799208914484,-0.4,0.92,93,-5.3,-0.1,6.4,0.1679162483099751,0.1455767761769553,0.007044142455915761,0.04716375749941352,0.10205125332239605,0.40163939900029344,0.011720727583421171,0.07788865677161197,0.1641936306633924,-0.06015134632382121,0.6131471927654585,0.007159371177596102,0.04716375749941352,0.10205125332239605,0.25187437246496264,0.0,0.521713507634257,ELEVATED,0.47828649236574305,258667.01389885286,0.0013585915002633,50000,50000,105,0.00347776072627783,0.003669066585532111,0.005138774229189869,False,False,OK,0.7
51696,"Hoey, Rico",0.374184375,0.56165,-0.234303125,-0.79201875,0.70169375,0.43981,0.60442,-0.18158000000000002,-0.8061400000000001,0.86278,0.64425,0.8109624999999999,0.3658100151544531,-0.6296666666666667,0.7361823382813149,-0.22478199297286122,-0.6190691532502822,0.8,0.19999999999999996,4,1,33.0,33.0,0,0,0,1.0,0,0,1,1,40.0,10.0,0.0,80,4.394449154672439,81.17886178861788,70.0,0.33609421326519995,0.2683257867348,-0.27954098401520405,0.09796098401520402,0.41697634512897747,0.39398615487102245,-1.0319501614864797,0.22581016148647967,0.27062252134879244,0.16918747865120753,0.8699186991869918,17,0.12195121951219512,109,0.7479674796747967,32,0.008130081300813009,123,302.3,57.14,68.06,1.837,63.64,29.25,65.22,3.13,4.06,3.0,67.0,18.06,302.47,64,0.4708333333333333,58.824333333333335,72,0.4041666666666667,66.67833333333333,51,0.5833333333333334,28.602083333333333,38,0.6916666666666667,64.78308333333332,55,0.55,1.7545083333333336,104,0.1375,56.82733333333333,40,0.675,22.56933333333333,100,0.17083333333333334,3.9604166666666667,106,0.12083333333333333,67.60833333333333,41,0.6625,3.035416666666667,90,0.25833333333333336,4.013416666666667,87,0.2791666666666667,-1.0526315789473684,-0.4666666666666667,-1.4,-2.1,-0.9903508771929825,0.34146341463414637,0.3487891115543462,0.12195121951219512,0.9555302106140283,0.573170731707317,-0.13702994823869985,0.7682926829268293,-0.5834662895213751,0.9105691056910569,-1.012407779964225,-0.01920000000000005,0.5411418179370187,0.0,0,0,2,0.4,0,False,0.0,COLD,3.4200542005420056,20.08970189701897,71.6119864498645,68.67333333333335,63.8619512195122,12.118157181571817,2.5542005420054203,58.548509485094854,-0.2840774,0.0798952,-0.259508,0.04030700000000001,0.21348817567567563,-0.1271272108108108,0.2459528552358843,-0.03246467956020868,1.0,1.0,0.0,0.0,0.0,33.0,33.0,-2.0,136250.0,2025.0,1.654,1.193,0.088,-1.782,2.936,1.654,1.193,0.088,-1.782,2.936,0.0,0.0,1.2003624999999998,0.6600641025641026,0.2216112179487179,-1.2253301282051283,2.082896794871795,0.4536375000000001,297.1,75.0,68.06,1.857,71.5,33.33,31.0,70.847,52.17,3.19,False,,1.0,1.2003624999999998,0.3868528072345416,True,True,rookie,1.3753624999999998,0,0,999.0,0,1,0,0,0.0,0.0,0.0,0.0083598777646857,0.032588039786302106,0.07630706946607906,-1.7,-0.36,56,-5.3,-0.7,5.9,0.17823184689063,0.15777040787998253,0.008818262477050394,0.046222241998457946,0.10622660785853616,0.4266071169014973,0.01467268058524461,0.07633378961116588,0.17091149642472603,0.0,0.0,0.008962512415070727,0.046222241998457946,0.10622660785853616,0.26734777033594503,-0.005132029109495272,0.5475618620563377,ELEVATED,0.4524381379436623,273338.2871082762,0.0038673542138177,17500,17500,80,0.006255713983538854,0.006599830451882202,0.004746196059746941,False,False,OK,1.6
35532,"Hoge, Tom",-0.34036875,0.343884375,-0.35114062500000004,0.47960312499999996,-0.3476906249999999,-0.38711999999999996,0.35451999999999995,-0.27635000000000004,0.44417,-0.30904,0.10075000000000006,0.04515000000000008,-0.30702625962239544,0.21099999999999997,0.3242259123241481,-0.20159561931723446,0.33607038930248295,0.8,0.19999999999999996,4,7,31.0,3.0,0,2,2,1.0,0,0,1,1,40.0,10.0,0.0,98,4.59511985013459,81.17886178861788,70.0,0.08619421326519994,0.2683257867348,-0.3743109840152041,0.09796098401520402,-0.3488361548710224,0.39398615487102245,0.21835983851352034,0.22581016148647967,-0.5563074786512074,0.16918747865120753,0.6097560975609756,49,0.056910569105691054,117,0.3089430894308943,86,0.7154471544715447,36,303.5,55.36,65.28,1.766,50.0,29.0,60.0,3.13,3.96,3.75,67.0,22.22,302.47,57,0.5291666666666667,58.824333333333335,81,0.3333333333333333,66.67833333333333,68,0.44166666666666665,28.602083333333333,44,0.6375,64.78308333333332,85,0.3,1.7545083333333336,68,0.44166666666666665,56.82733333333333,75,0.38333333333333336,22.56933333333333,61,0.5,3.9604166666666667,70,0.42083333333333334,67.60833333333333,41,0.6625,3.035416666666667,90,0.25833333333333336,4.013416666666667,40,0.675,-0.13333333333333333,0.3684210526315789,-1.3333333333333333,-0.2,-0.8842105263157894,0.08943089430894309,1.2680873571683813,0.028455284552845527,1.790617929912274,0.532520325203252,-0.0703632815720332,0.07317073170731707,1.316533710478625,0.8699186991869918,-0.9062674290870318,0.1074,0.8683917942898947,0.0,0,0,2,0.4,0,False,0.0,COLD,4.6063685636856375,27.03723577235773,70.69055013550137,66.81463414634148,63.415501355013554,32.97647696476965,1.9728997289972903,38.97864498644987,-0.16662439999999998,0.12159400000000001,-0.014448000000000027,-0.0222085,0.12330027027027025,-0.028292859459459457,0.2459528552358843,-0.12265258496561406,5.0,1.0,0.4,0.4,0.0,23.0,3.0,-6.0,618715.078,2025.0,-0.1686,1.5364,0.0517999999999999,0.1758,1.4198,-0.2716,1.7656,-0.0998666666666666,0.3502666666666666,1.3947333333333334,-0.1545,-1.1245,-0.038679320324621,1.1697173902016949,0.0691778807136889,0.0081935299558419,1.2117035102637546,-0.2329206796753789,289.52000000000004,63.92866666666667,64.44466666666666,1.6736666666666666,70.35,51.958666666666666,27.316666666666663,70.25546666666666,63.763333333333335,2.991333333333334,False,,5.0,-0.038679320324621,1.0,True,True,veteran,1.1863206796753791,0,0,999.0,0,1,0,0,0.0,0.0,0.0,0.0020826019748369485,0.017264052807806504,0.03256145672747766,-0.8,0.51,81,-6.0,-0.1,6.7,0.13905110913911245,0.11001986464683475,0.0020737637831984295,0.030123046183871145,0.0796358020726172,0.3332804664976424,0.0034505293621399104,0.049746748976905224,0.12812867110790055,0.05446062923172756,1.0,0.002107686599396484,0.030123046183871145,0.0796358020726172,0.20857666370866867,0.0,0.4364864279361763,HIGH,0.5635135720638237,203942.3491913852,0.0038673542138177,17500,17500,72,0.0027162536463251116,0.0028656702619756524,-0.0017215576704925858,False,False,OK,1.6
52453,"Højgaard, Nicolai",0.4546375,0.7029687500000001,0.30799375,0.35683124999999993,1.1191499999999999,0.39851000000000003,0.7427000000000001,-0.239875,0.36493999999999993,1.06247,1.202,1.176725,0.5281948358630697,-0.10313333333333341,0.7460892715713798,0.08574160013021984,0.4099421982297755,0.8,0.19999999999999996,4,2,70.0,70.0,0,0,0,0.0,2,0,1,0,40.0,10.0,0.0,52,3.970291913552122,81.17886178861788,70.0,0.47437421326520013,0.2683257867348,-0.33783598401520404,0.09796098401520402,0.7827388451289776,0.39398615487102245,0.13912983851352026,0.22581016148647967,0.2293225213487925,0.16918747865120753,0.9186991869918699,11,0.07317073170731707,115,0.9186991869918699,11,0.6097560975609756,49,313.9,62.5,70.83,1.647,62.5,27.75,52.38,2.94,3.95,5.0,65.0,29.17,302.47,19,0.8458333333333333,58.824333333333335,40,0.6708333333333333,66.67833333333333,36,0.7083333333333334,28.602083333333333,92,0.2375,64.78308333333332,107,0.11666666666666667,1.7545083333333336,12,0.9083333333333333,56.82733333333333,45,0.6291666666666667,22.56933333333333,10,0.925,3.9604166666666667,14,0.8916666666666667,67.60833333333333,13,0.8958333333333334,3.035416666666667,33,0.7291666666666666,4.013416666666667,33,0.7291666666666666,-1.8421052631578947,-1.9411764705882353,-1.9166666666666667,-2.0,-0.06669246646026838,0.6869918699186992,-0.4406845726561801,0.7317073170731707,-0.5189795933075403,0.7642276422764228,-0.6536966149053667,0.7073170731707317,-0.48346628952137505,0.5203252032520326,-0.08874936923151078,-0.2481000000000002,0.3112474899497183,1.512,1,0,4,1.0,4,True,4.5,WARM,4.018970189701897,23.71818428184282,69.89464227642276,70.00398373983741,65.46433604336043,33.51620596205963,2.0210027100271004,58.48070460704607,-0.3490690000000001,0.105545,-0.376552,-0.018246999999999996,0.5214544594594595,-0.1792385945945946,0.2459528552358843,0.27550160422357517,0.0,1.0,0.0,0.4,0.0,40.0,40.0,0.0,0.0,0.0,0.0,0.0,0.0,0.0,0.0,0.0,0.0,0.0,0.0,0.0,0.0,0.0,0.0,0.0,0.0,0.0,0.0,0.0,0.0,0.0,0.0,0.0,0.0,0.0,0.0,0.0,0.0,0.0,False,,0.0,0.0,0.0,False,False,none,0.0,0,0,6.0,0,0,1,0,0.0,0.0,0.0,0.013314430162536778,0.059750886057328756,0.13181717386279912,-1.8,-0.46,54,-7.2,-1.4,5.3,0.29460863034726953,0.264428789423288,0.01362481690552642,0.08558776463641263,0.1805972490504385,0.7044580201126553,0.022670292136064706,0.14134403993782615,0.29056887636386136,0.0,0.0,0.013847692897171653,0.08558776463641263,0.1805972490504385,0.4419129455209043,0.0,0.7193368480151116,MEDIUM,0.28066315198488845,377700.9019993269,0.0095866808680552,7000,7000,36,0.0118885533844083,0.012542523021626215,0.004131762965338296,False,False,OK,3.1
52686,"Højgaard, Rasmus",0.420225,0.3537852272727273,-0.11388977272727273,0.5891170454545456,0.6606079545454546,0.40378000000000003,0.3205554545454546,-0.07438454545454548,0.521839090909091,0.6503409090909091,0.9085000000000001,0.8319272727272728,0.4214594476318107,-0.5058666666666667,0.16302935831399687,-0.09053969297442074,0.7644253149059301,0.8,0.19999999999999996,4,1,70.0,70.0,0,0,0,0.0,1,0,1,0,40.0,10.0,0.0,51,3.9512437185814275,81.17886178861788,70.0,0.05222966781065458,0.2683257867348,-0.17234552946974951,0.09796098401520402,0.4379411178562504,0.39398615487102245,0.2960289294226113,0.22581016148647967,0.2345925213487925,0.16918747865120753,0.5772357723577236,53,0.2601626016260163,92,0.7642276422764228,30,0.8292682926829268,22,317.5,51.79,69.44,1.7,50.0,28.75,59.09,3.0,3.98,4.5,66.0,26.39,302.47,11,0.9125,58.824333333333335,95,0.2125,66.67833333333333,44,0.6416666666666667,28.602083333333333,54,0.5541666666666667,64.78308333333332,87,0.2833333333333333,1.7545083333333336,28,0.775,56.82733333333333,75,0.38333333333333336,22.56933333333333,28,0.7708333333333334,3.9604166666666667,34,0.7208333333333333,67.60833333333333,23,0.8125,3.035416666666667,51,0.5833333333333334,4.013416666666667,46,0.625,-1.631578947368421,-0.3333333333333333,-1.9166666666666667,-1.0,-0.47587719298245634,0.6016260162601627,-0.23015825686670643,0.0975609756097561,1.0888635439473617,0.7642276422764228,-0.6536966149053667,0.25609756097560976,0.516533710478625,0.7154471544715447,-0.49793409575369874,-0.3976000000000003,0.4185789451624787,1.0,0,0,4,1.0,4,False,1.5,NEUTRAL,4.600271002710028,26.570813008130084,70.21992682926829,71.76216802168022,60.69075880758809,18.558265582655828,2.2967479674796754,47.08108401084011,-0.15066106363636364,0.03272920000000001,-0.2662167272727273,-0.02609195454545455,0.3708432432432433,-0.10900386584766586,0.2459528552358843,0.124890388007359,0.0,1.0,0.0,0.4,0.0,40.0,40.0,0.0,0.0,0.0,0.0,0.0,0.0,0.0,0.0,0.0,0.0,0.0,0.0,0.0,0.0,0.0,0.0,0.0,0.0,0.0,0.0,0.0,0.0,0.0,0.0,0.0,0.0,0.0,0.0,0.0,0.0,0.0,False,,0.0,0.0,0.0,False,False,none,0.0,0,0,9.0,0,0,1,0,0.0,0.0,0.0,0.01327468607973566,0.059214377521575975,0.11394003604698733,-2.7,-1.37,31,-7.3,-1.2,5.2,0.2304340371765118,0.21303062507256654,0.01362481690552642,0.08477311131719456,0.15098262307142968,0.5496414356701942,0.022670292136064706,0.13999867951421657,0.24292092690781333,0.0,0.0,0.013847692897171653,0.08477311131719456,0.15098262307142968,0.34565105576476773,0.0,0.7203915407191205,MEDIUM,0.2796084592808795,350325.25041896594,0.0067391518973457,10000,10000,44,0.010311170988993298,0.010878371432388493,0.006938341857001155,False,False,OK,2.4
39977,"Homa, Max",0.12464166666666666,0.21521666666666667,-0.07717500000000001,0.3877791666666667,0.26227083333333334,0.09953000000000001,0.17834,-0.06619000000000001,0.36763999999999997,0.2113,0.50625,0.4109333333333334,0.2632318176167607,-0.3594,0.2407420887635144,-0.01608240421252774,0.4617209832231546,0.8,0.19999999999999996,4,5,27.666666666666668,6.0,0,0,1,0.6,2,0,1,1,40.0,10.0,0.0,149,5.0106352940962555,81.17886178861788,70.0,-0.08998578673480001,0.2683257867348,-0.16415098401520403,0.09796098401520402,0.01694717846231092,0.39398615487102245,0.1418298385135203,0.22581016148647967,-0.06965747865120753,0.16918747865120753,0.37398373983739835,78,0.2764227642276423,90,0.5040650406504065,62,0.6260162601626016,47,304.9,60.71,66.67,1.667,71.43,28.25,54.17,3.06,4.05,4.5,66.0,26.39,302.47,51,0.5833333333333334,58.824333333333335,51,0.5791666666666667,66.67833333333333,58,0.5208333333333334,28.602083333333333,75,0.38333333333333336,64.78308333333332,103,0.15,1.7545083333333336,16,0.8708333333333333,56.82733333333333,24,0.8083333333333333,22.56933333333333,28,0.7708333333333334,3.9604166666666667,34,0.7208333333333333,67.60833333333333,23,0.8125,3.035416666666667,69,0.42916666666666664,4.013416666666667,78,0.3541666666666667,-1.95,-1.8421052631578947,-1.1428571428571428,-0.6153846153846154,1.0169317524580683,0.7235772357723578,-0.5485793094982854,0.6910569105691057,-0.4199083858771997,0.4065040650406504,0.12011290890415727,0.15447154471544716,0.9011490950940095,0.11382113821138211,0.9948748496868259,0.05509999999999989,0.7377443098165289,0.0,0,0,4,0.8,2,False,0.0,COLD,4.0528455284552845,22.987831978319786,70.68252303523036,67.87368563685638,63.651409214092155,31.94775067750678,2.2350948509485096,57.54425474254744,-0.0838198,0.029123600000000006,-0.13149866666666668,-0.018382,0.19952486486486484,-0.05428058378378379,0.2459528552358843,-0.04642799037101947,3.0,1.0,0.3333333333333333,0.6666666666666666,0.0,27.666666666666668,6.0,-4.666666666666667,372443.12333333335,2024.0,0.0579999999999999,0.9376666666666664,-0.007,0.0753333333333333,0.99,-0.2093333333333333,0.8999999999999999,-0.0757777777777777,0.1635555555555555,0.6166666666666668,-1.2029999999999996,-1.2029999999999998,-0.2929092970521542,0.6201528611444577,-0.1423635787648392,-0.1745819661197812,0.1793157596371883,0.0835759637188208,295.3333333333333,55.556666666666665,66.51333333333334,1.710888888888889,71.0,43.91555555555556,28.694444444444443,71.21922222222221,56.39333333333333,3.1199999999999997,False,,3.0,-0.2929092970521542,0.7737056144690831,True,True,experienced,0.6820907029478457,0,0,13.0,0,0,0,0,0.0,0.0,0.0,0.004090676734446702,0.030660830081559398,0.06264602068599545,-0.9,0.41,75,-5.8,-0.2,5.8,0.1574498415420289,0.13637554755212788,0.004340907879356759,0.045867315261192504,0.09658664538884541,0.3764789988129913,0.007222823649163792,0.07574764532827494,0.15540144254663218,-0.01055162056314801,0.7737056144690831,0.004411916844465113,0.045867315261192504,0.09658664538884541,0.23617476231304335,0.0,0.5906462014631667,ELEVATED,0.4093537985368333,244346.45374600874,0.004507644646569,15000,15000,62,0.004329595780630904,0.004567759675800251,-0.0002928402323345283,False,False,OK,1.7
46717,"Hovland, Viktor",-0.20364999999999997,0.7585124999999999,0.5097166666666667,0.12524166666666667,0.5005708333333333,-0.12487000000000004,0.7709599999999999,-0.04611999999999999,0.12626,0.6001399999999999,0.3095,0.44981666666666664,-0.18166861569417128,-0.41,0.8313092770528387,-0.19846497732912177,0.18817329825262824,0.8,0.19999999999999996,4,5,24.666666666666668,3.0,0,1,2,0.6,2,0,1,1,40.0,10.0,0.0,18,2.9444389791664403,81.17886178861788,70.0,0.5026342132651999,0.2683257867348,-0.144080984015204,0.09796098401520402,0.05583051179564419,0.39398615487102245,-0.09955016148647966,0.22581016148647967,-0.29405747865120757,0.16918747865120753,0.926829268292683,10,0.3008130081300813,87,0.5203252032520326,60,0.3902439024390244,76,296.6,62.5,59.72,1.651,45.45,27.0,58.62,3.06,4.08,4.0,67.0,23.61,302.47,84,0.30833333333333335,58.824333333333335,40,0.6708333333333333,66.67833333333333,98,0.1875,28.602083333333333,108,0.10833333333333334,64.78308333333332,88,0.275,1.7545083333333336,13,0.9,56.82733333333333,85,0.29583333333333334,22.56933333333333,48,0.6083333333333333,3.9604166666666667,56,0.5375,67.60833333333333,41,0.6625,3.035416666666667,69,0.42916666666666664,4.013416666666667,91,0.24583333333333332,-0.7368421052631579,-0.75,-1.9333333333333333,-2.4166666666666665,-1.4315789473684208,0.22764227642276422,0.6645785852385567,0.21544715447154472,0.672196877280695,0.7926829268292683,-0.6703632815720333,0.8455284552845529,-0.9001329561880416,0.975609756097561,-1.4536358501396633,0.12530000000000005,0.6652067347825035,0.5120000000000001,0,0,4,1.0,4,False,1.0,NEUTRAL,3.883468834688347,22.286747967479677,71.25614634146343,65.00607046070462,64.7549593495935,13.34688346883469,2.3895663956639566,44.11319783197833,-0.3623512,0.020292799999999993,-0.14394133333333334,-0.006313000000000001,0.3674656756756756,-0.14807125405405405,0.2459528552358843,0.12151282043979131,3.0,1.0,0.6666666666666666,0.6666666666666666,0.0,24.666666666666668,3.0,-6.0,685000.0,2024.0,0.843,1.461666666666667,-0.8533333333333334,-0.0536666666666666,1.4523333333333337,0.8082222222222222,1.2186666666666666,-0.9707777777777776,0.0561111111111111,1.0574444444444444,-0.1565000000000002,-0.1564999999999999,0.5942899339222869,0.5524030920060331,-0.8063459742871507,-0.0463594412123823,0.340624775551246,0.2139322882999353,294.76666666666665,69.05000000000001,68.05777777777777,1.6914444444444443,70.66666666666667,34.919999999999995,28.38888888888889,70.88588888888889,58.44888888888889,3.167777777777778,False,,3.0,0.5942899339222869,0.7737056144690831,True,True,experienced,2.3109566005889532,0,0,13.0,0,0,0,0,0.0,0.0,0.0,0.0070625477959182,0.051131564580834885,0.09338078982230412,-2.2,-0.93,40,-7.5,-1.3,5.4,0.17031109037783268,0.16662934816194336,0.006864906831523501,0.07145861874463592,0.116391560396089,0.4055597456436985,0.011422497963578401,0.11801044114951266,0.1872662241554004,0.08,0.7737056144690831,0.006977203600591079,0.07145861874463592,0.116391560396089,0.25546663556674903,0.0,0.72,MEDIUM,0.28,296596.91867814714,0.0189070650453311,3500,3500,12,0.010675145872685426,0.011262367971781536,-0.01163021097976431,False,False,OK,5.1
36801,"Hubbard, Mark",-0.16996274509803921,-0.1755127450980392,-0.14506666666666668,0.23099313725490198,-0.49056274509803927,-0.12945627450980393,0.01065872549019603,-0.11204666666666668,0.2491893137254902,-0.23087627450980402,-0.7523333333333333,-0.40361568627450994,-0.11081118556527281,-0.27226666666666666,-0.0427674446768356,-0.12625103914315916,0.3172507024205795,0.7000000000000001,0.29999999999999993,3,5,33.0,31.0,0,0,0,0.4,3,0,1,1,40.0,10.0,0.0,139,4.941642422609304,81.17886178861788,70.0,-0.257667061244604,0.2683257867348,-0.21000765068187072,0.09796098401520402,-0.7976018411455323,0.39398615487102245,0.02337915223901052,0.22581016148647967,-0.29864375316101144,0.16918747865120753,0.21138211382113822,98,0.18699186991869918,101,0.12195121951219512,109,0.5203252032520326,60,279.0,57.14,61.11,1.659,42.86,27.5,60.71,3.06,3.93,4.75,67.0,26.39,302.47,117,0.029166666666666667,58.824333333333335,72,0.4041666666666667,66.67833333333333,93,0.22916666666666666,28.602083333333333,96,0.20416666666666666,64.78308333333332,82,0.325,1.7545083333333336,14,0.8916666666666667,56.82733333333333,94,0.225,22.56933333333333,28,0.7708333333333334,3.9604166666666667,25,0.8,67.60833333333333,41,0.6625,3.035416666666667,69,0.42916666666666664,4.013416666666667,23,0.8166666666666667,-1.3157894736842106,-1.5555555555555556,-1.1428571428571428,-0.75,0.4892439431913116,0.4959349593495935,0.08563121681750396,0.5691056910569106,-0.1333586782748606,0.4065040650406504,0.12011290890415727,0.2032520325203252,0.766533710478625,0.2926829268292683,0.4671870404200692,-0.13050000000000012,0.6119549729260225,0.0,0,0,3,0.6,3,False,0.0,COLD,3.465447154471545,19.555853658536588,71.23569376693769,64.85970189701898,64.49439024390244,20.293495934959353,2.4112466124661247,64.6150135501355,-0.005009600980392134,0.049300533333333334,0.12915701960784318,-0.01245946568627451,-0.08459370959194495,0.041095851457339704,0.2459528552358843,-0.3305465648278293,2.0,1.0,0.0,0.0,0.0,33.0,31.0,-5.5,133489.585,2024.0,0.045,1.17,0.4705,-0.6375000000000001,1.6875,0.0517142857142857,1.2971428571428572,0.4718571428571428,-0.7755714285714286,1.823,0.0939999999999999,0.0,0.1516399226357209,1.0976942110177403,0.4796477924503134,-1.0247322262238228,1.7362985194077634,-0.0999256369214352,278.14285714285717,71.17285714285714,66.27285714285715,1.779,70.57142857142857,38.77428571428572,28.678571428571427,70.95214285714286,57.83142857142857,2.974285714285714,False,,2.0,0.1516399226357209,0.6131471927654585,True,True,familiar,0.32663992263572095,0,0,23.0,0,0,0,0,0.0,0.0,0.0,0.0025125959463889514,0.011936004708247058,0.035694897051333364,0.1,1.38,108,-4.8,1.2,7.1,0.09565820046764413,0.08182229934973476,0.0026353002525079613,0.017168222783533686,0.05284548536722025,0.22954751585026228,0.004384868215467024,0.02835248679628319,0.08502484608593092,0.001096346470092543,0.6131471927654585,0.0026784087332408224,0.017168222783533686,0.05284548536722025,0.1434873007014662,0.0,0.4544145104940189,ELEVATED,0.5455854895059811,189833.88864537055,0.0013585915002633,50000,50000,101,0.0020005088035816173,0.002110553480526526,0.0012302467711285338,False,False,OK,0.7
35506,"Hughes, Mackenzie",-0.09511764705882353,-0.0705294117647059,0.4245985294117647,0.14367720588235294,0.38973823529411766,-0.06801647058823529,0.00670588235294118,0.4049494117647058,0.15423588235294117,0.3439552941176471,0.03550000000000009,-0.0047058823529410945,-0.002945742243702046,-0.09506666666666667,0.1213105883833759,0.3962693972581224,0.30250178474101136,0.8,0.19999999999999996,4,7,33.0,16.0,0,0,0,0.42857142857142855,4,0,1,1,40.0,10.0,0.0,110,4.709530201312334,81.17886178861788,70.0,-0.26161990438185884,0.2683257867348,0.30698842774950175,0.09796098401520402,-0.39869203722396357,0.39398615487102245,-0.0715742791335385,0.22581016148647967,-0.23720394923944282,0.16918747865120753,0.18699186991869918,101,0.9105691056910569,12,0.2764227642276423,90,0.43902439024390244,70,315.6,44.64,75.0,1.741,60.0,29.25,66.67,3.0,3.98,3.75,65.0,20.83,302.47,16,0.875,58.824333333333335,113,0.0625,66.67833333333333,18,0.8541666666666666,28.602083333333333,38,0.6916666666666667,64.78308333333332,50,0.5916666666666667,1.7545083333333336,48,0.6041666666666666,56.82733333333333,54,0.5541666666666667,22.56933333333333,74,0.39166666666666666,3.9604166666666667,70,0.42083333333333334,67.60833333333333,13,0.8958333333333334,3.035416666666667,51,0.5833333333333334,4.013416666666667,46,0.625,-0.8947368421052632,-1.1666666666666667,-1.6428571428571428,-0.5714285714285714,-0.07644110275689231,0.3089430894308943,0.5066838483964514,0.36585365853658536,0.25553021061402825,0.6747967479674797,-0.37988709109584273,0.13008130081300814,0.9451051390500536,0.5365853658536586,-0.0984980055281347,-0.0904,0.6129709074118718,0.0,0,0,4,0.8,4,False,0.0,COLD,4.004742547425475,22.864146341463417,70.84504878048782,70.83013550135503,62.63346883468835,20.213116531165316,2.077235772357724,45.851273712737125,-0.0031517647058823543,-0.17817774117647053,0.0015058823529411503,-0.007711794117647059,0.1354872178060413,-0.05006260572337042,0.2459528552358843,-0.110465637429843,1.0,1.0,0.0,0.0,0.0,26.0,26.0,-8.0,186250.0,2024.0,1.076,0.215,0.798,-0.811,2.092,1.076,0.215,0.798,-0.811,2.092,0.0,0.0,1.2452043237807944,0.2305112152553328,0.3735964303670186,-1.28430929756518,1.8453328592975653,-0.1692043237807943,296.4,64.29,70.83,1.765,70.0,33.33,29.5,70.718,52.38,3.19,False,,1.0,1.2452043237807944,0.3868528072345416,True,True,rookie,1.5952043237807945,0,0,23.0,0,0,0,0,0.0,0.0,0.0,0.005420338647714088,0.025588233387160257,0.058617578138542424,-0.3,1.04,96,-5.2,0.1,6.2,0.13396490968644792,0.11948452519423158,0.00569091092350431,0.03681566130493976,0.08097441056926165,0.3204932277569742,0.009469089680304939,0.06079927807355101,0.1302824025119291,0.0,0.0,0.005784003360946625,0.03681566130493976,0.08097441056926165,0.20094736452967188,0.0,0.5308720805023202,ELEVATED,0.46912791949767985,235547.50551888553,0.0038673542138177,17500,17500,73,0.004821744042392666,0.005086980198567618,0.0017174594349002822,False,False,OK,1.6
39971,"Im, Sungjae",0.28958823529411765,-0.8581176470588235,0.6123529411764705,0.23317647058823526,0.04376470588235297,0.28958823529411765,-0.8581176470588235,0.6123529411764705,0.23317647058823526,0.04376470588235297,0.0,-0.5685882352941176,0.11076429701180632,-0.5211333333333333,0.2600275997036858,0.08122558307755018,0.29803445752988167,0.2,0.8,0,6,34.0,6.0,0,0,1,0.8333333333333334,1,0,1,1,40.0,10.0,0.0,79,4.382026634673881,81.17886178861788,70.0,-1.1264434337936235,0.2683257867348,0.5143919571612665,0.09796098401520402,-0.96257439016514,0.39398615487102245,0.0073663091017555915,0.22581016148647967,0.12040075664291011,0.16918747865120753,0.008130081300813009,123,0.991869918699187,2,0.056910569105691054,117,0.5040650406504065,62,,,,,,,,,,,,,302.47,122,,58.824333333333335,122,,66.67833333333333,122,,28.602083333333333,122,,64.78308333333332,122,,1.7545083333333336,122,,56.82733333333333,122,,22.56933333333333,122,,3.9604166666666667,122,,67.60833333333333,122,,3.035416666666667,122,,4.013416666666667,122,,-1.2352941176470589,-1.0625,0.6153846153846154,-0.5833333333333334,1.1649226998491704,0.4268292682926829,0.1661265728546557,0.3089430894308943,0.359696877280695,0.032520325203252036,1.8783546671459155,0.13821138211382114,0.9332003771452916,0.08130081300813008,1.142865797077928,0.0,0.5,0.0,0,0,0,0.0,0,False,0.0,COLD,4.2000267004097935,24.06937669376694,70.68733062330624,68.90643897996355,63.823157903901745,24.317102960391814,2.1552237029985726,56.49760470236783,0.40331529411764705,-0.26943529411764705,0.18194823529411763,-0.011658823529411763,-0.21330047694753573,0.10035166931637518,0.2459528552358843,-0.45925333218342,5.0,1.0,0.2,0.4,0.0,34.0,6.0,-2.8,242273.928,2025.0,0.6702,-0.3196,0.2852,0.159,0.6364,0.6605333333333333,-0.5220666666666667,0.4402,-0.068,0.5791999999999999,-0.0145,0.3185,0.2559572678974123,-0.3948396667048886,0.0213730611932882,-0.4024820853877613,-0.1209614646638382,0.4045760654359209,289.74666666666667,66.904,63.146,1.776,71.58333333333333,58.436,28.366666666666667,71.4888,61.74066666666668,3.0959999999999996,False,,5.0,0.2559572678974123,1.0,True,True,veteran,0.8059572678974123,0,0,999.0,0,1,0,0,0.0,0.0,0.0,0.00383563446425733,0.014766167974826562,0.04787474519358606,-1.5,-0.2,61,-5.2,-0.4,6.8,0.12584576918583962,0.11003678572953361,0.0038262533628054896,0.020045759872010224,0.06813667319647813,0.3021819525765982,0.006366491536940693,0.033104599658256066,0.10962734301862397,0.05255454541012386,1.0,0.0038888435626176633,0.020045759872010224,0.06813667319647813,0.18876865377875943,0.0,0.6197653787334922,MEDIUM,0.38023462126650776,212373.49266797642,0.004507644646569,15000,15000,64,0.0041655788788097095,0.004394720475780666,-0.000555621516702123,False,False,OK,1.7
36799,"Jaeger, Stephan",-0.23529117647058823,-0.017041176470588226,0.36218039215686276,0.3784617647058824,0.32741176470588235,-0.26553911764705884,0.09993588235294115,0.3407380392156863,0.3441761764705883,0.1751027450980392,-0.40800000000000003,-0.2745882352941177,-0.14150461358367877,-0.005799999999999944,0.0026436860745892576,0.5706437227812632,0.49567492439341787,0.7000000000000001,0.29999999999999993,3,4,32.0,20.0,0,0,0,0.5,2,0,1,1,40.0,10.0,0.0,109,4.700480365792417,81.17886178861788,70.0,-0.16838990438185886,0.2683257867348,0.24277705520048226,0.09796098401520402,-0.6685743901651402,0.39398615487102245,0.11836601498410862,0.22581016148647967,-0.4347265962982664,0.16918747865120753,0.3089430894308943,86,0.8373983739837398,21,0.15447154471544716,105,0.5934959349593496,51,305.3,53.57,63.89,1.674,63.64,28.5,50.0,3.0,4.0,4.0,69.0,22.22,302.47,49,0.5958333333333333,58.824333333333335,88,0.2708333333333333,66.67833333333333,78,0.35833333333333334,28.602083333333333,66,0.4583333333333333,64.78308333333332,112,0.07083333333333333,1.7545083333333336,18,0.8541666666666666,56.82733333333333,40,0.675,22.56933333333333,61,0.5,3.9604166666666667,56,0.5375,67.60833333333333,91,0.25,3.035416666666667,51,0.5833333333333334,4.013416666666667,55,0.5458333333333333,-1.7777777777777777,-1.125,-1.6153846153846154,-1.0833333333333333,0.10202991452991439,0.6544715447154471,-0.3763570872760631,0.34146341463414637,0.297196877280695,0.6504065040650406,-0.35241456362331536,0.3008130081300813,0.4332003771452917,0.45528455284552843,0.079973011758672,0.2700000000000001,0.8916900308465443,0.6400000000000001,1,0,3,0.6,0,False,3.0,WARM,4.7049180327868845,26.13606557377049,71.37109836065574,67.44147540983606,60.08524590163934,31.96721311475409,2.315573770491803,74.17049180327868,-0.046969864705882346,-0.14992473725490196,0.08786823529411766,-0.017208808823529414,0.11352361950185477,-0.03717093200847906,0.2459528552358843,-0.13242923573402954,2.0,1.0,0.0,0.5,0.0,32.0,20.0,-3.5,157642.86,2025.0,-0.509,0.925,0.3835,0.4365,0.7994999999999999,-0.6577500000000001,1.0134999999999998,0.3878749999999999,0.596875,0.743625,-0.595,0.0,-0.5608463274198568,0.9299182228446932,0.001027038593215,0.3150062636165577,0.3663986539060068,-0.0969036725801431,287.0625,54.4675,64.58500000000001,1.7009999999999998,71.09375,62.49875,28.15625,70.65975,58.495,2.9625,False,,2.0,-0.5608463274198568,0.6131471927654585,True,True,familiar,-0.3608463274198569,0,0,999.0,0,1,0,0,0.0,0.0,0.0,0.0033171888188364734,0.0247247074131412,0.05074461522324894,-0.4,0.94,94,-5.2,0.7,7.0,0.14516921569840321,0.1188700502348456,0.003780298133182105,0.03898309061765531,0.08724951110890436,0.3473678141782004,0.0062900267676916114,0.06437868240360108,0.14037861894081283,-0.07864488005197946,0.6131471927654585,0.003842136593176811,0.03898309061765531,0.08724951110890436,0.2177538235476048,0.0,0.44338530647523994,HIGH,0.55661469352476,224958.38587486988,0.0019391861584954,35000,35000,93,0.002724856308688329,0.0028747461425516225,0.001478659587844732,False,False,OK,0.9
47917,"Kanaya, Takumi",0.38459999999999994,-0.5897166666666667,0.13151666666666667,0.8573499999999998,-0.07355000000000005,0.29801999999999995,-0.46234452380952384,0.19903309523809523,0.8792735714285713,0.03478642857142851,-0.2783333333333334,-0.2155333333333334,0.3126617394779926,0.4261999999999999,-0.47673086287202715,0.23390041502283254,0.7425099443480139,0.7000000000000001,0.29999999999999993,3,0,40.0,40.0,0,0,0,0.5,0,0,0,0,40.0,10.0,,127,4.852030263919617,81.17886178861788,70.0,-0.7306703105443239,0.2683257867348,0.10107211122289121,0.09796098401520402,-0.6095194882043559,0.39398615487102245,0.6534634099420916,0.22581016148647967,0.12883252134879242,0.16918747865120753,0.032520325203252036,120,0.6666666666666666,42,0.17073170731707318,103,0.967479674796748,5,291.3,64.29,62.5,1.644,50.0,27.0,66.67,3.19,3.93,4.75,66.0,26.39,302.47,101,0.16666666666666666,58.824333333333335,31,0.75,66.67833333333333,86,0.2875,28.602083333333333,108,0.10833333333333334,64.78308333333332,50,0.5916666666666667,1.7545083333333336,8,0.9375,56.82733333333333,75,0.38333333333333336,22.56933333333333,28,0.7708333333333334,3.9604166666666667,25,0.8,67.60833333333333,23,0.8125,3.035416666666667,105,0.13333333333333333,4.013416666666667,23,0.8166666666666667,-1.2352941176470589,-1.368421052631579,-1.3,-1.6666666666666667,-0.18147574819401457,0.4268292682926829,0.1661265728546557,0.4878048780487805,0.05377582464911601,0.4959349593495935,-0.03702994823869998,0.540650406504065,-0.1501329561880418,0.6178861788617886,-0.20353265096525697,-0.06750000000000024,0.7225264316580013,0.0,0,0,3,0.6,2,False,0.0,COLD,3.7499999999999996,21.74475409836065,70.00683606557376,63.59377049180327,63.17819672131147,33.332459016393436,2.430327868852459,51.09377049180327,0.21730192619047622,-0.08757456190476189,0.0689706666666667,-0.04396367857142856,-0.00599897039897046,0.05645490334620338,0.2459528552358843,-0.25195182563485474,0.0,1.0,0.0,0.4,0.0,40.0,40.0,0.0,0.0,0.0,0.0,0.0,0.0,0.0,0.0,0.0,0.0,0.0,0.0,0.0,0.0,0.0,0.0,0.0,0.0,0.0,0.0,0.0,0.0,0.0,0.0,0.0,0.0,0.0,0.0,0.0,0.0,0.0,False,,0.0,0.0,0.0,False,False,none,0.0,0,0,17.0,0,0,0,0,0.0,0.0,0.0,0.003043766291408061,0.02318826597295392,0.0467643798138005,-0.4,0.89,92,-4.8,0.6,6.1,0.1251948387403231,0.10707456940455388,0.003195909998682616,0.0344430390953767,0.07569385711580688,0.29950912715417854,0.005317665096939206,0.05688100763185308,0.12178634572470125,0.0,0.0,0.003248188984529126,0.0344430390953767,0.07569385711580688,0.18779225811048467,0.0,0.5789893216141603,ELEVATED,0.4210106783858397,216474.4068751147,0.0019391861584954,35000,35000,97,0.0025877024942194964,0.0027300477238411274,0.0011969403148813812,False,False,OK,0.9
63454,"Keefer, Johnny",0.33956250000000004,0.62295,-0.43742499999999995,-0.1347875000000001,0.5249125,0.2295500000000001,0.49906,-0.41864,0.026769999999999905,0.30973000000000006,1.59225,1.2323000000000002,0.4725052504700479,1.0406666666666666,0.6605998769367578,-0.46485334130775924,-0.2842523923841976,0.8,0.19999999999999996,4,0,40.0,40.0,0,0,0,0.5,0,0,0,0,40.0,10.0,,67,4.219507705176107,81.17886178861788,70.0,0.2307342132652,0.2683257867348,-0.516600984015204,0.09796098401520402,0.8383138451289778,0.39398615487102245,-0.19904016148647977,0.22581016148647967,0.06036252134879255,0.16918747865120753,0.7804878048780488,28,0.024390243902439025,121,0.943089430894309,8,0.2926829268292683,88,318.8,60.71,77.78,1.857,0.0,32.0,43.75,3.13,4.06,3.0,68.0,19.44,302.47,8,0.9416666666666667,58.824333333333335,51,0.5791666666666667,66.67833333333333,4,0.9708333333333333,28.602083333333333,2,0.9916666666666667,64.78308333333332,119,0.016666666666666666,1.7545083333333336,112,0.07083333333333333,56.82733333333333,119,0.016666666666666666,22.56933333333333,86,0.2916666666666667,3.9604166666666667,106,0.12083333333333333,67.60833333333333,66,0.45416666666666666,3.035416666666667,90,0.25833333333333336,4.013416666666667,87,0.2791666666666667,-0.8,-1.4,-0.5,-0.5,0.6000000000000001,0.26422764227642276,0.6014206905017145,0.524390243902439,0.022196877280695082,0.22357723577235772,0.7629700517613001,0.12195121951219512,1.016533710478625,0.22764227642276422,0.5779430972287577,0.2607,0.5092914467942474,0.0,0,0,4,0.8,0,False,0.0,COLD,4.233062330623307,24.758915989159895,70.74543902439027,77.22075880758808,55.52149051490516,24.162330623306236,2.4607046070460705,17.704607046070464,-0.2345582,0.18420159999999997,-0.3943360000000001,-0.0013384999999999955,0.3528010810810811,-0.12242533513513515,0.2459528552358843,0.10684822584519679,0.0,1.0,0.0,0.4,0.0,40.0,40.0,0.0,0.0,0.0,0.0,0.0,0.0,0.0,0.0,0.0,0.0,0.0,0.0,0.0,0.0,0.0,0.0,0.0,0.0,0.0,0.0,0.0,0.0,0.0,0.0,0.0,0.0,0.0,0.0,0.0,0.0,0.0,False,,0.0,0.0,0.0,False,False,none,0.0,0,0,999.0,0,1,0,0,0.0,0.0,0.0,0.0072473531802191475,0.03512406454095361,0.08050716724078766,-1.9,-0.59,50,-6.5,-0.5,5.7,0.17615327234894848,0.16269160968571245,0.007044142455915761,0.047780325688975084,0.10613166507987208,0.4214714409278598,0.011720727583421171,0.07890688921616756,0.17075873985362466,0.0,0.0,0.007159371177596102,0.047780325688975084,0.10613166507987208,0.2642299085234227,0.08,0.6249412715443595,MEDIUM,0.3750587284556405,275600.7820890137,0.0030117448744775,22500,22500,86,0.005195639944482292,0.005481443495153491,0.004455522318327341,False,False,OK,1.3
39975,"Kim, Michael",-0.40112039473684213,0.36789342105263156,-0.04852105263157894,0.2657282894736842,-0.0816223684210527,-0.2922436842105263,0.3929252631578947,-0.02234315789473685,0.22207736842105266,0.07841789473684202,-0.39350000000000007,-0.1875578947368422,-0.41782214631169534,-1.0306,0.4906525359986319,0.03806594726690812,0.26379373238874926,0.8,0.19999999999999996,4,5,60.0,60.0,0,0,0,0.2,4,0,1,1,40.0,10.0,0.0,55,4.02535169073515,81.17886178861788,70.0,0.12459947642309471,0.2683257867348,-0.12030414190994088,0.09796098401520402,-0.5815440496078647,0.39398615487102245,-0.003732793065427009,0.22581016148647967,-0.46143116286173386,0.16918747865120753,0.6747967479674797,41,0.3333333333333333,83,0.18699186991869918,101,0.4878048780487805,64,295.9,71.43,63.89,1.804,50.0,30.0,57.69,3.06,4.2,4.0,69.0,22.22,302.47,88,0.2708333333333333,58.824333333333335,10,0.9208333333333333,66.67833333333333,78,0.35833333333333334,28.602083333333333,16,0.8708333333333333,64.78308333333332,90,0.25416666666666665,1.7545083333333336,92,0.24166666666666667,56.82733333333333,75,0.38333333333333336,22.56933333333333,61,0.5,3.9604166666666667,56,0.5375,67.60833333333333,91,0.25,3.035416666666667,69,0.42916666666666664,4.013416666666667,115,0.05,-0.5625,-1.0,-0.21428571428571427,-1.0833333333333333,0.13244047619047628,0.16260162601626016,0.8389206905017146,0.27235772357723576,0.422196877280695,0.17073170731707318,1.0486843374755859,0.3008130081300813,0.4332003771452917,0.44715447154471544,0.11038357341923388,0.12469999999999992,0.7393691004272945,0.0,0,0,3,0.6,1,False,0.0,COLD,4.086720867208673,23.07886178861789,71.42362601626017,65.29130081300815,61.753197831978326,22.680542005420055,2.4939024390243905,58.28292682926829,-0.1846748736842105,0.009830989473684213,0.06001852631578951,-0.011103868421052635,0.11178688477951632,-0.044439055761024165,0.2459528552358843,-0.134165970456368,0.0,1.0,0.0,0.4,0.0,40.0,40.0,0.0,0.0,0.0,0.0,0.0,0.0,0.0,0.0,0.0,0.0,0.0,0.0,0.0,0.0,0.0,0.0,0.0,0.0,0.0,0.0,0.0,0.0,0.0,0.0,0.0,0.0,0.0,0.0,0.0,0.0,0.0,False,,0.0,0.0,0.0,False,False,none,0.0,0,0,33.0,0,0,0,0,0.0,0.0,0.0,0.0019750399829237056,0.016372400955489176,0.03087972628281188,-1.2,0.12,69,-6.7,-0.1,7.0,0.0879936153546271,0.0741194414671004,0.0020737637831984295,0.03161776348132527,0.05724315069646247,0.20994393986619048,0.0034505293621399104,0.0522152020587752,0.09210039502181389,0.0,0.0,0.002107686599396484,0.03161776348132527,0.05724315069646247,0.13199042303194064,0.0,0.3934556292584661,HIGH,0.6065443707415339,187702.3464721437,0.0030117448744775,22500,22500,83,0.0023805749131592903,0.0025115263974980497,-0.0009767741890116012,False,False,OK,1.3
50188,"Kim, S.H.",0.41851249999999995,-0.7422625,0.18234999999999998,0.7114875,-0.1414,0.43681,-0.67801,0.12788,0.8309899999999999,-0.11332000000000002,-0.5459999999999999,-0.419,0.3704195617992487,0.1648333333333334,-0.7856739615862322,0.24331525613391733,0.551955301905521,0.8,0.19999999999999996,4,2,70.0,70.0,0,0,0,0.0,2,0,1,0,40.0,10.0,0.0,153,5.0369526024136295,81.17886178861788,70.0,-0.9463357867348,0.2683257867348,0.029919015984795974,0.09796098401520402,-0.8129861548710224,0.39398615487102245,0.6051798385135202,0.22581016148647967,0.26762252134879244,0.16918747865120753,0.016260162601626018,122,0.5609756097560976,55,0.10569105691056911,111,0.959349593495935,6,290.3,53.57,65.28,1.851,71.43,29.0,76.0,2.81,4.1,3.75,68.0,20.83,302.47,103,0.15,58.824333333333335,88,0.2708333333333333,66.67833333333333,68,0.44166666666666665,28.602083333333333,44,0.6375,64.78308333333332,14,0.8875,1.7545083333333336,109,0.09583333333333334,56.82733333333333,24,0.8083333333333333,22.56933333333333,74,0.39166666666666666,3.9604166666666667,70,0.42083333333333334,67.60833333333333,66,0.45416666666666666,3.035416666666667,6,0.9541666666666667,4.013416666666667,96,0.20833333333333334,-1.8333333333333333,-0.5333333333333333,0.08333333333333333,-1.1538461538461537,0.6480769230769231,0.6747967479674797,-0.4319126428316187,0.14227642276422764,0.8888635439473617,0.11382113821138211,1.3463033850946333,0.3252032520325203,0.3626875566324712,0.1951219512195122,0.6260200203056807,-0.07709999999999999,0.785026538829527,0.0,0,0,4,0.8,0,False,0.0,COLD,3.9499048072346503,22.272950975725845,70.82396144693004,66.80335078534033,69.22395049976203,17.330128510233223,2.01320799619229,70.96188005711566,0.3186647,-0.05626719999999999,0.13408,-0.04154949999999999,-0.15249675675675678,0.11401965945945947,0.2459528552358843,-0.39844961199264106,0.0,1.0,0.0,0.4,0.0,40.0,40.0,0.0,0.0,0.0,0.0,0.0,0.0,0.0,0.0,0.0,0.0,0.0,0.0,0.0,0.0,0.0,0.0,0.0,0.0,0.0,0.0,0.0,0.0,0.0,0.0,0.0,0.0,0.0,0.0,0.0,0.0,0.0,False,,0.0,0.0,0.0,False,False,none,0.0,0,0,999.0,0,1,0,0,0.0,0.0,0.0,0.0024836531238758806,0.015920092837788485,0.03694741509120668,-0.6,0.74,88,-5.2,0.5,6.5,0.1108035300029448,0.09308398186017211,0.0025312518948833814,0.022899944526422234,0.0628561197430234,0.2656605797681158,0.004211742464127922,0.037818147108606336,0.10113128623139613,0.0,0.0,0.002572658343137903,0.022899944526422234,0.0628561197430234,0.1662052950044172,0.03024122123368585,0.6669676510705302,MEDIUM,0.33303234892946976,198594.74421520397,0.0013585915002633,50000,50000,106,0.001986642316016147,0.0020959242204395,0.0012004257063004927,False,False,OK,0.7
37455,"Kim, Si Woo",0.37027499999999997,0.9411250000000002,0.21982749999999995,-0.4766025,1.531375,0.46040492857142856,0.9377162142857143,0.23588017857142854,-0.4128435357142857,1.6340220714285714,1.6028,1.7360221428571427,0.4964189523897298,-0.07406666666666667,1.2113951851361302,0.1505821111204204,-0.6790554942790143,0.9,0.09999999999999998,7,9,27.875,1.0,1,1,3,0.8888888888888888,1,1,1,1,40.0,10.0,1.0,28,3.367295829986474,81.17886178861788,70.0,0.6693904275509143,0.2683257867348,0.13791919455622453,0.09796098401520402,1.3420359879861203,0.39398615487102245,-0.6386536972007654,0.22581016148647967,0.291217449920221,0.16918747865120753,0.959349593495935,6,0.7154471544715447,36,0.983739837398374,3,0.04065040650406504,119,302.4,67.86,62.5,1.8,33.33,28.75,62.96,3.25,3.98,4.0,70.0,22.22,302.47,63,0.48333333333333334,58.824333333333335,17,0.8625,66.67833333333333,86,0.2875,28.602083333333333,54,0.5541666666666667,64.78308333333332,70,0.42083333333333334,1.7545083333333336,87,0.2833333333333333,56.82733333333333,108,0.10416666666666667,22.56933333333333,61,0.5,3.9604166666666667,56,0.5375,67.60833333333333,109,0.1,3.035416666666667,112,0.07083333333333333,4.013416666666667,46,0.625,-2.6666666666666665,-2.111111111111111,-0.7857142857142857,-1.7857142857142858,1.103174603174603,0.9024390243902439,-1.265245976164952,0.8130081300813008,-0.6889142338304162,0.2845528455284553,0.47725576604701436,0.6056910569105691,-0.26918057523566086,0.0975609756097561,1.0811177004033605,0.03830000000000004,0.5138446080082366,0.4096000000000001,1,0,5,1.0,5,False,3.0,WARM,4.334602570204664,24.46024750118991,70.43048738695859,70.8241884816754,61.38143741075678,24.471875297477393,2.083174678724417,44.76784864350309,-0.4407266207142857,-0.10378727857142855,-0.5555270857142857,0.020642176785714287,0.7232036332046331,-0.3027698093243243,0.2459528552358843,0.4772507779687488,4.0,1.0,0.5,0.5,0.0,20.0,6.0,-7.25,373320.3125,2025.0,0.41675,1.082,0.35325,-0.0074999999999999,1.853,0.4911538461538461,0.7459230769230769,0.5293846153846153,-0.019153846153846,1.767769230769231,0.1105428571428571,0.3615,0.093378789230492,0.0571164279476973,0.2664930384029454,0.2738229020893108,0.4097440829323184,0.3977750569233541,287.2923076923077,63.324615384615385,65.60000000000001,1.6756153846153847,70.3076923076923,66.30000000000001,27.76923076923077,70.25184615384615,55.894615384615385,3.1623076923076923,False,,4.0,0.093378789230492,0.8982444017039272,True,True,experienced,1.593378789230492,0,0,13.0,0,0,0,0,0.0,0.0,0.0,0.013088253664955245,0.10029517514300658,0.16881167356887242,-3.9,-2.55,12,-7.7,-3.0,3.8,0.2830314115748361,0.28471227361085955,0.012352343811367097,0.14058430775476982,0.2053329913093454,0.6723085031046725,0.0205530279570376,0.2321681620537146,0.3303670287276845,0.08,0.8982444017039272,0.012705057427509209,0.14058430775476982,0.2053329913093454,0.42454711736225414,0.0,0.7674597151820785,LOW,0.23254028481792155,437297.8397172154,0.0295936670274747,2200,2200,4,0.01849468723793257,0.01951204936033444,-0.016108262801531797,False,False,OK,7.1
30926,"Kirk, Chris",0.1414375,0.0881375,-0.27887500000000004,-0.19630625000000002,-0.18313750000000006,0.06817234374999999,0.264588125,-0.06900625000000005,-0.16731218750000001,0.26343687499999996,-0.1875,0.17666249999999994,0.019574180507697075,0.1259333333333333,0.5600826664475145,-0.15929177160396113,-0.12786618204068678,0.55,0.44999999999999996,2,9,38.333333333333336,12.0,0,0,0,0.6666666666666666,3,0,1,1,40.0,10.0,0.0,99,4.605170185988092,81.17886178861788,70.0,-0.003737661734800002,0.2683257867348,-0.16696723401520408,0.09796098401520402,-0.2173236548710225,0.39398615487102245,-0.3931223489864797,0.22581016148647967,-0.10101513490120755,0.16918747865120753,0.5040650406504065,62,0.2682926829268293,91,0.35772357723577236,80,0.13821138211382114,107,312.9,62.5,63.89,1.717,36.36,29.75,34.62,3.38,4.08,4.25,72.0,23.61,302.47,23,0.8166666666666667,58.824333333333335,40,0.6708333333333333,66.67833333333333,78,0.35833333333333334,28.602083333333333,24,0.8083333333333333,64.78308333333332,120,0.008333333333333333,1.7545083333333336,36,0.7041666666666667,56.82733333333333,103,0.14583333333333334,22.56933333333333,48,0.6083333333333333,3.9604166666666667,43,0.6458333333333334,67.60833333333333,119,0.016666666666666666,3.035416666666667,118,0.025,4.013416666666667,91,0.24583333333333332,-1.6111111111111112,-1.3888888888888888,-0.5384615384615384,-2.6,-0.0692307692307692,0.573170731707317,-0.20969042060939658,0.508130081300813,0.033307988391806154,0.23577235772357724,0.7245085132997616,0.8861788617886179,-1.0834662895213751,0.5284552845528455,-0.0912876720020116,1.3089999999999997,0.3256996268244412,0.0,0,0,2,0.4,0,False,0.0,COLD,4.138888888888889,23.610000000000003,73.01266666666666,68.82777777777778,43.92666666666667,18.52,2.7222222222222223,46.12444444444444,-0.12435641875,0.030362750000000018,-0.05653199999999998,0.008365609375000001,0.08300228040540539,-0.0445201045608108,0.2459528552358843,-0.16295057483047892,3.0,1.0,0.0,0.0,0.0,38.666666666666664,26.0,-3.0,101991.07,2025.0,0.3,0.1796666666666666,0.3839999999999999,-0.094,0.8643333333333333,0.2458999999999999,0.0850999999999999,0.2240999999999999,0.3208,0.5561,-0.0624230769230769,-0.3125,0.3055244954392012,-0.5181555851827911,0.2155937666092077,0.3584849008834303,0.0001557440925088,-0.0596244954392012,294.7,61.427,64.168,1.7816000000000003,71.175,39.876,28.7,71.1231,60.414,3.2840000000000003,False,,3.0,0.3055244954392012,0.7737056144690831,True,True,experienced,0.3388578287725346,0,0,999.0,0,1,0,0,0.0,0.0,0.0,0.0029054243115655414,0.012804096527106757,0.03668283249769018,-0.0,1.29,105,-4.6,0.7,7.2,0.09353323512459594,0.08137999925951411,0.003007694832650758,0.018116429162115363,0.05239679550869744,0.2243465562157266,0.005004494444594554,0.0299184036164373,0.084302934159186,0.014282834796665004,0.7737056144690831,0.003056894977727304,0.018116429162115363,0.05239679550869744,0.1402998526868939,0.0,0.474205398705974,ELEVATED,0.525794601294026,192116.42297278464,0.0027117702853861,25000,25000,87,0.0028775158123361543,0.003035803192729319,0.0002818163528567632,False,False,OK,1.2
48117,"Kitayama, Kurt",0.560365,0.509335,-0.17182999999999998,0.11745000000000001,0.898205,0.5586499285714286,0.4983657857142857,-0.13387557142857143,0.10861928571428572,0.9234630714285714,1.1383999999999999,1.1188671428571428,0.6076023653764421,0.3611333333333333,0.7590262126428204,-0.30851418342328085,0.1434765680584799,0.9,0.09999999999999998,5,3,26.0,19.0,0,0,0,0.6666666666666666,1,0,1,1,40.0,10.0,0.0,31,3.4657359027997265,81.17886178861788,70.0,0.23003999897948568,0.2683257867348,-0.23183655544377546,0.09796098401520402,0.7248809879861204,0.39398615487102245,-0.11719087577219395,0.22581016148647967,0.38946244992022105,0.16918747865120753,0.7723577235772358,29,0.17073170731707318,103,0.9024390243902439,13,0.35772357723577236,80,309.8,62.5,62.5,1.822,75.0,28.0,77.78,3.13,3.98,2.25,69.0,12.5,302.47,35,0.7166666666666667,58.824333333333335,40,0.6708333333333333,66.67833333333333,86,0.2875,28.602083333333333,84,0.30416666666666664,64.78308333333332,11,0.9125,1.7545083333333336,99,0.18333333333333332,56.82733333333333,20,0.8416666666666667,22.56933333333333,118,0.020833333333333332,3.9604166666666667,118,0.025,67.60833333333333,91,0.25,3.035416666666667,90,0.25833333333333336,4.013416666666667,46,0.625,-1.1176470588235294,-3.066666666666667,-2.7142857142857144,-2.75,-0.639985994397759,0.37398373983739835,0.28377363167818515,0.983739837398374,-1.6444697893859719,0.926829268292683,-1.4513156625244144,0.9308943089430894,-1.233466289521375,0.7804878048780488,-0.6620428971690014,0.20879999999999999,0.7337540880488469,0.8,1,0,5,1.0,5,False,3.0,WARM,3.622203712517849,20.664930985245125,70.25441313660163,70.60671108995717,74.03589719181343,25.298976677772494,1.5109471680152309,49.100942408376966,-0.23423191928571427,0.05890525142857143,-0.35803748571428573,-0.005430964285714286,0.41522037065637063,-0.14801766687258686,0.2459528552358843,0.16926751542048632,2.0,1.0,0.0,0.5,0.0,26.0,19.0,-5.5,210892.855,2025.0,0.477,0.265,0.2405,0.3585,0.984,0.4574444444444444,0.1995555555555555,0.3123333333333333,0.3507777777777778,0.9706666666666668,-0.3520000000000001,0.0,0.0251890873015873,-0.4173226587301588,0.2705665476190476,0.3447067063492063,-0.1235640476190473,0.4322553571428571,304.9555555555555,58.72666666666666,61.26444444444444,1.643888888888889,70.72222222222223,49.07555555555555,26.97222222222222,70.67855555555555,59.97444444444445,2.841111111111111,False,,2.0,0.0251890873015873,0.6131471927654585,True,True,familiar,0.3751890873015873,0,0,18.0,0,0,0,0,0.0,0.0,0.0,0.015430791022634255,0.0742526032220854,0.147730763904458,-3.1,-1.76,21,-7.2,-1.9,5.3,0.30672754834112964,0.28093071681311954,0.015314385436960691,0.10735075603678743,0.19797657072057934,0.732040219110529,0.02548156016682852,0.17728456413224417,0.3185310407722935,-0.004293994022741244,0.6131471927654585,0.015564899544002782,0.10735075603678743,0.19797657072057934,0.4600913225116945,0.0,0.7531174894117773,LOW,0.24688251058822275,410789.7751122484,0.0111582678956052,6000,6000,25,0.01380226856374542,0.014561508504346996,0.0047407557475146744,False,False,OK,3.4
32757,"Kizzire, Patton",-0.8952416666666667,0.3771854166666667,0.38965833333333333,0.36732083333333343,-0.1269125,-0.7687191666666667,0.3392172916666667,0.37461083333333334,0.3063995833333334,-0.05276375000000002,-0.6766666666666667,-0.5394416666666668,-0.7994297231660104,-0.5197333333333334,0.4660729747709038,0.38334262492763316,0.4942217357018369,0.7000000000000001,0.29999999999999993,3,8,55.4,22.0,0,0,0,0.625,3,0,1,1,40.0,10.0,0.0,230,5.442417710521793,81.17886178861788,70.0,0.07089150493186669,0.2683257867348,0.2766498493181293,0.09796098401520402,-0.9334278215376892,0.39398615487102245,0.08058942184685372,0.22581016148647967,-0.9379066453178743,0.16918747865120753,0.5934959349593496,51,0.8780487804878049,16,0.06504065040650407,116,0.5528455284552846,56,297.6,51.79,66.67,1.75,75.0,28.0,70.83,2.88,3.93,3.75,63.0,22.22,302.47,78,0.3541666666666667,58.824333333333335,95,0.2125,66.67833333333333,58,0.5208333333333334,28.602083333333333,84,0.30416666666666664,64.78308333333332,30,0.7541666666666667,1.7545083333333336,56,0.5375,56.82733333333333,20,0.8416666666666667,22.56933333333333,61,0.5,3.9604166666666667,70,0.42083333333333334,67.60833333333333,4,0.975,3.035416666666667,16,0.8708333333333333,4.013416666666667,23,0.8166666666666667,-1.3125,-1.2941176470588236,-0.2222222222222222,-0.4444444444444444,0.9699754901960784,0.4878048780487805,0.08892069050171458,0.4349593495934959,0.1280792302218714,0.17886178861788618,1.040747829539078,0.11382113821138211,1.0720892660341805,0.13821138211382114,0.947918587424836,0.8244999999999998,0.8848650242331376,0.0,0,0,2,0.5,2,False,0.0,COLD,3.471311475409836,20.673114754098357,70.21585245901639,62.66278688524589,64.11065573770492,17.037704918032784,2.60655737704918,67.8950819672131,-0.15943212708333335,-0.16482876666666668,0.1726213333333334,-0.015319979166666671,0.12973346846846842,-0.056751380180180167,0.2459528552358843,-0.11621938676741589,3.0,1.0,0.0,0.0,0.0,40.666666666666664,22.0,-2.3333333333333335,109125.0,2023.0,-0.79,0.6743333333333333,-0.1883333333333333,1.068,-0.304,-0.9555,0.617,-0.2931666666666667,1.2195,-0.6316666666666666,-0.4964999999999998,-0.4965,-0.5157974867724867,0.2275509259259259,-0.5676175925925926,0.9607179894179894,-0.8684612433862433,-0.4397025132275132,288.6666666666667,51.785,63.42499999999999,1.6153333333333333,71.58333333333333,49.605,27.666666666666668,71.41250000000001,45.56833333333333,2.99,False,,3.0,-0.5157974867724867,0.7737056144690831,True,True,experienced,-0.5324641534391533,0,0,13.0,0,0,0,0,0.0,0.0,0.0,0.0022105283644492033,0.015113477190458365,0.03326543574776845,0.1,1.44,112,-4.7,1.3,6.8,0.10312379273400349,0.08280904476862125,0.002522851203996994,0.023742486126232486,0.05982489822067385,0.24706182308859892,0.004197764579664614,0.03920956367426571,0.09625425384917491,-0.08,0.7737056144690831,0.002564120232987478,0.023742486126232486,0.05982489822067385,0.15468568910100522,0.0,0.3519513868601084,HIGH,0.6480486131398916,191538.73083583667,0.0006799743672646,100000,100000,115,0.0014047074215109067,0.0014819780509255486,0.001597630369823285,False,False,OK,0.4
47420,"Knapp, Jake",0.4072656250000001,0.33175625000000003,0.0931325,0.92326125,0.8321324999999999,0.38855781250000004,0.31796812500000005,0.08279424999999999,0.8829726250000001,0.78929425,0.9139999999999999,0.864,0.4953079456518476,-0.7089999999999999,0.28022849815032846,0.009955107310842232,1.2443411492530703,0.9,0.09999999999999998,5,2,28.5,12.0,0,0,0,1.0,0,0,1,1,40.0,10.0,0.0,42,3.7612001156935624,81.17886178861788,70.0,0.04964233826520004,0.2683257867348,-0.015166734015204034,0.09796098401520402,0.47001384512897754,0.39398615487102245,0.6571624635135204,0.22581016148647967,0.2193703338487925,0.16918747865120753,0.5691056910569106,54,0.4959349593495935,63,0.7967479674796748,26,0.975609756097561,4,311.6,60.71,65.28,1.66,60.0,27.25,72.0,2.75,4.02,5.0,65.0,30.56,302.47,28,0.775,58.824333333333335,51,0.5791666666666667,66.67833333333333,68,0.44166666666666665,28.602083333333333,101,0.1625,64.78308333333332,28,0.775,1.7545083333333336,15,0.8833333333333333,56.82733333333333,54,0.5541666666666667,22.56933333333333,6,0.9583333333333334,3.9604166666666667,14,0.8916666666666667,67.60833333333333,13,0.8958333333333334,3.035416666666667,2,0.9875,4.013416666666667,62,0.49166666666666664,-2.111111111111111,-2.176470588235294,-3.6153846153846154,-2.2,-0.7639014580191055,0.8008130081300813,-0.7096904206093966,0.8252032520325203,-0.7542737109545989,0.983739837398374,-2.3524145636233156,0.8048780487804879,-0.6834662895213752,0.8130081300813008,-0.7859583607903479,-0.27699999999999997,0.06863753427324666,2.5616000000000003,1,0,5,1.0,5,True,6.5,HOT,4.469300333174679,27.215002379819136,68.98204045692528,68.45818181818183,72.47036649214661,31.650080913850548,1.6138743455497382,56.22084721561162,-0.14944501875000002,-0.03642946999999999,-0.27648,-0.04414863125000001,0.4788485337837838,-0.1327255868243243,0.2459528552358843,0.23289567854789947,2.0,1.0,0.0,0.5,0.0,28.5,12.0,-5.0,313156.25,2025.0,-0.679,0.068,0.18,1.6475,-0.43,-0.6865555555555556,0.1068888888888888,0.1814444444444444,1.718888888888889,-0.3974444444444444,-0.1359999999999999,0.0,-0.9743336111111112,-0.1537361111111111,0.16095,1.0902216666666664,-0.9663566666666664,0.2877780555555555,287.4,54.760000000000005,61.727777777777774,1.7198888888888888,70.72222222222223,50.0,27.194444444444443,70.67855555555555,68.34333333333332,3.026666666666667,False,,2.0,-0.9743336111111112,0.6131471927654585,True,True,familiar,-0.6868336111111112,0,0,6.0,0,0,1,0,0.0,0.0,0.0,0.012422269778056862,0.06992014200338359,0.13358860217947993,-2.9,-1.62,27,-7.8,-1.5,4.7,0.2760456747555845,0.24812662163257115,0.013846789802542083,0.10735075603678743,0.18403026454533156,0.6579926000629102,0.02303963217612004,0.17728456413224417,0.2960923683336211,-0.08,0.6131471927654585,0.014073296846984853,0.10735075603678743,0.18403026454533156,0.41406851213337675,0.014151340705506837,0.7698412513449541,LOW,0.23015874865504593,378788.96933726815,0.0147968335137373,4500,4500,16,0.013564152963295146,0.014310294558975579,-0.0019976218198689225,False,False,OK,4.2
36689,"Koepka, Brooks",0.5268999999999999,0.674025,0.6292249999999999,-0.5718000000000001,1.8304749999999999,0.7474449999999999,0.52236375,0.7969737499999999,-0.32844000000000007,2.06696125,1.1189999999999998,1.2247499999999998,0.4876511175898931,0.0,0.7026754130223518,0.5563051506316812,-0.5391243926141885,0.55,0.44999999999999996,2,5,29.5,11.0,0,0,0,0.8,1,0,1,1,40.0,10.0,0.0,221,5.402677381872279,81.17886178861788,70.0,0.2540379632652,0.2683257867348,0.6990127659847959,0.09796098401520402,0.8307638451289774,0.39398615487102245,-0.5542501614864798,0.22581016148647967,0.5782575213487924,0.16918747865120753,0.7967479674796748,26,1.0,1,0.9349593495934959,9,0.07317073170731707,115,309.4,53.57,76.39,1.709,42.86,28.75,52.94,3.38,3.8,5.0,65.0,27.78,302.47,36,0.7041666666666667,58.824333333333335,88,0.2708333333333333,66.67833333333333,12,0.9083333333333333,28.602083333333333,54,0.5541666666666667,64.78308333333332,104,0.1375,1.7545083333333336,33,0.7291666666666666,56.82733333333333,94,0.225,22.56933333333333,18,0.8583333333333333,3.9604166666666667,14,0.8916666666666667,67.60833333333333,13,0.8958333333333334,3.035416666666667,118,0.025,4.013416666666667,2,0.9916666666666667,1.125,-0.5555555555555556,0.3333333333333333,-2.6666666666666665,-1.4513888888888888,0.016260162601626018,2.5264206905017144,0.17073170731707318,0.8666413217251394,0.06910569105691057,1.5963033850946333,0.9024390243902439,-1.1501329561880416,0.983739837398374,-1.4734457916601313,0.4419999999999999,0.8696529746377554,1.0,0,0,2,0.6666666666666666,2,False,1.5,NEUTRAL,4.333333333333334,24.691111111111113,70.42233333333333,73.91888888888889,59.04222222222223,21.23333333333333,2.2222222222222223,51.58888888888889,-0.2455109625,-0.3506684499999999,-0.39191999999999994,0.016422000000000003,0.6294652027027026,-0.2670692986486486,0.2459528552358843,0.3835123474668183,0.0,1.0,0.0,0.4,0.0,40.0,40.0,0.0,0.0,0.0,0.0,0.0,0.0,0.0,0.0,0.0,0.0,0.0,0.0,0.0,0.0,0.0,0.0,0.0,0.0,0.0,0.0,0.0,0.0,0.0,0.0,0.0,0.0,0.0,0.0,0.0,0.0,0.0,False,,0.0,0.0,0.0,False,False,none,0.0,0,0,9.0,0,0,1,0,0.0,0.0,0.0,0.011817583684727765,0.04951888758917875,0.11488284539145935,-0.7,0.66,86,-5.0,0.5,5.8,0.26550365579523555,0.236066385463131,0.012352343811367097,0.0704784333628186,0.15912626174118993,0.6353724542742607,0.0205530279570376,0.11639171255737557,0.256023496023496,0.0,0.0,0.012554404572637557,0.0704784333628186,0.15912626174118993,0.39825548369285335,0.0,0.7073108507197993,MEDIUM,0.29268914928020073,345687.350284457,0.0103129445701806,6500,6500,26,0.01139399527781376,0.012020760092451916,0.0018632324082021503,False,False,OK,3.2
37378,"Lee, Min Woo",0.3736600000000001,0.031870833333333334,0.32159333333333334,0.23429416666666664,0.7272541666666666,0.33749400000000007,0.006775416666666673,0.3168006666666666,0.22922308333333336,0.6611870833333333,0.7356,0.6413316666666667,0.5043999179444966,0.32566666666666666,0.06445156507709543,0.3794077088201545,0.23498310256333904,0.9,0.09999999999999998,5,3,26.666666666666668,6.0,0,0,1,1.0,0,0,1,1,40.0,10.0,0.0,30,3.4339872044851463,81.17886178861788,70.0,-0.2615503700681333,0.2683257867348,0.21883968265146259,0.09796098401520402,0.2473455117956443,0.39398615487102245,0.0034129218468536837,0.22581016148647967,0.16830652134879254,0.16918747865120753,0.1951219512195122,100,0.8130081300813008,24,0.6422764227642277,45,0.4959349593495935,63,308.8,58.93,63.89,1.674,50.0,28.0,61.54,2.88,4.03,5.25,68.0,29.17,302.47,38,0.6916666666666667,58.824333333333335,62,0.4875,66.67833333333333,78,0.35833333333333334,28.602083333333333,84,0.30416666666666664,64.78308333333332,76,0.37083333333333335,1.7545083333333336,18,0.8541666666666666,56.82733333333333,75,0.38333333333333336,22.56933333333333,10,0.925,3.9604166666666667,6,0.9541666666666667,67.60833333333333,66,0.45416666666666666,3.035416666666667,16,0.8708333333333333,4.013416666666667,67,0.44583333333333336,-0.7058823529411765,-1.6666666666666667,-0.42857142857142855,-2.1538461538461537,-0.10493428140486949,0.1991869918699187,0.6955383375605381,0.6016260162601627,-0.24446978938597175,0.2032520325203252,0.8343986231898715,0.7804878048780488,-0.6373124433675288,0.5691056910569106,-0.12699118417611188,0.04449999999999994,0.4552898954390366,1.6400000000000001,1,0,5,1.0,5,True,4.5,WARM,4.938243693479295,28.506506425511663,69.84170014278915,68.07606377915279,65.03519276534985,19.331270823417423,2.1721799143265113,59.51927653498334,-0.003184445833333336,-0.1393922933333333,-0.20522613333333334,-0.011461154166666668,0.28099013963963965,-0.09048482184684684,0.2459528552358843,0.03503728440375534,3.0,1.0,0.3333333333333333,0.6666666666666666,0.0,26.666666666666668,6.0,-4.666666666666667,344785.7133333333,2025.0,0.5433333333333333,-0.6686666666666667,0.0999999999999999,1.192,-0.0243333333333333,0.4235833333333333,-0.5,0.0399999999999999,1.1685,-0.0354166666666666,-0.7184999999999999,-0.7185,-0.0715595238095237,-0.3087794784580498,-0.1674240362811791,0.8493407029478457,-0.547201814058957,0.4951428571428571,298.78333333333336,64.43333333333334,64.70083333333334,1.7045833333333336,70.91666666666667,71.875,27.895833333333332,70.86666666666666,61.24166666666667,3.033333333333333,False,,3.0,-0.0715595238095237,0.7737056144690831,True,True,experienced,0.9284404761904761,0,0,6.0,0,0,1,0,0.0,0.0,0.0,0.010934498135456409,0.08342801462327633,0.14222975539439686,-3.6,-2.24,14,-7.6,-2.3,4.0,0.24884390229509312,0.24267184798731076,0.011194019108141308,0.12184406849208017,0.17957126567526788,0.5912346354780953,0.01862569494459192,0.2012195663281159,0.28891813783900117,0.02283296449997067,0.7737056144690831,0.011377131888776967,0.12184406849208017,0.17957126567526788,0.3732658534426397,0.0,0.7595300143050486,LOW,0.24046998569495137,387892.3742970608,0.0200192453421152,3300,3300,11,0.014187550784246066,0.014967984461866795,-0.008752950300839127,False,False,OK,5.3
35296,"Li, Haotong",0.7694999999999999,1.16625,0.8698,0.0641,1.89475,0.7694999999999999,1.16625,-0.041249999999999995,0.028750000000000026,1.89475,1.936,1.936,0.6886963480171027,-1.2033333333333334,1.0506393519789747,-0.09112607382418705,0.011613266386851312,0.8,0.19999999999999996,4,2,70.0,70.0,0,0,0,0.0,2,0,1,0,40.0,10.0,0.0,75,4.330733340286331,81.17886178861788,70.0,0.8979242132652,0.2683257867348,-0.13921098401520401,0.09796098401520402,1.5420138451289775,0.39398615487102245,-0.19706016148647965,0.22581016148647967,0.6003125213487923,0.16918747865120753,0.991869918699187,2,0.3089430894308943,86,0.991869918699187,2,0.3008130081300813,87,300.1,60.71,70.83,1.804,50.0,29.75,61.9,3.0,4.0,3.5,67.0,19.44,302.47,70,0.42083333333333334,58.824333333333335,51,0.5791666666666667,66.67833333333333,36,0.7083333333333334,28.602083333333333,24,0.8083333333333333,64.78308333333332,74,0.39166666666666666,1.7545083333333336,92,0.24166666666666667,56.82733333333333,75,0.38333333333333336,22.56933333333333,86,0.2916666666666667,3.9604166666666667,83,0.31666666666666665,67.60833333333333,41,0.6625,3.035416666666667,51,0.5833333333333334,4.013416666666667,55,0.5458333333333333,-1.2857142857142858,-0.5714285714285714,-3.6,-2.6,-2.1714285714285717,0.4634146341463415,0.11570640478742877,0.18699186991869918,0.8507683058521236,0.9715447154471545,-2.3370299482387002,0.8861788617886179,-1.0834662895213751,1.0,-2.193485474199814,-0.41600000000000026,0.8550503558920439,0.0,0,0,3,0.6,1,False,0.0,COLD,3.9607046070460705,22.60249322493225,70.06877235772359,74.79108401084011,67.56525745257454,13.82249322493225,1.9051490514905152,58.49084010840109,-0.5481375,0.01815,-0.61952,-0.0014375000000000013,0.8426756756756757,-0.32379608108108104,0.2459528552358843,0.5967228204397914,0.0,1.0,0.0,0.4,0.0,40.0,40.0,0.0,0.0,0.0,0.0,0.0,0.0,0.0,0.0,0.0,0.0,0.0,0.0,0.0,0.0,0.0,0.0,0.0,0.0,0.0,0.0,0.0,0.0,0.0,0.0,0.0,0.0,0.0,0.0,0.0,0.0,0.0,False,,0.0,0.0,0.0,False,False,none,0.0,0,0,32.0,0,0,0,0,0.0,0.0,0.0,0.01038874768327146,0.048989637239747114,0.10242792792885896,-1.5,-0.22,60,-5.5,-1.0,5.9,0.2203439531121073,0.19996914314401282,0.01088474817694849,0.0704784333628186,0.13859912415794984,0.5263840494018992,0.018111099966329123,0.11639171255737557,0.2229967066682349,0.0,0.0,0.01106280187561963,0.0704784333628186,0.13859912415794984,0.33051592966816096,0.0,0.6685752053711441,MEDIUM,0.3314247946288559,321790.06372679863,0.0038673542138177,17500,17500,74,0.007129561406270141,0.007521746774466087,0.006836630098876514,False,False,OK,1.6
33204,"Lowry, Shane",0.169425,0.8114333333333333,1.33228,0.48080833333333334,0.9946416666666668,0.1334475,0.7912461904761905,0.13642857142857143,0.3404872619047619,0.9753134523809524,1.082,0.9955357142857143,0.24183840510461213,0.05639999999999995,0.9738973825611997,-0.07435868470751697,0.46410333155756023,0.7000000000000001,0.29999999999999993,3,9,22.428571428571427,8.0,0,0,1,0.7777777777777778,2,0,1,1,40.0,10.0,0.0,29,3.4011973816621555,81.17886178861788,70.0,0.5229204037413905,0.2683257867348,0.03846758741336741,0.09796098401520402,0.6015495594146918,0.39398615487102245,0.11467710041828225,0.22581016148647967,-0.03573997865120754,0.16918747865120753,0.943089430894309,8,0.5853658536585366,52,0.8617886178861789,18,0.5853658536585366,52,309.4,62.5,69.44,1.62,66.67,26.75,68.18,3.06,3.84,5.5,63.0,31.94,302.47,36,0.7041666666666667,58.824333333333335,40,0.6708333333333333,66.67833333333333,44,0.6416666666666667,28.602083333333333,113,0.0625,64.78308333333332,42,0.6583333333333333,1.7545083333333336,4,0.9708333333333333,56.82733333333333,33,0.7333333333333333,22.56933333333333,4,0.9708333333333333,3.9604166666666667,4,0.975,67.60833333333333,4,0.975,3.035416666666667,69,0.42916666666666664,4.013416666666667,8,0.9416666666666667,-1.2666666666666666,-1.8235294117647058,-1.411764705882353,-2.0,-0.1607843137254905,0.44715447154471544,0.13475402383504798,0.6666666666666666,-0.40133253448401085,0.5853658536585366,-0.14879465412105297,0.7073170731707317,-0.48346628952137505,0.5934959349593496,-0.1828412164967329,-0.07550000000000003,0.8881941729649486,1.512,1,0,3,0.75,1,True,4.5,WARM,5.057377049180327,29.117704918032782,69.40398360655738,71.26295081967211,67.37409836065574,17.514262295081963,1.7254098360655734,43.06147540983606,-0.37188570952380956,-0.060028571428571424,-0.3185714285714286,-0.017024363095238096,0.5908644594594594,-0.2170865747104247,0.2459528552358843,0.34491160422357514,5.0,1.0,0.2,0.8,0.0,19.0,8.0,-6.4,287184.92000000004,2025.0,0.3316,1.3414,0.2073999999999999,-0.1857999999999999,1.8814,0.3134666666666666,1.5333333333333334,0.1014666666666666,-0.3714666666666666,1.9498,-0.0272,0.007,0.1255039072039072,0.8431126619412335,0.0364268525125667,-0.5948971932829075,0.997790205033062,0.1879627594627594,293.04,61.192,68.33333333333333,1.727666666666667,70.51666666666667,43.93909090909091,28.85,70.42213333333332,56.808,2.984666666666667,False,,5.0,0.1255039072039072,1.0,True,True,veteran,1.050503907203907,0,0,2.0,1,0,1,0,0.0,0.0,0.0,0.014656515139143718,0.0729943248395857,0.15407771208783055,-2.7,-1.35,33,-7.4,-1.9,4.5,0.322643116408067,0.3007203336256757,0.013846789802542083,0.1009618539627258,0.20172606416515362,0.7709398067505525,0.02303963217612004,0.16673360239429924,0.32456372456372456,0.059777419603835445,1.0,0.014073296846984853,0.1009618539627258,0.20172606416515362,0.48396467461210047,0.0,0.72,MEDIUM,0.28,417147.68763879803,0.0121545418148557,5500,5500,22,0.013846411498315872,0.014608079668658555,0.0029467112823565386,False,False,OK,3.7
52215,"MacIntyre, Robert",0.4209457894736842,-0.4788500000000001,0.20618184210526314,0.6710815789473685,-0.00011842105263157321,0.3987985789473685,-0.3963650000000001,0.06603568421052632,0.633768157894737,0.06838815789473687,-0.38319999999999993,-0.2902957894736842,0.38077173958803784,0.785,-0.6578810548097738,0.15703792039062864,0.5402137883886224,0.9,0.09999999999999998,5,3,9.0,9.0,0,0,1,0.3333333333333333,2,0,1,1,40.0,10.0,0.0,8,2.1972245773362196,81.17886178861788,70.0,-0.6646907867348001,0.2683257867348,-0.031925299804677704,0.09796098401520402,-0.6842819443447066,0.39398615487102245,0.40795799640825725,0.22581016148647967,0.22961110029616094,0.16918747865120753,0.056910569105691054,117,0.45528455284552843,68,0.14634146341463414,106,0.8943089430894309,14,305.4,57.14,55.56,1.8,61.54,28.0,71.88,3.13,4.1,3.25,70.0,18.06,302.47,48,0.6083333333333333,58.824333333333335,72,0.4041666666666667,66.67833333333333,114,0.05416666666666667,28.602083333333333,84,0.30416666666666664,64.78308333333332,29,0.7666666666666667,1.7545083333333336,87,0.2833333333333333,56.82733333333333,50,0.5916666666666667,22.56933333333333,100,0.17083333333333334,3.9604166666666667,95,0.2125,67.60833333333333,109,0.1,3.035416666666667,90,0.25833333333333336,4.013416666666667,96,0.20833333333333334,-3.0,-1.6,-1.3529411764705883,-1.6875,0.7797794117647057,0.967479674796748,-1.5985793094982854,0.5772357723577236,-0.1778031227193051,0.5528455284552846,-0.08997112470928825,0.556910569105691,-0.17096628952137505,0.17886178861788618,0.7577225089934633,0.17539999999999997,0.41611964091539294,0.6400000000000001,1,0,5,1.0,5,False,3.0,WARM,4.415159447881962,24.530042836744414,70.53645502141838,63.946178010471215,72.72274155164207,29.540790099952407,1.8725606853879107,59.755973346025705,0.18629155000000006,-0.029055701052631576,0.09289465263157894,-0.03168840789473685,-0.07854260312944523,0.07002332475106686,0.2459528552358843,-0.32449545836532956,1.0,1.0,1.0,1.0,0.0,9.0,9.0,-8.0,731250.0,2025.0,-0.229,1.478,1.003,0.402,2.252,-0.229,1.478,1.003,0.402,2.252,0.0,0.0,-0.5235958266879319,1.4492272727272728,0.829651705020126,-0.2494670862762967,1.72627678096757,0.2945958266879319,288.8,57.14,68.06,1.653,70.0,80.0,28.25,69.347,56.52,2.81,False,,1.0,-0.5235958266879319,0.3868528072345416,True,True,rookie,2.2514041733120678,0,0,24.0,0,0,0,0,0.0,0.0,0.0,0.0034794798125913043,0.028572760967262766,0.05429226384995941,-2.8,-1.46,30,-7.7,-2.0,5.8,0.14464357582899165,0.12385897374014795,0.0036533981103675684,0.042597742718064414,0.08898221231394043,0.3458225941895686,0.006078878198927217,0.0703481049374408,0.14316641911423092,0.0,0.0,0.003713160728270545,0.042597742718064414,0.08898221231394043,0.21696536374348746,0.0,0.82,LOW,0.18000000000000005,232457.81552148185,0.0133461635614101,5000,5000,19,0.006073857258105369,0.006407970089091682,-0.009761102256062741,False,False,OK,3.9
32839,"Matsuyama, Hideki",-0.2095294117647059,0.4445388235294118,0.4826088235294118,-0.0017647058823529558,0.8206829411764707,-0.22901220588235294,0.5832411764705883,0.5545236764705883,0.13664514705882352,0.9088745588235294,0.32119999999999993,0.3462411764705882,-0.2670390088469745,0.8897333333333333,0.5380877431181871,0.5405836424890067,0.17011151435884816,0.9,0.09999999999999998,6,8,9.6,5.0,0,1,4,0.625,3,0,1,1,40.0,10.0,0.0,12,2.5649493574615367,81.17886178861788,70.0,0.31491538973578825,0.2683257867348,0.4565626924553843,0.09796098401520402,-0.047744978400434235,0.39398615487102245,-0.08916501442765615,0.22581016148647967,-0.39819968453356047,0.16918747865120753,0.8455284552845529,20,0.967479674796748,5,0.45528455284552843,68,0.42276422764227645,72,301.3,58.93,56.94,1.78,83.33,28.25,64.52,3.0,4.25,3.0,70.0,18.06,302.47,67,0.45,58.824333333333335,62,0.4875,66.67833333333333,110,0.0875,28.602083333333333,75,0.38333333333333336,64.78308333333332,59,0.5125,1.7545083333333336,74,0.39166666666666666,56.82733333333333,11,0.9125,22.56933333333333,100,0.17083333333333334,3.9604166666666667,106,0.12083333333333333,67.60833333333333,109,0.1,3.035416666666667,51,0.5833333333333334,4.013416666666667,120,0.008333333333333333,-1.7777777777777777,-1.8125,-1.3125,-2.1875,0.04513888888888884,0.6544715447154471,-0.3763570872760631,0.6544715447154471,-0.390303122719305,0.5121951219512195,-0.04952994823869994,0.7967479674796748,-0.670966289521375,0.4796747967479675,0.023081986117646443,0.1212,0.4419722911821956,0.5120000000000001,0,0,5,1.0,5,False,1.0,NEUTRAL,3.855306996668254,22.00219895287958,70.69787434554974,64.41586863398383,73.75299381247025,29.84495478343646,2.005592574964303,78.71739647786768,-0.2741233529411765,-0.24399041764705887,-0.11079717647058823,-0.006832257352941177,0.4454100635930048,-0.18290682551669318,0.2459528552358843,0.19945720835712047,2.0,1.0,1.0,1.0,0.0,5.5,5.0,-12.0,950000.0,2024.0,0.999,1.161,0.592,-0.0785,2.7535,1.0225714285714285,1.225,0.6168571428571428,-0.1402857142857143,2.866285714285714,0.3299999999999996,0.0,1.0582761220277583,0.5536729449674606,0.1051638149996839,-0.1909332511952149,1.717021092647585,-0.0357046934563299,293.07142857142856,65.82000000000001,69.64285714285714,1.6900000000000002,68.89285714285714,52.65428571428571,27.642857142857142,69.27357142857143,74.60000000000001,2.8400000000000003,False,,2.0,1.0582761220277583,0.6131471927654585,True,True,familiar,3.920776122027758,0,0,41.0,0,0,0,0,0.0,0.0,0.0,0.005776871086688113,0.0390322031273147,0.08639717271896843,-2.9,-1.54,29,-7.9,-2.1,4.4,0.1834636069792804,0.17137294349220997,0.005615860593224779,0.05433888277870283,0.11303193923351082,0.43861225151178723,0.009344213660014714,0.0897380279795534,0.18186081874999496,0.08,0.6131471927654585,0.005707725350552173,0.05433888277870283,0.11303193923351082,0.2751954104689206,0.0,0.72,MEDIUM,0.28,280125.9442696945,0.0200192453421152,3300,3300,9,0.009687791640665813,0.010220701018269142,-0.014067080617974544,False,False,OK,5.3
47993,"McCarthy, Denny",-0.26955,0.22195000000000004,-0.03005,0.38963250000000005,-0.0777,-0.16966124999999999,0.11223325,-0.03247775,0.42310425,-0.08992649999999999,-0.06439999999999999,-0.06272499999999999,-0.15254561314361154,-0.2914,-0.26675341346412074,-0.06755621500053938,0.4851402479971857,0.9,0.09999999999999998,5,6,36.333333333333336,13.0,0,0,0,1.0,0,0,1,1,40.0,10.0,0.0,94,4.553876891600541,81.17886178861788,70.0,-0.1560925367348,0.2683257867348,-0.130438734015204,0.09796098401520402,-0.45671115487102243,0.39398615487102245,0.19729408851352034,0.22581016148647967,-0.3388487286512075,0.16918747865120753,0.3170731707317073,85,0.3252032520325203,84,0.24390243902439024,94,0.6991869918699187,38,274.9,53.57,66.67,1.875,60.0,30.25,66.67,2.94,4.11,3.25,70.0,18.06,302.47,119,0.016666666666666666,58.824333333333335,88,0.2708333333333333,66.67833333333333,58,0.5208333333333334,28.602083333333333,9,0.9291666666666667,64.78308333333332,50,0.5916666666666667,1.7545083333333336,117,0.03333333333333333,56.82733333333333,54,0.5541666666666667,22.56933333333333,100,0.17083333333333334,3.9604166666666667,95,0.2125,67.60833333333333,109,0.1,3.035416666666667,33,0.7291666666666666,4.013416666666667,99,0.17916666666666667,-2.8461538461538463,-1.4210526315789473,0.9230769230769231,-1.3571428571428572,1.9165702718334297,0.9349593495934959,-1.4447331556521317,0.5365853658536586,0.0011442457017476482,0.024390243902439025,2.186046974838223,0.42276422764227645,0.15939085333576775,0.008130081300813009,1.8945133690621871,-0.196,0.3111607103320099,0.0,0,0,4,0.8,0,False,0.0,COLD,3.6607567824845315,21.037325083293673,71.5422508329367,69.45905283198478,64.59550214183723,27.757258448357923,2.454902427415517,47.0015230842456,-0.05274962750000001,0.01429021,0.020072,-0.021155212500000003,0.08097627027027027,-0.011793965000000003,0.2459528552358843,-0.16497658496561404,5.0,1.0,0.0,0.4,0.0,35.4,13.0,-3.0,213100.474,2025.0,-0.0311999999999999,0.122,-0.0304,0.7844,0.0608,0.0554666666666666,0.1734666666666666,0.0667333333333333,0.8648,0.2964666666666666,0.1299999999999999,0.3929999999999999,0.2270958765962525,0.0788021183912161,-0.0421196741854636,0.2250831423797589,0.2500892349922425,-0.1716292099295858,286.87333333333333,62.14333333333333,61.758666666666656,1.714,70.93333333333334,71.90333333333334,27.783333333333335,70.83879999999999,63.60933333333333,3.0360000000000005,False,,5.0,0.2270958765962525,1.0,True,True,veteran,0.3420958765962525,0,0,999.0,0,1,0,0,0.0,0.0,0.0,0.0036390733673493034,0.02120427348202368,0.053279166384238755,-0.2,1.13,99,-5.5,0.4,6.1,0.12962274000887014,0.11404615956746698,0.003780298133182105,0.030753121371587495,0.07569385711580688,0.3104778232592991,0.0062900267676916114,0.05078728757345275,0.12178634572470125,0.010756149517678879,1.0,0.003842136593176811,0.030753121371587495,0.07569385711580688,0.1944341100133052,0.0,0.5965791420114744,ELEVATED,0.40342085798852556,221473.33226951776,0.0030117448744775,22500,22500,84,0.0034349437073687016,0.0036238942733070206,0.0007377526996693693,False,False,OK,1.3
59141,"McCarty, Matt",0.14242333333333335,-0.15616333333333335,-0.18820666666666666,0.5270400000000001,-0.20187666666666665,0.12947316666666664,0.05936583333333334,-0.1071408333333333,0.5267344999999999,0.08178116666666665,-0.10599999999999998,0.20567999999999992,0.09273003491551013,-0.2538,0.025672678034304536,-0.24523644644307277,0.5926420701510474,0.9,0.09999999999999998,6,1,20.0,20.0,0,0,0,1.0,0,0,1,1,40.0,10.0,0.0,43,3.784189633918261,81.17886178861788,70.0,-0.20895995340146667,0.2683257867348,-0.20510181734853733,0.09796098401520402,-0.18830615487102254,0.39398615487102245,0.3009243385135202,0.22581016148647967,-0.039714311984540895,0.16918747865120753,0.2682926829268293,91,0.1951219512195122,100,0.3983739837398374,75,0.8373983739837398,21,296.1,55.36,54.17,1.667,58.33,26.25,63.64,2.88,4.2,3.5,70.0,19.44,302.47,87,0.2833333333333333,58.824333333333335,81,0.3333333333333333,66.67833333333333,117,0.03333333333333333,28.602083333333333,117,0.029166666666666667,64.78308333333332,63,0.48333333333333334,1.7545083333333336,16,0.8708333333333333,56.82733333333333,59,0.5125,22.56933333333333,86,0.2916666666666667,3.9604166666666667,83,0.31666666666666665,67.60833333333333,109,0.1,3.035416666666667,16,0.8708333333333333,4.013416666666667,115,0.05,-1.2352941176470589,-1.736842105263158,-2.076923076923077,-1.9090909090909092,-0.5069388815518847,0.4268292682926829,0.1661265728546557,0.6178861788617886,-0.31464522798246297,0.8373983739837398,-0.813953025161777,0.6707317073170732,-0.3925571986122842,0.7235772357723578,-0.5289957843231271,-0.208,0.8005666927111433,0.0,0,0,5,1.0,5,False,0.0,COLD,4.03117563065207,22.393336506425513,71.46983055687768,64.57449309852451,61.09229890528321,21.351808662541647,2.403260352213232,47.17908138981437,-0.027901941666666673,0.047141966666666646,-0.06581759999999998,-0.026336724999999995,0.12574347747747744,-0.016588713063063063,0.2459528552358843,-0.12020937775840687,1.0,1.0,0.0,1.0,0.0,20.0,20.0,-4.0,240250.0,2025.0,1.098,0.511,-0.022,0.066,1.587,1.098,0.511,-0.022,0.066,1.587,0.0,0.0,0.8781911111111111,0.2775555555555555,0.0010311111111111,-0.4608933333333332,1.156711111111111,0.2198088888888889,297.8,71.43,68.06,1.816,71.0,40.0,29.0,70.347,65.22,3.0,False,,1.0,0.8781911111111111,0.3868528072345416,True,True,rookie,1.3781911111111111,0,0,41.0,0,0,0,0,0.0,0.0,0.0,0.003941892626210825,0.032676931686351045,0.06163144360927446,-2.0,-0.66,47,-6.9,-1.1,5.6,0.14975994442579793,0.13295529845126514,0.0039720830711187545,0.048677276022540114,0.0946239434785664,0.3577051494314189,0.00660913715284162,0.08038815916530379,0.15224358664514112,0.0,0.0,0.0040370587665362655,0.048677276022540114,0.0946239434785664,0.2246399166386969,0.04199489426378237,0.6643113446408816,MEDIUM,0.3356886553591184,244116.79376476165,0.0067391518973457,10000,10000,52,0.0049742067472315216,0.005247829624359713,-0.002677646303054607,False,False,OK,2.4
51950,"McGreevy, Max",0.46714583333333337,0.3042750000000001,0.04810416666666668,0.015014166666666648,0.8197716666666667,0.47887291666666676,0.30079750000000005,0.026952083333333342,0.050971083333333306,0.8068778333333333,0.7272,0.7399049999999999,0.4623949268949703,-0.4428000000000001,0.19173149296224223,0.15519677606041646,-0.04004742686104967,0.9,0.09999999999999998,5,2,20.0,20.0,0,0,0,0.5,1,0,1,1,40.0,10.0,0.0,72,4.290459441148391,81.17886178861788,70.0,0.03247171326520004,0.2683257867348,-0.07100890068187068,0.09796098401520402,0.34591884512897747,0.39398615487102245,-0.17483907815314637,0.22581016148647967,0.3096854380154592,0.16918747865120753,0.5528455284552846,56,0.42276422764227645,72,0.6910569105691057,39,0.3170731707317073,85,286.4,66.07,65.28,1.766,62.5,29.75,56.0,3.19,4.05,3.5,68.0,20.83,302.47,111,0.08333333333333333,58.824333333333335,23,0.8125,66.67833333333333,68,0.44166666666666665,28.602083333333333,24,0.8083333333333333,64.78308333333332,96,0.20416666666666666,1.7545083333333336,68,0.44166666666666665,56.82733333333333,45,0.6291666666666667,22.56933333333333,74,0.39166666666666666,3.9604166666666667,83,0.31666666666666665,67.60833333333333,66,0.45416666666666666,3.035416666666667,105,0.13333333333333333,4.013416666666667,78,0.3541666666666667,-1.6111111111111112,-1.15,-1.4545454545454546,-2.727272727272727,-0.7103535353535353,0.573170731707317,-0.20969042060939658,0.34959349593495936,0.2721968772806951,0.6056910569105691,-0.19157540278415452,0.9186991869918699,-1.2107390167941021,0.8048780487804879,-0.7324104381247777,-0.058600000000000096,0.5758164862613263,0.0,0,0,3,0.6,1,False,0.0,COLD,3.9645406949071873,23.317577344121844,70.94640314136126,71.15196573060447,60.81462160875773,15.693622084721563,2.192408376963351,50.09276534983342,-0.14137482500000004,-0.011858916666666669,-0.23676959999999997,-0.002548554166666665,0.2930827657657657,-0.10706229166666666,0.2459528552358843,0.047129910529881386,1.0,1.0,0.0,1.0,0.0,20.0,20.0,-4.0,240250.0,2025.0,1.474,1.396,-0.216,-1.001,2.655,1.474,1.396,-0.216,-1.001,2.655,0.0,0.0,1.096645833333333,1.0776249999999998,-0.3132801190476191,-0.973052976190476,1.8538145238095236,0.3773541666666667,291.4,78.57,72.22,1.8080000000000005,71.0,75.0,30.0,70.347,70.0,3.19,False,,1.0,1.096645833333333,0.3868528072345416,True,True,rookie,1.596645833333333,0,0,40.0,0,0,0,0,0.0,0.0,0.0,0.011811322221534753,0.05133364409295491,0.09859490886745151,-2.1,-0.83,43,-6.8,-1.1,5.4,0.19930856156369475,0.18428171208623917,0.012352343811367097,0.07331538914145445,0.1305850129697455,0.47540012412018323,0.0205530279570376,0.12107680735545558,0.21010253859394037,0.0,0.0,0.012554404572637557,0.07331538914145445,0.1305850129697455,0.29896284234554216,0.0,0.5927483062676434,ELEVATED,0.4072516937323566,321102.67117670004,0.0054020185843803,12500,12500,59,0.008800021931906645,0.00928409656775479,0.006767706932687201,False,False,OK,2.0
28237,"McIlroy, Rory",0.5127833333333334,1.0469708333333334,0.3118333333333333,0.32575,1.872325,0.6103808333333334,0.6988714583333334,0.24358333333333332,0.4793124999999999,1.5533537499999999,1.8605,1.4747750000000002,0.45038921746095373,-0.3430000000000001,0.6810139325107145,0.17618020044720575,0.5750037946395283,0.55,0.44999999999999996,2,9,16.833333333333332,1.0,2,2,2,0.6666666666666666,3,1,1,1,40.0,10.0,2.0,2,1.0986122886681098,81.17886178861788,70.0,0.4305456715985334,0.2683257867348,0.14562234931812928,0.09796098401520402,1.0807888451289778,0.39398615487102245,0.2535023385135202,0.22581016148647967,0.44119335468212584,0.16918747865120753,0.8943089430894309,14,0.7560975609756098,31,0.967479674796748,5,0.7804878048780488,28,305.9,58.93,77.78,1.857,100.0,30.0,87.5,2.88,3.93,4.5,65.0,26.39,302.47,45,0.6333333333333333,58.824333333333335,62,0.4875,66.67833333333333,4,0.9708333333333333,28.602083333333333,16,0.8708333333333333,64.78308333333332,3,0.9791666666666666,1.7545083333333336,112,0.07083333333333333,56.82733333333333,4,0.9708333333333333,22.56933333333333,28,0.7708333333333334,3.9604166666666667,34,0.7208333333333333,67.60833333333333,13,0.8958333333333334,3.035416666666667,16,0.8708333333333333,4.013416666666667,23,0.8166666666666667,-2.75,-2.3684210526315788,-1.25,-4.142857142857143,-0.13721804511278224,0.9186991869918699,-1.3485793094982854,0.8780487804878049,-0.9462241753508838,0.44308943089430897,0.012970051761300061,1.0,-2.626323432378518,0.5853658536585366,-0.15927494788402463,0.8399999999999999,0.9878271453730163,0.8,1,0,2,0.6666666666666666,0,False,3.0,WARM,5.277777777777778,31.327777777777776,68.991,75.30888888888889,77.5,59.26111111111111,0.75,82.22222222222221,-0.3284695854166667,-0.10717666666666666,-0.47192800000000007,-0.023965624999999997,0.7289497522522522,-0.2541769578828829,0.2459528552358843,0.48299689701636794,3.0,1.0,0.3333333333333333,0.6666666666666666,0.3333333333333333,17.666666666666668,1.0,-8.0,1628548.9400000002,2025.0,0.422,1.2253333333333334,0.0626666666666666,0.3823333333333333,1.711666666666667,0.38,1.3874545454545455,-0.086090909090909,0.734,1.6829999999999998,-0.0989999999999999,-0.0569999999999999,-0.3092811791383219,0.682711348175634,-0.3669418161203875,0.4026963718820862,0.0246785714285711,0.689281179138322,300.3090909090909,52.108181818181826,66.03454545454545,1.6723636363636365,69.68181818181819,55.84363636363637,28.022727272727273,69.58318181818181,55.74272727272728,3.0481818181818183,False,,3.0,-0.3092811791383219,0.7737056144690831,True,True,experienced,2.5823854875283443,1,0,999.0,0,1,0,0,0.0,0.0,0.0,0.032381287185091645,0.1288325620223092,0.2456062443672563,-5.8,-4.44,3,-10.8,-4.6,4.1,0.4733535901248235,0.4551471008102525,0.025386101787419756,0.1734657454451393,0.309778402117723,1.0,0.04223985890652557,0.28647026074579146,0.4984126984126984,0.08,0.7737056144690831,0.026420602823390787,0.1734657454451393,0.309778402117723,0.7100303851872352,0.0,0.82,LOW,0.18000000000000005,614295.7512818123,0.0400384906842305,1600,1600,2,0.03419658723695574,0.03607768487990128,-0.009270311467628037,False,False,OK,9.0
46442,"McNealy, Maverick",0.33846736842105263,0.38428157894736836,0.19497105263157893,0.27781894736842105,0.9175715789473684,0.32856273684210524,0.3919481578947368,0.17063710526315792,0.3010738947368421,0.8910091578947368,0.7346,0.7311715789473685,0.3183116976535615,0.11919999999999997,0.32053553345481856,0.25199563271023007,0.12386474478975348,0.9,0.09999999999999998,5,5,38.333333333333336,9.0,0,0,1,0.6,2,0,1,1,40.0,10.0,0.0,25,3.258096538021482,81.17886178861788,70.0,0.1236223711599368,0.2683257867348,0.0726761212479539,0.09796098401520402,0.33718542407634605,0.39398615487102245,0.07526373325036242,0.22581016148647967,0.1593752581908977,0.16918747865120753,0.6666666666666666,42,0.6097560975609756,49,0.6747967479674797,41,0.5365853658536586,58,311.4,53.57,62.5,1.8,44.44,28.5,74.07,3.13,4.03,2.25,69.0,15.28,302.47,30,0.7541666666666667,58.824333333333335,88,0.2708333333333333,66.67833333333333,86,0.2875,28.602083333333333,66,0.4583333333333333,64.78308333333332,24,0.8083333333333333,1.7545083333333336,87,0.2833333333333333,56.82733333333333,88,0.2708333333333333,22.56933333333333,115,0.04583333333333333,3.9604166666666667,118,0.025,67.60833333333333,91,0.25,3.035416666666667,90,0.25833333333333336,4.013416666666667,67,0.44583333333333336,-1.8,-1.4285714285714286,-1.2,-0.9230769230769231,0.5527472527472528,0.6666666666666666,-0.39857930949828546,0.5487804878048781,-0.00637455129073361,0.42276422764227645,0.0629700517613001,0.23577235772357724,0.5934567874017018,0.2601626016260163,0.5306903499760104,-0.0071000000000000065,0.6860380078014251,0.4096000000000001,0,0,4,0.8,1,False,1.0,NEUTRAL,4.184316991908615,24.403655402189436,70.19273774393147,68.03861970490243,65.14421227986674,23.775140409328895,1.9769157544026656,53.27447881960972,-0.18421563421052628,-0.07508032631578948,-0.23397490526315792,-0.015053694736842104,0.3999117980085348,-0.1393915456614509,0.2459528552358843,0.15395894277265051,3.0,1.0,0.3333333333333333,0.3333333333333333,0.0,38.333333333333336,9.0,-4.666666666666667,273066.6666666667,2024.0,-0.2046666666666666,0.0109999999999999,0.4423333333333333,0.816,0.2496666666666666,-0.2225555555555555,-0.1272222222222222,0.7502222222222222,0.8787777777777779,0.4018888888888888,-0.0805000000000003,-0.0805,-0.4540930531456847,-0.3454967649137928,0.5887355224410952,0.3746747214945358,-0.2041038281979458,0.2315374975901292,289.03333333333336,60.71555555555556,61.416666666666664,1.7326666666666668,70.5,51.388888888888886,27.11111111111111,70.71922222222221,70.53666666666666,2.96,False,,3.0,-0.4540930531456847,0.7737056144690831,True,True,experienced,0.25424028018764844,0,0,13.0,0,0,0,0,0.0,0.0,0.0,0.0134745310854017,0.06455202460511535,0.11714142922683599,-3.3,-1.96,17,-7.0,-1.9,4.5,0.23059924254649627,0.21157623926246696,0.014425088590265539,0.09668702432585649,0.1575562144261473,0.5491283320577233,0.024001861800967705,0.15967392869575286,0.25349739506366015,-0.05096785273932095,0.7737056144690831,0.014661055498769221,0.09668702432585649,0.1575562144261473,0.34589886381974444,0.0,0.72,MEDIUM,0.28,356694.45304495585,0.0121545418148557,5500,5500,23,0.013164524644496764,0.01388868334804422,0.0017288610510450084,False,False,OK,3.7
59143,"Meissner, Mac",0.07398666666666667,0.33139166666666664,0.15207500000000002,0.05250916666666663,0.5572675,0.033496000000000005,0.37517999999999996,0.17346,0.08343399999999995,0.581974,0.39625,0.40136,0.22130287213110178,-0.26426666666666665,0.4170974355774873,0.15187116542794166,0.022603820035009436,0.8,0.19999999999999996,4,1,42.0,42.0,0,0,0,1.0,0,0,1,1,40.0,10.0,0.0,106,4.672828834461906,81.17886178861788,70.0,0.10685421326519995,0.2683257867348,0.07549901598479598,0.09796098401520402,0.007373845128977541,0.39398615487102245,-0.14237616148647972,0.22581016148647967,-0.13569147865120754,0.16918747865120753,0.6341463414634146,46,0.6341463414634146,46,0.4878048780487805,64,0.34959349593495936,81,300.0,60.71,76.39,1.764,33.33,30.5,47.06,3.38,3.9,4.75,65.0,26.39,302.47,73,0.4,58.824333333333335,51,0.5791666666666667,66.67833333333333,12,0.9083333333333333,28.602083333333333,4,0.9708333333333333,64.78308333333332,115,0.05,1.7545083333333336,65,0.4666666666666667,56.82733333333333,108,0.10416666666666667,22.56933333333333,28,0.7708333333333334,3.9604166666666667,25,0.8,67.60833333333333,13,0.8958333333333334,3.035416666666667,118,0.025,4.013416666666667,15,0.8791666666666667,-2.111111111111111,-1.3157894736842106,-1.25,-2.090909090909091,0.042995746943115476,0.8008130081300813,-0.7096904206093966,0.45934959349593496,0.10640740359648437,0.44308943089430897,0.012970051761300061,0.7560975609756098,-0.5743753804304659,0.4878048780487805,0.02093884417187308,-0.06559999999999996,0.6099180272790762,0.0,0,0,4,0.8,0,False,0.0,COLD,4.156504065040651,23.951734417344177,70.5000027100271,72.23444444444445,60.39962059620597,30.37230352303523,2.2113821138211383,48.870596205962066,-0.17633459999999995,-0.0763224,-0.1284352,-0.004171699999999998,0.27971902702702695,-0.10973476216216216,0.2459528552358843,0.033766171791142635,1.0,1.0,0.0,0.0,0.0,42.0,42.0,0.0,81687.5,2025.0,0.303,-0.773,0.423,0.701,-0.047,0.303,-0.773,0.4229999999999999,0.701,-0.047,0.0,0.0,0.1893196581196581,-1.2019880341880342,0.2516871794871794,0.6253017094017094,-0.7609820512820513,0.1136803418803418,290.8,57.14,52.779999999999994,1.658,72.0,85.71,27.0,71.347,67.65,3.19,False,,1.0,0.1893196581196581,0.3868528072345416,True,True,rookie,0.13931965811965805,0,0,999.0,0,1,0,0,0.0,0.0,0.0,0.004499129585490101,0.02958708153789387,0.06723200919635558,-1.1,0.2,71,-5.1,-0.1,6.1,0.15318372210430017,0.13613256762636364,0.0047984211316254065,0.04410572281788971,0.09368663158443992,0.3663179685499991,0.00798407858249389,0.07283846089381628,0.1507355145935965,0.0,0.0,0.004876914140042178,0.04410572281788971,0.09368663158443992,0.22977558315645025,-0.015538927104893237,0.5846098508084171,ELEVATED,0.4153901491915829,246073.79228743401,0.0038673542138177,17500,17500,81,0.004311608967208754,0.0045487834375533935,0.000768297163240205,False,False,OK,1.6
39546,"Mitchell, Keith",0.5432466666666667,0.6166366666666666,-0.08846666666666667,-0.43542000000000003,1.1250799999999999,0.6878840476190475,0.29395933333333335,-0.12880938095238095,-0.2207621428571429,0.8530345714285714,1.3783999999999998,1.1046009523809526,0.6436596355487254,-0.10006666666666675,0.488839449016274,-0.1856281261391942,-0.40562511405680624,0.9,0.09999999999999998,7,7,49.0,13.0,0,0,0,0.7142857142857143,2,0,1,1,40.0,10.0,0.0,114,4.74493212836325,81.17886178861788,70.0,0.02563354659853334,0.2683257867348,-0.22677036496758496,0.09796098401520402,0.7106147975099302,0.39398615487102245,-0.4465723043436226,0.22581016148647967,0.51869656896784,0.16918747865120753,0.5284552845528455,59,0.17886178861788618,102,0.8861788617886179,15,0.10569105691056911,111,316.6,50.0,73.61,1.698,25.0,28.5,63.16,2.94,3.89,5.0,64.0,27.78,302.47,13,0.8958333333333334,58.824333333333335,102,0.15416666666666667,66.67833333333333,25,0.7958333333333333,28.602083333333333,66,0.4583333333333333,64.78308333333332,67,0.44583333333333336,1.7545083333333336,26,0.7875,56.82733333333333,116,0.041666666666666664,22.56933333333333,18,0.8583333333333333,3.9604166666666667,14,0.8916666666666667,67.60833333333333,7,0.9458333333333333,3.035416666666667,33,0.7291666666666666,4.013416666666667,13,0.8958333333333334,-2.7222222222222223,-2.0,-0.2857142857142857,-1.4615384615384615,1.4874847374847375,0.9105691056910569,-1.3208015317205077,0.7601626016260162,-0.577803122719305,0.1910569105691057,0.9772557660470144,0.4634146341463415,0.0549952489401635,0.04065040650406504,1.465427834713495,0.04609999999999995,0.664144890347091,1.0,0,0,5,1.0,5,False,1.5,NEUTRAL,4.431223227034746,24.786968110423608,70.64850975725845,72.38446930033318,56.836458829128986,26.472460732984292,2.5681818181818183,44.00649214659686,-0.13816088666666668,0.05667612761904761,-0.35347230476190483,0.011038107142857145,0.29341226769626777,-0.11368085037323039,0.2459528552358843,0.04745941246038346,3.0,1.0,0.0,0.3333333333333333,0.0,40.333333333333336,13.0,-2.0,163712.96333333332,2024.0,0.2533333333333333,-0.0473333333333333,0.1726666666666666,0.0193333333333333,0.3793333333333333,0.146,-0.0017777777777777,0.0482222222222221,-0.191,0.1934444444444444,-0.4830000000000002,-0.4830000000000001,-0.5845469187675071,-0.2403562091503267,0.0714878618113911,-0.1676346872082166,-0.7270427170868348,0.7305469187675071,298.87777777777774,53.57333333333333,64.65777777777777,1.7214444444444448,71.77777777777777,71.69,28.583333333333332,71.997,53.31444444444444,3.0644444444444443,False,,3.0,-0.5845469187675071,0.7737056144690831,True,True,experienced,-0.5928802521008404,0,0,6.0,0,0,1,0,0.0,0.0,0.0,0.012839121952595126,0.048447863233639726,0.09711137836027146,-1.3,-0.04,65,-6.2,-0.2,6.0,0.2134535552559166,0.18757693861942476,0.014425088590265539,0.07256968812573703,0.13660780954854593,0.5095947160395983,0.024001861800967705,0.11984531831499523,0.21979281485048172,-0.08,0.7737056144690831,0.014661055498769221,0.07256968812573703,0.13660780954854593,0.32018033288387493,0.0,0.7840350773519239,LOW,0.2159649226480761,322446.2790625067,0.0067391518973457,10000,10000,41,0.01010615711221718,0.010662080081702406,0.006489560952292875,False,False,OK,2.4
49947,"Moore, Taylor",0.5071028846153847,-0.5681826923076924,0.5369999999999999,0.16448557692307694,0.47594711538461537,0.4660053846153846,-0.43880769230769234,0.5162,0.13337307692307696,0.5434346153846153,-0.29874999999999996,-0.16292307692307692,0.41136685202285983,-0.13520000000000004,-0.5629080436096893,0.4618462584577102,0.32019266483174463,0.8,0.19999999999999996,4,4,33.0,31.0,0,0,0,0.75,1,0,1,1,40.0,10.0,0.0,140,4.948759890378168,81.17886178861788,70.0,-0.7071334790424924,0.2683257867348,0.41823901598479596,0.09796098401520402,-0.5569092317940993,0.39398615487102245,-0.09243708456340272,0.22581016148647967,0.29681790596417706,0.16918747865120753,0.04878048780487805,118,0.959349593495935,6,0.1951219512195122,100,0.3983739837398374,75,311.6,39.29,66.67,1.646,50.0,26.25,75.0,2.63,4.0,5.0,67.0,29.17,302.47,28,0.775,58.824333333333335,120,0.008333333333333333,66.67833333333333,58,0.5208333333333334,28.602083333333333,117,0.029166666666666667,64.78308333333332,19,0.85,1.7545083333333336,10,0.9208333333333333,56.82733333333333,75,0.38333333333333336,22.56933333333333,10,0.925,3.9604166666666667,14,0.8916666666666667,67.60833333333333,41,0.6625,3.035416666666667,1,1.0,4.013416666666667,55,0.5458333333333333,-0.6666666666666666,-1.8125,-1.6,-1.3,-0.21041666666666692,0.18699186991869918,0.734754023835048,0.6544715447154471,-0.390303122719305,0.6382113821138211,-0.33702994823870003,0.4065040650406504,0.2165337104786249,0.6422764227642277,-0.2324735694379093,-0.3385000000000001,0.7025252071396917,1.0,1,0,4,1.0,4,False,3.5,WARM,3.867208672086721,21.955257452574532,70.6840406504065,63.65742547425475,74.12964769647697,26.73658536585366,1.7188346883468837,59.42168021680217,0.20623961538461538,-0.227128,0.05213538461538461,-0.006668653846153848,-0.020804365904365935,0.017102754677754677,0.2459528552358843,-0.26675722114025024,3.0,1.0,0.0,0.0,0.0,33.0,31.0,-4.333333333333333,134409.72,2025.0,0.4093333333333333,0.7853333333333333,-0.0806666666666666,-0.0303333333333333,1.1153333333333333,0.4261666666666666,0.7874166666666667,-0.0259999999999999,-0.0968333333333333,1.1889166666666666,0.101,0.101,0.0783532791962938,1.0380344861021331,-0.4876278011204482,-0.3202133847769877,0.631218394473174,0.3478133874703727,297.26666666666665,61.309999999999995,65.27666666666666,1.76725,70.95833333333333,22.985833333333336,29.125,70.90833333333333,59.504999999999995,3.170833333333333,False,,3.0,0.0783532791962938,0.7737056144690831,True,True,experienced,0.25335327919629386,0,0,2.0,1,0,1,0,0.0,0.0,0.0,0.0038794742698236304,0.02412761653477348,0.05741343227968703,-0.8,0.52,82,-5.8,0.4,6.3,0.13752690075212518,0.12071766177978477,0.004110911362636215,0.035670671741553306,0.0819689576554496,0.3291773650352767,0.0068401331322573145,0.05890838337308541,0.131882562153585,-0.009133303319837392,0.7737056144690831,0.004178158023847609,0.035670671741553306,0.0819689576554496,0.20629035112818778,0.0,0.747727078682521,MEDIUM,0.252272921317479,229196.938021043,0.0019391861584954,35000,35000,95,0.002993503256361453,0.003158170914004375,0.0020580070539800736,False,False,OK,0.9
50525,"Morikawa, Collin",0.49040312500000005,1.004678125,0.07455625,-0.05775625,1.56984375,0.49111,0.96268,0.05582000000000001,-0.283875,1.5098,1.6065,1.54295,0.5000705831802736,0.15526666666666672,0.9540614542384408,0.08144265503270177,0.08220342219212395,0.8,0.19999999999999996,4,5,27.25,10.0,0,0,1,0.8,1,0,1,1,40.0,10.0,0.0,4,1.6094379124341003,81.17886178861788,70.0,0.6943542132652,0.2683257867348,-0.04214098401520401,0.09796098401520402,1.1489638451289776,0.39398615487102245,-0.5096851614864797,0.22581016148647967,0.32192252134879246,0.16918747865120753,0.967479674796748,5,0.43902439024390244,70,0.975609756097561,4,0.08943089430894309,113,307.5,67.86,65.28,1.681,66.67,27.75,68.0,2.94,4.03,4.0,66.0,25.0,302.47,41,0.6625,58.824333333333335,17,0.8625,66.67833333333333,68,0.44166666666666665,28.602083333333333,92,0.2375,64.78308333333332,43,0.6458333333333334,1.7545083333333336,22,0.825,56.82733333333333,33,0.7333333333333333,22.56933333333333,39,0.6833333333333333,3.9604166666666667,56,0.5375,67.60833333333333,23,0.8125,3.035416666666667,33,0.7291666666666666,4.013416666666667,67,0.44583333333333336,-2.875,-1.8823529411764706,-0.5714285714285714,-1.6666666666666667,1.2596288515406164,0.9471544715447154,-1.4735793094982854,0.7073170731707317,-0.46015606389577557,0.24390243902439024,0.6915414803327287,0.540650406504065,-0.1501329561880418,0.06504065040650407,1.237571948769374,0.10719999999999996,0.9588418940460297,2.3120000000000003,2,1,4,0.8,2,True,10.0,HOT,4.9159891598916,28.25246612466125,69.60449322493226,71.55620596205964,62.95197831978321,34.54493224932249,2.100948509485095,62.899376693766946,-0.4524596,-0.0245608,-0.49374400000000007,0.014193750000000002,0.6565854054054053,-0.27117991081081083,0.2459528552358843,0.41063255016952105,4.0,1.0,0.25,0.5,0.0,27.25,10.0,-5.0,306869.7925,2025.0,0.6315,1.11375,0.05075,-0.514,1.7965,0.6196923076923078,1.1696153846153847,0.1916153846153846,-0.5028461538461539,1.9816153846153848,-0.0175428571428571,0.283,0.1573378468753469,0.2969361835060365,0.0625613231539702,-0.4011887963343846,0.5067853491279963,0.4623544608169608,286.88461538461536,67.99692307692308,67.73307692307692,1.7296153846153846,70.57692307692308,28.315384615384616,28.596153846153847,70.52107692307692,56.214615384615385,2.976153846153846,False,,4.0,0.1573378468753469,0.8982444017039272,True,True,experienced,0.9760878468753469,0,0,5.0,1,0,2,0,0.0,0.0,0.0,0.02973366428809132,0.1260650375047415,0.20939789627032807,-6.0,-4.71,2,-8.9,-3.9,4.1,0.3592466887050622,0.35558473202152463,0.026186373472158877,0.1734657454451393,0.25791162874510426,0.8537298940679456,0.043571428571428567,0.28647026074579146,0.4149625343667789,0.05100219322886311,0.8982444017039272,0.026614732546315138,0.1734657454451393,0.25791162874510426,0.5388700330575933,0.0,0.82,LOW,0.18000000000000005,556209.7307664689,0.0358239127174694,1800,1800,3,0.03207619248864927,0.033840650727331605,-0.006032568343986987,False,False,OK,8.2
63121,"Mouw, William",-0.15205888888888885,0.3889694444444444,-0.2693527777777778,0.4136,0.2506583333333333,0.19955861111111106,0.2798831944444444,-0.08704402777777781,0.41828,0.3928620833333333,0.5680000000000001,0.5063000000000001,0.28231893981374984,-0.40806666666666674,0.5476562884487935,-0.10128166517389273,0.5467181323335771,0.55,0.44999999999999996,2,0,40.0,40.0,0,0,0,0.5,0,0,0,0,40.0,10.0,,126,4.844187086458591,81.17886178861788,70.0,0.011557407709644418,0.2683257867348,-0.18500501179298184,0.09796098401520402,0.11231384512897763,0.39398615487102245,0.1924698385135203,0.22581016148647967,0.030371132459903527,0.16918747865120753,0.5121951219512195,61,0.23577235772357724,95,0.5528455284552846,56,0.6829268292682927,40,319.3,73.21,77.78,1.786,100.0,29.75,75.0,3.06,3.93,4.75,67.0,26.39,302.47,6,0.9583333333333334,58.824333333333335,4,0.9708333333333333,66.67833333333333,4,0.9708333333333333,28.602083333333333,24,0.8083333333333333,64.78308333333332,19,0.85,1.7545083333333336,78,0.35833333333333334,56.82733333333333,4,0.9708333333333333,22.56933333333333,28,0.7708333333333334,3.9604166666666667,25,0.8,67.60833333333333,41,0.6625,3.035416666666667,69,0.42916666666666664,4.013416666666667,23,0.8166666666666667,-1.368421052631579,-0.6666666666666666,-2.4444444444444446,-1.2,-0.8046783625730995,0.5121951219512195,0.0329996378701356,0.2032520325203252,0.7555302106140284,0.9105691056910569,-1.1814743926831446,0.34959349593495936,0.316533710478625,0.8292682926829268,-0.8267352653443419,1.9219999999999997,0.8567639374089251,1.0,0,0,1,0.2,1,False,1.5,NEUTRAL,3.861111111111111,22.07,69.89855555555556,72.84222222222223,65.74222222222222,10.984444444444444,2.0,70.36888888888889,-0.13154510138888886,0.03829937222222224,-0.16201600000000005,-0.020914,0.25823075825825825,-0.0751128512012012,0.2459528552358843,0.012277903022373943,0.0,1.0,0.0,0.4,0.0,40.0,40.0,0.0,0.0,0.0,0.0,0.0,0.0,0.0,0.0,0.0,0.0,0.0,0.0,0.0,0.0,0.0,0.0,0.0,0.0,0.0,0.0,0.0,0.0,0.0,0.0,0.0,0.0,0.0,0.0,0.0,0.0,0.0,False,,0.0,0.0,0.0,False,False,none,0.0,0,0,6.0,0,0,1,0,0.0,0.0,0.0,0.003898961006624597,0.0318135679268436,0.06075536394913339,-1.1,0.25,72,-5.6,-0.1,6.0,0.16139030234780882,0.1385947508371841,0.004064956133012831,0.04716375749941352,0.09908491424868411,0.3858896841341356,0.006763668363008234,0.07788865677161197,0.15942098979485975,0.0,0.0,0.004131451054406757,0.04716375749941352,0.09908491424868411,0.24208545352171323,0.007101177455683315,0.43876296292120553,HIGH,0.5612370370787945,245106.3645539973,0.0013585915002633,50000,50000,109,0.0026046338798672965,0.002747910476979291,0.0026586797554357107,False,False,OK,0.7
27349,"Noren, Alex",-0.06691666666666667,0.13243333333333332,0.45415833333333333,0.42494166666666666,0.5197916666666667,-0.032141666666666666,0.14270333333333332,0.42806083333333333,0.46650916666666664,0.5388041666666666,0.2451,0.05406666666666664,-0.03722902664086808,-0.16133333333333333,-0.01004198273784948,0.4017657512488264,0.4743713659212229,0.7000000000000001,0.29999999999999993,3,7,18.0,10.0,0,0,1,0.5714285714285714,3,0,1,1,40.0,10.0,0.0,17,2.8903717578961645,81.17886178861788,70.0,-0.1256224534014667,0.2683257867348,0.3300998493181293,0.09796098401520402,-0.3399194882043558,0.39398615487102245,0.24069900518018697,0.22581016148647967,-0.20132914531787421,0.16918747865120753,0.34146341463414637,82,0.9186991869918699,11,0.3170731707317073,85,0.7398373983739838,33,305.3,67.86,65.28,1.745,50.0,28.75,64.0,3.06,4.13,3.0,69.0,18.06,302.47,49,0.5958333333333333,58.824333333333335,17,0.8625,66.67833333333333,68,0.44166666666666665,28.602083333333333,54,0.5541666666666667,64.78308333333332,61,0.5,1.7545083333333336,52,0.5708333333333333,56.82733333333333,75,0.38333333333333336,22.56933333333333,100,0.17083333333333334,3.9604166666666667,106,0.12083333333333333,67.60833333333333,91,0.25,3.035416666666667,69,0.42916666666666664,4.013416666666667,104,0.14166666666666666,-2.210526315789474,-0.9333333333333333,-2.1666666666666665,-1.4545454545454546,-0.23867623604465704,0.8292682926829268,-0.8091056252877593,0.2601626016260163,0.48886354394736165,0.8536585365853658,-0.9036966149053665,0.45528455284552843,0.061988255933170366,0.6504065040650406,-0.26073313881589943,-1.179203722792455e-16,0.8104868221562204,0.0,0,0,3,0.6,3,False,0.0,COLD,4.295081967213115,24.431803278688523,70.88977049180328,67.9206557377049,66.00393442622949,32.24016393442623,2.0,68.26622950819672,-0.06707056666666666,-0.18834676666666664,-0.017301333333333325,-0.023325458333333333,0.2507757657657657,-0.08064808693693692,0.2459528552358843,0.004822910529881402,2.0,1.0,0.0,0.5,0.0,22.5,19.0,-6.5,214267.855,2024.0,0.406,0.664,0.272,0.0955,1.344,0.487,0.466,0.337,0.1776666666666666,1.2926666666666666,0.2429999999999999,0.0,0.5475857142857143,0.2632557156195812,-0.0706035881019074,-0.3907842336934775,0.7359872482326264,-0.0605857142857142,285.43333333333334,60.71333333333333,74.07666666666667,1.788,70.16666666666667,58.333333333333336,29.416666666666668,70.53,72.22333333333334,3.143333333333333,False,,2.0,0.5475857142857143,0.6131471927654585,True,True,familiar,0.9850857142857143,0,0,24.0,0,0,0,0,0.0,0.0,0.0,0.006208694696486346,0.035738994222703255,0.07768862973525138,-2.1,-0.8,45,-7.0,-1.0,5.2,0.16535620400890838,0.1533817581502276,0.006151652664036856,0.04997371826076112,0.10242030269173716,0.3952459339511366,0.01023571648561012,0.0825291706086408,0.16478740637778486,0.059609061278046604,0.6131471927654585,0.006252281956691654,0.04997371826076112,0.10242030269173716,0.24803430601336257,0.0,0.72,MEDIUM,0.28,268126.43117774115,0.0095866808680552,7000,7000,32,0.007521829968244245,0.007935593380536173,-0.0031895892589759263,False,False,OK,3.1
51997,"Novak, Andrew",-0.11295882352941178,0.18444926470588233,-0.04638088235294117,0.3916007352941177,0.06817205882352946,-0.08434352941176472,0.18359470588235294,0.009897647058823537,0.4032452941176471,0.1092788235294118,0.247,0.03965882352941181,-0.07792585459807963,-0.2336,0.11105551088913951,-0.08649031898264165,0.5557669924138793,0.8,0.19999999999999996,4,3,70.0,70.0,0,0,0,0.0,3,0,1,0,40.0,10.0,0.0,47,3.871201010907891,81.17886178861788,70.0,-0.08473108085244707,0.2683257867348,-0.08806333695638048,0.09796098401520402,-0.35432733134161065,0.39398615487102245,0.17743513263116742,0.22581016148647967,-0.25353100806297224,0.16918747865120753,0.3821138211382114,77,0.36585365853658536,79,0.2926829268292683,88,0.6585365853658537,43,297.9,58.93,58.33,1.81,50.0,28.5,66.67,3.06,4.05,3.25,71.0,18.06,302.47,77,0.36666666666666664,58.824333333333335,62,0.4875,66.67833333333333,104,0.1375,28.602083333333333,66,0.4583333333333333,64.78308333333332,50,0.5916666666666667,1.7545083333333336,94,0.225,56.82733333333333,75,0.38333333333333336,22.56933333333333,100,0.17083333333333334,3.9604166666666667,95,0.2125,67.60833333333333,116,0.0375,3.035416666666667,69,0.42916666666666664,4.013416666666667,78,0.3541666666666667,-1.9375,-0.2777777777777778,0.0,-0.15384615384615385,1.030715811965812,0.7073170731707317,-0.5360793094982854,0.08536585365853659,1.144419099502917,0.13821138211382114,1.2629700517613,0.06504065040650407,1.362687556632471,0.10569105691056911,1.0086589091945695,-0.10279999999999997,0.7122386893572155,0.5120000000000001,0,0,4,0.8,4,False,1.0,NEUTRAL,4.2093495934959355,24.065420054200544,71.81944715447155,63.43406504065041,61.027723577235776,21.897696476964768,2.6673441734417347,51.73441734417345,-0.08628951176470587,-0.004354964705882356,-0.012690823529411779,-0.020162264705882352,0.13725713831478537,-0.035519318600953885,0.2459528552358843,-0.10869571692109894,0.0,1.0,0.0,0.4,0.0,40.0,40.0,0.0,0.0,0.0,0.0,0.0,0.0,0.0,0.0,0.0,0.0,0.0,0.0,0.0,0.0,0.0,0.0,0.0,0.0,0.0,0.0,0.0,0.0,0.0,0.0,0.0,0.0,0.0,0.0,0.0,0.0,0.0,False,,0.0,0.0,0.0,False,False,none,0.0,0,0,38.0,0,0,0,0,0.0,0.0,0.0,0.0031282090981873986,0.025160277554804086,0.048598093476727056,-0.9,0.43,77,-6.4,0.1,6.4,0.13955606346107088,0.11733640858553457,0.003284573302129564,0.037473058467497364,0.08387442437366714,0.3339366028801562,0.005465191702605045,0.06188493758568206,0.13494833046496482,0.0,0.0,0.0033383026503416968,0.037473058467497364,0.08387442437366714,0.20933409519160634,0.0,0.5608304611698358,ELEVATED,0.4391695388301642,223428.39182542532,0.0019391861584954,35000,35000,96,0.002630565423950944,0.0027752684723668557,0.0012839454580076666,False,False,OK,0.9
33968,"Olesen, Thorbjørn",0.4514,0.661425,-0.670525,0.34958,0.44237499999999996,0.32996142857142857,0.40119517857142856,-0.1424301785714286,0.3021717857142857,0.5888919642857143,1.429,0.8419571428571428,0.19118702894235648,0.41953333333333337,0.4600043121899721,-0.09630589399912255,0.5617418264342957,0.35,0.65,1,1,41.0,41.0,0,0,0,1.0,0,0,1,1,40.0,10.0,0.0,102,4.634728988229636,81.17886178861788,70.0,0.13286939183662855,0.2683257867348,-0.24039116258663262,0.09796098401520402,0.4479709879861204,0.39398615487102245,0.07636162422780604,0.22581016148647967,0.16077394992022104,0.16918747865120753,0.6991869918699187,38,0.16260162601626016,104,0.7804878048780488,28,0.5447154471544715,57,291.3,51.79,73.61,1.774,40.0,29.5,68.42,3.25,3.95,3.25,68.0,18.06,302.47,101,0.16666666666666666,58.824333333333335,95,0.2125,66.67833333333333,25,0.7958333333333333,28.602083333333333,32,0.7416666666666667,64.78308333333332,40,0.6708333333333333,1.7545083333333336,71,0.4166666666666667,56.82733333333333,100,0.175,22.56933333333333,100,0.17083333333333334,3.9604166666666667,95,0.2125,67.60833333333333,66,0.45416666666666666,3.035416666666667,112,0.07083333333333333,4.013416666666667,33,0.7291666666666666,-2.2941176470588234,-1.4,-1.3846153846153846,-1.2727272727272727,0.5183874948580829,0.8455284552845529,-0.8926969565571088,0.524390243902439,0.022196877280695082,0.5609756097560976,-0.12164533285408452,0.3983739837398374,0.24380643775135225,0.2682926829268293,0.4963305920868405,0.0,0.4714045207910317,0.0,0,0,1,0.3333333333333333,1,False,0.0,COLD,3.25,18.06,70.741,73.61,68.42,14.29,1.5,40.0,-0.18856173392857142,0.06266927857142858,-0.26942628571428573,-0.015108589285714286,0.34542392857142856,-0.11220367915057913,0.2459528552358843,0.09947107333554425,0.0,1.0,0.0,0.4,0.0,40.0,40.0,0.0,0.0,0.0,0.0,0.0,0.0,0.0,0.0,0.0,0.0,0.0,0.0,0.0,0.0,0.0,0.0,0.0,0.0,0.0,0.0,0.0,0.0,0.0,0.0,0.0,0.0,0.0,0.0,0.0,0.0,0.0,False,,0.0,0.0,0.0,False,False,none,0.0,0,0,40.0,0,0,0,0,0.0,0.0,0.0,0.010386141385784314,0.03457728934667649,0.07730509911316404,-1.3,-0.01,66,-5.3,-0.5,5.8,0.17612458206662823,0.15722458280906193,0.01088474817694849,0.04797829601845944,0.10622660785853616,0.4213870485066411,0.018111099966329123,0.07923382760830822,0.17091149642472603,0.0,0.0,0.01106280187561963,0.04797829601845944,0.10622660785853616,0.2641868730999424,0.0,0.5054998465999474,ELEVATED,0.4945001534000526,281991.86222594447,0.004507644646569,15000,15000,63,0.007577513645553689,0.007994340124736226,0.006193654283029275,False,False,OK,1.7
48153,"Pavon, Matthieu",-0.9198550000000001,-0.5592949999999999,-0.11096083333333333,0.74735,-0.6987241666666666,-0.005396000000000005,-0.5194759999999999,-0.194982,0.6226800000000001,-0.719886,-0.7569999999999999,-0.6602933333333332,-0.019448579701995067,-0.06486666666666668,-0.6163704417409269,-0.028717472002454267,0.8285334471630472,0.8,0.19999999999999996,4,2,54.0,54.0,0,0,0,0.5,1,0,1,1,40.0,10.0,0.0,263,5.575949103146316,81.17886178861788,70.0,-0.7878017867348,0.2683257867348,-0.292942984015204,0.09796098401520402,-1.0542794882043556,0.39398615487102245,0.3968698385135204,0.22581016148647967,-0.17458347865120755,0.16918747865120753,0.024390243902439025,121,0.0975609756097561,112,0.04878048780487805,118,0.8861788617886179,15,296.5,67.86,69.44,1.72,25.0,28.5,63.64,3.19,3.93,3.75,69.0,20.83,302.47,85,0.3,58.824333333333335,17,0.8625,66.67833333333333,44,0.6416666666666667,28.602083333333333,66,0.4583333333333333,64.78308333333332,63,0.48333333333333334,1.7545083333333336,38,0.6916666666666667,56.82733333333333,116,0.041666666666666664,22.56933333333333,74,0.39166666666666666,3.9604166666666667,70,0.42083333333333334,67.60833333333333,91,0.25,3.035416666666667,105,0.13333333333333333,4.013416666666667,23,0.8166666666666667,-1.1333333333333333,0.0,0.21428571428571427,-0.3333333333333333,0.5071428571428571,0.3821138211382114,0.2680873571683813,0.06097560975609756,1.422196877280695,0.0975609756097561,1.4772557660470143,0.08943089430894309,1.1832003771452917,0.2845528455284553,0.4850859543716147,0.12940000000000004,0.6354700797222653,0.0,0,0,4,0.8,3,False,0.0,COLD,4.198833888624465,23.66425035697287,70.75522465492622,68.33307948595906,63.48856734888149,35.45559257496431,2.257139457401238,35.16896715849596,0.24415371999999996,0.08579207999999999,0.21129386666666664,-0.031134000000000005,-0.2808132972972972,0.14871908756756752,0.2459528552358843,-0.5267661525331815,1.0,1.0,0.0,0.0,0.0,54.0,54.0,3.0,58250.0,2025.0,-0.407,1.447,-1.413,0.276,-0.372,-0.4069999999999999,1.447,-1.413,0.276,-0.372,0.0,0.0,-0.4249333333333333,1.697577777777778,-1.182611111111111,-0.3492666666666666,0.0909888888888889,0.0179333333333333,303.4,55.36,62.5,1.8,72.75,42.86,29.0,72.097,59.260000000000005,3.44,False,,1.0,-0.4249333333333333,0.3868528072345416,True,True,rookie,-0.7749333333333334,0,0,17.0,0,0,0,0,0.0,0.0,0.0,0.0009423267110797117,0.007811563754788261,0.014733266748376463,0.5,1.82,119,-4.0,1.9,6.9,0.08935372820580663,0.0657504444093603,0.0007320325644660136,0.013895780753437594,0.0481948477772417,0.2145827560456629,0.001218026796589525,0.022948207586970377,0.0775422817279423,0.0,0.0,0.0007440072196010701,0.013895780753437594,0.0481948477772417,0.13403059230870995,0.0,0.5541965367460602,ELEVATED,0.4458034632539398,167147.06793534852,0.0006799743672646,100000,100000,120,0.0008420012426941857,0.0008883183369122183,0.0002909463481429031,False,False,OK,0.4
40250,"Pendrith, Taylor",0.3559569444444445,0.5649927777777778,0.09024027777777778,-0.04838194444444442,0.528825,0.38927666666666666,0.07771666666666667,0.08503666666666668,-0.007016666666666664,0.55216,0.36174999999999996,0.40565555555555555,0.3160687486155716,0.09886666666666666,-0.01450565156951572,0.10529630498870049,-0.23389590608461747,0.8,0.19999999999999996,4,4,40.0,13.0,0,0,0,0.75,1,0,1,1,40.0,10.0,0.0,66,4.204692619390966,81.17886178861788,70.0,-0.19060912006813335,0.2683257867348,-0.012924317348537342,0.09796098401520402,0.011669400684533093,0.39398615487102245,-0.23282682815314634,0.22581016148647967,0.22008918801545913,0.16918747865120753,0.2845528455284553,89,0.5040650406504065,62,0.4959349593495935,63,0.24390243902439024,94,310.8,64.29,76.39,1.964,33.33,32.5,52.94,3.25,4.05,4.0,71.0,22.22,302.47,33,0.7333333333333333,58.824333333333335,31,0.75,66.67833333333333,12,0.9083333333333333,28.602083333333333,1,1.0,64.78308333333332,104,0.1375,1.7545083333333336,120,0.008333333333333333,56.82733333333333,108,0.10416666666666667,22.56933333333333,61,0.5,3.9604166666666667,56,0.5375,67.60833333333333,116,0.0375,3.035416666666667,112,0.07083333333333333,4.013416666666667,78,0.3541666666666667,-2.0555555555555554,-1.8571428571428572,-0.9333333333333333,-2.2857142857142856,0.3468253968253967,0.7479674796747967,-0.6541348650538408,0.6991869918699187,-0.4349459798621622,0.3170731707317073,0.3296367184279667,0.8292682926829268,-0.7691805752356606,0.34959349593495936,0.3247684940541543,0.1697,0.7369649136496373,0.6400000000000001,0,0,4,0.8,4,False,1.0,NEUTRAL,4.32520325203252,24.329485094850952,71.15106775067751,70.64073170731709,61.32363143631438,30.066964769647704,2.897018970189702,45.03861788617886,-0.036526833333333335,-0.03741613333333334,-0.12980977777777777,0.0003508333333333332,0.14572342342342343,-0.05347746846846846,0.2459528552358843,-0.10022943181246088,3.0,1.0,0.0,0.3333333333333333,0.0,40.0,13.0,-1.0,163324.07666666666,2025.0,0.4036666666666667,-0.1336666666666666,-0.108,0.4446666666666667,0.1613333333333333,0.2129,-0.0713,-0.2464,0.6468999999999999,-0.1056,-0.4087857142857141,-0.6104999999999999,-0.2053735449735449,-0.0573977513227513,-0.2781597411186697,0.2073624338624337,-0.5419159863945577,0.4182735449735449,299.98,58.92999999999999,59.028,1.7765999999999995,71.875,71.66499999999999,28.65,71.4586,60.335,3.089,False,,3.0,-0.2053735449735449,0.7737056144690831,True,True,experienced,-0.2053735449735449,0,0,38.0,0,0,0,0,0.0,0.0,0.0,0.005022674268342959,0.03239969723118631,0.07480108771278263,-1.9,-0.58,51,-6.9,-0.6,5.9,0.17718174928577468,0.1533398168181181,0.005617235354693842,0.04997371826076112,0.10779555054485819,0.42378569927056287,0.00934650112151509,0.0825291706086408,0.17343582011094436,-0.06119253386945486,0.7737056144690831,0.005709122600494132,0.04997371826076112,0.10779555054485819,0.265772623928662,0.0,0.6724855602420448,MEDIUM,0.32751443975795524,260009.70125198472,0.0054020185843803,12500,12500,55,0.005264696098545503,0.005554298313912072,-0.00022693606094126208,False,False,OK,2.0
51003,"Penge, Marco",0.8708750000000001,-0.11482499999999998,0.49501999999999996,-0.19390000000000004,1.0093999999999999,1.0763562500000001,0.09007124999999999,0.49934249999999997,-0.08099500000000005,1.6657699999999998,0.265,0.89635,0.9092718785548973,-0.6930000000000001,-0.07532150001961326,0.3377138822421841,-0.08654689522614051,0.55,0.44999999999999996,2,0,40.0,40.0,0,0,0,0.5,0,0,0,0,40.0,10.0,,38,3.6635616461296463,81.17886178861788,70.0,-0.17825453673480002,0.2683257867348,0.40138151598479593,0.09796098401520402,0.5023638451289776,0.39398615487102245,-0.30680516148647974,0.22581016148647967,0.9071687713487926,0.16918747865120753,0.3008130081300813,87,0.9512195121951219,7,0.8211382113821138,23,0.21138211382113822,98,311.4,57.14,61.11,1.795,33.33,27.75,75.0,3.06,3.95,4.75,64.0,27.78,302.47,30,0.7541666666666667,58.824333333333335,72,0.4041666666666667,66.67833333333333,93,0.22916666666666666,28.602083333333333,92,0.2375,64.78308333333332,19,0.85,1.7545083333333336,82,0.325,56.82733333333333,108,0.10416666666666667,22.56933333333333,18,0.8583333333333333,3.9604166666666667,25,0.8,67.60833333333333,7,0.9458333333333333,3.035416666666667,69,0.42916666666666664,4.013416666666667,33,0.7291666666666666,-1.5,-1.8,1.6666666666666667,-2.0,1.4833333333333334,0.5365853658536586,-0.09857930949828542,0.6422764227642277,-0.37780312271930505,0.008130081300813009,2.929636718427967,0.7073170731707317,-0.48346628952137505,0.04878048780487805,1.4612764305620909,-0.19800000000000018,0.754983443527075,0.0,0,0,2,0.5,2,False,0.0,COLD,4.083333333333333,24.073333333333334,71.40766666666667,66.66555555555556,62.72,21.11111111111111,2.75,36.294444444444444,-0.04233348749999999,-0.21971069999999998,-0.286832,0.004049750000000003,0.3690664864864865,-0.14222427972972976,0.2459528552358843,0.12311363125060218,0.0,1.0,0.0,0.4,0.0,40.0,40.0,0.0,0.0,0.0,0.0,0.0,0.0,0.0,0.0,0.0,0.0,0.0,0.0,0.0,0.0,0.0,0.0,0.0,0.0,0.0,0.0,0.0,0.0,0.0,0.0,0.0,0.0,0.0,0.0,0.0,0.0,0.0,False,,0.0,0.0,0.0,False,False,none,0.0,0,0,16.0,0,0,0,0,0.0,0.0,0.0,0.011036373489837978,0.05174916904659589,0.09846141168947271,-2.9,-1.63,26,-7.7,-1.6,5.8,0.1968810133108575,0.18264810297652453,0.011552072126627977,0.07441229615510246,0.13007989486226385,0.46945753049675765,0.0192214582921346,0.12288829605835346,0.209289837394483,0.0,0.0,0.011741041971039989,0.07441229615510246,0.13007989486226385,0.29532151996628625,0.0,0.685235143009634,MEDIUM,0.31476485699036605,318286.6318572208,0.004507644646569,15000,15000,67,0.00785964743621558,0.008291993628079733,0.0068636170594482335,False,False,OK,1.7
57900,"Phillips, Chandler",-0.36696249999999997,-0.31712500000000005,0.16767499999999996,0.5557875,-0.5162208333333335,-0.34132,-0.22645000000000004,0.16838999999999998,0.50538,-0.39921,-0.997,-0.8180833333333334,-0.28406061257269516,-0.15980000000000003,-0.39838829704140133,0.23007391755276163,0.6730753220655581,0.8,0.19999999999999996,4,1,61.0,61.0,0,0,0,1.0,0,0,1,1,40.0,10.0,0.0,168,5.1298987149230735,81.17886178861788,70.0,-0.49477578673480005,0.2683257867348,0.07042901598479596,0.09796098401520402,-1.212069488204356,0.39398615487102245,0.27956983851352035,0.22581016148647967,-0.5105074786512076,0.16918747865120753,0.08943089430894309,113,0.6016260162601627,50,0.032520325203252036,120,0.8048780487804879,25,291.6,60.71,63.89,1.783,50.0,29.0,57.69,3.31,4.09,3.0,68.0,16.67,302.47,99,0.18333333333333332,58.824333333333335,51,0.5791666666666667,66.67833333333333,78,0.35833333333333334,28.602083333333333,44,0.6375,64.78308333333332,90,0.25416666666666665,1.7545083333333336,76,0.375,56.82733333333333,75,0.38333333333333336,22.56933333333333,110,0.0875,3.9604166666666667,106,0.12083333333333333,67.60833333333333,66,0.45416666666666666,3.035416666666667,115,0.04583333333333333,4.013416666666667,93,0.23333333333333334,-0.7058823529411765,-1.8333333333333333,-1.6666666666666667,-0.6,0.13627450980392153,0.1991869918699187,0.6955383375605381,0.6788617886178862,-0.41113645605263827,0.6910569105691057,-0.4036966149053667,0.14634146341463414,0.916533710478625,0.43902439024390244,0.11421760703267914,0.23900000000000016,0.6258860386151247,0.0,0,0,4,0.8,2,False,0.0,COLD,3.8644986449864502,21.713252032520327,71.18307046070461,62.8959620596206,62.38430894308943,19.150135501355017,2.2845528455284554,56.59349593495936,0.10643150000000003,-0.0740916,0.2617866666666667,-0.025269000000000003,-0.1449721621621622,0.07407372972972975,0.2459528552358843,-0.3909250173980465,1.0,1.0,0.0,0.0,0.0,61.0,61.0,6.0,54500.0,2025.0,-0.253,0.765,-0.716,-0.643,-0.204,-0.253,0.765,-0.716,-0.643,-0.204,0.0,0.0,-0.0177499999999999,1.0931944444444444,-0.8149305555555555,-1.056,0.2603935185185185,-0.23525,297.6,64.29,63.89,1.6960000000000002,73.5,50.0,29.75,72.847,42.31,3.31,False,,1.0,-0.0177499999999999,0.3868528072345416,True,True,rookie,-0.5427499999999998,0,0,63.0,0,0,0,0,0.0,0.0,0.0,0.0031241682498368674,0.01502832832506991,0.044458637883831614,0.3,1.58,115,-5.3,1.0,7.3,0.11758501019935849,0.10048767775179104,0.003322810021497153,0.021866288575102744,0.0653747984043099,0.2821061098555777,0.0055288136657035995,0.03611111446572882,0.10518367148299684,0.0,0.0,0.0033771648494353916,0.021866288575102744,0.0653747984043099,0.17637751529903772,-0.012784159988464359,0.5120682138223539,ELEVATED,0.4879317861776461,205319.92516027673,0.0006799743672646,100000,100000,122,0.0017291541736516015,0.0018242720816991718,0.002538993785202882,False,False,OK,0.4
49771,"Poston, J.T.",0.22563333333333332,0.46370666666666666,-0.11895833333333333,-0.19128666666666666,0.5703991666666668,0.20054333333333332,0.3703146666666667,-0.04112083333333335,-0.09376066666666667,0.5297644166666667,0.9020000000000001,0.7197350000000001,0.3758603926848696,-0.18373333333333336,0.19914033260304254,-0.036268292896216886,0.10077808250832718,0.7000000000000001,0.29999999999999993,3,6,30.5,22.0,0,0,0,0.6666666666666666,2,0,1,1,40.0,10.0,0.0,70,4.2626798770413155,81.17886178861788,70.0,0.10198887993186667,0.2683257867348,-0.13908181734853736,0.09796098401520402,0.32574884512897767,0.39398615487102245,-0.31957082815314636,0.22581016148647967,0.03135585468212579,0.16918747865120753,0.6260162601626016,47,0.3170731707317073,85,0.6666666666666666,42,0.1951219512195122,100,289.5,73.21,70.83,1.706,77.78,28.25,61.9,3.06,3.88,4.75,67.0,26.39,302.47,107,0.11666666666666667,58.824333333333335,4,0.9708333333333333,66.67833333333333,36,0.7083333333333334,28.602083333333333,75,0.38333333333333336,64.78308333333332,74,0.39166666666666666,1.7545083333333336,30,0.7583333333333333,56.82733333333333,17,0.8666666666666667,22.56933333333333,28,0.7708333333333334,3.9604166666666667,25,0.8,67.60833333333333,41,0.6625,3.035416666666667,69,0.42916666666666664,4.013416666666667,11,0.9125,-0.625,-2.4444444444444446,-1.3333333333333333,-1.0,0.3680555555555558,0.17886178861788618,0.7764206905017146,0.8861788617886179,-1.0222475671637496,0.532520325203252,-0.0703632815720332,0.25609756097560976,0.516533710478625,0.3333333333333333,0.3459986527843134,0.12450000000000011,0.5452828012447609,0.0,0,0,3,0.6,0,False,0.0,COLD,4.799180327868852,27.119180327868854,71.08309836065574,75.84049180327868,56.631803278688515,21.57540983606557,2.0491803278688523,55.919672131147536,-0.17404789333333334,0.018093166666666674,-0.23031520000000003,0.0046880333333333335,0.26885455855855855,-0.10682031495495496,0.2459528552358843,0.022901703322674244,3.0,1.0,0.0,0.0,0.0,33.333333333333336,22.0,-3.6666666666666665,114092.26333333337,2025.0,-0.004,-0.0176666666666666,0.0026666666666666,0.9543333333333334,-0.0176666666666666,-0.1394,0.1121,-0.0994,0.9516,-0.1251,-0.1562307692307692,-0.181,-0.2516295540438398,-0.2308985638699924,-0.135891761148904,0.7430199546485261,-0.6257047996976568,0.1122295540438397,287.82,61.427,60.698,1.6822,71.225,49.126999999999995,27.35,71.1731,54.459999999999994,3.024,False,,3.0,-0.2516295540438398,0.7737056144690831,True,True,experienced,-0.08496288737717317,0,0,999.0,0,1,0,0,0.0,0.0,0.0,0.009788083989632355,0.04256279718564234,0.08228044953708974,-2.3,-1.02,39,-6.3,-0.5,5.6,0.1724607123366346,0.1548830308005389,0.01088474817694849,0.06350796164757433,0.11303193923351082,0.4113561316725472,0.018111099966329123,0.10488031677913119,0.18186081874999496,-0.05702650519754674,0.7737056144690831,0.01106280187561963,0.06350796164757433,0.11303193923351082,0.2586910685049519,0.0,0.5614659530862637,ELEVATED,0.4385340469137363,288599.48746550846,0.0038673542138177,17500,17500,77,0.006878446629419566,0.00725681858952396,0.006217739838958942,False,False,OK,1.6
63343,"Potgieter, Aldrich",0.8006833333333334,-0.43200833333333344,-0.293575,0.7127749999999999,0.07548333333333335,0.7883008333333335,-0.1299045833333334,-0.32121625,0.67957625,0.33746583333333335,0.02250000000000002,0.46807499999999996,0.7734255268727249,0.26813333333333333,-0.02824548468731114,-0.27875207029266436,0.7788470996743638,0.55,0.44999999999999996,2,1,70.0,70.0,0,0,0,0.0,1,0,1,0,40.0,10.0,0.0,71,4.276666119016055,81.17886178861788,70.0,-0.39823037006813344,0.2683257867348,-0.419177234015204,0.09796098401520402,0.07408884512897751,0.39398615487102245,0.4537660885135203,0.22581016148647967,0.6191133546821259,0.16918747865120753,0.10569105691056911,111,0.032520325203252036,120,0.5365853658536586,58,0.9186991869918699,11,322.4,51.79,76.39,1.709,75.0,29.0,64.71,3.0,3.84,4.25,65.0,27.78,302.47,3,0.9791666666666666,58.824333333333335,95,0.2125,66.67833333333333,12,0.9083333333333333,28.602083333333333,44,0.6375,64.78308333333332,57,0.5333333333333333,1.7545083333333336,33,0.7291666666666666,56.82733333333333,20,0.8416666666666667,22.56933333333333,18,0.8583333333333333,3.9604166666666667,43,0.6458333333333334,67.60833333333333,13,0.8958333333333334,3.035416666666667,51,0.5833333333333334,4.013416666666667,8,0.9416666666666667,-1.1764705882352942,-0.2777777777777778,-1.7777777777777777,-1.3333333333333333,-0.8284313725490193,0.4065040650406504,0.22495010226642043,0.08536585365853659,1.144419099502917,0.7154471544715447,-0.5148077260164776,0.4146341463414634,0.1832003771452917,0.8373983739837398,-0.8504882753202617,0.3549999999999998,0.7920320794101807,0.8,1,0,2,0.4,0,False,3.0,WARM,4.472222222222222,27.162222222222223,70.71855555555555,72.07,61.87444444444444,30.685555555555556,2.666666666666667,63.888888888888886,0.06105515416666671,0.14133514999999996,-0.149784,-0.0339788125,0.0951112162162162,0.016056337162162163,0.2459528552358843,-0.15084163901966813,0.0,1.0,0.0,0.4,0.0,40.0,40.0,0.0,0.0,0.0,0.0,0.0,0.0,0.0,0.0,0.0,0.0,0.0,0.0,0.0,0.0,0.0,0.0,0.0,0.0,0.0,0.0,0.0,0.0,0.0,0.0,0.0,0.0,0.0,0.0,0.0,0.0,0.0,False,,0.0,0.0,0.0,False,False,none,0.0,0,0,999.0,0,1,0,0,0.0,0.0,0.0,0.0037505978987570996,0.031091164306641036,0.05864055285557354,-1.9,-0.6,49,-6.2,0.0,5.9,0.15859685837225673,0.13529835389136316,0.003938056110198295,0.04949162747904027,0.09908491424868411,0.3789698283839271,0.00655251979424384,0.08173302107728338,0.15942098979485975,0.0,0.0,0.004002475189500491,0.04949162747904027,0.09908491424868411,0.2378952875583851,0.0,0.6117429622683968,MEDIUM,0.38825703773160325,241876.28319855468,0.0038673542138177,17500,17500,82,0.0038655851434007994,0.004078224581701189,-2.948002839475196e-06,False,False,OK,1.6
28252,"Power, Seamus",-0.18476826923076925,-0.06026730769230772,0.25882307692307693,0.6843942307692308,0.013841346153846135,-0.11866076923076926,0.014847692307692284,0.2368430769230769,0.5580692307692308,0.13310384615384613,-0.6252500000000001,-0.4079538461538463,-0.1533208930147934,-0.22319999999999998,0.10162159257899084,0.07077894439642536,0.679091695477472,0.8,0.19999999999999996,4,5,44.0,33.0,0,0,0,0.6,2,0,1,1,40.0,10.0,0.0,157,5.062595033026967,81.17886178861788,70.0,-0.2534780944271077,0.2683257867348,0.1388820929078729,0.09796098401520402,-0.8019400010248687,0.39398615487102245,0.33225906928275106,0.22581016148647967,-0.2878482478819768,0.16918747865120753,0.21951219512195122,97,0.7235772357723578,35,0.11382113821138211,110,0.8536585365853658,19,289.6,48.21,68.06,1.755,83.33,28.75,60.87,2.94,4.05,4.0,67.0,22.22,302.47,106,0.125,58.824333333333335,108,0.10833333333333334,66.67833333333333,51,0.5833333333333334,28.602083333333333,54,0.5541666666666667,64.78308333333332,80,0.3416666666666667,1.7545083333333336,60,0.5083333333333333,56.82733333333333,11,0.9125,22.56933333333333,61,0.5,3.9604166666666667,56,0.5375,67.60833333333333,41,0.6625,3.035416666666667,33,0.7291666666666666,4.013416666666667,78,0.3541666666666667,-2.125,-1.3333333333333333,-1.7692307692307692,-0.6666666666666666,0.5112179487179487,0.8130081300813008,-0.7235793094982854,0.47560975609756095,0.08886354394736173,0.7073170731707317,-0.5062607174694691,0.17479674796747968,0.8498670438119583,0.2764227642276423,0.4891610459467063,0.04890000000000012,0.6651545350935792,0.0,0,0,4,1.0,4,False,0.0,COLD,4.262872628726288,24.359620596205968,70.38729268292684,69.29111111111112,62.847994579945805,31.935636856368564,2.242547425474255,68.81888888888889,-0.006978415384615373,-0.10421095384615384,0.1305452307692308,-0.027903461538461537,0.060092806652806585,-0.0031990328482328313,0.2459528552358843,-0.18586004858307772,2.0,1.0,0.0,0.0,0.0,48.5,33.0,-1.5,76805.555,2024.0,0.2329999999999999,-0.103,-0.352,0.41,-0.2205,-0.113,0.0826666666666666,-0.332,0.2473333333333333,-0.3603333333333333,-1.0379999999999998,0.0,-0.0777375719518577,-0.0010394732251875,-0.5413104831676261,-0.2047311471597186,-0.6063977789406361,-0.0352624280481423,286.3666666666666,61.903333333333336,66.20333333333333,1.7619999999999998,71.75,51.666666666666664,29.5,72.11333333333333,54.583333333333336,2.9599999999999995,False,,2.0,-0.0777375719518577,0.6131471927654585,True,True,familiar,-0.2902375719518576,0,0,52.0,0,0,0,0,0.0,0.0,0.0,0.0035325058032055164,0.022227523099564814,0.052382613264169,0.3,1.59,117,-5.1,1.1,6.9,0.12596833893908077,0.10915386625966246,0.0038834197676718067,0.03379845559641198,0.07569385711580688,0.3014252242175187,0.00646161054717578,0.05581650926333077,0.12178634572470125,-0.044895231581516135,0.6131471927654585,0.0039469451007236945,0.03379845559641198,0.07569385711580688,0.18895250840862116,0.0,0.6065367517805603,MEDIUM,0.3934632482194397,219856.5428867718,0.0038673542138177,17500,17500,76,0.0037291116913486383,0.003934243951017398,-0.00022765789479939087,False,False,OK,1.6
34256,"Putnam, Andrew",-0.553865909090909,0.4462090909090909,0.131275,0.044395454545454544,0.29654545454545456,-0.5834217045454545,0.40041954545454544,0.37026375,0.38904022727272725,0.18784920454545456,0.247,-0.13285454545454548,-0.6122857742948278,0.2642666666666666,0.13436977744126688,0.5280756993493042,0.35893546728345094,0.55,0.44999999999999996,2,6,53.0,53.0,0,0,0,0.16666666666666666,5,0,1,1,40.0,10.0,0.0,122,4.812184355372417,81.17886178861788,70.0,0.13209375871974544,0.2683257867348,0.27230276598479597,0.09796098401520402,-0.526840700325568,0.39398615487102245,0.16323006578624757,0.22581016148647967,-0.752609183196662,0.16918747865120753,0.6910569105691057,39,0.8536585365853658,19,0.21138211382113822,98,0.6504065040650406,44,279.5,62.5,55.56,1.85,41.67,28.25,62.5,2.94,4.23,2.75,71.0,16.67,302.47,116,0.041666666666666664,58.824333333333335,40,0.6708333333333333,66.67833333333333,114,0.05416666666666667,28.602083333333333,75,0.38333333333333336,64.78308333333332,72,0.4083333333333333,1.7545083333333336,108,0.10833333333333334,56.82733333333333,98,0.19166666666666668,22.56933333333333,110,0.0875,3.9604166666666667,114,0.058333333333333334,67.60833333333333,116,0.0375,3.035416666666667,33,0.7291666666666666,4.013416666666667,118,0.020833333333333332,-2.5,-2.0,-1.125,-1.8571428571428572,0.7589285714285714,0.8780487804878049,-1.0985793094982854,0.7601626016260162,-0.577803122719305,0.3821138211382114,0.13797005176130006,0.6422764227642277,-0.34060914666423225,0.18699186991869918,0.736871668657329,-1.3909999999999996,0.9266127082611759,0.5120000000000001,1,0,2,0.5,0,False,3.0,WARM,4.527777777777778,26.545555555555556,71.12177777777778,67.90222222222222,64.35333333333334,23.35777777777778,2.75,23.150000000000002,-0.18819718636363636,-0.16291605,0.04251345454545455,-0.019452011363636362,0.26070871621621616,-0.09788155982800982,0.2459528552358843,0.014755860980331853,1.0,1.0,0.0,0.0,0.0,53.0,53.0,-3.0,60250.0,2024.0,-0.895,1.038,0.648,-0.762,0.794,-0.895,1.038,0.648,-0.762,0.794,0.0,0.0,-0.5920909174159175,0.6854556943056943,0.4857876373626373,-1.1744533966033963,0.5742605144855145,-0.3029090825840826,275.6,57.14,68.06,1.776,71.25,44.44,29.0,71.968,60.87,2.94,False,,1.0,-0.5920909174159175,0.3868528072345416,True,True,rookie,-0.9170909174159174,0,0,999.0,0,1,0,0,0.0,0.0,0.0,0.001867944178143643,0.01548461363388045,0.029205284668343795,-0.2,1.16,100,-5.0,0.4,6.4,0.11793133900965039,0.09236524973147012,0.0019613147346874624,0.03379845559641198,0.07204067532970217,0.2820287324289412,0.0032634257263375005,0.05581650926333077,0.11590862094028381,0.0,0.0,0.0019933980991431394,0.03379845559641198,0.07204067532970217,0.1768970085144756,0.0,0.309398888592165,HIGH,0.690601111407835,193263.9603502393,0.0013585915002633,50000,50000,102,0.0016743784953841918,0.0017664832840650372,0.0005660336604800115,False,False,OK,0.7
46414,"Rai, Aaron",0.04958749999999998,0.3835625,0.544685,-0.27121249999999997,0.4645625,0.11879857142857139,0.43994999999999995,0.0375642857142857,-0.21567,0.5952357142857142,0.4134,0.28807142857142853,0.08516618656126254,-0.3796666666666666,0.2951469550169533,0.04635233626651997,-0.06190674881518013,0.8,0.19999999999999996,4,3,22.666666666666668,14.0,0,0,0,1.0,0,0,1,1,40.0,10.0,0.0,35,3.58351893845611,81.17886178861788,70.0,0.17162421326519994,0.2683257867348,-0.06039669830091832,0.09796098401520402,-0.10591472629959392,0.39398615487102245,-0.44148016148647967,0.22581016148647967,-0.05038890722263614,0.16918747865120753,0.7479674796747967,32,0.43089430894308944,71,0.43089430894308944,71,0.11382113821138211,110,284.0,71.43,76.39,1.782,75.0,30.25,70.59,3.19,3.91,3.25,68.0,18.06,302.47,113,0.0625,58.824333333333335,10,0.9208333333333333,66.67833333333333,12,0.9083333333333333,28.602083333333333,9,0.9291666666666667,64.78308333333332,32,0.7375,1.7545083333333336,75,0.38333333333333336,56.82733333333333,20,0.8416666666666667,22.56933333333333,100,0.17083333333333334,3.9604166666666667,95,0.2125,67.60833333333333,66,0.45416666666666666,3.035416666666667,105,0.13333333333333333,4.013416666666667,17,0.8625,-1.3529411764705883,-0.8888888888888888,-1.6428571428571428,-1.6428571428571428,-0.5219421101774042,0.5040650406504065,0.04847951403112627,0.25203252032520324,0.5333079883918062,0.6747967479674797,-0.37988709109584273,0.5284552845528455,-0.12632343237851784,0.7317073170731707,-0.5439990129486466,0.2647000000000001,0.6610177338350647,0.0,0,0,3,0.75,3,False,0.0,COLD,3.54539295392954,20.317452574525745,70.97864227642276,73.45449864498646,61.20918699186993,29.87230352303523,2.1653116531165315,72.3289972899729,-0.20677649999999997,-0.016528285714285707,-0.09218285714285714,0.010783500000000001,0.18793691119691114,-0.09220393436293436,0.2459528552358843,-0.05801594403897317,3.0,1.0,0.0,0.6666666666666666,0.0,22.666666666666668,14.0,-5.666666666666667,271011.9033333333,2025.0,0.8806666666666666,0.5716666666666667,-0.205,0.1696666666666666,1.2486666666666666,0.9123333333333332,0.5434166666666668,-0.238,0.2272499999999999,1.219,0.1899999999999999,0.1900000000000001,0.7253374149659864,0.1019044973544974,-0.3307048374905518,0.3160727513227513,0.4743826152683296,0.1869959183673469,287.80833333333334,76.93416666666667,71.76083333333332,1.7090833333333333,70.60416666666667,47.77916666666667,28.5,70.55416666666666,61.5225,3.160833333333333,False,,3.0,0.7253374149659864,0.7737056144690831,True,True,experienced,1.1586707482993197,0,0,23.0,0,0,0,0,0.0,0.0,0.0,0.0034739970859511637,0.028798238871699137,0.05431590248753057,-1.4,-0.05,64,-6.6,-0.8,5.7,0.14259115552628948,0.12584878634243013,0.0033774463640236403,0.042202372507545785,0.08783363751606565,0.3408995429688357,0.005619722912771658,0.06969517022109237,0.1413184392020612,0.08,0.7737056144690831,0.003432694938212188,0.042202372507545785,0.08783363751606565,0.21388673328943422,0.0,0.6396122327227391,MEDIUM,0.36038776727726085,233469.54967775824,0.0067391518973457,10000,10000,42,0.004611379416110188,0.004865043762504325,-0.003159739686743549,False,False,OK,2.4
47983,"Ramey, Chad",-0.050053636363636356,-0.14798545454545453,-0.17860181818181822,0.5500672727272727,-0.3766436363636363,-0.022466454545454553,-0.10961418181818182,-0.1540507272727273,0.5300969090909091,-0.28609745454545465,-0.5533999999999999,-0.45186909090909083,-0.12368649637849685,-0.8006666666666666,-0.03403021338340162,-0.1963881732538705,0.5194628430184849,0.9,0.09999999999999998,5,3,27.0,27.0,0,0,0,0.3333333333333333,2,0,1,1,40.0,10.0,0.0,155,5.049856007249537,81.17886178861788,70.0,-0.37793996855298184,0.2683257867348,-0.2520117112879313,0.09796098401520402,-0.8458552457801133,0.39398615487102245,0.3042867476044294,0.22581016148647967,-0.19165393319666207,0.16918747865120753,0.11382113821138211,110,0.14634146341463414,106,0.0975609756097561,112,0.8455284552845529,20,293.5,42.86,73.61,1.755,33.33,29.5,63.16,2.94,3.95,4.0,68.0,22.22,302.47,93,0.22916666666666666,58.824333333333335,116,0.041666666666666664,66.67833333333333,25,0.7958333333333333,28.602083333333333,32,0.7416666666666667,64.78308333333332,67,0.44583333333333336,1.7545083333333336,60,0.5083333333333333,56.82733333333333,108,0.10416666666666667,22.56933333333333,61,0.5,3.9604166666666667,56,0.5375,67.60833333333333,66,0.45416666666666666,3.035416666666667,33,0.7291666666666666,4.013416666666667,33,0.7291666666666666,-1.9444444444444444,-1.4285714285714286,-1.1428571428571428,-2.75,-0.2599206349206349,0.7154471544715447,-0.5430237539427298,0.5487804878048781,-0.00637455129073361,0.4065040650406504,0.12011290890415727,0.9308943089430894,-1.233466289521375,0.6666666666666666,-0.2819775376918773,-0.24169999999999994,0.7178362549278833,0.0,0,0,4,0.8,1,False,0.0,COLD,3.9485959067110903,22.532003807710613,70.62195954307472,67.78292717753452,63.732889100428366,24.701689671584962,1.941218467396478,48.12887672536887,0.05151866545454546,0.06778232000000001,0.14459810909090906,-0.026504845454545456,-0.1011383194103194,0.06590273228501228,0.2459528552358843,-0.3470911746462037,1.0,1.0,0.0,0.0,0.0,27.0,27.0,-5.0,167656.25,2023.0,0.337,-2.374,0.539,2.816,-1.497,0.337,-2.374,0.539,2.8160000000000003,-1.497,0.0,0.0,0.3981622892793481,-2.3103771683218746,0.5380936796536797,2.2832993990323405,-1.3764082709447416,-0.0611622892793481,281.9,71.43,52.78,1.5,70.75,66.67,24.75,70.681,70.59,3.19,False,,1.0,0.3981622892793481,0.3868528072345416,True,True,rookie,0.7231622892793481,0,0,17.0,0,0,0,0,0.0,0.0,0.0,0.0012399879904614146,0.010279073201228355,0.019387197257009436,0.2,1.51,113,-4.4,0.3,6.7,0.08861451468220105,0.06793995017339248,0.0013019697246619334,0.02303796093806959,0.05284548536722025,0.21209905795683806,0.0021663435343799472,0.0380460745148522,0.08502484608593092,0.0,0.0,0.0013232674635958342,0.02303796093806959,0.05284548536722025,0.13292177202330158,0.0,0.5257413828287657,ELEVATED,0.4742586171712343,172982.12186639104,0.0019391861584954,35000,35000,94,0.0015097387724694524,0.001592787002594787,-0.0006615719163860431,False,False,OK,0.9
49855,"Reitan, Kristoffer",0.6231333333333333,0.07384999999999997,0.16218333333333337,0.2755,0.8591666666666666,0.6896933333333333,0.991,0.12012833333333335,0.18775000000000003,1.1588166666666666,-0.2273,0.6093666666666665,0.5498287765268897,-0.3413333333333334,-0.14947071745184953,0.22362162162162164,0.37674102694857414,0.7000000000000001,0.29999999999999993,3,0,40.0,40.0,0,0,0,0.5,0,0,0,0,40.0,10.0,,46,3.8501476017100584,81.17886178861788,70.0,0.7226742132652,0.2683257867348,0.02216734931812933,0.09796098401520402,0.21538051179564405,0.39398615487102245,-0.03806016148647964,0.22581016148647967,0.5205058546821257,0.16918747865120753,0.983739837398374,3,0.5365853658536586,58,0.6260162601626016,47,0.4715447154471545,66,305.5,62.5,76.39,1.8,83.33,30.0,64.71,3.13,3.89,4.75,67.0,26.39,302.47,47,0.6166666666666667,58.824333333333335,40,0.6708333333333333,66.67833333333333,12,0.9083333333333333,28.602083333333333,16,0.8708333333333333,64.78308333333332,57,0.5333333333333333,1.7545083333333336,87,0.2833333333333333,56.82733333333333,11,0.9125,22.56933333333333,28,0.7708333333333334,3.9604166666666667,25,0.8,67.60833333333333,41,0.6625,3.035416666666667,90,0.25833333333333336,4.013416666666667,13,0.8958333333333334,-0.8,0.2,0.5,-3.0,-0.95,0.26422764227642276,0.6014206905017145,0.04065040650406504,1.622196877280695,0.052845528455284556,1.7629700517613,0.943089430894309,-1.483466289521375,0.9024390243902439,-0.9720569027712423,-0.24149999999999994,0.6517071598672384,0.0,0,0,3,0.75,1,False,0.0,COLD,4.061475409836065,23.473278688524587,70.38257377049179,71.56245901639343,64.40311475409835,20.67229508196721,1.8155737704918031,62.13721311475409,-0.46577,-0.05285646666666667,-0.19499733333333327,-0.009387500000000002,0.5325427927927927,-0.21430015315315312,0.2459528552358843,0.2865899375569084,0.0,1.0,0.0,0.4,0.0,40.0,40.0,0.0,0.0,0.0,0.0,0.0,0.0,0.0,0.0,0.0,0.0,0.0,0.0,0.0,0.0,0.0,0.0,0.0,0.0,0.0,0.0,0.0,0.0,0.0,0.0,0.0,0.0,0.0,0.0,0.0,0.0,0.0,False,,0.0,0.0,0.0,False,False,none,0.0,0,0,17.0,0,0,0,0,0.0,0.0,0.0,0.010383841336324692,0.05353199542612461,0.10108914922838266,-2.4,-1.09,37,-6.9,-0.5,5.5,0.2001272034082403,0.18623443226904773,0.01088474817694849,0.07757314294511827,0.1332795340647192,0.47704997433081214,0.018111099966329123,0.12810828114411035,0.21443784254248813,0.0,0.0,0.01106280187561963,0.07757314294511827,0.1332795340647192,0.30019080511236046,0.0,0.6997139941853987,MEDIUM,0.3002860058146013,320239.8823080878,0.004507644646569,15000,15000,66,0.007576503581476193,0.00799327449870624,0.006191284440764855,False,False,OK,1.7
47995,"Riley, Davis",-0.4658568181818182,-0.7478659090909091,0.09653863636363634,1.471843181818182,-1.1167954545454546,-0.3984621590909091,-0.4498217045454546,0.25702806818181817,0.9255728409090911,-0.5909602272727273,-1.6505,-1.0884295454545456,-0.5913281834628515,-0.19646666666666657,-0.2953140014632797,0.19017520582105082,0.9874415975414812,0.55,0.44999999999999996,2,3,38.0,38.0,0,0,0,0.3333333333333333,2,0,1,1,40.0,10.0,0.0,107,4.68213122712422,81.17886178861788,70.0,-0.7181474912802546,0.2683257867348,0.15906708416661414,0.09796098401520402,-1.482415700325568,0.39398615487102245,0.6997626794226114,0.22581016148647967,-0.5676496377421166,0.16918747865120753,0.04065040650406504,119,0.7723577235772358,29,0.024390243902439025,121,0.983739837398374,3,297.6,64.29,62.5,1.689,42.86,27.0,70.37,2.88,4.03,4.5,68.0,25.0,302.47,78,0.3541666666666667,58.824333333333335,31,0.75,66.67833333333333,86,0.2875,28.602083333333333,108,0.10833333333333334,64.78308333333332,34,0.7208333333333333,1.7545083333333336,24,0.8083333333333333,56.82733333333333,94,0.225,22.56933333333333,39,0.6833333333333333,3.9604166666666667,34,0.7208333333333333,67.60833333333333,66,0.45416666666666666,3.035416666666667,16,0.8708333333333333,4.013416666666667,67,0.44583333333333336,0.058823529411764705,-1.2,-0.7142857142857143,-1.8,-0.6865546218487395,0.056910569105691054,1.4602442199134793,0.3943089430894309,0.22219687728069504,0.2764227642276423,0.5486843374755858,0.6219512195121951,-0.2834662895213751,0.7967479674796748,-0.7086115246199819,-0.5789999999999998,0.8266666666666667,0.8,0,0,2,0.4,0,False,1.0,NEUTRAL,5.319672131147541,29.916065573770492,70.50044262295081,65.50524590163934,71.16147540983606,31.37049180327869,1.885245901639344,55.27049180327869,0.21141620113636367,-0.11309235,0.3482974545454546,-0.04627864204545456,-0.19108131449631455,0.1152182743857494,0.2459528552358843,-0.4370341697321989,1.0,1.0,0.0,0.0,0.0,38.0,38.0,-1.0,111250.0,2025.0,-0.21,0.486,0.404,0.223,0.681,-0.21,0.4859999999999999,0.404,0.223,0.681,0.0,0.0,0.0221591820877535,0.8601586799443942,0.3329371157942586,-0.5561558071558071,1.2187304679447537,-0.2321591820877535,303.6,48.21,68.06,1.6939999999999995,71.75,71.43,29.0,71.097,47.83,3.38,False,,1.0,0.0221591820877535,0.3868528072345416,True,True,rookie,0.07215918208775354,0,0,999.0,0,1,0,0,0.0,0.0,0.0,0.003600345744020828,0.017469647319322653,0.042197346977124836,-0.6,0.68,87,-5.7,0.6,7.2,0.09942556310398576,0.08793037453829772,0.003780298133182105,0.02519282664802429,0.058934979582552234,0.23802551823092027,0.0062900267676916114,0.04160473066462281,0.0948224343718913,0.0,0.0,0.003842136593176811,0.02519282664802429,0.058934979582552234,0.14913834465597864,0.0,0.33451800645504043,HIGH,0.6654819935449596,203440.4062516244,0.0006799743672646,100000,100000,116,0.0018830459971087197,0.001986629239558459,0.0030296204308004667,False,False,OK,0.4
36699,"Rodgers, Patrick",-0.07102294117647058,0.21951,0.2609570588235294,0.30131882352941175,0.40918411764705886,-0.01611705882352943,0.25007857142857143,0.2404257983193277,0.13506903361344536,0.47413659663865554,0.10220000000000007,0.23371344537815142,-0.10236693641673489,-0.25606666666666666,0.3777161922417379,0.19091543803255293,0.22556255129607608,0.9,0.09999999999999998,7,9,71.0,65.0,0,0,0,0.2222222222222222,7,0,1,1,40.0,10.0,0.0,85,4.454347296253507,81.17886178861788,70.0,-0.01824721530622858,0.2683257867348,0.14246481430412367,0.09796098401520402,-0.16027270949287103,0.39398615487102245,-0.09074112787303432,0.22581016148647967,-0.18530453747473696,0.16918747865120753,0.4878048780487805,64,0.7317073170731707,34,0.4146341463414634,73,0.4146341463414634,73,314.3,57.14,56.94,1.707,42.86,27.0,64.52,3.13,4.05,3.25,68.0,19.44,302.47,18,0.8583333333333333,58.824333333333335,72,0.4041666666666667,66.67833333333333,110,0.0875,28.602083333333333,108,0.10833333333333334,64.78308333333332,59,0.5125,1.7545083333333336,31,0.7458333333333333,56.82733333333333,94,0.225,22.56933333333333,86,0.2916666666666667,3.9604166666666667,95,0.2125,67.60833333333333,66,0.45416666666666666,3.035416666666667,90,0.25833333333333336,4.013416666666667,78,0.3541666666666667,-1.625,-2.3333333333333335,-1.2727272727272727,-1.5,0.5928030303030305,0.5894308943089431,-0.22357930949828542,0.8617886178861789,-0.9111364560526385,0.4715447154471545,-0.009757220965972646,0.4878048780487805,0.016533710478624952,0.24390243902439024,0.5707461275317881,-0.10410000000000001,0.591588813503973,0.6400000000000001,1,0,5,1.0,5,False,3.0,WARM,4.059138505473585,23.649138505473587,70.77612755830556,64.75951451689672,63.37719181342218,27.13249881009044,2.5141599238457877,60.249833412660635,-0.11753692857142856,-0.10578735126050419,-0.07478830252100846,-0.006753451680672267,0.22483881217351806,-0.08599816454689983,0.2459528552358843,-0.02111404306236625,1.0,1.0,0.0,0.0,0.0,65.0,65.0,3.0,32100.0,2021.0,0.511,-1.518,-0.284,0.667,-1.291,0.511,-1.518,-0.284,0.667,-1.291,0.0,0.0,0.3728369388781153,-1.6207455128205128,-0.5068533236371471,0.461931918408389,-1.774996574014221,0.1381630611218846,304.4,55.36,59.72,1.721,72.75,66.67,28.0,72.624,55.17,3.19,False,,1.0,0.3728369388781153,0.3868528072345416,True,True,rookie,-0.2521630611218847,0,0,24.0,0,0,0,0,0.0,0.0,0.0,0.003915240855797043,0.031349931158257016,0.060768275709958595,-0.3,1.0,95,-5.6,-0.1,6.9,0.15123009777438814,0.13179059905981647,0.004110911362636215,0.04668166671769266,0.09420368083437243,0.3614059472342944,0.0068401331322573145,0.07709250724025453,0.15156741220204625,0.0,0.0,0.004178158023847609,0.04668166671769266,0.09420368083437243,0.22684514666158223,0.0,0.5703584531224836,ELEVATED,0.42964154687751643,241971.20914596977,0.0038673542138177,17500,17500,75,0.003966526852245047,0.004184718926814842,0.0001666908875331296,False,False,OK,1.6
22405,"Rose, Justin",0.8973211111111112,0.9969555555555556,-0.19032777777777776,0.8574722222222223,0.8619,0.020471111111111117,0.8005255555555556,-0.10703027777777778,0.6447597222222222,0.7138950000000001,1.329,0.97315,-0.01734212774644736,0.5658666666666667,0.8404192028233239,-0.14211451853122314,0.6270715820248678,0.55,0.44999999999999996,2,8,24.2,6.0,0,0,2,0.625,3,0,1,1,40.0,10.0,0.0,5,1.791759469228055,81.17886178861788,70.0,0.5321997688207556,0.2683257867348,-0.2049912617929818,0.09796098401520402,0.5791638451289776,0.39398615487102245,0.4189495607357425,0.22581016148647967,-0.14871636754009643,0.16918747865120753,0.9512195121951219,7,0.2032520325203252,99,0.8373983739837398,21,0.9105691056910569,12,303.8,62.5,69.44,1.6,63.64,27.75,54.55,3.06,3.9,5.0,68.0,29.17,302.47,55,0.5458333333333333,58.824333333333335,40,0.6708333333333333,66.67833333333333,44,0.6416666666666667,28.602083333333333,92,0.2375,64.78308333333332,101,0.1625,1.7545083333333336,2,0.9916666666666667,56.82733333333333,40,0.675,22.56933333333333,10,0.925,3.9604166666666667,14,0.8916666666666667,67.60833333333333,66,0.45416666666666666,3.035416666666667,69,0.42916666666666664,4.013416666666667,15,0.8791666666666667,-0.7333333333333333,-0.75,-0.8333333333333334,-1.9,-0.625,0.21951219512195122,0.6680873571683813,0.21544715447154472,0.672196877280695,0.2926829268292683,0.4296367184279667,0.6585365853658537,-0.38346628952137496,0.7723577235772358,-0.6470569027712424,-1.032,0.915204895091804,0.5120000000000001,1,1,2,0.4,0,True,6.0,HOT,5.666666666666666,32.87222222222222,69.68566666666666,74.99555555555557,57.656666666666666,40.0,2.0833333333333335,57.577777777777776,-0.37624701111111114,0.04709332222222222,-0.311408,-0.03223798611111112,0.5719706006006007,-0.19027380615615613,0.2459528552358843,0.3260177453647164,1.0,1.0,1.0,1.0,0.0,6.0,6.0,-8.0,736607.14,2023.0,0.711,1.052,0.457,-0.151,2.22,0.711,1.052,0.457,-0.151,2.22,0.0,0.0,0.6866287323787323,0.5129429875679877,0.510125222000222,-0.7606059126059126,1.696965492840493,0.0243712676212676,290.3,73.21,69.44,1.74,70.0,60.0,28.0,69.931,63.64000000000001,3.19,False,,1.0,0.6866287323787323,0.3868528072345416,True,True,rookie,3.536628732378732,0,0,999.0,0,1,0,0,0.0,0.0,0.0,0.012188999166562495,0.04969035199105651,0.09447812316676688,-3.3,-2.0,16,-9.0,-1.7,6.4,0.19011980779807733,0.1760311401903068,0.012957492955846932,0.0703557795300816,0.12479397419735239,0.45345049863925324,0.021559933810259224,0.11618915570469278,0.20078514512354553,0.0,0.0,0.013169452801751294,0.0703557795300816,0.12479397419735239,0.285179711697116,0.0,0.82,LOW,0.18000000000000005,316999.5063508867,0.0084031400201471,8000,8000,37,0.010855723398964002,0.011452878768789669,0.004468519019617766,False,False,OK,2.8
39335,"Roy, Kevin",0.41793717948717946,-0.19819230769230772,0.35970128205128205,0.7434846153846153,0.5794999999999999,0.4114021794871795,-0.07294230769230771,0.2624062820512821,0.6423546153846152,0.6009499999999999,0.00666666666666671,0.18935128205128204,0.4530377777968029,-0.0011333333333333195,-0.33638609890024906,0.2122445243850628,0.6838573914826557,0.7000000000000001,0.29999999999999993,3,1,70.0,70.0,0,0,0,0.0,1,0,1,0,40.0,10.0,0.0,138,4.9344739331306915,81.17886178861788,70.0,-0.3412680944271077,0.2683257867348,0.16444529803607805,0.09796098401520402,-0.2046348728197404,0.39398615487102245,0.41654445389813555,0.22581016148647967,0.24221470083597196,0.16918747865120753,0.14634146341463414,106,0.7804878048780488,28,0.36585365853658536,79,0.9024390243902439,13,307.5,66.07,76.39,1.8,50.0,30.25,70.59,2.88,4.02,4.25,67.0,23.61,302.47,41,0.6625,58.824333333333335,23,0.8125,66.67833333333333,12,0.9083333333333333,28.602083333333333,9,0.9291666666666667,64.78308333333332,32,0.7375,1.7545083333333336,87,0.2833333333333333,56.82733333333333,75,0.38333333333333336,22.56933333333333,48,0.6083333333333333,3.9604166666666667,43,0.6458333333333334,67.60833333333333,41,0.6625,3.035416666666667,16,0.8708333333333333,4.013416666666667,62,0.49166666666666664,-2.0625,-1.4736842105263157,-2.0833333333333335,-2.1666666666666665,-0.35690789473684204,0.7764227642276422,-0.6610793094982854,0.5609756097560976,-0.051487333245620714,0.8455284552845529,-0.8203632815720334,0.7886178861788617,-0.6501329561880416,0.6910569105691057,-0.37896479750808443,0.4429999999999999,0.8847849707383396,0.0,0,0,3,0.6,2,False,0.0,COLD,4.25,23.609999999999996,69.2732295081967,68.8306557377049,74.20704918032786,22.40213114754098,1.8688524590163933,63.81770491803278,0.034282884615384625,-0.1154587641025641,-0.06059241025641025,-0.03211773076923076,0.19748768537768535,-0.04003327304227303,0.2459528552358843,-0.04846516985819896,0.0,1.0,0.0,0.4,0.0,40.0,40.0,0.0,0.0,0.0,0.0,0.0,0.0,0.0,0.0,0.0,0.0,0.0,0.0,0.0,0.0,0.0,0.0,0.0,0.0,0.0,0.0,0.0,0.0,0.0,0.0,0.0,0.0,0.0,0.0,0.0,0.0,0.0,False,,0.0,0.0,0.0,False,False,none,0.0,0,0,23.0,0,0,0,0,0.0,0.0,0.0,0.00412430942672112,0.03112856627865213,0.06324813082379233,0.7,2.01,120,-5.3,0.8,6.6,0.15214856361591747,0.13370471949839008,0.004340907879356759,0.046299115389675745,0.09441250094705834,0.36365185014377277,0.007222823649163792,0.07646074228628952,0.151903389775483,0.0,0.0,0.004411916844465113,0.046299115389675745,0.09441250094705834,0.22822284542387622,-0.0024180733577542296,0.601914403746307,MEDIUM,0.398085596253693,244041.82873082644,0.0013585915002633,50000,50000,107,0.002694076357554714,0.002842273037270015,0.0028908661581806484,False,False,OK,0.7
48081,"Schauffele, Xander",0.34748269230769235,0.3341153846153846,-0.05006461538461539,0.056336538461538466,0.7005365384615385,0.2932476923076923,0.3828153846153846,0.01189538461538463,0.008361538461538476,0.6879215384615385,0.6965,0.6879692307692308,0.2695541346519895,0.3414666666666667,0.5752603091591855,0.012745549734063708,0.1362832151351815,0.8,0.19999999999999996,4,7,23.75,2.0,0,2,2,0.5714285714285714,3,0,1,1,40.0,10.0,0.0,10,2.3978952727983707,81.17886178861788,70.0,0.1144895978805846,0.2683257867348,-0.08606559939981939,0.09796098401520402,0.2939830758982083,0.39398615487102245,-0.2174486230249412,0.22581016148647967,0.12406021365648479,0.16918747865120753,0.6504065040650406,44,0.3821138211382114,77,0.6504065040650406,44,0.2845528455284553,89,317.5,53.57,58.33,1.857,80.0,28.5,70.0,3.06,4.1,2.75,68.0,15.28,302.47,11,0.9125,58.824333333333335,88,0.2708333333333333,66.67833333333333,104,0.1375,28.602083333333333,66,0.4583333333333333,64.78308333333332,36,0.7041666666666667,1.7545083333333336,112,0.07083333333333333,56.82733333333333,15,0.8833333333333333,22.56933333333333,115,0.04583333333333333,3.9604166666666667,114,0.058333333333333334,67.60833333333333,66,0.45416666666666666,3.035416666666667,69,0.42916666666666664,4.013416666666667,96,0.20833333333333334,-0.11764705882352941,-2.235294117647059,-0.11764705882352941,-1.7222222222222223,0.2565359477124183,0.08130081300813008,1.2837736316781851,0.8455284552845529,-0.8130972403663639,0.16260162601626016,1.1453229929377706,0.573170731707317,-0.20568851174359737,0.4065040650406504,0.23447904494117588,-0.30040000000000006,0.72767514119359,0.8,0,0,4,0.8,3,False,1.0,NEUTRAL,3.9261517615176156,22.80726287262873,70.65937127371275,66.88403794037941,68.76964769647697,19.637208672086725,2.184959349593496,73.67978319783198,-0.17992323076923078,-0.005233969230769237,-0.22015015384615388,-0.00041807692307692384,0.2960711018711018,-0.11338590020790021,0.2459528552358843,0.050118246635217495,3.0,1.0,0.3333333333333333,0.6666666666666666,0.0,31.0,2.0,-4.0,738972.2233333333,2025.0,-0.463,0.5923333333333334,0.6030000000000001,0.268,0.7333333333333333,-0.4988333333333334,0.5363333333333333,0.51525,0.1004999999999999,0.5538333333333333,-0.2149999999999996,-0.215,-0.913900754404326,-0.0317578391185533,0.4501304828769114,-0.1866804966858538,-0.4918916833827548,0.4150674210709925,298.6083333333333,51.34,62.50083333333333,1.70225,71.39583333333333,61.0075,28.395833333333332,71.34583333333333,60.0,3.0199999999999996,False,,3.0,-0.913900754404326,0.7737056144690831,True,True,experienced,-0.022234087737659558,0,0,24.0,0,0,0,0,0.0,0.0,0.0,0.011937902700192776,0.07778076349737705,0.13453957819226836,-4.1,-2.81,10,-8.4,-2.6,4.8,0.2534808152701311,0.23375104641514052,0.01352360095346137,0.12184406849208017,0.18167895339119422,0.6024253590359399,0.022501879215872447,0.2012195663281159,0.2923092661898632,-0.08,0.7737056144690831,0.0137448212453755,0.12184406849208017,0.18167895339119422,0.38022122290519667,0.0,0.82,LOW,0.18000000000000005,379442.1649359428,0.0219565916655457,3000,3000,8,0.015518912417203407,0.016372582093852648,-0.00965644470605251,False,False,OK,5.7
46046,"Scheffler, Scottie",0.7906983333333333,0.48828888888888883,0.5029211111111112,0.517498888888889,1.782408888888889,0.7864451666666665,0.568571111111111,0.48481788888888894,0.5039601111111112,1.8402791111111112,0.8704000000000001,0.9872822222222223,0.7182548608936424,-0.25173333333333336,0.30031074501181276,0.5731876678261104,0.402560897893802,0.9,0.09999999999999998,5,5,19.25,1.0,2,2,2,0.8,1,1,1,1,40.0,10.0,2.0,1,0.6931471805599453,81.17886178861788,70.0,0.300245324376311,0.2683257867348,0.3868569048736849,0.09796098401520402,0.5932960673511998,0.39398615487102245,0.27814994962463147,0.22581016148647967,0.617257688015459,0.16918747865120753,0.8373983739837398,21,0.943089430894309,8,0.8536585365853658,19,0.7967479674796748,26,317.9,53.57,61.11,1.75,42.86,28.0,60.71,3.19,4.05,4.5,70.0,25.0,302.47,10,0.925,58.824333333333335,88,0.2708333333333333,66.67833333333333,93,0.22916666666666666,28.602083333333333,84,0.30416666666666664,64.78308333333332,82,0.325,1.7545083333333336,56,0.5375,56.82733333333333,94,0.225,22.56933333333333,39,0.6833333333333333,3.9604166666666667,34,0.7208333333333333,67.60833333333333,109,0.1,3.035416666666667,105,0.13333333333333333,4.013416666666667,78,0.3541666666666667,-3.2222222222222223,-3.4444444444444446,-3.7058823529411766,-4.0588235294117645,-0.5490196078431371,0.9796747967479674,-1.8208015317205077,1.0,-2.02224756716375,1.0,-2.4429123011798763,0.991869918699187,-2.5422898189331393,0.7398373983739838,-0.5710765106143795,-0.26360000000000006,0.2823709144606316,1.5616000000000003,3,1,5,1.0,5,True,10.0,HOT,5.283436458829129,30.40858638743456,69.86714326511185,71.36962874821513,63.87818657782009,29.815897191813423,1.813184198000952,49.14445502141837,-0.2672284222222222,-0.21331987111111114,-0.31593031111111114,-0.02519800555555556,0.6373062942942942,-0.2252567732732733,0.2459528552358843,0.3913534390584099,4.0,1.0,0.5,0.75,0.5,19.25,1.0,-9.75,2321612.5,2025.0,0.93375,0.8905,0.50525,0.1945,2.33075,0.9991428571428572,1.0945,0.4631428571428571,0.1592857142857142,2.5581428571428573,0.1830999999999999,0.4585,0.1980881370091894,0.2027329434697856,0.0648303397382344,-0.1606151141743247,0.468347291840713,0.8010547201336676,300.9142857142857,68.24071428571428,71.725,1.7265714285714286,69.375,46.43,28.642857142857142,69.28271428571428,66.32857142857144,2.974285714285714,False,,4.0,0.1980881370091894,0.8982444017039272,True,True,experienced,4.216838137009189,0,0,24.0,0,0,0,0,0.0,0.0,0.0,0.0699155698918481,0.16548687191738898,0.2762785292701354,-6.4,-5.09,1,-9.9,-4.7,3.1,0.4751737812941808,0.4739120995924068,0.03816901906668917,0.21852255662558193,0.3351822042022178,1.0,0.06350931677018633,0.3608793979164349,0.5392857142857143,0.08,0.8982444017039272,0.039724432737410977,0.21852255662558193,0.3351822042022178,0.7127606719412712,0.0,0.82,LOW,0.18000000000000005,721313.6757403068,0.1173541968330896,480,480,1,0.06886144186542652,0.07264939576519165,-0.06971862419576749,False,True,VEGAS>>MODEL,20.1
47347,"Schenk, Adam",-0.26718333333333333,-0.05537166666666669,0.13894999999999996,0.02165555555555554,-0.1383000000000001,-0.09122833333333334,0.033353333333333304,0.072065,0.1822922222222222,0.014189999999999925,-0.671,-0.3335000000000001,-0.2867262786337297,-0.6617999999999999,-0.04920497566689805,0.07061916494308264,0.022089863876165516,0.7000000000000001,0.29999999999999993,3,5,19.0,19.0,0,0,0,0.2,4,0,1,1,40.0,10.0,0.0,141,4.955827057601261,81.17886178861788,70.0,-0.23497245340146672,0.2683257867348,-0.025895984015204015,0.09796098401520402,-0.7274861548710225,0.39398615487102245,-0.04351793926425748,0.22581016148647967,-0.2604158119845409,0.16918747865120753,0.24390243902439024,94,0.4634146341463415,67,0.13821138211382114,107,0.4634146341463415,67,299.0,46.43,63.89,1.87,62.5,30.25,61.54,2.94,4.11,3.0,69.0,16.67,302.47,75,0.38333333333333336,58.824333333333335,111,0.08333333333333333,66.67833333333333,78,0.35833333333333334,28.602083333333333,9,0.9291666666666667,64.78308333333332,76,0.37083333333333335,1.7545083333333336,116,0.041666666666666664,56.82733333333333,45,0.6291666666666667,22.56933333333333,110,0.0875,3.9604166666666667,106,0.12083333333333333,67.60833333333333,91,0.25,3.035416666666667,33,0.7291666666666666,4.013416666666667,99,0.17916666666666667,0.3888888888888889,0.6842105263157895,0.2222222222222222,-0.7142857142857143,-0.7825814536340853,0.04065040650406504,1.7903095793906034,0.016260162601626018,2.1064074035964846,0.08943089430894309,1.4851922739835222,0.1910569105691057,0.8022479961929107,0.8211382113821138,-0.8046383564053277,-0.22050000000000017,0.7440297352348092,0.0,0,0,2,0.4,1,False,0.0,COLD,3.4918032786885247,19.854262295081966,72.64670491803278,65.25459016393442,59.77606557377048,10.751639344262294,2.540983606557377,51.84426229508196,-0.01567606666666665,-0.0317086,0.10672000000000002,-0.00911461111111111,-0.021266396396396433,0.01082685225225226,0.2459528552358843,-0.2672192516322807,1.0,1.0,0.0,1.0,0.0,19.0,19.0,-9.0,285535.71,2024.0,0.917,0.096,0.622,-0.107,1.638,0.917,0.096,0.622,-0.107,1.638,0.0,0.0,0.9282549603174604,0.0678742063492063,0.5636611111111112,-0.3455101851851852,1.550716865079365,-0.0112549603174602,291.9,73.21,72.22,1.769,69.75,37.5,29.0,70.468,65.0,3.0,False,,1.0,0.9282549603174604,0.3868528072345416,True,True,rookie,1.4532549603174605,0,0,60.0,0,0,0,0,0.0,0.0,0.0,0.004134330415182154,0.013134992193897216,0.039877651494481456,0.0,1.35,106,-4.0,1.4,7.4,0.10581444951341429,0.09070097544925433,0.004340907879356759,0.018116429162115363,0.05797916568543306,0.25398603315216095,0.007222823649163792,0.0299184036164373,0.09328459383689336,0.0,0.0,0.004411916844465113,0.018116429162115363,0.05797916568543306,0.15872167427012143,0.0,0.37196193927557397,HIGH,0.628038060724426,201266.6628308463,0.0006799743672646,100000,100000,117,0.00204630521296844,0.002158869074566367,0.0035798083569673375,False,False,OK,0.4
48867,"Schmid, Matti",0.12409999999999999,-0.48787750000000013,-0.17734250000000001,0.48028000000000004,-0.636015,0.12409999999999999,-0.32858200000000015,-0.15323400000000004,0.562284,-0.433592,-0.9387499999999998,-0.6644199999999999,0.18573865947248158,-0.06693333333333334,-0.5762824170804981,-0.005108950790593085,0.3595160416427972,0.8,0.19999999999999996,4,2,26.0,26.0,0,0,0,0.5,1,0,1,1,40.0,10.0,0.0,90,4.51085950651685,81.17886178861788,70.0,-0.5969077867348002,0.2683257867348,-0.25119498401520407,0.09796098401520402,-1.0584061548710224,0.39398615487102245,0.3364738385135203,0.22581016148647967,-0.045087478651207546,0.16918747865120753,0.06504065040650407,116,0.15447154471544716,105,0.04065040650406504,119,0.8617886178861789,18,316.0,60.71,77.78,1.786,50.0,29.5,87.5,2.94,3.98,4.25,66.0,23.61,302.47,15,0.8833333333333333,58.824333333333335,51,0.5791666666666667,66.67833333333333,4,0.9708333333333333,28.602083333333333,32,0.7416666666666667,64.78308333333332,3,0.9791666666666666,1.7545083333333336,78,0.35833333333333334,56.82733333333333,75,0.38333333333333336,22.56933333333333,48,0.6083333333333333,3.9604166666666667,43,0.6458333333333334,67.60833333333333,23,0.8125,3.035416666666667,33,0.7291666666666666,4.013416666666667,46,0.625,-0.9375,-1.2222222222222223,0.08333333333333333,-1.0,0.6215277777777779,0.3252032520325203,0.4639206905017146,0.4065040650406504,0.19997465505847267,0.11382113821138211,1.3463033850946333,0.25609756097560976,0.516533710478625,0.2032520325203252,0.5994708750065355,0.39670000000000016,0.7050192580313047,1.0,0,0,3,0.6,2,False,1.5,NEUTRAL,3.793550690147549,22.285392670157066,71.37476392194193,69.99905759162304,65.04511185149929,27.462217991432652,2.38707758210376,60.33702046644456,0.15443354000000006,0.06742296,0.21261439999999995,-0.028114200000000002,-0.21841621621621626,0.11546693189189189,0.2459528552358843,-0.4643690714521006,1.0,1.0,0.0,0.0,0.0,26.0,26.0,-8.0,186250.0,2024.0,0.571,0.221,0.009,0.477,0.805,0.571,0.221,0.009,0.477,0.805,0.0,0.0,0.3684422077922077,0.1565678571428571,0.1484483766233766,-0.0790262987012987,0.6676853896103896,0.2025577922077922,297.9,58.93,69.44,1.72,70.0,66.67,28.25,70.718,59.09,2.94,False,,1.0,0.3684422077922077,0.3868528072345416,True,True,rookie,0.7184422077922077,0,0,9.0,0,0,1,0,0.0,0.0,0.0,0.0025098442187414705,0.013798609714458062,0.03641292881959296,-1.0,0.34,73,-5.6,0.2,6.4,0.10716582370985281,0.08958479929151629,0.0026353002525079613,0.02009197028958113,0.059670994571522806,0.25709624446028545,0.004384868215467024,0.03318091392039894,0.09600663318697077,0.0,0.0,0.0026784087332408224,0.02009197028958113,0.059670994571522806,0.1607487355647792,0.0,0.5207042504737502,ELEVATED,0.47929574952624976,195014.70656087424,0.0019391861584954,35000,35000,100,0.0023048094291072156,0.0024315931796168823,0.0006468168867008,False,False,OK,0.9
24502,"Scott, Adam",0.537075,0.49369499999999994,-0.08692999999999998,0.08370999999999998,0.94384,0.5188889285714285,0.4695326428571428,-0.08000842857142856,0.06686757142857142,0.9084131428571429,1.2588,1.1936485714285714,0.490384053384203,-0.22000000000000014,0.5679061684897808,-0.04745146874635914,0.1956981757553795,0.9,0.09999999999999998,5,9,29.285714285714285,6.0,0,0,1,0.7777777777777778,2,0,1,1,40.0,10.0,0.0,50,3.9318256327243257,81.17886178861788,70.0,0.2012068561223428,0.2683257867348,-0.17796941258663257,0.09796098401520402,0.799662416557549,0.39398615487102245,-0.15894259005790826,0.22581016148647967,0.349701449920221,0.16918747865120753,0.7560975609756098,31,0.24390243902439024,94,0.926829268292683,10,0.34146341463414637,82,319.6,42.86,58.33,1.762,71.43,27.25,70.0,3.0,4.1,4.5,68.0,25.0,302.47,5,0.9666666666666667,58.824333333333335,116,0.041666666666666664,66.67833333333333,104,0.1375,28.602083333333333,101,0.1625,64.78308333333332,36,0.7041666666666667,1.7545083333333336,64,0.475,56.82733333333333,24,0.8083333333333333,22.56933333333333,39,0.6833333333333333,3.9604166666666667,34,0.7208333333333333,67.60833333333333,66,0.45416666666666666,3.035416666666667,51,0.5833333333333334,4.013416666666667,96,0.20833333333333334,-0.7777777777777778,-2.076923076923077,-2.066666666666667,-1.1875,-0.19973290598290605,0.24796747967479674,0.6236429127239368,0.8048780487804879,-0.6547261996423821,0.8252032520325203,-0.8036966149053668,0.3333333333333333,0.32903371047862495,0.6260162601626016,-0.22178980875414844,-0.2897999999999999,0.4312256434345661,0.8,1,0,5,1.0,5,False,3.0,WARM,4.322465492622561,25.31973346025702,70.00611708710139,68.42035697287007,68.27076630176107,36.916230366492144,2.10851975249881,67.50912422655878,-0.22068034214285712,0.03520370857142857,-0.38196754285714285,-0.0033433785714285713,0.43184729729729726,-0.15551068046332045,0.2459528552358843,0.18589444206141295,3.0,1.0,0.0,0.0,0.0,54.666666666666664,45.0,0.0,52949.40666666667,2024.0,-0.2946666666666666,-0.895,0.3973333333333333,0.617,-0.7913333333333333,0.01575,-1.298875,0.3295,0.696875,-0.952,0.5321428571428568,0.7434999999999999,-0.4804506802721088,-1.6042399659863946,0.327271768707483,0.4941435941043084,-1.7264725623582766,0.4962006802721088,297.975,53.12375,55.55375,1.689375,71.9375,51.04125,27.03125,72.254875,58.80875,3.0862499999999997,False,,3.0,-0.4804506802721088,0.7737056144690831,True,True,experienced,-0.8471173469387755,0,0,11.0,0,0,0,0,0.0,0.0,0.0,0.015299749971207909,0.07864329556080055,0.14485309435331975,-2.7,-1.36,32,-7.3,-1.3,4.9,0.2928607315471734,0.26400568834754,0.01654826980727135,0.12120839934685079,0.1992321867106338,0.6975134799672819,0.027534616683552855,0.20016978958219633,0.3205512427924955,-0.08,0.7737056144690831,0.016818967906840857,0.12120839934685079,0.1992321867106338,0.4392910973207601,0.0,0.7621830463738284,LOW,0.2378169536261716,406877.4792432174,0.0095866808680552,7000,7000,30,0.012925021549096534,0.013636005583922995,0.006177325408048898,False,False,OK,3.1
46340,"Smalley, Alex",0.34537,0.4252330769230769,0.2492846153846154,0.15644846153846148,1.0199684615384614,0.347333,0.4265020769230769,0.2732946153846154,0.17465746153846148,1.0472254615384615,0.7532,0.7581953846153846,0.31639509501101526,-0.42113333333333336,0.3590101094134381,0.22429916270293138,0.1405233455921293,0.9,0.09999999999999998,5,3,39.5,14.0,0,0,0,0.6666666666666666,1,0,1,1,40.0,10.0,0.0,123,4.820281565605037,81.17886178861788,70.0,0.1581762901882769,0.2683257867348,0.17533363136941138,0.09796098401520402,0.36420922974436215,0.39398615487102245,-0.05115269994801819,0.22581016148647967,0.17814552134879247,0.16918747865120753,0.7317073170731707,34,0.7967479674796748,26,0.7154471544715447,36,0.45528455284552843,68,305.6,41.07,75.0,1.815,66.67,30.0,55.56,3.06,4.07,2.75,69.0,16.67,302.47,46,0.625,58.824333333333335,118,0.020833333333333332,66.67833333333333,18,0.8541666666666666,28.602083333333333,16,0.8708333333333333,64.78308333333332,99,0.18333333333333332,1.7545083333333336,97,0.2,56.82733333333333,33,0.7333333333333333,22.56933333333333,110,0.0875,3.9604166666666667,114,0.058333333333333334,67.60833333333333,91,0.25,3.035416666666667,69,0.42916666666666664,4.013416666666667,89,0.2625,-1.0588235294117647,-1.2352941176470589,-3.090909090909091,-2.0,-1.3983957219251337,0.34959349593495936,0.34259716108994986,0.4186991869918699,0.18690275963363612,0.9512195121951219,-1.8279390391477908,0.7073170731707317,-0.48346628952137505,0.959349593495935,-1.4204526246963762,-0.26339999999999997,0.5198527806795371,0.0,0,0,4,0.8,3,False,0.0,COLD,4.111256544502618,23.900766301761067,70.56270490242743,72.67887672536888,60.1726796763446,15.537839124226561,2.160161827701095,63.685744883388864,-0.20045597615384614,-0.12024963076923077,-0.24262252307692306,-0.008732873076923074,0.4249371434511434,-0.15794508020790018,0.2459528552358843,0.1789842882152591,2.0,1.0,0.0,0.5,0.0,39.5,14.0,-2.0,236000.0,2025.0,0.7285,-0.1914999999999999,0.778,-0.4535,1.3145,0.6371249999999999,-0.0636249999999999,0.957,-0.408375,1.529875,-0.3655,0.0,0.2460039115646258,-0.4103175693354264,0.8172046834118263,-0.4911504840397698,0.6419804683411826,0.3911210884353741,298.25,58.70875,62.67375,1.791125,71.3125,59.32625,28.03125,70.8785,68.74875,3.17875,False,,2.0,0.2460039115646258,0.6131471927654585,True,True,familiar,0.25850391156462577,0,0,52.0,0,0,0,0,0.0,0.0,0.0,0.009074613276992917,0.04399193545558282,0.09339681837952155,-1.4,-0.09,63,-5.3,-0.5,5.9,0.20253737013247808,0.18358120584969537,0.009485586426729883,0.06327048895433612,0.12657361676258247,0.483961297773384,0.015783038911050092,0.10448814215020152,0.20364847080113538,0.0034798378880662507,0.6131471927654585,0.009640752510491088,0.06327048895433612,0.12657361676258247,0.3038060551987171,0.0,0.6515254286214693,MEDIUM,0.34847457137853066,302980.82304130326,0.004507644646569,15000,15000,65,0.006986408436515872,0.007370719196870997,0.004842329106004684,False,False,OK,1.7
46464,"Smith, Jordan",0.4162375,0.06782500000000002,0.04892499999999998,-0.6353300000000001,0.5333125,0.44669000000000003,-0.034939999999999985,0.12763999999999995,-0.357,0.53965,0.67925,0.5679,0.39707904262035604,0.10333333333333333,0.1579775986818265,0.022906988964120106,-0.040059655343147565,0.8,0.19999999999999996,4,0,40.0,40.0,0,0,0,0.5,0,0,0,0,40.0,10.0,,93,4.543294782270004,81.17886178861788,70.0,-0.3032657867348,0.2683257867348,0.02967901598479593,0.09796098401520402,0.1739138451289775,0.39398615487102245,-0.5828101614864797,0.22581016148647967,0.2775025213487925,0.16918747865120753,0.16260162601626016,104,0.5528455284552846,56,0.5853658536585366,52,0.04878048780487805,118,313.6,58.93,68.06,1.735,37.5,29.0,52.17,2.88,4.05,4.75,67.0,26.39,302.47,21,0.8333333333333334,58.824333333333335,62,0.4875,66.67833333333333,51,0.5833333333333334,28.602083333333333,44,0.6375,64.78308333333332,109,0.09583333333333334,1.7545083333333336,42,0.6583333333333333,56.82733333333333,102,0.15833333333333333,22.56933333333333,28,0.7708333333333334,3.9604166666666667,25,0.8,67.60833333333333,41,0.6625,3.035416666666667,16,0.8708333333333333,4.013416666666667,78,0.3541666666666667,-0.4,0.0,0.3333333333333333,-2.5555555555555554,-0.911111111111111,0.14634146341463414,1.0014206905017144,0.06097560975609756,1.422196877280695,0.06910569105691057,1.5963033850946333,0.8699186991869918,-1.0390218450769304,0.8780487804878049,-0.9331680138823534,0.06610000000000008,0.7614605848119927,0.0,0,0,4,0.8,2,False,0.0,COLD,4.259485094850949,23.965067750677516,70.17968292682927,72.54357723577236,57.506585365853674,39.951219512195124,2.258807588075881,50.82487804878049,0.016421799999999993,-0.05616159999999998,-0.181728,0.017849999999999998,0.10341135135135134,-0.051162335135135135,0.2459528552358843,-0.14254150388453296,0.0,1.0,0.0,0.4,0.0,40.0,40.0,0.0,0.0,0.0,0.0,0.0,0.0,0.0,0.0,0.0,0.0,0.0,0.0,0.0,0.0,0.0,0.0,0.0,0.0,0.0,0.0,0.0,0.0,0.0,0.0,0.0,0.0,0.0,0.0,0.0,0.0,0.0,False,,0.0,0.0,0.0,False,False,none,0.0,0,0,23.0,0,0,0,0,0.0,0.0,0.0,0.008403607168113952,0.037743673003002215,0.07869977812416062,-1.3,-0.0,67,-5.7,-0.2,5.9,0.16924644304401393,0.1536107048820209,0.008818262477050394,0.05406840601108912,0.10642205920787312,0.40432125532425245,0.01467268058524461,0.0892913487233974,0.17122596455344477,0.0,0.0,0.008962512415070727,0.05406840601108912,0.10642205920787312,0.2538696645660209,0.0,0.668922556408826,MEDIUM,0.33107744359117397,277659.83087744226,0.0038673542138177,17500,17500,78,0.006275374147715447,0.006620572089137855,0.004791252390170021,False,False,OK,1.6
50095,"Smotherman, Austin",0.7715000000000001,2.021,0.373,-0.14550000000000002,3.1655,0.7715000000000001,2.021,0.373,-0.14550000000000002,3.1655,2.7925000000000004,2.7925000000000004,0.7736486486486487,0.0,1.9590540540540538,0.3682162162162162,-0.08181081081081082,0.55,0.44999999999999996,2,1,35.0,35.0,0,0,0,1.0,0,0,1,1,40.0,10.0,0.0,100,4.61512051684126,81.17886178861788,70.0,1.7526742132652,0.2683257867348,0.27503901598479596,0.09796098401520402,2.398513845128978,0.39398615487102245,-0.37131016148647966,0.22581016148647967,0.6023125213487925,0.16918747865120753,1.0,1,0.8699186991869918,17,1.0,1,0.16260162601626016,104,299.5,60.71,79.17,1.702,62.5,28.5,66.67,2.81,3.98,5.75,62.0,31.94,302.47,74,0.39166666666666666,58.824333333333335,51,0.5791666666666667,66.67833333333333,1,1.0,28.602083333333333,66,0.4583333333333333,64.78308333333332,50,0.5916666666666667,1.7545083333333336,29,0.7666666666666667,56.82733333333333,45,0.6291666666666667,22.56933333333333,4,0.9708333333333333,3.9604166666666667,2,0.9916666666666667,67.60833333333333,1,1.0,3.035416666666667,6,0.9541666666666667,4.013416666666667,46,0.625,-2.588235294117647,-2.2941176470588234,-1.5833333333333333,-1.0769230769230769,1.1110482654600304,0.8943089430894309,-1.1868146036159326,0.8536585365853658,-0.8719207697781284,0.6260162601626016,-0.3203632815720332,0.2845528455284553,0.4396106335555481,0.08943089430894309,1.088991362688788,0.052999999999999825,1.0,1.0,1,0,1,0.2,1,False,3.5,WARM,5.972222222222222,33.175555555555555,68.68122222222222,79.17,72.59444444444445,29.166666666666664,1.5555555555555554,79.16666666666667,-0.94987,-0.16412,-0.8936000000000001,0.007275,1.4119324324324323,-0.568605135135135,0.2459528552358843,1.165979577196548,1.0,1.0,0.0,0.0,0.0,35.0,35.0,-4.0,114166.67,2023.0,0.122,0.766,0.333,-0.153,1.221,0.122,0.766,0.333,-0.153,1.221,0.0,0.0,-0.2988142857142858,-0.2732105820105819,0.2363275132275132,-0.0400640211640211,-0.3351010582010583,0.4208142857142858,285.8,64.29,59.72,1.5810000000000002,71.0,57.14000000000001,27.25,70.931,51.72,3.06,False,,1.0,-0.2988142857142858,0.3868528072345416,True,True,rookie,-0.1738142857142858,0,0,2.0,1,0,1,0,0.0,0.0,0.0,0.007829814421292387,0.04335163733990684,0.1106843347906,0.1,1.38,108,-5.2,-0.7,5.7,0.2679857909666091,0.23525557409075087,0.00821813836393495,0.06315581115800531,0.1562603474346434,0.6419232619963018,0.013674135866694631,0.10429875733458654,0.2514124318783508,0.0,0.0,0.008352571417240554,0.06315581115800531,0.1562603474346434,0.4019786864499137,-0.0,0.548913999050606,ELEVATED,0.451086000949394,324939.48626839486,0.0038673542138177,17500,17500,79,0.006014089442086596,0.006344914544474207,0.004200048450295176,False,False,OK,1.6
39324,"Spaun, J.J.",0.28448055555555557,0.42805000000000004,0.3423333333333334,-0.4855111111111111,1.0549222222222223,0.3312643055555555,0.5634775,0.21558333333333335,-0.20848111111111112,1.1104322222222223,0.4944999999999999,0.7748999999999999,0.2871383950859121,-0.13899999999999998,0.4630771781559141,0.09276945564726205,-0.20019396668946704,0.55,0.44999999999999996,2,6,33.0,2.0,0,1,1,0.3333333333333333,4,0,1,1,40.0,10.0,0.0,11,2.4849066497880004,81.17886178861788,70.0,0.29515171326519996,0.2683257867348,0.11762234931812933,0.09796098401520402,0.38091384512897747,0.39398615487102245,-0.4342912725975908,0.22581016148647967,0.162076826904348,0.16918747865120753,0.8292682926829268,22,0.6829268292682927,40,0.7235772357723578,35,0.12195121951219512,109,303.4,69.64,68.06,1.776,69.23,29.5,47.83,2.88,4.1,4.25,66.0,25.0,302.47,59,0.5166666666666667,58.824333333333335,14,0.8916666666666667,66.67833333333333,51,0.5833333333333334,28.602083333333333,32,0.7416666666666667,64.78308333333332,114,0.058333333333333334,1.7545083333333336,72,0.4041666666666667,56.82733333333333,26,0.7875,22.56933333333333,39,0.6833333333333333,3.9604166666666667,43,0.6458333333333334,67.60833333333333,23,0.8125,3.035416666666667,16,0.8708333333333333,4.013416666666667,96,0.20833333333333334,-1.875,-0.5555555555555556,-1.4545454545454546,-3.1666666666666665,-1.0953282828282829,0.6991869918699187,-0.4735793094982854,0.17073170731707318,0.8666413217251394,0.6056910569105691,-0.19157540278415452,0.9634146341463414,-1.6501329561880416,0.926829268292683,-1.1173851855995254,-0.17899999999999994,0.4521553322083512,0.0,0,0,2,0.4,0,False,0.0,COLD,4.583333333333333,26.85333333333333,70.68411111111111,70.52666666666667,47.62555555555556,22.752222222222223,3.0555555555555554,53.27444444444445,-0.264834425,-0.09485666666666667,-0.24796799999999997,0.010424055555555558,0.3956966666666666,-0.17015533603603603,0.2459528552358843,0.14974381143078228,2.0,1.0,0.5,0.5,0.0,33.0,2.0,-6.0,1389250.0,2025.0,0.0035,0.3675,0.6015,0.493,0.974,0.0962222222222221,0.4834444444444443,0.6593333333333333,0.4695555555555555,1.2403333333333333,1.6689999999999996,0.0,-0.1496062736205593,0.0374941609977322,0.4231940476190475,0.5666194633408919,0.2968331821617535,0.2458284958427815,297.1,63.89111111111111,67.74555555555555,1.710888888888889,70.33333333333333,55.56,27.88888888888889,70.28966666666666,58.48777777777779,3.026666666666667,False,,2.0,-0.1496062736205593,0.6131471927654585,True,True,familiar,1.0253937263794408,0,0,999.0,0,1,0,0,0.0,0.0,0.0,0.012740660583768064,0.07262341879916383,0.13741434845962852,-4.2,-2.92,6,-7.7,-1.8,5.4,0.2689773114749594,0.252604410161221,0.012957492955846932,0.10458880729924458,0.17931085465184224,0.6411451963411261,0.021559933810259224,0.172723339822626,0.28849915394601605,0.018208974714478743,0.6131471927654585,0.013169452801751294,0.10458880729924458,0.17931085465184224,0.4034659672124391,0.0,0.72,MEDIUM,0.28,385563.71510166576,0.0095866808680552,7000,7000,33,0.011577931845282005,0.012214814705943834,0.003540582896528746,False,False,OK,3.1
34046,"Spieth, Jordan",-0.017350000000000004,0.48455500000000007,0.23407499999999998,0.6943375,0.3871125,0.047148571428571415,0.1996228571428571,0.22871714285714284,0.5922271428571428,0.4754614285714286,-0.4022,0.044914285714285726,-0.10435687550041,-0.11740000000000002,0.1265853645543685,0.20353567458442384,0.7607241746380974,0.8,0.19999999999999996,4,9,41.75,19.0,0,0,0,0.4444444444444444,5,0,1,1,40.0,10.0,0.0,64,4.174387269895637,81.17886178861788,70.0,-0.06870292959194291,0.2683257867348,0.1307561588419388,0.09796098401520402,-0.3490718691567367,0.39398615487102245,0.36641698137066314,0.22581016148647967,-0.12203890722263612,0.16918747865120753,0.4065040650406504,74,0.6991869918699187,38,0.3008130081300813,87,0.8699186991869918,17,307.8,57.14,65.28,1.766,30.0,28.75,68.0,3.0,4.0,3.75,68.0,20.83,302.47,40,0.675,58.824333333333335,72,0.4041666666666667,66.67833333333333,68,0.44166666666666665,28.602083333333333,54,0.5541666666666667,64.78308333333332,43,0.6458333333333334,1.7545083333333336,68,0.44166666666666665,56.82733333333333,113,0.06666666666666667,22.56933333333333,74,0.39166666666666666,3.9604166666666667,70,0.42083333333333334,67.60833333333333,66,0.45416666666666666,3.035416666666667,51,0.5833333333333334,4.013416666666667,55,0.5458333333333333,-1.6,-0.875,-1.8333333333333333,-1.0,-0.17916666666666647,0.5609756097560976,-0.1985793094982855,0.23983739837398374,0.547196877280695,0.7357723577235772,-0.5703632815720332,0.25609756097560976,0.516533710478625,0.6097560975609756,-0.20122356943790887,0.042800000000000046,0.7178362549278832,0.0,0,0,4,0.8,4,False,0.0,COLD,4.118563685636857,23.496991869918702,70.13887262872629,66.79967479674798,69.00780487804879,2.1680216802168024,1.9220867208672088,67.2019512195122,-0.09382274285714283,-0.10063554285714285,-0.014372571428571432,-0.02961135714285714,0.23351992277992273,-0.06592566563706563,0.2459528552358843,-0.012432932455961582,3.0,1.0,0.0,0.3333333333333333,0.0,42.0,19.0,-1.0,123261.90333333334,2025.0,0.2779999999999999,0.4676666666666667,0.1896666666666666,-0.4023333333333332,0.9353333333333332,0.3206666666666666,-0.1598888888888888,0.7298888888888888,-0.5187777777777778,0.8911111111111111,0.0479999999999999,0.0959999999999999,0.1640496814110259,-0.3169789402940663,0.4736775735935399,-0.9064834600506868,0.3151188372785011,0.1566169852556407,297.5,59.91777777777778,62.80777777777777,1.7335555555555555,72.02777777777777,40.37555555555556,28.25,71.628,56.34444444444445,3.178888888888889,False,,3.0,0.1640496814110259,0.7737056144690831,True,True,experienced,0.11404968141102587,0,0,11.0,0,0,0,0,0.0,0.0,0.0,0.003179923888004855,0.02636047338407969,0.049718071588811016,-1.8,-0.49,53,-6.8,-0.3,5.5,0.16044056748971555,0.1308452953196801,0.0033774463640236403,0.04354910539900442,0.09668158816750948,0.38387423546053057,0.005619722912771658,0.07191923423777226,0.15555419911773352,-0.011420920289824619,0.7737056144690831,0.003432694938212188,0.04354910539900442,0.09668158816750948,0.24066085123457331,0.0,0.5565661967578772,ELEVATED,0.4434338032421228,230586.5807228861,0.0095866808680552,7000,7000,29,0.005037810762002614,0.005314932390671091,-0.006310265225814201,False,False,OK,3.1
55893,"Stevens, Sam",0.3509621739130435,0.19322869565217393,0.09260869565217392,-0.08800565217391304,0.6367152173913043,0.39821293478260866,0.19997173913043478,0.18342923913043477,-0.010989130434782592,0.7815705434782609,0.7539999999999999,0.8371304347826087,0.4220070369479771,-0.10960000000000009,0.2820860149291938,0.11528073142220073,0.010863560933232583,0.9,0.09999999999999998,6,2,70.0,70.0,0,0,0,0.0,2,0,1,0,40.0,10.0,0.0,49,3.912023005428146,81.17886178861788,70.0,-0.06835404760436523,0.2683257867348,0.08546825511523075,0.09796098401520402,0.4431442799115863,0.39398615487102245,-0.23679929192126226,0.22581016148647967,0.22902545613140113,0.16918747865120753,0.4146341463414634,73,0.6504065040650406,44,0.7723577235772358,29,0.23577235772357724,95,292.6,55.36,73.61,1.736,40.0,29.0,68.42,2.75,4.0,4.25,65.0,23.61,302.47,97,0.2,58.824333333333335,81,0.3333333333333333,66.67833333333333,25,0.7958333333333333,28.602083333333333,44,0.6375,64.78308333333332,40,0.6708333333333333,1.7545083333333336,44,0.6416666666666667,56.82733333333333,100,0.175,22.56933333333333,48,0.6083333333333333,3.9604166666666667,43,0.6458333333333334,67.60833333333333,13,0.8958333333333334,3.035416666666667,2,0.9875,4.013416666666667,55,0.5458333333333333,-2.0588235294117645,-1.0666666666666667,-0.9375,-1.5,0.34399509803921546,0.7601626016260162,-0.6574028389100499,0.3170731707317073,0.35553021061402834,0.32926829268292684,0.32547005176130006,0.4878048780487805,0.016533710478624952,0.35772357723577236,0.32193819526797307,-0.061499999999999985,0.6746461237495177,0.0,0,0,4,0.8,0,False,0.0,COLD,4.153855306996668,23.2448024750119,70.47692384578772,72.54473584007616,65.72048548310329,9.1432651118515,2.0555687767729656,42.55413612565445,-0.09398671739130435,-0.08070886521739129,-0.2678817391304348,0.0005494565217391296,0.31627547003525264,-0.1173667074030552,0.2459528552358843,0.07032261479936833,0.0,1.0,0.0,0.4,0.0,40.0,40.0,0.0,0.0,0.0,0.0,0.0,0.0,0.0,0.0,0.0,0.0,0.0,0.0,0.0,0.0,0.0,0.0,0.0,0.0,0.0,0.0,0.0,0.0,0.0,0.0,0.0,0.0,0.0,0.0,0.0,0.0,0.0,False,,0.0,0.0,0.0,False,False,none,0.0,0,0,999.0,0,1,0,0,0.0,0.0,0.0,0.01247472925772229,0.06033608103652316,0.09983659387720735,-2.9,-1.61,28,-7.1,-0.9,5.2,0.17407753298226142,0.16880742247596311,0.012957492955846932,0.08698701991285,0.12657361676258247,0.41346123781961247,0.021559933810259224,0.14365484212451904,0.20364847080113538,0.0,0.0,0.013169452801751294,0.08698701991285,0.12657361676258247,0.2611162994733921,0.0,0.6592773533367643,MEDIUM,0.3407226466632357,326261.888658443,0.0054020185843803,12500,12500,60,0.00909441326023483,0.009594681875616209,0.0074512444219764,False,False,OK,2.0
49960,"Straka, Sepp",0.18767187499999996,0.682134375,0.0423125,-0.029084375000000023,0.912325,0.19989999999999997,0.71097,0.023949999999999996,0.051669999999999966,0.93501,0.7595000000000001,0.8226500000000001,-0.0024953345568162477,0.16033333333333333,0.5498855590539455,0.05210285683790529,0.10023986149411696,0.8,0.19999999999999996,4,5,26.0,9.0,0,0,1,0.8,1,0,1,1,40.0,10.0,0.0,9,2.302585092994046,81.17886178861788,70.0,0.4426442132652,0.2683257867348,-0.07401098401520402,0.09796098401520402,0.42866384512897765,0.39398615487102245,-0.1741401614864797,0.22581016148647967,0.030712521348792432,0.16918747865120753,0.9024390243902439,13,0.4146341463414634,73,0.7560975609756098,31,0.3252032520325203,84,312.0,66.07,70.83,1.765,60.0,30.25,52.38,2.88,4.13,4.5,66.0,25.0,302.47,25,0.8,58.824333333333335,23,0.8125,66.67833333333333,36,0.7083333333333334,28.602083333333333,9,0.9291666666666667,64.78308333333332,107,0.11666666666666667,1.7545083333333336,66,0.4583333333333333,56.82733333333333,54,0.5541666666666667,22.56933333333333,39,0.6833333333333333,3.9604166666666667,34,0.7208333333333333,67.60833333333333,23,0.8125,3.035416666666667,16,0.8708333333333333,4.013416666666667,104,0.14166666666666666,-0.17647058823529413,-2.0,-1.8,-2.076923076923077,-0.8502262443438917,0.0975609756097561,1.2249501022664204,0.7601626016260162,-0.577803122719305,0.7235772357723578,-0.5370299482387,0.7479674796747967,-0.5603893664444521,0.8536585365853658,-0.8722831471151341,-0.21570000000000014,0.8452744458984248,0.6400000000000001,1,0,4,0.8,4,False,3.0,WARM,4.3834688346883475,25.27176151761518,71.11522493224935,68.75509485094851,56.044173441734415,16.620921409214098,2.508130081300813,45.04065040650407,-0.3341559,-0.010537999999999997,-0.26324800000000004,-0.0025834999999999986,0.4455408108108108,-0.17567523783783784,0.2459528552358843,0.1995879555749265,4.0,1.0,0.25,0.75,0.0,26.0,9.0,-5.25,350812.5,2025.0,0.31725,0.62,0.1955,0.26675,1.1335,0.2827857142857142,0.7915,0.2727142857142857,0.1015714285714285,1.3481428571428573,-0.0965,0.0505,0.0930157312925169,0.2900616496598639,0.2828996598639456,-0.0058256802721088,0.6706058673469389,0.1897699829931972,287.95,63.13928571428572,69.84285714285714,1.7415,70.64285714285714,71.68214285714285,28.910714285714285,70.55057142857142,66.47714285714287,2.9657142857142853,False,,4.0,0.0930157312925169,0.8982444017039272,True,True,experienced,0.9430157312925169,0,0,13.0,0,0,0,0,0.0,0.0,0.0,0.013128015468410133,0.07159689755214105,0.13080693192863016,-4.1,-2.82,9,-8.0,-2.7,4.5,0.24541470066689908,0.23531464881262915,0.012957492955846932,0.1009618539627258,0.1666222388282591,0.584556785110463,0.021559933810259224,0.16673360239429924,0.26808402103642476,0.042637914728984684,0.8982444017039272,0.013169452801751294,0.1009618539627258,0.1666222388282591,0.3681220510003486,0.0,0.82,LOW,0.18000000000000005,376629.56255525775,0.0166013254056565,4000,4000,14,0.014682465484031093,0.01549012359983256,-0.0030749528422968665,False,False,OK,4.6
25493,"Taylor, Nick",-0.21567470588235296,0.5830858823529411,0.21978823529411767,0.1870894117647059,0.5874388235294118,-0.08804529411764708,0.23573161764705877,0.3286517647058824,0.23817558823529417,0.47650867647058825,0.27320000000000005,-0.06494411764705885,-0.27815791339243373,-0.6885333333333333,0.24040280227113855,0.451458760335994,0.16052403174137586,0.9,0.09999999999999998,6,7,42.25,16.0,0,0,0,0.5714285714285714,3,0,1,1,40.0,10.0,0.0,62,4.143134726391533,81.17886178861788,70.0,-0.03259416908774124,0.2683257867348,0.2306907806906784,0.09796098401520402,-0.4589302725180813,0.39398615487102245,0.012365426748814495,0.22581016148647967,-0.2572327727688546,0.16918747865120753,0.4715447154471545,66,0.8211382113821138,23,0.23577235772357724,95,0.5121951219512195,61,293.5,46.43,52.78,1.789,75.0,27.5,67.65,3.06,4.13,2.75,69.0,15.28,302.47,93,0.22916666666666666,58.824333333333335,111,0.08333333333333333,66.67833333333333,118,0.020833333333333332,28.602083333333333,96,0.20416666666666666,64.78308333333332,46,0.625,1.7545083333333336,80,0.3416666666666667,56.82733333333333,20,0.8416666666666667,22.56933333333333,115,0.04583333333333333,3.9604166666666667,114,0.058333333333333334,67.60833333333333,91,0.25,3.035416666666667,69,0.42916666666666664,4.013416666666667,104,0.14166666666666666,-1.7647058823529411,-2.3529411764705883,-0.9166666666666666,-0.7142857142857143,1.243347338935574,0.6422764227642277,-0.36328519185122654,0.8699186991869918,-0.9307442991898933,0.3008130081300813,0.34630338509463343,0.1910569105691057,0.8022479961929107,0.07317073170731707,1.2212904361643315,-0.31349999999999995,0.2454524670486058,0.0,0,0,5,1.0,5,False,0.0,COLD,3.522013326987149,19.94882436934793,70.74175725844836,66.3321370775821,69.40465016658734,15.501784864350313,1.932294145644931,64.75655402189433,-0.11079386029411763,-0.14460677647058826,0.020782117647058833,-0.011908779411764709,0.18810414944356119,-0.0718921001589825,0.2459528552358843,-0.057848705792323124,2.0,1.0,0.0,0.0,0.0,37.0,26.0,-4.5,112142.855,2024.0,-0.2289999999999999,1.1475,-0.4105,0.3195,0.51,-0.1948,1.1136,-0.6262000000000001,0.8051999999999999,0.2958,0.038,0.0,-0.2095012281835811,0.8453160956690368,-0.8173198448610214,0.5804290454643395,-0.1918106011635423,0.0147012281835811,288.84000000000003,57.498000000000005,61.11,1.6466,70.35,45.714,26.75,70.8992,64.082,3.06,False,,2.0,-0.2095012281835811,0.6131471927654585,True,True,familiar,-0.13450122818358115,0,0,38.0,0,0,0,0,0.0,0.0,0.0,0.003581399884001419,0.024245460962948065,0.05379801269392299,-1.8,-0.51,52,-6.3,-0.4,5.6,0.15388609091042627,0.1275010356727322,0.003938056110198295,0.03703571991571283,0.09014952491330985,0.3685541552070681,0.00655251979424384,0.06116269419035116,0.14504454689384855,-0.045110519392159695,0.6131471927654585,0.004002475189500491,0.03703571991571283,0.09014952491330985,0.2308291363656394,0.0,0.6083085967764373,MEDIUM,0.39169140322356266,229853.03726137395,0.0067391518973457,10000,10000,40,0.004696310032285786,0.004954646271251974,-0.003049077853333098,False,False,OK,2.4
51634,"Theegala, Sahith",-0.04491666666666666,0.23770999999999998,0.25423500000000004,0.16755250000000002,0.42948250000000004,-0.1414068452380952,0.21823785714285712,0.24471250000000003,0.36006625000000003,0.3217798214285714,0.26839999999999997,0.1173535714285714,-0.1484541491114178,0.02426666666666666,0.4211696411517403,0.42476052623198657,0.4225153670657259,0.9,0.09999999999999998,7,4,45.0,9.0,0,0,1,0.75,1,0,1,1,40.0,10.0,0.0,76,4.343805421853684,81.17886178861788,70.0,-0.05008792959194289,0.2683257867348,0.14675151598479602,0.09796098401520402,-0.27663258344245106,0.39398615487102245,0.13425608851352036,0.22581016148647967,-0.31059432388930275,0.16918747865120753,0.43902439024390244,70,0.7642276422764228,30,0.3333333333333333,83,0.6016260162601627,50,314.6,57.14,63.89,1.717,100.0,27.0,73.08,3.19,3.93,4.25,66.0,25.0,302.47,17,0.8666666666666667,58.824333333333335,72,0.4041666666666667,66.67833333333333,78,0.35833333333333334,28.602083333333333,108,0.10833333333333334,64.78308333333332,27,0.7833333333333333,1.7545083333333336,36,0.7041666666666667,56.82733333333333,4,0.9708333333333333,22.56933333333333,39,0.6833333333333333,3.9604166666666667,43,0.6458333333333334,67.60833333333333,23,0.8125,3.035416666666667,105,0.13333333333333333,4.013416666666667,23,0.8166666666666667,0.1875,-2.5,0.0,-2.5384615384615383,-0.11298076923076916,0.04878048780487805,1.5889206905017146,0.8983739837398373,-1.077803122719305,0.13821138211382114,1.2629700517613,0.8617886178861789,-1.0219278279829134,0.5772357723577236,-0.13503767200201156,0.03509999999999999,0.5932729465563437,1.4096000000000002,0,0,5,1.0,5,False,2.5,NEUTRAL,3.9687053783912423,23.131404093288914,70.33768871965732,67.13613041408853,69.76009519276535,14.877201332698714,2.141004283674441,66.33881009043313,-0.10257179285714285,-0.1076735,-0.037553142857142854,-0.0180033125,0.22385294401544398,-0.0744214777027027,0.2459528552358843,-0.022099911220440333,3.0,1.0,0.3333333333333333,0.3333333333333333,0.0,45.0,9.0,-0.3333333333333333,272083.3333333333,2025.0,0.08,-0.156,-0.2833333333333333,0.4426666666666667,-0.3583333333333333,0.0473333333333333,-0.0529166666666667,-0.266,0.57025,-0.2704166666666667,-0.1959999999999999,-0.1959999999999999,0.0886756854256854,-0.2328731704803134,-0.4317106782106782,0.1563493094207381,-0.5694398062255206,-0.041342352092352,300.775,55.951666666666675,66.3175,1.7108333333333332,71.75,45.625,28.416666666666668,71.7,58.531666666666666,3.077500000000001,False,,3.0,0.0886756854256854,0.7737056144690831,True,True,experienced,0.6303423520923519,0,0,6.0,0,0,1,0,0.0,0.0,0.0,0.0034541032335991886,0.028633325690157523,0.054004862346241744,-1.5,-0.2,61,-5.9,0.2,5.4,0.15610298496922462,0.13177157781476273,0.00356923130196029,0.04716375749941352,0.09668158816750948,0.3731292748996191,0.0059388332979216675,0.07788865677161197,0.15555419911773352,0.016116408014245867,0.7737056144690831,0.003627617111571643,0.04716375749941352,0.09668158816750948,0.23415447745383694,0.0,0.6245740235060131,MEDIUM,0.3754259764939869,235522.3931480336,0.0095866808680552,7000,7000,35,0.005293649485909657,0.005584844379175591,-0.006027766169760283,False,False,OK,3.1
33448,"Thomas, Justin",0.9378570588235295,0.405470588235294,0.3088823529411765,0.37041176470588233,0.808235294117647,0.0937058823529412,0.405470588235294,0.3088823529411765,0.37041176470588233,0.808235294117647,0.0244,0.49935294117647056,0.21542488474835592,0.24833333333333332,0.2600275997036858,0.08122558307755018,0.29803445752988167,0.2,0.8,0,9,31.375,1.0,1,2,2,0.8888888888888888,1,1,1,1,40.0,10.0,1.0,14,2.70805020110221,81.17886178861788,70.0,0.13714480150049402,0.2683257867348,0.21092136892597246,0.09796098401520402,0.1053667863054481,0.39398615487102245,0.14460160321940266,0.22581016148647967,-0.07548159629826634,0.16918747865120753,0.7154471544715447,36,0.8048780487804879,25,0.5447154471544715,57,0.6341463414634146,46,,,,,,,,,,,,,302.47,122,,58.824333333333335,122,,66.67833333333333,122,,28.602083333333333,122,,64.78308333333332,122,,1.7545083333333336,122,,56.82733333333333,122,,22.56933333333333,122,,3.9604166666666667,122,,67.60833333333333,122,,3.035416666666667,122,,4.013416666666667,122,,-0.8888888888888888,-2.176470588235294,-1.3333333333333333,-2.4705882352941178,-0.369281045751634,0.3008130081300813,0.5125318016128257,0.8252032520325203,-0.7542737109545989,0.532520325203252,-0.0703632815720332,0.8536585365853658,-0.9540545248154928,0.7073170731707317,-0.3913379485228764,0.0,0.5,0.0,0,0,0,0.0,0,False,0.0,COLD,4.2000267004097935,24.06937669376694,70.68733062330624,68.90643897996355,63.823157903901745,24.317102960391814,2.1552237029985726,56.49760470236783,-0.1905711764705882,-0.13590823529411764,-0.15979294117647058,-0.01852058823529412,0.39651669316375193,-0.14041071542130362,0.2459528552358843,0.15056383792786762,4.0,1.0,0.25,0.25,0.25,31.75,1.0,-4.75,747902.7775,2025.0,0.27775,0.90575,0.25625,0.0467499999999999,1.4395,-0.0317272727272726,0.734,0.1672727272727272,0.2027272727272726,0.8694545454545456,-0.3890571428571428,-0.8554999999999999,-0.2519376462099991,0.1293776610644258,-0.2559074221203633,0.1797936686189626,-0.3838819017910194,0.2202103734827264,296.59090909090907,62.01181818181819,58.71090909090909,1.6876363636363636,71.31818181818181,52.5,26.931818181818183,70.92818181818183,59.13999999999999,3.152727272727273,False,,4.0,-0.2519376462099991,0.8982444017039272,True,True,experienced,1.704312353790001,0,0,999.0,0,1,0,0,0.0,0.0,0.0,0.008468663893100293,0.04730681924986715,0.10187126149600628,-3.3,-1.95,18,-8.0,-1.7,6.1,0.21461390036236766,0.2002136680828292,0.00821813836393495,0.0655953677758,0.13333106440605802,0.5129288595867847,0.013674135866694631,0.10832756670332032,0.21452075140992766,0.06842191912165178,0.8982444017039272,0.008452802274247441,0.0655953677758,0.13333106440605802,0.32192085054355146,0.0,0.72,MEDIUM,0.28,313809.3945843932,0.0054020185843803,12500,12500,56,0.007204192478307377,0.007600483178205781,0.00332361882879825,False,False,OK,2.0
58168,"Thompson, Davis",0.34865392156862746,0.260285294117647,0.058261764705882346,-0.7099715686274509,0.6675,0.40937539215686275,0.2186585294117647,0.11523617647058822,-0.5491271568627452,0.7435499999999999,0.5750000000000001,0.6043470588235295,0.37520908111938855,-0.3097333333333333,0.2070151612008975,0.05499499562703263,-0.5992680609327432,0.7000000000000001,0.29999999999999993,3,3,39.0,10.0,0,0,1,0.6666666666666666,1,0,1,1,40.0,10.0,0.0,111,4.718498871295094,81.17886178861788,70.0,-0.04966725732303531,0.2683257867348,0.017275192455384197,0.09796098401520402,0.210360903952507,0.39398615487102245,-0.7749373183492249,0.22581016148647967,0.24018791350565522,0.16918747865120753,0.44715447154471544,69,0.5203252032520326,60,0.6097560975609756,49,0.016260162601626018,122,292.9,64.29,76.39,1.745,100.0,28.5,88.24,2.81,3.95,4.0,65.0,22.22,302.47,96,0.20833333333333334,58.824333333333335,31,0.75,66.67833333333333,12,0.9083333333333333,28.602083333333333,66,0.4583333333333333,64.78308333333332,2,0.9916666666666667,1.7545083333333336,52,0.5708333333333333,56.82733333333333,4,0.9708333333333333,22.56933333333333,61,0.5,3.9604166666666667,56,0.5375,67.60833333333333,13,0.8958333333333334,3.035416666666667,6,0.9541666666666667,4.013416666666667,33,0.7291666666666666,-1.1578947368421053,-2.0,-2.230769230769231,-1.0833333333333333,-0.07810391363022928,0.3943089430894309,0.24352595365960927,0.7601626016260162,-0.577803122719305,0.8617886178861789,-0.9677991790079308,0.3008130081300813,0.4332003771452917,0.5447154471544715,-0.10016081640147168,-0.12800000000000003,0.3344772040064913,0.0,0,0,3,0.75,3,False,0.0,COLD,3.4308943089430897,19.06021680216802,71.0378672086721,74.00929539295394,72.93224932249323,24.993360433604337,1.581978319783198,68.40921409214093,-0.1027695088235294,-0.05070391764705882,-0.19339105882352942,0.027456357843137255,0.1600168839427663,-0.08962309904610492,0.2459528552358843,-0.085935971293118,2.0,1.0,0.5,0.5,0.0,39.0,10.0,-2.0,354250.0,2025.0,0.701,-0.7649999999999999,-0.0315,0.957,-0.0955,0.7727499999999999,-0.3872499999999999,-0.048875,0.9105,0.3366249999999998,0.2869999999999999,0.0,0.3778679910560714,-0.6178990245220894,-0.1707535525906269,1.2389305535079531,-0.4060675647451965,0.3948820089439285,301.9625,65.40375,55.7275,1.7007500000000002,71.1875,69.375,26.5625,70.7535,66.25,3.04875,False,,2.0,0.3778679910560714,0.6131471927654585,True,True,familiar,1.4028679910560713,0,0,60.0,0,0,0,0,0.0,0.0,0.0,0.006892544930523206,0.03435854536679196,0.08291633851256985,-1.7,-0.38,55,-5.7,-0.7,6.3,0.1877923510667977,0.1717418207154714,0.006759484456085033,0.04716375749941352,0.11108584548458814,0.44960837589425706,0.011247085988104547,0.07788865677161197,0.1787296842676238,0.07048885584107428,0.6131471927654585,0.006870056716366155,0.04716375749941352,0.11108584548458814,0.28168852660019655,0.0,0.6490097658527988,MEDIUM,0.3509902341472012,278153.4907130705,0.0067391518973457,10000,10000,48,0.006954408853189546,0.007336959369449164,0.0003625407281919648,False,False,OK,2.4
57364,"Thorbjornsen, Michael",0.37921249999999995,0.16921250000000002,0.15116250000000003,-0.42887499999999995,0.6994750000000001,0.45571285714285714,0.18628428571428574,0.08167285714285719,-0.3419142857142858,0.7236085714285714,0.29625000000000007,0.4402857142857143,0.3945786464364851,-1.3360666666666667,-0.033956314887898256,0.238728637672271,-0.23638120722990535,0.8,0.19999999999999996,4,0,40.0,40.0,0,0,0,0.5,0,0,0,0,40.0,10.0,,59,4.0943445622221,81.17886178861788,70.0,-0.08204150102051427,0.2683257867348,-0.016288126872346834,0.09796098401520402,0.04629955941469183,0.39398615487102245,-0.5677244472007654,0.22581016148647967,0.2865253784916496,0.16918747865120753,0.3902439024390244,76,0.4878048780487805,64,0.5121951219512195,61,0.056910569105691054,117,318.5,64.29,61.11,1.773,66.67,28.0,75.0,2.88,4.05,3.25,70.0,18.06,302.47,9,0.9333333333333333,58.824333333333335,31,0.75,66.67833333333333,93,0.22916666666666666,28.602083333333333,84,0.30416666666666664,64.78308333333332,19,0.85,1.7545083333333336,70,0.425,56.82733333333333,33,0.7333333333333333,22.56933333333333,100,0.17083333333333334,3.9604166666666667,95,0.2125,67.60833333333333,109,0.1,3.035416666666667,16,0.8708333333333333,4.013416666666667,78,0.3541666666666667,-2.0,-2.5384615384615383,-0.6363636363636364,-1.9090909090909092,0.9965034965034965,0.7357723577235772,-0.5985793094982854,0.9105691056910569,-1.1162646611808433,0.2601626016260163,0.6266064153976637,0.6707317073170732,-0.3925571986122842,0.12195121951219512,0.9744465937322541,-0.6609000000000003,0.9598739629197982,0.4096000000000001,1,0,3,0.6,0,False,3.0,WARM,3.4315718157181574,19.984769647696478,72.17939837398376,68.08246612466125,69.29159891598917,34.69913279132792,1.7533875338753389,55.10501355013551,-0.0875536142857143,-0.03593605714285716,-0.14089142857142858,0.01709571428571429,0.13414123552123552,-0.06960682471042472,0.2459528552358843,-0.11181161971464879,0.0,1.0,0.0,0.4,0.0,40.0,40.0,0.0,0.0,0.0,0.0,0.0,0.0,0.0,0.0,0.0,0.0,0.0,0.0,0.0,0.0,0.0,0.0,0.0,0.0,0.0,0.0,0.0,0.0,0.0,0.0,0.0,0.0,0.0,0.0,0.0,0.0,0.0,False,,0.0,0.0,0.0,False,False,none,0.0,0,0,999.0,0,1,0,0,0.0,0.0,0.0,0.007829472470428693,0.03718253706726038,0.07608684065434826,-2.0,-0.7,46,-6.7,0.1,6.1,0.16109545281023346,0.14688655973939205,0.00821813836393495,0.05352434425965691,0.10242030269173716,0.38469129818954717,0.013674135866694631,0.08839285714285715,0.16478740637778486,0.0,0.0,0.008352571417240554,0.05352434425965691,0.10242030269173716,0.2416431792153502,0.0,0.6107026829059571,MEDIUM,0.3892973170940429,271655.18479692726,0.0067391518973457,10000,10000,46,0.007507296421458266,0.0079202603674054,0.0013278984397310113,False,False,OK,2.4
52666,"Valimaki, Sami",-0.3195,0.5349333333333333,-0.00944999999999998,0.33903333333333335,0.206225,-0.2802214285714286,0.5857819047619047,-0.19042857142857142,0.4740661904761905,0.24200749999999996,0.054000000000000006,0.19257857142857138,-0.25858530110947964,-0.3223999999999999,0.5255667512518463,-0.049573006672147424,0.6029572407237783,0.7000000000000001,0.29999999999999993,3,2,61.5,54.0,0,0,0,1.0,0,0,1,1,40.0,10.0,0.0,53,3.9889840465642745,81.17886178861788,70.0,0.3174561180271047,0.2683257867348,-0.2883895554437754,0.09796098401520402,-0.20140758344245108,0.39398615487102245,0.2482560289897108,0.22581016148647967,-0.44940890722263616,0.16918747865120753,0.8536585365853658,19,0.11382113821138211,110,0.3821138211382114,77,0.7723577235772358,29,279.0,60.71,69.44,1.82,60.0,30.25,63.64,2.88,4.07,3.5,68.0,19.44,302.47,117,0.029166666666666667,58.824333333333335,51,0.5791666666666667,66.67833333333333,44,0.6416666666666667,28.602083333333333,9,0.9291666666666667,64.78308333333332,63,0.48333333333333334,1.7545083333333336,98,0.19166666666666668,56.82733333333333,54,0.5541666666666667,22.56933333333333,86,0.2916666666666667,3.9604166666666667,83,0.31666666666666665,67.60833333333333,66,0.45416666666666666,3.035416666666667,16,0.8708333333333333,4.013416666666667,89,0.2625,-1.375,-1.3888888888888888,-2.3,-2.6,-1.0680555555555558,0.5203252032520326,0.026420690501714583,0.508130081300813,0.033307988391806154,0.8699186991869918,-1.0370299482386998,0.8861788617886179,-1.0834662895213751,0.9186991869918699,-1.0901124583267983,-0.03600000000000003,0.5486234175834892,0.0,0,0,3,0.6,0,False,0.0,COLD,4.385245901639344,24.358688524590164,71.14880327868852,69.53377049180328,61.92327868852458,19.67213114754098,2.2049180327868854,58.10622950819671,-0.27531749523809523,0.08378857142857143,-0.06162514285714284,-0.023703309523809522,0.2622351737451737,-0.08548028030888029,0.2459528552358843,0.01628231850928938,2.0,1.0,0.0,0.0,0.0,61.5,54.0,3.5,54500.0,2025.0,-0.7390000000000001,-0.023,0.025,-0.173,-0.7345,-0.8077777777777779,0.0853333333333333,-0.0963333333333333,-0.1676666666666666,-0.8164444444444444,-1.2379999999999998,0.0,-0.6592180451127821,-0.0128028404344193,0.1229958228905597,-0.5706574770258981,-0.5070964912280702,-0.1485597326649958,288.79999999999995,59.721111111111114,59.10222222222223,1.8096666666666663,73.02777777777777,65.07777777777778,28.833333333333332,72.9841111111111,57.93333333333333,3.06,False,,2.0,-0.6592180451127821,0.6131471927654585,True,True,familiar,-1.1967180451127821,0,0,999.0,0,1,0,0,0.0,0.0,0.0,0.0017185086304107365,0.014245844431413732,0.026868861684094532,-0.7,0.6,83,-6.6,0.2,6.4,0.12767189382258176,0.09432795335337588,0.0019613147346874624,0.04037958747830558,0.08005790854388566,0.30503290751845674,0.0032634257263375005,0.06668492920048054,0.128807812145249,-0.08,0.6131471927654585,0.0019933980991431394,0.04037958747830558,0.08005790854388566,0.19150784073387264,0.0,0.5156670217903326,ELEVATED,0.48433297820966736,191566.9925470284,0.0019391861584954,35000,35000,99,0.0018362380746682074,0.0019372464908066571,-0.00016853102450204902,False,False,OK,0.9
40006,"van Rooyen, Erik",0.28418181818181815,0.05336363636363637,-0.0030000000000000053,-0.1639090909090909,0.3346363636363636,0.28418181818181815,0.05336363636363637,-0.0030000000000000053,-0.1639090909090909,0.3346363636363636,0.0,0.3376363636363636,0.14495363115046075,-0.3214,0.2600275997036858,0.08122558307755018,0.29803445752988167,0.2,0.8,0,3,13.0,13.0,0,0,0,0.3333333333333333,2,0,1,1,40.0,10.0,0.0,146,4.990432586778736,81.17886178861788,70.0,-0.21496215037116365,0.2683257867348,-0.10096098401520402,0.09796098401520402,-0.05634979123465883,0.39398615487102245,-0.3897192523955706,0.22581016148647967,0.11499433953061061,0.16918747865120753,0.2601626016260163,92,0.35772357723577236,80,0.44715447154471544,69,0.14634146341463414,106,,,,,,,,,,,,,302.47,122,,58.824333333333335,122,,66.67833333333333,122,,28.602083333333333,122,,64.78308333333332,122,,1.7545083333333336,122,,56.82733333333333,122,,22.56933333333333,122,,3.9604166666666667,122,,67.60833333333333,122,,3.035416666666667,122,,4.013416666666667,122,,0.0,-0.8235294117647058,1.0,-0.625,0.5992647058823529,0.06504065040650407,1.4014206905017146,0.22764227642276422,0.5986674655159892,0.016260162601626018,2.2629700517613003,0.16260162601626016,0.891533710478625,0.23577235772357724,0.5772078031111105,0.0,0.0,0.0,0,0,0,0.0,0,False,0.0,COLD,4.2000267004097935,24.06937669376694,70.68733062330624,68.90643897996355,63.823157903901745,24.317102960391814,2.1552237029985726,56.49760470236783,-0.025080909090909095,0.0013200000000000022,-0.10804363636363637,0.008195454545454546,0.07204422604422606,-0.03272948402948403,0.2459528552358843,-0.17390862919165825,1.0,1.0,0.0,1.0,0.0,13.0,13.0,-6.0,327222.22,2022.0,-0.376,2.831,0.333,-0.941,2.788,-0.376,2.831,0.333,-0.941,2.788,0.0,0.0,-0.6922441591741592,2.4615027744477747,0.4068294505494506,-1.0835560539460538,2.1773777139527137,0.3162441591741591,280.9,53.57,69.44,1.74,70.5,0.0,29.75,70.154,45.45,2.81,False,,1.0,-0.6922441591741592,0.3868528072345416,True,True,rookie,-0.017244159174159113,0,0,999.0,0,1,0,0,0.0,0.0,0.0,0.004134321422538589,0.020364779588690388,0.048004614438039925,-0.1,1.25,102,-5.0,0.4,7.6,0.111484546680853,0.09898966724459565,0.004340907879356759,0.02940412375103882,0.06671340690095436,0.26680635928733565,0.007222823649163792,0.048559483466582266,0.10733740288702538,0.0,0.0,0.004411916844465113,0.02940412375103882,0.06671340690095436,0.1672268200212795,0.0,0.5436589505681406,ELEVATED,0.4563410494318594,214421.83644028875,0.0006799743672646,100000,100000,119,0.0020463025364614155,0.0021588662508291224,0.0035797990914505896,False,False,OK,0.4
27064,"Vegas, Jhonattan",-0.16027500000000008,-0.2244500000000001,-0.11764166666666667,-0.484875,-0.5025833333333334,-0.028942500000000065,-0.0737150000000001,-0.08884202380952382,-0.41850535714285714,-0.19165119047619056,-0.8913333333333335,-0.4572833333333336,-0.0860044985267849,-0.5792,-0.12228998203061904,-0.0718273673609644,-0.39458924401833984,0.7000000000000001,0.29999999999999993,3,8,44.4,3.0,0,1,1,0.625,3,0,1,1,40.0,10.0,0.0,101,4.624972813284271,81.17886178861788,70.0,-0.3420407867348001,0.2683257867348,-0.18680300782472783,0.09796098401520402,-0.8512694882043561,0.39398615487102245,-0.6443155186293368,0.22581016148647967,-0.1981299786512076,0.16918747865120753,0.13821138211382114,107,0.22764227642276422,96,0.08943089430894309,113,0.032520325203252036,120,312.4,60.71,58.33,1.738,66.67,26.75,63.33,2.88,4.13,4.0,67.0,22.22,302.47,24,0.8083333333333333,58.824333333333335,51,0.5791666666666667,66.67833333333333,104,0.1375,28.602083333333333,113,0.0625,64.78308333333332,65,0.4666666666666667,1.7545083333333336,46,0.6208333333333333,56.82733333333333,33,0.7333333333333333,22.56933333333333,61,0.5,3.9604166666666667,56,0.5375,67.60833333333333,41,0.6625,3.035416666666667,16,0.8708333333333333,4.013416666666667,104,0.14166666666666666,-0.1111111111111111,-0.625,0.5,0.0,0.6180555555555556,0.07317073170731707,1.2903095793906034,0.1951219512195122,0.797196877280695,0.052845528455284556,1.7629700517613,0.056910569105691054,1.516533710478625,0.21138211382113822,0.5959986527843132,0.38200000000000006,0.7399699693606191,0.0,0,0,2,0.4,2,False,0.0,COLD,3.6229508196721305,20.12622950819672,72.96763934426228,59.69721311475409,59.712295081967206,27.653114754098358,3.1106557377049175,41.63196721311475,0.034646050000000046,0.03909049047619048,0.14633066666666675,0.020925267857142858,-0.2270157400257401,0.06078878680823685,0.2459528552358843,-0.4729685952616244,2.0,1.0,0.0,0.0,0.0,60.5,60.0,3.5,44625.0,2025.0,0.2065,0.1154999999999999,0.036,-0.843,0.3575,0.1028333333333333,0.5418333333333333,0.2366666666666666,-1.4409999999999998,0.8811666666666667,-0.07775,0.0,-0.1162010378510378,0.4956149572649572,0.3686881650095935,-0.9933446799232512,0.7476365166579453,0.2190343711843712,292.93333333333334,55.955000000000005,62.26833333333334,1.903166666666667,73.125,25.0,30.375,72.55983333333332,61.99,3.168333333333333,False,,2.0,-0.1162010378510378,0.6131471927654585,True,True,familiar,-0.6287010378510378,0,0,18.0,0,0,0,0,0.0,0.0,0.0,0.004521442993652243,0.013144843674962575,0.027078537060090085,0.9,2.19,122,-3.7,1.5,7.9,0.06097975634520521,0.05347667131540911,0.005075555294017916,0.01882095435027825,0.03798404616615414,0.1457280865037093,0.008445201287179443,0.0310818927758508,0.06111378590916386,-0.06468068368789312,0.6131471927654585,0.005158581688218165,0.01882095435027825,0.03798404616615414,0.09146963451780782,0.0,0.44818383664106287,HIGH,0.5518161633589371,183232.72059325554,0.0009063306812675,75000,75000,111,0.002422096131423397,0.002555331629230156,0.0037523111830187065,False,False,OK,0.5
54304,"Vilips, Karl",-0.33455555555555555,0.18950277777777774,-0.17055277777777778,0.8296944444444444,-0.1452694444444444,-0.2412281944444444,0.21457652777777775,-0.061954027777777795,0.45253194444444444,-0.0882481944444444,0.08700000000000008,0.007650000000000073,-0.263771644961693,-0.2310666666666667,-0.009358905123299593,-0.14113801277146482,0.4341595162254567,0.55,0.44999999999999996,2,1,70.0,70.0,0,0,0,0.0,1,0,1,0,40.0,10.0,0.0,145,4.983606621708336,81.17886178861788,70.0,-0.05374925895702226,0.2683257867348,-0.15991501179298181,0.09796098401520402,-0.38633615487102235,0.39398615487102245,0.22672178295796477,0.22581016148647967,-0.41041567309565197,0.16918747865120753,0.43089430894308944,71,0.2845528455284553,89,0.2845528455284553,89,0.7235772357723578,35,310.4,41.07,58.33,1.69,62.5,27.25,66.67,2.94,3.95,3.75,67.0,22.22,302.47,34,0.725,58.824333333333335,118,0.020833333333333332,66.67833333333333,104,0.1375,28.602083333333333,101,0.1625,64.78308333333332,50,0.5916666666666667,1.7545083333333336,25,0.8,56.82733333333333,45,0.6291666666666667,22.56933333333333,61,0.5,3.9604166666666667,70,0.42083333333333334,67.60833333333333,41,0.6625,3.035416666666667,33,0.7291666666666666,4.013416666666667,33,0.7291666666666666,-0.3333333333333333,-1.0,-0.2857142857142857,-0.8888888888888888,0.07936507936507942,0.13414634146341464,1.0680873571683813,0.27235772357723576,0.422196877280695,0.1910569105691057,0.9772557660470144,0.21951219512195122,0.6276448215897361,0.4634146341463415,0.057308176593837024,-1.265,0.7386173268720113,0.0,0,0,2,0.5,0,False,0.0,COLD,4.638888888888889,26.540000000000003,70.86077777777777,67.59222222222222,69.63,36.11111111111111,1.8333333333333333,56.94444444444444,-0.10085096805555555,0.02725977222222223,-0.002448000000000024,-0.022626597222222225,0.1280924249249249,-0.02960555345345345,0.2459528552358843,-0.11786043031095941,0.0,1.0,0.0,0.4,0.0,40.0,40.0,0.0,0.0,0.0,0.0,0.0,0.0,0.0,0.0,0.0,0.0,0.0,0.0,0.0,0.0,0.0,0.0,0.0,0.0,0.0,0.0,0.0,0.0,0.0,0.0,0.0,0.0,0.0,0.0,0.0,0.0,0.0,False,,0.0,0.0,0.0,False,False,none,0.0,0,0,999.0,0,1,0,0,0.0,0.0,0.0,0.0009592079168766065,0.007951503134400085,0.014997204197156742,-0.1,1.24,101,-5.3,0.4,7.5,0.10281852649820977,0.07516218818694448,0.0007320325644660136,0.017168222783533686,0.05610017901747736,0.2468282432703069,0.001218026796589525,0.02835248679628319,0.09026143015261111,0.0,0.0,0.0007440072196010701,0.017168222783533686,0.05610017901747736,0.15422778974731466,0.02362978015425655,0.44042760797895353,HIGH,0.5595723920210465,171216.2374387332,0.0009063306812675,75000,75000,113,0.000954667320173153,0.0010071819887665773,8.198348400887344e-05,False,False,OK,0.5
54607,"Walker, Danny",-0.08252500000000006,-0.031600000000000024,0.309625,0.42932499999999996,0.195875,0.11301124999999992,0.020548571428571413,0.33229374999999994,0.4692930357142857,0.4661241071428571,-0.41,-0.02910714285714286,0.026348942246612786,-1.0200666666666667,0.0042442370766268556,0.24691337863492224,0.4876411036410837,0.55,0.44999999999999996,2,1,6.0,6.0,0,0,1,1.0,0,0,1,1,40.0,10.0,0.0,227,5.429345628954441,81.17886178861788,70.0,-0.2477772153062286,0.2683257867348,0.2343327659847959,0.09796098401520402,-0.4230932977281653,0.39398615487102245,0.24348287422780604,0.22581016148647967,-0.05617622865120761,0.16918747865120753,0.23577235772357724,95,0.8292682926829268,22,0.25203252032520324,93,0.7642276422764228,30,304.0,50.0,66.67,1.792,42.86,28.75,66.67,2.94,4.13,3.75,69.0,20.83,302.47,54,0.5583333333333333,58.824333333333335,102,0.15416666666666667,66.67833333333333,58,0.5208333333333334,28.602083333333333,54,0.5541666666666667,64.78308333333332,50,0.5916666666666667,1.7545083333333336,81,0.3333333333333333,56.82733333333333,94,0.225,22.56933333333333,74,0.39166666666666666,3.9604166666666667,70,0.42083333333333334,67.60833333333333,91,0.25,3.035416666666667,33,0.7291666666666666,4.013416666666667,104,0.14166666666666666,-0.29411764705882354,-1.1176470588235294,-1.75,-1.8571428571428572,-1.0976890756302522,0.12195121951219512,1.107303043442891,0.3333333333333333,0.30454981845716556,0.6991869918699187,-0.48702994823869994,0.6422764227642277,-0.34060914666423225,0.9349593495934959,-1.1197459784014947,-0.5369999999999998,0.5066666666666667,0.0,0,0,2,0.4,1,False,0.0,COLD,3.9467213114754096,22.379508196721307,71.55588524590164,65.66737704918033,65.07327868852458,26.22950819672131,1.9836065573770492,42.33934426229508,-0.009657828571428564,-0.14620924999999996,0.009314285714285716,-0.02346465178571429,0.16549498069498064,-0.04418772384169883,0.2459528552358843,-0.08045787454090367,1.0,1.0,1.0,1.0,0.0,6.0,6.0,-9.0,843750.0,2025.0,1.646,0.907,0.301,0.05,2.854,1.646,0.907,0.301,0.05,2.854,0.0,0.0,1.658636363636364,0.919961038961039,-0.0167272727272727,-0.3936103896103896,2.5615324675324675,-0.0126363636363636,300.6,60.71,70.83,1.686,69.75,75.0,27.75,69.097,61.9,3.06,False,,1.0,1.658636363636364,0.3868528072345416,True,True,rookie,4.508636363636364,0,0,40.0,0,0,0,0,0.0,0.0,0.0,0.0038696848913544837,0.01791602818620846,0.050638259118618086,0.1,1.39,110,-4.4,1.0,7.0,0.13408868380500422,0.11279497959035734,0.004340907879356759,0.027031501541475753,0.07569385711580688,0.32154075744672234,0.007222823649163792,0.04464121302488433,0.12178634572470125,0.0,0.0,0.004411916844465113,0.027031501541475753,0.07569385711580688,0.20113302570750632,-0.064,0.4809205036946659,ELEVATED,0.5190794963053341,217610.01011399794,0.0006799743672646,100000,100000,121,0.001966509458394997,0.0020746838876555657,0.0033071324173988372,False,False,OK,0.4
51894,"Whaley, Vince",-0.014235294117647047,-0.29543823529411767,0.2724705882352941,0.7262941176470588,-0.18610294117647064,-0.013726764705882345,0.004611323529411744,0.21981102941176467,0.417620588235294,0.21092279411764708,-0.556,-0.09564705882352935,-0.22473178617717338,0.18140000000000003,0.262803712181936,0.24171208490911708,0.45779606413334845,0.35,0.65,1,1,70.0,70.0,0,0,0,0.0,1,0,1,0,40.0,10.0,0.0,120,4.795790545596741,81.17886178861788,70.0,-0.26371446320538827,0.2683257867348,0.12185004539656065,0.09796098401520402,-0.4896332136945518,0.39398615487102245,0.19181042674881435,0.22581016148647967,-0.1829142433570899,0.16918747865120753,0.17886178861788618,102,0.6910569105691057,39,0.21951219512195122,97,0.6747967479674797,41,290.0,50.0,62.5,1.644,58.33,26.75,70.37,3.0,3.98,4.5,67.0,25.0,302.47,105,0.13333333333333333,58.824333333333335,102,0.15416666666666667,66.67833333333333,86,0.2875,28.602083333333333,113,0.0625,64.78308333333332,34,0.7208333333333333,1.7545083333333336,8,0.9375,56.82733333333333,59,0.5125,22.56933333333333,39,0.6833333333333333,3.9604166666666667,34,0.7208333333333333,67.60833333333333,41,0.6625,3.035416666666667,51,0.5833333333333334,4.013416666666667,46,0.625,-1.7222222222222223,-1.6111111111111112,-1.4545454545454546,-3.2,-0.6606060606060604,0.6260162601626016,-0.32080153172050774,0.5853658536585366,-0.18891423383041617,0.6056910569105691,-0.19157540278415452,0.975609756097561,-1.6834662895213752,0.7886178861788617,-0.6826629633773028,0.0,0.4,0.0,0,0,1,0.2,0,False,0.0,COLD,4.055555555555556,22.52888888888889,70.423,64.97111111111111,70.01444444444445,6.172222222222222,1.888888888888889,63.516666666666666,-0.0021673220588235196,-0.09671685294117645,0.030607058823529393,-0.0208810294117647,0.10536070747217802,-0.022783757869634335,0.2459528552358843,-0.1405921477637063,0.0,1.0,0.0,0.4,0.0,40.0,40.0,0.0,0.0,0.0,0.0,0.0,0.0,0.0,0.0,0.0,0.0,0.0,0.0,0.0,0.0,0.0,0.0,0.0,0.0,0.0,0.0,0.0,0.0,0.0,0.0,0.0,0.0,0.0,0.0,0.0,0.0,0.0,False,,0.0,0.0,0.0,False,False,none,0.0,0,0,999.0,0,1,0,0,0.0,0.0,0.0,0.00294555368946979,0.02273903036568274,0.045376125441382587,0.2,1.51,113,-4.3,0.5,6.9,0.10248932491700773,0.09171507115783142,0.0030927883641929136,0.03379845559641198,0.06502157801486459,0.2447609829979329,0.005146081317455036,0.05581650926333077,0.10461536353694796,0.0,0.0,0.0031433804769822418,0.03379845559641198,0.06502157801486459,0.15373398737551158,0.0,0.3950088362088815,HIGH,0.6049911637911185,209064.59395053925,0.0027117702853861,25000,25000,90,0.0029012996958691565,0.003060895388315335,0.0003231634184185663,False,False,OK,1.2
31323,"Woodland, Gary",0.29135666666666665,0.0017283333333333317,-0.492885,0.168665,-0.20007833333333339,0.32257616666666666,0.2258905833333333,-0.43470675,0.26574575,0.11366691666666659,-0.013000000000000012,0.38017999999999996,0.1392567304142358,-0.15233333333333335,0.3216152332491215,-0.49630289778492354,0.1820890484831126,0.55,0.44999999999999996,2,9,51.8,28.0,0,0,0,0.5555555555555556,4,0,1,1,40.0,10.0,0.0,148,5.003946305945459,81.17886178861788,70.0,-0.0424352034014667,0.2683257867348,-0.532667734015204,0.09796098401520402,-0.013806154871022491,0.39398615487102245,0.03993558851352033,0.22581016148647967,0.15338868801545913,0.16918747865120753,0.45528455284552843,68,0.016260162601626018,122,0.4634146341463415,67,0.5284552845528455,59,338.4,51.79,65.28,1.851,50.0,30.25,60.0,3.19,4.02,3.5,69.0,19.44,302.47,1,1.0,58.824333333333335,95,0.2125,66.67833333333333,68,0.44166666666666665,28.602083333333333,9,0.9291666666666667,64.78308333333332,85,0.3,1.7545083333333336,109,0.09583333333333334,56.82733333333333,75,0.38333333333333336,22.56933333333333,86,0.2916666666666667,3.9604166666666667,83,0.31666666666666665,67.60833333333333,91,0.25,3.035416666666667,105,0.13333333333333333,4.013416666666667,62,0.49166666666666664,-1.2941176470588236,-1.0555555555555556,-0.6363636363636364,-1.6,0.05665478312537142,0.47560975609756095,0.10730304344289099,0.2967479674796748,0.3666413217251394,0.2601626016260163,0.6266064153976637,0.5203252032520326,-0.08346628952137514,0.4715447154471545,0.03459788035412903,0.11799999999999998,0.09043106644167025,0.0,0,0,1,0.2,0,False,0.0,COLD,4.055555555555556,22.528888888888893,72.00677777777777,68.98222222222222,61.40444444444444,29.50111111111111,2.1944444444444446,54.44444444444444,-0.10616857416666665,0.19127096999999998,-0.12165759999999999,-0.0132872875,0.0913436216216216,-0.014485278783783778,0.2459528552358843,-0.1546092336142627,2.0,1.0,0.0,0.0,0.0,63.0,54.0,1.0,54125.0,2024.0,0.5325,0.1044999999999999,0.2385,-1.4525,0.8775,0.4865714285714285,-0.0228571428571428,0.2424285714285714,-1.4109999999999998,0.7084285714285714,-0.6430000000000001,0.0,0.2136629895897753,-0.3756203566274994,0.5524147340754484,-1.4576586038961037,0.3842353767264482,0.2729084389816532,294.5285714285714,60.71714285714285,67.26142857142857,1.8787142857142856,72.32142857142857,28.571428571428573,30.535714285714285,72.70214285714286,56.278571428571425,3.2157142857142853,False,,2.0,0.2136629895897753,0.6131471927654585,True,True,familiar,-0.36133701041022465,0,0,999.0,0,1,0,0,0.0,0.0,0.0,0.0028560719153162793,0.014744211717142137,0.040631089656058314,-0.7,0.63,85,-5.8,0.0,6.2,0.10407303252148958,0.08910251064776849,0.0030927883641929136,0.021866288575102744,0.059232990368914946,0.24949630938556536,0.005146081317455036,0.03611111446572882,0.09530191376481129,-0.030378509736614934,0.6131471927654585,0.0031433804769822418,0.021866288575102744,0.059232990368914946,0.15610954878223438,0.0,0.4498309205449263,HIGH,0.5501690794550738,198295.6631926646,0.0013585915002633,50000,50000,103,0.002160484769987438,0.002279329459964311,0.0015841451903870715,False,False,OK,0.7
60386,"Yellamaraju, Sudarshan",0.375,0.17500000000000002,-0.4885,0.41974999999999996,0.06175,0.375,0.17500000000000002,-0.4885,0.41974999999999996,0.06175,0.55025,0.55025,0.4482697603263642,1.0106666666666668,0.17728462715255172,-0.456196014592241,0.43799968618836543,0.8,0.19999999999999996,4,0,40.0,40.0,0,0,0,0.5,0,0,0,0,40.0,10.0,,216,5.37989735354046,81.17886178861788,70.0,-0.09332578673479999,0.2683257867348,-0.586460984015204,0.09796098401520402,0.15626384512897756,0.39398615487102245,0.19393983851352029,0.22581016148647967,0.20581252134879247,0.16918747865120753,0.36585365853658536,79,0.008130081300813009,123,0.5691056910569106,54,0.6910569105691057,39,302.0,73.21,75.0,1.796,100.0,29.75,61.11,2.94,4.05,4.0,69.0,22.22,302.47,66,0.4583333333333333,58.824333333333335,4,0.9708333333333333,66.67833333333333,18,0.8541666666666666,28.602083333333333,24,0.8083333333333333,64.78308333333332,78,0.3541666666666667,1.7545083333333336,83,0.31666666666666665,56.82733333333333,4,0.9708333333333333,22.56933333333333,61,0.5,3.9604166666666667,56,0.5375,67.60833333333333,91,0.25,3.035416666666667,33,0.7291666666666666,4.013416666666667,78,0.3541666666666667,-0.3333333333333333,-2.6666666666666665,-1.4,-2.0,-0.19999999999999996,0.13414634146341464,1.0680873571683813,0.926829268292683,-1.2444697893859715,0.573170731707317,-0.13702994823869985,0.7073170731707317,-0.48346628952137505,0.6341463414634146,-0.22205690277124235,0.37240000000000006,0.7586537784494028,0.0,0,0,4,0.8,4,False,0.0,COLD,4.5544978581627795,25.567643979057593,70.49153593526893,71.69886720609234,54.80521180390291,25.71637315564017,2.1502855782960495,69.30124702522609,-0.08225000000000002,0.21494,-0.17608000000000001,-0.0209875,0.1266418918918919,-0.014817432432432448,0.2459528552358843,-0.11931096334399241,0.0,1.0,0.0,0.4,0.0,40.0,40.0,0.0,0.0,0.0,0.0,0.0,0.0,0.0,0.0,0.0,0.0,0.0,0.0,0.0,0.0,0.0,0.0,0.0,0.0,0.0,0.0,0.0,0.0,0.0,0.0,0.0,0.0,0.0,0.0,0.0,0.0,0.0,False,,0.0,0.0,0.0,False,False,none,0.0,0,0,17.0,0,0,0,0,0.0,0.0,0.0,0.004237731233509446,0.027089221172224256,0.060695194526624446,-0.1,1.25,102,-5.2,0.4,6.4,0.14137898620509273,0.12279135130085092,0.0047984211316254065,0.04214161519541404,0.08724951110890436,0.33797874406137063,0.00798407858249389,0.06959483246850652,0.14037861894081283,0.0,0.0,0.004876914140042178,0.04214161519541404,0.08724951110890436,0.2120684793076391,-0.07272585187372224,0.654614874774995,MEDIUM,0.345385125225005,235202.92337702532,0.0013585915002633,50000,50000,110,0.002738359739509527,0.0028889923747440044,0.0030077296414024643,False,False,OK,0.7
57366,"Young, Cameron",0.5708783333333334,0.18101166666666668,0.06463722222222222,0.33118388888888883,0.8288966666666666,0.5499071666666666,0.16489383333333335,0.07395027777777778,0.3719266111111111,0.7885403333333334,0.9512,0.8941855555555556,0.607738199098484,0.7718666666666667,0.3871995316885092,0.07326854240263225,0.248692090306608,0.9,0.09999999999999998,5,4,55.333333333333336,51.0,0,0,0,0.75,1,0,1,1,40.0,10.0,0.0,15,2.772588722239781,81.17886178861788,70.0,-0.10343195340146666,0.2683257867348,-0.024010706237426238,0.09796098401520402,0.5001994006845332,0.39398615487102245,0.1461164496246314,0.22581016148647967,0.3807196880154591,0.16918747865120753,0.35772357723577236,80,0.4796747967479675,65,0.8130081300813008,24,0.6422764227642277,45,322.4,75.0,75.0,1.741,57.14,28.75,61.11,3.13,3.83,5.0,67.0,27.78,302.47,3,0.9791666666666666,58.824333333333335,1,1.0,66.67833333333333,18,0.8541666666666666,28.602083333333333,54,0.5541666666666667,64.78308333333332,78,0.3541666666666667,1.7545083333333336,48,0.6041666666666666,56.82733333333333,62,0.49166666666666664,22.56933333333333,18,0.8583333333333333,3.9604166666666667,14,0.8916666666666667,67.60833333333333,41,0.6625,3.035416666666667,90,0.25833333333333336,4.013416666666667,5,0.9666666666666667,-1.411764705882353,-2.764705882352941,-2.066666666666667,-2.7142857142857144,-0.3022408963585437,0.5284552845528455,-0.01034401538063845,0.959349593495935,-1.3425090050722461,0.8252032520325203,-0.8036966149053668,0.9105691056910569,-1.1977520038070895,0.6829268292682927,-0.32429779912978607,0.3463,0.6618492611195123,1.8,1,0,5,1.0,5,True,5.0,HOT,4.625416468348406,26.438296049500238,70.25930128510232,71.885711565921,63.070799619228936,29.549762018086625,1.9119466920514043,53.017277486911,-0.07750010166666667,-0.03253812222222222,-0.28613937777777776,-0.018596330555555554,0.35128266066066066,-0.10654634663663665,0.2459528552358843,0.10532980542477635,3.0,1.0,0.0,0.0,0.0,55.333333333333336,51.0,0.6666666666666666,57805.55333333334,2025.0,-0.3396666666666667,0.7096666666666667,-0.1759999999999999,-0.361,0.195,-0.4678333333333334,0.6925,-0.15725,-0.3523333333333333,0.0684166666666666,-0.769,-0.769,-0.9266711805555556,0.5427934027777778,-0.2125659722222222,-0.4664267361111111,-0.5885611111111112,0.4588378472222222,302.8,48.51333333333333,58.6775,1.74725,72.33333333333333,27.083333333333332,28.166666666666668,72.28333333333333,54.6525,3.015,False,,3.0,-0.9266711805555556,0.7737056144690831,True,True,experienced,-1.310004513888889,0,0,3.0,1,0,2,0,0.0,0.0,0.0,0.0139951698120711,0.07984503284752521,0.1446253395129629,-4.2,-2.85,8,-8.6,-1.9,4.3,0.28674004812227416,0.26009043640980306,0.015314385436960691,0.124007006219167,0.19797657072057934,0.6825276391081306,0.02548156016682852,0.20479155302246552,0.3185310407722935,-0.08,0.7737056144690831,0.015564899544002782,0.124007006219167,0.19797657072057934,0.43011007218341124,0.0,0.7639567288079645,LOW,0.2360432711920355,402158.39825386385,0.0189070650453311,3500,3500,13,0.016072730998740663,0.016956865318575803,-0.00448722516769854,False,False,OK,5.1
45242,"Yu, Kevin",0.6512941176470588,-0.5852088235294117,-0.32095,-0.28732941176470594,-0.726935294117647,0.48606220588235294,0.008453382352941227,-0.17603249999999998,0.0080229411764706,0.3185285294117648,-1.152,0.2334558823529413,0.4535784958260111,-0.37853333333333333,0.13651863796465277,-0.1526295230483526,0.3856374326626381,0.35,0.65,1,2,70.0,70.0,0,0,0,0.0,2,0,1,0,40.0,10.0,0.0,115,4.7535901911063645,81.17886178861788,70.0,-0.25987240438185877,0.2683257867348,-0.273993484015204,0.09796098401520402,-0.16053027251808116,0.39398615487102245,-0.21778722031000908,0.22581016148647967,0.3168747272311454,0.16918747865120753,0.2032520325203252,99,0.13008130081300814,108,0.4065040650406504,74,0.2764227642276423,90,303.0,62.5,70.83,1.745,62.5,29.25,57.14,3.0,4.13,4.0,70.0,22.22,302.47,60,0.5041666666666667,58.824333333333335,40,0.6708333333333333,66.67833333333333,36,0.7083333333333334,28.602083333333333,38,0.6916666666666667,64.78308333333332,92,0.2375,1.7545083333333336,52,0.5708333333333333,56.82733333333333,45,0.6291666666666667,22.56933333333333,61,0.5,3.9604166666666667,56,0.5375,67.60833333333333,109,0.1,3.035416666666667,51,0.5833333333333334,4.013416666666667,104,0.14166666666666666,-1.7,-1.8888888888888888,-2.3846153846153846,-2.3636363636363638,-0.5796814296814299,0.6178861788617886,-0.2985793094982854,0.7154471544715447,-0.46669201160819385,0.8943089430894309,-1.1216453328540845,0.8373983739837398,-0.8471026531577388,0.7642276422764228,-0.6017383324526723,0.0,0.0,0.0,0,0,0,0.0,0,False,0.0,COLD,4.0,22.22,74.123,70.83,57.14,66.67,2.5,62.5,-0.003973089705882377,0.07745429999999999,-0.0747058823529412,-0.00040114705882353006,0.013252869634340279,0.001408272972972956,0.2459528552358843,-0.23269998560154403,0.0,1.0,0.0,0.4,0.0,40.0,40.0,0.0,0.0,0.0,0.0,0.0,0.0,0.0,0.0,0.0,0.0,0.0,0.0,0.0,0.0,0.0,0.0,0.0,0.0,0.0,0.0,0.0,0.0,0.0,0.0,0.0,0.0,0.0,0.0,0.0,0.0,0.0,False,,0.0,0.0,0.0,False,False,none,0.0,0,0,999.0,0,1,0,0,0.0,0.0,0.0,0.003216661696943334,0.02556749940476455,0.04984944974217216,0.4,1.72,118,-4.3,0.8,7.2,0.12085725621983218,0.10605788444919668,0.0033774463640236403,0.0380576911957858,0.07569385711580688,0.2887641665932671,0.005619722912771658,0.06285043016569279,0.12178634572470125,0.0,0.0,0.003432694938212188,0.0380576911957858,0.07569385711580688,0.18128588432974826,0.0,0.6316521561647773,MEDIUM,0.3683478438352227,219997.33690608598,0.0019391861584954,35000,35000,98,0.002674972760785649,0.002822118583273442,0.001375082066419588,False,False,OK,0.9
